audio_path,label,dataset_id,speaker_id,text_group,score,n_windows,max_pad_fraction,prob_spoof
mendeley/extracted/Bangla Audio Dataset Original and DeepFake Voices for AI-Based Voice Analysis and Detection/Dataset/S10F03/Fake/1.wav,1,MEN,MEN-S10F03,TG:d3ce29150919b0bf,-10.4921875,1,0.1691666666666667,2.7751652e-05
mendeley/extracted/Bangla Audio Dataset Original and DeepFake Voices for AI-Based Voice Analysis and Detection/Dataset/S10F03/Fake/10.wav,1,MEN,MEN-S10F03,TG:2053513ab857e64b,-10.2890625,1,0.3858333333333333,3.400182e-05
mendeley/extracted/Bangla Audio Dataset Original and DeepFake Voices for AI-Based Voice Analysis and Detection/Dataset/S10F03/Fake/11.wav,1,MEN,MEN-S10F03,TG:2557d7be6d06171f,-7.8164062,1,0.3225,0.0004029052
mendeley/extracted/Bangla Audio Dataset Original and DeepFake Voices for AI-Based Voice Analysis and Detection/Dataset/S10F03/Fake/12.wav,1,MEN,MEN-S10F03,TG:1ad78c16e9f1fa18,-10.6796875,1,0.4675,2.3007036e-05
mendeley/extracted/Bangla Audio Dataset Original and DeepFake Voices for AI-Based Voice Analysis and Detection/Dataset/S10F03/Fake/13.wav,1,MEN,MEN-S10F03,TG:8755d96808d69cf8,-8.1875,1,0.4141666666666667,0.00027803096
mendeley/extracted/Bangla Audio Dataset Original and DeepFake Voices for AI-Based Voice Analysis and Detection/Dataset/S10F03/Fake/14.wav,1,MEN,MEN-S10F03,TG:a752f9ff5f43a780,-13.2265625,1,0.4508333333333333,1.8020886e-06
mendeley/extracted/Bangla Audio Dataset Original and DeepFake Voices for AI-Based Voice Analysis and Detection/Dataset/S10F03/Fake/15.wav,1,MEN,MEN-S10F03,TG:87dc8ea01461476e,-7.3125,1,0.4358333333333333,0.00066670234
mendeley/extracted/Bangla Audio Dataset Original and DeepFake Voices for AI-Based Voice Analysis and Detection/Dataset/S10F03/Fake/16.wav,1,MEN,MEN-S10F03,TG:a161442acecd244f,-10.7578125,1,0.2741666666666666,2.1278067e-05
mendeley/extracted/Bangla Audio Dataset Original and DeepFake Voices for AI-Based Voice Analysis and Detection/Dataset/S10F03/Fake/17.wav,1,MEN,MEN-S10F03,TG:03f064fdfaf1ab36,-8.5234375,1,0.3974999999999999,0.00019871553
mendeley/extracted/Bangla Audio Dataset Original and DeepFake Voices for AI-Based Voice Analysis and Detection/Dataset/S10F03/Fake/18.wav,1,MEN,MEN-S10F03,TG:b94d39ca30d8b003,-12.140625,1,0.4141666666666667,5.338156e-06
mendeley/extracted/Bangla Audio Dataset Original and DeepFake Voices for AI-Based Voice Analysis and Detection/Dataset/S10F03/Fake/19.wav,1,MEN,MEN-S10F03,TG:292f77d0836ad383,-6.5039062,1,0.4875,0.0014953385
mendeley/extracted/Bangla Audio Dataset Original and DeepFake Voices for AI-Based Voice Analysis and Detection/Dataset/S10F03/Fake/2.wav,1,MEN,MEN-S10F03,TG:777323a77bbfb0f1,-1.6992188,1,0.4108333333333334,0.15456733
mendeley/extracted/Bangla Audio Dataset Original and DeepFake Voices for AI-Based Voice Analysis and Detection/Dataset/S10F03/Fake/20.wav,1,MEN,MEN-S10F03,TG:d7eb7bfa4ea54586,-12.84375,1,0.3308333333333333,2.642586e-06
mendeley/extracted/Bangla Audio Dataset Original and DeepFake Voices for AI-Based Voice Analysis and Detection/Dataset/S10F03/Fake/21.wav,1,MEN,MEN-S10F03,TG:a76e4f06cf107f94,-10.6640625,1,0.4508333333333333,2.3369335e-05
mendeley/extracted/Bangla Audio Dataset Original and DeepFake Voices for AI-Based Voice Analysis and Detection/Dataset/S10F03/Fake/22.wav,1,MEN,MEN-S10F03,TG:0eb06cb4db7fa33d,-17.203125,1,0.4541666666666667,3.3789185e-08
mendeley/extracted/Bangla Audio Dataset Original and DeepFake Voices for AI-Based Voice Analysis and Detection/Dataset/S10F03/Fake/23.wav,1,MEN,MEN-S10F03,TG:411b82bee58b8a11,-7.0976562,1,0.4808333333333333,0.0008263577
mendeley/extracted/Bangla Audio Dataset Original and DeepFake Voices for AI-Based Voice Analysis and Detection/Dataset/S10F03/Fake/24.wav,1,MEN,MEN-S10F03,TG:2d6549bed8663a0e,-10.484375,1,0.4358333333333333,2.7969301e-05
mendeley/extracted/Bangla Audio Dataset Original and DeepFake Voices for AI-Based Voice Analysis and Detection/Dataset/S10F03/Fake/25.wav,1,MEN,MEN-S10F03,TG:f9f8fdb09d02dc4f,3.3261719,1,0.5441666666666667,0.9653158
mendeley/extracted/Bangla Audio Dataset Original and DeepFake Voices for AI-Based Voice Analysis and Detection/Dataset/S10F03/Fake/26.wav,1,MEN,MEN-S10F03,TG:d21f1014c15ffac8,-9.7578125,1,0.4308333333333333,5.7837664e-05
mendeley/extracted/Bangla Audio Dataset Original and DeepFake Voices for AI-Based Voice Analysis and Detection/Dataset/S10F03/Fake/27.wav,1,MEN,MEN-S10F03,TG:93a66da769492799,-12.1171875,1,0.3874999999999999,5.4647453e-06
mendeley/extracted/Bangla Audio Dataset Original and DeepFake Voices for AI-Based Voice Analysis and Detection/Dataset/S10F03/Fake/28.wav,1,MEN,MEN-S10F03,TG:65c7f26c8f16369d,-10.1796875,1,0.2041666666666667,3.7931623e-05
mendeley/extracted/Bangla Audio Dataset Original and DeepFake Voices for AI-Based Voice Analysis and Detection/Dataset/S10F03/Fake/29.wav,1,MEN,MEN-S10F03,TG:bcb64741cfa3e7b8,-6.921875,1,0.4725,0.0009850084
mendeley/extracted/Bangla Audio Dataset Original and DeepFake Voices for AI-Based Voice Analysis and Detection/Dataset/S10F03/Fake/3.wav,1,MEN,MEN-S10F03,TG:e3d1f199eb45a8bb,-10.984375,1,0.4091666666666667,1.6964426e-05
mendeley/extracted/Bangla Audio Dataset Original and DeepFake Voices for AI-Based Voice Analysis and Detection/Dataset/S10F03/Fake/30.wav,1,MEN,MEN-S10F03,TG:d1cbe39bd9b59ac2,-13.625,1,0.3658333333333333,1.2098657e-06
mendeley/extracted/Bangla Audio Dataset Original and DeepFake Voices for AI-Based Voice Analysis and Detection/Dataset/S10F03/Fake/4.wav,1,MEN,MEN-S10F03,TG:4cfc5f39575a38c2,-6.7421875,1,0.5541666666666667,0.001178672
mendeley/extracted/Bangla Audio Dataset Original and DeepFake Voices for AI-Based Voice Analysis and Detection/Dataset/S10F03/Fake/5.wav,1,MEN,MEN-S10F03,TG:1599e574af42cfa4,-3.8066406,1,0.4408333333333333,0.021739595
mendeley/extracted/Bangla Audio Dataset Original and DeepFake Voices for AI-Based Voice Analysis and Detection/Dataset/S10F03/Fake/6.wav,1,MEN,MEN-S10F03,TG:ab19869b4d329944,-10.4296875,1,0.3641666666666666,2.9541427e-05
mendeley/extracted/Bangla Audio Dataset Original and DeepFake Voices for AI-Based Voice Analysis and Detection/Dataset/S10F03/Fake/7.wav,1,MEN,MEN-S10F03,TG:ded1f5c9728375f6,-10.875,1,0.6291666666666667,1.8925148e-05
mendeley/extracted/Bangla Audio Dataset Original and DeepFake Voices for AI-Based Voice Analysis and Detection/Dataset/S10F03/Fake/8.wav,1,MEN,MEN-S10F03,TG:caa70121004273c9,3.390625,1,0.5575,0.96741027
mendeley/extracted/Bangla Audio Dataset Original and DeepFake Voices for AI-Based Voice Analysis and Detection/Dataset/S10F03/Fake/9.wav,1,MEN,MEN-S10F03,TG:e45efc4bac420645,-12.171875,1,0.3708333333333333,5.173919e-06
mendeley/extracted/Bangla Audio Dataset Original and DeepFake Voices for AI-Based Voice Analysis and Detection/Dataset/S10F03/Real/1.wav,0,MEN,MEN-S10F03,TG:d3ce29150919b0bf,6.0507812,1,0.3675,0.9976495
mendeley/extracted/Bangla Audio Dataset Original and DeepFake Voices for AI-Based Voice Analysis and Detection/Dataset/S10F03/Real/10.wav,0,MEN,MEN-S10F03,TG:2053513ab857e64b,7.6210938,1,0.3841666666666666,0.9995103
mendeley/extracted/Bangla Audio Dataset Original and DeepFake Voices for AI-Based Voice Analysis and Detection/Dataset/S10F03/Real/11.wav,0,MEN,MEN-S10F03,TG:2557d7be6d06171f,6.1679688,1,0.4841666666666666,0.99790895
mendeley/extracted/Bangla Audio Dataset Original and DeepFake Voices for AI-Based Voice Analysis and Detection/Dataset/S10F03/Real/12.wav,0,MEN,MEN-S10F03,TG:1ad78c16e9f1fa18,7.0898438,1,0.4341666666666667,0.9991672
mendeley/extracted/Bangla Audio Dataset Original and DeepFake Voices for AI-Based Voice Analysis and Detection/Dataset/S10F03/Real/13.wav,0,MEN,MEN-S10F03,TG:8755d96808d69cf8,4.9882812,1,0.4675,0.9932288
mendeley/extracted/Bangla Audio Dataset Original and DeepFake Voices for AI-Based Voice Analysis and Detection/Dataset/S10F03/Real/14.wav,0,MEN,MEN-S10F03,TG:a752f9ff5f43a780,5.8828125,1,0.4508333333333333,0.99722075
mendeley/extracted/Bangla Audio Dataset Original and DeepFake Voices for AI-Based Voice Analysis and Detection/Dataset/S10F03/Real/15.wav,0,MEN,MEN-S10F03,TG:87dc8ea01461476e,7.5976562,1,0.4008333333333334,0.9994986
mendeley/extracted/Bangla Audio Dataset Original and DeepFake Voices for AI-Based Voice Analysis and Detection/Dataset/S10F03/Real/16.wav,0,MEN,MEN-S10F03,TG:a161442acecd244f,3.1425781,1,0.3675,0.95861524
mendeley/extracted/Bangla Audio Dataset Original and DeepFake Voices for AI-Based Voice Analysis and Detection/Dataset/S10F03/Real/17.wav,0,MEN,MEN-S10F03,TG:03f064fdfaf1ab36,7.0429688,1,0.4341666666666667,0.9991272
mendeley/extracted/Bangla Audio Dataset Original and DeepFake Voices for AI-Based Voice Analysis and Detection/Dataset/S10F03/Real/18.wav,0,MEN,MEN-S10F03,TG:b94d39ca30d8b003,0.26220703,1,0.4008333333333334,0.56517875
mendeley/extracted/Bangla Audio Dataset Original and DeepFake Voices for AI-Based Voice Analysis and Detection/Dataset/S10F03/Real/19.wav,0,MEN,MEN-S10F03,TG:292f77d0836ad383,8.6640625,1,0.4841666666666666,0.9998273
mendeley/extracted/Bangla Audio Dataset Original and DeepFake Voices for AI-Based Voice Analysis and Detection/Dataset/S10F03/Real/2.wav,0,MEN,MEN-S10F03,TG:777323a77bbfb0f1,6.625,1,0.4008333333333334,0.9986749
mendeley/extracted/Bangla Audio Dataset Original and DeepFake Voices for AI-Based Voice Analysis and Detection/Dataset/S10F03/Real/20.wav,0,MEN,MEN-S10F03,TG:d7eb7bfa4ea54586,7.3359375,1,0.3841666666666666,0.9993487
mendeley/extracted/Bangla Audio Dataset Original and DeepFake Voices for AI-Based Voice Analysis and Detection/Dataset/S10F03/Real/21.wav,0,MEN,MEN-S10F03,TG:a76e4f06cf107f94,6.7695312,1,0.4341666666666667,0.9988531
mendeley/extracted/Bangla Audio Dataset Original and DeepFake Voices for AI-Based Voice Analysis and Detection/Dataset/S10F03/Real/22.wav,0,MEN,MEN-S10F03,TG:0eb06cb4db7fa33d,7.1015625,1,0.4841666666666666,0.9991768
mendeley/extracted/Bangla Audio Dataset Original and DeepFake Voices for AI-Based Voice Analysis and Detection/Dataset/S10F03/Real/23.wav,0,MEN,MEN-S10F03,TG:411b82bee58b8a11,2.1191406,1,0.4191666666666667,0.89274967
mendeley/extracted/Bangla Audio Dataset Original and DeepFake Voices for AI-Based Voice Analysis and Detection/Dataset/S10F03/Real/24.wav,0,MEN,MEN-S10F03,TG:2d6549bed8663a0e,7.6875,1,0.4508333333333333,0.99954176
mendeley/extracted/Bangla Audio Dataset Original and DeepFake Voices for AI-Based Voice Analysis and Detection/Dataset/S10F03/Real/25.wav,0,MEN,MEN-S10F03,TG:f9f8fdb09d02dc4f,7.7578125,1,0.4508333333333333,0.9995728
mendeley/extracted/Bangla Audio Dataset Original and DeepFake Voices for AI-Based Voice Analysis and Detection/Dataset/S10F03/Real/26.wav,0,MEN,MEN-S10F03,TG:d21f1014c15ffac8,8.4296875,1,0.3675,0.9997818
mendeley/extracted/Bangla Audio Dataset Original and DeepFake Voices for AI-Based Voice Analysis and Detection/Dataset/S10F03/Real/27.wav,0,MEN,MEN-S10F03,TG:93a66da769492799,-3.5410156,1,0.4175,0.028167473
mendeley/extracted/Bangla Audio Dataset Original and DeepFake Voices for AI-Based Voice Analysis and Detection/Dataset/S10F03/Real/28.wav,0,MEN,MEN-S10F03,TG:65c7f26c8f16369d,16.84375,1,0.4508333333333333,1.0
mendeley/extracted/Bangla Audio Dataset Original and DeepFake Voices for AI-Based Voice Analysis and Detection/Dataset/S10F03/Real/29.wav,0,MEN,MEN-S10F03,TG:bcb64741cfa3e7b8,1.8916016,1,0.5008333333333334,0.868938
mendeley/extracted/Bangla Audio Dataset Original and DeepFake Voices for AI-Based Voice Analysis and Detection/Dataset/S10F03/Real/3.wav,0,MEN,MEN-S10F03,TG:e3d1f199eb45a8bb,8.4765625,1,0.4008333333333334,0.9997918
mendeley/extracted/Bangla Audio Dataset Original and DeepFake Voices for AI-Based Voice Analysis and Detection/Dataset/S10F03/Real/30.wav,0,MEN,MEN-S10F03,TG:d1cbe39bd9b59ac2,8.6171875,1,0.4008333333333334,0.9998191
mendeley/extracted/Bangla Audio Dataset Original and DeepFake Voices for AI-Based Voice Analysis and Detection/Dataset/S10F03/Real/4.wav,0,MEN,MEN-S10F03,TG:4cfc5f39575a38c2,7.9960938,1,0.4175,0.99966335
mendeley/extracted/Bangla Audio Dataset Original and DeepFake Voices for AI-Based Voice Analysis and Detection/Dataset/S10F03/Real/5.wav,0,MEN,MEN-S10F03,TG:1599e574af42cfa4,9.4453125,1,0.3841666666666666,0.99992096
mendeley/extracted/Bangla Audio Dataset Original and DeepFake Voices for AI-Based Voice Analysis and Detection/Dataset/S10F03/Real/6.wav,0,MEN,MEN-S10F03,TG:ab19869b4d329944,11.0234375,1,0.3841666666666666,0.99998367
mendeley/extracted/Bangla Audio Dataset Original and DeepFake Voices for AI-Based Voice Analysis and Detection/Dataset/S10F03/Real/7.wav,0,MEN,MEN-S10F03,TG:ded1f5c9728375f6,9.0703125,1,0.4341666666666667,0.99988496
mendeley/extracted/Bangla Audio Dataset Original and DeepFake Voices for AI-Based Voice Analysis and Detection/Dataset/S10F03/Real/8.wav,0,MEN,MEN-S10F03,TG:caa70121004273c9,9.625,1,0.3675,0.99993396
mendeley/extracted/Bangla Audio Dataset Original and DeepFake Voices for AI-Based Voice Analysis and Detection/Dataset/S10F03/Real/9.wav,0,MEN,MEN-S10F03,TG:e45efc4bac420645,5.2148438,1,0.4341666666666667,0.99459416
mendeley/extracted/Bangla Audio Dataset Original and DeepFake Voices for AI-Based Voice Analysis and Detection/Dataset/S10F04/Fake/1.wav,1,MEN,MEN-S10F04,TG:d3ce29150919b0bf,-11.1171875,1,0.0808333333333333,1.4854579e-05
mendeley/extracted/Bangla Audio Dataset Original and DeepFake Voices for AI-Based Voice Analysis and Detection/Dataset/S10F04/Fake/10.wav,1,MEN,MEN-S10F04,TG:2053513ab857e64b,-12.4375,1,0.3741666666666666,3.966986e-06
mendeley/extracted/Bangla Audio Dataset Original and DeepFake Voices for AI-Based Voice Analysis and Detection/Dataset/S10F04/Fake/11.wav,1,MEN,MEN-S10F04,TG:2557d7be6d06171f,-7.4414062,1,0.3725,0.00058611616
mendeley/extracted/Bangla Audio Dataset Original and DeepFake Voices for AI-Based Voice Analysis and Detection/Dataset/S10F04/Fake/12.wav,1,MEN,MEN-S10F04,TG:1ad78c16e9f1fa18,-18.296875,1,0.4541666666666667,1.131796e-08
mendeley/extracted/Bangla Audio Dataset Original and DeepFake Voices for AI-Based Voice Analysis and Detection/Dataset/S10F04/Fake/13.wav,1,MEN,MEN-S10F04,TG:8755d96808d69cf8,-10.578125,1,0.4408333333333333,2.5466403e-05
mendeley/extracted/Bangla Audio Dataset Original and DeepFake Voices for AI-Based Voice Analysis and Detection/Dataset/S10F04/Fake/14.wav,1,MEN,MEN-S10F04,TG:a752f9ff5f43a780,-16.171875,1,0.4841666666666666,9.4764104e-08
mendeley/extracted/Bangla Audio Dataset Original and DeepFake Voices for AI-Based Voice Analysis and Detection/Dataset/S10F04/Fake/15.wav,1,MEN,MEN-S10F04,TG:87dc8ea01461476e,-0.7319336,1,0.4475,0.32477057
mendeley/extracted/Bangla Audio Dataset Original and DeepFake Voices for AI-Based Voice Analysis and Detection/Dataset/S10F04/Fake/16.wav,1,MEN,MEN-S10F04,TG:a161442acecd244f,-13.4921875,1,0.2208333333333333,1.3817098e-06
mendeley/extracted/Bangla Audio Dataset Original and DeepFake Voices for AI-Based Voice Analysis and Detection/Dataset/S10F04/Fake/17.wav,1,MEN,MEN-S10F04,TG:03f064fdfaf1ab36,-14.6484375,1,0.3675,4.3477468e-07
mendeley/extracted/Bangla Audio Dataset Original and DeepFake Voices for AI-Based Voice Analysis and Detection/Dataset/S10F04/Fake/18.wav,1,MEN,MEN-S10F04,TG:b94d39ca30d8b003,-14.640625,1,0.4841666666666666,4.3818463e-07
mendeley/extracted/Bangla Audio Dataset Original and DeepFake Voices for AI-Based Voice Analysis and Detection/Dataset/S10F04/Fake/19.wav,1,MEN,MEN-S10F04,TG:292f77d0836ad383,-14.625,1,0.4641666666666666,4.4508508e-07
mendeley/extracted/Bangla Audio Dataset Original and DeepFake Voices for AI-Based Voice Analysis and Detection/Dataset/S10F04/Fake/2.wav,1,MEN,MEN-S10F04,TG:777323a77bbfb0f1,-9.1875,1,0.3858333333333333,0.00010229986
mendeley/extracted/Bangla Audio Dataset Original and DeepFake Voices for AI-Based Voice Analysis and Detection/Dataset/S10F04/Fake/20.wav,1,MEN,MEN-S10F04,TG:d7eb7bfa4ea54586,-10.15625,1,0.3658333333333333,3.883111e-05
mendeley/extracted/Bangla Audio Dataset Original and DeepFake Voices for AI-Based Voice Analysis and Detection/Dataset/S10F04/Fake/21.wav,1,MEN,MEN-S10F04,TG:a76e4f06cf107f94,-11.171875,1,0.3858333333333333,1.4064044e-05
mendeley/extracted/Bangla Audio Dataset Original and DeepFake Voices for AI-Based Voice Analysis and Detection/Dataset/S10F04/Fake/22.wav,1,MEN,MEN-S10F04,TG:0eb06cb4db7fa33d,-13.828125,1,0.5408333333333333,9.874639e-07
mendeley/extracted/Bangla Audio Dataset Original and DeepFake Voices for AI-Based Voice Analysis and Detection/Dataset/S10F04/Fake/23.wav,1,MEN,MEN-S10F04,TG:411b82bee58b8a11,-16.046875,1,0.3774999999999999,1.073818e-07
mendeley/extracted/Bangla Audio Dataset Original and DeepFake Voices for AI-Based Voice Analysis and Detection/Dataset/S10F04/Fake/24.wav,1,MEN,MEN-S10F04,TG:2d6549bed8663a0e,-11.015625,1,0.3941666666666666,1.6442495e-05
mendeley/extracted/Bangla Audio Dataset Original and DeepFake Voices for AI-Based Voice Analysis and Detection/Dataset/S10F04/Fake/25.wav,1,MEN,MEN-S10F04,TG:f9f8fdb09d02dc4f,-3.2871094,1,0.5608333333333333,0.03601607
mendeley/extracted/Bangla Audio Dataset Original and DeepFake Voices for AI-Based Voice Analysis and Detection/Dataset/S10F04/Fake/26.wav,1,MEN,MEN-S10F04,TG:d21f1014c15ffac8,-8.9453125,1,0.4575,0.00013032975
mendeley/extracted/Bangla Audio Dataset Original and DeepFake Voices for AI-Based Voice Analysis and Detection/Dataset/S10F04/Fake/27.wav,1,MEN,MEN-S10F04,TG:93a66da769492799,-15.8828125,1,0.4075,1.2652667e-07
mendeley/extracted/Bangla Audio Dataset Original and DeepFake Voices for AI-Based Voice Analysis and Detection/Dataset/S10F04/Fake/28.wav,1,MEN,MEN-S10F04,TG:65c7f26c8f16369d,-10.28125,1,0.2875,3.426849e-05
mendeley/extracted/Bangla Audio Dataset Original and DeepFake Voices for AI-Based Voice Analysis and Detection/Dataset/S10F04/Fake/29.wav,1,MEN,MEN-S10F04,TG:bcb64741cfa3e7b8,-10.5546875,1,0.5141666666666667,2.6070305e-05
mendeley/extracted/Bangla Audio Dataset Original and DeepFake Voices for AI-Based Voice Analysis and Detection/Dataset/S10F04/Fake/3.wav,1,MEN,MEN-S10F04,TG:e3d1f199eb45a8bb,-12.3828125,1,0.4475,4.1899716e-06
mendeley/extracted/Bangla Audio Dataset Original and DeepFake Voices for AI-Based Voice Analysis and Detection/Dataset/S10F04/Fake/30.wav,1,MEN,MEN-S10F04,TG:d1cbe39bd9b59ac2,-12.453125,1,0.4275,3.9054835e-06
mendeley/extracted/Bangla Audio Dataset Original and DeepFake Voices for AI-Based Voice Analysis and Detection/Dataset/S10F04/Fake/4.wav,1,MEN,MEN-S10F04,TG:4cfc5f39575a38c2,-6.6992188,1,0.5241666666666667,0.0012303583
mendeley/extracted/Bangla Audio Dataset Original and DeepFake Voices for AI-Based Voice Analysis and Detection/Dataset/S10F04/Fake/5.wav,1,MEN,MEN-S10F04,TG:1599e574af42cfa4,-15.0,1,0.4175,3.0590226e-07
mendeley/extracted/Bangla Audio Dataset Original and DeepFake Voices for AI-Based Voice Analysis and Detection/Dataset/S10F04/Fake/6.wav,1,MEN,MEN-S10F04,TG:ab19869b4d329944,-19.015625,1,0.4525,5.515933e-09
mendeley/extracted/Bangla Audio Dataset Original and DeepFake Voices for AI-Based Voice Analysis and Detection/Dataset/S10F04/Fake/7.wav,1,MEN,MEN-S10F04,TG:ded1f5c9728375f6,-12.484375,1,0.5875,3.7853247e-06
mendeley/extracted/Bangla Audio Dataset Original and DeepFake Voices for AI-Based Voice Analysis and Detection/Dataset/S10F04/Fake/8.wav,1,MEN,MEN-S10F04,TG:caa70121004273c9,-13.8203125,1,0.5541666666666667,9.952086e-07
mendeley/extracted/Bangla Audio Dataset Original and DeepFake Voices for AI-Based Voice Analysis and Detection/Dataset/S10F04/Fake/9.wav,1,MEN,MEN-S10F04,TG:e45efc4bac420645,-13.8125,1,0.3874999999999999,1.0030141e-06
mendeley/extracted/Bangla Audio Dataset Original and DeepFake Voices for AI-Based Voice Analysis and Detection/Dataset/S10F04/Real/1.wav,0,MEN,MEN-S10F04,TG:d3ce29150919b0bf,16.34375,1,0.3708333333333333,0.9999999
mendeley/extracted/Bangla Audio Dataset Original and DeepFake Voices for AI-Based Voice Analysis and Detection/Dataset/S10F04/Real/10.wav,0,MEN,MEN-S10F04,TG:2053513ab857e64b,2.0703125,1,0.4375,0.8879841
mendeley/extracted/Bangla Audio Dataset Original and DeepFake Voices for AI-Based Voice Analysis and Detection/Dataset/S10F04/Real/11.wav,0,MEN,MEN-S10F04,TG:2557d7be6d06171f,13.875,1,0.3691666666666666,0.99999905
mendeley/extracted/Bangla Audio Dataset Original and DeepFake Voices for AI-Based Voice Analysis and Detection/Dataset/S10F04/Real/12.wav,0,MEN,MEN-S10F04,TG:1ad78c16e9f1fa18,10.40625,1,0.4708333333333333,0.9999697
mendeley/extracted/Bangla Audio Dataset Original and DeepFake Voices for AI-Based Voice Analysis and Detection/Dataset/S10F04/Real/13.wav,0,MEN,MEN-S10F04,TG:8755d96808d69cf8,9.53125,1,0.5191666666666667,0.9999274
mendeley/extracted/Bangla Audio Dataset Original and DeepFake Voices for AI-Based Voice Analysis and Detection/Dataset/S10F04/Real/14.wav,0,MEN,MEN-S10F04,TG:a752f9ff5f43a780,1.7519531,1,0.5708333333333333,0.852199
mendeley/extracted/Bangla Audio Dataset Original and DeepFake Voices for AI-Based Voice Analysis and Detection/Dataset/S10F04/Real/15.wav,0,MEN,MEN-S10F04,TG:87dc8ea01461476e,12.2734375,1,0.5191666666666667,0.99999535
mendeley/extracted/Bangla Audio Dataset Original and DeepFake Voices for AI-Based Voice Analysis and Detection/Dataset/S10F04/Real/16.wav,0,MEN,MEN-S10F04,TG:a161442acecd244f,12.0390625,1,0.4375,0.99999404
mendeley/extracted/Bangla Audio Dataset Original and DeepFake Voices for AI-Based Voice Analysis and Detection/Dataset/S10F04/Real/17.wav,0,MEN,MEN-S10F04,TG:03f064fdfaf1ab36,9.46875,1,0.5525,0.99992275
mendeley/extracted/Bangla Audio Dataset Original and DeepFake Voices for AI-Based Voice Analysis and Detection/Dataset/S10F04/Real/18.wav,0,MEN,MEN-S10F04,TG:b94d39ca30d8b003,13.1796875,1,0.5025,0.9999981
mendeley/extracted/Bangla Audio Dataset Original and DeepFake Voices for AI-Based Voice Analysis and Detection/Dataset/S10F04/Real/19.wav,0,MEN,MEN-S10F04,TG:292f77d0836ad383,10.8046875,1,0.4875,0.99997973
mendeley/extracted/Bangla Audio Dataset Original and DeepFake Voices for AI-Based Voice Analysis and Detection/Dataset/S10F04/Real/2.wav,0,MEN,MEN-S10F04,TG:777323a77bbfb0f1,13.75,1,0.3375,0.9999989
mendeley/extracted/Bangla Audio Dataset Original and DeepFake Voices for AI-Based Voice Analysis and Detection/Dataset/S10F04/Real/20.wav,0,MEN,MEN-S10F04,TG:d7eb7bfa4ea54586,13.84375,1,0.5041666666666667,0.99999905
mendeley/extracted/Bangla Audio Dataset Original and DeepFake Voices for AI-Based Voice Analysis and Detection/Dataset/S10F04/Real/21.wav,0,MEN,MEN-S10F04,TG:a76e4f06cf107f94,9.40625,1,0.5708333333333333,0.99991775
mendeley/extracted/Bangla Audio Dataset Original and DeepFake Voices for AI-Based Voice Analysis and Detection/Dataset/S10F04/Real/22.wav,0,MEN,MEN-S10F04,TG:0eb06cb4db7fa33d,9.8125,1,0.6041666666666667,0.9999453
mendeley/extracted/Bangla Audio Dataset Original and DeepFake Voices for AI-Based Voice Analysis and Detection/Dataset/S10F04/Real/23.wav,0,MEN,MEN-S10F04,TG:411b82bee58b8a11,10.9140625,1,0.5191666666666667,0.99998176
mendeley/extracted/Bangla Audio Dataset Original and DeepFake Voices for AI-Based Voice Analysis and Detection/Dataset/S10F04/Real/24.wav,0,MEN,MEN-S10F04,TG:2d6549bed8663a0e,15.984375,1,0.5025,0.9999999
mendeley/extracted/Bangla Audio Dataset Original and DeepFake Voices for AI-Based Voice Analysis and Detection/Dataset/S10F04/Real/25.wav,0,MEN,MEN-S10F04,TG:f9f8fdb09d02dc4f,7.6210938,1,0.6375,0.9995103
mendeley/extracted/Bangla Audio Dataset Original and DeepFake Voices for AI-Based Voice Analysis and Detection/Dataset/S10F04/Real/26.wav,0,MEN,MEN-S10F04,TG:d21f1014c15ffac8,12.6953125,1,0.5208333333333333,0.9999969
mendeley/extracted/Bangla Audio Dataset Original and DeepFake Voices for AI-Based Voice Analysis and Detection/Dataset/S10F04/Real/27.wav,0,MEN,MEN-S10F04,TG:93a66da769492799,11.21875,1,0.5708333333333333,0.9999865
mendeley/extracted/Bangla Audio Dataset Original and DeepFake Voices for AI-Based Voice Analysis and Detection/Dataset/S10F04/Real/28.wav,0,MEN,MEN-S10F04,TG:65c7f26c8f16369d,8.546875,1,0.4191666666666667,0.99980587
mendeley/extracted/Bangla Audio Dataset Original and DeepFake Voices for AI-Based Voice Analysis and Detection/Dataset/S10F04/Real/29.wav,0,MEN,MEN-S10F04,TG:bcb64741cfa3e7b8,10.1953125,1,0.5708333333333333,0.9999627
mendeley/extracted/Bangla Audio Dataset Original and DeepFake Voices for AI-Based Voice Analysis and Detection/Dataset/S10F04/Real/3.wav,0,MEN,MEN-S10F04,TG:e3d1f199eb45a8bb,14.2578125,1,0.5708333333333333,0.9999994
mendeley/extracted/Bangla Audio Dataset Original and DeepFake Voices for AI-Based Voice Analysis and Detection/Dataset/S10F04/Real/30.wav,0,MEN,MEN-S10F04,TG:d1cbe39bd9b59ac2,12.6328125,1,0.5041666666666667,0.9999968
mendeley/extracted/Bangla Audio Dataset Original and DeepFake Voices for AI-Based Voice Analysis and Detection/Dataset/S10F04/Real/4.wav,0,MEN,MEN-S10F04,TG:4cfc5f39575a38c2,14.625,1,0.3691666666666666,0.9999995
mendeley/extracted/Bangla Audio Dataset Original and DeepFake Voices for AI-Based Voice Analysis and Detection/Dataset/S10F04/Real/5.wav,0,MEN,MEN-S10F04,TG:1599e574af42cfa4,15.5234375,1,0.4024999999999999,0.99999976
mendeley/extracted/Bangla Audio Dataset Original and DeepFake Voices for AI-Based Voice Analysis and Detection/Dataset/S10F04/Real/6.wav,0,MEN,MEN-S10F04,TG:ab19869b4d329944,11.03125,1,0.4358333333333333,0.9999838
mendeley/extracted/Bangla Audio Dataset Original and DeepFake Voices for AI-Based Voice Analysis and Detection/Dataset/S10F04/Real/7.wav,0,MEN,MEN-S10F04,TG:ded1f5c9728375f6,15.2734375,1,0.5875,0.99999976
mendeley/extracted/Bangla Audio Dataset Original and DeepFake Voices for AI-Based Voice Analysis and Detection/Dataset/S10F04/Real/8.wav,0,MEN,MEN-S10F04,TG:caa70121004273c9,14.484375,1,0.5525,0.9999995
mendeley/extracted/Bangla Audio Dataset Original and DeepFake Voices for AI-Based Voice Analysis and Detection/Dataset/S10F04/Real/9.wav,0,MEN,MEN-S10F04,TG:e45efc4bac420645,16.28125,1,0.5541666666666667,0.9999999
mendeley/extracted/Bangla Audio Dataset Original and DeepFake Voices for AI-Based Voice Analysis and Detection/Dataset/S10F05/Fake/1.wav,1,MEN,MEN-S10F05,TG:d3ce29150919b0bf,-11.484375,1,0.1975,1.0289513e-05
mendeley/extracted/Bangla Audio Dataset Original and DeepFake Voices for AI-Based Voice Analysis and Detection/Dataset/S10F05/Fake/10.wav,1,MEN,MEN-S10F05,TG:2053513ab857e64b,-6.78125,1,0.3608333333333333,0.001133569
mendeley/extracted/Bangla Audio Dataset Original and DeepFake Voices for AI-Based Voice Analysis and Detection/Dataset/S10F05/Fake/11.wav,1,MEN,MEN-S10F05,TG:2557d7be6d06171f,-9.2421875,1,0.4108333333333334,9.6856085e-05
mendeley/extracted/Bangla Audio Dataset Original and DeepFake Voices for AI-Based Voice Analysis and Detection/Dataset/S10F05/Fake/12.wav,1,MEN,MEN-S10F05,TG:1ad78c16e9f1fa18,-13.109375,1,0.4241666666666667,2.026142e-06
mendeley/extracted/Bangla Audio Dataset Original and DeepFake Voices for AI-Based Voice Analysis and Detection/Dataset/S10F05/Fake/13.wav,1,MEN,MEN-S10F05,TG:8755d96808d69cf8,-15.109375,1,0.3708333333333333,2.7420901e-07
mendeley/extracted/Bangla Audio Dataset Original and DeepFake Voices for AI-Based Voice Analysis and Detection/Dataset/S10F05/Fake/14.wav,1,MEN,MEN-S10F05,TG:a752f9ff5f43a780,-9.9375,1,0.4208333333333333,4.832564e-05
mendeley/extracted/Bangla Audio Dataset Original and DeepFake Voices for AI-Based Voice Analysis and Detection/Dataset/S10F05/Fake/15.wav,1,MEN,MEN-S10F05,TG:87dc8ea01461476e,-12.265625,1,0.4758333333333333,4.710909e-06
mendeley/extracted/Bangla Audio Dataset Original and DeepFake Voices for AI-Based Voice Analysis and Detection/Dataset/S10F05/Fake/16.wav,1,MEN,MEN-S10F05,TG:a161442acecd244f,-12.0859375,1,0.2608333333333333,5.638214e-06
mendeley/extracted/Bangla Audio Dataset Original and DeepFake Voices for AI-Based Voice Analysis and Detection/Dataset/S10F05/Fake/17.wav,1,MEN,MEN-S10F05,TG:03f064fdfaf1ab36,-14.296875,1,0.3208333333333333,6.179393e-07
mendeley/extracted/Bangla Audio Dataset Original and DeepFake Voices for AI-Based Voice Analysis and Detection/Dataset/S10F05/Fake/18.wav,1,MEN,MEN-S10F05,TG:b94d39ca30d8b003,-12.3671875,1,0.4425,4.255953e-06
mendeley/extracted/Bangla Audio Dataset Original and DeepFake Voices for AI-Based Voice Analysis and Detection/Dataset/S10F05/Fake/19.wav,1,MEN,MEN-S10F05,TG:292f77d0836ad383,-11.8828125,1,0.4075,6.908075e-06
mendeley/extracted/Bangla Audio Dataset Original and DeepFake Voices for AI-Based Voice Analysis and Detection/Dataset/S10F05/Fake/2.wav,1,MEN,MEN-S10F05,TG:777323a77bbfb0f1,-7.71875,1,0.4141666666666667,0.00044421834
mendeley/extracted/Bangla Audio Dataset Original and DeepFake Voices for AI-Based Voice Analysis and Detection/Dataset/S10F05/Fake/20.wav,1,MEN,MEN-S10F05,TG:d7eb7bfa4ea54586,-11.2890625,1,0.3874999999999999,1.2508841e-05
mendeley/extracted/Bangla Audio Dataset Original and DeepFake Voices for AI-Based Voice Analysis and Detection/Dataset/S10F05/Fake/21.wav,1,MEN,MEN-S10F05,TG:a76e4f06cf107f94,-11.171875,1,0.4241666666666667,1.4064044e-05
mendeley/extracted/Bangla Audio Dataset Original and DeepFake Voices for AI-Based Voice Analysis and Detection/Dataset/S10F05/Fake/22.wav,1,MEN,MEN-S10F05,TG:0eb06cb4db7fa33d,-11.9375,1,0.4808333333333333,6.540437e-06
mendeley/extracted/Bangla Audio Dataset Original and DeepFake Voices for AI-Based Voice Analysis and Detection/Dataset/S10F05/Fake/23.wav,1,MEN,MEN-S10F05,TG:411b82bee58b8a11,-10.6484375,1,0.3874999999999999,2.3737339e-05
mendeley/extracted/Bangla Audio Dataset Original and DeepFake Voices for AI-Based Voice Analysis and Detection/Dataset/S10F05/Fake/24.wav,1,MEN,MEN-S10F05,TG:2d6549bed8663a0e,-9.9453125,1,0.4108333333333334,4.7949583e-05
mendeley/extracted/Bangla Audio Dataset Original and DeepFake Voices for AI-Based Voice Analysis and Detection/Dataset/S10F05/Fake/25.wav,1,MEN,MEN-S10F05,TG:f9f8fdb09d02dc4f,-13.9140625,1,0.5525,9.0614776e-07
mendeley/extracted/Bangla Audio Dataset Original and DeepFake Voices for AI-Based Voice Analysis and Detection/Dataset/S10F05/Fake/26.wav,1,MEN,MEN-S10F05,TG:d21f1014c15ffac8,-4.5078125,1,0.4458333333333333,0.010902375
mendeley/extracted/Bangla Audio Dataset Original and DeepFake Voices for AI-Based Voice Analysis and Detection/Dataset/S10F05/Fake/27.wav,1,MEN,MEN-S10F05,TG:93a66da769492799,-10.7265625,1,0.3641666666666666,2.1953489e-05
mendeley/extracted/Bangla Audio Dataset Original and DeepFake Voices for AI-Based Voice Analysis and Detection/Dataset/S10F05/Fake/28.wav,1,MEN,MEN-S10F05,TG:65c7f26c8f16369d,-7.9335938,1,0.2358333333333333,0.00035836728
mendeley/extracted/Bangla Audio Dataset Original and DeepFake Voices for AI-Based Voice Analysis and Detection/Dataset/S10F05/Fake/29.wav,1,MEN,MEN-S10F05,TG:bcb64741cfa3e7b8,-5.546875,1,0.5191666666666667,0.0038844766
mendeley/extracted/Bangla Audio Dataset Original and DeepFake Voices for AI-Based Voice Analysis and Detection/Dataset/S10F05/Fake/3.wav,1,MEN,MEN-S10F05,TG:e3d1f199eb45a8bb,-8.9921875,1,0.4208333333333333,0.00012436225
mendeley/extracted/Bangla Audio Dataset Original and DeepFake Voices for AI-Based Voice Analysis and Detection/Dataset/S10F05/Fake/30.wav,1,MEN,MEN-S10F05,TG:d1cbe39bd9b59ac2,-11.3046875,1,0.3675,1.2314909e-05
mendeley/extracted/Bangla Audio Dataset Original and DeepFake Voices for AI-Based Voice Analysis and Detection/Dataset/S10F05/Fake/4.wav,1,MEN,MEN-S10F05,TG:4cfc5f39575a38c2,-7.4179688,1,0.5191666666666667,0.0006000072
mendeley/extracted/Bangla Audio Dataset Original and DeepFake Voices for AI-Based Voice Analysis and Detection/Dataset/S10F05/Fake/5.wav,1,MEN,MEN-S10F05,TG:1599e574af42cfa4,-5.7070312,1,0.4891666666666666,0.003311519
mendeley/extracted/Bangla Audio Dataset Original and DeepFake Voices for AI-Based Voice Analysis and Detection/Dataset/S10F05/Fake/6.wav,1,MEN,MEN-S10F05,TG:ab19869b4d329944,-12.015625,1,0.4008333333333334,6.0489183e-06
mendeley/extracted/Bangla Audio Dataset Original and DeepFake Voices for AI-Based Voice Analysis and Detection/Dataset/S10F05/Fake/7.wav,1,MEN,MEN-S10F05,TG:ded1f5c9728375f6,-11.890625,1,0.5808333333333333,6.8543172e-06
mendeley/extracted/Bangla Audio Dataset Original and DeepFake Voices for AI-Based Voice Analysis and Detection/Dataset/S10F05/Fake/8.wav,1,MEN,MEN-S10F05,TG:caa70121004273c9,-10.8203125,1,0.5691666666666666,1.998892e-05
mendeley/extracted/Bangla Audio Dataset Original and DeepFake Voices for AI-Based Voice Analysis and Detection/Dataset/S10F05/Fake/9.wav,1,MEN,MEN-S10F05,TG:e45efc4bac420645,-12.6328125,1,0.4008333333333334,3.2631558e-06
mendeley/extracted/Bangla Audio Dataset Original and DeepFake Voices for AI-Based Voice Analysis and Detection/Dataset/S10F05/Real/1.wav,0,MEN,MEN-S10F05,TG:d3ce29150919b0bf,3.4746094,1,0.3008333333333333,0.96995664
mendeley/extracted/Bangla Audio Dataset Original and DeepFake Voices for AI-Based Voice Analysis and Detection/Dataset/S10F05/Real/10.wav,0,MEN,MEN-S10F05,TG:2053513ab857e64b,3.6972656,1,0.3675,0.9758085
mendeley/extracted/Bangla Audio Dataset Original and DeepFake Voices for AI-Based Voice Analysis and Detection/Dataset/S10F05/Real/11.wav,0,MEN,MEN-S10F05,TG:2557d7be6d06171f,4.6757812,1,0.3841666666666666,0.9907678
mendeley/extracted/Bangla Audio Dataset Original and DeepFake Voices for AI-Based Voice Analysis and Detection/Dataset/S10F05/Real/12.wav,0,MEN,MEN-S10F05,TG:1ad78c16e9f1fa18,4.5859375,1,0.4508333333333333,0.9899087
mendeley/extracted/Bangla Audio Dataset Original and DeepFake Voices for AI-Based Voice Analysis and Detection/Dataset/S10F05/Real/13.wav,0,MEN,MEN-S10F05,TG:8755d96808d69cf8,7.4726562,1,0.4841666666666666,0.9994319
mendeley/extracted/Bangla Audio Dataset Original and DeepFake Voices for AI-Based Voice Analysis and Detection/Dataset/S10F05/Real/14.wav,0,MEN,MEN-S10F05,TG:a752f9ff5f43a780,6.7421875,1,0.4508333333333333,0.9988213
mendeley/extracted/Bangla Audio Dataset Original and DeepFake Voices for AI-Based Voice Analysis and Detection/Dataset/S10F05/Real/15.wav,0,MEN,MEN-S10F05,TG:87dc8ea01461476e,4.5507812,1,0.4508333333333333,0.98955137
mendeley/extracted/Bangla Audio Dataset Original and DeepFake Voices for AI-Based Voice Analysis and Detection/Dataset/S10F05/Real/16.wav,0,MEN,MEN-S10F05,TG:a161442acecd244f,4.734375,1,0.3508333333333333,0.99128854
mendeley/extracted/Bangla Audio Dataset Original and DeepFake Voices for AI-Based Voice Analysis and Detection/Dataset/S10F05/Real/17.wav,0,MEN,MEN-S10F05,TG:03f064fdfaf1ab36,5.0820312,1,0.4675,0.9938309
mendeley/extracted/Bangla Audio Dataset Original and DeepFake Voices for AI-Based Voice Analysis and Detection/Dataset/S10F05/Real/18.wav,0,MEN,MEN-S10F05,TG:b94d39ca30d8b003,6.4960938,1,0.4341666666666667,0.99849296
mendeley/extracted/Bangla Audio Dataset Original and DeepFake Voices for AI-Based Voice Analysis and Detection/Dataset/S10F05/Real/19.wav,0,MEN,MEN-S10F05,TG:292f77d0836ad383,3.1035156,1,0.3675,0.9570375
mendeley/extracted/Bangla Audio Dataset Original and DeepFake Voices for AI-Based Voice Analysis and Detection/Dataset/S10F05/Real/2.wav,0,MEN,MEN-S10F05,TG:777323a77bbfb0f1,5.0351562,1,0.3175,0.9935369
mendeley/extracted/Bangla Audio Dataset Original and DeepFake Voices for AI-Based Voice Analysis and Detection/Dataset/S10F05/Real/20.wav,0,MEN,MEN-S10F05,TG:d7eb7bfa4ea54586,0.13391113,1,0.3841666666666666,0.53342783
mendeley/extracted/Bangla Audio Dataset Original and DeepFake Voices for AI-Based Voice Analysis and Detection/Dataset/S10F05/Real/21.wav,0,MEN,MEN-S10F05,TG:a76e4f06cf107f94,3.5097656,1,0.4341666666666667,0.9709644
mendeley/extracted/Bangla Audio Dataset Original and DeepFake Voices for AI-Based Voice Analysis and Detection/Dataset/S10F05/Real/22.wav,0,MEN,MEN-S10F05,TG:0eb06cb4db7fa33d,3.8515625,1,0.4508333333333333,0.9791955
mendeley/extracted/Bangla Audio Dataset Original and DeepFake Voices for AI-Based Voice Analysis and Detection/Dataset/S10F05/Real/23.wav,0,MEN,MEN-S10F05,TG:411b82bee58b8a11,-0.29052734,1,0.3841666666666666,0.42787477
mendeley/extracted/Bangla Audio Dataset Original and DeepFake Voices for AI-Based Voice Analysis and Detection/Dataset/S10F05/Real/24.wav,0,MEN,MEN-S10F05,TG:2d6549bed8663a0e,5.09375,1,0.3841666666666666,0.99390244
mendeley/extracted/Bangla Audio Dataset Original and DeepFake Voices for AI-Based Voice Analysis and Detection/Dataset/S10F05/Real/25.wav,0,MEN,MEN-S10F05,TG:f9f8fdb09d02dc4f,3.3046875,1,0.5008333333333334,0.96458924
mendeley/extracted/Bangla Audio Dataset Original and DeepFake Voices for AI-Based Voice Analysis and Detection/Dataset/S10F05/Real/26.wav,0,MEN,MEN-S10F05,TG:d21f1014c15ffac8,7.921875,1,0.4341666666666667,0.99963737
mendeley/extracted/Bangla Audio Dataset Original and DeepFake Voices for AI-Based Voice Analysis and Detection/Dataset/S10F05/Real/27.wav,0,MEN,MEN-S10F05,TG:93a66da769492799,2.7070312,1,0.4508333333333333,0.9374402
mendeley/extracted/Bangla Audio Dataset Original and DeepFake Voices for AI-Based Voice Analysis and Detection/Dataset/S10F05/Real/28.wav,0,MEN,MEN-S10F05,TG:65c7f26c8f16369d,5.0429688,1,0.3341666666666666,0.9935868
mendeley/extracted/Bangla Audio Dataset Original and DeepFake Voices for AI-Based Voice Analysis and Detection/Dataset/S10F05/Real/29.wav,0,MEN,MEN-S10F05,TG:bcb64741cfa3e7b8,3.0195312,1,0.4675,0.9534488
mendeley/extracted/Bangla Audio Dataset Original and DeepFake Voices for AI-Based Voice Analysis and Detection/Dataset/S10F05/Real/3.wav,0,MEN,MEN-S10F05,TG:e3d1f199eb45a8bb,3.4316406,1,0.4008333333333334,0.9686789
mendeley/extracted/Bangla Audio Dataset Original and DeepFake Voices for AI-Based Voice Analysis and Detection/Dataset/S10F05/Real/30.wav,0,MEN,MEN-S10F05,TG:d1cbe39bd9b59ac2,4.7851562,1,0.4175,0.9917163
mendeley/extracted/Bangla Audio Dataset Original and DeepFake Voices for AI-Based Voice Analysis and Detection/Dataset/S10F05/Real/4.wav,0,MEN,MEN-S10F05,TG:4cfc5f39575a38c2,6.359375,1,0.5008333333333334,0.99827254
mendeley/extracted/Bangla Audio Dataset Original and DeepFake Voices for AI-Based Voice Analysis and Detection/Dataset/S10F05/Real/5.wav,0,MEN,MEN-S10F05,TG:1599e574af42cfa4,7.65625,1,0.4841666666666666,0.9995272
mendeley/extracted/Bangla Audio Dataset Original and DeepFake Voices for AI-Based Voice Analysis and Detection/Dataset/S10F05/Real/6.wav,0,MEN,MEN-S10F05,TG:ab19869b4d329944,-0.8466797,1,0.4341666666666667,0.30012983
mendeley/extracted/Bangla Audio Dataset Original and DeepFake Voices for AI-Based Voice Analysis and Detection/Dataset/S10F05/Real/7.wav,0,MEN,MEN-S10F05,TG:ded1f5c9728375f6,6.7148438,1,0.4675,0.9987888
mendeley/extracted/Bangla Audio Dataset Original and DeepFake Voices for AI-Based Voice Analysis and Detection/Dataset/S10F05/Real/8.wav,0,MEN,MEN-S10F05,TG:caa70121004273c9,2.9628906,1,0.4675,0.9508692
mendeley/extracted/Bangla Audio Dataset Original and DeepFake Voices for AI-Based Voice Analysis and Detection/Dataset/S10F05/Real/9.wav,0,MEN,MEN-S10F05,TG:e45efc4bac420645,1.9042969,1,0.4341666666666667,0.87037706
mendeley/extracted/Bangla Audio Dataset Original and DeepFake Voices for AI-Based Voice Analysis and Detection/Dataset/S10M01/Fake/1.wav,1,MEN,MEN-S10M01,TG:d3ce29150919b0bf,-9.1484375,1,0.2358333333333333,0.00010637458
mendeley/extracted/Bangla Audio Dataset Original and DeepFake Voices for AI-Based Voice Analysis and Detection/Dataset/S10M01/Fake/10.wav,1,MEN,MEN-S10M01,TG:2053513ab857e64b,-14.2890625,1,0.2841666666666667,6.227859e-07
mendeley/extracted/Bangla Audio Dataset Original and DeepFake Voices for AI-Based Voice Analysis and Detection/Dataset/S10M01/Fake/11.wav,1,MEN,MEN-S10M01,TG:2557d7be6d06171f,-11.7890625,1,0.2674999999999999,7.587032e-06
mendeley/extracted/Bangla Audio Dataset Original and DeepFake Voices for AI-Based Voice Analysis and Detection/Dataset/S10M01/Fake/12.wav,1,MEN,MEN-S10M01,TG:1ad78c16e9f1fa18,-11.671875,1,0.4558333333333333,8.530321e-06
mendeley/extracted/Bangla Audio Dataset Original and DeepFake Voices for AI-Based Voice Analysis and Detection/Dataset/S10M01/Fake/13.wav,1,MEN,MEN-S10M01,TG:8755d96808d69cf8,-12.421875,1,0.5008333333333334,4.0294567e-06
mendeley/extracted/Bangla Audio Dataset Original and DeepFake Voices for AI-Based Voice Analysis and Detection/Dataset/S10M01/Fake/14.wav,1,MEN,MEN-S10M01,TG:a752f9ff5f43a780,-11.875,1,0.4608333333333333,6.9622565e-06
mendeley/extracted/Bangla Audio Dataset Original and DeepFake Voices for AI-Based Voice Analysis and Detection/Dataset/S10M01/Fake/15.wav,1,MEN,MEN-S10M01,TG:87dc8ea01461476e,-13.8203125,1,0.3575,9.952086e-07
mendeley/extracted/Bangla Audio Dataset Original and DeepFake Voices for AI-Based Voice Analysis and Detection/Dataset/S10M01/Fake/16.wav,1,MEN,MEN-S10M01,TG:a161442acecd244f,-10.15625,1,0.1308333333333333,3.883111e-05
mendeley/extracted/Bangla Audio Dataset Original and DeepFake Voices for AI-Based Voice Analysis and Detection/Dataset/S10M01/Fake/17.wav,1,MEN,MEN-S10M01,TG:03f064fdfaf1ab36,-8.8046875,1,0.4141666666666667,0.00015000567
mendeley/extracted/Bangla Audio Dataset Original and DeepFake Voices for AI-Based Voice Analysis and Detection/Dataset/S10M01/Fake/18.wav,1,MEN,MEN-S10M01,TG:b94d39ca30d8b003,-7.1132812,1,0.4975,0.00081355654
mendeley/extracted/Bangla Audio Dataset Original and DeepFake Voices for AI-Based Voice Analysis and Detection/Dataset/S10M01/Fake/19.wav,1,MEN,MEN-S10M01,TG:292f77d0836ad383,-7.3046875,1,0.4241666666666667,0.0006719279
mendeley/extracted/Bangla Audio Dataset Original and DeepFake Voices for AI-Based Voice Analysis and Detection/Dataset/S10M01/Fake/2.wav,1,MEN,MEN-S10M01,TG:777323a77bbfb0f1,-6.6289062,1,0.0775,0.0013198635
mendeley/extracted/Bangla Audio Dataset Original and DeepFake Voices for AI-Based Voice Analysis and Detection/Dataset/S10M01/Fake/20.wav,1,MEN,MEN-S10M01,TG:d7eb7bfa4ea54586,-9.84375,1,0.2541666666666666,5.307508e-05
mendeley/extracted/Bangla Audio Dataset Original and DeepFake Voices for AI-Based Voice Analysis and Detection/Dataset/S10M01/Fake/21.wav,1,MEN,MEN-S10M01,TG:a76e4f06cf107f94,-7.4921875,1,0.4625,0.0005571117
mendeley/extracted/Bangla Audio Dataset Original and DeepFake Voices for AI-Based Voice Analysis and Detection/Dataset/S10M01/Fake/22.wav,1,MEN,MEN-S10M01,TG:0eb06cb4db7fa33d,-14.5234375,1,0.4091666666666667,4.926642e-07
mendeley/extracted/Bangla Audio Dataset Original and DeepFake Voices for AI-Based Voice Analysis and Detection/Dataset/S10M01/Fake/23.wav,1,MEN,MEN-S10M01,TG:411b82bee58b8a11,-9.140625,1,0.4225,0.0001072088
mendeley/extracted/Bangla Audio Dataset Original and DeepFake Voices for AI-Based Voice Analysis and Detection/Dataset/S10M01/Fake/24.wav,1,MEN,MEN-S10M01,TG:2d6549bed8663a0e,-4.421875,1,0.4241666666666667,0.011869121
mendeley/extracted/Bangla Audio Dataset Original and DeepFake Voices for AI-Based Voice Analysis and Detection/Dataset/S10M01/Fake/25.wav,1,MEN,MEN-S10M01,TG:f9f8fdb09d02dc4f,-8.5,1,0.5558333333333334,0.00020342699
mendeley/extracted/Bangla Audio Dataset Original and DeepFake Voices for AI-Based Voice Analysis and Detection/Dataset/S10M01/Fake/26.wav,1,MEN,MEN-S10M01,TG:d21f1014c15ffac8,-7.1054688,1,0.3491666666666666,0.00081993215
mendeley/extracted/Bangla Audio Dataset Original and DeepFake Voices for AI-Based Voice Analysis and Detection/Dataset/S10M01/Fake/27.wav,1,MEN,MEN-S10M01,TG:93a66da769492799,-8.1796875,1,0.4075,0.00028021098
mendeley/extracted/Bangla Audio Dataset Original and DeepFake Voices for AI-Based Voice Analysis and Detection/Dataset/S10M01/Fake/28.wav,1,MEN,MEN-S10M01,TG:65c7f26c8f16369d,-10.4296875,1,0.1374999999999999,2.9541427e-05
mendeley/extracted/Bangla Audio Dataset Original and DeepFake Voices for AI-Based Voice Analysis and Detection/Dataset/S10M01/Fake/29.wav,1,MEN,MEN-S10M01,TG:bcb64741cfa3e7b8,-10.9921875,1,0.4041666666666667,1.6832411e-05
mendeley/extracted/Bangla Audio Dataset Original and DeepFake Voices for AI-Based Voice Analysis and Detection/Dataset/S10M01/Fake/3.wav,1,MEN,MEN-S10M01,TG:e3d1f199eb45a8bb,-9.5078125,1,0.4441666666666667,7.426381e-05
mendeley/extracted/Bangla Audio Dataset Original and DeepFake Voices for AI-Based Voice Analysis and Detection/Dataset/S10M01/Fake/30.wav,1,MEN,MEN-S10M01,TG:d1cbe39bd9b59ac2,-10.8671875,1,0.3941666666666666,1.907358e-05
mendeley/extracted/Bangla Audio Dataset Original and DeepFake Voices for AI-Based Voice Analysis and Detection/Dataset/S10M01/Fake/4.wav,1,MEN,MEN-S10M01,TG:4cfc5f39575a38c2,-8.5078125,1,0.4775,0.00020184422
mendeley/extracted/Bangla Audio Dataset Original and DeepFake Voices for AI-Based Voice Analysis and Detection/Dataset/S10M01/Fake/5.wav,1,MEN,MEN-S10M01,TG:1599e574af42cfa4,-5.6328125,1,0.4758333333333333,0.0035657366
mendeley/extracted/Bangla Audio Dataset Original and DeepFake Voices for AI-Based Voice Analysis and Detection/Dataset/S10M01/Fake/6.wav,1,MEN,MEN-S10M01,TG:ab19869b4d329944,-6.8984375,1,0.2574999999999999,0.0010083435
mendeley/extracted/Bangla Audio Dataset Original and DeepFake Voices for AI-Based Voice Analysis and Detection/Dataset/S10M01/Fake/7.wav,1,MEN,MEN-S10M01,TG:ded1f5c9728375f6,-3.5859375,1,0.6141666666666667,0.026963497
mendeley/extracted/Bangla Audio Dataset Original and DeepFake Voices for AI-Based Voice Analysis and Detection/Dataset/S10M01/Fake/8.wav,1,MEN,MEN-S10M01,TG:caa70121004273c9,-12.5859375,1,0.5641666666666667,3.4197574e-06
mendeley/extracted/Bangla Audio Dataset Original and DeepFake Voices for AI-Based Voice Analysis and Detection/Dataset/S10M01/Fake/9.wav,1,MEN,MEN-S10M01,TG:e45efc4bac420645,-9.6953125,1,0.4275,6.156764e-05
mendeley/extracted/Bangla Audio Dataset Original and DeepFake Voices for AI-Based Voice Analysis and Detection/Dataset/S10M01/Real/1.wav,0,MEN,MEN-S10M01,TG:d3ce29150919b0bf,-9.1015625,1,0.3491666666666666,0.00011147904
mendeley/extracted/Bangla Audio Dataset Original and DeepFake Voices for AI-Based Voice Analysis and Detection/Dataset/S10M01/Real/10.wav,0,MEN,MEN-S10M01,TG:2053513ab857e64b,-8.21875,1,0.3325,0.00026947918
mendeley/extracted/Bangla Audio Dataset Original and DeepFake Voices for AI-Based Voice Analysis and Detection/Dataset/S10M01/Real/11.wav,0,MEN,MEN-S10M01,TG:2557d7be6d06171f,-9.0234375,1,0.3375,0.00012053649
mendeley/extracted/Bangla Audio Dataset Original and DeepFake Voices for AI-Based Voice Analysis and Detection/Dataset/S10M01/Real/12.wav,0,MEN,MEN-S10M01,TG:1ad78c16e9f1fa18,-10.1484375,1,0.4958333333333333,3.9135655e-05
mendeley/extracted/Bangla Audio Dataset Original and DeepFake Voices for AI-Based Voice Analysis and Detection/Dataset/S10M01/Real/13.wav,0,MEN,MEN-S10M01,TG:8755d96808d69cf8,-11.8828125,1,0.5541666666666667,6.908075e-06
mendeley/extracted/Bangla Audio Dataset Original and DeepFake Voices for AI-Based Voice Analysis and Detection/Dataset/S10M01/Real/14.wav,0,MEN,MEN-S10M01,TG:a752f9ff5f43a780,-12.9375,1,0.5625,2.4061026e-06
mendeley/extracted/Bangla Audio Dataset Original and DeepFake Voices for AI-Based Voice Analysis and Detection/Dataset/S10M01/Real/15.wav,0,MEN,MEN-S10M01,TG:87dc8ea01461476e,-9.5390625,1,0.4958333333333333,7.197912e-05
mendeley/extracted/Bangla Audio Dataset Original and DeepFake Voices for AI-Based Voice Analysis and Detection/Dataset/S10M01/Real/16.wav,0,MEN,MEN-S10M01,TG:a161442acecd244f,-13.6953125,1,0.3658333333333333,1.1277189e-06
mendeley/extracted/Bangla Audio Dataset Original and DeepFake Voices for AI-Based Voice Analysis and Detection/Dataset/S10M01/Real/17.wav,0,MEN,MEN-S10M01,TG:03f064fdfaf1ab36,-7.46875,1,0.5991666666666666,0.0005703157
mendeley/extracted/Bangla Audio Dataset Original and DeepFake Voices for AI-Based Voice Analysis and Detection/Dataset/S10M01/Real/18.wav,0,MEN,MEN-S10M01,TG:b94d39ca30d8b003,-6.140625,1,0.4875,0.0021489493
mendeley/extracted/Bangla Audio Dataset Original and DeepFake Voices for AI-Based Voice Analysis and Detection/Dataset/S10M01/Real/19.wav,0,MEN,MEN-S10M01,TG:292f77d0836ad383,-10.0390625,1,0.3824999999999999,4.365878e-05
mendeley/extracted/Bangla Audio Dataset Original and DeepFake Voices for AI-Based Voice Analysis and Detection/Dataset/S10M01/Real/2.wav,0,MEN,MEN-S10M01,TG:777323a77bbfb0f1,-4.2070312,1,0.4175,0.014672034
mendeley/extracted/Bangla Audio Dataset Original and DeepFake Voices for AI-Based Voice Analysis and Detection/Dataset/S10M01/Real/20.wav,0,MEN,MEN-S10M01,TG:d7eb7bfa4ea54586,-5.0976562,1,0.5425,0.0060739345
mendeley/extracted/Bangla Audio Dataset Original and DeepFake Voices for AI-Based Voice Analysis and Detection/Dataset/S10M01/Real/21.wav,0,MEN,MEN-S10M01,TG:a76e4f06cf107f94,-9.515625,1,0.5041666666666667,7.368594e-05
mendeley/extracted/Bangla Audio Dataset Original and DeepFake Voices for AI-Based Voice Analysis and Detection/Dataset/S10M01/Real/22.wav,0,MEN,MEN-S10M01,TG:0eb06cb4db7fa33d,-8.5234375,1,0.4691666666666666,0.00019871553
mendeley/extracted/Bangla Audio Dataset Original and DeepFake Voices for AI-Based Voice Analysis and Detection/Dataset/S10M01/Real/23.wav,0,MEN,MEN-S10M01,TG:411b82bee58b8a11,-5.15625,1,0.5025,0.0057302467
mendeley/extracted/Bangla Audio Dataset Original and DeepFake Voices for AI-Based Voice Analysis and Detection/Dataset/S10M01/Real/24.wav,0,MEN,MEN-S10M01,TG:2d6549bed8663a0e,-0.41723633,1,0.4608333333333333,0.39717826
mendeley/extracted/Bangla Audio Dataset Original and DeepFake Voices for AI-Based Voice Analysis and Detection/Dataset/S10M01/Real/25.wav,0,MEN,MEN-S10M01,TG:f9f8fdb09d02dc4f,-5.4960938,1,0.7108333333333333,0.0040860022
mendeley/extracted/Bangla Audio Dataset Original and DeepFake Voices for AI-Based Voice Analysis and Detection/Dataset/S10M01/Real/26.wav,0,MEN,MEN-S10M01,TG:d21f1014c15ffac8,-10.0390625,1,0.6174999999999999,4.365878e-05
mendeley/extracted/Bangla Audio Dataset Original and DeepFake Voices for AI-Based Voice Analysis and Detection/Dataset/S10M01/Real/27.wav,0,MEN,MEN-S10M01,TG:93a66da769492799,-9.9296875,1,0.6458333333333333,4.870464e-05
mendeley/extracted/Bangla Audio Dataset Original and DeepFake Voices for AI-Based Voice Analysis and Detection/Dataset/S10M01/Real/28.wav,0,MEN,MEN-S10M01,TG:65c7f26c8f16369d,-13.25,1,0.3058333333333333,1.7603434e-06
mendeley/extracted/Bangla Audio Dataset Original and DeepFake Voices for AI-Based Voice Analysis and Detection/Dataset/S10M01/Real/29.wav,0,MEN,MEN-S10M01,TG:bcb64741cfa3e7b8,-4.9492188,1,0.6158333333333333,0.0070390454
mendeley/extracted/Bangla Audio Dataset Original and DeepFake Voices for AI-Based Voice Analysis and Detection/Dataset/S10M01/Real/3.wav,0,MEN,MEN-S10M01,TG:e3d1f199eb45a8bb,-4.3320312,1,0.5391666666666667,0.012970387
mendeley/extracted/Bangla Audio Dataset Original and DeepFake Voices for AI-Based Voice Analysis and Detection/Dataset/S10M01/Real/30.wav,0,MEN,MEN-S10M01,TG:d1cbe39bd9b59ac2,-0.111572266,1,0.5525,0.47213587
mendeley/extracted/Bangla Audio Dataset Original and DeepFake Voices for AI-Based Voice Analysis and Detection/Dataset/S10M01/Real/4.wav,0,MEN,MEN-S10M01,TG:4cfc5f39575a38c2,-13.859375,1,0.4758333333333333,9.570828e-07
mendeley/extracted/Bangla Audio Dataset Original and DeepFake Voices for AI-Based Voice Analysis and Detection/Dataset/S10M01/Real/5.wav,0,MEN,MEN-S10M01,TG:1599e574af42cfa4,-3.0410156,1,0.5158333333333334,0.045606945
mendeley/extracted/Bangla Audio Dataset Original and DeepFake Voices for AI-Based Voice Analysis and Detection/Dataset/S10M01/Real/6.wav,0,MEN,MEN-S10M01,TG:ab19869b4d329944,5.6484375,1,0.4558333333333333,0.99648935
mendeley/extracted/Bangla Audio Dataset Original and DeepFake Voices for AI-Based Voice Analysis and Detection/Dataset/S10M01/Real/7.wav,0,MEN,MEN-S10M01,TG:ded1f5c9728375f6,-3.2890625,1,0.5141666666666667,0.035948325
mendeley/extracted/Bangla Audio Dataset Original and DeepFake Voices for AI-Based Voice Analysis and Detection/Dataset/S10M01/Real/8.wav,0,MEN,MEN-S10M01,TG:caa70121004273c9,-9.921875,1,0.5325,4.908662e-05
mendeley/extracted/Bangla Audio Dataset Original and DeepFake Voices for AI-Based Voice Analysis and Detection/Dataset/S10M01/Real/9.wav,0,MEN,MEN-S10M01,TG:e45efc4bac420645,-12.671875,1,0.3974999999999999,3.138147e-06
mendeley/extracted/Bangla Audio Dataset Original and DeepFake Voices for AI-Based Voice Analysis and Detection/Dataset/S10M02/Fake/1.wav,1,MEN,MEN-S10M02,TG:d3ce29150919b0bf,-10.484375,1,0.2691666666666666,2.7969301e-05
mendeley/extracted/Bangla Audio Dataset Original and DeepFake Voices for AI-Based Voice Analysis and Detection/Dataset/S10M02/Fake/10.wav,1,MEN,MEN-S10M02,TG:2053513ab857e64b,-2.8652344,1,0.3575,0.053899158
mendeley/extracted/Bangla Audio Dataset Original and DeepFake Voices for AI-Based Voice Analysis and Detection/Dataset/S10M02/Fake/11.wav,1,MEN,MEN-S10M02,TG:2557d7be6d06171f,-7.6914062,1,0.3241666666666667,0.0004565269
mendeley/extracted/Bangla Audio Dataset Original and DeepFake Voices for AI-Based Voice Analysis and Detection/Dataset/S10M02/Fake/12.wav,1,MEN,MEN-S10M02,TG:1ad78c16e9f1fa18,-3.453125,1,0.4575,0.030675799
mendeley/extracted/Bangla Audio Dataset Original and DeepFake Voices for AI-Based Voice Analysis and Detection/Dataset/S10M02/Fake/13.wav,1,MEN,MEN-S10M02,TG:8755d96808d69cf8,-5.015625,1,0.5408333333333333,0.0065897717
mendeley/extracted/Bangla Audio Dataset Original and DeepFake Voices for AI-Based Voice Analysis and Detection/Dataset/S10M02/Fake/14.wav,1,MEN,MEN-S10M02,TG:a752f9ff5f43a780,-8.453125,1,0.5008333333333334,0.00021318757
mendeley/extracted/Bangla Audio Dataset Original and DeepFake Voices for AI-Based Voice Analysis and Detection/Dataset/S10M02/Fake/15.wav,1,MEN,MEN-S10M02,TG:87dc8ea01461476e,-9.296875,1,0.3675,9.1701964e-05
mendeley/extracted/Bangla Audio Dataset Original and DeepFake Voices for AI-Based Voice Analysis and Detection/Dataset/S10M02/Fake/16.wav,1,MEN,MEN-S10M02,TG:a161442acecd244f,-8.265625,1,0.0825,0.00025714198
mendeley/extracted/Bangla Audio Dataset Original and DeepFake Voices for AI-Based Voice Analysis and Detection/Dataset/S10M02/Fake/17.wav,1,MEN,MEN-S10M02,TG:03f064fdfaf1ab36,-10.1171875,1,0.4341666666666667,4.037791e-05
mendeley/extracted/Bangla Audio Dataset Original and DeepFake Voices for AI-Based Voice Analysis and Detection/Dataset/S10M02/Fake/18.wav,1,MEN,MEN-S10M02,TG:b94d39ca30d8b003,-6.453125,1,0.4875,0.0015731121
mendeley/extracted/Bangla Audio Dataset Original and DeepFake Voices for AI-Based Voice Analysis and Detection/Dataset/S10M02/Fake/19.wav,1,MEN,MEN-S10M02,TG:292f77d0836ad383,-3.890625,1,0.4808333333333333,0.020023443
mendeley/extracted/Bangla Audio Dataset Original and DeepFake Voices for AI-Based Voice Analysis and Detection/Dataset/S10M02/Fake/2.wav,1,MEN,MEN-S10M02,TG:777323a77bbfb0f1,-7.3085938,2,0.0,0.00066931
mendeley/extracted/Bangla Audio Dataset Original and DeepFake Voices for AI-Based Voice Analysis and Detection/Dataset/S10M02/Fake/20.wav,1,MEN,MEN-S10M02,TG:d7eb7bfa4ea54586,-6.9453125,1,0.3125,0.0009622126
mendeley/extracted/Bangla Audio Dataset Original and DeepFake Voices for AI-Based Voice Analysis and Detection/Dataset/S10M02/Fake/21.wav,1,MEN,MEN-S10M02,TG:a76e4f06cf107f94,-2.3574219,1,0.4441666666666667,0.08647765
mendeley/extracted/Bangla Audio Dataset Original and DeepFake Voices for AI-Based Voice Analysis and Detection/Dataset/S10M02/Fake/22.wav,1,MEN,MEN-S10M02,TG:0eb06cb4db7fa33d,-8.34375,1,0.3758333333333333,0.00023782204
mendeley/extracted/Bangla Audio Dataset Original and DeepFake Voices for AI-Based Voice Analysis and Detection/Dataset/S10M02/Fake/23.wav,1,MEN,MEN-S10M02,TG:411b82bee58b8a11,-5.7109375,1,0.4075,0.0032986512
mendeley/extracted/Bangla Audio Dataset Original and DeepFake Voices for AI-Based Voice Analysis and Detection/Dataset/S10M02/Fake/24.wav,1,MEN,MEN-S10M02,TG:2d6549bed8663a0e,-1.2451172,1,0.3991666666666666,0.22354652
mendeley/extracted/Bangla Audio Dataset Original and DeepFake Voices for AI-Based Voice Analysis and Detection/Dataset/S10M02/Fake/25.wav,1,MEN,MEN-S10M02,TG:f9f8fdb09d02dc4f,-9.875,1,0.5175000000000001,5.1442217e-05
mendeley/extracted/Bangla Audio Dataset Original and DeepFake Voices for AI-Based Voice Analysis and Detection/Dataset/S10M02/Fake/26.wav,1,MEN,MEN-S10M02,TG:d21f1014c15ffac8,-3.6445312,1,0.3408333333333333,0.025468083
mendeley/extracted/Bangla Audio Dataset Original and DeepFake Voices for AI-Based Voice Analysis and Detection/Dataset/S10M02/Fake/27.wav,1,MEN,MEN-S10M02,TG:93a66da769492799,-8.78125,1,0.3858333333333333,0.0001535624
mendeley/extracted/Bangla Audio Dataset Original and DeepFake Voices for AI-Based Voice Analysis and Detection/Dataset/S10M02/Fake/28.wav,1,MEN,MEN-S10M02,TG:65c7f26c8f16369d,-6.6171875,1,0.0825,0.0013354009
mendeley/extracted/Bangla Audio Dataset Original and DeepFake Voices for AI-Based Voice Analysis and Detection/Dataset/S10M02/Fake/29.wav,1,MEN,MEN-S10M02,TG:bcb64741cfa3e7b8,-4.5039062,1,0.3791666666666666,0.010944578
mendeley/extracted/Bangla Audio Dataset Original and DeepFake Voices for AI-Based Voice Analysis and Detection/Dataset/S10M02/Fake/3.wav,1,MEN,MEN-S10M02,TG:e3d1f199eb45a8bb,-1.4541016,1,0.4525,0.18937114
mendeley/extracted/Bangla Audio Dataset Original and DeepFake Voices for AI-Based Voice Analysis and Detection/Dataset/S10M02/Fake/30.wav,1,MEN,MEN-S10M02,TG:d1cbe39bd9b59ac2,-8.5234375,1,0.3708333333333333,0.00019871553
mendeley/extracted/Bangla Audio Dataset Original and DeepFake Voices for AI-Based Voice Analysis and Detection/Dataset/S10M02/Fake/4.wav,1,MEN,MEN-S10M02,TG:4cfc5f39575a38c2,-6.9101562,1,0.4958333333333333,0.0009966076
mendeley/extracted/Bangla Audio Dataset Original and DeepFake Voices for AI-Based Voice Analysis and Detection/Dataset/S10M02/Fake/5.wav,1,MEN,MEN-S10M02,TG:1599e574af42cfa4,-0.7265625,1,0.4708333333333333,0.32594952
mendeley/extracted/Bangla Audio Dataset Original and DeepFake Voices for AI-Based Voice Analysis and Detection/Dataset/S10M02/Fake/6.wav,1,MEN,MEN-S10M02,TG:ab19869b4d329944,-11.609375,1,0.2008333333333333,9.080475e-06
mendeley/extracted/Bangla Audio Dataset Original and DeepFake Voices for AI-Based Voice Analysis and Detection/Dataset/S10M02/Fake/7.wav,1,MEN,MEN-S10M02,TG:ded1f5c9728375f6,2.6210938,1,0.5958333333333333,0.93220687
mendeley/extracted/Bangla Audio Dataset Original and DeepFake Voices for AI-Based Voice Analysis and Detection/Dataset/S10M02/Fake/8.wav,1,MEN,MEN-S10M02,TG:caa70121004273c9,1.2705078,1,0.6325000000000001,0.78082967
mendeley/extracted/Bangla Audio Dataset Original and DeepFake Voices for AI-Based Voice Analysis and Detection/Dataset/S10M02/Fake/9.wav,1,MEN,MEN-S10M02,TG:e45efc4bac420645,-11.5546875,1,0.4741666666666666,9.590887e-06
mendeley/extracted/Bangla Audio Dataset Original and DeepFake Voices for AI-Based Voice Analysis and Detection/Dataset/S10M02/Real/1.wav,0,MEN,MEN-S10M02,TG:d3ce29150919b0bf,-9.828125,1,0.3991666666666666,5.391084e-05
mendeley/extracted/Bangla Audio Dataset Original and DeepFake Voices for AI-Based Voice Analysis and Detection/Dataset/S10M02/Real/10.wav,0,MEN,MEN-S10M02,TG:2053513ab857e64b,-3.9316406,1,0.5108333333333333,0.01923426
mendeley/extracted/Bangla Audio Dataset Original and DeepFake Voices for AI-Based Voice Analysis and Detection/Dataset/S10M02/Real/11.wav,0,MEN,MEN-S10M02,TG:2557d7be6d06171f,4.2929688,1,0.4758333333333333,0.98651993
mendeley/extracted/Bangla Audio Dataset Original and DeepFake Voices for AI-Based Voice Analysis and Detection/Dataset/S10M02/Real/12.wav,0,MEN,MEN-S10M02,TG:1ad78c16e9f1fa18,-6.2539062,1,0.5008333333333334,0.0019192374
mendeley/extracted/Bangla Audio Dataset Original and DeepFake Voices for AI-Based Voice Analysis and Detection/Dataset/S10M02/Real/13.wav,0,MEN,MEN-S10M02,TG:8755d96808d69cf8,-9.671875,1,0.6791666666666667,6.302758e-05
mendeley/extracted/Bangla Audio Dataset Original and DeepFake Voices for AI-Based Voice Analysis and Detection/Dataset/S10M02/Real/14.wav,0,MEN,MEN-S10M02,TG:a752f9ff5f43a780,-6.1992188,1,0.6325000000000001,0.0020269002
mendeley/extracted/Bangla Audio Dataset Original and DeepFake Voices for AI-Based Voice Analysis and Detection/Dataset/S10M02/Real/15.wav,0,MEN,MEN-S10M02,TG:87dc8ea01461476e,-3.609375,1,0.5308333333333333,0.026355354
mendeley/extracted/Bangla Audio Dataset Original and DeepFake Voices for AI-Based Voice Analysis and Detection/Dataset/S10M02/Real/16.wav,0,MEN,MEN-S10M02,TG:a161442acecd244f,-9.8125,1,0.4141666666666667,5.4759774e-05
mendeley/extracted/Bangla Audio Dataset Original and DeepFake Voices for AI-Based Voice Analysis and Detection/Dataset/S10M02/Real/17.wav,0,MEN,MEN-S10M02,TG:03f064fdfaf1ab36,-7.1132812,1,0.5241666666666667,0.00081355654
mendeley/extracted/Bangla Audio Dataset Original and DeepFake Voices for AI-Based Voice Analysis and Detection/Dataset/S10M02/Real/18.wav,0,MEN,MEN-S10M02,TG:b94d39ca30d8b003,-4.4765625,1,0.5608333333333333,0.011244561
mendeley/extracted/Bangla Audio Dataset Original and DeepFake Voices for AI-Based Voice Analysis and Detection/Dataset/S10M02/Real/19.wav,0,MEN,MEN-S10M02,TG:292f77d0836ad383,-0.99316406,1,0.4641666666666666,0.27028757
mendeley/extracted/Bangla Audio Dataset Original and DeepFake Voices for AI-Based Voice Analysis and Detection/Dataset/S10M02/Real/2.wav,0,MEN,MEN-S10M02,TG:777323a77bbfb0f1,-5.390625,1,0.4841666666666666,0.0045384318
mendeley/extracted/Bangla Audio Dataset Original and DeepFake Voices for AI-Based Voice Analysis and Detection/Dataset/S10M02/Real/20.wav,0,MEN,MEN-S10M02,TG:d7eb7bfa4ea54586,-4.78125,1,0.5308333333333333,0.008315778
mendeley/extracted/Bangla Audio Dataset Original and DeepFake Voices for AI-Based Voice Analysis and Detection/Dataset/S10M02/Real/21.wav,0,MEN,MEN-S10M02,TG:a76e4f06cf107f94,-8.734375,1,0.6808333333333334,0.00016093084
mendeley/extracted/Bangla Audio Dataset Original and DeepFake Voices for AI-Based Voice Analysis and Detection/Dataset/S10M02/Real/22.wav,0,MEN,MEN-S10M02,TG:0eb06cb4db7fa33d,-2.1914062,1,0.5325,0.100524865
mendeley/extracted/Bangla Audio Dataset Original and DeepFake Voices for AI-Based Voice Analysis and Detection/Dataset/S10M02/Real/23.wav,0,MEN,MEN-S10M02,TG:411b82bee58b8a11,-5.9960938,1,0.5558333333333334,0.0024822769
mendeley/extracted/Bangla Audio Dataset Original and DeepFake Voices for AI-Based Voice Analysis and Detection/Dataset/S10M02/Real/24.wav,0,MEN,MEN-S10M02,TG:2d6549bed8663a0e,-0.11553955,1,0.6375,0.47114718
mendeley/extracted/Bangla Audio Dataset Original and DeepFake Voices for AI-Based Voice Analysis and Detection/Dataset/S10M02/Real/25.wav,0,MEN,MEN-S10M02,TG:f9f8fdb09d02dc4f,0.28076172,1,0.6108333333333333,0.56973296
mendeley/extracted/Bangla Audio Dataset Original and DeepFake Voices for AI-Based Voice Analysis and Detection/Dataset/S10M02/Real/26.wav,0,MEN,MEN-S10M02,TG:d21f1014c15ffac8,-2.5917969,1,0.6191666666666666,0.069668226
mendeley/extracted/Bangla Audio Dataset Original and DeepFake Voices for AI-Based Voice Analysis and Detection/Dataset/S10M02/Real/27.wav,0,MEN,MEN-S10M02,TG:93a66da769492799,-5.1875,1,0.6741666666666667,0.0055549247
mendeley/extracted/Bangla Audio Dataset Original and DeepFake Voices for AI-Based Voice Analysis and Detection/Dataset/S10M02/Real/28.wav,0,MEN,MEN-S10M02,TG:65c7f26c8f16369d,-1.4628906,1,0.4841666666666666,0.18802562
mendeley/extracted/Bangla Audio Dataset Original and DeepFake Voices for AI-Based Voice Analysis and Detection/Dataset/S10M02/Real/29.wav,0,MEN,MEN-S10M02,TG:bcb64741cfa3e7b8,-7.2734375,1,0.4825,0.00069324224
mendeley/extracted/Bangla Audio Dataset Original and DeepFake Voices for AI-Based Voice Analysis and Detection/Dataset/S10M02/Real/3.wav,0,MEN,MEN-S10M02,TG:e3d1f199eb45a8bb,-6.703125,1,0.4591666666666666,0.0012255674
mendeley/extracted/Bangla Audio Dataset Original and DeepFake Voices for AI-Based Voice Analysis and Detection/Dataset/S10M02/Real/30.wav,0,MEN,MEN-S10M02,TG:d1cbe39bd9b59ac2,-5.234375,1,0.4875,0.005301895
mendeley/extracted/Bangla Audio Dataset Original and DeepFake Voices for AI-Based Voice Analysis and Detection/Dataset/S10M02/Real/4.wav,0,MEN,MEN-S10M02,TG:4cfc5f39575a38c2,-7.0664062,1,0.5941666666666667,0.0008525666
mendeley/extracted/Bangla Audio Dataset Original and DeepFake Voices for AI-Based Voice Analysis and Detection/Dataset/S10M02/Real/5.wav,0,MEN,MEN-S10M02,TG:1599e574af42cfa4,-11.703125,1,0.5775,8.267873e-06
mendeley/extracted/Bangla Audio Dataset Original and DeepFake Voices for AI-Based Voice Analysis and Detection/Dataset/S10M02/Real/6.wav,0,MEN,MEN-S10M02,TG:ab19869b4d329944,3.6621094,1,0.4908333333333333,0.9749646
mendeley/extracted/Bangla Audio Dataset Original and DeepFake Voices for AI-Based Voice Analysis and Detection/Dataset/S10M02/Real/7.wav,0,MEN,MEN-S10M02,TG:ded1f5c9728375f6,4.4296875,1,0.6675,0.9882222
mendeley/extracted/Bangla Audio Dataset Original and DeepFake Voices for AI-Based Voice Analysis and Detection/Dataset/S10M02/Real/8.wav,0,MEN,MEN-S10M02,TG:caa70121004273c9,-4.8125,1,0.6141666666666667,0.008061992
mendeley/extracted/Bangla Audio Dataset Original and DeepFake Voices for AI-Based Voice Analysis and Detection/Dataset/S10M02/Real/9.wav,0,MEN,MEN-S10M02,TG:e45efc4bac420645,-6.1992188,1,0.6941666666666666,0.0020269002
mendeley/extracted/Bangla Audio Dataset Original and DeepFake Voices for AI-Based Voice Analysis and Detection/Dataset/S11F02/Fake/1.wav,1,MEN,MEN-S11F02,TG:2cc4f4d2a83c1413,-9.2421875,1,0.3408333333333333,9.6856085e-05
mendeley/extracted/Bangla Audio Dataset Original and DeepFake Voices for AI-Based Voice Analysis and Detection/Dataset/S11F02/Fake/10.wav,1,MEN,MEN-S11F02,TG:a274fcdc210bc630,-7.03125,1,0.5941666666666667,0.0008830458
mendeley/extracted/Bangla Audio Dataset Original and DeepFake Voices for AI-Based Voice Analysis and Detection/Dataset/S11F02/Fake/11.wav,1,MEN,MEN-S11F02,TG:3ff090a90db76715,-10.9453125,1,0.4625,1.76402e-05
mendeley/extracted/Bangla Audio Dataset Original and DeepFake Voices for AI-Based Voice Analysis and Detection/Dataset/S11F02/Fake/12.wav,1,MEN,MEN-S11F02,TG:71382ca3963bf670,-12.4765625,1,0.5125,3.8150138e-06
mendeley/extracted/Bangla Audio Dataset Original and DeepFake Voices for AI-Based Voice Analysis and Detection/Dataset/S11F02/Fake/13.wav,1,MEN,MEN-S11F02,TG:452ffb045be62656,-12.3828125,1,0.4991666666666666,4.1899716e-06
mendeley/extracted/Bangla Audio Dataset Original and DeepFake Voices for AI-Based Voice Analysis and Detection/Dataset/S11F02/Fake/14.wav,1,MEN,MEN-S11F02,TG:7eedeccecbd89970,-11.1484375,1,0.5408333333333333,1.4397558e-05
mendeley/extracted/Bangla Audio Dataset Original and DeepFake Voices for AI-Based Voice Analysis and Detection/Dataset/S11F02/Fake/15.wav,1,MEN,MEN-S11F02,TG:d87b618675761d08,-15.8125,1,0.3874999999999999,1.357433e-07
mendeley/extracted/Bangla Audio Dataset Original and DeepFake Voices for AI-Based Voice Analysis and Detection/Dataset/S11F02/Fake/16.wav,1,MEN,MEN-S11F02,TG:bb75654add7236ae,0.6069336,1,0.5041666666666667,0.647241
mendeley/extracted/Bangla Audio Dataset Original and DeepFake Voices for AI-Based Voice Analysis and Detection/Dataset/S11F02/Fake/17.wav,1,MEN,MEN-S11F02,TG:89ee3dc6d83890bd,-7.4453125,1,0.4491666666666667,0.0005838325
mendeley/extracted/Bangla Audio Dataset Original and DeepFake Voices for AI-Based Voice Analysis and Detection/Dataset/S11F02/Fake/18.wav,1,MEN,MEN-S11F02,TG:818304947fb7a25a,-14.7109375,1,0.4908333333333333,4.08433e-07
mendeley/extracted/Bangla Audio Dataset Original and DeepFake Voices for AI-Based Voice Analysis and Detection/Dataset/S11F02/Fake/19.wav,1,MEN,MEN-S11F02,TG:bc0f2c6a0e07b2a6,-12.4375,1,0.4925,3.966986e-06
mendeley/extracted/Bangla Audio Dataset Original and DeepFake Voices for AI-Based Voice Analysis and Detection/Dataset/S11F02/Fake/2.wav,1,MEN,MEN-S11F02,TG:ea8971d60c8a3d84,-11.3046875,1,0.4041666666666667,1.2314909e-05
mendeley/extracted/Bangla Audio Dataset Original and DeepFake Voices for AI-Based Voice Analysis and Detection/Dataset/S11F02/Fake/20.wav,1,MEN,MEN-S11F02,TG:39cfe8a6d823ad48,-10.921875,1,0.5941666666666667,1.805852e-05
mendeley/extracted/Bangla Audio Dataset Original and DeepFake Voices for AI-Based Voice Analysis and Detection/Dataset/S11F02/Fake/21.wav,1,MEN,MEN-S11F02,TG:d51ff1fb9a1168b3,-5.546875,1,0.5141666666666667,0.0038844766
mendeley/extracted/Bangla Audio Dataset Original and DeepFake Voices for AI-Based Voice Analysis and Detection/Dataset/S11F02/Fake/22.wav,1,MEN,MEN-S11F02,TG:6b10fe5360d0e7f0,-6.5976562,1,0.4158333333333334,0.0013617035
mendeley/extracted/Bangla Audio Dataset Original and DeepFake Voices for AI-Based Voice Analysis and Detection/Dataset/S11F02/Fake/23.wav,1,MEN,MEN-S11F02,TG:e157bbeeb235cb6a,-10.015625,1,0.4608333333333333,4.4694076e-05
mendeley/extracted/Bangla Audio Dataset Original and DeepFake Voices for AI-Based Voice Analysis and Detection/Dataset/S11F02/Fake/24.wav,1,MEN,MEN-S11F02,TG:2a9e487decd776c5,-13.578125,1,0.4024999999999999,1.2679283e-06
mendeley/extracted/Bangla Audio Dataset Original and DeepFake Voices for AI-Based Voice Analysis and Detection/Dataset/S11F02/Fake/25.wav,1,MEN,MEN-S11F02,TG:4d4c34eabaac8b21,-13.4375,1,0.4758333333333333,1.4593761e-06
mendeley/extracted/Bangla Audio Dataset Original and DeepFake Voices for AI-Based Voice Analysis and Detection/Dataset/S11F02/Fake/26.wav,1,MEN,MEN-S11F02,TG:dbdf0c4b52c43061,-10.046875,1,0.5075000000000001,4.3319036e-05
mendeley/extracted/Bangla Audio Dataset Original and DeepFake Voices for AI-Based Voice Analysis and Detection/Dataset/S11F02/Fake/27.wav,1,MEN,MEN-S11F02,TG:329dcc685ab1bc7b,-15.90625,1,0.6241666666666666,1.235957e-07
mendeley/extracted/Bangla Audio Dataset Original and DeepFake Voices for AI-Based Voice Analysis and Detection/Dataset/S11F02/Fake/28.wav,1,MEN,MEN-S11F02,TG:449f908bd492908d,-8.09375,1,0.4975,0.00030534892
mendeley/extracted/Bangla Audio Dataset Original and DeepFake Voices for AI-Based Voice Analysis and Detection/Dataset/S11F02/Fake/29.wav,1,MEN,MEN-S11F02,TG:181c8cafbfc40722,-9.1015625,1,0.5275000000000001,0.00011147904
mendeley/extracted/Bangla Audio Dataset Original and DeepFake Voices for AI-Based Voice Analysis and Detection/Dataset/S11F02/Fake/3.wav,1,MEN,MEN-S11F02,TG:017a83ba301f0b69,-14.1875,1,0.5658333333333334,6.8936106e-07
mendeley/extracted/Bangla Audio Dataset Original and DeepFake Voices for AI-Based Voice Analysis and Detection/Dataset/S11F02/Fake/30.wav,1,MEN,MEN-S11F02,TG:6a64af8cbace37e4,-7.921875,1,0.2524999999999999,0.00036259004
mendeley/extracted/Bangla Audio Dataset Original and DeepFake Voices for AI-Based Voice Analysis and Detection/Dataset/S11F02/Fake/4.wav,1,MEN,MEN-S11F02,TG:eebedcc2c0031aad,-19.96875,1,0.5725,2.1265816e-09
mendeley/extracted/Bangla Audio Dataset Original and DeepFake Voices for AI-Based Voice Analysis and Detection/Dataset/S11F02/Fake/5.wav,1,MEN,MEN-S11F02,TG:d6de9b7770d9f7f2,-12.4765625,1,0.5675,3.8150138e-06
mendeley/extracted/Bangla Audio Dataset Original and DeepFake Voices for AI-Based Voice Analysis and Detection/Dataset/S11F02/Fake/6.wav,1,MEN,MEN-S11F02,TG:31de86c32ec8fe13,-6.9257812,1,0.4741666666666666,0.000981172
mendeley/extracted/Bangla Audio Dataset Original and DeepFake Voices for AI-Based Voice Analysis and Detection/Dataset/S11F02/Fake/7.wav,1,MEN,MEN-S11F02,TG:5b3673d2432ab3fb,-16.0,1,0.5375,1.12535155e-07
mendeley/extracted/Bangla Audio Dataset Original and DeepFake Voices for AI-Based Voice Analysis and Detection/Dataset/S11F02/Fake/8.wav,1,MEN,MEN-S11F02,TG:4f86653bb20c8a4c,-14.9140625,1,0.3858333333333333,3.3335337e-07
mendeley/extracted/Bangla Audio Dataset Original and DeepFake Voices for AI-Based Voice Analysis and Detection/Dataset/S11F02/Fake/9.wav,1,MEN,MEN-S11F02,TG:e90d11ccf74f6fd3,-8.9296875,1,0.5025,0.00013238186
mendeley/extracted/Bangla Audio Dataset Original and DeepFake Voices for AI-Based Voice Analysis and Detection/Dataset/S11F02/Real/1.wav,0,MEN,MEN-S11F02,TG:2cc4f4d2a83c1413,-8.6015625,1,0.4225,0.00018378458
mendeley/extracted/Bangla Audio Dataset Original and DeepFake Voices for AI-Based Voice Analysis and Detection/Dataset/S11F02/Real/10.wav,0,MEN,MEN-S11F02,TG:a274fcdc210bc630,-10.5859375,1,0.6174999999999999,2.5268228e-05
mendeley/extracted/Bangla Audio Dataset Original and DeepFake Voices for AI-Based Voice Analysis and Detection/Dataset/S11F02/Real/11.wav,0,MEN,MEN-S11F02,TG:3ff090a90db76715,-16.359375,1,0.6358333333333333,7.856221e-08
mendeley/extracted/Bangla Audio Dataset Original and DeepFake Voices for AI-Based Voice Analysis and Detection/Dataset/S11F02/Real/12.wav,0,MEN,MEN-S11F02,TG:71382ca3963bf670,-10.0546875,1,0.5708333333333333,4.298194e-05
mendeley/extracted/Bangla Audio Dataset Original and DeepFake Voices for AI-Based Voice Analysis and Detection/Dataset/S11F02/Real/13.wav,0,MEN,MEN-S11F02,TG:452ffb045be62656,-10.0625,1,0.5958333333333333,4.2647473e-05
mendeley/extracted/Bangla Audio Dataset Original and DeepFake Voices for AI-Based Voice Analysis and Detection/Dataset/S11F02/Real/14.wav,0,MEN,MEN-S11F02,TG:7eedeccecbd89970,-15.8125,1,0.6341666666666667,1.357433e-07
mendeley/extracted/Bangla Audio Dataset Original and DeepFake Voices for AI-Based Voice Analysis and Detection/Dataset/S11F02/Real/15.wav,0,MEN,MEN-S11F02,TG:d87b618675761d08,-19.453125,1,0.4841666666666666,3.5613539e-09
mendeley/extracted/Bangla Audio Dataset Original and DeepFake Voices for AI-Based Voice Analysis and Detection/Dataset/S11F02/Real/16.wav,0,MEN,MEN-S11F02,TG:bb75654add7236ae,-9.71875,1,0.4808333333333333,6.0141523e-05
mendeley/extracted/Bangla Audio Dataset Original and DeepFake Voices for AI-Based Voice Analysis and Detection/Dataset/S11F02/Real/17.wav,0,MEN,MEN-S11F02,TG:89ee3dc6d83890bd,-13.5234375,1,0.4825,1.3391991e-06
mendeley/extracted/Bangla Audio Dataset Original and DeepFake Voices for AI-Based Voice Analysis and Detection/Dataset/S11F02/Real/18.wav,0,MEN,MEN-S11F02,TG:818304947fb7a25a,-16.28125,1,0.4925,8.4945995e-08
mendeley/extracted/Bangla Audio Dataset Original and DeepFake Voices for AI-Based Voice Analysis and Detection/Dataset/S11F02/Real/19.wav,0,MEN,MEN-S11F02,TG:bc0f2c6a0e07b2a6,-2.3300781,1,0.5508333333333333,0.08866235
mendeley/extracted/Bangla Audio Dataset Original and DeepFake Voices for AI-Based Voice Analysis and Detection/Dataset/S11F02/Real/2.wav,0,MEN,MEN-S11F02,TG:ea8971d60c8a3d84,-16.234375,1,0.6508333333333334,8.902264e-08
mendeley/extracted/Bangla Audio Dataset Original and DeepFake Voices for AI-Based Voice Analysis and Detection/Dataset/S11F02/Real/20.wav,0,MEN,MEN-S11F02,TG:39cfe8a6d823ad48,-13.53125,1,0.5475,1.3287774e-06
mendeley/extracted/Bangla Audio Dataset Original and DeepFake Voices for AI-Based Voice Analysis and Detection/Dataset/S11F02/Real/21.wav,0,MEN,MEN-S11F02,TG:d51ff1fb9a1168b3,-10.453125,1,0.6191666666666666,2.8857117e-05
mendeley/extracted/Bangla Audio Dataset Original and DeepFake Voices for AI-Based Voice Analysis and Detection/Dataset/S11F02/Real/22.wav,0,MEN,MEN-S11F02,TG:6b10fe5360d0e7f0,-12.7578125,1,0.4658333333333333,2.8797258e-06
mendeley/extracted/Bangla Audio Dataset Original and DeepFake Voices for AI-Based Voice Analysis and Detection/Dataset/S11F02/Real/23.wav,0,MEN,MEN-S11F02,TG:e157bbeeb235cb6a,-12.4140625,1,0.5575,4.0610603e-06
mendeley/extracted/Bangla Audio Dataset Original and DeepFake Voices for AI-Based Voice Analysis and Detection/Dataset/S11F02/Real/24.wav,0,MEN,MEN-S11F02,TG:2a9e487decd776c5,-9.7421875,1,0.4858333333333333,5.874842e-05
mendeley/extracted/Bangla Audio Dataset Original and DeepFake Voices for AI-Based Voice Analysis and Detection/Dataset/S11F02/Real/25.wav,0,MEN,MEN-S11F02,TG:4d4c34eabaac8b21,-9.6796875,1,0.5958333333333333,6.253713e-05
mendeley/extracted/Bangla Audio Dataset Original and DeepFake Voices for AI-Based Voice Analysis and Detection/Dataset/S11F02/Real/26.wav,0,MEN,MEN-S11F02,TG:dbdf0c4b52c43061,-6.453125,1,0.6208333333333333,0.0015731121
mendeley/extracted/Bangla Audio Dataset Original and DeepFake Voices for AI-Based Voice Analysis and Detection/Dataset/S11F02/Real/27.wav,0,MEN,MEN-S11F02,TG:329dcc685ab1bc7b,-11.3125,1,0.6125,1.2219076e-05
mendeley/extracted/Bangla Audio Dataset Original and DeepFake Voices for AI-Based Voice Analysis and Detection/Dataset/S11F02/Real/28.wav,0,MEN,MEN-S11F02,TG:449f908bd492908d,-16.015625,1,0.6475,1.10790474e-07
mendeley/extracted/Bangla Audio Dataset Original and DeepFake Voices for AI-Based Voice Analysis and Detection/Dataset/S11F02/Real/29.wav,0,MEN,MEN-S11F02,TG:181c8cafbfc40722,-12.6171875,1,0.5708333333333333,3.314543e-06
mendeley/extracted/Bangla Audio Dataset Original and DeepFake Voices for AI-Based Voice Analysis and Detection/Dataset/S11F02/Real/3.wav,0,MEN,MEN-S11F02,TG:017a83ba301f0b69,-15.2109375,1,0.4658333333333333,2.477272e-07
mendeley/extracted/Bangla Audio Dataset Original and DeepFake Voices for AI-Based Voice Analysis and Detection/Dataset/S11F02/Real/30.wav,0,MEN,MEN-S11F02,TG:6a64af8cbace37e4,-7.8320312,1,0.4175,0.00039666123
mendeley/extracted/Bangla Audio Dataset Original and DeepFake Voices for AI-Based Voice Analysis and Detection/Dataset/S11F02/Real/4.wav,0,MEN,MEN-S11F02,TG:eebedcc2c0031aad,-12.015625,1,0.4341666666666667,6.0489183e-06
mendeley/extracted/Bangla Audio Dataset Original and DeepFake Voices for AI-Based Voice Analysis and Detection/Dataset/S11F02/Real/5.wav,0,MEN,MEN-S11F02,TG:d6de9b7770d9f7f2,-13.578125,1,0.4741666666666666,1.2679283e-06
mendeley/extracted/Bangla Audio Dataset Original and DeepFake Voices for AI-Based Voice Analysis and Detection/Dataset/S11F02/Real/6.wav,0,MEN,MEN-S11F02,TG:31de86c32ec8fe13,-18.734375,1,0.6825,7.3074236e-09
mendeley/extracted/Bangla Audio Dataset Original and DeepFake Voices for AI-Based Voice Analysis and Detection/Dataset/S11F02/Real/7.wav,0,MEN,MEN-S11F02,TG:5b3673d2432ab3fb,-13.359375,1,0.6425000000000001,1.5779618e-06
mendeley/extracted/Bangla Audio Dataset Original and DeepFake Voices for AI-Based Voice Analysis and Detection/Dataset/S11F02/Real/8.wav,0,MEN,MEN-S11F02,TG:4f86653bb20c8a4c,-10.59375,1,0.6141666666666667,2.5071593e-05
mendeley/extracted/Bangla Audio Dataset Original and DeepFake Voices for AI-Based Voice Analysis and Detection/Dataset/S11F02/Real/9.wav,0,MEN,MEN-S11F02,TG:e90d11ccf74f6fd3,-14.5703125,1,0.5241666666666667,4.701035e-07
mendeley/extracted/Bangla Audio Dataset Original and DeepFake Voices for AI-Based Voice Analysis and Detection/Dataset/S11F04/Fake/1.wav,1,MEN,MEN-S11F04,TG:2cc4f4d2a83c1413,-9.9453125,1,0.3991666666666666,4.7949583e-05
mendeley/extracted/Bangla Audio Dataset Original and DeepFake Voices for AI-Based Voice Analysis and Detection/Dataset/S11F04/Fake/10.wav,1,MEN,MEN-S11F04,TG:a274fcdc210bc630,-8.84375,1,0.5958333333333333,0.00014425987
mendeley/extracted/Bangla Audio Dataset Original and DeepFake Voices for AI-Based Voice Analysis and Detection/Dataset/S11F04/Fake/11.wav,1,MEN,MEN-S11F04,TG:3ff090a90db76715,-11.4375,1,0.4291666666666667,1.0783312e-05
mendeley/extracted/Bangla Audio Dataset Original and DeepFake Voices for AI-Based Voice Analysis and Detection/Dataset/S11F04/Fake/12.wav,1,MEN,MEN-S11F04,TG:71382ca3963bf670,-10.8046875,1,0.4375,2.0303693e-05
mendeley/extracted/Bangla Audio Dataset Original and DeepFake Voices for AI-Based Voice Analysis and Detection/Dataset/S11F04/Fake/13.wav,1,MEN,MEN-S11F04,TG:452ffb045be62656,-1.5166016,1,0.4725,0.1799625
mendeley/extracted/Bangla Audio Dataset Original and DeepFake Voices for AI-Based Voice Analysis and Detection/Dataset/S11F04/Fake/14.wav,1,MEN,MEN-S11F04,TG:7eedeccecbd89970,-18.34375,1,0.5541666666666667,1.0799672e-08
mendeley/extracted/Bangla Audio Dataset Original and DeepFake Voices for AI-Based Voice Analysis and Detection/Dataset/S11F04/Fake/15.wav,1,MEN,MEN-S11F04,TG:d87b618675761d08,-10.515625,1,0.4058333333333334,2.71088e-05
mendeley/extracted/Bangla Audio Dataset Original and DeepFake Voices for AI-Based Voice Analysis and Detection/Dataset/S11F04/Fake/16.wav,1,MEN,MEN-S11F04,TG:bb75654add7236ae,-4.4179688,1,0.5758333333333333,0.0119150225
mendeley/extracted/Bangla Audio Dataset Original and DeepFake Voices for AI-Based Voice Analysis and Detection/Dataset/S11F04/Fake/17.wav,1,MEN,MEN-S11F04,TG:89ee3dc6d83890bd,-7.4335938,1,0.5125,0.0005907105
mendeley/extracted/Bangla Audio Dataset Original and DeepFake Voices for AI-Based Voice Analysis and Detection/Dataset/S11F04/Fake/18.wav,1,MEN,MEN-S11F04,TG:818304947fb7a25a,-14.8671875,1,0.4941666666666666,3.493513e-07
mendeley/extracted/Bangla Audio Dataset Original and DeepFake Voices for AI-Based Voice Analysis and Detection/Dataset/S11F04/Fake/19.wav,1,MEN,MEN-S11F04,TG:bc0f2c6a0e07b2a6,-12.25,1,0.5241666666666667,4.7850945e-06
mendeley/extracted/Bangla Audio Dataset Original and DeepFake Voices for AI-Based Voice Analysis and Detection/Dataset/S11F04/Fake/2.wav,1,MEN,MEN-S11F04,TG:ea8971d60c8a3d84,-7.2890625,1,0.3658333333333333,0.0006825019
mendeley/extracted/Bangla Audio Dataset Original and DeepFake Voices for AI-Based Voice Analysis and Detection/Dataset/S11F04/Fake/20.wav,1,MEN,MEN-S11F04,TG:39cfe8a6d823ad48,-3.3847656,1,0.5808333333333333,0.032774985
mendeley/extracted/Bangla Audio Dataset Original and DeepFake Voices for AI-Based Voice Analysis and Detection/Dataset/S11F04/Fake/21.wav,1,MEN,MEN-S11F04,TG:d51ff1fb9a1168b3,-15.421875,1,0.5575,2.006156e-07
mendeley/extracted/Bangla Audio Dataset Original and DeepFake Voices for AI-Based Voice Analysis and Detection/Dataset/S11F04/Fake/22.wav,1,MEN,MEN-S11F04,TG:6b10fe5360d0e7f0,-15.6171875,1,0.4041666666666667,1.650219e-07
mendeley/extracted/Bangla Audio Dataset Original and DeepFake Voices for AI-Based Voice Analysis and Detection/Dataset/S11F04/Fake/23.wav,1,MEN,MEN-S11F04,TG:e157bbeeb235cb6a,-7.8671875,1,0.4825,0.00038296363
mendeley/extracted/Bangla Audio Dataset Original and DeepFake Voices for AI-Based Voice Analysis and Detection/Dataset/S11F04/Fake/24.wav,1,MEN,MEN-S11F04,TG:2a9e487decd776c5,-6.8710938,1,0.3991666666666666,0.0010362668
mendeley/extracted/Bangla Audio Dataset Original and DeepFake Voices for AI-Based Voice Analysis and Detection/Dataset/S11F04/Fake/25.wav,1,MEN,MEN-S11F04,TG:4d4c34eabaac8b21,-10.4296875,1,0.4408333333333333,2.9541427e-05
mendeley/extracted/Bangla Audio Dataset Original and DeepFake Voices for AI-Based Voice Analysis and Detection/Dataset/S11F04/Fake/26.wav,1,MEN,MEN-S11F04,TG:dbdf0c4b52c43061,-10.2109375,1,0.5208333333333333,3.6764628e-05
mendeley/extracted/Bangla Audio Dataset Original and DeepFake Voices for AI-Based Voice Analysis and Detection/Dataset/S11F04/Fake/27.wav,1,MEN,MEN-S11F04,TG:329dcc685ab1bc7b,-11.203125,1,0.5608333333333333,1.3631346e-05
mendeley/extracted/Bangla Audio Dataset Original and DeepFake Voices for AI-Based Voice Analysis and Detection/Dataset/S11F04/Fake/28.wav,1,MEN,MEN-S11F04,TG:449f908bd492908d,-7.1601562,1,0.4741666666666666,0.00077632995
mendeley/extracted/Bangla Audio Dataset Original and DeepFake Voices for AI-Based Voice Analysis and Detection/Dataset/S11F04/Fake/29.wav,1,MEN,MEN-S11F04,TG:181c8cafbfc40722,-12.09375,1,0.5025,5.594338e-06
mendeley/extracted/Bangla Audio Dataset Original and DeepFake Voices for AI-Based Voice Analysis and Detection/Dataset/S11F04/Fake/3.wav,1,MEN,MEN-S11F04,TG:017a83ba301f0b69,-9.734375,1,0.5475,5.9209164e-05
mendeley/extracted/Bangla Audio Dataset Original and DeepFake Voices for AI-Based Voice Analysis and Detection/Dataset/S11F04/Fake/30.wav,1,MEN,MEN-S11F04,TG:6a64af8cbace37e4,-8.8125,1,0.2691666666666666,0.00014883849
mendeley/extracted/Bangla Audio Dataset Original and DeepFake Voices for AI-Based Voice Analysis and Detection/Dataset/S11F04/Fake/4.wav,1,MEN,MEN-S11F04,TG:eebedcc2c0031aad,-2.4550781,1,0.5358333333333334,0.07906799
mendeley/extracted/Bangla Audio Dataset Original and DeepFake Voices for AI-Based Voice Analysis and Detection/Dataset/S11F04/Fake/5.wav,1,MEN,MEN-S11F04,TG:d6de9b7770d9f7f2,-10.796875,1,0.5258333333333334,2.0462934e-05
mendeley/extracted/Bangla Audio Dataset Original and DeepFake Voices for AI-Based Voice Analysis and Detection/Dataset/S11F04/Fake/6.wav,1,MEN,MEN-S11F04,TG:31de86c32ec8fe13,0.20483398,1,0.5308333333333333,0.55103016
mendeley/extracted/Bangla Audio Dataset Original and DeepFake Voices for AI-Based Voice Analysis and Detection/Dataset/S11F04/Fake/7.wav,1,MEN,MEN-S11F04,TG:5b3673d2432ab3fb,-17.71875,1,0.4708333333333333,2.0176445e-08
mendeley/extracted/Bangla Audio Dataset Original and DeepFake Voices for AI-Based Voice Analysis and Detection/Dataset/S11F04/Fake/8.wav,1,MEN,MEN-S11F04,TG:4f86653bb20c8a4c,-12.4453125,1,0.4008333333333334,3.936115e-06
mendeley/extracted/Bangla Audio Dataset Original and DeepFake Voices for AI-Based Voice Analysis and Detection/Dataset/S11F04/Fake/9.wav,1,MEN,MEN-S11F04,TG:e90d11ccf74f6fd3,-9.296875,1,0.4475,9.1701964e-05
mendeley/extracted/Bangla Audio Dataset Original and DeepFake Voices for AI-Based Voice Analysis and Detection/Dataset/S11F04/Real/1.wav,0,MEN,MEN-S11F04,TG:2cc4f4d2a83c1413,-5.6757812,1,0.4675,0.0034162789
mendeley/extracted/Bangla Audio Dataset Original and DeepFake Voices for AI-Based Voice Analysis and Detection/Dataset/S11F04/Real/10.wav,0,MEN,MEN-S11F04,TG:a274fcdc210bc630,6.0429688,1,0.3508333333333333,0.9976311
mendeley/extracted/Bangla Audio Dataset Original and DeepFake Voices for AI-Based Voice Analysis and Detection/Dataset/S11F04/Real/11.wav,0,MEN,MEN-S11F04,TG:3ff090a90db76715,-5.0351562,1,0.4508333333333333,0.0064631375
mendeley/extracted/Bangla Audio Dataset Original and DeepFake Voices for AI-Based Voice Analysis and Detection/Dataset/S11F04/Real/12.wav,0,MEN,MEN-S11F04,TG:71382ca3963bf670,-0.8354492,1,0.4008333333333334,0.30249408
mendeley/extracted/Bangla Audio Dataset Original and DeepFake Voices for AI-Based Voice Analysis and Detection/Dataset/S11F04/Real/13.wav,0,MEN,MEN-S11F04,TG:452ffb045be62656,4.5078125,1,0.3508333333333333,0.9890976
mendeley/extracted/Bangla Audio Dataset Original and DeepFake Voices for AI-Based Voice Analysis and Detection/Dataset/S11F04/Real/14.wav,0,MEN,MEN-S11F04,TG:7eedeccecbd89970,1.8320312,1,0.4841666666666666,0.8620035
mendeley/extracted/Bangla Audio Dataset Original and DeepFake Voices for AI-Based Voice Analysis and Detection/Dataset/S11F04/Real/15.wav,0,MEN,MEN-S11F04,TG:d87b618675761d08,-2.25,1,0.3841666666666666,0.09534947
mendeley/extracted/Bangla Audio Dataset Original and DeepFake Voices for AI-Based Voice Analysis and Detection/Dataset/S11F04/Real/16.wav,0,MEN,MEN-S11F04,TG:bb75654add7236ae,5.1835938,1,0.4175,0.99442345
mendeley/extracted/Bangla Audio Dataset Original and DeepFake Voices for AI-Based Voice Analysis and Detection/Dataset/S11F04/Real/17.wav,0,MEN,MEN-S11F04,TG:89ee3dc6d83890bd,-8.8125,1,0.3841666666666666,0.00014883849
mendeley/extracted/Bangla Audio Dataset Original and DeepFake Voices for AI-Based Voice Analysis and Detection/Dataset/S11F04/Real/18.wav,0,MEN,MEN-S11F04,TG:818304947fb7a25a,-10.2109375,1,0.4175,3.6764628e-05
mendeley/extracted/Bangla Audio Dataset Original and DeepFake Voices for AI-Based Voice Analysis and Detection/Dataset/S11F04/Real/19.wav,0,MEN,MEN-S11F04,TG:bc0f2c6a0e07b2a6,-1.0966797,1,0.3675,0.25036255
mendeley/extracted/Bangla Audio Dataset Original and DeepFake Voices for AI-Based Voice Analysis and Detection/Dataset/S11F04/Real/2.wav,0,MEN,MEN-S11F04,TG:ea8971d60c8a3d84,7.375,1,0.4675,0.99937373
mendeley/extracted/Bangla Audio Dataset Original and DeepFake Voices for AI-Based Voice Analysis and Detection/Dataset/S11F04/Real/20.wav,0,MEN,MEN-S11F04,TG:39cfe8a6d823ad48,-1.2763672,1,0.4508333333333333,0.21816926
mendeley/extracted/Bangla Audio Dataset Original and DeepFake Voices for AI-Based Voice Analysis and Detection/Dataset/S11F04/Real/21.wav,0,MEN,MEN-S11F04,TG:d51ff1fb9a1168b3,5.8125,1,0.4841666666666666,0.99701905
mendeley/extracted/Bangla Audio Dataset Original and DeepFake Voices for AI-Based Voice Analysis and Detection/Dataset/S11F04/Real/22.wav,0,MEN,MEN-S11F04,TG:6b10fe5360d0e7f0,-6.078125,1,0.4175,0.0022872277
mendeley/extracted/Bangla Audio Dataset Original and DeepFake Voices for AI-Based Voice Analysis and Detection/Dataset/S11F04/Real/23.wav,0,MEN,MEN-S11F04,TG:e157bbeeb235cb6a,1.6875,1,0.4008333333333334,0.84389514
mendeley/extracted/Bangla Audio Dataset Original and DeepFake Voices for AI-Based Voice Analysis and Detection/Dataset/S11F04/Real/24.wav,0,MEN,MEN-S11F04,TG:2a9e487decd776c5,4.3632812,1,0.3841666666666666,0.9874236
mendeley/extracted/Bangla Audio Dataset Original and DeepFake Voices for AI-Based Voice Analysis and Detection/Dataset/S11F04/Real/25.wav,0,MEN,MEN-S11F04,TG:4d4c34eabaac8b21,0.75341797,1,0.3841666666666666,0.679923
mendeley/extracted/Bangla Audio Dataset Original and DeepFake Voices for AI-Based Voice Analysis and Detection/Dataset/S11F04/Real/26.wav,0,MEN,MEN-S11F04,TG:dbdf0c4b52c43061,-7.9414062,1,0.4341666666666667,0.00035557942
mendeley/extracted/Bangla Audio Dataset Original and DeepFake Voices for AI-Based Voice Analysis and Detection/Dataset/S11F04/Real/27.wav,0,MEN,MEN-S11F04,TG:329dcc685ab1bc7b,2.6289062,1,0.3841666666666666,0.9326989
mendeley/extracted/Bangla Audio Dataset Original and DeepFake Voices for AI-Based Voice Analysis and Detection/Dataset/S11F04/Real/28.wav,0,MEN,MEN-S11F04,TG:449f908bd492908d,-13.34375,1,0.4841666666666666,1.602811e-06
mendeley/extracted/Bangla Audio Dataset Original and DeepFake Voices for AI-Based Voice Analysis and Detection/Dataset/S11F04/Real/29.wav,0,MEN,MEN-S11F04,TG:181c8cafbfc40722,-6.8203125,1,0.4675,0.00109019
mendeley/extracted/Bangla Audio Dataset Original and DeepFake Voices for AI-Based Voice Analysis and Detection/Dataset/S11F04/Real/3.wav,0,MEN,MEN-S11F04,TG:017a83ba301f0b69,-7.9609375,1,0.4341666666666667,0.0003487043
mendeley/extracted/Bangla Audio Dataset Original and DeepFake Voices for AI-Based Voice Analysis and Detection/Dataset/S11F04/Real/30.wav,0,MEN,MEN-S11F04,TG:6a64af8cbace37e4,-4.5898438,1,0.3508333333333333,0.01005237
mendeley/extracted/Bangla Audio Dataset Original and DeepFake Voices for AI-Based Voice Analysis and Detection/Dataset/S11F04/Real/4.wav,0,MEN,MEN-S11F04,TG:eebedcc2c0031aad,0.5473633,1,0.4341666666666667,0.63352364
mendeley/extracted/Bangla Audio Dataset Original and DeepFake Voices for AI-Based Voice Analysis and Detection/Dataset/S11F04/Real/5.wav,0,MEN,MEN-S11F04,TG:d6de9b7770d9f7f2,-0.19848633,1,0.4008333333333334,0.4505407
mendeley/extracted/Bangla Audio Dataset Original and DeepFake Voices for AI-Based Voice Analysis and Detection/Dataset/S11F04/Real/6.wav,0,MEN,MEN-S11F04,TG:31de86c32ec8fe13,-2.3847656,1,0.4024999999999999,0.084341794
mendeley/extracted/Bangla Audio Dataset Original and DeepFake Voices for AI-Based Voice Analysis and Detection/Dataset/S11F04/Real/7.wav,0,MEN,MEN-S11F04,TG:5b3673d2432ab3fb,-3.8046875,1,0.4191666666666667,0.02178117
mendeley/extracted/Bangla Audio Dataset Original and DeepFake Voices for AI-Based Voice Analysis and Detection/Dataset/S11F04/Real/8.wav,0,MEN,MEN-S11F04,TG:4f86653bb20c8a4c,-6.3710938,1,0.4675,0.0017073674
mendeley/extracted/Bangla Audio Dataset Original and DeepFake Voices for AI-Based Voice Analysis and Detection/Dataset/S11F04/Real/9.wav,0,MEN,MEN-S11F04,TG:e90d11ccf74f6fd3,2.5957031,1,0.3841666666666666,0.9305845
mendeley/extracted/Bangla Audio Dataset Original and DeepFake Voices for AI-Based Voice Analysis and Detection/Dataset/S11M01/Fake/1.wav,1,MEN,MEN-S11M01,TG:2cc4f4d2a83c1413,-3.8808594,1,0.3008333333333333,0.020215968
mendeley/extracted/Bangla Audio Dataset Original and DeepFake Voices for AI-Based Voice Analysis and Detection/Dataset/S11M01/Fake/10.wav,1,MEN,MEN-S11M01,TG:a274fcdc210bc630,0.5546875,1,0.5325,0.63522243
mendeley/extracted/Bangla Audio Dataset Original and DeepFake Voices for AI-Based Voice Analysis and Detection/Dataset/S11M01/Fake/11.wav,1,MEN,MEN-S11M01,TG:3ff090a90db76715,-10.328125,1,0.3808333333333333,3.2699274e-05
mendeley/extracted/Bangla Audio Dataset Original and DeepFake Voices for AI-Based Voice Analysis and Detection/Dataset/S11M01/Fake/12.wav,1,MEN,MEN-S11M01,TG:71382ca3963bf670,-7.2695312,1,0.5375,0.0006959537
mendeley/extracted/Bangla Audio Dataset Original and DeepFake Voices for AI-Based Voice Analysis and Detection/Dataset/S11M01/Fake/13.wav,1,MEN,MEN-S11M01,TG:452ffb045be62656,-8.9140625,1,0.5241666666666667,0.0001344663
mendeley/extracted/Bangla Audio Dataset Original and DeepFake Voices for AI-Based Voice Analysis and Detection/Dataset/S11M01/Fake/14.wav,1,MEN,MEN-S11M01,TG:7eedeccecbd89970,-11.0390625,1,0.5775,1.6061611e-05
mendeley/extracted/Bangla Audio Dataset Original and DeepFake Voices for AI-Based Voice Analysis and Detection/Dataset/S11M01/Fake/15.wav,1,MEN,MEN-S11M01,TG:d87b618675761d08,-9.9921875,1,0.3325,4.5753914e-05
mendeley/extracted/Bangla Audio Dataset Original and DeepFake Voices for AI-Based Voice Analysis and Detection/Dataset/S11M01/Fake/16.wav,1,MEN,MEN-S11M01,TG:bb75654add7236ae,-8.8828125,1,0.5141666666666667,0.00013873413
mendeley/extracted/Bangla Audio Dataset Original and DeepFake Voices for AI-Based Voice Analysis and Detection/Dataset/S11M01/Fake/17.wav,1,MEN,MEN-S11M01,TG:89ee3dc6d83890bd,-11.6875,1,0.4308333333333333,8.398072e-06
mendeley/extracted/Bangla Audio Dataset Original and DeepFake Voices for AI-Based Voice Analysis and Detection/Dataset/S11M01/Fake/18.wav,1,MEN,MEN-S11M01,TG:818304947fb7a25a,2.4785156,1,0.5125,0.92262185
mendeley/extracted/Bangla Audio Dataset Original and DeepFake Voices for AI-Based Voice Analysis and Detection/Dataset/S11M01/Fake/19.wav,1,MEN,MEN-S11M01,TG:bc0f2c6a0e07b2a6,-13.609375,1,0.4125,1.2289183e-06
mendeley/extracted/Bangla Audio Dataset Original and DeepFake Voices for AI-Based Voice Analysis and Detection/Dataset/S11M01/Fake/2.wav,1,MEN,MEN-S11M01,TG:ea8971d60c8a3d84,-10.3671875,1,0.4141666666666667,3.1446623e-05
mendeley/extracted/Bangla Audio Dataset Original and DeepFake Voices for AI-Based Voice Analysis and Detection/Dataset/S11M01/Fake/20.wav,1,MEN,MEN-S11M01,TG:39cfe8a6d823ad48,-6.8515625,1,0.5341666666666667,0.0010566838
mendeley/extracted/Bangla Audio Dataset Original and DeepFake Voices for AI-Based Voice Analysis and Detection/Dataset/S11M01/Fake/21.wav,1,MEN,MEN-S11M01,TG:d51ff1fb9a1168b3,-8.1796875,1,0.5075000000000001,0.00028021098
mendeley/extracted/Bangla Audio Dataset Original and DeepFake Voices for AI-Based Voice Analysis and Detection/Dataset/S11M01/Fake/22.wav,1,MEN,MEN-S11M01,TG:6b10fe5360d0e7f0,-10.6171875,1,0.3058333333333333,2.4490826e-05
mendeley/extracted/Bangla Audio Dataset Original and DeepFake Voices for AI-Based Voice Analysis and Detection/Dataset/S11M01/Fake/23.wav,1,MEN,MEN-S11M01,TG:e157bbeeb235cb6a,-10.0078125,1,0.6191666666666666,4.5044595e-05
mendeley/extracted/Bangla Audio Dataset Original and DeepFake Voices for AI-Based Voice Analysis and Detection/Dataset/S11M01/Fake/24.wav,1,MEN,MEN-S11M01,TG:2a9e487decd776c5,-11.9765625,1,0.3941666666666666,6.289879e-06
mendeley/extracted/Bangla Audio Dataset Original and DeepFake Voices for AI-Based Voice Analysis and Detection/Dataset/S11M01/Fake/25.wav,1,MEN,MEN-S11M01,TG:4d4c34eabaac8b21,-7.2578125,1,0.4841666666666666,0.0007041516
mendeley/extracted/Bangla Audio Dataset Original and DeepFake Voices for AI-Based Voice Analysis and Detection/Dataset/S11M01/Fake/26.wav,1,MEN,MEN-S11M01,TG:dbdf0c4b52c43061,-9.203125,1,0.4775,0.000100713994
mendeley/extracted/Bangla Audio Dataset Original and DeepFake Voices for AI-Based Voice Analysis and Detection/Dataset/S11M01/Fake/27.wav,1,MEN,MEN-S11M01,TG:329dcc685ab1bc7b,-0.09259033,1,0.5191666666666667,0.47686893
mendeley/extracted/Bangla Audio Dataset Original and DeepFake Voices for AI-Based Voice Analysis and Detection/Dataset/S11M01/Fake/28.wav,1,MEN,MEN-S11M01,TG:449f908bd492908d,-7.2929688,1,0.4725,0.00067984295
mendeley/extracted/Bangla Audio Dataset Original and DeepFake Voices for AI-Based Voice Analysis and Detection/Dataset/S11M01/Fake/29.wav,1,MEN,MEN-S11M01,TG:181c8cafbfc40722,-3.7695312,1,0.4125,0.022542965
mendeley/extracted/Bangla Audio Dataset Original and DeepFake Voices for AI-Based Voice Analysis and Detection/Dataset/S11M01/Fake/3.wav,1,MEN,MEN-S11M01,TG:017a83ba301f0b69,-12.546875,1,0.3908333333333333,3.5559847e-06
mendeley/extracted/Bangla Audio Dataset Original and DeepFake Voices for AI-Based Voice Analysis and Detection/Dataset/S11M01/Fake/30.wav,1,MEN,MEN-S11M01,TG:6a64af8cbace37e4,-9.515625,1,0.3908333333333333,7.368594e-05
mendeley/extracted/Bangla Audio Dataset Original and DeepFake Voices for AI-Based Voice Analysis and Detection/Dataset/S11M01/Fake/4.wav,1,MEN,MEN-S11M01,TG:eebedcc2c0031aad,-7.8085938,1,0.5208333333333333,0.00040606395
mendeley/extracted/Bangla Audio Dataset Original and DeepFake Voices for AI-Based Voice Analysis and Detection/Dataset/S11M01/Fake/5.wav,1,MEN,MEN-S11M01,TG:d6de9b7770d9f7f2,-1.2871094,1,0.4408333333333333,0.21634248
mendeley/extracted/Bangla Audio Dataset Original and DeepFake Voices for AI-Based Voice Analysis and Detection/Dataset/S11M01/Fake/6.wav,1,MEN,MEN-S11M01,TG:31de86c32ec8fe13,-7.4375,1,0.5458333333333334,0.00058840885
mendeley/extracted/Bangla Audio Dataset Original and DeepFake Voices for AI-Based Voice Analysis and Detection/Dataset/S11M01/Fake/7.wav,1,MEN,MEN-S11M01,TG:5b3673d2432ab3fb,-9.5234375,1,0.4608333333333333,7.311254e-05
mendeley/extracted/Bangla Audio Dataset Original and DeepFake Voices for AI-Based Voice Analysis and Detection/Dataset/S11M01/Fake/8.wav,1,MEN,MEN-S11M01,TG:4f86653bb20c8a4c,-8.140625,1,0.5741666666666667,0.0002913701
mendeley/extracted/Bangla Audio Dataset Original and DeepFake Voices for AI-Based Voice Analysis and Detection/Dataset/S11M01/Fake/9.wav,1,MEN,MEN-S11M01,TG:e90d11ccf74f6fd3,-2.9726562,1,0.4991666666666666,0.048676573
mendeley/extracted/Bangla Audio Dataset Original and DeepFake Voices for AI-Based Voice Analysis and Detection/Dataset/S11M01/Real/1.wav,0,MEN,MEN-S11M01,TG:2cc4f4d2a83c1413,-13.640625,1,0.3508333333333333,1.1911085e-06
mendeley/extracted/Bangla Audio Dataset Original and DeepFake Voices for AI-Based Voice Analysis and Detection/Dataset/S11M01/Real/10.wav,0,MEN,MEN-S11M01,TG:a274fcdc210bc630,-13.171875,1,0.3508333333333333,1.9033845e-06
mendeley/extracted/Bangla Audio Dataset Original and DeepFake Voices for AI-Based Voice Analysis and Detection/Dataset/S11M01/Real/11.wav,0,MEN,MEN-S11M01,TG:3ff090a90db76715,-11.71875,1,0.3275,8.139693e-06
mendeley/extracted/Bangla Audio Dataset Original and DeepFake Voices for AI-Based Voice Analysis and Detection/Dataset/S11M01/Real/12.wav,0,MEN,MEN-S11M01,TG:71382ca3963bf670,-19.109375,1,0.3891666666666666,5.0223146e-09
mendeley/extracted/Bangla Audio Dataset Original and DeepFake Voices for AI-Based Voice Analysis and Detection/Dataset/S11M01/Real/13.wav,0,MEN,MEN-S11M01,TG:452ffb045be62656,-16.78125,1,0.3891666666666666,5.1522353e-08
mendeley/extracted/Bangla Audio Dataset Original and DeepFake Voices for AI-Based Voice Analysis and Detection/Dataset/S11M01/Real/14.wav,0,MEN,MEN-S11M01,TG:7eedeccecbd89970,-17.015625,1,0.3675,4.0757534e-08
mendeley/extracted/Bangla Audio Dataset Original and DeepFake Voices for AI-Based Voice Analysis and Detection/Dataset/S11M01/Real/15.wav,0,MEN,MEN-S11M01,TG:d87b618675761d08,-11.1796875,1,0.2841666666666667,1.3954598e-05
mendeley/extracted/Bangla Audio Dataset Original and DeepFake Voices for AI-Based Voice Analysis and Detection/Dataset/S11M01/Real/16.wav,0,MEN,MEN-S11M01,TG:bb75654add7236ae,-14.0546875,1,0.3874999999999999,7.87275e-07
mendeley/extracted/Bangla Audio Dataset Original and DeepFake Voices for AI-Based Voice Analysis and Detection/Dataset/S11M01/Real/17.wav,0,MEN,MEN-S11M01,TG:89ee3dc6d83890bd,-10.7421875,1,0.3908333333333333,2.1613141e-05
mendeley/extracted/Bangla Audio Dataset Original and DeepFake Voices for AI-Based Voice Analysis and Detection/Dataset/S11M01/Real/18.wav,0,MEN,MEN-S11M01,TG:818304947fb7a25a,-15.1484375,1,0.3908333333333333,2.6370424e-07
mendeley/extracted/Bangla Audio Dataset Original and DeepFake Voices for AI-Based Voice Analysis and Detection/Dataset/S11M01/Real/19.wav,0,MEN,MEN-S11M01,TG:bc0f2c6a0e07b2a6,-12.3203125,1,0.3208333333333333,4.4602e-06
mendeley/extracted/Bangla Audio Dataset Original and DeepFake Voices for AI-Based Voice Analysis and Detection/Dataset/S11M01/Real/2.wav,0,MEN,MEN-S11M01,TG:ea8971d60c8a3d84,-14.078125,1,0.3675,7.690378e-07
mendeley/extracted/Bangla Audio Dataset Original and DeepFake Voices for AI-Based Voice Analysis and Detection/Dataset/S11M01/Real/20.wav,0,MEN,MEN-S11M01,TG:39cfe8a6d823ad48,-13.9609375,1,0.3874999999999999,8.646522e-07
mendeley/extracted/Bangla Audio Dataset Original and DeepFake Voices for AI-Based Voice Analysis and Detection/Dataset/S11M01/Real/21.wav,0,MEN,MEN-S11M01,TG:d51ff1fb9a1168b3,-20.21875,1,0.3675,1.6561835e-09
mendeley/extracted/Bangla Audio Dataset Original and DeepFake Voices for AI-Based Voice Analysis and Detection/Dataset/S11M01/Real/22.wav,0,MEN,MEN-S11M01,TG:6b10fe5360d0e7f0,-11.8515625,1,0.2758333333333334,7.12736e-06
mendeley/extracted/Bangla Audio Dataset Original and DeepFake Voices for AI-Based Voice Analysis and Detection/Dataset/S11M01/Real/23.wav,0,MEN,MEN-S11M01,TG:e157bbeeb235cb6a,-14.875,1,0.5041666666666667,3.4663262e-07
mendeley/extracted/Bangla Audio Dataset Original and DeepFake Voices for AI-Based Voice Analysis and Detection/Dataset/S11M01/Real/24.wav,0,MEN,MEN-S11M01,TG:2a9e487decd776c5,-9.8203125,1,0.2908333333333334,5.433365e-05
mendeley/extracted/Bangla Audio Dataset Original and DeepFake Voices for AI-Based Voice Analysis and Detection/Dataset/S11M01/Real/25.wav,0,MEN,MEN-S11M01,TG:4d4c34eabaac8b21,-17.4375,1,0.3525,2.6729445e-08
mendeley/extracted/Bangla Audio Dataset Original and DeepFake Voices for AI-Based Voice Analysis and Detection/Dataset/S11M01/Real/26.wav,0,MEN,MEN-S11M01,TG:dbdf0c4b52c43061,-14.1328125,1,0.3175,7.281103e-07
mendeley/extracted/Bangla Audio Dataset Original and DeepFake Voices for AI-Based Voice Analysis and Detection/Dataset/S11M01/Real/27.wav,0,MEN,MEN-S11M01,TG:329dcc685ab1bc7b,-10.5,1,0.3841666666666666,2.753569e-05
mendeley/extracted/Bangla Audio Dataset Original and DeepFake Voices for AI-Based Voice Analysis and Detection/Dataset/S11M01/Real/28.wav,0,MEN,MEN-S11M01,TG:449f908bd492908d,-16.59375,1,0.3125,6.2147826e-08
mendeley/extracted/Bangla Audio Dataset Original and DeepFake Voices for AI-Based Voice Analysis and Detection/Dataset/S11M01/Real/29.wav,0,MEN,MEN-S11M01,TG:181c8cafbfc40722,-17.640625,1,0.3225,2.181594e-08
mendeley/extracted/Bangla Audio Dataset Original and DeepFake Voices for AI-Based Voice Analysis and Detection/Dataset/S11M01/Real/3.wav,0,MEN,MEN-S11M01,TG:017a83ba301f0b69,-10.453125,1,0.2508333333333333,2.8857117e-05
mendeley/extracted/Bangla Audio Dataset Original and DeepFake Voices for AI-Based Voice Analysis and Detection/Dataset/S11M01/Real/30.wav,0,MEN,MEN-S11M01,TG:6a64af8cbace37e4,-15.4375,1,0.2508333333333333,1.9750534e-07
mendeley/extracted/Bangla Audio Dataset Original and DeepFake Voices for AI-Based Voice Analysis and Detection/Dataset/S11M01/Real/4.wav,0,MEN,MEN-S11M01,TG:eebedcc2c0031aad,-12.59375,1,0.3008333333333333,3.3931447e-06
mendeley/extracted/Bangla Audio Dataset Original and DeepFake Voices for AI-Based Voice Analysis and Detection/Dataset/S11M01/Real/5.wav,0,MEN,MEN-S11M01,TG:d6de9b7770d9f7f2,-22.8125,1,0.2958333333333333,1.237819e-10
mendeley/extracted/Bangla Audio Dataset Original and DeepFake Voices for AI-Based Voice Analysis and Detection/Dataset/S11M01/Real/6.wav,0,MEN,MEN-S11M01,TG:31de86c32ec8fe13,-14.6796875,1,0.3341666666666666,4.2139806e-07
mendeley/extracted/Bangla Audio Dataset Original and DeepFake Voices for AI-Based Voice Analysis and Detection/Dataset/S11M01/Real/7.wav,0,MEN,MEN-S11M01,TG:5b3673d2432ab3fb,-13.0625,1,0.4675,2.1233784e-06
mendeley/extracted/Bangla Audio Dataset Original and DeepFake Voices for AI-Based Voice Analysis and Detection/Dataset/S11M01/Real/8.wav,0,MEN,MEN-S11M01,TG:4f86653bb20c8a4c,-13.6953125,1,0.4058333333333334,1.1277189e-06
mendeley/extracted/Bangla Audio Dataset Original and DeepFake Voices for AI-Based Voice Analysis and Detection/Dataset/S11M01/Real/9.wav,0,MEN,MEN-S11M01,TG:e90d11ccf74f6fd3,-12.6484375,1,0.3558333333333333,3.2125654e-06
mendeley/extracted/Bangla Audio Dataset Original and DeepFake Voices for AI-Based Voice Analysis and Detection/Dataset/S11M03/Fake/1.wav,1,MEN,MEN-S11M03,TG:2cc4f4d2a83c1413,-9.0234375,1,0.2708333333333333,0.00012053649
mendeley/extracted/Bangla Audio Dataset Original and DeepFake Voices for AI-Based Voice Analysis and Detection/Dataset/S11M03/Fake/10.wav,1,MEN,MEN-S11M03,TG:a274fcdc210bc630,5.8789062,1,0.4558333333333333,0.99720997
mendeley/extracted/Bangla Audio Dataset Original and DeepFake Voices for AI-Based Voice Analysis and Detection/Dataset/S11M03/Fake/11.wav,1,MEN,MEN-S11M03,TG:3ff090a90db76715,-10.6171875,1,0.3525,2.4490826e-05
mendeley/extracted/Bangla Audio Dataset Original and DeepFake Voices for AI-Based Voice Analysis and Detection/Dataset/S11M03/Fake/12.wav,1,MEN,MEN-S11M03,TG:71382ca3963bf670,-5.5078125,1,0.4775,0.004038592
mendeley/extracted/Bangla Audio Dataset Original and DeepFake Voices for AI-Based Voice Analysis and Detection/Dataset/S11M03/Fake/13.wav,1,MEN,MEN-S11M03,TG:452ffb045be62656,-6.0039062,1,0.4458333333333333,0.002463007
mendeley/extracted/Bangla Audio Dataset Original and DeepFake Voices for AI-Based Voice Analysis and Detection/Dataset/S11M03/Fake/14.wav,1,MEN,MEN-S11M03,TG:7eedeccecbd89970,-3.3007812,1,0.5391666666666667,0.0355444
mendeley/extracted/Bangla Audio Dataset Original and DeepFake Voices for AI-Based Voice Analysis and Detection/Dataset/S11M03/Fake/15.wav,1,MEN,MEN-S11M03,TG:d87b618675761d08,-7.1367188,1,0.3041666666666667,0.0007947255
mendeley/extracted/Bangla Audio Dataset Original and DeepFake Voices for AI-Based Voice Analysis and Detection/Dataset/S11M03/Fake/16.wav,1,MEN,MEN-S11M03,TG:bb75654add7236ae,-6.4648438,1,0.5591666666666666,0.0015548132
mendeley/extracted/Bangla Audio Dataset Original and DeepFake Voices for AI-Based Voice Analysis and Detection/Dataset/S11M03/Fake/17.wav,1,MEN,MEN-S11M03,TG:89ee3dc6d83890bd,-9.5703125,1,0.4158333333333334,6.976471e-05
mendeley/extracted/Bangla Audio Dataset Original and DeepFake Voices for AI-Based Voice Analysis and Detection/Dataset/S11M03/Fake/18.wav,1,MEN,MEN-S11M03,TG:818304947fb7a25a,-4.7070312,1,0.4691666666666666,0.008950711
mendeley/extracted/Bangla Audio Dataset Original and DeepFake Voices for AI-Based Voice Analysis and Detection/Dataset/S11M03/Fake/19.wav,1,MEN,MEN-S11M03,TG:bc0f2c6a0e07b2a6,-8.515625,1,0.3924999999999999,0.00020027377
mendeley/extracted/Bangla Audio Dataset Original and DeepFake Voices for AI-Based Voice Analysis and Detection/Dataset/S11M03/Fake/2.wav,1,MEN,MEN-S11M03,TG:ea8971d60c8a3d84,-7.9960938,1,0.4841666666666666,0.00033666223
mendeley/extracted/Bangla Audio Dataset Original and DeepFake Voices for AI-Based Voice Analysis and Detection/Dataset/S11M03/Fake/20.wav,1,MEN,MEN-S11M03,TG:39cfe8a6d823ad48,-11.359375,1,0.5125,1.1659531e-05
mendeley/extracted/Bangla Audio Dataset Original and DeepFake Voices for AI-Based Voice Analysis and Detection/Dataset/S11M03/Fake/21.wav,1,MEN,MEN-S11M03,TG:d51ff1fb9a1168b3,-8.1796875,1,0.4841666666666666,0.00028021098
mendeley/extracted/Bangla Audio Dataset Original and DeepFake Voices for AI-Based Voice Analysis and Detection/Dataset/S11M03/Fake/22.wav,1,MEN,MEN-S11M03,TG:6b10fe5360d0e7f0,-17.15625,1,0.2541666666666666,3.541076e-08
mendeley/extracted/Bangla Audio Dataset Original and DeepFake Voices for AI-Based Voice Analysis and Detection/Dataset/S11M03/Fake/23.wav,1,MEN,MEN-S11M03,TG:e157bbeeb235cb6a,-15.234375,1,0.5391666666666667,2.419886e-07
mendeley/extracted/Bangla Audio Dataset Original and DeepFake Voices for AI-Based Voice Analysis and Detection/Dataset/S11M03/Fake/24.wav,1,MEN,MEN-S11M03,TG:2a9e487decd776c5,-7.7539062,1,0.2941666666666667,0.00042887923
mendeley/extracted/Bangla Audio Dataset Original and DeepFake Voices for AI-Based Voice Analysis and Detection/Dataset/S11M03/Fake/25.wav,1,MEN,MEN-S11M03,TG:4d4c34eabaac8b21,-11.3828125,1,0.4275,1.138944e-05
mendeley/extracted/Bangla Audio Dataset Original and DeepFake Voices for AI-Based Voice Analysis and Detection/Dataset/S11M03/Fake/26.wav,1,MEN,MEN-S11M03,TG:dbdf0c4b52c43061,-7.5625,1,0.4625,0.0005193049
mendeley/extracted/Bangla Audio Dataset Original and DeepFake Voices for AI-Based Voice Analysis and Detection/Dataset/S11M03/Fake/27.wav,1,MEN,MEN-S11M03,TG:329dcc685ab1bc7b,-3.4296875,1,0.5258333333333334,0.031380434
mendeley/extracted/Bangla Audio Dataset Original and DeepFake Voices for AI-Based Voice Analysis and Detection/Dataset/S11M03/Fake/28.wav,1,MEN,MEN-S11M03,TG:449f908bd492908d,-6.21875,1,0.4508333333333333,0.0019877744
mendeley/extracted/Bangla Audio Dataset Original and DeepFake Voices for AI-Based Voice Analysis and Detection/Dataset/S11M03/Fake/29.wav,1,MEN,MEN-S11M03,TG:181c8cafbfc40722,-8.0390625,1,0.4308333333333333,0.00032250723
mendeley/extracted/Bangla Audio Dataset Original and DeepFake Voices for AI-Based Voice Analysis and Detection/Dataset/S11M03/Fake/3.wav,1,MEN,MEN-S11M03,TG:017a83ba301f0b69,-12.0234375,1,0.3974999999999999,6.001846e-06
mendeley/extracted/Bangla Audio Dataset Original and DeepFake Voices for AI-Based Voice Analysis and Detection/Dataset/S11M03/Fake/30.wav,1,MEN,MEN-S11M03,TG:6a64af8cbace37e4,-5.5546875,1,0.3558333333333333,0.0038543637
mendeley/extracted/Bangla Audio Dataset Original and DeepFake Voices for AI-Based Voice Analysis and Detection/Dataset/S11M03/Fake/4.wav,1,MEN,MEN-S11M03,TG:eebedcc2c0031aad,-14.03125,1,0.4541666666666667,8.059446e-07
mendeley/extracted/Bangla Audio Dataset Original and DeepFake Voices for AI-Based Voice Analysis and Detection/Dataset/S11M03/Fake/5.wav,1,MEN,MEN-S11M03,TG:d6de9b7770d9f7f2,-9.765625,1,0.4008333333333334,5.7387595e-05
mendeley/extracted/Bangla Audio Dataset Original and DeepFake Voices for AI-Based Voice Analysis and Detection/Dataset/S11M03/Fake/6.wav,1,MEN,MEN-S11M03,TG:31de86c32ec8fe13,-15.03125,1,0.5075000000000001,2.964906e-07
mendeley/extracted/Bangla Audio Dataset Original and DeepFake Voices for AI-Based Voice Analysis and Detection/Dataset/S11M03/Fake/7.wav,1,MEN,MEN-S11M03,TG:5b3673d2432ab3fb,-7.4804688,1,0.5091666666666667,0.0005636751
mendeley/extracted/Bangla Audio Dataset Original and DeepFake Voices for AI-Based Voice Analysis and Detection/Dataset/S11M03/Fake/8.wav,1,MEN,MEN-S11M03,TG:4f86653bb20c8a4c,-9.2734375,1,0.5608333333333333,9.387641e-05
mendeley/extracted/Bangla Audio Dataset Original and DeepFake Voices for AI-Based Voice Analysis and Detection/Dataset/S11M03/Fake/9.wav,1,MEN,MEN-S11M03,TG:e90d11ccf74f6fd3,-9.3125,1,0.4075,9.028039e-05
mendeley/extracted/Bangla Audio Dataset Original and DeepFake Voices for AI-Based Voice Analysis and Detection/Dataset/S11M03/Real/1.wav,0,MEN,MEN-S11M03,TG:2cc4f4d2a83c1413,6.6679688,1,0.4341666666666667,0.9987306
mendeley/extracted/Bangla Audio Dataset Original and DeepFake Voices for AI-Based Voice Analysis and Detection/Dataset/S11M03/Real/10.wav,0,MEN,MEN-S11M03,TG:a274fcdc210bc630,-0.51953125,1,0.3341666666666666,0.37296185
mendeley/extracted/Bangla Audio Dataset Original and DeepFake Voices for AI-Based Voice Analysis and Detection/Dataset/S11M03/Real/11.wav,0,MEN,MEN-S11M03,TG:3ff090a90db76715,-2.1210938,1,0.4508333333333333,0.10706346
mendeley/extracted/Bangla Audio Dataset Original and DeepFake Voices for AI-Based Voice Analysis and Detection/Dataset/S11M03/Real/12.wav,0,MEN,MEN-S11M03,TG:71382ca3963bf670,3.4394531,1,0.3841666666666666,0.96891505
mendeley/extracted/Bangla Audio Dataset Original and DeepFake Voices for AI-Based Voice Analysis and Detection/Dataset/S11M03/Real/13.wav,0,MEN,MEN-S11M03,TG:452ffb045be62656,-4.6132812,1,0.4024999999999999,0.009821793
mendeley/extracted/Bangla Audio Dataset Original and DeepFake Voices for AI-Based Voice Analysis and Detection/Dataset/S11M03/Real/14.wav,0,MEN,MEN-S11M03,TG:7eedeccecbd89970,2.8339844,1,0.4841666666666666,0.9444849
mendeley/extracted/Bangla Audio Dataset Original and DeepFake Voices for AI-Based Voice Analysis and Detection/Dataset/S11M03/Real/15.wav,0,MEN,MEN-S11M03,TG:d87b618675761d08,5.5859375,1,0.3841666666666666,0.9962638
mendeley/extracted/Bangla Audio Dataset Original and DeepFake Voices for AI-Based Voice Analysis and Detection/Dataset/S11M03/Real/16.wav,0,MEN,MEN-S11M03,TG:bb75654add7236ae,-3.4804688,1,0.3525,0.029873092
mendeley/extracted/Bangla Audio Dataset Original and DeepFake Voices for AI-Based Voice Analysis and Detection/Dataset/S11M03/Real/17.wav,0,MEN,MEN-S11M03,TG:89ee3dc6d83890bd,-4.015625,1,0.4525,0.017712299
mendeley/extracted/Bangla Audio Dataset Original and DeepFake Voices for AI-Based Voice Analysis and Detection/Dataset/S11M03/Real/18.wav,0,MEN,MEN-S11M03,TG:818304947fb7a25a,-0.2668457,1,0.4508333333333333,0.4336816
mendeley/extracted/Bangla Audio Dataset Original and DeepFake Voices for AI-Based Voice Analysis and Detection/Dataset/S11M03/Real/19.wav,0,MEN,MEN-S11M03,TG:bc0f2c6a0e07b2a6,6.5273438,1,0.4675,0.9985392
mendeley/extracted/Bangla Audio Dataset Original and DeepFake Voices for AI-Based Voice Analysis and Detection/Dataset/S11M03/Real/2.wav,0,MEN,MEN-S11M03,TG:ea8971d60c8a3d84,5.4648438,1,0.5191666666666667,0.9957848
mendeley/extracted/Bangla Audio Dataset Original and DeepFake Voices for AI-Based Voice Analysis and Detection/Dataset/S11M03/Real/20.wav,0,MEN,MEN-S11M03,TG:39cfe8a6d823ad48,6.359375,1,0.4341666666666667,0.99827254
mendeley/extracted/Bangla Audio Dataset Original and DeepFake Voices for AI-Based Voice Analysis and Detection/Dataset/S11M03/Real/21.wav,0,MEN,MEN-S11M03,TG:d51ff1fb9a1168b3,2.5898438,1,0.4008333333333334,0.9302051
mendeley/extracted/Bangla Audio Dataset Original and DeepFake Voices for AI-Based Voice Analysis and Detection/Dataset/S11M03/Real/22.wav,0,MEN,MEN-S11M03,TG:6b10fe5360d0e7f0,5.6953125,1,0.3691666666666666,0.99664956
mendeley/extracted/Bangla Audio Dataset Original and DeepFake Voices for AI-Based Voice Analysis and Detection/Dataset/S11M03/Real/23.wav,0,MEN,MEN-S11M03,TG:e157bbeeb235cb6a,2.6582031,1,0.5258333333333334,0.93451476
mendeley/extracted/Bangla Audio Dataset Original and DeepFake Voices for AI-Based Voice Analysis and Detection/Dataset/S11M03/Real/24.wav,0,MEN,MEN-S11M03,TG:2a9e487decd776c5,0.4650879,1,0.3691666666666666,0.6142205
mendeley/extracted/Bangla Audio Dataset Original and DeepFake Voices for AI-Based Voice Analysis and Detection/Dataset/S11M03/Real/25.wav,0,MEN,MEN-S11M03,TG:4d4c34eabaac8b21,-3.6386719,1,0.3841666666666666,0.025613915
mendeley/extracted/Bangla Audio Dataset Original and DeepFake Voices for AI-Based Voice Analysis and Detection/Dataset/S11M03/Real/26.wav,0,MEN,MEN-S11M03,TG:dbdf0c4b52c43061,0.48046875,1,0.3575,0.6178586
mendeley/extracted/Bangla Audio Dataset Original and DeepFake Voices for AI-Based Voice Analysis and Detection/Dataset/S11M03/Real/27.wav,0,MEN,MEN-S11M03,TG:329dcc685ab1bc7b,-0.62597656,1,0.4024999999999999,0.3484234
mendeley/extracted/Bangla Audio Dataset Original and DeepFake Voices for AI-Based Voice Analysis and Detection/Dataset/S11M03/Real/28.wav,0,MEN,MEN-S11M03,TG:449f908bd492908d,7.90625,1,0.4008333333333334,0.99963164
mendeley/extracted/Bangla Audio Dataset Original and DeepFake Voices for AI-Based Voice Analysis and Detection/Dataset/S11M03/Real/29.wav,0,MEN,MEN-S11M03,TG:181c8cafbfc40722,4.4804688,1,0.3675,0.9887988
mendeley/extracted/Bangla Audio Dataset Original and DeepFake Voices for AI-Based Voice Analysis and Detection/Dataset/S11M03/Real/3.wav,0,MEN,MEN-S11M03,TG:017a83ba301f0b69,5.3554688,1,0.3691666666666666,0.99529994
mendeley/extracted/Bangla Audio Dataset Original and DeepFake Voices for AI-Based Voice Analysis and Detection/Dataset/S11M03/Real/30.wav,0,MEN,MEN-S11M03,TG:6a64af8cbace37e4,2.0351562,1,0.4791666666666666,0.8844391
mendeley/extracted/Bangla Audio Dataset Original and DeepFake Voices for AI-Based Voice Analysis and Detection/Dataset/S11M03/Real/4.wav,0,MEN,MEN-S11M03,TG:eebedcc2c0031aad,-1.2607422,1,0.5025,0.22084616
mendeley/extracted/Bangla Audio Dataset Original and DeepFake Voices for AI-Based Voice Analysis and Detection/Dataset/S11M03/Real/5.wav,0,MEN,MEN-S11M03,TG:d6de9b7770d9f7f2,1.640625,1,0.4008333333333334,0.83761996
mendeley/extracted/Bangla Audio Dataset Original and DeepFake Voices for AI-Based Voice Analysis and Detection/Dataset/S11M03/Real/6.wav,0,MEN,MEN-S11M03,TG:31de86c32ec8fe13,3.5195312,1,0.5391666666666667,0.9712385
mendeley/extracted/Bangla Audio Dataset Original and DeepFake Voices for AI-Based Voice Analysis and Detection/Dataset/S11M03/Real/7.wav,0,MEN,MEN-S11M03,TG:5b3673d2432ab3fb,4.1484375,1,0.5775,0.98445636
mendeley/extracted/Bangla Audio Dataset Original and DeepFake Voices for AI-Based Voice Analysis and Detection/Dataset/S11M03/Real/8.wav,0,MEN,MEN-S11M03,TG:4f86653bb20c8a4c,7.0429688,1,0.3841666666666666,0.9991272
mendeley/extracted/Bangla Audio Dataset Original and DeepFake Voices for AI-Based Voice Analysis and Detection/Dataset/S11M03/Real/9.wav,0,MEN,MEN-S11M03,TG:e90d11ccf74f6fd3,-0.78808594,1,0.3375,0.3125798
mendeley/extracted/Bangla Audio Dataset Original and DeepFake Voices for AI-Based Voice Analysis and Detection/Dataset/S11M05/Fake/1.wav,1,MEN,MEN-S11M05,TG:2cc4f4d2a83c1413,1.4326172,1,0.2741666666666666,0.80730873
mendeley/extracted/Bangla Audio Dataset Original and DeepFake Voices for AI-Based Voice Analysis and Detection/Dataset/S11M05/Fake/10.wav,1,MEN,MEN-S11M05,TG:a274fcdc210bc630,8.1484375,1,0.5475,0.99971086
mendeley/extracted/Bangla Audio Dataset Original and DeepFake Voices for AI-Based Voice Analysis and Detection/Dataset/S11M05/Fake/11.wav,1,MEN,MEN-S11M05,TG:3ff090a90db76715,-6.9140625,1,0.4308333333333333,0.0009927262
mendeley/extracted/Bangla Audio Dataset Original and DeepFake Voices for AI-Based Voice Analysis and Detection/Dataset/S11M05/Fake/12.wav,1,MEN,MEN-S11M05,TG:71382ca3963bf670,-6.8007812,1,0.4175,0.0011116682
mendeley/extracted/Bangla Audio Dataset Original and DeepFake Voices for AI-Based Voice Analysis and Detection/Dataset/S11M05/Fake/13.wav,1,MEN,MEN-S11M05,TG:452ffb045be62656,-4.609375,1,0.5241666666666667,0.009859855
mendeley/extracted/Bangla Audio Dataset Original and DeepFake Voices for AI-Based Voice Analysis and Detection/Dataset/S11M05/Fake/14.wav,1,MEN,MEN-S11M05,TG:7eedeccecbd89970,-6.9726562,1,0.5425,0.0009362828
mendeley/extracted/Bangla Audio Dataset Original and DeepFake Voices for AI-Based Voice Analysis and Detection/Dataset/S11M05/Fake/15.wav,1,MEN,MEN-S11M05,TG:d87b618675761d08,-7.8476562,1,0.2908333333333334,0.00039051395
mendeley/extracted/Bangla Audio Dataset Original and DeepFake Voices for AI-Based Voice Analysis and Detection/Dataset/S11M05/Fake/16.wav,1,MEN,MEN-S11M05,TG:bb75654add7236ae,-6.625,1,0.5241666666666667,0.0013250225
mendeley/extracted/Bangla Audio Dataset Original and DeepFake Voices for AI-Based Voice Analysis and Detection/Dataset/S11M05/Fake/17.wav,1,MEN,MEN-S11M05,TG:89ee3dc6d83890bd,-8.4375,1,0.4241666666666667,0.00021654405
mendeley/extracted/Bangla Audio Dataset Original and DeepFake Voices for AI-Based Voice Analysis and Detection/Dataset/S11M05/Fake/18.wav,1,MEN,MEN-S11M05,TG:818304947fb7a25a,-3.5664062,1,0.5541666666666667,0.027480694
mendeley/extracted/Bangla Audio Dataset Original and DeepFake Voices for AI-Based Voice Analysis and Detection/Dataset/S11M05/Fake/19.wav,1,MEN,MEN-S11M05,TG:bc0f2c6a0e07b2a6,-12.7578125,1,0.3625,2.8797258e-06
mendeley/extracted/Bangla Audio Dataset Original and DeepFake Voices for AI-Based Voice Analysis and Detection/Dataset/S11M05/Fake/2.wav,1,MEN,MEN-S11M05,TG:ea8971d60c8a3d84,-10.8046875,1,0.4591666666666666,2.0303693e-05
mendeley/extracted/Bangla Audio Dataset Original and DeepFake Voices for AI-Based Voice Analysis and Detection/Dataset/S11M05/Fake/20.wav,1,MEN,MEN-S11M05,TG:39cfe8a6d823ad48,-1.8564453,1,0.5208333333333333,0.13511792
mendeley/extracted/Bangla Audio Dataset Original and DeepFake Voices for AI-Based Voice Analysis and Detection/Dataset/S11M05/Fake/21.wav,1,MEN,MEN-S11M05,TG:d51ff1fb9a1168b3,4.4492188,1,0.5525,0.98844737
mendeley/extracted/Bangla Audio Dataset Original and DeepFake Voices for AI-Based Voice Analysis and Detection/Dataset/S11M05/Fake/22.wav,1,MEN,MEN-S11M05,TG:6b10fe5360d0e7f0,-11.9765625,1,0.3175,6.289879e-06
mendeley/extracted/Bangla Audio Dataset Original and DeepFake Voices for AI-Based Voice Analysis and Detection/Dataset/S11M05/Fake/23.wav,1,MEN,MEN-S11M05,TG:e157bbeeb235cb6a,-13.046875,1,0.4341666666666667,2.1568167e-06
mendeley/extracted/Bangla Audio Dataset Original and DeepFake Voices for AI-Based Voice Analysis and Detection/Dataset/S11M05/Fake/24.wav,1,MEN,MEN-S11M05,TG:2a9e487decd776c5,-8.8984375,1,0.3425,0.00013658353
mendeley/extracted/Bangla Audio Dataset Original and DeepFake Voices for AI-Based Voice Analysis and Detection/Dataset/S11M05/Fake/25.wav,1,MEN,MEN-S11M05,TG:4d4c34eabaac8b21,-7.6875,1,0.4741666666666666,0.0004583129
mendeley/extracted/Bangla Audio Dataset Original and DeepFake Voices for AI-Based Voice Analysis and Detection/Dataset/S11M05/Fake/26.wav,1,MEN,MEN-S11M05,TG:dbdf0c4b52c43061,-7.625,1,0.4708333333333333,0.00048785712
mendeley/extracted/Bangla Audio Dataset Original and DeepFake Voices for AI-Based Voice Analysis and Detection/Dataset/S11M05/Fake/27.wav,1,MEN,MEN-S11M05,TG:329dcc685ab1bc7b,-2.0195312,1,0.5808333333333333,0.11716747
mendeley/extracted/Bangla Audio Dataset Original and DeepFake Voices for AI-Based Voice Analysis and Detection/Dataset/S11M05/Fake/28.wav,1,MEN,MEN-S11M05,TG:449f908bd492908d,-0.53027344,1,0.4575,0.37045312
mendeley/extracted/Bangla Audio Dataset Original and DeepFake Voices for AI-Based Voice Analysis and Detection/Dataset/S11M05/Fake/29.wav,1,MEN,MEN-S11M05,TG:181c8cafbfc40722,-9.7890625,1,0.4091666666666667,5.6058285e-05
mendeley/extracted/Bangla Audio Dataset Original and DeepFake Voices for AI-Based Voice Analysis and Detection/Dataset/S11M05/Fake/3.wav,1,MEN,MEN-S11M05,TG:017a83ba301f0b69,-3.4863281,1,0.3824999999999999,0.02970375
mendeley/extracted/Bangla Audio Dataset Original and DeepFake Voices for AI-Based Voice Analysis and Detection/Dataset/S11M05/Fake/30.wav,1,MEN,MEN-S11M05,TG:6a64af8cbace37e4,-10.2109375,1,0.4008333333333334,3.6764628e-05
mendeley/extracted/Bangla Audio Dataset Original and DeepFake Voices for AI-Based Voice Analysis and Detection/Dataset/S11M05/Fake/4.wav,1,MEN,MEN-S11M05,TG:eebedcc2c0031aad,-6.9726562,1,0.5141666666666667,0.0009362828
mendeley/extracted/Bangla Audio Dataset Original and DeepFake Voices for AI-Based Voice Analysis and Detection/Dataset/S11M05/Fake/5.wav,1,MEN,MEN-S11M05,TG:d6de9b7770d9f7f2,-10.078125,1,0.4775,4.198631e-05
mendeley/extracted/Bangla Audio Dataset Original and DeepFake Voices for AI-Based Voice Analysis and Detection/Dataset/S11M05/Fake/6.wav,1,MEN,MEN-S11M05,TG:31de86c32ec8fe13,-1.8164062,1,0.5208333333333333,0.13986567
mendeley/extracted/Bangla Audio Dataset Original and DeepFake Voices for AI-Based Voice Analysis and Detection/Dataset/S11M05/Fake/7.wav,1,MEN,MEN-S11M05,TG:5b3673d2432ab3fb,-12.203125,1,0.4641666666666666,5.014735e-06
mendeley/extracted/Bangla Audio Dataset Original and DeepFake Voices for AI-Based Voice Analysis and Detection/Dataset/S11M05/Fake/8.wav,1,MEN,MEN-S11M05,TG:4f86653bb20c8a4c,-13.3046875,1,0.5341666666666667,1.6666595e-06
mendeley/extracted/Bangla Audio Dataset Original and DeepFake Voices for AI-Based Voice Analysis and Detection/Dataset/S11M05/Fake/9.wav,1,MEN,MEN-S11M05,TG:e90d11ccf74f6fd3,-8.3359375,1,0.4741666666666666,0.00023968688
mendeley/extracted/Bangla Audio Dataset Original and DeepFake Voices for AI-Based Voice Analysis and Detection/Dataset/S11M05/Real/1.wav,0,MEN,MEN-S11M05,TG:2cc4f4d2a83c1413,9.9296875,1,0.4175,0.99995124
mendeley/extracted/Bangla Audio Dataset Original and DeepFake Voices for AI-Based Voice Analysis and Detection/Dataset/S11M05/Real/10.wav,0,MEN,MEN-S11M05,TG:a274fcdc210bc630,9.5078125,1,0.5008333333333334,0.99992573
mendeley/extracted/Bangla Audio Dataset Original and DeepFake Voices for AI-Based Voice Analysis and Detection/Dataset/S11M05/Real/11.wav,0,MEN,MEN-S11M05,TG:3ff090a90db76715,4.7695312,1,0.4508333333333333,0.99158704
mendeley/extracted/Bangla Audio Dataset Original and DeepFake Voices for AI-Based Voice Analysis and Detection/Dataset/S11M05/Real/12.wav,0,MEN,MEN-S11M05,TG:71382ca3963bf670,8.1875,1,0.5508333333333333,0.99972194
mendeley/extracted/Bangla Audio Dataset Original and DeepFake Voices for AI-Based Voice Analysis and Detection/Dataset/S11M05/Real/13.wav,0,MEN,MEN-S11M05,TG:452ffb045be62656,9.625,1,0.5341666666666667,0.99993396
mendeley/extracted/Bangla Audio Dataset Original and DeepFake Voices for AI-Based Voice Analysis and Detection/Dataset/S11M05/Real/14.wav,0,MEN,MEN-S11M05,TG:7eedeccecbd89970,6.4609375,1,0.5841666666666667,0.99843913
mendeley/extracted/Bangla Audio Dataset Original and DeepFake Voices for AI-Based Voice Analysis and Detection/Dataset/S11M05/Real/15.wav,0,MEN,MEN-S11M05,TG:d87b618675761d08,7.6328125,1,0.4508333333333333,0.9995159
mendeley/extracted/Bangla Audio Dataset Original and DeepFake Voices for AI-Based Voice Analysis and Detection/Dataset/S11M05/Real/16.wav,0,MEN,MEN-S11M05,TG:bb75654add7236ae,9.1640625,1,0.5508333333333333,0.9998952
mendeley/extracted/Bangla Audio Dataset Original and DeepFake Voices for AI-Based Voice Analysis and Detection/Dataset/S11M05/Real/17.wav,0,MEN,MEN-S11M05,TG:89ee3dc6d83890bd,8.5703125,1,0.4675,0.9998104
mendeley/extracted/Bangla Audio Dataset Original and DeepFake Voices for AI-Based Voice Analysis and Detection/Dataset/S11M05/Real/18.wav,0,MEN,MEN-S11M05,TG:818304947fb7a25a,9.359375,1,0.4841666666666666,0.9999138
mendeley/extracted/Bangla Audio Dataset Original and DeepFake Voices for AI-Based Voice Analysis and Detection/Dataset/S11M05/Real/19.wav,0,MEN,MEN-S11M05,TG:bc0f2c6a0e07b2a6,7.6328125,1,0.4841666666666666,0.9995159
mendeley/extracted/Bangla Audio Dataset Original and DeepFake Voices for AI-Based Voice Analysis and Detection/Dataset/S11M05/Real/2.wav,0,MEN,MEN-S11M05,TG:ea8971d60c8a3d84,9.921875,1,0.5008333333333334,0.9999509
mendeley/extracted/Bangla Audio Dataset Original and DeepFake Voices for AI-Based Voice Analysis and Detection/Dataset/S11M05/Real/20.wav,0,MEN,MEN-S11M05,TG:39cfe8a6d823ad48,7.6679688,1,0.5508333333333333,0.9995327
mendeley/extracted/Bangla Audio Dataset Original and DeepFake Voices for AI-Based Voice Analysis and Detection/Dataset/S11M05/Real/21.wav,0,MEN,MEN-S11M05,TG:d51ff1fb9a1168b3,11.625,1,0.5508333333333333,0.99999106
mendeley/extracted/Bangla Audio Dataset Original and DeepFake Voices for AI-Based Voice Analysis and Detection/Dataset/S11M05/Real/22.wav,0,MEN,MEN-S11M05,TG:6b10fe5360d0e7f0,7.84375,1,0.4341666666666667,0.999608
mendeley/extracted/Bangla Audio Dataset Original and DeepFake Voices for AI-Based Voice Analysis and Detection/Dataset/S11M05/Real/23.wav,0,MEN,MEN-S11M05,TG:e157bbeeb235cb6a,4.3164062,1,0.5508333333333333,0.9868281
mendeley/extracted/Bangla Audio Dataset Original and DeepFake Voices for AI-Based Voice Analysis and Detection/Dataset/S11M05/Real/24.wav,0,MEN,MEN-S11M05,TG:2a9e487decd776c5,8.4921875,1,0.3841666666666666,0.999795
mendeley/extracted/Bangla Audio Dataset Original and DeepFake Voices for AI-Based Voice Analysis and Detection/Dataset/S11M05/Real/25.wav,0,MEN,MEN-S11M05,TG:4d4c34eabaac8b21,9.5390625,1,0.5175000000000001,0.999928
mendeley/extracted/Bangla Audio Dataset Original and DeepFake Voices for AI-Based Voice Analysis and Detection/Dataset/S11M05/Real/26.wav,0,MEN,MEN-S11M05,TG:dbdf0c4b52c43061,9.5625,1,0.4508333333333333,0.99992967
mendeley/extracted/Bangla Audio Dataset Original and DeepFake Voices for AI-Based Voice Analysis and Detection/Dataset/S11M05/Real/27.wav,0,MEN,MEN-S11M05,TG:329dcc685ab1bc7b,5.8710938,1,0.5508333333333333,0.99718815
mendeley/extracted/Bangla Audio Dataset Original and DeepFake Voices for AI-Based Voice Analysis and Detection/Dataset/S11M05/Real/28.wav,0,MEN,MEN-S11M05,TG:449f908bd492908d,6.6289062,1,0.5175000000000001,0.9986802
mendeley/extracted/Bangla Audio Dataset Original and DeepFake Voices for AI-Based Voice Analysis and Detection/Dataset/S11M05/Real/29.wav,0,MEN,MEN-S11M05,TG:181c8cafbfc40722,5.96875,1,0.3841666666666666,0.9974491
mendeley/extracted/Bangla Audio Dataset Original and DeepFake Voices for AI-Based Voice Analysis and Detection/Dataset/S11M05/Real/3.wav,0,MEN,MEN-S11M05,TG:017a83ba301f0b69,9.171875,1,0.4175,0.99989605
mendeley/extracted/Bangla Audio Dataset Original and DeepFake Voices for AI-Based Voice Analysis and Detection/Dataset/S11M05/Real/30.wav,0,MEN,MEN-S11M05,TG:6a64af8cbace37e4,6.7851562,1,0.4508333333333333,0.9988708
mendeley/extracted/Bangla Audio Dataset Original and DeepFake Voices for AI-Based Voice Analysis and Detection/Dataset/S11M05/Real/4.wav,0,MEN,MEN-S11M05,TG:eebedcc2c0031aad,9.1328125,1,0.5341666666666667,0.999892
mendeley/extracted/Bangla Audio Dataset Original and DeepFake Voices for AI-Based Voice Analysis and Detection/Dataset/S11M05/Real/5.wav,0,MEN,MEN-S11M05,TG:d6de9b7770d9f7f2,6.6679688,1,0.4341666666666667,0.9987306
mendeley/extracted/Bangla Audio Dataset Original and DeepFake Voices for AI-Based Voice Analysis and Detection/Dataset/S11M05/Real/6.wav,0,MEN,MEN-S11M05,TG:31de86c32ec8fe13,10.0625,1,0.5841666666666667,0.9999573
mendeley/extracted/Bangla Audio Dataset Original and DeepFake Voices for AI-Based Voice Analysis and Detection/Dataset/S11M05/Real/7.wav,0,MEN,MEN-S11M05,TG:5b3673d2432ab3fb,10.15625,1,0.5175000000000001,0.99996114
mendeley/extracted/Bangla Audio Dataset Original and DeepFake Voices for AI-Based Voice Analysis and Detection/Dataset/S11M05/Real/8.wav,0,MEN,MEN-S11M05,TG:4f86653bb20c8a4c,6.3359375,1,0.5508333333333333,0.9982317
mendeley/extracted/Bangla Audio Dataset Original and DeepFake Voices for AI-Based Voice Analysis and Detection/Dataset/S11M05/Real/9.wav,0,MEN,MEN-S11M05,TG:e90d11ccf74f6fd3,6.4101562,1,0.5675,0.99835795
mendeley/extracted/Bangla Audio Dataset Original and DeepFake Voices for AI-Based Voice Analysis and Detection/Dataset/S12F01/Fake/1.wav,1,MEN,MEN-S12F01,TG:781f1e8a983ae061,-21.625,1,0.4675,4.058652e-10
mendeley/extracted/Bangla Audio Dataset Original and DeepFake Voices for AI-Based Voice Analysis and Detection/Dataset/S12F01/Fake/10.wav,1,MEN,MEN-S12F01,TG:81189a7902f36c5d,-18.03125,1,0.5141666666666667,1.4761403e-08
mendeley/extracted/Bangla Audio Dataset Original and DeepFake Voices for AI-Based Voice Analysis and Detection/Dataset/S12F01/Fake/11.wav,1,MEN,MEN-S12F01,TG:dfc527c4d05b0227,-13.03125,1,0.2441666666666666,2.1907817e-06
mendeley/extracted/Bangla Audio Dataset Original and DeepFake Voices for AI-Based Voice Analysis and Detection/Dataset/S12F01/Fake/12.wav,1,MEN,MEN-S12F01,TG:04a2b30e0f9c53b1,-23.46875,1,0.4991666666666666,6.42172e-11
mendeley/extracted/Bangla Audio Dataset Original and DeepFake Voices for AI-Based Voice Analysis and Detection/Dataset/S12F01/Fake/13.wav,1,MEN,MEN-S12F01,TG:f665857f8f5852c9,-13.6171875,1,0.3858333333333333,1.2193549e-06
mendeley/extracted/Bangla Audio Dataset Original and DeepFake Voices for AI-Based Voice Analysis and Detection/Dataset/S12F01/Fake/14.wav,1,MEN,MEN-S12F01,TG:aa1dc341d60bbafe,-13.53125,1,0.4058333333333334,1.3287774e-06
mendeley/extracted/Bangla Audio Dataset Original and DeepFake Voices for AI-Based Voice Analysis and Detection/Dataset/S12F01/Fake/15.wav,1,MEN,MEN-S12F01,TG:4d9f637d09e3ead5,-11.03125,1,0.4241666666666667,1.6187581e-05
mendeley/extracted/Bangla Audio Dataset Original and DeepFake Voices for AI-Based Voice Analysis and Detection/Dataset/S12F01/Fake/16.wav,1,MEN,MEN-S12F01,TG:8ba166c395040864,-17.546875,1,0.4508333333333333,2.3960121e-08
mendeley/extracted/Bangla Audio Dataset Original and DeepFake Voices for AI-Based Voice Analysis and Detection/Dataset/S12F01/Fake/17.wav,1,MEN,MEN-S12F01,TG:25903432a5ed835d,-14.15625,1,0.4675,7.112437e-07
mendeley/extracted/Bangla Audio Dataset Original and DeepFake Voices for AI-Based Voice Analysis and Detection/Dataset/S12F01/Fake/18.wav,1,MEN,MEN-S12F01,TG:5e9246a5aa906c2c,-14.4921875,1,0.5225,5.0830306e-07
mendeley/extracted/Bangla Audio Dataset Original and DeepFake Voices for AI-Based Voice Analysis and Detection/Dataset/S12F01/Fake/19.wav,1,MEN,MEN-S12F01,TG:9935a7fc35fba276,-16.078125,1,0.4608333333333333,1.04078005e-07
mendeley/extracted/Bangla Audio Dataset Original and DeepFake Voices for AI-Based Voice Analysis and Detection/Dataset/S12F01/Fake/2.wav,1,MEN,MEN-S12F01,TG:2e1a8037a5c7446d,-13.625,1,0.4041666666666667,1.2098657e-06
mendeley/extracted/Bangla Audio Dataset Original and DeepFake Voices for AI-Based Voice Analysis and Detection/Dataset/S12F01/Fake/20.wav,1,MEN,MEN-S12F01,TG:d9a78a9fb8598e30,-16.578125,1,0.5908333333333333,6.3126514e-08
mendeley/extracted/Bangla Audio Dataset Original and DeepFake Voices for AI-Based Voice Analysis and Detection/Dataset/S12F01/Fake/21.wav,1,MEN,MEN-S12F01,TG:f2bac89ac84087eb,-18.4375,1,0.4991666666666666,9.833214e-09
mendeley/extracted/Bangla Audio Dataset Original and DeepFake Voices for AI-Based Voice Analysis and Detection/Dataset/S12F01/Fake/22.wav,1,MEN,MEN-S12F01,TG:6fc67c2677ba9080,-14.4921875,1,0.4541666666666667,5.0830306e-07
mendeley/extracted/Bangla Audio Dataset Original and DeepFake Voices for AI-Based Voice Analysis and Detection/Dataset/S12F01/Fake/23.wav,1,MEN,MEN-S12F01,TG:ea4c21803da05315,-18.421875,1,0.4675,9.988065e-09
mendeley/extracted/Bangla Audio Dataset Original and DeepFake Voices for AI-Based Voice Analysis and Detection/Dataset/S12F01/Fake/24.wav,1,MEN,MEN-S12F01,TG:3a260c6e53c12883,-13.1171875,1,0.5725,2.0103746e-06
mendeley/extracted/Bangla Audio Dataset Original and DeepFake Voices for AI-Based Voice Analysis and Detection/Dataset/S12F01/Fake/25.wav,1,MEN,MEN-S12F01,TG:30420959ee16d7c0,-20.546875,1,0.3958333333333333,1.1929042e-09
mendeley/extracted/Bangla Audio Dataset Original and DeepFake Voices for AI-Based Voice Analysis and Detection/Dataset/S12F01/Fake/26.wav,1,MEN,MEN-S12F01,TG:66dffd8647175de0,-14.140625,1,0.4958333333333333,7.2244416e-07
mendeley/extracted/Bangla Audio Dataset Original and DeepFake Voices for AI-Based Voice Analysis and Detection/Dataset/S12F01/Fake/27.wav,1,MEN,MEN-S12F01,TG:aa8a2f8197d47eac,-12.828125,1,0.5808333333333333,2.6842006e-06
mendeley/extracted/Bangla Audio Dataset Original and DeepFake Voices for AI-Based Voice Analysis and Detection/Dataset/S12F01/Fake/28.wav,1,MEN,MEN-S12F01,TG:4085c5d5ac867da6,-18.203125,1,0.4391666666666667,1.24303465e-08
mendeley/extracted/Bangla Audio Dataset Original and DeepFake Voices for AI-Based Voice Analysis and Detection/Dataset/S12F01/Fake/29.wav,1,MEN,MEN-S12F01,TG:ee81e3d281fac89c,-14.015625,1,0.3708333333333333,8.1863635e-07
mendeley/extracted/Bangla Audio Dataset Original and DeepFake Voices for AI-Based Voice Analysis and Detection/Dataset/S12F01/Fake/3.wav,1,MEN,MEN-S12F01,TG:098f61fd8fd691da,-20.921875,1,0.3991666666666666,8.198702e-10
mendeley/extracted/Bangla Audio Dataset Original and DeepFake Voices for AI-Based Voice Analysis and Detection/Dataset/S12F01/Fake/30.wav,1,MEN,MEN-S12F01,TG:51ee2c8cc64ff845,-19.78125,1,0.4941666666666666,2.5651472e-09
mendeley/extracted/Bangla Audio Dataset Original and DeepFake Voices for AI-Based Voice Analysis and Detection/Dataset/S12F01/Fake/4.wav,1,MEN,MEN-S12F01,TG:6da3c24672ce555f,-16.5625,1,0.5258333333333334,6.412061e-08
mendeley/extracted/Bangla Audio Dataset Original and DeepFake Voices for AI-Based Voice Analysis and Detection/Dataset/S12F01/Fake/5.wav,1,MEN,MEN-S12F01,TG:6a89c260f0594f99,-12.796875,1,0.4108333333333334,2.769406e-06
mendeley/extracted/Bangla Audio Dataset Original and DeepFake Voices for AI-Based Voice Analysis and Detection/Dataset/S12F01/Fake/6.wav,1,MEN,MEN-S12F01,TG:702bdb4b4754428b,-21.109375,1,0.4691666666666666,6.7969635e-10
mendeley/extracted/Bangla Audio Dataset Original and DeepFake Voices for AI-Based Voice Analysis and Detection/Dataset/S12F01/Fake/7.wav,1,MEN,MEN-S12F01,TG:eb1075bf1ced697e,-9.7421875,1,0.4591666666666666,5.874842e-05
mendeley/extracted/Bangla Audio Dataset Original and DeepFake Voices for AI-Based Voice Analysis and Detection/Dataset/S12F01/Fake/8.wav,1,MEN,MEN-S12F01,TG:3bb8d4c65ccd17ea,-16.4375,1,0.4275,7.265816e-08
mendeley/extracted/Bangla Audio Dataset Original and DeepFake Voices for AI-Based Voice Analysis and Detection/Dataset/S12F01/Fake/9.wav,1,MEN,MEN-S12F01,TG:313ef8a63b157972,-21.90625,1,0.3575,3.0636316e-10
mendeley/extracted/Bangla Audio Dataset Original and DeepFake Voices for AI-Based Voice Analysis and Detection/Dataset/S12F01/Real/1.wav,0,MEN,MEN-S12F01,TG:781f1e8a983ae061,-23.140625,1,0.4008333333333334,8.915676e-11
mendeley/extracted/Bangla Audio Dataset Original and DeepFake Voices for AI-Based Voice Analysis and Detection/Dataset/S12F01/Real/10.wav,0,MEN,MEN-S12F01,TG:81189a7902f36c5d,-20.5625,1,0.3525,1.1744099e-09
mendeley/extracted/Bangla Audio Dataset Original and DeepFake Voices for AI-Based Voice Analysis and Detection/Dataset/S12F01/Real/11.wav,0,MEN,MEN-S12F01,TG:dfc527c4d05b0227,-20.03125,1,0.4108333333333334,1.9977386e-09
mendeley/extracted/Bangla Audio Dataset Original and DeepFake Voices for AI-Based Voice Analysis and Detection/Dataset/S12F01/Real/12.wav,0,MEN,MEN-S12F01,TG:04a2b30e0f9c53b1,-28.484375,1,0.4325,4.2598385e-13
mendeley/extracted/Bangla Audio Dataset Original and DeepFake Voices for AI-Based Voice Analysis and Detection/Dataset/S12F01/Real/13.wav,0,MEN,MEN-S12F01,TG:f665857f8f5852c9,-22.390625,1,0.4024999999999999,1.8874485e-10
mendeley/extracted/Bangla Audio Dataset Original and DeepFake Voices for AI-Based Voice Analysis and Detection/Dataset/S12F01/Real/14.wav,0,MEN,MEN-S12F01,TG:aa1dc341d60bbafe,-20.46875,1,0.4108333333333334,1.2898371e-09
mendeley/extracted/Bangla Audio Dataset Original and DeepFake Voices for AI-Based Voice Analysis and Detection/Dataset/S12F01/Real/15.wav,0,MEN,MEN-S12F01,TG:4d9f637d09e3ead5,-27.4375,1,0.5208333333333333,1.2135151e-12
mendeley/extracted/Bangla Audio Dataset Original and DeepFake Voices for AI-Based Voice Analysis and Detection/Dataset/S12F01/Real/16.wav,0,MEN,MEN-S12F01,TG:8ba166c395040864,-22.328125,1,0.4008333333333334,2.0091785e-10
mendeley/extracted/Bangla Audio Dataset Original and DeepFake Voices for AI-Based Voice Analysis and Detection/Dataset/S12F01/Real/17.wav,0,MEN,MEN-S12F01,TG:25903432a5ed835d,-24.78125,1,0.4725,1.7283825e-11
mendeley/extracted/Bangla Audio Dataset Original and DeepFake Voices for AI-Based Voice Analysis and Detection/Dataset/S12F01/Real/18.wav,0,MEN,MEN-S12F01,TG:5e9246a5aa906c2c,-24.34375,1,0.3558333333333333,2.6769715e-11
mendeley/extracted/Bangla Audio Dataset Original and DeepFake Voices for AI-Based Voice Analysis and Detection/Dataset/S12F01/Real/19.wav,0,MEN,MEN-S12F01,TG:9935a7fc35fba276,-25.6875,1,0.4908333333333333,6.9832963e-12
mendeley/extracted/Bangla Audio Dataset Original and DeepFake Voices for AI-Based Voice Analysis and Detection/Dataset/S12F01/Real/2.wav,0,MEN,MEN-S12F01,TG:2e1a8037a5c7446d,-24.15625,1,0.3741666666666666,3.2290438e-11
mendeley/extracted/Bangla Audio Dataset Original and DeepFake Voices for AI-Based Voice Analysis and Detection/Dataset/S12F01/Real/20.wav,0,MEN,MEN-S12F01,TG:d9a78a9fb8598e30,-24.6875,1,0.4958333333333333,1.8982569e-11
mendeley/extracted/Bangla Audio Dataset Original and DeepFake Voices for AI-Based Voice Analysis and Detection/Dataset/S12F01/Real/21.wav,0,MEN,MEN-S12F01,TG:f2bac89ac84087eb,-26.390625,1,0.5208333333333333,3.4569825e-12
mendeley/extracted/Bangla Audio Dataset Original and DeepFake Voices for AI-Based Voice Analysis and Detection/Dataset/S12F01/Real/22.wav,0,MEN,MEN-S12F01,TG:6fc67c2677ba9080,-23.1875,1,0.4408333333333333,8.507397e-11
mendeley/extracted/Bangla Audio Dataset Original and DeepFake Voices for AI-Based Voice Analysis and Detection/Dataset/S12F01/Real/23.wav,0,MEN,MEN-S12F01,TG:ea4c21803da05315,-28.84375,1,0.4675,2.9738465e-13
mendeley/extracted/Bangla Audio Dataset Original and DeepFake Voices for AI-Based Voice Analysis and Detection/Dataset/S12F01/Real/24.wav,0,MEN,MEN-S12F01,TG:3a260c6e53c12883,-25.234375,1,0.4675,1.0986268e-11
mendeley/extracted/Bangla Audio Dataset Original and DeepFake Voices for AI-Based Voice Analysis and Detection/Dataset/S12F01/Real/25.wav,0,MEN,MEN-S12F01,TG:30420959ee16d7c0,-24.1875,1,0.5041666666666667,3.1296965e-11
mendeley/extracted/Bangla Audio Dataset Original and DeepFake Voices for AI-Based Voice Analysis and Detection/Dataset/S12F01/Real/26.wav,0,MEN,MEN-S12F01,TG:66dffd8647175de0,-17.84375,1,0.4841666666666666,1.7805652e-08
mendeley/extracted/Bangla Audio Dataset Original and DeepFake Voices for AI-Based Voice Analysis and Detection/Dataset/S12F01/Real/27.wav,0,MEN,MEN-S12F01,TG:aa8a2f8197d47eac,-20.25,1,0.6708333333333334,1.605228e-09
mendeley/extracted/Bangla Audio Dataset Original and DeepFake Voices for AI-Based Voice Analysis and Detection/Dataset/S12F01/Real/28.wav,0,MEN,MEN-S12F01,TG:4085c5d5ac867da6,-19.109375,1,0.6174999999999999,5.0223146e-09
mendeley/extracted/Bangla Audio Dataset Original and DeepFake Voices for AI-Based Voice Analysis and Detection/Dataset/S12F01/Real/29.wav,0,MEN,MEN-S12F01,TG:ee81e3d281fac89c,-17.6875,1,0.4675,2.0816916e-08
mendeley/extracted/Bangla Audio Dataset Original and DeepFake Voices for AI-Based Voice Analysis and Detection/Dataset/S12F01/Real/3.wav,0,MEN,MEN-S12F01,TG:098f61fd8fd691da,-22.484375,1,0.3841666666666666,1.7185416e-10
mendeley/extracted/Bangla Audio Dataset Original and DeepFake Voices for AI-Based Voice Analysis and Detection/Dataset/S12F01/Real/30.wav,0,MEN,MEN-S12F01,TG:51ee2c8cc64ff845,-20.09375,1,0.5175000000000001,1.8767017e-09
mendeley/extracted/Bangla Audio Dataset Original and DeepFake Voices for AI-Based Voice Analysis and Detection/Dataset/S12F01/Real/4.wav,0,MEN,MEN-S12F01,TG:6da3c24672ce555f,-16.703125,1,0.4208333333333333,5.570894e-08
mendeley/extracted/Bangla Audio Dataset Original and DeepFake Voices for AI-Based Voice Analysis and Detection/Dataset/S12F01/Real/5.wav,0,MEN,MEN-S12F01,TG:6a89c260f0594f99,-23.734375,1,0.3791666666666666,4.9237038e-11
mendeley/extracted/Bangla Audio Dataset Original and DeepFake Voices for AI-Based Voice Analysis and Detection/Dataset/S12F01/Real/6.wav,0,MEN,MEN-S12F01,TG:702bdb4b4754428b,-18.578125,1,0.3525,8.543244e-09
mendeley/extracted/Bangla Audio Dataset Original and DeepFake Voices for AI-Based Voice Analysis and Detection/Dataset/S12F01/Real/7.wav,0,MEN,MEN-S12F01,TG:eb1075bf1ced697e,-20.71875,1,0.4008333333333334,1.004526e-09
mendeley/extracted/Bangla Audio Dataset Original and DeepFake Voices for AI-Based Voice Analysis and Detection/Dataset/S12F01/Real/8.wav,0,MEN,MEN-S12F01,TG:3bb8d4c65ccd17ea,-19.84375,1,0.3508333333333333,2.4097329e-09
mendeley/extracted/Bangla Audio Dataset Original and DeepFake Voices for AI-Based Voice Analysis and Detection/Dataset/S12F01/Real/9.wav,0,MEN,MEN-S12F01,TG:313ef8a63b157972,-26.0,1,0.3841666666666666,5.1090894e-12
mendeley/extracted/Bangla Audio Dataset Original and DeepFake Voices for AI-Based Voice Analysis and Detection/Dataset/S12F02/Fake/1.wav,1,MEN,MEN-S12F02,TG:781f1e8a983ae061,-19.6875,1,0.4108333333333334,2.8172629e-09
mendeley/extracted/Bangla Audio Dataset Original and DeepFake Voices for AI-Based Voice Analysis and Detection/Dataset/S12F02/Fake/10.wav,1,MEN,MEN-S12F02,TG:81189a7902f36c5d,-12.359375,1,0.4408333333333333,4.289333e-06
mendeley/extracted/Bangla Audio Dataset Original and DeepFake Voices for AI-Based Voice Analysis and Detection/Dataset/S12F02/Fake/11.wav,1,MEN,MEN-S12F02,TG:dfc527c4d05b0227,-12.5625,1,0.1708333333333332,3.5008547e-06
mendeley/extracted/Bangla Audio Dataset Original and DeepFake Voices for AI-Based Voice Analysis and Detection/Dataset/S12F02/Fake/12.wav,1,MEN,MEN-S12F02,TG:04a2b30e0f9c53b1,-15.4921875,1,0.4775,1.8699428e-07
mendeley/extracted/Bangla Audio Dataset Original and DeepFake Voices for AI-Based Voice Analysis and Detection/Dataset/S12F02/Fake/13.wav,1,MEN,MEN-S12F02,TG:f665857f8f5852c9,-11.3671875,1,0.3375,1.1568795e-05
mendeley/extracted/Bangla Audio Dataset Original and DeepFake Voices for AI-Based Voice Analysis and Detection/Dataset/S12F02/Fake/14.wav,1,MEN,MEN-S12F02,TG:aa1dc341d60bbafe,-8.9609375,1,0.4391666666666667,0.00012830943
mendeley/extracted/Bangla Audio Dataset Original and DeepFake Voices for AI-Based Voice Analysis and Detection/Dataset/S12F02/Fake/15.wav,1,MEN,MEN-S12F02,TG:4d9f637d09e3ead5,-8.203125,1,0.4375,0.00027372167
mendeley/extracted/Bangla Audio Dataset Original and DeepFake Voices for AI-Based Voice Analysis and Detection/Dataset/S12F02/Fake/16.wav,1,MEN,MEN-S12F02,TG:8ba166c395040864,-14.9375,1,0.4208333333333333,3.2563122e-07
mendeley/extracted/Bangla Audio Dataset Original and DeepFake Voices for AI-Based Voice Analysis and Detection/Dataset/S12F02/Fake/17.wav,1,MEN,MEN-S12F02,TG:25903432a5ed835d,-14.6875,1,0.5291666666666667,4.181187e-07
mendeley/extracted/Bangla Audio Dataset Original and DeepFake Voices for AI-Based Voice Analysis and Detection/Dataset/S12F02/Fake/18.wav,1,MEN,MEN-S12F02,TG:5e9246a5aa906c2c,-16.765625,1,0.5175000000000001,5.2333718e-08
mendeley/extracted/Bangla Audio Dataset Original and DeepFake Voices for AI-Based Voice Analysis and Detection/Dataset/S12F02/Fake/19.wav,1,MEN,MEN-S12F02,TG:9935a7fc35fba276,-4.6796875,1,0.4841666666666666,0.009196552
mendeley/extracted/Bangla Audio Dataset Original and DeepFake Voices for AI-Based Voice Analysis and Detection/Dataset/S12F02/Fake/2.wav,1,MEN,MEN-S12F02,TG:2e1a8037a5c7446d,-15.8515625,1,0.4408333333333333,1.3054306e-07
mendeley/extracted/Bangla Audio Dataset Original and DeepFake Voices for AI-Based Voice Analysis and Detection/Dataset/S12F02/Fake/20.wav,1,MEN,MEN-S12F02,TG:d9a78a9fb8598e30,-21.125,1,0.5541666666666667,6.691586e-10
mendeley/extracted/Bangla Audio Dataset Original and DeepFake Voices for AI-Based Voice Analysis and Detection/Dataset/S12F02/Fake/21.wav,1,MEN,MEN-S12F02,TG:f2bac89ac84087eb,-11.3515625,1,0.4558333333333333,1.1750976e-05
mendeley/extracted/Bangla Audio Dataset Original and DeepFake Voices for AI-Based Voice Analysis and Detection/Dataset/S12F02/Fake/22.wav,1,MEN,MEN-S12F02,TG:6fc67c2677ba9080,-11.6484375,1,0.5391666666666667,8.73261e-06
mendeley/extracted/Bangla Audio Dataset Original and DeepFake Voices for AI-Based Voice Analysis and Detection/Dataset/S12F02/Fake/23.wav,1,MEN,MEN-S12F02,TG:ea4c21803da05315,-11.8203125,1,0.4608333333333333,7.353606e-06
mendeley/extracted/Bangla Audio Dataset Original and DeepFake Voices for AI-Based Voice Analysis and Detection/Dataset/S12F02/Fake/24.wav,1,MEN,MEN-S12F02,TG:3a260c6e53c12883,-8.3046875,1,0.5141666666666667,0.00024729347
mendeley/extracted/Bangla Audio Dataset Original and DeepFake Voices for AI-Based Voice Analysis and Detection/Dataset/S12F02/Fake/25.wav,1,MEN,MEN-S12F02,TG:30420959ee16d7c0,-19.515625,1,0.4375,3.3455827e-09
mendeley/extracted/Bangla Audio Dataset Original and DeepFake Voices for AI-Based Voice Analysis and Detection/Dataset/S12F02/Fake/26.wav,1,MEN,MEN-S12F02,TG:66dffd8647175de0,-12.6875,1,0.4575,3.0894944e-06
mendeley/extracted/Bangla Audio Dataset Original and DeepFake Voices for AI-Based Voice Analysis and Detection/Dataset/S12F02/Fake/27.wav,1,MEN,MEN-S12F02,TG:aa8a2f8197d47eac,-7.9648438,1,0.5708333333333333,0.0003473453
mendeley/extracted/Bangla Audio Dataset Original and DeepFake Voices for AI-Based Voice Analysis and Detection/Dataset/S12F02/Fake/28.wav,1,MEN,MEN-S12F02,TG:4085c5d5ac867da6,-11.3046875,1,0.4675,1.2314909e-05
mendeley/extracted/Bangla Audio Dataset Original and DeepFake Voices for AI-Based Voice Analysis and Detection/Dataset/S12F02/Fake/29.wav,1,MEN,MEN-S12F02,TG:ee81e3d281fac89c,-6.9960938,1,0.4208333333333333,0.0009146137
mendeley/extracted/Bangla Audio Dataset Original and DeepFake Voices for AI-Based Voice Analysis and Detection/Dataset/S12F02/Fake/3.wav,1,MEN,MEN-S12F02,TG:098f61fd8fd691da,-19.09375,1,0.3958333333333333,5.1014046e-09
mendeley/extracted/Bangla Audio Dataset Original and DeepFake Voices for AI-Based Voice Analysis and Detection/Dataset/S12F02/Fake/30.wav,1,MEN,MEN-S12F02,TG:51ee2c8cc64ff845,-12.6171875,1,0.4941666666666666,3.314543e-06
mendeley/extracted/Bangla Audio Dataset Original and DeepFake Voices for AI-Based Voice Analysis and Detection/Dataset/S12F02/Fake/4.wav,1,MEN,MEN-S12F02,TG:6da3c24672ce555f,-5.1328125,1,0.5241666666666667,0.0058653383
mendeley/extracted/Bangla Audio Dataset Original and DeepFake Voices for AI-Based Voice Analysis and Detection/Dataset/S12F02/Fake/5.wav,1,MEN,MEN-S12F02,TG:6a89c260f0594f99,-13.3984375,1,0.3075,1.517511e-06
mendeley/extracted/Bangla Audio Dataset Original and DeepFake Voices for AI-Based Voice Analysis and Detection/Dataset/S12F02/Fake/6.wav,1,MEN,MEN-S12F02,TG:702bdb4b4754428b,-16.484375,1,0.5025,6.93309e-08
mendeley/extracted/Bangla Audio Dataset Original and DeepFake Voices for AI-Based Voice Analysis and Detection/Dataset/S12F02/Fake/7.wav,1,MEN,MEN-S12F02,TG:eb1075bf1ced697e,-12.0859375,1,0.4608333333333333,5.638214e-06
mendeley/extracted/Bangla Audio Dataset Original and DeepFake Voices for AI-Based Voice Analysis and Detection/Dataset/S12F02/Fake/8.wav,1,MEN,MEN-S12F02,TG:3bb8d4c65ccd17ea,-13.0859375,1,0.3591666666666666,2.0741907e-06
mendeley/extracted/Bangla Audio Dataset Original and DeepFake Voices for AI-Based Voice Analysis and Detection/Dataset/S12F02/Fake/9.wav,1,MEN,MEN-S12F02,TG:313ef8a63b157972,-8.359375,1,0.4225,0.00023413583
mendeley/extracted/Bangla Audio Dataset Original and DeepFake Voices for AI-Based Voice Analysis and Detection/Dataset/S12F02/Real/1.wav,0,MEN,MEN-S12F02,TG:781f1e8a983ae061,5.875,1,0.4675,0.99719906
mendeley/extracted/Bangla Audio Dataset Original and DeepFake Voices for AI-Based Voice Analysis and Detection/Dataset/S12F02/Real/10.wav,0,MEN,MEN-S12F02,TG:81189a7902f36c5d,10.453125,1,0.4841666666666666,0.99997115
mendeley/extracted/Bangla Audio Dataset Original and DeepFake Voices for AI-Based Voice Analysis and Detection/Dataset/S12F02/Real/11.wav,0,MEN,MEN-S12F02,TG:dfc527c4d05b0227,5.578125,1,0.4508333333333333,0.9962346
mendeley/extracted/Bangla Audio Dataset Original and DeepFake Voices for AI-Based Voice Analysis and Detection/Dataset/S12F02/Real/12.wav,0,MEN,MEN-S12F02,TG:04a2b30e0f9c53b1,10.46875,1,0.4175,0.9999716
mendeley/extracted/Bangla Audio Dataset Original and DeepFake Voices for AI-Based Voice Analysis and Detection/Dataset/S12F02/Real/13.wav,0,MEN,MEN-S12F02,TG:f665857f8f5852c9,1.4707031,1,0.2674999999999999,0.81316423
mendeley/extracted/Bangla Audio Dataset Original and DeepFake Voices for AI-Based Voice Analysis and Detection/Dataset/S12F02/Real/14.wav,0,MEN,MEN-S12F02,TG:aa1dc341d60bbafe,6.6328125,1,0.2674999999999999,0.9986853
mendeley/extracted/Bangla Audio Dataset Original and DeepFake Voices for AI-Based Voice Analysis and Detection/Dataset/S12F02/Real/15.wav,0,MEN,MEN-S12F02,TG:4d9f637d09e3ead5,8.28125,1,0.3175,0.99974686
mendeley/extracted/Bangla Audio Dataset Original and DeepFake Voices for AI-Based Voice Analysis and Detection/Dataset/S12F02/Real/16.wav,0,MEN,MEN-S12F02,TG:8ba166c395040864,6.9375,1,0.4008333333333334,0.99903023
mendeley/extracted/Bangla Audio Dataset Original and DeepFake Voices for AI-Based Voice Analysis and Detection/Dataset/S12F02/Real/17.wav,0,MEN,MEN-S12F02,TG:25903432a5ed835d,6.546875,1,0.5175000000000001,0.99856746
mendeley/extracted/Bangla Audio Dataset Original and DeepFake Voices for AI-Based Voice Analysis and Detection/Dataset/S12F02/Real/18.wav,0,MEN,MEN-S12F02,TG:5e9246a5aa906c2c,6.5,1,0.4841666666666666,0.9984988
mendeley/extracted/Bangla Audio Dataset Original and DeepFake Voices for AI-Based Voice Analysis and Detection/Dataset/S12F02/Real/19.wav,0,MEN,MEN-S12F02,TG:9935a7fc35fba276,9.1640625,1,0.4008333333333334,0.9998952
mendeley/extracted/Bangla Audio Dataset Original and DeepFake Voices for AI-Based Voice Analysis and Detection/Dataset/S12F02/Real/2.wav,0,MEN,MEN-S12F02,TG:2e1a8037a5c7446d,8.1484375,1,0.4341666666666667,0.99971086
mendeley/extracted/Bangla Audio Dataset Original and DeepFake Voices for AI-Based Voice Analysis and Detection/Dataset/S12F02/Real/20.wav,0,MEN,MEN-S12F02,TG:d9a78a9fb8598e30,10.7421875,1,0.5341666666666667,0.9999784
mendeley/extracted/Bangla Audio Dataset Original and DeepFake Voices for AI-Based Voice Analysis and Detection/Dataset/S12F02/Real/21.wav,0,MEN,MEN-S12F02,TG:f2bac89ac84087eb,10.2265625,1,0.5341666666666667,0.99996376
mendeley/extracted/Bangla Audio Dataset Original and DeepFake Voices for AI-Based Voice Analysis and Detection/Dataset/S12F02/Real/22.wav,0,MEN,MEN-S12F02,TG:6fc67c2677ba9080,8.265625,1,0.4508333333333333,0.9997428
mendeley/extracted/Bangla Audio Dataset Original and DeepFake Voices for AI-Based Voice Analysis and Detection/Dataset/S12F02/Real/23.wav,0,MEN,MEN-S12F02,TG:ea4c21803da05315,10.2109375,1,0.4841666666666666,0.9999633
mendeley/extracted/Bangla Audio Dataset Original and DeepFake Voices for AI-Based Voice Analysis and Detection/Dataset/S12F02/Real/24.wav,0,MEN,MEN-S12F02,TG:3a260c6e53c12883,10.9765625,1,0.5675,0.99998295
mendeley/extracted/Bangla Audio Dataset Original and DeepFake Voices for AI-Based Voice Analysis and Detection/Dataset/S12F02/Real/25.wav,0,MEN,MEN-S12F02,TG:30420959ee16d7c0,5.421875,1,0.4341666666666667,0.9956006
mendeley/extracted/Bangla Audio Dataset Original and DeepFake Voices for AI-Based Voice Analysis and Detection/Dataset/S12F02/Real/26.wav,0,MEN,MEN-S12F02,TG:66dffd8647175de0,8.40625,1,0.5175000000000001,0.99977654
mendeley/extracted/Bangla Audio Dataset Original and DeepFake Voices for AI-Based Voice Analysis and Detection/Dataset/S12F02/Real/27.wav,0,MEN,MEN-S12F02,TG:aa8a2f8197d47eac,8.1484375,1,0.5841666666666667,0.99971086
mendeley/extracted/Bangla Audio Dataset Original and DeepFake Voices for AI-Based Voice Analysis and Detection/Dataset/S12F02/Real/28.wav,0,MEN,MEN-S12F02,TG:4085c5d5ac867da6,9.4765625,1,0.5508333333333333,0.99992335
mendeley/extracted/Bangla Audio Dataset Original and DeepFake Voices for AI-Based Voice Analysis and Detection/Dataset/S12F02/Real/29.wav,0,MEN,MEN-S12F02,TG:ee81e3d281fac89c,1.6328125,1,0.5008333333333334,0.8365546
mendeley/extracted/Bangla Audio Dataset Original and DeepFake Voices for AI-Based Voice Analysis and Detection/Dataset/S12F02/Real/3.wav,0,MEN,MEN-S12F02,TG:098f61fd8fd691da,4.6328125,1,0.4341666666666667,0.99036634
mendeley/extracted/Bangla Audio Dataset Original and DeepFake Voices for AI-Based Voice Analysis and Detection/Dataset/S12F02/Real/30.wav,0,MEN,MEN-S12F02,TG:51ee2c8cc64ff845,3.4472656,1,0.4341666666666667,0.9691495
mendeley/extracted/Bangla Audio Dataset Original and DeepFake Voices for AI-Based Voice Analysis and Detection/Dataset/S12F02/Real/4.wav,0,MEN,MEN-S12F02,TG:6da3c24672ce555f,4.828125,1,0.4341666666666667,0.992062
mendeley/extracted/Bangla Audio Dataset Original and DeepFake Voices for AI-Based Voice Analysis and Detection/Dataset/S12F02/Real/5.wav,0,MEN,MEN-S12F02,TG:6a89c260f0594f99,4.8476562,1,0.3841666666666666,0.9922144
mendeley/extracted/Bangla Audio Dataset Original and DeepFake Voices for AI-Based Voice Analysis and Detection/Dataset/S12F02/Real/6.wav,0,MEN,MEN-S12F02,TG:702bdb4b4754428b,9.8359375,1,0.4841666666666666,0.9999465
mendeley/extracted/Bangla Audio Dataset Original and DeepFake Voices for AI-Based Voice Analysis and Detection/Dataset/S12F02/Real/7.wav,0,MEN,MEN-S12F02,TG:eb1075bf1ced697e,2.8730469,1,0.4841666666666666,0.94649786
mendeley/extracted/Bangla Audio Dataset Original and DeepFake Voices for AI-Based Voice Analysis and Detection/Dataset/S12F02/Real/8.wav,0,MEN,MEN-S12F02,TG:3bb8d4c65ccd17ea,3.7089844,1,0.4008333333333334,0.97608364
mendeley/extracted/Bangla Audio Dataset Original and DeepFake Voices for AI-Based Voice Analysis and Detection/Dataset/S12F02/Real/9.wav,0,MEN,MEN-S12F02,TG:313ef8a63b157972,9.1875,1,0.5008333333333334,0.9998977
mendeley/extracted/Bangla Audio Dataset Original and DeepFake Voices for AI-Based Voice Analysis and Detection/Dataset/S12F04/Fake/1.wav,1,MEN,MEN-S12F04,TG:781f1e8a983ae061,-15.9296875,1,0.4341666666666667,1.207326e-07
mendeley/extracted/Bangla Audio Dataset Original and DeepFake Voices for AI-Based Voice Analysis and Detection/Dataset/S12F04/Fake/10.wav,1,MEN,MEN-S12F04,TG:81189a7902f36c5d,-17.34375,1,0.4108333333333334,2.9356556e-08
mendeley/extracted/Bangla Audio Dataset Original and DeepFake Voices for AI-Based Voice Analysis and Detection/Dataset/S12F04/Fake/11.wav,1,MEN,MEN-S12F04,TG:dfc527c4d05b0227,-11.09375,1,0.1541666666666666,1.520684e-05
mendeley/extracted/Bangla Audio Dataset Original and DeepFake Voices for AI-Based Voice Analysis and Detection/Dataset/S12F04/Fake/12.wav,1,MEN,MEN-S12F04,TG:04a2b30e0f9c53b1,-18.203125,1,0.4708333333333333,1.24303465e-08
mendeley/extracted/Bangla Audio Dataset Original and DeepFake Voices for AI-Based Voice Analysis and Detection/Dataset/S12F04/Fake/13.wav,1,MEN,MEN-S12F04,TG:f665857f8f5852c9,-14.8984375,1,0.2941666666666667,3.386029e-07
mendeley/extracted/Bangla Audio Dataset Original and DeepFake Voices for AI-Based Voice Analysis and Detection/Dataset/S12F04/Fake/14.wav,1,MEN,MEN-S12F04,TG:aa1dc341d60bbafe,-7.6367188,1,0.4641666666666666,0.00048217614
mendeley/extracted/Bangla Audio Dataset Original and DeepFake Voices for AI-Based Voice Analysis and Detection/Dataset/S12F04/Fake/15.wav,1,MEN,MEN-S12F04,TG:4d9f637d09e3ead5,-10.5078125,1,0.4608333333333333,2.7321414e-05
mendeley/extracted/Bangla Audio Dataset Original and DeepFake Voices for AI-Based Voice Analysis and Detection/Dataset/S12F04/Fake/16.wav,1,MEN,MEN-S12F04,TG:8ba166c395040864,-12.25,1,0.4541666666666667,4.7850945e-06
mendeley/extracted/Bangla Audio Dataset Original and DeepFake Voices for AI-Based Voice Analysis and Detection/Dataset/S12F04/Fake/17.wav,1,MEN,MEN-S12F04,TG:25903432a5ed835d,-12.2421875,1,0.4941666666666666,4.8226243e-06
mendeley/extracted/Bangla Audio Dataset Original and DeepFake Voices for AI-Based Voice Analysis and Detection/Dataset/S12F04/Fake/18.wav,1,MEN,MEN-S12F04,TG:5e9246a5aa906c2c,-15.3125,1,0.4858333333333333,2.2380287e-07
mendeley/extracted/Bangla Audio Dataset Original and DeepFake Voices for AI-Based Voice Analysis and Detection/Dataset/S12F04/Fake/19.wav,1,MEN,MEN-S12F04,TG:9935a7fc35fba276,-10.1640625,1,0.4041666666666667,3.8528935e-05
mendeley/extracted/Bangla Audio Dataset Original and DeepFake Voices for AI-Based Voice Analysis and Detection/Dataset/S12F04/Fake/2.wav,1,MEN,MEN-S12F04,TG:2e1a8037a5c7446d,-15.4609375,1,0.4508333333333333,1.9293013e-07
mendeley/extracted/Bangla Audio Dataset Original and DeepFake Voices for AI-Based Voice Analysis and Detection/Dataset/S12F04/Fake/20.wav,1,MEN,MEN-S12F04,TG:d9a78a9fb8598e30,-14.390625,1,0.5275000000000001,5.6264014e-07
mendeley/extracted/Bangla Audio Dataset Original and DeepFake Voices for AI-Based Voice Analysis and Detection/Dataset/S12F04/Fake/21.wav,1,MEN,MEN-S12F04,TG:f2bac89ac84087eb,-11.578125,1,0.4541666666666667,9.368717e-06
mendeley/extracted/Bangla Audio Dataset Original and DeepFake Voices for AI-Based Voice Analysis and Detection/Dataset/S12F04/Fake/22.wav,1,MEN,MEN-S12F04,TG:6fc67c2677ba9080,-2.3554688,1,0.4791666666666666,0.08663207
mendeley/extracted/Bangla Audio Dataset Original and DeepFake Voices for AI-Based Voice Analysis and Detection/Dataset/S12F04/Fake/23.wav,1,MEN,MEN-S12F04,TG:ea4c21803da05315,-10.75,1,0.4508333333333333,2.1444948e-05
mendeley/extracted/Bangla Audio Dataset Original and DeepFake Voices for AI-Based Voice Analysis and Detection/Dataset/S12F04/Fake/24.wav,1,MEN,MEN-S12F04,TG:3a260c6e53c12883,-4.1015625,1,0.5541666666666667,0.016277462
mendeley/extracted/Bangla Audio Dataset Original and DeepFake Voices for AI-Based Voice Analysis and Detection/Dataset/S12F04/Fake/25.wav,1,MEN,MEN-S12F04,TG:30420959ee16d7c0,-12.1640625,1,0.3874999999999999,5.2144983e-06
mendeley/extracted/Bangla Audio Dataset Original and DeepFake Voices for AI-Based Voice Analysis and Detection/Dataset/S12F04/Fake/26.wav,1,MEN,MEN-S12F04,TG:66dffd8647175de0,-17.5625,1,0.4375,2.3588655e-08
mendeley/extracted/Bangla Audio Dataset Original and DeepFake Voices for AI-Based Voice Analysis and Detection/Dataset/S12F04/Fake/27.wav,1,MEN,MEN-S12F04,TG:aa8a2f8197d47eac,-0.25463867,1,0.5858333333333333,0.4366821
mendeley/extracted/Bangla Audio Dataset Original and DeepFake Voices for AI-Based Voice Analysis and Detection/Dataset/S12F04/Fake/28.wav,1,MEN,MEN-S12F04,TG:4085c5d5ac867da6,-13.7265625,1,0.4641666666666666,1.0930228e-06
mendeley/extracted/Bangla Audio Dataset Original and DeepFake Voices for AI-Based Voice Analysis and Detection/Dataset/S12F04/Fake/29.wav,1,MEN,MEN-S12F04,TG:ee81e3d281fac89c,-8.2265625,1,0.4541666666666667,0.00026738262
mendeley/extracted/Bangla Audio Dataset Original and DeepFake Voices for AI-Based Voice Analysis and Detection/Dataset/S12F04/Fake/3.wav,1,MEN,MEN-S12F04,TG:098f61fd8fd691da,-18.984375,1,0.3874999999999999,5.691027e-09
mendeley/extracted/Bangla Audio Dataset Original and DeepFake Voices for AI-Based Voice Analysis and Detection/Dataset/S12F04/Fake/30.wav,1,MEN,MEN-S12F04,TG:51ee2c8cc64ff845,-16.140625,1,0.4625,9.777224e-08
mendeley/extracted/Bangla Audio Dataset Original and DeepFake Voices for AI-Based Voice Analysis and Detection/Dataset/S12F04/Fake/4.wav,1,MEN,MEN-S12F04,TG:6da3c24672ce555f,-12.9453125,1,0.4975,2.3873781e-06
mendeley/extracted/Bangla Audio Dataset Original and DeepFake Voices for AI-Based Voice Analysis and Detection/Dataset/S12F04/Fake/5.wav,1,MEN,MEN-S12F04,TG:6a89c260f0594f99,-9.7578125,1,0.3158333333333333,5.7837664e-05
mendeley/extracted/Bangla Audio Dataset Original and DeepFake Voices for AI-Based Voice Analysis and Detection/Dataset/S12F04/Fake/6.wav,1,MEN,MEN-S12F04,TG:702bdb4b4754428b,-15.328125,1,0.4591666666666666,2.203331e-07
mendeley/extracted/Bangla Audio Dataset Original and DeepFake Voices for AI-Based Voice Analysis and Detection/Dataset/S12F04/Fake/7.wav,1,MEN,MEN-S12F04,TG:eb1075bf1ced697e,-9.4765625,1,0.4675,7.662102e-05
mendeley/extracted/Bangla Audio Dataset Original and DeepFake Voices for AI-Based Voice Analysis and Detection/Dataset/S12F04/Fake/8.wav,1,MEN,MEN-S12F04,TG:3bb8d4c65ccd17ea,-8.640625,1,0.3908333333333333,0.00017674513
mendeley/extracted/Bangla Audio Dataset Original and DeepFake Voices for AI-Based Voice Analysis and Detection/Dataset/S12F04/Fake/9.wav,1,MEN,MEN-S12F04,TG:313ef8a63b157972,-14.40625,1,0.3774999999999999,5.539173e-07
mendeley/extracted/Bangla Audio Dataset Original and DeepFake Voices for AI-Based Voice Analysis and Detection/Dataset/S12F04/Real/1.wav,0,MEN,MEN-S12F04,TG:781f1e8a983ae061,7.8984375,1,0.3841666666666666,0.9996288
mendeley/extracted/Bangla Audio Dataset Original and DeepFake Voices for AI-Based Voice Analysis and Detection/Dataset/S12F04/Real/10.wav,0,MEN,MEN-S12F04,TG:81189a7902f36c5d,3.3046875,1,0.4675,0.96458924
mendeley/extracted/Bangla Audio Dataset Original and DeepFake Voices for AI-Based Voice Analysis and Detection/Dataset/S12F04/Real/11.wav,0,MEN,MEN-S12F04,TG:dfc527c4d05b0227,8.8984375,1,0.3508333333333333,0.9998634
mendeley/extracted/Bangla Audio Dataset Original and DeepFake Voices for AI-Based Voice Analysis and Detection/Dataset/S12F04/Real/12.wav,0,MEN,MEN-S12F04,TG:04a2b30e0f9c53b1,8.3046875,1,0.4008333333333334,0.9997527
mendeley/extracted/Bangla Audio Dataset Original and DeepFake Voices for AI-Based Voice Analysis and Detection/Dataset/S12F04/Real/13.wav,0,MEN,MEN-S12F04,TG:f665857f8f5852c9,5.5625,1,0.3841666666666666,0.9961755
mendeley/extracted/Bangla Audio Dataset Original and DeepFake Voices for AI-Based Voice Analysis and Detection/Dataset/S12F04/Real/14.wav,0,MEN,MEN-S12F04,TG:aa1dc341d60bbafe,4.96875,1,0.3675,0.9930962
mendeley/extracted/Bangla Audio Dataset Original and DeepFake Voices for AI-Based Voice Analysis and Detection/Dataset/S12F04/Real/15.wav,0,MEN,MEN-S12F04,TG:4d9f637d09e3ead5,6.9921875,1,0.4841666666666666,0.99908185
mendeley/extracted/Bangla Audio Dataset Original and DeepFake Voices for AI-Based Voice Analysis and Detection/Dataset/S12F04/Real/16.wav,0,MEN,MEN-S12F04,TG:8ba166c395040864,8.8125,1,0.4675,0.9998511
mendeley/extracted/Bangla Audio Dataset Original and DeepFake Voices for AI-Based Voice Analysis and Detection/Dataset/S12F04/Real/17.wav,0,MEN,MEN-S12F04,TG:25903432a5ed835d,7.5585938,1,0.4341666666666667,0.99947864
mendeley/extracted/Bangla Audio Dataset Original and DeepFake Voices for AI-Based Voice Analysis and Detection/Dataset/S12F04/Real/18.wav,0,MEN,MEN-S12F04,TG:5e9246a5aa906c2c,6.9492188,1,0.4841666666666666,0.9990415
mendeley/extracted/Bangla Audio Dataset Original and DeepFake Voices for AI-Based Voice Analysis and Detection/Dataset/S12F04/Real/19.wav,0,MEN,MEN-S12F04,TG:9935a7fc35fba276,7.9296875,1,0.4675,0.9996402
mendeley/extracted/Bangla Audio Dataset Original and DeepFake Voices for AI-Based Voice Analysis and Detection/Dataset/S12F04/Real/2.wav,0,MEN,MEN-S12F04,TG:2e1a8037a5c7446d,8.6640625,1,0.3341666666666666,0.9998273
mendeley/extracted/Bangla Audio Dataset Original and DeepFake Voices for AI-Based Voice Analysis and Detection/Dataset/S12F04/Real/20.wav,0,MEN,MEN-S12F04,TG:d9a78a9fb8598e30,7.265625,1,0.4841666666666666,0.9993013
mendeley/extracted/Bangla Audio Dataset Original and DeepFake Voices for AI-Based Voice Analysis and Detection/Dataset/S12F04/Real/21.wav,0,MEN,MEN-S12F04,TG:f2bac89ac84087eb,10.3046875,1,0.4675,0.9999665
mendeley/extracted/Bangla Audio Dataset Original and DeepFake Voices for AI-Based Voice Analysis and Detection/Dataset/S12F04/Real/22.wav,0,MEN,MEN-S12F04,TG:6fc67c2677ba9080,9.2421875,1,0.4175,0.9999031
mendeley/extracted/Bangla Audio Dataset Original and DeepFake Voices for AI-Based Voice Analysis and Detection/Dataset/S12F04/Real/23.wav,0,MEN,MEN-S12F04,TG:ea4c21803da05315,8.546875,1,0.4175,0.99980587
mendeley/extracted/Bangla Audio Dataset Original and DeepFake Voices for AI-Based Voice Analysis and Detection/Dataset/S12F04/Real/24.wav,0,MEN,MEN-S12F04,TG:3a260c6e53c12883,5.375,1,0.4841666666666666,0.9953904
mendeley/extracted/Bangla Audio Dataset Original and DeepFake Voices for AI-Based Voice Analysis and Detection/Dataset/S12F04/Real/25.wav,0,MEN,MEN-S12F04,TG:30420959ee16d7c0,6.6953125,1,0.4008333333333334,0.9987649
mendeley/extracted/Bangla Audio Dataset Original and DeepFake Voices for AI-Based Voice Analysis and Detection/Dataset/S12F04/Real/26.wav,0,MEN,MEN-S12F04,TG:66dffd8647175de0,8.0078125,1,0.4508333333333333,0.9996673
mendeley/extracted/Bangla Audio Dataset Original and DeepFake Voices for AI-Based Voice Analysis and Detection/Dataset/S12F04/Real/27.wav,0,MEN,MEN-S12F04,TG:aa8a2f8197d47eac,10.6484375,1,0.4675,0.9999763
mendeley/extracted/Bangla Audio Dataset Original and DeepFake Voices for AI-Based Voice Analysis and Detection/Dataset/S12F04/Real/28.wav,0,MEN,MEN-S12F04,TG:4085c5d5ac867da6,7.6015625,1,0.5008333333333334,0.9995005
mendeley/extracted/Bangla Audio Dataset Original and DeepFake Voices for AI-Based Voice Analysis and Detection/Dataset/S12F04/Real/29.wav,0,MEN,MEN-S12F04,TG:ee81e3d281fac89c,5.296875,1,0.3675,0.9950177
mendeley/extracted/Bangla Audio Dataset Original and DeepFake Voices for AI-Based Voice Analysis and Detection/Dataset/S12F04/Real/3.wav,0,MEN,MEN-S12F04,TG:098f61fd8fd691da,6.5585938,1,0.3675,0.99858415
mendeley/extracted/Bangla Audio Dataset Original and DeepFake Voices for AI-Based Voice Analysis and Detection/Dataset/S12F04/Real/30.wav,0,MEN,MEN-S12F04,TG:51ee2c8cc64ff845,8.0,1,0.4008333333333334,0.99966466
mendeley/extracted/Bangla Audio Dataset Original and DeepFake Voices for AI-Based Voice Analysis and Detection/Dataset/S12F04/Real/4.wav,0,MEN,MEN-S12F04,TG:6da3c24672ce555f,7.9765625,1,0.3841666666666666,0.9996567
mendeley/extracted/Bangla Audio Dataset Original and DeepFake Voices for AI-Based Voice Analysis and Detection/Dataset/S12F04/Real/5.wav,0,MEN,MEN-S12F04,TG:6a89c260f0594f99,8.1640625,1,0.3675,0.9997154
mendeley/extracted/Bangla Audio Dataset Original and DeepFake Voices for AI-Based Voice Analysis and Detection/Dataset/S12F04/Real/6.wav,0,MEN,MEN-S12F04,TG:702bdb4b4754428b,5.2851562,1,0.3841666666666666,0.99495924
mendeley/extracted/Bangla Audio Dataset Original and DeepFake Voices for AI-Based Voice Analysis and Detection/Dataset/S12F04/Real/7.wav,0,MEN,MEN-S12F04,TG:eb1075bf1ced697e,3.1757812,1,0.3841666666666666,0.9599126
mendeley/extracted/Bangla Audio Dataset Original and DeepFake Voices for AI-Based Voice Analysis and Detection/Dataset/S12F04/Real/8.wav,0,MEN,MEN-S12F04,TG:3bb8d4c65ccd17ea,6.6835938,1,0.4008333333333334,0.9987503
mendeley/extracted/Bangla Audio Dataset Original and DeepFake Voices for AI-Based Voice Analysis and Detection/Dataset/S12F04/Real/9.wav,0,MEN,MEN-S12F04,TG:313ef8a63b157972,1.4951172,1,0.4341666666666667,0.8168451
mendeley/extracted/Bangla Audio Dataset Original and DeepFake Voices for AI-Based Voice Analysis and Detection/Dataset/S12M03/Fake/1.wav,1,MEN,MEN-S12M03,TG:781f1e8a983ae061,-17.390625,1,0.3808333333333333,2.8012218e-08
mendeley/extracted/Bangla Audio Dataset Original and DeepFake Voices for AI-Based Voice Analysis and Detection/Dataset/S12M03/Fake/10.wav,1,MEN,MEN-S12M03,TG:81189a7902f36c5d,-9.46875,1,0.4808333333333333,7.722192e-05
mendeley/extracted/Bangla Audio Dataset Original and DeepFake Voices for AI-Based Voice Analysis and Detection/Dataset/S12M03/Fake/11.wav,1,MEN,MEN-S12M03,TG:dfc527c4d05b0227,-11.734375,1,0.1374999999999999,8.0135e-06
mendeley/extracted/Bangla Audio Dataset Original and DeepFake Voices for AI-Based Voice Analysis and Detection/Dataset/S12M03/Fake/12.wav,1,MEN,MEN-S12M03,TG:04a2b30e0f9c53b1,-15.671875,1,0.4691666666666666,1.5623961e-07
mendeley/extracted/Bangla Audio Dataset Original and DeepFake Voices for AI-Based Voice Analysis and Detection/Dataset/S12M03/Fake/13.wav,1,MEN,MEN-S12M03,TG:f665857f8f5852c9,-9.03125,1,0.3575,0.000119598575
mendeley/extracted/Bangla Audio Dataset Original and DeepFake Voices for AI-Based Voice Analysis and Detection/Dataset/S12M03/Fake/14.wav,1,MEN,MEN-S12M03,TG:aa1dc341d60bbafe,-15.140625,1,0.2541666666666666,2.6577246e-07
mendeley/extracted/Bangla Audio Dataset Original and DeepFake Voices for AI-Based Voice Analysis and Detection/Dataset/S12M03/Fake/15.wav,1,MEN,MEN-S12M03,TG:4d9f637d09e3ead5,-15.0390625,1,0.3974999999999999,2.941833e-07
mendeley/extracted/Bangla Audio Dataset Original and DeepFake Voices for AI-Based Voice Analysis and Detection/Dataset/S12M03/Fake/16.wav,1,MEN,MEN-S12M03,TG:8ba166c395040864,-14.2734375,1,0.3408333333333333,6.325933e-07
mendeley/extracted/Bangla Audio Dataset Original and DeepFake Voices for AI-Based Voice Analysis and Detection/Dataset/S12M03/Fake/17.wav,1,MEN,MEN-S12M03,TG:25903432a5ed835d,-9.3203125,1,0.4541666666666667,8.957789e-05
mendeley/extracted/Bangla Audio Dataset Original and DeepFake Voices for AI-Based Voice Analysis and Detection/Dataset/S12M03/Fake/18.wav,1,MEN,MEN-S12M03,TG:5e9246a5aa906c2c,-8.78125,1,0.5208333333333333,0.0001535624
mendeley/extracted/Bangla Audio Dataset Original and DeepFake Voices for AI-Based Voice Analysis and Detection/Dataset/S12M03/Fake/19.wav,1,MEN,MEN-S12M03,TG:9935a7fc35fba276,-9.8203125,1,0.5375,5.433365e-05
mendeley/extracted/Bangla Audio Dataset Original and DeepFake Voices for AI-Based Voice Analysis and Detection/Dataset/S12M03/Fake/2.wav,1,MEN,MEN-S12M03,TG:2e1a8037a5c7446d,-17.296875,1,0.3158333333333333,3.0765406e-08
mendeley/extracted/Bangla Audio Dataset Original and DeepFake Voices for AI-Based Voice Analysis and Detection/Dataset/S12M03/Fake/20.wav,1,MEN,MEN-S12M03,TG:d9a78a9fb8598e30,-12.8203125,1,0.5075000000000001,2.7052529e-06
mendeley/extracted/Bangla Audio Dataset Original and DeepFake Voices for AI-Based Voice Analysis and Detection/Dataset/S12M03/Fake/21.wav,1,MEN,MEN-S12M03,TG:f2bac89ac84087eb,-13.234375,1,0.4341666666666667,1.7880645e-06
mendeley/extracted/Bangla Audio Dataset Original and DeepFake Voices for AI-Based Voice Analysis and Detection/Dataset/S12M03/Fake/22.wav,1,MEN,MEN-S12M03,TG:6fc67c2677ba9080,-13.8828125,1,0.4024999999999999,9.34912e-07
mendeley/extracted/Bangla Audio Dataset Original and DeepFake Voices for AI-Based Voice Analysis and Detection/Dataset/S12M03/Fake/23.wav,1,MEN,MEN-S12M03,TG:ea4c21803da05315,-4.1171875,1,0.4441666666666667,0.016029147
mendeley/extracted/Bangla Audio Dataset Original and DeepFake Voices for AI-Based Voice Analysis and Detection/Dataset/S12M03/Fake/24.wav,1,MEN,MEN-S12M03,TG:3a260c6e53c12883,-9.59375,1,0.4891666666666666,6.814872e-05
mendeley/extracted/Bangla Audio Dataset Original and DeepFake Voices for AI-Based Voice Analysis and Detection/Dataset/S12M03/Fake/25.wav,1,MEN,MEN-S12M03,TG:30420959ee16d7c0,-10.9375,1,0.3358333333333333,1.7778553e-05
mendeley/extracted/Bangla Audio Dataset Original and DeepFake Voices for AI-Based Voice Analysis and Detection/Dataset/S12M03/Fake/26.wav,1,MEN,MEN-S12M03,TG:66dffd8647175de0,-12.03125,1,0.4841666666666666,5.95514e-06
mendeley/extracted/Bangla Audio Dataset Original and DeepFake Voices for AI-Based Voice Analysis and Detection/Dataset/S12M03/Fake/27.wav,1,MEN,MEN-S12M03,TG:aa8a2f8197d47eac,-8.9609375,1,0.5158333333333334,0.00012830943
mendeley/extracted/Bangla Audio Dataset Original and DeepFake Voices for AI-Based Voice Analysis and Detection/Dataset/S12M03/Fake/28.wav,1,MEN,MEN-S12M03,TG:4085c5d5ac867da6,-9.953125,1,0.4375,4.7576454e-05
mendeley/extracted/Bangla Audio Dataset Original and DeepFake Voices for AI-Based Voice Analysis and Detection/Dataset/S12M03/Fake/29.wav,1,MEN,MEN-S12M03,TG:ee81e3d281fac89c,-16.546875,1,0.3824999999999999,6.5130365e-08
mendeley/extracted/Bangla Audio Dataset Original and DeepFake Voices for AI-Based Voice Analysis and Detection/Dataset/S12M03/Fake/3.wav,1,MEN,MEN-S12M03,TG:098f61fd8fd691da,-13.1484375,1,0.2991666666666667,1.9485221e-06
mendeley/extracted/Bangla Audio Dataset Original and DeepFake Voices for AI-Based Voice Analysis and Detection/Dataset/S12M03/Fake/30.wav,1,MEN,MEN-S12M03,TG:51ee2c8cc64ff845,-10.9140625,1,0.4625,1.8200151e-05
mendeley/extracted/Bangla Audio Dataset Original and DeepFake Voices for AI-Based Voice Analysis and Detection/Dataset/S12M03/Fake/4.wav,1,MEN,MEN-S12M03,TG:6da3c24672ce555f,-11.203125,1,0.4041666666666667,1.3631346e-05
mendeley/extracted/Bangla Audio Dataset Original and DeepFake Voices for AI-Based Voice Analysis and Detection/Dataset/S12M03/Fake/5.wav,1,MEN,MEN-S12M03,TG:6a89c260f0594f99,-12.125,1,0.3308333333333333,5.4222187e-06
mendeley/extracted/Bangla Audio Dataset Original and DeepFake Voices for AI-Based Voice Analysis and Detection/Dataset/S12M03/Fake/6.wav,1,MEN,MEN-S12M03,TG:702bdb4b4754428b,-11.1875,1,0.4558333333333333,1.3846005e-05
mendeley/extracted/Bangla Audio Dataset Original and DeepFake Voices for AI-Based Voice Analysis and Detection/Dataset/S12M03/Fake/7.wav,1,MEN,MEN-S12M03,TG:eb1075bf1ced697e,-7.765625,1,0.4841666666666666,0.00042388475
mendeley/extracted/Bangla Audio Dataset Original and DeepFake Voices for AI-Based Voice Analysis and Detection/Dataset/S12M03/Fake/8.wav,1,MEN,MEN-S12M03,TG:3bb8d4c65ccd17ea,-11.4921875,1,0.3741666666666666,1.0209441e-05
mendeley/extracted/Bangla Audio Dataset Original and DeepFake Voices for AI-Based Voice Analysis and Detection/Dataset/S12M03/Fake/9.wav,1,MEN,MEN-S12M03,TG:313ef8a63b157972,-16.296875,1,0.3808333333333333,8.362904e-08
mendeley/extracted/Bangla Audio Dataset Original and DeepFake Voices for AI-Based Voice Analysis and Detection/Dataset/S12M03/Real/1.wav,0,MEN,MEN-S12M03,TG:781f1e8a983ae061,7.3203125,1,0.4508333333333333,0.99933845
mendeley/extracted/Bangla Audio Dataset Original and DeepFake Voices for AI-Based Voice Analysis and Detection/Dataset/S12M03/Real/10.wav,0,MEN,MEN-S12M03,TG:81189a7902f36c5d,-8.4140625,1,0.5175000000000001,0.0002216781
mendeley/extracted/Bangla Audio Dataset Original and DeepFake Voices for AI-Based Voice Analysis and Detection/Dataset/S12M03/Real/11.wav,0,MEN,MEN-S12M03,TG:dfc527c4d05b0227,-8.5859375,1,0.4341666666666667,0.00018667821
mendeley/extracted/Bangla Audio Dataset Original and DeepFake Voices for AI-Based Voice Analysis and Detection/Dataset/S12M03/Real/12.wav,0,MEN,MEN-S12M03,TG:04a2b30e0f9c53b1,2.4433594,1,0.5008333333333334,0.92007446
mendeley/extracted/Bangla Audio Dataset Original and DeepFake Voices for AI-Based Voice Analysis and Detection/Dataset/S12M03/Real/13.wav,0,MEN,MEN-S12M03,TG:f665857f8f5852c9,4.1601562,1,0.4175,0.9846347
mendeley/extracted/Bangla Audio Dataset Original and DeepFake Voices for AI-Based Voice Analysis and Detection/Dataset/S12M03/Real/14.wav,0,MEN,MEN-S12M03,TG:aa1dc341d60bbafe,-6.53125,1,0.4008333333333334,0.001455063
mendeley/extracted/Bangla Audio Dataset Original and DeepFake Voices for AI-Based Voice Analysis and Detection/Dataset/S12M03/Real/15.wav,0,MEN,MEN-S12M03,TG:4d9f637d09e3ead5,4.453125,1,0.5675,0.9884919
mendeley/extracted/Bangla Audio Dataset Original and DeepFake Voices for AI-Based Voice Analysis and Detection/Dataset/S12M03/Real/16.wav,0,MEN,MEN-S12M03,TG:8ba166c395040864,1.6748047,1,0.4841666666666666,0.84221536
mendeley/extracted/Bangla Audio Dataset Original and DeepFake Voices for AI-Based Voice Analysis and Detection/Dataset/S12M03/Real/17.wav,0,MEN,MEN-S12M03,TG:25903432a5ed835d,8.234375,1,0.5008333333333334,0.9997347
mendeley/extracted/Bangla Audio Dataset Original and DeepFake Voices for AI-Based Voice Analysis and Detection/Dataset/S12M03/Real/18.wav,0,MEN,MEN-S12M03,TG:5e9246a5aa906c2c,6.078125,1,0.4675,0.99771273
mendeley/extracted/Bangla Audio Dataset Original and DeepFake Voices for AI-Based Voice Analysis and Detection/Dataset/S12M03/Real/19.wav,0,MEN,MEN-S12M03,TG:9935a7fc35fba276,2.0214844,1,0.4841666666666666,0.8830344
mendeley/extracted/Bangla Audio Dataset Original and DeepFake Voices for AI-Based Voice Analysis and Detection/Dataset/S12M03/Real/2.wav,0,MEN,MEN-S12M03,TG:2e1a8037a5c7446d,6.484375,1,0.5008333333333334,0.99847525
mendeley/extracted/Bangla Audio Dataset Original and DeepFake Voices for AI-Based Voice Analysis and Detection/Dataset/S12M03/Real/20.wav,0,MEN,MEN-S12M03,TG:d9a78a9fb8598e30,5.15625,1,0.6174999999999999,0.9942697
mendeley/extracted/Bangla Audio Dataset Original and DeepFake Voices for AI-Based Voice Analysis and Detection/Dataset/S12M03/Real/21.wav,0,MEN,MEN-S12M03,TG:f2bac89ac84087eb,9.453125,1,0.5341666666666667,0.99992156
mendeley/extracted/Bangla Audio Dataset Original and DeepFake Voices for AI-Based Voice Analysis and Detection/Dataset/S12M03/Real/22.wav,0,MEN,MEN-S12M03,TG:6fc67c2677ba9080,6.9648438,1,0.3341666666666666,0.9990564
mendeley/extracted/Bangla Audio Dataset Original and DeepFake Voices for AI-Based Voice Analysis and Detection/Dataset/S12M03/Real/23.wav,0,MEN,MEN-S12M03,TG:ea4c21803da05315,5.2304688,1,0.4841666666666666,0.9946774
mendeley/extracted/Bangla Audio Dataset Original and DeepFake Voices for AI-Based Voice Analysis and Detection/Dataset/S12M03/Real/24.wav,0,MEN,MEN-S12M03,TG:3a260c6e53c12883,0.5839844,1,0.5508333333333333,0.6419837
mendeley/extracted/Bangla Audio Dataset Original and DeepFake Voices for AI-Based Voice Analysis and Detection/Dataset/S12M03/Real/25.wav,0,MEN,MEN-S12M03,TG:30420959ee16d7c0,7.859375,1,0.4175,0.99961406
mendeley/extracted/Bangla Audio Dataset Original and DeepFake Voices for AI-Based Voice Analysis and Detection/Dataset/S12M03/Real/26.wav,0,MEN,MEN-S12M03,TG:66dffd8647175de0,8.859375,1,0.5175000000000001,0.9998579
mendeley/extracted/Bangla Audio Dataset Original and DeepFake Voices for AI-Based Voice Analysis and Detection/Dataset/S12M03/Real/27.wav,0,MEN,MEN-S12M03,TG:aa8a2f8197d47eac,9.8828125,1,0.5675,0.999949
mendeley/extracted/Bangla Audio Dataset Original and DeepFake Voices for AI-Based Voice Analysis and Detection/Dataset/S12M03/Real/28.wav,0,MEN,MEN-S12M03,TG:4085c5d5ac867da6,5.3203125,1,0.5508333333333333,0.9951325
mendeley/extracted/Bangla Audio Dataset Original and DeepFake Voices for AI-Based Voice Analysis and Detection/Dataset/S12M03/Real/29.wav,0,MEN,MEN-S12M03,TG:ee81e3d281fac89c,1.7880859,1,0.5175000000000001,0.85669243
mendeley/extracted/Bangla Audio Dataset Original and DeepFake Voices for AI-Based Voice Analysis and Detection/Dataset/S12M03/Real/3.wav,0,MEN,MEN-S12M03,TG:098f61fd8fd691da,-4.9257812,1,0.4175,0.007204769
mendeley/extracted/Bangla Audio Dataset Original and DeepFake Voices for AI-Based Voice Analysis and Detection/Dataset/S12M03/Real/30.wav,0,MEN,MEN-S12M03,TG:51ee2c8cc64ff845,6.0703125,1,0.5175000000000001,0.9976949
mendeley/extracted/Bangla Audio Dataset Original and DeepFake Voices for AI-Based Voice Analysis and Detection/Dataset/S12M03/Real/4.wav,0,MEN,MEN-S12M03,TG:6da3c24672ce555f,7.6601562,1,0.4008333333333334,0.999529
mendeley/extracted/Bangla Audio Dataset Original and DeepFake Voices for AI-Based Voice Analysis and Detection/Dataset/S12M03/Real/5.wav,0,MEN,MEN-S12M03,TG:6a89c260f0594f99,-0.24230957,1,0.4008333333333334,0.4397173
mendeley/extracted/Bangla Audio Dataset Original and DeepFake Voices for AI-Based Voice Analysis and Detection/Dataset/S12M03/Real/6.wav,0,MEN,MEN-S12M03,TG:702bdb4b4754428b,-0.6669922,1,0.4341666666666667,0.33917066
mendeley/extracted/Bangla Audio Dataset Original and DeepFake Voices for AI-Based Voice Analysis and Detection/Dataset/S12M03/Real/7.wav,0,MEN,MEN-S12M03,TG:eb1075bf1ced697e,8.375,1,0.5341666666666667,0.9997695
mendeley/extracted/Bangla Audio Dataset Original and DeepFake Voices for AI-Based Voice Analysis and Detection/Dataset/S12M03/Real/8.wav,0,MEN,MEN-S12M03,TG:3bb8d4c65ccd17ea,0.54785156,1,0.4341666666666667,0.6336371
mendeley/extracted/Bangla Audio Dataset Original and DeepFake Voices for AI-Based Voice Analysis and Detection/Dataset/S12M03/Real/9.wav,0,MEN,MEN-S12M03,TG:313ef8a63b157972,3.1640625,1,0.5008333333333334,0.95945925
mendeley/extracted/Bangla Audio Dataset Original and DeepFake Voices for AI-Based Voice Analysis and Detection/Dataset/S12M05/Fake/1.wav,1,MEN,MEN-S12M05,TG:781f1e8a983ae061,-12.078125,1,0.4091666666666667,5.682435e-06
mendeley/extracted/Bangla Audio Dataset Original and DeepFake Voices for AI-Based Voice Analysis and Detection/Dataset/S12M05/Fake/10.wav,1,MEN,MEN-S12M05,TG:81189a7902f36c5d,-6.6835938,1,0.4975,0.0012497095
mendeley/extracted/Bangla Audio Dataset Original and DeepFake Voices for AI-Based Voice Analysis and Detection/Dataset/S12M05/Fake/11.wav,1,MEN,MEN-S12M05,TG:dfc527c4d05b0227,-21.8125,1,0.1991666666666667,3.3647407e-10
mendeley/extracted/Bangla Audio Dataset Original and DeepFake Voices for AI-Based Voice Analysis and Detection/Dataset/S12M05/Fake/12.wav,1,MEN,MEN-S12M05,TG:04a2b30e0f9c53b1,-13.9453125,1,0.4775,8.782687e-07
mendeley/extracted/Bangla Audio Dataset Original and DeepFake Voices for AI-Based Voice Analysis and Detection/Dataset/S12M05/Fake/13.wav,1,MEN,MEN-S12M05,TG:f665857f8f5852c9,-7.8242188,1,0.3791666666666666,0.00039977106
mendeley/extracted/Bangla Audio Dataset Original and DeepFake Voices for AI-Based Voice Analysis and Detection/Dataset/S12M05/Fake/14.wav,1,MEN,MEN-S12M05,TG:aa1dc341d60bbafe,-12.4765625,1,0.3258333333333333,3.8150138e-06
mendeley/extracted/Bangla Audio Dataset Original and DeepFake Voices for AI-Based Voice Analysis and Detection/Dataset/S12M05/Fake/15.wav,1,MEN,MEN-S12M05,TG:4d9f637d09e3ead5,-12.3828125,1,0.3641666666666666,4.1899716e-06
mendeley/extracted/Bangla Audio Dataset Original and DeepFake Voices for AI-Based Voice Analysis and Detection/Dataset/S12M05/Fake/16.wav,1,MEN,MEN-S12M05,TG:8ba166c395040864,-7.6953125,1,0.3625,0.00045474793
mendeley/extracted/Bangla Audio Dataset Original and DeepFake Voices for AI-Based Voice Analysis and Detection/Dataset/S12M05/Fake/17.wav,1,MEN,MEN-S12M05,TG:25903432a5ed835d,-7.2890625,1,0.4508333333333333,0.0006825019
mendeley/extracted/Bangla Audio Dataset Original and DeepFake Voices for AI-Based Voice Analysis and Detection/Dataset/S12M05/Fake/18.wav,1,MEN,MEN-S12M05,TG:5e9246a5aa906c2c,-11.703125,1,0.5425,8.267873e-06
mendeley/extracted/Bangla Audio Dataset Original and DeepFake Voices for AI-Based Voice Analysis and Detection/Dataset/S12M05/Fake/19.wav,1,MEN,MEN-S12M05,TG:9935a7fc35fba276,9.078125,1,0.5191666666666667,0.9998859
mendeley/extracted/Bangla Audio Dataset Original and DeepFake Voices for AI-Based Voice Analysis and Detection/Dataset/S12M05/Fake/2.wav,1,MEN,MEN-S12M05,TG:2e1a8037a5c7446d,-7.3867188,1,0.3541666666666666,0.0006190417
mendeley/extracted/Bangla Audio Dataset Original and DeepFake Voices for AI-Based Voice Analysis and Detection/Dataset/S12M05/Fake/20.wav,1,MEN,MEN-S12M05,TG:d9a78a9fb8598e30,-10.96875,1,0.5375,1.7231572e-05
mendeley/extracted/Bangla Audio Dataset Original and DeepFake Voices for AI-Based Voice Analysis and Detection/Dataset/S12M05/Fake/21.wav,1,MEN,MEN-S12M05,TG:f2bac89ac84087eb,-9.84375,1,0.4358333333333333,5.307508e-05
mendeley/extracted/Bangla Audio Dataset Original and DeepFake Voices for AI-Based Voice Analysis and Detection/Dataset/S12M05/Fake/22.wav,1,MEN,MEN-S12M05,TG:6fc67c2677ba9080,-5.8867188,1,0.4908333333333333,0.0027683855
mendeley/extracted/Bangla Audio Dataset Original and DeepFake Voices for AI-Based Voice Analysis and Detection/Dataset/S12M05/Fake/23.wav,1,MEN,MEN-S12M05,TG:ea4c21803da05315,-8.3671875,1,0.4408333333333333,0.0002323142
mendeley/extracted/Bangla Audio Dataset Original and DeepFake Voices for AI-Based Voice Analysis and Detection/Dataset/S12M05/Fake/24.wav,1,MEN,MEN-S12M05,TG:3a260c6e53c12883,-5.953125,1,0.3575,0.0025909794
mendeley/extracted/Bangla Audio Dataset Original and DeepFake Voices for AI-Based Voice Analysis and Detection/Dataset/S12M05/Fake/25.wav,1,MEN,MEN-S12M05,TG:30420959ee16d7c0,-10.25,1,0.3641666666666666,3.5356254e-05
mendeley/extracted/Bangla Audio Dataset Original and DeepFake Voices for AI-Based Voice Analysis and Detection/Dataset/S12M05/Fake/26.wav,1,MEN,MEN-S12M05,TG:66dffd8647175de0,-10.0859375,1,0.3874999999999999,4.165958e-05
mendeley/extracted/Bangla Audio Dataset Original and DeepFake Voices for AI-Based Voice Analysis and Detection/Dataset/S12M05/Fake/27.wav,1,MEN,MEN-S12M05,TG:aa8a2f8197d47eac,-1.2470703,1,0.4558333333333333,0.2232077
mendeley/extracted/Bangla Audio Dataset Original and DeepFake Voices for AI-Based Voice Analysis and Detection/Dataset/S12M05/Fake/28.wav,1,MEN,MEN-S12M05,TG:4085c5d5ac867da6,-7.78125,1,0.4908333333333333,0.00041731578
mendeley/extracted/Bangla Audio Dataset Original and DeepFake Voices for AI-Based Voice Analysis and Detection/Dataset/S12M05/Fake/29.wav,1,MEN,MEN-S12M05,TG:ee81e3d281fac89c,-9.7578125,1,0.3874999999999999,5.7837664e-05
mendeley/extracted/Bangla Audio Dataset Original and DeepFake Voices for AI-Based Voice Analysis and Detection/Dataset/S12M05/Fake/3.wav,1,MEN,MEN-S12M05,TG:098f61fd8fd691da,-9.421875,1,0.2508333333333333,8.092757e-05
mendeley/extracted/Bangla Audio Dataset Original and DeepFake Voices for AI-Based Voice Analysis and Detection/Dataset/S12M05/Fake/30.wav,1,MEN,MEN-S12M05,TG:51ee2c8cc64ff845,-11.4609375,1,0.4208333333333333,1.053352e-05
mendeley/extracted/Bangla Audio Dataset Original and DeepFake Voices for AI-Based Voice Analysis and Detection/Dataset/S12M05/Fake/4.wav,1,MEN,MEN-S12M05,TG:6da3c24672ce555f,-11.9609375,1,0.3541666666666666,6.3889293e-06
mendeley/extracted/Bangla Audio Dataset Original and DeepFake Voices for AI-Based Voice Analysis and Detection/Dataset/S12M05/Fake/5.wav,1,MEN,MEN-S12M05,TG:6a89c260f0594f99,-7.6679688,1,0.3208333333333333,0.00046734812
mendeley/extracted/Bangla Audio Dataset Original and DeepFake Voices for AI-Based Voice Analysis and Detection/Dataset/S12M05/Fake/6.wav,1,MEN,MEN-S12M05,TG:702bdb4b4754428b,-8.3828125,1,0.4708333333333333,0.0002287133
mendeley/extracted/Bangla Audio Dataset Original and DeepFake Voices for AI-Based Voice Analysis and Detection/Dataset/S12M05/Fake/7.wav,1,MEN,MEN-S12M05,TG:eb1075bf1ced697e,-5.7382812,1,0.5008333333333334,0.003209961
mendeley/extracted/Bangla Audio Dataset Original and DeepFake Voices for AI-Based Voice Analysis and Detection/Dataset/S12M05/Fake/8.wav,1,MEN,MEN-S12M05,TG:3bb8d4c65ccd17ea,-8.8515625,1,0.3641666666666666,0.00014313738
mendeley/extracted/Bangla Audio Dataset Original and DeepFake Voices for AI-Based Voice Analysis and Detection/Dataset/S12M05/Fake/9.wav,1,MEN,MEN-S12M05,TG:313ef8a63b157972,-9.9765625,1,0.4241666666666667,4.6474393e-05
mendeley/extracted/Bangla Audio Dataset Original and DeepFake Voices for AI-Based Voice Analysis and Detection/Dataset/S12M05/Real/1.wav,0,MEN,MEN-S12M05,TG:781f1e8a983ae061,-2.8476562,1,0.4341666666666667,0.054802597
mendeley/extracted/Bangla Audio Dataset Original and DeepFake Voices for AI-Based Voice Analysis and Detection/Dataset/S12M05/Real/10.wav,0,MEN,MEN-S12M05,TG:81189a7902f36c5d,-1.3339844,1,0.5175000000000001,0.20850106
mendeley/extracted/Bangla Audio Dataset Original and DeepFake Voices for AI-Based Voice Analysis and Detection/Dataset/S12M05/Real/11.wav,0,MEN,MEN-S12M05,TG:dfc527c4d05b0227,-4.9140625,1,0.4008333333333334,0.007289077
mendeley/extracted/Bangla Audio Dataset Original and DeepFake Voices for AI-Based Voice Analysis and Detection/Dataset/S12M05/Real/12.wav,0,MEN,MEN-S12M05,TG:04a2b30e0f9c53b1,3.5878906,1,0.5175000000000001,0.9730877
mendeley/extracted/Bangla Audio Dataset Original and DeepFake Voices for AI-Based Voice Analysis and Detection/Dataset/S12M05/Real/13.wav,0,MEN,MEN-S12M05,TG:f665857f8f5852c9,4.3710938,1,0.4175,0.98752034
mendeley/extracted/Bangla Audio Dataset Original and DeepFake Voices for AI-Based Voice Analysis and Detection/Dataset/S12M05/Real/14.wav,0,MEN,MEN-S12M05,TG:aa1dc341d60bbafe,3.1015625,1,0.3841666666666666,0.95695716
mendeley/extracted/Bangla Audio Dataset Original and DeepFake Voices for AI-Based Voice Analysis and Detection/Dataset/S12M05/Real/15.wav,0,MEN,MEN-S12M05,TG:4d9f637d09e3ead5,3.1464844,1,0.4508333333333333,0.9587699
mendeley/extracted/Bangla Audio Dataset Original and DeepFake Voices for AI-Based Voice Analysis and Detection/Dataset/S12M05/Real/16.wav,0,MEN,MEN-S12M05,TG:8ba166c395040864,6.640625,1,0.3841666666666666,0.99869555
mendeley/extracted/Bangla Audio Dataset Original and DeepFake Voices for AI-Based Voice Analysis and Detection/Dataset/S12M05/Real/17.wav,0,MEN,MEN-S12M05,TG:25903432a5ed835d,-0.29736328,1,0.4008333333333334,0.42620215
mendeley/extracted/Bangla Audio Dataset Original and DeepFake Voices for AI-Based Voice Analysis and Detection/Dataset/S12M05/Real/18.wav,0,MEN,MEN-S12M05,TG:5e9246a5aa906c2c,4.921875,1,0.4841666666666666,0.9927672
mendeley/extracted/Bangla Audio Dataset Original and DeepFake Voices for AI-Based Voice Analysis and Detection/Dataset/S12M05/Real/19.wav,0,MEN,MEN-S12M05,TG:9935a7fc35fba276,3.9648438,1,0.3675,0.98138225
mendeley/extracted/Bangla Audio Dataset Original and DeepFake Voices for AI-Based Voice Analysis and Detection/Dataset/S12M05/Real/2.wav,0,MEN,MEN-S12M05,TG:2e1a8037a5c7446d,-0.9213867,1,0.3508333333333333,0.28467545
mendeley/extracted/Bangla Audio Dataset Original and DeepFake Voices for AI-Based Voice Analysis and Detection/Dataset/S12M05/Real/20.wav,0,MEN,MEN-S12M05,TG:d9a78a9fb8598e30,4.2539062,1,0.5341666666666667,0.9859904
mendeley/extracted/Bangla Audio Dataset Original and DeepFake Voices for AI-Based Voice Analysis and Detection/Dataset/S12M05/Real/21.wav,0,MEN,MEN-S12M05,TG:f2bac89ac84087eb,4.1953125,1,0.4508333333333333,0.9851576
mendeley/extracted/Bangla Audio Dataset Original and DeepFake Voices for AI-Based Voice Analysis and Detection/Dataset/S12M05/Real/22.wav,0,MEN,MEN-S12M05,TG:6fc67c2677ba9080,5.9414062,1,0.3841666666666666,0.9973786
mendeley/extracted/Bangla Audio Dataset Original and DeepFake Voices for AI-Based Voice Analysis and Detection/Dataset/S12M05/Real/23.wav,0,MEN,MEN-S12M05,TG:ea4c21803da05315,3.6171875,1,0.4508333333333333,0.9738444
mendeley/extracted/Bangla Audio Dataset Original and DeepFake Voices for AI-Based Voice Analysis and Detection/Dataset/S12M05/Real/24.wav,0,MEN,MEN-S12M05,TG:3a260c6e53c12883,4.7421875,1,0.4008333333333334,0.99135584
mendeley/extracted/Bangla Audio Dataset Original and DeepFake Voices for AI-Based Voice Analysis and Detection/Dataset/S12M05/Real/25.wav,0,MEN,MEN-S12M05,TG:30420959ee16d7c0,5.546875,1,0.3508333333333333,0.99611557
mendeley/extracted/Bangla Audio Dataset Original and DeepFake Voices for AI-Based Voice Analysis and Detection/Dataset/S12M05/Real/26.wav,0,MEN,MEN-S12M05,TG:66dffd8647175de0,0.3017578,1,0.4508333333333333,0.57487214
mendeley/extracted/Bangla Audio Dataset Original and DeepFake Voices for AI-Based Voice Analysis and Detection/Dataset/S12M05/Real/27.wav,0,MEN,MEN-S12M05,TG:aa8a2f8197d47eac,7.2773438,1,0.5175000000000001,0.9993094
mendeley/extracted/Bangla Audio Dataset Original and DeepFake Voices for AI-Based Voice Analysis and Detection/Dataset/S12M05/Real/28.wav,0,MEN,MEN-S12M05,TG:4085c5d5ac867da6,3.9453125,1,0.4175,0.98102194
mendeley/extracted/Bangla Audio Dataset Original and DeepFake Voices for AI-Based Voice Analysis and Detection/Dataset/S12M05/Real/29.wav,0,MEN,MEN-S12M05,TG:ee81e3d281fac89c,2.6640625,1,0.3841666666666666,0.9348725
mendeley/extracted/Bangla Audio Dataset Original and DeepFake Voices for AI-Based Voice Analysis and Detection/Dataset/S12M05/Real/3.wav,0,MEN,MEN-S12M05,TG:098f61fd8fd691da,-1.1054688,1,0.4008333333333334,0.2487166
mendeley/extracted/Bangla Audio Dataset Original and DeepFake Voices for AI-Based Voice Analysis and Detection/Dataset/S12M05/Real/30.wav,0,MEN,MEN-S12M05,TG:51ee2c8cc64ff845,4.265625,1,0.4341666666666667,0.9861514
mendeley/extracted/Bangla Audio Dataset Original and DeepFake Voices for AI-Based Voice Analysis and Detection/Dataset/S12M05/Real/4.wav,0,MEN,MEN-S12M05,TG:6da3c24672ce555f,2.7246094,1,0.4175,0.9384633
mendeley/extracted/Bangla Audio Dataset Original and DeepFake Voices for AI-Based Voice Analysis and Detection/Dataset/S12M05/Real/5.wav,0,MEN,MEN-S12M05,TG:6a89c260f0594f99,1.6230469,1,0.3675,0.8352149
mendeley/extracted/Bangla Audio Dataset Original and DeepFake Voices for AI-Based Voice Analysis and Detection/Dataset/S12M05/Real/6.wav,0,MEN,MEN-S12M05,TG:702bdb4b4754428b,4.359375,1,0.3841666666666666,0.987375
mendeley/extracted/Bangla Audio Dataset Original and DeepFake Voices for AI-Based Voice Analysis and Detection/Dataset/S12M05/Real/7.wav,0,MEN,MEN-S12M05,TG:eb1075bf1ced697e,5.46875,1,0.3841666666666666,0.99580115
mendeley/extracted/Bangla Audio Dataset Original and DeepFake Voices for AI-Based Voice Analysis and Detection/Dataset/S12M05/Real/8.wav,0,MEN,MEN-S12M05,TG:3bb8d4c65ccd17ea,2.4765625,1,0.3508333333333333,0.9224824
mendeley/extracted/Bangla Audio Dataset Original and DeepFake Voices for AI-Based Voice Analysis and Detection/Dataset/S12M05/Real/9.wav,0,MEN,MEN-S12M05,TG:313ef8a63b157972,-6.4023438,1,0.4841666666666666,0.0016549242
mendeley/extracted/Bangla Audio Dataset Original and DeepFake Voices for AI-Based Voice Analysis and Detection/Dataset/S13F02/Fake/1.wav,1,MEN,MEN-S13F02,TG:59a9f15bf4c1e1f9,-12.859375,1,0.4308333333333333,2.6016164e-06
mendeley/extracted/Bangla Audio Dataset Original and DeepFake Voices for AI-Based Voice Analysis and Detection/Dataset/S13F02/Fake/10.wav,1,MEN,MEN-S13F02,TG:af46530c8e94f66a,-10.390625,1,0.5341666666666667,3.0718187e-05
mendeley/extracted/Bangla Audio Dataset Original and DeepFake Voices for AI-Based Voice Analysis and Detection/Dataset/S13F02/Fake/11.wav,1,MEN,MEN-S13F02,TG:206cd06074b026d5,-18.953125,1,0.5258333333333334,5.87168e-09
mendeley/extracted/Bangla Audio Dataset Original and DeepFake Voices for AI-Based Voice Analysis and Detection/Dataset/S13F02/Fake/12.wav,1,MEN,MEN-S13F02,TG:fc8142f1666481b5,-11.0703125,1,0.4441666666666667,1.5567455e-05
mendeley/extracted/Bangla Audio Dataset Original and DeepFake Voices for AI-Based Voice Analysis and Detection/Dataset/S13F02/Fake/13.wav,1,MEN,MEN-S13F02,TG:8b9d7fe36d313ffb,-14.09375,1,0.5958333333333333,7.5711495e-07
mendeley/extracted/Bangla Audio Dataset Original and DeepFake Voices for AI-Based Voice Analysis and Detection/Dataset/S13F02/Fake/14.wav,1,MEN,MEN-S13F02,TG:373cb328e6d0029c,-17.40625,1,0.4775,2.7577933e-08
mendeley/extracted/Bangla Audio Dataset Original and DeepFake Voices for AI-Based Voice Analysis and Detection/Dataset/S13F02/Fake/15.wav,1,MEN,MEN-S13F02,TG:725e597ccf136c7b,-11.84375,1,0.4008333333333334,7.1832605e-06
mendeley/extracted/Bangla Audio Dataset Original and DeepFake Voices for AI-Based Voice Analysis and Detection/Dataset/S13F02/Fake/16.wav,1,MEN,MEN-S13F02,TG:19493fcae8d03fba,-10.6328125,1,0.3858333333333333,2.411114e-05
mendeley/extracted/Bangla Audio Dataset Original and DeepFake Voices for AI-Based Voice Analysis and Detection/Dataset/S13F02/Fake/17.wav,1,MEN,MEN-S13F02,TG:6c80d161a68feef8,-10.6953125,1,0.4508333333333333,2.2650353e-05
mendeley/extracted/Bangla Audio Dataset Original and DeepFake Voices for AI-Based Voice Analysis and Detection/Dataset/S13F02/Fake/18.wav,1,MEN,MEN-S13F02,TG:c628bfabacea3ccb,-11.375,1,0.4775,1.1478767e-05
mendeley/extracted/Bangla Audio Dataset Original and DeepFake Voices for AI-Based Voice Analysis and Detection/Dataset/S13F02/Fake/19.wav,1,MEN,MEN-S13F02,TG:8dee1cb04b557d42,-12.140625,1,0.3774999999999999,5.338156e-06
mendeley/extracted/Bangla Audio Dataset Original and DeepFake Voices for AI-Based Voice Analysis and Detection/Dataset/S13F02/Fake/2.wav,1,MEN,MEN-S13F02,TG:b50c656187dba8e6,-16.359375,1,0.5275000000000001,7.856221e-08
mendeley/extracted/Bangla Audio Dataset Original and DeepFake Voices for AI-Based Voice Analysis and Detection/Dataset/S13F02/Fake/20.wav,1,MEN,MEN-S13F02,TG:b2cf028254ed88e1,-19.109375,1,0.3691666666666666,5.0223146e-09
mendeley/extracted/Bangla Audio Dataset Original and DeepFake Voices for AI-Based Voice Analysis and Detection/Dataset/S13F02/Fake/21.wav,1,MEN,MEN-S13F02,TG:b16e2afabc8b744f,-10.796875,1,0.4641666666666666,2.0462934e-05
mendeley/extracted/Bangla Audio Dataset Original and DeepFake Voices for AI-Based Voice Analysis and Detection/Dataset/S13F02/Fake/22.wav,1,MEN,MEN-S13F02,TG:3ea4c2ab6bd8c696,-12.2734375,1,0.5208333333333333,4.674249e-06
mendeley/extracted/Bangla Audio Dataset Original and DeepFake Voices for AI-Based Voice Analysis and Detection/Dataset/S13F02/Fake/23.wav,1,MEN,MEN-S13F02,TG:1aea278e72d15d0c,-9.953125,1,0.4608333333333333,4.7576454e-05
mendeley/extracted/Bangla Audio Dataset Original and DeepFake Voices for AI-Based Voice Analysis and Detection/Dataset/S13F02/Fake/24.wav,1,MEN,MEN-S13F02,TG:308b7809dcd529fe,-5.2734375,1,0.5241666666666667,0.0050998186
mendeley/extracted/Bangla Audio Dataset Original and DeepFake Voices for AI-Based Voice Analysis and Detection/Dataset/S13F02/Fake/25.wav,1,MEN,MEN-S13F02,TG:d1b72b1834bf1ba9,-11.875,1,0.2774999999999999,6.9622565e-06
mendeley/extracted/Bangla Audio Dataset Original and DeepFake Voices for AI-Based Voice Analysis and Detection/Dataset/S13F02/Fake/26.wav,1,MEN,MEN-S13F02,TG:b30ab81ebf25d425,-15.9921875,1,0.4608333333333333,1.1341779e-07
mendeley/extracted/Bangla Audio Dataset Original and DeepFake Voices for AI-Based Voice Analysis and Detection/Dataset/S13F02/Fake/27.wav,1,MEN,MEN-S13F02,TG:4801945c778274b7,-15.40625,1,0.4775,2.0377483e-07
mendeley/extracted/Bangla Audio Dataset Original and DeepFake Voices for AI-Based Voice Analysis and Detection/Dataset/S13F02/Fake/28.wav,1,MEN,MEN-S13F02,TG:20d29da1528cd788,-10.0234375,1,0.4075,4.434627e-05
mendeley/extracted/Bangla Audio Dataset Original and DeepFake Voices for AI-Based Voice Analysis and Detection/Dataset/S13F02/Fake/29.wav,1,MEN,MEN-S13F02,TG:39ba0547eb0a9549,-13.0703125,1,0.3708333333333333,2.106854e-06
mendeley/extracted/Bangla Audio Dataset Original and DeepFake Voices for AI-Based Voice Analysis and Detection/Dataset/S13F02/Fake/3.wav,1,MEN,MEN-S13F02,TG:e921a431e5a8d0f2,-14.0625,1,0.5991666666666666,7.811483e-07
mendeley/extracted/Bangla Audio Dataset Original and DeepFake Voices for AI-Based Voice Analysis and Detection/Dataset/S13F02/Fake/30.wav,1,MEN,MEN-S13F02,TG:83175214af1cd3cc,-14.0390625,1,0.5108333333333333,7.996727e-07
mendeley/extracted/Bangla Audio Dataset Original and DeepFake Voices for AI-Based Voice Analysis and Detection/Dataset/S13F02/Fake/4.wav,1,MEN,MEN-S13F02,TG:7b4edaf138d43c24,-11.1875,1,0.5291666666666667,1.3846005e-05
mendeley/extracted/Bangla Audio Dataset Original and DeepFake Voices for AI-Based Voice Analysis and Detection/Dataset/S13F02/Fake/5.wav,1,MEN,MEN-S13F02,TG:4365e0fcdb4baa7c,-12.9921875,1,0.3341666666666666,2.2780523e-06
mendeley/extracted/Bangla Audio Dataset Original and DeepFake Voices for AI-Based Voice Analysis and Detection/Dataset/S13F02/Fake/6.wav,1,MEN,MEN-S13F02,TG:0d8af69205969b08,-3.8085938,1,0.4558333333333333,0.021698095
mendeley/extracted/Bangla Audio Dataset Original and DeepFake Voices for AI-Based Voice Analysis and Detection/Dataset/S13F02/Fake/7.wav,1,MEN,MEN-S13F02,TG:40a9df8903c6d06d,-0.6533203,1,0.4691666666666666,0.3422417
mendeley/extracted/Bangla Audio Dataset Original and DeepFake Voices for AI-Based Voice Analysis and Detection/Dataset/S13F02/Fake/8.wav,1,MEN,MEN-S13F02,TG:ec3afa02296104d2,-13.15625,1,0.5225,1.9333586e-06
mendeley/extracted/Bangla Audio Dataset Original and DeepFake Voices for AI-Based Voice Analysis and Detection/Dataset/S13F02/Fake/9.wav,1,MEN,MEN-S13F02,TG:44ef37911c97b339,-10.5859375,1,0.6291666666666667,2.5268228e-05
mendeley/extracted/Bangla Audio Dataset Original and DeepFake Voices for AI-Based Voice Analysis and Detection/Dataset/S13F02/Real/1.wav,0,MEN,MEN-S13F02,TG:59a9f15bf4c1e1f9,9.5546875,1,0.5841666666666667,0.9999292
mendeley/extracted/Bangla Audio Dataset Original and DeepFake Voices for AI-Based Voice Analysis and Detection/Dataset/S13F02/Real/10.wav,0,MEN,MEN-S13F02,TG:af46530c8e94f66a,6.2773438,1,0.6008333333333333,0.99812514
mendeley/extracted/Bangla Audio Dataset Original and DeepFake Voices for AI-Based Voice Analysis and Detection/Dataset/S13F02/Real/11.wav,0,MEN,MEN-S13F02,TG:206cd06074b026d5,7.7148438,1,0.5508333333333333,0.999554
mendeley/extracted/Bangla Audio Dataset Original and DeepFake Voices for AI-Based Voice Analysis and Detection/Dataset/S13F02/Real/12.wav,0,MEN,MEN-S13F02,TG:fc8142f1666481b5,8.453125,1,0.5341666666666667,0.9997868
mendeley/extracted/Bangla Audio Dataset Original and DeepFake Voices for AI-Based Voice Analysis and Detection/Dataset/S13F02/Real/13.wav,0,MEN,MEN-S13F02,TG:8b9d7fe36d313ffb,5.46875,1,0.4841666666666666,0.99580115
mendeley/extracted/Bangla Audio Dataset Original and DeepFake Voices for AI-Based Voice Analysis and Detection/Dataset/S13F02/Real/14.wav,0,MEN,MEN-S13F02,TG:373cb328e6d0029c,7.0078125,1,0.5008333333333334,0.99909604
mendeley/extracted/Bangla Audio Dataset Original and DeepFake Voices for AI-Based Voice Analysis and Detection/Dataset/S13F02/Real/15.wav,0,MEN,MEN-S13F02,TG:725e597ccf136c7b,8.21875,1,0.4508333333333333,0.9997305
mendeley/extracted/Bangla Audio Dataset Original and DeepFake Voices for AI-Based Voice Analysis and Detection/Dataset/S13F02/Real/16.wav,0,MEN,MEN-S13F02,TG:19493fcae8d03fba,7.6875,1,0.5341666666666667,0.99954176
mendeley/extracted/Bangla Audio Dataset Original and DeepFake Voices for AI-Based Voice Analysis and Detection/Dataset/S13F02/Real/17.wav,0,MEN,MEN-S13F02,TG:6c80d161a68feef8,7.078125,1,0.3841666666666666,0.9991573
mendeley/extracted/Bangla Audio Dataset Original and DeepFake Voices for AI-Based Voice Analysis and Detection/Dataset/S13F02/Real/18.wav,0,MEN,MEN-S13F02,TG:c628bfabacea3ccb,4.8789062,1,0.4675,0.9924521
mendeley/extracted/Bangla Audio Dataset Original and DeepFake Voices for AI-Based Voice Analysis and Detection/Dataset/S13F02/Real/19.wav,0,MEN,MEN-S13F02,TG:8dee1cb04b557d42,6.5546875,1,0.5508333333333333,0.99857855
mendeley/extracted/Bangla Audio Dataset Original and DeepFake Voices for AI-Based Voice Analysis and Detection/Dataset/S13F02/Real/2.wav,0,MEN,MEN-S13F02,TG:b50c656187dba8e6,8.953125,1,0.5341666666666667,0.99987066
mendeley/extracted/Bangla Audio Dataset Original and DeepFake Voices for AI-Based Voice Analysis and Detection/Dataset/S13F02/Real/20.wav,0,MEN,MEN-S13F02,TG:b2cf028254ed88e1,5.4804688,1,0.4508333333333333,0.99584997
mendeley/extracted/Bangla Audio Dataset Original and DeepFake Voices for AI-Based Voice Analysis and Detection/Dataset/S13F02/Real/21.wav,0,MEN,MEN-S13F02,TG:b16e2afabc8b744f,5.4648438,1,0.5175000000000001,0.9957848
mendeley/extracted/Bangla Audio Dataset Original and DeepFake Voices for AI-Based Voice Analysis and Detection/Dataset/S13F02/Real/22.wav,0,MEN,MEN-S13F02,TG:3ea4c2ab6bd8c696,8.109375,1,0.5341666666666667,0.99969935
mendeley/extracted/Bangla Audio Dataset Original and DeepFake Voices for AI-Based Voice Analysis and Detection/Dataset/S13F02/Real/23.wav,0,MEN,MEN-S13F02,TG:1aea278e72d15d0c,8.9765625,1,0.4841666666666666,0.99987364
mendeley/extracted/Bangla Audio Dataset Original and DeepFake Voices for AI-Based Voice Analysis and Detection/Dataset/S13F02/Real/24.wav,0,MEN,MEN-S13F02,TG:308b7809dcd529fe,7.8515625,1,0.4341666666666667,0.9996111
mendeley/extracted/Bangla Audio Dataset Original and DeepFake Voices for AI-Based Voice Analysis and Detection/Dataset/S13F02/Real/25.wav,0,MEN,MEN-S13F02,TG:d1b72b1834bf1ba9,5.2617188,1,0.3508333333333333,0.9948403
mendeley/extracted/Bangla Audio Dataset Original and DeepFake Voices for AI-Based Voice Analysis and Detection/Dataset/S13F02/Real/26.wav,0,MEN,MEN-S13F02,TG:b30ab81ebf25d425,7.1367188,1,0.3841666666666666,0.9992053
mendeley/extracted/Bangla Audio Dataset Original and DeepFake Voices for AI-Based Voice Analysis and Detection/Dataset/S13F02/Real/27.wav,0,MEN,MEN-S13F02,TG:4801945c778274b7,4.0898438,1,0.4841666666666666,0.9835338
mendeley/extracted/Bangla Audio Dataset Original and DeepFake Voices for AI-Based Voice Analysis and Detection/Dataset/S13F02/Real/28.wav,0,MEN,MEN-S13F02,TG:20d29da1528cd788,4.4726562,1,0.4008333333333334,0.98871195
mendeley/extracted/Bangla Audio Dataset Original and DeepFake Voices for AI-Based Voice Analysis and Detection/Dataset/S13F02/Real/29.wav,0,MEN,MEN-S13F02,TG:39ba0547eb0a9549,-0.101989746,1,0.5175000000000001,0.47452465
mendeley/extracted/Bangla Audio Dataset Original and DeepFake Voices for AI-Based Voice Analysis and Detection/Dataset/S13F02/Real/3.wav,0,MEN,MEN-S13F02,TG:e921a431e5a8d0f2,6.3515625,1,0.6008333333333333,0.998259
mendeley/extracted/Bangla Audio Dataset Original and DeepFake Voices for AI-Based Voice Analysis and Detection/Dataset/S13F02/Real/30.wav,0,MEN,MEN-S13F02,TG:83175214af1cd3cc,3.9296875,1,0.5841666666666667,0.9807288
mendeley/extracted/Bangla Audio Dataset Original and DeepFake Voices for AI-Based Voice Analysis and Detection/Dataset/S13F02/Real/4.wav,0,MEN,MEN-S13F02,TG:7b4edaf138d43c24,6.7460938,1,0.6008333333333333,0.99882597
mendeley/extracted/Bangla Audio Dataset Original and DeepFake Voices for AI-Based Voice Analysis and Detection/Dataset/S13F02/Real/5.wav,0,MEN,MEN-S13F02,TG:4365e0fcdb4baa7c,5.4648438,1,0.5008333333333334,0.9957848
mendeley/extracted/Bangla Audio Dataset Original and DeepFake Voices for AI-Based Voice Analysis and Detection/Dataset/S13F02/Real/6.wav,0,MEN,MEN-S13F02,TG:0d8af69205969b08,7.109375,1,0.4508333333333333,0.99918324
mendeley/extracted/Bangla Audio Dataset Original and DeepFake Voices for AI-Based Voice Analysis and Detection/Dataset/S13F02/Real/7.wav,0,MEN,MEN-S13F02,TG:40a9df8903c6d06d,5.3203125,1,0.5175000000000001,0.9951325
mendeley/extracted/Bangla Audio Dataset Original and DeepFake Voices for AI-Based Voice Analysis and Detection/Dataset/S13F02/Real/8.wav,0,MEN,MEN-S13F02,TG:ec3afa02296104d2,7.484375,1,0.6008333333333333,0.99943846
mendeley/extracted/Bangla Audio Dataset Original and DeepFake Voices for AI-Based Voice Analysis and Detection/Dataset/S13F02/Real/9.wav,0,MEN,MEN-S13F02,TG:44ef37911c97b339,7.28125,1,0.5841666666666667,0.99931216
mendeley/extracted/Bangla Audio Dataset Original and DeepFake Voices for AI-Based Voice Analysis and Detection/Dataset/S13F03/Fake/1.wav,1,MEN,MEN-S13F03,TG:59a9f15bf4c1e1f9,-12.1484375,1,0.4308333333333333,5.2966147e-06
mendeley/extracted/Bangla Audio Dataset Original and DeepFake Voices for AI-Based Voice Analysis and Detection/Dataset/S13F03/Fake/10.wav,1,MEN,MEN-S13F03,TG:af46530c8e94f66a,-11.21875,1,0.5508333333333333,1.3420014e-05
mendeley/extracted/Bangla Audio Dataset Original and DeepFake Voices for AI-Based Voice Analysis and Detection/Dataset/S13F03/Fake/11.wav,1,MEN,MEN-S13F03,TG:206cd06074b026d5,-11.7265625,1,0.5225,8.076349e-06
mendeley/extracted/Bangla Audio Dataset Original and DeepFake Voices for AI-Based Voice Analysis and Detection/Dataset/S13F03/Fake/12.wav,1,MEN,MEN-S13F03,TG:fc8142f1666481b5,-10.8125,1,0.4691666666666666,2.014569e-05
mendeley/extracted/Bangla Audio Dataset Original and DeepFake Voices for AI-Based Voice Analysis and Detection/Dataset/S13F03/Fake/13.wav,1,MEN,MEN-S13F03,TG:8b9d7fe36d313ffb,-10.546875,1,0.6041666666666667,2.6274773e-05
mendeley/extracted/Bangla Audio Dataset Original and DeepFake Voices for AI-Based Voice Analysis and Detection/Dataset/S13F03/Fake/14.wav,1,MEN,MEN-S13F03,TG:373cb328e6d0029c,-11.203125,1,0.4258333333333333,1.3631346e-05
mendeley/extracted/Bangla Audio Dataset Original and DeepFake Voices for AI-Based Voice Analysis and Detection/Dataset/S13F03/Fake/15.wav,1,MEN,MEN-S13F03,TG:725e597ccf136c7b,-5.8945312,1,0.5008333333333334,0.0027469008
mendeley/extracted/Bangla Audio Dataset Original and DeepFake Voices for AI-Based Voice Analysis and Detection/Dataset/S13F03/Fake/16.wav,1,MEN,MEN-S13F03,TG:19493fcae8d03fba,-15.8515625,1,0.4408333333333333,1.3054306e-07
mendeley/extracted/Bangla Audio Dataset Original and DeepFake Voices for AI-Based Voice Analysis and Detection/Dataset/S13F03/Fake/17.wav,1,MEN,MEN-S13F03,TG:6c80d161a68feef8,-5.7460938,1,0.4358333333333333,0.0031850608
mendeley/extracted/Bangla Audio Dataset Original and DeepFake Voices for AI-Based Voice Analysis and Detection/Dataset/S13F03/Fake/18.wav,1,MEN,MEN-S13F03,TG:c628bfabacea3ccb,-8.890625,1,0.4241666666666667,0.00013765464
mendeley/extracted/Bangla Audio Dataset Original and DeepFake Voices for AI-Based Voice Analysis and Detection/Dataset/S13F03/Fake/19.wav,1,MEN,MEN-S13F03,TG:8dee1cb04b557d42,-12.71875,1,0.3708333333333333,2.9944408e-06
mendeley/extracted/Bangla Audio Dataset Original and DeepFake Voices for AI-Based Voice Analysis and Detection/Dataset/S13F03/Fake/2.wav,1,MEN,MEN-S13F03,TG:b50c656187dba8e6,-15.7734375,1,0.5508333333333333,1.4115071e-07
mendeley/extracted/Bangla Audio Dataset Original and DeepFake Voices for AI-Based Voice Analysis and Detection/Dataset/S13F03/Fake/20.wav,1,MEN,MEN-S13F03,TG:b2cf028254ed88e1,-16.78125,1,0.3774999999999999,5.1522353e-08
mendeley/extracted/Bangla Audio Dataset Original and DeepFake Voices for AI-Based Voice Analysis and Detection/Dataset/S13F03/Fake/21.wav,1,MEN,MEN-S13F03,TG:b16e2afabc8b744f,-11.9765625,1,0.4308333333333333,6.289879e-06
mendeley/extracted/Bangla Audio Dataset Original and DeepFake Voices for AI-Based Voice Analysis and Detection/Dataset/S13F03/Fake/22.wav,1,MEN,MEN-S13F03,TG:3ea4c2ab6bd8c696,-3.3769531,1,0.5525,0.03302355
mendeley/extracted/Bangla Audio Dataset Original and DeepFake Voices for AI-Based Voice Analysis and Detection/Dataset/S13F03/Fake/23.wav,1,MEN,MEN-S13F03,TG:1aea278e72d15d0c,-2.8085938,1,0.4841666666666666,0.05686155
mendeley/extracted/Bangla Audio Dataset Original and DeepFake Voices for AI-Based Voice Analysis and Detection/Dataset/S13F03/Fake/24.wav,1,MEN,MEN-S13F03,TG:308b7809dcd529fe,-6.890625,1,0.5341666666666667,0.0010162441
mendeley/extracted/Bangla Audio Dataset Original and DeepFake Voices for AI-Based Voice Analysis and Detection/Dataset/S13F03/Fake/25.wav,1,MEN,MEN-S13F03,TG:d1b72b1834bf1ba9,-4.9609375,1,0.3808333333333333,0.0069576097
mendeley/extracted/Bangla Audio Dataset Original and DeepFake Voices for AI-Based Voice Analysis and Detection/Dataset/S13F03/Fake/26.wav,1,MEN,MEN-S13F03,TG:b30ab81ebf25d425,-10.859375,1,0.4375,1.9223171e-05
mendeley/extracted/Bangla Audio Dataset Original and DeepFake Voices for AI-Based Voice Analysis and Detection/Dataset/S13F03/Fake/27.wav,1,MEN,MEN-S13F03,TG:4801945c778274b7,-17.515625,1,0.4708333333333333,2.4720698e-08
mendeley/extracted/Bangla Audio Dataset Original and DeepFake Voices for AI-Based Voice Analysis and Detection/Dataset/S13F03/Fake/28.wav,1,MEN,MEN-S13F03,TG:20d29da1528cd788,-5.1132812,1,0.3908333333333333,0.0059803305
mendeley/extracted/Bangla Audio Dataset Original and DeepFake Voices for AI-Based Voice Analysis and Detection/Dataset/S13F03/Fake/29.wav,1,MEN,MEN-S13F03,TG:39ba0547eb0a9549,-12.1328125,1,0.3808333333333333,5.3800236e-06
mendeley/extracted/Bangla Audio Dataset Original and DeepFake Voices for AI-Based Voice Analysis and Detection/Dataset/S13F03/Fake/3.wav,1,MEN,MEN-S13F03,TG:e921a431e5a8d0f2,-10.3828125,1,0.5991666666666666,3.0959105e-05
mendeley/extracted/Bangla Audio Dataset Original and DeepFake Voices for AI-Based Voice Analysis and Detection/Dataset/S13F03/Fake/30.wav,1,MEN,MEN-S13F03,TG:83175214af1cd3cc,-15.890625,1,0.5408333333333333,1.2554203e-07
mendeley/extracted/Bangla Audio Dataset Original and DeepFake Voices for AI-Based Voice Analysis and Detection/Dataset/S13F03/Fake/4.wav,1,MEN,MEN-S13F03,TG:7b4edaf138d43c24,-16.03125,1,0.4508333333333333,1.0907282e-07
mendeley/extracted/Bangla Audio Dataset Original and DeepFake Voices for AI-Based Voice Analysis and Detection/Dataset/S13F03/Fake/5.wav,1,MEN,MEN-S13F03,TG:4365e0fcdb4baa7c,-17.203125,1,0.3325,3.3789185e-08
mendeley/extracted/Bangla Audio Dataset Original and DeepFake Voices for AI-Based Voice Analysis and Detection/Dataset/S13F03/Fake/6.wav,1,MEN,MEN-S13F03,TG:0d8af69205969b08,-8.5,1,0.4941666666666666,0.00020342699
mendeley/extracted/Bangla Audio Dataset Original and DeepFake Voices for AI-Based Voice Analysis and Detection/Dataset/S13F03/Fake/7.wav,1,MEN,MEN-S13F03,TG:40a9df8903c6d06d,-12.15625,1,0.3841666666666666,5.255396e-06
mendeley/extracted/Bangla Audio Dataset Original and DeepFake Voices for AI-Based Voice Analysis and Detection/Dataset/S13F03/Fake/8.wav,1,MEN,MEN-S13F03,TG:ec3afa02296104d2,-16.515625,1,0.5175000000000001,6.719782e-08
mendeley/extracted/Bangla Audio Dataset Original and DeepFake Voices for AI-Based Voice Analysis and Detection/Dataset/S13F03/Fake/9.wav,1,MEN,MEN-S13F03,TG:44ef37911c97b339,-2.8691406,1,0.5974999999999999,0.053700306
mendeley/extracted/Bangla Audio Dataset Original and DeepFake Voices for AI-Based Voice Analysis and Detection/Dataset/S13F03/Real/1.wav,0,MEN,MEN-S13F03,TG:59a9f15bf4c1e1f9,4.515625,1,0.5008333333333334,0.9891816
mendeley/extracted/Bangla Audio Dataset Original and DeepFake Voices for AI-Based Voice Analysis and Detection/Dataset/S13F03/Real/10.wav,0,MEN,MEN-S13F03,TG:af46530c8e94f66a,3.609375,1,0.4508333333333333,0.9736447
mendeley/extracted/Bangla Audio Dataset Original and DeepFake Voices for AI-Based Voice Analysis and Detection/Dataset/S13F03/Real/11.wav,0,MEN,MEN-S13F03,TG:206cd06074b026d5,4.1914062,1,0.4841666666666666,0.9851003
mendeley/extracted/Bangla Audio Dataset Original and DeepFake Voices for AI-Based Voice Analysis and Detection/Dataset/S13F03/Real/12.wav,0,MEN,MEN-S13F03,TG:fc8142f1666481b5,-3.8886719,1,0.4508333333333333,0.020061804
mendeley/extracted/Bangla Audio Dataset Original and DeepFake Voices for AI-Based Voice Analysis and Detection/Dataset/S13F03/Real/13.wav,0,MEN,MEN-S13F03,TG:8b9d7fe36d313ffb,1.9990234,1,0.5841666666666667,0.8806945
mendeley/extracted/Bangla Audio Dataset Original and DeepFake Voices for AI-Based Voice Analysis and Detection/Dataset/S13F03/Real/14.wav,0,MEN,MEN-S13F03,TG:373cb328e6d0029c,4.0234375,1,0.4508333333333333,0.98242307
mendeley/extracted/Bangla Audio Dataset Original and DeepFake Voices for AI-Based Voice Analysis and Detection/Dataset/S13F03/Real/15.wav,0,MEN,MEN-S13F03,TG:725e597ccf136c7b,0.021408081,1,0.5008333333333334,0.50535184
mendeley/extracted/Bangla Audio Dataset Original and DeepFake Voices for AI-Based Voice Analysis and Detection/Dataset/S13F03/Real/16.wav,0,MEN,MEN-S13F03,TG:19493fcae8d03fba,3.734375,1,0.5341666666666667,0.9766692
mendeley/extracted/Bangla Audio Dataset Original and DeepFake Voices for AI-Based Voice Analysis and Detection/Dataset/S13F03/Real/17.wav,0,MEN,MEN-S13F03,TG:6c80d161a68feef8,2.9570312,1,0.4341666666666667,0.9505947
mendeley/extracted/Bangla Audio Dataset Original and DeepFake Voices for AI-Based Voice Analysis and Detection/Dataset/S13F03/Real/18.wav,0,MEN,MEN-S13F03,TG:c628bfabacea3ccb,2.6777344,1,0.5175000000000001,0.93569994
mendeley/extracted/Bangla Audio Dataset Original and DeepFake Voices for AI-Based Voice Analysis and Detection/Dataset/S13F03/Real/19.wav,0,MEN,MEN-S13F03,TG:8dee1cb04b557d42,5.9960938,1,0.4841666666666666,0.9975177
mendeley/extracted/Bangla Audio Dataset Original and DeepFake Voices for AI-Based Voice Analysis and Detection/Dataset/S13F03/Real/2.wav,0,MEN,MEN-S13F03,TG:b50c656187dba8e6,1.2167969,1,0.4341666666666667,0.77149934
mendeley/extracted/Bangla Audio Dataset Original and DeepFake Voices for AI-Based Voice Analysis and Detection/Dataset/S13F03/Real/20.wav,0,MEN,MEN-S13F03,TG:b2cf028254ed88e1,-2.9941406,1,0.4175,0.047691282
mendeley/extracted/Bangla Audio Dataset Original and DeepFake Voices for AI-Based Voice Analysis and Detection/Dataset/S13F03/Real/21.wav,0,MEN,MEN-S13F03,TG:b16e2afabc8b744f,1.6689453,1,0.4508333333333333,0.8414352
mendeley/extracted/Bangla Audio Dataset Original and DeepFake Voices for AI-Based Voice Analysis and Detection/Dataset/S13F03/Real/22.wav,0,MEN,MEN-S13F03,TG:3ea4c2ab6bd8c696,3.0820312,1,0.5008333333333334,0.9561454
mendeley/extracted/Bangla Audio Dataset Original and DeepFake Voices for AI-Based Voice Analysis and Detection/Dataset/S13F03/Real/23.wav,0,MEN,MEN-S13F03,TG:1aea278e72d15d0c,-1.7675781,1,0.4675,0.14584377
mendeley/extracted/Bangla Audio Dataset Original and DeepFake Voices for AI-Based Voice Analysis and Detection/Dataset/S13F03/Real/24.wav,0,MEN,MEN-S13F03,TG:308b7809dcd529fe,3.0742188,1,0.5175000000000001,0.9558166
mendeley/extracted/Bangla Audio Dataset Original and DeepFake Voices for AI-Based Voice Analysis and Detection/Dataset/S13F03/Real/25.wav,0,MEN,MEN-S13F03,TG:d1b72b1834bf1ba9,0.5317383,1,0.4175,0.6298884
mendeley/extracted/Bangla Audio Dataset Original and DeepFake Voices for AI-Based Voice Analysis and Detection/Dataset/S13F03/Real/26.wav,0,MEN,MEN-S13F03,TG:b30ab81ebf25d425,4.0234375,1,0.4675,0.98242307
mendeley/extracted/Bangla Audio Dataset Original and DeepFake Voices for AI-Based Voice Analysis and Detection/Dataset/S13F03/Real/27.wav,0,MEN,MEN-S13F03,TG:4801945c778274b7,4.4960938,1,0.5341666666666667,0.9889705
mendeley/extracted/Bangla Audio Dataset Original and DeepFake Voices for AI-Based Voice Analysis and Detection/Dataset/S13F03/Real/28.wav,0,MEN,MEN-S13F03,TG:20d29da1528cd788,5.1601562,1,0.4341666666666667,0.994292
mendeley/extracted/Bangla Audio Dataset Original and DeepFake Voices for AI-Based Voice Analysis and Detection/Dataset/S13F03/Real/29.wav,0,MEN,MEN-S13F03,TG:39ba0547eb0a9549,3.6269531,1,0.4675,0.97409195
mendeley/extracted/Bangla Audio Dataset Original and DeepFake Voices for AI-Based Voice Analysis and Detection/Dataset/S13F03/Real/3.wav,0,MEN,MEN-S13F03,TG:e921a431e5a8d0f2,2.7363281,1,0.4508333333333333,0.93913656
mendeley/extracted/Bangla Audio Dataset Original and DeepFake Voices for AI-Based Voice Analysis and Detection/Dataset/S13F03/Real/30.wav,0,MEN,MEN-S13F03,TG:83175214af1cd3cc,-2.7265625,1,0.5508333333333333,0.061424043
mendeley/extracted/Bangla Audio Dataset Original and DeepFake Voices for AI-Based Voice Analysis and Detection/Dataset/S13F03/Real/4.wav,0,MEN,MEN-S13F03,TG:7b4edaf138d43c24,0.03125,1,0.4841666666666666,0.5078119
mendeley/extracted/Bangla Audio Dataset Original and DeepFake Voices for AI-Based Voice Analysis and Detection/Dataset/S13F03/Real/5.wav,0,MEN,MEN-S13F03,TG:4365e0fcdb4baa7c,-0.37817383,1,0.5008333333333334,0.40656742
mendeley/extracted/Bangla Audio Dataset Original and DeepFake Voices for AI-Based Voice Analysis and Detection/Dataset/S13F03/Real/6.wav,0,MEN,MEN-S13F03,TG:0d8af69205969b08,0.4453125,1,0.4008333333333334,0.6095242
mendeley/extracted/Bangla Audio Dataset Original and DeepFake Voices for AI-Based Voice Analysis and Detection/Dataset/S13F03/Real/7.wav,0,MEN,MEN-S13F03,TG:40a9df8903c6d06d,1.4189453,1,0.5175000000000001,0.805173
mendeley/extracted/Bangla Audio Dataset Original and DeepFake Voices for AI-Based Voice Analysis and Detection/Dataset/S13F03/Real/8.wav,0,MEN,MEN-S13F03,TG:ec3afa02296104d2,0.62597656,1,0.5341666666666667,0.6515766
mendeley/extracted/Bangla Audio Dataset Original and DeepFake Voices for AI-Based Voice Analysis and Detection/Dataset/S13F03/Real/9.wav,0,MEN,MEN-S13F03,TG:44ef37911c97b339,0.5473633,1,0.5175000000000001,0.63352364
mendeley/extracted/Bangla Audio Dataset Original and DeepFake Voices for AI-Based Voice Analysis and Detection/Dataset/S13F05/Fake/1.wav,1,MEN,MEN-S13F05,TG:59a9f15bf4c1e1f9,-9.5859375,1,0.4641666666666666,6.868318e-05
mendeley/extracted/Bangla Audio Dataset Original and DeepFake Voices for AI-Based Voice Analysis and Detection/Dataset/S13F05/Fake/10.wav,1,MEN,MEN-S13F05,TG:af46530c8e94f66a,-8.078125,1,0.5341666666666667,0.000310156
mendeley/extracted/Bangla Audio Dataset Original and DeepFake Voices for AI-Based Voice Analysis and Detection/Dataset/S13F05/Fake/11.wav,1,MEN,MEN-S13F05,TG:206cd06074b026d5,-13.984375,1,0.5208333333333333,8.4462266e-07
mendeley/extracted/Bangla Audio Dataset Original and DeepFake Voices for AI-Based Voice Analysis and Detection/Dataset/S13F05/Fake/12.wav,1,MEN,MEN-S13F05,TG:fc8142f1666481b5,-14.5,1,0.4575,5.043474e-07
mendeley/extracted/Bangla Audio Dataset Original and DeepFake Voices for AI-Based Voice Analysis and Detection/Dataset/S13F05/Fake/13.wav,1,MEN,MEN-S13F05,TG:8b9d7fe36d313ffb,-18.078125,1,0.5841666666666667,1.4085428e-08
mendeley/extracted/Bangla Audio Dataset Original and DeepFake Voices for AI-Based Voice Analysis and Detection/Dataset/S13F05/Fake/14.wav,1,MEN,MEN-S13F05,TG:373cb328e6d0029c,-14.453125,1,0.4175,5.2855154e-07
mendeley/extracted/Bangla Audio Dataset Original and DeepFake Voices for AI-Based Voice Analysis and Detection/Dataset/S13F05/Fake/15.wav,1,MEN,MEN-S13F05,TG:725e597ccf136c7b,-12.7265625,1,0.4908333333333333,2.9711382e-06
mendeley/extracted/Bangla Audio Dataset Original and DeepFake Voices for AI-Based Voice Analysis and Detection/Dataset/S13F05/Fake/16.wav,1,MEN,MEN-S13F05,TG:19493fcae8d03fba,-11.546875,1,0.4541666666666667,9.666109e-06
mendeley/extracted/Bangla Audio Dataset Original and DeepFake Voices for AI-Based Voice Analysis and Detection/Dataset/S13F05/Fake/17.wav,1,MEN,MEN-S13F05,TG:6c80d161a68feef8,-7.2890625,1,0.4141666666666667,0.0006825019
mendeley/extracted/Bangla Audio Dataset Original and DeepFake Voices for AI-Based Voice Analysis and Detection/Dataset/S13F05/Fake/18.wav,1,MEN,MEN-S13F05,TG:c628bfabacea3ccb,-12.765625,1,0.4375,2.857316e-06
mendeley/extracted/Bangla Audio Dataset Original and DeepFake Voices for AI-Based Voice Analysis and Detection/Dataset/S13F05/Fake/19.wav,1,MEN,MEN-S13F05,TG:8dee1cb04b557d42,-14.96875,1,0.3941666666666666,3.1561262e-07
mendeley/extracted/Bangla Audio Dataset Original and DeepFake Voices for AI-Based Voice Analysis and Detection/Dataset/S13F05/Fake/2.wav,1,MEN,MEN-S13F05,TG:b50c656187dba8e6,-10.15625,1,0.4808333333333333,3.883111e-05
mendeley/extracted/Bangla Audio Dataset Original and DeepFake Voices for AI-Based Voice Analysis and Detection/Dataset/S13F05/Fake/20.wav,1,MEN,MEN-S13F05,TG:b2cf028254ed88e1,-17.0,1,0.3241666666666667,4.1399378e-08
mendeley/extracted/Bangla Audio Dataset Original and DeepFake Voices for AI-Based Voice Analysis and Detection/Dataset/S13F05/Fake/21.wav,1,MEN,MEN-S13F05,TG:b16e2afabc8b744f,-13.5078125,1,0.3941666666666666,1.3602883e-06
mendeley/extracted/Bangla Audio Dataset Original and DeepFake Voices for AI-Based Voice Analysis and Detection/Dataset/S13F05/Fake/22.wav,1,MEN,MEN-S13F05,TG:3ea4c2ab6bd8c696,-15.578125,1,0.4275,1.715956e-07
mendeley/extracted/Bangla Audio Dataset Original and DeepFake Voices for AI-Based Voice Analysis and Detection/Dataset/S13F05/Fake/23.wav,1,MEN,MEN-S13F05,TG:1aea278e72d15d0c,-7.4921875,1,0.4608333333333333,0.0005571117
mendeley/extracted/Bangla Audio Dataset Original and DeepFake Voices for AI-Based Voice Analysis and Detection/Dataset/S13F05/Fake/24.wav,1,MEN,MEN-S13F05,TG:308b7809dcd529fe,-3.8535156,1,0.5325,0.02076474
mendeley/extracted/Bangla Audio Dataset Original and DeepFake Voices for AI-Based Voice Analysis and Detection/Dataset/S13F05/Fake/25.wav,1,MEN,MEN-S13F05,TG:d1b72b1834bf1ba9,-9.4921875,1,0.3575,7.5433214e-05
mendeley/extracted/Bangla Audio Dataset Original and DeepFake Voices for AI-Based Voice Analysis and Detection/Dataset/S13F05/Fake/26.wav,1,MEN,MEN-S13F05,TG:b30ab81ebf25d425,-16.015625,1,0.3924999999999999,1.10790474e-07
mendeley/extracted/Bangla Audio Dataset Original and DeepFake Voices for AI-Based Voice Analysis and Detection/Dataset/S13F05/Fake/27.wav,1,MEN,MEN-S13F05,TG:4801945c778274b7,-19.0625,1,0.4375,5.2633404e-09
mendeley/extracted/Bangla Audio Dataset Original and DeepFake Voices for AI-Based Voice Analysis and Detection/Dataset/S13F05/Fake/28.wav,1,MEN,MEN-S13F05,TG:20d29da1528cd788,-9.90625,1,0.3791666666666666,4.9859584e-05
mendeley/extracted/Bangla Audio Dataset Original and DeepFake Voices for AI-Based Voice Analysis and Detection/Dataset/S13F05/Fake/29.wav,1,MEN,MEN-S13F05,TG:39ba0547eb0a9549,-14.4296875,1,0.3908333333333333,5.4108574e-07
mendeley/extracted/Bangla Audio Dataset Original and DeepFake Voices for AI-Based Voice Analysis and Detection/Dataset/S13F05/Fake/3.wav,1,MEN,MEN-S13F05,TG:e921a431e5a8d0f2,-9.7734375,1,0.6174999999999999,5.694103e-05
mendeley/extracted/Bangla Audio Dataset Original and DeepFake Voices for AI-Based Voice Analysis and Detection/Dataset/S13F05/Fake/30.wav,1,MEN,MEN-S13F05,TG:83175214af1cd3cc,-12.84375,1,0.5308333333333333,2.642586e-06
mendeley/extracted/Bangla Audio Dataset Original and DeepFake Voices for AI-Based Voice Analysis and Detection/Dataset/S13F05/Fake/4.wav,1,MEN,MEN-S13F05,TG:7b4edaf138d43c24,-13.890625,1,0.4841666666666666,9.2763645e-07
mendeley/extracted/Bangla Audio Dataset Original and DeepFake Voices for AI-Based Voice Analysis and Detection/Dataset/S13F05/Fake/5.wav,1,MEN,MEN-S13F05,TG:4365e0fcdb4baa7c,-12.171875,1,0.3958333333333333,5.173919e-06
mendeley/extracted/Bangla Audio Dataset Original and DeepFake Voices for AI-Based Voice Analysis and Detection/Dataset/S13F05/Fake/6.wav,1,MEN,MEN-S13F05,TG:0d8af69205969b08,-6.4960938,1,0.4808333333333333,0.001507049
mendeley/extracted/Bangla Audio Dataset Original and DeepFake Voices for AI-Based Voice Analysis and Detection/Dataset/S13F05/Fake/7.wav,1,MEN,MEN-S13F05,TG:40a9df8903c6d06d,-8.7890625,1,0.4741666666666666,0.00015236755
mendeley/extracted/Bangla Audio Dataset Original and DeepFake Voices for AI-Based Voice Analysis and Detection/Dataset/S13F05/Fake/8.wav,1,MEN,MEN-S13F05,TG:ec3afa02296104d2,-14.421875,1,0.5858333333333333,5.4532956e-07
mendeley/extracted/Bangla Audio Dataset Original and DeepFake Voices for AI-Based Voice Analysis and Detection/Dataset/S13F05/Fake/9.wav,1,MEN,MEN-S13F05,TG:44ef37911c97b339,-7.6757812,1,0.5491666666666667,0.00046371284
mendeley/extracted/Bangla Audio Dataset Original and DeepFake Voices for AI-Based Voice Analysis and Detection/Dataset/S13F05/Real/1.wav,0,MEN,MEN-S13F05,TG:59a9f15bf4c1e1f9,10.078125,1,0.6341666666666667,0.99995804
mendeley/extracted/Bangla Audio Dataset Original and DeepFake Voices for AI-Based Voice Analysis and Detection/Dataset/S13F05/Real/10.wav,0,MEN,MEN-S13F05,TG:af46530c8e94f66a,13.7890625,1,0.6508333333333334,0.9999989
mendeley/extracted/Bangla Audio Dataset Original and DeepFake Voices for AI-Based Voice Analysis and Detection/Dataset/S13F05/Real/11.wav,0,MEN,MEN-S13F05,TG:206cd06074b026d5,9.765625,1,0.6341666666666667,0.99994266
mendeley/extracted/Bangla Audio Dataset Original and DeepFake Voices for AI-Based Voice Analysis and Detection/Dataset/S13F05/Real/12.wav,0,MEN,MEN-S13F05,TG:fc8142f1666481b5,8.8046875,1,0.5841666666666667,0.9998499
mendeley/extracted/Bangla Audio Dataset Original and DeepFake Voices for AI-Based Voice Analysis and Detection/Dataset/S13F05/Real/13.wav,0,MEN,MEN-S13F05,TG:8b9d7fe36d313ffb,10.6796875,1,0.6508333333333334,0.999977
mendeley/extracted/Bangla Audio Dataset Original and DeepFake Voices for AI-Based Voice Analysis and Detection/Dataset/S13F05/Real/14.wav,0,MEN,MEN-S13F05,TG:373cb328e6d0029c,13.3125,1,0.6008333333333333,0.99999833
mendeley/extracted/Bangla Audio Dataset Original and DeepFake Voices for AI-Based Voice Analysis and Detection/Dataset/S13F05/Real/15.wav,0,MEN,MEN-S13F05,TG:725e597ccf136c7b,10.40625,1,0.6675,0.9999697
mendeley/extracted/Bangla Audio Dataset Original and DeepFake Voices for AI-Based Voice Analysis and Detection/Dataset/S13F05/Real/16.wav,0,MEN,MEN-S13F05,TG:19493fcae8d03fba,9.8515625,1,0.5841666666666667,0.9999473
mendeley/extracted/Bangla Audio Dataset Original and DeepFake Voices for AI-Based Voice Analysis and Detection/Dataset/S13F05/Real/17.wav,0,MEN,MEN-S13F05,TG:6c80d161a68feef8,8.7734375,1,0.5841666666666667,0.99984527
mendeley/extracted/Bangla Audio Dataset Original and DeepFake Voices for AI-Based Voice Analysis and Detection/Dataset/S13F05/Real/18.wav,0,MEN,MEN-S13F05,TG:c628bfabacea3ccb,10.0234375,1,0.6675,0.99995565
mendeley/extracted/Bangla Audio Dataset Original and DeepFake Voices for AI-Based Voice Analysis and Detection/Dataset/S13F05/Real/19.wav,0,MEN,MEN-S13F05,TG:8dee1cb04b557d42,12.0234375,1,0.6508333333333334,0.99999404
mendeley/extracted/Bangla Audio Dataset Original and DeepFake Voices for AI-Based Voice Analysis and Detection/Dataset/S13F05/Real/2.wav,0,MEN,MEN-S13F05,TG:b50c656187dba8e6,7.4453125,1,0.6174999999999999,0.99941623
mendeley/extracted/Bangla Audio Dataset Original and DeepFake Voices for AI-Based Voice Analysis and Detection/Dataset/S13F05/Real/20.wav,0,MEN,MEN-S13F05,TG:b2cf028254ed88e1,9.0390625,1,0.5508333333333333,0.99988127
mendeley/extracted/Bangla Audio Dataset Original and DeepFake Voices for AI-Based Voice Analysis and Detection/Dataset/S13F05/Real/21.wav,0,MEN,MEN-S13F05,TG:b16e2afabc8b744f,7.8242188,1,0.5841666666666667,0.99960023
mendeley/extracted/Bangla Audio Dataset Original and DeepFake Voices for AI-Based Voice Analysis and Detection/Dataset/S13F05/Real/22.wav,0,MEN,MEN-S13F05,TG:3ea4c2ab6bd8c696,8.375,1,0.6174999999999999,0.9997695
mendeley/extracted/Bangla Audio Dataset Original and DeepFake Voices for AI-Based Voice Analysis and Detection/Dataset/S13F05/Real/23.wav,0,MEN,MEN-S13F05,TG:1aea278e72d15d0c,10.78125,1,0.5508333333333333,0.99997926
mendeley/extracted/Bangla Audio Dataset Original and DeepFake Voices for AI-Based Voice Analysis and Detection/Dataset/S13F05/Real/24.wav,0,MEN,MEN-S13F05,TG:308b7809dcd529fe,11.078125,1,0.5675,0.9999845
mendeley/extracted/Bangla Audio Dataset Original and DeepFake Voices for AI-Based Voice Analysis and Detection/Dataset/S13F05/Real/25.wav,0,MEN,MEN-S13F05,TG:d1b72b1834bf1ba9,7.9960938,1,0.5508333333333333,0.99966335
mendeley/extracted/Bangla Audio Dataset Original and DeepFake Voices for AI-Based Voice Analysis and Detection/Dataset/S13F05/Real/26.wav,0,MEN,MEN-S13F05,TG:b30ab81ebf25d425,9.796875,1,0.6174999999999999,0.9999443
mendeley/extracted/Bangla Audio Dataset Original and DeepFake Voices for AI-Based Voice Analysis and Detection/Dataset/S13F05/Real/27.wav,0,MEN,MEN-S13F05,TG:4801945c778274b7,11.515625,1,0.6508333333333334,0.99999
mendeley/extracted/Bangla Audio Dataset Original and DeepFake Voices for AI-Based Voice Analysis and Detection/Dataset/S13F05/Real/28.wav,0,MEN,MEN-S13F05,TG:20d29da1528cd788,12.03125,1,0.5841666666666667,0.99999404
mendeley/extracted/Bangla Audio Dataset Original and DeepFake Voices for AI-Based Voice Analysis and Detection/Dataset/S13F05/Real/29.wav,0,MEN,MEN-S13F05,TG:39ba0547eb0a9549,4.4570312,1,0.6341666666666667,0.9885361
mendeley/extracted/Bangla Audio Dataset Original and DeepFake Voices for AI-Based Voice Analysis and Detection/Dataset/S13F05/Real/3.wav,0,MEN,MEN-S13F05,TG:e921a431e5a8d0f2,6.78125,1,0.6174999999999999,0.99886644
mendeley/extracted/Bangla Audio Dataset Original and DeepFake Voices for AI-Based Voice Analysis and Detection/Dataset/S13F05/Real/30.wav,0,MEN,MEN-S13F05,TG:83175214af1cd3cc,10.53125,1,0.7008333333333333,0.9999733
mendeley/extracted/Bangla Audio Dataset Original and DeepFake Voices for AI-Based Voice Analysis and Detection/Dataset/S13F05/Real/4.wav,0,MEN,MEN-S13F05,TG:7b4edaf138d43c24,7.6328125,1,0.6008333333333333,0.9995159
mendeley/extracted/Bangla Audio Dataset Original and DeepFake Voices for AI-Based Voice Analysis and Detection/Dataset/S13F05/Real/5.wav,0,MEN,MEN-S13F05,TG:4365e0fcdb4baa7c,9.4453125,1,0.5008333333333334,0.99992096
mendeley/extracted/Bangla Audio Dataset Original and DeepFake Voices for AI-Based Voice Analysis and Detection/Dataset/S13F05/Real/6.wav,0,MEN,MEN-S13F05,TG:0d8af69205969b08,14.015625,1,0.5008333333333334,0.99999917
mendeley/extracted/Bangla Audio Dataset Original and DeepFake Voices for AI-Based Voice Analysis and Detection/Dataset/S13F05/Real/7.wav,0,MEN,MEN-S13F05,TG:40a9df8903c6d06d,7.8398438,1,0.6174999999999999,0.99960643
mendeley/extracted/Bangla Audio Dataset Original and DeepFake Voices for AI-Based Voice Analysis and Detection/Dataset/S13F05/Real/8.wav,0,MEN,MEN-S13F05,TG:ec3afa02296104d2,11.1171875,1,0.6174999999999999,0.9999851
mendeley/extracted/Bangla Audio Dataset Original and DeepFake Voices for AI-Based Voice Analysis and Detection/Dataset/S13F05/Real/9.wav,0,MEN,MEN-S13F05,TG:44ef37911c97b339,10.1953125,1,0.6341666666666667,0.9999627
mendeley/extracted/Bangla Audio Dataset Original and DeepFake Voices for AI-Based Voice Analysis and Detection/Dataset/S13M01/Fake/1.wav,1,MEN,MEN-S13M01,TG:59a9f15bf4c1e1f9,-0.92089844,1,0.5541666666666667,0.28477487
mendeley/extracted/Bangla Audio Dataset Original and DeepFake Voices for AI-Based Voice Analysis and Detection/Dataset/S13M01/Fake/10.wav,1,MEN,MEN-S13M01,TG:af46530c8e94f66a,-12.78125,1,0.4541666666666667,2.8130173e-06
mendeley/extracted/Bangla Audio Dataset Original and DeepFake Voices for AI-Based Voice Analysis and Detection/Dataset/S13M01/Fake/11.wav,1,MEN,MEN-S13M01,TG:206cd06074b026d5,-4.7578125,1,0.5341666666666667,0.008511303
mendeley/extracted/Bangla Audio Dataset Original and DeepFake Voices for AI-Based Voice Analysis and Detection/Dataset/S13M01/Fake/12.wav,1,MEN,MEN-S13M01,TG:fc8142f1666481b5,-10.328125,1,0.3225,3.2699274e-05
mendeley/extracted/Bangla Audio Dataset Original and DeepFake Voices for AI-Based Voice Analysis and Detection/Dataset/S13M01/Fake/13.wav,1,MEN,MEN-S13M01,TG:8b9d7fe36d313ffb,-11.0546875,1,0.4541666666666667,1.5812602e-05
mendeley/extracted/Bangla Audio Dataset Original and DeepFake Voices for AI-Based Voice Analysis and Detection/Dataset/S13M01/Fake/14.wav,1,MEN,MEN-S13M01,TG:373cb328e6d0029c,-15.828125,1,0.4875,1.336388e-07
mendeley/extracted/Bangla Audio Dataset Original and DeepFake Voices for AI-Based Voice Analysis and Detection/Dataset/S13M01/Fake/15.wav,1,MEN,MEN-S13M01,TG:725e597ccf136c7b,-16.21875,1,0.5625,9.042455e-08
mendeley/extracted/Bangla Audio Dataset Original and DeepFake Voices for AI-Based Voice Analysis and Detection/Dataset/S13M01/Fake/16.wav,1,MEN,MEN-S13M01,TG:19493fcae8d03fba,-6.6210938,1,0.4675,0.0013302016
mendeley/extracted/Bangla Audio Dataset Original and DeepFake Voices for AI-Based Voice Analysis and Detection/Dataset/S13M01/Fake/17.wav,1,MEN,MEN-S13M01,TG:6c80d161a68feef8,-10.921875,1,0.3874999999999999,1.805852e-05
mendeley/extracted/Bangla Audio Dataset Original and DeepFake Voices for AI-Based Voice Analysis and Detection/Dataset/S13M01/Fake/18.wav,1,MEN,MEN-S13M01,TG:c628bfabacea3ccb,-10.4375,1,0.3508333333333333,2.9311539e-05
mendeley/extracted/Bangla Audio Dataset Original and DeepFake Voices for AI-Based Voice Analysis and Detection/Dataset/S13M01/Fake/19.wav,1,MEN,MEN-S13M01,TG:8dee1cb04b557d42,-6.2421875,1,0.5325,0.0019418169
mendeley/extracted/Bangla Audio Dataset Original and DeepFake Voices for AI-Based Voice Analysis and Detection/Dataset/S13M01/Fake/2.wav,1,MEN,MEN-S13M01,TG:b50c656187dba8e6,-14.515625,1,0.5608333333333333,4.9652823e-07
mendeley/extracted/Bangla Audio Dataset Original and DeepFake Voices for AI-Based Voice Analysis and Detection/Dataset/S13M01/Fake/20.wav,1,MEN,MEN-S13M01,TG:b2cf028254ed88e1,-13.40625,1,0.3575,1.5057017e-06
mendeley/extracted/Bangla Audio Dataset Original and DeepFake Voices for AI-Based Voice Analysis and Detection/Dataset/S13M01/Fake/21.wav,1,MEN,MEN-S13M01,TG:b16e2afabc8b744f,-17.109375,1,0.3475,3.7110162e-08
mendeley/extracted/Bangla Audio Dataset Original and DeepFake Voices for AI-Based Voice Analysis and Detection/Dataset/S13M01/Fake/22.wav,1,MEN,MEN-S13M01,TG:3ea4c2ab6bd8c696,-10.5703125,1,0.5925,2.5666133e-05
mendeley/extracted/Bangla Audio Dataset Original and DeepFake Voices for AI-Based Voice Analysis and Detection/Dataset/S13M01/Fake/23.wav,1,MEN,MEN-S13M01,TG:1aea278e72d15d0c,-9.734375,1,0.4408333333333333,5.9209164e-05
mendeley/extracted/Bangla Audio Dataset Original and DeepFake Voices for AI-Based Voice Analysis and Detection/Dataset/S13M01/Fake/24.wav,1,MEN,MEN-S13M01,TG:308b7809dcd529fe,-11.7421875,1,0.5341666666666667,7.951139e-06
mendeley/extracted/Bangla Audio Dataset Original and DeepFake Voices for AI-Based Voice Analysis and Detection/Dataset/S13M01/Fake/25.wav,1,MEN,MEN-S13M01,TG:d1b72b1834bf1ba9,-2.8828125,1,0.2925,0.05300977
mendeley/extracted/Bangla Audio Dataset Original and DeepFake Voices for AI-Based Voice Analysis and Detection/Dataset/S13M01/Fake/26.wav,1,MEN,MEN-S13M01,TG:b30ab81ebf25d425,-17.0,1,0.4608333333333333,4.1399378e-08
mendeley/extracted/Bangla Audio Dataset Original and DeepFake Voices for AI-Based Voice Analysis and Detection/Dataset/S13M01/Fake/27.wav,1,MEN,MEN-S13M01,TG:4801945c778274b7,-2.9511719,1,0.5308333333333333,0.049681153
mendeley/extracted/Bangla Audio Dataset Original and DeepFake Voices for AI-Based Voice Analysis and Detection/Dataset/S13M01/Fake/28.wav,1,MEN,MEN-S13M01,TG:20d29da1528cd788,-6.1171875,1,0.3675,0.0021997981
mendeley/extracted/Bangla Audio Dataset Original and DeepFake Voices for AI-Based Voice Analysis and Detection/Dataset/S13M01/Fake/29.wav,1,MEN,MEN-S13M01,TG:39ba0547eb0a9549,-12.7890625,1,0.4041666666666667,2.7911265e-06
mendeley/extracted/Bangla Audio Dataset Original and DeepFake Voices for AI-Based Voice Analysis and Detection/Dataset/S13M01/Fake/3.wav,1,MEN,MEN-S13M01,TG:e921a431e5a8d0f2,-8.3828125,1,0.4075,0.0002287133
mendeley/extracted/Bangla Audio Dataset Original and DeepFake Voices for AI-Based Voice Analysis and Detection/Dataset/S13M01/Fake/30.wav,1,MEN,MEN-S13M01,TG:83175214af1cd3cc,-11.484375,1,0.4225,1.0289513e-05
mendeley/extracted/Bangla Audio Dataset Original and DeepFake Voices for AI-Based Voice Analysis and Detection/Dataset/S13M01/Fake/4.wav,1,MEN,MEN-S13M01,TG:7b4edaf138d43c24,-12.6484375,1,0.4191666666666667,3.2125654e-06
mendeley/extracted/Bangla Audio Dataset Original and DeepFake Voices for AI-Based Voice Analysis and Detection/Dataset/S13M01/Fake/5.wav,1,MEN,MEN-S13M01,TG:4365e0fcdb4baa7c,-13.5,1,0.4141666666666667,1.3709571e-06
mendeley/extracted/Bangla Audio Dataset Original and DeepFake Voices for AI-Based Voice Analysis and Detection/Dataset/S13M01/Fake/6.wav,1,MEN,MEN-S13M01,TG:0d8af69205969b08,-5.9882812,1,0.3675,0.0025016966
mendeley/extracted/Bangla Audio Dataset Original and DeepFake Voices for AI-Based Voice Analysis and Detection/Dataset/S13M01/Fake/7.wav,1,MEN,MEN-S13M01,TG:40a9df8903c6d06d,-10.453125,1,0.4908333333333333,2.8857117e-05
mendeley/extracted/Bangla Audio Dataset Original and DeepFake Voices for AI-Based Voice Analysis and Detection/Dataset/S13M01/Fake/8.wav,1,MEN,MEN-S13M01,TG:ec3afa02296104d2,-15.046875,1,0.5525,2.9189394e-07
mendeley/extracted/Bangla Audio Dataset Original and DeepFake Voices for AI-Based Voice Analysis and Detection/Dataset/S13M01/Fake/9.wav,1,MEN,MEN-S13M01,TG:44ef37911c97b339,-11.9765625,1,0.5308333333333333,6.289879e-06
mendeley/extracted/Bangla Audio Dataset Original and DeepFake Voices for AI-Based Voice Analysis and Detection/Dataset/S13M01/Real/1.wav,0,MEN,MEN-S13M01,TG:59a9f15bf4c1e1f9,1.9404297,1,0.5508333333333333,0.87439936
mendeley/extracted/Bangla Audio Dataset Original and DeepFake Voices for AI-Based Voice Analysis and Detection/Dataset/S13M01/Real/10.wav,0,MEN,MEN-S13M01,TG:af46530c8e94f66a,4.1015625,1,0.5675,0.9837225
mendeley/extracted/Bangla Audio Dataset Original and DeepFake Voices for AI-Based Voice Analysis and Detection/Dataset/S13M01/Real/11.wav,0,MEN,MEN-S13M01,TG:206cd06074b026d5,7.3046875,1,0.5341666666666667,0.99932814
mendeley/extracted/Bangla Audio Dataset Original and DeepFake Voices for AI-Based Voice Analysis and Detection/Dataset/S13M01/Real/12.wav,0,MEN,MEN-S13M01,TG:fc8142f1666481b5,-2.8046875,1,0.5341666666666667,0.0570714
mendeley/extracted/Bangla Audio Dataset Original and DeepFake Voices for AI-Based Voice Analysis and Detection/Dataset/S13M01/Real/13.wav,0,MEN,MEN-S13M01,TG:8b9d7fe36d313ffb,-3.46875,1,0.5841666666666667,0.030214587
mendeley/extracted/Bangla Audio Dataset Original and DeepFake Voices for AI-Based Voice Analysis and Detection/Dataset/S13M01/Real/14.wav,0,MEN,MEN-S13M01,TG:373cb328e6d0029c,1.0605469,1,0.5175000000000001,0.74279505
mendeley/extracted/Bangla Audio Dataset Original and DeepFake Voices for AI-Based Voice Analysis and Detection/Dataset/S13M01/Real/15.wav,0,MEN,MEN-S13M01,TG:725e597ccf136c7b,-0.6845703,1,0.5841666666666667,0.335242
mendeley/extracted/Bangla Audio Dataset Original and DeepFake Voices for AI-Based Voice Analysis and Detection/Dataset/S13M01/Real/16.wav,0,MEN,MEN-S13M01,TG:19493fcae8d03fba,2.7109375,1,0.5341666666666667,0.937669
mendeley/extracted/Bangla Audio Dataset Original and DeepFake Voices for AI-Based Voice Analysis and Detection/Dataset/S13M01/Real/17.wav,0,MEN,MEN-S13M01,TG:6c80d161a68feef8,-2.2851562,1,0.4508333333333333,0.092359796
mendeley/extracted/Bangla Audio Dataset Original and DeepFake Voices for AI-Based Voice Analysis and Detection/Dataset/S13M01/Real/18.wav,0,MEN,MEN-S13M01,TG:c628bfabacea3ccb,-0.8745117,1,0.5508333333333333,0.29431635
mendeley/extracted/Bangla Audio Dataset Original and DeepFake Voices for AI-Based Voice Analysis and Detection/Dataset/S13M01/Real/19.wav,0,MEN,MEN-S13M01,TG:8dee1cb04b557d42,5.953125,1,0.5175000000000001,0.99740905
mendeley/extracted/Bangla Audio Dataset Original and DeepFake Voices for AI-Based Voice Analysis and Detection/Dataset/S13M01/Real/2.wav,0,MEN,MEN-S13M01,TG:b50c656187dba8e6,-1.4658203,1,0.5508333333333333,0.18757874
mendeley/extracted/Bangla Audio Dataset Original and DeepFake Voices for AI-Based Voice Analysis and Detection/Dataset/S13M01/Real/20.wav,0,MEN,MEN-S13M01,TG:b2cf028254ed88e1,-0.74658203,1,0.4675,0.32156652
mendeley/extracted/Bangla Audio Dataset Original and DeepFake Voices for AI-Based Voice Analysis and Detection/Dataset/S13M01/Real/21.wav,0,MEN,MEN-S13M01,TG:b16e2afabc8b744f,-1.7646484,1,0.5008333333333334,0.1462091
mendeley/extracted/Bangla Audio Dataset Original and DeepFake Voices for AI-Based Voice Analysis and Detection/Dataset/S13M01/Real/22.wav,0,MEN,MEN-S13M01,TG:3ea4c2ab6bd8c696,-2.9882812,1,0.5841666666666667,0.047958102
mendeley/extracted/Bangla Audio Dataset Original and DeepFake Voices for AI-Based Voice Analysis and Detection/Dataset/S13M01/Real/23.wav,0,MEN,MEN-S13M01,TG:1aea278e72d15d0c,-4.484375,1,0.5508333333333333,0.011158031
mendeley/extracted/Bangla Audio Dataset Original and DeepFake Voices for AI-Based Voice Analysis and Detection/Dataset/S13M01/Real/24.wav,0,MEN,MEN-S13M01,TG:308b7809dcd529fe,-2.9355469,1,0.5675,0.05042407
mendeley/extracted/Bangla Audio Dataset Original and DeepFake Voices for AI-Based Voice Analysis and Detection/Dataset/S13M01/Real/25.wav,0,MEN,MEN-S13M01,TG:d1b72b1834bf1ba9,-0.0703125,1,0.4341666666666667,0.4824291
mendeley/extracted/Bangla Audio Dataset Original and DeepFake Voices for AI-Based Voice Analysis and Detection/Dataset/S13M01/Real/26.wav,0,MEN,MEN-S13M01,TG:b30ab81ebf25d425,-0.55029297,1,0.5508333333333333,0.36579645
mendeley/extracted/Bangla Audio Dataset Original and DeepFake Voices for AI-Based Voice Analysis and Detection/Dataset/S13M01/Real/27.wav,0,MEN,MEN-S13M01,TG:4801945c778274b7,-2.2792969,1,0.5675,0.09285216
mendeley/extracted/Bangla Audio Dataset Original and DeepFake Voices for AI-Based Voice Analysis and Detection/Dataset/S13M01/Real/28.wav,0,MEN,MEN-S13M01,TG:20d29da1528cd788,-1.0859375,1,0.4841666666666666,0.25238407
mendeley/extracted/Bangla Audio Dataset Original and DeepFake Voices for AI-Based Voice Analysis and Detection/Dataset/S13M01/Real/29.wav,0,MEN,MEN-S13M01,TG:39ba0547eb0a9549,-6.4492188,1,0.5341666666666667,0.0015792594
mendeley/extracted/Bangla Audio Dataset Original and DeepFake Voices for AI-Based Voice Analysis and Detection/Dataset/S13M01/Real/3.wav,0,MEN,MEN-S13M01,TG:e921a431e5a8d0f2,-4.375,1,0.5008333333333334,0.01243165
mendeley/extracted/Bangla Audio Dataset Original and DeepFake Voices for AI-Based Voice Analysis and Detection/Dataset/S13M01/Real/30.wav,0,MEN,MEN-S13M01,TG:83175214af1cd3cc,2.2167969,1,0.6174999999999999,0.90174776
mendeley/extracted/Bangla Audio Dataset Original and DeepFake Voices for AI-Based Voice Analysis and Detection/Dataset/S13M01/Real/4.wav,0,MEN,MEN-S13M01,TG:7b4edaf138d43c24,0.024978638,1,0.4675,0.5062443
mendeley/extracted/Bangla Audio Dataset Original and DeepFake Voices for AI-Based Voice Analysis and Detection/Dataset/S13M01/Real/5.wav,0,MEN,MEN-S13M01,TG:4365e0fcdb4baa7c,-8.6953125,1,0.4841666666666666,0.00016734052
mendeley/extracted/Bangla Audio Dataset Original and DeepFake Voices for AI-Based Voice Analysis and Detection/Dataset/S13M01/Real/6.wav,0,MEN,MEN-S13M01,TG:0d8af69205969b08,-1.8417969,1,0.4675,0.13683891
mendeley/extracted/Bangla Audio Dataset Original and DeepFake Voices for AI-Based Voice Analysis and Detection/Dataset/S13M01/Real/7.wav,0,MEN,MEN-S13M01,TG:40a9df8903c6d06d,-0.8959961,1,0.5341666666666667,0.289874
mendeley/extracted/Bangla Audio Dataset Original and DeepFake Voices for AI-Based Voice Analysis and Detection/Dataset/S13M01/Real/8.wav,0,MEN,MEN-S13M01,TG:ec3afa02296104d2,-0.97802734,1,0.6008333333333333,0.27328336
mendeley/extracted/Bangla Audio Dataset Original and DeepFake Voices for AI-Based Voice Analysis and Detection/Dataset/S13M01/Real/9.wav,0,MEN,MEN-S13M01,TG:44ef37911c97b339,-4.9375,1,0.6008333333333333,0.0071214293
mendeley/extracted/Bangla Audio Dataset Original and DeepFake Voices for AI-Based Voice Analysis and Detection/Dataset/S13M04/Fake/1.wav,1,MEN,MEN-S13M04,TG:59a9f15bf4c1e1f9,-15.5078125,1,0.5541666666666667,1.8409523e-07
mendeley/extracted/Bangla Audio Dataset Original and DeepFake Voices for AI-Based Voice Analysis and Detection/Dataset/S13M04/Fake/10.wav,1,MEN,MEN-S13M04,TG:af46530c8e94f66a,-11.3984375,1,0.4408333333333333,1.1212865e-05
mendeley/extracted/Bangla Audio Dataset Original and DeepFake Voices for AI-Based Voice Analysis and Detection/Dataset/S13M04/Fake/11.wav,1,MEN,MEN-S13M04,TG:206cd06074b026d5,-10.828125,1,0.5025,1.9833367e-05
mendeley/extracted/Bangla Audio Dataset Original and DeepFake Voices for AI-Based Voice Analysis and Detection/Dataset/S13M04/Fake/12.wav,1,MEN,MEN-S13M04,TG:fc8142f1666481b5,-14.046875,1,0.2975,7.934496e-07
mendeley/extracted/Bangla Audio Dataset Original and DeepFake Voices for AI-Based Voice Analysis and Detection/Dataset/S13M04/Fake/13.wav,1,MEN,MEN-S13M04,TG:8b9d7fe36d313ffb,-13.3203125,1,0.4658333333333333,1.6408203e-06
mendeley/extracted/Bangla Audio Dataset Original and DeepFake Voices for AI-Based Voice Analysis and Detection/Dataset/S13M04/Fake/14.wav,1,MEN,MEN-S13M04,TG:373cb328e6d0029c,-16.671875,1,0.4375,5.7477344e-08
mendeley/extracted/Bangla Audio Dataset Original and DeepFake Voices for AI-Based Voice Analysis and Detection/Dataset/S13M04/Fake/15.wav,1,MEN,MEN-S13M04,TG:725e597ccf136c7b,-10.171875,1,0.5175000000000001,3.822911e-05
mendeley/extracted/Bangla Audio Dataset Original and DeepFake Voices for AI-Based Voice Analysis and Detection/Dataset/S13M04/Fake/16.wav,1,MEN,MEN-S13M04,TG:19493fcae8d03fba,-12.15625,1,0.4975,5.255396e-06
mendeley/extracted/Bangla Audio Dataset Original and DeepFake Voices for AI-Based Voice Analysis and Detection/Dataset/S13M04/Fake/17.wav,1,MEN,MEN-S13M04,TG:6c80d161a68feef8,-11.4765625,1,0.3541666666666666,1.0370214e-05
mendeley/extracted/Bangla Audio Dataset Original and DeepFake Voices for AI-Based Voice Analysis and Detection/Dataset/S13M04/Fake/18.wav,1,MEN,MEN-S13M04,TG:c628bfabacea3ccb,-15.8046875,1,0.3575,1.3680797e-07
mendeley/extracted/Bangla Audio Dataset Original and DeepFake Voices for AI-Based Voice Analysis and Detection/Dataset/S13M04/Fake/19.wav,1,MEN,MEN-S13M04,TG:8dee1cb04b557d42,-11.7109375,1,0.5141666666666667,8.203532e-06
mendeley/extracted/Bangla Audio Dataset Original and DeepFake Voices for AI-Based Voice Analysis and Detection/Dataset/S13M04/Fake/2.wav,1,MEN,MEN-S13M04,TG:b50c656187dba8e6,-14.3984375,1,0.4675,5.5826166e-07
mendeley/extracted/Bangla Audio Dataset Original and DeepFake Voices for AI-Based Voice Analysis and Detection/Dataset/S13M04/Fake/20.wav,1,MEN,MEN-S13M04,TG:b2cf028254ed88e1,-9.21875,1,0.3974999999999999,9.915273e-05
mendeley/extracted/Bangla Audio Dataset Original and DeepFake Voices for AI-Based Voice Analysis and Detection/Dataset/S13M04/Fake/21.wav,1,MEN,MEN-S13M04,TG:b16e2afabc8b744f,-10.6640625,1,0.3941666666666666,2.3369335e-05
mendeley/extracted/Bangla Audio Dataset Original and DeepFake Voices for AI-Based Voice Analysis and Detection/Dataset/S13M04/Fake/22.wav,1,MEN,MEN-S13M04,TG:3ea4c2ab6bd8c696,-9.9765625,1,0.4875,4.6474393e-05
mendeley/extracted/Bangla Audio Dataset Original and DeepFake Voices for AI-Based Voice Analysis and Detection/Dataset/S13M04/Fake/23.wav,1,MEN,MEN-S13M04,TG:1aea278e72d15d0c,-6.2851562,1,0.4841666666666666,0.0018602987
mendeley/extracted/Bangla Audio Dataset Original and DeepFake Voices for AI-Based Voice Analysis and Detection/Dataset/S13M04/Fake/24.wav,1,MEN,MEN-S13M04,TG:308b7809dcd529fe,-8.015625,1,0.5108333333333333,0.00033015275
mendeley/extracted/Bangla Audio Dataset Original and DeepFake Voices for AI-Based Voice Analysis and Detection/Dataset/S13M04/Fake/25.wav,1,MEN,MEN-S13M04,TG:d1b72b1834bf1ba9,-12.59375,1,0.3341666666666666,3.3931447e-06
mendeley/extracted/Bangla Audio Dataset Original and DeepFake Voices for AI-Based Voice Analysis and Detection/Dataset/S13M04/Fake/26.wav,1,MEN,MEN-S13M04,TG:b30ab81ebf25d425,-11.375,1,0.4575,1.1478767e-05
mendeley/extracted/Bangla Audio Dataset Original and DeepFake Voices for AI-Based Voice Analysis and Detection/Dataset/S13M04/Fake/27.wav,1,MEN,MEN-S13M04,TG:4801945c778274b7,-9.2578125,1,0.5291666666666667,9.535461e-05
mendeley/extracted/Bangla Audio Dataset Original and DeepFake Voices for AI-Based Voice Analysis and Detection/Dataset/S13M04/Fake/28.wav,1,MEN,MEN-S13M04,TG:20d29da1528cd788,-4.3007812,1,0.3841666666666666,0.013376604
mendeley/extracted/Bangla Audio Dataset Original and DeepFake Voices for AI-Based Voice Analysis and Detection/Dataset/S13M04/Fake/29.wav,1,MEN,MEN-S13M04,TG:39ba0547eb0a9549,-14.1796875,1,0.4175,6.947678e-07
mendeley/extracted/Bangla Audio Dataset Original and DeepFake Voices for AI-Based Voice Analysis and Detection/Dataset/S13M04/Fake/3.wav,1,MEN,MEN-S13M04,TG:e921a431e5a8d0f2,-13.1640625,1,0.3408333333333333,1.918313e-06
mendeley/extracted/Bangla Audio Dataset Original and DeepFake Voices for AI-Based Voice Analysis and Detection/Dataset/S13M04/Fake/30.wav,1,MEN,MEN-S13M04,TG:83175214af1cd3cc,-10.1015625,1,0.5691666666666666,4.1013736e-05
mendeley/extracted/Bangla Audio Dataset Original and DeepFake Voices for AI-Based Voice Analysis and Detection/Dataset/S13M04/Fake/4.wav,1,MEN,MEN-S13M04,TG:7b4edaf138d43c24,-12.3828125,1,0.4675,4.1899716e-06
mendeley/extracted/Bangla Audio Dataset Original and DeepFake Voices for AI-Based Voice Analysis and Detection/Dataset/S13M04/Fake/5.wav,1,MEN,MEN-S13M04,TG:4365e0fcdb4baa7c,-13.5234375,1,0.4341666666666667,1.3391991e-06
mendeley/extracted/Bangla Audio Dataset Original and DeepFake Voices for AI-Based Voice Analysis and Detection/Dataset/S13M04/Fake/6.wav,1,MEN,MEN-S13M04,TG:0d8af69205969b08,-10.6640625,1,0.3791666666666666,2.3369335e-05
mendeley/extracted/Bangla Audio Dataset Original and DeepFake Voices for AI-Based Voice Analysis and Detection/Dataset/S13M04/Fake/7.wav,1,MEN,MEN-S13M04,TG:40a9df8903c6d06d,-5.3828125,1,0.5241666666666667,0.0045738644
mendeley/extracted/Bangla Audio Dataset Original and DeepFake Voices for AI-Based Voice Analysis and Detection/Dataset/S13M04/Fake/8.wav,1,MEN,MEN-S13M04,TG:ec3afa02296104d2,-14.84375,1,0.5708333333333333,3.5763594e-07
mendeley/extracted/Bangla Audio Dataset Original and DeepFake Voices for AI-Based Voice Analysis and Detection/Dataset/S13M04/Fake/9.wav,1,MEN,MEN-S13M04,TG:44ef37911c97b339,-11.3359375,1,0.5208333333333333,1.1936024e-05
mendeley/extracted/Bangla Audio Dataset Original and DeepFake Voices for AI-Based Voice Analysis and Detection/Dataset/S13M04/Real/1.wav,0,MEN,MEN-S13M04,TG:59a9f15bf4c1e1f9,11.1171875,1,0.4675,0.9999851
mendeley/extracted/Bangla Audio Dataset Original and DeepFake Voices for AI-Based Voice Analysis and Detection/Dataset/S13M04/Real/10.wav,0,MEN,MEN-S13M04,TG:af46530c8e94f66a,7.8320312,1,0.5175000000000001,0.99960333
mendeley/extracted/Bangla Audio Dataset Original and DeepFake Voices for AI-Based Voice Analysis and Detection/Dataset/S13M04/Real/11.wav,0,MEN,MEN-S13M04,TG:206cd06074b026d5,12.1640625,1,0.5508333333333333,0.99999475
mendeley/extracted/Bangla Audio Dataset Original and DeepFake Voices for AI-Based Voice Analysis and Detection/Dataset/S13M04/Real/12.wav,0,MEN,MEN-S13M04,TG:fc8142f1666481b5,1.7958984,1,0.5175000000000001,0.8576489
mendeley/extracted/Bangla Audio Dataset Original and DeepFake Voices for AI-Based Voice Analysis and Detection/Dataset/S13M04/Real/13.wav,0,MEN,MEN-S13M04,TG:8b9d7fe36d313ffb,10.0390625,1,0.5008333333333334,0.99995637
mendeley/extracted/Bangla Audio Dataset Original and DeepFake Voices for AI-Based Voice Analysis and Detection/Dataset/S13M04/Real/14.wav,0,MEN,MEN-S13M04,TG:373cb328e6d0029c,1.3066406,1,0.5175000000000001,0.78695047
mendeley/extracted/Bangla Audio Dataset Original and DeepFake Voices for AI-Based Voice Analysis and Detection/Dataset/S13M04/Real/15.wav,0,MEN,MEN-S13M04,TG:725e597ccf136c7b,-2.0703125,1,0.5675,0.112015955
mendeley/extracted/Bangla Audio Dataset Original and DeepFake Voices for AI-Based Voice Analysis and Detection/Dataset/S13M04/Real/16.wav,0,MEN,MEN-S13M04,TG:19493fcae8d03fba,0.34570312,1,0.5675,0.5855752
mendeley/extracted/Bangla Audio Dataset Original and DeepFake Voices for AI-Based Voice Analysis and Detection/Dataset/S13M04/Real/17.wav,0,MEN,MEN-S13M04,TG:6c80d161a68feef8,7.4023438,1,0.5341666666666667,0.9993905
mendeley/extracted/Bangla Audio Dataset Original and DeepFake Voices for AI-Based Voice Analysis and Detection/Dataset/S13M04/Real/18.wav,0,MEN,MEN-S13M04,TG:c628bfabacea3ccb,7.0234375,1,0.6008333333333333,0.99911004
mendeley/extracted/Bangla Audio Dataset Original and DeepFake Voices for AI-Based Voice Analysis and Detection/Dataset/S13M04/Real/19.wav,0,MEN,MEN-S13M04,TG:8dee1cb04b557d42,11.3828125,1,0.5341666666666667,0.99998856
mendeley/extracted/Bangla Audio Dataset Original and DeepFake Voices for AI-Based Voice Analysis and Detection/Dataset/S13M04/Real/2.wav,0,MEN,MEN-S13M04,TG:b50c656187dba8e6,10.7109375,1,0.5175000000000001,0.9999777
mendeley/extracted/Bangla Audio Dataset Original and DeepFake Voices for AI-Based Voice Analysis and Detection/Dataset/S13M04/Real/20.wav,0,MEN,MEN-S13M04,TG:b2cf028254ed88e1,7.1875,1,0.4508333333333333,0.9992446
mendeley/extracted/Bangla Audio Dataset Original and DeepFake Voices for AI-Based Voice Analysis and Detection/Dataset/S13M04/Real/21.wav,0,MEN,MEN-S13M04,TG:b16e2afabc8b744f,8.578125,1,0.5341666666666667,0.9998118
mendeley/extracted/Bangla Audio Dataset Original and DeepFake Voices for AI-Based Voice Analysis and Detection/Dataset/S13M04/Real/22.wav,0,MEN,MEN-S13M04,TG:3ea4c2ab6bd8c696,10.59375,1,0.5841666666666667,0.99997497
mendeley/extracted/Bangla Audio Dataset Original and DeepFake Voices for AI-Based Voice Analysis and Detection/Dataset/S13M04/Real/23.wav,0,MEN,MEN-S13M04,TG:1aea278e72d15d0c,8.625,1,0.5008333333333334,0.99982053
mendeley/extracted/Bangla Audio Dataset Original and DeepFake Voices for AI-Based Voice Analysis and Detection/Dataset/S13M04/Real/24.wav,0,MEN,MEN-S13M04,TG:308b7809dcd529fe,-1.2695312,1,0.4841666666666666,0.2193375
mendeley/extracted/Bangla Audio Dataset Original and DeepFake Voices for AI-Based Voice Analysis and Detection/Dataset/S13M04/Real/25.wav,0,MEN,MEN-S13M04,TG:d1b72b1834bf1ba9,8.4140625,1,0.5175000000000001,0.99977833
mendeley/extracted/Bangla Audio Dataset Original and DeepFake Voices for AI-Based Voice Analysis and Detection/Dataset/S13M04/Real/26.wav,0,MEN,MEN-S13M04,TG:b30ab81ebf25d425,6.9335938,1,0.4675,0.9990264
mendeley/extracted/Bangla Audio Dataset Original and DeepFake Voices for AI-Based Voice Analysis and Detection/Dataset/S13M04/Real/27.wav,0,MEN,MEN-S13M04,TG:4801945c778274b7,-1.6171875,1,0.5508333333333333,0.16559313
mendeley/extracted/Bangla Audio Dataset Original and DeepFake Voices for AI-Based Voice Analysis and Detection/Dataset/S13M04/Real/28.wav,0,MEN,MEN-S13M04,TG:20d29da1528cd788,6.0742188,1,0.5175000000000001,0.99770385
mendeley/extracted/Bangla Audio Dataset Original and DeepFake Voices for AI-Based Voice Analysis and Detection/Dataset/S13M04/Real/29.wav,0,MEN,MEN-S13M04,TG:39ba0547eb0a9549,-3.1308594,1,0.5008333333333334,0.04185213
mendeley/extracted/Bangla Audio Dataset Original and DeepFake Voices for AI-Based Voice Analysis and Detection/Dataset/S13M04/Real/3.wav,0,MEN,MEN-S13M04,TG:e921a431e5a8d0f2,7.796875,1,0.5008333333333334,0.99958915
mendeley/extracted/Bangla Audio Dataset Original and DeepFake Voices for AI-Based Voice Analysis and Detection/Dataset/S13M04/Real/30.wav,0,MEN,MEN-S13M04,TG:83175214af1cd3cc,9.0390625,1,0.5175000000000001,0.99988127
mendeley/extracted/Bangla Audio Dataset Original and DeepFake Voices for AI-Based Voice Analysis and Detection/Dataset/S13M04/Real/4.wav,0,MEN,MEN-S13M04,TG:7b4edaf138d43c24,8.3515625,1,0.4841666666666666,0.999764
mendeley/extracted/Bangla Audio Dataset Original and DeepFake Voices for AI-Based Voice Analysis and Detection/Dataset/S13M04/Real/5.wav,0,MEN,MEN-S13M04,TG:4365e0fcdb4baa7c,8.6640625,1,0.5175000000000001,0.9998273
mendeley/extracted/Bangla Audio Dataset Original and DeepFake Voices for AI-Based Voice Analysis and Detection/Dataset/S13M04/Real/6.wav,0,MEN,MEN-S13M04,TG:0d8af69205969b08,8.5,1,0.5508333333333333,0.99979657
mendeley/extracted/Bangla Audio Dataset Original and DeepFake Voices for AI-Based Voice Analysis and Detection/Dataset/S13M04/Real/7.wav,0,MEN,MEN-S13M04,TG:40a9df8903c6d06d,9.5234375,1,0.4841666666666666,0.9999269
mendeley/extracted/Bangla Audio Dataset Original and DeepFake Voices for AI-Based Voice Analysis and Detection/Dataset/S13M04/Real/8.wav,0,MEN,MEN-S13M04,TG:ec3afa02296104d2,7.546875,1,0.5841666666666667,0.99947256
mendeley/extracted/Bangla Audio Dataset Original and DeepFake Voices for AI-Based Voice Analysis and Detection/Dataset/S13M04/Real/9.wav,0,MEN,MEN-S13M04,TG:44ef37911c97b339,7.8203125,1,0.5341666666666667,0.9995987
mendeley/extracted/Bangla Audio Dataset Original and DeepFake Voices for AI-Based Voice Analysis and Detection/Dataset/S14F02/Fake/1.wav,1,MEN,MEN-S14F02,TG:554ac7bf8ebb78f9,-12.796875,1,0.4075,2.769406e-06
mendeley/extracted/Bangla Audio Dataset Original and DeepFake Voices for AI-Based Voice Analysis and Detection/Dataset/S14F02/Fake/10.wav,1,MEN,MEN-S14F02,TG:8b54a89dd6208789,-20.375,1,0.5341666666666667,1.4166088e-09
mendeley/extracted/Bangla Audio Dataset Original and DeepFake Voices for AI-Based Voice Analysis and Detection/Dataset/S14F02/Fake/11.wav,1,MEN,MEN-S14F02,TG:187c8b79a216637f,-10.65625,1,0.5791666666666666,2.3552619e-05
mendeley/extracted/Bangla Audio Dataset Original and DeepFake Voices for AI-Based Voice Analysis and Detection/Dataset/S14F02/Fake/12.wav,1,MEN,MEN-S14F02,TG:a3f48c98819c7992,-13.25,1,0.5175000000000001,1.7603434e-06
mendeley/extracted/Bangla Audio Dataset Original and DeepFake Voices for AI-Based Voice Analysis and Detection/Dataset/S14F02/Fake/13.wav,1,MEN,MEN-S14F02,TG:1ca2e7b216e9ad9c,-19.125,1,0.5141666666666667,4.9444506e-09
mendeley/extracted/Bangla Audio Dataset Original and DeepFake Voices for AI-Based Voice Analysis and Detection/Dataset/S14F02/Fake/14.wav,1,MEN,MEN-S14F02,TG:d596eeae600d9af9,-8.2421875,1,0.3774999999999999,0.00026323833
mendeley/extracted/Bangla Audio Dataset Original and DeepFake Voices for AI-Based Voice Analysis and Detection/Dataset/S14F02/Fake/15.wav,1,MEN,MEN-S14F02,TG:6ce41462058809da,-12.78125,1,0.6041666666666667,2.8130173e-06
mendeley/extracted/Bangla Audio Dataset Original and DeepFake Voices for AI-Based Voice Analysis and Detection/Dataset/S14F02/Fake/16.wav,1,MEN,MEN-S14F02,TG:0314a002a6d89cd5,-12.7734375,1,0.3924999999999999,2.8350803e-06
mendeley/extracted/Bangla Audio Dataset Original and DeepFake Voices for AI-Based Voice Analysis and Detection/Dataset/S14F02/Fake/17.wav,1,MEN,MEN-S14F02,TG:ba557f5c9351a956,-10.359375,1,0.4575,3.1693253e-05
mendeley/extracted/Bangla Audio Dataset Original and DeepFake Voices for AI-Based Voice Analysis and Detection/Dataset/S14F02/Fake/18.wav,1,MEN,MEN-S14F02,TG:819cb431f0380259,-14.328125,1,0.4541666666666667,5.989273e-07
mendeley/extracted/Bangla Audio Dataset Original and DeepFake Voices for AI-Based Voice Analysis and Detection/Dataset/S14F02/Fake/19.wav,1,MEN,MEN-S14F02,TG:e146e568c1caae0e,-11.1171875,1,0.3924999999999999,1.4854579e-05
mendeley/extracted/Bangla Audio Dataset Original and DeepFake Voices for AI-Based Voice Analysis and Detection/Dataset/S14F02/Fake/2.wav,1,MEN,MEN-S14F02,TG:11aa99bdc903f9ab,-20.953125,1,0.4841666666666666,7.946455e-10
mendeley/extracted/Bangla Audio Dataset Original and DeepFake Voices for AI-Based Voice Analysis and Detection/Dataset/S14F02/Fake/20.wav,1,MEN,MEN-S14F02,TG:3c3b71398788e916,-21.515625,1,0.5325,4.527754e-10
mendeley/extracted/Bangla Audio Dataset Original and DeepFake Voices for AI-Based Voice Analysis and Detection/Dataset/S14F02/Fake/21.wav,1,MEN,MEN-S14F02,TG:cfaf18d164b6d815,-15.578125,1,0.5041666666666667,1.715956e-07
mendeley/extracted/Bangla Audio Dataset Original and DeepFake Voices for AI-Based Voice Analysis and Detection/Dataset/S14F02/Fake/22.wav,1,MEN,MEN-S14F02,TG:3e4341aa023d4a7a,-19.625,1,0.5175000000000001,2.9989609e-09
mendeley/extracted/Bangla Audio Dataset Original and DeepFake Voices for AI-Based Voice Analysis and Detection/Dataset/S14F02/Fake/23.wav,1,MEN,MEN-S14F02,TG:7a8d04572a454b40,-13.125,1,0.6041666666666667,1.9947297e-06
mendeley/extracted/Bangla Audio Dataset Original and DeepFake Voices for AI-Based Voice Analysis and Detection/Dataset/S14F02/Fake/24.wav,1,MEN,MEN-S14F02,TG:1b34ee3dbf78ac83,-22.375,1,0.4741666666666666,1.9171713e-10
mendeley/extracted/Bangla Audio Dataset Original and DeepFake Voices for AI-Based Voice Analysis and Detection/Dataset/S14F02/Fake/25.wav,1,MEN,MEN-S14F02,TG:bfab293024be8394,-14.8203125,1,0.3891666666666666,3.66117e-07
mendeley/extracted/Bangla Audio Dataset Original and DeepFake Voices for AI-Based Voice Analysis and Detection/Dataset/S14F02/Fake/26.wav,1,MEN,MEN-S14F02,TG:e4f3081165f64146,-8.5703125,1,0.5974999999999999,0.00018961739
mendeley/extracted/Bangla Audio Dataset Original and DeepFake Voices for AI-Based Voice Analysis and Detection/Dataset/S14F02/Fake/27.wav,1,MEN,MEN-S14F02,TG:48f08dcc529ee60c,-9.625,1,0.4175,6.605214e-05
mendeley/extracted/Bangla Audio Dataset Original and DeepFake Voices for AI-Based Voice Analysis and Detection/Dataset/S14F02/Fake/28.wav,1,MEN,MEN-S14F02,TG:c52489fd7002d612,-16.1875,1,0.5591666666666666,9.329492e-08
mendeley/extracted/Bangla Audio Dataset Original and DeepFake Voices for AI-Based Voice Analysis and Detection/Dataset/S14F02/Fake/29.wav,1,MEN,MEN-S14F02,TG:f0d66e66e0df7a92,-13.703125,1,0.5025,1.1189429e-06
mendeley/extracted/Bangla Audio Dataset Original and DeepFake Voices for AI-Based Voice Analysis and Detection/Dataset/S14F02/Fake/3.wav,1,MEN,MEN-S14F02,TG:1713efff55beeeec,-14.1015625,1,0.4925,7.51223e-07
mendeley/extracted/Bangla Audio Dataset Original and DeepFake Voices for AI-Based Voice Analysis and Detection/Dataset/S14F02/Fake/30.wav,1,MEN,MEN-S14F02,TG:15ee6219b5d4aefc,-13.484375,1,0.5341666666666667,1.3925467e-06
mendeley/extracted/Bangla Audio Dataset Original and DeepFake Voices for AI-Based Voice Analysis and Detection/Dataset/S14F02/Fake/4.wav,1,MEN,MEN-S14F02,TG:6a90890ed8f3955f,-11.3046875,1,0.5641666666666667,1.2314909e-05
mendeley/extracted/Bangla Audio Dataset Original and DeepFake Voices for AI-Based Voice Analysis and Detection/Dataset/S14F02/Fake/5.wav,1,MEN,MEN-S14F02,TG:0f6bba26ba2da7d1,-9.6171875,1,0.4408333333333333,6.657017e-05
mendeley/extracted/Bangla Audio Dataset Original and DeepFake Voices for AI-Based Voice Analysis and Detection/Dataset/S14F02/Fake/6.wav,1,MEN,MEN-S14F02,TG:30600448e8f6a33e,-12.4140625,1,0.3675,4.0610603e-06
mendeley/extracted/Bangla Audio Dataset Original and DeepFake Voices for AI-Based Voice Analysis and Detection/Dataset/S14F02/Fake/7.wav,1,MEN,MEN-S14F02,TG:5008d9f4bdd80229,-13.5390625,1,0.5008333333333334,1.3184367e-06
mendeley/extracted/Bangla Audio Dataset Original and DeepFake Voices for AI-Based Voice Analysis and Detection/Dataset/S14F02/Fake/8.wav,1,MEN,MEN-S14F02,TG:33180cdc592d15ff,-9.5078125,1,0.3741666666666666,7.426381e-05
mendeley/extracted/Bangla Audio Dataset Original and DeepFake Voices for AI-Based Voice Analysis and Detection/Dataset/S14F02/Fake/9.wav,1,MEN,MEN-S14F02,TG:c3296e2a9dc3f70a,-9.796875,1,0.4208333333333333,5.562206e-05
mendeley/extracted/Bangla Audio Dataset Original and DeepFake Voices for AI-Based Voice Analysis and Detection/Dataset/S14F02/Real/1.wav,0,MEN,MEN-S14F02,TG:554ac7bf8ebb78f9,3.8652344,1,0.3675,0.97947216
mendeley/extracted/Bangla Audio Dataset Original and DeepFake Voices for AI-Based Voice Analysis and Detection/Dataset/S14F02/Real/10.wav,0,MEN,MEN-S14F02,TG:8b54a89dd6208789,4.03125,1,0.3841666666666666,0.9825575
mendeley/extracted/Bangla Audio Dataset Original and DeepFake Voices for AI-Based Voice Analysis and Detection/Dataset/S14F02/Real/11.wav,0,MEN,MEN-S14F02,TG:187c8b79a216637f,-7.375,1,0.3675,0.0006263342
mendeley/extracted/Bangla Audio Dataset Original and DeepFake Voices for AI-Based Voice Analysis and Detection/Dataset/S14F02/Real/12.wav,0,MEN,MEN-S14F02,TG:a3f48c98819c7992,-5.0507812,1,0.3508333333333333,0.0063635735
mendeley/extracted/Bangla Audio Dataset Original and DeepFake Voices for AI-Based Voice Analysis and Detection/Dataset/S14F02/Real/13.wav,0,MEN,MEN-S14F02,TG:1ca2e7b216e9ad9c,-0.89208984,1,0.2508333333333333,0.29067874
mendeley/extracted/Bangla Audio Dataset Original and DeepFake Voices for AI-Based Voice Analysis and Detection/Dataset/S14F02/Real/14.wav,0,MEN,MEN-S14F02,TG:d596eeae600d9af9,-3.2851562,1,0.3508333333333333,0.036083944
mendeley/extracted/Bangla Audio Dataset Original and DeepFake Voices for AI-Based Voice Analysis and Detection/Dataset/S14F02/Real/15.wav,0,MEN,MEN-S14F02,TG:6ce41462058809da,-6.7226562,1,0.3341666666666666,0.0012018913
mendeley/extracted/Bangla Audio Dataset Original and DeepFake Voices for AI-Based Voice Analysis and Detection/Dataset/S14F02/Real/16.wav,0,MEN,MEN-S14F02,TG:0314a002a6d89cd5,-3.6914062,1,0.3508333333333333,0.02433019
mendeley/extracted/Bangla Audio Dataset Original and DeepFake Voices for AI-Based Voice Analysis and Detection/Dataset/S14F02/Real/17.wav,0,MEN,MEN-S14F02,TG:ba557f5c9351a956,0.9663086,1,0.3675,0.7243831
mendeley/extracted/Bangla Audio Dataset Original and DeepFake Voices for AI-Based Voice Analysis and Detection/Dataset/S14F02/Real/18.wav,0,MEN,MEN-S14F02,TG:819cb431f0380259,-7.6796875,1,0.3508333333333333,0.00046190585
mendeley/extracted/Bangla Audio Dataset Original and DeepFake Voices for AI-Based Voice Analysis and Detection/Dataset/S14F02/Real/19.wav,0,MEN,MEN-S14F02,TG:e146e568c1caae0e,-6.5429688,1,0.2175,0.0014381352
mendeley/extracted/Bangla Audio Dataset Original and DeepFake Voices for AI-Based Voice Analysis and Detection/Dataset/S14F02/Real/2.wav,0,MEN,MEN-S14F02,TG:11aa99bdc903f9ab,-0.33740234,1,0.5175000000000001,0.4164406
mendeley/extracted/Bangla Audio Dataset Original and DeepFake Voices for AI-Based Voice Analysis and Detection/Dataset/S14F02/Real/20.wav,0,MEN,MEN-S14F02,TG:3c3b71398788e916,-2.4570312,1,0.3341666666666666,0.07892589
mendeley/extracted/Bangla Audio Dataset Original and DeepFake Voices for AI-Based Voice Analysis and Detection/Dataset/S14F02/Real/21.wav,0,MEN,MEN-S14F02,TG:cfaf18d164b6d815,-10.5703125,1,0.3675,2.5666133e-05
mendeley/extracted/Bangla Audio Dataset Original and DeepFake Voices for AI-Based Voice Analysis and Detection/Dataset/S14F02/Real/22.wav,0,MEN,MEN-S14F02,TG:3e4341aa023d4a7a,0.93408203,1,0.3675,0.71790266
mendeley/extracted/Bangla Audio Dataset Original and DeepFake Voices for AI-Based Voice Analysis and Detection/Dataset/S14F02/Real/23.wav,0,MEN,MEN-S14F02,TG:7a8d04572a454b40,-8.25,1,0.3175,0.00026119035
mendeley/extracted/Bangla Audio Dataset Original and DeepFake Voices for AI-Based Voice Analysis and Detection/Dataset/S14F02/Real/24.wav,0,MEN,MEN-S14F02,TG:1b34ee3dbf78ac83,-9.203125,1,0.3841666666666666,0.000100713994
mendeley/extracted/Bangla Audio Dataset Original and DeepFake Voices for AI-Based Voice Analysis and Detection/Dataset/S14F02/Real/25.wav,0,MEN,MEN-S14F02,TG:bfab293024be8394,-6.7929688,1,0.2341666666666666,0.0011203773
mendeley/extracted/Bangla Audio Dataset Original and DeepFake Voices for AI-Based Voice Analysis and Detection/Dataset/S14F02/Real/26.wav,0,MEN,MEN-S14F02,TG:e4f3081165f64146,-4.1289062,1,0.4508333333333333,0.015845362
mendeley/extracted/Bangla Audio Dataset Original and DeepFake Voices for AI-Based Voice Analysis and Detection/Dataset/S14F02/Real/27.wav,0,MEN,MEN-S14F02,TG:48f08dcc529ee60c,-2.734375,1,0.3841666666666666,0.06097518
mendeley/extracted/Bangla Audio Dataset Original and DeepFake Voices for AI-Based Voice Analysis and Detection/Dataset/S14F02/Real/28.wav,0,MEN,MEN-S14F02,TG:c52489fd7002d612,-6.0859375,1,0.4508333333333333,0.0022694687
mendeley/extracted/Bangla Audio Dataset Original and DeepFake Voices for AI-Based Voice Analysis and Detection/Dataset/S14F02/Real/29.wav,0,MEN,MEN-S14F02,TG:f0d66e66e0df7a92,-9.078125,1,0.3508333333333333,0.00011412239
mendeley/extracted/Bangla Audio Dataset Original and DeepFake Voices for AI-Based Voice Analysis and Detection/Dataset/S14F02/Real/3.wav,0,MEN,MEN-S14F02,TG:1713efff55beeeec,-4.7109375,1,0.3508333333333333,0.0089161275
mendeley/extracted/Bangla Audio Dataset Original and DeepFake Voices for AI-Based Voice Analysis and Detection/Dataset/S14F02/Real/30.wav,0,MEN,MEN-S14F02,TG:15ee6219b5d4aefc,-4.2421875,1,0.3841666666666666,0.014172367
mendeley/extracted/Bangla Audio Dataset Original and DeepFake Voices for AI-Based Voice Analysis and Detection/Dataset/S14F02/Real/4.wav,0,MEN,MEN-S14F02,TG:6a90890ed8f3955f,2.9355469,1,0.2674999999999999,0.94957596
mendeley/extracted/Bangla Audio Dataset Original and DeepFake Voices for AI-Based Voice Analysis and Detection/Dataset/S14F02/Real/5.wav,0,MEN,MEN-S14F02,TG:0f6bba26ba2da7d1,-5.2421875,1,0.2841666666666667,0.005260852
mendeley/extracted/Bangla Audio Dataset Original and DeepFake Voices for AI-Based Voice Analysis and Detection/Dataset/S14F02/Real/6.wav,0,MEN,MEN-S14F02,TG:30600448e8f6a33e,-0.44067383,1,0.3008333333333333,0.3915804
mendeley/extracted/Bangla Audio Dataset Original and DeepFake Voices for AI-Based Voice Analysis and Detection/Dataset/S14F02/Real/7.wav,0,MEN,MEN-S14F02,TG:5008d9f4bdd80229,-7.2148438,1,0.3341666666666666,0.00073504477
mendeley/extracted/Bangla Audio Dataset Original and DeepFake Voices for AI-Based Voice Analysis and Detection/Dataset/S14F02/Real/8.wav,0,MEN,MEN-S14F02,TG:33180cdc592d15ff,-0.9116211,1,0.2508333333333333,0.28666824
mendeley/extracted/Bangla Audio Dataset Original and DeepFake Voices for AI-Based Voice Analysis and Detection/Dataset/S14F02/Real/9.wav,0,MEN,MEN-S14F02,TG:c3296e2a9dc3f70a,-3.9882812,1,0.3841666666666666,0.018194368
mendeley/extracted/Bangla Audio Dataset Original and DeepFake Voices for AI-Based Voice Analysis and Detection/Dataset/S14M01/Fake/1.wav,1,MEN,MEN-S14M01,TG:554ac7bf8ebb78f9,-5.625,1,0.5508333333333333,0.0035936027
mendeley/extracted/Bangla Audio Dataset Original and DeepFake Voices for AI-Based Voice Analysis and Detection/Dataset/S14M01/Fake/10.wav,1,MEN,MEN-S14M01,TG:8b54a89dd6208789,-11.5390625,1,0.5208333333333333,9.7419215e-06
mendeley/extracted/Bangla Audio Dataset Original and DeepFake Voices for AI-Based Voice Analysis and Detection/Dataset/S14M01/Fake/11.wav,1,MEN,MEN-S14M01,TG:187c8b79a216637f,-9.703125,1,0.5408333333333333,6.108855e-05
mendeley/extracted/Bangla Audio Dataset Original and DeepFake Voices for AI-Based Voice Analysis and Detection/Dataset/S14M01/Fake/12.wav,1,MEN,MEN-S14M01,TG:a3f48c98819c7992,-4.8476562,1,0.5141666666666667,0.007785655
mendeley/extracted/Bangla Audio Dataset Original and DeepFake Voices for AI-Based Voice Analysis and Detection/Dataset/S14M01/Fake/13.wav,1,MEN,MEN-S14M01,TG:1ca2e7b216e9ad9c,-9.6484375,1,0.5375,6.452215e-05
mendeley/extracted/Bangla Audio Dataset Original and DeepFake Voices for AI-Based Voice Analysis and Detection/Dataset/S14M01/Fake/14.wav,1,MEN,MEN-S14M01,TG:d596eeae600d9af9,-13.03125,1,0.4791666666666666,2.1907817e-06
mendeley/extracted/Bangla Audio Dataset Original and DeepFake Voices for AI-Based Voice Analysis and Detection/Dataset/S14M01/Fake/15.wav,1,MEN,MEN-S14M01,TG:6ce41462058809da,-14.5546875,1,0.4558333333333333,4.775066e-07
mendeley/extracted/Bangla Audio Dataset Original and DeepFake Voices for AI-Based Voice Analysis and Detection/Dataset/S14M01/Fake/16.wav,1,MEN,MEN-S14M01,TG:0314a002a6d89cd5,-13.984375,1,0.4641666666666666,8.4462266e-07
mendeley/extracted/Bangla Audio Dataset Original and DeepFake Voices for AI-Based Voice Analysis and Detection/Dataset/S14M01/Fake/17.wav,1,MEN,MEN-S14M01,TG:ba557f5c9351a956,-9.90625,1,0.5108333333333333,4.9859584e-05
mendeley/extracted/Bangla Audio Dataset Original and DeepFake Voices for AI-Based Voice Analysis and Detection/Dataset/S14M01/Fake/18.wav,1,MEN,MEN-S14M01,TG:819cb431f0380259,-9.3828125,1,0.4775,8.415109e-05
mendeley/extracted/Bangla Audio Dataset Original and DeepFake Voices for AI-Based Voice Analysis and Detection/Dataset/S14M01/Fake/19.wav,1,MEN,MEN-S14M01,TG:e146e568c1caae0e,-13.8046875,1,0.3874999999999999,1.0108807e-06
mendeley/extracted/Bangla Audio Dataset Original and DeepFake Voices for AI-Based Voice Analysis and Detection/Dataset/S14M01/Fake/2.wav,1,MEN,MEN-S14M01,TG:11aa99bdc903f9ab,-9.171875,1,0.4141666666666667,0.00010391067
mendeley/extracted/Bangla Audio Dataset Original and DeepFake Voices for AI-Based Voice Analysis and Detection/Dataset/S14M01/Fake/20.wav,1,MEN,MEN-S14M01,TG:3c3b71398788e916,-9.7890625,1,0.4925,5.6058285e-05
mendeley/extracted/Bangla Audio Dataset Original and DeepFake Voices for AI-Based Voice Analysis and Detection/Dataset/S14M01/Fake/21.wav,1,MEN,MEN-S14M01,TG:cfaf18d164b6d815,-13.1171875,1,0.5108333333333333,2.0103746e-06
mendeley/extracted/Bangla Audio Dataset Original and DeepFake Voices for AI-Based Voice Analysis and Detection/Dataset/S14M01/Fake/22.wav,1,MEN,MEN-S14M01,TG:3e4341aa023d4a7a,-12.703125,1,0.5441666666666667,3.0415963e-06
mendeley/extracted/Bangla Audio Dataset Original and DeepFake Voices for AI-Based Voice Analysis and Detection/Dataset/S14M01/Fake/23.wav,1,MEN,MEN-S14M01,TG:7a8d04572a454b40,-12.5703125,1,0.4175,3.4736104e-06
mendeley/extracted/Bangla Audio Dataset Original and DeepFake Voices for AI-Based Voice Analysis and Detection/Dataset/S14M01/Fake/24.wav,1,MEN,MEN-S14M01,TG:1b34ee3dbf78ac83,-13.4609375,1,0.3441666666666666,1.4255697e-06
mendeley/extracted/Bangla Audio Dataset Original and DeepFake Voices for AI-Based Voice Analysis and Detection/Dataset/S14M01/Fake/25.wav,1,MEN,MEN-S14M01,TG:bfab293024be8394,-14.109375,1,0.3675,7.453769e-07
mendeley/extracted/Bangla Audio Dataset Original and DeepFake Voices for AI-Based Voice Analysis and Detection/Dataset/S14M01/Fake/26.wav,1,MEN,MEN-S14M01,TG:e4f3081165f64146,-14.375,1,0.5708333333333333,5.7150044e-07
mendeley/extracted/Bangla Audio Dataset Original and DeepFake Voices for AI-Based Voice Analysis and Detection/Dataset/S14M01/Fake/27.wav,1,MEN,MEN-S14M01,TG:48f08dcc529ee60c,-8.3046875,1,0.5325,0.00024729347
mendeley/extracted/Bangla Audio Dataset Original and DeepFake Voices for AI-Based Voice Analysis and Detection/Dataset/S14M01/Fake/28.wav,1,MEN,MEN-S14M01,TG:c52489fd7002d612,-11.8671875,1,0.5641666666666667,7.016861e-06
mendeley/extracted/Bangla Audio Dataset Original and DeepFake Voices for AI-Based Voice Analysis and Detection/Dataset/S14M01/Fake/29.wav,1,MEN,MEN-S14M01,TG:f0d66e66e0df7a92,-9.21875,1,0.5075000000000001,9.915273e-05
mendeley/extracted/Bangla Audio Dataset Original and DeepFake Voices for AI-Based Voice Analysis and Detection/Dataset/S14M01/Fake/3.wav,1,MEN,MEN-S14M01,TG:1713efff55beeeec,-10.953125,1,0.4708333333333333,1.7502925e-05
mendeley/extracted/Bangla Audio Dataset Original and DeepFake Voices for AI-Based Voice Analysis and Detection/Dataset/S14M01/Fake/30.wav,1,MEN,MEN-S14M01,TG:15ee6219b5d4aefc,-8.3515625,1,0.4225,0.00023597172
mendeley/extracted/Bangla Audio Dataset Original and DeepFake Voices for AI-Based Voice Analysis and Detection/Dataset/S14M01/Fake/4.wav,1,MEN,MEN-S14M01,TG:6a90890ed8f3955f,-9.9765625,1,0.5575,4.6474393e-05
mendeley/extracted/Bangla Audio Dataset Original and DeepFake Voices for AI-Based Voice Analysis and Detection/Dataset/S14M01/Fake/5.wav,1,MEN,MEN-S14M01,TG:0f6bba26ba2da7d1,-14.625,1,0.3708333333333333,4.4508508e-07
mendeley/extracted/Bangla Audio Dataset Original and DeepFake Voices for AI-Based Voice Analysis and Detection/Dataset/S14M01/Fake/6.wav,1,MEN,MEN-S14M01,TG:30600448e8f6a33e,-14.265625,1,0.2708333333333333,6.3755476e-07
mendeley/extracted/Bangla Audio Dataset Original and DeepFake Voices for AI-Based Voice Analysis and Detection/Dataset/S14M01/Fake/7.wav,1,MEN,MEN-S14M01,TG:5008d9f4bdd80229,-9.8203125,1,0.5525,5.433365e-05
mendeley/extracted/Bangla Audio Dataset Original and DeepFake Voices for AI-Based Voice Analysis and Detection/Dataset/S14M01/Fake/8.wav,1,MEN,MEN-S14M01,TG:33180cdc592d15ff,-10.8515625,1,0.4441666666666667,1.9373938e-05
mendeley/extracted/Bangla Audio Dataset Original and DeepFake Voices for AI-Based Voice Analysis and Detection/Dataset/S14M01/Fake/9.wav,1,MEN,MEN-S14M01,TG:c3296e2a9dc3f70a,-9.9921875,1,0.5108333333333333,4.5753914e-05
mendeley/extracted/Bangla Audio Dataset Original and DeepFake Voices for AI-Based Voice Analysis and Detection/Dataset/S14M01/Real/1.wav,0,MEN,MEN-S14M01,TG:554ac7bf8ebb78f9,-13.015625,1,0.4841666666666666,2.2252814e-06
mendeley/extracted/Bangla Audio Dataset Original and DeepFake Voices for AI-Based Voice Analysis and Detection/Dataset/S14M01/Real/10.wav,0,MEN,MEN-S14M01,TG:8b54a89dd6208789,-11.5234375,1,0.6008333333333333,9.895332e-06
mendeley/extracted/Bangla Audio Dataset Original and DeepFake Voices for AI-Based Voice Analysis and Detection/Dataset/S14M01/Real/11.wav,0,MEN,MEN-S14M01,TG:187c8b79a216637f,-15.203125,1,0.6675,2.4967014e-07
mendeley/extracted/Bangla Audio Dataset Original and DeepFake Voices for AI-Based Voice Analysis and Detection/Dataset/S14M01/Real/12.wav,0,MEN,MEN-S14M01,TG:a3f48c98819c7992,-11.6875,1,0.6008333333333333,8.398072e-06
mendeley/extracted/Bangla Audio Dataset Original and DeepFake Voices for AI-Based Voice Analysis and Detection/Dataset/S14M01/Real/13.wav,0,MEN,MEN-S14M01,TG:1ca2e7b216e9ad9c,-9.625,1,0.5675,6.605214e-05
mendeley/extracted/Bangla Audio Dataset Original and DeepFake Voices for AI-Based Voice Analysis and Detection/Dataset/S14M01/Real/14.wav,0,MEN,MEN-S14M01,TG:d596eeae600d9af9,-13.3984375,1,0.5675,1.517511e-06
mendeley/extracted/Bangla Audio Dataset Original and DeepFake Voices for AI-Based Voice Analysis and Detection/Dataset/S14M01/Real/15.wav,0,MEN,MEN-S14M01,TG:6ce41462058809da,-14.7890625,1,0.5508333333333333,3.777388e-07
mendeley/extracted/Bangla Audio Dataset Original and DeepFake Voices for AI-Based Voice Analysis and Detection/Dataset/S14M01/Real/16.wav,0,MEN,MEN-S14M01,TG:0314a002a6d89cd5,-17.03125,1,0.6008333333333333,4.0125656e-08
mendeley/extracted/Bangla Audio Dataset Original and DeepFake Voices for AI-Based Voice Analysis and Detection/Dataset/S14M01/Real/17.wav,0,MEN,MEN-S14M01,TG:ba557f5c9351a956,-11.203125,1,0.6341666666666667,1.3631346e-05
mendeley/extracted/Bangla Audio Dataset Original and DeepFake Voices for AI-Based Voice Analysis and Detection/Dataset/S14M01/Real/18.wav,0,MEN,MEN-S14M01,TG:819cb431f0380259,-12.921875,1,0.5675,2.4439928e-06
mendeley/extracted/Bangla Audio Dataset Original and DeepFake Voices for AI-Based Voice Analysis and Detection/Dataset/S14M01/Real/19.wav,0,MEN,MEN-S14M01,TG:e146e568c1caae0e,-11.984375,1,0.4341666666666667,6.2409304e-06
mendeley/extracted/Bangla Audio Dataset Original and DeepFake Voices for AI-Based Voice Analysis and Detection/Dataset/S14M01/Real/2.wav,0,MEN,MEN-S14M01,TG:11aa99bdc903f9ab,-15.0546875,1,0.6174999999999999,2.8962242e-07
mendeley/extracted/Bangla Audio Dataset Original and DeepFake Voices for AI-Based Voice Analysis and Detection/Dataset/S14M01/Real/20.wav,0,MEN,MEN-S14M01,TG:3c3b71398788e916,-11.625,1,0.6291666666666667,8.939696e-06
mendeley/extracted/Bangla Audio Dataset Original and DeepFake Voices for AI-Based Voice Analysis and Detection/Dataset/S14M01/Real/21.wav,0,MEN,MEN-S14M01,TG:cfaf18d164b6d815,-22.90625,1,0.5841666666666667,1.1270471e-10
mendeley/extracted/Bangla Audio Dataset Original and DeepFake Voices for AI-Based Voice Analysis and Detection/Dataset/S14M01/Real/22.wav,0,MEN,MEN-S14M01,TG:3e4341aa023d4a7a,-13.0078125,1,0.5675,2.2427344e-06
mendeley/extracted/Bangla Audio Dataset Original and DeepFake Voices for AI-Based Voice Analysis and Detection/Dataset/S14M01/Real/23.wav,0,MEN,MEN-S14M01,TG:7a8d04572a454b40,-9.0,1,0.5541666666666667,0.00012339458
mendeley/extracted/Bangla Audio Dataset Original and DeepFake Voices for AI-Based Voice Analysis and Detection/Dataset/S14M01/Real/24.wav,0,MEN,MEN-S14M01,TG:1b34ee3dbf78ac83,-6.6210938,1,0.5508333333333333,0.0013302016
mendeley/extracted/Bangla Audio Dataset Original and DeepFake Voices for AI-Based Voice Analysis and Detection/Dataset/S14M01/Real/25.wav,0,MEN,MEN-S14M01,TG:bfab293024be8394,-12.796875,1,0.4841666666666666,2.769406e-06
mendeley/extracted/Bangla Audio Dataset Original and DeepFake Voices for AI-Based Voice Analysis and Detection/Dataset/S14M01/Real/26.wav,0,MEN,MEN-S14M01,TG:e4f3081165f64146,-36.28125,1,0.6508333333333334,1.7508677e-16
mendeley/extracted/Bangla Audio Dataset Original and DeepFake Voices for AI-Based Voice Analysis and Detection/Dataset/S14M01/Real/27.wav,0,MEN,MEN-S14M01,TG:48f08dcc529ee60c,-10.3515625,1,0.6008333333333333,3.1941818e-05
mendeley/extracted/Bangla Audio Dataset Original and DeepFake Voices for AI-Based Voice Analysis and Detection/Dataset/S14M01/Real/28.wav,0,MEN,MEN-S14M01,TG:c52489fd7002d612,-12.7578125,1,0.6008333333333333,2.8797258e-06
mendeley/extracted/Bangla Audio Dataset Original and DeepFake Voices for AI-Based Voice Analysis and Detection/Dataset/S14M01/Real/29.wav,0,MEN,MEN-S14M01,TG:f0d66e66e0df7a92,-16.578125,1,0.5008333333333334,6.3126514e-08
mendeley/extracted/Bangla Audio Dataset Original and DeepFake Voices for AI-Based Voice Analysis and Detection/Dataset/S14M01/Real/3.wav,0,MEN,MEN-S14M01,TG:1713efff55beeeec,-12.859375,1,0.6675,2.6016164e-06
mendeley/extracted/Bangla Audio Dataset Original and DeepFake Voices for AI-Based Voice Analysis and Detection/Dataset/S14M01/Real/30.wav,0,MEN,MEN-S14M01,TG:15ee6219b5d4aefc,-11.265625,1,0.5191666666666667,1.2805474e-05
mendeley/extracted/Bangla Audio Dataset Original and DeepFake Voices for AI-Based Voice Analysis and Detection/Dataset/S14M01/Real/4.wav,0,MEN,MEN-S14M01,TG:6a90890ed8f3955f,-18.734375,1,0.6841666666666666,7.3074236e-09
mendeley/extracted/Bangla Audio Dataset Original and DeepFake Voices for AI-Based Voice Analysis and Detection/Dataset/S14M01/Real/5.wav,0,MEN,MEN-S14M01,TG:0f6bba26ba2da7d1,-11.4765625,1,0.5675,1.0370214e-05
mendeley/extracted/Bangla Audio Dataset Original and DeepFake Voices for AI-Based Voice Analysis and Detection/Dataset/S14M01/Real/6.wav,0,MEN,MEN-S14M01,TG:30600448e8f6a33e,-18.90625,1,0.5841666666666667,6.153468e-09
mendeley/extracted/Bangla Audio Dataset Original and DeepFake Voices for AI-Based Voice Analysis and Detection/Dataset/S14M01/Real/7.wav,0,MEN,MEN-S14M01,TG:5008d9f4bdd80229,-21.25,1,0.5841666666666667,5.905304e-10
mendeley/extracted/Bangla Audio Dataset Original and DeepFake Voices for AI-Based Voice Analysis and Detection/Dataset/S14M01/Real/8.wav,0,MEN,MEN-S14M01,TG:33180cdc592d15ff,-18.796875,1,0.4508333333333333,6.8646897e-09
mendeley/extracted/Bangla Audio Dataset Original and DeepFake Voices for AI-Based Voice Analysis and Detection/Dataset/S14M01/Real/9.wav,0,MEN,MEN-S14M01,TG:c3296e2a9dc3f70a,-20.359375,1,0.6341666666666667,1.438917e-09
mendeley/extracted/Bangla Audio Dataset Original and DeepFake Voices for AI-Based Voice Analysis and Detection/Dataset/S14M03/Fake/1.wav,1,MEN,MEN-S14M03,TG:554ac7bf8ebb78f9,-10.0234375,1,0.5275000000000001,4.434627e-05
mendeley/extracted/Bangla Audio Dataset Original and DeepFake Voices for AI-Based Voice Analysis and Detection/Dataset/S14M03/Fake/10.wav,1,MEN,MEN-S14M03,TG:8b54a89dd6208789,-11.8359375,1,0.4925,7.2395997e-06
mendeley/extracted/Bangla Audio Dataset Original and DeepFake Voices for AI-Based Voice Analysis and Detection/Dataset/S14M03/Fake/11.wav,1,MEN,MEN-S14M03,TG:187c8b79a216637f,-13.390625,1,0.4908333333333333,1.529413e-06
mendeley/extracted/Bangla Audio Dataset Original and DeepFake Voices for AI-Based Voice Analysis and Detection/Dataset/S14M03/Fake/12.wav,1,MEN,MEN-S14M03,TG:a3f48c98819c7992,-11.65625,1,0.4791666666666666,8.664653e-06
mendeley/extracted/Bangla Audio Dataset Original and DeepFake Voices for AI-Based Voice Analysis and Detection/Dataset/S14M03/Fake/13.wav,1,MEN,MEN-S14M03,TG:1ca2e7b216e9ad9c,-10.7109375,1,0.5408333333333333,2.2299198e-05
mendeley/extracted/Bangla Audio Dataset Original and DeepFake Voices for AI-Based Voice Analysis and Detection/Dataset/S14M03/Fake/14.wav,1,MEN,MEN-S14M03,TG:d596eeae600d9af9,-13.9375,1,0.4058333333333334,8.8515685e-07
mendeley/extracted/Bangla Audio Dataset Original and DeepFake Voices for AI-Based Voice Analysis and Detection/Dataset/S14M03/Fake/15.wav,1,MEN,MEN-S14M03,TG:6ce41462058809da,-14.9453125,1,0.4741666666666666,3.2309717e-07
mendeley/extracted/Bangla Audio Dataset Original and DeepFake Voices for AI-Based Voice Analysis and Detection/Dataset/S14M03/Fake/16.wav,1,MEN,MEN-S14M03,TG:0314a002a6d89cd5,-14.03125,1,0.4508333333333333,8.059446e-07
mendeley/extracted/Bangla Audio Dataset Original and DeepFake Voices for AI-Based Voice Analysis and Detection/Dataset/S14M03/Fake/17.wav,1,MEN,MEN-S14M03,TG:ba557f5c9351a956,-10.953125,1,0.5041666666666667,1.7502925e-05
mendeley/extracted/Bangla Audio Dataset Original and DeepFake Voices for AI-Based Voice Analysis and Detection/Dataset/S14M03/Fake/18.wav,1,MEN,MEN-S14M03,TG:819cb431f0380259,-13.453125,1,0.3958333333333333,1.4367507e-06
mendeley/extracted/Bangla Audio Dataset Original and DeepFake Voices for AI-Based Voice Analysis and Detection/Dataset/S14M03/Fake/19.wav,1,MEN,MEN-S14M03,TG:e146e568c1caae0e,-12.9609375,1,0.3358333333333333,2.350365e-06
mendeley/extracted/Bangla Audio Dataset Original and DeepFake Voices for AI-Based Voice Analysis and Detection/Dataset/S14M03/Fake/2.wav,1,MEN,MEN-S14M03,TG:11aa99bdc903f9ab,-12.3359375,1,0.4375,4.391051e-06
mendeley/extracted/Bangla Audio Dataset Original and DeepFake Voices for AI-Based Voice Analysis and Detection/Dataset/S14M03/Fake/20.wav,1,MEN,MEN-S14M03,TG:3c3b71398788e916,-11.65625,1,0.5408333333333333,8.664653e-06
mendeley/extracted/Bangla Audio Dataset Original and DeepFake Voices for AI-Based Voice Analysis and Detection/Dataset/S14M03/Fake/21.wav,1,MEN,MEN-S14M03,TG:cfaf18d164b6d815,-14.71875,1,0.5558333333333334,4.0525453e-07
mendeley/extracted/Bangla Audio Dataset Original and DeepFake Voices for AI-Based Voice Analysis and Detection/Dataset/S14M03/Fake/22.wav,1,MEN,MEN-S14M03,TG:3e4341aa023d4a7a,-12.953125,1,0.5441666666666667,2.3687994e-06
mendeley/extracted/Bangla Audio Dataset Original and DeepFake Voices for AI-Based Voice Analysis and Detection/Dataset/S14M03/Fake/23.wav,1,MEN,MEN-S14M03,TG:7a8d04572a454b40,-13.96875,1,0.3158333333333333,8.5792345e-07
mendeley/extracted/Bangla Audio Dataset Original and DeepFake Voices for AI-Based Voice Analysis and Detection/Dataset/S14M03/Fake/24.wav,1,MEN,MEN-S14M03,TG:1b34ee3dbf78ac83,-9.5234375,1,0.4375,7.311254e-05
mendeley/extracted/Bangla Audio Dataset Original and DeepFake Voices for AI-Based Voice Analysis and Detection/Dataset/S14M03/Fake/25.wav,1,MEN,MEN-S14M03,TG:bfab293024be8394,-10.1328125,1,0.4125,3.9751925e-05
mendeley/extracted/Bangla Audio Dataset Original and DeepFake Voices for AI-Based Voice Analysis and Detection/Dataset/S14M03/Fake/26.wav,1,MEN,MEN-S14M03,TG:e4f3081165f64146,-8.15625,1,0.6091666666666666,0.0002868541
mendeley/extracted/Bangla Audio Dataset Original and DeepFake Voices for AI-Based Voice Analysis and Detection/Dataset/S14M03/Fake/27.wav,1,MEN,MEN-S14M03,TG:48f08dcc529ee60c,-10.2734375,1,0.5575,3.4537254e-05
mendeley/extracted/Bangla Audio Dataset Original and DeepFake Voices for AI-Based Voice Analysis and Detection/Dataset/S14M03/Fake/28.wav,1,MEN,MEN-S14M03,TG:c52489fd7002d612,-12.015625,1,0.5691666666666666,6.0489183e-06
mendeley/extracted/Bangla Audio Dataset Original and DeepFake Voices for AI-Based Voice Analysis and Detection/Dataset/S14M03/Fake/29.wav,1,MEN,MEN-S14M03,TG:f0d66e66e0df7a92,-7.8242188,1,0.5325,0.00039977106
mendeley/extracted/Bangla Audio Dataset Original and DeepFake Voices for AI-Based Voice Analysis and Detection/Dataset/S14M03/Fake/3.wav,1,MEN,MEN-S14M03,TG:1713efff55beeeec,-11.4140625,1,0.5275000000000001,1.1039027e-05
mendeley/extracted/Bangla Audio Dataset Original and DeepFake Voices for AI-Based Voice Analysis and Detection/Dataset/S14M03/Fake/30.wav,1,MEN,MEN-S14M03,TG:15ee6219b5d4aefc,-11.7890625,1,0.3641666666666666,7.587032e-06
mendeley/extracted/Bangla Audio Dataset Original and DeepFake Voices for AI-Based Voice Analysis and Detection/Dataset/S14M03/Fake/4.wav,1,MEN,MEN-S14M03,TG:6a90890ed8f3955f,-12.3828125,1,0.5341666666666667,4.1899716e-06
mendeley/extracted/Bangla Audio Dataset Original and DeepFake Voices for AI-Based Voice Analysis and Detection/Dataset/S14M03/Fake/5.wav,1,MEN,MEN-S14M03,TG:0f6bba26ba2da7d1,-10.03125,1,0.3691666666666666,4.4001183e-05
mendeley/extracted/Bangla Audio Dataset Original and DeepFake Voices for AI-Based Voice Analysis and Detection/Dataset/S14M03/Fake/6.wav,1,MEN,MEN-S14M03,TG:30600448e8f6a33e,-9.890625,1,0.3741666666666666,5.0644718e-05
mendeley/extracted/Bangla Audio Dataset Original and DeepFake Voices for AI-Based Voice Analysis and Detection/Dataset/S14M03/Fake/7.wav,1,MEN,MEN-S14M03,TG:5008d9f4bdd80229,0.6020508,1,0.5808333333333333,0.6461254
mendeley/extracted/Bangla Audio Dataset Original and DeepFake Voices for AI-Based Voice Analysis and Detection/Dataset/S14M03/Fake/8.wav,1,MEN,MEN-S14M03,TG:33180cdc592d15ff,-2.1503906,1,0.4575,0.104294725
mendeley/extracted/Bangla Audio Dataset Original and DeepFake Voices for AI-Based Voice Analysis and Detection/Dataset/S14M03/Fake/9.wav,1,MEN,MEN-S14M03,TG:c3296e2a9dc3f70a,-0.6015625,1,0.5058333333333334,0.3539863
mendeley/extracted/Bangla Audio Dataset Original and DeepFake Voices for AI-Based Voice Analysis and Detection/Dataset/S14M03/Real/1.wav,0,MEN,MEN-S14M03,TG:554ac7bf8ebb78f9,9.5234375,1,0.3675,0.9999269
mendeley/extracted/Bangla Audio Dataset Original and DeepFake Voices for AI-Based Voice Analysis and Detection/Dataset/S14M03/Real/10.wav,0,MEN,MEN-S14M03,TG:8b54a89dd6208789,5.6210938,1,0.6008333333333333,0.9963924
mendeley/extracted/Bangla Audio Dataset Original and DeepFake Voices for AI-Based Voice Analysis and Detection/Dataset/S14M03/Real/11.wav,0,MEN,MEN-S14M03,TG:187c8b79a216637f,8.09375,1,0.5341666666666667,0.9996947
mendeley/extracted/Bangla Audio Dataset Original and DeepFake Voices for AI-Based Voice Analysis and Detection/Dataset/S14M03/Real/12.wav,0,MEN,MEN-S14M03,TG:a3f48c98819c7992,-0.3605957,1,0.5841666666666667,0.4108154
mendeley/extracted/Bangla Audio Dataset Original and DeepFake Voices for AI-Based Voice Analysis and Detection/Dataset/S14M03/Real/13.wav,0,MEN,MEN-S14M03,TG:1ca2e7b216e9ad9c,6.578125,1,0.5008333333333334,0.99861145
mendeley/extracted/Bangla Audio Dataset Original and DeepFake Voices for AI-Based Voice Analysis and Detection/Dataset/S14M03/Real/14.wav,0,MEN,MEN-S14M03,TG:d596eeae600d9af9,2.0253906,1,0.6174999999999999,0.8834373
mendeley/extracted/Bangla Audio Dataset Original and DeepFake Voices for AI-Based Voice Analysis and Detection/Dataset/S14M03/Real/15.wav,0,MEN,MEN-S14M03,TG:6ce41462058809da,-0.3828125,1,0.6008333333333333,0.40544873
mendeley/extracted/Bangla Audio Dataset Original and DeepFake Voices for AI-Based Voice Analysis and Detection/Dataset/S14M03/Real/16.wav,0,MEN,MEN-S14M03,TG:0314a002a6d89cd5,6.6132812,1,0.6008333333333333,0.9986594
mendeley/extracted/Bangla Audio Dataset Original and DeepFake Voices for AI-Based Voice Analysis and Detection/Dataset/S14M03/Real/17.wav,0,MEN,MEN-S14M03,TG:ba557f5c9351a956,9.3828125,1,0.5508333333333333,0.99991584
mendeley/extracted/Bangla Audio Dataset Original and DeepFake Voices for AI-Based Voice Analysis and Detection/Dataset/S14M03/Real/18.wav,0,MEN,MEN-S14M03,TG:819cb431f0380259,7.7265625,1,0.5175000000000001,0.9995592
mendeley/extracted/Bangla Audio Dataset Original and DeepFake Voices for AI-Based Voice Analysis and Detection/Dataset/S14M03/Real/19.wav,0,MEN,MEN-S14M03,TG:e146e568c1caae0e,5.1054688,1,0.3508333333333333,0.9939731
mendeley/extracted/Bangla Audio Dataset Original and DeepFake Voices for AI-Based Voice Analysis and Detection/Dataset/S14M03/Real/2.wav,0,MEN,MEN-S14M03,TG:11aa99bdc903f9ab,10.328125,1,0.5508333333333333,0.99996734
mendeley/extracted/Bangla Audio Dataset Original and DeepFake Voices for AI-Based Voice Analysis and Detection/Dataset/S14M03/Real/20.wav,0,MEN,MEN-S14M03,TG:3c3b71398788e916,8.5,1,0.5675,0.99979657
mendeley/extracted/Bangla Audio Dataset Original and DeepFake Voices for AI-Based Voice Analysis and Detection/Dataset/S14M03/Real/21.wav,0,MEN,MEN-S14M03,TG:cfaf18d164b6d815,-1.34375,1,0.6174999999999999,0.20689407
mendeley/extracted/Bangla Audio Dataset Original and DeepFake Voices for AI-Based Voice Analysis and Detection/Dataset/S14M03/Real/22.wav,0,MEN,MEN-S14M03,TG:3e4341aa023d4a7a,8.4296875,1,0.6008333333333333,0.9997818
mendeley/extracted/Bangla Audio Dataset Original and DeepFake Voices for AI-Based Voice Analysis and Detection/Dataset/S14M03/Real/23.wav,0,MEN,MEN-S14M03,TG:7a8d04572a454b40,4.90625,1,0.5675,0.9926542
mendeley/extracted/Bangla Audio Dataset Original and DeepFake Voices for AI-Based Voice Analysis and Detection/Dataset/S14M03/Real/24.wav,0,MEN,MEN-S14M03,TG:1b34ee3dbf78ac83,4.9765625,1,0.5175000000000001,0.9931496
mendeley/extracted/Bangla Audio Dataset Original and DeepFake Voices for AI-Based Voice Analysis and Detection/Dataset/S14M03/Real/25.wav,0,MEN,MEN-S14M03,TG:bfab293024be8394,-1.2060547,1,0.4675,0.23039985
mendeley/extracted/Bangla Audio Dataset Original and DeepFake Voices for AI-Based Voice Analysis and Detection/Dataset/S14M03/Real/26.wav,0,MEN,MEN-S14M03,TG:e4f3081165f64146,3.3027344,1,0.5508333333333333,0.9645224
mendeley/extracted/Bangla Audio Dataset Original and DeepFake Voices for AI-Based Voice Analysis and Detection/Dataset/S14M03/Real/27.wav,0,MEN,MEN-S14M03,TG:48f08dcc529ee60c,1.234375,1,0.5675,0.7745834
mendeley/extracted/Bangla Audio Dataset Original and DeepFake Voices for AI-Based Voice Analysis and Detection/Dataset/S14M03/Real/28.wav,0,MEN,MEN-S14M03,TG:c52489fd7002d612,-4.34375,1,0.6341666666666667,0.012821215
mendeley/extracted/Bangla Audio Dataset Original and DeepFake Voices for AI-Based Voice Analysis and Detection/Dataset/S14M03/Real/29.wav,0,MEN,MEN-S14M03,TG:f0d66e66e0df7a92,2.0585938,1,0.5008333333333334,0.8868131
mendeley/extracted/Bangla Audio Dataset Original and DeepFake Voices for AI-Based Voice Analysis and Detection/Dataset/S14M03/Real/3.wav,0,MEN,MEN-S14M03,TG:1713efff55beeeec,7.59375,1,0.4508333333333333,0.9994967
mendeley/extracted/Bangla Audio Dataset Original and DeepFake Voices for AI-Based Voice Analysis and Detection/Dataset/S14M03/Real/30.wav,0,MEN,MEN-S14M03,TG:15ee6219b5d4aefc,2.8535156,1,0.4841666666666666,0.9455002
mendeley/extracted/Bangla Audio Dataset Original and DeepFake Voices for AI-Based Voice Analysis and Detection/Dataset/S14M03/Real/4.wav,0,MEN,MEN-S14M03,TG:6a90890ed8f3955f,0.64990234,1,0.4675,0.65698844
mendeley/extracted/Bangla Audio Dataset Original and DeepFake Voices for AI-Based Voice Analysis and Detection/Dataset/S14M03/Real/5.wav,0,MEN,MEN-S14M03,TG:0f6bba26ba2da7d1,8.1015625,1,0.3841666666666666,0.9996971
mendeley/extracted/Bangla Audio Dataset Original and DeepFake Voices for AI-Based Voice Analysis and Detection/Dataset/S14M03/Real/6.wav,0,MEN,MEN-S14M03,TG:30600448e8f6a33e,5.3671875,1,0.4841666666666666,0.9953544
mendeley/extracted/Bangla Audio Dataset Original and DeepFake Voices for AI-Based Voice Analysis and Detection/Dataset/S14M03/Real/7.wav,0,MEN,MEN-S14M03,TG:5008d9f4bdd80229,3.203125,1,0.5341666666666667,0.96095175
mendeley/extracted/Bangla Audio Dataset Original and DeepFake Voices for AI-Based Voice Analysis and Detection/Dataset/S14M03/Real/8.wav,0,MEN,MEN-S14M03,TG:33180cdc592d15ff,5.0703125,1,0.3841666666666666,0.9937588
mendeley/extracted/Bangla Audio Dataset Original and DeepFake Voices for AI-Based Voice Analysis and Detection/Dataset/S14M03/Real/9.wav,0,MEN,MEN-S14M03,TG:c3296e2a9dc3f70a,8.4609375,1,0.5675,0.99978846
mendeley/extracted/Bangla Audio Dataset Original and DeepFake Voices for AI-Based Voice Analysis and Detection/Dataset/S14M04/Fake/1.wav,1,MEN,MEN-S14M04,TG:554ac7bf8ebb78f9,-5.9648438,1,0.4908333333333333,0.0025608707
mendeley/extracted/Bangla Audio Dataset Original and DeepFake Voices for AI-Based Voice Analysis and Detection/Dataset/S14M04/Fake/10.wav,1,MEN,MEN-S14M04,TG:8b54a89dd6208789,-9.578125,1,0.5308333333333333,6.922184e-05
mendeley/extracted/Bangla Audio Dataset Original and DeepFake Voices for AI-Based Voice Analysis and Detection/Dataset/S14M04/Fake/11.wav,1,MEN,MEN-S14M04,TG:187c8b79a216637f,-8.078125,1,0.5475,0.000310156
mendeley/extracted/Bangla Audio Dataset Original and DeepFake Voices for AI-Based Voice Analysis and Detection/Dataset/S14M04/Fake/12.wav,1,MEN,MEN-S14M04,TG:a3f48c98819c7992,-13.4609375,1,0.4241666666666667,1.4255697e-06
mendeley/extracted/Bangla Audio Dataset Original and DeepFake Voices for AI-Based Voice Analysis and Detection/Dataset/S14M04/Fake/13.wav,1,MEN,MEN-S14M04,TG:1ca2e7b216e9ad9c,-13.2890625,1,0.5625,1.6929057e-06
mendeley/extracted/Bangla Audio Dataset Original and DeepFake Voices for AI-Based Voice Analysis and Detection/Dataset/S14M04/Fake/14.wav,1,MEN,MEN-S14M04,TG:d596eeae600d9af9,-6.7695312,1,0.4841666666666666,0.001146916
mendeley/extracted/Bangla Audio Dataset Original and DeepFake Voices for AI-Based Voice Analysis and Detection/Dataset/S14M04/Fake/15.wav,1,MEN,MEN-S14M04,TG:6ce41462058809da,-13.0,1,0.4841666666666666,2.2603244e-06
mendeley/extracted/Bangla Audio Dataset Original and DeepFake Voices for AI-Based Voice Analysis and Detection/Dataset/S14M04/Fake/16.wav,1,MEN,MEN-S14M04,TG:0314a002a6d89cd5,-15.9453125,1,0.4708333333333333,1.18860825e-07
mendeley/extracted/Bangla Audio Dataset Original and DeepFake Voices for AI-Based Voice Analysis and Detection/Dataset/S14M04/Fake/17.wav,1,MEN,MEN-S14M04,TG:ba557f5c9351a956,-12.4140625,1,0.4825,4.0610603e-06
mendeley/extracted/Bangla Audio Dataset Original and DeepFake Voices for AI-Based Voice Analysis and Detection/Dataset/S14M04/Fake/18.wav,1,MEN,MEN-S14M04,TG:819cb431f0380259,-13.0546875,1,0.3558333333333333,2.1400322e-06
mendeley/extracted/Bangla Audio Dataset Original and DeepFake Voices for AI-Based Voice Analysis and Detection/Dataset/S14M04/Fake/19.wav,1,MEN,MEN-S14M04,TG:e146e568c1caae0e,-11.28125,1,0.3625,1.2606946e-05
mendeley/extracted/Bangla Audio Dataset Original and DeepFake Voices for AI-Based Voice Analysis and Detection/Dataset/S14M04/Fake/2.wav,1,MEN,MEN-S14M04,TG:11aa99bdc903f9ab,-10.125,1,0.4475,4.0063696e-05
mendeley/extracted/Bangla Audio Dataset Original and DeepFake Voices for AI-Based Voice Analysis and Detection/Dataset/S14M04/Fake/20.wav,1,MEN,MEN-S14M04,TG:3c3b71398788e916,-12.9296875,1,0.4708333333333333,2.4249737e-06
mendeley/extracted/Bangla Audio Dataset Original and DeepFake Voices for AI-Based Voice Analysis and Detection/Dataset/S14M04/Fake/21.wav,1,MEN,MEN-S14M04,TG:cfaf18d164b6d815,0.5517578,1,0.5275000000000001,0.6345433
mendeley/extracted/Bangla Audio Dataset Original and DeepFake Voices for AI-Based Voice Analysis and Detection/Dataset/S14M04/Fake/22.wav,1,MEN,MEN-S14M04,TG:3e4341aa023d4a7a,-11.8828125,1,0.4941666666666666,6.908075e-06
mendeley/extracted/Bangla Audio Dataset Original and DeepFake Voices for AI-Based Voice Analysis and Detection/Dataset/S14M04/Fake/23.wav,1,MEN,MEN-S14M04,TG:7a8d04572a454b40,-17.953125,1,0.2441666666666666,1.5960882e-08
mendeley/extracted/Bangla Audio Dataset Original and DeepFake Voices for AI-Based Voice Analysis and Detection/Dataset/S14M04/Fake/24.wav,1,MEN,MEN-S14M04,TG:1b34ee3dbf78ac83,-7.7382812,1,0.4125,0.00043563018
mendeley/extracted/Bangla Audio Dataset Original and DeepFake Voices for AI-Based Voice Analysis and Detection/Dataset/S14M04/Fake/25.wav,1,MEN,MEN-S14M04,TG:bfab293024be8394,-11.4296875,1,0.4175,1.0867886e-05
mendeley/extracted/Bangla Audio Dataset Original and DeepFake Voices for AI-Based Voice Analysis and Detection/Dataset/S14M04/Fake/26.wav,1,MEN,MEN-S14M04,TG:e4f3081165f64146,-12.421875,1,0.5775,4.0294567e-06
mendeley/extracted/Bangla Audio Dataset Original and DeepFake Voices for AI-Based Voice Analysis and Detection/Dataset/S14M04/Fake/27.wav,1,MEN,MEN-S14M04,TG:48f08dcc529ee60c,-12.015625,1,0.4641666666666666,6.0489183e-06
mendeley/extracted/Bangla Audio Dataset Original and DeepFake Voices for AI-Based Voice Analysis and Detection/Dataset/S14M04/Fake/28.wav,1,MEN,MEN-S14M04,TG:c52489fd7002d612,-9.1484375,1,0.5974999999999999,0.00010637458
mendeley/extracted/Bangla Audio Dataset Original and DeepFake Voices for AI-Based Voice Analysis and Detection/Dataset/S14M04/Fake/29.wav,1,MEN,MEN-S14M04,TG:f0d66e66e0df7a92,4.2460938,1,0.5275000000000001,0.98588216
mendeley/extracted/Bangla Audio Dataset Original and DeepFake Voices for AI-Based Voice Analysis and Detection/Dataset/S14M04/Fake/3.wav,1,MEN,MEN-S14M04,TG:1713efff55beeeec,-6.34375,1,0.4991666666666666,0.0017546144
mendeley/extracted/Bangla Audio Dataset Original and DeepFake Voices for AI-Based Voice Analysis and Detection/Dataset/S14M04/Fake/30.wav,1,MEN,MEN-S14M04,TG:15ee6219b5d4aefc,-6.0,1,0.3974999999999999,0.0024726233
mendeley/extracted/Bangla Audio Dataset Original and DeepFake Voices for AI-Based Voice Analysis and Detection/Dataset/S14M04/Fake/4.wav,1,MEN,MEN-S14M04,TG:6a90890ed8f3955f,-11.421875,1,0.4758333333333333,1.0953124e-05
mendeley/extracted/Bangla Audio Dataset Original and DeepFake Voices for AI-Based Voice Analysis and Detection/Dataset/S14M04/Fake/5.wav,1,MEN,MEN-S14M04,TG:0f6bba26ba2da7d1,-11.984375,1,0.3874999999999999,6.2409304e-06
mendeley/extracted/Bangla Audio Dataset Original and DeepFake Voices for AI-Based Voice Analysis and Detection/Dataset/S14M04/Fake/6.wav,1,MEN,MEN-S14M04,TG:30600448e8f6a33e,-10.6796875,1,0.3808333333333333,2.3007036e-05
mendeley/extracted/Bangla Audio Dataset Original and DeepFake Voices for AI-Based Voice Analysis and Detection/Dataset/S14M04/Fake/7.wav,1,MEN,MEN-S14M04,TG:5008d9f4bdd80229,-8.34375,1,0.5241666666666667,0.00023782204
mendeley/extracted/Bangla Audio Dataset Original and DeepFake Voices for AI-Based Voice Analysis and Detection/Dataset/S14M04/Fake/8.wav,1,MEN,MEN-S14M04,TG:33180cdc592d15ff,-8.9609375,1,0.3208333333333333,0.00012830943
mendeley/extracted/Bangla Audio Dataset Original and DeepFake Voices for AI-Based Voice Analysis and Detection/Dataset/S14M04/Fake/9.wav,1,MEN,MEN-S14M04,TG:c3296e2a9dc3f70a,-0.37768555,1,0.5108333333333333,0.4066852
mendeley/extracted/Bangla Audio Dataset Original and DeepFake Voices for AI-Based Voice Analysis and Detection/Dataset/S14M04/Real/1.wav,0,MEN,MEN-S14M04,TG:554ac7bf8ebb78f9,-5.03125,1,0.3841666666666666,0.0064882697
mendeley/extracted/Bangla Audio Dataset Original and DeepFake Voices for AI-Based Voice Analysis and Detection/Dataset/S14M04/Real/10.wav,0,MEN,MEN-S14M04,TG:8b54a89dd6208789,7.1992188,1,0.4008333333333334,0.99925333
mendeley/extracted/Bangla Audio Dataset Original and DeepFake Voices for AI-Based Voice Analysis and Detection/Dataset/S14M04/Real/11.wav,0,MEN,MEN-S14M04,TG:187c8b79a216637f,-1.1113281,1,0.3508333333333333,0.24762337
mendeley/extracted/Bangla Audio Dataset Original and DeepFake Voices for AI-Based Voice Analysis and Detection/Dataset/S14M04/Real/12.wav,0,MEN,MEN-S14M04,TG:a3f48c98819c7992,-3.3300781,1,0.4175,0.034553625
mendeley/extracted/Bangla Audio Dataset Original and DeepFake Voices for AI-Based Voice Analysis and Detection/Dataset/S14M04/Real/13.wav,0,MEN,MEN-S14M04,TG:1ca2e7b216e9ad9c,-7.0117188,1,0.3841666666666666,0.0009004468
mendeley/extracted/Bangla Audio Dataset Original and DeepFake Voices for AI-Based Voice Analysis and Detection/Dataset/S14M04/Real/14.wav,0,MEN,MEN-S14M04,TG:d596eeae600d9af9,-4.140625,1,0.4175,0.015663648
mendeley/extracted/Bangla Audio Dataset Original and DeepFake Voices for AI-Based Voice Analysis and Detection/Dataset/S14M04/Real/15.wav,0,MEN,MEN-S14M04,TG:6ce41462058809da,-6.171875,1,0.4508333333333333,0.0020829707
mendeley/extracted/Bangla Audio Dataset Original and DeepFake Voices for AI-Based Voice Analysis and Detection/Dataset/S14M04/Real/16.wav,0,MEN,MEN-S14M04,TG:0314a002a6d89cd5,-2.3652344,1,0.3508333333333333,0.08586246
mendeley/extracted/Bangla Audio Dataset Original and DeepFake Voices for AI-Based Voice Analysis and Detection/Dataset/S14M04/Real/17.wav,0,MEN,MEN-S14M04,TG:ba557f5c9351a956,-5.171875,1,0.4008333333333334,0.0056419084
mendeley/extracted/Bangla Audio Dataset Original and DeepFake Voices for AI-Based Voice Analysis and Detection/Dataset/S14M04/Real/18.wav,0,MEN,MEN-S14M04,TG:819cb431f0380259,-9.546875,1,0.3841666666666666,7.141901e-05
mendeley/extracted/Bangla Audio Dataset Original and DeepFake Voices for AI-Based Voice Analysis and Detection/Dataset/S14M04/Real/19.wav,0,MEN,MEN-S14M04,TG:e146e568c1caae0e,-3.8945312,1,0.3508333333333333,0.019946935
mendeley/extracted/Bangla Audio Dataset Original and DeepFake Voices for AI-Based Voice Analysis and Detection/Dataset/S14M04/Real/2.wav,0,MEN,MEN-S14M04,TG:11aa99bdc903f9ab,6.3828125,1,0.3508333333333333,0.9983125
mendeley/extracted/Bangla Audio Dataset Original and DeepFake Voices for AI-Based Voice Analysis and Detection/Dataset/S14M04/Real/20.wav,0,MEN,MEN-S14M04,TG:3c3b71398788e916,-1.3759766,1,0.3675,0.20165595
mendeley/extracted/Bangla Audio Dataset Original and DeepFake Voices for AI-Based Voice Analysis and Detection/Dataset/S14M04/Real/21.wav,0,MEN,MEN-S14M04,TG:cfaf18d164b6d815,-10.4453125,1,0.3341666666666666,2.908344e-05
mendeley/extracted/Bangla Audio Dataset Original and DeepFake Voices for AI-Based Voice Analysis and Detection/Dataset/S14M04/Real/22.wav,0,MEN,MEN-S14M04,TG:3e4341aa023d4a7a,-6.953125,1,0.3675,0.0009547317
mendeley/extracted/Bangla Audio Dataset Original and DeepFake Voices for AI-Based Voice Analysis and Detection/Dataset/S14M04/Real/23.wav,0,MEN,MEN-S14M04,TG:7a8d04572a454b40,-7.9414062,1,0.4341666666666667,0.00035557942
mendeley/extracted/Bangla Audio Dataset Original and DeepFake Voices for AI-Based Voice Analysis and Detection/Dataset/S14M04/Real/24.wav,0,MEN,MEN-S14M04,TG:1b34ee3dbf78ac83,-8.53125,1,0.3841666666666666,0.00019716943
mendeley/extracted/Bangla Audio Dataset Original and DeepFake Voices for AI-Based Voice Analysis and Detection/Dataset/S14M04/Real/25.wav,0,MEN,MEN-S14M04,TG:bfab293024be8394,-8.09375,1,0.3341666666666666,0.00030534892
mendeley/extracted/Bangla Audio Dataset Original and DeepFake Voices for AI-Based Voice Analysis and Detection/Dataset/S14M04/Real/26.wav,0,MEN,MEN-S14M04,TG:e4f3081165f64146,-6.421875,1,0.4675,0.0016229671
mendeley/extracted/Bangla Audio Dataset Original and DeepFake Voices for AI-Based Voice Analysis and Detection/Dataset/S14M04/Real/27.wav,0,MEN,MEN-S14M04,TG:48f08dcc529ee60c,-5.4414062,1,0.3841666666666666,0.004314688
mendeley/extracted/Bangla Audio Dataset Original and DeepFake Voices for AI-Based Voice Analysis and Detection/Dataset/S14M04/Real/28.wav,0,MEN,MEN-S14M04,TG:c52489fd7002d612,-8.6953125,1,0.3841666666666666,0.00016734052
mendeley/extracted/Bangla Audio Dataset Original and DeepFake Voices for AI-Based Voice Analysis and Detection/Dataset/S14M04/Real/29.wav,0,MEN,MEN-S14M04,TG:f0d66e66e0df7a92,-10.2734375,1,0.3508333333333333,3.4537254e-05
mendeley/extracted/Bangla Audio Dataset Original and DeepFake Voices for AI-Based Voice Analysis and Detection/Dataset/S14M04/Real/3.wav,0,MEN,MEN-S14M04,TG:1713efff55beeeec,8.359375,1,0.3841666666666666,0.9997658
mendeley/extracted/Bangla Audio Dataset Original and DeepFake Voices for AI-Based Voice Analysis and Detection/Dataset/S14M04/Real/30.wav,0,MEN,MEN-S14M04,TG:15ee6219b5d4aefc,-10.59375,1,0.4508333333333333,2.5071593e-05
mendeley/extracted/Bangla Audio Dataset Original and DeepFake Voices for AI-Based Voice Analysis and Detection/Dataset/S14M04/Real/4.wav,0,MEN,MEN-S14M04,TG:6a90890ed8f3955f,8.3515625,1,0.3675,0.999764
mendeley/extracted/Bangla Audio Dataset Original and DeepFake Voices for AI-Based Voice Analysis and Detection/Dataset/S14M04/Real/5.wav,0,MEN,MEN-S14M04,TG:0f6bba26ba2da7d1,4.875,1,0.3675,0.99242276
mendeley/extracted/Bangla Audio Dataset Original and DeepFake Voices for AI-Based Voice Analysis and Detection/Dataset/S14M04/Real/6.wav,0,MEN,MEN-S14M04,TG:30600448e8f6a33e,5.671875,1,0.3008333333333333,0.99657035
mendeley/extracted/Bangla Audio Dataset Original and DeepFake Voices for AI-Based Voice Analysis and Detection/Dataset/S14M04/Real/7.wav,0,MEN,MEN-S14M04,TG:5008d9f4bdd80229,4.0703125,1,0.4175,0.9832145
mendeley/extracted/Bangla Audio Dataset Original and DeepFake Voices for AI-Based Voice Analysis and Detection/Dataset/S14M04/Real/8.wav,0,MEN,MEN-S14M04,TG:33180cdc592d15ff,5.5546875,1,0.3341666666666666,0.9961456
mendeley/extracted/Bangla Audio Dataset Original and DeepFake Voices for AI-Based Voice Analysis and Detection/Dataset/S14M04/Real/9.wav,0,MEN,MEN-S14M04,TG:c3296e2a9dc3f70a,6.703125,1,0.3675,0.99877447
mendeley/extracted/Bangla Audio Dataset Original and DeepFake Voices for AI-Based Voice Analysis and Detection/Dataset/S14M05/Fake/1.wav,1,MEN,MEN-S14M05,TG:554ac7bf8ebb78f9,-6.3632812,1,0.4941666666666666,0.0017207355
mendeley/extracted/Bangla Audio Dataset Original and DeepFake Voices for AI-Based Voice Analysis and Detection/Dataset/S14M05/Fake/10.wav,1,MEN,MEN-S14M05,TG:8b54a89dd6208789,-15.5234375,1,0.5375,1.8124108e-07
mendeley/extracted/Bangla Audio Dataset Original and DeepFake Voices for AI-Based Voice Analysis and Detection/Dataset/S14M05/Fake/11.wav,1,MEN,MEN-S14M05,TG:187c8b79a216637f,-10.03125,1,0.5041666666666667,4.4001183e-05
mendeley/extracted/Bangla Audio Dataset Original and DeepFake Voices for AI-Based Voice Analysis and Detection/Dataset/S14M05/Fake/12.wav,1,MEN,MEN-S14M05,TG:a3f48c98819c7992,-11.7265625,1,0.4208333333333333,8.076349e-06
mendeley/extracted/Bangla Audio Dataset Original and DeepFake Voices for AI-Based Voice Analysis and Detection/Dataset/S14M05/Fake/13.wav,1,MEN,MEN-S14M05,TG:1ca2e7b216e9ad9c,-8.953125,1,0.5375,0.00012931564
mendeley/extracted/Bangla Audio Dataset Original and DeepFake Voices for AI-Based Voice Analysis and Detection/Dataset/S14M05/Fake/14.wav,1,MEN,MEN-S14M05,TG:d596eeae600d9af9,-9.5,1,0.4358333333333333,7.4846226e-05
mendeley/extracted/Bangla Audio Dataset Original and DeepFake Voices for AI-Based Voice Analysis and Detection/Dataset/S14M05/Fake/15.wav,1,MEN,MEN-S14M05,TG:6ce41462058809da,-13.34375,1,0.4591666666666666,1.602811e-06
mendeley/extracted/Bangla Audio Dataset Original and DeepFake Voices for AI-Based Voice Analysis and Detection/Dataset/S14M05/Fake/16.wav,1,MEN,MEN-S14M05,TG:0314a002a6d89cd5,-15.2109375,1,0.4041666666666667,2.477272e-07
mendeley/extracted/Bangla Audio Dataset Original and DeepFake Voices for AI-Based Voice Analysis and Detection/Dataset/S14M05/Fake/17.wav,1,MEN,MEN-S14M05,TG:ba557f5c9351a956,-12.1484375,1,0.4941666666666666,5.2966147e-06
mendeley/extracted/Bangla Audio Dataset Original and DeepFake Voices for AI-Based Voice Analysis and Detection/Dataset/S14M05/Fake/18.wav,1,MEN,MEN-S14M05,TG:819cb431f0380259,-14.6640625,1,0.4441666666666667,4.2803413e-07
mendeley/extracted/Bangla Audio Dataset Original and DeepFake Voices for AI-Based Voice Analysis and Detection/Dataset/S14M05/Fake/19.wav,1,MEN,MEN-S14M05,TG:e146e568c1caae0e,-14.859375,1,0.3708333333333333,3.520913e-07
mendeley/extracted/Bangla Audio Dataset Original and DeepFake Voices for AI-Based Voice Analysis and Detection/Dataset/S14M05/Fake/2.wav,1,MEN,MEN-S14M05,TG:11aa99bdc903f9ab,-12.8203125,1,0.4525,2.7052529e-06
mendeley/extracted/Bangla Audio Dataset Original and DeepFake Voices for AI-Based Voice Analysis and Detection/Dataset/S14M05/Fake/20.wav,1,MEN,MEN-S14M05,TG:3c3b71398788e916,-15.5703125,1,0.4691666666666666,1.7294147e-07
mendeley/extracted/Bangla Audio Dataset Original and DeepFake Voices for AI-Based Voice Analysis and Detection/Dataset/S14M05/Fake/21.wav,1,MEN,MEN-S14M05,TG:cfaf18d164b6d815,-4.8125,1,0.5341666666666667,0.008061992
mendeley/extracted/Bangla Audio Dataset Original and DeepFake Voices for AI-Based Voice Analysis and Detection/Dataset/S14M05/Fake/22.wav,1,MEN,MEN-S14M05,TG:3e4341aa023d4a7a,-11.1015625,1,0.5125,1.5088502e-05
mendeley/extracted/Bangla Audio Dataset Original and DeepFake Voices for AI-Based Voice Analysis and Detection/Dataset/S14M05/Fake/23.wav,1,MEN,MEN-S14M05,TG:7a8d04572a454b40,-12.1328125,1,0.2925,5.3800236e-06
mendeley/extracted/Bangla Audio Dataset Original and DeepFake Voices for AI-Based Voice Analysis and Detection/Dataset/S14M05/Fake/24.wav,1,MEN,MEN-S14M05,TG:1b34ee3dbf78ac83,-9.296875,1,0.4325,9.1701964e-05
mendeley/extracted/Bangla Audio Dataset Original and DeepFake Voices for AI-Based Voice Analysis and Detection/Dataset/S14M05/Fake/25.wav,1,MEN,MEN-S14M05,TG:bfab293024be8394,-11.2890625,1,0.4308333333333333,1.2508841e-05
mendeley/extracted/Bangla Audio Dataset Original and DeepFake Voices for AI-Based Voice Analysis and Detection/Dataset/S14M05/Fake/26.wav,1,MEN,MEN-S14M05,TG:e4f3081165f64146,-10.015625,1,0.5508333333333333,4.4694076e-05
mendeley/extracted/Bangla Audio Dataset Original and DeepFake Voices for AI-Based Voice Analysis and Detection/Dataset/S14M05/Fake/27.wav,1,MEN,MEN-S14M05,TG:48f08dcc529ee60c,-7.0390625,1,0.4758333333333333,0.00087618
mendeley/extracted/Bangla Audio Dataset Original and DeepFake Voices for AI-Based Voice Analysis and Detection/Dataset/S14M05/Fake/28.wav,1,MEN,MEN-S14M05,TG:c52489fd7002d612,-7.6015625,1,0.5525,0.0004994205
mendeley/extracted/Bangla Audio Dataset Original and DeepFake Voices for AI-Based Voice Analysis and Detection/Dataset/S14M05/Fake/29.wav,1,MEN,MEN-S14M05,TG:f0d66e66e0df7a92,-6.4257812,1,0.5108333333333333,0.0016166499
mendeley/extracted/Bangla Audio Dataset Original and DeepFake Voices for AI-Based Voice Analysis and Detection/Dataset/S14M05/Fake/3.wav,1,MEN,MEN-S14M05,TG:1713efff55beeeec,-11.0625,1,0.5108333333333333,1.568955e-05
mendeley/extracted/Bangla Audio Dataset Original and DeepFake Voices for AI-Based Voice Analysis and Detection/Dataset/S14M05/Fake/30.wav,1,MEN,MEN-S14M05,TG:15ee6219b5d4aefc,-10.953125,1,0.3441666666666666,1.7502925e-05
mendeley/extracted/Bangla Audio Dataset Original and DeepFake Voices for AI-Based Voice Analysis and Detection/Dataset/S14M05/Fake/4.wav,1,MEN,MEN-S14M05,TG:6a90890ed8f3955f,-11.2890625,1,0.5441666666666667,1.2508841e-05
mendeley/extracted/Bangla Audio Dataset Original and DeepFake Voices for AI-Based Voice Analysis and Detection/Dataset/S14M05/Fake/5.wav,1,MEN,MEN-S14M05,TG:0f6bba26ba2da7d1,-7.5351562,1,0.3774999999999999,0.00053369283
mendeley/extracted/Bangla Audio Dataset Original and DeepFake Voices for AI-Based Voice Analysis and Detection/Dataset/S14M05/Fake/6.wav,1,MEN,MEN-S14M05,TG:30600448e8f6a33e,-9.734375,1,0.3874999999999999,5.9209164e-05
mendeley/extracted/Bangla Audio Dataset Original and DeepFake Voices for AI-Based Voice Analysis and Detection/Dataset/S14M05/Fake/7.wav,1,MEN,MEN-S14M05,TG:5008d9f4bdd80229,-6.6523438,1,0.5708333333333333,0.0012893284
mendeley/extracted/Bangla Audio Dataset Original and DeepFake Voices for AI-Based Voice Analysis and Detection/Dataset/S14M05/Fake/8.wav,1,MEN,MEN-S14M05,TG:33180cdc592d15ff,-3.65625,1,0.4041666666666667,0.02517884
mendeley/extracted/Bangla Audio Dataset Original and DeepFake Voices for AI-Based Voice Analysis and Detection/Dataset/S14M05/Fake/9.wav,1,MEN,MEN-S14M05,TG:c3296e2a9dc3f70a,4.40625,1,0.5358333333333334,0.9879462
mendeley/extracted/Bangla Audio Dataset Original and DeepFake Voices for AI-Based Voice Analysis and Detection/Dataset/S14M05/Real/1.wav,0,MEN,MEN-S14M05,TG:554ac7bf8ebb78f9,14.5703125,1,0.4675,0.9999995
mendeley/extracted/Bangla Audio Dataset Original and DeepFake Voices for AI-Based Voice Analysis and Detection/Dataset/S14M05/Real/10.wav,0,MEN,MEN-S14M05,TG:8b54a89dd6208789,5.4648438,1,0.5008333333333334,0.9957848
mendeley/extracted/Bangla Audio Dataset Original and DeepFake Voices for AI-Based Voice Analysis and Detection/Dataset/S14M05/Real/11.wav,0,MEN,MEN-S14M05,TG:187c8b79a216637f,12.9140625,1,0.5175000000000001,0.9999975
mendeley/extracted/Bangla Audio Dataset Original and DeepFake Voices for AI-Based Voice Analysis and Detection/Dataset/S14M05/Real/12.wav,0,MEN,MEN-S14M05,TG:a3f48c98819c7992,8.734375,1,0.5175000000000001,0.99983907
mendeley/extracted/Bangla Audio Dataset Original and DeepFake Voices for AI-Based Voice Analysis and Detection/Dataset/S14M05/Real/13.wav,0,MEN,MEN-S14M05,TG:1ca2e7b216e9ad9c,11.2265625,1,0.4508333333333333,0.99998665
mendeley/extracted/Bangla Audio Dataset Original and DeepFake Voices for AI-Based Voice Analysis and Detection/Dataset/S14M05/Real/14.wav,0,MEN,MEN-S14M05,TG:d596eeae600d9af9,7.9921875,1,0.4175,0.99966204
mendeley/extracted/Bangla Audio Dataset Original and DeepFake Voices for AI-Based Voice Analysis and Detection/Dataset/S14M05/Real/15.wav,0,MEN,MEN-S14M05,TG:6ce41462058809da,6.4765625,1,0.4675,0.9984633
mendeley/extracted/Bangla Audio Dataset Original and DeepFake Voices for AI-Based Voice Analysis and Detection/Dataset/S14M05/Real/16.wav,0,MEN,MEN-S14M05,TG:0314a002a6d89cd5,8.96875,1,0.4508333333333333,0.9998727
mendeley/extracted/Bangla Audio Dataset Original and DeepFake Voices for AI-Based Voice Analysis and Detection/Dataset/S14M05/Real/17.wav,0,MEN,MEN-S14M05,TG:ba557f5c9351a956,6.34375,1,0.5175000000000001,0.99824536
mendeley/extracted/Bangla Audio Dataset Original and DeepFake Voices for AI-Based Voice Analysis and Detection/Dataset/S14M05/Real/18.wav,0,MEN,MEN-S14M05,TG:819cb431f0380259,8.3125,1,0.4508333333333333,0.9997546
mendeley/extracted/Bangla Audio Dataset Original and DeepFake Voices for AI-Based Voice Analysis and Detection/Dataset/S14M05/Real/19.wav,0,MEN,MEN-S14M05,TG:e146e568c1caae0e,2.46875,1,0.3841666666666666,0.9219218
mendeley/extracted/Bangla Audio Dataset Original and DeepFake Voices for AI-Based Voice Analysis and Detection/Dataset/S14M05/Real/2.wav,0,MEN,MEN-S14M05,TG:11aa99bdc903f9ab,9.96875,1,0.5175000000000001,0.99995315
mendeley/extracted/Bangla Audio Dataset Original and DeepFake Voices for AI-Based Voice Analysis and Detection/Dataset/S14M05/Real/20.wav,0,MEN,MEN-S14M05,TG:3c3b71398788e916,8.6484375,1,0.5008333333333334,0.9998247
mendeley/extracted/Bangla Audio Dataset Original and DeepFake Voices for AI-Based Voice Analysis and Detection/Dataset/S14M05/Real/21.wav,0,MEN,MEN-S14M05,TG:cfaf18d164b6d815,9.125,1,0.5008333333333334,0.99989104
mendeley/extracted/Bangla Audio Dataset Original and DeepFake Voices for AI-Based Voice Analysis and Detection/Dataset/S14M05/Real/22.wav,0,MEN,MEN-S14M05,TG:3e4341aa023d4a7a,11.53125,1,0.4675,0.9999902
mendeley/extracted/Bangla Audio Dataset Original and DeepFake Voices for AI-Based Voice Analysis and Detection/Dataset/S14M05/Real/23.wav,0,MEN,MEN-S14M05,TG:7a8d04572a454b40,10.2421875,1,0.5008333333333334,0.99996436
mendeley/extracted/Bangla Audio Dataset Original and DeepFake Voices for AI-Based Voice Analysis and Detection/Dataset/S14M05/Real/24.wav,0,MEN,MEN-S14M05,TG:1b34ee3dbf78ac83,7.9414062,1,0.3675,0.9996444
mendeley/extracted/Bangla Audio Dataset Original and DeepFake Voices for AI-Based Voice Analysis and Detection/Dataset/S14M05/Real/25.wav,0,MEN,MEN-S14M05,TG:bfab293024be8394,1.5058594,1,0.3508333333333333,0.81844676
mendeley/extracted/Bangla Audio Dataset Original and DeepFake Voices for AI-Based Voice Analysis and Detection/Dataset/S14M05/Real/26.wav,0,MEN,MEN-S14M05,TG:e4f3081165f64146,12.515625,1,0.5008333333333334,0.9999963
mendeley/extracted/Bangla Audio Dataset Original and DeepFake Voices for AI-Based Voice Analysis and Detection/Dataset/S14M05/Real/27.wav,0,MEN,MEN-S14M05,TG:48f08dcc529ee60c,9.6484375,1,0.4341666666666667,0.9999355
mendeley/extracted/Bangla Audio Dataset Original and DeepFake Voices for AI-Based Voice Analysis and Detection/Dataset/S14M05/Real/28.wav,0,MEN,MEN-S14M05,TG:c52489fd7002d612,9.5078125,1,0.5008333333333334,0.99992573
mendeley/extracted/Bangla Audio Dataset Original and DeepFake Voices for AI-Based Voice Analysis and Detection/Dataset/S14M05/Real/29.wav,0,MEN,MEN-S14M05,TG:f0d66e66e0df7a92,10.7734375,1,0.3675,0.999979
mendeley/extracted/Bangla Audio Dataset Original and DeepFake Voices for AI-Based Voice Analysis and Detection/Dataset/S14M05/Real/3.wav,0,MEN,MEN-S14M05,TG:1713efff55beeeec,11.0,1,0.6008333333333333,0.9999833
mendeley/extracted/Bangla Audio Dataset Original and DeepFake Voices for AI-Based Voice Analysis and Detection/Dataset/S14M05/Real/30.wav,0,MEN,MEN-S14M05,TG:15ee6219b5d4aefc,2.6992188,1,0.3675,0.93698055
mendeley/extracted/Bangla Audio Dataset Original and DeepFake Voices for AI-Based Voice Analysis and Detection/Dataset/S14M05/Real/4.wav,0,MEN,MEN-S14M05,TG:6a90890ed8f3955f,6.9375,1,0.5008333333333334,0.99903023
mendeley/extracted/Bangla Audio Dataset Original and DeepFake Voices for AI-Based Voice Analysis and Detection/Dataset/S14M05/Real/5.wav,0,MEN,MEN-S14M05,TG:0f6bba26ba2da7d1,4.0859375,1,0.4841666666666666,0.9834705
mendeley/extracted/Bangla Audio Dataset Original and DeepFake Voices for AI-Based Voice Analysis and Detection/Dataset/S14M05/Real/6.wav,0,MEN,MEN-S14M05,TG:30600448e8f6a33e,8.6484375,1,0.3508333333333333,0.9998247
mendeley/extracted/Bangla Audio Dataset Original and DeepFake Voices for AI-Based Voice Analysis and Detection/Dataset/S14M05/Real/7.wav,0,MEN,MEN-S14M05,TG:5008d9f4bdd80229,12.578125,1,0.5008333333333334,0.99999654
mendeley/extracted/Bangla Audio Dataset Original and DeepFake Voices for AI-Based Voice Analysis and Detection/Dataset/S14M05/Real/8.wav,0,MEN,MEN-S14M05,TG:33180cdc592d15ff,10.8984375,1,0.4008333333333334,0.9999815
mendeley/extracted/Bangla Audio Dataset Original and DeepFake Voices for AI-Based Voice Analysis and Detection/Dataset/S14M05/Real/9.wav,0,MEN,MEN-S14M05,TG:c3296e2a9dc3f70a,14.4921875,1,0.4841666666666666,0.9999995
mendeley/extracted/Bangla Audio Dataset Original and DeepFake Voices for AI-Based Voice Analysis and Detection/Dataset/S15F01/Fake/1.wav,1,MEN,MEN-S15F01,TG:7cde72383f2577d5,-14.8515625,1,0.5408333333333333,3.548528e-07
mendeley/extracted/Bangla Audio Dataset Original and DeepFake Voices for AI-Based Voice Analysis and Detection/Dataset/S15F01/Fake/10.wav,1,MEN,MEN-S15F01,TG:e0e70a0638fc6f97,-8.46875,1,0.5275000000000001,0.0002098831
mendeley/extracted/Bangla Audio Dataset Original and DeepFake Voices for AI-Based Voice Analysis and Detection/Dataset/S15F01/Fake/11.wav,1,MEN,MEN-S15F01,TG:57413348d842a70d,-8.21875,1,0.4925,0.00026947918
mendeley/extracted/Bangla Audio Dataset Original and DeepFake Voices for AI-Based Voice Analysis and Detection/Dataset/S15F01/Fake/12.wav,1,MEN,MEN-S15F01,TG:2a803e07ad46d5c2,-12.8515625,1,0.4775,2.6220212e-06
mendeley/extracted/Bangla Audio Dataset Original and DeepFake Voices for AI-Based Voice Analysis and Detection/Dataset/S15F01/Fake/13.wav,1,MEN,MEN-S15F01,TG:5c21d947a8657c9f,-13.4765625,1,0.5458333333333334,1.4034684e-06
mendeley/extracted/Bangla Audio Dataset Original and DeepFake Voices for AI-Based Voice Analysis and Detection/Dataset/S15F01/Fake/14.wav,1,MEN,MEN-S15F01,TG:2d3ba8e149e931db,-18.328125,1,0.5341666666666667,1.0969743e-08
mendeley/extracted/Bangla Audio Dataset Original and DeepFake Voices for AI-Based Voice Analysis and Detection/Dataset/S15F01/Fake/15.wav,1,MEN,MEN-S15F01,TG:3d0c9b90dd636b05,-14.3671875,1,0.3941666666666666,5.759828e-07
mendeley/extracted/Bangla Audio Dataset Original and DeepFake Voices for AI-Based Voice Analysis and Detection/Dataset/S15F01/Fake/16.wav,1,MEN,MEN-S15F01,TG:835a2229be98dadf,-18.6875,1,0.4558333333333333,7.658115e-09
mendeley/extracted/Bangla Audio Dataset Original and DeepFake Voices for AI-Based Voice Analysis and Detection/Dataset/S15F01/Fake/17.wav,1,MEN,MEN-S15F01,TG:feba50ba85a1ba08,-12.125,1,0.5158333333333334,5.4222187e-06
mendeley/extracted/Bangla Audio Dataset Original and DeepFake Voices for AI-Based Voice Analysis and Detection/Dataset/S15F01/Fake/18.wav,1,MEN,MEN-S15F01,TG:d8eb3171b7a6a33b,-12.4921875,1,0.6225,3.7558677e-06
mendeley/extracted/Bangla Audio Dataset Original and DeepFake Voices for AI-Based Voice Analysis and Detection/Dataset/S15F01/Fake/19.wav,1,MEN,MEN-S15F01,TG:a5e8c7f1e51636dc,-18.65625,1,0.4141666666666667,7.9012095e-09
mendeley/extracted/Bangla Audio Dataset Original and DeepFake Voices for AI-Based Voice Analysis and Detection/Dataset/S15F01/Fake/2.wav,1,MEN,MEN-S15F01,TG:a6f69864408b9071,-14.171875,1,0.4008333333333334,7.0021684e-07
mendeley/extracted/Bangla Audio Dataset Original and DeepFake Voices for AI-Based Voice Analysis and Detection/Dataset/S15F01/Fake/20.wav,1,MEN,MEN-S15F01,TG:9426037c3514ba5e,-13.8203125,1,0.4925,9.952086e-07
mendeley/extracted/Bangla Audio Dataset Original and DeepFake Voices for AI-Based Voice Analysis and Detection/Dataset/S15F01/Fake/21.wav,1,MEN,MEN-S15F01,TG:e0ce6b84c16d1ca7,-15.7421875,1,0.5875,1.4563133e-07
mendeley/extracted/Bangla Audio Dataset Original and DeepFake Voices for AI-Based Voice Analysis and Detection/Dataset/S15F01/Fake/22.wav,1,MEN,MEN-S15F01,TG:d8d1aa4cc233d982,-17.25,1,0.5275000000000001,3.2241868e-08
mendeley/extracted/Bangla Audio Dataset Original and DeepFake Voices for AI-Based Voice Analysis and Detection/Dataset/S15F01/Fake/23.wav,1,MEN,MEN-S15F01,TG:6c85555d30e57a51,-12.6640625,1,0.4041666666666667,3.1627599e-06
mendeley/extracted/Bangla Audio Dataset Original and DeepFake Voices for AI-Based Voice Analysis and Detection/Dataset/S15F01/Fake/24.wav,1,MEN,MEN-S15F01,TG:64d212587b02f93b,-13.71875,1,0.4908333333333333,1.1015954e-06
mendeley/extracted/Bangla Audio Dataset Original and DeepFake Voices for AI-Based Voice Analysis and Detection/Dataset/S15F01/Fake/25.wav,1,MEN,MEN-S15F01,TG:5797f71db21fe749,-9.0546875,1,0.4191666666666667,0.0001168284
mendeley/extracted/Bangla Audio Dataset Original and DeepFake Voices for AI-Based Voice Analysis and Detection/Dataset/S15F01/Fake/26.wav,1,MEN,MEN-S15F01,TG:d3dc3aa303de9710,-10.7578125,1,0.6425000000000001,2.1278067e-05
mendeley/extracted/Bangla Audio Dataset Original and DeepFake Voices for AI-Based Voice Analysis and Detection/Dataset/S15F01/Fake/27.wav,1,MEN,MEN-S15F01,TG:3c2f522a40b2526e,-15.34375,1,0.5791666666666666,2.1691717e-07
mendeley/extracted/Bangla Audio Dataset Original and DeepFake Voices for AI-Based Voice Analysis and Detection/Dataset/S15F01/Fake/28.wav,1,MEN,MEN-S15F01,TG:4f9d2742e8afd15d,-8.5078125,1,0.5458333333333334,0.00020184422
mendeley/extracted/Bangla Audio Dataset Original and DeepFake Voices for AI-Based Voice Analysis and Detection/Dataset/S15F01/Fake/29.wav,1,MEN,MEN-S15F01,TG:f7be3e37759f090e,-15.6328125,1,0.4641666666666666,1.6246348e-07
mendeley/extracted/Bangla Audio Dataset Original and DeepFake Voices for AI-Based Voice Analysis and Detection/Dataset/S15F01/Fake/3.wav,1,MEN,MEN-S15F01,TG:62cf48bac7954805,-11.8671875,1,0.5825,7.016861e-06
mendeley/extracted/Bangla Audio Dataset Original and DeepFake Voices for AI-Based Voice Analysis and Detection/Dataset/S15F01/Fake/30.wav,1,MEN,MEN-S15F01,TG:88f39ecf44831133,-14.96875,1,0.5225,3.1561262e-07
mendeley/extracted/Bangla Audio Dataset Original and DeepFake Voices for AI-Based Voice Analysis and Detection/Dataset/S15F01/Fake/4.wav,1,MEN,MEN-S15F01,TG:439556f39c264ae7,-10.328125,1,0.3758333333333333,3.2699274e-05
mendeley/extracted/Bangla Audio Dataset Original and DeepFake Voices for AI-Based Voice Analysis and Detection/Dataset/S15F01/Fake/5.wav,1,MEN,MEN-S15F01,TG:b27516115fd20a37,-7.0,1,0.5341666666666667,0.0009110512
mendeley/extracted/Bangla Audio Dataset Original and DeepFake Voices for AI-Based Voice Analysis and Detection/Dataset/S15F01/Fake/6.wav,1,MEN,MEN-S15F01,TG:b639ce41aa1cab36,-8.875,1,0.5158333333333334,0.00013982209
mendeley/extracted/Bangla Audio Dataset Original and DeepFake Voices for AI-Based Voice Analysis and Detection/Dataset/S15F01/Fake/7.wav,1,MEN,MEN-S15F01,TG:88f1ee35a861b6a6,-12.125,1,0.5258333333333334,5.4222187e-06
mendeley/extracted/Bangla Audio Dataset Original and DeepFake Voices for AI-Based Voice Analysis and Detection/Dataset/S15F01/Fake/8.wav,1,MEN,MEN-S15F01,TG:be9f02f19ba8fc75,-16.15625,1,0.4541666666666667,9.625642e-08
mendeley/extracted/Bangla Audio Dataset Original and DeepFake Voices for AI-Based Voice Analysis and Detection/Dataset/S15F01/Fake/9.wav,1,MEN,MEN-S15F01,TG:c88f5e1ef15aa62a,-18.546875,1,0.3408333333333333,8.814436e-09
mendeley/extracted/Bangla Audio Dataset Original and DeepFake Voices for AI-Based Voice Analysis and Detection/Dataset/S15F01/Real/1.wav,0,MEN,MEN-S15F01,TG:7cde72383f2577d5,-18.6875,1,0.6908333333333334,7.658115e-09
mendeley/extracted/Bangla Audio Dataset Original and DeepFake Voices for AI-Based Voice Analysis and Detection/Dataset/S15F01/Real/10.wav,0,MEN,MEN-S15F01,TG:e0e70a0638fc6f97,-17.0625,1,0.6241666666666666,3.8891113e-08
mendeley/extracted/Bangla Audio Dataset Original and DeepFake Voices for AI-Based Voice Analysis and Detection/Dataset/S15F01/Real/11.wav,0,MEN,MEN-S15F01,TG:57413348d842a70d,-17.65625,1,0.6125,2.1477714e-08
mendeley/extracted/Bangla Audio Dataset Original and DeepFake Voices for AI-Based Voice Analysis and Detection/Dataset/S15F01/Real/12.wav,0,MEN,MEN-S15F01,TG:2a803e07ad46d5c2,-16.609375,1,0.6141666666666667,6.11843e-08
mendeley/extracted/Bangla Audio Dataset Original and DeepFake Voices for AI-Based Voice Analysis and Detection/Dataset/S15F01/Real/13.wav,0,MEN,MEN-S15F01,TG:5c21d947a8657c9f,-15.0390625,1,0.6675,2.941833e-07
mendeley/extracted/Bangla Audio Dataset Original and DeepFake Voices for AI-Based Voice Analysis and Detection/Dataset/S15F01/Real/14.wav,0,MEN,MEN-S15F01,TG:2d3ba8e149e931db,-23.75,1,0.6408333333333334,4.8473687e-11
mendeley/extracted/Bangla Audio Dataset Original and DeepFake Voices for AI-Based Voice Analysis and Detection/Dataset/S15F01/Real/15.wav,0,MEN,MEN-S15F01,TG:3d0c9b90dd636b05,-18.265625,1,0.5358333333333334,1.1677231e-08
mendeley/extracted/Bangla Audio Dataset Original and DeepFake Voices for AI-Based Voice Analysis and Detection/Dataset/S15F01/Real/16.wav,0,MEN,MEN-S15F01,TG:835a2229be98dadf,-14.21875,1,0.5691666666666666,6.681517e-07
mendeley/extracted/Bangla Audio Dataset Original and DeepFake Voices for AI-Based Voice Analysis and Detection/Dataset/S15F01/Real/17.wav,0,MEN,MEN-S15F01,TG:feba50ba85a1ba08,-16.953125,1,0.6491666666666667,4.338617e-08
mendeley/extracted/Bangla Audio Dataset Original and DeepFake Voices for AI-Based Voice Analysis and Detection/Dataset/S15F01/Real/18.wav,0,MEN,MEN-S15F01,TG:d8eb3171b7a6a33b,-14.78125,1,0.6725,3.8070144e-07
mendeley/extracted/Bangla Audio Dataset Original and DeepFake Voices for AI-Based Voice Analysis and Detection/Dataset/S15F01/Real/19.wav,0,MEN,MEN-S15F01,TG:a5e8c7f1e51636dc,-26.234375,1,0.5525,4.041622e-12
mendeley/extracted/Bangla Audio Dataset Original and DeepFake Voices for AI-Based Voice Analysis and Detection/Dataset/S15F01/Real/2.wav,0,MEN,MEN-S15F01,TG:a6f69864408b9071,-22.203125,1,0.6491666666666667,2.2766974e-10
mendeley/extracted/Bangla Audio Dataset Original and DeepFake Voices for AI-Based Voice Analysis and Detection/Dataset/S15F01/Real/20.wav,0,MEN,MEN-S15F01,TG:9426037c3514ba5e,-13.2421875,1,0.6408333333333334,1.7741496e-06
mendeley/extracted/Bangla Audio Dataset Original and DeepFake Voices for AI-Based Voice Analysis and Detection/Dataset/S15F01/Real/21.wav,0,MEN,MEN-S15F01,TG:e0ce6b84c16d1ca7,-19.546875,1,0.6708333333333334,3.24265e-09
mendeley/extracted/Bangla Audio Dataset Original and DeepFake Voices for AI-Based Voice Analysis and Detection/Dataset/S15F01/Real/22.wav,0,MEN,MEN-S15F01,TG:d8d1aa4cc233d982,-17.59375,1,0.6308333333333334,2.2862908e-08
mendeley/extracted/Bangla Audio Dataset Original and DeepFake Voices for AI-Based Voice Analysis and Detection/Dataset/S15F01/Real/23.wav,0,MEN,MEN-S15F01,TG:6c85555d30e57a51,-15.359375,1,0.6341666666666667,2.1355417e-07
mendeley/extracted/Bangla Audio Dataset Original and DeepFake Voices for AI-Based Voice Analysis and Detection/Dataset/S15F01/Real/24.wav,0,MEN,MEN-S15F01,TG:64d212587b02f93b,-18.59375,1,0.6358333333333333,8.410794e-09
mendeley/extracted/Bangla Audio Dataset Original and DeepFake Voices for AI-Based Voice Analysis and Detection/Dataset/S15F01/Real/25.wav,0,MEN,MEN-S15F01,TG:5797f71db21fe749,-20.375,1,0.5608333333333333,1.4166088e-09
mendeley/extracted/Bangla Audio Dataset Original and DeepFake Voices for AI-Based Voice Analysis and Detection/Dataset/S15F01/Real/26.wav,0,MEN,MEN-S15F01,TG:d3dc3aa303de9710,-17.453125,1,0.6491666666666667,2.6315048e-08
mendeley/extracted/Bangla Audio Dataset Original and DeepFake Voices for AI-Based Voice Analysis and Detection/Dataset/S15F01/Real/27.wav,0,MEN,MEN-S15F01,TG:3c2f522a40b2526e,-14.296875,1,0.6441666666666667,6.179393e-07
mendeley/extracted/Bangla Audio Dataset Original and DeepFake Voices for AI-Based Voice Analysis and Detection/Dataset/S15F01/Real/28.wav,0,MEN,MEN-S15F01,TG:4f9d2742e8afd15d,-20.40625,1,0.6608333333333334,1.3730242e-09
mendeley/extracted/Bangla Audio Dataset Original and DeepFake Voices for AI-Based Voice Analysis and Detection/Dataset/S15F01/Real/29.wav,0,MEN,MEN-S15F01,TG:f7be3e37759f090e,-19.34375,1,0.6258333333333334,3.9729775e-09
mendeley/extracted/Bangla Audio Dataset Original and DeepFake Voices for AI-Based Voice Analysis and Detection/Dataset/S15F01/Real/3.wav,0,MEN,MEN-S15F01,TG:62cf48bac7954805,-16.515625,1,0.7241666666666666,6.719782e-08
mendeley/extracted/Bangla Audio Dataset Original and DeepFake Voices for AI-Based Voice Analysis and Detection/Dataset/S15F01/Real/30.wav,0,MEN,MEN-S15F01,TG:88f39ecf44831133,-20.015625,1,0.6225,2.0291986e-09
mendeley/extracted/Bangla Audio Dataset Original and DeepFake Voices for AI-Based Voice Analysis and Detection/Dataset/S15F01/Real/4.wav,0,MEN,MEN-S15F01,TG:439556f39c264ae7,-16.703125,1,0.5925,5.570894e-08
mendeley/extracted/Bangla Audio Dataset Original and DeepFake Voices for AI-Based Voice Analysis and Detection/Dataset/S15F01/Real/5.wav,0,MEN,MEN-S15F01,TG:b27516115fd20a37,-19.453125,1,0.7141666666666666,3.5613539e-09
mendeley/extracted/Bangla Audio Dataset Original and DeepFake Voices for AI-Based Voice Analysis and Detection/Dataset/S15F01/Real/6.wav,0,MEN,MEN-S15F01,TG:b639ce41aa1cab36,-11.8671875,1,0.6675,7.016861e-06
mendeley/extracted/Bangla Audio Dataset Original and DeepFake Voices for AI-Based Voice Analysis and Detection/Dataset/S15F01/Real/7.wav,0,MEN,MEN-S15F01,TG:88f1ee35a861b6a6,-16.609375,1,0.6825,6.11843e-08
mendeley/extracted/Bangla Audio Dataset Original and DeepFake Voices for AI-Based Voice Analysis and Detection/Dataset/S15F01/Real/8.wav,0,MEN,MEN-S15F01,TG:be9f02f19ba8fc75,-14.3203125,1,0.6675,6.0362476e-07
mendeley/extracted/Bangla Audio Dataset Original and DeepFake Voices for AI-Based Voice Analysis and Detection/Dataset/S15F01/Real/9.wav,0,MEN,MEN-S15F01,TG:c88f5e1ef15aa62a,-23.75,1,0.6525000000000001,4.8473687e-11
mendeley/extracted/Bangla Audio Dataset Original and DeepFake Voices for AI-Based Voice Analysis and Detection/Dataset/S15M02/Fake/1.wav,1,MEN,MEN-S15M02,TG:7cde72383f2577d5,-9.7109375,1,0.5308333333333333,6.0613183e-05
mendeley/extracted/Bangla Audio Dataset Original and DeepFake Voices for AI-Based Voice Analysis and Detection/Dataset/S15M02/Fake/10.wav,1,MEN,MEN-S15M02,TG:e0e70a0638fc6f97,-9.46875,1,0.4375,7.722192e-05
mendeley/extracted/Bangla Audio Dataset Original and DeepFake Voices for AI-Based Voice Analysis and Detection/Dataset/S15M02/Fake/11.wav,1,MEN,MEN-S15M02,TG:57413348d842a70d,-9.2734375,1,0.4675,9.387641e-05
mendeley/extracted/Bangla Audio Dataset Original and DeepFake Voices for AI-Based Voice Analysis and Detection/Dataset/S15M02/Fake/12.wav,1,MEN,MEN-S15M02,TG:2a803e07ad46d5c2,-10.9296875,1,0.4158333333333334,1.791799e-05
mendeley/extracted/Bangla Audio Dataset Original and DeepFake Voices for AI-Based Voice Analysis and Detection/Dataset/S15M02/Fake/13.wav,1,MEN,MEN-S15M02,TG:5c21d947a8657c9f,-10.0078125,1,0.5208333333333333,4.5044595e-05
mendeley/extracted/Bangla Audio Dataset Original and DeepFake Voices for AI-Based Voice Analysis and Detection/Dataset/S15M02/Fake/14.wav,1,MEN,MEN-S15M02,TG:2d3ba8e149e931db,-10.1171875,1,0.5241666666666667,4.037791e-05
mendeley/extracted/Bangla Audio Dataset Original and DeepFake Voices for AI-Based Voice Analysis and Detection/Dataset/S15M02/Fake/15.wav,1,MEN,MEN-S15M02,TG:3d0c9b90dd636b05,-9.2421875,1,0.3008333333333333,9.6856085e-05
mendeley/extracted/Bangla Audio Dataset Original and DeepFake Voices for AI-Based Voice Analysis and Detection/Dataset/S15M02/Fake/16.wav,1,MEN,MEN-S15M02,TG:835a2229be98dadf,-13.203125,1,0.4508333333333333,1.8448236e-06
mendeley/extracted/Bangla Audio Dataset Original and DeepFake Voices for AI-Based Voice Analysis and Detection/Dataset/S15M02/Fake/17.wav,1,MEN,MEN-S15M02,TG:feba50ba85a1ba08,-2.6601562,1,0.4875,0.065365784
mendeley/extracted/Bangla Audio Dataset Original and DeepFake Voices for AI-Based Voice Analysis and Detection/Dataset/S15M02/Fake/18.wav,1,MEN,MEN-S15M02,TG:d8eb3171b7a6a33b,-12.8359375,1,0.5575,2.6633118e-06
mendeley/extracted/Bangla Audio Dataset Original and DeepFake Voices for AI-Based Voice Analysis and Detection/Dataset/S15M02/Fake/19.wav,1,MEN,MEN-S15M02,TG:a5e8c7f1e51636dc,-7.0976562,1,0.4024999999999999,0.0008263577
mendeley/extracted/Bangla Audio Dataset Original and DeepFake Voices for AI-Based Voice Analysis and Detection/Dataset/S15M02/Fake/2.wav,1,MEN,MEN-S15M02,TG:a6f69864408b9071,-5.9140625,1,0.3408333333333333,0.002693914
mendeley/extracted/Bangla Audio Dataset Original and DeepFake Voices for AI-Based Voice Analysis and Detection/Dataset/S15M02/Fake/20.wav,1,MEN,MEN-S15M02,TG:9426037c3514ba5e,-11.625,1,0.4841666666666666,8.939696e-06
mendeley/extracted/Bangla Audio Dataset Original and DeepFake Voices for AI-Based Voice Analysis and Detection/Dataset/S15M02/Fake/21.wav,1,MEN,MEN-S15M02,TG:e0ce6b84c16d1ca7,-11.765625,1,0.3508333333333333,7.766952e-06
mendeley/extracted/Bangla Audio Dataset Original and DeepFake Voices for AI-Based Voice Analysis and Detection/Dataset/S15M02/Fake/22.wav,1,MEN,MEN-S15M02,TG:d8d1aa4cc233d982,-2.6894531,1,0.4975,0.06359857
mendeley/extracted/Bangla Audio Dataset Original and DeepFake Voices for AI-Based Voice Analysis and Detection/Dataset/S15M02/Fake/23.wav,1,MEN,MEN-S15M02,TG:6c85555d30e57a51,-8.1171875,1,0.5341666666666667,0.00029827765
mendeley/extracted/Bangla Audio Dataset Original and DeepFake Voices for AI-Based Voice Analysis and Detection/Dataset/S15M02/Fake/24.wav,1,MEN,MEN-S15M02,TG:64d212587b02f93b,-7.0546875,1,0.5325,0.00086260773
mendeley/extracted/Bangla Audio Dataset Original and DeepFake Voices for AI-Based Voice Analysis and Detection/Dataset/S15M02/Fake/25.wav,1,MEN,MEN-S15M02,TG:5797f71db21fe749,-10.5703125,1,0.3641666666666666,2.5666133e-05
mendeley/extracted/Bangla Audio Dataset Original and DeepFake Voices for AI-Based Voice Analysis and Detection/Dataset/S15M02/Fake/26.wav,1,MEN,MEN-S15M02,TG:d3dc3aa303de9710,1.7480469,1,0.5341666666666667,0.8517063
mendeley/extracted/Bangla Audio Dataset Original and DeepFake Voices for AI-Based Voice Analysis and Detection/Dataset/S15M02/Fake/27.wav,1,MEN,MEN-S15M02,TG:3c2f522a40b2526e,4.8671875,1,0.5375,0.9923638
mendeley/extracted/Bangla Audio Dataset Original and DeepFake Voices for AI-Based Voice Analysis and Detection/Dataset/S15M02/Fake/28.wav,1,MEN,MEN-S15M02,TG:4f9d2742e8afd15d,-10.2265625,1,0.4758333333333333,3.619467e-05
mendeley/extracted/Bangla Audio Dataset Original and DeepFake Voices for AI-Based Voice Analysis and Detection/Dataset/S15M02/Fake/29.wav,1,MEN,MEN-S15M02,TG:f7be3e37759f090e,-11.640625,1,0.5075000000000001,8.801101e-06
mendeley/extracted/Bangla Audio Dataset Original and DeepFake Voices for AI-Based Voice Analysis and Detection/Dataset/S15M02/Fake/3.wav,1,MEN,MEN-S15M02,TG:62cf48bac7954805,-12.8046875,1,0.4741666666666666,2.7478543e-06
mendeley/extracted/Bangla Audio Dataset Original and DeepFake Voices for AI-Based Voice Analysis and Detection/Dataset/S15M02/Fake/30.wav,1,MEN,MEN-S15M02,TG:88f39ecf44831133,-10.8046875,1,0.4024999999999999,2.0303693e-05
mendeley/extracted/Bangla Audio Dataset Original and DeepFake Voices for AI-Based Voice Analysis and Detection/Dataset/S15M02/Fake/4.wav,1,MEN,MEN-S15M02,TG:439556f39c264ae7,3.9277344,1,0.3008333333333333,0.9806919
mendeley/extracted/Bangla Audio Dataset Original and DeepFake Voices for AI-Based Voice Analysis and Detection/Dataset/S15M02/Fake/5.wav,1,MEN,MEN-S15M02,TG:b27516115fd20a37,4.5664062,1,0.5258333333333334,0.98971164
mendeley/extracted/Bangla Audio Dataset Original and DeepFake Voices for AI-Based Voice Analysis and Detection/Dataset/S15M02/Fake/6.wav,1,MEN,MEN-S15M02,TG:b639ce41aa1cab36,-10.6328125,1,0.5241666666666667,2.411114e-05
mendeley/extracted/Bangla Audio Dataset Original and DeepFake Voices for AI-Based Voice Analysis and Detection/Dataset/S15M02/Fake/7.wav,1,MEN,MEN-S15M02,TG:88f1ee35a861b6a6,-11.96875,1,0.3874999999999999,6.339211e-06
mendeley/extracted/Bangla Audio Dataset Original and DeepFake Voices for AI-Based Voice Analysis and Detection/Dataset/S15M02/Fake/8.wav,1,MEN,MEN-S15M02,TG:be9f02f19ba8fc75,-3.4042969,1,0.4225,0.032161444
mendeley/extracted/Bangla Audio Dataset Original and DeepFake Voices for AI-Based Voice Analysis and Detection/Dataset/S15M02/Fake/9.wav,1,MEN,MEN-S15M02,TG:c88f5e1ef15aa62a,-1.6591797,1,0.5275000000000001,0.15987213
mendeley/extracted/Bangla Audio Dataset Original and DeepFake Voices for AI-Based Voice Analysis and Detection/Dataset/S15M02/Real/1.wav,0,MEN,MEN-S15M02,TG:7cde72383f2577d5,5.0625,1,0.3175,0.99371004
mendeley/extracted/Bangla Audio Dataset Original and DeepFake Voices for AI-Based Voice Analysis and Detection/Dataset/S15M02/Real/10.wav,0,MEN,MEN-S15M02,TG:e0e70a0638fc6f97,2.4960938,1,0.3675,0.9238675
mendeley/extracted/Bangla Audio Dataset Original and DeepFake Voices for AI-Based Voice Analysis and Detection/Dataset/S15M02/Real/11.wav,0,MEN,MEN-S15M02,TG:57413348d842a70d,7.5820312,1,0.3675,0.99949074
mendeley/extracted/Bangla Audio Dataset Original and DeepFake Voices for AI-Based Voice Analysis and Detection/Dataset/S15M02/Real/12.wav,0,MEN,MEN-S15M02,TG:2a803e07ad46d5c2,10.765625,1,0.3508333333333333,0.9999789
mendeley/extracted/Bangla Audio Dataset Original and DeepFake Voices for AI-Based Voice Analysis and Detection/Dataset/S15M02/Real/13.wav,0,MEN,MEN-S15M02,TG:5c21d947a8657c9f,3.4121094,1,0.4175,0.9680808
mendeley/extracted/Bangla Audio Dataset Original and DeepFake Voices for AI-Based Voice Analysis and Detection/Dataset/S15M02/Real/14.wav,0,MEN,MEN-S15M02,TG:2d3ba8e149e931db,6.109375,1,0.3675,0.997783
mendeley/extracted/Bangla Audio Dataset Original and DeepFake Voices for AI-Based Voice Analysis and Detection/Dataset/S15M02/Real/15.wav,0,MEN,MEN-S15M02,TG:3d0c9b90dd636b05,2.6210938,1,0.2674999999999999,0.93220687
mendeley/extracted/Bangla Audio Dataset Original and DeepFake Voices for AI-Based Voice Analysis and Detection/Dataset/S15M02/Real/16.wav,0,MEN,MEN-S15M02,TG:835a2229be98dadf,7.7460938,1,0.3508333333333333,0.9995678
mendeley/extracted/Bangla Audio Dataset Original and DeepFake Voices for AI-Based Voice Analysis and Detection/Dataset/S15M02/Real/17.wav,0,MEN,MEN-S15M02,TG:feba50ba85a1ba08,3.9628906,1,0.3841666666666666,0.98134655
mendeley/extracted/Bangla Audio Dataset Original and DeepFake Voices for AI-Based Voice Analysis and Detection/Dataset/S15M02/Real/18.wav,0,MEN,MEN-S15M02,TG:d8eb3171b7a6a33b,6.265625,1,0.4175,0.998103
mendeley/extracted/Bangla Audio Dataset Original and DeepFake Voices for AI-Based Voice Analysis and Detection/Dataset/S15M02/Real/19.wav,0,MEN,MEN-S15M02,TG:a5e8c7f1e51636dc,7.9140625,1,0.3508333333333333,0.9996345
mendeley/extracted/Bangla Audio Dataset Original and DeepFake Voices for AI-Based Voice Analysis and Detection/Dataset/S15M02/Real/2.wav,0,MEN,MEN-S15M02,TG:a6f69864408b9071,3.7207031,1,0.3341666666666666,0.9763557
mendeley/extracted/Bangla Audio Dataset Original and DeepFake Voices for AI-Based Voice Analysis and Detection/Dataset/S15M02/Real/20.wav,0,MEN,MEN-S15M02,TG:9426037c3514ba5e,3.1621094,1,0.4008333333333334,0.95938325
mendeley/extracted/Bangla Audio Dataset Original and DeepFake Voices for AI-Based Voice Analysis and Detection/Dataset/S15M02/Real/21.wav,0,MEN,MEN-S15M02,TG:e0ce6b84c16d1ca7,2.640625,1,0.4508333333333333,0.9334308
mendeley/extracted/Bangla Audio Dataset Original and DeepFake Voices for AI-Based Voice Analysis and Detection/Dataset/S15M02/Real/22.wav,0,MEN,MEN-S15M02,TG:d8d1aa4cc233d982,7.1484375,1,0.2674999999999999,0.99921453
mendeley/extracted/Bangla Audio Dataset Original and DeepFake Voices for AI-Based Voice Analysis and Detection/Dataset/S15M02/Real/23.wav,0,MEN,MEN-S15M02,TG:6c85555d30e57a51,-2.1445312,1,0.4341666666666667,0.10484336
mendeley/extracted/Bangla Audio Dataset Original and DeepFake Voices for AI-Based Voice Analysis and Detection/Dataset/S15M02/Real/24.wav,0,MEN,MEN-S15M02,TG:64d212587b02f93b,11.515625,1,0.3841666666666666,0.99999
mendeley/extracted/Bangla Audio Dataset Original and DeepFake Voices for AI-Based Voice Analysis and Detection/Dataset/S15M02/Real/25.wav,0,MEN,MEN-S15M02,TG:5797f71db21fe749,4.890625,1,0.3841666666666666,0.99253935
mendeley/extracted/Bangla Audio Dataset Original and DeepFake Voices for AI-Based Voice Analysis and Detection/Dataset/S15M02/Real/26.wav,0,MEN,MEN-S15M02,TG:d3dc3aa303de9710,10.15625,1,0.3675,0.99996114
mendeley/extracted/Bangla Audio Dataset Original and DeepFake Voices for AI-Based Voice Analysis and Detection/Dataset/S15M02/Real/27.wav,0,MEN,MEN-S15M02,TG:3c2f522a40b2526e,4.6171875,1,0.3841666666666666,0.99021614
mendeley/extracted/Bangla Audio Dataset Original and DeepFake Voices for AI-Based Voice Analysis and Detection/Dataset/S15M02/Real/28.wav,0,MEN,MEN-S15M02,TG:4f9d2742e8afd15d,5.0078125,1,0.3675,0.9933589
mendeley/extracted/Bangla Audio Dataset Original and DeepFake Voices for AI-Based Voice Analysis and Detection/Dataset/S15M02/Real/29.wav,0,MEN,MEN-S15M02,TG:f7be3e37759f090e,-3.5136719,1,0.4341666666666667,0.028925717
mendeley/extracted/Bangla Audio Dataset Original and DeepFake Voices for AI-Based Voice Analysis and Detection/Dataset/S15M02/Real/3.wav,0,MEN,MEN-S15M02,TG:62cf48bac7954805,7.8320312,1,0.3341666666666666,0.99960333
mendeley/extracted/Bangla Audio Dataset Original and DeepFake Voices for AI-Based Voice Analysis and Detection/Dataset/S15M02/Real/30.wav,0,MEN,MEN-S15M02,TG:88f39ecf44831133,4.203125,1,0.4008333333333334,0.98527133
mendeley/extracted/Bangla Audio Dataset Original and DeepFake Voices for AI-Based Voice Analysis and Detection/Dataset/S15M02/Real/4.wav,0,MEN,MEN-S15M02,TG:439556f39c264ae7,7.2421875,1,0.2674999999999999,0.9992848
mendeley/extracted/Bangla Audio Dataset Original and DeepFake Voices for AI-Based Voice Analysis and Detection/Dataset/S15M02/Real/5.wav,0,MEN,MEN-S15M02,TG:b27516115fd20a37,-3.1269531,1,0.3841666666666666,0.04200906
mendeley/extracted/Bangla Audio Dataset Original and DeepFake Voices for AI-Based Voice Analysis and Detection/Dataset/S15M02/Real/6.wav,0,MEN,MEN-S15M02,TG:b639ce41aa1cab36,7.2382812,1,0.3508333333333333,0.99928194
mendeley/extracted/Bangla Audio Dataset Original and DeepFake Voices for AI-Based Voice Analysis and Detection/Dataset/S15M02/Real/7.wav,0,MEN,MEN-S15M02,TG:88f1ee35a861b6a6,4.171875,1,0.3675,0.98481095
mendeley/extracted/Bangla Audio Dataset Original and DeepFake Voices for AI-Based Voice Analysis and Detection/Dataset/S15M02/Real/8.wav,0,MEN,MEN-S15M02,TG:be9f02f19ba8fc75,6.65625,1,0.3675,0.99871576
mendeley/extracted/Bangla Audio Dataset Original and DeepFake Voices for AI-Based Voice Analysis and Detection/Dataset/S15M02/Real/9.wav,0,MEN,MEN-S15M02,TG:c88f5e1ef15aa62a,7.421875,1,0.3341666666666666,0.9994023
mendeley/extracted/Bangla Audio Dataset Original and DeepFake Voices for AI-Based Voice Analysis and Detection/Dataset/S15M03/Fake/1.wav,1,MEN,MEN-S15M03,TG:7cde72383f2577d5,-9.765625,1,0.5158333333333334,5.7387595e-05
mendeley/extracted/Bangla Audio Dataset Original and DeepFake Voices for AI-Based Voice Analysis and Detection/Dataset/S15M03/Fake/10.wav,1,MEN,MEN-S15M03,TG:e0e70a0638fc6f97,-12.6484375,1,0.4375,3.2125654e-06
mendeley/extracted/Bangla Audio Dataset Original and DeepFake Voices for AI-Based Voice Analysis and Detection/Dataset/S15M03/Fake/11.wav,1,MEN,MEN-S15M03,TG:57413348d842a70d,-14.9921875,1,0.4808333333333333,3.0830145e-07
mendeley/extracted/Bangla Audio Dataset Original and DeepFake Voices for AI-Based Voice Analysis and Detection/Dataset/S15M03/Fake/12.wav,1,MEN,MEN-S15M03,TG:2a803e07ad46d5c2,-13.140625,1,0.3958333333333333,1.9638042e-06
mendeley/extracted/Bangla Audio Dataset Original and DeepFake Voices for AI-Based Voice Analysis and Detection/Dataset/S15M03/Fake/13.wav,1,MEN,MEN-S15M03,TG:5c21d947a8657c9f,-12.7109375,1,0.5241666666666667,3.0179267e-06
mendeley/extracted/Bangla Audio Dataset Original and DeepFake Voices for AI-Based Voice Analysis and Detection/Dataset/S15M03/Fake/14.wav,1,MEN,MEN-S15M03,TG:2d3ba8e149e931db,-12.0078125,1,0.4091666666666667,6.0963603e-06
mendeley/extracted/Bangla Audio Dataset Original and DeepFake Voices for AI-Based Voice Analysis and Detection/Dataset/S15M03/Fake/15.wav,1,MEN,MEN-S15M03,TG:3d0c9b90dd636b05,-12.3671875,1,0.3208333333333333,4.255953e-06
mendeley/extracted/Bangla Audio Dataset Original and DeepFake Voices for AI-Based Voice Analysis and Detection/Dataset/S15M03/Fake/16.wav,1,MEN,MEN-S15M03,TG:835a2229be98dadf,-14.4609375,1,0.4725,5.244383e-07
mendeley/extracted/Bangla Audio Dataset Original and DeepFake Voices for AI-Based Voice Analysis and Detection/Dataset/S15M03/Fake/17.wav,1,MEN,MEN-S15M03,TG:feba50ba85a1ba08,0.50341797,1,0.5108333333333333,0.6232622
mendeley/extracted/Bangla Audio Dataset Original and DeepFake Voices for AI-Based Voice Analysis and Detection/Dataset/S15M03/Fake/18.wav,1,MEN,MEN-S15M03,TG:d8eb3171b7a6a33b,-10.3515625,1,0.5675,3.1941818e-05
mendeley/extracted/Bangla Audio Dataset Original and DeepFake Voices for AI-Based Voice Analysis and Detection/Dataset/S15M03/Fake/19.wav,1,MEN,MEN-S15M03,TG:a5e8c7f1e51636dc,-8.8203125,1,0.4275,0.00014768037
mendeley/extracted/Bangla Audio Dataset Original and DeepFake Voices for AI-Based Voice Analysis and Detection/Dataset/S15M03/Fake/2.wav,1,MEN,MEN-S15M03,TG:a6f69864408b9071,-8.84375,1,0.3725,0.00014425987
mendeley/extracted/Bangla Audio Dataset Original and DeepFake Voices for AI-Based Voice Analysis and Detection/Dataset/S15M03/Fake/20.wav,1,MEN,MEN-S15M03,TG:9426037c3514ba5e,-14.109375,1,0.5158333333333334,7.453769e-07
mendeley/extracted/Bangla Audio Dataset Original and DeepFake Voices for AI-Based Voice Analysis and Detection/Dataset/S15M03/Fake/21.wav,1,MEN,MEN-S15M03,TG:e0ce6b84c16d1ca7,-11.8671875,1,0.3341666666666666,7.016861e-06
mendeley/extracted/Bangla Audio Dataset Original and DeepFake Voices for AI-Based Voice Analysis and Detection/Dataset/S15M03/Fake/22.wav,1,MEN,MEN-S15M03,TG:d8d1aa4cc233d982,-11.3984375,1,0.4608333333333333,1.1212865e-05
mendeley/extracted/Bangla Audio Dataset Original and DeepFake Voices for AI-Based Voice Analysis and Detection/Dataset/S15M03/Fake/23.wav,1,MEN,MEN-S15M03,TG:6c85555d30e57a51,-9.875,1,0.4908333333333333,5.1442217e-05
mendeley/extracted/Bangla Audio Dataset Original and DeepFake Voices for AI-Based Voice Analysis and Detection/Dataset/S15M03/Fake/24.wav,1,MEN,MEN-S15M03,TG:64d212587b02f93b,-7.0703125,1,0.5508333333333333,0.00084924564
mendeley/extracted/Bangla Audio Dataset Original and DeepFake Voices for AI-Based Voice Analysis and Detection/Dataset/S15M03/Fake/25.wav,1,MEN,MEN-S15M03,TG:5797f71db21fe749,-10.859375,1,0.3325,1.9223171e-05
mendeley/extracted/Bangla Audio Dataset Original and DeepFake Voices for AI-Based Voice Analysis and Detection/Dataset/S15M03/Fake/26.wav,1,MEN,MEN-S15M03,TG:d3dc3aa303de9710,-7.8203125,1,0.5441666666666667,0.00040133507
mendeley/extracted/Bangla Audio Dataset Original and DeepFake Voices for AI-Based Voice Analysis and Detection/Dataset/S15M03/Fake/27.wav,1,MEN,MEN-S15M03,TG:3c2f522a40b2526e,-8.4609375,1,0.5125,0.00021152887
mendeley/extracted/Bangla Audio Dataset Original and DeepFake Voices for AI-Based Voice Analysis and Detection/Dataset/S15M03/Fake/28.wav,1,MEN,MEN-S15M03,TG:4f9d2742e8afd15d,-10.25,1,0.4641666666666666,3.5356254e-05
mendeley/extracted/Bangla Audio Dataset Original and DeepFake Voices for AI-Based Voice Analysis and Detection/Dataset/S15M03/Fake/29.wav,1,MEN,MEN-S15M03,TG:f7be3e37759f090e,-11.9140625,1,0.4875,6.6955386e-06
mendeley/extracted/Bangla Audio Dataset Original and DeepFake Voices for AI-Based Voice Analysis and Detection/Dataset/S15M03/Fake/3.wav,1,MEN,MEN-S15M03,TG:62cf48bac7954805,-14.2734375,1,0.3991666666666666,6.325933e-07
mendeley/extracted/Bangla Audio Dataset Original and DeepFake Voices for AI-Based Voice Analysis and Detection/Dataset/S15M03/Fake/30.wav,1,MEN,MEN-S15M03,TG:88f39ecf44831133,-10.734375,1,0.4341666666666667,2.178265e-05
mendeley/extracted/Bangla Audio Dataset Original and DeepFake Voices for AI-Based Voice Analysis and Detection/Dataset/S15M03/Fake/4.wav,1,MEN,MEN-S15M03,TG:439556f39c264ae7,-8.84375,1,0.2941666666666667,0.00014425987
mendeley/extracted/Bangla Audio Dataset Original and DeepFake Voices for AI-Based Voice Analysis and Detection/Dataset/S15M03/Fake/5.wav,1,MEN,MEN-S15M03,TG:b27516115fd20a37,-2.0332031,1,0.5141666666666667,0.11576065
mendeley/extracted/Bangla Audio Dataset Original and DeepFake Voices for AI-Based Voice Analysis and Detection/Dataset/S15M03/Fake/6.wav,1,MEN,MEN-S15M03,TG:b639ce41aa1cab36,-15.203125,1,0.3874999999999999,2.4967014e-07
mendeley/extracted/Bangla Audio Dataset Original and DeepFake Voices for AI-Based Voice Analysis and Detection/Dataset/S15M03/Fake/7.wav,1,MEN,MEN-S15M03,TG:88f1ee35a861b6a6,-13.984375,1,0.4008333333333334,8.4462266e-07
mendeley/extracted/Bangla Audio Dataset Original and DeepFake Voices for AI-Based Voice Analysis and Detection/Dataset/S15M03/Fake/8.wav,1,MEN,MEN-S15M03,TG:be9f02f19ba8fc75,-13.9921875,1,0.3658333333333333,8.380498e-07
mendeley/extracted/Bangla Audio Dataset Original and DeepFake Voices for AI-Based Voice Analysis and Detection/Dataset/S15M03/Fake/9.wav,1,MEN,MEN-S15M03,TG:c88f5e1ef15aa62a,-9.4296875,1,0.4841666666666666,8.029784e-05
mendeley/extracted/Bangla Audio Dataset Original and DeepFake Voices for AI-Based Voice Analysis and Detection/Dataset/S15M03/Real/1.wav,0,MEN,MEN-S15M03,TG:7cde72383f2577d5,11.9765625,1,0.4691666666666666,0.9999937
mendeley/extracted/Bangla Audio Dataset Original and DeepFake Voices for AI-Based Voice Analysis and Detection/Dataset/S15M03/Real/10.wav,0,MEN,MEN-S15M03,TG:e0e70a0638fc6f97,11.421875,1,0.4858333333333333,0.99998903
mendeley/extracted/Bangla Audio Dataset Original and DeepFake Voices for AI-Based Voice Analysis and Detection/Dataset/S15M03/Real/11.wav,0,MEN,MEN-S15M03,TG:57413348d842a70d,11.4140625,1,0.4858333333333333,0.9999889
mendeley/extracted/Bangla Audio Dataset Original and DeepFake Voices for AI-Based Voice Analysis and Detection/Dataset/S15M03/Real/12.wav,0,MEN,MEN-S15M03,TG:2a803e07ad46d5c2,11.953125,1,0.4541666666666667,0.99999356
mendeley/extracted/Bangla Audio Dataset Original and DeepFake Voices for AI-Based Voice Analysis and Detection/Dataset/S15M03/Real/13.wav,0,MEN,MEN-S15M03,TG:5c21d947a8657c9f,13.6328125,1,0.4875,0.9999988
mendeley/extracted/Bangla Audio Dataset Original and DeepFake Voices for AI-Based Voice Analysis and Detection/Dataset/S15M03/Real/14.wav,0,MEN,MEN-S15M03,TG:2d3ba8e149e931db,10.109375,1,0.4691666666666666,0.99995935
mendeley/extracted/Bangla Audio Dataset Original and DeepFake Voices for AI-Based Voice Analysis and Detection/Dataset/S15M03/Real/15.wav,0,MEN,MEN-S15M03,TG:3d0c9b90dd636b05,12.8359375,1,0.3708333333333333,0.9999974
mendeley/extracted/Bangla Audio Dataset Original and DeepFake Voices for AI-Based Voice Analysis and Detection/Dataset/S15M03/Real/16.wav,0,MEN,MEN-S15M03,TG:835a2229be98dadf,13.078125,1,0.4358333333333333,0.99999785
mendeley/extracted/Bangla Audio Dataset Original and DeepFake Voices for AI-Based Voice Analysis and Detection/Dataset/S15M03/Real/17.wav,0,MEN,MEN-S15M03,TG:feba50ba85a1ba08,13.4296875,1,0.5025,0.99999857
mendeley/extracted/Bangla Audio Dataset Original and DeepFake Voices for AI-Based Voice Analysis and Detection/Dataset/S15M03/Real/18.wav,0,MEN,MEN-S15M03,TG:d8eb3171b7a6a33b,13.1953125,1,0.5025,0.9999981
mendeley/extracted/Bangla Audio Dataset Original and DeepFake Voices for AI-Based Voice Analysis and Detection/Dataset/S15M03/Real/19.wav,0,MEN,MEN-S15M03,TG:a5e8c7f1e51636dc,12.1875,1,0.5025,0.9999949
mendeley/extracted/Bangla Audio Dataset Original and DeepFake Voices for AI-Based Voice Analysis and Detection/Dataset/S15M03/Real/2.wav,0,MEN,MEN-S15M03,TG:a6f69864408b9071,12.90625,1,0.4875,0.9999975
mendeley/extracted/Bangla Audio Dataset Original and DeepFake Voices for AI-Based Voice Analysis and Detection/Dataset/S15M03/Real/20.wav,0,MEN,MEN-S15M03,TG:9426037c3514ba5e,12.7421875,1,0.5375,0.999997
mendeley/extracted/Bangla Audio Dataset Original and DeepFake Voices for AI-Based Voice Analysis and Detection/Dataset/S15M03/Real/21.wav,0,MEN,MEN-S15M03,TG:e0ce6b84c16d1ca7,11.71875,1,0.4691666666666666,0.9999919
mendeley/extracted/Bangla Audio Dataset Original and DeepFake Voices for AI-Based Voice Analysis and Detection/Dataset/S15M03/Real/22.wav,0,MEN,MEN-S15M03,TG:d8d1aa4cc233d982,13.0078125,1,0.5025,0.99999774
mendeley/extracted/Bangla Audio Dataset Original and DeepFake Voices for AI-Based Voice Analysis and Detection/Dataset/S15M03/Real/23.wav,0,MEN,MEN-S15M03,TG:6c85555d30e57a51,16.578125,1,0.5708333333333333,0.9999999
mendeley/extracted/Bangla Audio Dataset Original and DeepFake Voices for AI-Based Voice Analysis and Detection/Dataset/S15M03/Real/24.wav,0,MEN,MEN-S15M03,TG:64d212587b02f93b,12.8984375,1,0.4708333333333333,0.9999975
mendeley/extracted/Bangla Audio Dataset Original and DeepFake Voices for AI-Based Voice Analysis and Detection/Dataset/S15M03/Real/25.wav,0,MEN,MEN-S15M03,TG:5797f71db21fe749,12.2421875,1,0.4375,0.99999523
mendeley/extracted/Bangla Audio Dataset Original and DeepFake Voices for AI-Based Voice Analysis and Detection/Dataset/S15M03/Real/26.wav,0,MEN,MEN-S15M03,TG:d3dc3aa303de9710,13.34375,1,0.5525,0.99999845
mendeley/extracted/Bangla Audio Dataset Original and DeepFake Voices for AI-Based Voice Analysis and Detection/Dataset/S15M03/Real/27.wav,0,MEN,MEN-S15M03,TG:3c2f522a40b2526e,12.5390625,1,0.5525,0.9999964
mendeley/extracted/Bangla Audio Dataset Original and DeepFake Voices for AI-Based Voice Analysis and Detection/Dataset/S15M03/Real/28.wav,0,MEN,MEN-S15M03,TG:4f9d2742e8afd15d,13.4140625,1,0.4858333333333333,0.99999845
mendeley/extracted/Bangla Audio Dataset Original and DeepFake Voices for AI-Based Voice Analysis and Detection/Dataset/S15M03/Real/29.wav,0,MEN,MEN-S15M03,TG:f7be3e37759f090e,14.8515625,1,0.4875,0.99999964
mendeley/extracted/Bangla Audio Dataset Original and DeepFake Voices for AI-Based Voice Analysis and Detection/Dataset/S15M03/Real/3.wav,0,MEN,MEN-S15M03,TG:62cf48bac7954805,11.234375,1,0.5208333333333333,0.99998677
mendeley/extracted/Bangla Audio Dataset Original and DeepFake Voices for AI-Based Voice Analysis and Detection/Dataset/S15M03/Real/30.wav,0,MEN,MEN-S15M03,TG:88f39ecf44831133,12.625,1,0.5041666666666667,0.99999666
mendeley/extracted/Bangla Audio Dataset Original and DeepFake Voices for AI-Based Voice Analysis and Detection/Dataset/S15M03/Real/4.wav,0,MEN,MEN-S15M03,TG:439556f39c264ae7,11.2890625,1,0.3858333333333333,0.9999875
mendeley/extracted/Bangla Audio Dataset Original and DeepFake Voices for AI-Based Voice Analysis and Detection/Dataset/S15M03/Real/5.wav,0,MEN,MEN-S15M03,TG:b27516115fd20a37,13.09375,1,0.5208333333333333,0.999998
mendeley/extracted/Bangla Audio Dataset Original and DeepFake Voices for AI-Based Voice Analysis and Detection/Dataset/S15M03/Real/6.wav,0,MEN,MEN-S15M03,TG:b639ce41aa1cab36,9.7265625,1,0.4875,0.9999403
mendeley/extracted/Bangla Audio Dataset Original and DeepFake Voices for AI-Based Voice Analysis and Detection/Dataset/S15M03/Real/7.wav,0,MEN,MEN-S15M03,TG:88f1ee35a861b6a6,9.203125,1,0.4708333333333333,0.99989927
mendeley/extracted/Bangla Audio Dataset Original and DeepFake Voices for AI-Based Voice Analysis and Detection/Dataset/S15M03/Real/8.wav,0,MEN,MEN-S15M03,TG:be9f02f19ba8fc75,13.09375,1,0.4691666666666666,0.999998
mendeley/extracted/Bangla Audio Dataset Original and DeepFake Voices for AI-Based Voice Analysis and Detection/Dataset/S15M03/Real/9.wav,0,MEN,MEN-S15M03,TG:c88f5e1ef15aa62a,12.5078125,1,0.4541666666666667,0.9999963
mendeley/extracted/Bangla Audio Dataset Original and DeepFake Voices for AI-Based Voice Analysis and Detection/Dataset/S15M04/Fake/1.wav,1,MEN,MEN-S15M04,TG:7cde72383f2577d5,-9.4765625,1,0.5341666666666667,7.662102e-05
mendeley/extracted/Bangla Audio Dataset Original and DeepFake Voices for AI-Based Voice Analysis and Detection/Dataset/S15M04/Fake/10.wav,1,MEN,MEN-S15M04,TG:e0e70a0638fc6f97,-13.5625,1,0.4775,1.2878953e-06
mendeley/extracted/Bangla Audio Dataset Original and DeepFake Voices for AI-Based Voice Analysis and Detection/Dataset/S15M04/Fake/11.wav,1,MEN,MEN-S15M04,TG:57413348d842a70d,-14.53125,1,0.4441666666666667,4.888302e-07
mendeley/extracted/Bangla Audio Dataset Original and DeepFake Voices for AI-Based Voice Analysis and Detection/Dataset/S15M04/Fake/12.wav,1,MEN,MEN-S15M04,TG:2a803e07ad46d5c2,-11.0,1,0.3941666666666666,1.6701422e-05
mendeley/extracted/Bangla Audio Dataset Original and DeepFake Voices for AI-Based Voice Analysis and Detection/Dataset/S15M04/Fake/13.wav,1,MEN,MEN-S15M04,TG:5c21d947a8657c9f,-3.8828125,1,0.5608333333333333,0.02017732
mendeley/extracted/Bangla Audio Dataset Original and DeepFake Voices for AI-Based Voice Analysis and Detection/Dataset/S15M04/Fake/14.wav,1,MEN,MEN-S15M04,TG:2d3ba8e149e931db,-12.8359375,1,0.3725,2.6633118e-06
mendeley/extracted/Bangla Audio Dataset Original and DeepFake Voices for AI-Based Voice Analysis and Detection/Dataset/S15M04/Fake/15.wav,1,MEN,MEN-S15M04,TG:3d0c9b90dd636b05,-14.1484375,1,0.2791666666666667,7.1682206e-07
mendeley/extracted/Bangla Audio Dataset Original and DeepFake Voices for AI-Based Voice Analysis and Detection/Dataset/S15M04/Fake/16.wav,1,MEN,MEN-S15M04,TG:835a2229be98dadf,-10.484375,1,0.3758333333333333,2.7969301e-05
mendeley/extracted/Bangla Audio Dataset Original and DeepFake Voices for AI-Based Voice Analysis and Detection/Dataset/S15M04/Fake/17.wav,1,MEN,MEN-S15M04,TG:feba50ba85a1ba08,3.3105469,1,0.4858333333333333,0.9647889
mendeley/extracted/Bangla Audio Dataset Original and DeepFake Voices for AI-Based Voice Analysis and Detection/Dataset/S15M04/Fake/18.wav,1,MEN,MEN-S15M04,TG:d8eb3171b7a6a33b,-10.625,1,0.5325,2.4300241e-05
mendeley/extracted/Bangla Audio Dataset Original and DeepFake Voices for AI-Based Voice Analysis and Detection/Dataset/S15M04/Fake/19.wav,1,MEN,MEN-S15M04,TG:a5e8c7f1e51636dc,-9.5234375,1,0.4075,7.311254e-05
mendeley/extracted/Bangla Audio Dataset Original and DeepFake Voices for AI-Based Voice Analysis and Detection/Dataset/S15M04/Fake/2.wav,1,MEN,MEN-S15M04,TG:a6f69864408b9071,-7.8867188,1,0.3824999999999999,0.00037555923
mendeley/extracted/Bangla Audio Dataset Original and DeepFake Voices for AI-Based Voice Analysis and Detection/Dataset/S15M04/Fake/20.wav,1,MEN,MEN-S15M04,TG:9426037c3514ba5e,-13.5234375,1,0.5475,1.3391991e-06
mendeley/extracted/Bangla Audio Dataset Original and DeepFake Voices for AI-Based Voice Analysis and Detection/Dataset/S15M04/Fake/21.wav,1,MEN,MEN-S15M04,TG:e0ce6b84c16d1ca7,-13.71875,1,0.3575,1.1015954e-06
mendeley/extracted/Bangla Audio Dataset Original and DeepFake Voices for AI-Based Voice Analysis and Detection/Dataset/S15M04/Fake/22.wav,1,MEN,MEN-S15M04,TG:d8d1aa4cc233d982,-14.96875,1,0.4275,3.1561262e-07
mendeley/extracted/Bangla Audio Dataset Original and DeepFake Voices for AI-Based Voice Analysis and Detection/Dataset/S15M04/Fake/23.wav,1,MEN,MEN-S15M04,TG:6c85555d30e57a51,-9.90625,1,0.5175000000000001,4.9859584e-05
mendeley/extracted/Bangla Audio Dataset Original and DeepFake Voices for AI-Based Voice Analysis and Detection/Dataset/S15M04/Fake/24.wav,1,MEN,MEN-S15M04,TG:64d212587b02f93b,0.16955566,1,0.5575,0.54228765
mendeley/extracted/Bangla Audio Dataset Original and DeepFake Voices for AI-Based Voice Analysis and Detection/Dataset/S15M04/Fake/25.wav,1,MEN,MEN-S15M04,TG:5797f71db21fe749,-12.9765625,1,0.4058333333333334,2.3139264e-06
mendeley/extracted/Bangla Audio Dataset Original and DeepFake Voices for AI-Based Voice Analysis and Detection/Dataset/S15M04/Fake/26.wav,1,MEN,MEN-S15M04,TG:d3dc3aa303de9710,-7.0,1,0.5341666666666667,0.0009110512
mendeley/extracted/Bangla Audio Dataset Original and DeepFake Voices for AI-Based Voice Analysis and Detection/Dataset/S15M04/Fake/27.wav,1,MEN,MEN-S15M04,TG:3c2f522a40b2526e,-1.3847656,1,0.5308333333333333,0.20024471
mendeley/extracted/Bangla Audio Dataset Original and DeepFake Voices for AI-Based Voice Analysis and Detection/Dataset/S15M04/Fake/28.wav,1,MEN,MEN-S15M04,TG:4f9d2742e8afd15d,-12.53125,1,0.4208333333333333,3.6119832e-06
mendeley/extracted/Bangla Audio Dataset Original and DeepFake Voices for AI-Based Voice Analysis and Detection/Dataset/S15M04/Fake/29.wav,1,MEN,MEN-S15M04,TG:f7be3e37759f090e,-11.9453125,1,0.5041666666666667,6.4895394e-06
mendeley/extracted/Bangla Audio Dataset Original and DeepFake Voices for AI-Based Voice Analysis and Detection/Dataset/S15M04/Fake/3.wav,1,MEN,MEN-S15M04,TG:62cf48bac7954805,-15.6015625,1,0.4641666666666666,1.6762063e-07
mendeley/extracted/Bangla Audio Dataset Original and DeepFake Voices for AI-Based Voice Analysis and Detection/Dataset/S15M04/Fake/30.wav,1,MEN,MEN-S15M04,TG:88f39ecf44831133,-12.8046875,1,0.4408333333333333,2.7478543e-06
mendeley/extracted/Bangla Audio Dataset Original and DeepFake Voices for AI-Based Voice Analysis and Detection/Dataset/S15M04/Fake/4.wav,1,MEN,MEN-S15M04,TG:439556f39c264ae7,-11.8125,1,0.2991666666666667,7.4112795e-06
mendeley/extracted/Bangla Audio Dataset Original and DeepFake Voices for AI-Based Voice Analysis and Detection/Dataset/S15M04/Fake/5.wav,1,MEN,MEN-S15M04,TG:b27516115fd20a37,-6.7460938,1,0.5075000000000001,0.0011740823
mendeley/extracted/Bangla Audio Dataset Original and DeepFake Voices for AI-Based Voice Analysis and Detection/Dataset/S15M04/Fake/6.wav,1,MEN,MEN-S15M04,TG:b639ce41aa1cab36,-12.0,1,0.4391666666666667,6.144175e-06
mendeley/extracted/Bangla Audio Dataset Original and DeepFake Voices for AI-Based Voice Analysis and Detection/Dataset/S15M04/Fake/7.wav,1,MEN,MEN-S15M04,TG:88f1ee35a861b6a6,-11.1328125,1,0.3958333333333333,1.4624283e-05
mendeley/extracted/Bangla Audio Dataset Original and DeepFake Voices for AI-Based Voice Analysis and Detection/Dataset/S15M04/Fake/8.wav,1,MEN,MEN-S15M04,TG:be9f02f19ba8fc75,-14.046875,1,0.3541666666666666,7.934496e-07
mendeley/extracted/Bangla Audio Dataset Original and DeepFake Voices for AI-Based Voice Analysis and Detection/Dataset/S15M04/Fake/9.wav,1,MEN,MEN-S15M04,TG:c88f5e1ef15aa62a,-4.2421875,1,0.4825,0.014172367
mendeley/extracted/Bangla Audio Dataset Original and DeepFake Voices for AI-Based Voice Analysis and Detection/Dataset/S15M04/Real/1.wav,0,MEN,MEN-S15M04,TG:7cde72383f2577d5,9.1484375,1,0.4608333333333333,0.99989367
mendeley/extracted/Bangla Audio Dataset Original and DeepFake Voices for AI-Based Voice Analysis and Detection/Dataset/S15M04/Real/10.wav,0,MEN,MEN-S15M04,TG:e0e70a0638fc6f97,11.9140625,1,0.3941666666666666,0.9999933
mendeley/extracted/Bangla Audio Dataset Original and DeepFake Voices for AI-Based Voice Analysis and Detection/Dataset/S15M04/Real/11.wav,0,MEN,MEN-S15M04,TG:57413348d842a70d,10.859375,1,0.3275,0.9999808
mendeley/extracted/Bangla Audio Dataset Original and DeepFake Voices for AI-Based Voice Analysis and Detection/Dataset/S15M04/Real/12.wav,0,MEN,MEN-S15M04,TG:2a803e07ad46d5c2,12.34375,1,0.3941666666666666,0.9999956
mendeley/extracted/Bangla Audio Dataset Original and DeepFake Voices for AI-Based Voice Analysis and Detection/Dataset/S15M04/Real/13.wav,0,MEN,MEN-S15M04,TG:5c21d947a8657c9f,10.5078125,1,0.3941666666666666,0.9999727
mendeley/extracted/Bangla Audio Dataset Original and DeepFake Voices for AI-Based Voice Analysis and Detection/Dataset/S15M04/Real/14.wav,0,MEN,MEN-S15M04,TG:2d3ba8e149e931db,11.6640625,1,0.4275,0.9999914
mendeley/extracted/Bangla Audio Dataset Original and DeepFake Voices for AI-Based Voice Analysis and Detection/Dataset/S15M04/Real/15.wav,0,MEN,MEN-S15M04,TG:3d0c9b90dd636b05,11.6015625,1,0.2774999999999999,0.9999908
mendeley/extracted/Bangla Audio Dataset Original and DeepFake Voices for AI-Based Voice Analysis and Detection/Dataset/S15M04/Real/16.wav,0,MEN,MEN-S15M04,TG:835a2229be98dadf,13.7578125,1,0.3841666666666666,0.9999989
mendeley/extracted/Bangla Audio Dataset Original and DeepFake Voices for AI-Based Voice Analysis and Detection/Dataset/S15M04/Real/17.wav,0,MEN,MEN-S15M04,TG:feba50ba85a1ba08,12.3359375,1,0.3774999999999999,0.9999956
mendeley/extracted/Bangla Audio Dataset Original and DeepFake Voices for AI-Based Voice Analysis and Detection/Dataset/S15M04/Real/18.wav,0,MEN,MEN-S15M04,TG:d8eb3171b7a6a33b,10.5859375,1,0.4108333333333334,0.9999747
mendeley/extracted/Bangla Audio Dataset Original and DeepFake Voices for AI-Based Voice Analysis and Detection/Dataset/S15M04/Real/19.wav,0,MEN,MEN-S15M04,TG:a5e8c7f1e51636dc,7.9023438,1,0.3941666666666666,0.9996302
mendeley/extracted/Bangla Audio Dataset Original and DeepFake Voices for AI-Based Voice Analysis and Detection/Dataset/S15M04/Real/2.wav,0,MEN,MEN-S15M04,TG:a6f69864408b9071,9.6953125,1,0.3941666666666666,0.9999385
mendeley/extracted/Bangla Audio Dataset Original and DeepFake Voices for AI-Based Voice Analysis and Detection/Dataset/S15M04/Real/20.wav,0,MEN,MEN-S15M04,TG:9426037c3514ba5e,8.5703125,1,0.4791666666666666,0.9998104
mendeley/extracted/Bangla Audio Dataset Original and DeepFake Voices for AI-Based Voice Analysis and Detection/Dataset/S15M04/Real/21.wav,0,MEN,MEN-S15M04,TG:e0ce6b84c16d1ca7,7.8671875,1,0.4625,0.999617
mendeley/extracted/Bangla Audio Dataset Original and DeepFake Voices for AI-Based Voice Analysis and Detection/Dataset/S15M04/Real/22.wav,0,MEN,MEN-S15M04,TG:d8d1aa4cc233d982,5.9648438,1,0.3941666666666666,0.99743915
mendeley/extracted/Bangla Audio Dataset Original and DeepFake Voices for AI-Based Voice Analysis and Detection/Dataset/S15M04/Real/23.wav,0,MEN,MEN-S15M04,TG:6c85555d30e57a51,4.7382812,1,0.4825,0.9913223
mendeley/extracted/Bangla Audio Dataset Original and DeepFake Voices for AI-Based Voice Analysis and Detection/Dataset/S15M04/Real/24.wav,0,MEN,MEN-S15M04,TG:64d212587b02f93b,8.453125,1,0.4425,0.9997868
mendeley/extracted/Bangla Audio Dataset Original and DeepFake Voices for AI-Based Voice Analysis and Detection/Dataset/S15M04/Real/25.wav,0,MEN,MEN-S15M04,TG:5797f71db21fe749,7.5742188,1,0.3608333333333333,0.9994867
mendeley/extracted/Bangla Audio Dataset Original and DeepFake Voices for AI-Based Voice Analysis and Detection/Dataset/S15M04/Real/26.wav,0,MEN,MEN-S15M04,TG:d3dc3aa303de9710,4.4335938,1,0.4608333333333333,0.9882676
mendeley/extracted/Bangla Audio Dataset Original and DeepFake Voices for AI-Based Voice Analysis and Detection/Dataset/S15M04/Real/27.wav,0,MEN,MEN-S15M04,TG:3c2f522a40b2526e,8.4921875,1,0.5108333333333333,0.999795
mendeley/extracted/Bangla Audio Dataset Original and DeepFake Voices for AI-Based Voice Analysis and Detection/Dataset/S15M04/Real/28.wav,0,MEN,MEN-S15M04,TG:4f9d2742e8afd15d,9.578125,1,0.3791666666666666,0.99993074
mendeley/extracted/Bangla Audio Dataset Original and DeepFake Voices for AI-Based Voice Analysis and Detection/Dataset/S15M04/Real/29.wav,0,MEN,MEN-S15M04,TG:f7be3e37759f090e,0.67041016,1,0.4625,0.661595
mendeley/extracted/Bangla Audio Dataset Original and DeepFake Voices for AI-Based Voice Analysis and Detection/Dataset/S15M04/Real/3.wav,0,MEN,MEN-S15M04,TG:62cf48bac7954805,7.3671875,1,0.3941666666666666,0.9993687
mendeley/extracted/Bangla Audio Dataset Original and DeepFake Voices for AI-Based Voice Analysis and Detection/Dataset/S15M04/Real/30.wav,0,MEN,MEN-S15M04,TG:88f39ecf44831133,9.9296875,1,0.4775,0.99995124
mendeley/extracted/Bangla Audio Dataset Original and DeepFake Voices for AI-Based Voice Analysis and Detection/Dataset/S15M04/Real/4.wav,0,MEN,MEN-S15M04,TG:439556f39c264ae7,13.09375,1,0.3774999999999999,0.999998
mendeley/extracted/Bangla Audio Dataset Original and DeepFake Voices for AI-Based Voice Analysis and Detection/Dataset/S15M04/Real/5.wav,0,MEN,MEN-S15M04,TG:b27516115fd20a37,8.6015625,1,0.4108333333333334,0.99981624
mendeley/extracted/Bangla Audio Dataset Original and DeepFake Voices for AI-Based Voice Analysis and Detection/Dataset/S15M04/Real/6.wav,0,MEN,MEN-S15M04,TG:b639ce41aa1cab36,7.2734375,1,0.3774999999999999,0.9993068
mendeley/extracted/Bangla Audio Dataset Original and DeepFake Voices for AI-Based Voice Analysis and Detection/Dataset/S15M04/Real/7.wav,0,MEN,MEN-S15M04,TG:88f1ee35a861b6a6,10.28125,1,0.3458333333333333,0.9999658
mendeley/extracted/Bangla Audio Dataset Original and DeepFake Voices for AI-Based Voice Analysis and Detection/Dataset/S15M04/Real/8.wav,0,MEN,MEN-S15M04,TG:be9f02f19ba8fc75,8.46875,1,0.3774999999999999,0.99979013
mendeley/extracted/Bangla Audio Dataset Original and DeepFake Voices for AI-Based Voice Analysis and Detection/Dataset/S15M04/Real/9.wav,0,MEN,MEN-S15M04,TG:c88f5e1ef15aa62a,12.6875,1,0.3641666666666666,0.9999969
mendeley/extracted/Bangla Audio Dataset Original and DeepFake Voices for AI-Based Voice Analysis and Detection/Dataset/S15M05/Fake/1.wav,1,MEN,MEN-S15M05,TG:7cde72383f2577d5,-10.40625,1,0.5425,3.024196e-05
mendeley/extracted/Bangla Audio Dataset Original and DeepFake Voices for AI-Based Voice Analysis and Detection/Dataset/S15M05/Fake/10.wav,1,MEN,MEN-S15M05,TG:e0e70a0638fc6f97,-2.5351562,1,0.4791666666666666,0.073430054
mendeley/extracted/Bangla Audio Dataset Original and DeepFake Voices for AI-Based Voice Analysis and Detection/Dataset/S15M05/Fake/11.wav,1,MEN,MEN-S15M05,TG:57413348d842a70d,-11.640625,1,0.4558333333333333,8.801101e-06
mendeley/extracted/Bangla Audio Dataset Original and DeepFake Voices for AI-Based Voice Analysis and Detection/Dataset/S15M05/Fake/12.wav,1,MEN,MEN-S15M05,TG:2a803e07ad46d5c2,-10.5234375,1,0.3891666666666666,2.6897846e-05
mendeley/extracted/Bangla Audio Dataset Original and DeepFake Voices for AI-Based Voice Analysis and Detection/Dataset/S15M05/Fake/13.wav,1,MEN,MEN-S15M05,TG:5c21d947a8657c9f,-5.1523438,1,0.5375,0.005752545
mendeley/extracted/Bangla Audio Dataset Original and DeepFake Voices for AI-Based Voice Analysis and Detection/Dataset/S15M05/Fake/14.wav,1,MEN,MEN-S15M05,TG:2d3ba8e149e931db,-12.2109375,1,0.3858333333333333,4.97571e-06
mendeley/extracted/Bangla Audio Dataset Original and DeepFake Voices for AI-Based Voice Analysis and Detection/Dataset/S15M05/Fake/15.wav,1,MEN,MEN-S15M05,TG:3d0c9b90dd636b05,-10.6875,1,0.3125,2.2827997e-05
mendeley/extracted/Bangla Audio Dataset Original and DeepFake Voices for AI-Based Voice Analysis and Detection/Dataset/S15M05/Fake/16.wav,1,MEN,MEN-S15M05,TG:835a2229be98dadf,-9.296875,1,0.4591666666666666,9.1701964e-05
mendeley/extracted/Bangla Audio Dataset Original and DeepFake Voices for AI-Based Voice Analysis and Detection/Dataset/S15M05/Fake/17.wav,1,MEN,MEN-S15M05,TG:feba50ba85a1ba08,-0.9580078,1,0.4908333333333333,0.27727723
mendeley/extracted/Bangla Audio Dataset Original and DeepFake Voices for AI-Based Voice Analysis and Detection/Dataset/S15M05/Fake/18.wav,1,MEN,MEN-S15M05,TG:d8eb3171b7a6a33b,-14.1875,1,0.5841666666666667,6.8936106e-07
mendeley/extracted/Bangla Audio Dataset Original and DeepFake Voices for AI-Based Voice Analysis and Detection/Dataset/S15M05/Fake/19.wav,1,MEN,MEN-S15M05,TG:a5e8c7f1e51636dc,-10.2890625,1,0.3791666666666666,3.400182e-05
mendeley/extracted/Bangla Audio Dataset Original and DeepFake Voices for AI-Based Voice Analysis and Detection/Dataset/S15M05/Fake/2.wav,1,MEN,MEN-S15M05,TG:a6f69864408b9071,-9.2265625,1,0.4075,9.83812e-05
mendeley/extracted/Bangla Audio Dataset Original and DeepFake Voices for AI-Based Voice Analysis and Detection/Dataset/S15M05/Fake/20.wav,1,MEN,MEN-S15M05,TG:9426037c3514ba5e,-12.765625,1,0.5141666666666667,2.857316e-06
mendeley/extracted/Bangla Audio Dataset Original and DeepFake Voices for AI-Based Voice Analysis and Detection/Dataset/S15M05/Fake/21.wav,1,MEN,MEN-S15M05,TG:e0ce6b84c16d1ca7,-7.6914062,1,0.4024999999999999,0.0004565269
mendeley/extracted/Bangla Audio Dataset Original and DeepFake Voices for AI-Based Voice Analysis and Detection/Dataset/S15M05/Fake/22.wav,1,MEN,MEN-S15M05,TG:d8d1aa4cc233d982,-7.640625,1,0.4991666666666666,0.0004802972
mendeley/extracted/Bangla Audio Dataset Original and DeepFake Voices for AI-Based Voice Analysis and Detection/Dataset/S15M05/Fake/23.wav,1,MEN,MEN-S15M05,TG:6c85555d30e57a51,-9.84375,1,0.5375,5.307508e-05
mendeley/extracted/Bangla Audio Dataset Original and DeepFake Voices for AI-Based Voice Analysis and Detection/Dataset/S15M05/Fake/24.wav,1,MEN,MEN-S15M05,TG:64d212587b02f93b,-11.5078125,1,0.5425,1.005116e-05
mendeley/extracted/Bangla Audio Dataset Original and DeepFake Voices for AI-Based Voice Analysis and Detection/Dataset/S15M05/Fake/25.wav,1,MEN,MEN-S15M05,TG:5797f71db21fe749,-8.3046875,1,0.4175,0.00024729347
mendeley/extracted/Bangla Audio Dataset Original and DeepFake Voices for AI-Based Voice Analysis and Detection/Dataset/S15M05/Fake/26.wav,1,MEN,MEN-S15M05,TG:d3dc3aa303de9710,-5.7265625,1,0.5141666666666667,0.0032476764
mendeley/extracted/Bangla Audio Dataset Original and DeepFake Voices for AI-Based Voice Analysis and Detection/Dataset/S15M05/Fake/27.wav,1,MEN,MEN-S15M05,TG:3c2f522a40b2526e,-6.6953125,1,0.5258333333333334,0.0012351678
mendeley/extracted/Bangla Audio Dataset Original and DeepFake Voices for AI-Based Voice Analysis and Detection/Dataset/S15M05/Fake/28.wav,1,MEN,MEN-S15M05,TG:4f9d2742e8afd15d,-11.9765625,1,0.4908333333333333,6.289879e-06
mendeley/extracted/Bangla Audio Dataset Original and DeepFake Voices for AI-Based Voice Analysis and Detection/Dataset/S15M05/Fake/29.wav,1,MEN,MEN-S15M05,TG:f7be3e37759f090e,-4.3945312,1,0.4875,0.012194133
mendeley/extracted/Bangla Audio Dataset Original and DeepFake Voices for AI-Based Voice Analysis and Detection/Dataset/S15M05/Fake/3.wav,1,MEN,MEN-S15M05,TG:62cf48bac7954805,-9.1015625,1,0.4691666666666666,0.00011147904
mendeley/extracted/Bangla Audio Dataset Original and DeepFake Voices for AI-Based Voice Analysis and Detection/Dataset/S15M05/Fake/30.wav,1,MEN,MEN-S15M05,TG:88f39ecf44831133,-10.140625,1,0.4408333333333333,3.944259e-05
mendeley/extracted/Bangla Audio Dataset Original and DeepFake Voices for AI-Based Voice Analysis and Detection/Dataset/S15M05/Fake/4.wav,1,MEN,MEN-S15M05,TG:439556f39c264ae7,-1.7792969,1,0.3325,0.14438999
mendeley/extracted/Bangla Audio Dataset Original and DeepFake Voices for AI-Based Voice Analysis and Detection/Dataset/S15M05/Fake/5.wav,1,MEN,MEN-S15M05,TG:b27516115fd20a37,-3.15625,1,0.5241666666666667,0.04084572
mendeley/extracted/Bangla Audio Dataset Original and DeepFake Voices for AI-Based Voice Analysis and Detection/Dataset/S15M05/Fake/6.wav,1,MEN,MEN-S15M05,TG:b639ce41aa1cab36,-12.328125,1,0.4808333333333333,4.4254903e-06
mendeley/extracted/Bangla Audio Dataset Original and DeepFake Voices for AI-Based Voice Analysis and Detection/Dataset/S15M05/Fake/7.wav,1,MEN,MEN-S15M05,TG:88f1ee35a861b6a6,-7.7382812,1,0.4225,0.00043563018
mendeley/extracted/Bangla Audio Dataset Original and DeepFake Voices for AI-Based Voice Analysis and Detection/Dataset/S15M05/Fake/8.wav,1,MEN,MEN-S15M05,TG:be9f02f19ba8fc75,-4.8984375,1,0.3158333333333333,0.0074030138
mendeley/extracted/Bangla Audio Dataset Original and DeepFake Voices for AI-Based Voice Analysis and Detection/Dataset/S15M05/Fake/9.wav,1,MEN,MEN-S15M05,TG:c88f5e1ef15aa62a,-4.3671875,1,0.5075000000000001,0.0125279315
mendeley/extracted/Bangla Audio Dataset Original and DeepFake Voices for AI-Based Voice Analysis and Detection/Dataset/S15M05/Real/1.wav,0,MEN,MEN-S15M05,TG:7cde72383f2577d5,11.8828125,1,0.4341666666666667,0.9999931
mendeley/extracted/Bangla Audio Dataset Original and DeepFake Voices for AI-Based Voice Analysis and Detection/Dataset/S15M05/Real/10.wav,0,MEN,MEN-S15M05,TG:e0e70a0638fc6f97,6.1054688,1,0.4008333333333334,0.9977743
mendeley/extracted/Bangla Audio Dataset Original and DeepFake Voices for AI-Based Voice Analysis and Detection/Dataset/S15M05/Real/11.wav,0,MEN,MEN-S15M05,TG:57413348d842a70d,5.7382812,1,0.3508333333333333,0.99679
mendeley/extracted/Bangla Audio Dataset Original and DeepFake Voices for AI-Based Voice Analysis and Detection/Dataset/S15M05/Real/12.wav,0,MEN,MEN-S15M05,TG:2a803e07ad46d5c2,7.2695312,1,0.3675,0.99930406
mendeley/extracted/Bangla Audio Dataset Original and DeepFake Voices for AI-Based Voice Analysis and Detection/Dataset/S15M05/Real/13.wav,0,MEN,MEN-S15M05,TG:5c21d947a8657c9f,8.2734375,1,0.4675,0.99974483
mendeley/extracted/Bangla Audio Dataset Original and DeepFake Voices for AI-Based Voice Analysis and Detection/Dataset/S15M05/Real/14.wav,0,MEN,MEN-S15M05,TG:2d3ba8e149e931db,4.3320312,1,0.4341666666666667,0.9870297
mendeley/extracted/Bangla Audio Dataset Original and DeepFake Voices for AI-Based Voice Analysis and Detection/Dataset/S15M05/Real/15.wav,0,MEN,MEN-S15M05,TG:3d0c9b90dd636b05,7.3867188,1,0.3008333333333333,0.99938095
mendeley/extracted/Bangla Audio Dataset Original and DeepFake Voices for AI-Based Voice Analysis and Detection/Dataset/S15M05/Real/16.wav,0,MEN,MEN-S15M05,TG:835a2229be98dadf,8.4921875,1,0.3675,0.999795
mendeley/extracted/Bangla Audio Dataset Original and DeepFake Voices for AI-Based Voice Analysis and Detection/Dataset/S15M05/Real/17.wav,0,MEN,MEN-S15M05,TG:feba50ba85a1ba08,7.96875,1,0.4175,0.99965405
mendeley/extracted/Bangla Audio Dataset Original and DeepFake Voices for AI-Based Voice Analysis and Detection/Dataset/S15M05/Real/18.wav,0,MEN,MEN-S15M05,TG:d8eb3171b7a6a33b,9.4453125,1,0.5008333333333334,0.99992096
mendeley/extracted/Bangla Audio Dataset Original and DeepFake Voices for AI-Based Voice Analysis and Detection/Dataset/S15M05/Real/19.wav,0,MEN,MEN-S15M05,TG:a5e8c7f1e51636dc,6.6679688,1,0.3008333333333333,0.9987306
mendeley/extracted/Bangla Audio Dataset Original and DeepFake Voices for AI-Based Voice Analysis and Detection/Dataset/S15M05/Real/2.wav,0,MEN,MEN-S15M05,TG:a6f69864408b9071,7.9257812,1,0.3841666666666666,0.9996388
mendeley/extracted/Bangla Audio Dataset Original and DeepFake Voices for AI-Based Voice Analysis and Detection/Dataset/S15M05/Real/20.wav,0,MEN,MEN-S15M05,TG:9426037c3514ba5e,5.515625,1,0.5008333333333334,0.9959927
mendeley/extracted/Bangla Audio Dataset Original and DeepFake Voices for AI-Based Voice Analysis and Detection/Dataset/S15M05/Real/21.wav,0,MEN,MEN-S15M05,TG:e0ce6b84c16d1ca7,6.5820312,1,0.4508333333333333,0.99861693
mendeley/extracted/Bangla Audio Dataset Original and DeepFake Voices for AI-Based Voice Analysis and Detection/Dataset/S15M05/Real/22.wav,0,MEN,MEN-S15M05,TG:d8d1aa4cc233d982,5.6289062,1,0.4341666666666667,0.9964204
mendeley/extracted/Bangla Audio Dataset Original and DeepFake Voices for AI-Based Voice Analysis and Detection/Dataset/S15M05/Real/23.wav,0,MEN,MEN-S15M05,TG:6c85555d30e57a51,5.96875,1,0.4675,0.9974491
mendeley/extracted/Bangla Audio Dataset Original and DeepFake Voices for AI-Based Voice Analysis and Detection/Dataset/S15M05/Real/24.wav,0,MEN,MEN-S15M05,TG:64d212587b02f93b,9.671875,1,0.4508333333333333,0.99993694
mendeley/extracted/Bangla Audio Dataset Original and DeepFake Voices for AI-Based Voice Analysis and Detection/Dataset/S15M05/Real/25.wav,0,MEN,MEN-S15M05,TG:5797f71db21fe749,6.3554688,1,0.4008333333333334,0.9982658
mendeley/extracted/Bangla Audio Dataset Original and DeepFake Voices for AI-Based Voice Analysis and Detection/Dataset/S15M05/Real/26.wav,0,MEN,MEN-S15M05,TG:d3dc3aa303de9710,10.890625,1,0.4841666666666666,0.9999814
mendeley/extracted/Bangla Audio Dataset Original and DeepFake Voices for AI-Based Voice Analysis and Detection/Dataset/S15M05/Real/27.wav,0,MEN,MEN-S15M05,TG:3c2f522a40b2526e,11.625,1,0.4675,0.99999106
mendeley/extracted/Bangla Audio Dataset Original and DeepFake Voices for AI-Based Voice Analysis and Detection/Dataset/S15M05/Real/28.wav,0,MEN,MEN-S15M05,TG:4f9d2742e8afd15d,11.4921875,1,0.3341666666666666,0.99998975
mendeley/extracted/Bangla Audio Dataset Original and DeepFake Voices for AI-Based Voice Analysis and Detection/Dataset/S15M05/Real/29.wav,0,MEN,MEN-S15M05,TG:f7be3e37759f090e,9.1875,1,0.4341666666666667,0.9998977
mendeley/extracted/Bangla Audio Dataset Original and DeepFake Voices for AI-Based Voice Analysis and Detection/Dataset/S15M05/Real/3.wav,0,MEN,MEN-S15M05,TG:62cf48bac7954805,8.25,1,0.4175,0.99973875
mendeley/extracted/Bangla Audio Dataset Original and DeepFake Voices for AI-Based Voice Analysis and Detection/Dataset/S15M05/Real/30.wav,0,MEN,MEN-S15M05,TG:88f39ecf44831133,4.2539062,1,0.3841666666666666,0.9859904
mendeley/extracted/Bangla Audio Dataset Original and DeepFake Voices for AI-Based Voice Analysis and Detection/Dataset/S15M05/Real/4.wav,0,MEN,MEN-S15M05,TG:439556f39c264ae7,7.5234375,1,0.3675,0.99946004
mendeley/extracted/Bangla Audio Dataset Original and DeepFake Voices for AI-Based Voice Analysis and Detection/Dataset/S15M05/Real/5.wav,0,MEN,MEN-S15M05,TG:b27516115fd20a37,10.53125,1,0.4175,0.9999733
mendeley/extracted/Bangla Audio Dataset Original and DeepFake Voices for AI-Based Voice Analysis and Detection/Dataset/S15M05/Real/6.wav,0,MEN,MEN-S15M05,TG:b639ce41aa1cab36,5.9921875,1,0.3841666666666666,0.99750805
mendeley/extracted/Bangla Audio Dataset Original and DeepFake Voices for AI-Based Voice Analysis and Detection/Dataset/S15M05/Real/7.wav,0,MEN,MEN-S15M05,TG:88f1ee35a861b6a6,-0.66748047,1,0.3508333333333333,0.33906123
mendeley/extracted/Bangla Audio Dataset Original and DeepFake Voices for AI-Based Voice Analysis and Detection/Dataset/S15M05/Real/8.wav,0,MEN,MEN-S15M05,TG:be9f02f19ba8fc75,5.5546875,1,0.4175,0.9961456
mendeley/extracted/Bangla Audio Dataset Original and DeepFake Voices for AI-Based Voice Analysis and Detection/Dataset/S15M05/Real/9.wav,0,MEN,MEN-S15M05,TG:c88f5e1ef15aa62a,5.78125,1,0.4008333333333334,0.9969246
mendeley/extracted/Bangla Audio Dataset Original and DeepFake Voices for AI-Based Voice Analysis and Detection/Dataset/S1F03/Fake/1.wav,1,MEN,MEN-S1F03,TG:8388d9ee191bd954,-14.734375,1,0.4841666666666666,3.9897168e-07
mendeley/extracted/Bangla Audio Dataset Original and DeepFake Voices for AI-Based Voice Analysis and Detection/Dataset/S1F03/Fake/10.wav,1,MEN,MEN-S1F03,TG:388cb19343cb520a,-13.8203125,1,0.4808333333333333,9.952086e-07
mendeley/extracted/Bangla Audio Dataset Original and DeepFake Voices for AI-Based Voice Analysis and Detection/Dataset/S1F03/Fake/11.wav,1,MEN,MEN-S1F03,TG:6663f3ce55d8ec7f,-17.359375,1,0.2458333333333333,2.8901423e-08
mendeley/extracted/Bangla Audio Dataset Original and DeepFake Voices for AI-Based Voice Analysis and Detection/Dataset/S1F03/Fake/12.wav,1,MEN,MEN-S1F03,TG:d3ff909607e60de8,-6.7890625,1,0.2225,0.0011247575
mendeley/extracted/Bangla Audio Dataset Original and DeepFake Voices for AI-Based Voice Analysis and Detection/Dataset/S1F03/Fake/13.wav,1,MEN,MEN-S1F03,TG:713c2af6f394806f,-2.5839844,1,0.4341666666666667,0.070176296
mendeley/extracted/Bangla Audio Dataset Original and DeepFake Voices for AI-Based Voice Analysis and Detection/Dataset/S1F03/Fake/14.wav,1,MEN,MEN-S1F03,TG:40c1016845dcdc60,-14.2421875,1,0.3375,6.52674e-07
mendeley/extracted/Bangla Audio Dataset Original and DeepFake Voices for AI-Based Voice Analysis and Detection/Dataset/S1F03/Fake/15.wav,1,MEN,MEN-S1F03,TG:210364c8aadbef3a,-11.75,1,0.4875,7.889263e-06
mendeley/extracted/Bangla Audio Dataset Original and DeepFake Voices for AI-Based Voice Analysis and Detection/Dataset/S1F03/Fake/16.wav,1,MEN,MEN-S1F03,TG:f263a794fb5b64e5,-9.46875,1,0.4608333333333333,7.722192e-05
mendeley/extracted/Bangla Audio Dataset Original and DeepFake Voices for AI-Based Voice Analysis and Detection/Dataset/S1F03/Fake/17.wav,1,MEN,MEN-S1F03,TG:ba06269e11aa0648,-9.1171875,1,0.4525,0.00010975091
mendeley/extracted/Bangla Audio Dataset Original and DeepFake Voices for AI-Based Voice Analysis and Detection/Dataset/S1F03/Fake/18.wav,1,MEN,MEN-S1F03,TG:a06e050050b3f438,-12.1796875,1,0.5341666666666667,5.133655e-06
mendeley/extracted/Bangla Audio Dataset Original and DeepFake Voices for AI-Based Voice Analysis and Detection/Dataset/S1F03/Fake/19.wav,1,MEN,MEN-S1F03,TG:9a7eea3d42c2dfa3,-12.9921875,1,0.4591666666666666,2.2780523e-06
mendeley/extracted/Bangla Audio Dataset Original and DeepFake Voices for AI-Based Voice Analysis and Detection/Dataset/S1F03/Fake/2.wav,1,MEN,MEN-S1F03,TG:4ff8497e59c46949,-9.140625,1,0.4491666666666667,0.0001072088
mendeley/extracted/Bangla Audio Dataset Original and DeepFake Voices for AI-Based Voice Analysis and Detection/Dataset/S1F03/Fake/20.wav,1,MEN,MEN-S1F03,TG:9f86ecadb4b2b5e8,-14.625,1,0.3041666666666667,4.4508508e-07
mendeley/extracted/Bangla Audio Dataset Original and DeepFake Voices for AI-Based Voice Analysis and Detection/Dataset/S1F03/Fake/21.wav,1,MEN,MEN-S1F03,TG:224581f07ca68840,-12.21875,1,0.2141666666666666,4.936989e-06
mendeley/extracted/Bangla Audio Dataset Original and DeepFake Voices for AI-Based Voice Analysis and Detection/Dataset/S1F03/Fake/22.wav,1,MEN,MEN-S1F03,TG:cdf2b766d6b5e166,-6.2304688,1,0.3525,0.0019646613
mendeley/extracted/Bangla Audio Dataset Original and DeepFake Voices for AI-Based Voice Analysis and Detection/Dataset/S1F03/Fake/23.wav,1,MEN,MEN-S1F03,TG:33b99dc1f5f3c11d,-11.6484375,1,0.1741666666666667,8.73261e-06
mendeley/extracted/Bangla Audio Dataset Original and DeepFake Voices for AI-Based Voice Analysis and Detection/Dataset/S1F03/Fake/24.wav,1,MEN,MEN-S1F03,TG:eea9ea1fd2041b22,-10.984375,1,0.4225,1.6964426e-05
mendeley/extracted/Bangla Audio Dataset Original and DeepFake Voices for AI-Based Voice Analysis and Detection/Dataset/S1F03/Fake/25.wav,1,MEN,MEN-S1F03,TG:a7e7a70438f10a1d,-17.515625,1,0.4024999999999999,2.4720698e-08
mendeley/extracted/Bangla Audio Dataset Original and DeepFake Voices for AI-Based Voice Analysis and Detection/Dataset/S1F03/Fake/26.wav,1,MEN,MEN-S1F03,TG:6fe89ab891f32c4e,-22.40625,1,0.1591666666666666,1.8581862e-10
mendeley/extracted/Bangla Audio Dataset Original and DeepFake Voices for AI-Based Voice Analysis and Detection/Dataset/S1F03/Fake/27.wav,1,MEN,MEN-S1F03,TG:2c5f8f2f6f8c1b98,-6.2734375,1,0.4775,0.001882186
mendeley/extracted/Bangla Audio Dataset Original and DeepFake Voices for AI-Based Voice Analysis and Detection/Dataset/S1F03/Fake/28.wav,1,MEN,MEN-S1F03,TG:6283d6f65cda971a,-10.0546875,1,0.4891666666666666,4.298194e-05
mendeley/extracted/Bangla Audio Dataset Original and DeepFake Voices for AI-Based Voice Analysis and Detection/Dataset/S1F03/Fake/29.wav,1,MEN,MEN-S1F03,TG:8544d87f606d70e6,-9.6328125,1,0.0991666666666666,6.553816e-05
mendeley/extracted/Bangla Audio Dataset Original and DeepFake Voices for AI-Based Voice Analysis and Detection/Dataset/S1F03/Fake/3.wav,1,MEN,MEN-S1F03,TG:79dd086d061de522,-12.1796875,1,0.5675,5.133655e-06
mendeley/extracted/Bangla Audio Dataset Original and DeepFake Voices for AI-Based Voice Analysis and Detection/Dataset/S1F03/Fake/30.wav,1,MEN,MEN-S1F03,TG:c7b089fc1ba419ab,5.2539062,1,0.4758333333333333,0.9948001
mendeley/extracted/Bangla Audio Dataset Original and DeepFake Voices for AI-Based Voice Analysis and Detection/Dataset/S1F03/Fake/4.wav,1,MEN,MEN-S1F03,TG:4d5fe26cc7778810,-8.4609375,1,0.6641666666666667,0.00021152887
mendeley/extracted/Bangla Audio Dataset Original and DeepFake Voices for AI-Based Voice Analysis and Detection/Dataset/S1F03/Fake/5.wav,1,MEN,MEN-S1F03,TG:5adc5ae46d5a5744,-15.34375,1,0.3891666666666666,2.1691717e-07
mendeley/extracted/Bangla Audio Dataset Original and DeepFake Voices for AI-Based Voice Analysis and Detection/Dataset/S1F03/Fake/6.wav,1,MEN,MEN-S1F03,TG:ceba938af43c06ae,-0.7988281,1,0.5108333333333333,0.31027624
mendeley/extracted/Bangla Audio Dataset Original and DeepFake Voices for AI-Based Voice Analysis and Detection/Dataset/S1F03/Fake/7.wav,1,MEN,MEN-S1F03,TG:4c7966295caf20ad,-5.9140625,1,0.4925,0.002693914
mendeley/extracted/Bangla Audio Dataset Original and DeepFake Voices for AI-Based Voice Analysis and Detection/Dataset/S1F03/Fake/8.wav,1,MEN,MEN-S1F03,TG:a108bfb385dd7acb,-17.703125,1,0.4325,2.0494179e-08
mendeley/extracted/Bangla Audio Dataset Original and DeepFake Voices for AI-Based Voice Analysis and Detection/Dataset/S1F03/Fake/9.wav,1,MEN,MEN-S1F03,TG:2a9989c6f851b5a4,-12.125,1,0.3508333333333333,5.4222187e-06
mendeley/extracted/Bangla Audio Dataset Original and DeepFake Voices for AI-Based Voice Analysis and Detection/Dataset/S1F03/Real/1.wav,0,MEN,MEN-S1F03,TG:8388d9ee191bd954,6.65625,1,0.3675,0.99871576
mendeley/extracted/Bangla Audio Dataset Original and DeepFake Voices for AI-Based Voice Analysis and Detection/Dataset/S1F03/Real/10.wav,0,MEN,MEN-S1F03,TG:388cb19343cb520a,3.4746094,1,0.3675,0.96995664
mendeley/extracted/Bangla Audio Dataset Original and DeepFake Voices for AI-Based Voice Analysis and Detection/Dataset/S1F03/Real/11.wav,0,MEN,MEN-S1F03,TG:6663f3ce55d8ec7f,-2.1621094,1,0.3841666666666666,0.10320505
mendeley/extracted/Bangla Audio Dataset Original and DeepFake Voices for AI-Based Voice Analysis and Detection/Dataset/S1F03/Real/12.wav,0,MEN,MEN-S1F03,TG:d3ff909607e60de8,-7.9257812,1,0.3175,0.00036117696
mendeley/extracted/Bangla Audio Dataset Original and DeepFake Voices for AI-Based Voice Analysis and Detection/Dataset/S1F03/Real/13.wav,0,MEN,MEN-S1F03,TG:713c2af6f394806f,8.796875,1,0.3508333333333333,0.99984884
mendeley/extracted/Bangla Audio Dataset Original and DeepFake Voices for AI-Based Voice Analysis and Detection/Dataset/S1F03/Real/14.wav,0,MEN,MEN-S1F03,TG:40c1016845dcdc60,0.26049805,1,0.3175,0.5647587
mendeley/extracted/Bangla Audio Dataset Original and DeepFake Voices for AI-Based Voice Analysis and Detection/Dataset/S1F03/Real/15.wav,0,MEN,MEN-S1F03,TG:210364c8aadbef3a,-6.5078125,1,0.4008333333333334,0.0014895173
mendeley/extracted/Bangla Audio Dataset Original and DeepFake Voices for AI-Based Voice Analysis and Detection/Dataset/S1F03/Real/16.wav,0,MEN,MEN-S1F03,TG:f263a794fb5b64e5,10.46875,1,0.3341666666666666,0.9999716
mendeley/extracted/Bangla Audio Dataset Original and DeepFake Voices for AI-Based Voice Analysis and Detection/Dataset/S1F03/Real/17.wav,0,MEN,MEN-S1F03,TG:ba06269e11aa0648,-5.5273438,1,0.4175,0.003960788
mendeley/extracted/Bangla Audio Dataset Original and DeepFake Voices for AI-Based Voice Analysis and Detection/Dataset/S1F03/Real/18.wav,0,MEN,MEN-S1F03,TG:a06e050050b3f438,9.03125,1,0.4841666666666666,0.99988043
mendeley/extracted/Bangla Audio Dataset Original and DeepFake Voices for AI-Based Voice Analysis and Detection/Dataset/S1F03/Real/19.wav,0,MEN,MEN-S1F03,TG:9a7eea3d42c2dfa3,6.0078125,1,0.5175000000000001,0.9975466
mendeley/extracted/Bangla Audio Dataset Original and DeepFake Voices for AI-Based Voice Analysis and Detection/Dataset/S1F03/Real/2.wav,0,MEN,MEN-S1F03,TG:4ff8497e59c46949,4.0195312,1,0.3341666666666666,0.98235554
mendeley/extracted/Bangla Audio Dataset Original and DeepFake Voices for AI-Based Voice Analysis and Detection/Dataset/S1F03/Real/20.wav,0,MEN,MEN-S1F03,TG:9f86ecadb4b2b5e8,2.6386719,1,0.4341666666666667,0.9333094
mendeley/extracted/Bangla Audio Dataset Original and DeepFake Voices for AI-Based Voice Analysis and Detection/Dataset/S1F03/Real/21.wav,0,MEN,MEN-S1F03,TG:224581f07ca68840,-0.7133789,1,0.3675,0.32885265
mendeley/extracted/Bangla Audio Dataset Original and DeepFake Voices for AI-Based Voice Analysis and Detection/Dataset/S1F03/Real/22.wav,0,MEN,MEN-S1F03,TG:cdf2b766d6b5e166,2.9257812,1,0.4341666666666667,0.94910634
mendeley/extracted/Bangla Audio Dataset Original and DeepFake Voices for AI-Based Voice Analysis and Detection/Dataset/S1F03/Real/23.wav,0,MEN,MEN-S1F03,TG:33b99dc1f5f3c11d,-3.3554688,1,0.4008333333333334,0.03371654
mendeley/extracted/Bangla Audio Dataset Original and DeepFake Voices for AI-Based Voice Analysis and Detection/Dataset/S1F03/Real/24.wav,0,MEN,MEN-S1F03,TG:eea9ea1fd2041b22,8.40625,1,0.4508333333333333,0.99977654
mendeley/extracted/Bangla Audio Dataset Original and DeepFake Voices for AI-Based Voice Analysis and Detection/Dataset/S1F03/Real/25.wav,0,MEN,MEN-S1F03,TG:a7e7a70438f10a1d,-0.4741211,1,0.4341666666666667,0.38364127
mendeley/extracted/Bangla Audio Dataset Original and DeepFake Voices for AI-Based Voice Analysis and Detection/Dataset/S1F03/Real/26.wav,0,MEN,MEN-S1F03,TG:6fe89ab891f32c4e,-0.42260742,1,0.4675,0.39589298
mendeley/extracted/Bangla Audio Dataset Original and DeepFake Voices for AI-Based Voice Analysis and Detection/Dataset/S1F03/Real/27.wav,0,MEN,MEN-S1F03,TG:2c5f8f2f6f8c1b98,0.78564453,1,0.5591666666666666,0.6868954
mendeley/extracted/Bangla Audio Dataset Original and DeepFake Voices for AI-Based Voice Analysis and Detection/Dataset/S1F03/Real/28.wav,0,MEN,MEN-S1F03,TG:6283d6f65cda971a,4.3945312,1,0.4508333333333333,0.98780584
mendeley/extracted/Bangla Audio Dataset Original and DeepFake Voices for AI-Based Voice Analysis and Detection/Dataset/S1F03/Real/29.wav,0,MEN,MEN-S1F03,TG:8544d87f606d70e6,7.8671875,1,0.5008333333333334,0.999617
mendeley/extracted/Bangla Audio Dataset Original and DeepFake Voices for AI-Based Voice Analysis and Detection/Dataset/S1F03/Real/3.wav,0,MEN,MEN-S1F03,TG:79dd086d061de522,9.1484375,1,0.2674999999999999,0.99989367
mendeley/extracted/Bangla Audio Dataset Original and DeepFake Voices for AI-Based Voice Analysis and Detection/Dataset/S1F03/Real/30.wav,0,MEN,MEN-S1F03,TG:c7b089fc1ba419ab,9.4765625,1,0.4508333333333333,0.99992335
mendeley/extracted/Bangla Audio Dataset Original and DeepFake Voices for AI-Based Voice Analysis and Detection/Dataset/S1F03/Real/4.wav,0,MEN,MEN-S1F03,TG:4d5fe26cc7778810,6.6796875,1,0.3675,0.9987453
mendeley/extracted/Bangla Audio Dataset Original and DeepFake Voices for AI-Based Voice Analysis and Detection/Dataset/S1F03/Real/5.wav,0,MEN,MEN-S1F03,TG:5adc5ae46d5a5744,2.0292969,1,0.3841666666666666,0.8838389
mendeley/extracted/Bangla Audio Dataset Original and DeepFake Voices for AI-Based Voice Analysis and Detection/Dataset/S1F03/Real/6.wav,0,MEN,MEN-S1F03,TG:ceba938af43c06ae,-0.85253906,1,0.4191666666666667,0.29890049
mendeley/extracted/Bangla Audio Dataset Original and DeepFake Voices for AI-Based Voice Analysis and Detection/Dataset/S1F03/Real/7.wav,0,MEN,MEN-S1F03,TG:4c7966295caf20ad,2.3027344,1,0.4341666666666667,0.9091032
mendeley/extracted/Bangla Audio Dataset Original and DeepFake Voices for AI-Based Voice Analysis and Detection/Dataset/S1F03/Real/8.wav,0,MEN,MEN-S1F03,TG:a108bfb385dd7acb,6.8125,1,0.3841666666666666,0.99890125
mendeley/extracted/Bangla Audio Dataset Original and DeepFake Voices for AI-Based Voice Analysis and Detection/Dataset/S1F03/Real/9.wav,0,MEN,MEN-S1F03,TG:2a9989c6f851b5a4,7.3671875,1,0.4341666666666667,0.9993687
mendeley/extracted/Bangla Audio Dataset Original and DeepFake Voices for AI-Based Voice Analysis and Detection/Dataset/S1F04/Fake/1.wav,1,MEN,MEN-S1F04,TG:8388d9ee191bd954,-21.484375,1,0.5391666666666667,4.67148e-10
mendeley/extracted/Bangla Audio Dataset Original and DeepFake Voices for AI-Based Voice Analysis and Detection/Dataset/S1F04/Fake/10.wav,1,MEN,MEN-S1F04,TG:388cb19343cb520a,-11.1796875,1,0.5091666666666667,1.3954598e-05
mendeley/extracted/Bangla Audio Dataset Original and DeepFake Voices for AI-Based Voice Analysis and Detection/Dataset/S1F04/Fake/11.wav,1,MEN,MEN-S1F04,TG:6663f3ce55d8ec7f,-14.3515625,1,0.3108333333333333,5.850533e-07
mendeley/extracted/Bangla Audio Dataset Original and DeepFake Voices for AI-Based Voice Analysis and Detection/Dataset/S1F04/Fake/12.wav,1,MEN,MEN-S1F04,TG:d3ff909607e60de8,-0.50878906,1,0.3758333333333333,0.37547746
mendeley/extracted/Bangla Audio Dataset Original and DeepFake Voices for AI-Based Voice Analysis and Detection/Dataset/S1F04/Fake/13.wav,1,MEN,MEN-S1F04,TG:713c2af6f394806f,-3.2128906,1,0.4241666666666667,0.038683496
mendeley/extracted/Bangla Audio Dataset Original and DeepFake Voices for AI-Based Voice Analysis and Detection/Dataset/S1F04/Fake/14.wav,1,MEN,MEN-S1F04,TG:40c1016845dcdc60,-11.4765625,1,0.3158333333333333,1.0370214e-05
mendeley/extracted/Bangla Audio Dataset Original and DeepFake Voices for AI-Based Voice Analysis and Detection/Dataset/S1F04/Fake/15.wav,1,MEN,MEN-S1F04,TG:210364c8aadbef3a,-14.2421875,1,0.4575,6.52674e-07
mendeley/extracted/Bangla Audio Dataset Original and DeepFake Voices for AI-Based Voice Analysis and Detection/Dataset/S1F04/Fake/16.wav,1,MEN,MEN-S1F04,TG:f263a794fb5b64e5,-12.25,1,0.4675,4.7850945e-06
mendeley/extracted/Bangla Audio Dataset Original and DeepFake Voices for AI-Based Voice Analysis and Detection/Dataset/S1F04/Fake/17.wav,1,MEN,MEN-S1F04,TG:ba06269e11aa0648,-13.5390625,1,0.3641666666666666,1.3184367e-06
mendeley/extracted/Bangla Audio Dataset Original and DeepFake Voices for AI-Based Voice Analysis and Detection/Dataset/S1F04/Fake/18.wav,1,MEN,MEN-S1F04,TG:a06e050050b3f438,-13.7265625,1,0.5175000000000001,1.0930228e-06
mendeley/extracted/Bangla Audio Dataset Original and DeepFake Voices for AI-Based Voice Analysis and Detection/Dataset/S1F04/Fake/19.wav,1,MEN,MEN-S1F04,TG:9a7eea3d42c2dfa3,-12.203125,1,0.5325,5.014735e-06
mendeley/extracted/Bangla Audio Dataset Original and DeepFake Voices for AI-Based Voice Analysis and Detection/Dataset/S1F04/Fake/2.wav,1,MEN,MEN-S1F04,TG:4ff8497e59c46949,-12.9609375,1,0.4875,2.350365e-06
mendeley/extracted/Bangla Audio Dataset Original and DeepFake Voices for AI-Based Voice Analysis and Detection/Dataset/S1F04/Fake/20.wav,1,MEN,MEN-S1F04,TG:9f86ecadb4b2b5e8,-11.1015625,1,0.2724999999999999,1.5088502e-05
mendeley/extracted/Bangla Audio Dataset Original and DeepFake Voices for AI-Based Voice Analysis and Detection/Dataset/S1F04/Fake/21.wav,1,MEN,MEN-S1F04,TG:224581f07ca68840,-9.6875,1,0.2858333333333334,6.2050494e-05
mendeley/extracted/Bangla Audio Dataset Original and DeepFake Voices for AI-Based Voice Analysis and Detection/Dataset/S1F04/Fake/22.wav,1,MEN,MEN-S1F04,TG:cdf2b766d6b5e166,-7.734375,1,0.3291666666666667,0.00043733444
mendeley/extracted/Bangla Audio Dataset Original and DeepFake Voices for AI-Based Voice Analysis and Detection/Dataset/S1F04/Fake/23.wav,1,MEN,MEN-S1F04,TG:33b99dc1f5f3c11d,-10.203125,1,0.2808333333333334,3.705297e-05
mendeley/extracted/Bangla Audio Dataset Original and DeepFake Voices for AI-Based Voice Analysis and Detection/Dataset/S1F04/Fake/24.wav,1,MEN,MEN-S1F04,TG:eea9ea1fd2041b22,-17.6875,1,0.4291666666666667,2.0816916e-08
mendeley/extracted/Bangla Audio Dataset Original and DeepFake Voices for AI-Based Voice Analysis and Detection/Dataset/S1F04/Fake/25.wav,1,MEN,MEN-S1F04,TG:a7e7a70438f10a1d,-9.6640625,1,0.3708333333333333,6.352189e-05
mendeley/extracted/Bangla Audio Dataset Original and DeepFake Voices for AI-Based Voice Analysis and Detection/Dataset/S1F04/Fake/26.wav,1,MEN,MEN-S1F04,TG:6fe89ab891f32c4e,-17.3125,1,0.1758333333333332,3.028843e-08
mendeley/extracted/Bangla Audio Dataset Original and DeepFake Voices for AI-Based Voice Analysis and Detection/Dataset/S1F04/Fake/27.wav,1,MEN,MEN-S1F04,TG:2c5f8f2f6f8c1b98,-7.875,1,0.4258333333333333,0.0003799845
mendeley/extracted/Bangla Audio Dataset Original and DeepFake Voices for AI-Based Voice Analysis and Detection/Dataset/S1F04/Fake/28.wav,1,MEN,MEN-S1F04,TG:6283d6f65cda971a,-8.84375,1,0.4641666666666666,0.00014425987
mendeley/extracted/Bangla Audio Dataset Original and DeepFake Voices for AI-Based Voice Analysis and Detection/Dataset/S1F04/Fake/29.wav,1,MEN,MEN-S1F04,TG:8544d87f606d70e6,-13.953125,1,0.0908333333333333,8.7143377e-07
mendeley/extracted/Bangla Audio Dataset Original and DeepFake Voices for AI-Based Voice Analysis and Detection/Dataset/S1F04/Fake/3.wav,1,MEN,MEN-S1F04,TG:79dd086d061de522,-15.953125,1,0.5541666666666667,1.1793583e-07
mendeley/extracted/Bangla Audio Dataset Original and DeepFake Voices for AI-Based Voice Analysis and Detection/Dataset/S1F04/Fake/30.wav,1,MEN,MEN-S1F04,TG:c7b089fc1ba419ab,-9.421875,1,0.3675,8.092757e-05
mendeley/extracted/Bangla Audio Dataset Original and DeepFake Voices for AI-Based Voice Analysis and Detection/Dataset/S1F04/Fake/4.wav,1,MEN,MEN-S1F04,TG:4d5fe26cc7778810,-14.78125,1,0.5541666666666667,3.8070144e-07
mendeley/extracted/Bangla Audio Dataset Original and DeepFake Voices for AI-Based Voice Analysis and Detection/Dataset/S1F04/Fake/5.wav,1,MEN,MEN-S1F04,TG:5adc5ae46d5a5744,-15.2109375,1,0.3425,2.477272e-07
mendeley/extracted/Bangla Audio Dataset Original and DeepFake Voices for AI-Based Voice Analysis and Detection/Dataset/S1F04/Fake/6.wav,1,MEN,MEN-S1F04,TG:ceba938af43c06ae,-11.9453125,1,0.5575,6.4895394e-06
mendeley/extracted/Bangla Audio Dataset Original and DeepFake Voices for AI-Based Voice Analysis and Detection/Dataset/S1F04/Fake/7.wav,1,MEN,MEN-S1F04,TG:4c7966295caf20ad,-3.8007812,1,0.4675,0.021864556
mendeley/extracted/Bangla Audio Dataset Original and DeepFake Voices for AI-Based Voice Analysis and Detection/Dataset/S1F04/Fake/8.wav,1,MEN,MEN-S1F04,TG:a108bfb385dd7acb,-11.140625,1,0.4024999999999999,1.4510478e-05
mendeley/extracted/Bangla Audio Dataset Original and DeepFake Voices for AI-Based Voice Analysis and Detection/Dataset/S1F04/Fake/9.wav,1,MEN,MEN-S1F04,TG:2a9989c6f851b5a4,-14.3515625,1,0.3708333333333333,5.850533e-07
mendeley/extracted/Bangla Audio Dataset Original and DeepFake Voices for AI-Based Voice Analysis and Detection/Dataset/S1F04/Real/1.wav,0,MEN,MEN-S1F04,TG:8388d9ee191bd954,-5.828125,1,0.5508333333333333,0.0029349516
mendeley/extracted/Bangla Audio Dataset Original and DeepFake Voices for AI-Based Voice Analysis and Detection/Dataset/S1F04/Real/10.wav,0,MEN,MEN-S1F04,TG:388cb19343cb520a,-4.4921875,1,0.3175,0.01107216
mendeley/extracted/Bangla Audio Dataset Original and DeepFake Voices for AI-Based Voice Analysis and Detection/Dataset/S1F04/Real/11.wav,0,MEN,MEN-S1F04,TG:6663f3ce55d8ec7f,-2.1582031,1,0.3341666666666666,0.10356715
mendeley/extracted/Bangla Audio Dataset Original and DeepFake Voices for AI-Based Voice Analysis and Detection/Dataset/S1F04/Real/12.wav,0,MEN,MEN-S1F04,TG:d3ff909607e60de8,-4.140625,1,0.3508333333333333,0.015663648
mendeley/extracted/Bangla Audio Dataset Original and DeepFake Voices for AI-Based Voice Analysis and Detection/Dataset/S1F04/Real/13.wav,0,MEN,MEN-S1F04,TG:713c2af6f394806f,-2.3125,1,0.3508333333333333,0.090092994
mendeley/extracted/Bangla Audio Dataset Original and DeepFake Voices for AI-Based Voice Analysis and Detection/Dataset/S1F04/Real/14.wav,0,MEN,MEN-S1F04,TG:40c1016845dcdc60,-9.3125,1,0.3675,9.028039e-05
mendeley/extracted/Bangla Audio Dataset Original and DeepFake Voices for AI-Based Voice Analysis and Detection/Dataset/S1F04/Real/15.wav,0,MEN,MEN-S1F04,TG:210364c8aadbef3a,-1.9970703,1,0.3675,0.11951086
mendeley/extracted/Bangla Audio Dataset Original and DeepFake Voices for AI-Based Voice Analysis and Detection/Dataset/S1F04/Real/16.wav,0,MEN,MEN-S1F04,TG:f263a794fb5b64e5,1.8603516,1,0.3175,0.8653379
mendeley/extracted/Bangla Audio Dataset Original and DeepFake Voices for AI-Based Voice Analysis and Detection/Dataset/S1F04/Real/17.wav,0,MEN,MEN-S1F04,TG:ba06269e11aa0648,-5.8398438,1,0.3675,0.0029008575
mendeley/extracted/Bangla Audio Dataset Original and DeepFake Voices for AI-Based Voice Analysis and Detection/Dataset/S1F04/Real/18.wav,0,MEN,MEN-S1F04,TG:a06e050050b3f438,-7.9140625,1,0.5508333333333333,0.00036543285
mendeley/extracted/Bangla Audio Dataset Original and DeepFake Voices for AI-Based Voice Analysis and Detection/Dataset/S1F04/Real/19.wav,0,MEN,MEN-S1F04,TG:9a7eea3d42c2dfa3,-5.2382812,1,0.3508333333333333,0.005281334
mendeley/extracted/Bangla Audio Dataset Original and DeepFake Voices for AI-Based Voice Analysis and Detection/Dataset/S1F04/Real/2.wav,0,MEN,MEN-S1F04,TG:4ff8497e59c46949,-8.0234375,1,0.5508333333333333,0.00032758433
mendeley/extracted/Bangla Audio Dataset Original and DeepFake Voices for AI-Based Voice Analysis and Detection/Dataset/S1F04/Real/20.wav,0,MEN,MEN-S1F04,TG:9f86ecadb4b2b5e8,-2.5117188,1,0.3341666666666666,0.07504072
mendeley/extracted/Bangla Audio Dataset Original and DeepFake Voices for AI-Based Voice Analysis and Detection/Dataset/S1F04/Real/21.wav,0,MEN,MEN-S1F04,TG:224581f07ca68840,-5.8828125,1,0.3341666666666666,0.0027791904
mendeley/extracted/Bangla Audio Dataset Original and DeepFake Voices for AI-Based Voice Analysis and Detection/Dataset/S1F04/Real/22.wav,0,MEN,MEN-S1F04,TG:cdf2b766d6b5e166,-7.65625,1,0.3341666666666666,0.0004728544
mendeley/extracted/Bangla Audio Dataset Original and DeepFake Voices for AI-Based Voice Analysis and Detection/Dataset/S1F04/Real/23.wav,0,MEN,MEN-S1F04,TG:33b99dc1f5f3c11d,-2.0917969,1,0.4008333333333334,0.10989668
mendeley/extracted/Bangla Audio Dataset Original and DeepFake Voices for AI-Based Voice Analysis and Detection/Dataset/S1F04/Real/24.wav,0,MEN,MEN-S1F04,TG:eea9ea1fd2041b22,-9.25,1,0.4008333333333334,9.610241e-05
mendeley/extracted/Bangla Audio Dataset Original and DeepFake Voices for AI-Based Voice Analysis and Detection/Dataset/S1F04/Real/25.wav,0,MEN,MEN-S1F04,TG:a7e7a70438f10a1d,-2.1542969,1,0.3841666666666666,0.10393038
mendeley/extracted/Bangla Audio Dataset Original and DeepFake Voices for AI-Based Voice Analysis and Detection/Dataset/S1F04/Real/26.wav,0,MEN,MEN-S1F04,TG:6fe89ab891f32c4e,-0.8251953,1,0.3841666666666666,0.30466196
mendeley/extracted/Bangla Audio Dataset Original and DeepFake Voices for AI-Based Voice Analysis and Detection/Dataset/S1F04/Real/27.wav,0,MEN,MEN-S1F04,TG:2c5f8f2f6f8c1b98,-3.0214844,1,0.4341666666666667,0.046464663
mendeley/extracted/Bangla Audio Dataset Original and DeepFake Voices for AI-Based Voice Analysis and Detection/Dataset/S1F04/Real/28.wav,0,MEN,MEN-S1F04,TG:6283d6f65cda971a,-5.6484375,1,0.4675,0.0035106489
mendeley/extracted/Bangla Audio Dataset Original and DeepFake Voices for AI-Based Voice Analysis and Detection/Dataset/S1F04/Real/29.wav,0,MEN,MEN-S1F04,TG:8544d87f606d70e6,-5.9179688,1,0.3675,0.0026834398
mendeley/extracted/Bangla Audio Dataset Original and DeepFake Voices for AI-Based Voice Analysis and Detection/Dataset/S1F04/Real/3.wav,0,MEN,MEN-S1F04,TG:79dd086d061de522,-2.7207031,1,0.4508333333333333,0.0617627
mendeley/extracted/Bangla Audio Dataset Original and DeepFake Voices for AI-Based Voice Analysis and Detection/Dataset/S1F04/Real/30.wav,0,MEN,MEN-S1F04,TG:c7b089fc1ba419ab,-3.703125,1,0.3341666666666666,0.024053553
mendeley/extracted/Bangla Audio Dataset Original and DeepFake Voices for AI-Based Voice Analysis and Detection/Dataset/S1F04/Real/4.wav,0,MEN,MEN-S1F04,TG:4d5fe26cc7778810,-3.078125,1,0.4341666666666667,0.04401865
mendeley/extracted/Bangla Audio Dataset Original and DeepFake Voices for AI-Based Voice Analysis and Detection/Dataset/S1F04/Real/5.wav,0,MEN,MEN-S1F04,TG:5adc5ae46d5a5744,-2.2148438,1,0.3508333333333333,0.09842541
mendeley/extracted/Bangla Audio Dataset Original and DeepFake Voices for AI-Based Voice Analysis and Detection/Dataset/S1F04/Real/6.wav,0,MEN,MEN-S1F04,TG:ceba938af43c06ae,-7.3476562,1,0.3675,0.0006436856
mendeley/extracted/Bangla Audio Dataset Original and DeepFake Voices for AI-Based Voice Analysis and Detection/Dataset/S1F04/Real/7.wav,0,MEN,MEN-S1F04,TG:4c7966295caf20ad,-4.265625,1,0.3675,0.01384861
mendeley/extracted/Bangla Audio Dataset Original and DeepFake Voices for AI-Based Voice Analysis and Detection/Dataset/S1F04/Real/8.wav,0,MEN,MEN-S1F04,TG:a108bfb385dd7acb,3.5957031,1,0.3508333333333333,0.9732915
mendeley/extracted/Bangla Audio Dataset Original and DeepFake Voices for AI-Based Voice Analysis and Detection/Dataset/S1F04/Real/9.wav,0,MEN,MEN-S1F04,TG:2a9989c6f851b5a4,-6.8476562,1,0.3841666666666666,0.0010608152
mendeley/extracted/Bangla Audio Dataset Original and DeepFake Voices for AI-Based Voice Analysis and Detection/Dataset/S1F05/Fake/1.wav,1,MEN,MEN-S1F05,TG:8388d9ee191bd954,-12.4921875,1,0.6258333333333334,3.7558677e-06
mendeley/extracted/Bangla Audio Dataset Original and DeepFake Voices for AI-Based Voice Analysis and Detection/Dataset/S1F05/Fake/10.wav,1,MEN,MEN-S1F05,TG:388cb19343cb520a,-8.28125,1,0.4508333333333333,0.00025315638
mendeley/extracted/Bangla Audio Dataset Original and DeepFake Voices for AI-Based Voice Analysis and Detection/Dataset/S1F05/Fake/11.wav,1,MEN,MEN-S1F05,TG:6663f3ce55d8ec7f,-3.515625,1,0.2941666666666667,0.028870905
mendeley/extracted/Bangla Audio Dataset Original and DeepFake Voices for AI-Based Voice Analysis and Detection/Dataset/S1F05/Fake/12.wav,1,MEN,MEN-S1F05,TG:d3ff909607e60de8,-14.171875,1,0.3225,7.0021684e-07
mendeley/extracted/Bangla Audio Dataset Original and DeepFake Voices for AI-Based Voice Analysis and Detection/Dataset/S1F05/Fake/13.wav,1,MEN,MEN-S1F05,TG:713c2af6f394806f,7.7578125,1,0.4408333333333333,0.9995728
mendeley/extracted/Bangla Audio Dataset Original and DeepFake Voices for AI-Based Voice Analysis and Detection/Dataset/S1F05/Fake/14.wav,1,MEN,MEN-S1F05,TG:40c1016845dcdc60,-11.1171875,1,0.4091666666666667,1.4854579e-05
mendeley/extracted/Bangla Audio Dataset Original and DeepFake Voices for AI-Based Voice Analysis and Detection/Dataset/S1F05/Fake/15.wav,1,MEN,MEN-S1F05,TG:210364c8aadbef3a,-8.3125,1,0.4525,0.0002453695
mendeley/extracted/Bangla Audio Dataset Original and DeepFake Voices for AI-Based Voice Analysis and Detection/Dataset/S1F05/Fake/16.wav,1,MEN,MEN-S1F05,TG:f263a794fb5b64e5,-8.390625,1,0.4775,0.00022693386
mendeley/extracted/Bangla Audio Dataset Original and DeepFake Voices for AI-Based Voice Analysis and Detection/Dataset/S1F05/Fake/17.wav,1,MEN,MEN-S1F05,TG:ba06269e11aa0648,-12.921875,1,0.4008333333333334,2.4439928e-06
mendeley/extracted/Bangla Audio Dataset Original and DeepFake Voices for AI-Based Voice Analysis and Detection/Dataset/S1F05/Fake/18.wav,1,MEN,MEN-S1F05,TG:a06e050050b3f438,-11.2734375,1,0.4725,1.2705822e-05
mendeley/extracted/Bangla Audio Dataset Original and DeepFake Voices for AI-Based Voice Analysis and Detection/Dataset/S1F05/Fake/19.wav,1,MEN,MEN-S1F05,TG:9a7eea3d42c2dfa3,-10.78125,1,0.5275000000000001,2.0785172e-05
mendeley/extracted/Bangla Audio Dataset Original and DeepFake Voices for AI-Based Voice Analysis and Detection/Dataset/S1F05/Fake/2.wav,1,MEN,MEN-S1F05,TG:4ff8497e59c46949,-9.9609375,1,0.5075000000000001,4.720623e-05
mendeley/extracted/Bangla Audio Dataset Original and DeepFake Voices for AI-Based Voice Analysis and Detection/Dataset/S1F05/Fake/20.wav,1,MEN,MEN-S1F05,TG:9f86ecadb4b2b5e8,-11.6015625,1,0.3508333333333333,9.151693e-06
mendeley/extracted/Bangla Audio Dataset Original and DeepFake Voices for AI-Based Voice Analysis and Detection/Dataset/S1F05/Fake/21.wav,1,MEN,MEN-S1F05,TG:224581f07ca68840,-11.6796875,1,0.3075,8.463938e-06
mendeley/extracted/Bangla Audio Dataset Original and DeepFake Voices for AI-Based Voice Analysis and Detection/Dataset/S1F05/Fake/22.wav,1,MEN,MEN-S1F05,TG:cdf2b766d6b5e166,-2.9335938,1,0.2991666666666667,0.05051767
mendeley/extracted/Bangla Audio Dataset Original and DeepFake Voices for AI-Based Voice Analysis and Detection/Dataset/S1F05/Fake/23.wav,1,MEN,MEN-S1F05,TG:33b99dc1f5f3c11d,-7.4921875,1,0.2008333333333333,0.0005571117
mendeley/extracted/Bangla Audio Dataset Original and DeepFake Voices for AI-Based Voice Analysis and Detection/Dataset/S1F05/Fake/24.wav,1,MEN,MEN-S1F05,TG:eea9ea1fd2041b22,-12.203125,1,0.4475,5.014735e-06
mendeley/extracted/Bangla Audio Dataset Original and DeepFake Voices for AI-Based Voice Analysis and Detection/Dataset/S1F05/Fake/25.wav,1,MEN,MEN-S1F05,TG:a7e7a70438f10a1d,-17.953125,1,0.4191666666666667,1.5960882e-08
mendeley/extracted/Bangla Audio Dataset Original and DeepFake Voices for AI-Based Voice Analysis and Detection/Dataset/S1F05/Fake/26.wav,1,MEN,MEN-S1F05,TG:6fe89ab891f32c4e,-18.296875,1,0.2141666666666666,1.131796e-08
mendeley/extracted/Bangla Audio Dataset Original and DeepFake Voices for AI-Based Voice Analysis and Detection/Dataset/S1F05/Fake/27.wav,1,MEN,MEN-S1F05,TG:2c5f8f2f6f8c1b98,-9.0234375,1,0.4958333333333333,0.00012053649
mendeley/extracted/Bangla Audio Dataset Original and DeepFake Voices for AI-Based Voice Analysis and Detection/Dataset/S1F05/Fake/28.wav,1,MEN,MEN-S1F05,TG:6283d6f65cda971a,-12.234375,1,0.4708333333333333,4.8604484e-06
mendeley/extracted/Bangla Audio Dataset Original and DeepFake Voices for AI-Based Voice Analysis and Detection/Dataset/S1F05/Fake/29.wav,1,MEN,MEN-S1F05,TG:8544d87f606d70e6,-12.8671875,1,0.2658333333333333,2.5813706e-06
mendeley/extracted/Bangla Audio Dataset Original and DeepFake Voices for AI-Based Voice Analysis and Detection/Dataset/S1F05/Fake/3.wav,1,MEN,MEN-S1F05,TG:79dd086d061de522,-2.03125,1,0.5391666666666667,0.115960725
mendeley/extracted/Bangla Audio Dataset Original and DeepFake Voices for AI-Based Voice Analysis and Detection/Dataset/S1F05/Fake/30.wav,1,MEN,MEN-S1F05,TG:c7b089fc1ba419ab,-5.3007812,1,0.3675,0.004962942
mendeley/extracted/Bangla Audio Dataset Original and DeepFake Voices for AI-Based Voice Analysis and Detection/Dataset/S1F05/Fake/4.wav,1,MEN,MEN-S1F05,TG:4d5fe26cc7778810,-11.0625,1,0.5441666666666667,1.568955e-05
mendeley/extracted/Bangla Audio Dataset Original and DeepFake Voices for AI-Based Voice Analysis and Detection/Dataset/S1F05/Fake/5.wav,1,MEN,MEN-S1F05,TG:5adc5ae46d5a5744,-17.640625,1,0.3791666666666666,2.181594e-08
mendeley/extracted/Bangla Audio Dataset Original and DeepFake Voices for AI-Based Voice Analysis and Detection/Dataset/S1F05/Fake/6.wav,1,MEN,MEN-S1F05,TG:ceba938af43c06ae,-5.984375,1,0.5125,0.0025114636
mendeley/extracted/Bangla Audio Dataset Original and DeepFake Voices for AI-Based Voice Analysis and Detection/Dataset/S1F05/Fake/7.wav,1,MEN,MEN-S1F05,TG:4c7966295caf20ad,-9.5625,1,0.4158333333333334,7.031184e-05
mendeley/extracted/Bangla Audio Dataset Original and DeepFake Voices for AI-Based Voice Analysis and Detection/Dataset/S1F05/Fake/8.wav,1,MEN,MEN-S1F05,TG:a108bfb385dd7acb,-7.5351562,1,0.4291666666666667,0.00053369283
mendeley/extracted/Bangla Audio Dataset Original and DeepFake Voices for AI-Based Voice Analysis and Detection/Dataset/S1F05/Fake/9.wav,1,MEN,MEN-S1F05,TG:2a9989c6f851b5a4,-9.4609375,1,0.4591666666666666,7.782753e-05
mendeley/extracted/Bangla Audio Dataset Original and DeepFake Voices for AI-Based Voice Analysis and Detection/Dataset/S1F05/Real/1.wav,0,MEN,MEN-S1F05,TG:8388d9ee191bd954,6.4804688,1,0.5008333333333334,0.9984692
mendeley/extracted/Bangla Audio Dataset Original and DeepFake Voices for AI-Based Voice Analysis and Detection/Dataset/S1F05/Real/10.wav,0,MEN,MEN-S1F05,TG:388cb19343cb520a,10.2421875,1,0.4508333333333333,0.99996436
mendeley/extracted/Bangla Audio Dataset Original and DeepFake Voices for AI-Based Voice Analysis and Detection/Dataset/S1F05/Real/11.wav,0,MEN,MEN-S1F05,TG:6663f3ce55d8ec7f,8.078125,1,0.3508333333333333,0.9996898
mendeley/extracted/Bangla Audio Dataset Original and DeepFake Voices for AI-Based Voice Analysis and Detection/Dataset/S1F05/Real/12.wav,0,MEN,MEN-S1F05,TG:d3ff909607e60de8,10.1484375,1,0.4008333333333334,0.9999609
mendeley/extracted/Bangla Audio Dataset Original and DeepFake Voices for AI-Based Voice Analysis and Detection/Dataset/S1F05/Real/13.wav,0,MEN,MEN-S1F05,TG:713c2af6f394806f,8.984375,1,0.4008333333333334,0.9998746
mendeley/extracted/Bangla Audio Dataset Original and DeepFake Voices for AI-Based Voice Analysis and Detection/Dataset/S1F05/Real/14.wav,0,MEN,MEN-S1F05,TG:40c1016845dcdc60,9.4140625,1,0.4341666666666667,0.99991846
mendeley/extracted/Bangla Audio Dataset Original and DeepFake Voices for AI-Based Voice Analysis and Detection/Dataset/S1F05/Real/15.wav,0,MEN,MEN-S1F05,TG:210364c8aadbef3a,7.96875,1,0.4675,0.99965405
mendeley/extracted/Bangla Audio Dataset Original and DeepFake Voices for AI-Based Voice Analysis and Detection/Dataset/S1F05/Real/16.wav,0,MEN,MEN-S1F05,TG:f263a794fb5b64e5,11.4921875,1,0.4508333333333333,0.99998975
mendeley/extracted/Bangla Audio Dataset Original and DeepFake Voices for AI-Based Voice Analysis and Detection/Dataset/S1F05/Real/17.wav,0,MEN,MEN-S1F05,TG:ba06269e11aa0648,8.171875,1,0.4175,0.99971753
mendeley/extracted/Bangla Audio Dataset Original and DeepFake Voices for AI-Based Voice Analysis and Detection/Dataset/S1F05/Real/18.wav,0,MEN,MEN-S1F05,TG:a06e050050b3f438,10.15625,1,0.5341666666666667,0.99996114
mendeley/extracted/Bangla Audio Dataset Original and DeepFake Voices for AI-Based Voice Analysis and Detection/Dataset/S1F05/Real/19.wav,0,MEN,MEN-S1F05,TG:9a7eea3d42c2dfa3,8.9453125,1,0.4508333333333333,0.9998697
mendeley/extracted/Bangla Audio Dataset Original and DeepFake Voices for AI-Based Voice Analysis and Detection/Dataset/S1F05/Real/2.wav,0,MEN,MEN-S1F05,TG:4ff8497e59c46949,12.4453125,1,0.4841666666666666,0.99999607
mendeley/extracted/Bangla Audio Dataset Original and DeepFake Voices for AI-Based Voice Analysis and Detection/Dataset/S1F05/Real/20.wav,0,MEN,MEN-S1F05,TG:9f86ecadb4b2b5e8,7.8710938,1,0.3508333333333333,0.99961853
mendeley/extracted/Bangla Audio Dataset Original and DeepFake Voices for AI-Based Voice Analysis and Detection/Dataset/S1F05/Real/21.wav,0,MEN,MEN-S1F05,TG:224581f07ca68840,10.71875,1,0.4008333333333334,0.9999778
mendeley/extracted/Bangla Audio Dataset Original and DeepFake Voices for AI-Based Voice Analysis and Detection/Dataset/S1F05/Real/22.wav,0,MEN,MEN-S1F05,TG:cdf2b766d6b5e166,9.625,1,0.4008333333333334,0.99993396
mendeley/extracted/Bangla Audio Dataset Original and DeepFake Voices for AI-Based Voice Analysis and Detection/Dataset/S1F05/Real/23.wav,0,MEN,MEN-S1F05,TG:33b99dc1f5f3c11d,8.5390625,1,0.4508333333333333,0.99980444
mendeley/extracted/Bangla Audio Dataset Original and DeepFake Voices for AI-Based Voice Analysis and Detection/Dataset/S1F05/Real/24.wav,0,MEN,MEN-S1F05,TG:eea9ea1fd2041b22,12.2109375,1,0.4008333333333334,0.999995
mendeley/extracted/Bangla Audio Dataset Original and DeepFake Voices for AI-Based Voice Analysis and Detection/Dataset/S1F05/Real/25.wav,0,MEN,MEN-S1F05,TG:a7e7a70438f10a1d,11.953125,1,0.3841666666666666,0.99999356
mendeley/extracted/Bangla Audio Dataset Original and DeepFake Voices for AI-Based Voice Analysis and Detection/Dataset/S1F05/Real/26.wav,0,MEN,MEN-S1F05,TG:6fe89ab891f32c4e,8.84375,1,0.4675,0.99985576
mendeley/extracted/Bangla Audio Dataset Original and DeepFake Voices for AI-Based Voice Analysis and Detection/Dataset/S1F05/Real/27.wav,0,MEN,MEN-S1F05,TG:2c5f8f2f6f8c1b98,8.671875,1,0.5008333333333334,0.9998287
mendeley/extracted/Bangla Audio Dataset Original and DeepFake Voices for AI-Based Voice Analysis and Detection/Dataset/S1F05/Real/28.wav,0,MEN,MEN-S1F05,TG:6283d6f65cda971a,8.3203125,1,0.5175000000000001,0.9997565
mendeley/extracted/Bangla Audio Dataset Original and DeepFake Voices for AI-Based Voice Analysis and Detection/Dataset/S1F05/Real/29.wav,0,MEN,MEN-S1F05,TG:8544d87f606d70e6,8.8828125,1,0.4008333333333334,0.99986124
mendeley/extracted/Bangla Audio Dataset Original and DeepFake Voices for AI-Based Voice Analysis and Detection/Dataset/S1F05/Real/3.wav,0,MEN,MEN-S1F05,TG:79dd086d061de522,9.0859375,1,0.4175,0.99988675
mendeley/extracted/Bangla Audio Dataset Original and DeepFake Voices for AI-Based Voice Analysis and Detection/Dataset/S1F05/Real/30.wav,0,MEN,MEN-S1F05,TG:c7b089fc1ba419ab,11.09375,1,0.4175,0.99998474
mendeley/extracted/Bangla Audio Dataset Original and DeepFake Voices for AI-Based Voice Analysis and Detection/Dataset/S1F05/Real/4.wav,0,MEN,MEN-S1F05,TG:4d5fe26cc7778810,8.9140625,1,0.4508333333333333,0.99986553
mendeley/extracted/Bangla Audio Dataset Original and DeepFake Voices for AI-Based Voice Analysis and Detection/Dataset/S1F05/Real/5.wav,0,MEN,MEN-S1F05,TG:5adc5ae46d5a5744,8.296875,1,0.3675,0.9997508
mendeley/extracted/Bangla Audio Dataset Original and DeepFake Voices for AI-Based Voice Analysis and Detection/Dataset/S1F05/Real/6.wav,0,MEN,MEN-S1F05,TG:ceba938af43c06ae,5.4765625,1,0.4841666666666666,0.99583375
mendeley/extracted/Bangla Audio Dataset Original and DeepFake Voices for AI-Based Voice Analysis and Detection/Dataset/S1F05/Real/7.wav,0,MEN,MEN-S1F05,TG:4c7966295caf20ad,7.7070312,1,0.4175,0.9995505
mendeley/extracted/Bangla Audio Dataset Original and DeepFake Voices for AI-Based Voice Analysis and Detection/Dataset/S1F05/Real/8.wav,0,MEN,MEN-S1F05,TG:a108bfb385dd7acb,10.0,1,0.4175,0.9999546
mendeley/extracted/Bangla Audio Dataset Original and DeepFake Voices for AI-Based Voice Analysis and Detection/Dataset/S1F05/Real/9.wav,0,MEN,MEN-S1F05,TG:2a9989c6f851b5a4,7.515625,1,0.4341666666666667,0.99945575
mendeley/extracted/Bangla Audio Dataset Original and DeepFake Voices for AI-Based Voice Analysis and Detection/Dataset/S1M01/Fake/1.wav,1,MEN,MEN-S1M01,TG:8388d9ee191bd954,-7.4609375,1,0.5391666666666667,0.00057478616
mendeley/extracted/Bangla Audio Dataset Original and DeepFake Voices for AI-Based Voice Analysis and Detection/Dataset/S1M01/Fake/10.wav,1,MEN,MEN-S1M01,TG:388cb19343cb520a,-18.15625,1,0.3508333333333333,1.30268925e-08
mendeley/extracted/Bangla Audio Dataset Original and DeepFake Voices for AI-Based Voice Analysis and Detection/Dataset/S1M01/Fake/11.wav,1,MEN,MEN-S1M01,TG:6663f3ce55d8ec7f,-9.2265625,1,0.2658333333333333,9.83812e-05
mendeley/extracted/Bangla Audio Dataset Original and DeepFake Voices for AI-Based Voice Analysis and Detection/Dataset/S1M01/Fake/12.wav,1,MEN,MEN-S1M01,TG:d3ff909607e60de8,-5.0273438,1,0.2891666666666667,0.0065134983
mendeley/extracted/Bangla Audio Dataset Original and DeepFake Voices for AI-Based Voice Analysis and Detection/Dataset/S1M01/Fake/13.wav,1,MEN,MEN-S1M01,TG:713c2af6f394806f,0.018203735,1,0.3458333333333333,0.5045508
mendeley/extracted/Bangla Audio Dataset Original and DeepFake Voices for AI-Based Voice Analysis and Detection/Dataset/S1M01/Fake/14.wav,1,MEN,MEN-S1M01,TG:40c1016845dcdc60,-9.796875,1,0.2891666666666667,5.562206e-05
mendeley/extracted/Bangla Audio Dataset Original and DeepFake Voices for AI-Based Voice Analysis and Detection/Dataset/S1M01/Fake/15.wav,1,MEN,MEN-S1M01,TG:210364c8aadbef3a,-11.640625,1,0.3708333333333333,8.801101e-06
mendeley/extracted/Bangla Audio Dataset Original and DeepFake Voices for AI-Based Voice Analysis and Detection/Dataset/S1M01/Fake/16.wav,1,MEN,MEN-S1M01,TG:f263a794fb5b64e5,-8.4609375,1,0.3758333333333333,0.00021152887
mendeley/extracted/Bangla Audio Dataset Original and DeepFake Voices for AI-Based Voice Analysis and Detection/Dataset/S1M01/Fake/17.wav,1,MEN,MEN-S1M01,TG:ba06269e11aa0648,-1.5058594,1,0.3891666666666666,0.18155326
mendeley/extracted/Bangla Audio Dataset Original and DeepFake Voices for AI-Based Voice Analysis and Detection/Dataset/S1M01/Fake/18.wav,1,MEN,MEN-S1M01,TG:a06e050050b3f438,-9.125,1,0.4408333333333333,0.00010889691
mendeley/extracted/Bangla Audio Dataset Original and DeepFake Voices for AI-Based Voice Analysis and Detection/Dataset/S1M01/Fake/19.wav,1,MEN,MEN-S1M01,TG:9a7eea3d42c2dfa3,-4.7890625,1,0.4408333333333333,0.008251599
mendeley/extracted/Bangla Audio Dataset Original and DeepFake Voices for AI-Based Voice Analysis and Detection/Dataset/S1M01/Fake/2.wav,1,MEN,MEN-S1M01,TG:4ff8497e59c46949,-8.0546875,1,0.4041666666666667,0.0003175088
mendeley/extracted/Bangla Audio Dataset Original and DeepFake Voices for AI-Based Voice Analysis and Detection/Dataset/S1M01/Fake/20.wav,1,MEN,MEN-S1M01,TG:9f86ecadb4b2b5e8,-9.5625,1,0.3175,7.031184e-05
mendeley/extracted/Bangla Audio Dataset Original and DeepFake Voices for AI-Based Voice Analysis and Detection/Dataset/S1M01/Fake/21.wav,1,MEN,MEN-S1M01,TG:224581f07ca68840,-4.8203125,1,0.2908333333333334,0.0079997545
mendeley/extracted/Bangla Audio Dataset Original and DeepFake Voices for AI-Based Voice Analysis and Detection/Dataset/S1M01/Fake/22.wav,1,MEN,MEN-S1M01,TG:cdf2b766d6b5e166,-1.3916016,1,0.3941666666666666,0.19915219
mendeley/extracted/Bangla Audio Dataset Original and DeepFake Voices for AI-Based Voice Analysis and Detection/Dataset/S1M01/Fake/23.wav,1,MEN,MEN-S1M01,TG:33b99dc1f5f3c11d,-10.3984375,1,0.1308333333333333,3.0479145e-05
mendeley/extracted/Bangla Audio Dataset Original and DeepFake Voices for AI-Based Voice Analysis and Detection/Dataset/S1M01/Fake/24.wav,1,MEN,MEN-S1M01,TG:eea9ea1fd2041b22,-2.7441406,1,0.0891666666666666,0.060418423
mendeley/extracted/Bangla Audio Dataset Original and DeepFake Voices for AI-Based Voice Analysis and Detection/Dataset/S1M01/Fake/25.wav,1,MEN,MEN-S1M01,TG:a7e7a70438f10a1d,-11.9765625,1,0.3241666666666667,6.289879e-06
mendeley/extracted/Bangla Audio Dataset Original and DeepFake Voices for AI-Based Voice Analysis and Detection/Dataset/S1M01/Fake/26.wav,1,MEN,MEN-S1M01,TG:6fe89ab891f32c4e,-12.6953125,1,0.0608333333333332,3.065452e-06
mendeley/extracted/Bangla Audio Dataset Original and DeepFake Voices for AI-Based Voice Analysis and Detection/Dataset/S1M01/Fake/27.wav,1,MEN,MEN-S1M01,TG:2c5f8f2f6f8c1b98,-11.3046875,1,0.2708333333333333,1.2314909e-05
mendeley/extracted/Bangla Audio Dataset Original and DeepFake Voices for AI-Based Voice Analysis and Detection/Dataset/S1M01/Fake/28.wav,1,MEN,MEN-S1M01,TG:6283d6f65cda971a,-11.09375,1,0.4791666666666666,1.520684e-05
mendeley/extracted/Bangla Audio Dataset Original and DeepFake Voices for AI-Based Voice Analysis and Detection/Dataset/S1M01/Fake/29.wav,1,MEN,MEN-S1M01,TG:8544d87f606d70e6,-6.6445312,1,0.1825,0.0012994275
mendeley/extracted/Bangla Audio Dataset Original and DeepFake Voices for AI-Based Voice Analysis and Detection/Dataset/S1M01/Fake/3.wav,1,MEN,MEN-S1M01,TG:79dd086d061de522,-12.0078125,1,0.5141666666666667,6.0963603e-06
mendeley/extracted/Bangla Audio Dataset Original and DeepFake Voices for AI-Based Voice Analysis and Detection/Dataset/S1M01/Fake/30.wav,1,MEN,MEN-S1M01,TG:c7b089fc1ba419ab,-10.4765625,1,0.2441666666666666,2.8188664e-05
mendeley/extracted/Bangla Audio Dataset Original and DeepFake Voices for AI-Based Voice Analysis and Detection/Dataset/S1M01/Fake/4.wav,1,MEN,MEN-S1M01,TG:4d5fe26cc7778810,-7.2265625,1,0.5108333333333333,0.0007264875
mendeley/extracted/Bangla Audio Dataset Original and DeepFake Voices for AI-Based Voice Analysis and Detection/Dataset/S1M01/Fake/5.wav,1,MEN,MEN-S1M01,TG:5adc5ae46d5a5744,-4.9296875,1,0.4675,0.007176882
mendeley/extracted/Bangla Audio Dataset Original and DeepFake Voices for AI-Based Voice Analysis and Detection/Dataset/S1M01/Fake/6.wav,1,MEN,MEN-S1M01,TG:ceba938af43c06ae,-7.4023438,1,0.4791666666666666,0.0006094501
mendeley/extracted/Bangla Audio Dataset Original and DeepFake Voices for AI-Based Voice Analysis and Detection/Dataset/S1M01/Fake/7.wav,1,MEN,MEN-S1M01,TG:4c7966295caf20ad,5.1015625,1,0.3941666666666666,0.99394965
mendeley/extracted/Bangla Audio Dataset Original and DeepFake Voices for AI-Based Voice Analysis and Detection/Dataset/S1M01/Fake/8.wav,1,MEN,MEN-S1M01,TG:a108bfb385dd7acb,-8.3203125,1,0.2574999999999999,0.00024346048
mendeley/extracted/Bangla Audio Dataset Original and DeepFake Voices for AI-Based Voice Analysis and Detection/Dataset/S1M01/Fake/9.wav,1,MEN,MEN-S1M01,TG:2a9989c6f851b5a4,-4.5859375,1,0.4558333333333333,0.010091316
mendeley/extracted/Bangla Audio Dataset Original and DeepFake Voices for AI-Based Voice Analysis and Detection/Dataset/S1M01/Real/1.wav,0,MEN,MEN-S1M01,TG:8388d9ee191bd954,-9.1328125,1,0.5008333333333334,0.000108049564
mendeley/extracted/Bangla Audio Dataset Original and DeepFake Voices for AI-Based Voice Analysis and Detection/Dataset/S1M01/Real/10.wav,0,MEN,MEN-S1M01,TG:388cb19343cb520a,-13.921875,1,0.5008333333333334,8.990961e-07
mendeley/extracted/Bangla Audio Dataset Original and DeepFake Voices for AI-Based Voice Analysis and Detection/Dataset/S1M01/Real/11.wav,0,MEN,MEN-S1M01,TG:6663f3ce55d8ec7f,-15.0390625,1,0.5341666666666667,2.941833e-07
mendeley/extracted/Bangla Audio Dataset Original and DeepFake Voices for AI-Based Voice Analysis and Detection/Dataset/S1M01/Real/12.wav,0,MEN,MEN-S1M01,TG:d3ff909607e60de8,-12.6171875,1,0.5225,3.314543e-06
mendeley/extracted/Bangla Audio Dataset Original and DeepFake Voices for AI-Based Voice Analysis and Detection/Dataset/S1M01/Real/13.wav,0,MEN,MEN-S1M01,TG:713c2af6f394806f,-10.8515625,1,0.4475,1.9373938e-05
mendeley/extracted/Bangla Audio Dataset Original and DeepFake Voices for AI-Based Voice Analysis and Detection/Dataset/S1M01/Real/14.wav,0,MEN,MEN-S1M01,TG:40c1016845dcdc60,-7.8164062,1,0.5208333333333333,0.0004029052
mendeley/extracted/Bangla Audio Dataset Original and DeepFake Voices for AI-Based Voice Analysis and Detection/Dataset/S1M01/Real/15.wav,0,MEN,MEN-S1M01,TG:210364c8aadbef3a,-14.890625,1,0.5308333333333333,3.4125858e-07
mendeley/extracted/Bangla Audio Dataset Original and DeepFake Voices for AI-Based Voice Analysis and Detection/Dataset/S1M01/Real/16.wav,0,MEN,MEN-S1M01,TG:f263a794fb5b64e5,-10.8671875,1,0.4991666666666666,1.907358e-05
mendeley/extracted/Bangla Audio Dataset Original and DeepFake Voices for AI-Based Voice Analysis and Detection/Dataset/S1M01/Real/17.wav,0,MEN,MEN-S1M01,TG:ba06269e11aa0648,-8.1484375,1,0.4891666666666666,0.00028910325
mendeley/extracted/Bangla Audio Dataset Original and DeepFake Voices for AI-Based Voice Analysis and Detection/Dataset/S1M01/Real/18.wav,0,MEN,MEN-S1M01,TG:a06e050050b3f438,-13.40625,1,0.6225,1.5057017e-06
mendeley/extracted/Bangla Audio Dataset Original and DeepFake Voices for AI-Based Voice Analysis and Detection/Dataset/S1M01/Real/19.wav,0,MEN,MEN-S1M01,TG:9a7eea3d42c2dfa3,-14.421875,1,0.5675,5.4532956e-07
mendeley/extracted/Bangla Audio Dataset Original and DeepFake Voices for AI-Based Voice Analysis and Detection/Dataset/S1M01/Real/2.wav,0,MEN,MEN-S1M01,TG:4ff8497e59c46949,-4.34375,1,0.4841666666666666,0.012821215
mendeley/extracted/Bangla Audio Dataset Original and DeepFake Voices for AI-Based Voice Analysis and Detection/Dataset/S1M01/Real/20.wav,0,MEN,MEN-S1M01,TG:9f86ecadb4b2b5e8,-12.0625,1,0.4041666666666667,5.77192e-06
mendeley/extracted/Bangla Audio Dataset Original and DeepFake Voices for AI-Based Voice Analysis and Detection/Dataset/S1M01/Real/21.wav,0,MEN,MEN-S1M01,TG:224581f07ca68840,-9.4765625,1,0.4658333333333333,7.662102e-05
mendeley/extracted/Bangla Audio Dataset Original and DeepFake Voices for AI-Based Voice Analysis and Detection/Dataset/S1M01/Real/22.wav,0,MEN,MEN-S1M01,TG:cdf2b766d6b5e166,-11.421875,1,0.4841666666666666,1.0953124e-05
mendeley/extracted/Bangla Audio Dataset Original and DeepFake Voices for AI-Based Voice Analysis and Detection/Dataset/S1M01/Real/23.wav,0,MEN,MEN-S1M01,TG:33b99dc1f5f3c11d,-9.6796875,1,0.4575,6.253713e-05
mendeley/extracted/Bangla Audio Dataset Original and DeepFake Voices for AI-Based Voice Analysis and Detection/Dataset/S1M01/Real/24.wav,0,MEN,MEN-S1M01,TG:eea9ea1fd2041b22,0.04119873,1,0.5558333333333334,0.51029825
mendeley/extracted/Bangla Audio Dataset Original and DeepFake Voices for AI-Based Voice Analysis and Detection/Dataset/S1M01/Real/25.wav,0,MEN,MEN-S1M01,TG:a7e7a70438f10a1d,-8.90625,1,0.4175,0.0001355208
mendeley/extracted/Bangla Audio Dataset Original and DeepFake Voices for AI-Based Voice Analysis and Detection/Dataset/S1M01/Real/26.wav,0,MEN,MEN-S1M01,TG:6fe89ab891f32c4e,-6.8242188,1,0.5008333333333334,0.0010859445
mendeley/extracted/Bangla Audio Dataset Original and DeepFake Voices for AI-Based Voice Analysis and Detection/Dataset/S1M01/Real/27.wav,0,MEN,MEN-S1M01,TG:2c5f8f2f6f8c1b98,-10.171875,1,0.4675,3.822911e-05
mendeley/extracted/Bangla Audio Dataset Original and DeepFake Voices for AI-Based Voice Analysis and Detection/Dataset/S1M01/Real/28.wav,0,MEN,MEN-S1M01,TG:6283d6f65cda971a,-7.4882812,1,0.4175,0.000559291
mendeley/extracted/Bangla Audio Dataset Original and DeepFake Voices for AI-Based Voice Analysis and Detection/Dataset/S1M01/Real/29.wav,0,MEN,MEN-S1M01,TG:8544d87f606d70e6,-6.1914062,1,0.3941666666666666,0.0020427648
mendeley/extracted/Bangla Audio Dataset Original and DeepFake Voices for AI-Based Voice Analysis and Detection/Dataset/S1M01/Real/3.wav,0,MEN,MEN-S1M01,TG:79dd086d061de522,-8.5,1,0.5341666666666667,0.00020342699
mendeley/extracted/Bangla Audio Dataset Original and DeepFake Voices for AI-Based Voice Analysis and Detection/Dataset/S1M01/Real/30.wav,0,MEN,MEN-S1M01,TG:c7b089fc1ba419ab,-6.46875,1,0.4675,0.0015487609
mendeley/extracted/Bangla Audio Dataset Original and DeepFake Voices for AI-Based Voice Analysis and Detection/Dataset/S1M01/Real/4.wav,0,MEN,MEN-S1M01,TG:4d5fe26cc7778810,-6.6367188,1,0.5175000000000001,0.0013096055
mendeley/extracted/Bangla Audio Dataset Original and DeepFake Voices for AI-Based Voice Analysis and Detection/Dataset/S1M01/Real/5.wav,0,MEN,MEN-S1M01,TG:5adc5ae46d5a5744,-12.75,1,0.5375,2.902312e-06
mendeley/extracted/Bangla Audio Dataset Original and DeepFake Voices for AI-Based Voice Analysis and Detection/Dataset/S1M01/Real/6.wav,0,MEN,MEN-S1M01,TG:ceba938af43c06ae,-16.203125,1,0.5158333333333334,9.184853e-08
mendeley/extracted/Bangla Audio Dataset Original and DeepFake Voices for AI-Based Voice Analysis and Detection/Dataset/S1M01/Real/7.wav,0,MEN,MEN-S1M01,TG:4c7966295caf20ad,-9.9375,1,0.5325,4.832564e-05
mendeley/extracted/Bangla Audio Dataset Original and DeepFake Voices for AI-Based Voice Analysis and Detection/Dataset/S1M01/Real/8.wav,0,MEN,MEN-S1M01,TG:a108bfb385dd7acb,-10.6875,1,0.5441666666666667,2.2827997e-05
mendeley/extracted/Bangla Audio Dataset Original and DeepFake Voices for AI-Based Voice Analysis and Detection/Dataset/S1M01/Real/9.wav,0,MEN,MEN-S1M01,TG:2a9989c6f851b5a4,-11.3203125,1,0.5325,1.2123987e-05
mendeley/extracted/Bangla Audio Dataset Original and DeepFake Voices for AI-Based Voice Analysis and Detection/Dataset/S1M02/Fake/1.wav,1,MEN,MEN-S1M02,TG:8388d9ee191bd954,-8.34375,1,0.4875,0.00023782204
mendeley/extracted/Bangla Audio Dataset Original and DeepFake Voices for AI-Based Voice Analysis and Detection/Dataset/S1M02/Fake/10.wav,1,MEN,MEN-S1M02,TG:388cb19343cb520a,-14.8203125,1,0.3575,3.66117e-07
mendeley/extracted/Bangla Audio Dataset Original and DeepFake Voices for AI-Based Voice Analysis and Detection/Dataset/S1M02/Fake/11.wav,1,MEN,MEN-S1M02,TG:6663f3ce55d8ec7f,-8.8515625,1,0.2875,0.00014313738
mendeley/extracted/Bangla Audio Dataset Original and DeepFake Voices for AI-Based Voice Analysis and Detection/Dataset/S1M02/Fake/12.wav,1,MEN,MEN-S1M02,TG:d3ff909607e60de8,-12.59375,1,0.2574999999999999,3.3931447e-06
mendeley/extracted/Bangla Audio Dataset Original and DeepFake Voices for AI-Based Voice Analysis and Detection/Dataset/S1M02/Fake/13.wav,1,MEN,MEN-S1M02,TG:713c2af6f394806f,-10.1640625,1,0.2941666666666667,3.8528935e-05
mendeley/extracted/Bangla Audio Dataset Original and DeepFake Voices for AI-Based Voice Analysis and Detection/Dataset/S1M02/Fake/14.wav,1,MEN,MEN-S1M02,TG:40c1016845dcdc60,-11.0859375,1,0.3108333333333333,1.5326106e-05
mendeley/extracted/Bangla Audio Dataset Original and DeepFake Voices for AI-Based Voice Analysis and Detection/Dataset/S1M02/Fake/15.wav,1,MEN,MEN-S1M02,TG:210364c8aadbef3a,-11.8203125,1,0.4225,7.353606e-06
mendeley/extracted/Bangla Audio Dataset Original and DeepFake Voices for AI-Based Voice Analysis and Detection/Dataset/S1M02/Fake/16.wav,1,MEN,MEN-S1M02,TG:f263a794fb5b64e5,-2.0390625,1,0.4358333333333333,0.11516222
mendeley/extracted/Bangla Audio Dataset Original and DeepFake Voices for AI-Based Voice Analysis and Detection/Dataset/S1M02/Fake/17.wav,1,MEN,MEN-S1M02,TG:ba06269e11aa0648,-11.703125,1,0.3708333333333333,8.267873e-06
mendeley/extracted/Bangla Audio Dataset Original and DeepFake Voices for AI-Based Voice Analysis and Detection/Dataset/S1M02/Fake/18.wav,1,MEN,MEN-S1M02,TG:a06e050050b3f438,-7.2109375,1,0.4525,0.00073791965
mendeley/extracted/Bangla Audio Dataset Original and DeepFake Voices for AI-Based Voice Analysis and Detection/Dataset/S1M02/Fake/19.wav,1,MEN,MEN-S1M02,TG:9a7eea3d42c2dfa3,-9.390625,1,0.3908333333333333,8.3496285e-05
mendeley/extracted/Bangla Audio Dataset Original and DeepFake Voices for AI-Based Voice Analysis and Detection/Dataset/S1M02/Fake/2.wav,1,MEN,MEN-S1M02,TG:4ff8497e59c46949,-9.9609375,1,0.3641666666666666,4.720623e-05
mendeley/extracted/Bangla Audio Dataset Original and DeepFake Voices for AI-Based Voice Analysis and Detection/Dataset/S1M02/Fake/20.wav,1,MEN,MEN-S1M02,TG:9f86ecadb4b2b5e8,-6.4414062,1,0.3441666666666666,0.001591626
mendeley/extracted/Bangla Audio Dataset Original and DeepFake Voices for AI-Based Voice Analysis and Detection/Dataset/S1M02/Fake/21.wav,1,MEN,MEN-S1M02,TG:224581f07ca68840,-10.34375,1,0.2341666666666666,3.2192336e-05
mendeley/extracted/Bangla Audio Dataset Original and DeepFake Voices for AI-Based Voice Analysis and Detection/Dataset/S1M02/Fake/22.wav,1,MEN,MEN-S1M02,TG:cdf2b766d6b5e166,-6.6015625,1,0.4275,0.0013564017
mendeley/extracted/Bangla Audio Dataset Original and DeepFake Voices for AI-Based Voice Analysis and Detection/Dataset/S1M02/Fake/23.wav,1,MEN,MEN-S1M02,TG:33b99dc1f5f3c11d,-9.8046875,1,0.1875,5.5189234e-05
mendeley/extracted/Bangla Audio Dataset Original and DeepFake Voices for AI-Based Voice Analysis and Detection/Dataset/S1M02/Fake/24.wav,1,MEN,MEN-S1M02,TG:eea9ea1fd2041b22,-11.734375,1,0.2075,8.0135e-06
mendeley/extracted/Bangla Audio Dataset Original and DeepFake Voices for AI-Based Voice Analysis and Detection/Dataset/S1M02/Fake/25.wav,1,MEN,MEN-S1M02,TG:a7e7a70438f10a1d,-11.8828125,1,0.2941666666666667,6.908075e-06
mendeley/extracted/Bangla Audio Dataset Original and DeepFake Voices for AI-Based Voice Analysis and Detection/Dataset/S1M02/Fake/26.wav,1,MEN,MEN-S1M02,TG:6fe89ab891f32c4e,-11.8046875,1,0.0891666666666666,7.469407e-06
mendeley/extracted/Bangla Audio Dataset Original and DeepFake Voices for AI-Based Voice Analysis and Detection/Dataset/S1M02/Fake/27.wav,1,MEN,MEN-S1M02,TG:2c5f8f2f6f8c1b98,-12.140625,1,0.4125,5.338156e-06
mendeley/extracted/Bangla Audio Dataset Original and DeepFake Voices for AI-Based Voice Analysis and Detection/Dataset/S1M02/Fake/28.wav,1,MEN,MEN-S1M02,TG:6283d6f65cda971a,-13.9765625,1,0.3808333333333333,8.5124714e-07
mendeley/extracted/Bangla Audio Dataset Original and DeepFake Voices for AI-Based Voice Analysis and Detection/Dataset/S1M02/Fake/29.wav,1,MEN,MEN-S1M02,TG:8544d87f606d70e6,-14.3359375,1,0.1391666666666666,5.9426645e-07
mendeley/extracted/Bangla Audio Dataset Original and DeepFake Voices for AI-Based Voice Analysis and Detection/Dataset/S1M02/Fake/3.wav,1,MEN,MEN-S1M02,TG:79dd086d061de522,-12.171875,1,0.5175000000000001,5.173919e-06
mendeley/extracted/Bangla Audio Dataset Original and DeepFake Voices for AI-Based Voice Analysis and Detection/Dataset/S1M02/Fake/30.wav,1,MEN,MEN-S1M02,TG:c7b089fc1ba419ab,-11.078125,1,0.2758333333333334,1.5446309e-05
mendeley/extracted/Bangla Audio Dataset Original and DeepFake Voices for AI-Based Voice Analysis and Detection/Dataset/S1M02/Fake/4.wav,1,MEN,MEN-S1M02,TG:4d5fe26cc7778810,-11.375,1,0.5241666666666667,1.1478767e-05
mendeley/extracted/Bangla Audio Dataset Original and DeepFake Voices for AI-Based Voice Analysis and Detection/Dataset/S1M02/Fake/5.wav,1,MEN,MEN-S1M02,TG:5adc5ae46d5a5744,-11.2890625,1,0.4375,1.2508841e-05
mendeley/extracted/Bangla Audio Dataset Original and DeepFake Voices for AI-Based Voice Analysis and Detection/Dataset/S1M02/Fake/6.wav,1,MEN,MEN-S1M02,TG:ceba938af43c06ae,-11.6953125,1,0.4225,8.332719e-06
mendeley/extracted/Bangla Audio Dataset Original and DeepFake Voices for AI-Based Voice Analysis and Detection/Dataset/S1M02/Fake/7.wav,1,MEN,MEN-S1M02,TG:4c7966295caf20ad,-9.8359375,1,0.2925,5.3491327e-05
mendeley/extracted/Bangla Audio Dataset Original and DeepFake Voices for AI-Based Voice Analysis and Detection/Dataset/S1M02/Fake/8.wav,1,MEN,MEN-S1M02,TG:a108bfb385dd7acb,-11.34375,1,0.2624999999999999,1.184314e-05
mendeley/extracted/Bangla Audio Dataset Original and DeepFake Voices for AI-Based Voice Analysis and Detection/Dataset/S1M02/Fake/9.wav,1,MEN,MEN-S1M02,TG:2a9989c6f851b5a4,-4.1210938,1,0.4225,0.015967654
mendeley/extracted/Bangla Audio Dataset Original and DeepFake Voices for AI-Based Voice Analysis and Detection/Dataset/S1M02/Real/1.wav,0,MEN,MEN-S1M02,TG:8388d9ee191bd954,3.2988281,1,0.6174999999999999,0.9643886
mendeley/extracted/Bangla Audio Dataset Original and DeepFake Voices for AI-Based Voice Analysis and Detection/Dataset/S1M02/Real/10.wav,0,MEN,MEN-S1M02,TG:388cb19343cb520a,8.609375,1,0.3675,0.99981767
mendeley/extracted/Bangla Audio Dataset Original and DeepFake Voices for AI-Based Voice Analysis and Detection/Dataset/S1M02/Real/11.wav,0,MEN,MEN-S1M02,TG:6663f3ce55d8ec7f,7.0390625,1,0.3508333333333333,0.9991239
mendeley/extracted/Bangla Audio Dataset Original and DeepFake Voices for AI-Based Voice Analysis and Detection/Dataset/S1M02/Real/12.wav,0,MEN,MEN-S1M02,TG:d3ff909607e60de8,9.9375,1,0.4008333333333334,0.9999517
mendeley/extracted/Bangla Audio Dataset Original and DeepFake Voices for AI-Based Voice Analysis and Detection/Dataset/S1M02/Real/13.wav,0,MEN,MEN-S1M02,TG:713c2af6f394806f,10.4765625,1,0.3675,0.99997187
mendeley/extracted/Bangla Audio Dataset Original and DeepFake Voices for AI-Based Voice Analysis and Detection/Dataset/S1M02/Real/14.wav,0,MEN,MEN-S1M02,TG:40c1016845dcdc60,7.7304688,1,0.4008333333333334,0.9995609
mendeley/extracted/Bangla Audio Dataset Original and DeepFake Voices for AI-Based Voice Analysis and Detection/Dataset/S1M02/Real/15.wav,0,MEN,MEN-S1M02,TG:210364c8aadbef3a,8.6953125,1,0.5008333333333334,0.99983263
mendeley/extracted/Bangla Audio Dataset Original and DeepFake Voices for AI-Based Voice Analysis and Detection/Dataset/S1M02/Real/16.wav,0,MEN,MEN-S1M02,TG:f263a794fb5b64e5,9.5078125,1,0.4508333333333333,0.99992573
mendeley/extracted/Bangla Audio Dataset Original and DeepFake Voices for AI-Based Voice Analysis and Detection/Dataset/S1M02/Real/17.wav,0,MEN,MEN-S1M02,TG:ba06269e11aa0648,2.5019531,1,0.5341666666666667,0.9242787
mendeley/extracted/Bangla Audio Dataset Original and DeepFake Voices for AI-Based Voice Analysis and Detection/Dataset/S1M02/Real/18.wav,0,MEN,MEN-S1M02,TG:a06e050050b3f438,11.046875,1,0.4675,0.999984
mendeley/extracted/Bangla Audio Dataset Original and DeepFake Voices for AI-Based Voice Analysis and Detection/Dataset/S1M02/Real/19.wav,0,MEN,MEN-S1M02,TG:9a7eea3d42c2dfa3,5.7929688,1,0.4008333333333334,0.99696034
mendeley/extracted/Bangla Audio Dataset Original and DeepFake Voices for AI-Based Voice Analysis and Detection/Dataset/S1M02/Real/2.wav,0,MEN,MEN-S1M02,TG:4ff8497e59c46949,8.484375,1,0.5508333333333333,0.99979335
mendeley/extracted/Bangla Audio Dataset Original and DeepFake Voices for AI-Based Voice Analysis and Detection/Dataset/S1M02/Real/20.wav,0,MEN,MEN-S1M02,TG:9f86ecadb4b2b5e8,9.03125,1,0.3675,0.99988043
mendeley/extracted/Bangla Audio Dataset Original and DeepFake Voices for AI-Based Voice Analysis and Detection/Dataset/S1M02/Real/21.wav,0,MEN,MEN-S1M02,TG:224581f07ca68840,8.421875,1,0.4508333333333333,0.99978
mendeley/extracted/Bangla Audio Dataset Original and DeepFake Voices for AI-Based Voice Analysis and Detection/Dataset/S1M02/Real/22.wav,0,MEN,MEN-S1M02,TG:cdf2b766d6b5e166,10.859375,1,0.4675,0.9999808
mendeley/extracted/Bangla Audio Dataset Original and DeepFake Voices for AI-Based Voice Analysis and Detection/Dataset/S1M02/Real/23.wav,0,MEN,MEN-S1M02,TG:33b99dc1f5f3c11d,8.4140625,1,0.3508333333333333,0.99977833
mendeley/extracted/Bangla Audio Dataset Original and DeepFake Voices for AI-Based Voice Analysis and Detection/Dataset/S1M02/Real/24.wav,0,MEN,MEN-S1M02,TG:eea9ea1fd2041b22,10.4609375,1,0.3508333333333333,0.9999714
mendeley/extracted/Bangla Audio Dataset Original and DeepFake Voices for AI-Based Voice Analysis and Detection/Dataset/S1M02/Real/25.wav,0,MEN,MEN-S1M02,TG:a7e7a70438f10a1d,11.7890625,1,0.3841666666666666,0.9999924
mendeley/extracted/Bangla Audio Dataset Original and DeepFake Voices for AI-Based Voice Analysis and Detection/Dataset/S1M02/Real/26.wav,0,MEN,MEN-S1M02,TG:6fe89ab891f32c4e,8.890625,1,0.4341666666666667,0.9998623
mendeley/extracted/Bangla Audio Dataset Original and DeepFake Voices for AI-Based Voice Analysis and Detection/Dataset/S1M02/Real/27.wav,0,MEN,MEN-S1M02,TG:2c5f8f2f6f8c1b98,9.2109375,1,0.4341666666666667,0.9999001
mendeley/extracted/Bangla Audio Dataset Original and DeepFake Voices for AI-Based Voice Analysis and Detection/Dataset/S1M02/Real/28.wav,0,MEN,MEN-S1M02,TG:6283d6f65cda971a,10.6015625,1,0.4508333333333333,0.9999751
mendeley/extracted/Bangla Audio Dataset Original and DeepFake Voices for AI-Based Voice Analysis and Detection/Dataset/S1M02/Real/29.wav,0,MEN,MEN-S1M02,TG:8544d87f606d70e6,9.140625,1,0.3508333333333333,0.99989283
mendeley/extracted/Bangla Audio Dataset Original and DeepFake Voices for AI-Based Voice Analysis and Detection/Dataset/S1M02/Real/3.wav,0,MEN,MEN-S1M02,TG:79dd086d061de522,9.5625,1,0.4675,0.99992967
mendeley/extracted/Bangla Audio Dataset Original and DeepFake Voices for AI-Based Voice Analysis and Detection/Dataset/S1M02/Real/30.wav,0,MEN,MEN-S1M02,TG:c7b089fc1ba419ab,12.9609375,1,0.3508333333333333,0.9999976
mendeley/extracted/Bangla Audio Dataset Original and DeepFake Voices for AI-Based Voice Analysis and Detection/Dataset/S1M02/Real/4.wav,0,MEN,MEN-S1M02,TG:4d5fe26cc7778810,9.46875,1,0.5008333333333334,0.99992275
mendeley/extracted/Bangla Audio Dataset Original and DeepFake Voices for AI-Based Voice Analysis and Detection/Dataset/S1M02/Real/5.wav,0,MEN,MEN-S1M02,TG:5adc5ae46d5a5744,4.9140625,1,0.4008333333333334,0.99271095
mendeley/extracted/Bangla Audio Dataset Original and DeepFake Voices for AI-Based Voice Analysis and Detection/Dataset/S1M02/Real/6.wav,0,MEN,MEN-S1M02,TG:ceba938af43c06ae,8.109375,1,0.4508333333333333,0.99969935
mendeley/extracted/Bangla Audio Dataset Original and DeepFake Voices for AI-Based Voice Analysis and Detection/Dataset/S1M02/Real/7.wav,0,MEN,MEN-S1M02,TG:4c7966295caf20ad,4.9648438,1,0.4175,0.99306935
mendeley/extracted/Bangla Audio Dataset Original and DeepFake Voices for AI-Based Voice Analysis and Detection/Dataset/S1M02/Real/8.wav,0,MEN,MEN-S1M02,TG:a108bfb385dd7acb,8.8359375,1,0.4341666666666667,0.99985456
mendeley/extracted/Bangla Audio Dataset Original and DeepFake Voices for AI-Based Voice Analysis and Detection/Dataset/S1M02/Real/9.wav,0,MEN,MEN-S1M02,TG:2a9989c6f851b5a4,9.84375,1,0.4675,0.99994695
mendeley/extracted/Bangla Audio Dataset Original and DeepFake Voices for AI-Based Voice Analysis and Detection/Dataset/S2F01/Fake/1.wav,1,MEN,MEN-S2F01,TG:b20a3f0d02492dde,-13.171875,1,0.3675,1.9033845e-06
mendeley/extracted/Bangla Audio Dataset Original and DeepFake Voices for AI-Based Voice Analysis and Detection/Dataset/S2F01/Fake/10.wav,1,MEN,MEN-S2F01,TG:33b1f33dae6afa07,-21.578125,1,0.4375,4.2534307e-10
mendeley/extracted/Bangla Audio Dataset Original and DeepFake Voices for AI-Based Voice Analysis and Detection/Dataset/S2F01/Fake/11.wav,1,MEN,MEN-S2F01,TG:bbe30dd5ada268b4,-18.140625,1,0.3375,1.3232036e-08
mendeley/extracted/Bangla Audio Dataset Original and DeepFake Voices for AI-Based Voice Analysis and Detection/Dataset/S2F01/Fake/12.wav,1,MEN,MEN-S2F01,TG:6074856ccebe1d75,-15.3984375,1,0.5208333333333333,2.0537306e-07
mendeley/extracted/Bangla Audio Dataset Original and DeepFake Voices for AI-Based Voice Analysis and Detection/Dataset/S2F01/Fake/13.wav,1,MEN,MEN-S2F01,TG:2cd01584e8b49dae,-17.828125,1,0.4541666666666667,1.8086048e-08
mendeley/extracted/Bangla Audio Dataset Original and DeepFake Voices for AI-Based Voice Analysis and Detection/Dataset/S2F01/Fake/14.wav,1,MEN,MEN-S2F01,TG:9f0e2d6c08097dec,-14.6015625,1,0.4475,4.5563993e-07
mendeley/extracted/Bangla Audio Dataset Original and DeepFake Voices for AI-Based Voice Analysis and Detection/Dataset/S2F01/Fake/15.wav,1,MEN,MEN-S2F01,TG:1c625cb144c83a4e,-15.3671875,1,0.5241666666666667,2.1189229e-07
mendeley/extracted/Bangla Audio Dataset Original and DeepFake Voices for AI-Based Voice Analysis and Detection/Dataset/S2F01/Fake/16.wav,1,MEN,MEN-S2F01,TG:8e996bc7105e9806,-14.3046875,1,0.4741666666666666,6.1313045e-07
mendeley/extracted/Bangla Audio Dataset Original and DeepFake Voices for AI-Based Voice Analysis and Detection/Dataset/S2F01/Fake/17.wav,1,MEN,MEN-S2F01,TG:b14e52bf5954d16c,-12.2265625,1,0.4975,4.8985694e-06
mendeley/extracted/Bangla Audio Dataset Original and DeepFake Voices for AI-Based Voice Analysis and Detection/Dataset/S2F01/Fake/18.wav,1,MEN,MEN-S2F01,TG:22a136bd91a94101,-18.25,1,0.4675,1.186112e-08
mendeley/extracted/Bangla Audio Dataset Original and DeepFake Voices for AI-Based Voice Analysis and Detection/Dataset/S2F01/Fake/19.wav,1,MEN,MEN-S2F01,TG:bdf52a53172256ba,-17.328125,1,0.4675,2.9818857e-08
mendeley/extracted/Bangla Audio Dataset Original and DeepFake Voices for AI-Based Voice Analysis and Detection/Dataset/S2F01/Fake/2.wav,1,MEN,MEN-S2F01,TG:96efe46367590bfc,-11.1875,1,0.4208333333333333,1.3846005e-05
mendeley/extracted/Bangla Audio Dataset Original and DeepFake Voices for AI-Based Voice Analysis and Detection/Dataset/S2F01/Fake/20.wav,1,MEN,MEN-S2F01,TG:8679fd3194015daa,-16.78125,1,0.4208333333333333,5.1522353e-08
mendeley/extracted/Bangla Audio Dataset Original and DeepFake Voices for AI-Based Voice Analysis and Detection/Dataset/S2F01/Fake/21.wav,1,MEN,MEN-S2F01,TG:8d69e5e5f763c90d,-18.171875,1,0.4841666666666666,1.282493e-08
mendeley/extracted/Bangla Audio Dataset Original and DeepFake Voices for AI-Based Voice Analysis and Detection/Dataset/S2F01/Fake/22.wav,1,MEN,MEN-S2F01,TG:fd6d9ea4183989da,-26.40625,1,0.5241666666666667,3.403387e-12
mendeley/extracted/Bangla Audio Dataset Original and DeepFake Voices for AI-Based Voice Analysis and Detection/Dataset/S2F01/Fake/23.wav,1,MEN,MEN-S2F01,TG:0853bab98c8f314f,-16.234375,1,0.5258333333333334,8.902264e-08
mendeley/extracted/Bangla Audio Dataset Original and DeepFake Voices for AI-Based Voice Analysis and Detection/Dataset/S2F01/Fake/24.wav,1,MEN,MEN-S2F01,TG:289fcb521c3b150a,-14.7265625,1,0.4975,4.0210085e-07
mendeley/extracted/Bangla Audio Dataset Original and DeepFake Voices for AI-Based Voice Analysis and Detection/Dataset/S2F01/Fake/25.wav,1,MEN,MEN-S2F01,TG:40b84a5f1cb3b6f7,-19.0625,1,0.3874999999999999,5.2633404e-09
mendeley/extracted/Bangla Audio Dataset Original and DeepFake Voices for AI-Based Voice Analysis and Detection/Dataset/S2F01/Fake/26.wav,1,MEN,MEN-S2F01,TG:0927b5e32fe2f3c3,-23.609375,1,0.4241666666666667,5.579287e-11
mendeley/extracted/Bangla Audio Dataset Original and DeepFake Voices for AI-Based Voice Analysis and Detection/Dataset/S2F01/Fake/27.wav,1,MEN,MEN-S2F01,TG:cc2b4377cdecc854,-4.4335938,1,0.2475,0.011732464
mendeley/extracted/Bangla Audio Dataset Original and DeepFake Voices for AI-Based Voice Analysis and Detection/Dataset/S2F01/Fake/28.wav,1,MEN,MEN-S2F01,TG:9324b178591cabbc,-18.53125,1,0.5108333333333333,8.9532435e-09
mendeley/extracted/Bangla Audio Dataset Original and DeepFake Voices for AI-Based Voice Analysis and Detection/Dataset/S2F01/Fake/29.wav,1,MEN,MEN-S2F01,TG:7fb328868f0ac39d,-15.3125,1,0.4891666666666666,2.2380287e-07
mendeley/extracted/Bangla Audio Dataset Original and DeepFake Voices for AI-Based Voice Analysis and Detection/Dataset/S2F01/Fake/3.wav,1,MEN,MEN-S2F01,TG:f50e8049e973348f,-13.7734375,1,0.4741666666666666,1.0429696e-06
mendeley/extracted/Bangla Audio Dataset Original and DeepFake Voices for AI-Based Voice Analysis and Detection/Dataset/S2F01/Fake/30.wav,1,MEN,MEN-S2F01,TG:889385251133086d,-19.921875,1,0.4391666666666667,2.2286384e-09
mendeley/extracted/Bangla Audio Dataset Original and DeepFake Voices for AI-Based Voice Analysis and Detection/Dataset/S2F01/Fake/4.wav,1,MEN,MEN-S2F01,TG:8ce64b152c444b3e,-13.890625,1,0.4725,9.2763645e-07
mendeley/extracted/Bangla Audio Dataset Original and DeepFake Voices for AI-Based Voice Analysis and Detection/Dataset/S2F01/Fake/5.wav,1,MEN,MEN-S2F01,TG:df1971069cd078a3,-13.0859375,1,0.4208333333333333,2.0741907e-06
mendeley/extracted/Bangla Audio Dataset Original and DeepFake Voices for AI-Based Voice Analysis and Detection/Dataset/S2F01/Fake/6.wav,1,MEN,MEN-S2F01,TG:97bbdf40bcf80ca3,-16.1875,1,0.4841666666666666,9.329492e-08
mendeley/extracted/Bangla Audio Dataset Original and DeepFake Voices for AI-Based Voice Analysis and Detection/Dataset/S2F01/Fake/7.wav,1,MEN,MEN-S2F01,TG:ad21867e01875176,-13.1875,1,0.4691666666666666,1.8738755e-06
mendeley/extracted/Bangla Audio Dataset Original and DeepFake Voices for AI-Based Voice Analysis and Detection/Dataset/S2F01/Fake/8.wav,1,MEN,MEN-S2F01,TG:8a0169787fba87e5,-17.921875,1,0.2441666666666666,1.6467533e-08
mendeley/extracted/Bangla Audio Dataset Original and DeepFake Voices for AI-Based Voice Analysis and Detection/Dataset/S2F01/Fake/9.wav,1,MEN,MEN-S2F01,TG:579044776182eb17,-16.515625,1,0.4541666666666667,6.719782e-08
mendeley/extracted/Bangla Audio Dataset Original and DeepFake Voices for AI-Based Voice Analysis and Detection/Dataset/S2F01/Real/1.wav,0,MEN,MEN-S2F01,TG:b20a3f0d02492dde,-11.4921875,1,0.5208333333333333,1.0209441e-05
mendeley/extracted/Bangla Audio Dataset Original and DeepFake Voices for AI-Based Voice Analysis and Detection/Dataset/S2F01/Real/10.wav,0,MEN,MEN-S2F01,TG:33b1f33dae6afa07,-17.109375,1,0.5375,3.7110162e-08
mendeley/extracted/Bangla Audio Dataset Original and DeepFake Voices for AI-Based Voice Analysis and Detection/Dataset/S2F01/Real/11.wav,0,MEN,MEN-S2F01,TG:bbe30dd5ada268b4,-11.078125,1,0.4191666666666667,1.5446309e-05
mendeley/extracted/Bangla Audio Dataset Original and DeepFake Voices for AI-Based Voice Analysis and Detection/Dataset/S2F01/Real/12.wav,0,MEN,MEN-S2F01,TG:6074856ccebe1d75,-13.34375,1,0.6041666666666667,1.602811e-06
mendeley/extracted/Bangla Audio Dataset Original and DeepFake Voices for AI-Based Voice Analysis and Detection/Dataset/S2F01/Real/13.wav,0,MEN,MEN-S2F01,TG:2cd01584e8b49dae,-15.4609375,1,0.4891666666666666,1.9293013e-07
mendeley/extracted/Bangla Audio Dataset Original and DeepFake Voices for AI-Based Voice Analysis and Detection/Dataset/S2F01/Real/14.wav,0,MEN,MEN-S2F01,TG:9f0e2d6c08097dec,-23.671875,1,0.5541666666666667,5.2412557e-11
mendeley/extracted/Bangla Audio Dataset Original and DeepFake Voices for AI-Based Voice Analysis and Detection/Dataset/S2F01/Real/15.wav,0,MEN,MEN-S2F01,TG:1c625cb144c83a4e,-16.171875,1,0.5725,9.4764104e-08
mendeley/extracted/Bangla Audio Dataset Original and DeepFake Voices for AI-Based Voice Analysis and Detection/Dataset/S2F01/Real/16.wav,0,MEN,MEN-S2F01,TG:8e996bc7105e9806,-10.359375,1,0.6041666666666667,3.1693253e-05
mendeley/extracted/Bangla Audio Dataset Original and DeepFake Voices for AI-Based Voice Analysis and Detection/Dataset/S2F01/Real/17.wav,0,MEN,MEN-S2F01,TG:b14e52bf5954d16c,-14.4375,1,0.5875,5.36875e-07
mendeley/extracted/Bangla Audio Dataset Original and DeepFake Voices for AI-Based Voice Analysis and Detection/Dataset/S2F01/Real/18.wav,0,MEN,MEN-S2F01,TG:22a136bd91a94101,-8.3984375,1,0.6375,0.00022516825
mendeley/extracted/Bangla Audio Dataset Original and DeepFake Voices for AI-Based Voice Analysis and Detection/Dataset/S2F01/Real/19.wav,0,MEN,MEN-S2F01,TG:bdf52a53172256ba,-14.9921875,1,0.5358333333333334,3.0830145e-07
mendeley/extracted/Bangla Audio Dataset Original and DeepFake Voices for AI-Based Voice Analysis and Detection/Dataset/S2F01/Real/2.wav,0,MEN,MEN-S2F01,TG:96efe46367590bfc,-11.375,1,0.6041666666666667,1.1478767e-05
mendeley/extracted/Bangla Audio Dataset Original and DeepFake Voices for AI-Based Voice Analysis and Detection/Dataset/S2F01/Real/20.wav,0,MEN,MEN-S2F01,TG:8679fd3194015daa,-16.578125,1,0.6041666666666667,6.3126514e-08
mendeley/extracted/Bangla Audio Dataset Original and DeepFake Voices for AI-Based Voice Analysis and Detection/Dataset/S2F01/Real/21.wav,0,MEN,MEN-S2F01,TG:8d69e5e5f763c90d,-11.609375,1,0.6208333333333333,9.080475e-06
mendeley/extracted/Bangla Audio Dataset Original and DeepFake Voices for AI-Based Voice Analysis and Detection/Dataset/S2F01/Real/22.wav,0,MEN,MEN-S2F01,TG:fd6d9ea4183989da,-13.9296875,1,0.6458333333333333,8.9209925e-07
mendeley/extracted/Bangla Audio Dataset Original and DeepFake Voices for AI-Based Voice Analysis and Detection/Dataset/S2F01/Real/23.wav,0,MEN,MEN-S2F01,TG:0853bab98c8f314f,-16.046875,1,0.6025,1.073818e-07
mendeley/extracted/Bangla Audio Dataset Original and DeepFake Voices for AI-Based Voice Analysis and Detection/Dataset/S2F01/Real/24.wav,0,MEN,MEN-S2F01,TG:289fcb521c3b150a,-15.28125,1,0.5225,2.3090713e-07
mendeley/extracted/Bangla Audio Dataset Original and DeepFake Voices for AI-Based Voice Analysis and Detection/Dataset/S2F01/Real/25.wav,0,MEN,MEN-S2F01,TG:40b84a5f1cb3b6f7,-10.328125,1,0.4708333333333333,3.2699274e-05
mendeley/extracted/Bangla Audio Dataset Original and DeepFake Voices for AI-Based Voice Analysis and Detection/Dataset/S2F01/Real/26.wav,0,MEN,MEN-S2F01,TG:0927b5e32fe2f3c3,-14.4921875,1,0.5191666666666667,5.0830306e-07
mendeley/extracted/Bangla Audio Dataset Original and DeepFake Voices for AI-Based Voice Analysis and Detection/Dataset/S2F01/Real/27.wav,0,MEN,MEN-S2F01,TG:cc2b4377cdecc854,-3.3925781,1,0.4541666666666667,0.03252822
mendeley/extracted/Bangla Audio Dataset Original and DeepFake Voices for AI-Based Voice Analysis and Detection/Dataset/S2F01/Real/28.wav,0,MEN,MEN-S2F01,TG:9324b178591cabbc,-14.0859375,1,0.5691666666666666,7.6305304e-07
mendeley/extracted/Bangla Audio Dataset Original and DeepFake Voices for AI-Based Voice Analysis and Detection/Dataset/S2F01/Real/29.wav,0,MEN,MEN-S2F01,TG:7fb328868f0ac39d,-13.9453125,1,0.5375,8.782687e-07
mendeley/extracted/Bangla Audio Dataset Original and DeepFake Voices for AI-Based Voice Analysis and Detection/Dataset/S2F01/Real/3.wav,0,MEN,MEN-S2F01,TG:f50e8049e973348f,-10.0390625,1,0.4858333333333333,4.365878e-05
mendeley/extracted/Bangla Audio Dataset Original and DeepFake Voices for AI-Based Voice Analysis and Detection/Dataset/S2F01/Real/30.wav,0,MEN,MEN-S2F01,TG:889385251133086d,-14.46875,1,0.5375,5.203571e-07
mendeley/extracted/Bangla Audio Dataset Original and DeepFake Voices for AI-Based Voice Analysis and Detection/Dataset/S2F01/Real/4.wav,0,MEN,MEN-S2F01,TG:8ce64b152c444b3e,-14.5703125,1,0.5358333333333334,4.701035e-07
mendeley/extracted/Bangla Audio Dataset Original and DeepFake Voices for AI-Based Voice Analysis and Detection/Dataset/S2F01/Real/5.wav,0,MEN,MEN-S2F01,TG:df1971069cd078a3,-16.65625,1,0.5708333333333333,5.8382472e-08
mendeley/extracted/Bangla Audio Dataset Original and DeepFake Voices for AI-Based Voice Analysis and Detection/Dataset/S2F01/Real/6.wav,0,MEN,MEN-S2F01,TG:97bbdf40bcf80ca3,-14.46875,1,0.5708333333333333,5.203571e-07
mendeley/extracted/Bangla Audio Dataset Original and DeepFake Voices for AI-Based Voice Analysis and Detection/Dataset/S2F01/Real/7.wav,0,MEN,MEN-S2F01,TG:ad21867e01875176,-15.9921875,1,0.5691666666666666,1.1341779e-07
mendeley/extracted/Bangla Audio Dataset Original and DeepFake Voices for AI-Based Voice Analysis and Detection/Dataset/S2F01/Real/8.wav,0,MEN,MEN-S2F01,TG:8a0169787fba87e5,-8.7421875,1,0.2691666666666666,0.00015967865
mendeley/extracted/Bangla Audio Dataset Original and DeepFake Voices for AI-Based Voice Analysis and Detection/Dataset/S2F01/Real/9.wav,0,MEN,MEN-S2F01,TG:579044776182eb17,-12.421875,1,0.5541666666666667,4.0294567e-06
mendeley/extracted/Bangla Audio Dataset Original and DeepFake Voices for AI-Based Voice Analysis and Detection/Dataset/S2M02/Fake/1.wav,1,MEN,MEN-S2M02,TG:b20a3f0d02492dde,-8.2109375,1,0.3308333333333333,0.00027159214
mendeley/extracted/Bangla Audio Dataset Original and DeepFake Voices for AI-Based Voice Analysis and Detection/Dataset/S2M02/Fake/10.wav,1,MEN,MEN-S2M02,TG:33b1f33dae6afa07,-2.8261719,1,0.4691666666666666,0.05592617
mendeley/extracted/Bangla Audio Dataset Original and DeepFake Voices for AI-Based Voice Analysis and Detection/Dataset/S2M02/Fake/11.wav,1,MEN,MEN-S2M02,TG:bbe30dd5ada268b4,-8.0234375,1,0.4675,0.00032758433
mendeley/extracted/Bangla Audio Dataset Original and DeepFake Voices for AI-Based Voice Analysis and Detection/Dataset/S2M02/Fake/12.wav,1,MEN,MEN-S2M02,TG:6074856ccebe1d75,-3.1367188,1,0.4675,0.041617803
mendeley/extracted/Bangla Audio Dataset Original and DeepFake Voices for AI-Based Voice Analysis and Detection/Dataset/S2M02/Fake/13.wav,1,MEN,MEN-S2M02,TG:2cd01584e8b49dae,-9.4765625,1,0.4075,7.662102e-05
mendeley/extracted/Bangla Audio Dataset Original and DeepFake Voices for AI-Based Voice Analysis and Detection/Dataset/S2M02/Fake/14.wav,1,MEN,MEN-S2M02,TG:9f0e2d6c08097dec,-5.9492188,1,0.3158333333333333,0.0026010938
mendeley/extracted/Bangla Audio Dataset Original and DeepFake Voices for AI-Based Voice Analysis and Detection/Dataset/S2M02/Fake/15.wav,1,MEN,MEN-S2M02,TG:1c625cb144c83a4e,-10.3671875,1,0.4725,3.1446623e-05
mendeley/extracted/Bangla Audio Dataset Original and DeepFake Voices for AI-Based Voice Analysis and Detection/Dataset/S2M02/Fake/16.wav,1,MEN,MEN-S2M02,TG:8e996bc7105e9806,-9.6796875,1,0.4975,6.253713e-05
mendeley/extracted/Bangla Audio Dataset Original and DeepFake Voices for AI-Based Voice Analysis and Detection/Dataset/S2M02/Fake/17.wav,1,MEN,MEN-S2M02,TG:b14e52bf5954d16c,-22.484375,1,0.3908333333333333,1.7185416e-10
mendeley/extracted/Bangla Audio Dataset Original and DeepFake Voices for AI-Based Voice Analysis and Detection/Dataset/S2M02/Fake/18.wav,1,MEN,MEN-S2M02,TG:22a136bd91a94101,-3.8339844,1,0.5275000000000001,0.02116562
mendeley/extracted/Bangla Audio Dataset Original and DeepFake Voices for AI-Based Voice Analysis and Detection/Dataset/S2M02/Fake/19.wav,1,MEN,MEN-S2M02,TG:bdf52a53172256ba,-8.6484375,1,0.4024999999999999,0.00017536993
mendeley/extracted/Bangla Audio Dataset Original and DeepFake Voices for AI-Based Voice Analysis and Detection/Dataset/S2M02/Fake/2.wav,1,MEN,MEN-S2M02,TG:96efe46367590bfc,-8.1484375,1,0.4591666666666666,0.00028910325
mendeley/extracted/Bangla Audio Dataset Original and DeepFake Voices for AI-Based Voice Analysis and Detection/Dataset/S2M02/Fake/20.wav,1,MEN,MEN-S2M02,TG:8679fd3194015daa,-6.609375,1,0.5041666666666667,0.0013458605
mendeley/extracted/Bangla Audio Dataset Original and DeepFake Voices for AI-Based Voice Analysis and Detection/Dataset/S2M02/Fake/21.wav,1,MEN,MEN-S2M02,TG:8d69e5e5f763c90d,-10.375,1,0.4641666666666666,3.120191e-05
mendeley/extracted/Bangla Audio Dataset Original and DeepFake Voices for AI-Based Voice Analysis and Detection/Dataset/S2M02/Fake/22.wav,1,MEN,MEN-S2M02,TG:fd6d9ea4183989da,-6.5585938,1,0.5541666666666667,0.0014158706
mendeley/extracted/Bangla Audio Dataset Original and DeepFake Voices for AI-Based Voice Analysis and Detection/Dataset/S2M02/Fake/23.wav,1,MEN,MEN-S2M02,TG:0853bab98c8f314f,-10.96875,1,0.4608333333333333,1.7231572e-05
mendeley/extracted/Bangla Audio Dataset Original and DeepFake Voices for AI-Based Voice Analysis and Detection/Dataset/S2M02/Fake/24.wav,1,MEN,MEN-S2M02,TG:289fcb521c3b150a,-7.4492188,1,0.4908333333333333,0.0005815577
mendeley/extracted/Bangla Audio Dataset Original and DeepFake Voices for AI-Based Voice Analysis and Detection/Dataset/S2M02/Fake/25.wav,1,MEN,MEN-S2M02,TG:40b84a5f1cb3b6f7,-11.703125,1,0.2441666666666666,8.267873e-06
mendeley/extracted/Bangla Audio Dataset Original and DeepFake Voices for AI-Based Voice Analysis and Detection/Dataset/S2M02/Fake/26.wav,1,MEN,MEN-S2M02,TG:0927b5e32fe2f3c3,7.8164062,1,0.3758333333333333,0.99959713
mendeley/extracted/Bangla Audio Dataset Original and DeepFake Voices for AI-Based Voice Analysis and Detection/Dataset/S2M02/Fake/27.wav,1,MEN,MEN-S2M02,TG:cc2b4377cdecc854,-4.3515625,1,0.3341666666666666,0.012722708
mendeley/extracted/Bangla Audio Dataset Original and DeepFake Voices for AI-Based Voice Analysis and Detection/Dataset/S2M02/Fake/28.wav,1,MEN,MEN-S2M02,TG:9324b178591cabbc,-14.8046875,1,0.5191666666666667,3.718825e-07
mendeley/extracted/Bangla Audio Dataset Original and DeepFake Voices for AI-Based Voice Analysis and Detection/Dataset/S2M02/Fake/29.wav,1,MEN,MEN-S2M02,TG:7fb328868f0ac39d,-8.015625,1,0.3625,0.00033015275
mendeley/extracted/Bangla Audio Dataset Original and DeepFake Voices for AI-Based Voice Analysis and Detection/Dataset/S2M02/Fake/3.wav,1,MEN,MEN-S2M02,TG:f50e8049e973348f,-9.6328125,1,0.3841666666666666,6.553816e-05
mendeley/extracted/Bangla Audio Dataset Original and DeepFake Voices for AI-Based Voice Analysis and Detection/Dataset/S2M02/Fake/30.wav,1,MEN,MEN-S2M02,TG:889385251133086d,-7.984375,1,0.5075000000000001,0.00034062934
mendeley/extracted/Bangla Audio Dataset Original and DeepFake Voices for AI-Based Voice Analysis and Detection/Dataset/S2M02/Fake/4.wav,1,MEN,MEN-S2M02,TG:8ce64b152c444b3e,-7.1210938,1,0.4341666666666667,0.0008072305
mendeley/extracted/Bangla Audio Dataset Original and DeepFake Voices for AI-Based Voice Analysis and Detection/Dataset/S2M02/Fake/5.wav,1,MEN,MEN-S2M02,TG:df1971069cd078a3,-3.7988281,1,0.5258333333333334,0.021906365
mendeley/extracted/Bangla Audio Dataset Original and DeepFake Voices for AI-Based Voice Analysis and Detection/Dataset/S2M02/Fake/6.wav,1,MEN,MEN-S2M02,TG:97bbdf40bcf80ca3,-10.4453125,1,0.3241666666666667,2.908344e-05
mendeley/extracted/Bangla Audio Dataset Original and DeepFake Voices for AI-Based Voice Analysis and Detection/Dataset/S2M02/Fake/7.wav,1,MEN,MEN-S2M02,TG:ad21867e01875176,-2.4277344,1,0.4641666666666666,0.08108212
mendeley/extracted/Bangla Audio Dataset Original and DeepFake Voices for AI-Based Voice Analysis and Detection/Dataset/S2M02/Fake/8.wav,1,MEN,MEN-S2M02,TG:8a0169787fba87e5,-4.6914062,1,0.2774999999999999,0.009090384
mendeley/extracted/Bangla Audio Dataset Original and DeepFake Voices for AI-Based Voice Analysis and Detection/Dataset/S2M02/Fake/9.wav,1,MEN,MEN-S2M02,TG:579044776182eb17,-8.7109375,1,0.5158333333333334,0.00016474657
mendeley/extracted/Bangla Audio Dataset Original and DeepFake Voices for AI-Based Voice Analysis and Detection/Dataset/S2M02/Real/1.wav,0,MEN,MEN-S2M02,TG:b20a3f0d02492dde,-12.421875,1,0.4008333333333334,4.0294567e-06
mendeley/extracted/Bangla Audio Dataset Original and DeepFake Voices for AI-Based Voice Analysis and Detection/Dataset/S2M02/Real/10.wav,0,MEN,MEN-S2M02,TG:33b1f33dae6afa07,-11.0390625,1,0.5008333333333334,1.6061611e-05
mendeley/extracted/Bangla Audio Dataset Original and DeepFake Voices for AI-Based Voice Analysis and Detection/Dataset/S2M02/Real/11.wav,0,MEN,MEN-S2M02,TG:bbe30dd5ada268b4,-9.28125,1,0.4508333333333333,9.3145936e-05
mendeley/extracted/Bangla Audio Dataset Original and DeepFake Voices for AI-Based Voice Analysis and Detection/Dataset/S2M02/Real/12.wav,0,MEN,MEN-S2M02,TG:6074856ccebe1d75,-12.3359375,1,0.5341666666666667,4.391051e-06
mendeley/extracted/Bangla Audio Dataset Original and DeepFake Voices for AI-Based Voice Analysis and Detection/Dataset/S2M02/Real/13.wav,0,MEN,MEN-S2M02,TG:2cd01584e8b49dae,-11.1953125,1,0.5175000000000001,1.3738256e-05
mendeley/extracted/Bangla Audio Dataset Original and DeepFake Voices for AI-Based Voice Analysis and Detection/Dataset/S2M02/Real/14.wav,0,MEN,MEN-S2M02,TG:9f0e2d6c08097dec,-15.984375,1,0.4675,1.1430733e-07
mendeley/extracted/Bangla Audio Dataset Original and DeepFake Voices for AI-Based Voice Analysis and Detection/Dataset/S2M02/Real/15.wav,0,MEN,MEN-S2M02,TG:1c625cb144c83a4e,-13.53125,1,0.5508333333333333,1.3287774e-06
mendeley/extracted/Bangla Audio Dataset Original and DeepFake Voices for AI-Based Voice Analysis and Detection/Dataset/S2M02/Real/16.wav,0,MEN,MEN-S2M02,TG:8e996bc7105e9806,-15.4609375,1,0.4841666666666666,1.9293013e-07
mendeley/extracted/Bangla Audio Dataset Original and DeepFake Voices for AI-Based Voice Analysis and Detection/Dataset/S2M02/Real/17.wav,0,MEN,MEN-S2M02,TG:b14e52bf5954d16c,-11.265625,1,0.5175000000000001,1.2805474e-05
mendeley/extracted/Bangla Audio Dataset Original and DeepFake Voices for AI-Based Voice Analysis and Detection/Dataset/S2M02/Real/18.wav,0,MEN,MEN-S2M02,TG:22a136bd91a94101,-12.0859375,1,0.4841666666666666,5.638214e-06
mendeley/extracted/Bangla Audio Dataset Original and DeepFake Voices for AI-Based Voice Analysis and Detection/Dataset/S2M02/Real/19.wav,0,MEN,MEN-S2M02,TG:bdf52a53172256ba,-14.7109375,1,0.4508333333333333,4.08433e-07
mendeley/extracted/Bangla Audio Dataset Original and DeepFake Voices for AI-Based Voice Analysis and Detection/Dataset/S2M02/Real/2.wav,0,MEN,MEN-S2M02,TG:96efe46367590bfc,-13.5703125,1,0.4008333333333334,1.2778727e-06
mendeley/extracted/Bangla Audio Dataset Original and DeepFake Voices for AI-Based Voice Analysis and Detection/Dataset/S2M02/Real/20.wav,0,MEN,MEN-S2M02,TG:8679fd3194015daa,-14.0234375,1,0.5841666666666667,8.122657e-07
mendeley/extracted/Bangla Audio Dataset Original and DeepFake Voices for AI-Based Voice Analysis and Detection/Dataset/S2M02/Real/21.wav,0,MEN,MEN-S2M02,TG:8d69e5e5f763c90d,-7.796875,1,0.5508333333333333,0.00041084853
mendeley/extracted/Bangla Audio Dataset Original and DeepFake Voices for AI-Based Voice Analysis and Detection/Dataset/S2M02/Real/22.wav,0,MEN,MEN-S2M02,TG:fd6d9ea4183989da,-12.40625,1,0.5341666666666667,4.0929112e-06
mendeley/extracted/Bangla Audio Dataset Original and DeepFake Voices for AI-Based Voice Analysis and Detection/Dataset/S2M02/Real/23.wav,0,MEN,MEN-S2M02,TG:0853bab98c8f314f,-9.2265625,1,0.4675,9.83812e-05
mendeley/extracted/Bangla Audio Dataset Original and DeepFake Voices for AI-Based Voice Analysis and Detection/Dataset/S2M02/Real/24.wav,0,MEN,MEN-S2M02,TG:289fcb521c3b150a,-11.3671875,1,0.5841666666666667,1.1568795e-05
mendeley/extracted/Bangla Audio Dataset Original and DeepFake Voices for AI-Based Voice Analysis and Detection/Dataset/S2M02/Real/25.wav,0,MEN,MEN-S2M02,TG:40b84a5f1cb3b6f7,-10.4140625,1,0.4175,3.0006622e-05
mendeley/extracted/Bangla Audio Dataset Original and DeepFake Voices for AI-Based Voice Analysis and Detection/Dataset/S2M02/Real/26.wav,0,MEN,MEN-S2M02,TG:0927b5e32fe2f3c3,-9.84375,1,0.4675,5.307508e-05
mendeley/extracted/Bangla Audio Dataset Original and DeepFake Voices for AI-Based Voice Analysis and Detection/Dataset/S2M02/Real/27.wav,0,MEN,MEN-S2M02,TG:cc2b4377cdecc854,-12.9453125,1,0.4508333333333333,2.3873781e-06
mendeley/extracted/Bangla Audio Dataset Original and DeepFake Voices for AI-Based Voice Analysis and Detection/Dataset/S2M02/Real/28.wav,0,MEN,MEN-S2M02,TG:9324b178591cabbc,-8.5703125,1,0.5175000000000001,0.00018961739
mendeley/extracted/Bangla Audio Dataset Original and DeepFake Voices for AI-Based Voice Analysis and Detection/Dataset/S2M02/Real/29.wav,0,MEN,MEN-S2M02,TG:7fb328868f0ac39d,-9.25,1,0.5841666666666667,9.610241e-05
mendeley/extracted/Bangla Audio Dataset Original and DeepFake Voices for AI-Based Voice Analysis and Detection/Dataset/S2M02/Real/3.wav,0,MEN,MEN-S2M02,TG:f50e8049e973348f,-16.015625,1,0.4341666666666667,1.10790474e-07
mendeley/extracted/Bangla Audio Dataset Original and DeepFake Voices for AI-Based Voice Analysis and Detection/Dataset/S2M02/Real/30.wav,0,MEN,MEN-S2M02,TG:889385251133086d,-7.0,1,0.4341666666666667,0.0009110512
mendeley/extracted/Bangla Audio Dataset Original and DeepFake Voices for AI-Based Voice Analysis and Detection/Dataset/S2M02/Real/4.wav,0,MEN,MEN-S2M02,TG:8ce64b152c444b3e,-11.7890625,1,0.4841666666666666,7.587032e-06
mendeley/extracted/Bangla Audio Dataset Original and DeepFake Voices for AI-Based Voice Analysis and Detection/Dataset/S2M02/Real/5.wav,0,MEN,MEN-S2M02,TG:df1971069cd078a3,-10.0078125,1,0.4508333333333333,4.5044595e-05
mendeley/extracted/Bangla Audio Dataset Original and DeepFake Voices for AI-Based Voice Analysis and Detection/Dataset/S2M02/Real/6.wav,0,MEN,MEN-S2M02,TG:97bbdf40bcf80ca3,-6.9804688,1,0.4508333333333333,0.00092900335
mendeley/extracted/Bangla Audio Dataset Original and DeepFake Voices for AI-Based Voice Analysis and Detection/Dataset/S2M02/Real/7.wav,0,MEN,MEN-S2M02,TG:ad21867e01875176,-8.8359375,1,0.5508333333333333,0.00014539114
mendeley/extracted/Bangla Audio Dataset Original and DeepFake Voices for AI-Based Voice Analysis and Detection/Dataset/S2M02/Real/8.wav,0,MEN,MEN-S2M02,TG:8a0169787fba87e5,-14.453125,1,0.4841666666666666,5.2855154e-07
mendeley/extracted/Bangla Audio Dataset Original and DeepFake Voices for AI-Based Voice Analysis and Detection/Dataset/S2M02/Real/9.wav,0,MEN,MEN-S2M02,TG:579044776182eb17,-10.5390625,1,0.5175000000000001,2.6480842e-05
mendeley/extracted/Bangla Audio Dataset Original and DeepFake Voices for AI-Based Voice Analysis and Detection/Dataset/S2M03/Fake/1.wav,1,MEN,MEN-S2M03,TG:b20a3f0d02492dde,-15.046875,1,0.3175,2.9189394e-07
mendeley/extracted/Bangla Audio Dataset Original and DeepFake Voices for AI-Based Voice Analysis and Detection/Dataset/S2M03/Fake/10.wav,1,MEN,MEN-S2M03,TG:33b1f33dae6afa07,-6.7578125,1,0.5041666666666667,0.0011604197
mendeley/extracted/Bangla Audio Dataset Original and DeepFake Voices for AI-Based Voice Analysis and Detection/Dataset/S2M03/Fake/11.wav,1,MEN,MEN-S2M03,TG:bbe30dd5ada268b4,-12.6171875,1,0.4541666666666667,3.314543e-06
mendeley/extracted/Bangla Audio Dataset Original and DeepFake Voices for AI-Based Voice Analysis and Detection/Dataset/S2M03/Fake/12.wav,1,MEN,MEN-S2M03,TG:6074856ccebe1d75,-8.6953125,1,0.4425,0.00016734052
mendeley/extracted/Bangla Audio Dataset Original and DeepFake Voices for AI-Based Voice Analysis and Detection/Dataset/S2M03/Fake/13.wav,1,MEN,MEN-S2M03,TG:2cd01584e8b49dae,-9.265625,1,0.4775,9.4612624e-05
mendeley/extracted/Bangla Audio Dataset Original and DeepFake Voices for AI-Based Voice Analysis and Detection/Dataset/S2M03/Fake/14.wav,1,MEN,MEN-S2M03,TG:9f0e2d6c08097dec,-3.5761719,1,0.3575,0.027220901
mendeley/extracted/Bangla Audio Dataset Original and DeepFake Voices for AI-Based Voice Analysis and Detection/Dataset/S2M03/Fake/15.wav,1,MEN,MEN-S2M03,TG:1c625cb144c83a4e,-13.09375,1,0.4491666666666667,2.0580492e-06
mendeley/extracted/Bangla Audio Dataset Original and DeepFake Voices for AI-Based Voice Analysis and Detection/Dataset/S2M03/Fake/16.wav,1,MEN,MEN-S2M03,TG:8e996bc7105e9806,-8.6640625,1,0.5141666666666667,0.00017265156
mendeley/extracted/Bangla Audio Dataset Original and DeepFake Voices for AI-Based Voice Analysis and Detection/Dataset/S2M03/Fake/17.wav,1,MEN,MEN-S2M03,TG:b14e52bf5954d16c,-12.6484375,1,0.4758333333333333,3.2125654e-06
mendeley/extracted/Bangla Audio Dataset Original and DeepFake Voices for AI-Based Voice Analysis and Detection/Dataset/S2M03/Fake/18.wav,1,MEN,MEN-S2M03,TG:22a136bd91a94101,-7.546875,1,0.5341666666666667,0.0005274784
mendeley/extracted/Bangla Audio Dataset Original and DeepFake Voices for AI-Based Voice Analysis and Detection/Dataset/S2M03/Fake/19.wav,1,MEN,MEN-S2M03,TG:bdf52a53172256ba,-11.96875,1,0.3874999999999999,6.339211e-06
mendeley/extracted/Bangla Audio Dataset Original and DeepFake Voices for AI-Based Voice Analysis and Detection/Dataset/S2M03/Fake/2.wav,1,MEN,MEN-S2M03,TG:96efe46367590bfc,-9.453125,1,0.4175,7.843789e-05
mendeley/extracted/Bangla Audio Dataset Original and DeepFake Voices for AI-Based Voice Analysis and Detection/Dataset/S2M03/Fake/20.wav,1,MEN,MEN-S2M03,TG:8679fd3194015daa,-9.015625,1,0.5025,0.00012148176
mendeley/extracted/Bangla Audio Dataset Original and DeepFake Voices for AI-Based Voice Analysis and Detection/Dataset/S2M03/Fake/21.wav,1,MEN,MEN-S2M03,TG:8d69e5e5f763c90d,-7.3085938,1,0.4441666666666667,0.00066931
mendeley/extracted/Bangla Audio Dataset Original and DeepFake Voices for AI-Based Voice Analysis and Detection/Dataset/S2M03/Fake/22.wav,1,MEN,MEN-S2M03,TG:fd6d9ea4183989da,-10.7734375,1,0.5491666666666667,2.094819e-05
mendeley/extracted/Bangla Audio Dataset Original and DeepFake Voices for AI-Based Voice Analysis and Detection/Dataset/S2M03/Fake/23.wav,1,MEN,MEN-S2M03,TG:0853bab98c8f314f,-8.234375,1,0.4975,0.00026530237
mendeley/extracted/Bangla Audio Dataset Original and DeepFake Voices for AI-Based Voice Analysis and Detection/Dataset/S2M03/Fake/24.wav,1,MEN,MEN-S2M03,TG:289fcb521c3b150a,-6.96875,1,0.4641666666666666,0.0009399439
mendeley/extracted/Bangla Audio Dataset Original and DeepFake Voices for AI-Based Voice Analysis and Detection/Dataset/S2M03/Fake/25.wav,1,MEN,MEN-S2M03,TG:40b84a5f1cb3b6f7,-13.6953125,1,0.2308333333333333,1.1277189e-06
mendeley/extracted/Bangla Audio Dataset Original and DeepFake Voices for AI-Based Voice Analysis and Detection/Dataset/S2M03/Fake/26.wav,1,MEN,MEN-S2M03,TG:0927b5e32fe2f3c3,10.53125,1,0.3924999999999999,0.9999733
mendeley/extracted/Bangla Audio Dataset Original and DeepFake Voices for AI-Based Voice Analysis and Detection/Dataset/S2M03/Fake/27.wav,1,MEN,MEN-S2M03,TG:cc2b4377cdecc854,-9.6796875,1,0.3175,6.253713e-05
mendeley/extracted/Bangla Audio Dataset Original and DeepFake Voices for AI-Based Voice Analysis and Detection/Dataset/S2M03/Fake/28.wav,1,MEN,MEN-S2M03,TG:9324b178591cabbc,-10.2734375,1,0.4908333333333333,3.4537254e-05
mendeley/extracted/Bangla Audio Dataset Original and DeepFake Voices for AI-Based Voice Analysis and Detection/Dataset/S2M03/Fake/29.wav,1,MEN,MEN-S2M03,TG:7fb328868f0ac39d,-9.703125,1,0.4908333333333333,6.108855e-05
mendeley/extracted/Bangla Audio Dataset Original and DeepFake Voices for AI-Based Voice Analysis and Detection/Dataset/S2M03/Fake/3.wav,1,MEN,MEN-S2M03,TG:f50e8049e973348f,-5.8789062,1,0.3874999999999999,0.0027900375
mendeley/extracted/Bangla Audio Dataset Original and DeepFake Voices for AI-Based Voice Analysis and Detection/Dataset/S2M03/Fake/30.wav,1,MEN,MEN-S2M03,TG:889385251133086d,-6.7929688,1,0.5041666666666667,0.0011203773
mendeley/extracted/Bangla Audio Dataset Original and DeepFake Voices for AI-Based Voice Analysis and Detection/Dataset/S2M03/Fake/4.wav,1,MEN,MEN-S2M03,TG:8ce64b152c444b3e,-10.0,1,0.4425,4.539787e-05
mendeley/extracted/Bangla Audio Dataset Original and DeepFake Voices for AI-Based Voice Analysis and Detection/Dataset/S2M03/Fake/5.wav,1,MEN,MEN-S2M03,TG:df1971069cd078a3,-9.84375,1,0.4241666666666667,5.307508e-05
mendeley/extracted/Bangla Audio Dataset Original and DeepFake Voices for AI-Based Voice Analysis and Detection/Dataset/S2M03/Fake/6.wav,1,MEN,MEN-S2M03,TG:97bbdf40bcf80ca3,-9.5546875,1,0.3275,7.0863265e-05
mendeley/extracted/Bangla Audio Dataset Original and DeepFake Voices for AI-Based Voice Analysis and Detection/Dataset/S2M03/Fake/7.wav,1,MEN,MEN-S2M03,TG:ad21867e01875176,-9.453125,1,0.4308333333333333,7.843789e-05
mendeley/extracted/Bangla Audio Dataset Original and DeepFake Voices for AI-Based Voice Analysis and Detection/Dataset/S2M03/Fake/8.wav,1,MEN,MEN-S2M03,TG:8a0169787fba87e5,-11.7890625,1,0.2658333333333333,7.587032e-06
mendeley/extracted/Bangla Audio Dataset Original and DeepFake Voices for AI-Based Voice Analysis and Detection/Dataset/S2M03/Fake/9.wav,1,MEN,MEN-S2M03,TG:579044776182eb17,-10.8203125,1,0.4991666666666666,1.998892e-05
mendeley/extracted/Bangla Audio Dataset Original and DeepFake Voices for AI-Based Voice Analysis and Detection/Dataset/S2M03/Real/1.wav,0,MEN,MEN-S2M03,TG:b20a3f0d02492dde,9.2734375,1,0.4175,0.99990606
mendeley/extracted/Bangla Audio Dataset Original and DeepFake Voices for AI-Based Voice Analysis and Detection/Dataset/S2M03/Real/10.wav,0,MEN,MEN-S2M03,TG:33b1f33dae6afa07,9.0703125,1,0.3508333333333333,0.99988496
mendeley/extracted/Bangla Audio Dataset Original and DeepFake Voices for AI-Based Voice Analysis and Detection/Dataset/S2M03/Real/11.wav,0,MEN,MEN-S2M03,TG:bbe30dd5ada268b4,8.125,1,0.3008333333333333,0.99970406
mendeley/extracted/Bangla Audio Dataset Original and DeepFake Voices for AI-Based Voice Analysis and Detection/Dataset/S2M03/Real/12.wav,0,MEN,MEN-S2M03,TG:6074856ccebe1d75,0.72998047,1,0.3841666666666666,0.674801
mendeley/extracted/Bangla Audio Dataset Original and DeepFake Voices for AI-Based Voice Analysis and Detection/Dataset/S2M03/Real/13.wav,0,MEN,MEN-S2M03,TG:2cd01584e8b49dae,3.5898438,1,0.3508333333333333,0.97313875
mendeley/extracted/Bangla Audio Dataset Original and DeepFake Voices for AI-Based Voice Analysis and Detection/Dataset/S2M03/Real/14.wav,0,MEN,MEN-S2M03,TG:9f0e2d6c08097dec,8.84375,1,0.3175,0.99985576
mendeley/extracted/Bangla Audio Dataset Original and DeepFake Voices for AI-Based Voice Analysis and Detection/Dataset/S2M03/Real/15.wav,0,MEN,MEN-S2M03,TG:1c625cb144c83a4e,6.6679688,1,0.3841666666666666,0.9987306
mendeley/extracted/Bangla Audio Dataset Original and DeepFake Voices for AI-Based Voice Analysis and Detection/Dataset/S2M03/Real/16.wav,0,MEN,MEN-S2M03,TG:8e996bc7105e9806,2.5761719,1,0.3341666666666666,0.9293122
mendeley/extracted/Bangla Audio Dataset Original and DeepFake Voices for AI-Based Voice Analysis and Detection/Dataset/S2M03/Real/17.wav,0,MEN,MEN-S2M03,TG:b14e52bf5954d16c,6.7109375,1,0.3341666666666666,0.998784
mendeley/extracted/Bangla Audio Dataset Original and DeepFake Voices for AI-Based Voice Analysis and Detection/Dataset/S2M03/Real/18.wav,0,MEN,MEN-S2M03,TG:22a136bd91a94101,8.640625,1,0.3341666666666666,0.9998233
mendeley/extracted/Bangla Audio Dataset Original and DeepFake Voices for AI-Based Voice Analysis and Detection/Dataset/S2M03/Real/19.wav,0,MEN,MEN-S2M03,TG:bdf52a53172256ba,3.7265625,1,0.3008333333333333,0.9764905
mendeley/extracted/Bangla Audio Dataset Original and DeepFake Voices for AI-Based Voice Analysis and Detection/Dataset/S2M03/Real/2.wav,0,MEN,MEN-S2M03,TG:96efe46367590bfc,10.5234375,1,0.3675,0.99997306
mendeley/extracted/Bangla Audio Dataset Original and DeepFake Voices for AI-Based Voice Analysis and Detection/Dataset/S2M03/Real/20.wav,0,MEN,MEN-S2M03,TG:8679fd3194015daa,6.7890625,1,0.3175,0.9988752
mendeley/extracted/Bangla Audio Dataset Original and DeepFake Voices for AI-Based Voice Analysis and Detection/Dataset/S2M03/Real/21.wav,0,MEN,MEN-S2M03,TG:8d69e5e5f763c90d,9.3515625,1,0.3841666666666666,0.9999132
mendeley/extracted/Bangla Audio Dataset Original and DeepFake Voices for AI-Based Voice Analysis and Detection/Dataset/S2M03/Real/22.wav,0,MEN,MEN-S2M03,TG:fd6d9ea4183989da,8.3671875,1,0.3341666666666666,0.9997677
mendeley/extracted/Bangla Audio Dataset Original and DeepFake Voices for AI-Based Voice Analysis and Detection/Dataset/S2M03/Real/23.wav,0,MEN,MEN-S2M03,TG:0853bab98c8f314f,8.7578125,1,0.3841666666666666,0.99984276
mendeley/extracted/Bangla Audio Dataset Original and DeepFake Voices for AI-Based Voice Analysis and Detection/Dataset/S2M03/Real/24.wav,0,MEN,MEN-S2M03,TG:289fcb521c3b150a,4.8632812,1,0.3508333333333333,0.9923341
mendeley/extracted/Bangla Audio Dataset Original and DeepFake Voices for AI-Based Voice Analysis and Detection/Dataset/S2M03/Real/25.wav,0,MEN,MEN-S2M03,TG:40b84a5f1cb3b6f7,7.5859375,1,0.3341666666666666,0.99949265
mendeley/extracted/Bangla Audio Dataset Original and DeepFake Voices for AI-Based Voice Analysis and Detection/Dataset/S2M03/Real/26.wav,0,MEN,MEN-S2M03,TG:0927b5e32fe2f3c3,10.828125,1,0.4175,0.9999802
mendeley/extracted/Bangla Audio Dataset Original and DeepFake Voices for AI-Based Voice Analysis and Detection/Dataset/S2M03/Real/27.wav,0,MEN,MEN-S2M03,TG:cc2b4377cdecc854,8.1484375,1,0.3508333333333333,0.99971086
mendeley/extracted/Bangla Audio Dataset Original and DeepFake Voices for AI-Based Voice Analysis and Detection/Dataset/S2M03/Real/28.wav,0,MEN,MEN-S2M03,TG:9324b178591cabbc,6.671875,1,0.4175,0.9987356
mendeley/extracted/Bangla Audio Dataset Original and DeepFake Voices for AI-Based Voice Analysis and Detection/Dataset/S2M03/Real/29.wav,0,MEN,MEN-S2M03,TG:7fb328868f0ac39d,-0.1541748,1,0.3675,0.4615325
mendeley/extracted/Bangla Audio Dataset Original and DeepFake Voices for AI-Based Voice Analysis and Detection/Dataset/S2M03/Real/3.wav,0,MEN,MEN-S2M03,TG:f50e8049e973348f,4.3515625,1,0.3341666666666666,0.9872773
mendeley/extracted/Bangla Audio Dataset Original and DeepFake Voices for AI-Based Voice Analysis and Detection/Dataset/S2M03/Real/30.wav,0,MEN,MEN-S2M03,TG:889385251133086d,6.15625,1,0.4008333333333334,0.99788433
mendeley/extracted/Bangla Audio Dataset Original and DeepFake Voices for AI-Based Voice Analysis and Detection/Dataset/S2M03/Real/4.wav,0,MEN,MEN-S2M03,TG:8ce64b152c444b3e,3.5878906,1,0.3841666666666666,0.9730877
mendeley/extracted/Bangla Audio Dataset Original and DeepFake Voices for AI-Based Voice Analysis and Detection/Dataset/S2M03/Real/5.wav,0,MEN,MEN-S2M03,TG:df1971069cd078a3,3.3808594,1,0.3341666666666666,0.967101
mendeley/extracted/Bangla Audio Dataset Original and DeepFake Voices for AI-Based Voice Analysis and Detection/Dataset/S2M03/Real/6.wav,0,MEN,MEN-S2M03,TG:97bbdf40bcf80ca3,6.515625,1,0.3508333333333333,0.9985221
mendeley/extracted/Bangla Audio Dataset Original and DeepFake Voices for AI-Based Voice Analysis and Detection/Dataset/S2M03/Real/7.wav,0,MEN,MEN-S2M03,TG:ad21867e01875176,3.8730469,1,0.3341666666666666,0.97962874
mendeley/extracted/Bangla Audio Dataset Original and DeepFake Voices for AI-Based Voice Analysis and Detection/Dataset/S2M03/Real/8.wav,0,MEN,MEN-S2M03,TG:8a0169787fba87e5,9.546875,1,0.3175,0.9999286
mendeley/extracted/Bangla Audio Dataset Original and DeepFake Voices for AI-Based Voice Analysis and Detection/Dataset/S2M03/Real/9.wav,0,MEN,MEN-S2M03,TG:579044776182eb17,9.09375,1,0.3508333333333333,0.9998876
mendeley/extracted/Bangla Audio Dataset Original and DeepFake Voices for AI-Based Voice Analysis and Detection/Dataset/S2M04/Fake/1.wav,1,MEN,MEN-S2M04,TG:b20a3f0d02492dde,-21.03125,1,0.2691666666666666,7.34927e-10
mendeley/extracted/Bangla Audio Dataset Original and DeepFake Voices for AI-Based Voice Analysis and Detection/Dataset/S2M04/Fake/10.wav,1,MEN,MEN-S2M04,TG:33b1f33dae6afa07,-14.234375,1,0.4575,6.57793e-07
mendeley/extracted/Bangla Audio Dataset Original and DeepFake Voices for AI-Based Voice Analysis and Detection/Dataset/S2M04/Fake/11.wav,1,MEN,MEN-S2M04,TG:bbe30dd5ada268b4,-11.453125,1,0.4441666666666667,1.0616136e-05
mendeley/extracted/Bangla Audio Dataset Original and DeepFake Voices for AI-Based Voice Analysis and Detection/Dataset/S2M04/Fake/12.wav,1,MEN,MEN-S2M04,TG:6074856ccebe1d75,-9.0625,1,0.4808333333333333,0.000115919334
mendeley/extracted/Bangla Audio Dataset Original and DeepFake Voices for AI-Based Voice Analysis and Detection/Dataset/S2M04/Fake/13.wav,1,MEN,MEN-S2M04,TG:2cd01584e8b49dae,-10.59375,1,0.4341666666666667,2.5071593e-05
mendeley/extracted/Bangla Audio Dataset Original and DeepFake Voices for AI-Based Voice Analysis and Detection/Dataset/S2M04/Fake/14.wav,1,MEN,MEN-S2M04,TG:9f0e2d6c08097dec,-8.5859375,1,0.3375,0.00018667821
mendeley/extracted/Bangla Audio Dataset Original and DeepFake Voices for AI-Based Voice Analysis and Detection/Dataset/S2M04/Fake/15.wav,1,MEN,MEN-S2M04,TG:1c625cb144c83a4e,-10.6015625,1,0.4525,2.487649e-05
mendeley/extracted/Bangla Audio Dataset Original and DeepFake Voices for AI-Based Voice Analysis and Detection/Dataset/S2M04/Fake/16.wav,1,MEN,MEN-S2M04,TG:8e996bc7105e9806,-6.0273438,1,0.5058333333333334,0.0024060889
mendeley/extracted/Bangla Audio Dataset Original and DeepFake Voices for AI-Based Voice Analysis and Detection/Dataset/S2M04/Fake/17.wav,1,MEN,MEN-S2M04,TG:b14e52bf5954d16c,-11.3203125,1,0.5058333333333334,1.2123987e-05
mendeley/extracted/Bangla Audio Dataset Original and DeepFake Voices for AI-Based Voice Analysis and Detection/Dataset/S2M04/Fake/18.wav,1,MEN,MEN-S2M04,TG:22a136bd91a94101,-9.8984375,1,0.5141666666666667,5.025062e-05
mendeley/extracted/Bangla Audio Dataset Original and DeepFake Voices for AI-Based Voice Analysis and Detection/Dataset/S2M04/Fake/19.wav,1,MEN,MEN-S2M04,TG:bdf52a53172256ba,-12.546875,1,0.3408333333333333,3.5559847e-06
mendeley/extracted/Bangla Audio Dataset Original and DeepFake Voices for AI-Based Voice Analysis and Detection/Dataset/S2M04/Fake/2.wav,1,MEN,MEN-S2M04,TG:96efe46367590bfc,-9.703125,1,0.4575,6.108855e-05
mendeley/extracted/Bangla Audio Dataset Original and DeepFake Voices for AI-Based Voice Analysis and Detection/Dataset/S2M04/Fake/20.wav,1,MEN,MEN-S2M04,TG:8679fd3194015daa,-12.71875,1,0.5141666666666667,2.9944408e-06
mendeley/extracted/Bangla Audio Dataset Original and DeepFake Voices for AI-Based Voice Analysis and Detection/Dataset/S2M04/Fake/21.wav,1,MEN,MEN-S2M04,TG:8d69e5e5f763c90d,-16.28125,1,0.4841666666666666,8.4945995e-08
mendeley/extracted/Bangla Audio Dataset Original and DeepFake Voices for AI-Based Voice Analysis and Detection/Dataset/S2M04/Fake/22.wav,1,MEN,MEN-S2M04,TG:fd6d9ea4183989da,-11.640625,1,0.5375,8.801101e-06
mendeley/extracted/Bangla Audio Dataset Original and DeepFake Voices for AI-Based Voice Analysis and Detection/Dataset/S2M04/Fake/23.wav,1,MEN,MEN-S2M04,TG:0853bab98c8f314f,-16.953125,1,0.5508333333333333,4.338617e-08
mendeley/extracted/Bangla Audio Dataset Original and DeepFake Voices for AI-Based Voice Analysis and Detection/Dataset/S2M04/Fake/24.wav,1,MEN,MEN-S2M04,TG:289fcb521c3b150a,-11.25,1,0.5175000000000001,1.30071285e-05
mendeley/extracted/Bangla Audio Dataset Original and DeepFake Voices for AI-Based Voice Analysis and Detection/Dataset/S2M04/Fake/25.wav,1,MEN,MEN-S2M04,TG:40b84a5f1cb3b6f7,-15.7734375,1,0.2674999999999999,1.4115071e-07
mendeley/extracted/Bangla Audio Dataset Original and DeepFake Voices for AI-Based Voice Analysis and Detection/Dataset/S2M04/Fake/26.wav,1,MEN,MEN-S2M04,TG:0927b5e32fe2f3c3,-3.0761719,1,0.3874999999999999,0.04410091
mendeley/extracted/Bangla Audio Dataset Original and DeepFake Voices for AI-Based Voice Analysis and Detection/Dataset/S2M04/Fake/27.wav,1,MEN,MEN-S2M04,TG:cc2b4377cdecc854,-14.109375,1,0.3008333333333333,7.453769e-07
mendeley/extracted/Bangla Audio Dataset Original and DeepFake Voices for AI-Based Voice Analysis and Detection/Dataset/S2M04/Fake/28.wav,1,MEN,MEN-S2M04,TG:9324b178591cabbc,-10.7578125,1,0.5208333333333333,2.1278067e-05
mendeley/extracted/Bangla Audio Dataset Original and DeepFake Voices for AI-Based Voice Analysis and Detection/Dataset/S2M04/Fake/29.wav,1,MEN,MEN-S2M04,TG:7fb328868f0ac39d,-13.5625,1,0.3841666666666666,1.2878953e-06
mendeley/extracted/Bangla Audio Dataset Original and DeepFake Voices for AI-Based Voice Analysis and Detection/Dataset/S2M04/Fake/3.wav,1,MEN,MEN-S2M04,TG:f50e8049e973348f,-12.328125,1,0.3675,4.4254903e-06
mendeley/extracted/Bangla Audio Dataset Original and DeepFake Voices for AI-Based Voice Analysis and Detection/Dataset/S2M04/Fake/30.wav,1,MEN,MEN-S2M04,TG:889385251133086d,-10.7421875,1,0.5241666666666667,2.1613141e-05
mendeley/extracted/Bangla Audio Dataset Original and DeepFake Voices for AI-Based Voice Analysis and Detection/Dataset/S2M04/Fake/4.wav,1,MEN,MEN-S2M04,TG:8ce64b152c444b3e,-12.296875,1,0.4075,4.56597e-06
mendeley/extracted/Bangla Audio Dataset Original and DeepFake Voices for AI-Based Voice Analysis and Detection/Dataset/S2M04/Fake/5.wav,1,MEN,MEN-S2M04,TG:df1971069cd078a3,-9.5859375,1,0.4375,6.868318e-05
mendeley/extracted/Bangla Audio Dataset Original and DeepFake Voices for AI-Based Voice Analysis and Detection/Dataset/S2M04/Fake/6.wav,1,MEN,MEN-S2M04,TG:97bbdf40bcf80ca3,-11.84375,1,0.3375,7.1832605e-06
mendeley/extracted/Bangla Audio Dataset Original and DeepFake Voices for AI-Based Voice Analysis and Detection/Dataset/S2M04/Fake/7.wav,1,MEN,MEN-S2M04,TG:ad21867e01875176,-12.9375,1,0.4158333333333334,2.4061026e-06
mendeley/extracted/Bangla Audio Dataset Original and DeepFake Voices for AI-Based Voice Analysis and Detection/Dataset/S2M04/Fake/8.wav,1,MEN,MEN-S2M04,TG:8a0169787fba87e5,-11.546875,1,0.2724999999999999,9.666109e-06
mendeley/extracted/Bangla Audio Dataset Original and DeepFake Voices for AI-Based Voice Analysis and Detection/Dataset/S2M04/Fake/9.wav,1,MEN,MEN-S2M04,TG:579044776182eb17,-10.734375,1,0.4841666666666666,2.178265e-05
mendeley/extracted/Bangla Audio Dataset Original and DeepFake Voices for AI-Based Voice Analysis and Detection/Dataset/S2M04/Real/1.wav,0,MEN,MEN-S2M04,TG:b20a3f0d02492dde,7.3632812,1,0.3841666666666666,0.99936634
mendeley/extracted/Bangla Audio Dataset Original and DeepFake Voices for AI-Based Voice Analysis and Detection/Dataset/S2M04/Real/10.wav,0,MEN,MEN-S2M04,TG:33b1f33dae6afa07,5.8007812,1,0.4175,0.99698395
mendeley/extracted/Bangla Audio Dataset Original and DeepFake Voices for AI-Based Voice Analysis and Detection/Dataset/S2M04/Real/11.wav,0,MEN,MEN-S2M04,TG:bbe30dd5ada268b4,9.140625,1,0.4008333333333334,0.99989283
mendeley/extracted/Bangla Audio Dataset Original and DeepFake Voices for AI-Based Voice Analysis and Detection/Dataset/S2M04/Real/12.wav,0,MEN,MEN-S2M04,TG:6074856ccebe1d75,7.6484375,1,0.4841666666666666,0.9995234
mendeley/extracted/Bangla Audio Dataset Original and DeepFake Voices for AI-Based Voice Analysis and Detection/Dataset/S2M04/Real/13.wav,0,MEN,MEN-S2M04,TG:2cd01584e8b49dae,6.8867188,1,0.4175,0.99897975
mendeley/extracted/Bangla Audio Dataset Original and DeepFake Voices for AI-Based Voice Analysis and Detection/Dataset/S2M04/Real/14.wav,0,MEN,MEN-S2M04,TG:9f0e2d6c08097dec,9.7734375,1,0.4008333333333334,0.999943
mendeley/extracted/Bangla Audio Dataset Original and DeepFake Voices for AI-Based Voice Analysis and Detection/Dataset/S2M04/Real/15.wav,0,MEN,MEN-S2M04,TG:1c625cb144c83a4e,4.1054688,1,0.4675,0.98378503
mendeley/extracted/Bangla Audio Dataset Original and DeepFake Voices for AI-Based Voice Analysis and Detection/Dataset/S2M04/Real/16.wav,0,MEN,MEN-S2M04,TG:8e996bc7105e9806,0.6953125,1,0.4341666666666667,0.66714764
mendeley/extracted/Bangla Audio Dataset Original and DeepFake Voices for AI-Based Voice Analysis and Detection/Dataset/S2M04/Real/17.wav,0,MEN,MEN-S2M04,TG:b14e52bf5954d16c,4.109375,1,0.4841666666666666,0.9838472
mendeley/extracted/Bangla Audio Dataset Original and DeepFake Voices for AI-Based Voice Analysis and Detection/Dataset/S2M04/Real/18.wav,0,MEN,MEN-S2M04,TG:22a136bd91a94101,-0.265625,1,0.4008333333333334,0.43398145
mendeley/extracted/Bangla Audio Dataset Original and DeepFake Voices for AI-Based Voice Analysis and Detection/Dataset/S2M04/Real/19.wav,0,MEN,MEN-S2M04,TG:bdf52a53172256ba,-4.3046875,1,0.3841666666666666,0.013325147
mendeley/extracted/Bangla Audio Dataset Original and DeepFake Voices for AI-Based Voice Analysis and Detection/Dataset/S2M04/Real/2.wav,0,MEN,MEN-S2M04,TG:96efe46367590bfc,7.5507812,1,0.4341666666666667,0.9994746
mendeley/extracted/Bangla Audio Dataset Original and DeepFake Voices for AI-Based Voice Analysis and Detection/Dataset/S2M04/Real/20.wav,0,MEN,MEN-S2M04,TG:8679fd3194015daa,-0.35327148,1,0.4675,0.41258934
mendeley/extracted/Bangla Audio Dataset Original and DeepFake Voices for AI-Based Voice Analysis and Detection/Dataset/S2M04/Real/21.wav,0,MEN,MEN-S2M04,TG:8d69e5e5f763c90d,6.15625,1,0.4508333333333333,0.99788433
mendeley/extracted/Bangla Audio Dataset Original and DeepFake Voices for AI-Based Voice Analysis and Detection/Dataset/S2M04/Real/22.wav,0,MEN,MEN-S2M04,TG:fd6d9ea4183989da,8.5546875,1,0.4175,0.9998074
mendeley/extracted/Bangla Audio Dataset Original and DeepFake Voices for AI-Based Voice Analysis and Detection/Dataset/S2M04/Real/23.wav,0,MEN,MEN-S2M04,TG:0853bab98c8f314f,7.3945312,1,0.4008333333333334,0.9993857
mendeley/extracted/Bangla Audio Dataset Original and DeepFake Voices for AI-Based Voice Analysis and Detection/Dataset/S2M04/Real/24.wav,0,MEN,MEN-S2M04,TG:289fcb521c3b150a,8.1171875,1,0.4175,0.9997017
mendeley/extracted/Bangla Audio Dataset Original and DeepFake Voices for AI-Based Voice Analysis and Detection/Dataset/S2M04/Real/25.wav,0,MEN,MEN-S2M04,TG:40b84a5f1cb3b6f7,8.8203125,1,0.4008333333333334,0.9998523
mendeley/extracted/Bangla Audio Dataset Original and DeepFake Voices for AI-Based Voice Analysis and Detection/Dataset/S2M04/Real/26.wav,0,MEN,MEN-S2M04,TG:0927b5e32fe2f3c3,9.6796875,1,0.4008333333333334,0.9999374
mendeley/extracted/Bangla Audio Dataset Original and DeepFake Voices for AI-Based Voice Analysis and Detection/Dataset/S2M04/Real/27.wav,0,MEN,MEN-S2M04,TG:cc2b4377cdecc854,8.7265625,1,0.3341666666666666,0.99983776
mendeley/extracted/Bangla Audio Dataset Original and DeepFake Voices for AI-Based Voice Analysis and Detection/Dataset/S2M04/Real/28.wav,0,MEN,MEN-S2M04,TG:9324b178591cabbc,0.3305664,1,0.4675,0.5818972
mendeley/extracted/Bangla Audio Dataset Original and DeepFake Voices for AI-Based Voice Analysis and Detection/Dataset/S2M04/Real/29.wav,0,MEN,MEN-S2M04,TG:7fb328868f0ac39d,8.421875,1,0.4841666666666666,0.99978
mendeley/extracted/Bangla Audio Dataset Original and DeepFake Voices for AI-Based Voice Analysis and Detection/Dataset/S2M04/Real/3.wav,0,MEN,MEN-S2M04,TG:f50e8049e973348f,5.2109375,1,0.4008333333333334,0.99457306
mendeley/extracted/Bangla Audio Dataset Original and DeepFake Voices for AI-Based Voice Analysis and Detection/Dataset/S2M04/Real/30.wav,0,MEN,MEN-S2M04,TG:889385251133086d,6.2617188,1,0.4175,0.9980957
mendeley/extracted/Bangla Audio Dataset Original and DeepFake Voices for AI-Based Voice Analysis and Detection/Dataset/S2M04/Real/4.wav,0,MEN,MEN-S2M04,TG:8ce64b152c444b3e,0.14916992,1,0.5175000000000001,0.53722346
mendeley/extracted/Bangla Audio Dataset Original and DeepFake Voices for AI-Based Voice Analysis and Detection/Dataset/S2M04/Real/5.wav,0,MEN,MEN-S2M04,TG:df1971069cd078a3,3.5996094,1,0.4841666666666666,0.97339284
mendeley/extracted/Bangla Audio Dataset Original and DeepFake Voices for AI-Based Voice Analysis and Detection/Dataset/S2M04/Real/6.wav,0,MEN,MEN-S2M04,TG:97bbdf40bcf80ca3,6.09375,1,0.5008333333333334,0.9977482
mendeley/extracted/Bangla Audio Dataset Original and DeepFake Voices for AI-Based Voice Analysis and Detection/Dataset/S2M04/Real/7.wav,0,MEN,MEN-S2M04,TG:ad21867e01875176,8.7109375,1,0.4841666666666666,0.99983525
mendeley/extracted/Bangla Audio Dataset Original and DeepFake Voices for AI-Based Voice Analysis and Detection/Dataset/S2M04/Real/8.wav,0,MEN,MEN-S2M04,TG:8a0169787fba87e5,4.234375,1,0.4008333333333334,0.98571813
mendeley/extracted/Bangla Audio Dataset Original and DeepFake Voices for AI-Based Voice Analysis and Detection/Dataset/S2M04/Real/9.wav,0,MEN,MEN-S2M04,TG:579044776182eb17,7.5078125,1,0.4175,0.99945146
mendeley/extracted/Bangla Audio Dataset Original and DeepFake Voices for AI-Based Voice Analysis and Detection/Dataset/S2M05/Fake/1.wav,1,MEN,MEN-S2M05,TG:b20a3f0d02492dde,-4.8164062,1,0.2958333333333333,0.008030813
mendeley/extracted/Bangla Audio Dataset Original and DeepFake Voices for AI-Based Voice Analysis and Detection/Dataset/S2M05/Fake/10.wav,1,MEN,MEN-S2M05,TG:33b1f33dae6afa07,-6.1601562,1,0.4775,0.0021074724
mendeley/extracted/Bangla Audio Dataset Original and DeepFake Voices for AI-Based Voice Analysis and Detection/Dataset/S2M05/Fake/11.wav,1,MEN,MEN-S2M05,TG:bbe30dd5ada268b4,-9.0546875,1,0.4675,0.0001168284
mendeley/extracted/Bangla Audio Dataset Original and DeepFake Voices for AI-Based Voice Analysis and Detection/Dataset/S2M05/Fake/12.wav,1,MEN,MEN-S2M05,TG:6074856ccebe1d75,-0.37231445,1,0.4608333333333333,0.40798187
mendeley/extracted/Bangla Audio Dataset Original and DeepFake Voices for AI-Based Voice Analysis and Detection/Dataset/S2M05/Fake/13.wav,1,MEN,MEN-S2M05,TG:2cd01584e8b49dae,-12.609375,1,0.4675,3.3405393e-06
mendeley/extracted/Bangla Audio Dataset Original and DeepFake Voices for AI-Based Voice Analysis and Detection/Dataset/S2M05/Fake/14.wav,1,MEN,MEN-S2M05,TG:9f0e2d6c08097dec,-7.1796875,1,0.3308333333333333,0.0007613258
mendeley/extracted/Bangla Audio Dataset Original and DeepFake Voices for AI-Based Voice Analysis and Detection/Dataset/S2M05/Fake/15.wav,1,MEN,MEN-S2M05,TG:1c625cb144c83a4e,-8.984375,1,0.4958333333333333,0.00012533751
mendeley/extracted/Bangla Audio Dataset Original and DeepFake Voices for AI-Based Voice Analysis and Detection/Dataset/S2M05/Fake/16.wav,1,MEN,MEN-S2M05,TG:8e996bc7105e9806,-9.5546875,1,0.5375,7.0863265e-05
mendeley/extracted/Bangla Audio Dataset Original and DeepFake Voices for AI-Based Voice Analysis and Detection/Dataset/S2M05/Fake/17.wav,1,MEN,MEN-S2M05,TG:b14e52bf5954d16c,-7.5664062,1,0.4541666666666667,0.00051728135
mendeley/extracted/Bangla Audio Dataset Original and DeepFake Voices for AI-Based Voice Analysis and Detection/Dataset/S2M05/Fake/18.wav,1,MEN,MEN-S2M05,TG:22a136bd91a94101,-9.390625,1,0.5175000000000001,8.3496285e-05
mendeley/extracted/Bangla Audio Dataset Original and DeepFake Voices for AI-Based Voice Analysis and Detection/Dataset/S2M05/Fake/19.wav,1,MEN,MEN-S2M05,TG:bdf52a53172256ba,-10.453125,1,0.3774999999999999,2.8857117e-05
mendeley/extracted/Bangla Audio Dataset Original and DeepFake Voices for AI-Based Voice Analysis and Detection/Dataset/S2M05/Fake/2.wav,1,MEN,MEN-S2M05,TG:96efe46367590bfc,-9.8984375,1,0.3941666666666666,5.025062e-05
mendeley/extracted/Bangla Audio Dataset Original and DeepFake Voices for AI-Based Voice Analysis and Detection/Dataset/S2M05/Fake/20.wav,1,MEN,MEN-S2M05,TG:8679fd3194015daa,-9.9453125,1,0.5175000000000001,4.7949583e-05
mendeley/extracted/Bangla Audio Dataset Original and DeepFake Voices for AI-Based Voice Analysis and Detection/Dataset/S2M05/Fake/21.wav,1,MEN,MEN-S2M05,TG:8d69e5e5f763c90d,-9.5859375,1,0.4358333333333333,6.868318e-05
mendeley/extracted/Bangla Audio Dataset Original and DeepFake Voices for AI-Based Voice Analysis and Detection/Dataset/S2M05/Fake/22.wav,1,MEN,MEN-S2M05,TG:fd6d9ea4183989da,-9.8203125,1,0.5425,5.433365e-05
mendeley/extracted/Bangla Audio Dataset Original and DeepFake Voices for AI-Based Voice Analysis and Detection/Dataset/S2M05/Fake/23.wav,1,MEN,MEN-S2M05,TG:0853bab98c8f314f,-11.1796875,1,0.4758333333333333,1.3954598e-05
mendeley/extracted/Bangla Audio Dataset Original and DeepFake Voices for AI-Based Voice Analysis and Detection/Dataset/S2M05/Fake/24.wav,1,MEN,MEN-S2M05,TG:289fcb521c3b150a,-7.2890625,1,0.5075000000000001,0.0006825019
mendeley/extracted/Bangla Audio Dataset Original and DeepFake Voices for AI-Based Voice Analysis and Detection/Dataset/S2M05/Fake/25.wav,1,MEN,MEN-S2M05,TG:40b84a5f1cb3b6f7,-12.671875,1,0.2341666666666666,3.138147e-06
mendeley/extracted/Bangla Audio Dataset Original and DeepFake Voices for AI-Based Voice Analysis and Detection/Dataset/S2M05/Fake/26.wav,1,MEN,MEN-S2M05,TG:0927b5e32fe2f3c3,-8.390625,1,0.3575,0.00022693386
mendeley/extracted/Bangla Audio Dataset Original and DeepFake Voices for AI-Based Voice Analysis and Detection/Dataset/S2M05/Fake/27.wav,1,MEN,MEN-S2M05,TG:cc2b4377cdecc854,-9.9375,1,0.2991666666666667,4.832564e-05
mendeley/extracted/Bangla Audio Dataset Original and DeepFake Voices for AI-Based Voice Analysis and Detection/Dataset/S2M05/Fake/28.wav,1,MEN,MEN-S2M05,TG:9324b178591cabbc,-11.359375,1,0.5225,1.1659531e-05
mendeley/extracted/Bangla Audio Dataset Original and DeepFake Voices for AI-Based Voice Analysis and Detection/Dataset/S2M05/Fake/29.wav,1,MEN,MEN-S2M05,TG:7fb328868f0ac39d,-8.9296875,1,0.4091666666666667,0.00013238186
mendeley/extracted/Bangla Audio Dataset Original and DeepFake Voices for AI-Based Voice Analysis and Detection/Dataset/S2M05/Fake/3.wav,1,MEN,MEN-S2M05,TG:f50e8049e973348f,-9.453125,1,0.4041666666666667,7.843789e-05
mendeley/extracted/Bangla Audio Dataset Original and DeepFake Voices for AI-Based Voice Analysis and Detection/Dataset/S2M05/Fake/30.wav,1,MEN,MEN-S2M05,TG:889385251133086d,1.3144531,1,0.5958333333333333,0.78825736
mendeley/extracted/Bangla Audio Dataset Original and DeepFake Voices for AI-Based Voice Analysis and Detection/Dataset/S2M05/Fake/4.wav,1,MEN,MEN-S2M05,TG:8ce64b152c444b3e,-10.234375,1,0.3841666666666666,3.5913014e-05
mendeley/extracted/Bangla Audio Dataset Original and DeepFake Voices for AI-Based Voice Analysis and Detection/Dataset/S2M05/Fake/5.wav,1,MEN,MEN-S2M05,TG:df1971069cd078a3,-11.34375,1,0.3824999999999999,1.184314e-05
mendeley/extracted/Bangla Audio Dataset Original and DeepFake Voices for AI-Based Voice Analysis and Detection/Dataset/S2M05/Fake/6.wav,1,MEN,MEN-S2M05,TG:97bbdf40bcf80ca3,-8.1953125,1,0.3508333333333333,0.0002758679
mendeley/extracted/Bangla Audio Dataset Original and DeepFake Voices for AI-Based Voice Analysis and Detection/Dataset/S2M05/Fake/7.wav,1,MEN,MEN-S2M05,TG:ad21867e01875176,-8.5,1,0.4091666666666667,0.00020342699
mendeley/extracted/Bangla Audio Dataset Original and DeepFake Voices for AI-Based Voice Analysis and Detection/Dataset/S2M05/Fake/8.wav,1,MEN,MEN-S2M05,TG:8a0169787fba87e5,-0.89990234,1,0.2624999999999999,0.28907055
mendeley/extracted/Bangla Audio Dataset Original and DeepFake Voices for AI-Based Voice Analysis and Detection/Dataset/S2M05/Fake/9.wav,1,MEN,MEN-S2M05,TG:579044776182eb17,-14.0,1,0.5041666666666667,8.31528e-07
mendeley/extracted/Bangla Audio Dataset Original and DeepFake Voices for AI-Based Voice Analysis and Detection/Dataset/S2M05/Real/1.wav,0,MEN,MEN-S2M05,TG:b20a3f0d02492dde,-13.6875,1,0.6508333333333334,1.1365637e-06
mendeley/extracted/Bangla Audio Dataset Original and DeepFake Voices for AI-Based Voice Analysis and Detection/Dataset/S2M05/Real/10.wav,0,MEN,MEN-S2M05,TG:33b1f33dae6afa07,-15.34375,1,0.7008333333333333,2.1691717e-07
mendeley/extracted/Bangla Audio Dataset Original and DeepFake Voices for AI-Based Voice Analysis and Detection/Dataset/S2M05/Real/11.wav,0,MEN,MEN-S2M05,TG:bbe30dd5ada268b4,-12.7109375,1,0.5841666666666667,3.0179267e-06
mendeley/extracted/Bangla Audio Dataset Original and DeepFake Voices for AI-Based Voice Analysis and Detection/Dataset/S2M05/Real/12.wav,0,MEN,MEN-S2M05,TG:6074856ccebe1d75,-12.8671875,1,0.6841666666666666,2.5813706e-06
mendeley/extracted/Bangla Audio Dataset Original and DeepFake Voices for AI-Based Voice Analysis and Detection/Dataset/S2M05/Real/13.wav,0,MEN,MEN-S2M05,TG:2cd01584e8b49dae,-17.6875,1,0.6341666666666667,2.0816916e-08
mendeley/extracted/Bangla Audio Dataset Original and DeepFake Voices for AI-Based Voice Analysis and Detection/Dataset/S2M05/Real/14.wav,0,MEN,MEN-S2M05,TG:9f0e2d6c08097dec,-14.6953125,1,0.5341666666666667,4.148649e-07
mendeley/extracted/Bangla Audio Dataset Original and DeepFake Voices for AI-Based Voice Analysis and Detection/Dataset/S2M05/Real/15.wav,0,MEN,MEN-S2M05,TG:1c625cb144c83a4e,-10.3828125,1,0.7341666666666666,3.0959105e-05
mendeley/extracted/Bangla Audio Dataset Original and DeepFake Voices for AI-Based Voice Analysis and Detection/Dataset/S2M05/Real/16.wav,0,MEN,MEN-S2M05,TG:8e996bc7105e9806,-13.203125,1,0.7008333333333333,1.8448236e-06
mendeley/extracted/Bangla Audio Dataset Original and DeepFake Voices for AI-Based Voice Analysis and Detection/Dataset/S2M05/Real/17.wav,0,MEN,MEN-S2M05,TG:b14e52bf5954d16c,-13.8828125,1,0.6675,9.34912e-07
mendeley/extracted/Bangla Audio Dataset Original and DeepFake Voices for AI-Based Voice Analysis and Detection/Dataset/S2M05/Real/18.wav,0,MEN,MEN-S2M05,TG:22a136bd91a94101,-13.1328125,1,0.6841666666666666,1.9792067e-06
mendeley/extracted/Bangla Audio Dataset Original and DeepFake Voices for AI-Based Voice Analysis and Detection/Dataset/S2M05/Real/19.wav,0,MEN,MEN-S2M05,TG:bdf52a53172256ba,-14.6875,1,0.6008333333333333,4.181187e-07
mendeley/extracted/Bangla Audio Dataset Original and DeepFake Voices for AI-Based Voice Analysis and Detection/Dataset/S2M05/Real/2.wav,0,MEN,MEN-S2M05,TG:96efe46367590bfc,-9.28125,1,0.6008333333333333,9.3145936e-05
mendeley/extracted/Bangla Audio Dataset Original and DeepFake Voices for AI-Based Voice Analysis and Detection/Dataset/S2M05/Real/20.wav,0,MEN,MEN-S2M05,TG:8679fd3194015daa,-19.078125,1,0.7175,5.18174e-09
mendeley/extracted/Bangla Audio Dataset Original and DeepFake Voices for AI-Based Voice Analysis and Detection/Dataset/S2M05/Real/21.wav,0,MEN,MEN-S2M05,TG:8d69e5e5f763c90d,-17.28125,1,0.6675,3.1249886e-08
mendeley/extracted/Bangla Audio Dataset Original and DeepFake Voices for AI-Based Voice Analysis and Detection/Dataset/S2M05/Real/22.wav,0,MEN,MEN-S2M05,TG:fd6d9ea4183989da,-12.6015625,1,0.7175,3.366739e-06
mendeley/extracted/Bangla Audio Dataset Original and DeepFake Voices for AI-Based Voice Analysis and Detection/Dataset/S2M05/Real/23.wav,0,MEN,MEN-S2M05,TG:0853bab98c8f314f,-18.546875,1,0.6675,8.814436e-09
mendeley/extracted/Bangla Audio Dataset Original and DeepFake Voices for AI-Based Voice Analysis and Detection/Dataset/S2M05/Real/24.wav,0,MEN,MEN-S2M05,TG:289fcb521c3b150a,-19.75,1,0.6675,2.6465736e-09
mendeley/extracted/Bangla Audio Dataset Original and DeepFake Voices for AI-Based Voice Analysis and Detection/Dataset/S2M05/Real/25.wav,0,MEN,MEN-S2M05,TG:40b84a5f1cb3b6f7,-12.703125,1,0.4841666666666666,3.0415963e-06
mendeley/extracted/Bangla Audio Dataset Original and DeepFake Voices for AI-Based Voice Analysis and Detection/Dataset/S2M05/Real/26.wav,0,MEN,MEN-S2M05,TG:0927b5e32fe2f3c3,-16.484375,1,0.5841666666666667,6.93309e-08
mendeley/extracted/Bangla Audio Dataset Original and DeepFake Voices for AI-Based Voice Analysis and Detection/Dataset/S2M05/Real/27.wav,0,MEN,MEN-S2M05,TG:cc2b4377cdecc854,-16.5,1,0.5675,6.825603e-08
mendeley/extracted/Bangla Audio Dataset Original and DeepFake Voices for AI-Based Voice Analysis and Detection/Dataset/S2M05/Real/28.wav,0,MEN,MEN-S2M05,TG:9324b178591cabbc,-13.46875,1,0.7008333333333333,1.414476e-06
mendeley/extracted/Bangla Audio Dataset Original and DeepFake Voices for AI-Based Voice Analysis and Detection/Dataset/S2M05/Real/29.wav,0,MEN,MEN-S2M05,TG:7fb328868f0ac39d,-14.9375,1,0.7008333333333333,3.2563122e-07
mendeley/extracted/Bangla Audio Dataset Original and DeepFake Voices for AI-Based Voice Analysis and Detection/Dataset/S2M05/Real/3.wav,0,MEN,MEN-S2M05,TG:f50e8049e973348f,-14.2109375,1,0.6341666666666667,6.733921e-07
mendeley/extracted/Bangla Audio Dataset Original and DeepFake Voices for AI-Based Voice Analysis and Detection/Dataset/S2M05/Real/30.wav,0,MEN,MEN-S2M05,TG:889385251133086d,-14.984375,1,0.7175,3.107195e-07
mendeley/extracted/Bangla Audio Dataset Original and DeepFake Voices for AI-Based Voice Analysis and Detection/Dataset/S2M05/Real/4.wav,0,MEN,MEN-S2M05,TG:8ce64b152c444b3e,-10.703125,1,0.6675,2.247409e-05
mendeley/extracted/Bangla Audio Dataset Original and DeepFake Voices for AI-Based Voice Analysis and Detection/Dataset/S2M05/Real/5.wav,0,MEN,MEN-S2M05,TG:df1971069cd078a3,-17.9375,1,0.7008333333333333,1.6212228e-08
mendeley/extracted/Bangla Audio Dataset Original and DeepFake Voices for AI-Based Voice Analysis and Detection/Dataset/S2M05/Real/6.wav,0,MEN,MEN-S2M05,TG:97bbdf40bcf80ca3,-18.5625,1,0.6508333333333334,8.677781e-09
mendeley/extracted/Bangla Audio Dataset Original and DeepFake Voices for AI-Based Voice Analysis and Detection/Dataset/S2M05/Real/7.wav,0,MEN,MEN-S2M05,TG:ad21867e01875176,-16.53125,1,0.7341666666666666,6.615601e-08
mendeley/extracted/Bangla Audio Dataset Original and DeepFake Voices for AI-Based Voice Analysis and Detection/Dataset/S2M05/Real/8.wav,0,MEN,MEN-S2M05,TG:8a0169787fba87e5,-14.9140625,1,0.5508333333333333,3.3335337e-07
mendeley/extracted/Bangla Audio Dataset Original and DeepFake Voices for AI-Based Voice Analysis and Detection/Dataset/S2M05/Real/9.wav,0,MEN,MEN-S2M05,TG:579044776182eb17,-13.4453125,1,0.6174999999999999,1.4480192e-06
mendeley/extracted/Bangla Audio Dataset Original and DeepFake Voices for AI-Based Voice Analysis and Detection/Dataset/S3F01/Fake/1.wav,1,MEN,MEN-S3F01,TG:c64a37b6788eff47,-11.3671875,1,0.4958333333333333,1.1568795e-05
mendeley/extracted/Bangla Audio Dataset Original and DeepFake Voices for AI-Based Voice Analysis and Detection/Dataset/S3F01/Fake/10.wav,1,MEN,MEN-S3F01,TG:e4f6f434932f766c,-13.1015625,1,0.4825,2.0420332e-06
mendeley/extracted/Bangla Audio Dataset Original and DeepFake Voices for AI-Based Voice Analysis and Detection/Dataset/S3F01/Fake/11.wav,1,MEN,MEN-S3F01,TG:279416c756e06369,-16.828125,1,0.4675,4.916298e-08
mendeley/extracted/Bangla Audio Dataset Original and DeepFake Voices for AI-Based Voice Analysis and Detection/Dataset/S3F01/Fake/12.wav,1,MEN,MEN-S3F01,TG:29d9398f6eb46b4c,-9.9140625,1,0.5075000000000001,4.947159e-05
mendeley/extracted/Bangla Audio Dataset Original and DeepFake Voices for AI-Based Voice Analysis and Detection/Dataset/S3F01/Fake/13.wav,1,MEN,MEN-S3F01,TG:a654883aa77ef593,-15.0,1,0.3641666666666666,3.0590226e-07
mendeley/extracted/Bangla Audio Dataset Original and DeepFake Voices for AI-Based Voice Analysis and Detection/Dataset/S3F01/Fake/14.wav,1,MEN,MEN-S3F01,TG:da1b8fe7ea374f0b,-6.3554688,1,0.1274999999999999,0.0017342078
mendeley/extracted/Bangla Audio Dataset Original and DeepFake Voices for AI-Based Voice Analysis and Detection/Dataset/S3F01/Fake/15.wav,1,MEN,MEN-S3F01,TG:0024a0b4f77f02d4,-7.0820312,1,0.4741666666666666,0.00083935994
mendeley/extracted/Bangla Audio Dataset Original and DeepFake Voices for AI-Based Voice Analysis and Detection/Dataset/S3F01/Fake/16.wav,1,MEN,MEN-S3F01,TG:8f6e37cf38ec1a44,-16.203125,1,0.4775,9.184853e-08
mendeley/extracted/Bangla Audio Dataset Original and DeepFake Voices for AI-Based Voice Analysis and Detection/Dataset/S3F01/Fake/17.wav,1,MEN,MEN-S3F01,TG:3669c591dfbe7a55,-6.6132812,1,0.2808333333333334,0.0013406205
mendeley/extracted/Bangla Audio Dataset Original and DeepFake Voices for AI-Based Voice Analysis and Detection/Dataset/S3F01/Fake/18.wav,1,MEN,MEN-S3F01,TG:8be6babbf81be123,-12.90625,1,0.3641666666666666,2.4824799e-06
mendeley/extracted/Bangla Audio Dataset Original and DeepFake Voices for AI-Based Voice Analysis and Detection/Dataset/S3F01/Fake/19.wav,1,MEN,MEN-S3F01,TG:7f247b87b49d5fb0,-8.765625,1,0.0224999999999999,0.00015598028
mendeley/extracted/Bangla Audio Dataset Original and DeepFake Voices for AI-Based Voice Analysis and Detection/Dataset/S3F01/Fake/2.wav,1,MEN,MEN-S3F01,TG:e77eed1a0aa1b7cf,-12.8828125,1,0.4775,2.54135e-06
mendeley/extracted/Bangla Audio Dataset Original and DeepFake Voices for AI-Based Voice Analysis and Detection/Dataset/S3F01/Fake/20.wav,1,MEN,MEN-S3F01,TG:567b144e9ae8bc8b,-12.3515625,1,0.3308333333333333,4.3229747e-06
mendeley/extracted/Bangla Audio Dataset Original and DeepFake Voices for AI-Based Voice Analysis and Detection/Dataset/S3F01/Fake/21.wav,1,MEN,MEN-S3F01,TG:9e58a2d9515bce87,-8.375,1,0.4425,0.0002305067
mendeley/extracted/Bangla Audio Dataset Original and DeepFake Voices for AI-Based Voice Analysis and Detection/Dataset/S3F01/Fake/22.wav,1,MEN,MEN-S3F01,TG:39deb4923c5e7c69,-7.8671875,1,0.2325,0.00038296363
mendeley/extracted/Bangla Audio Dataset Original and DeepFake Voices for AI-Based Voice Analysis and Detection/Dataset/S3F01/Fake/23.wav,1,MEN,MEN-S3F01,TG:7b7d4f0518a452ce,-9.3359375,1,0.4008333333333334,8.818924e-05
mendeley/extracted/Bangla Audio Dataset Original and DeepFake Voices for AI-Based Voice Analysis and Detection/Dataset/S3F01/Fake/24.wav,1,MEN,MEN-S3F01,TG:ff2ff224c96a1888,-12.5703125,1,0.4491666666666667,3.4736104e-06
mendeley/extracted/Bangla Audio Dataset Original and DeepFake Voices for AI-Based Voice Analysis and Detection/Dataset/S3F01/Fake/25.wav,1,MEN,MEN-S3F01,TG:9c6ff62d512d4446,-11.75,1,0.1674999999999999,7.889263e-06
mendeley/extracted/Bangla Audio Dataset Original and DeepFake Voices for AI-Based Voice Analysis and Detection/Dataset/S3F01/Fake/26.wav,1,MEN,MEN-S3F01,TG:527411d819e34baa,-11.5390625,1,0.5241666666666667,9.7419215e-06
mendeley/extracted/Bangla Audio Dataset Original and DeepFake Voices for AI-Based Voice Analysis and Detection/Dataset/S3F01/Fake/27.wav,1,MEN,MEN-S3F01,TG:b6a6a3b4c18cb76d,-14.515625,1,0.4541666666666667,4.9652823e-07
mendeley/extracted/Bangla Audio Dataset Original and DeepFake Voices for AI-Based Voice Analysis and Detection/Dataset/S3F01/Fake/28.wav,1,MEN,MEN-S3F01,TG:143353d18a45fba7,2.7910156,1,0.4125,0.9421883
mendeley/extracted/Bangla Audio Dataset Original and DeepFake Voices for AI-Based Voice Analysis and Detection/Dataset/S3F01/Fake/29.wav,1,MEN,MEN-S3F01,TG:2939ab8429b75898,-15.1484375,1,0.4558333333333333,2.6370424e-07
mendeley/extracted/Bangla Audio Dataset Original and DeepFake Voices for AI-Based Voice Analysis and Detection/Dataset/S3F01/Fake/3.wav,1,MEN,MEN-S3F01,TG:60894dee2b546c5f,-11.6640625,1,0.3658333333333333,8.597226e-06
mendeley/extracted/Bangla Audio Dataset Original and DeepFake Voices for AI-Based Voice Analysis and Detection/Dataset/S3F01/Fake/30.wav,1,MEN,MEN-S3F01,TG:12ec84bfce694bf7,-12.15625,1,0.2741666666666666,5.255396e-06
mendeley/extracted/Bangla Audio Dataset Original and DeepFake Voices for AI-Based Voice Analysis and Detection/Dataset/S3F01/Fake/4.wav,1,MEN,MEN-S3F01,TG:ba3a3390e238eabe,-12.0234375,1,0.4891666666666666,6.001846e-06
mendeley/extracted/Bangla Audio Dataset Original and DeepFake Voices for AI-Based Voice Analysis and Detection/Dataset/S3F01/Fake/5.wav,1,MEN,MEN-S3F01,TG:4d2279fbc9b21903,-16.140625,1,0.4908333333333333,9.777224e-08
mendeley/extracted/Bangla Audio Dataset Original and DeepFake Voices for AI-Based Voice Analysis and Detection/Dataset/S3F01/Fake/6.wav,1,MEN,MEN-S3F01,TG:e1a6cf0ea369c47c,-14.1328125,1,0.5008333333333334,7.281103e-07
mendeley/extracted/Bangla Audio Dataset Original and DeepFake Voices for AI-Based Voice Analysis and Detection/Dataset/S3F01/Fake/7.wav,1,MEN,MEN-S3F01,TG:b94c02a58d6767fd,-7.0820312,1,0.4858333333333333,0.00083935994
mendeley/extracted/Bangla Audio Dataset Original and DeepFake Voices for AI-Based Voice Analysis and Detection/Dataset/S3F01/Fake/8.wav,1,MEN,MEN-S3F01,TG:2c5c04ca3a814a2b,-9.4453125,1,0.4275,7.905304e-05
mendeley/extracted/Bangla Audio Dataset Original and DeepFake Voices for AI-Based Voice Analysis and Detection/Dataset/S3F01/Fake/9.wav,1,MEN,MEN-S3F01,TG:3183698e613eeb91,-17.578125,1,0.3841666666666666,2.3222947e-08
mendeley/extracted/Bangla Audio Dataset Original and DeepFake Voices for AI-Based Voice Analysis and Detection/Dataset/S3F01/Real/1.wav,0,MEN,MEN-S3F01,TG:c64a37b6788eff47,-17.1875,1,0.5908333333333333,3.432129e-08
mendeley/extracted/Bangla Audio Dataset Original and DeepFake Voices for AI-Based Voice Analysis and Detection/Dataset/S3F01/Real/10.wav,0,MEN,MEN-S3F01,TG:e4f6f434932f766c,-20.625,1,0.6775,1.103256e-09
mendeley/extracted/Bangla Audio Dataset Original and DeepFake Voices for AI-Based Voice Analysis and Detection/Dataset/S3F01/Real/11.wav,0,MEN,MEN-S3F01,TG:279416c756e06369,-21.484375,1,0.5858333333333333,4.67148e-10
mendeley/extracted/Bangla Audio Dataset Original and DeepFake Voices for AI-Based Voice Analysis and Detection/Dataset/S3F01/Real/12.wav,0,MEN,MEN-S3F01,TG:29d9398f6eb46b4c,-26.078125,1,0.7224999999999999,4.725135e-12
mendeley/extracted/Bangla Audio Dataset Original and DeepFake Voices for AI-Based Voice Analysis and Detection/Dataset/S3F01/Real/13.wav,0,MEN,MEN-S3F01,TG:a654883aa77ef593,-20.859375,1,0.5958333333333333,8.727474e-10
mendeley/extracted/Bangla Audio Dataset Original and DeepFake Voices for AI-Based Voice Analysis and Detection/Dataset/S3F01/Real/14.wav,0,MEN,MEN-S3F01,TG:da1b8fe7ea374f0b,-15.703125,1,0.4458333333333333,1.514326e-07
mendeley/extracted/Bangla Audio Dataset Original and DeepFake Voices for AI-Based Voice Analysis and Detection/Dataset/S3F01/Real/15.wav,0,MEN,MEN-S3F01,TG:0024a0b4f77f02d4,-17.78125,1,0.4325,1.8954015e-08
mendeley/extracted/Bangla Audio Dataset Original and DeepFake Voices for AI-Based Voice Analysis and Detection/Dataset/S3F01/Real/16.wav,0,MEN,MEN-S3F01,TG:8f6e37cf38ec1a44,-15.78125,1,0.6775,1.4005226e-07
mendeley/extracted/Bangla Audio Dataset Original and DeepFake Voices for AI-Based Voice Analysis and Detection/Dataset/S3F01/Real/17.wav,0,MEN,MEN-S3F01,TG:3669c591dfbe7a55,-13.9375,1,0.3974999999999999,8.8515685e-07
mendeley/extracted/Bangla Audio Dataset Original and DeepFake Voices for AI-Based Voice Analysis and Detection/Dataset/S3F01/Real/18.wav,0,MEN,MEN-S3F01,TG:8be6babbf81be123,-14.0078125,1,0.6091666666666666,8.25057e-07
mendeley/extracted/Bangla Audio Dataset Original and DeepFake Voices for AI-Based Voice Analysis and Detection/Dataset/S3F01/Real/19.wav,0,MEN,MEN-S3F01,TG:7f247b87b49d5fb0,-15.3515625,1,0.4658333333333333,2.1522912e-07
mendeley/extracted/Bangla Audio Dataset Original and DeepFake Voices for AI-Based Voice Analysis and Detection/Dataset/S3F01/Real/2.wav,0,MEN,MEN-S3F01,TG:e77eed1a0aa1b7cf,-16.65625,1,0.6208333333333333,5.8382472e-08
mendeley/extracted/Bangla Audio Dataset Original and DeepFake Voices for AI-Based Voice Analysis and Detection/Dataset/S3F01/Real/20.wav,0,MEN,MEN-S3F01,TG:567b144e9ae8bc8b,-24.453125,1,0.4891666666666666,2.3996215e-11
mendeley/extracted/Bangla Audio Dataset Original and DeepFake Voices for AI-Based Voice Analysis and Detection/Dataset/S3F01/Real/21.wav,0,MEN,MEN-S3F01,TG:9e58a2d9515bce87,-20.046875,1,0.5658333333333334,1.9667665e-09
mendeley/extracted/Bangla Audio Dataset Original and DeepFake Voices for AI-Based Voice Analysis and Detection/Dataset/S3F01/Real/22.wav,0,MEN,MEN-S3F01,TG:39deb4923c5e7c69,-17.453125,1,0.4408333333333333,2.6315048e-08
mendeley/extracted/Bangla Audio Dataset Original and DeepFake Voices for AI-Based Voice Analysis and Detection/Dataset/S3F01/Real/23.wav,0,MEN,MEN-S3F01,TG:7b7d4f0518a452ce,-13.515625,1,0.5441666666666667,1.3497025e-06
mendeley/extracted/Bangla Audio Dataset Original and DeepFake Voices for AI-Based Voice Analysis and Detection/Dataset/S3F01/Real/24.wav,0,MEN,MEN-S3F01,TG:ff2ff224c96a1888,-20.46875,1,0.5875,1.2898371e-09
mendeley/extracted/Bangla Audio Dataset Original and DeepFake Voices for AI-Based Voice Analysis and Detection/Dataset/S3F01/Real/25.wav,0,MEN,MEN-S3F01,TG:9c6ff62d512d4446,-15.765625,1,0.4608333333333333,1.4225778e-07
mendeley/extracted/Bangla Audio Dataset Original and DeepFake Voices for AI-Based Voice Analysis and Detection/Dataset/S3F01/Real/26.wav,0,MEN,MEN-S3F01,TG:527411d819e34baa,-16.625,1,0.6608333333333334,6.0235735e-08
mendeley/extracted/Bangla Audio Dataset Original and DeepFake Voices for AI-Based Voice Analysis and Detection/Dataset/S3F01/Real/27.wav,0,MEN,MEN-S3F01,TG:b6a6a3b4c18cb76d,-17.640625,1,0.6725,2.181594e-08
mendeley/extracted/Bangla Audio Dataset Original and DeepFake Voices for AI-Based Voice Analysis and Detection/Dataset/S3F01/Real/28.wav,0,MEN,MEN-S3F01,TG:143353d18a45fba7,-15.6015625,1,0.4775,1.6762063e-07
mendeley/extracted/Bangla Audio Dataset Original and DeepFake Voices for AI-Based Voice Analysis and Detection/Dataset/S3F01/Real/29.wav,0,MEN,MEN-S3F01,TG:2939ab8429b75898,-18.9375,1,0.5058333333333334,5.964146e-09
mendeley/extracted/Bangla Audio Dataset Original and DeepFake Voices for AI-Based Voice Analysis and Detection/Dataset/S3F01/Real/3.wav,0,MEN,MEN-S3F01,TG:60894dee2b546c5f,-24.625,1,0.5491666666666667,2.0206841e-11
mendeley/extracted/Bangla Audio Dataset Original and DeepFake Voices for AI-Based Voice Analysis and Detection/Dataset/S3F01/Real/30.wav,0,MEN,MEN-S3F01,TG:12ec84bfce694bf7,-26.625,1,0.6141666666666667,2.7346985e-12
mendeley/extracted/Bangla Audio Dataset Original and DeepFake Voices for AI-Based Voice Analysis and Detection/Dataset/S3F01/Real/4.wav,0,MEN,MEN-S3F01,TG:ba3a3390e238eabe,-19.84375,1,0.6708333333333334,2.4097329e-09
mendeley/extracted/Bangla Audio Dataset Original and DeepFake Voices for AI-Based Voice Analysis and Detection/Dataset/S3F01/Real/5.wav,0,MEN,MEN-S3F01,TG:4d2279fbc9b21903,-18.25,1,0.6391666666666667,1.186112e-08
mendeley/extracted/Bangla Audio Dataset Original and DeepFake Voices for AI-Based Voice Analysis and Detection/Dataset/S3F01/Real/6.wav,0,MEN,MEN-S3F01,TG:e1a6cf0ea369c47c,-25.078125,1,0.7258333333333333,1.2844247e-11
mendeley/extracted/Bangla Audio Dataset Original and DeepFake Voices for AI-Based Voice Analysis and Detection/Dataset/S3F01/Real/7.wav,0,MEN,MEN-S3F01,TG:b94c02a58d6767fd,-22.359375,1,0.6558333333333333,1.9473625e-10
mendeley/extracted/Bangla Audio Dataset Original and DeepFake Voices for AI-Based Voice Analysis and Detection/Dataset/S3F01/Real/8.wav,0,MEN,MEN-S3F01,TG:2c5c04ca3a814a2b,-19.328125,1,0.5941666666666667,4.0355426e-09
mendeley/extracted/Bangla Audio Dataset Original and DeepFake Voices for AI-Based Voice Analysis and Detection/Dataset/S3F01/Real/9.wav,0,MEN,MEN-S3F01,TG:3183698e613eeb91,-20.25,1,0.5508333333333333,1.605228e-09
mendeley/extracted/Bangla Audio Dataset Original and DeepFake Voices for AI-Based Voice Analysis and Detection/Dataset/S3F02/Fake/1.wav,1,MEN,MEN-S3F02,TG:c64a37b6788eff47,-15.375,1,0.3891666666666666,2.1024336e-07
mendeley/extracted/Bangla Audio Dataset Original and DeepFake Voices for AI-Based Voice Analysis and Detection/Dataset/S3F02/Fake/10.wav,1,MEN,MEN-S3F02,TG:e4f6f434932f766c,-12.234375,1,0.5025,4.8604484e-06
mendeley/extracted/Bangla Audio Dataset Original and DeepFake Voices for AI-Based Voice Analysis and Detection/Dataset/S3F02/Fake/11.wav,1,MEN,MEN-S3F02,TG:279416c756e06369,-6.6796875,1,0.5408333333333333,0.0012545944
mendeley/extracted/Bangla Audio Dataset Original and DeepFake Voices for AI-Based Voice Analysis and Detection/Dataset/S3F02/Fake/12.wav,1,MEN,MEN-S3F02,TG:29d9398f6eb46b4c,-15.96875,1,0.4908333333333333,1.1610741e-07
mendeley/extracted/Bangla Audio Dataset Original and DeepFake Voices for AI-Based Voice Analysis and Detection/Dataset/S3F02/Fake/13.wav,1,MEN,MEN-S3F02,TG:a654883aa77ef593,-13.4609375,1,0.3375,1.4255697e-06
mendeley/extracted/Bangla Audio Dataset Original and DeepFake Voices for AI-Based Voice Analysis and Detection/Dataset/S3F02/Fake/14.wav,1,MEN,MEN-S3F02,TG:da1b8fe7ea374f0b,-11.84375,1,0.1125,7.1832605e-06
mendeley/extracted/Bangla Audio Dataset Original and DeepFake Voices for AI-Based Voice Analysis and Detection/Dataset/S3F02/Fake/15.wav,1,MEN,MEN-S3F02,TG:0024a0b4f77f02d4,-10.828125,1,0.4508333333333333,1.9833367e-05
mendeley/extracted/Bangla Audio Dataset Original and DeepFake Voices for AI-Based Voice Analysis and Detection/Dataset/S3F02/Fake/16.wav,1,MEN,MEN-S3F02,TG:8f6e37cf38ec1a44,-14.640625,1,0.4541666666666667,4.3818463e-07
mendeley/extracted/Bangla Audio Dataset Original and DeepFake Voices for AI-Based Voice Analysis and Detection/Dataset/S3F02/Fake/17.wav,1,MEN,MEN-S3F02,TG:3669c591dfbe7a55,-9.765625,1,0.2891666666666667,5.7387595e-05
mendeley/extracted/Bangla Audio Dataset Original and DeepFake Voices for AI-Based Voice Analysis and Detection/Dataset/S3F02/Fake/18.wav,1,MEN,MEN-S3F02,TG:8be6babbf81be123,-15.0390625,1,0.3874999999999999,2.941833e-07
mendeley/extracted/Bangla Audio Dataset Original and DeepFake Voices for AI-Based Voice Analysis and Detection/Dataset/S3F02/Fake/19.wav,1,MEN,MEN-S3F02,TG:7f247b87b49d5fb0,-9.515625,1,0.0158333333333333,7.368594e-05
mendeley/extracted/Bangla Audio Dataset Original and DeepFake Voices for AI-Based Voice Analysis and Detection/Dataset/S3F02/Fake/2.wav,1,MEN,MEN-S3F02,TG:e77eed1a0aa1b7cf,-11.7890625,1,0.4341666666666667,7.587032e-06
mendeley/extracted/Bangla Audio Dataset Original and DeepFake Voices for AI-Based Voice Analysis and Detection/Dataset/S3F02/Fake/20.wav,1,MEN,MEN-S3F02,TG:567b144e9ae8bc8b,-11.2109375,1,0.3258333333333333,1.3525267e-05
mendeley/extracted/Bangla Audio Dataset Original and DeepFake Voices for AI-Based Voice Analysis and Detection/Dataset/S3F02/Fake/21.wav,1,MEN,MEN-S3F02,TG:9e58a2d9515bce87,-9.3359375,1,0.4408333333333333,8.818924e-05
mendeley/extracted/Bangla Audio Dataset Original and DeepFake Voices for AI-Based Voice Analysis and Detection/Dataset/S3F02/Fake/22.wav,1,MEN,MEN-S3F02,TG:39deb4923c5e7c69,-9.6875,1,0.1991666666666667,6.2050494e-05
mendeley/extracted/Bangla Audio Dataset Original and DeepFake Voices for AI-Based Voice Analysis and Detection/Dataset/S3F02/Fake/23.wav,1,MEN,MEN-S3F02,TG:7b7d4f0518a452ce,-10.5078125,1,0.3525,2.7321414e-05
mendeley/extracted/Bangla Audio Dataset Original and DeepFake Voices for AI-Based Voice Analysis and Detection/Dataset/S3F02/Fake/24.wav,1,MEN,MEN-S3F02,TG:ff2ff224c96a1888,-24.28125,1,0.4275,2.849621e-11
mendeley/extracted/Bangla Audio Dataset Original and DeepFake Voices for AI-Based Voice Analysis and Detection/Dataset/S3F02/Fake/25.wav,1,MEN,MEN-S3F02,TG:9c6ff62d512d4446,-15.203125,1,0.1408333333333333,2.4967014e-07
mendeley/extracted/Bangla Audio Dataset Original and DeepFake Voices for AI-Based Voice Analysis and Detection/Dataset/S3F02/Fake/26.wav,1,MEN,MEN-S3F02,TG:527411d819e34baa,-15.546875,1,0.5558333333333334,1.7704266e-07
mendeley/extracted/Bangla Audio Dataset Original and DeepFake Voices for AI-Based Voice Analysis and Detection/Dataset/S3F02/Fake/27.wav,1,MEN,MEN-S3F02,TG:b6a6a3b4c18cb76d,-1.9433594,1,0.4575,0.12527926
mendeley/extracted/Bangla Audio Dataset Original and DeepFake Voices for AI-Based Voice Analysis and Detection/Dataset/S3F02/Fake/28.wav,1,MEN,MEN-S3F02,TG:143353d18a45fba7,-6.6953125,1,0.4075,0.0012351678
mendeley/extracted/Bangla Audio Dataset Original and DeepFake Voices for AI-Based Voice Analysis and Detection/Dataset/S3F02/Fake/29.wav,1,MEN,MEN-S3F02,TG:2939ab8429b75898,-15.390625,1,0.4875,2.0698383e-07
mendeley/extracted/Bangla Audio Dataset Original and DeepFake Voices for AI-Based Voice Analysis and Detection/Dataset/S3F02/Fake/3.wav,1,MEN,MEN-S3F02,TG:60894dee2b546c5f,-10.6796875,1,0.2891666666666667,2.3007036e-05
mendeley/extracted/Bangla Audio Dataset Original and DeepFake Voices for AI-Based Voice Analysis and Detection/Dataset/S3F02/Fake/30.wav,1,MEN,MEN-S3F02,TG:12ec84bfce694bf7,-18.03125,1,0.2241666666666666,1.4761403e-08
mendeley/extracted/Bangla Audio Dataset Original and DeepFake Voices for AI-Based Voice Analysis and Detection/Dataset/S3F02/Fake/4.wav,1,MEN,MEN-S3F02,TG:ba3a3390e238eabe,-18.203125,1,0.4908333333333333,1.24303465e-08
mendeley/extracted/Bangla Audio Dataset Original and DeepFake Voices for AI-Based Voice Analysis and Detection/Dataset/S3F02/Fake/5.wav,1,MEN,MEN-S3F02,TG:4d2279fbc9b21903,-14.609375,1,0.4941666666666666,4.5209413e-07
mendeley/extracted/Bangla Audio Dataset Original and DeepFake Voices for AI-Based Voice Analysis and Detection/Dataset/S3F02/Fake/6.wav,1,MEN,MEN-S3F02,TG:e1a6cf0ea369c47c,-16.859375,1,0.5075000000000001,4.765039e-08
mendeley/extracted/Bangla Audio Dataset Original and DeepFake Voices for AI-Based Voice Analysis and Detection/Dataset/S3F02/Fake/7.wav,1,MEN,MEN-S3F02,TG:b94c02a58d6767fd,-19.90625,1,0.4608333333333333,2.2637345e-09
mendeley/extracted/Bangla Audio Dataset Original and DeepFake Voices for AI-Based Voice Analysis and Detection/Dataset/S3F02/Fake/8.wav,1,MEN,MEN-S3F02,TG:2c5c04ca3a814a2b,-15.0234375,1,0.4408333333333333,2.98816e-07
mendeley/extracted/Bangla Audio Dataset Original and DeepFake Voices for AI-Based Voice Analysis and Detection/Dataset/S3F02/Fake/9.wav,1,MEN,MEN-S3F02,TG:3183698e613eeb91,-15.171875,1,0.3508333333333333,2.575955e-07
mendeley/extracted/Bangla Audio Dataset Original and DeepFake Voices for AI-Based Voice Analysis and Detection/Dataset/S3F02/Real/1.wav,0,MEN,MEN-S3F02,TG:c64a37b6788eff47,-9.140625,1,0.5175000000000001,0.0001072088
mendeley/extracted/Bangla Audio Dataset Original and DeepFake Voices for AI-Based Voice Analysis and Detection/Dataset/S3F02/Real/10.wav,0,MEN,MEN-S3F02,TG:e4f6f434932f766c,-10.9921875,1,0.6675,1.6832411e-05
mendeley/extracted/Bangla Audio Dataset Original and DeepFake Voices for AI-Based Voice Analysis and Detection/Dataset/S3F02/Real/11.wav,0,MEN,MEN-S3F02,TG:279416c756e06369,-11.46875,1,0.5675,1.0451548e-05
mendeley/extracted/Bangla Audio Dataset Original and DeepFake Voices for AI-Based Voice Analysis and Detection/Dataset/S3F02/Real/12.wav,0,MEN,MEN-S3F02,TG:29d9398f6eb46b4c,-10.0546875,1,0.7008333333333333,4.298194e-05
mendeley/extracted/Bangla Audio Dataset Original and DeepFake Voices for AI-Based Voice Analysis and Detection/Dataset/S3F02/Real/13.wav,0,MEN,MEN-S3F02,TG:a654883aa77ef593,1.3798828,1,0.5675,0.7989722
mendeley/extracted/Bangla Audio Dataset Original and DeepFake Voices for AI-Based Voice Analysis and Detection/Dataset/S3F02/Real/14.wav,0,MEN,MEN-S3F02,TG:da1b8fe7ea374f0b,-5.3125,1,0.5175000000000001,0.004905406
mendeley/extracted/Bangla Audio Dataset Original and DeepFake Voices for AI-Based Voice Analysis and Detection/Dataset/S3F02/Real/15.wav,0,MEN,MEN-S3F02,TG:0024a0b4f77f02d4,-0.08099365,1,0.5341666666666667,0.47976267
mendeley/extracted/Bangla Audio Dataset Original and DeepFake Voices for AI-Based Voice Analysis and Detection/Dataset/S3F02/Real/16.wav,0,MEN,MEN-S3F02,TG:8f6e37cf38ec1a44,-3.1953125,1,0.6675,0.039342504
mendeley/extracted/Bangla Audio Dataset Original and DeepFake Voices for AI-Based Voice Analysis and Detection/Dataset/S3F02/Real/17.wav,0,MEN,MEN-S3F02,TG:3669c591dfbe7a55,-4.8398438,1,0.4841666666666666,0.007846239
mendeley/extracted/Bangla Audio Dataset Original and DeepFake Voices for AI-Based Voice Analysis and Detection/Dataset/S3F02/Real/18.wav,0,MEN,MEN-S3F02,TG:8be6babbf81be123,4.7304688,1,0.5341666666666667,0.9912548
mendeley/extracted/Bangla Audio Dataset Original and DeepFake Voices for AI-Based Voice Analysis and Detection/Dataset/S3F02/Real/19.wav,0,MEN,MEN-S3F02,TG:7f247b87b49d5fb0,-4.6601562,1,0.5008333333333334,0.009376237
mendeley/extracted/Bangla Audio Dataset Original and DeepFake Voices for AI-Based Voice Analysis and Detection/Dataset/S3F02/Real/2.wav,0,MEN,MEN-S3F02,TG:e77eed1a0aa1b7cf,-10.6015625,1,0.6675,2.487649e-05
mendeley/extracted/Bangla Audio Dataset Original and DeepFake Voices for AI-Based Voice Analysis and Detection/Dataset/S3F02/Real/20.wav,0,MEN,MEN-S3F02,TG:567b144e9ae8bc8b,0.9848633,1,0.4175,0.72807217
mendeley/extracted/Bangla Audio Dataset Original and DeepFake Voices for AI-Based Voice Analysis and Detection/Dataset/S3F02/Real/21.wav,0,MEN,MEN-S3F02,TG:9e58a2d9515bce87,-1.0878906,1,0.5841666666666667,0.2520157
mendeley/extracted/Bangla Audio Dataset Original and DeepFake Voices for AI-Based Voice Analysis and Detection/Dataset/S3F02/Real/22.wav,0,MEN,MEN-S3F02,TG:39deb4923c5e7c69,-5.0195312,1,0.5175000000000001,0.0065642493
mendeley/extracted/Bangla Audio Dataset Original and DeepFake Voices for AI-Based Voice Analysis and Detection/Dataset/S3F02/Real/23.wav,0,MEN,MEN-S3F02,TG:7b7d4f0518a452ce,0.390625,1,0.4675,0.59643316
mendeley/extracted/Bangla Audio Dataset Original and DeepFake Voices for AI-Based Voice Analysis and Detection/Dataset/S3F02/Real/24.wav,0,MEN,MEN-S3F02,TG:ff2ff224c96a1888,1.15625,1,0.6008333333333333,0.76065063
mendeley/extracted/Bangla Audio Dataset Original and DeepFake Voices for AI-Based Voice Analysis and Detection/Dataset/S3F02/Real/25.wav,0,MEN,MEN-S3F02,TG:9c6ff62d512d4446,-3.9414062,1,0.4841666666666666,0.019050902
mendeley/extracted/Bangla Audio Dataset Original and DeepFake Voices for AI-Based Voice Analysis and Detection/Dataset/S3F02/Real/26.wav,0,MEN,MEN-S3F02,TG:527411d819e34baa,-3.7382812,1,0.6174999999999999,0.023241926
mendeley/extracted/Bangla Audio Dataset Original and DeepFake Voices for AI-Based Voice Analysis and Detection/Dataset/S3F02/Real/27.wav,0,MEN,MEN-S3F02,TG:b6a6a3b4c18cb76d,0.17834473,1,0.5841666666666667,0.5444684
mendeley/extracted/Bangla Audio Dataset Original and DeepFake Voices for AI-Based Voice Analysis and Detection/Dataset/S3F02/Real/28.wav,0,MEN,MEN-S3F02,TG:143353d18a45fba7,-1.5351562,1,0.3841666666666666,0.17724052
mendeley/extracted/Bangla Audio Dataset Original and DeepFake Voices for AI-Based Voice Analysis and Detection/Dataset/S3F02/Real/29.wav,0,MEN,MEN-S3F02,TG:2939ab8429b75898,-4.8789062,1,0.4841666666666666,0.0075479234
mendeley/extracted/Bangla Audio Dataset Original and DeepFake Voices for AI-Based Voice Analysis and Detection/Dataset/S3F02/Real/3.wav,0,MEN,MEN-S3F02,TG:60894dee2b546c5f,-11.4453125,1,0.6008333333333333,1.0699397e-05
mendeley/extracted/Bangla Audio Dataset Original and DeepFake Voices for AI-Based Voice Analysis and Detection/Dataset/S3F02/Real/30.wav,0,MEN,MEN-S3F02,TG:12ec84bfce694bf7,-0.8701172,1,0.5008333333333334,0.2952299
mendeley/extracted/Bangla Audio Dataset Original and DeepFake Voices for AI-Based Voice Analysis and Detection/Dataset/S3F02/Real/4.wav,0,MEN,MEN-S3F02,TG:ba3a3390e238eabe,-8.546875,1,0.7341666666666666,0.00019411318
mendeley/extracted/Bangla Audio Dataset Original and DeepFake Voices for AI-Based Voice Analysis and Detection/Dataset/S3F02/Real/5.wav,0,MEN,MEN-S3F02,TG:4d2279fbc9b21903,-10.75,1,0.6841666666666666,2.1444948e-05
mendeley/extracted/Bangla Audio Dataset Original and DeepFake Voices for AI-Based Voice Analysis and Detection/Dataset/S3F02/Real/6.wav,0,MEN,MEN-S3F02,TG:e1a6cf0ea369c47c,-10.203125,1,0.6841666666666666,3.705297e-05
mendeley/extracted/Bangla Audio Dataset Original and DeepFake Voices for AI-Based Voice Analysis and Detection/Dataset/S3F02/Real/7.wav,0,MEN,MEN-S3F02,TG:b94c02a58d6767fd,-9.703125,1,0.6174999999999999,6.108855e-05
mendeley/extracted/Bangla Audio Dataset Original and DeepFake Voices for AI-Based Voice Analysis and Detection/Dataset/S3F02/Real/8.wav,0,MEN,MEN-S3F02,TG:2c5c04ca3a814a2b,-4.1796875,1,0.6508333333333334,0.015072629
mendeley/extracted/Bangla Audio Dataset Original and DeepFake Voices for AI-Based Voice Analysis and Detection/Dataset/S3F02/Real/9.wav,0,MEN,MEN-S3F02,TG:3183698e613eeb91,-10.1015625,1,0.6174999999999999,4.1013736e-05
mendeley/extracted/Bangla Audio Dataset Original and DeepFake Voices for AI-Based Voice Analysis and Detection/Dataset/S3M03/Fake/1.wav,1,MEN,MEN-S3M03,TG:c64a37b6788eff47,-8.578125,1,0.3758333333333333,0.00018814209
mendeley/extracted/Bangla Audio Dataset Original and DeepFake Voices for AI-Based Voice Analysis and Detection/Dataset/S3M03/Fake/10.wav,1,MEN,MEN-S3M03,TG:e4f6f434932f766c,-3.5234375,1,0.5341666666666667,0.028652668
mendeley/extracted/Bangla Audio Dataset Original and DeepFake Voices for AI-Based Voice Analysis and Detection/Dataset/S3M03/Fake/11.wav,1,MEN,MEN-S3M03,TG:279416c756e06369,1.7900391,1,0.4291666666666667,0.85693204
mendeley/extracted/Bangla Audio Dataset Original and DeepFake Voices for AI-Based Voice Analysis and Detection/Dataset/S3M03/Fake/12.wav,1,MEN,MEN-S3M03,TG:29d9398f6eb46b4c,-5.6992188,1,0.5025,0.003337405
mendeley/extracted/Bangla Audio Dataset Original and DeepFake Voices for AI-Based Voice Analysis and Detection/Dataset/S3M03/Fake/13.wav,1,MEN,MEN-S3M03,TG:a654883aa77ef593,-7.7460938,1,0.2275,0.0004322415
mendeley/extracted/Bangla Audio Dataset Original and DeepFake Voices for AI-Based Voice Analysis and Detection/Dataset/S3M03/Fake/14.wav,1,MEN,MEN-S3M03,TG:da1b8fe7ea374f0b,-6.2734375,1,0.1925,0.001882186
mendeley/extracted/Bangla Audio Dataset Original and DeepFake Voices for AI-Based Voice Analysis and Detection/Dataset/S3M03/Fake/15.wav,1,MEN,MEN-S3M03,TG:0024a0b4f77f02d4,3.1777344,1,0.4341666666666667,0.95998776
mendeley/extracted/Bangla Audio Dataset Original and DeepFake Voices for AI-Based Voice Analysis and Detection/Dataset/S3M03/Fake/16.wav,1,MEN,MEN-S3M03,TG:8f6e37cf38ec1a44,-9.6484375,1,0.4408333333333333,6.452215e-05
mendeley/extracted/Bangla Audio Dataset Original and DeepFake Voices for AI-Based Voice Analysis and Detection/Dataset/S3M03/Fake/17.wav,1,MEN,MEN-S3M03,TG:3669c591dfbe7a55,-6.9257812,1,0.0524999999999999,0.000981172
mendeley/extracted/Bangla Audio Dataset Original and DeepFake Voices for AI-Based Voice Analysis and Detection/Dataset/S3M03/Fake/18.wav,1,MEN,MEN-S3M03,TG:8be6babbf81be123,-9.5546875,1,0.2608333333333333,7.0863265e-05
mendeley/extracted/Bangla Audio Dataset Original and DeepFake Voices for AI-Based Voice Analysis and Detection/Dataset/S3M03/Fake/19.wav,1,MEN,MEN-S3M03,TG:7f247b87b49d5fb0,-10.0390625,2,0.0,4.365878e-05
mendeley/extracted/Bangla Audio Dataset Original and DeepFake Voices for AI-Based Voice Analysis and Detection/Dataset/S3M03/Fake/2.wav,1,MEN,MEN-S3M03,TG:e77eed1a0aa1b7cf,-9.984375,1,0.5491666666666667,4.611275e-05
mendeley/extracted/Bangla Audio Dataset Original and DeepFake Voices for AI-Based Voice Analysis and Detection/Dataset/S3M03/Fake/20.wav,1,MEN,MEN-S3M03,TG:567b144e9ae8bc8b,-4.6835938,1,0.1841666666666667,0.009161027
mendeley/extracted/Bangla Audio Dataset Original and DeepFake Voices for AI-Based Voice Analysis and Detection/Dataset/S3M03/Fake/21.wav,1,MEN,MEN-S3M03,TG:9e58a2d9515bce87,-10.3828125,1,0.3508333333333333,3.0959105e-05
mendeley/extracted/Bangla Audio Dataset Original and DeepFake Voices for AI-Based Voice Analysis and Detection/Dataset/S3M03/Fake/22.wav,1,MEN,MEN-S3M03,TG:39deb4923c5e7c69,-8.9453125,1,0.3091666666666667,0.00013032975
mendeley/extracted/Bangla Audio Dataset Original and DeepFake Voices for AI-Based Voice Analysis and Detection/Dataset/S3M03/Fake/23.wav,1,MEN,MEN-S3M03,TG:7b7d4f0518a452ce,-1.7871094,1,0.0741666666666667,0.14342749
mendeley/extracted/Bangla Audio Dataset Original and DeepFake Voices for AI-Based Voice Analysis and Detection/Dataset/S3M03/Fake/24.wav,1,MEN,MEN-S3M03,TG:ff2ff224c96a1888,-8.25,1,0.5858333333333333,0.00026119035
mendeley/extracted/Bangla Audio Dataset Original and DeepFake Voices for AI-Based Voice Analysis and Detection/Dataset/S3M03/Fake/25.wav,1,MEN,MEN-S3M03,TG:9c6ff62d512d4446,-9.921875,1,0.1591666666666666,4.908662e-05
mendeley/extracted/Bangla Audio Dataset Original and DeepFake Voices for AI-Based Voice Analysis and Detection/Dataset/S3M03/Fake/26.wav,1,MEN,MEN-S3M03,TG:527411d819e34baa,-7.3164062,1,0.4925,0.0006641048
mendeley/extracted/Bangla Audio Dataset Original and DeepFake Voices for AI-Based Voice Analysis and Detection/Dataset/S3M03/Fake/27.wav,1,MEN,MEN-S3M03,TG:b6a6a3b4c18cb76d,-2.7949219,1,0.5091666666666667,0.057599206
mendeley/extracted/Bangla Audio Dataset Original and DeepFake Voices for AI-Based Voice Analysis and Detection/Dataset/S3M03/Fake/28.wav,1,MEN,MEN-S3M03,TG:143353d18a45fba7,-5.1171875,1,0.3008333333333333,0.0059571536
mendeley/extracted/Bangla Audio Dataset Original and DeepFake Voices for AI-Based Voice Analysis and Detection/Dataset/S3M03/Fake/29.wav,1,MEN,MEN-S3M03,TG:2939ab8429b75898,-8.15625,1,0.5008333333333334,0.0002868541
mendeley/extracted/Bangla Audio Dataset Original and DeepFake Voices for AI-Based Voice Analysis and Detection/Dataset/S3M03/Fake/3.wav,1,MEN,MEN-S3M03,TG:60894dee2b546c5f,-16.234375,1,0.1524999999999999,8.902264e-08
mendeley/extracted/Bangla Audio Dataset Original and DeepFake Voices for AI-Based Voice Analysis and Detection/Dataset/S3M03/Fake/30.wav,1,MEN,MEN-S3M03,TG:12ec84bfce694bf7,-8.0703125,1,0.2075,0.0003125878
mendeley/extracted/Bangla Audio Dataset Original and DeepFake Voices for AI-Based Voice Analysis and Detection/Dataset/S3M03/Fake/4.wav,1,MEN,MEN-S3M03,TG:ba3a3390e238eabe,-7.65625,1,0.5375,0.0004728544
mendeley/extracted/Bangla Audio Dataset Original and DeepFake Voices for AI-Based Voice Analysis and Detection/Dataset/S3M03/Fake/5.wav,1,MEN,MEN-S3M03,TG:4d2279fbc9b21903,-10.09375,1,0.4858333333333333,4.13354e-05
mendeley/extracted/Bangla Audio Dataset Original and DeepFake Voices for AI-Based Voice Analysis and Detection/Dataset/S3M03/Fake/6.wav,1,MEN,MEN-S3M03,TG:e1a6cf0ea369c47c,-3.953125,1,0.4825,0.01883313
mendeley/extracted/Bangla Audio Dataset Original and DeepFake Voices for AI-Based Voice Analysis and Detection/Dataset/S3M03/Fake/7.wav,1,MEN,MEN-S3M03,TG:b94c02a58d6767fd,-8.625,1,0.5141666666666667,0.00017952795
mendeley/extracted/Bangla Audio Dataset Original and DeepFake Voices for AI-Based Voice Analysis and Detection/Dataset/S3M03/Fake/8.wav,1,MEN,MEN-S3M03,TG:2c5c04ca3a814a2b,-8.296875,1,0.4941666666666666,0.00024923254
mendeley/extracted/Bangla Audio Dataset Original and DeepFake Voices for AI-Based Voice Analysis and Detection/Dataset/S3M03/Fake/9.wav,1,MEN,MEN-S3M03,TG:3183698e613eeb91,-0.045288086,1,0.3858333333333333,0.48867992
mendeley/extracted/Bangla Audio Dataset Original and DeepFake Voices for AI-Based Voice Analysis and Detection/Dataset/S3M03/Real/1.wav,0,MEN,MEN-S3M03,TG:c64a37b6788eff47,-9.375,1,0.3508333333333333,8.481104e-05
mendeley/extracted/Bangla Audio Dataset Original and DeepFake Voices for AI-Based Voice Analysis and Detection/Dataset/S3M03/Real/10.wav,0,MEN,MEN-S3M03,TG:e4f6f434932f766c,-12.2578125,1,0.4675,4.747857e-06
mendeley/extracted/Bangla Audio Dataset Original and DeepFake Voices for AI-Based Voice Analysis and Detection/Dataset/S3M03/Real/11.wav,0,MEN,MEN-S3M03,TG:279416c756e06369,-13.34375,1,0.4675,1.602811e-06
mendeley/extracted/Bangla Audio Dataset Original and DeepFake Voices for AI-Based Voice Analysis and Detection/Dataset/S3M03/Real/12.wav,0,MEN,MEN-S3M03,TG:29d9398f6eb46b4c,-14.9453125,1,0.6008333333333333,3.2309717e-07
mendeley/extracted/Bangla Audio Dataset Original and DeepFake Voices for AI-Based Voice Analysis and Detection/Dataset/S3M03/Real/13.wav,0,MEN,MEN-S3M03,TG:a654883aa77ef593,-10.0703125,1,0.4508333333333333,4.2315598e-05
mendeley/extracted/Bangla Audio Dataset Original and DeepFake Voices for AI-Based Voice Analysis and Detection/Dataset/S3M03/Real/14.wav,0,MEN,MEN-S3M03,TG:da1b8fe7ea374f0b,-11.390625,1,0.4008333333333334,1.1300809e-05
mendeley/extracted/Bangla Audio Dataset Original and DeepFake Voices for AI-Based Voice Analysis and Detection/Dataset/S3M03/Real/15.wav,0,MEN,MEN-S3M03,TG:0024a0b4f77f02d4,-11.078125,1,0.4008333333333334,1.5446309e-05
mendeley/extracted/Bangla Audio Dataset Original and DeepFake Voices for AI-Based Voice Analysis and Detection/Dataset/S3M03/Real/16.wav,0,MEN,MEN-S3M03,TG:8f6e37cf38ec1a44,-9.6796875,1,0.5341666666666667,6.253713e-05
mendeley/extracted/Bangla Audio Dataset Original and DeepFake Voices for AI-Based Voice Analysis and Detection/Dataset/S3M03/Real/17.wav,0,MEN,MEN-S3M03,TG:3669c591dfbe7a55,-2.1601562,1,0.4175,0.10338597
mendeley/extracted/Bangla Audio Dataset Original and DeepFake Voices for AI-Based Voice Analysis and Detection/Dataset/S3M03/Real/18.wav,0,MEN,MEN-S3M03,TG:8be6babbf81be123,-15.296875,1,0.4341666666666667,2.2732723e-07
mendeley/extracted/Bangla Audio Dataset Original and DeepFake Voices for AI-Based Voice Analysis and Detection/Dataset/S3M03/Real/19.wav,0,MEN,MEN-S3M03,TG:7f247b87b49d5fb0,-11.25,1,0.4175,1.30071285e-05
mendeley/extracted/Bangla Audio Dataset Original and DeepFake Voices for AI-Based Voice Analysis and Detection/Dataset/S3M03/Real/2.wav,0,MEN,MEN-S3M03,TG:e77eed1a0aa1b7cf,-11.40625,1,0.5175000000000001,1.1125608e-05
mendeley/extracted/Bangla Audio Dataset Original and DeepFake Voices for AI-Based Voice Analysis and Detection/Dataset/S3M03/Real/20.wav,0,MEN,MEN-S3M03,TG:567b144e9ae8bc8b,-15.1328125,1,0.3675,2.6785693e-07
mendeley/extracted/Bangla Audio Dataset Original and DeepFake Voices for AI-Based Voice Analysis and Detection/Dataset/S3M03/Real/21.wav,0,MEN,MEN-S3M03,TG:9e58a2d9515bce87,-6.5976562,1,0.5341666666666667,0.0013617035
mendeley/extracted/Bangla Audio Dataset Original and DeepFake Voices for AI-Based Voice Analysis and Detection/Dataset/S3M03/Real/22.wav,0,MEN,MEN-S3M03,TG:39deb4923c5e7c69,-14.453125,1,0.4508333333333333,5.2855154e-07
mendeley/extracted/Bangla Audio Dataset Original and DeepFake Voices for AI-Based Voice Analysis and Detection/Dataset/S3M03/Real/23.wav,0,MEN,MEN-S3M03,TG:7b7d4f0518a452ce,-10.359375,1,0.4175,3.1693253e-05
mendeley/extracted/Bangla Audio Dataset Original and DeepFake Voices for AI-Based Voice Analysis and Detection/Dataset/S3M03/Real/24.wav,0,MEN,MEN-S3M03,TG:ff2ff224c96a1888,-10.671875,1,0.5175000000000001,2.3187478e-05
mendeley/extracted/Bangla Audio Dataset Original and DeepFake Voices for AI-Based Voice Analysis and Detection/Dataset/S3M03/Real/25.wav,0,MEN,MEN-S3M03,TG:9c6ff62d512d4446,-16.453125,1,0.4841666666666666,7.15317e-08
mendeley/extracted/Bangla Audio Dataset Original and DeepFake Voices for AI-Based Voice Analysis and Detection/Dataset/S3M03/Real/26.wav,0,MEN,MEN-S3M03,TG:527411d819e34baa,-12.3671875,1,0.6174999999999999,4.255953e-06
mendeley/extracted/Bangla Audio Dataset Original and DeepFake Voices for AI-Based Voice Analysis and Detection/Dataset/S3M03/Real/27.wav,0,MEN,MEN-S3M03,TG:b6a6a3b4c18cb76d,-10.3359375,1,0.4841666666666666,3.2444812e-05
mendeley/extracted/Bangla Audio Dataset Original and DeepFake Voices for AI-Based Voice Analysis and Detection/Dataset/S3M03/Real/28.wav,0,MEN,MEN-S3M03,TG:143353d18a45fba7,-8.2734375,1,0.4175,0.00025514138
mendeley/extracted/Bangla Audio Dataset Original and DeepFake Voices for AI-Based Voice Analysis and Detection/Dataset/S3M03/Real/29.wav,0,MEN,MEN-S3M03,TG:2939ab8429b75898,-16.296875,1,0.3508333333333333,8.362904e-08
mendeley/extracted/Bangla Audio Dataset Original and DeepFake Voices for AI-Based Voice Analysis and Detection/Dataset/S3M03/Real/3.wav,0,MEN,MEN-S3M03,TG:60894dee2b546c5f,-10.046875,1,0.4675,4.3319036e-05
mendeley/extracted/Bangla Audio Dataset Original and DeepFake Voices for AI-Based Voice Analysis and Detection/Dataset/S3M03/Real/30.wav,0,MEN,MEN-S3M03,TG:12ec84bfce694bf7,-14.8671875,1,0.4175,3.493513e-07
mendeley/extracted/Bangla Audio Dataset Original and DeepFake Voices for AI-Based Voice Analysis and Detection/Dataset/S3M03/Real/4.wav,0,MEN,MEN-S3M03,TG:ba3a3390e238eabe,-9.1953125,1,0.5675,0.000101503836
mendeley/extracted/Bangla Audio Dataset Original and DeepFake Voices for AI-Based Voice Analysis and Detection/Dataset/S3M03/Real/5.wav,0,MEN,MEN-S3M03,TG:4d2279fbc9b21903,-2.5546875,1,0.5175000000000001,0.07211221
mendeley/extracted/Bangla Audio Dataset Original and DeepFake Voices for AI-Based Voice Analysis and Detection/Dataset/S3M03/Real/6.wav,0,MEN,MEN-S3M03,TG:e1a6cf0ea369c47c,-8.5703125,1,0.4341666666666667,0.00018961739
mendeley/extracted/Bangla Audio Dataset Original and DeepFake Voices for AI-Based Voice Analysis and Detection/Dataset/S3M03/Real/7.wav,0,MEN,MEN-S3M03,TG:b94c02a58d6767fd,-7.7929688,1,0.5341666666666667,0.00041245588
mendeley/extracted/Bangla Audio Dataset Original and DeepFake Voices for AI-Based Voice Analysis and Detection/Dataset/S3M03/Real/8.wav,0,MEN,MEN-S3M03,TG:2c5c04ca3a814a2b,-14.21875,1,0.5175000000000001,6.681517e-07
mendeley/extracted/Bangla Audio Dataset Original and DeepFake Voices for AI-Based Voice Analysis and Detection/Dataset/S3M03/Real/9.wav,0,MEN,MEN-S3M03,TG:3183698e613eeb91,-9.0625,1,0.5008333333333334,0.000115919334
mendeley/extracted/Bangla Audio Dataset Original and DeepFake Voices for AI-Based Voice Analysis and Detection/Dataset/S3M04/Fake/1.wav,1,MEN,MEN-S3M04,TG:c64a37b6788eff47,-12.328125,1,0.3508333333333333,4.4254903e-06
mendeley/extracted/Bangla Audio Dataset Original and DeepFake Voices for AI-Based Voice Analysis and Detection/Dataset/S3M04/Fake/10.wav,1,MEN,MEN-S3M04,TG:e4f6f434932f766c,-10.6640625,1,0.5425,2.3369335e-05
mendeley/extracted/Bangla Audio Dataset Original and DeepFake Voices for AI-Based Voice Analysis and Detection/Dataset/S3M04/Fake/11.wav,1,MEN,MEN-S3M04,TG:279416c756e06369,-12.3671875,1,0.3375,4.255953e-06
mendeley/extracted/Bangla Audio Dataset Original and DeepFake Voices for AI-Based Voice Analysis and Detection/Dataset/S3M04/Fake/12.wav,1,MEN,MEN-S3M04,TG:29d9398f6eb46b4c,-10.3203125,1,0.4891666666666666,3.295573e-05
mendeley/extracted/Bangla Audio Dataset Original and DeepFake Voices for AI-Based Voice Analysis and Detection/Dataset/S3M04/Fake/13.wav,1,MEN,MEN-S3M04,TG:a654883aa77ef593,-12.9140625,1,0.2541666666666666,2.463161e-06
mendeley/extracted/Bangla Audio Dataset Original and DeepFake Voices for AI-Based Voice Analysis and Detection/Dataset/S3M04/Fake/14.wav,1,MEN,MEN-S3M04,TG:da1b8fe7ea374f0b,-7.1953125,1,0.2308333333333333,0.00074953143
mendeley/extracted/Bangla Audio Dataset Original and DeepFake Voices for AI-Based Voice Analysis and Detection/Dataset/S3M04/Fake/15.wav,1,MEN,MEN-S3M04,TG:0024a0b4f77f02d4,-9.4375,1,0.4941666666666666,7.967302e-05
mendeley/extracted/Bangla Audio Dataset Original and DeepFake Voices for AI-Based Voice Analysis and Detection/Dataset/S3M04/Fake/16.wav,1,MEN,MEN-S3M04,TG:8f6e37cf38ec1a44,-11.09375,1,0.4975,1.520684e-05
mendeley/extracted/Bangla Audio Dataset Original and DeepFake Voices for AI-Based Voice Analysis and Detection/Dataset/S3M04/Fake/17.wav,1,MEN,MEN-S3M04,TG:3669c591dfbe7a55,-5.6953125,1,0.0291666666666666,0.0033504236
mendeley/extracted/Bangla Audio Dataset Original and DeepFake Voices for AI-Based Voice Analysis and Detection/Dataset/S3M04/Fake/18.wav,1,MEN,MEN-S3M04,TG:8be6babbf81be123,-17.734375,1,0.2508333333333333,1.9863638e-08
mendeley/extracted/Bangla Audio Dataset Original and DeepFake Voices for AI-Based Voice Analysis and Detection/Dataset/S3M04/Fake/19.wav,1,MEN,MEN-S3M04,TG:7f247b87b49d5fb0,-13.90625,1,0.0108333333333333,9.1325484e-07
mendeley/extracted/Bangla Audio Dataset Original and DeepFake Voices for AI-Based Voice Analysis and Detection/Dataset/S3M04/Fake/2.wav,1,MEN,MEN-S3M04,TG:e77eed1a0aa1b7cf,-9.296875,1,0.5675,9.1701964e-05
mendeley/extracted/Bangla Audio Dataset Original and DeepFake Voices for AI-Based Voice Analysis and Detection/Dataset/S3M04/Fake/20.wav,1,MEN,MEN-S3M04,TG:567b144e9ae8bc8b,-9.0625,1,0.0358333333333333,0.000115919334
mendeley/extracted/Bangla Audio Dataset Original and DeepFake Voices for AI-Based Voice Analysis and Detection/Dataset/S3M04/Fake/21.wav,1,MEN,MEN-S3M04,TG:9e58a2d9515bce87,-14.671875,1,0.2508333333333333,4.247031e-07
mendeley/extracted/Bangla Audio Dataset Original and DeepFake Voices for AI-Based Voice Analysis and Detection/Dataset/S3M04/Fake/22.wav,1,MEN,MEN-S3M04,TG:39deb4923c5e7c69,-11.46875,1,0.2008333333333333,1.0451548e-05
mendeley/extracted/Bangla Audio Dataset Original and DeepFake Voices for AI-Based Voice Analysis and Detection/Dataset/S3M04/Fake/23.wav,1,MEN,MEN-S3M04,TG:7b7d4f0518a452ce,-6.1484375,1,0.1208333333333333,0.0021322616
mendeley/extracted/Bangla Audio Dataset Original and DeepFake Voices for AI-Based Voice Analysis and Detection/Dataset/S3M04/Fake/24.wav,1,MEN,MEN-S3M04,TG:ff2ff224c96a1888,-13.1640625,1,0.4275,1.918313e-06
mendeley/extracted/Bangla Audio Dataset Original and DeepFake Voices for AI-Based Voice Analysis and Detection/Dataset/S3M04/Fake/25.wav,1,MEN,MEN-S3M04,TG:9c6ff62d512d4446,-13.3671875,1,0.1541666666666666,1.5656819e-06
mendeley/extracted/Bangla Audio Dataset Original and DeepFake Voices for AI-Based Voice Analysis and Detection/Dataset/S3M04/Fake/26.wav,1,MEN,MEN-S3M04,TG:527411d819e34baa,-12.125,1,0.4775,5.4222187e-06
mendeley/extracted/Bangla Audio Dataset Original and DeepFake Voices for AI-Based Voice Analysis and Detection/Dataset/S3M04/Fake/27.wav,1,MEN,MEN-S3M04,TG:b6a6a3b4c18cb76d,-16.234375,1,0.4341666666666667,8.902264e-08
mendeley/extracted/Bangla Audio Dataset Original and DeepFake Voices for AI-Based Voice Analysis and Detection/Dataset/S3M04/Fake/28.wav,1,MEN,MEN-S3M04,TG:143353d18a45fba7,-11.734375,1,0.2841666666666667,8.0135e-06
mendeley/extracted/Bangla Audio Dataset Original and DeepFake Voices for AI-Based Voice Analysis and Detection/Dataset/S3M04/Fake/29.wav,1,MEN,MEN-S3M04,TG:2939ab8429b75898,-10.5859375,1,0.4941666666666666,2.5268228e-05
mendeley/extracted/Bangla Audio Dataset Original and DeepFake Voices for AI-Based Voice Analysis and Detection/Dataset/S3M04/Fake/3.wav,1,MEN,MEN-S3M04,TG:60894dee2b546c5f,-11.9140625,1,0.1958333333333333,6.6955386e-06
mendeley/extracted/Bangla Audio Dataset Original and DeepFake Voices for AI-Based Voice Analysis and Detection/Dataset/S3M04/Fake/30.wav,1,MEN,MEN-S3M04,TG:12ec84bfce694bf7,-14.625,1,0.1841666666666667,4.4508508e-07
mendeley/extracted/Bangla Audio Dataset Original and DeepFake Voices for AI-Based Voice Analysis and Detection/Dataset/S3M04/Fake/4.wav,1,MEN,MEN-S3M04,TG:ba3a3390e238eabe,-8.8203125,1,0.5608333333333333,0.00014768037
mendeley/extracted/Bangla Audio Dataset Original and DeepFake Voices for AI-Based Voice Analysis and Detection/Dataset/S3M04/Fake/5.wav,1,MEN,MEN-S3M04,TG:4d2279fbc9b21903,-11.2421875,1,0.4325,1.3109143e-05
mendeley/extracted/Bangla Audio Dataset Original and DeepFake Voices for AI-Based Voice Analysis and Detection/Dataset/S3M04/Fake/6.wav,1,MEN,MEN-S3M04,TG:e1a6cf0ea369c47c,-8.8359375,1,0.5275000000000001,0.00014539114
mendeley/extracted/Bangla Audio Dataset Original and DeepFake Voices for AI-Based Voice Analysis and Detection/Dataset/S3M04/Fake/7.wav,1,MEN,MEN-S3M04,TG:b94c02a58d6767fd,-11.453125,1,0.3375,1.0616136e-05
mendeley/extracted/Bangla Audio Dataset Original and DeepFake Voices for AI-Based Voice Analysis and Detection/Dataset/S3M04/Fake/8.wav,1,MEN,MEN-S3M04,TG:2c5c04ca3a814a2b,-10.296875,1,0.4408333333333333,3.3737226e-05
mendeley/extracted/Bangla Audio Dataset Original and DeepFake Voices for AI-Based Voice Analysis and Detection/Dataset/S3M04/Fake/9.wav,1,MEN,MEN-S3M04,TG:3183698e613eeb91,-9.28125,1,0.2674999999999999,9.3145936e-05
mendeley/extracted/Bangla Audio Dataset Original and DeepFake Voices for AI-Based Voice Analysis and Detection/Dataset/S3M04/Real/1.wav,0,MEN,MEN-S3M04,TG:c64a37b6788eff47,8.9921875,1,0.3675,0.99987566
mendeley/extracted/Bangla Audio Dataset Original and DeepFake Voices for AI-Based Voice Analysis and Detection/Dataset/S3M04/Real/10.wav,0,MEN,MEN-S3M04,TG:e4f6f434932f766c,9.0546875,1,0.5508333333333333,0.9998832
mendeley/extracted/Bangla Audio Dataset Original and DeepFake Voices for AI-Based Voice Analysis and Detection/Dataset/S3M04/Real/11.wav,0,MEN,MEN-S3M04,TG:279416c756e06369,6.8007812,1,0.5008333333333334,0.9988883
mendeley/extracted/Bangla Audio Dataset Original and DeepFake Voices for AI-Based Voice Analysis and Detection/Dataset/S3M04/Real/12.wav,0,MEN,MEN-S3M04,TG:29d9398f6eb46b4c,-1.1025391,1,0.5341666666666667,0.24926445
mendeley/extracted/Bangla Audio Dataset Original and DeepFake Voices for AI-Based Voice Analysis and Detection/Dataset/S3M04/Real/13.wav,0,MEN,MEN-S3M04,TG:a654883aa77ef593,1.2460938,1,0.4508333333333333,0.77662295
mendeley/extracted/Bangla Audio Dataset Original and DeepFake Voices for AI-Based Voice Analysis and Detection/Dataset/S3M04/Real/14.wav,0,MEN,MEN-S3M04,TG:da1b8fe7ea374f0b,8.859375,1,0.4841666666666666,0.9998579
mendeley/extracted/Bangla Audio Dataset Original and DeepFake Voices for AI-Based Voice Analysis and Detection/Dataset/S3M04/Real/15.wav,0,MEN,MEN-S3M04,TG:0024a0b4f77f02d4,9.71875,1,0.4841666666666666,0.9999398
mendeley/extracted/Bangla Audio Dataset Original and DeepFake Voices for AI-Based Voice Analysis and Detection/Dataset/S3M04/Real/16.wav,0,MEN,MEN-S3M04,TG:8f6e37cf38ec1a44,4.0820312,1,0.5841666666666667,0.98340684
mendeley/extracted/Bangla Audio Dataset Original and DeepFake Voices for AI-Based Voice Analysis and Detection/Dataset/S3M04/Real/17.wav,0,MEN,MEN-S3M04,TG:3669c591dfbe7a55,7.6015625,1,0.4508333333333333,0.9995005
mendeley/extracted/Bangla Audio Dataset Original and DeepFake Voices for AI-Based Voice Analysis and Detection/Dataset/S3M04/Real/18.wav,0,MEN,MEN-S3M04,TG:8be6babbf81be123,7.6640625,1,0.5008333333333334,0.9995308
mendeley/extracted/Bangla Audio Dataset Original and DeepFake Voices for AI-Based Voice Analysis and Detection/Dataset/S3M04/Real/19.wav,0,MEN,MEN-S3M04,TG:7f247b87b49d5fb0,-4.2421875,1,0.4675,0.014172367
mendeley/extracted/Bangla Audio Dataset Original and DeepFake Voices for AI-Based Voice Analysis and Detection/Dataset/S3M04/Real/2.wav,0,MEN,MEN-S3M04,TG:e77eed1a0aa1b7cf,-2.3613281,1,0.5675,0.086169556
mendeley/extracted/Bangla Audio Dataset Original and DeepFake Voices for AI-Based Voice Analysis and Detection/Dataset/S3M04/Real/20.wav,0,MEN,MEN-S3M04,TG:567b144e9ae8bc8b,-0.5097656,1,0.4175,0.3752485
mendeley/extracted/Bangla Audio Dataset Original and DeepFake Voices for AI-Based Voice Analysis and Detection/Dataset/S3M04/Real/21.wav,0,MEN,MEN-S3M04,TG:9e58a2d9515bce87,8.6875,1,0.5341666666666667,0.9998313
mendeley/extracted/Bangla Audio Dataset Original and DeepFake Voices for AI-Based Voice Analysis and Detection/Dataset/S3M04/Real/22.wav,0,MEN,MEN-S3M04,TG:39deb4923c5e7c69,4.7929688,1,0.5341666666666667,0.99178034
mendeley/extracted/Bangla Audio Dataset Original and DeepFake Voices for AI-Based Voice Analysis and Detection/Dataset/S3M04/Real/23.wav,0,MEN,MEN-S3M04,TG:7b7d4f0518a452ce,8.6640625,1,0.5341666666666667,0.9998273
mendeley/extracted/Bangla Audio Dataset Original and DeepFake Voices for AI-Based Voice Analysis and Detection/Dataset/S3M04/Real/24.wav,0,MEN,MEN-S3M04,TG:ff2ff224c96a1888,7.078125,1,0.6341666666666667,0.9991573
mendeley/extracted/Bangla Audio Dataset Original and DeepFake Voices for AI-Based Voice Analysis and Detection/Dataset/S3M04/Real/25.wav,0,MEN,MEN-S3M04,TG:9c6ff62d512d4446,-5.4140625,1,0.5008333333333334,0.004433765
mendeley/extracted/Bangla Audio Dataset Original and DeepFake Voices for AI-Based Voice Analysis and Detection/Dataset/S3M04/Real/26.wav,0,MEN,MEN-S3M04,TG:527411d819e34baa,9.0390625,1,0.5675,0.99988127
mendeley/extracted/Bangla Audio Dataset Original and DeepFake Voices for AI-Based Voice Analysis and Detection/Dataset/S3M04/Real/27.wav,0,MEN,MEN-S3M04,TG:b6a6a3b4c18cb76d,8.9296875,1,0.6174999999999999,0.99986756
mendeley/extracted/Bangla Audio Dataset Original and DeepFake Voices for AI-Based Voice Analysis and Detection/Dataset/S3M04/Real/28.wav,0,MEN,MEN-S3M04,TG:143353d18a45fba7,9.3984375,1,0.5508333333333333,0.99991715
mendeley/extracted/Bangla Audio Dataset Original and DeepFake Voices for AI-Based Voice Analysis and Detection/Dataset/S3M04/Real/29.wav,0,MEN,MEN-S3M04,TG:2939ab8429b75898,-0.13024902,1,0.5841666666666667,0.4674837
mendeley/extracted/Bangla Audio Dataset Original and DeepFake Voices for AI-Based Voice Analysis and Detection/Dataset/S3M04/Real/3.wav,0,MEN,MEN-S3M04,TG:60894dee2b546c5f,0.17211914,1,0.4175,0.54292387
mendeley/extracted/Bangla Audio Dataset Original and DeepFake Voices for AI-Based Voice Analysis and Detection/Dataset/S3M04/Real/30.wav,0,MEN,MEN-S3M04,TG:12ec84bfce694bf7,-1.8398438,1,0.5841666666666667,0.13706978
mendeley/extracted/Bangla Audio Dataset Original and DeepFake Voices for AI-Based Voice Analysis and Detection/Dataset/S3M04/Real/4.wav,0,MEN,MEN-S3M04,TG:ba3a3390e238eabe,-6.546875,1,0.6508333333333334,0.0014325366
mendeley/extracted/Bangla Audio Dataset Original and DeepFake Voices for AI-Based Voice Analysis and Detection/Dataset/S3M04/Real/5.wav,0,MEN,MEN-S3M04,TG:4d2279fbc9b21903,-9.046875,1,0.5841666666666667,0.000117744596
mendeley/extracted/Bangla Audio Dataset Original and DeepFake Voices for AI-Based Voice Analysis and Detection/Dataset/S3M04/Real/6.wav,0,MEN,MEN-S3M04,TG:e1a6cf0ea369c47c,8.125,1,0.5841666666666667,0.99970406
mendeley/extracted/Bangla Audio Dataset Original and DeepFake Voices for AI-Based Voice Analysis and Detection/Dataset/S3M04/Real/7.wav,0,MEN,MEN-S3M04,TG:b94c02a58d6767fd,11.484375,1,0.5341666666666667,0.99998975
mendeley/extracted/Bangla Audio Dataset Original and DeepFake Voices for AI-Based Voice Analysis and Detection/Dataset/S3M04/Real/8.wav,0,MEN,MEN-S3M04,TG:2c5c04ca3a814a2b,7.7265625,1,0.6008333333333333,0.9995592
mendeley/extracted/Bangla Audio Dataset Original and DeepFake Voices for AI-Based Voice Analysis and Detection/Dataset/S3M04/Real/9.wav,0,MEN,MEN-S3M04,TG:3183698e613eeb91,9.1953125,1,0.5175000000000001,0.99989843
mendeley/extracted/Bangla Audio Dataset Original and DeepFake Voices for AI-Based Voice Analysis and Detection/Dataset/S3M05/Fake/1.wav,1,MEN,MEN-S3M05,TG:c64a37b6788eff47,-9.3203125,1,0.3858333333333333,8.957789e-05
mendeley/extracted/Bangla Audio Dataset Original and DeepFake Voices for AI-Based Voice Analysis and Detection/Dataset/S3M05/Fake/10.wav,1,MEN,MEN-S3M05,TG:e4f6f434932f766c,-14.3984375,1,0.5475,5.5826166e-07
mendeley/extracted/Bangla Audio Dataset Original and DeepFake Voices for AI-Based Voice Analysis and Detection/Dataset/S3M05/Fake/11.wav,1,MEN,MEN-S3M05,TG:279416c756e06369,-11.8828125,1,0.3441666666666666,6.908075e-06
mendeley/extracted/Bangla Audio Dataset Original and DeepFake Voices for AI-Based Voice Analysis and Detection/Dataset/S3M05/Fake/12.wav,1,MEN,MEN-S3M05,TG:29d9398f6eb46b4c,-15.890625,1,0.4775,1.2554203e-07
mendeley/extracted/Bangla Audio Dataset Original and DeepFake Voices for AI-Based Voice Analysis and Detection/Dataset/S3M05/Fake/13.wav,1,MEN,MEN-S3M05,TG:a654883aa77ef593,-15.6875,1,0.2875,1.5381733e-07
mendeley/extracted/Bangla Audio Dataset Original and DeepFake Voices for AI-Based Voice Analysis and Detection/Dataset/S3M05/Fake/14.wav,1,MEN,MEN-S3M05,TG:da1b8fe7ea374f0b,-10.4921875,1,0.2075,2.7751652e-05
mendeley/extracted/Bangla Audio Dataset Original and DeepFake Voices for AI-Based Voice Analysis and Detection/Dataset/S3M05/Fake/15.wav,1,MEN,MEN-S3M05,TG:0024a0b4f77f02d4,-2.2519531,1,0.4275,0.09518112
mendeley/extracted/Bangla Audio Dataset Original and DeepFake Voices for AI-Based Voice Analysis and Detection/Dataset/S3M05/Fake/16.wav,1,MEN,MEN-S3M05,TG:8f6e37cf38ec1a44,-12.7265625,1,0.4741666666666666,2.9711382e-06
mendeley/extracted/Bangla Audio Dataset Original and DeepFake Voices for AI-Based Voice Analysis and Detection/Dataset/S3M05/Fake/17.wav,1,MEN,MEN-S3M05,TG:3669c591dfbe7a55,-9.2734375,1,0.0474999999999999,9.387641e-05
mendeley/extracted/Bangla Audio Dataset Original and DeepFake Voices for AI-Based Voice Analysis and Detection/Dataset/S3M05/Fake/18.wav,1,MEN,MEN-S3M05,TG:8be6babbf81be123,-14.1484375,1,0.1558333333333333,7.1682206e-07
mendeley/extracted/Bangla Audio Dataset Original and DeepFake Voices for AI-Based Voice Analysis and Detection/Dataset/S3M05/Fake/19.wav,1,MEN,MEN-S3M05,TG:7f247b87b49d5fb0,-13.332031,2,0.0,1.6217044e-06
mendeley/extracted/Bangla Audio Dataset Original and DeepFake Voices for AI-Based Voice Analysis and Detection/Dataset/S3M05/Fake/2.wav,1,MEN,MEN-S3M05,TG:e77eed1a0aa1b7cf,-2.7011719,1,0.4908333333333333,0.062904246
mendeley/extracted/Bangla Audio Dataset Original and DeepFake Voices for AI-Based Voice Analysis and Detection/Dataset/S3M05/Fake/20.wav,1,MEN,MEN-S3M05,TG:567b144e9ae8bc8b,-10.5,1,0.1508333333333333,2.753569e-05
mendeley/extracted/Bangla Audio Dataset Original and DeepFake Voices for AI-Based Voice Analysis and Detection/Dataset/S3M05/Fake/21.wav,1,MEN,MEN-S3M05,TG:9e58a2d9515bce87,-11.8125,1,0.3241666666666667,7.4112795e-06
mendeley/extracted/Bangla Audio Dataset Original and DeepFake Voices for AI-Based Voice Analysis and Detection/Dataset/S3M05/Fake/22.wav,1,MEN,MEN-S3M05,TG:39deb4923c5e7c69,-13.671875,1,0.2008333333333333,1.1544621e-06
mendeley/extracted/Bangla Audio Dataset Original and DeepFake Voices for AI-Based Voice Analysis and Detection/Dataset/S3M05/Fake/23.wav,1,MEN,MEN-S3M05,TG:7b7d4f0518a452ce,-9.421875,1,0.0558333333333332,8.092757e-05
mendeley/extracted/Bangla Audio Dataset Original and DeepFake Voices for AI-Based Voice Analysis and Detection/Dataset/S3M05/Fake/24.wav,1,MEN,MEN-S3M05,TG:ff2ff224c96a1888,-10.5859375,1,0.5141666666666667,2.5268228e-05
mendeley/extracted/Bangla Audio Dataset Original and DeepFake Voices for AI-Based Voice Analysis and Detection/Dataset/S3M05/Fake/25.wav,1,MEN,MEN-S3M05,TG:9c6ff62d512d4446,-12.984375,1,0.1274999999999999,2.2959193e-06
mendeley/extracted/Bangla Audio Dataset Original and DeepFake Voices for AI-Based Voice Analysis and Detection/Dataset/S3M05/Fake/26.wav,1,MEN,MEN-S3M05,TG:527411d819e34baa,-10.125,1,0.4958333333333333,4.0063696e-05
mendeley/extracted/Bangla Audio Dataset Original and DeepFake Voices for AI-Based Voice Analysis and Detection/Dataset/S3M05/Fake/27.wav,1,MEN,MEN-S3M05,TG:b6a6a3b4c18cb76d,-7.59375,1,0.4475,0.00050333556
mendeley/extracted/Bangla Audio Dataset Original and DeepFake Voices for AI-Based Voice Analysis and Detection/Dataset/S3M05/Fake/28.wav,1,MEN,MEN-S3M05,TG:143353d18a45fba7,-8.6328125,1,0.2808333333333334,0.0001781311
mendeley/extracted/Bangla Audio Dataset Original and DeepFake Voices for AI-Based Voice Analysis and Detection/Dataset/S3M05/Fake/29.wav,1,MEN,MEN-S3M05,TG:2939ab8429b75898,-12.0703125,1,0.4141666666666667,5.727003e-06
mendeley/extracted/Bangla Audio Dataset Original and DeepFake Voices for AI-Based Voice Analysis and Detection/Dataset/S3M05/Fake/3.wav,1,MEN,MEN-S3M05,TG:60894dee2b546c5f,-15.1640625,1,0.1658333333333334,2.5961586e-07
mendeley/extracted/Bangla Audio Dataset Original and DeepFake Voices for AI-Based Voice Analysis and Detection/Dataset/S3M05/Fake/30.wav,1,MEN,MEN-S3M05,TG:12ec84bfce694bf7,-12.2890625,1,0.2208333333333333,4.6017813e-06
mendeley/extracted/Bangla Audio Dataset Original and DeepFake Voices for AI-Based Voice Analysis and Detection/Dataset/S3M05/Fake/4.wav,1,MEN,MEN-S3M05,TG:ba3a3390e238eabe,-5.1757812,1,0.5575,0.0056200367
mendeley/extracted/Bangla Audio Dataset Original and DeepFake Voices for AI-Based Voice Analysis and Detection/Dataset/S3M05/Fake/5.wav,1,MEN,MEN-S3M05,TG:4d2279fbc9b21903,-12.203125,1,0.4675,5.014735e-06
mendeley/extracted/Bangla Audio Dataset Original and DeepFake Voices for AI-Based Voice Analysis and Detection/Dataset/S3M05/Fake/6.wav,1,MEN,MEN-S3M05,TG:e1a6cf0ea369c47c,-9.84375,1,0.5175000000000001,5.307508e-05
mendeley/extracted/Bangla Audio Dataset Original and DeepFake Voices for AI-Based Voice Analysis and Detection/Dataset/S3M05/Fake/7.wav,1,MEN,MEN-S3M05,TG:b94c02a58d6767fd,-9.046875,1,0.3541666666666666,0.000117744596
mendeley/extracted/Bangla Audio Dataset Original and DeepFake Voices for AI-Based Voice Analysis and Detection/Dataset/S3M05/Fake/8.wav,1,MEN,MEN-S3M05,TG:2c5c04ca3a814a2b,-8.6640625,1,0.5108333333333333,0.00017265156
mendeley/extracted/Bangla Audio Dataset Original and DeepFake Voices for AI-Based Voice Analysis and Detection/Dataset/S3M05/Fake/9.wav,1,MEN,MEN-S3M05,TG:3183698e613eeb91,-10.0703125,1,0.2941666666666667,4.2315598e-05
mendeley/extracted/Bangla Audio Dataset Original and DeepFake Voices for AI-Based Voice Analysis and Detection/Dataset/S3M05/Real/1.wav,0,MEN,MEN-S3M05,TG:c64a37b6788eff47,-9.3984375,1,0.4341666666666667,8.2846556e-05
mendeley/extracted/Bangla Audio Dataset Original and DeepFake Voices for AI-Based Voice Analysis and Detection/Dataset/S3M05/Real/10.wav,0,MEN,MEN-S3M05,TG:e4f6f434932f766c,-6.6015625,1,0.5341666666666667,0.0013564017
mendeley/extracted/Bangla Audio Dataset Original and DeepFake Voices for AI-Based Voice Analysis and Detection/Dataset/S3M05/Real/11.wav,0,MEN,MEN-S3M05,TG:279416c756e06369,-4.734375,1,0.5841666666666667,0.008711385
mendeley/extracted/Bangla Audio Dataset Original and DeepFake Voices for AI-Based Voice Analysis and Detection/Dataset/S3M05/Real/12.wav,0,MEN,MEN-S3M05,TG:29d9398f6eb46b4c,-4.3085938,1,0.5008333333333334,0.013273886
mendeley/extracted/Bangla Audio Dataset Original and DeepFake Voices for AI-Based Voice Analysis and Detection/Dataset/S3M05/Real/13.wav,0,MEN,MEN-S3M05,TG:a654883aa77ef593,1.6894531,1,0.4341666666666667,0.8441522
mendeley/extracted/Bangla Audio Dataset Original and DeepFake Voices for AI-Based Voice Analysis and Detection/Dataset/S3M05/Real/14.wav,0,MEN,MEN-S3M05,TG:da1b8fe7ea374f0b,-9.2578125,1,0.4008333333333334,9.535461e-05
mendeley/extracted/Bangla Audio Dataset Original and DeepFake Voices for AI-Based Voice Analysis and Detection/Dataset/S3M05/Real/15.wav,0,MEN,MEN-S3M05,TG:0024a0b4f77f02d4,2.4882812,1,0.3841666666666666,0.9233162
mendeley/extracted/Bangla Audio Dataset Original and DeepFake Voices for AI-Based Voice Analysis and Detection/Dataset/S3M05/Real/16.wav,0,MEN,MEN-S3M05,TG:8f6e37cf38ec1a44,-10.703125,1,0.5175000000000001,2.247409e-05
mendeley/extracted/Bangla Audio Dataset Original and DeepFake Voices for AI-Based Voice Analysis and Detection/Dataset/S3M05/Real/17.wav,0,MEN,MEN-S3M05,TG:3669c591dfbe7a55,-8.1640625,1,0.4008333333333334,0.0002846224
mendeley/extracted/Bangla Audio Dataset Original and DeepFake Voices for AI-Based Voice Analysis and Detection/Dataset/S3M05/Real/18.wav,0,MEN,MEN-S3M05,TG:8be6babbf81be123,-7.3710938,1,0.4841666666666666,0.00062878407
mendeley/extracted/Bangla Audio Dataset Original and DeepFake Voices for AI-Based Voice Analysis and Detection/Dataset/S3M05/Real/19.wav,0,MEN,MEN-S3M05,TG:7f247b87b49d5fb0,-6.546875,1,0.4341666666666667,0.0014325366
mendeley/extracted/Bangla Audio Dataset Original and DeepFake Voices for AI-Based Voice Analysis and Detection/Dataset/S3M05/Real/2.wav,0,MEN,MEN-S3M05,TG:e77eed1a0aa1b7cf,-9.6796875,1,0.6341666666666667,6.253713e-05
mendeley/extracted/Bangla Audio Dataset Original and DeepFake Voices for AI-Based Voice Analysis and Detection/Dataset/S3M05/Real/20.wav,0,MEN,MEN-S3M05,TG:567b144e9ae8bc8b,-3.1777344,1,0.5175000000000001,0.04001227
mendeley/extracted/Bangla Audio Dataset Original and DeepFake Voices for AI-Based Voice Analysis and Detection/Dataset/S3M05/Real/21.wav,0,MEN,MEN-S3M05,TG:9e58a2d9515bce87,-5.6171875,1,0.5341666666666667,0.0036216856
mendeley/extracted/Bangla Audio Dataset Original and DeepFake Voices for AI-Based Voice Analysis and Detection/Dataset/S3M05/Real/22.wav,0,MEN,MEN-S3M05,TG:39deb4923c5e7c69,-9.5703125,1,0.5508333333333333,6.976471e-05
mendeley/extracted/Bangla Audio Dataset Original and DeepFake Voices for AI-Based Voice Analysis and Detection/Dataset/S3M05/Real/23.wav,0,MEN,MEN-S3M05,TG:7b7d4f0518a452ce,-3.6484375,1,0.4341666666666667,0.025371311
mendeley/extracted/Bangla Audio Dataset Original and DeepFake Voices for AI-Based Voice Analysis and Detection/Dataset/S3M05/Real/24.wav,0,MEN,MEN-S3M05,TG:ff2ff224c96a1888,-7.546875,1,0.5675,0.0005274784
mendeley/extracted/Bangla Audio Dataset Original and DeepFake Voices for AI-Based Voice Analysis and Detection/Dataset/S3M05/Real/25.wav,0,MEN,MEN-S3M05,TG:9c6ff62d512d4446,-5.359375,1,0.4008333333333334,0.004681823
mendeley/extracted/Bangla Audio Dataset Original and DeepFake Voices for AI-Based Voice Analysis and Detection/Dataset/S3M05/Real/26.wav,0,MEN,MEN-S3M05,TG:527411d819e34baa,-3.8828125,1,0.5008333333333334,0.02017732
mendeley/extracted/Bangla Audio Dataset Original and DeepFake Voices for AI-Based Voice Analysis and Detection/Dataset/S3M05/Real/27.wav,0,MEN,MEN-S3M05,TG:b6a6a3b4c18cb76d,-3.0546875,1,0.4008333333333334,0.045015533
mendeley/extracted/Bangla Audio Dataset Original and DeepFake Voices for AI-Based Voice Analysis and Detection/Dataset/S3M05/Real/28.wav,0,MEN,MEN-S3M05,TG:143353d18a45fba7,-9.3671875,1,0.4341666666666667,8.5476175e-05
mendeley/extracted/Bangla Audio Dataset Original and DeepFake Voices for AI-Based Voice Analysis and Detection/Dataset/S3M05/Real/29.wav,0,MEN,MEN-S3M05,TG:2939ab8429b75898,-7.90625,1,0.4175,0.0003682979
mendeley/extracted/Bangla Audio Dataset Original and DeepFake Voices for AI-Based Voice Analysis and Detection/Dataset/S3M05/Real/3.wav,0,MEN,MEN-S3M05,TG:60894dee2b546c5f,-8.8984375,1,0.4841666666666666,0.00013658353
mendeley/extracted/Bangla Audio Dataset Original and DeepFake Voices for AI-Based Voice Analysis and Detection/Dataset/S3M05/Real/30.wav,0,MEN,MEN-S3M05,TG:12ec84bfce694bf7,-13.921875,1,0.4508333333333333,8.990961e-07
mendeley/extracted/Bangla Audio Dataset Original and DeepFake Voices for AI-Based Voice Analysis and Detection/Dataset/S3M05/Real/4.wav,0,MEN,MEN-S3M05,TG:ba3a3390e238eabe,-11.703125,1,0.4341666666666667,8.267873e-06
mendeley/extracted/Bangla Audio Dataset Original and DeepFake Voices for AI-Based Voice Analysis and Detection/Dataset/S3M05/Real/5.wav,0,MEN,MEN-S3M05,TG:4d2279fbc9b21903,-8.0859375,1,0.6174999999999999,0.00030774306
mendeley/extracted/Bangla Audio Dataset Original and DeepFake Voices for AI-Based Voice Analysis and Detection/Dataset/S3M05/Real/6.wav,0,MEN,MEN-S3M05,TG:e1a6cf0ea369c47c,-10.7265625,1,0.3675,2.1953489e-05
mendeley/extracted/Bangla Audio Dataset Original and DeepFake Voices for AI-Based Voice Analysis and Detection/Dataset/S3M05/Real/7.wav,0,MEN,MEN-S3M05,TG:b94c02a58d6767fd,-10.21875,1,0.4008333333333334,3.6478537e-05
mendeley/extracted/Bangla Audio Dataset Original and DeepFake Voices for AI-Based Voice Analysis and Detection/Dataset/S3M05/Real/8.wav,0,MEN,MEN-S3M05,TG:2c5c04ca3a814a2b,-6.265625,1,0.4508333333333333,0.00189692
mendeley/extracted/Bangla Audio Dataset Original and DeepFake Voices for AI-Based Voice Analysis and Detection/Dataset/S3M05/Real/9.wav,0,MEN,MEN-S3M05,TG:3183698e613eeb91,-1.09375,1,0.4508333333333333,0.25091282
mendeley/extracted/Bangla Audio Dataset Original and DeepFake Voices for AI-Based Voice Analysis and Detection/Dataset/S4F02/Fake/1.wav,1,MEN,MEN-S4F02,TG:b308cb94d5dfc4a0,-7.625,1,0.4375,0.00048785712
mendeley/extracted/Bangla Audio Dataset Original and DeepFake Voices for AI-Based Voice Analysis and Detection/Dataset/S4F02/Fake/10.wav,1,MEN,MEN-S4F02,TG:2020febfe4c8e0a6,-16.15625,1,0.3675,9.625642e-08
mendeley/extracted/Bangla Audio Dataset Original and DeepFake Voices for AI-Based Voice Analysis and Detection/Dataset/S4F02/Fake/11.wav,1,MEN,MEN-S4F02,TG:a8be821a302d38cd,-9.6796875,1,0.3725,6.253713e-05
mendeley/extracted/Bangla Audio Dataset Original and DeepFake Voices for AI-Based Voice Analysis and Detection/Dataset/S4F02/Fake/12.wav,1,MEN,MEN-S4F02,TG:0ff6798b7b8f0a2b,-18.65625,1,0.3408333333333333,7.9012095e-09
mendeley/extracted/Bangla Audio Dataset Original and DeepFake Voices for AI-Based Voice Analysis and Detection/Dataset/S4F02/Fake/13.wav,1,MEN,MEN-S4F02,TG:5d124e03b8cfc083,-14.0,1,0.3908333333333333,8.31528e-07
mendeley/extracted/Bangla Audio Dataset Original and DeepFake Voices for AI-Based Voice Analysis and Detection/Dataset/S4F02/Fake/14.wav,1,MEN,MEN-S4F02,TG:f328dd5c0d5f4a2c,-12.0859375,1,0.3908333333333333,5.638214e-06
mendeley/extracted/Bangla Audio Dataset Original and DeepFake Voices for AI-Based Voice Analysis and Detection/Dataset/S4F02/Fake/15.wav,1,MEN,MEN-S4F02,TG:49d1daab6645e1e5,-20.25,1,0.2875,1.605228e-09
mendeley/extracted/Bangla Audio Dataset Original and DeepFake Voices for AI-Based Voice Analysis and Detection/Dataset/S4F02/Fake/16.wav,1,MEN,MEN-S4F02,TG:ce2c79da90b91549,-9.2421875,1,0.3091666666666667,9.6856085e-05
mendeley/extracted/Bangla Audio Dataset Original and DeepFake Voices for AI-Based Voice Analysis and Detection/Dataset/S4F02/Fake/17.wav,1,MEN,MEN-S4F02,TG:32f1c06cf5c594b1,-16.15625,1,0.3941666666666666,9.625642e-08
mendeley/extracted/Bangla Audio Dataset Original and DeepFake Voices for AI-Based Voice Analysis and Detection/Dataset/S4F02/Fake/18.wav,1,MEN,MEN-S4F02,TG:6b67e0c353d9fbd4,-13.75,1,0.4508333333333333,1.0677029e-06
mendeley/extracted/Bangla Audio Dataset Original and DeepFake Voices for AI-Based Voice Analysis and Detection/Dataset/S4F02/Fake/19.wav,1,MEN,MEN-S4F02,TG:f47297bbbcd1f91c,-12.1953125,1,0.3475,5.0540657e-06
mendeley/extracted/Bangla Audio Dataset Original and DeepFake Voices for AI-Based Voice Analysis and Detection/Dataset/S4F02/Fake/2.wav,1,MEN,MEN-S4F02,TG:c92a6147c79f3f53,-15.7109375,1,0.5708333333333333,1.5025415e-07
mendeley/extracted/Bangla Audio Dataset Original and DeepFake Voices for AI-Based Voice Analysis and Detection/Dataset/S4F02/Fake/20.wav,1,MEN,MEN-S4F02,TG:47a50d8c770d6a39,-13.03125,1,0.1674999999999999,2.1907817e-06
mendeley/extracted/Bangla Audio Dataset Original and DeepFake Voices for AI-Based Voice Analysis and Detection/Dataset/S4F02/Fake/21.wav,1,MEN,MEN-S4F02,TG:893de1314b339a8c,-8.2109375,1,0.5058333333333334,0.00027159214
mendeley/extracted/Bangla Audio Dataset Original and DeepFake Voices for AI-Based Voice Analysis and Detection/Dataset/S4F02/Fake/22.wav,1,MEN,MEN-S4F02,TG:864f70acdceec2a3,-18.953125,1,0.3325,5.87168e-09
mendeley/extracted/Bangla Audio Dataset Original and DeepFake Voices for AI-Based Voice Analysis and Detection/Dataset/S4F02/Fake/23.wav,1,MEN,MEN-S4F02,TG:31716f0cd84a61b8,-16.34375,1,0.1175,7.979938e-08
mendeley/extracted/Bangla Audio Dataset Original and DeepFake Voices for AI-Based Voice Analysis and Detection/Dataset/S4F02/Fake/24.wav,1,MEN,MEN-S4F02,TG:0c684130198edb2b,-14.359375,1,0.5475,5.805003e-07
mendeley/extracted/Bangla Audio Dataset Original and DeepFake Voices for AI-Based Voice Analysis and Detection/Dataset/S4F02/Fake/25.wav,1,MEN,MEN-S4F02,TG:e59cd170ce121cab,-19.4375,1,0.2524999999999999,3.6174375e-09
mendeley/extracted/Bangla Audio Dataset Original and DeepFake Voices for AI-Based Voice Analysis and Detection/Dataset/S4F02/Fake/26.wav,1,MEN,MEN-S4F02,TG:50530451ab5ea7d4,-11.6796875,1,0.0224999999999999,8.463938e-06
mendeley/extracted/Bangla Audio Dataset Original and DeepFake Voices for AI-Based Voice Analysis and Detection/Dataset/S4F02/Fake/27.wav,1,MEN,MEN-S4F02,TG:35816fd76b78f5ab,-15.25,1,0.4808333333333333,2.3823691e-07
mendeley/extracted/Bangla Audio Dataset Original and DeepFake Voices for AI-Based Voice Analysis and Detection/Dataset/S4F02/Fake/28.wav,1,MEN,MEN-S4F02,TG:83303193a7470159,-19.984375,1,0.1975,2.0936122e-09
mendeley/extracted/Bangla Audio Dataset Original and DeepFake Voices for AI-Based Voice Analysis and Detection/Dataset/S4F02/Fake/29.wav,1,MEN,MEN-S4F02,TG:b6465a64cf8af192,-3.3398438,1,0.4108333333333334,0.034229323
mendeley/extracted/Bangla Audio Dataset Original and DeepFake Voices for AI-Based Voice Analysis and Detection/Dataset/S4F02/Fake/3.wav,1,MEN,MEN-S4F02,TG:4ade37a77542fb47,-10.8515625,1,0.3991666666666666,1.9373938e-05
mendeley/extracted/Bangla Audio Dataset Original and DeepFake Voices for AI-Based Voice Analysis and Detection/Dataset/S4F02/Fake/30.wav,1,MEN,MEN-S4F02,TG:145a60ed6795d62b,-20.65625,1,0.4341666666666667,1.0693124e-09
mendeley/extracted/Bangla Audio Dataset Original and DeepFake Voices for AI-Based Voice Analysis and Detection/Dataset/S4F02/Fake/4.wav,1,MEN,MEN-S4F02,TG:0ca6d8c18f157003,-4.4453125,1,0.3525,0.011597361
mendeley/extracted/Bangla Audio Dataset Original and DeepFake Voices for AI-Based Voice Analysis and Detection/Dataset/S4F02/Fake/5.wav,1,MEN,MEN-S4F02,TG:20ce12eea7577a2b,-6.7929688,1,0.1041666666666666,0.0011203773
mendeley/extracted/Bangla Audio Dataset Original and DeepFake Voices for AI-Based Voice Analysis and Detection/Dataset/S4F02/Fake/6.wav,1,MEN,MEN-S4F02,TG:cb4be92369f4fdeb,-9.140625,1,0.4024999999999999,0.0001072088
mendeley/extracted/Bangla Audio Dataset Original and DeepFake Voices for AI-Based Voice Analysis and Detection/Dataset/S4F02/Fake/7.wav,1,MEN,MEN-S4F02,TG:fd0ac6bb3657230d,-10.625,1,0.2808333333333334,2.4300241e-05
mendeley/extracted/Bangla Audio Dataset Original and DeepFake Voices for AI-Based Voice Analysis and Detection/Dataset/S4F02/Fake/8.wav,1,MEN,MEN-S4F02,TG:1afa540d605472d1,-13.5859375,1,0.0208333333333333,1.2580613e-06
mendeley/extracted/Bangla Audio Dataset Original and DeepFake Voices for AI-Based Voice Analysis and Detection/Dataset/S4F02/Fake/9.wav,1,MEN,MEN-S4F02,TG:e2452da62ea9a450,-13.9921875,1,0.2875,8.380498e-07
mendeley/extracted/Bangla Audio Dataset Original and DeepFake Voices for AI-Based Voice Analysis and Detection/Dataset/S4F02/Real/1.wav,0,MEN,MEN-S4F02,TG:b308cb94d5dfc4a0,8.4921875,1,0.4841666666666666,0.999795
mendeley/extracted/Bangla Audio Dataset Original and DeepFake Voices for AI-Based Voice Analysis and Detection/Dataset/S4F02/Real/10.wav,0,MEN,MEN-S4F02,TG:2020febfe4c8e0a6,-0.9707031,1,0.5675,0.27474037
mendeley/extracted/Bangla Audio Dataset Original and DeepFake Voices for AI-Based Voice Analysis and Detection/Dataset/S4F02/Real/11.wav,0,MEN,MEN-S4F02,TG:a8be821a302d38cd,-3.4277344,1,0.3675,0.031439852
mendeley/extracted/Bangla Audio Dataset Original and DeepFake Voices for AI-Based Voice Analysis and Detection/Dataset/S4F02/Real/12.wav,0,MEN,MEN-S4F02,TG:0ff6798b7b8f0a2b,6.6367188,1,0.4008333333333334,0.9986904
mendeley/extracted/Bangla Audio Dataset Original and DeepFake Voices for AI-Based Voice Analysis and Detection/Dataset/S4F02/Real/13.wav,0,MEN,MEN-S4F02,TG:5d124e03b8cfc083,6.140625,1,0.5675,0.997851
mendeley/extracted/Bangla Audio Dataset Original and DeepFake Voices for AI-Based Voice Analysis and Detection/Dataset/S4F02/Real/14.wav,0,MEN,MEN-S4F02,TG:f328dd5c0d5f4a2c,2.1171875,1,0.4508333333333333,0.89256257
mendeley/extracted/Bangla Audio Dataset Original and DeepFake Voices for AI-Based Voice Analysis and Detection/Dataset/S4F02/Real/15.wav,0,MEN,MEN-S4F02,TG:49d1daab6645e1e5,-7.6367188,1,0.5675,0.00048217614
mendeley/extracted/Bangla Audio Dataset Original and DeepFake Voices for AI-Based Voice Analysis and Detection/Dataset/S4F02/Real/16.wav,0,MEN,MEN-S4F02,TG:ce2c79da90b91549,0.6611328,1,0.3508333333333333,0.65951484
mendeley/extracted/Bangla Audio Dataset Original and DeepFake Voices for AI-Based Voice Analysis and Detection/Dataset/S4F02/Real/17.wav,0,MEN,MEN-S4F02,TG:32f1c06cf5c594b1,3.8339844,1,0.4841666666666666,0.9788344
mendeley/extracted/Bangla Audio Dataset Original and DeepFake Voices for AI-Based Voice Analysis and Detection/Dataset/S4F02/Real/18.wav,0,MEN,MEN-S4F02,TG:6b67e0c353d9fbd4,-2.6933594,1,0.4675,0.06336634
mendeley/extracted/Bangla Audio Dataset Original and DeepFake Voices for AI-Based Voice Analysis and Detection/Dataset/S4F02/Real/19.wav,0,MEN,MEN-S4F02,TG:f47297bbbcd1f91c,5.5351562,1,0.3341666666666666,0.9960699
mendeley/extracted/Bangla Audio Dataset Original and DeepFake Voices for AI-Based Voice Analysis and Detection/Dataset/S4F02/Real/2.wav,0,MEN,MEN-S4F02,TG:c92a6147c79f3f53,5.4609375,1,0.5675,0.9957684
mendeley/extracted/Bangla Audio Dataset Original and DeepFake Voices for AI-Based Voice Analysis and Detection/Dataset/S4F02/Real/20.wav,0,MEN,MEN-S4F02,TG:47a50d8c770d6a39,-3.9941406,1,0.4175,0.018089995
mendeley/extracted/Bangla Audio Dataset Original and DeepFake Voices for AI-Based Voice Analysis and Detection/Dataset/S4F02/Real/21.wav,0,MEN,MEN-S4F02,TG:893de1314b339a8c,0.9638672,1,0.5508333333333333,0.72389543
mendeley/extracted/Bangla Audio Dataset Original and DeepFake Voices for AI-Based Voice Analysis and Detection/Dataset/S4F02/Real/22.wav,0,MEN,MEN-S4F02,TG:864f70acdceec2a3,-0.84472656,1,0.3175,0.30054024
mendeley/extracted/Bangla Audio Dataset Original and DeepFake Voices for AI-Based Voice Analysis and Detection/Dataset/S4F02/Real/23.wav,0,MEN,MEN-S4F02,TG:31716f0cd84a61b8,-7.0390625,1,0.4341666666666667,0.00087618
mendeley/extracted/Bangla Audio Dataset Original and DeepFake Voices for AI-Based Voice Analysis and Detection/Dataset/S4F02/Real/24.wav,0,MEN,MEN-S4F02,TG:0c684130198edb2b,6.1328125,1,0.5841666666666667,0.99783427
mendeley/extracted/Bangla Audio Dataset Original and DeepFake Voices for AI-Based Voice Analysis and Detection/Dataset/S4F02/Real/25.wav,0,MEN,MEN-S4F02,TG:e59cd170ce121cab,3.0410156,1,0.3508333333333333,0.954393
mendeley/extracted/Bangla Audio Dataset Original and DeepFake Voices for AI-Based Voice Analysis and Detection/Dataset/S4F02/Real/26.wav,0,MEN,MEN-S4F02,TG:50530451ab5ea7d4,-6.40625,1,0.3508333333333333,0.001648483
mendeley/extracted/Bangla Audio Dataset Original and DeepFake Voices for AI-Based Voice Analysis and Detection/Dataset/S4F02/Real/27.wav,0,MEN,MEN-S4F02,TG:35816fd76b78f5ab,-9.9296875,1,0.5008333333333334,4.870464e-05
mendeley/extracted/Bangla Audio Dataset Original and DeepFake Voices for AI-Based Voice Analysis and Detection/Dataset/S4F02/Real/28.wav,0,MEN,MEN-S4F02,TG:83303193a7470159,-9.0703125,1,0.4008333333333334,0.000115017356
mendeley/extracted/Bangla Audio Dataset Original and DeepFake Voices for AI-Based Voice Analysis and Detection/Dataset/S4F02/Real/29.wav,0,MEN,MEN-S4F02,TG:b6465a64cf8af192,-6.2460938,1,0.4675,0.0019342611
mendeley/extracted/Bangla Audio Dataset Original and DeepFake Voices for AI-Based Voice Analysis and Detection/Dataset/S4F02/Real/3.wav,0,MEN,MEN-S4F02,TG:4ade37a77542fb47,7.3671875,1,0.4841666666666666,0.9993687
mendeley/extracted/Bangla Audio Dataset Original and DeepFake Voices for AI-Based Voice Analysis and Detection/Dataset/S4F02/Real/30.wav,0,MEN,MEN-S4F02,TG:145a60ed6795d62b,-6.1054688,1,0.3675,0.002225671
mendeley/extracted/Bangla Audio Dataset Original and DeepFake Voices for AI-Based Voice Analysis and Detection/Dataset/S4F02/Real/4.wav,0,MEN,MEN-S4F02,TG:0ca6d8c18f157003,9.0859375,1,0.4341666666666667,0.99988675
mendeley/extracted/Bangla Audio Dataset Original and DeepFake Voices for AI-Based Voice Analysis and Detection/Dataset/S4F02/Real/5.wav,0,MEN,MEN-S4F02,TG:20ce12eea7577a2b,7.9453125,1,0.4508333333333333,0.9996458
mendeley/extracted/Bangla Audio Dataset Original and DeepFake Voices for AI-Based Voice Analysis and Detection/Dataset/S4F02/Real/6.wav,0,MEN,MEN-S4F02,TG:cb4be92369f4fdeb,4.1289062,1,0.4175,0.9841546
mendeley/extracted/Bangla Audio Dataset Original and DeepFake Voices for AI-Based Voice Analysis and Detection/Dataset/S4F02/Real/7.wav,0,MEN,MEN-S4F02,TG:fd0ac6bb3657230d,8.5,1,0.4175,0.99979657
mendeley/extracted/Bangla Audio Dataset Original and DeepFake Voices for AI-Based Voice Analysis and Detection/Dataset/S4F02/Real/8.wav,0,MEN,MEN-S4F02,TG:1afa540d605472d1,2.4667969,1,0.4175,0.9217811
mendeley/extracted/Bangla Audio Dataset Original and DeepFake Voices for AI-Based Voice Analysis and Detection/Dataset/S4F02/Real/9.wav,0,MEN,MEN-S4F02,TG:e2452da62ea9a450,8.1875,1,0.4008333333333334,0.99972194
mendeley/extracted/Bangla Audio Dataset Original and DeepFake Voices for AI-Based Voice Analysis and Detection/Dataset/S4F03/Fake/1.wav,1,MEN,MEN-S4F03,TG:b308cb94d5dfc4a0,-4.8203125,1,0.4491666666666667,0.0079997545
mendeley/extracted/Bangla Audio Dataset Original and DeepFake Voices for AI-Based Voice Analysis and Detection/Dataset/S4F03/Fake/10.wav,1,MEN,MEN-S4F03,TG:2020febfe4c8e0a6,-12.609375,1,0.3908333333333333,3.3405393e-06
mendeley/extracted/Bangla Audio Dataset Original and DeepFake Voices for AI-Based Voice Analysis and Detection/Dataset/S4F03/Fake/11.wav,1,MEN,MEN-S4F03,TG:a8be821a302d38cd,-5.5625,1,0.3974999999999999,0.0038244836
mendeley/extracted/Bangla Audio Dataset Original and DeepFake Voices for AI-Based Voice Analysis and Detection/Dataset/S4F03/Fake/12.wav,1,MEN,MEN-S4F03,TG:0ff6798b7b8f0a2b,-17.1875,1,0.4175,3.432129e-08
mendeley/extracted/Bangla Audio Dataset Original and DeepFake Voices for AI-Based Voice Analysis and Detection/Dataset/S4F03/Fake/13.wav,1,MEN,MEN-S4F03,TG:5d124e03b8cfc083,-10.265625,1,0.4141666666666667,3.4808123e-05
mendeley/extracted/Bangla Audio Dataset Original and DeepFake Voices for AI-Based Voice Analysis and Detection/Dataset/S4F03/Fake/14.wav,1,MEN,MEN-S4F03,TG:f328dd5c0d5f4a2c,-15.78125,1,0.3725,1.4005226e-07
mendeley/extracted/Bangla Audio Dataset Original and DeepFake Voices for AI-Based Voice Analysis and Detection/Dataset/S4F03/Fake/15.wav,1,MEN,MEN-S4F03,TG:49d1daab6645e1e5,-10.125,1,0.2641666666666666,4.0063696e-05
mendeley/extracted/Bangla Audio Dataset Original and DeepFake Voices for AI-Based Voice Analysis and Detection/Dataset/S4F03/Fake/16.wav,1,MEN,MEN-S4F03,TG:ce2c79da90b91549,-9.3828125,1,0.2624999999999999,8.415109e-05
mendeley/extracted/Bangla Audio Dataset Original and DeepFake Voices for AI-Based Voice Analysis and Detection/Dataset/S4F03/Fake/17.wav,1,MEN,MEN-S4F03,TG:32f1c06cf5c594b1,-19.28125,1,0.4008333333333334,4.2292125e-09
mendeley/extracted/Bangla Audio Dataset Original and DeepFake Voices for AI-Based Voice Analysis and Detection/Dataset/S4F03/Fake/18.wav,1,MEN,MEN-S4F03,TG:6b67e0c353d9fbd4,-11.2578125,1,0.4008333333333334,1.2905907e-05
mendeley/extracted/Bangla Audio Dataset Original and DeepFake Voices for AI-Based Voice Analysis and Detection/Dataset/S4F03/Fake/19.wav,1,MEN,MEN-S4F03,TG:f47297bbbcd1f91c,-9.71875,1,0.2408333333333333,6.0141523e-05
mendeley/extracted/Bangla Audio Dataset Original and DeepFake Voices for AI-Based Voice Analysis and Detection/Dataset/S4F03/Fake/2.wav,1,MEN,MEN-S4F03,TG:c92a6147c79f3f53,-14.40625,1,0.5208333333333333,5.539173e-07
mendeley/extracted/Bangla Audio Dataset Original and DeepFake Voices for AI-Based Voice Analysis and Detection/Dataset/S4F03/Fake/20.wav,1,MEN,MEN-S4F03,TG:47a50d8c770d6a39,-14.2578125,1,0.1791666666666667,6.425552e-07
mendeley/extracted/Bangla Audio Dataset Original and DeepFake Voices for AI-Based Voice Analysis and Detection/Dataset/S4F03/Fake/21.wav,1,MEN,MEN-S4F03,TG:893de1314b339a8c,-6.5117188,1,0.2875,0.0014837187
mendeley/extracted/Bangla Audio Dataset Original and DeepFake Voices for AI-Based Voice Analysis and Detection/Dataset/S4F03/Fake/22.wav,1,MEN,MEN-S4F03,TG:864f70acdceec2a3,-20.796875,1,0.2941666666666667,9.290347e-10
mendeley/extracted/Bangla Audio Dataset Original and DeepFake Voices for AI-Based Voice Analysis and Detection/Dataset/S4F03/Fake/23.wav,1,MEN,MEN-S4F03,TG:31716f0cd84a61b8,-9.6328125,1,0.0541666666666666,6.553816e-05
mendeley/extracted/Bangla Audio Dataset Original and DeepFake Voices for AI-Based Voice Analysis and Detection/Dataset/S4F03/Fake/24.wav,1,MEN,MEN-S4F03,TG:0c684130198edb2b,-7.8554688,1,0.3341666666666666,0.00038747612
mendeley/extracted/Bangla Audio Dataset Original and DeepFake Voices for AI-Based Voice Analysis and Detection/Dataset/S4F03/Fake/25.wav,1,MEN,MEN-S4F03,TG:e59cd170ce121cab,-12.3125,1,0.2508333333333333,4.4951817e-06
mendeley/extracted/Bangla Audio Dataset Original and DeepFake Voices for AI-Based Voice Analysis and Detection/Dataset/S4F03/Fake/26.wav,1,MEN,MEN-S4F03,TG:50530451ab5ea7d4,-10.9765625,1,0.0124999999999999,1.7097478e-05
mendeley/extracted/Bangla Audio Dataset Original and DeepFake Voices for AI-Based Voice Analysis and Detection/Dataset/S4F03/Fake/27.wav,1,MEN,MEN-S4F03,TG:35816fd76b78f5ab,-10.7421875,1,0.5175000000000001,2.1613141e-05
mendeley/extracted/Bangla Audio Dataset Original and DeepFake Voices for AI-Based Voice Analysis and Detection/Dataset/S4F03/Fake/28.wav,1,MEN,MEN-S4F03,TG:83303193a7470159,-14.8203125,1,0.2308333333333333,3.66117e-07
mendeley/extracted/Bangla Audio Dataset Original and DeepFake Voices for AI-Based Voice Analysis and Detection/Dataset/S4F03/Fake/29.wav,1,MEN,MEN-S4F03,TG:b6465a64cf8af192,-14.6875,1,0.5841666666666667,4.181187e-07
mendeley/extracted/Bangla Audio Dataset Original and DeepFake Voices for AI-Based Voice Analysis and Detection/Dataset/S4F03/Fake/3.wav,1,MEN,MEN-S4F03,TG:4ade37a77542fb47,-8.09375,1,0.3741666666666666,0.00030534892
mendeley/extracted/Bangla Audio Dataset Original and DeepFake Voices for AI-Based Voice Analysis and Detection/Dataset/S4F03/Fake/30.wav,1,MEN,MEN-S4F03,TG:145a60ed6795d62b,-19.734375,1,0.4108333333333334,2.6882512e-09
mendeley/extracted/Bangla Audio Dataset Original and DeepFake Voices for AI-Based Voice Analysis and Detection/Dataset/S4F03/Fake/4.wav,1,MEN,MEN-S4F03,TG:0ca6d8c18f157003,-12.546875,1,0.3641666666666666,3.5559847e-06
mendeley/extracted/Bangla Audio Dataset Original and DeepFake Voices for AI-Based Voice Analysis and Detection/Dataset/S4F03/Fake/5.wav,1,MEN,MEN-S4F03,TG:20ce12eea7577a2b,-6.9960938,1,0.1274999999999999,0.0009146137
mendeley/extracted/Bangla Audio Dataset Original and DeepFake Voices for AI-Based Voice Analysis and Detection/Dataset/S4F03/Fake/6.wav,1,MEN,MEN-S4F03,TG:cb4be92369f4fdeb,-8.7265625,1,0.3891666666666666,0.00016219284
mendeley/extracted/Bangla Audio Dataset Original and DeepFake Voices for AI-Based Voice Analysis and Detection/Dataset/S4F03/Fake/7.wav,1,MEN,MEN-S4F03,TG:fd0ac6bb3657230d,-13.75,1,0.3508333333333333,1.0677029e-06
mendeley/extracted/Bangla Audio Dataset Original and DeepFake Voices for AI-Based Voice Analysis and Detection/Dataset/S4F03/Fake/8.wav,1,MEN,MEN-S4F03,TG:1afa540d605472d1,-12.527344,2,0.0,3.62612e-06
mendeley/extracted/Bangla Audio Dataset Original and DeepFake Voices for AI-Based Voice Analysis and Detection/Dataset/S4F03/Fake/9.wav,1,MEN,MEN-S4F03,TG:e2452da62ea9a450,-14.84375,1,0.3375,3.5763594e-07
mendeley/extracted/Bangla Audio Dataset Original and DeepFake Voices for AI-Based Voice Analysis and Detection/Dataset/S4F03/Real/1.wav,0,MEN,MEN-S4F03,TG:b308cb94d5dfc4a0,-3.15625,1,0.5508333333333333,0.04084572
mendeley/extracted/Bangla Audio Dataset Original and DeepFake Voices for AI-Based Voice Analysis and Detection/Dataset/S4F03/Real/10.wav,0,MEN,MEN-S4F03,TG:2020febfe4c8e0a6,-6.109375,1,0.5341666666666667,0.0022170132
mendeley/extracted/Bangla Audio Dataset Original and DeepFake Voices for AI-Based Voice Analysis and Detection/Dataset/S4F03/Real/11.wav,0,MEN,MEN-S4F03,TG:a8be821a302d38cd,-8.578125,1,0.5008333333333334,0.00018814209
mendeley/extracted/Bangla Audio Dataset Original and DeepFake Voices for AI-Based Voice Analysis and Detection/Dataset/S4F03/Real/12.wav,0,MEN,MEN-S4F03,TG:0ff6798b7b8f0a2b,-11.3203125,1,0.5175000000000001,1.2123987e-05
mendeley/extracted/Bangla Audio Dataset Original and DeepFake Voices for AI-Based Voice Analysis and Detection/Dataset/S4F03/Real/13.wav,0,MEN,MEN-S4F03,TG:5d124e03b8cfc083,-5.953125,1,0.5008333333333334,0.0025909794
mendeley/extracted/Bangla Audio Dataset Original and DeepFake Voices for AI-Based Voice Analysis and Detection/Dataset/S4F03/Real/14.wav,0,MEN,MEN-S4F03,TG:f328dd5c0d5f4a2c,-9.4609375,1,0.5341666666666667,7.782753e-05
mendeley/extracted/Bangla Audio Dataset Original and DeepFake Voices for AI-Based Voice Analysis and Detection/Dataset/S4F03/Real/15.wav,0,MEN,MEN-S4F03,TG:49d1daab6645e1e5,-4.7226562,1,0.3675,0.008813167
mendeley/extracted/Bangla Audio Dataset Original and DeepFake Voices for AI-Based Voice Analysis and Detection/Dataset/S4F03/Real/16.wav,0,MEN,MEN-S4F03,TG:ce2c79da90b91549,-1.5195312,1,0.4008333333333334,0.17953055
mendeley/extracted/Bangla Audio Dataset Original and DeepFake Voices for AI-Based Voice Analysis and Detection/Dataset/S4F03/Real/17.wav,0,MEN,MEN-S4F03,TG:32f1c06cf5c594b1,-2.7929688,1,0.4675,0.057705317
mendeley/extracted/Bangla Audio Dataset Original and DeepFake Voices for AI-Based Voice Analysis and Detection/Dataset/S4F03/Real/18.wav,0,MEN,MEN-S4F03,TG:6b67e0c353d9fbd4,-6.7148438,1,0.4508333333333333,0.0012113064
mendeley/extracted/Bangla Audio Dataset Original and DeepFake Voices for AI-Based Voice Analysis and Detection/Dataset/S4F03/Real/19.wav,0,MEN,MEN-S4F03,TG:f47297bbbcd1f91c,-1.1269531,1,0.4175,0.24472383
mendeley/extracted/Bangla Audio Dataset Original and DeepFake Voices for AI-Based Voice Analysis and Detection/Dataset/S4F03/Real/2.wav,0,MEN,MEN-S4F03,TG:c92a6147c79f3f53,-1.1376953,1,0.5341666666666667,0.24274376
mendeley/extracted/Bangla Audio Dataset Original and DeepFake Voices for AI-Based Voice Analysis and Detection/Dataset/S4F03/Real/20.wav,0,MEN,MEN-S4F03,TG:47a50d8c770d6a39,-9.4375,1,0.3675,7.967302e-05
mendeley/extracted/Bangla Audio Dataset Original and DeepFake Voices for AI-Based Voice Analysis and Detection/Dataset/S4F03/Real/21.wav,0,MEN,MEN-S4F03,TG:893de1314b339a8c,-4.4882812,1,0.4175,0.011115014
mendeley/extracted/Bangla Audio Dataset Original and DeepFake Voices for AI-Based Voice Analysis and Detection/Dataset/S4F03/Real/22.wav,0,MEN,MEN-S4F03,TG:864f70acdceec2a3,-7.9570312,1,0.4175,0.0003500686
mendeley/extracted/Bangla Audio Dataset Original and DeepFake Voices for AI-Based Voice Analysis and Detection/Dataset/S4F03/Real/23.wav,0,MEN,MEN-S4F03,TG:31716f0cd84a61b8,-9.859375,1,0.3675,5.2252268e-05
mendeley/extracted/Bangla Audio Dataset Original and DeepFake Voices for AI-Based Voice Analysis and Detection/Dataset/S4F03/Real/24.wav,0,MEN,MEN-S4F03,TG:0c684130198edb2b,-4.4804688,1,0.3675,0.011201213
mendeley/extracted/Bangla Audio Dataset Original and DeepFake Voices for AI-Based Voice Analysis and Detection/Dataset/S4F03/Real/25.wav,0,MEN,MEN-S4F03,TG:e59cd170ce121cab,-8.3984375,1,0.4175,0.00022516825
mendeley/extracted/Bangla Audio Dataset Original and DeepFake Voices for AI-Based Voice Analysis and Detection/Dataset/S4F03/Real/26.wav,0,MEN,MEN-S4F03,TG:50530451ab5ea7d4,-10.046875,1,0.4341666666666667,4.3319036e-05
mendeley/extracted/Bangla Audio Dataset Original and DeepFake Voices for AI-Based Voice Analysis and Detection/Dataset/S4F03/Real/27.wav,0,MEN,MEN-S4F03,TG:35816fd76b78f5ab,-12.3515625,1,0.4341666666666667,4.3229747e-06
mendeley/extracted/Bangla Audio Dataset Original and DeepFake Voices for AI-Based Voice Analysis and Detection/Dataset/S4F03/Real/28.wav,0,MEN,MEN-S4F03,TG:83303193a7470159,-8.5625,1,0.4175,0.00019110431
mendeley/extracted/Bangla Audio Dataset Original and DeepFake Voices for AI-Based Voice Analysis and Detection/Dataset/S4F03/Real/29.wav,0,MEN,MEN-S4F03,TG:b6465a64cf8af192,-2.1992188,1,0.4341666666666667,0.09982066
mendeley/extracted/Bangla Audio Dataset Original and DeepFake Voices for AI-Based Voice Analysis and Detection/Dataset/S4F03/Real/3.wav,0,MEN,MEN-S4F03,TG:4ade37a77542fb47,-4.59375,1,0.5341666666666667,0.01001357
mendeley/extracted/Bangla Audio Dataset Original and DeepFake Voices for AI-Based Voice Analysis and Detection/Dataset/S4F03/Real/30.wav,0,MEN,MEN-S4F03,TG:145a60ed6795d62b,-8.953125,1,0.4175,0.00012931564
mendeley/extracted/Bangla Audio Dataset Original and DeepFake Voices for AI-Based Voice Analysis and Detection/Dataset/S4F03/Real/4.wav,0,MEN,MEN-S4F03,TG:0ca6d8c18f157003,-6.6757812,1,0.4175,0.0012594988
mendeley/extracted/Bangla Audio Dataset Original and DeepFake Voices for AI-Based Voice Analysis and Detection/Dataset/S4F03/Real/5.wav,0,MEN,MEN-S4F03,TG:20ce12eea7577a2b,-6.8945312,1,0.4841666666666666,0.0010122862
mendeley/extracted/Bangla Audio Dataset Original and DeepFake Voices for AI-Based Voice Analysis and Detection/Dataset/S4F03/Real/6.wav,0,MEN,MEN-S4F03,TG:cb4be92369f4fdeb,-3.7617188,1,0.5008333333333334,0.022715759
mendeley/extracted/Bangla Audio Dataset Original and DeepFake Voices for AI-Based Voice Analysis and Detection/Dataset/S4F03/Real/7.wav,0,MEN,MEN-S4F03,TG:fd0ac6bb3657230d,-9.3984375,1,0.4841666666666666,8.2846556e-05
mendeley/extracted/Bangla Audio Dataset Original and DeepFake Voices for AI-Based Voice Analysis and Detection/Dataset/S4F03/Real/8.wav,0,MEN,MEN-S4F03,TG:1afa540d605472d1,-3.7480469,1,0.4675,0.023021257
mendeley/extracted/Bangla Audio Dataset Original and DeepFake Voices for AI-Based Voice Analysis and Detection/Dataset/S4F03/Real/9.wav,0,MEN,MEN-S4F03,TG:e2452da62ea9a450,-2.9648438,1,0.4675,0.04903962
mendeley/extracted/Bangla Audio Dataset Original and DeepFake Voices for AI-Based Voice Analysis and Detection/Dataset/S4F04/Fake/1.wav,1,MEN,MEN-S4F04,TG:b308cb94d5dfc4a0,-7.3242188,1,0.4491666666666667,0.0006589401
mendeley/extracted/Bangla Audio Dataset Original and DeepFake Voices for AI-Based Voice Analysis and Detection/Dataset/S4F04/Fake/10.wav,1,MEN,MEN-S4F04,TG:2020febfe4c8e0a6,-13.7734375,1,0.3175,1.0429696e-06
mendeley/extracted/Bangla Audio Dataset Original and DeepFake Voices for AI-Based Voice Analysis and Detection/Dataset/S4F04/Fake/11.wav,1,MEN,MEN-S4F04,TG:a8be821a302d38cd,-6.828125,1,0.3841666666666666,0.0010817152
mendeley/extracted/Bangla Audio Dataset Original and DeepFake Voices for AI-Based Voice Analysis and Detection/Dataset/S4F04/Fake/12.wav,1,MEN,MEN-S4F04,TG:0ff6798b7b8f0a2b,-16.953125,1,0.3941666666666666,4.338617e-08
mendeley/extracted/Bangla Audio Dataset Original and DeepFake Voices for AI-Based Voice Analysis and Detection/Dataset/S4F04/Fake/13.wav,1,MEN,MEN-S4F04,TG:5d124e03b8cfc083,-12.5078125,1,0.3741666666666666,3.6976385e-06
mendeley/extracted/Bangla Audio Dataset Original and DeepFake Voices for AI-Based Voice Analysis and Detection/Dataset/S4F04/Fake/14.wav,1,MEN,MEN-S4F04,TG:f328dd5c0d5f4a2c,-7.484375,1,0.3591666666666666,0.00056147884
mendeley/extracted/Bangla Audio Dataset Original and DeepFake Voices for AI-Based Voice Analysis and Detection/Dataset/S4F04/Fake/15.wav,1,MEN,MEN-S4F04,TG:49d1daab6645e1e5,-15.7890625,1,0.2358333333333333,1.3896238e-07
mendeley/extracted/Bangla Audio Dataset Original and DeepFake Voices for AI-Based Voice Analysis and Detection/Dataset/S4F04/Fake/16.wav,1,MEN,MEN-S4F04,TG:ce2c79da90b91549,-10.046875,1,0.2875,4.3319036e-05
mendeley/extracted/Bangla Audio Dataset Original and DeepFake Voices for AI-Based Voice Analysis and Detection/Dataset/S4F04/Fake/17.wav,1,MEN,MEN-S4F04,TG:32f1c06cf5c594b1,-11.75,1,0.3924999999999999,7.889263e-06
mendeley/extracted/Bangla Audio Dataset Original and DeepFake Voices for AI-Based Voice Analysis and Detection/Dataset/S4F04/Fake/18.wav,1,MEN,MEN-S4F04,TG:6b67e0c353d9fbd4,-18.75,1,0.3808333333333333,7.1941337e-09
mendeley/extracted/Bangla Audio Dataset Original and DeepFake Voices for AI-Based Voice Analysis and Detection/Dataset/S4F04/Fake/19.wav,1,MEN,MEN-S4F04,TG:f47297bbbcd1f91c,-6.640625,1,0.3625,0.0013045067
mendeley/extracted/Bangla Audio Dataset Original and DeepFake Voices for AI-Based Voice Analysis and Detection/Dataset/S4F04/Fake/2.wav,1,MEN,MEN-S4F04,TG:c92a6147c79f3f53,-11.9296875,1,0.4925,6.5917343e-06
mendeley/extracted/Bangla Audio Dataset Original and DeepFake Voices for AI-Based Voice Analysis and Detection/Dataset/S4F04/Fake/20.wav,1,MEN,MEN-S4F04,TG:47a50d8c770d6a39,-9.4375,1,0.1274999999999999,7.967302e-05
mendeley/extracted/Bangla Audio Dataset Original and DeepFake Voices for AI-Based Voice Analysis and Detection/Dataset/S4F04/Fake/21.wav,1,MEN,MEN-S4F04,TG:893de1314b339a8c,-3.4921875,1,0.5358333333333334,0.029535338
mendeley/extracted/Bangla Audio Dataset Original and DeepFake Voices for AI-Based Voice Analysis and Detection/Dataset/S4F04/Fake/22.wav,1,MEN,MEN-S4F04,TG:864f70acdceec2a3,-13.6875,1,0.3758333333333333,1.1365637e-06
mendeley/extracted/Bangla Audio Dataset Original and DeepFake Voices for AI-Based Voice Analysis and Detection/Dataset/S4F04/Fake/23.wav,1,MEN,MEN-S4F04,TG:31716f0cd84a61b8,-12.1640625,1,0.0675,5.2144983e-06
mendeley/extracted/Bangla Audio Dataset Original and DeepFake Voices for AI-Based Voice Analysis and Detection/Dataset/S4F04/Fake/24.wav,1,MEN,MEN-S4F04,TG:0c684130198edb2b,-13.8046875,1,0.5608333333333333,1.0108807e-06
mendeley/extracted/Bangla Audio Dataset Original and DeepFake Voices for AI-Based Voice Analysis and Detection/Dataset/S4F04/Fake/25.wav,1,MEN,MEN-S4F04,TG:e59cd170ce121cab,-8.5390625,1,0.2975,0.00019563532
mendeley/extracted/Bangla Audio Dataset Original and DeepFake Voices for AI-Based Voice Analysis and Detection/Dataset/S4F04/Fake/26.wav,1,MEN,MEN-S4F04,TG:50530451ab5ea7d4,-14.222656,2,0.0,6.655469e-07
mendeley/extracted/Bangla Audio Dataset Original and DeepFake Voices for AI-Based Voice Analysis and Detection/Dataset/S4F04/Fake/27.wav,1,MEN,MEN-S4F04,TG:35816fd76b78f5ab,-14.8671875,1,0.4125,3.493513e-07
mendeley/extracted/Bangla Audio Dataset Original and DeepFake Voices for AI-Based Voice Analysis and Detection/Dataset/S4F04/Fake/28.wav,1,MEN,MEN-S4F04,TG:83303193a7470159,-9.0859375,1,0.1725,0.000113234375
mendeley/extracted/Bangla Audio Dataset Original and DeepFake Voices for AI-Based Voice Analysis and Detection/Dataset/S4F04/Fake/29.wav,1,MEN,MEN-S4F04,TG:b6465a64cf8af192,-5.9882812,1,0.4175,0.0025016966
mendeley/extracted/Bangla Audio Dataset Original and DeepFake Voices for AI-Based Voice Analysis and Detection/Dataset/S4F04/Fake/3.wav,1,MEN,MEN-S4F04,TG:4ade37a77542fb47,-10.046875,1,0.3541666666666666,4.3319036e-05
mendeley/extracted/Bangla Audio Dataset Original and DeepFake Voices for AI-Based Voice Analysis and Detection/Dataset/S4F04/Fake/30.wav,1,MEN,MEN-S4F04,TG:145a60ed6795d62b,-17.859375,1,0.4058333333333334,1.7529599e-08
mendeley/extracted/Bangla Audio Dataset Original and DeepFake Voices for AI-Based Voice Analysis and Detection/Dataset/S4F04/Fake/4.wav,1,MEN,MEN-S4F04,TG:0ca6d8c18f157003,-8.1875,1,0.4275,0.00027803096
mendeley/extracted/Bangla Audio Dataset Original and DeepFake Voices for AI-Based Voice Analysis and Detection/Dataset/S4F04/Fake/5.wav,1,MEN,MEN-S4F04,TG:20ce12eea7577a2b,-15.578125,1,0.1474999999999999,1.715956e-07
mendeley/extracted/Bangla Audio Dataset Original and DeepFake Voices for AI-Based Voice Analysis and Detection/Dataset/S4F04/Fake/6.wav,1,MEN,MEN-S4F04,TG:cb4be92369f4fdeb,-6.4726562,1,0.3941666666666666,0.0015427324
mendeley/extracted/Bangla Audio Dataset Original and DeepFake Voices for AI-Based Voice Analysis and Detection/Dataset/S4F04/Fake/7.wav,1,MEN,MEN-S4F04,TG:fd0ac6bb3657230d,-12.984375,1,0.2608333333333333,2.2959193e-06
mendeley/extracted/Bangla Audio Dataset Original and DeepFake Voices for AI-Based Voice Analysis and Detection/Dataset/S4F04/Fake/8.wav,1,MEN,MEN-S4F04,TG:1afa540d605472d1,-11.3359375,1,0.0708333333333333,1.1936024e-05
mendeley/extracted/Bangla Audio Dataset Original and DeepFake Voices for AI-Based Voice Analysis and Detection/Dataset/S4F04/Fake/9.wav,1,MEN,MEN-S4F04,TG:e2452da62ea9a450,-12.8984375,1,0.3191666666666667,2.5019506e-06
mendeley/extracted/Bangla Audio Dataset Original and DeepFake Voices for AI-Based Voice Analysis and Detection/Dataset/S4F04/Real/1.wav,0,MEN,MEN-S4F04,TG:b308cb94d5dfc4a0,10.078125,1,0.3874999999999999,0.99995804
mendeley/extracted/Bangla Audio Dataset Original and DeepFake Voices for AI-Based Voice Analysis and Detection/Dataset/S4F04/Real/10.wav,0,MEN,MEN-S4F04,TG:2020febfe4c8e0a6,7.1796875,1,0.3708333333333333,0.9992387
mendeley/extracted/Bangla Audio Dataset Original and DeepFake Voices for AI-Based Voice Analysis and Detection/Dataset/S4F04/Real/11.wav,0,MEN,MEN-S4F04,TG:a8be821a302d38cd,10.15625,1,0.3525,0.99996114
mendeley/extracted/Bangla Audio Dataset Original and DeepFake Voices for AI-Based Voice Analysis and Detection/Dataset/S4F04/Real/12.wav,0,MEN,MEN-S4F04,TG:0ff6798b7b8f0a2b,11.0546875,1,0.3874999999999999,0.99998415
mendeley/extracted/Bangla Audio Dataset Original and DeepFake Voices for AI-Based Voice Analysis and Detection/Dataset/S4F04/Real/13.wav,0,MEN,MEN-S4F04,TG:5d124e03b8cfc083,15.8046875,1,0.4691666666666666,0.9999999
mendeley/extracted/Bangla Audio Dataset Original and DeepFake Voices for AI-Based Voice Analysis and Detection/Dataset/S4F04/Real/14.wav,0,MEN,MEN-S4F04,TG:f328dd5c0d5f4a2c,8.7890625,1,0.3858333333333333,0.99984765
mendeley/extracted/Bangla Audio Dataset Original and DeepFake Voices for AI-Based Voice Analysis and Detection/Dataset/S4F04/Real/15.wav,0,MEN,MEN-S4F04,TG:49d1daab6645e1e5,10.28125,1,0.3525,0.9999658
mendeley/extracted/Bangla Audio Dataset Original and DeepFake Voices for AI-Based Voice Analysis and Detection/Dataset/S4F04/Real/16.wav,0,MEN,MEN-S4F04,TG:ce2c79da90b91549,2.6835938,1,0.4191666666666667,0.9360516
mendeley/extracted/Bangla Audio Dataset Original and DeepFake Voices for AI-Based Voice Analysis and Detection/Dataset/S4F04/Real/17.wav,0,MEN,MEN-S4F04,TG:32f1c06cf5c594b1,11.515625,1,0.4191666666666667,0.99999
mendeley/extracted/Bangla Audio Dataset Original and DeepFake Voices for AI-Based Voice Analysis and Detection/Dataset/S4F04/Real/18.wav,0,MEN,MEN-S4F04,TG:6b67e0c353d9fbd4,7.984375,1,0.4358333333333333,0.9996594
mendeley/extracted/Bangla Audio Dataset Original and DeepFake Voices for AI-Based Voice Analysis and Detection/Dataset/S4F04/Real/19.wav,0,MEN,MEN-S4F04,TG:f47297bbbcd1f91c,6.2226562,1,0.4691666666666666,0.99801993
mendeley/extracted/Bangla Audio Dataset Original and DeepFake Voices for AI-Based Voice Analysis and Detection/Dataset/S4F04/Real/2.wav,0,MEN,MEN-S4F04,TG:c92a6147c79f3f53,8.5234375,1,0.5208333333333333,0.99980134
mendeley/extracted/Bangla Audio Dataset Original and DeepFake Voices for AI-Based Voice Analysis and Detection/Dataset/S4F04/Real/20.wav,0,MEN,MEN-S4F04,TG:47a50d8c770d6a39,2.015625,1,0.4525,0.8824279
mendeley/extracted/Bangla Audio Dataset Original and DeepFake Voices for AI-Based Voice Analysis and Detection/Dataset/S4F04/Real/21.wav,0,MEN,MEN-S4F04,TG:893de1314b339a8c,12.4140625,1,0.5525,0.99999595
mendeley/extracted/Bangla Audio Dataset Original and DeepFake Voices for AI-Based Voice Analysis and Detection/Dataset/S4F04/Real/22.wav,0,MEN,MEN-S4F04,TG:864f70acdceec2a3,9.484375,1,0.4558333333333333,0.99992394
mendeley/extracted/Bangla Audio Dataset Original and DeepFake Voices for AI-Based Voice Analysis and Detection/Dataset/S4F04/Real/23.wav,0,MEN,MEN-S4F04,TG:31716f0cd84a61b8,5.9765625,1,0.4375,0.99746895
mendeley/extracted/Bangla Audio Dataset Original and DeepFake Voices for AI-Based Voice Analysis and Detection/Dataset/S4F04/Real/24.wav,0,MEN,MEN-S4F04,TG:0c684130198edb2b,13.71875,1,0.5708333333333333,0.9999989
mendeley/extracted/Bangla Audio Dataset Original and DeepFake Voices for AI-Based Voice Analysis and Detection/Dataset/S4F04/Real/25.wav,0,MEN,MEN-S4F04,TG:e59cd170ce121cab,11.4296875,1,0.4375,0.99998915
mendeley/extracted/Bangla Audio Dataset Original and DeepFake Voices for AI-Based Voice Analysis and Detection/Dataset/S4F04/Real/26.wav,0,MEN,MEN-S4F04,TG:50530451ab5ea7d4,9.0546875,1,0.4675,0.9998832
mendeley/extracted/Bangla Audio Dataset Original and DeepFake Voices for AI-Based Voice Analysis and Detection/Dataset/S4F04/Real/27.wav,0,MEN,MEN-S4F04,TG:35816fd76b78f5ab,11.296875,1,0.5041666666666667,0.9999876
mendeley/extracted/Bangla Audio Dataset Original and DeepFake Voices for AI-Based Voice Analysis and Detection/Dataset/S4F04/Real/28.wav,0,MEN,MEN-S4F04,TG:83303193a7470159,10.296875,1,0.4858333333333333,0.99996626
mendeley/extracted/Bangla Audio Dataset Original and DeepFake Voices for AI-Based Voice Analysis and Detection/Dataset/S4F04/Real/29.wav,0,MEN,MEN-S4F04,TG:b6465a64cf8af192,15.515625,1,0.4858333333333333,0.99999976
mendeley/extracted/Bangla Audio Dataset Original and DeepFake Voices for AI-Based Voice Analysis and Detection/Dataset/S4F04/Real/3.wav,0,MEN,MEN-S4F04,TG:4ade37a77542fb47,9.859375,1,0.5375,0.9999478
mendeley/extracted/Bangla Audio Dataset Original and DeepFake Voices for AI-Based Voice Analysis and Detection/Dataset/S4F04/Real/30.wav,0,MEN,MEN-S4F04,TG:145a60ed6795d62b,8.625,1,0.4375,0.99982053
mendeley/extracted/Bangla Audio Dataset Original and DeepFake Voices for AI-Based Voice Analysis and Detection/Dataset/S4F04/Real/4.wav,0,MEN,MEN-S4F04,TG:0ca6d8c18f157003,10.5625,1,0.4375,0.99997413
mendeley/extracted/Bangla Audio Dataset Original and DeepFake Voices for AI-Based Voice Analysis and Detection/Dataset/S4F04/Real/5.wav,0,MEN,MEN-S4F04,TG:20ce12eea7577a2b,13.3515625,1,0.4708333333333333,0.99999845
mendeley/extracted/Bangla Audio Dataset Original and DeepFake Voices for AI-Based Voice Analysis and Detection/Dataset/S4F04/Real/6.wav,0,MEN,MEN-S4F04,TG:cb4be92369f4fdeb,11.265625,1,0.3708333333333333,0.99998724
mendeley/extracted/Bangla Audio Dataset Original and DeepFake Voices for AI-Based Voice Analysis and Detection/Dataset/S4F04/Real/7.wav,0,MEN,MEN-S4F04,TG:fd0ac6bb3657230d,11.421875,1,0.3874999999999999,0.99998903
mendeley/extracted/Bangla Audio Dataset Original and DeepFake Voices for AI-Based Voice Analysis and Detection/Dataset/S4F04/Real/8.wav,0,MEN,MEN-S4F04,TG:1afa540d605472d1,6.171875,1,0.4375,0.997917
mendeley/extracted/Bangla Audio Dataset Original and DeepFake Voices for AI-Based Voice Analysis and Detection/Dataset/S4F04/Real/9.wav,0,MEN,MEN-S4F04,TG:e2452da62ea9a450,14.8671875,1,0.3874999999999999,0.99999964
mendeley/extracted/Bangla Audio Dataset Original and DeepFake Voices for AI-Based Voice Analysis and Detection/Dataset/S4F05/Fake/1.wav,1,MEN,MEN-S4F05,TG:b308cb94d5dfc4a0,-6.40625,1,0.4508333333333333,0.001648483
mendeley/extracted/Bangla Audio Dataset Original and DeepFake Voices for AI-Based Voice Analysis and Detection/Dataset/S4F05/Fake/10.wav,1,MEN,MEN-S4F05,TG:2020febfe4c8e0a6,-12.234375,1,0.4508333333333333,4.8604484e-06
mendeley/extracted/Bangla Audio Dataset Original and DeepFake Voices for AI-Based Voice Analysis and Detection/Dataset/S4F05/Fake/11.wav,1,MEN,MEN-S4F05,TG:a8be821a302d38cd,-8.671875,1,0.2941666666666667,0.00017130822
mendeley/extracted/Bangla Audio Dataset Original and DeepFake Voices for AI-Based Voice Analysis and Detection/Dataset/S4F05/Fake/12.wav,1,MEN,MEN-S4F05,TG:0ff6798b7b8f0a2b,-8.390625,1,0.4308333333333333,0.00022693386
mendeley/extracted/Bangla Audio Dataset Original and DeepFake Voices for AI-Based Voice Analysis and Detection/Dataset/S4F05/Fake/13.wav,1,MEN,MEN-S4F05,TG:5d124e03b8cfc083,-11.3203125,1,0.3908333333333333,1.2123987e-05
mendeley/extracted/Bangla Audio Dataset Original and DeepFake Voices for AI-Based Voice Analysis and Detection/Dataset/S4F05/Fake/14.wav,1,MEN,MEN-S4F05,TG:f328dd5c0d5f4a2c,-12.15625,1,0.3675,5.255396e-06
mendeley/extracted/Bangla Audio Dataset Original and DeepFake Voices for AI-Based Voice Analysis and Detection/Dataset/S4F05/Fake/15.wav,1,MEN,MEN-S4F05,TG:49d1daab6645e1e5,-8.4453125,1,0.2375,0.00021485923
mendeley/extracted/Bangla Audio Dataset Original and DeepFake Voices for AI-Based Voice Analysis and Detection/Dataset/S4F05/Fake/16.wav,1,MEN,MEN-S4F05,TG:ce2c79da90b91549,-7.859375,1,0.2341666666666666,0.0003859661
mendeley/extracted/Bangla Audio Dataset Original and DeepFake Voices for AI-Based Voice Analysis and Detection/Dataset/S4F05/Fake/17.wav,1,MEN,MEN-S4F05,TG:32f1c06cf5c594b1,-13.921875,1,0.4191666666666667,8.990961e-07
mendeley/extracted/Bangla Audio Dataset Original and DeepFake Voices for AI-Based Voice Analysis and Detection/Dataset/S4F05/Fake/18.wav,1,MEN,MEN-S4F05,TG:6b67e0c353d9fbd4,-12.0546875,1,0.4041666666666667,5.8171895e-06
mendeley/extracted/Bangla Audio Dataset Original and DeepFake Voices for AI-Based Voice Analysis and Detection/Dataset/S4F05/Fake/19.wav,1,MEN,MEN-S4F05,TG:f47297bbbcd1f91c,-7.9765625,1,0.3874999999999999,0.00034330005
mendeley/extracted/Bangla Audio Dataset Original and DeepFake Voices for AI-Based Voice Analysis and Detection/Dataset/S4F05/Fake/2.wav,1,MEN,MEN-S4F05,TG:c92a6147c79f3f53,-10.203125,1,0.5141666666666667,3.705297e-05
mendeley/extracted/Bangla Audio Dataset Original and DeepFake Voices for AI-Based Voice Analysis and Detection/Dataset/S4F05/Fake/20.wav,1,MEN,MEN-S4F05,TG:47a50d8c770d6a39,-8.796875,1,0.2175,0.00015118199
mendeley/extracted/Bangla Audio Dataset Original and DeepFake Voices for AI-Based Voice Analysis and Detection/Dataset/S4F05/Fake/21.wav,1,MEN,MEN-S4F05,TG:893de1314b339a8c,-8.1484375,1,0.5075000000000001,0.00028910325
mendeley/extracted/Bangla Audio Dataset Original and DeepFake Voices for AI-Based Voice Analysis and Detection/Dataset/S4F05/Fake/22.wav,1,MEN,MEN-S4F05,TG:864f70acdceec2a3,-13.84375,1,0.3958333333333333,9.721546e-07
mendeley/extracted/Bangla Audio Dataset Original and DeepFake Voices for AI-Based Voice Analysis and Detection/Dataset/S4F05/Fake/23.wav,1,MEN,MEN-S4F05,TG:31716f0cd84a61b8,-9.046875,1,0.0808333333333333,0.000117744596
mendeley/extracted/Bangla Audio Dataset Original and DeepFake Voices for AI-Based Voice Analysis and Detection/Dataset/S4F05/Fake/24.wav,1,MEN,MEN-S4F05,TG:0c684130198edb2b,-7.3632812,1,0.5475,0.0006337125
mendeley/extracted/Bangla Audio Dataset Original and DeepFake Voices for AI-Based Voice Analysis and Detection/Dataset/S4F05/Fake/25.wav,1,MEN,MEN-S4F05,TG:e59cd170ce121cab,-9.296875,1,0.2908333333333334,9.1701964e-05
mendeley/extracted/Bangla Audio Dataset Original and DeepFake Voices for AI-Based Voice Analysis and Detection/Dataset/S4F05/Fake/26.wav,1,MEN,MEN-S4F05,TG:50530451ab5ea7d4,-10.28125,1,0.0591666666666667,3.426849e-05
mendeley/extracted/Bangla Audio Dataset Original and DeepFake Voices for AI-Based Voice Analysis and Detection/Dataset/S4F05/Fake/27.wav,1,MEN,MEN-S4F05,TG:35816fd76b78f5ab,-16.484375,1,0.4558333333333333,6.93309e-08
mendeley/extracted/Bangla Audio Dataset Original and DeepFake Voices for AI-Based Voice Analysis and Detection/Dataset/S4F05/Fake/28.wav,1,MEN,MEN-S4F05,TG:83303193a7470159,-14.140625,1,0.1474999999999999,7.2244416e-07
mendeley/extracted/Bangla Audio Dataset Original and DeepFake Voices for AI-Based Voice Analysis and Detection/Dataset/S4F05/Fake/29.wav,1,MEN,MEN-S4F05,TG:b6465a64cf8af192,-0.546875,1,0.4508333333333333,0.36658975
mendeley/extracted/Bangla Audio Dataset Original and DeepFake Voices for AI-Based Voice Analysis and Detection/Dataset/S4F05/Fake/3.wav,1,MEN,MEN-S4F05,TG:4ade37a77542fb47,-8.8203125,1,0.4008333333333334,0.00014768037
mendeley/extracted/Bangla Audio Dataset Original and DeepFake Voices for AI-Based Voice Analysis and Detection/Dataset/S4F05/Fake/30.wav,1,MEN,MEN-S4F05,TG:145a60ed6795d62b,-8.4609375,1,0.4408333333333333,0.00021152887
mendeley/extracted/Bangla Audio Dataset Original and DeepFake Voices for AI-Based Voice Analysis and Detection/Dataset/S4F05/Fake/4.wav,1,MEN,MEN-S4F05,TG:0ca6d8c18f157003,4.1367188,1,0.3974999999999999,0.98427594
mendeley/extracted/Bangla Audio Dataset Original and DeepFake Voices for AI-Based Voice Analysis and Detection/Dataset/S4F05/Fake/5.wav,1,MEN,MEN-S4F05,TG:20ce12eea7577a2b,-13.8046875,1,0.1641666666666666,1.0108807e-06
mendeley/extracted/Bangla Audio Dataset Original and DeepFake Voices for AI-Based Voice Analysis and Detection/Dataset/S4F05/Fake/6.wav,1,MEN,MEN-S4F05,TG:cb4be92369f4fdeb,-5.1640625,1,0.3958333333333333,0.0056859073
mendeley/extracted/Bangla Audio Dataset Original and DeepFake Voices for AI-Based Voice Analysis and Detection/Dataset/S4F05/Fake/7.wav,1,MEN,MEN-S4F05,TG:fd0ac6bb3657230d,-8.75,1,0.3108333333333333,0.00015843622
mendeley/extracted/Bangla Audio Dataset Original and DeepFake Voices for AI-Based Voice Analysis and Detection/Dataset/S4F05/Fake/8.wav,1,MEN,MEN-S4F05,TG:1afa540d605472d1,-8.25,1,0.0474999999999999,0.00026119035
mendeley/extracted/Bangla Audio Dataset Original and DeepFake Voices for AI-Based Voice Analysis and Detection/Dataset/S4F05/Fake/9.wav,1,MEN,MEN-S4F05,TG:e2452da62ea9a450,-9.1796875,1,0.2841666666666667,0.000103102124
mendeley/extracted/Bangla Audio Dataset Original and DeepFake Voices for AI-Based Voice Analysis and Detection/Dataset/S4F05/Real/1.wav,0,MEN,MEN-S4F05,TG:b308cb94d5dfc4a0,11.7734375,1,0.5175000000000001,0.99999225
mendeley/extracted/Bangla Audio Dataset Original and DeepFake Voices for AI-Based Voice Analysis and Detection/Dataset/S4F05/Real/10.wav,0,MEN,MEN-S4F05,TG:2020febfe4c8e0a6,8.1796875,1,0.5508333333333333,0.9997198
mendeley/extracted/Bangla Audio Dataset Original and DeepFake Voices for AI-Based Voice Analysis and Detection/Dataset/S4F05/Real/11.wav,0,MEN,MEN-S4F05,TG:a8be821a302d38cd,10.375,1,0.4008333333333334,0.99996877
mendeley/extracted/Bangla Audio Dataset Original and DeepFake Voices for AI-Based Voice Analysis and Detection/Dataset/S4F05/Real/12.wav,0,MEN,MEN-S4F05,TG:0ff6798b7b8f0a2b,8.6953125,1,0.4008333333333334,0.99983263
mendeley/extracted/Bangla Audio Dataset Original and DeepFake Voices for AI-Based Voice Analysis and Detection/Dataset/S4F05/Real/13.wav,0,MEN,MEN-S4F05,TG:5d124e03b8cfc083,9.0390625,1,0.4175,0.99988127
mendeley/extracted/Bangla Audio Dataset Original and DeepFake Voices for AI-Based Voice Analysis and Detection/Dataset/S4F05/Real/14.wav,0,MEN,MEN-S4F05,TG:f328dd5c0d5f4a2c,11.8671875,1,0.4508333333333333,0.99999297
mendeley/extracted/Bangla Audio Dataset Original and DeepFake Voices for AI-Based Voice Analysis and Detection/Dataset/S4F05/Real/15.wav,0,MEN,MEN-S4F05,TG:49d1daab6645e1e5,11.9765625,1,0.4508333333333333,0.9999937
mendeley/extracted/Bangla Audio Dataset Original and DeepFake Voices for AI-Based Voice Analysis and Detection/Dataset/S4F05/Real/16.wav,0,MEN,MEN-S4F05,TG:ce2c79da90b91549,10.78125,1,0.3508333333333333,0.99997926
mendeley/extracted/Bangla Audio Dataset Original and DeepFake Voices for AI-Based Voice Analysis and Detection/Dataset/S4F05/Real/17.wav,0,MEN,MEN-S4F05,TG:32f1c06cf5c594b1,9.28125,1,0.5175000000000001,0.9999069
mendeley/extracted/Bangla Audio Dataset Original and DeepFake Voices for AI-Based Voice Analysis and Detection/Dataset/S4F05/Real/18.wav,0,MEN,MEN-S4F05,TG:6b67e0c353d9fbd4,10.21875,1,0.4841666666666666,0.9999635
mendeley/extracted/Bangla Audio Dataset Original and DeepFake Voices for AI-Based Voice Analysis and Detection/Dataset/S4F05/Real/19.wav,0,MEN,MEN-S4F05,TG:f47297bbbcd1f91c,9.2890625,1,0.4841666666666666,0.9999076
mendeley/extracted/Bangla Audio Dataset Original and DeepFake Voices for AI-Based Voice Analysis and Detection/Dataset/S4F05/Real/2.wav,0,MEN,MEN-S4F05,TG:c92a6147c79f3f53,7.1835938,1,0.4008333333333334,0.9992417
mendeley/extracted/Bangla Audio Dataset Original and DeepFake Voices for AI-Based Voice Analysis and Detection/Dataset/S4F05/Real/20.wav,0,MEN,MEN-S4F05,TG:47a50d8c770d6a39,7.0546875,1,0.3508333333333333,0.9991374
mendeley/extracted/Bangla Audio Dataset Original and DeepFake Voices for AI-Based Voice Analysis and Detection/Dataset/S4F05/Real/21.wav,0,MEN,MEN-S4F05,TG:893de1314b339a8c,10.34375,1,0.4841666666666666,0.9999678
mendeley/extracted/Bangla Audio Dataset Original and DeepFake Voices for AI-Based Voice Analysis and Detection/Dataset/S4F05/Real/22.wav,0,MEN,MEN-S4F05,TG:864f70acdceec2a3,9.4140625,1,0.3841666666666666,0.99991846
mendeley/extracted/Bangla Audio Dataset Original and DeepFake Voices for AI-Based Voice Analysis and Detection/Dataset/S4F05/Real/23.wav,0,MEN,MEN-S4F05,TG:31716f0cd84a61b8,10.6875,1,0.4341666666666667,0.99997723
mendeley/extracted/Bangla Audio Dataset Original and DeepFake Voices for AI-Based Voice Analysis and Detection/Dataset/S4F05/Real/24.wav,0,MEN,MEN-S4F05,TG:0c684130198edb2b,13.171875,1,0.5675,0.9999981
mendeley/extracted/Bangla Audio Dataset Original and DeepFake Voices for AI-Based Voice Analysis and Detection/Dataset/S4F05/Real/25.wav,0,MEN,MEN-S4F05,TG:e59cd170ce121cab,10.5625,1,0.4008333333333334,0.99997413
mendeley/extracted/Bangla Audio Dataset Original and DeepFake Voices for AI-Based Voice Analysis and Detection/Dataset/S4F05/Real/26.wav,0,MEN,MEN-S4F05,TG:50530451ab5ea7d4,11.2734375,1,0.4675,0.99998724
mendeley/extracted/Bangla Audio Dataset Original and DeepFake Voices for AI-Based Voice Analysis and Detection/Dataset/S4F05/Real/27.wav,0,MEN,MEN-S4F05,TG:35816fd76b78f5ab,11.171875,1,0.4841666666666666,0.99998593
mendeley/extracted/Bangla Audio Dataset Original and DeepFake Voices for AI-Based Voice Analysis and Detection/Dataset/S4F05/Real/28.wav,0,MEN,MEN-S4F05,TG:83303193a7470159,10.53125,1,0.4841666666666666,0.9999733
mendeley/extracted/Bangla Audio Dataset Original and DeepFake Voices for AI-Based Voice Analysis and Detection/Dataset/S4F05/Real/29.wav,0,MEN,MEN-S4F05,TG:b6465a64cf8af192,11.5546875,1,0.5008333333333334,0.99999046
mendeley/extracted/Bangla Audio Dataset Original and DeepFake Voices for AI-Based Voice Analysis and Detection/Dataset/S4F05/Real/3.wav,0,MEN,MEN-S4F05,TG:4ade37a77542fb47,12.9921875,1,0.5341666666666667,0.99999774
mendeley/extracted/Bangla Audio Dataset Original and DeepFake Voices for AI-Based Voice Analysis and Detection/Dataset/S4F05/Real/30.wav,0,MEN,MEN-S4F05,TG:145a60ed6795d62b,7.0507812,1,0.5008333333333334,0.999134
mendeley/extracted/Bangla Audio Dataset Original and DeepFake Voices for AI-Based Voice Analysis and Detection/Dataset/S4F05/Real/4.wav,0,MEN,MEN-S4F05,TG:0ca6d8c18f157003,10.40625,1,0.3841666666666666,0.9999697
mendeley/extracted/Bangla Audio Dataset Original and DeepFake Voices for AI-Based Voice Analysis and Detection/Dataset/S4F05/Real/5.wav,0,MEN,MEN-S4F05,TG:20ce12eea7577a2b,6.8828125,1,0.3675,0.9989759
mendeley/extracted/Bangla Audio Dataset Original and DeepFake Voices for AI-Based Voice Analysis and Detection/Dataset/S4F05/Real/6.wav,0,MEN,MEN-S4F05,TG:cb4be92369f4fdeb,4.7460938,1,0.4508333333333333,0.9913892
mendeley/extracted/Bangla Audio Dataset Original and DeepFake Voices for AI-Based Voice Analysis and Detection/Dataset/S4F05/Real/7.wav,0,MEN,MEN-S4F05,TG:fd0ac6bb3657230d,9.3515625,1,0.4008333333333334,0.9999132
mendeley/extracted/Bangla Audio Dataset Original and DeepFake Voices for AI-Based Voice Analysis and Detection/Dataset/S4F05/Real/8.wav,0,MEN,MEN-S4F05,TG:1afa540d605472d1,9.984375,1,0.4341666666666667,0.99995387
mendeley/extracted/Bangla Audio Dataset Original and DeepFake Voices for AI-Based Voice Analysis and Detection/Dataset/S4F05/Real/9.wav,0,MEN,MEN-S4F05,TG:e2452da62ea9a450,10.3203125,1,0.4508333333333333,0.9999671
mendeley/extracted/Bangla Audio Dataset Original and DeepFake Voices for AI-Based Voice Analysis and Detection/Dataset/S4M01/Fake/1.wav,1,MEN,MEN-S4M01,TG:b308cb94d5dfc4a0,-10.2578125,1,0.2591666666666666,3.5081117e-05
mendeley/extracted/Bangla Audio Dataset Original and DeepFake Voices for AI-Based Voice Analysis and Detection/Dataset/S4M01/Fake/10.wav,1,MEN,MEN-S4M01,TG:2020febfe4c8e0a6,-2.2363281,1,0.4675,0.09653532
mendeley/extracted/Bangla Audio Dataset Original and DeepFake Voices for AI-Based Voice Analysis and Detection/Dataset/S4M01/Fake/11.wav,1,MEN,MEN-S4M01,TG:a8be821a302d38cd,-9.40625,1,0.2108333333333333,8.22019e-05
mendeley/extracted/Bangla Audio Dataset Original and DeepFake Voices for AI-Based Voice Analysis and Detection/Dataset/S4M01/Fake/12.wav,1,MEN,MEN-S4M01,TG:0ff6798b7b8f0a2b,-6.8789062,1,0.3958333333333333,0.0010282109
mendeley/extracted/Bangla Audio Dataset Original and DeepFake Voices for AI-Based Voice Analysis and Detection/Dataset/S4M01/Fake/13.wav,1,MEN,MEN-S4M01,TG:5d124e03b8cfc083,-5.296875,1,0.4741666666666666,0.00498227
mendeley/extracted/Bangla Audio Dataset Original and DeepFake Voices for AI-Based Voice Analysis and Detection/Dataset/S4M01/Fake/14.wav,1,MEN,MEN-S4M01,TG:f328dd5c0d5f4a2c,-17.359375,1,0.2658333333333333,2.8901423e-08
mendeley/extracted/Bangla Audio Dataset Original and DeepFake Voices for AI-Based Voice Analysis and Detection/Dataset/S4M01/Fake/15.wav,1,MEN,MEN-S4M01,TG:49d1daab6645e1e5,-11.7421875,1,0.2241666666666666,7.951139e-06
mendeley/extracted/Bangla Audio Dataset Original and DeepFake Voices for AI-Based Voice Analysis and Detection/Dataset/S4M01/Fake/16.wav,1,MEN,MEN-S4M01,TG:ce2c79da90b91549,0.60058594,1,0.1041666666666666,0.64579034
mendeley/extracted/Bangla Audio Dataset Original and DeepFake Voices for AI-Based Voice Analysis and Detection/Dataset/S4M01/Fake/17.wav,1,MEN,MEN-S4M01,TG:32f1c06cf5c594b1,-8.2734375,1,0.3974999999999999,0.00025514138
mendeley/extracted/Bangla Audio Dataset Original and DeepFake Voices for AI-Based Voice Analysis and Detection/Dataset/S4M01/Fake/18.wav,1,MEN,MEN-S4M01,TG:6b67e0c353d9fbd4,-10.578125,1,0.4308333333333333,2.5466403e-05
mendeley/extracted/Bangla Audio Dataset Original and DeepFake Voices for AI-Based Voice Analysis and Detection/Dataset/S4M01/Fake/19.wav,1,MEN,MEN-S4M01,TG:f47297bbbcd1f91c,-7.2109375,1,0.2075,0.00073791965
mendeley/extracted/Bangla Audio Dataset Original and DeepFake Voices for AI-Based Voice Analysis and Detection/Dataset/S4M01/Fake/2.wav,1,MEN,MEN-S4M01,TG:c92a6147c79f3f53,-10.734375,1,0.4975,2.178265e-05
mendeley/extracted/Bangla Audio Dataset Original and DeepFake Voices for AI-Based Voice Analysis and Detection/Dataset/S4M01/Fake/20.wav,1,MEN,MEN-S4M01,TG:47a50d8c770d6a39,-8.515625,1,0.1775,0.00020027377
mendeley/extracted/Bangla Audio Dataset Original and DeepFake Voices for AI-Based Voice Analysis and Detection/Dataset/S4M01/Fake/21.wav,1,MEN,MEN-S4M01,TG:893de1314b339a8c,-7.015625,1,0.4291666666666667,0.00089693937
mendeley/extracted/Bangla Audio Dataset Original and DeepFake Voices for AI-Based Voice Analysis and Detection/Dataset/S4M01/Fake/22.wav,1,MEN,MEN-S4M01,TG:864f70acdceec2a3,-12.9765625,1,0.1808333333333333,2.3139264e-06
mendeley/extracted/Bangla Audio Dataset Original and DeepFake Voices for AI-Based Voice Analysis and Detection/Dataset/S4M01/Fake/23.wav,1,MEN,MEN-S4M01,TG:31716f0cd84a61b8,-11.4453125,1,0.1374999999999999,1.0699397e-05
mendeley/extracted/Bangla Audio Dataset Original and DeepFake Voices for AI-Based Voice Analysis and Detection/Dataset/S4M01/Fake/24.wav,1,MEN,MEN-S4M01,TG:0c684130198edb2b,-4.9921875,1,0.4775,0.0067449897
mendeley/extracted/Bangla Audio Dataset Original and DeepFake Voices for AI-Based Voice Analysis and Detection/Dataset/S4M01/Fake/25.wav,1,MEN,MEN-S4M01,TG:e59cd170ce121cab,-9.71875,1,0.2341666666666666,6.0141523e-05
mendeley/extracted/Bangla Audio Dataset Original and DeepFake Voices for AI-Based Voice Analysis and Detection/Dataset/S4M01/Fake/26.wav,1,MEN,MEN-S4M01,TG:50530451ab5ea7d4,-13.8125,1,0.1975,1.0030141e-06
mendeley/extracted/Bangla Audio Dataset Original and DeepFake Voices for AI-Based Voice Analysis and Detection/Dataset/S4M01/Fake/27.wav,1,MEN,MEN-S4M01,TG:35816fd76b78f5ab,-5.8632812,1,0.4575,0.00283385
mendeley/extracted/Bangla Audio Dataset Original and DeepFake Voices for AI-Based Voice Analysis and Detection/Dataset/S4M01/Fake/28.wav,1,MEN,MEN-S4M01,TG:83303193a7470159,-17.421875,1,0.1458333333333333,2.7150374e-08
mendeley/extracted/Bangla Audio Dataset Original and DeepFake Voices for AI-Based Voice Analysis and Detection/Dataset/S4M01/Fake/29.wav,1,MEN,MEN-S4M01,TG:b6465a64cf8af192,-3.1503906,1,0.3874999999999999,0.041075893
mendeley/extracted/Bangla Audio Dataset Original and DeepFake Voices for AI-Based Voice Analysis and Detection/Dataset/S4M01/Fake/3.wav,1,MEN,MEN-S4M01,TG:4ade37a77542fb47,-8.7421875,1,0.4208333333333333,0.00015967865
mendeley/extracted/Bangla Audio Dataset Original and DeepFake Voices for AI-Based Voice Analysis and Detection/Dataset/S4M01/Fake/30.wav,1,MEN,MEN-S4M01,TG:145a60ed6795d62b,-11.0546875,1,0.2674999999999999,1.5812602e-05
mendeley/extracted/Bangla Audio Dataset Original and DeepFake Voices for AI-Based Voice Analysis and Detection/Dataset/S4M01/Fake/4.wav,1,MEN,MEN-S4M01,TG:0ca6d8c18f157003,-3.4667969,1,0.0174999999999999,0.03027187
mendeley/extracted/Bangla Audio Dataset Original and DeepFake Voices for AI-Based Voice Analysis and Detection/Dataset/S4M01/Fake/5.wav,1,MEN,MEN-S4M01,TG:20ce12eea7577a2b,-14.78125,2,0.0,3.8070144e-07
mendeley/extracted/Bangla Audio Dataset Original and DeepFake Voices for AI-Based Voice Analysis and Detection/Dataset/S4M01/Fake/6.wav,1,MEN,MEN-S4M01,TG:cb4be92369f4fdeb,-9.3671875,1,0.1591666666666666,8.5476175e-05
mendeley/extracted/Bangla Audio Dataset Original and DeepFake Voices for AI-Based Voice Analysis and Detection/Dataset/S4M01/Fake/7.wav,1,MEN,MEN-S4M01,TG:fd0ac6bb3657230d,-8.640625,1,0.2108333333333333,0.00017674513
mendeley/extracted/Bangla Audio Dataset Original and DeepFake Voices for AI-Based Voice Analysis and Detection/Dataset/S4M01/Fake/8.wav,1,MEN,MEN-S4M01,TG:1afa540d605472d1,-13.515625,1,0.0808333333333333,1.3497025e-06
mendeley/extracted/Bangla Audio Dataset Original and DeepFake Voices for AI-Based Voice Analysis and Detection/Dataset/S4M01/Fake/9.wav,1,MEN,MEN-S4M01,TG:e2452da62ea9a450,-12.4765625,1,0.2208333333333333,3.8150138e-06
mendeley/extracted/Bangla Audio Dataset Original and DeepFake Voices for AI-Based Voice Analysis and Detection/Dataset/S4M01/Real/1.wav,0,MEN,MEN-S4M01,TG:b308cb94d5dfc4a0,-10.9296875,1,0.5125,1.791799e-05
mendeley/extracted/Bangla Audio Dataset Original and DeepFake Voices for AI-Based Voice Analysis and Detection/Dataset/S4M01/Real/10.wav,0,MEN,MEN-S4M01,TG:2020febfe4c8e0a6,-16.09375,1,0.6375,1.0246443e-07
mendeley/extracted/Bangla Audio Dataset Original and DeepFake Voices for AI-Based Voice Analysis and Detection/Dataset/S4M01/Real/11.wav,0,MEN,MEN-S4M01,TG:a8be821a302d38cd,-16.578125,1,0.3974999999999999,6.3126514e-08
mendeley/extracted/Bangla Audio Dataset Original and DeepFake Voices for AI-Based Voice Analysis and Detection/Dataset/S4M01/Real/12.wav,0,MEN,MEN-S4M01,TG:0ff6798b7b8f0a2b,-20.046875,1,0.3725,1.9667665e-09
mendeley/extracted/Bangla Audio Dataset Original and DeepFake Voices for AI-Based Voice Analysis and Detection/Dataset/S4M01/Real/13.wav,0,MEN,MEN-S4M01,TG:5d124e03b8cfc083,-15.1484375,1,0.6825,2.6370424e-07
mendeley/extracted/Bangla Audio Dataset Original and DeepFake Voices for AI-Based Voice Analysis and Detection/Dataset/S4M01/Real/14.wav,0,MEN,MEN-S4M01,TG:f328dd5c0d5f4a2c,-10.7421875,1,0.5325,2.1613141e-05
mendeley/extracted/Bangla Audio Dataset Original and DeepFake Voices for AI-Based Voice Analysis and Detection/Dataset/S4M01/Real/15.wav,0,MEN,MEN-S4M01,TG:49d1daab6645e1e5,-11.2421875,1,0.5808333333333333,1.3109143e-05
mendeley/extracted/Bangla Audio Dataset Original and DeepFake Voices for AI-Based Voice Analysis and Detection/Dataset/S4M01/Real/16.wav,0,MEN,MEN-S4M01,TG:ce2c79da90b91549,-12.703125,1,0.4375,3.0415963e-06
mendeley/extracted/Bangla Audio Dataset Original and DeepFake Voices for AI-Based Voice Analysis and Detection/Dataset/S4M01/Real/17.wav,0,MEN,MEN-S4M01,TG:32f1c06cf5c594b1,-7.4414062,1,0.6375,0.00058611616
mendeley/extracted/Bangla Audio Dataset Original and DeepFake Voices for AI-Based Voice Analysis and Detection/Dataset/S4M01/Real/18.wav,0,MEN,MEN-S4M01,TG:6b67e0c353d9fbd4,-7.6757812,1,0.6191666666666666,0.00046371284
mendeley/extracted/Bangla Audio Dataset Original and DeepFake Voices for AI-Based Voice Analysis and Detection/Dataset/S4M01/Real/19.wav,0,MEN,MEN-S4M01,TG:f47297bbbcd1f91c,-13.453125,1,0.4875,1.4367507e-06
mendeley/extracted/Bangla Audio Dataset Original and DeepFake Voices for AI-Based Voice Analysis and Detection/Dataset/S4M01/Real/2.wav,0,MEN,MEN-S4M01,TG:c92a6147c79f3f53,-11.640625,1,0.4825,8.801101e-06
mendeley/extracted/Bangla Audio Dataset Original and DeepFake Voices for AI-Based Voice Analysis and Detection/Dataset/S4M01/Real/20.wav,0,MEN,MEN-S4M01,TG:47a50d8c770d6a39,-14.5546875,1,0.4675,4.775066e-07
mendeley/extracted/Bangla Audio Dataset Original and DeepFake Voices for AI-Based Voice Analysis and Detection/Dataset/S4M01/Real/21.wav,0,MEN,MEN-S4M01,TG:893de1314b339a8c,-12.171875,1,0.6591666666666667,5.173919e-06
mendeley/extracted/Bangla Audio Dataset Original and DeepFake Voices for AI-Based Voice Analysis and Detection/Dataset/S4M01/Real/22.wav,0,MEN,MEN-S4M01,TG:864f70acdceec2a3,-9.1953125,1,0.4508333333333333,0.000101503836
mendeley/extracted/Bangla Audio Dataset Original and DeepFake Voices for AI-Based Voice Analysis and Detection/Dataset/S4M01/Real/23.wav,0,MEN,MEN-S4M01,TG:31716f0cd84a61b8,-14.1796875,1,0.5008333333333334,6.947678e-07
mendeley/extracted/Bangla Audio Dataset Original and DeepFake Voices for AI-Based Voice Analysis and Detection/Dataset/S4M01/Real/24.wav,0,MEN,MEN-S4M01,TG:0c684130198edb2b,-11.890625,1,0.5675,6.8543172e-06
mendeley/extracted/Bangla Audio Dataset Original and DeepFake Voices for AI-Based Voice Analysis and Detection/Dataset/S4M01/Real/25.wav,0,MEN,MEN-S4M01,TG:e59cd170ce121cab,-7.8789062,1,0.4908333333333333,0.00037850367
mendeley/extracted/Bangla Audio Dataset Original and DeepFake Voices for AI-Based Voice Analysis and Detection/Dataset/S4M01/Real/26.wav,0,MEN,MEN-S4M01,TG:50530451ab5ea7d4,-12.1015625,1,0.5275000000000001,5.550802e-06
mendeley/extracted/Bangla Audio Dataset Original and DeepFake Voices for AI-Based Voice Analysis and Detection/Dataset/S4M01/Real/27.wav,0,MEN,MEN-S4M01,TG:35816fd76b78f5ab,-13.6640625,1,0.5841666666666667,1.1635166e-06
mendeley/extracted/Bangla Audio Dataset Original and DeepFake Voices for AI-Based Voice Analysis and Detection/Dataset/S4M01/Real/28.wav,0,MEN,MEN-S4M01,TG:83303193a7470159,-14.6171875,1,0.4975,4.4857592e-07
mendeley/extracted/Bangla Audio Dataset Original and DeepFake Voices for AI-Based Voice Analysis and Detection/Dataset/S4M01/Real/29.wav,0,MEN,MEN-S4M01,TG:b6465a64cf8af192,-14.4375,1,0.6158333333333333,5.36875e-07
mendeley/extracted/Bangla Audio Dataset Original and DeepFake Voices for AI-Based Voice Analysis and Detection/Dataset/S4M01/Real/3.wav,0,MEN,MEN-S4M01,TG:4ade37a77542fb47,-20.359375,1,0.4558333333333333,1.438917e-09
mendeley/extracted/Bangla Audio Dataset Original and DeepFake Voices for AI-Based Voice Analysis and Detection/Dataset/S4M01/Real/30.wav,0,MEN,MEN-S4M01,TG:145a60ed6795d62b,-13.1484375,1,0.5358333333333334,1.9485221e-06
mendeley/extracted/Bangla Audio Dataset Original and DeepFake Voices for AI-Based Voice Analysis and Detection/Dataset/S4M01/Real/4.wav,0,MEN,MEN-S4M01,TG:0ca6d8c18f157003,-14.390625,1,0.4241666666666667,5.6264014e-07
mendeley/extracted/Bangla Audio Dataset Original and DeepFake Voices for AI-Based Voice Analysis and Detection/Dataset/S4M01/Real/5.wav,0,MEN,MEN-S4M01,TG:20ce12eea7577a2b,-16.921875,1,0.4608333333333333,4.47634e-08
mendeley/extracted/Bangla Audio Dataset Original and DeepFake Voices for AI-Based Voice Analysis and Detection/Dataset/S4M01/Real/6.wav,0,MEN,MEN-S4M01,TG:cb4be92369f4fdeb,-5.6015625,1,0.3591666666666666,0.003678509
mendeley/extracted/Bangla Audio Dataset Original and DeepFake Voices for AI-Based Voice Analysis and Detection/Dataset/S4M01/Real/7.wav,0,MEN,MEN-S4M01,TG:fd0ac6bb3657230d,-13.8671875,1,0.5091666666666667,9.496347e-07
mendeley/extracted/Bangla Audio Dataset Original and DeepFake Voices for AI-Based Voice Analysis and Detection/Dataset/S4M01/Real/8.wav,0,MEN,MEN-S4M01,TG:1afa540d605472d1,-15.65625,1,0.5125,1.5870002e-07
mendeley/extracted/Bangla Audio Dataset Original and DeepFake Voices for AI-Based Voice Analysis and Detection/Dataset/S4M01/Real/9.wav,0,MEN,MEN-S4M01,TG:e2452da62ea9a450,-8.671875,1,0.4858333333333333,0.00017130822
mendeley/extracted/Bangla Audio Dataset Original and DeepFake Voices for AI-Based Voice Analysis and Detection/Dataset/S5F01/Fake/1.wav,1,MEN,MEN-S5F01,TG:4947df796a9b11a7,-12.59375,1,0.2275,3.3931447e-06
mendeley/extracted/Bangla Audio Dataset Original and DeepFake Voices for AI-Based Voice Analysis and Detection/Dataset/S5F01/Fake/10.wav,1,MEN,MEN-S5F01,TG:036cd5375cd345fc,-12.7421875,1,0.3808333333333333,2.925075e-06
mendeley/extracted/Bangla Audio Dataset Original and DeepFake Voices for AI-Based Voice Analysis and Detection/Dataset/S5F01/Fake/11.wav,1,MEN,MEN-S5F01,TG:18828ca74cb29a2e,-15.484375,1,0.2975,1.8846092e-07
mendeley/extracted/Bangla Audio Dataset Original and DeepFake Voices for AI-Based Voice Analysis and Detection/Dataset/S5F01/Fake/12.wav,1,MEN,MEN-S5F01,TG:61fa72b6eaa43ed3,-7.25,1,0.2141666666666666,0.0007096704
mendeley/extracted/Bangla Audio Dataset Original and DeepFake Voices for AI-Based Voice Analysis and Detection/Dataset/S5F01/Fake/13.wav,1,MEN,MEN-S5F01,TG:52639be95d4890ca,1.2011719,1,0.4125,0.7687332
mendeley/extracted/Bangla Audio Dataset Original and DeepFake Voices for AI-Based Voice Analysis and Detection/Dataset/S5F01/Fake/14.wav,1,MEN,MEN-S5F01,TG:8f5971aea28f10b7,-14.609375,1,0.4308333333333333,4.5209413e-07
mendeley/extracted/Bangla Audio Dataset Original and DeepFake Voices for AI-Based Voice Analysis and Detection/Dataset/S5F01/Fake/15.wav,1,MEN,MEN-S5F01,TG:9ee45c5ef51f9754,-8.1484375,1,0.3408333333333333,0.00028910325
mendeley/extracted/Bangla Audio Dataset Original and DeepFake Voices for AI-Based Voice Analysis and Detection/Dataset/S5F01/Fake/16.wav,1,MEN,MEN-S5F01,TG:26a0237539c16b7f,-11.6015625,1,0.2341666666666666,9.151693e-06
mendeley/extracted/Bangla Audio Dataset Original and DeepFake Voices for AI-Based Voice Analysis and Detection/Dataset/S5F01/Fake/17.wav,1,MEN,MEN-S5F01,TG:bcd6cfadd3d9fac9,-9.71875,1,0.3125,6.0141523e-05
mendeley/extracted/Bangla Audio Dataset Original and DeepFake Voices for AI-Based Voice Analysis and Detection/Dataset/S5F01/Fake/18.wav,1,MEN,MEN-S5F01,TG:1a16fd08ceff4f12,-15.5625,1,0.4875,1.7429785e-07
mendeley/extracted/Bangla Audio Dataset Original and DeepFake Voices for AI-Based Voice Analysis and Detection/Dataset/S5F01/Fake/19.wav,1,MEN,MEN-S5F01,TG:c6a569cb1c42dd72,-19.90625,1,0.3891666666666666,2.2637345e-09
mendeley/extracted/Bangla Audio Dataset Original and DeepFake Voices for AI-Based Voice Analysis and Detection/Dataset/S5F01/Fake/2.wav,1,MEN,MEN-S5F01,TG:0248b16eb662828b,-8.5,1,0.4024999999999999,0.00020342699
mendeley/extracted/Bangla Audio Dataset Original and DeepFake Voices for AI-Based Voice Analysis and Detection/Dataset/S5F01/Fake/20.wav,1,MEN,MEN-S5F01,TG:f279b4c95db0b6cc,-13.6796875,1,0.0558333333333332,1.1454779e-06
mendeley/extracted/Bangla Audio Dataset Original and DeepFake Voices for AI-Based Voice Analysis and Detection/Dataset/S5F01/Fake/21.wav,1,MEN,MEN-S5F01,TG:96c0436f4a426d67,-1.9003906,1,0.3658333333333333,0.13006426
mendeley/extracted/Bangla Audio Dataset Original and DeepFake Voices for AI-Based Voice Analysis and Detection/Dataset/S5F01/Fake/22.wav,1,MEN,MEN-S5F01,TG:22d08af6ef894e28,-14.1171875,1,0.2258333333333333,7.395765e-07
mendeley/extracted/Bangla Audio Dataset Original and DeepFake Voices for AI-Based Voice Analysis and Detection/Dataset/S5F01/Fake/23.wav,1,MEN,MEN-S5F01,TG:bb2d38b4a96c681d,-13.4609375,1,0.2941666666666667,1.4255697e-06
mendeley/extracted/Bangla Audio Dataset Original and DeepFake Voices for AI-Based Voice Analysis and Detection/Dataset/S5F01/Fake/24.wav,1,MEN,MEN-S5F01,TG:fe8586f872b894ef,-6.078125,1,0.5025,0.0022872277
mendeley/extracted/Bangla Audio Dataset Original and DeepFake Voices for AI-Based Voice Analysis and Detection/Dataset/S5F01/Fake/25.wav,1,MEN,MEN-S5F01,TG:5dd170d234240c99,-12.828125,1,0.4541666666666667,2.6842006e-06
mendeley/extracted/Bangla Audio Dataset Original and DeepFake Voices for AI-Based Voice Analysis and Detection/Dataset/S5F01/Fake/26.wav,1,MEN,MEN-S5F01,TG:2f3da6ae155e03e8,-12.3671875,1,0.1225,4.255953e-06
mendeley/extracted/Bangla Audio Dataset Original and DeepFake Voices for AI-Based Voice Analysis and Detection/Dataset/S5F01/Fake/27.wav,1,MEN,MEN-S5F01,TG:63c78e03d9938d12,-15.1015625,1,0.3991666666666666,2.7635966e-07
mendeley/extracted/Bangla Audio Dataset Original and DeepFake Voices for AI-Based Voice Analysis and Detection/Dataset/S5F01/Fake/28.wav,1,MEN,MEN-S5F01,TG:152e03b810936dfc,-9.4296875,1,0.3525,8.029784e-05
mendeley/extracted/Bangla Audio Dataset Original and DeepFake Voices for AI-Based Voice Analysis and Detection/Dataset/S5F01/Fake/29.wav,1,MEN,MEN-S5F01,TG:d4b270a54076f01c,0.6484375,1,0.3175,0.65665823
mendeley/extracted/Bangla Audio Dataset Original and DeepFake Voices for AI-Based Voice Analysis and Detection/Dataset/S5F01/Fake/3.wav,1,MEN,MEN-S5F01,TG:d71a97a6a92d9631,-1.5751953,1,0.5091666666666667,0.17147702
mendeley/extracted/Bangla Audio Dataset Original and DeepFake Voices for AI-Based Voice Analysis and Detection/Dataset/S5F01/Fake/30.wav,1,MEN,MEN-S5F01,TG:4d146ddad8824512,-11.3359375,1,0.5341666666666667,1.1936024e-05
mendeley/extracted/Bangla Audio Dataset Original and DeepFake Voices for AI-Based Voice Analysis and Detection/Dataset/S5F01/Fake/4.wav,1,MEN,MEN-S5F01,TG:d0f5a20088e8ff8d,-13.4921875,1,0.3708333333333333,1.3817098e-06
mendeley/extracted/Bangla Audio Dataset Original and DeepFake Voices for AI-Based Voice Analysis and Detection/Dataset/S5F01/Fake/5.wav,1,MEN,MEN-S5F01,TG:c6a1ce68ac716363,-20.921875,1,0.3491666666666666,8.198702e-10
mendeley/extracted/Bangla Audio Dataset Original and DeepFake Voices for AI-Based Voice Analysis and Detection/Dataset/S5F01/Fake/6.wav,1,MEN,MEN-S5F01,TG:5755dcb7f67d4970,-8.09375,1,0.4358333333333333,0.00030534892
mendeley/extracted/Bangla Audio Dataset Original and DeepFake Voices for AI-Based Voice Analysis and Detection/Dataset/S5F01/Fake/7.wav,1,MEN,MEN-S5F01,TG:5f5a81604cedcad9,-9.890625,1,0.3391666666666666,5.0644718e-05
mendeley/extracted/Bangla Audio Dataset Original and DeepFake Voices for AI-Based Voice Analysis and Detection/Dataset/S5F01/Fake/8.wav,1,MEN,MEN-S5F01,TG:24597b348972aafa,-2.2695312,1,0.0658333333333333,0.09367801
mendeley/extracted/Bangla Audio Dataset Original and DeepFake Voices for AI-Based Voice Analysis and Detection/Dataset/S5F01/Fake/9.wav,1,MEN,MEN-S5F01,TG:f35afca6bb05cddb,-11.671875,1,0.4091666666666667,8.530321e-06
mendeley/extracted/Bangla Audio Dataset Original and DeepFake Voices for AI-Based Voice Analysis and Detection/Dataset/S5F01/Real/1.wav,0,MEN,MEN-S5F01,TG:4947df796a9b11a7,-11.9375,1,0.3924999999999999,6.540437e-06
mendeley/extracted/Bangla Audio Dataset Original and DeepFake Voices for AI-Based Voice Analysis and Detection/Dataset/S5F01/Real/10.wav,0,MEN,MEN-S5F01,TG:036cd5375cd345fc,-10.46875,1,0.4991666666666666,2.8409744e-05
mendeley/extracted/Bangla Audio Dataset Original and DeepFake Voices for AI-Based Voice Analysis and Detection/Dataset/S5F01/Real/11.wav,0,MEN,MEN-S5F01,TG:18828ca74cb29a2e,-11.9921875,1,0.3458333333333333,6.192364e-06
mendeley/extracted/Bangla Audio Dataset Original and DeepFake Voices for AI-Based Voice Analysis and Detection/Dataset/S5F01/Real/12.wav,0,MEN,MEN-S5F01,TG:61fa72b6eaa43ed3,-10.0625,1,0.3625,4.2647473e-05
mendeley/extracted/Bangla Audio Dataset Original and DeepFake Voices for AI-Based Voice Analysis and Detection/Dataset/S5F01/Real/13.wav,0,MEN,MEN-S5F01,TG:52639be95d4890ca,-12.90625,1,0.5358333333333334,2.4824799e-06
mendeley/extracted/Bangla Audio Dataset Original and DeepFake Voices for AI-Based Voice Analysis and Detection/Dataset/S5F01/Real/14.wav,0,MEN,MEN-S5F01,TG:8f5971aea28f10b7,-12.6484375,1,0.6525000000000001,3.2125654e-06
mendeley/extracted/Bangla Audio Dataset Original and DeepFake Voices for AI-Based Voice Analysis and Detection/Dataset/S5F01/Real/15.wav,0,MEN,MEN-S5F01,TG:9ee45c5ef51f9754,-14.03125,1,0.3458333333333333,8.059446e-07
mendeley/extracted/Bangla Audio Dataset Original and DeepFake Voices for AI-Based Voice Analysis and Detection/Dataset/S5F01/Real/16.wav,0,MEN,MEN-S5F01,TG:26a0237539c16b7f,-14.265625,1,0.4225,6.3755476e-07
mendeley/extracted/Bangla Audio Dataset Original and DeepFake Voices for AI-Based Voice Analysis and Detection/Dataset/S5F01/Real/17.wav,0,MEN,MEN-S5F01,TG:bcd6cfadd3d9fac9,-14.125,1,0.3641666666666666,7.33821e-07
mendeley/extracted/Bangla Audio Dataset Original and DeepFake Voices for AI-Based Voice Analysis and Detection/Dataset/S5F01/Real/18.wav,0,MEN,MEN-S5F01,TG:1a16fd08ceff4f12,-9.921875,1,0.4725,4.908662e-05
mendeley/extracted/Bangla Audio Dataset Original and DeepFake Voices for AI-Based Voice Analysis and Detection/Dataset/S5F01/Real/19.wav,0,MEN,MEN-S5F01,TG:c6a569cb1c42dd72,-14.6171875,1,0.3325,4.4857592e-07
mendeley/extracted/Bangla Audio Dataset Original and DeepFake Voices for AI-Based Voice Analysis and Detection/Dataset/S5F01/Real/2.wav,0,MEN,MEN-S5F01,TG:0248b16eb662828b,-5.9882812,1,0.5358333333333334,0.0025016966
mendeley/extracted/Bangla Audio Dataset Original and DeepFake Voices for AI-Based Voice Analysis and Detection/Dataset/S5F01/Real/20.wav,0,MEN,MEN-S5F01,TG:f279b4c95db0b6cc,-18.015625,1,0.3091666666666667,1.4993862e-08
mendeley/extracted/Bangla Audio Dataset Original and DeepFake Voices for AI-Based Voice Analysis and Detection/Dataset/S5F01/Real/21.wav,0,MEN,MEN-S5F01,TG:96c0436f4a426d67,-7.1796875,1,0.3191666666666667,0.0007613258
mendeley/extracted/Bangla Audio Dataset Original and DeepFake Voices for AI-Based Voice Analysis and Detection/Dataset/S5F01/Real/22.wav,0,MEN,MEN-S5F01,TG:22d08af6ef894e28,-12.515625,1,0.3491666666666666,3.6688632e-06
mendeley/extracted/Bangla Audio Dataset Original and DeepFake Voices for AI-Based Voice Analysis and Detection/Dataset/S5F01/Real/23.wav,0,MEN,MEN-S5F01,TG:bb2d38b4a96c681d,-15.7109375,1,0.4908333333333333,1.5025415e-07
mendeley/extracted/Bangla Audio Dataset Original and DeepFake Voices for AI-Based Voice Analysis and Detection/Dataset/S5F01/Real/24.wav,0,MEN,MEN-S5F01,TG:fe8586f872b894ef,-8.9609375,1,0.5158333333333334,0.00012830943
mendeley/extracted/Bangla Audio Dataset Original and DeepFake Voices for AI-Based Voice Analysis and Detection/Dataset/S5F01/Real/25.wav,0,MEN,MEN-S5F01,TG:5dd170d234240c99,-12.7578125,1,0.5225,2.8797258e-06
mendeley/extracted/Bangla Audio Dataset Original and DeepFake Voices for AI-Based Voice Analysis and Detection/Dataset/S5F01/Real/26.wav,0,MEN,MEN-S5F01,TG:2f3da6ae155e03e8,-10.2734375,1,0.5008333333333334,3.4537254e-05
mendeley/extracted/Bangla Audio Dataset Original and DeepFake Voices for AI-Based Voice Analysis and Detection/Dataset/S5F01/Real/27.wav,0,MEN,MEN-S5F01,TG:63c78e03d9938d12,-14.34375,1,0.5258333333333334,5.8964184e-07
mendeley/extracted/Bangla Audio Dataset Original and DeepFake Voices for AI-Based Voice Analysis and Detection/Dataset/S5F01/Real/28.wav,0,MEN,MEN-S5F01,TG:152e03b810936dfc,-14.1875,1,0.5691666666666666,6.8936106e-07
mendeley/extracted/Bangla Audio Dataset Original and DeepFake Voices for AI-Based Voice Analysis and Detection/Dataset/S5F01/Real/29.wav,0,MEN,MEN-S5F01,TG:d4b270a54076f01c,-11.453125,1,0.3991666666666666,1.0616136e-05
mendeley/extracted/Bangla Audio Dataset Original and DeepFake Voices for AI-Based Voice Analysis and Detection/Dataset/S5F01/Real/3.wav,0,MEN,MEN-S5F01,TG:d71a97a6a92d9631,-10.375,1,0.5708333333333333,3.120191e-05
mendeley/extracted/Bangla Audio Dataset Original and DeepFake Voices for AI-Based Voice Analysis and Detection/Dataset/S5F01/Real/30.wav,0,MEN,MEN-S5F01,TG:4d146ddad8824512,-14.6640625,1,0.6825,4.2803413e-07
mendeley/extracted/Bangla Audio Dataset Original and DeepFake Voices for AI-Based Voice Analysis and Detection/Dataset/S5F01/Real/4.wav,0,MEN,MEN-S5F01,TG:d0f5a20088e8ff8d,-13.3984375,1,0.6025,1.517511e-06
mendeley/extracted/Bangla Audio Dataset Original and DeepFake Voices for AI-Based Voice Analysis and Detection/Dataset/S5F01/Real/5.wav,0,MEN,MEN-S5F01,TG:c6a1ce68ac716363,-9.8828125,1,0.4658333333333333,5.104191e-05
mendeley/extracted/Bangla Audio Dataset Original and DeepFake Voices for AI-Based Voice Analysis and Detection/Dataset/S5F01/Real/6.wav,0,MEN,MEN-S5F01,TG:5755dcb7f67d4970,-11.296875,1,0.5658333333333334,1.2411497e-05
mendeley/extracted/Bangla Audio Dataset Original and DeepFake Voices for AI-Based Voice Analysis and Detection/Dataset/S5F01/Real/7.wav,0,MEN,MEN-S5F01,TG:5f5a81604cedcad9,-9.203125,1,0.3408333333333333,0.000100713994
mendeley/extracted/Bangla Audio Dataset Original and DeepFake Voices for AI-Based Voice Analysis and Detection/Dataset/S5F01/Real/8.wav,0,MEN,MEN-S5F01,TG:24597b348972aafa,-8.9375,1,0.3491666666666666,0.0001313518
mendeley/extracted/Bangla Audio Dataset Original and DeepFake Voices for AI-Based Voice Analysis and Detection/Dataset/S5F01/Real/9.wav,0,MEN,MEN-S5F01,TG:f35afca6bb05cddb,-8.3984375,1,0.3058333333333333,0.00022516825
mendeley/extracted/Bangla Audio Dataset Original and DeepFake Voices for AI-Based Voice Analysis and Detection/Dataset/S5F03/Fake/1.wav,1,MEN,MEN-S5F03,TG:4947df796a9b11a7,-13.1640625,1,0.2408333333333333,1.918313e-06
mendeley/extracted/Bangla Audio Dataset Original and DeepFake Voices for AI-Based Voice Analysis and Detection/Dataset/S5F03/Fake/10.wav,1,MEN,MEN-S5F03,TG:036cd5375cd345fc,-6.4804688,1,0.4591666666666666,0.001530745
mendeley/extracted/Bangla Audio Dataset Original and DeepFake Voices for AI-Based Voice Analysis and Detection/Dataset/S5F03/Fake/11.wav,1,MEN,MEN-S5F03,TG:18828ca74cb29a2e,-12.4921875,1,0.3708333333333333,3.7558677e-06
mendeley/extracted/Bangla Audio Dataset Original and DeepFake Voices for AI-Based Voice Analysis and Detection/Dataset/S5F03/Fake/12.wav,1,MEN,MEN-S5F03,TG:61fa72b6eaa43ed3,-14.359375,1,0.1558333333333333,5.805003e-07
mendeley/extracted/Bangla Audio Dataset Original and DeepFake Voices for AI-Based Voice Analysis and Detection/Dataset/S5F03/Fake/13.wav,1,MEN,MEN-S5F03,TG:52639be95d4890ca,-7.2460938,1,0.4508333333333333,0.000712446
mendeley/extracted/Bangla Audio Dataset Original and DeepFake Voices for AI-Based Voice Analysis and Detection/Dataset/S5F03/Fake/14.wav,1,MEN,MEN-S5F03,TG:8f5971aea28f10b7,-13.421875,1,0.4275,1.482358e-06
mendeley/extracted/Bangla Audio Dataset Original and DeepFake Voices for AI-Based Voice Analysis and Detection/Dataset/S5F03/Fake/15.wav,1,MEN,MEN-S5F03,TG:9ee45c5ef51f9754,-9.9375,1,0.4125,4.832564e-05
mendeley/extracted/Bangla Audio Dataset Original and DeepFake Voices for AI-Based Voice Analysis and Detection/Dataset/S5F03/Fake/16.wav,1,MEN,MEN-S5F03,TG:26a0237539c16b7f,-4.8671875,1,0.3108333333333333,0.007636217
mendeley/extracted/Bangla Audio Dataset Original and DeepFake Voices for AI-Based Voice Analysis and Detection/Dataset/S5F03/Fake/17.wav,1,MEN,MEN-S5F03,TG:bcd6cfadd3d9fac9,-11.84375,1,0.2791666666666667,7.1832605e-06
mendeley/extracted/Bangla Audio Dataset Original and DeepFake Voices for AI-Based Voice Analysis and Detection/Dataset/S5F03/Fake/18.wav,1,MEN,MEN-S5F03,TG:1a16fd08ceff4f12,-15.8125,1,0.4591666666666666,1.357433e-07
mendeley/extracted/Bangla Audio Dataset Original and DeepFake Voices for AI-Based Voice Analysis and Detection/Dataset/S5F03/Fake/19.wav,1,MEN,MEN-S5F03,TG:c6a569cb1c42dd72,-20.890625,1,0.3508333333333333,8.4589574e-10
mendeley/extracted/Bangla Audio Dataset Original and DeepFake Voices for AI-Based Voice Analysis and Detection/Dataset/S5F03/Fake/2.wav,1,MEN,MEN-S5F03,TG:0248b16eb662828b,-1.5927734,1,0.3341666666666666,0.16899405
mendeley/extracted/Bangla Audio Dataset Original and DeepFake Voices for AI-Based Voice Analysis and Detection/Dataset/S5F03/Fake/20.wav,1,MEN,MEN-S5F03,TG:f279b4c95db0b6cc,-13.1015625,1,0.0841666666666666,2.0420332e-06
mendeley/extracted/Bangla Audio Dataset Original and DeepFake Voices for AI-Based Voice Analysis and Detection/Dataset/S5F03/Fake/21.wav,1,MEN,MEN-S5F03,TG:96c0436f4a426d67,-7.9726562,1,0.4658333333333333,0.0003446432
mendeley/extracted/Bangla Audio Dataset Original and DeepFake Voices for AI-Based Voice Analysis and Detection/Dataset/S5F03/Fake/22.wav,1,MEN,MEN-S5F03,TG:22d08af6ef894e28,-12.4921875,1,0.2441666666666666,3.7558677e-06
mendeley/extracted/Bangla Audio Dataset Original and DeepFake Voices for AI-Based Voice Analysis and Detection/Dataset/S5F03/Fake/23.wav,1,MEN,MEN-S5F03,TG:bb2d38b4a96c681d,-14.203125,1,0.3291666666666667,6.786735e-07
mendeley/extracted/Bangla Audio Dataset Original and DeepFake Voices for AI-Based Voice Analysis and Detection/Dataset/S5F03/Fake/24.wav,1,MEN,MEN-S5F03,TG:fe8586f872b894ef,-14.8359375,1,0.3641666666666666,3.6044088e-07
mendeley/extracted/Bangla Audio Dataset Original and DeepFake Voices for AI-Based Voice Analysis and Detection/Dataset/S5F03/Fake/25.wav,1,MEN,MEN-S5F03,TG:5dd170d234240c99,-6.7421875,1,0.4708333333333333,0.001178672
mendeley/extracted/Bangla Audio Dataset Original and DeepFake Voices for AI-Based Voice Analysis and Detection/Dataset/S5F03/Fake/26.wav,1,MEN,MEN-S5F03,TG:2f3da6ae155e03e8,-15.5078125,1,0.1524999999999999,1.8409523e-07
mendeley/extracted/Bangla Audio Dataset Original and DeepFake Voices for AI-Based Voice Analysis and Detection/Dataset/S5F03/Fake/27.wav,1,MEN,MEN-S5F03,TG:63c78e03d9938d12,-18.140625,1,0.3658333333333333,1.3232036e-08
mendeley/extracted/Bangla Audio Dataset Original and DeepFake Voices for AI-Based Voice Analysis and Detection/Dataset/S5F03/Fake/28.wav,1,MEN,MEN-S5F03,TG:152e03b810936dfc,-11.84375,1,0.4041666666666667,7.1832605e-06
mendeley/extracted/Bangla Audio Dataset Original and DeepFake Voices for AI-Based Voice Analysis and Detection/Dataset/S5F03/Fake/29.wav,1,MEN,MEN-S5F03,TG:d4b270a54076f01c,-15.046875,1,0.1541666666666666,2.9189394e-07
mendeley/extracted/Bangla Audio Dataset Original and DeepFake Voices for AI-Based Voice Analysis and Detection/Dataset/S5F03/Fake/3.wav,1,MEN,MEN-S5F03,TG:d71a97a6a92d9631,-12.03125,1,0.4491666666666667,5.95514e-06
mendeley/extracted/Bangla Audio Dataset Original and DeepFake Voices for AI-Based Voice Analysis and Detection/Dataset/S5F03/Fake/30.wav,1,MEN,MEN-S5F03,TG:4d146ddad8824512,-0.47875977,1,0.5558333333333334,0.38254502
mendeley/extracted/Bangla Audio Dataset Original and DeepFake Voices for AI-Based Voice Analysis and Detection/Dataset/S5F03/Fake/4.wav,1,MEN,MEN-S5F03,TG:d0f5a20088e8ff8d,-11.28125,1,0.4441666666666667,1.2606946e-05
mendeley/extracted/Bangla Audio Dataset Original and DeepFake Voices for AI-Based Voice Analysis and Detection/Dataset/S5F03/Fake/5.wav,1,MEN,MEN-S5F03,TG:c6a1ce68ac716363,-14.3046875,1,0.3741666666666666,6.1313045e-07
mendeley/extracted/Bangla Audio Dataset Original and DeepFake Voices for AI-Based Voice Analysis and Detection/Dataset/S5F03/Fake/6.wav,1,MEN,MEN-S5F03,TG:5755dcb7f67d4970,-8.2890625,1,0.3958333333333333,0.00025118678
mendeley/extracted/Bangla Audio Dataset Original and DeepFake Voices for AI-Based Voice Analysis and Detection/Dataset/S5F03/Fake/7.wav,1,MEN,MEN-S5F03,TG:5f5a81604cedcad9,-7.2421875,1,0.3558333333333333,0.00071523245
mendeley/extracted/Bangla Audio Dataset Original and DeepFake Voices for AI-Based Voice Analysis and Detection/Dataset/S5F03/Fake/8.wav,1,MEN,MEN-S5F03,TG:24597b348972aafa,-9.1953125,1,0.2008333333333333,0.000101503836
mendeley/extracted/Bangla Audio Dataset Original and DeepFake Voices for AI-Based Voice Analysis and Detection/Dataset/S5F03/Fake/9.wav,1,MEN,MEN-S5F03,TG:f35afca6bb05cddb,-13.34375,1,0.3841666666666666,1.602811e-06
mendeley/extracted/Bangla Audio Dataset Original and DeepFake Voices for AI-Based Voice Analysis and Detection/Dataset/S5F03/Real/1.wav,0,MEN,MEN-S5F03,TG:4947df796a9b11a7,-4.7460938,1,0.4008333333333334,0.008610767
mendeley/extracted/Bangla Audio Dataset Original and DeepFake Voices for AI-Based Voice Analysis and Detection/Dataset/S5F03/Real/10.wav,0,MEN,MEN-S5F03,TG:036cd5375cd345fc,1.0859375,1,0.5175000000000001,0.74761593
mendeley/extracted/Bangla Audio Dataset Original and DeepFake Voices for AI-Based Voice Analysis and Detection/Dataset/S5F03/Real/11.wav,0,MEN,MEN-S5F03,TG:18828ca74cb29a2e,-0.5292969,1,0.4341666666666667,0.3706809
mendeley/extracted/Bangla Audio Dataset Original and DeepFake Voices for AI-Based Voice Analysis and Detection/Dataset/S5F03/Real/12.wav,0,MEN,MEN-S5F03,TG:61fa72b6eaa43ed3,4.1640625,1,0.4341666666666667,0.98469365
mendeley/extracted/Bangla Audio Dataset Original and DeepFake Voices for AI-Based Voice Analysis and Detection/Dataset/S5F03/Real/13.wav,0,MEN,MEN-S5F03,TG:52639be95d4890ca,2.5859375,1,0.5341666666666667,0.929951
mendeley/extracted/Bangla Audio Dataset Original and DeepFake Voices for AI-Based Voice Analysis and Detection/Dataset/S5F03/Real/14.wav,0,MEN,MEN-S5F03,TG:8f5971aea28f10b7,5.2929688,1,0.5508333333333333,0.99499834
mendeley/extracted/Bangla Audio Dataset Original and DeepFake Voices for AI-Based Voice Analysis and Detection/Dataset/S5F03/Real/15.wav,0,MEN,MEN-S5F03,TG:9ee45c5ef51f9754,-3.4765625,1,0.4841666666666666,0.029986508
mendeley/extracted/Bangla Audio Dataset Original and DeepFake Voices for AI-Based Voice Analysis and Detection/Dataset/S5F03/Real/16.wav,0,MEN,MEN-S5F03,TG:26a0237539c16b7f,-4.875,1,0.4008333333333334,0.0075772405
mendeley/extracted/Bangla Audio Dataset Original and DeepFake Voices for AI-Based Voice Analysis and Detection/Dataset/S5F03/Real/17.wav,0,MEN,MEN-S5F03,TG:bcd6cfadd3d9fac9,-4.2695312,1,0.4341666666666667,0.013795364
mendeley/extracted/Bangla Audio Dataset Original and DeepFake Voices for AI-Based Voice Analysis and Detection/Dataset/S5F03/Real/18.wav,0,MEN,MEN-S5F03,TG:1a16fd08ceff4f12,-3.5214844,1,0.5675,0.02870708
mendeley/extracted/Bangla Audio Dataset Original and DeepFake Voices for AI-Based Voice Analysis and Detection/Dataset/S5F03/Real/19.wav,0,MEN,MEN-S5F03,TG:c6a569cb1c42dd72,1.6630859,1,0.3508333333333333,0.8406518
mendeley/extracted/Bangla Audio Dataset Original and DeepFake Voices for AI-Based Voice Analysis and Detection/Dataset/S5F03/Real/2.wav,0,MEN,MEN-S5F03,TG:0248b16eb662828b,2.8222656,1,0.3508333333333333,0.94386727
mendeley/extracted/Bangla Audio Dataset Original and DeepFake Voices for AI-Based Voice Analysis and Detection/Dataset/S5F03/Real/20.wav,0,MEN,MEN-S5F03,TG:f279b4c95db0b6cc,-0.5415039,1,0.3675,0.36783785
mendeley/extracted/Bangla Audio Dataset Original and DeepFake Voices for AI-Based Voice Analysis and Detection/Dataset/S5F03/Real/21.wav,0,MEN,MEN-S5F03,TG:96c0436f4a426d67,3.3789062,1,0.3675,0.9670388
mendeley/extracted/Bangla Audio Dataset Original and DeepFake Voices for AI-Based Voice Analysis and Detection/Dataset/S5F03/Real/22.wav,0,MEN,MEN-S5F03,TG:22d08af6ef894e28,1.0517578,1,0.4841666666666666,0.7411123
mendeley/extracted/Bangla Audio Dataset Original and DeepFake Voices for AI-Based Voice Analysis and Detection/Dataset/S5F03/Real/23.wav,0,MEN,MEN-S5F03,TG:bb2d38b4a96c681d,-2.7773438,1,0.3508333333333333,0.058560826
mendeley/extracted/Bangla Audio Dataset Original and DeepFake Voices for AI-Based Voice Analysis and Detection/Dataset/S5F03/Real/24.wav,0,MEN,MEN-S5F03,TG:fe8586f872b894ef,2.3398438,1,0.3508333333333333,0.91212356
mendeley/extracted/Bangla Audio Dataset Original and DeepFake Voices for AI-Based Voice Analysis and Detection/Dataset/S5F03/Real/25.wav,0,MEN,MEN-S5F03,TG:5dd170d234240c99,5.6367188,1,0.4675,0.99644804
mendeley/extracted/Bangla Audio Dataset Original and DeepFake Voices for AI-Based Voice Analysis and Detection/Dataset/S5F03/Real/26.wav,0,MEN,MEN-S5F03,TG:2f3da6ae155e03e8,2.5117188,1,0.4341666666666667,0.92495924
mendeley/extracted/Bangla Audio Dataset Original and DeepFake Voices for AI-Based Voice Analysis and Detection/Dataset/S5F03/Real/27.wav,0,MEN,MEN-S5F03,TG:63c78e03d9938d12,4.6796875,1,0.4841666666666666,0.9908035
mendeley/extracted/Bangla Audio Dataset Original and DeepFake Voices for AI-Based Voice Analysis and Detection/Dataset/S5F03/Real/28.wav,0,MEN,MEN-S5F03,TG:152e03b810936dfc,1.2265625,1,0.5508333333333333,0.77321637
mendeley/extracted/Bangla Audio Dataset Original and DeepFake Voices for AI-Based Voice Analysis and Detection/Dataset/S5F03/Real/29.wav,0,MEN,MEN-S5F03,TG:d4b270a54076f01c,-0.7836914,1,0.4508333333333333,0.31352484
mendeley/extracted/Bangla Audio Dataset Original and DeepFake Voices for AI-Based Voice Analysis and Detection/Dataset/S5F03/Real/3.wav,0,MEN,MEN-S5F03,TG:d71a97a6a92d9631,0.6640625,1,0.4675,0.66017234
mendeley/extracted/Bangla Audio Dataset Original and DeepFake Voices for AI-Based Voice Analysis and Detection/Dataset/S5F03/Real/30.wav,0,MEN,MEN-S5F03,TG:4d146ddad8824512,-0.8745117,1,0.5175000000000001,0.29431635
mendeley/extracted/Bangla Audio Dataset Original and DeepFake Voices for AI-Based Voice Analysis and Detection/Dataset/S5F03/Real/4.wav,0,MEN,MEN-S5F03,TG:d0f5a20088e8ff8d,3.6015625,1,0.4508333333333333,0.97344345
mendeley/extracted/Bangla Audio Dataset Original and DeepFake Voices for AI-Based Voice Analysis and Detection/Dataset/S5F03/Real/5.wav,0,MEN,MEN-S5F03,TG:c6a1ce68ac716363,6.2148438,1,0.3675,0.9980045
mendeley/extracted/Bangla Audio Dataset Original and DeepFake Voices for AI-Based Voice Analysis and Detection/Dataset/S5F03/Real/6.wav,0,MEN,MEN-S5F03,TG:5755dcb7f67d4970,4.4414062,1,0.4341666666666667,0.98835784
mendeley/extracted/Bangla Audio Dataset Original and DeepFake Voices for AI-Based Voice Analysis and Detection/Dataset/S5F03/Real/7.wav,0,MEN,MEN-S5F03,TG:5f5a81604cedcad9,4.8828125,1,0.4008333333333334,0.99248135
mendeley/extracted/Bangla Audio Dataset Original and DeepFake Voices for AI-Based Voice Analysis and Detection/Dataset/S5F03/Real/8.wav,0,MEN,MEN-S5F03,TG:24597b348972aafa,4.9726562,1,0.3508333333333333,0.9931229
mendeley/extracted/Bangla Audio Dataset Original and DeepFake Voices for AI-Based Voice Analysis and Detection/Dataset/S5F03/Real/9.wav,0,MEN,MEN-S5F03,TG:f35afca6bb05cddb,3.3320312,1,0.3675,0.9655115
mendeley/extracted/Bangla Audio Dataset Original and DeepFake Voices for AI-Based Voice Analysis and Detection/Dataset/S5F05/Fake/1.wav,1,MEN,MEN-S5F05,TG:4947df796a9b11a7,-14.4765625,1,0.2091666666666666,5.163077e-07
mendeley/extracted/Bangla Audio Dataset Original and DeepFake Voices for AI-Based Voice Analysis and Detection/Dataset/S5F05/Fake/10.wav,1,MEN,MEN-S5F05,TG:036cd5375cd345fc,-15.171875,1,0.3941666666666666,2.575955e-07
mendeley/extracted/Bangla Audio Dataset Original and DeepFake Voices for AI-Based Voice Analysis and Detection/Dataset/S5F05/Fake/11.wav,1,MEN,MEN-S5F05,TG:18828ca74cb29a2e,-14.9296875,1,0.3125,3.281852e-07
mendeley/extracted/Bangla Audio Dataset Original and DeepFake Voices for AI-Based Voice Analysis and Detection/Dataset/S5F05/Fake/12.wav,1,MEN,MEN-S5F05,TG:61fa72b6eaa43ed3,-12.0703125,1,0.2108333333333333,5.727003e-06
mendeley/extracted/Bangla Audio Dataset Original and DeepFake Voices for AI-Based Voice Analysis and Detection/Dataset/S5F05/Fake/13.wav,1,MEN,MEN-S5F05,TG:52639be95d4890ca,-1.9746094,1,0.4375,0.12189466
mendeley/extracted/Bangla Audio Dataset Original and DeepFake Voices for AI-Based Voice Analysis and Detection/Dataset/S5F05/Fake/14.wav,1,MEN,MEN-S5F05,TG:8f5971aea28f10b7,-12.6796875,1,0.4108333333333334,3.1137256e-06
mendeley/extracted/Bangla Audio Dataset Original and DeepFake Voices for AI-Based Voice Analysis and Detection/Dataset/S5F05/Fake/15.wav,1,MEN,MEN-S5F05,TG:9ee45c5ef51f9754,-0.7114258,1,0.3941666666666666,0.32928386
mendeley/extracted/Bangla Audio Dataset Original and DeepFake Voices for AI-Based Voice Analysis and Detection/Dataset/S5F05/Fake/16.wav,1,MEN,MEN-S5F05,TG:26a0237539c16b7f,-8.015625,1,0.2475,0.00033015275
mendeley/extracted/Bangla Audio Dataset Original and DeepFake Voices for AI-Based Voice Analysis and Detection/Dataset/S5F05/Fake/17.wav,1,MEN,MEN-S5F05,TG:bcd6cfadd3d9fac9,-7.3359375,1,0.2308333333333333,0.0006512683
mendeley/extracted/Bangla Audio Dataset Original and DeepFake Voices for AI-Based Voice Analysis and Detection/Dataset/S5F05/Fake/18.wav,1,MEN,MEN-S5F05,TG:1a16fd08ceff4f12,-13.171875,1,0.4875,1.9033845e-06
mendeley/extracted/Bangla Audio Dataset Original and DeepFake Voices for AI-Based Voice Analysis and Detection/Dataset/S5F05/Fake/19.wav,1,MEN,MEN-S5F05,TG:c6a569cb1c42dd72,-10.6484375,1,0.3858333333333333,2.3737339e-05
mendeley/extracted/Bangla Audio Dataset Original and DeepFake Voices for AI-Based Voice Analysis and Detection/Dataset/S5F05/Fake/2.wav,1,MEN,MEN-S5F05,TG:0248b16eb662828b,-9.125,1,0.3774999999999999,0.00010889691
mendeley/extracted/Bangla Audio Dataset Original and DeepFake Voices for AI-Based Voice Analysis and Detection/Dataset/S5F05/Fake/20.wav,1,MEN,MEN-S5F05,TG:f279b4c95db0b6cc,-14.2890625,1,0.1808333333333333,6.227859e-07
mendeley/extracted/Bangla Audio Dataset Original and DeepFake Voices for AI-Based Voice Analysis and Detection/Dataset/S5F05/Fake/21.wav,1,MEN,MEN-S5F05,TG:96c0436f4a426d67,-6.5273438,1,0.3991666666666666,0.0014607495
mendeley/extracted/Bangla Audio Dataset Original and DeepFake Voices for AI-Based Voice Analysis and Detection/Dataset/S5F05/Fake/22.wav,1,MEN,MEN-S5F05,TG:22d08af6ef894e28,-12.3671875,1,0.2125,4.255953e-06
mendeley/extracted/Bangla Audio Dataset Original and DeepFake Voices for AI-Based Voice Analysis and Detection/Dataset/S5F05/Fake/23.wav,1,MEN,MEN-S5F05,TG:bb2d38b4a96c681d,-7.796875,1,0.3341666666666666,0.00041084853
mendeley/extracted/Bangla Audio Dataset Original and DeepFake Voices for AI-Based Voice Analysis and Detection/Dataset/S5F05/Fake/24.wav,1,MEN,MEN-S5F05,TG:fe8586f872b894ef,-4.2695312,1,0.3341666666666666,0.013795364
mendeley/extracted/Bangla Audio Dataset Original and DeepFake Voices for AI-Based Voice Analysis and Detection/Dataset/S5F05/Fake/25.wav,1,MEN,MEN-S5F05,TG:5dd170d234240c99,-13.3359375,1,0.3841666666666666,1.615382e-06
mendeley/extracted/Bangla Audio Dataset Original and DeepFake Voices for AI-Based Voice Analysis and Detection/Dataset/S5F05/Fake/26.wav,1,MEN,MEN-S5F05,TG:2f3da6ae155e03e8,-11.65625,1,0.1274999999999999,8.664653e-06
mendeley/extracted/Bangla Audio Dataset Original and DeepFake Voices for AI-Based Voice Analysis and Detection/Dataset/S5F05/Fake/27.wav,1,MEN,MEN-S5F05,TG:63c78e03d9938d12,-12.4453125,1,0.2875,3.936115e-06
mendeley/extracted/Bangla Audio Dataset Original and DeepFake Voices for AI-Based Voice Analysis and Detection/Dataset/S5F05/Fake/28.wav,1,MEN,MEN-S5F05,TG:152e03b810936dfc,-13.7421875,1,0.3508333333333333,1.076077e-06
mendeley/extracted/Bangla Audio Dataset Original and DeepFake Voices for AI-Based Voice Analysis and Detection/Dataset/S5F05/Fake/29.wav,1,MEN,MEN-S5F05,TG:d4b270a54076f01c,-0.05102539,1,0.3141666666666667,0.48724642
mendeley/extracted/Bangla Audio Dataset Original and DeepFake Voices for AI-Based Voice Analysis and Detection/Dataset/S5F05/Fake/3.wav,1,MEN,MEN-S5F05,TG:d71a97a6a92d9631,-12.6875,1,0.4358333333333333,3.0894944e-06
mendeley/extracted/Bangla Audio Dataset Original and DeepFake Voices for AI-Based Voice Analysis and Detection/Dataset/S5F05/Fake/30.wav,1,MEN,MEN-S5F05,TG:4d146ddad8824512,6.59375,1,0.5108333333333333,0.99863297
mendeley/extracted/Bangla Audio Dataset Original and DeepFake Voices for AI-Based Voice Analysis and Detection/Dataset/S5F05/Fake/4.wav,1,MEN,MEN-S5F05,TG:d0f5a20088e8ff8d,-8.390625,1,0.4408333333333333,0.00022693386
mendeley/extracted/Bangla Audio Dataset Original and DeepFake Voices for AI-Based Voice Analysis and Detection/Dataset/S5F05/Fake/5.wav,1,MEN,MEN-S5F05,TG:c6a1ce68ac716363,-17.515625,1,0.3858333333333333,2.4720698e-08
mendeley/extracted/Bangla Audio Dataset Original and DeepFake Voices for AI-Based Voice Analysis and Detection/Dataset/S5F05/Fake/6.wav,1,MEN,MEN-S5F05,TG:5755dcb7f67d4970,-12.015625,1,0.3741666666666666,6.0489183e-06
mendeley/extracted/Bangla Audio Dataset Original and DeepFake Voices for AI-Based Voice Analysis and Detection/Dataset/S5F05/Fake/7.wav,1,MEN,MEN-S5F05,TG:5f5a81604cedcad9,-17.390625,1,0.2341666666666666,2.8012218e-08
mendeley/extracted/Bangla Audio Dataset Original and DeepFake Voices for AI-Based Voice Analysis and Detection/Dataset/S5F05/Fake/8.wav,1,MEN,MEN-S5F05,TG:24597b348972aafa,-7.140625,1,0.1541666666666666,0.0007916296
mendeley/extracted/Bangla Audio Dataset Original and DeepFake Voices for AI-Based Voice Analysis and Detection/Dataset/S5F05/Fake/9.wav,1,MEN,MEN-S5F05,TG:f35afca6bb05cddb,-5.7695312,1,0.2958333333333333,0.0031115087
mendeley/extracted/Bangla Audio Dataset Original and DeepFake Voices for AI-Based Voice Analysis and Detection/Dataset/S5F05/Real/1.wav,0,MEN,MEN-S5F05,TG:4947df796a9b11a7,-2.0097656,1,0.3508333333333333,0.11818141
mendeley/extracted/Bangla Audio Dataset Original and DeepFake Voices for AI-Based Voice Analysis and Detection/Dataset/S5F05/Real/10.wav,0,MEN,MEN-S5F05,TG:036cd5375cd345fc,-1.6181641,1,0.3841666666666666,0.16545822
mendeley/extracted/Bangla Audio Dataset Original and DeepFake Voices for AI-Based Voice Analysis and Detection/Dataset/S5F05/Real/11.wav,0,MEN,MEN-S5F05,TG:18828ca74cb29a2e,3.671875,1,0.3508333333333333,0.97520185
mendeley/extracted/Bangla Audio Dataset Original and DeepFake Voices for AI-Based Voice Analysis and Detection/Dataset/S5F05/Real/12.wav,0,MEN,MEN-S5F05,TG:61fa72b6eaa43ed3,6.3359375,1,0.3675,0.9982317
mendeley/extracted/Bangla Audio Dataset Original and DeepFake Voices for AI-Based Voice Analysis and Detection/Dataset/S5F05/Real/13.wav,0,MEN,MEN-S5F05,TG:52639be95d4890ca,2.6835938,1,0.3508333333333333,0.9360516
mendeley/extracted/Bangla Audio Dataset Original and DeepFake Voices for AI-Based Voice Analysis and Detection/Dataset/S5F05/Real/14.wav,0,MEN,MEN-S5F05,TG:8f5971aea28f10b7,2.1894531,1,0.3508333333333333,0.8992984
mendeley/extracted/Bangla Audio Dataset Original and DeepFake Voices for AI-Based Voice Analysis and Detection/Dataset/S5F05/Real/15.wav,0,MEN,MEN-S5F05,TG:9ee45c5ef51f9754,2.7460938,1,0.3675,0.9396923
mendeley/extracted/Bangla Audio Dataset Original and DeepFake Voices for AI-Based Voice Analysis and Detection/Dataset/S5F05/Real/16.wav,0,MEN,MEN-S5F05,TG:26a0237539c16b7f,4.828125,1,0.3841666666666666,0.992062
mendeley/extracted/Bangla Audio Dataset Original and DeepFake Voices for AI-Based Voice Analysis and Detection/Dataset/S5F05/Real/17.wav,0,MEN,MEN-S5F05,TG:bcd6cfadd3d9fac9,5.8789062,1,0.3675,0.99720997
mendeley/extracted/Bangla Audio Dataset Original and DeepFake Voices for AI-Based Voice Analysis and Detection/Dataset/S5F05/Real/18.wav,0,MEN,MEN-S5F05,TG:1a16fd08ceff4f12,5.3320312,1,0.3508333333333333,0.99518895
mendeley/extracted/Bangla Audio Dataset Original and DeepFake Voices for AI-Based Voice Analysis and Detection/Dataset/S5F05/Real/19.wav,0,MEN,MEN-S5F05,TG:c6a569cb1c42dd72,-6.890625,1,0.3675,0.0010162441
mendeley/extracted/Bangla Audio Dataset Original and DeepFake Voices for AI-Based Voice Analysis and Detection/Dataset/S5F05/Real/2.wav,0,MEN,MEN-S5F05,TG:0248b16eb662828b,-7.4101562,1,0.3675,0.00060471025
mendeley/extracted/Bangla Audio Dataset Original and DeepFake Voices for AI-Based Voice Analysis and Detection/Dataset/S5F05/Real/20.wav,0,MEN,MEN-S5F05,TG:f279b4c95db0b6cc,-0.96191406,1,0.3508333333333333,0.27649513
mendeley/extracted/Bangla Audio Dataset Original and DeepFake Voices for AI-Based Voice Analysis and Detection/Dataset/S5F05/Real/21.wav,0,MEN,MEN-S5F05,TG:96c0436f4a426d67,-5.921875,1,0.3841666666666666,0.002673006
mendeley/extracted/Bangla Audio Dataset Original and DeepFake Voices for AI-Based Voice Analysis and Detection/Dataset/S5F05/Real/22.wav,0,MEN,MEN-S5F05,TG:22d08af6ef894e28,3.0722656,1,0.3841666666666666,0.9557341
mendeley/extracted/Bangla Audio Dataset Original and DeepFake Voices for AI-Based Voice Analysis and Detection/Dataset/S5F05/Real/23.wav,0,MEN,MEN-S5F05,TG:bb2d38b4a96c681d,-0.6152344,1,0.3841666666666666,0.35086608
mendeley/extracted/Bangla Audio Dataset Original and DeepFake Voices for AI-Based Voice Analysis and Detection/Dataset/S5F05/Real/24.wav,0,MEN,MEN-S5F05,TG:fe8586f872b894ef,-5.0976562,1,0.4008333333333334,0.0060739345
mendeley/extracted/Bangla Audio Dataset Original and DeepFake Voices for AI-Based Voice Analysis and Detection/Dataset/S5F05/Real/25.wav,0,MEN,MEN-S5F05,TG:5dd170d234240c99,6.4375,1,0.4175,0.9984022
mendeley/extracted/Bangla Audio Dataset Original and DeepFake Voices for AI-Based Voice Analysis and Detection/Dataset/S5F05/Real/26.wav,0,MEN,MEN-S5F05,TG:2f3da6ae155e03e8,-1.2724609,1,0.3675,0.21883628
mendeley/extracted/Bangla Audio Dataset Original and DeepFake Voices for AI-Based Voice Analysis and Detection/Dataset/S5F05/Real/27.wav,0,MEN,MEN-S5F05,TG:63c78e03d9938d12,3.0488281,1,0.3675,0.95473194
mendeley/extracted/Bangla Audio Dataset Original and DeepFake Voices for AI-Based Voice Analysis and Detection/Dataset/S5F05/Real/28.wav,0,MEN,MEN-S5F05,TG:152e03b810936dfc,-0.0072021484,1,0.3675,0.49819946
mendeley/extracted/Bangla Audio Dataset Original and DeepFake Voices for AI-Based Voice Analysis and Detection/Dataset/S5F05/Real/29.wav,0,MEN,MEN-S5F05,TG:d4b270a54076f01c,8.2421875,1,0.3675,0.9997367
mendeley/extracted/Bangla Audio Dataset Original and DeepFake Voices for AI-Based Voice Analysis and Detection/Dataset/S5F05/Real/3.wav,0,MEN,MEN-S5F05,TG:d71a97a6a92d9631,4.6367188,1,0.3508333333333333,0.99040353
mendeley/extracted/Bangla Audio Dataset Original and DeepFake Voices for AI-Based Voice Analysis and Detection/Dataset/S5F05/Real/30.wav,0,MEN,MEN-S5F05,TG:4d146ddad8824512,-0.5732422,1,0.3675,0.36048904
mendeley/extracted/Bangla Audio Dataset Original and DeepFake Voices for AI-Based Voice Analysis and Detection/Dataset/S5F05/Real/4.wav,0,MEN,MEN-S5F05,TG:d0f5a20088e8ff8d,2.9375,1,0.3508333333333333,0.94966936
mendeley/extracted/Bangla Audio Dataset Original and DeepFake Voices for AI-Based Voice Analysis and Detection/Dataset/S5F05/Real/5.wav,0,MEN,MEN-S5F05,TG:c6a1ce68ac716363,4.5195312,1,0.4175,0.98922324
mendeley/extracted/Bangla Audio Dataset Original and DeepFake Voices for AI-Based Voice Analysis and Detection/Dataset/S5F05/Real/6.wav,0,MEN,MEN-S5F05,TG:5755dcb7f67d4970,5.8007812,1,0.3675,0.99698395
mendeley/extracted/Bangla Audio Dataset Original and DeepFake Voices for AI-Based Voice Analysis and Detection/Dataset/S5F05/Real/7.wav,0,MEN,MEN-S5F05,TG:5f5a81604cedcad9,2.4609375,1,0.3675,0.9213576
mendeley/extracted/Bangla Audio Dataset Original and DeepFake Voices for AI-Based Voice Analysis and Detection/Dataset/S5F05/Real/8.wav,0,MEN,MEN-S5F05,TG:24597b348972aafa,-7.6757812,1,0.3508333333333333,0.00046371284
mendeley/extracted/Bangla Audio Dataset Original and DeepFake Voices for AI-Based Voice Analysis and Detection/Dataset/S5F05/Real/9.wav,0,MEN,MEN-S5F05,TG:f35afca6bb05cddb,1.8447266,1,0.3508333333333333,0.86350673
mendeley/extracted/Bangla Audio Dataset Original and DeepFake Voices for AI-Based Voice Analysis and Detection/Dataset/S5M02/Fake/1.wav,1,MEN,MEN-S5M02,TG:4947df796a9b11a7,-9.1796875,1,0.2408333333333333,0.000103102124
mendeley/extracted/Bangla Audio Dataset Original and DeepFake Voices for AI-Based Voice Analysis and Detection/Dataset/S5M02/Fake/10.wav,1,MEN,MEN-S5M02,TG:036cd5375cd345fc,-2.2695312,1,0.4691666666666666,0.09367801
mendeley/extracted/Bangla Audio Dataset Original and DeepFake Voices for AI-Based Voice Analysis and Detection/Dataset/S5M02/Fake/11.wav,1,MEN,MEN-S5M02,TG:18828ca74cb29a2e,-10.78125,1,0.1725,2.0785172e-05
mendeley/extracted/Bangla Audio Dataset Original and DeepFake Voices for AI-Based Voice Analysis and Detection/Dataset/S5M02/Fake/12.wav,1,MEN,MEN-S5M02,TG:61fa72b6eaa43ed3,-7.53125,1,0.1858333333333333,0.00053578056
mendeley/extracted/Bangla Audio Dataset Original and DeepFake Voices for AI-Based Voice Analysis and Detection/Dataset/S5M02/Fake/13.wav,1,MEN,MEN-S5M02,TG:52639be95d4890ca,-6.1054688,1,0.4175,0.002225671
mendeley/extracted/Bangla Audio Dataset Original and DeepFake Voices for AI-Based Voice Analysis and Detection/Dataset/S5M02/Fake/14.wav,1,MEN,MEN-S5M02,TG:8f5971aea28f10b7,-5.3554688,1,0.4241666666666667,0.0047000605
mendeley/extracted/Bangla Audio Dataset Original and DeepFake Voices for AI-Based Voice Analysis and Detection/Dataset/S5M02/Fake/15.wav,1,MEN,MEN-S5M02,TG:9ee45c5ef51f9754,-5.0117188,1,0.4441666666666667,0.0066153924
mendeley/extracted/Bangla Audio Dataset Original and DeepFake Voices for AI-Based Voice Analysis and Detection/Dataset/S5M02/Fake/16.wav,1,MEN,MEN-S5M02,TG:26a0237539c16b7f,-0.16748047,1,0.2425,0.45822752
mendeley/extracted/Bangla Audio Dataset Original and DeepFake Voices for AI-Based Voice Analysis and Detection/Dataset/S5M02/Fake/17.wav,1,MEN,MEN-S5M02,TG:bcd6cfadd3d9fac9,-15.046875,1,0.2558333333333333,2.9189394e-07
mendeley/extracted/Bangla Audio Dataset Original and DeepFake Voices for AI-Based Voice Analysis and Detection/Dataset/S5M02/Fake/18.wav,1,MEN,MEN-S5M02,TG:1a16fd08ceff4f12,8.4140625,1,0.5008333333333334,0.99977833
mendeley/extracted/Bangla Audio Dataset Original and DeepFake Voices for AI-Based Voice Analysis and Detection/Dataset/S5M02/Fake/19.wav,1,MEN,MEN-S5M02,TG:c6a569cb1c42dd72,-15.265625,1,0.2408333333333333,2.3454339e-07
mendeley/extracted/Bangla Audio Dataset Original and DeepFake Voices for AI-Based Voice Analysis and Detection/Dataset/S5M02/Fake/2.wav,1,MEN,MEN-S5M02,TG:0248b16eb662828b,-7.34375,1,0.2941666666666667,0.00064620323
mendeley/extracted/Bangla Audio Dataset Original and DeepFake Voices for AI-Based Voice Analysis and Detection/Dataset/S5M02/Fake/20.wav,1,MEN,MEN-S5M02,TG:f279b4c95db0b6cc,-7.71875,1,0.1791666666666667,0.00044421834
mendeley/extracted/Bangla Audio Dataset Original and DeepFake Voices for AI-Based Voice Analysis and Detection/Dataset/S5M02/Fake/21.wav,1,MEN,MEN-S5M02,TG:96c0436f4a426d67,-9.359375,1,0.2091666666666666,8.6146516e-05
mendeley/extracted/Bangla Audio Dataset Original and DeepFake Voices for AI-Based Voice Analysis and Detection/Dataset/S5M02/Fake/22.wav,1,MEN,MEN-S5M02,TG:22d08af6ef894e28,-16.375,1,0.1825,7.734422e-08
mendeley/extracted/Bangla Audio Dataset Original and DeepFake Voices for AI-Based Voice Analysis and Detection/Dataset/S5M02/Fake/23.wav,1,MEN,MEN-S5M02,TG:bb2d38b4a96c681d,-8.8671875,1,0.1541666666666666,0.00014091855
mendeley/extracted/Bangla Audio Dataset Original and DeepFake Voices for AI-Based Voice Analysis and Detection/Dataset/S5M02/Fake/24.wav,1,MEN,MEN-S5M02,TG:fe8586f872b894ef,-1.6582031,1,0.3291666666666667,0.16000336
mendeley/extracted/Bangla Audio Dataset Original and DeepFake Voices for AI-Based Voice Analysis and Detection/Dataset/S5M02/Fake/25.wav,1,MEN,MEN-S5M02,TG:5dd170d234240c99,-13.515625,1,0.3958333333333333,1.3497025e-06
mendeley/extracted/Bangla Audio Dataset Original and DeepFake Voices for AI-Based Voice Analysis and Detection/Dataset/S5M02/Fake/26.wav,1,MEN,MEN-S5M02,TG:2f3da6ae155e03e8,-5.65625,1,0.2708333333333333,0.0034834242
mendeley/extracted/Bangla Audio Dataset Original and DeepFake Voices for AI-Based Voice Analysis and Detection/Dataset/S5M02/Fake/27.wav,1,MEN,MEN-S5M02,TG:63c78e03d9938d12,-12.109375,1,0.3075,5.5076057e-06
mendeley/extracted/Bangla Audio Dataset Original and DeepFake Voices for AI-Based Voice Analysis and Detection/Dataset/S5M02/Fake/28.wav,1,MEN,MEN-S5M02,TG:152e03b810936dfc,-0.92626953,1,0.4541666666666667,0.28368214
mendeley/extracted/Bangla Audio Dataset Original and DeepFake Voices for AI-Based Voice Analysis and Detection/Dataset/S5M02/Fake/29.wav,1,MEN,MEN-S5M02,TG:d4b270a54076f01c,-7.9921875,1,0.2708333333333333,0.00033797944
mendeley/extracted/Bangla Audio Dataset Original and DeepFake Voices for AI-Based Voice Analysis and Detection/Dataset/S5M02/Fake/3.wav,1,MEN,MEN-S5M02,TG:d71a97a6a92d9631,-10.3984375,1,0.2391666666666666,3.0479145e-05
mendeley/extracted/Bangla Audio Dataset Original and DeepFake Voices for AI-Based Voice Analysis and Detection/Dataset/S5M02/Fake/30.wav,1,MEN,MEN-S5M02,TG:4d146ddad8824512,2.7246094,1,0.4875,0.9384633
mendeley/extracted/Bangla Audio Dataset Original and DeepFake Voices for AI-Based Voice Analysis and Detection/Dataset/S5M02/Fake/4.wav,1,MEN,MEN-S5M02,TG:d0f5a20088e8ff8d,-5.6835938,1,0.5175000000000001,0.0033897832
mendeley/extracted/Bangla Audio Dataset Original and DeepFake Voices for AI-Based Voice Analysis and Detection/Dataset/S5M02/Fake/5.wav,1,MEN,MEN-S5M02,TG:c6a1ce68ac716363,-15.2890625,1,0.2491666666666666,2.2911019e-07
mendeley/extracted/Bangla Audio Dataset Original and DeepFake Voices for AI-Based Voice Analysis and Detection/Dataset/S5M02/Fake/6.wav,1,MEN,MEN-S5M02,TG:5755dcb7f67d4970,-0.8876953,1,0.4391666666666667,0.29158565
mendeley/extracted/Bangla Audio Dataset Original and DeepFake Voices for AI-Based Voice Analysis and Detection/Dataset/S5M02/Fake/7.wav,1,MEN,MEN-S5M02,TG:5f5a81604cedcad9,-9.4765625,1,0.2674999999999999,7.662102e-05
mendeley/extracted/Bangla Audio Dataset Original and DeepFake Voices for AI-Based Voice Analysis and Detection/Dataset/S5M02/Fake/8.wav,1,MEN,MEN-S5M02,TG:24597b348972aafa,-6.7226562,1,0.0591666666666667,0.0012018913
mendeley/extracted/Bangla Audio Dataset Original and DeepFake Voices for AI-Based Voice Analysis and Detection/Dataset/S5M02/Fake/9.wav,1,MEN,MEN-S5M02,TG:f35afca6bb05cddb,-9.0546875,1,0.2558333333333333,0.0001168284
mendeley/extracted/Bangla Audio Dataset Original and DeepFake Voices for AI-Based Voice Analysis and Detection/Dataset/S5M02/Real/1.wav,0,MEN,MEN-S5M02,TG:4947df796a9b11a7,7.1171875,1,0.4175,0.99918956
mendeley/extracted/Bangla Audio Dataset Original and DeepFake Voices for AI-Based Voice Analysis and Detection/Dataset/S5M02/Real/10.wav,0,MEN,MEN-S5M02,TG:036cd5375cd345fc,10.03125,1,0.4841666666666666,0.999956
mendeley/extracted/Bangla Audio Dataset Original and DeepFake Voices for AI-Based Voice Analysis and Detection/Dataset/S5M02/Real/11.wav,0,MEN,MEN-S5M02,TG:18828ca74cb29a2e,9.5703125,1,0.3841666666666666,0.99993026
mendeley/extracted/Bangla Audio Dataset Original and DeepFake Voices for AI-Based Voice Analysis and Detection/Dataset/S5M02/Real/12.wav,0,MEN,MEN-S5M02,TG:61fa72b6eaa43ed3,9.59375,1,0.4508333333333333,0.9999318
mendeley/extracted/Bangla Audio Dataset Original and DeepFake Voices for AI-Based Voice Analysis and Detection/Dataset/S5M02/Real/13.wav,0,MEN,MEN-S5M02,TG:52639be95d4890ca,9.5,1,0.5008333333333334,0.99992514
mendeley/extracted/Bangla Audio Dataset Original and DeepFake Voices for AI-Based Voice Analysis and Detection/Dataset/S5M02/Real/14.wav,0,MEN,MEN-S5M02,TG:8f5971aea28f10b7,1.6445312,1,0.5008333333333334,0.83815056
mendeley/extracted/Bangla Audio Dataset Original and DeepFake Voices for AI-Based Voice Analysis and Detection/Dataset/S5M02/Real/15.wav,0,MEN,MEN-S5M02,TG:9ee45c5ef51f9754,7.6679688,1,0.5341666666666667,0.9995327
mendeley/extracted/Bangla Audio Dataset Original and DeepFake Voices for AI-Based Voice Analysis and Detection/Dataset/S5M02/Real/16.wav,0,MEN,MEN-S5M02,TG:26a0237539c16b7f,4.2109375,1,0.4841666666666666,0.9853843
mendeley/extracted/Bangla Audio Dataset Original and DeepFake Voices for AI-Based Voice Analysis and Detection/Dataset/S5M02/Real/17.wav,0,MEN,MEN-S5M02,TG:bcd6cfadd3d9fac9,4.2226562,1,0.5341666666666667,0.98555213
mendeley/extracted/Bangla Audio Dataset Original and DeepFake Voices for AI-Based Voice Analysis and Detection/Dataset/S5M02/Real/18.wav,0,MEN,MEN-S5M02,TG:1a16fd08ceff4f12,9.6171875,1,0.5341666666666667,0.9999335
mendeley/extracted/Bangla Audio Dataset Original and DeepFake Voices for AI-Based Voice Analysis and Detection/Dataset/S5M02/Real/19.wav,0,MEN,MEN-S5M02,TG:c6a569cb1c42dd72,8.90625,1,0.5008333333333334,0.99986446
mendeley/extracted/Bangla Audio Dataset Original and DeepFake Voices for AI-Based Voice Analysis and Detection/Dataset/S5M02/Real/2.wav,0,MEN,MEN-S5M02,TG:0248b16eb662828b,6.65625,1,0.5341666666666667,0.99871576
mendeley/extracted/Bangla Audio Dataset Original and DeepFake Voices for AI-Based Voice Analysis and Detection/Dataset/S5M02/Real/20.wav,0,MEN,MEN-S5M02,TG:f279b4c95db0b6cc,4.8789062,1,0.5008333333333334,0.9924521
mendeley/extracted/Bangla Audio Dataset Original and DeepFake Voices for AI-Based Voice Analysis and Detection/Dataset/S5M02/Real/21.wav,0,MEN,MEN-S5M02,TG:96c0436f4a426d67,9.0234375,1,0.4841666666666666,0.9998795
mendeley/extracted/Bangla Audio Dataset Original and DeepFake Voices for AI-Based Voice Analysis and Detection/Dataset/S5M02/Real/22.wav,0,MEN,MEN-S5M02,TG:22d08af6ef894e28,3.4453125,1,0.4341666666666667,0.96909106
mendeley/extracted/Bangla Audio Dataset Original and DeepFake Voices for AI-Based Voice Analysis and Detection/Dataset/S5M02/Real/23.wav,0,MEN,MEN-S5M02,TG:bb2d38b4a96c681d,3.6914062,1,0.4341666666666667,0.9756698
mendeley/extracted/Bangla Audio Dataset Original and DeepFake Voices for AI-Based Voice Analysis and Detection/Dataset/S5M02/Real/24.wav,0,MEN,MEN-S5M02,TG:fe8586f872b894ef,11.5,1,0.5008333333333334,0.99998987
mendeley/extracted/Bangla Audio Dataset Original and DeepFake Voices for AI-Based Voice Analysis and Detection/Dataset/S5M02/Real/25.wav,0,MEN,MEN-S5M02,TG:5dd170d234240c99,-1.1191406,1,0.5675,0.24617071
mendeley/extracted/Bangla Audio Dataset Original and DeepFake Voices for AI-Based Voice Analysis and Detection/Dataset/S5M02/Real/26.wav,0,MEN,MEN-S5M02,TG:2f3da6ae155e03e8,4.6992188,1,0.4341666666666667,0.99097973
mendeley/extracted/Bangla Audio Dataset Original and DeepFake Voices for AI-Based Voice Analysis and Detection/Dataset/S5M02/Real/27.wav,0,MEN,MEN-S5M02,TG:63c78e03d9938d12,8.9609375,1,0.4675,0.99987173
mendeley/extracted/Bangla Audio Dataset Original and DeepFake Voices for AI-Based Voice Analysis and Detection/Dataset/S5M02/Real/28.wav,0,MEN,MEN-S5M02,TG:152e03b810936dfc,14.375,1,0.4675,0.9999994
mendeley/extracted/Bangla Audio Dataset Original and DeepFake Voices for AI-Based Voice Analysis and Detection/Dataset/S5M02/Real/29.wav,0,MEN,MEN-S5M02,TG:d4b270a54076f01c,10.71875,1,0.4675,0.9999778
mendeley/extracted/Bangla Audio Dataset Original and DeepFake Voices for AI-Based Voice Analysis and Detection/Dataset/S5M02/Real/3.wav,0,MEN,MEN-S5M02,TG:d71a97a6a92d9631,10.2734375,1,0.4675,0.9999654
mendeley/extracted/Bangla Audio Dataset Original and DeepFake Voices for AI-Based Voice Analysis and Detection/Dataset/S5M02/Real/30.wav,0,MEN,MEN-S5M02,TG:4d146ddad8824512,8.3203125,1,0.4675,0.9997565
mendeley/extracted/Bangla Audio Dataset Original and DeepFake Voices for AI-Based Voice Analysis and Detection/Dataset/S5M02/Real/4.wav,0,MEN,MEN-S5M02,TG:d0f5a20088e8ff8d,6.9140625,1,0.5675,0.9990073
mendeley/extracted/Bangla Audio Dataset Original and DeepFake Voices for AI-Based Voice Analysis and Detection/Dataset/S5M02/Real/5.wav,0,MEN,MEN-S5M02,TG:c6a1ce68ac716363,9.5859375,1,0.4008333333333334,0.99993134
mendeley/extracted/Bangla Audio Dataset Original and DeepFake Voices for AI-Based Voice Analysis and Detection/Dataset/S5M02/Real/6.wav,0,MEN,MEN-S5M02,TG:5755dcb7f67d4970,9.96875,1,0.5341666666666667,0.99995315
mendeley/extracted/Bangla Audio Dataset Original and DeepFake Voices for AI-Based Voice Analysis and Detection/Dataset/S5M02/Real/7.wav,0,MEN,MEN-S5M02,TG:5f5a81604cedcad9,8.6015625,1,0.3841666666666666,0.99981624
mendeley/extracted/Bangla Audio Dataset Original and DeepFake Voices for AI-Based Voice Analysis and Detection/Dataset/S5M02/Real/8.wav,0,MEN,MEN-S5M02,TG:24597b348972aafa,9.3046875,1,0.3175,0.99990904
mendeley/extracted/Bangla Audio Dataset Original and DeepFake Voices for AI-Based Voice Analysis and Detection/Dataset/S5M02/Real/9.wav,0,MEN,MEN-S5M02,TG:f35afca6bb05cddb,10.1484375,1,0.4175,0.9999609
mendeley/extracted/Bangla Audio Dataset Original and DeepFake Voices for AI-Based Voice Analysis and Detection/Dataset/S5M04/Fake/1.wav,1,MEN,MEN-S5M04,TG:4947df796a9b11a7,-12.109375,1,0.2125,5.5076057e-06
mendeley/extracted/Bangla Audio Dataset Original and DeepFake Voices for AI-Based Voice Analysis and Detection/Dataset/S5M04/Fake/10.wav,1,MEN,MEN-S5M04,TG:036cd5375cd345fc,-8.421875,1,0.4708333333333333,0.00021995336
mendeley/extracted/Bangla Audio Dataset Original and DeepFake Voices for AI-Based Voice Analysis and Detection/Dataset/S5M04/Fake/11.wav,1,MEN,MEN-S5M04,TG:18828ca74cb29a2e,-8.7734375,1,0.2574999999999999,0.00015476662
mendeley/extracted/Bangla Audio Dataset Original and DeepFake Voices for AI-Based Voice Analysis and Detection/Dataset/S5M04/Fake/12.wav,1,MEN,MEN-S5M04,TG:61fa72b6eaa43ed3,-13.3203125,1,0.1741666666666667,1.6408203e-06
mendeley/extracted/Bangla Audio Dataset Original and DeepFake Voices for AI-Based Voice Analysis and Detection/Dataset/S5M04/Fake/13.wav,1,MEN,MEN-S5M04,TG:52639be95d4890ca,-5.7851562,1,0.4491666666666667,0.0030634166
mendeley/extracted/Bangla Audio Dataset Original and DeepFake Voices for AI-Based Voice Analysis and Detection/Dataset/S5M04/Fake/14.wav,1,MEN,MEN-S5M04,TG:8f5971aea28f10b7,-9.4609375,1,0.3874999999999999,7.782753e-05
mendeley/extracted/Bangla Audio Dataset Original and DeepFake Voices for AI-Based Voice Analysis and Detection/Dataset/S5M04/Fake/15.wav,1,MEN,MEN-S5M04,TG:9ee45c5ef51f9754,-8.46875,1,0.4341666666666667,0.0002098831
mendeley/extracted/Bangla Audio Dataset Original and DeepFake Voices for AI-Based Voice Analysis and Detection/Dataset/S5M04/Fake/16.wav,1,MEN,MEN-S5M04,TG:26a0237539c16b7f,-5.7265625,1,0.2308333333333333,0.0032476764
mendeley/extracted/Bangla Audio Dataset Original and DeepFake Voices for AI-Based Voice Analysis and Detection/Dataset/S5M04/Fake/17.wav,1,MEN,MEN-S5M04,TG:bcd6cfadd3d9fac9,-8.1328125,1,0.2341666666666666,0.00029365462
mendeley/extracted/Bangla Audio Dataset Original and DeepFake Voices for AI-Based Voice Analysis and Detection/Dataset/S5M04/Fake/18.wav,1,MEN,MEN-S5M04,TG:1a16fd08ceff4f12,-10.9375,1,0.5308333333333333,1.7778553e-05
mendeley/extracted/Bangla Audio Dataset Original and DeepFake Voices for AI-Based Voice Analysis and Detection/Dataset/S5M04/Fake/19.wav,1,MEN,MEN-S5M04,TG:c6a569cb1c42dd72,-11.1953125,1,0.2524999999999999,1.3738256e-05
mendeley/extracted/Bangla Audio Dataset Original and DeepFake Voices for AI-Based Voice Analysis and Detection/Dataset/S5M04/Fake/2.wav,1,MEN,MEN-S5M04,TG:0248b16eb662828b,-9.9765625,1,0.2624999999999999,4.6474393e-05
mendeley/extracted/Bangla Audio Dataset Original and DeepFake Voices for AI-Based Voice Analysis and Detection/Dataset/S5M04/Fake/20.wav,1,MEN,MEN-S5M04,TG:f279b4c95db0b6cc,-8.2265625,1,0.1608333333333333,0.00026738262
mendeley/extracted/Bangla Audio Dataset Original and DeepFake Voices for AI-Based Voice Analysis and Detection/Dataset/S5M04/Fake/21.wav,1,MEN,MEN-S5M04,TG:96c0436f4a426d67,-1.1767578,1,0.2908333333333334,0.23563564
mendeley/extracted/Bangla Audio Dataset Original and DeepFake Voices for AI-Based Voice Analysis and Detection/Dataset/S5M04/Fake/22.wav,1,MEN,MEN-S5M04,TG:22d08af6ef894e28,-10.0859375,1,0.1875,4.165958e-05
mendeley/extracted/Bangla Audio Dataset Original and DeepFake Voices for AI-Based Voice Analysis and Detection/Dataset/S5M04/Fake/23.wav,1,MEN,MEN-S5M04,TG:bb2d38b4a96c681d,-12.21875,1,0.1374999999999999,4.936989e-06
mendeley/extracted/Bangla Audio Dataset Original and DeepFake Voices for AI-Based Voice Analysis and Detection/Dataset/S5M04/Fake/24.wav,1,MEN,MEN-S5M04,TG:fe8586f872b894ef,-15.7265625,1,0.4841666666666666,1.4792468e-07
mendeley/extracted/Bangla Audio Dataset Original and DeepFake Voices for AI-Based Voice Analysis and Detection/Dataset/S5M04/Fake/25.wav,1,MEN,MEN-S5M04,TG:5dd170d234240c99,-10.875,1,0.3141666666666667,1.8925148e-05
mendeley/extracted/Bangla Audio Dataset Original and DeepFake Voices for AI-Based Voice Analysis and Detection/Dataset/S5M04/Fake/26.wav,1,MEN,MEN-S5M04,TG:2f3da6ae155e03e8,-10.875,1,0.1908333333333333,1.8925148e-05
mendeley/extracted/Bangla Audio Dataset Original and DeepFake Voices for AI-Based Voice Analysis and Detection/Dataset/S5M04/Fake/27.wav,1,MEN,MEN-S5M04,TG:63c78e03d9938d12,-12.6015625,1,0.2341666666666666,3.366739e-06
mendeley/extracted/Bangla Audio Dataset Original and DeepFake Voices for AI-Based Voice Analysis and Detection/Dataset/S5M04/Fake/28.wav,1,MEN,MEN-S5M04,TG:152e03b810936dfc,2.7851562,1,0.3841666666666666,0.9418684
mendeley/extracted/Bangla Audio Dataset Original and DeepFake Voices for AI-Based Voice Analysis and Detection/Dataset/S5M04/Fake/29.wav,1,MEN,MEN-S5M04,TG:d4b270a54076f01c,-5.8515625,1,0.3758333333333333,0.0028671585
mendeley/extracted/Bangla Audio Dataset Original and DeepFake Voices for AI-Based Voice Analysis and Detection/Dataset/S5M04/Fake/3.wav,1,MEN,MEN-S5M04,TG:d71a97a6a92d9631,-7.3867188,1,0.2891666666666667,0.0006190417
mendeley/extracted/Bangla Audio Dataset Original and DeepFake Voices for AI-Based Voice Analysis and Detection/Dataset/S5M04/Fake/30.wav,1,MEN,MEN-S5M04,TG:4d146ddad8824512,-14.84375,1,0.4825,3.5763594e-07
mendeley/extracted/Bangla Audio Dataset Original and DeepFake Voices for AI-Based Voice Analysis and Detection/Dataset/S5M04/Fake/4.wav,1,MEN,MEN-S5M04,TG:d0f5a20088e8ff8d,-7.984375,1,0.4791666666666666,0.00034062934
mendeley/extracted/Bangla Audio Dataset Original and DeepFake Voices for AI-Based Voice Analysis and Detection/Dataset/S5M04/Fake/5.wav,1,MEN,MEN-S5M04,TG:c6a1ce68ac716363,-14.890625,1,0.3108333333333333,3.4125858e-07
mendeley/extracted/Bangla Audio Dataset Original and DeepFake Voices for AI-Based Voice Analysis and Detection/Dataset/S5M04/Fake/6.wav,1,MEN,MEN-S5M04,TG:5755dcb7f67d4970,-9.1015625,1,0.3941666666666666,0.00011147904
mendeley/extracted/Bangla Audio Dataset Original and DeepFake Voices for AI-Based Voice Analysis and Detection/Dataset/S5M04/Fake/7.wav,1,MEN,MEN-S5M04,TG:5f5a81604cedcad9,-8.1953125,1,0.2975,0.0002758679
mendeley/extracted/Bangla Audio Dataset Original and DeepFake Voices for AI-Based Voice Analysis and Detection/Dataset/S5M04/Fake/8.wav,1,MEN,MEN-S5M04,TG:24597b348972aafa,-10.03125,1,0.1841666666666667,4.4001183e-05
mendeley/extracted/Bangla Audio Dataset Original and DeepFake Voices for AI-Based Voice Analysis and Detection/Dataset/S5M04/Fake/9.wav,1,MEN,MEN-S5M04,TG:f35afca6bb05cddb,-7.71875,1,0.2475,0.00044421834
mendeley/extracted/Bangla Audio Dataset Original and DeepFake Voices for AI-Based Voice Analysis and Detection/Dataset/S5M04/Real/1.wav,0,MEN,MEN-S5M04,TG:4947df796a9b11a7,12.9140625,1,0.4341666666666667,0.9999975
mendeley/extracted/Bangla Audio Dataset Original and DeepFake Voices for AI-Based Voice Analysis and Detection/Dataset/S5M04/Real/10.wav,0,MEN,MEN-S5M04,TG:036cd5375cd345fc,12.03125,1,0.4341666666666667,0.99999404
mendeley/extracted/Bangla Audio Dataset Original and DeepFake Voices for AI-Based Voice Analysis and Detection/Dataset/S5M04/Real/11.wav,0,MEN,MEN-S5M04,TG:18828ca74cb29a2e,11.78125,1,0.4008333333333334,0.9999924
mendeley/extracted/Bangla Audio Dataset Original and DeepFake Voices for AI-Based Voice Analysis and Detection/Dataset/S5M04/Real/12.wav,0,MEN,MEN-S5M04,TG:61fa72b6eaa43ed3,12.5546875,1,0.4175,0.9999964
mendeley/extracted/Bangla Audio Dataset Original and DeepFake Voices for AI-Based Voice Analysis and Detection/Dataset/S5M04/Real/13.wav,0,MEN,MEN-S5M04,TG:52639be95d4890ca,13.375,1,0.4341666666666667,0.99999845
mendeley/extracted/Bangla Audio Dataset Original and DeepFake Voices for AI-Based Voice Analysis and Detection/Dataset/S5M04/Real/14.wav,0,MEN,MEN-S5M04,TG:8f5971aea28f10b7,13.65625,1,0.4341666666666667,0.9999988
mendeley/extracted/Bangla Audio Dataset Original and DeepFake Voices for AI-Based Voice Analysis and Detection/Dataset/S5M04/Real/15.wav,0,MEN,MEN-S5M04,TG:9ee45c5ef51f9754,13.5234375,1,0.4341666666666667,0.9999987
mendeley/extracted/Bangla Audio Dataset Original and DeepFake Voices for AI-Based Voice Analysis and Detection/Dataset/S5M04/Real/16.wav,0,MEN,MEN-S5M04,TG:26a0237539c16b7f,9.1796875,1,0.3675,0.9998969
mendeley/extracted/Bangla Audio Dataset Original and DeepFake Voices for AI-Based Voice Analysis and Detection/Dataset/S5M04/Real/17.wav,0,MEN,MEN-S5M04,TG:bcd6cfadd3d9fac9,14.75,1,0.3675,0.99999964
mendeley/extracted/Bangla Audio Dataset Original and DeepFake Voices for AI-Based Voice Analysis and Detection/Dataset/S5M04/Real/18.wav,0,MEN,MEN-S5M04,TG:1a16fd08ceff4f12,13.8828125,1,0.4841666666666666,0.99999905
mendeley/extracted/Bangla Audio Dataset Original and DeepFake Voices for AI-Based Voice Analysis and Detection/Dataset/S5M04/Real/19.wav,0,MEN,MEN-S5M04,TG:c6a569cb1c42dd72,11.609375,1,0.4175,0.99999094
mendeley/extracted/Bangla Audio Dataset Original and DeepFake Voices for AI-Based Voice Analysis and Detection/Dataset/S5M04/Real/2.wav,0,MEN,MEN-S5M04,TG:0248b16eb662828b,12.234375,1,0.3508333333333333,0.9999951
mendeley/extracted/Bangla Audio Dataset Original and DeepFake Voices for AI-Based Voice Analysis and Detection/Dataset/S5M04/Real/20.wav,0,MEN,MEN-S5M04,TG:f279b4c95db0b6cc,15.2265625,1,0.4008333333333334,0.99999976
mendeley/extracted/Bangla Audio Dataset Original and DeepFake Voices for AI-Based Voice Analysis and Detection/Dataset/S5M04/Real/21.wav,0,MEN,MEN-S5M04,TG:96c0436f4a426d67,12.71875,1,0.3508333333333333,0.999997
mendeley/extracted/Bangla Audio Dataset Original and DeepFake Voices for AI-Based Voice Analysis and Detection/Dataset/S5M04/Real/22.wav,0,MEN,MEN-S5M04,TG:22d08af6ef894e28,10.375,1,0.4008333333333334,0.99996877
mendeley/extracted/Bangla Audio Dataset Original and DeepFake Voices for AI-Based Voice Analysis and Detection/Dataset/S5M04/Real/23.wav,0,MEN,MEN-S5M04,TG:bb2d38b4a96c681d,12.234375,1,0.4341666666666667,0.9999951
mendeley/extracted/Bangla Audio Dataset Original and DeepFake Voices for AI-Based Voice Analysis and Detection/Dataset/S5M04/Real/24.wav,0,MEN,MEN-S5M04,TG:fe8586f872b894ef,12.078125,1,0.4841666666666666,0.9999943
mendeley/extracted/Bangla Audio Dataset Original and DeepFake Voices for AI-Based Voice Analysis and Detection/Dataset/S5M04/Real/25.wav,0,MEN,MEN-S5M04,TG:5dd170d234240c99,11.953125,1,0.3508333333333333,0.99999356
mendeley/extracted/Bangla Audio Dataset Original and DeepFake Voices for AI-Based Voice Analysis and Detection/Dataset/S5M04/Real/26.wav,0,MEN,MEN-S5M04,TG:2f3da6ae155e03e8,12.109375,1,0.4341666666666667,0.9999945
mendeley/extracted/Bangla Audio Dataset Original and DeepFake Voices for AI-Based Voice Analysis and Detection/Dataset/S5M04/Real/27.wav,0,MEN,MEN-S5M04,TG:63c78e03d9938d12,13.046875,1,0.3841666666666666,0.99999785
mendeley/extracted/Bangla Audio Dataset Original and DeepFake Voices for AI-Based Voice Analysis and Detection/Dataset/S5M04/Real/28.wav,0,MEN,MEN-S5M04,TG:152e03b810936dfc,13.703125,1,0.4175,0.9999989
mendeley/extracted/Bangla Audio Dataset Original and DeepFake Voices for AI-Based Voice Analysis and Detection/Dataset/S5M04/Real/29.wav,0,MEN,MEN-S5M04,TG:d4b270a54076f01c,12.125,1,0.4508333333333333,0.99999464
mendeley/extracted/Bangla Audio Dataset Original and DeepFake Voices for AI-Based Voice Analysis and Detection/Dataset/S5M04/Real/3.wav,0,MEN,MEN-S5M04,TG:d71a97a6a92d9631,9.8203125,1,0.3508333333333333,0.99994564
mendeley/extracted/Bangla Audio Dataset Original and DeepFake Voices for AI-Based Voice Analysis and Detection/Dataset/S5M04/Real/30.wav,0,MEN,MEN-S5M04,TG:4d146ddad8824512,13.2890625,1,0.5008333333333334,0.99999833
mendeley/extracted/Bangla Audio Dataset Original and DeepFake Voices for AI-Based Voice Analysis and Detection/Dataset/S5M04/Real/4.wav,0,MEN,MEN-S5M04,TG:d0f5a20088e8ff8d,13.625,1,0.5008333333333334,0.9999988
mendeley/extracted/Bangla Audio Dataset Original and DeepFake Voices for AI-Based Voice Analysis and Detection/Dataset/S5M04/Real/5.wav,0,MEN,MEN-S5M04,TG:c6a1ce68ac716363,10.6640625,1,0.4175,0.99997663
mendeley/extracted/Bangla Audio Dataset Original and DeepFake Voices for AI-Based Voice Analysis and Detection/Dataset/S5M04/Real/6.wav,0,MEN,MEN-S5M04,TG:5755dcb7f67d4970,12.1015625,1,0.4675,0.9999944
mendeley/extracted/Bangla Audio Dataset Original and DeepFake Voices for AI-Based Voice Analysis and Detection/Dataset/S5M04/Real/7.wav,0,MEN,MEN-S5M04,TG:5f5a81604cedcad9,11.640625,1,0.4675,0.9999912
mendeley/extracted/Bangla Audio Dataset Original and DeepFake Voices for AI-Based Voice Analysis and Detection/Dataset/S5M04/Real/8.wav,0,MEN,MEN-S5M04,TG:24597b348972aafa,12.3125,1,0.3841666666666666,0.99999547
mendeley/extracted/Bangla Audio Dataset Original and DeepFake Voices for AI-Based Voice Analysis and Detection/Dataset/S5M04/Real/9.wav,0,MEN,MEN-S5M04,TG:f35afca6bb05cddb,13.3203125,1,0.3508333333333333,0.99999833
mendeley/extracted/Bangla Audio Dataset Original and DeepFake Voices for AI-Based Voice Analysis and Detection/Dataset/S6F03/Fake/1.wav,1,MEN,MEN-S6F03,TG:68335bcc60eb3cac,-10.484375,1,0.5175000000000001,2.7969301e-05
mendeley/extracted/Bangla Audio Dataset Original and DeepFake Voices for AI-Based Voice Analysis and Detection/Dataset/S6F03/Fake/10.wav,1,MEN,MEN-S6F03,TG:e15f93590e7860a4,-6.4101562,1,0.3608333333333333,0.0016420668
mendeley/extracted/Bangla Audio Dataset Original and DeepFake Voices for AI-Based Voice Analysis and Detection/Dataset/S6F03/Fake/11.wav,1,MEN,MEN-S6F03,TG:d013e21519294471,-8.1640625,1,0.4175,0.0002846224
mendeley/extracted/Bangla Audio Dataset Original and DeepFake Voices for AI-Based Voice Analysis and Detection/Dataset/S6F03/Fake/12.wav,1,MEN,MEN-S6F03,TG:36bbea584b595983,-15.203125,1,0.3874999999999999,2.4967014e-07
mendeley/extracted/Bangla Audio Dataset Original and DeepFake Voices for AI-Based Voice Analysis and Detection/Dataset/S6F03/Fake/13.wav,1,MEN,MEN-S6F03,TG:448ba8616f75dbd9,-10.3125,1,0.4875,3.3214194e-05
mendeley/extracted/Bangla Audio Dataset Original and DeepFake Voices for AI-Based Voice Analysis and Detection/Dataset/S6F03/Fake/14.wav,1,MEN,MEN-S6F03,TG:fccde5258a724e5b,-10.5078125,1,0.2041666666666667,2.7321414e-05
mendeley/extracted/Bangla Audio Dataset Original and DeepFake Voices for AI-Based Voice Analysis and Detection/Dataset/S6F03/Fake/15.wav,1,MEN,MEN-S6F03,TG:153cebedfe6b30fd,-3.0527344,1,0.3874999999999999,0.04509957
mendeley/extracted/Bangla Audio Dataset Original and DeepFake Voices for AI-Based Voice Analysis and Detection/Dataset/S6F03/Fake/16.wav,1,MEN,MEN-S6F03,TG:5c7003922e4c7b58,-6.4335938,1,0.4325,0.0016040893
mendeley/extracted/Bangla Audio Dataset Original and DeepFake Voices for AI-Based Voice Analysis and Detection/Dataset/S6F03/Fake/17.wav,1,MEN,MEN-S6F03,TG:80ca3c12226c16f7,-12.0078125,1,0.3841666666666666,6.0963603e-06
mendeley/extracted/Bangla Audio Dataset Original and DeepFake Voices for AI-Based Voice Analysis and Detection/Dataset/S6F03/Fake/18.wav,1,MEN,MEN-S6F03,TG:8a448ea3072baf86,-12.75,1,0.3991666666666666,2.902312e-06
mendeley/extracted/Bangla Audio Dataset Original and DeepFake Voices for AI-Based Voice Analysis and Detection/Dataset/S6F03/Fake/19.wav,1,MEN,MEN-S6F03,TG:17da6e6a5329ede6,-21.828125,1,0.4208333333333333,3.3125752e-10
mendeley/extracted/Bangla Audio Dataset Original and DeepFake Voices for AI-Based Voice Analysis and Detection/Dataset/S6F03/Fake/2.wav,1,MEN,MEN-S6F03,TG:992df96e94bc9811,-12.9296875,1,0.4508333333333333,2.4249737e-06
mendeley/extracted/Bangla Audio Dataset Original and DeepFake Voices for AI-Based Voice Analysis and Detection/Dataset/S6F03/Fake/20.wav,1,MEN,MEN-S6F03,TG:b9777a1fd57cb1c6,-15.9453125,1,0.4325,1.18860825e-07
mendeley/extracted/Bangla Audio Dataset Original and DeepFake Voices for AI-Based Voice Analysis and Detection/Dataset/S6F03/Fake/21.wav,1,MEN,MEN-S6F03,TG:258e34608251b4c7,-13.1875,1,0.3058333333333333,1.8738755e-06
mendeley/extracted/Bangla Audio Dataset Original and DeepFake Voices for AI-Based Voice Analysis and Detection/Dataset/S6F03/Fake/22.wav,1,MEN,MEN-S6F03,TG:29664288ed9e8509,-9.6796875,1,0.4308333333333333,6.253713e-05
mendeley/extracted/Bangla Audio Dataset Original and DeepFake Voices for AI-Based Voice Analysis and Detection/Dataset/S6F03/Fake/23.wav,1,MEN,MEN-S6F03,TG:fcbf9ed932b2fbe3,-13.0390625,1,0.4875,2.1737328e-06
mendeley/extracted/Bangla Audio Dataset Original and DeepFake Voices for AI-Based Voice Analysis and Detection/Dataset/S6F03/Fake/24.wav,1,MEN,MEN-S6F03,TG:836191849433d6d5,-12.6484375,1,0.3858333333333333,3.2125654e-06
mendeley/extracted/Bangla Audio Dataset Original and DeepFake Voices for AI-Based Voice Analysis and Detection/Dataset/S6F03/Fake/25.wav,1,MEN,MEN-S6F03,TG:ea4035e74b42874c,7.296875,1,0.3241666666666667,0.9993228
mendeley/extracted/Bangla Audio Dataset Original and DeepFake Voices for AI-Based Voice Analysis and Detection/Dataset/S6F03/Fake/26.wav,1,MEN,MEN-S6F03,TG:0417b85de8b01bab,-9.203125,1,0.4341666666666667,0.000100713994
mendeley/extracted/Bangla Audio Dataset Original and DeepFake Voices for AI-Based Voice Analysis and Detection/Dataset/S6F03/Fake/27.wav,1,MEN,MEN-S6F03,TG:3bf9109f0212e1a8,0.61621094,1,0.3108333333333333,0.6493563
mendeley/extracted/Bangla Audio Dataset Original and DeepFake Voices for AI-Based Voice Analysis and Detection/Dataset/S6F03/Fake/28.wav,1,MEN,MEN-S6F03,TG:f961d28234037075,-9.40625,1,0.2458333333333333,8.22019e-05
mendeley/extracted/Bangla Audio Dataset Original and DeepFake Voices for AI-Based Voice Analysis and Detection/Dataset/S6F03/Fake/29.wav,1,MEN,MEN-S6F03,TG:b9495a9ec9da5af9,-8.9921875,1,0.4808333333333333,0.00012436225
mendeley/extracted/Bangla Audio Dataset Original and DeepFake Voices for AI-Based Voice Analysis and Detection/Dataset/S6F03/Fake/3.wav,1,MEN,MEN-S6F03,TG:e7e6ed6b7a4edc68,-9.0234375,1,0.1708333333333332,0.00012053649
mendeley/extracted/Bangla Audio Dataset Original and DeepFake Voices for AI-Based Voice Analysis and Detection/Dataset/S6F03/Fake/30.wav,1,MEN,MEN-S6F03,TG:0279e708e7bea563,-10.0625,1,0.5241666666666667,4.2647473e-05
mendeley/extracted/Bangla Audio Dataset Original and DeepFake Voices for AI-Based Voice Analysis and Detection/Dataset/S6F03/Fake/4.wav,1,MEN,MEN-S6F03,TG:bdf706ddf2da8f1f,-1.7822266,1,0.3541666666666666,0.14402843
mendeley/extracted/Bangla Audio Dataset Original and DeepFake Voices for AI-Based Voice Analysis and Detection/Dataset/S6F03/Fake/5.wav,1,MEN,MEN-S6F03,TG:45be873ef4d69213,0.8510742,1,0.4158333333333334,0.70079243
mendeley/extracted/Bangla Audio Dataset Original and DeepFake Voices for AI-Based Voice Analysis and Detection/Dataset/S6F03/Fake/6.wav,1,MEN,MEN-S6F03,TG:a9fde75db394091a,-3.4726562,1,0.4758333333333333,0.030100338
mendeley/extracted/Bangla Audio Dataset Original and DeepFake Voices for AI-Based Voice Analysis and Detection/Dataset/S6F03/Fake/7.wav,1,MEN,MEN-S6F03,TG:5be625d46c6a6e73,-3.7460938,1,0.3974999999999999,0.023065226
mendeley/extracted/Bangla Audio Dataset Original and DeepFake Voices for AI-Based Voice Analysis and Detection/Dataset/S6F03/Fake/8.wav,1,MEN,MEN-S6F03,TG:78ae5535499f2f6b,-13.046875,1,0.3008333333333333,2.1568167e-06
mendeley/extracted/Bangla Audio Dataset Original and DeepFake Voices for AI-Based Voice Analysis and Detection/Dataset/S6F03/Fake/9.wav,1,MEN,MEN-S6F03,TG:ea1c20689c6cd1cb,-7.3984375,1,0.0808333333333333,0.00061183405
mendeley/extracted/Bangla Audio Dataset Original and DeepFake Voices for AI-Based Voice Analysis and Detection/Dataset/S6F03/Real/1.wav,0,MEN,MEN-S6F03,TG:68335bcc60eb3cac,9.2578125,1,0.6508333333333334,0.99990463
mendeley/extracted/Bangla Audio Dataset Original and DeepFake Voices for AI-Based Voice Analysis and Detection/Dataset/S6F03/Real/10.wav,0,MEN,MEN-S6F03,TG:e15f93590e7860a4,7.3789062,1,0.4841666666666666,0.9993761
mendeley/extracted/Bangla Audio Dataset Original and DeepFake Voices for AI-Based Voice Analysis and Detection/Dataset/S6F03/Real/11.wav,0,MEN,MEN-S6F03,TG:d013e21519294471,-1.484375,1,0.5841666666666667,0.1847675
mendeley/extracted/Bangla Audio Dataset Original and DeepFake Voices for AI-Based Voice Analysis and Detection/Dataset/S6F03/Real/12.wav,0,MEN,MEN-S6F03,TG:36bbea584b595983,10.421875,1,0.6008333333333333,0.9999702
mendeley/extracted/Bangla Audio Dataset Original and DeepFake Voices for AI-Based Voice Analysis and Detection/Dataset/S6F03/Real/13.wav,0,MEN,MEN-S6F03,TG:448ba8616f75dbd9,10.1875,1,0.4008333333333334,0.99996233
mendeley/extracted/Bangla Audio Dataset Original and DeepFake Voices for AI-Based Voice Analysis and Detection/Dataset/S6F03/Real/14.wav,0,MEN,MEN-S6F03,TG:fccde5258a724e5b,7.03125,1,0.5508333333333333,0.99911696
mendeley/extracted/Bangla Audio Dataset Original and DeepFake Voices for AI-Based Voice Analysis and Detection/Dataset/S6F03/Real/15.wav,0,MEN,MEN-S6F03,TG:153cebedfe6b30fd,9.1953125,1,0.4508333333333333,0.99989843
mendeley/extracted/Bangla Audio Dataset Original and DeepFake Voices for AI-Based Voice Analysis and Detection/Dataset/S6F03/Real/16.wav,0,MEN,MEN-S6F03,TG:5c7003922e4c7b58,8.2734375,1,0.6008333333333333,0.99974483
mendeley/extracted/Bangla Audio Dataset Original and DeepFake Voices for AI-Based Voice Analysis and Detection/Dataset/S6F03/Real/17.wav,0,MEN,MEN-S6F03,TG:80ca3c12226c16f7,10.640625,1,0.5675,0.99997604
mendeley/extracted/Bangla Audio Dataset Original and DeepFake Voices for AI-Based Voice Analysis and Detection/Dataset/S6F03/Real/18.wav,0,MEN,MEN-S6F03,TG:8a448ea3072baf86,9.4921875,1,0.6008333333333333,0.99992454
mendeley/extracted/Bangla Audio Dataset Original and DeepFake Voices for AI-Based Voice Analysis and Detection/Dataset/S6F03/Real/19.wav,0,MEN,MEN-S6F03,TG:17da6e6a5329ede6,9.328125,1,0.6174999999999999,0.99991107
mendeley/extracted/Bangla Audio Dataset Original and DeepFake Voices for AI-Based Voice Analysis and Detection/Dataset/S6F03/Real/2.wav,0,MEN,MEN-S6F03,TG:992df96e94bc9811,8.7734375,1,0.5341666666666667,0.99984527
mendeley/extracted/Bangla Audio Dataset Original and DeepFake Voices for AI-Based Voice Analysis and Detection/Dataset/S6F03/Real/20.wav,0,MEN,MEN-S6F03,TG:b9777a1fd57cb1c6,10.7421875,1,0.5008333333333334,0.9999784
mendeley/extracted/Bangla Audio Dataset Original and DeepFake Voices for AI-Based Voice Analysis and Detection/Dataset/S6F03/Real/21.wav,0,MEN,MEN-S6F03,TG:258e34608251b4c7,7.3398438,1,0.5675,0.9993513
mendeley/extracted/Bangla Audio Dataset Original and DeepFake Voices for AI-Based Voice Analysis and Detection/Dataset/S6F03/Real/22.wav,0,MEN,MEN-S6F03,TG:29664288ed9e8509,1.5917969,1,0.5841666666666667,0.8308688
mendeley/extracted/Bangla Audio Dataset Original and DeepFake Voices for AI-Based Voice Analysis and Detection/Dataset/S6F03/Real/23.wav,0,MEN,MEN-S6F03,TG:fcbf9ed932b2fbe3,7.8164062,1,0.5675,0.99959713
mendeley/extracted/Bangla Audio Dataset Original and DeepFake Voices for AI-Based Voice Analysis and Detection/Dataset/S6F03/Real/24.wav,0,MEN,MEN-S6F03,TG:836191849433d6d5,8.3046875,1,0.5175000000000001,0.9997527
mendeley/extracted/Bangla Audio Dataset Original and DeepFake Voices for AI-Based Voice Analysis and Detection/Dataset/S6F03/Real/25.wav,0,MEN,MEN-S6F03,TG:ea4035e74b42874c,8.1484375,1,0.4175,0.99971086
mendeley/extracted/Bangla Audio Dataset Original and DeepFake Voices for AI-Based Voice Analysis and Detection/Dataset/S6F03/Real/26.wav,0,MEN,MEN-S6F03,TG:0417b85de8b01bab,9.6640625,1,0.5841666666666667,0.99993646
mendeley/extracted/Bangla Audio Dataset Original and DeepFake Voices for AI-Based Voice Analysis and Detection/Dataset/S6F03/Real/27.wav,0,MEN,MEN-S6F03,TG:3bf9109f0212e1a8,7.4882812,1,0.5508333333333333,0.9994407
mendeley/extracted/Bangla Audio Dataset Original and DeepFake Voices for AI-Based Voice Analysis and Detection/Dataset/S6F03/Real/28.wav,0,MEN,MEN-S6F03,TG:f961d28234037075,9.015625,1,0.5175000000000001,0.9998785
mendeley/extracted/Bangla Audio Dataset Original and DeepFake Voices for AI-Based Voice Analysis and Detection/Dataset/S6F03/Real/29.wav,0,MEN,MEN-S6F03,TG:b9495a9ec9da5af9,6.7578125,1,0.5841666666666667,0.99883956
mendeley/extracted/Bangla Audio Dataset Original and DeepFake Voices for AI-Based Voice Analysis and Detection/Dataset/S6F03/Real/3.wav,0,MEN,MEN-S6F03,TG:e7e6ed6b7a4edc68,4.2578125,1,0.4841666666666666,0.9860443
mendeley/extracted/Bangla Audio Dataset Original and DeepFake Voices for AI-Based Voice Analysis and Detection/Dataset/S6F03/Real/30.wav,0,MEN,MEN-S6F03,TG:0279e708e7bea563,5.2695312,1,0.6675,0.9948803
mendeley/extracted/Bangla Audio Dataset Original and DeepFake Voices for AI-Based Voice Analysis and Detection/Dataset/S6F03/Real/4.wav,0,MEN,MEN-S6F03,TG:bdf706ddf2da8f1f,7.4179688,1,0.5341666666666667,0.9994
mendeley/extracted/Bangla Audio Dataset Original and DeepFake Voices for AI-Based Voice Analysis and Detection/Dataset/S6F03/Real/5.wav,0,MEN,MEN-S6F03,TG:45be873ef4d69213,10.53125,1,0.5175000000000001,0.9999733
mendeley/extracted/Bangla Audio Dataset Original and DeepFake Voices for AI-Based Voice Analysis and Detection/Dataset/S6F03/Real/6.wav,0,MEN,MEN-S6F03,TG:a9fde75db394091a,7.65625,1,0.5175000000000001,0.9995272
mendeley/extracted/Bangla Audio Dataset Original and DeepFake Voices for AI-Based Voice Analysis and Detection/Dataset/S6F03/Real/7.wav,0,MEN,MEN-S6F03,TG:5be625d46c6a6e73,6.9453125,1,0.4675,0.99903786
mendeley/extracted/Bangla Audio Dataset Original and DeepFake Voices for AI-Based Voice Analysis and Detection/Dataset/S6F03/Real/8.wav,0,MEN,MEN-S6F03,TG:78ae5535499f2f6b,7.3789062,1,0.4508333333333333,0.9993761
mendeley/extracted/Bangla Audio Dataset Original and DeepFake Voices for AI-Based Voice Analysis and Detection/Dataset/S6F03/Real/9.wav,0,MEN,MEN-S6F03,TG:ea1c20689c6cd1cb,9.5859375,1,0.4841666666666666,0.99993134
mendeley/extracted/Bangla Audio Dataset Original and DeepFake Voices for AI-Based Voice Analysis and Detection/Dataset/S6F04/Fake/1.wav,1,MEN,MEN-S6F04,TG:68335bcc60eb3cac,-14.078125,1,0.4975,7.690378e-07
mendeley/extracted/Bangla Audio Dataset Original and DeepFake Voices for AI-Based Voice Analysis and Detection/Dataset/S6F04/Fake/10.wav,1,MEN,MEN-S6F04,TG:e15f93590e7860a4,-4.7539062,1,0.3558333333333333,0.0085443305
mendeley/extracted/Bangla Audio Dataset Original and DeepFake Voices for AI-Based Voice Analysis and Detection/Dataset/S6F04/Fake/11.wav,1,MEN,MEN-S6F04,TG:d013e21519294471,-15.09375,1,0.4341666666666667,2.7852715e-07
mendeley/extracted/Bangla Audio Dataset Original and DeepFake Voices for AI-Based Voice Analysis and Detection/Dataset/S6F04/Fake/12.wav,1,MEN,MEN-S6F04,TG:36bbea584b595983,-10.6875,1,0.4125,2.2827997e-05
mendeley/extracted/Bangla Audio Dataset Original and DeepFake Voices for AI-Based Voice Analysis and Detection/Dataset/S6F04/Fake/13.wav,1,MEN,MEN-S6F04,TG:448ba8616f75dbd9,-7.2109375,1,0.4508333333333333,0.00073791965
mendeley/extracted/Bangla Audio Dataset Original and DeepFake Voices for AI-Based Voice Analysis and Detection/Dataset/S6F04/Fake/14.wav,1,MEN,MEN-S6F04,TG:fccde5258a724e5b,-7.4375,1,0.2025,0.00058840885
mendeley/extracted/Bangla Audio Dataset Original and DeepFake Voices for AI-Based Voice Analysis and Detection/Dataset/S6F04/Fake/15.wav,1,MEN,MEN-S6F04,TG:153cebedfe6b30fd,-2.0234375,1,0.4275,0.11676402
mendeley/extracted/Bangla Audio Dataset Original and DeepFake Voices for AI-Based Voice Analysis and Detection/Dataset/S6F04/Fake/16.wav,1,MEN,MEN-S6F04,TG:5c7003922e4c7b58,-10.3359375,1,0.4641666666666666,3.2444812e-05
mendeley/extracted/Bangla Audio Dataset Original and DeepFake Voices for AI-Based Voice Analysis and Detection/Dataset/S6F04/Fake/17.wav,1,MEN,MEN-S6F04,TG:80ca3c12226c16f7,-9.5390625,1,0.3741666666666666,7.197912e-05
mendeley/extracted/Bangla Audio Dataset Original and DeepFake Voices for AI-Based Voice Analysis and Detection/Dataset/S6F04/Fake/18.wav,1,MEN,MEN-S6F04,TG:8a448ea3072baf86,-10.9453125,1,0.5058333333333334,1.76402e-05
mendeley/extracted/Bangla Audio Dataset Original and DeepFake Voices for AI-Based Voice Analysis and Detection/Dataset/S6F04/Fake/19.wav,1,MEN,MEN-S6F04,TG:17da6e6a5329ede6,-10.7421875,1,0.4241666666666667,2.1613141e-05
mendeley/extracted/Bangla Audio Dataset Original and DeepFake Voices for AI-Based Voice Analysis and Detection/Dataset/S6F04/Fake/2.wav,1,MEN,MEN-S6F04,TG:992df96e94bc9811,-18.09375,1,0.4191666666666667,1.3867053e-08
mendeley/extracted/Bangla Audio Dataset Original and DeepFake Voices for AI-Based Voice Analysis and Detection/Dataset/S6F04/Fake/20.wav,1,MEN,MEN-S6F04,TG:b9777a1fd57cb1c6,-15.2109375,1,0.4191666666666667,2.477272e-07
mendeley/extracted/Bangla Audio Dataset Original and DeepFake Voices for AI-Based Voice Analysis and Detection/Dataset/S6F04/Fake/21.wav,1,MEN,MEN-S6F04,TG:258e34608251b4c7,-9.4921875,1,0.3675,7.5433214e-05
mendeley/extracted/Bangla Audio Dataset Original and DeepFake Voices for AI-Based Voice Analysis and Detection/Dataset/S6F04/Fake/22.wav,1,MEN,MEN-S6F04,TG:29664288ed9e8509,-10.125,1,0.4241666666666667,4.0063696e-05
mendeley/extracted/Bangla Audio Dataset Original and DeepFake Voices for AI-Based Voice Analysis and Detection/Dataset/S6F04/Fake/23.wav,1,MEN,MEN-S6F04,TG:fcbf9ed932b2fbe3,-11.21875,1,0.5341666666666667,1.3420014e-05
mendeley/extracted/Bangla Audio Dataset Original and DeepFake Voices for AI-Based Voice Analysis and Detection/Dataset/S6F04/Fake/24.wav,1,MEN,MEN-S6F04,TG:836191849433d6d5,-9.703125,1,0.4341666666666667,6.108855e-05
mendeley/extracted/Bangla Audio Dataset Original and DeepFake Voices for AI-Based Voice Analysis and Detection/Dataset/S6F04/Fake/25.wav,1,MEN,MEN-S6F04,TG:ea4035e74b42874c,-9.1171875,1,0.2708333333333333,0.00010975091
mendeley/extracted/Bangla Audio Dataset Original and DeepFake Voices for AI-Based Voice Analysis and Detection/Dataset/S6F04/Fake/26.wav,1,MEN,MEN-S6F04,TG:0417b85de8b01bab,-2.4746094,1,0.4508333333333333,0.077657446
mendeley/extracted/Bangla Audio Dataset Original and DeepFake Voices for AI-Based Voice Analysis and Detection/Dataset/S6F04/Fake/27.wav,1,MEN,MEN-S6F04,TG:3bf9109f0212e1a8,-5.5507812,1,0.3208333333333333,0.003869391
mendeley/extracted/Bangla Audio Dataset Original and DeepFake Voices for AI-Based Voice Analysis and Detection/Dataset/S6F04/Fake/28.wav,1,MEN,MEN-S6F04,TG:f961d28234037075,-7.7382812,1,0.2341666666666666,0.00043563018
mendeley/extracted/Bangla Audio Dataset Original and DeepFake Voices for AI-Based Voice Analysis and Detection/Dataset/S6F04/Fake/29.wav,1,MEN,MEN-S6F04,TG:b9495a9ec9da5af9,-9.6484375,1,0.4775,6.452215e-05
mendeley/extracted/Bangla Audio Dataset Original and DeepFake Voices for AI-Based Voice Analysis and Detection/Dataset/S6F04/Fake/3.wav,1,MEN,MEN-S6F04,TG:e7e6ed6b7a4edc68,-10.8359375,1,0.2141666666666666,1.9679026e-05
mendeley/extracted/Bangla Audio Dataset Original and DeepFake Voices for AI-Based Voice Analysis and Detection/Dataset/S6F04/Fake/30.wav,1,MEN,MEN-S6F04,TG:0279e708e7bea563,-17.015625,1,0.5241666666666667,4.0757534e-08
mendeley/extracted/Bangla Audio Dataset Original and DeepFake Voices for AI-Based Voice Analysis and Detection/Dataset/S6F04/Fake/4.wav,1,MEN,MEN-S6F04,TG:bdf706ddf2da8f1f,4.1679688,1,0.3241666666666667,0.98475236
mendeley/extracted/Bangla Audio Dataset Original and DeepFake Voices for AI-Based Voice Analysis and Detection/Dataset/S6F04/Fake/5.wav,1,MEN,MEN-S6F04,TG:45be873ef4d69213,-5.1953125,1,0.4291666666666667,0.0055119344
mendeley/extracted/Bangla Audio Dataset Original and DeepFake Voices for AI-Based Voice Analysis and Detection/Dataset/S6F04/Fake/6.wav,1,MEN,MEN-S6F04,TG:a9fde75db394091a,-12.8203125,1,0.4775,2.7052529e-06
mendeley/extracted/Bangla Audio Dataset Original and DeepFake Voices for AI-Based Voice Analysis and Detection/Dataset/S6F04/Fake/7.wav,1,MEN,MEN-S6F04,TG:5be625d46c6a6e73,-5.734375,1,0.3991666666666666,0.0032224844
mendeley/extracted/Bangla Audio Dataset Original and DeepFake Voices for AI-Based Voice Analysis and Detection/Dataset/S6F04/Fake/8.wav,1,MEN,MEN-S6F04,TG:78ae5535499f2f6b,-14.828125,1,0.3241666666666667,3.6326787e-07
mendeley/extracted/Bangla Audio Dataset Original and DeepFake Voices for AI-Based Voice Analysis and Detection/Dataset/S6F04/Fake/9.wav,1,MEN,MEN-S6F04,TG:ea1c20689c6cd1cb,-4.4648438,1,0.2508333333333333,0.0113756
mendeley/extracted/Bangla Audio Dataset Original and DeepFake Voices for AI-Based Voice Analysis and Detection/Dataset/S6F04/Real/1.wav,0,MEN,MEN-S6F04,TG:68335bcc60eb3cac,12.9140625,1,0.3841666666666666,0.9999975
mendeley/extracted/Bangla Audio Dataset Original and DeepFake Voices for AI-Based Voice Analysis and Detection/Dataset/S6F04/Real/10.wav,0,MEN,MEN-S6F04,TG:e15f93590e7860a4,9.7578125,1,0.2674999999999999,0.9999422
mendeley/extracted/Bangla Audio Dataset Original and DeepFake Voices for AI-Based Voice Analysis and Detection/Dataset/S6F04/Real/11.wav,0,MEN,MEN-S6F04,TG:d013e21519294471,11.8359375,1,0.3341666666666666,0.9999927
mendeley/extracted/Bangla Audio Dataset Original and DeepFake Voices for AI-Based Voice Analysis and Detection/Dataset/S6F04/Real/12.wav,0,MEN,MEN-S6F04,TG:36bbea584b595983,12.046875,1,0.2841666666666667,0.99999416
mendeley/extracted/Bangla Audio Dataset Original and DeepFake Voices for AI-Based Voice Analysis and Detection/Dataset/S6F04/Real/13.wav,0,MEN,MEN-S6F04,TG:448ba8616f75dbd9,9.09375,1,0.3175,0.9998876
mendeley/extracted/Bangla Audio Dataset Original and DeepFake Voices for AI-Based Voice Analysis and Detection/Dataset/S6F04/Real/14.wav,0,MEN,MEN-S6F04,TG:fccde5258a724e5b,9.765625,1,0.2175,0.99994266
mendeley/extracted/Bangla Audio Dataset Original and DeepFake Voices for AI-Based Voice Analysis and Detection/Dataset/S6F04/Real/15.wav,0,MEN,MEN-S6F04,TG:153cebedfe6b30fd,11.8671875,1,0.2341666666666666,0.99999297
mendeley/extracted/Bangla Audio Dataset Original and DeepFake Voices for AI-Based Voice Analysis and Detection/Dataset/S6F04/Real/16.wav,0,MEN,MEN-S6F04,TG:5c7003922e4c7b58,12.3203125,1,0.2674999999999999,0.9999956
mendeley/extracted/Bangla Audio Dataset Original and DeepFake Voices for AI-Based Voice Analysis and Detection/Dataset/S6F04/Real/17.wav,0,MEN,MEN-S6F04,TG:80ca3c12226c16f7,12.6796875,1,0.3675,0.9999969
mendeley/extracted/Bangla Audio Dataset Original and DeepFake Voices for AI-Based Voice Analysis and Detection/Dataset/S6F04/Real/18.wav,0,MEN,MEN-S6F04,TG:8a448ea3072baf86,10.75,1,0.3675,0.99997854
mendeley/extracted/Bangla Audio Dataset Original and DeepFake Voices for AI-Based Voice Analysis and Detection/Dataset/S6F04/Real/19.wav,0,MEN,MEN-S6F04,TG:17da6e6a5329ede6,13.125,1,0.3175,0.999998
mendeley/extracted/Bangla Audio Dataset Original and DeepFake Voices for AI-Based Voice Analysis and Detection/Dataset/S6F04/Real/2.wav,0,MEN,MEN-S6F04,TG:992df96e94bc9811,11.390625,1,0.3175,0.9999887
mendeley/extracted/Bangla Audio Dataset Original and DeepFake Voices for AI-Based Voice Analysis and Detection/Dataset/S6F04/Real/20.wav,0,MEN,MEN-S6F04,TG:b9777a1fd57cb1c6,10.25,1,0.2008333333333333,0.9999646
mendeley/extracted/Bangla Audio Dataset Original and DeepFake Voices for AI-Based Voice Analysis and Detection/Dataset/S6F04/Real/21.wav,0,MEN,MEN-S6F04,TG:258e34608251b4c7,12.46875,1,0.4175,0.9999962
mendeley/extracted/Bangla Audio Dataset Original and DeepFake Voices for AI-Based Voice Analysis and Detection/Dataset/S6F04/Real/22.wav,0,MEN,MEN-S6F04,TG:29664288ed9e8509,12.0234375,1,0.2674999999999999,0.99999404
mendeley/extracted/Bangla Audio Dataset Original and DeepFake Voices for AI-Based Voice Analysis and Detection/Dataset/S6F04/Real/23.wav,0,MEN,MEN-S6F04,TG:fcbf9ed932b2fbe3,11.7265625,1,0.1674999999999999,0.9999919
mendeley/extracted/Bangla Audio Dataset Original and DeepFake Voices for AI-Based Voice Analysis and Detection/Dataset/S6F04/Real/24.wav,0,MEN,MEN-S6F04,TG:836191849433d6d5,13.484375,1,0.2508333333333333,0.99999857
mendeley/extracted/Bangla Audio Dataset Original and DeepFake Voices for AI-Based Voice Analysis and Detection/Dataset/S6F04/Real/25.wav,0,MEN,MEN-S6F04,TG:ea4035e74b42874c,11.28125,1,0.1841666666666667,0.99998736
mendeley/extracted/Bangla Audio Dataset Original and DeepFake Voices for AI-Based Voice Analysis and Detection/Dataset/S6F04/Real/26.wav,0,MEN,MEN-S6F04,TG:0417b85de8b01bab,8.9140625,1,0.3508333333333333,0.99986553
mendeley/extracted/Bangla Audio Dataset Original and DeepFake Voices for AI-Based Voice Analysis and Detection/Dataset/S6F04/Real/27.wav,0,MEN,MEN-S6F04,TG:3bf9109f0212e1a8,8.4765625,1,0.3341666666666666,0.9997918
mendeley/extracted/Bangla Audio Dataset Original and DeepFake Voices for AI-Based Voice Analysis and Detection/Dataset/S6F04/Real/28.wav,0,MEN,MEN-S6F04,TG:f961d28234037075,9.4140625,1,0.2674999999999999,0.99991846
mendeley/extracted/Bangla Audio Dataset Original and DeepFake Voices for AI-Based Voice Analysis and Detection/Dataset/S6F04/Real/29.wav,0,MEN,MEN-S6F04,TG:b9495a9ec9da5af9,9.2421875,1,0.4175,0.9999031
mendeley/extracted/Bangla Audio Dataset Original and DeepFake Voices for AI-Based Voice Analysis and Detection/Dataset/S6F04/Real/3.wav,0,MEN,MEN-S6F04,TG:e7e6ed6b7a4edc68,12.140625,1,0.3341666666666666,0.99999464
mendeley/extracted/Bangla Audio Dataset Original and DeepFake Voices for AI-Based Voice Analysis and Detection/Dataset/S6F04/Real/30.wav,0,MEN,MEN-S6F04,TG:0279e708e7bea563,8.75,1,0.3508333333333333,0.9998416
mendeley/extracted/Bangla Audio Dataset Original and DeepFake Voices for AI-Based Voice Analysis and Detection/Dataset/S6F04/Real/4.wav,0,MEN,MEN-S6F04,TG:bdf706ddf2da8f1f,11.1171875,1,0.4175,0.9999851
mendeley/extracted/Bangla Audio Dataset Original and DeepFake Voices for AI-Based Voice Analysis and Detection/Dataset/S6F04/Real/5.wav,0,MEN,MEN-S6F04,TG:45be873ef4d69213,10.5859375,1,0.4175,0.9999747
mendeley/extracted/Bangla Audio Dataset Original and DeepFake Voices for AI-Based Voice Analysis and Detection/Dataset/S6F04/Real/6.wav,0,MEN,MEN-S6F04,TG:a9fde75db394091a,10.7734375,1,0.3841666666666666,0.999979
mendeley/extracted/Bangla Audio Dataset Original and DeepFake Voices for AI-Based Voice Analysis and Detection/Dataset/S6F04/Real/7.wav,0,MEN,MEN-S6F04,TG:5be625d46c6a6e73,11.328125,1,0.3508333333333333,0.99998796
mendeley/extracted/Bangla Audio Dataset Original and DeepFake Voices for AI-Based Voice Analysis and Detection/Dataset/S6F04/Real/8.wav,0,MEN,MEN-S6F04,TG:78ae5535499f2f6b,9.1640625,1,0.3341666666666666,0.9998952
mendeley/extracted/Bangla Audio Dataset Original and DeepFake Voices for AI-Based Voice Analysis and Detection/Dataset/S6F04/Real/9.wav,0,MEN,MEN-S6F04,TG:ea1c20689c6cd1cb,11.2421875,1,0.2008333333333333,0.9999869
mendeley/extracted/Bangla Audio Dataset Original and DeepFake Voices for AI-Based Voice Analysis and Detection/Dataset/S6M01/Fake/1.wav,1,MEN,MEN-S6M01,TG:68335bcc60eb3cac,-10.9921875,1,0.5525,1.6832411e-05
mendeley/extracted/Bangla Audio Dataset Original and DeepFake Voices for AI-Based Voice Analysis and Detection/Dataset/S6M01/Fake/10.wav,1,MEN,MEN-S6M01,TG:e15f93590e7860a4,-11.171875,1,0.2325,1.4064044e-05
mendeley/extracted/Bangla Audio Dataset Original and DeepFake Voices for AI-Based Voice Analysis and Detection/Dataset/S6M01/Fake/11.wav,1,MEN,MEN-S6M01,TG:d013e21519294471,-13.4765625,1,0.3808333333333333,1.4034684e-06
mendeley/extracted/Bangla Audio Dataset Original and DeepFake Voices for AI-Based Voice Analysis and Detection/Dataset/S6M01/Fake/12.wav,1,MEN,MEN-S6M01,TG:36bbea584b595983,-7.9414062,1,0.4775,0.00035557942
mendeley/extracted/Bangla Audio Dataset Original and DeepFake Voices for AI-Based Voice Analysis and Detection/Dataset/S6M01/Fake/13.wav,1,MEN,MEN-S6M01,TG:448ba8616f75dbd9,-1.5029297,1,0.3741666666666666,0.18198898
mendeley/extracted/Bangla Audio Dataset Original and DeepFake Voices for AI-Based Voice Analysis and Detection/Dataset/S6M01/Fake/14.wav,1,MEN,MEN-S6M01,TG:fccde5258a724e5b,-15.4921875,1,0.3041666666666667,1.8699428e-07
mendeley/extracted/Bangla Audio Dataset Original and DeepFake Voices for AI-Based Voice Analysis and Detection/Dataset/S6M01/Fake/15.wav,1,MEN,MEN-S6M01,TG:153cebedfe6b30fd,-6.8828125,1,0.2758333333333334,0.0010242064
mendeley/extracted/Bangla Audio Dataset Original and DeepFake Voices for AI-Based Voice Analysis and Detection/Dataset/S6M01/Fake/16.wav,1,MEN,MEN-S6M01,TG:5c7003922e4c7b58,-8.71875,1,0.3625,0.0001634647
mendeley/extracted/Bangla Audio Dataset Original and DeepFake Voices for AI-Based Voice Analysis and Detection/Dataset/S6M01/Fake/17.wav,1,MEN,MEN-S6M01,TG:80ca3c12226c16f7,-10.1484375,1,0.4308333333333333,3.9135655e-05
mendeley/extracted/Bangla Audio Dataset Original and DeepFake Voices for AI-Based Voice Analysis and Detection/Dataset/S6M01/Fake/18.wav,1,MEN,MEN-S6M01,TG:8a448ea3072baf86,-4.4296875,1,0.4341666666666667,0.011777843
mendeley/extracted/Bangla Audio Dataset Original and DeepFake Voices for AI-Based Voice Analysis and Detection/Dataset/S6M01/Fake/19.wav,1,MEN,MEN-S6M01,TG:17da6e6a5329ede6,-12.6796875,1,0.4708333333333333,3.1137256e-06
mendeley/extracted/Bangla Audio Dataset Original and DeepFake Voices for AI-Based Voice Analysis and Detection/Dataset/S6M01/Fake/2.wav,1,MEN,MEN-S6M01,TG:992df96e94bc9811,-8.1875,1,0.3941666666666666,0.00027803096
mendeley/extracted/Bangla Audio Dataset Original and DeepFake Voices for AI-Based Voice Analysis and Detection/Dataset/S6M01/Fake/20.wav,1,MEN,MEN-S6M01,TG:b9777a1fd57cb1c6,-1.8027344,1,0.3175,0.14151853
mendeley/extracted/Bangla Audio Dataset Original and DeepFake Voices for AI-Based Voice Analysis and Detection/Dataset/S6M01/Fake/21.wav,1,MEN,MEN-S6M01,TG:258e34608251b4c7,-8.9765625,1,0.3541666666666666,0.00012632043
mendeley/extracted/Bangla Audio Dataset Original and DeepFake Voices for AI-Based Voice Analysis and Detection/Dataset/S6M01/Fake/22.wav,1,MEN,MEN-S6M01,TG:29664288ed9e8509,-11.2109375,1,0.3824999999999999,1.3525267e-05
mendeley/extracted/Bangla Audio Dataset Original and DeepFake Voices for AI-Based Voice Analysis and Detection/Dataset/S6M01/Fake/23.wav,1,MEN,MEN-S6M01,TG:fcbf9ed932b2fbe3,-4.546875,1,0.5108333333333333,0.010489092
mendeley/extracted/Bangla Audio Dataset Original and DeepFake Voices for AI-Based Voice Analysis and Detection/Dataset/S6M01/Fake/24.wav,1,MEN,MEN-S6M01,TG:836191849433d6d5,-4.921875,1,0.4441666666666667,0.007232764
mendeley/extracted/Bangla Audio Dataset Original and DeepFake Voices for AI-Based Voice Analysis and Detection/Dataset/S6M01/Fake/25.wav,1,MEN,MEN-S6M01,TG:ea4035e74b42874c,1.6435547,1,0.3708333333333333,0.83801806
mendeley/extracted/Bangla Audio Dataset Original and DeepFake Voices for AI-Based Voice Analysis and Detection/Dataset/S6M01/Fake/26.wav,1,MEN,MEN-S6M01,TG:0417b85de8b01bab,-5.3828125,1,0.4775,0.0045738644
mendeley/extracted/Bangla Audio Dataset Original and DeepFake Voices for AI-Based Voice Analysis and Detection/Dataset/S6M01/Fake/27.wav,1,MEN,MEN-S6M01,TG:3bf9109f0212e1a8,-9.03125,1,0.3941666666666666,0.000119598575
mendeley/extracted/Bangla Audio Dataset Original and DeepFake Voices for AI-Based Voice Analysis and Detection/Dataset/S6M01/Fake/28.wav,1,MEN,MEN-S6M01,TG:f961d28234037075,-5.4179688,1,0.3275,0.0044165556
mendeley/extracted/Bangla Audio Dataset Original and DeepFake Voices for AI-Based Voice Analysis and Detection/Dataset/S6M01/Fake/29.wav,1,MEN,MEN-S6M01,TG:b9495a9ec9da5af9,7.0273438,1,0.4408333333333333,0.9991135
mendeley/extracted/Bangla Audio Dataset Original and DeepFake Voices for AI-Based Voice Analysis and Detection/Dataset/S6M01/Fake/3.wav,1,MEN,MEN-S6M01,TG:e7e6ed6b7a4edc68,-10.796875,1,0.1691666666666667,2.0462934e-05
mendeley/extracted/Bangla Audio Dataset Original and DeepFake Voices for AI-Based Voice Analysis and Detection/Dataset/S6M01/Fake/30.wav,1,MEN,MEN-S6M01,TG:0279e708e7bea563,-9.015625,1,0.5308333333333333,0.00012148176
mendeley/extracted/Bangla Audio Dataset Original and DeepFake Voices for AI-Based Voice Analysis and Detection/Dataset/S6M01/Fake/4.wav,1,MEN,MEN-S6M01,TG:bdf706ddf2da8f1f,-4.9921875,1,0.2908333333333334,0.0067449897
mendeley/extracted/Bangla Audio Dataset Original and DeepFake Voices for AI-Based Voice Analysis and Detection/Dataset/S6M01/Fake/5.wav,1,MEN,MEN-S6M01,TG:45be873ef4d69213,-8.9921875,1,0.3358333333333333,0.00012436225
mendeley/extracted/Bangla Audio Dataset Original and DeepFake Voices for AI-Based Voice Analysis and Detection/Dataset/S6M01/Fake/6.wav,1,MEN,MEN-S6M01,TG:a9fde75db394091a,-10.8125,1,0.2225,2.014569e-05
mendeley/extracted/Bangla Audio Dataset Original and DeepFake Voices for AI-Based Voice Analysis and Detection/Dataset/S6M01/Fake/7.wav,1,MEN,MEN-S6M01,TG:5be625d46c6a6e73,-3.8496094,1,0.0308333333333333,0.020844316
mendeley/extracted/Bangla Audio Dataset Original and DeepFake Voices for AI-Based Voice Analysis and Detection/Dataset/S6M01/Fake/8.wav,1,MEN,MEN-S6M01,TG:78ae5535499f2f6b,-7.6679688,1,0.2674999999999999,0.00046734812
mendeley/extracted/Bangla Audio Dataset Original and DeepFake Voices for AI-Based Voice Analysis and Detection/Dataset/S6M01/Fake/9.wav,1,MEN,MEN-S6M01,TG:ea1c20689c6cd1cb,-6.1601562,1,0.1541666666666666,0.0021074724
mendeley/extracted/Bangla Audio Dataset Original and DeepFake Voices for AI-Based Voice Analysis and Detection/Dataset/S6M01/Real/1.wav,0,MEN,MEN-S6M01,TG:68335bcc60eb3cac,10.4140625,1,0.4508333333333333,0.99996996
mendeley/extracted/Bangla Audio Dataset Original and DeepFake Voices for AI-Based Voice Analysis and Detection/Dataset/S6M01/Real/10.wav,0,MEN,MEN-S6M01,TG:e15f93590e7860a4,-4.2539062,1,0.3008333333333333,0.014009568
mendeley/extracted/Bangla Audio Dataset Original and DeepFake Voices for AI-Based Voice Analysis and Detection/Dataset/S6M01/Real/11.wav,0,MEN,MEN-S6M01,TG:d013e21519294471,2.2851562,1,0.3175,0.9076402
mendeley/extracted/Bangla Audio Dataset Original and DeepFake Voices for AI-Based Voice Analysis and Detection/Dataset/S6M01/Real/12.wav,0,MEN,MEN-S6M01,TG:36bbea584b595983,6.7460938,1,0.3841666666666666,0.99882597
mendeley/extracted/Bangla Audio Dataset Original and DeepFake Voices for AI-Based Voice Analysis and Detection/Dataset/S6M01/Real/13.wav,0,MEN,MEN-S6M01,TG:448ba8616f75dbd9,5.4335938,1,0.3508333333333333,0.99565166
mendeley/extracted/Bangla Audio Dataset Original and DeepFake Voices for AI-Based Voice Analysis and Detection/Dataset/S6M01/Real/14.wav,0,MEN,MEN-S6M01,TG:fccde5258a724e5b,8.0,1,0.2175,0.99966466
mendeley/extracted/Bangla Audio Dataset Original and DeepFake Voices for AI-Based Voice Analysis and Detection/Dataset/S6M01/Real/15.wav,0,MEN,MEN-S6M01,TG:153cebedfe6b30fd,8.7265625,1,0.3175,0.99983776
mendeley/extracted/Bangla Audio Dataset Original and DeepFake Voices for AI-Based Voice Analysis and Detection/Dataset/S6M01/Real/16.wav,0,MEN,MEN-S6M01,TG:5c7003922e4c7b58,9.1328125,1,0.3341666666666666,0.999892
mendeley/extracted/Bangla Audio Dataset Original and DeepFake Voices for AI-Based Voice Analysis and Detection/Dataset/S6M01/Real/17.wav,0,MEN,MEN-S6M01,TG:80ca3c12226c16f7,7.28125,1,0.3508333333333333,0.99931216
mendeley/extracted/Bangla Audio Dataset Original and DeepFake Voices for AI-Based Voice Analysis and Detection/Dataset/S6M01/Real/18.wav,0,MEN,MEN-S6M01,TG:8a448ea3072baf86,-3.1972656,1,0.3675,0.039268754
mendeley/extracted/Bangla Audio Dataset Original and DeepFake Voices for AI-Based Voice Analysis and Detection/Dataset/S6M01/Real/19.wav,0,MEN,MEN-S6M01,TG:17da6e6a5329ede6,7.703125,1,0.3841666666666666,0.99954873
mendeley/extracted/Bangla Audio Dataset Original and DeepFake Voices for AI-Based Voice Analysis and Detection/Dataset/S6M01/Real/2.wav,0,MEN,MEN-S6M01,TG:992df96e94bc9811,10.21875,1,0.3175,0.9999635
mendeley/extracted/Bangla Audio Dataset Original and DeepFake Voices for AI-Based Voice Analysis and Detection/Dataset/S6M01/Real/20.wav,0,MEN,MEN-S6M01,TG:b9777a1fd57cb1c6,6.6328125,1,0.3675,0.9986853
mendeley/extracted/Bangla Audio Dataset Original and DeepFake Voices for AI-Based Voice Analysis and Detection/Dataset/S6M01/Real/21.wav,0,MEN,MEN-S6M01,TG:258e34608251b4c7,-3.4765625,1,0.4341666666666667,0.029986508
mendeley/extracted/Bangla Audio Dataset Original and DeepFake Voices for AI-Based Voice Analysis and Detection/Dataset/S6M01/Real/22.wav,0,MEN,MEN-S6M01,TG:29664288ed9e8509,5.6914062,1,0.4008333333333334,0.9966365
mendeley/extracted/Bangla Audio Dataset Original and DeepFake Voices for AI-Based Voice Analysis and Detection/Dataset/S6M01/Real/23.wav,0,MEN,MEN-S6M01,TG:fcbf9ed932b2fbe3,6.890625,1,0.2841666666666667,0.9989837
mendeley/extracted/Bangla Audio Dataset Original and DeepFake Voices for AI-Based Voice Analysis and Detection/Dataset/S6M01/Real/24.wav,0,MEN,MEN-S6M01,TG:836191849433d6d5,9.8359375,1,0.2841666666666667,0.9999465
mendeley/extracted/Bangla Audio Dataset Original and DeepFake Voices for AI-Based Voice Analysis and Detection/Dataset/S6M01/Real/25.wav,0,MEN,MEN-S6M01,TG:ea4035e74b42874c,7.5820312,1,0.2674999999999999,0.99949074
mendeley/extracted/Bangla Audio Dataset Original and DeepFake Voices for AI-Based Voice Analysis and Detection/Dataset/S6M01/Real/26.wav,0,MEN,MEN-S6M01,TG:0417b85de8b01bab,9.0546875,1,0.3508333333333333,0.9998832
mendeley/extracted/Bangla Audio Dataset Original and DeepFake Voices for AI-Based Voice Analysis and Detection/Dataset/S6M01/Real/27.wav,0,MEN,MEN-S6M01,TG:3bf9109f0212e1a8,-7.0742188,1,0.4008333333333334,0.0008459375
mendeley/extracted/Bangla Audio Dataset Original and DeepFake Voices for AI-Based Voice Analysis and Detection/Dataset/S6M01/Real/28.wav,0,MEN,MEN-S6M01,TG:f961d28234037075,8.9765625,1,0.3508333333333333,0.99987364
mendeley/extracted/Bangla Audio Dataset Original and DeepFake Voices for AI-Based Voice Analysis and Detection/Dataset/S6M01/Real/29.wav,0,MEN,MEN-S6M01,TG:b9495a9ec9da5af9,1.2177734,1,0.3841666666666666,0.7716715
mendeley/extracted/Bangla Audio Dataset Original and DeepFake Voices for AI-Based Voice Analysis and Detection/Dataset/S6M01/Real/3.wav,0,MEN,MEN-S6M01,TG:e7e6ed6b7a4edc68,5.3632812,1,0.3175,0.99533635
mendeley/extracted/Bangla Audio Dataset Original and DeepFake Voices for AI-Based Voice Analysis and Detection/Dataset/S6M01/Real/30.wav,0,MEN,MEN-S6M01,TG:0279e708e7bea563,7.7695312,1,0.4841666666666666,0.9995778
mendeley/extracted/Bangla Audio Dataset Original and DeepFake Voices for AI-Based Voice Analysis and Detection/Dataset/S6M01/Real/4.wav,0,MEN,MEN-S6M01,TG:bdf706ddf2da8f1f,6.78125,1,0.2674999999999999,0.99886644
mendeley/extracted/Bangla Audio Dataset Original and DeepFake Voices for AI-Based Voice Analysis and Detection/Dataset/S6M01/Real/5.wav,0,MEN,MEN-S6M01,TG:45be873ef4d69213,5.9726562,1,0.3175,0.997459
mendeley/extracted/Bangla Audio Dataset Original and DeepFake Voices for AI-Based Voice Analysis and Detection/Dataset/S6M01/Real/6.wav,0,MEN,MEN-S6M01,TG:a9fde75db394091a,7.3085938,1,0.3675,0.99933076
mendeley/extracted/Bangla Audio Dataset Original and DeepFake Voices for AI-Based Voice Analysis and Detection/Dataset/S6M01/Real/7.wav,0,MEN,MEN-S6M01,TG:5be625d46c6a6e73,6.3007812,1,0.2341666666666666,0.99816847
mendeley/extracted/Bangla Audio Dataset Original and DeepFake Voices for AI-Based Voice Analysis and Detection/Dataset/S6M01/Real/8.wav,0,MEN,MEN-S6M01,TG:78ae5535499f2f6b,2.7617188,1,0.1841666666666667,0.9405718
mendeley/extracted/Bangla Audio Dataset Original and DeepFake Voices for AI-Based Voice Analysis and Detection/Dataset/S6M01/Real/9.wav,0,MEN,MEN-S6M01,TG:ea1c20689c6cd1cb,5.9726562,1,0.2841666666666667,0.997459
mendeley/extracted/Bangla Audio Dataset Original and DeepFake Voices for AI-Based Voice Analysis and Detection/Dataset/S6M02/Fake/1.wav,1,MEN,MEN-S6M02,TG:68335bcc60eb3cac,-12.578125,1,0.5441666666666667,3.4465788e-06
mendeley/extracted/Bangla Audio Dataset Original and DeepFake Voices for AI-Based Voice Analysis and Detection/Dataset/S6M02/Fake/10.wav,1,MEN,MEN-S6M02,TG:e15f93590e7860a4,-11.4765625,1,0.1658333333333334,1.0370214e-05
mendeley/extracted/Bangla Audio Dataset Original and DeepFake Voices for AI-Based Voice Analysis and Detection/Dataset/S6M02/Fake/11.wav,1,MEN,MEN-S6M02,TG:d013e21519294471,-12.546875,1,0.3675,3.5559847e-06
mendeley/extracted/Bangla Audio Dataset Original and DeepFake Voices for AI-Based Voice Analysis and Detection/Dataset/S6M02/Fake/12.wav,1,MEN,MEN-S6M02,TG:36bbea584b595983,-2.7011719,1,0.4441666666666667,0.062904246
mendeley/extracted/Bangla Audio Dataset Original and DeepFake Voices for AI-Based Voice Analysis and Detection/Dataset/S6M02/Fake/13.wav,1,MEN,MEN-S6M02,TG:448ba8616f75dbd9,-11.1328125,1,0.3924999999999999,1.4624283e-05
mendeley/extracted/Bangla Audio Dataset Original and DeepFake Voices for AI-Based Voice Analysis and Detection/Dataset/S6M02/Fake/14.wav,1,MEN,MEN-S6M02,TG:fccde5258a724e5b,-8.8671875,1,0.2341666666666666,0.00014091855
mendeley/extracted/Bangla Audio Dataset Original and DeepFake Voices for AI-Based Voice Analysis and Detection/Dataset/S6M02/Fake/15.wav,1,MEN,MEN-S6M02,TG:153cebedfe6b30fd,0.4008789,1,0.2941666666666667,0.5988988
mendeley/extracted/Bangla Audio Dataset Original and DeepFake Voices for AI-Based Voice Analysis and Detection/Dataset/S6M02/Fake/16.wav,1,MEN,MEN-S6M02,TG:5c7003922e4c7b58,-0.17590332,1,0.3325,0.4561372
mendeley/extracted/Bangla Audio Dataset Original and DeepFake Voices for AI-Based Voice Analysis and Detection/Dataset/S6M02/Fake/17.wav,1,MEN,MEN-S6M02,TG:80ca3c12226c16f7,0.14282227,1,0.4691666666666666,0.535645
mendeley/extracted/Bangla Audio Dataset Original and DeepFake Voices for AI-Based Voice Analysis and Detection/Dataset/S6M02/Fake/18.wav,1,MEN,MEN-S6M02,TG:8a448ea3072baf86,-4.0039062,1,0.4041666666666667,0.017917344
mendeley/extracted/Bangla Audio Dataset Original and DeepFake Voices for AI-Based Voice Analysis and Detection/Dataset/S6M02/Fake/19.wav,1,MEN,MEN-S6M02,TG:17da6e6a5329ede6,-10.625,1,0.4941666666666666,2.4300241e-05
mendeley/extracted/Bangla Audio Dataset Original and DeepFake Voices for AI-Based Voice Analysis and Detection/Dataset/S6M02/Fake/2.wav,1,MEN,MEN-S6M02,TG:992df96e94bc9811,-11.953125,1,0.3641666666666666,6.439038e-06
mendeley/extracted/Bangla Audio Dataset Original and DeepFake Voices for AI-Based Voice Analysis and Detection/Dataset/S6M02/Fake/20.wav,1,MEN,MEN-S6M02,TG:b9777a1fd57cb1c6,-2.6699219,1,0.3308333333333333,0.0647717
mendeley/extracted/Bangla Audio Dataset Original and DeepFake Voices for AI-Based Voice Analysis and Detection/Dataset/S6M02/Fake/21.wav,1,MEN,MEN-S6M02,TG:258e34608251b4c7,-11.4765625,1,0.3275,1.0370214e-05
mendeley/extracted/Bangla Audio Dataset Original and DeepFake Voices for AI-Based Voice Analysis and Detection/Dataset/S6M02/Fake/22.wav,1,MEN,MEN-S6M02,TG:29664288ed9e8509,-10.734375,1,0.3508333333333333,2.178265e-05
mendeley/extracted/Bangla Audio Dataset Original and DeepFake Voices for AI-Based Voice Analysis and Detection/Dataset/S6M02/Fake/23.wav,1,MEN,MEN-S6M02,TG:fcbf9ed932b2fbe3,-5.046875,1,0.4875,0.0063883206
mendeley/extracted/Bangla Audio Dataset Original and DeepFake Voices for AI-Based Voice Analysis and Detection/Dataset/S6M02/Fake/24.wav,1,MEN,MEN-S6M02,TG:836191849433d6d5,-15.2109375,1,0.4041666666666667,2.477272e-07
mendeley/extracted/Bangla Audio Dataset Original and DeepFake Voices for AI-Based Voice Analysis and Detection/Dataset/S6M02/Fake/25.wav,1,MEN,MEN-S6M02,TG:ea4035e74b42874c,-6.3164062,1,0.3275,0.0018031665
mendeley/extracted/Bangla Audio Dataset Original and DeepFake Voices for AI-Based Voice Analysis and Detection/Dataset/S6M02/Fake/26.wav,1,MEN,MEN-S6M02,TG:0417b85de8b01bab,-4.78125,1,0.4308333333333333,0.008315778
mendeley/extracted/Bangla Audio Dataset Original and DeepFake Voices for AI-Based Voice Analysis and Detection/Dataset/S6M02/Fake/27.wav,1,MEN,MEN-S6M02,TG:3bf9109f0212e1a8,-1.6816406,1,0.3991666666666666,0.15687834
mendeley/extracted/Bangla Audio Dataset Original and DeepFake Voices for AI-Based Voice Analysis and Detection/Dataset/S6M02/Fake/28.wav,1,MEN,MEN-S6M02,TG:f961d28234037075,-3.1640625,1,0.3675,0.04054074
mendeley/extracted/Bangla Audio Dataset Original and DeepFake Voices for AI-Based Voice Analysis and Detection/Dataset/S6M02/Fake/29.wav,1,MEN,MEN-S6M02,TG:b9495a9ec9da5af9,-4.75,1,0.5208333333333333,0.008577486
mendeley/extracted/Bangla Audio Dataset Original and DeepFake Voices for AI-Based Voice Analysis and Detection/Dataset/S6M02/Fake/3.wav,1,MEN,MEN-S6M02,TG:e7e6ed6b7a4edc68,-12.375,1,0.1541666666666666,4.2228335e-06
mendeley/extracted/Bangla Audio Dataset Original and DeepFake Voices for AI-Based Voice Analysis and Detection/Dataset/S6M02/Fake/30.wav,1,MEN,MEN-S6M02,TG:0279e708e7bea563,-8.6015625,1,0.5341666666666667,0.00018378458
mendeley/extracted/Bangla Audio Dataset Original and DeepFake Voices for AI-Based Voice Analysis and Detection/Dataset/S6M02/Fake/4.wav,1,MEN,MEN-S6M02,TG:bdf706ddf2da8f1f,-6.0390625,1,0.3774999999999999,0.0023781238
mendeley/extracted/Bangla Audio Dataset Original and DeepFake Voices for AI-Based Voice Analysis and Detection/Dataset/S6M02/Fake/5.wav,1,MEN,MEN-S6M02,TG:45be873ef4d69213,-11.09375,1,0.3525,1.520684e-05
mendeley/extracted/Bangla Audio Dataset Original and DeepFake Voices for AI-Based Voice Analysis and Detection/Dataset/S6M02/Fake/6.wav,1,MEN,MEN-S6M02,TG:a9fde75db394091a,-5.0195312,1,0.4408333333333333,0.0065642493
mendeley/extracted/Bangla Audio Dataset Original and DeepFake Voices for AI-Based Voice Analysis and Detection/Dataset/S6M02/Fake/7.wav,1,MEN,MEN-S6M02,TG:5be625d46c6a6e73,-6.6796875,1,0.0725,0.0012545944
mendeley/extracted/Bangla Audio Dataset Original and DeepFake Voices for AI-Based Voice Analysis and Detection/Dataset/S6M02/Fake/8.wav,1,MEN,MEN-S6M02,TG:78ae5535499f2f6b,-12.2265625,1,0.2008333333333333,4.8985694e-06
mendeley/extracted/Bangla Audio Dataset Original and DeepFake Voices for AI-Based Voice Analysis and Detection/Dataset/S6M02/Fake/9.wav,1,MEN,MEN-S6M02,TG:ea1c20689c6cd1cb,-8.015625,1,0.1474999999999999,0.00033015275
mendeley/extracted/Bangla Audio Dataset Original and DeepFake Voices for AI-Based Voice Analysis and Detection/Dataset/S6M02/Real/1.wav,0,MEN,MEN-S6M02,TG:68335bcc60eb3cac,-13.0390625,1,0.5008333333333334,2.1737328e-06
mendeley/extracted/Bangla Audio Dataset Original and DeepFake Voices for AI-Based Voice Analysis and Detection/Dataset/S6M02/Real/10.wav,0,MEN,MEN-S6M02,TG:e15f93590e7860a4,-12.4765625,1,0.3841666666666666,3.8150138e-06
mendeley/extracted/Bangla Audio Dataset Original and DeepFake Voices for AI-Based Voice Analysis and Detection/Dataset/S6M02/Real/11.wav,0,MEN,MEN-S6M02,TG:d013e21519294471,-15.015625,1,0.4341666666666667,3.0115967e-07
mendeley/extracted/Bangla Audio Dataset Original and DeepFake Voices for AI-Based Voice Analysis and Detection/Dataset/S6M02/Real/12.wav,0,MEN,MEN-S6M02,TG:36bbea584b595983,-6.0429688,1,0.5341666666666667,0.0023688744
mendeley/extracted/Bangla Audio Dataset Original and DeepFake Voices for AI-Based Voice Analysis and Detection/Dataset/S6M02/Real/13.wav,0,MEN,MEN-S6M02,TG:448ba8616f75dbd9,-10.9375,1,0.4008333333333334,1.7778553e-05
mendeley/extracted/Bangla Audio Dataset Original and DeepFake Voices for AI-Based Voice Analysis and Detection/Dataset/S6M02/Real/14.wav,0,MEN,MEN-S6M02,TG:fccde5258a724e5b,-11.578125,1,0.3675,9.368717e-06
mendeley/extracted/Bangla Audio Dataset Original and DeepFake Voices for AI-Based Voice Analysis and Detection/Dataset/S6M02/Real/15.wav,0,MEN,MEN-S6M02,TG:153cebedfe6b30fd,-14.796875,1,0.3675,3.747992e-07
mendeley/extracted/Bangla Audio Dataset Original and DeepFake Voices for AI-Based Voice Analysis and Detection/Dataset/S6M02/Real/16.wav,0,MEN,MEN-S6M02,TG:5c7003922e4c7b58,-11.046875,1,0.4841666666666666,1.593662e-05
mendeley/extracted/Bangla Audio Dataset Original and DeepFake Voices for AI-Based Voice Analysis and Detection/Dataset/S6M02/Real/17.wav,0,MEN,MEN-S6M02,TG:80ca3c12226c16f7,-11.1796875,1,0.4341666666666667,1.3954598e-05
mendeley/extracted/Bangla Audio Dataset Original and DeepFake Voices for AI-Based Voice Analysis and Detection/Dataset/S6M02/Real/18.wav,0,MEN,MEN-S6M02,TG:8a448ea3072baf86,-4.1640625,1,0.4841666666666666,0.0153063545
mendeley/extracted/Bangla Audio Dataset Original and DeepFake Voices for AI-Based Voice Analysis and Detection/Dataset/S6M02/Real/19.wav,0,MEN,MEN-S6M02,TG:17da6e6a5329ede6,-4.5976562,1,0.5008333333333334,0.009974921
mendeley/extracted/Bangla Audio Dataset Original and DeepFake Voices for AI-Based Voice Analysis and Detection/Dataset/S6M02/Real/2.wav,0,MEN,MEN-S6M02,TG:992df96e94bc9811,-20.671875,1,0.4341666666666667,1.0527342e-09
mendeley/extracted/Bangla Audio Dataset Original and DeepFake Voices for AI-Based Voice Analysis and Detection/Dataset/S6M02/Real/20.wav,0,MEN,MEN-S6M02,TG:b9777a1fd57cb1c6,-9.9921875,1,0.4508333333333333,4.5753914e-05
mendeley/extracted/Bangla Audio Dataset Original and DeepFake Voices for AI-Based Voice Analysis and Detection/Dataset/S6M02/Real/21.wav,0,MEN,MEN-S6M02,TG:258e34608251b4c7,-12.96875,1,0.5341666666666667,2.3320747e-06
mendeley/extracted/Bangla Audio Dataset Original and DeepFake Voices for AI-Based Voice Analysis and Detection/Dataset/S6M02/Real/22.wav,0,MEN,MEN-S6M02,TG:29664288ed9e8509,-15.890625,1,0.6025,1.2554203e-07
mendeley/extracted/Bangla Audio Dataset Original and DeepFake Voices for AI-Based Voice Analysis and Detection/Dataset/S6M02/Real/23.wav,0,MEN,MEN-S6M02,TG:fcbf9ed932b2fbe3,-11.5625,1,0.4508333333333333,9.516251e-06
mendeley/extracted/Bangla Audio Dataset Original and DeepFake Voices for AI-Based Voice Analysis and Detection/Dataset/S6M02/Real/24.wav,0,MEN,MEN-S6M02,TG:836191849433d6d5,-13.7109375,1,0.4341666666666667,1.1102353e-06
mendeley/extracted/Bangla Audio Dataset Original and DeepFake Voices for AI-Based Voice Analysis and Detection/Dataset/S6M02/Real/25.wav,0,MEN,MEN-S6M02,TG:ea4035e74b42874c,-15.6171875,1,0.4175,1.650219e-07
mendeley/extracted/Bangla Audio Dataset Original and DeepFake Voices for AI-Based Voice Analysis and Detection/Dataset/S6M02/Real/26.wav,0,MEN,MEN-S6M02,TG:0417b85de8b01bab,-9.6171875,1,0.4508333333333333,6.657017e-05
mendeley/extracted/Bangla Audio Dataset Original and DeepFake Voices for AI-Based Voice Analysis and Detection/Dataset/S6M02/Real/27.wav,0,MEN,MEN-S6M02,TG:3bf9109f0212e1a8,-15.53125,1,0.4341666666666667,1.7983066e-07
mendeley/extracted/Bangla Audio Dataset Original and DeepFake Voices for AI-Based Voice Analysis and Detection/Dataset/S6M02/Real/28.wav,0,MEN,MEN-S6M02,TG:f961d28234037075,-14.25,1,0.3508333333333333,6.475948e-07
mendeley/extracted/Bangla Audio Dataset Original and DeepFake Voices for AI-Based Voice Analysis and Detection/Dataset/S6M02/Real/29.wav,0,MEN,MEN-S6M02,TG:b9495a9ec9da5af9,-10.15625,1,0.4908333333333333,3.883111e-05
mendeley/extracted/Bangla Audio Dataset Original and DeepFake Voices for AI-Based Voice Analysis and Detection/Dataset/S6M02/Real/3.wav,0,MEN,MEN-S6M02,TG:e7e6ed6b7a4edc68,-25.53125,1,0.3924999999999999,8.164301e-12
mendeley/extracted/Bangla Audio Dataset Original and DeepFake Voices for AI-Based Voice Analysis and Detection/Dataset/S6M02/Real/30.wav,0,MEN,MEN-S6M02,TG:0279e708e7bea563,-9.4765625,1,0.5508333333333333,7.662102e-05
mendeley/extracted/Bangla Audio Dataset Original and DeepFake Voices for AI-Based Voice Analysis and Detection/Dataset/S6M02/Real/4.wav,0,MEN,MEN-S6M02,TG:bdf706ddf2da8f1f,-7.8164062,1,0.3508333333333333,0.0004029052
mendeley/extracted/Bangla Audio Dataset Original and DeepFake Voices for AI-Based Voice Analysis and Detection/Dataset/S6M02/Real/5.wav,0,MEN,MEN-S6M02,TG:45be873ef4d69213,-16.859375,1,0.4508333333333333,4.765039e-08
mendeley/extracted/Bangla Audio Dataset Original and DeepFake Voices for AI-Based Voice Analysis and Detection/Dataset/S6M02/Real/6.wav,0,MEN,MEN-S6M02,TG:a9fde75db394091a,-13.265625,1,0.5825,1.7330517e-06
mendeley/extracted/Bangla Audio Dataset Original and DeepFake Voices for AI-Based Voice Analysis and Detection/Dataset/S6M02/Real/7.wav,0,MEN,MEN-S6M02,TG:5be625d46c6a6e73,-17.734375,1,0.5341666666666667,1.9863638e-08
mendeley/extracted/Bangla Audio Dataset Original and DeepFake Voices for AI-Based Voice Analysis and Detection/Dataset/S6M02/Real/8.wav,0,MEN,MEN-S6M02,TG:78ae5535499f2f6b,-16.546875,1,0.5041666666666667,6.5130365e-08
mendeley/extracted/Bangla Audio Dataset Original and DeepFake Voices for AI-Based Voice Analysis and Detection/Dataset/S6M02/Real/9.wav,0,MEN,MEN-S6M02,TG:ea1c20689c6cd1cb,-11.8046875,1,0.4508333333333333,7.469407e-06
mendeley/extracted/Bangla Audio Dataset Original and DeepFake Voices for AI-Based Voice Analysis and Detection/Dataset/S6M05/Fake/1.wav,1,MEN,MEN-S6M05,TG:68335bcc60eb3cac,-3.9667969,1,0.5291666666666667,0.018582148
mendeley/extracted/Bangla Audio Dataset Original and DeepFake Voices for AI-Based Voice Analysis and Detection/Dataset/S6M05/Fake/10.wav,1,MEN,MEN-S6M05,TG:e15f93590e7860a4,-11.8515625,1,0.2225,7.12736e-06
mendeley/extracted/Bangla Audio Dataset Original and DeepFake Voices for AI-Based Voice Analysis and Detection/Dataset/S6M05/Fake/11.wav,1,MEN,MEN-S6M05,TG:d013e21519294471,-6.5859375,1,0.3625,0.0013777327
mendeley/extracted/Bangla Audio Dataset Original and DeepFake Voices for AI-Based Voice Analysis and Detection/Dataset/S6M05/Fake/12.wav,1,MEN,MEN-S6M05,TG:36bbea584b595983,-9.8046875,1,0.4741666666666666,5.5189234e-05
mendeley/extracted/Bangla Audio Dataset Original and DeepFake Voices for AI-Based Voice Analysis and Detection/Dataset/S6M05/Fake/13.wav,1,MEN,MEN-S6M05,TG:448ba8616f75dbd9,-8.9375,1,0.4225,0.0001313518
mendeley/extracted/Bangla Audio Dataset Original and DeepFake Voices for AI-Based Voice Analysis and Detection/Dataset/S6M05/Fake/14.wav,1,MEN,MEN-S6M05,TG:fccde5258a724e5b,-10.921875,1,0.2674999999999999,1.805852e-05
mendeley/extracted/Bangla Audio Dataset Original and DeepFake Voices for AI-Based Voice Analysis and Detection/Dataset/S6M05/Fake/15.wav,1,MEN,MEN-S6M05,TG:153cebedfe6b30fd,-6.7109375,1,0.2508333333333333,0.0012160416
mendeley/extracted/Bangla Audio Dataset Original and DeepFake Voices for AI-Based Voice Analysis and Detection/Dataset/S6M05/Fake/16.wav,1,MEN,MEN-S6M05,TG:5c7003922e4c7b58,-8.9296875,1,0.3475,0.00013238186
mendeley/extracted/Bangla Audio Dataset Original and DeepFake Voices for AI-Based Voice Analysis and Detection/Dataset/S6M05/Fake/17.wav,1,MEN,MEN-S6M05,TG:80ca3c12226c16f7,-5.6367188,1,0.4108333333333334,0.0035518846
mendeley/extracted/Bangla Audio Dataset Original and DeepFake Voices for AI-Based Voice Analysis and Detection/Dataset/S6M05/Fake/18.wav,1,MEN,MEN-S6M05,TG:8a448ea3072baf86,-10.640625,1,0.3774999999999999,2.392351e-05
mendeley/extracted/Bangla Audio Dataset Original and DeepFake Voices for AI-Based Voice Analysis and Detection/Dataset/S6M05/Fake/19.wav,1,MEN,MEN-S6M05,TG:17da6e6a5329ede6,-3.1191406,1,0.5175000000000001,0.04232459
mendeley/extracted/Bangla Audio Dataset Original and DeepFake Voices for AI-Based Voice Analysis and Detection/Dataset/S6M05/Fake/2.wav,1,MEN,MEN-S6M05,TG:992df96e94bc9811,-12.3359375,1,0.3675,4.391051e-06
mendeley/extracted/Bangla Audio Dataset Original and DeepFake Voices for AI-Based Voice Analysis and Detection/Dataset/S6M05/Fake/20.wav,1,MEN,MEN-S6M05,TG:b9777a1fd57cb1c6,-1.3896484,1,0.3558333333333333,0.19946387
mendeley/extracted/Bangla Audio Dataset Original and DeepFake Voices for AI-Based Voice Analysis and Detection/Dataset/S6M05/Fake/21.wav,1,MEN,MEN-S6M05,TG:258e34608251b4c7,-12.8046875,1,0.3858333333333333,2.7478543e-06
mendeley/extracted/Bangla Audio Dataset Original and DeepFake Voices for AI-Based Voice Analysis and Detection/Dataset/S6M05/Fake/22.wav,1,MEN,MEN-S6M05,TG:29664288ed9e8509,-15.5,1,0.3441666666666666,1.8553911e-07
mendeley/extracted/Bangla Audio Dataset Original and DeepFake Voices for AI-Based Voice Analysis and Detection/Dataset/S6M05/Fake/23.wav,1,MEN,MEN-S6M05,TG:fcbf9ed932b2fbe3,3.125,1,0.4925,0.95791227
mendeley/extracted/Bangla Audio Dataset Original and DeepFake Voices for AI-Based Voice Analysis and Detection/Dataset/S6M05/Fake/24.wav,1,MEN,MEN-S6M05,TG:836191849433d6d5,-13.28125,1,0.4441666666666667,1.7061831e-06
mendeley/extracted/Bangla Audio Dataset Original and DeepFake Voices for AI-Based Voice Analysis and Detection/Dataset/S6M05/Fake/25.wav,1,MEN,MEN-S6M05,TG:ea4035e74b42874c,-11.6640625,1,0.3075,8.597226e-06
mendeley/extracted/Bangla Audio Dataset Original and DeepFake Voices for AI-Based Voice Analysis and Detection/Dataset/S6M05/Fake/26.wav,1,MEN,MEN-S6M05,TG:0417b85de8b01bab,-8.78125,1,0.4408333333333333,0.0001535624
mendeley/extracted/Bangla Audio Dataset Original and DeepFake Voices for AI-Based Voice Analysis and Detection/Dataset/S6M05/Fake/27.wav,1,MEN,MEN-S6M05,TG:3bf9109f0212e1a8,-9.59375,1,0.4008333333333334,6.814872e-05
mendeley/extracted/Bangla Audio Dataset Original and DeepFake Voices for AI-Based Voice Analysis and Detection/Dataset/S6M05/Fake/28.wav,1,MEN,MEN-S6M05,TG:f961d28234037075,-11.9921875,1,0.3391666666666666,6.192364e-06
mendeley/extracted/Bangla Audio Dataset Original and DeepFake Voices for AI-Based Voice Analysis and Detection/Dataset/S6M05/Fake/29.wav,1,MEN,MEN-S6M05,TG:b9495a9ec9da5af9,-11.65625,1,0.3874999999999999,8.664653e-06
mendeley/extracted/Bangla Audio Dataset Original and DeepFake Voices for AI-Based Voice Analysis and Detection/Dataset/S6M05/Fake/3.wav,1,MEN,MEN-S6M05,TG:e7e6ed6b7a4edc68,-4.1679688,1,0.1308333333333333,0.01524759
mendeley/extracted/Bangla Audio Dataset Original and DeepFake Voices for AI-Based Voice Analysis and Detection/Dataset/S6M05/Fake/30.wav,1,MEN,MEN-S6M05,TG:0279e708e7bea563,-9.6796875,1,0.5208333333333333,6.253713e-05
mendeley/extracted/Bangla Audio Dataset Original and DeepFake Voices for AI-Based Voice Analysis and Detection/Dataset/S6M05/Fake/4.wav,1,MEN,MEN-S6M05,TG:bdf706ddf2da8f1f,-8.90625,1,0.3325,0.0001355208
mendeley/extracted/Bangla Audio Dataset Original and DeepFake Voices for AI-Based Voice Analysis and Detection/Dataset/S6M05/Fake/5.wav,1,MEN,MEN-S6M05,TG:45be873ef4d69213,-7.71875,1,0.3625,0.00044421834
mendeley/extracted/Bangla Audio Dataset Original and DeepFake Voices for AI-Based Voice Analysis and Detection/Dataset/S6M05/Fake/6.wav,1,MEN,MEN-S6M05,TG:a9fde75db394091a,-4.7304688,1,0.4408333333333333,0.008745182
mendeley/extracted/Bangla Audio Dataset Original and DeepFake Voices for AI-Based Voice Analysis and Detection/Dataset/S6M05/Fake/7.wav,1,MEN,MEN-S6M05,TG:5be625d46c6a6e73,-0.76171875,1,0.2041666666666667,0.31827322
mendeley/extracted/Bangla Audio Dataset Original and DeepFake Voices for AI-Based Voice Analysis and Detection/Dataset/S6M05/Fake/8.wav,1,MEN,MEN-S6M05,TG:78ae5535499f2f6b,-13.1640625,1,0.2458333333333333,1.918313e-06
mendeley/extracted/Bangla Audio Dataset Original and DeepFake Voices for AI-Based Voice Analysis and Detection/Dataset/S6M05/Fake/9.wav,1,MEN,MEN-S6M05,TG:ea1c20689c6cd1cb,-10.3359375,1,0.0875,3.2444812e-05
mendeley/extracted/Bangla Audio Dataset Original and DeepFake Voices for AI-Based Voice Analysis and Detection/Dataset/S6M05/Real/1.wav,0,MEN,MEN-S6M05,TG:68335bcc60eb3cac,-3.8417969,1,0.6008333333333333,0.021004368
mendeley/extracted/Bangla Audio Dataset Original and DeepFake Voices for AI-Based Voice Analysis and Detection/Dataset/S6M05/Real/10.wav,0,MEN,MEN-S6M05,TG:e15f93590e7860a4,4.765625,1,0.4508333333333333,0.99155444
mendeley/extracted/Bangla Audio Dataset Original and DeepFake Voices for AI-Based Voice Analysis and Detection/Dataset/S6M05/Real/11.wav,0,MEN,MEN-S6M05,TG:d013e21519294471,4.984375,1,0.5675,0.9932025
mendeley/extracted/Bangla Audio Dataset Original and DeepFake Voices for AI-Based Voice Analysis and Detection/Dataset/S6M05/Real/12.wav,0,MEN,MEN-S6M05,TG:36bbea584b595983,4.1796875,1,0.5008333333333334,0.9849274
mendeley/extracted/Bangla Audio Dataset Original and DeepFake Voices for AI-Based Voice Analysis and Detection/Dataset/S6M05/Real/13.wav,0,MEN,MEN-S6M05,TG:448ba8616f75dbd9,2.3828125,1,0.4508333333333333,0.91550726
mendeley/extracted/Bangla Audio Dataset Original and DeepFake Voices for AI-Based Voice Analysis and Detection/Dataset/S6M05/Real/14.wav,0,MEN,MEN-S6M05,TG:fccde5258a724e5b,-4.1484375,1,0.4675,0.015543648
mendeley/extracted/Bangla Audio Dataset Original and DeepFake Voices for AI-Based Voice Analysis and Detection/Dataset/S6M05/Real/15.wav,0,MEN,MEN-S6M05,TG:153cebedfe6b30fd,9.2734375,1,0.3508333333333333,0.99990606
mendeley/extracted/Bangla Audio Dataset Original and DeepFake Voices for AI-Based Voice Analysis and Detection/Dataset/S6M05/Real/16.wav,0,MEN,MEN-S6M05,TG:5c7003922e4c7b58,2.3730469,1,0.4675,0.9147487
mendeley/extracted/Bangla Audio Dataset Original and DeepFake Voices for AI-Based Voice Analysis and Detection/Dataset/S6M05/Real/17.wav,0,MEN,MEN-S6M05,TG:80ca3c12226c16f7,5.3515625,1,0.3841666666666666,0.99528164
mendeley/extracted/Bangla Audio Dataset Original and DeepFake Voices for AI-Based Voice Analysis and Detection/Dataset/S6M05/Real/18.wav,0,MEN,MEN-S6M05,TG:8a448ea3072baf86,-1.4443359,1,0.4675,0.19087479
mendeley/extracted/Bangla Audio Dataset Original and DeepFake Voices for AI-Based Voice Analysis and Detection/Dataset/S6M05/Real/19.wav,0,MEN,MEN-S6M05,TG:17da6e6a5329ede6,2.0117188,1,0.4175,0.882022
mendeley/extracted/Bangla Audio Dataset Original and DeepFake Voices for AI-Based Voice Analysis and Detection/Dataset/S6M05/Real/2.wav,0,MEN,MEN-S6M05,TG:992df96e94bc9811,3.3339844,1,0.5175000000000001,0.96557647
mendeley/extracted/Bangla Audio Dataset Original and DeepFake Voices for AI-Based Voice Analysis and Detection/Dataset/S6M05/Real/20.wav,0,MEN,MEN-S6M05,TG:b9777a1fd57cb1c6,2.7265625,1,0.3675,0.938576
mendeley/extracted/Bangla Audio Dataset Original and DeepFake Voices for AI-Based Voice Analysis and Detection/Dataset/S6M05/Real/21.wav,0,MEN,MEN-S6M05,TG:258e34608251b4c7,2.4921875,1,0.3841666666666666,0.92359227
mendeley/extracted/Bangla Audio Dataset Original and DeepFake Voices for AI-Based Voice Analysis and Detection/Dataset/S6M05/Real/22.wav,0,MEN,MEN-S6M05,TG:29664288ed9e8509,3.5703125,1,0.3841666666666666,0.97262347
mendeley/extracted/Bangla Audio Dataset Original and DeepFake Voices for AI-Based Voice Analysis and Detection/Dataset/S6M05/Real/23.wav,0,MEN,MEN-S6M05,TG:fcbf9ed932b2fbe3,5.5507812,1,0.4675,0.9961306
mendeley/extracted/Bangla Audio Dataset Original and DeepFake Voices for AI-Based Voice Analysis and Detection/Dataset/S6M05/Real/24.wav,0,MEN,MEN-S6M05,TG:836191849433d6d5,3.3359375,1,0.3341666666666666,0.9656413
mendeley/extracted/Bangla Audio Dataset Original and DeepFake Voices for AI-Based Voice Analysis and Detection/Dataset/S6M05/Real/25.wav,0,MEN,MEN-S6M05,TG:ea4035e74b42874c,-0.58154297,1,0.3341666666666666,0.35857764
mendeley/extracted/Bangla Audio Dataset Original and DeepFake Voices for AI-Based Voice Analysis and Detection/Dataset/S6M05/Real/26.wav,0,MEN,MEN-S6M05,TG:0417b85de8b01bab,6.1796875,1,0.3675,0.99793327
mendeley/extracted/Bangla Audio Dataset Original and DeepFake Voices for AI-Based Voice Analysis and Detection/Dataset/S6M05/Real/27.wav,0,MEN,MEN-S6M05,TG:3bf9109f0212e1a8,0.8720703,1,0.4341666666666667,0.7051763
mendeley/extracted/Bangla Audio Dataset Original and DeepFake Voices for AI-Based Voice Analysis and Detection/Dataset/S6M05/Real/28.wav,0,MEN,MEN-S6M05,TG:f961d28234037075,-6.0234375,1,0.3508333333333333,0.0024154831
mendeley/extracted/Bangla Audio Dataset Original and DeepFake Voices for AI-Based Voice Analysis and Detection/Dataset/S6M05/Real/29.wav,0,MEN,MEN-S6M05,TG:b9495a9ec9da5af9,3.8652344,1,0.5008333333333334,0.97947216
mendeley/extracted/Bangla Audio Dataset Original and DeepFake Voices for AI-Based Voice Analysis and Detection/Dataset/S6M05/Real/3.wav,0,MEN,MEN-S6M05,TG:e7e6ed6b7a4edc68,1.8369141,1,0.4175,0.8625833
mendeley/extracted/Bangla Audio Dataset Original and DeepFake Voices for AI-Based Voice Analysis and Detection/Dataset/S6M05/Real/30.wav,0,MEN,MEN-S6M05,TG:0279e708e7bea563,-3.3457031,1,0.5675,0.034036152
mendeley/extracted/Bangla Audio Dataset Original and DeepFake Voices for AI-Based Voice Analysis and Detection/Dataset/S6M05/Real/4.wav,0,MEN,MEN-S6M05,TG:bdf706ddf2da8f1f,-1.8398438,1,0.5508333333333333,0.13706978
mendeley/extracted/Bangla Audio Dataset Original and DeepFake Voices for AI-Based Voice Analysis and Detection/Dataset/S6M05/Real/5.wav,0,MEN,MEN-S6M05,TG:45be873ef4d69213,-6.1132812,1,0.5341666666666667,0.0022083889
mendeley/extracted/Bangla Audio Dataset Original and DeepFake Voices for AI-Based Voice Analysis and Detection/Dataset/S6M05/Real/6.wav,0,MEN,MEN-S6M05,TG:a9fde75db394091a,-5.6015625,1,0.4675,0.003678509
mendeley/extracted/Bangla Audio Dataset Original and DeepFake Voices for AI-Based Voice Analysis and Detection/Dataset/S6M05/Real/7.wav,0,MEN,MEN-S6M05,TG:5be625d46c6a6e73,5.0234375,1,0.4008333333333334,0.99346113
mendeley/extracted/Bangla Audio Dataset Original and DeepFake Voices for AI-Based Voice Analysis and Detection/Dataset/S6M05/Real/8.wav,0,MEN,MEN-S6M05,TG:78ae5535499f2f6b,-7.3203125,1,0.4175,0.0006615174
mendeley/extracted/Bangla Audio Dataset Original and DeepFake Voices for AI-Based Voice Analysis and Detection/Dataset/S6M05/Real/9.wav,0,MEN,MEN-S6M05,TG:ea1c20689c6cd1cb,1.8115234,1,0.4841666666666666,0.8595459
mendeley/extracted/Bangla Audio Dataset Original and DeepFake Voices for AI-Based Voice Analysis and Detection/Dataset/S7F04/Fake/1.wav,1,MEN,MEN-S7F04,TG:e7a787eae2aadd63,-13.921875,1,0.4975,8.990961e-07
mendeley/extracted/Bangla Audio Dataset Original and DeepFake Voices for AI-Based Voice Analysis and Detection/Dataset/S7F04/Fake/10.wav,1,MEN,MEN-S7F04,TG:b6cccc89a145b946,-14.515625,1,0.4008333333333334,4.9652823e-07
mendeley/extracted/Bangla Audio Dataset Original and DeepFake Voices for AI-Based Voice Analysis and Detection/Dataset/S7F04/Fake/11.wav,1,MEN,MEN-S7F04,TG:e3a0955d69b2e8ce,-19.90625,1,0.6125,2.2637345e-09
mendeley/extracted/Bangla Audio Dataset Original and DeepFake Voices for AI-Based Voice Analysis and Detection/Dataset/S7F04/Fake/12.wav,1,MEN,MEN-S7F04,TG:fbaa8ee664289e26,-8.9921875,1,0.4458333333333333,0.00012436225
mendeley/extracted/Bangla Audio Dataset Original and DeepFake Voices for AI-Based Voice Analysis and Detection/Dataset/S7F04/Fake/13.wav,1,MEN,MEN-S7F04,TG:b315345b73c7782e,-10.0546875,1,0.5291666666666667,4.298194e-05
mendeley/extracted/Bangla Audio Dataset Original and DeepFake Voices for AI-Based Voice Analysis and Detection/Dataset/S7F04/Fake/14.wav,1,MEN,MEN-S7F04,TG:571ef3400a5435e2,-14.0078125,1,0.4608333333333333,8.25057e-07
mendeley/extracted/Bangla Audio Dataset Original and DeepFake Voices for AI-Based Voice Analysis and Detection/Dataset/S7F04/Fake/15.wav,1,MEN,MEN-S7F04,TG:68cc478016d585cf,-14.8359375,1,0.4608333333333333,3.6044088e-07
mendeley/extracted/Bangla Audio Dataset Original and DeepFake Voices for AI-Based Voice Analysis and Detection/Dataset/S7F04/Fake/16.wav,1,MEN,MEN-S7F04,TG:8a409d6261087b5b,-10.8515625,1,0.5241666666666667,1.9373938e-05
mendeley/extracted/Bangla Audio Dataset Original and DeepFake Voices for AI-Based Voice Analysis and Detection/Dataset/S7F04/Fake/17.wav,1,MEN,MEN-S7F04,TG:3895276c9cd52a4f,-9.328125,1,0.5141666666666667,8.888084e-05
mendeley/extracted/Bangla Audio Dataset Original and DeepFake Voices for AI-Based Voice Analysis and Detection/Dataset/S7F04/Fake/18.wav,1,MEN,MEN-S7F04,TG:71e5c9ea38e22419,-13.7421875,1,0.4841666666666666,1.076077e-06
mendeley/extracted/Bangla Audio Dataset Original and DeepFake Voices for AI-Based Voice Analysis and Detection/Dataset/S7F04/Fake/19.wav,1,MEN,MEN-S7F04,TG:b1cbde63bd64a611,-18.859375,1,0.1975,6.4487793e-09
mendeley/extracted/Bangla Audio Dataset Original and DeepFake Voices for AI-Based Voice Analysis and Detection/Dataset/S7F04/Fake/2.wav,1,MEN,MEN-S7F04,TG:35e8d8c301bdd724,-13.859375,1,0.3974999999999999,9.570828e-07
mendeley/extracted/Bangla Audio Dataset Original and DeepFake Voices for AI-Based Voice Analysis and Detection/Dataset/S7F04/Fake/20.wav,1,MEN,MEN-S7F04,TG:4eede860135e46e0,-13.5546875,1,0.4941666666666666,1.2979963e-06
mendeley/extracted/Bangla Audio Dataset Original and DeepFake Voices for AI-Based Voice Analysis and Detection/Dataset/S7F04/Fake/21.wav,1,MEN,MEN-S7F04,TG:4e327253a4899166,-26.203125,1,0.4291666666666667,4.169917e-12
mendeley/extracted/Bangla Audio Dataset Original and DeepFake Voices for AI-Based Voice Analysis and Detection/Dataset/S7F04/Fake/22.wav,1,MEN,MEN-S7F04,TG:8e687e6d6eee3110,-14.828125,1,0.4841666666666666,3.6326787e-07
mendeley/extracted/Bangla Audio Dataset Original and DeepFake Voices for AI-Based Voice Analysis and Detection/Dataset/S7F04/Fake/23.wav,1,MEN,MEN-S7F04,TG:79f5ecabaa235f39,-16.203125,1,0.4541666666666667,9.184853e-08
mendeley/extracted/Bangla Audio Dataset Original and DeepFake Voices for AI-Based Voice Analysis and Detection/Dataset/S7F04/Fake/24.wav,1,MEN,MEN-S7F04,TG:56c4a127e94b529e,-12.28125,1,0.4841666666666666,4.637873e-06
mendeley/extracted/Bangla Audio Dataset Original and DeepFake Voices for AI-Based Voice Analysis and Detection/Dataset/S7F04/Fake/25.wav,1,MEN,MEN-S7F04,TG:0c4b996c57ad3a91,-3.4609375,1,0.4941666666666666,0.03044435
mendeley/extracted/Bangla Audio Dataset Original and DeepFake Voices for AI-Based Voice Analysis and Detection/Dataset/S7F04/Fake/26.wav,1,MEN,MEN-S7F04,TG:623c9bc53763d833,-11.0,1,0.3974999999999999,1.6701422e-05
mendeley/extracted/Bangla Audio Dataset Original and DeepFake Voices for AI-Based Voice Analysis and Detection/Dataset/S7F04/Fake/27.wav,1,MEN,MEN-S7F04,TG:3b9d2469ed9fecdf,-13.0546875,1,0.5258333333333334,2.1400322e-06
mendeley/extracted/Bangla Audio Dataset Original and DeepFake Voices for AI-Based Voice Analysis and Detection/Dataset/S7F04/Fake/28.wav,1,MEN,MEN-S7F04,TG:299dcf88a7bd7e02,-14.671875,1,0.5341666666666667,4.247031e-07
mendeley/extracted/Bangla Audio Dataset Original and DeepFake Voices for AI-Based Voice Analysis and Detection/Dataset/S7F04/Fake/29.wav,1,MEN,MEN-S7F04,TG:50986d508a0b6329,-15.8671875,1,0.5041666666666667,1.2851919e-07
mendeley/extracted/Bangla Audio Dataset Original and DeepFake Voices for AI-Based Voice Analysis and Detection/Dataset/S7F04/Fake/3.wav,1,MEN,MEN-S7F04,TG:0482b7506606c32f,-19.296875,1,0.5691666666666666,4.163645e-09
mendeley/extracted/Bangla Audio Dataset Original and DeepFake Voices for AI-Based Voice Analysis and Detection/Dataset/S7F04/Fake/30.wav,1,MEN,MEN-S7F04,TG:39761131a871177e,-10.765625,1,0.4658333333333333,2.1112483e-05
mendeley/extracted/Bangla Audio Dataset Original and DeepFake Voices for AI-Based Voice Analysis and Detection/Dataset/S7F04/Fake/4.wav,1,MEN,MEN-S7F04,TG:b56423de78c5c27e,-9.7421875,1,0.5141666666666667,5.874842e-05
mendeley/extracted/Bangla Audio Dataset Original and DeepFake Voices for AI-Based Voice Analysis and Detection/Dataset/S7F04/Fake/5.wav,1,MEN,MEN-S7F04,TG:538c010dab2f3679,-7.1015625,1,0.4508333333333333,0.00082313863
mendeley/extracted/Bangla Audio Dataset Original and DeepFake Voices for AI-Based Voice Analysis and Detection/Dataset/S7F04/Fake/6.wav,1,MEN,MEN-S7F04,TG:2c57d29c7fa122ba,-15.2421875,1,0.5941666666666667,2.401054e-07
mendeley/extracted/Bangla Audio Dataset Original and DeepFake Voices for AI-Based Voice Analysis and Detection/Dataset/S7F04/Fake/7.wav,1,MEN,MEN-S7F04,TG:5403d84ab3fbd6ab,-16.0625,1,0.5075000000000001,1.0571699e-07
mendeley/extracted/Bangla Audio Dataset Original and DeepFake Voices for AI-Based Voice Analysis and Detection/Dataset/S7F04/Fake/8.wav,1,MEN,MEN-S7F04,TG:350a439fb9ac1017,-12.0234375,1,0.4808333333333333,6.001846e-06
mendeley/extracted/Bangla Audio Dataset Original and DeepFake Voices for AI-Based Voice Analysis and Detection/Dataset/S7F04/Fake/9.wav,1,MEN,MEN-S7F04,TG:fe872bec1d5fec5d,-18.125,1,0.4575,1.3440411e-08
mendeley/extracted/Bangla Audio Dataset Original and DeepFake Voices for AI-Based Voice Analysis and Detection/Dataset/S7F04/Real/1.wav,0,MEN,MEN-S7F04,TG:e7a787eae2aadd63,9.3359375,1,0.4675,0.9999118
mendeley/extracted/Bangla Audio Dataset Original and DeepFake Voices for AI-Based Voice Analysis and Detection/Dataset/S7F04/Real/10.wav,0,MEN,MEN-S7F04,TG:b6cccc89a145b946,8.609375,1,0.5175000000000001,0.99981767
mendeley/extracted/Bangla Audio Dataset Original and DeepFake Voices for AI-Based Voice Analysis and Detection/Dataset/S7F04/Real/11.wav,0,MEN,MEN-S7F04,TG:e3a0955d69b2e8ce,4.3398438,1,0.4341666666666667,0.9871293
mendeley/extracted/Bangla Audio Dataset Original and DeepFake Voices for AI-Based Voice Analysis and Detection/Dataset/S7F04/Real/12.wav,0,MEN,MEN-S7F04,TG:fbaa8ee664289e26,8.1484375,1,0.4508333333333333,0.99971086
mendeley/extracted/Bangla Audio Dataset Original and DeepFake Voices for AI-Based Voice Analysis and Detection/Dataset/S7F04/Real/13.wav,0,MEN,MEN-S7F04,TG:b315345b73c7782e,4.4960938,1,0.4341666666666667,0.9889705
mendeley/extracted/Bangla Audio Dataset Original and DeepFake Voices for AI-Based Voice Analysis and Detection/Dataset/S7F04/Real/14.wav,0,MEN,MEN-S7F04,TG:571ef3400a5435e2,8.6015625,1,0.4841666666666666,0.99981624
mendeley/extracted/Bangla Audio Dataset Original and DeepFake Voices for AI-Based Voice Analysis and Detection/Dataset/S7F04/Real/15.wav,0,MEN,MEN-S7F04,TG:68cc478016d585cf,8.546875,1,0.5008333333333334,0.99980587
mendeley/extracted/Bangla Audio Dataset Original and DeepFake Voices for AI-Based Voice Analysis and Detection/Dataset/S7F04/Real/16.wav,0,MEN,MEN-S7F04,TG:8a409d6261087b5b,9.46875,1,0.3675,0.99992275
mendeley/extracted/Bangla Audio Dataset Original and DeepFake Voices for AI-Based Voice Analysis and Detection/Dataset/S7F04/Real/17.wav,0,MEN,MEN-S7F04,TG:3895276c9cd52a4f,9.0234375,1,0.3841666666666666,0.9998795
mendeley/extracted/Bangla Audio Dataset Original and DeepFake Voices for AI-Based Voice Analysis and Detection/Dataset/S7F04/Real/18.wav,0,MEN,MEN-S7F04,TG:71e5c9ea38e22419,9.609375,1,0.5175000000000001,0.9999329
mendeley/extracted/Bangla Audio Dataset Original and DeepFake Voices for AI-Based Voice Analysis and Detection/Dataset/S7F04/Real/19.wav,0,MEN,MEN-S7F04,TG:b1cbde63bd64a611,6.2421875,1,0.3508333333333333,0.99805814
mendeley/extracted/Bangla Audio Dataset Original and DeepFake Voices for AI-Based Voice Analysis and Detection/Dataset/S7F04/Real/2.wav,0,MEN,MEN-S7F04,TG:35e8d8c301bdd724,7.8359375,1,0.5008333333333334,0.9996049
mendeley/extracted/Bangla Audio Dataset Original and DeepFake Voices for AI-Based Voice Analysis and Detection/Dataset/S7F04/Real/20.wav,0,MEN,MEN-S7F04,TG:4eede860135e46e0,12.640625,1,0.5841666666666667,0.9999968
mendeley/extracted/Bangla Audio Dataset Original and DeepFake Voices for AI-Based Voice Analysis and Detection/Dataset/S7F04/Real/21.wav,0,MEN,MEN-S7F04,TG:4e327253a4899166,6.6367188,1,0.4341666666666667,0.9986904
mendeley/extracted/Bangla Audio Dataset Original and DeepFake Voices for AI-Based Voice Analysis and Detection/Dataset/S7F04/Real/22.wav,0,MEN,MEN-S7F04,TG:8e687e6d6eee3110,10.7890625,1,0.4675,0.9999794
mendeley/extracted/Bangla Audio Dataset Original and DeepFake Voices for AI-Based Voice Analysis and Detection/Dataset/S7F04/Real/23.wav,0,MEN,MEN-S7F04,TG:79f5ecabaa235f39,9.046875,1,0.4508333333333333,0.9998822
mendeley/extracted/Bangla Audio Dataset Original and DeepFake Voices for AI-Based Voice Analysis and Detection/Dataset/S7F04/Real/24.wav,0,MEN,MEN-S7F04,TG:56c4a127e94b529e,13.3203125,1,0.5508333333333333,0.99999833
mendeley/extracted/Bangla Audio Dataset Original and DeepFake Voices for AI-Based Voice Analysis and Detection/Dataset/S7F04/Real/25.wav,0,MEN,MEN-S7F04,TG:0c4b996c57ad3a91,10.6875,1,0.5341666666666667,0.99997723
mendeley/extracted/Bangla Audio Dataset Original and DeepFake Voices for AI-Based Voice Analysis and Detection/Dataset/S7F04/Real/26.wav,0,MEN,MEN-S7F04,TG:623c9bc53763d833,11.1015625,1,0.4508333333333333,0.99998486
mendeley/extracted/Bangla Audio Dataset Original and DeepFake Voices for AI-Based Voice Analysis and Detection/Dataset/S7F04/Real/27.wav,0,MEN,MEN-S7F04,TG:3b9d2469ed9fecdf,11.0546875,1,0.3341666666666666,0.99998415
mendeley/extracted/Bangla Audio Dataset Original and DeepFake Voices for AI-Based Voice Analysis and Detection/Dataset/S7F04/Real/28.wav,0,MEN,MEN-S7F04,TG:299dcf88a7bd7e02,10.359375,1,0.5008333333333334,0.9999683
mendeley/extracted/Bangla Audio Dataset Original and DeepFake Voices for AI-Based Voice Analysis and Detection/Dataset/S7F04/Real/29.wav,0,MEN,MEN-S7F04,TG:50986d508a0b6329,9.5703125,1,0.5508333333333333,0.99993026
mendeley/extracted/Bangla Audio Dataset Original and DeepFake Voices for AI-Based Voice Analysis and Detection/Dataset/S7F04/Real/3.wav,0,MEN,MEN-S7F04,TG:0482b7506606c32f,7.46875,1,0.6008333333333333,0.99942964
mendeley/extracted/Bangla Audio Dataset Original and DeepFake Voices for AI-Based Voice Analysis and Detection/Dataset/S7F04/Real/30.wav,0,MEN,MEN-S7F04,TG:39761131a871177e,9.0078125,1,0.3841666666666666,0.9998776
mendeley/extracted/Bangla Audio Dataset Original and DeepFake Voices for AI-Based Voice Analysis and Detection/Dataset/S7F04/Real/4.wav,0,MEN,MEN-S7F04,TG:b56423de78c5c27e,9.0,1,0.6008333333333333,0.9998766
mendeley/extracted/Bangla Audio Dataset Original and DeepFake Voices for AI-Based Voice Analysis and Detection/Dataset/S7F04/Real/5.wav,0,MEN,MEN-S7F04,TG:538c010dab2f3679,5.015625,1,0.6008333333333333,0.99341017
mendeley/extracted/Bangla Audio Dataset Original and DeepFake Voices for AI-Based Voice Analysis and Detection/Dataset/S7F04/Real/6.wav,0,MEN,MEN-S7F04,TG:2c57d29c7fa122ba,5.0117188,1,0.5508333333333333,0.99338466
mendeley/extracted/Bangla Audio Dataset Original and DeepFake Voices for AI-Based Voice Analysis and Detection/Dataset/S7F04/Real/7.wav,0,MEN,MEN-S7F04,TG:5403d84ab3fbd6ab,5.8632812,1,0.5841666666666667,0.9971661
mendeley/extracted/Bangla Audio Dataset Original and DeepFake Voices for AI-Based Voice Analysis and Detection/Dataset/S7F04/Real/8.wav,0,MEN,MEN-S7F04,TG:350a439fb9ac1017,2.984375,1,0.4341666666666667,0.9518632
mendeley/extracted/Bangla Audio Dataset Original and DeepFake Voices for AI-Based Voice Analysis and Detection/Dataset/S7F04/Real/9.wav,0,MEN,MEN-S7F04,TG:fe872bec1d5fec5d,4.7773438,1,0.5175000000000001,0.99165195
mendeley/extracted/Bangla Audio Dataset Original and DeepFake Voices for AI-Based Voice Analysis and Detection/Dataset/S7F05/Fake/1.wav,1,MEN,MEN-S7F05,TG:e7a787eae2aadd63,-15.3046875,1,0.5241666666666667,2.2555818e-07
mendeley/extracted/Bangla Audio Dataset Original and DeepFake Voices for AI-Based Voice Analysis and Detection/Dataset/S7F05/Fake/10.wav,1,MEN,MEN-S7F05,TG:b6cccc89a145b946,-12.5859375,1,0.3941666666666666,3.4197574e-06
mendeley/extracted/Bangla Audio Dataset Original and DeepFake Voices for AI-Based Voice Analysis and Detection/Dataset/S7F05/Fake/11.wav,1,MEN,MEN-S7F05,TG:e3a0955d69b2e8ce,-19.25,1,0.5974999999999999,4.3634625e-09
mendeley/extracted/Bangla Audio Dataset Original and DeepFake Voices for AI-Based Voice Analysis and Detection/Dataset/S7F05/Fake/12.wav,1,MEN,MEN-S7F05,TG:fbaa8ee664289e26,-6.4882812,1,0.3641666666666666,0.0015188508
mendeley/extracted/Bangla Audio Dataset Original and DeepFake Voices for AI-Based Voice Analysis and Detection/Dataset/S7F05/Fake/13.wav,1,MEN,MEN-S7F05,TG:b315345b73c7782e,-8.953125,1,0.4791666666666666,0.00012931564
mendeley/extracted/Bangla Audio Dataset Original and DeepFake Voices for AI-Based Voice Analysis and Detection/Dataset/S7F05/Fake/14.wav,1,MEN,MEN-S7F05,TG:571ef3400a5435e2,-14.2109375,1,0.4508333333333333,6.733921e-07
mendeley/extracted/Bangla Audio Dataset Original and DeepFake Voices for AI-Based Voice Analysis and Detection/Dataset/S7F05/Fake/15.wav,1,MEN,MEN-S7F05,TG:68cc478016d585cf,5.1992188,1,0.5241666666666667,0.9945095
mendeley/extracted/Bangla Audio Dataset Original and DeepFake Voices for AI-Based Voice Analysis and Detection/Dataset/S7F05/Fake/16.wav,1,MEN,MEN-S7F05,TG:8a409d6261087b5b,3.0039062,1,0.5208333333333333,0.95275027
mendeley/extracted/Bangla Audio Dataset Original and DeepFake Voices for AI-Based Voice Analysis and Detection/Dataset/S7F05/Fake/17.wav,1,MEN,MEN-S7F05,TG:3895276c9cd52a4f,-12.9921875,1,0.5225,2.2780523e-06
mendeley/extracted/Bangla Audio Dataset Original and DeepFake Voices for AI-Based Voice Analysis and Detection/Dataset/S7F05/Fake/18.wav,1,MEN,MEN-S7F05,TG:71e5c9ea38e22419,-16.203125,1,0.4975,9.184853e-08
mendeley/extracted/Bangla Audio Dataset Original and DeepFake Voices for AI-Based Voice Analysis and Detection/Dataset/S7F05/Fake/19.wav,1,MEN,MEN-S7F05,TG:b1cbde63bd64a611,-7.4296875,1,0.2641666666666666,0.00059302105
mendeley/extracted/Bangla Audio Dataset Original and DeepFake Voices for AI-Based Voice Analysis and Detection/Dataset/S7F05/Fake/2.wav,1,MEN,MEN-S7F05,TG:35e8d8c301bdd724,-15.484375,1,0.3408333333333333,1.8846092e-07
mendeley/extracted/Bangla Audio Dataset Original and DeepFake Voices for AI-Based Voice Analysis and Detection/Dataset/S7F05/Fake/20.wav,1,MEN,MEN-S7F05,TG:4eede860135e46e0,-10.96875,1,0.4541666666666667,1.7231572e-05
mendeley/extracted/Bangla Audio Dataset Original and DeepFake Voices for AI-Based Voice Analysis and Detection/Dataset/S7F05/Fake/21.wav,1,MEN,MEN-S7F05,TG:4e327253a4899166,-20.15625,1,0.3691666666666666,1.7629982e-09
mendeley/extracted/Bangla Audio Dataset Original and DeepFake Voices for AI-Based Voice Analysis and Detection/Dataset/S7F05/Fake/22.wav,1,MEN,MEN-S7F05,TG:8e687e6d6eee3110,-9.96875,1,0.4775,4.6838883e-05
mendeley/extracted/Bangla Audio Dataset Original and DeepFake Voices for AI-Based Voice Analysis and Detection/Dataset/S7F05/Fake/23.wav,1,MEN,MEN-S7F05,TG:79f5ecabaa235f39,-15.875,1,0.4558333333333333,1.2751904e-07
mendeley/extracted/Bangla Audio Dataset Original and DeepFake Voices for AI-Based Voice Analysis and Detection/Dataset/S7F05/Fake/24.wav,1,MEN,MEN-S7F05,TG:56c4a127e94b529e,-13.3515625,1,0.4941666666666666,1.5903379e-06
mendeley/extracted/Bangla Audio Dataset Original and DeepFake Voices for AI-Based Voice Analysis and Detection/Dataset/S7F05/Fake/25.wav,1,MEN,MEN-S7F05,TG:0c4b996c57ad3a91,-4.7539062,1,0.4691666666666666,0.0085443305
mendeley/extracted/Bangla Audio Dataset Original and DeepFake Voices for AI-Based Voice Analysis and Detection/Dataset/S7F05/Fake/26.wav,1,MEN,MEN-S7F05,TG:623c9bc53763d833,-17.75,1,0.4691666666666666,1.9555682e-08
mendeley/extracted/Bangla Audio Dataset Original and DeepFake Voices for AI-Based Voice Analysis and Detection/Dataset/S7F05/Fake/27.wav,1,MEN,MEN-S7F05,TG:3b9d2469ed9fecdf,-11.671875,1,0.4008333333333334,8.530321e-06
mendeley/extracted/Bangla Audio Dataset Original and DeepFake Voices for AI-Based Voice Analysis and Detection/Dataset/S7F05/Fake/28.wav,1,MEN,MEN-S7F05,TG:299dcf88a7bd7e02,-18.109375,1,0.5008333333333334,1.3652065e-08
mendeley/extracted/Bangla Audio Dataset Original and DeepFake Voices for AI-Based Voice Analysis and Detection/Dataset/S7F05/Fake/29.wav,1,MEN,MEN-S7F05,TG:50986d508a0b6329,-13.1328125,1,0.4341666666666667,1.9792067e-06
mendeley/extracted/Bangla Audio Dataset Original and DeepFake Voices for AI-Based Voice Analysis and Detection/Dataset/S7F05/Fake/3.wav,1,MEN,MEN-S7F05,TG:0482b7506606c32f,-13.609375,1,0.5691666666666666,1.2289183e-06
mendeley/extracted/Bangla Audio Dataset Original and DeepFake Voices for AI-Based Voice Analysis and Detection/Dataset/S7F05/Fake/30.wav,1,MEN,MEN-S7F05,TG:39761131a871177e,-14.71875,1,0.3941666666666666,4.0525453e-07
mendeley/extracted/Bangla Audio Dataset Original and DeepFake Voices for AI-Based Voice Analysis and Detection/Dataset/S7F05/Fake/4.wav,1,MEN,MEN-S7F05,TG:b56423de78c5c27e,-12.6015625,1,0.4841666666666666,3.366739e-06
mendeley/extracted/Bangla Audio Dataset Original and DeepFake Voices for AI-Based Voice Analysis and Detection/Dataset/S7F05/Fake/5.wav,1,MEN,MEN-S7F05,TG:538c010dab2f3679,-7.1835938,1,0.5141666666666667,0.00075835997
mendeley/extracted/Bangla Audio Dataset Original and DeepFake Voices for AI-Based Voice Analysis and Detection/Dataset/S7F05/Fake/6.wav,1,MEN,MEN-S7F05,TG:2c57d29c7fa122ba,-12.3984375,1,0.5575,4.125012e-06
mendeley/extracted/Bangla Audio Dataset Original and DeepFake Voices for AI-Based Voice Analysis and Detection/Dataset/S7F05/Fake/7.wav,1,MEN,MEN-S7F05,TG:5403d84ab3fbd6ab,-14.859375,1,0.5275000000000001,3.520913e-07
mendeley/extracted/Bangla Audio Dataset Original and DeepFake Voices for AI-Based Voice Analysis and Detection/Dataset/S7F05/Fake/8.wav,1,MEN,MEN-S7F05,TG:350a439fb9ac1017,-2.265625,1,0.4508333333333333,0.09401018
mendeley/extracted/Bangla Audio Dataset Original and DeepFake Voices for AI-Based Voice Analysis and Detection/Dataset/S7F05/Fake/9.wav,1,MEN,MEN-S7F05,TG:fe872bec1d5fec5d,-13.0703125,1,0.4508333333333333,2.106854e-06
mendeley/extracted/Bangla Audio Dataset Original and DeepFake Voices for AI-Based Voice Analysis and Detection/Dataset/S7F05/Real/1.wav,0,MEN,MEN-S7F05,TG:e7a787eae2aadd63,8.15625,1,0.5675,0.9997131
mendeley/extracted/Bangla Audio Dataset Original and DeepFake Voices for AI-Based Voice Analysis and Detection/Dataset/S7F05/Real/10.wav,0,MEN,MEN-S7F05,TG:b6cccc89a145b946,3.7402344,1,0.5508333333333333,0.9768024
mendeley/extracted/Bangla Audio Dataset Original and DeepFake Voices for AI-Based Voice Analysis and Detection/Dataset/S7F05/Real/11.wav,0,MEN,MEN-S7F05,TG:e3a0955d69b2e8ce,5.5664062,1,0.5841666666666667,0.9961903
mendeley/extracted/Bangla Audio Dataset Original and DeepFake Voices for AI-Based Voice Analysis and Detection/Dataset/S7F05/Real/12.wav,0,MEN,MEN-S7F05,TG:fbaa8ee664289e26,7.1367188,1,0.5008333333333334,0.9992053
mendeley/extracted/Bangla Audio Dataset Original and DeepFake Voices for AI-Based Voice Analysis and Detection/Dataset/S7F05/Real/13.wav,0,MEN,MEN-S7F05,TG:b315345b73c7782e,11.0859375,1,0.5008333333333334,0.9999846
mendeley/extracted/Bangla Audio Dataset Original and DeepFake Voices for AI-Based Voice Analysis and Detection/Dataset/S7F05/Real/14.wav,0,MEN,MEN-S7F05,TG:571ef3400a5435e2,10.421875,1,0.5341666666666667,0.9999702
mendeley/extracted/Bangla Audio Dataset Original and DeepFake Voices for AI-Based Voice Analysis and Detection/Dataset/S7F05/Real/15.wav,0,MEN,MEN-S7F05,TG:68cc478016d585cf,5.8789062,1,0.5341666666666667,0.99720997
mendeley/extracted/Bangla Audio Dataset Original and DeepFake Voices for AI-Based Voice Analysis and Detection/Dataset/S7F05/Real/16.wav,0,MEN,MEN-S7F05,TG:8a409d6261087b5b,11.8359375,1,0.5175000000000001,0.9999927
mendeley/extracted/Bangla Audio Dataset Original and DeepFake Voices for AI-Based Voice Analysis and Detection/Dataset/S7F05/Real/17.wav,0,MEN,MEN-S7F05,TG:3895276c9cd52a4f,10.859375,1,0.4675,0.9999808
mendeley/extracted/Bangla Audio Dataset Original and DeepFake Voices for AI-Based Voice Analysis and Detection/Dataset/S7F05/Real/18.wav,0,MEN,MEN-S7F05,TG:71e5c9ea38e22419,9.53125,1,0.5508333333333333,0.9999274
mendeley/extracted/Bangla Audio Dataset Original and DeepFake Voices for AI-Based Voice Analysis and Detection/Dataset/S7F05/Real/19.wav,0,MEN,MEN-S7F05,TG:b1cbde63bd64a611,2.9316406,1,0.4175,0.9493886
mendeley/extracted/Bangla Audio Dataset Original and DeepFake Voices for AI-Based Voice Analysis and Detection/Dataset/S7F05/Real/2.wav,0,MEN,MEN-S7F05,TG:35e8d8c301bdd724,-1.9775391,1,0.5008333333333334,0.12158141
mendeley/extracted/Bangla Audio Dataset Original and DeepFake Voices for AI-Based Voice Analysis and Detection/Dataset/S7F05/Real/20.wav,0,MEN,MEN-S7F05,TG:4eede860135e46e0,5.2695312,1,0.5508333333333333,0.9948803
mendeley/extracted/Bangla Audio Dataset Original and DeepFake Voices for AI-Based Voice Analysis and Detection/Dataset/S7F05/Real/21.wav,0,MEN,MEN-S7F05,TG:4e327253a4899166,6.8828125,1,0.5008333333333334,0.9989759
mendeley/extracted/Bangla Audio Dataset Original and DeepFake Voices for AI-Based Voice Analysis and Detection/Dataset/S7F05/Real/22.wav,0,MEN,MEN-S7F05,TG:8e687e6d6eee3110,9.5,1,0.4841666666666666,0.99992514
mendeley/extracted/Bangla Audio Dataset Original and DeepFake Voices for AI-Based Voice Analysis and Detection/Dataset/S7F05/Real/23.wav,0,MEN,MEN-S7F05,TG:79f5ecabaa235f39,6.546875,1,0.4341666666666667,0.99856746
mendeley/extracted/Bangla Audio Dataset Original and DeepFake Voices for AI-Based Voice Analysis and Detection/Dataset/S7F05/Real/24.wav,0,MEN,MEN-S7F05,TG:56c4a127e94b529e,7.7226562,1,0.5008333333333334,0.99955755
mendeley/extracted/Bangla Audio Dataset Original and DeepFake Voices for AI-Based Voice Analysis and Detection/Dataset/S7F05/Real/25.wav,0,MEN,MEN-S7F05,TG:0c4b996c57ad3a91,11.2109375,1,0.5008333333333334,0.9999865
mendeley/extracted/Bangla Audio Dataset Original and DeepFake Voices for AI-Based Voice Analysis and Detection/Dataset/S7F05/Real/26.wav,0,MEN,MEN-S7F05,TG:623c9bc53763d833,10.90625,1,0.5008333333333334,0.99998164
mendeley/extracted/Bangla Audio Dataset Original and DeepFake Voices for AI-Based Voice Analysis and Detection/Dataset/S7F05/Real/27.wav,0,MEN,MEN-S7F05,TG:3b9d2469ed9fecdf,7.78125,1,0.3675,0.9995827
mendeley/extracted/Bangla Audio Dataset Original and DeepFake Voices for AI-Based Voice Analysis and Detection/Dataset/S7F05/Real/28.wav,0,MEN,MEN-S7F05,TG:299dcf88a7bd7e02,9.1328125,1,0.6341666666666667,0.999892
mendeley/extracted/Bangla Audio Dataset Original and DeepFake Voices for AI-Based Voice Analysis and Detection/Dataset/S7F05/Real/29.wav,0,MEN,MEN-S7F05,TG:50986d508a0b6329,8.203125,1,0.5175000000000001,0.99972624
mendeley/extracted/Bangla Audio Dataset Original and DeepFake Voices for AI-Based Voice Analysis and Detection/Dataset/S7F05/Real/3.wav,0,MEN,MEN-S7F05,TG:0482b7506606c32f,11.75,1,0.6174999999999999,0.99999213
mendeley/extracted/Bangla Audio Dataset Original and DeepFake Voices for AI-Based Voice Analysis and Detection/Dataset/S7F05/Real/30.wav,0,MEN,MEN-S7F05,TG:39761131a871177e,8.9609375,1,0.5008333333333334,0.99987173
mendeley/extracted/Bangla Audio Dataset Original and DeepFake Voices for AI-Based Voice Analysis and Detection/Dataset/S7F05/Real/4.wav,0,MEN,MEN-S7F05,TG:b56423de78c5c27e,1.4863281,1,0.6008333333333333,0.8155265
mendeley/extracted/Bangla Audio Dataset Original and DeepFake Voices for AI-Based Voice Analysis and Detection/Dataset/S7F05/Real/5.wav,0,MEN,MEN-S7F05,TG:538c010dab2f3679,10.4296875,1,0.5841666666666667,0.99997044
mendeley/extracted/Bangla Audio Dataset Original and DeepFake Voices for AI-Based Voice Analysis and Detection/Dataset/S7F05/Real/6.wav,0,MEN,MEN-S7F05,TG:2c57d29c7fa122ba,5.9101562,1,0.5341666666666667,0.99729556
mendeley/extracted/Bangla Audio Dataset Original and DeepFake Voices for AI-Based Voice Analysis and Detection/Dataset/S7F05/Real/7.wav,0,MEN,MEN-S7F05,TG:5403d84ab3fbd6ab,2.5332031,1,0.5508333333333333,0.92643696
mendeley/extracted/Bangla Audio Dataset Original and DeepFake Voices for AI-Based Voice Analysis and Detection/Dataset/S7F05/Real/8.wav,0,MEN,MEN-S7F05,TG:350a439fb9ac1017,7.6757812,1,0.4841666666666666,0.9995363
mendeley/extracted/Bangla Audio Dataset Original and DeepFake Voices for AI-Based Voice Analysis and Detection/Dataset/S7F05/Real/9.wav,0,MEN,MEN-S7F05,TG:fe872bec1d5fec5d,8.1171875,1,0.5175000000000001,0.9997017
mendeley/extracted/Bangla Audio Dataset Original and DeepFake Voices for AI-Based Voice Analysis and Detection/Dataset/S7M01/Fake/1.wav,1,MEN,MEN-S7M01,TG:e7a787eae2aadd63,-8.4375,1,0.4675,0.00021654405
mendeley/extracted/Bangla Audio Dataset Original and DeepFake Voices for AI-Based Voice Analysis and Detection/Dataset/S7M01/Fake/10.wav,1,MEN,MEN-S7M01,TG:b6cccc89a145b946,-5.1875,1,0.4408333333333333,0.0055549247
mendeley/extracted/Bangla Audio Dataset Original and DeepFake Voices for AI-Based Voice Analysis and Detection/Dataset/S7M01/Fake/11.wav,1,MEN,MEN-S7M01,TG:e3a0955d69b2e8ce,-17.78125,1,0.4108333333333334,1.8954015e-08
mendeley/extracted/Bangla Audio Dataset Original and DeepFake Voices for AI-Based Voice Analysis and Detection/Dataset/S7M01/Fake/12.wav,1,MEN,MEN-S7M01,TG:fbaa8ee664289e26,-1.0664062,1,0.4925,0.25608712
mendeley/extracted/Bangla Audio Dataset Original and DeepFake Voices for AI-Based Voice Analysis and Detection/Dataset/S7M01/Fake/13.wav,1,MEN,MEN-S7M01,TG:b315345b73c7782e,-3.609375,1,0.5258333333333334,0.026355354
mendeley/extracted/Bangla Audio Dataset Original and DeepFake Voices for AI-Based Voice Analysis and Detection/Dataset/S7M01/Fake/14.wav,1,MEN,MEN-S7M01,TG:571ef3400a5435e2,-9.65625,1,0.5141666666666667,6.402006e-05
mendeley/extracted/Bangla Audio Dataset Original and DeepFake Voices for AI-Based Voice Analysis and Detection/Dataset/S7M01/Fake/15.wav,1,MEN,MEN-S7M01,TG:68cc478016d585cf,-0.4645996,1,0.4775,0.38589525
mendeley/extracted/Bangla Audio Dataset Original and DeepFake Voices for AI-Based Voice Analysis and Detection/Dataset/S7M01/Fake/16.wav,1,MEN,MEN-S7M01,TG:8a409d6261087b5b,-7.7265625,1,0.4475,0.00044076296
mendeley/extracted/Bangla Audio Dataset Original and DeepFake Voices for AI-Based Voice Analysis and Detection/Dataset/S7M01/Fake/17.wav,1,MEN,MEN-S7M01,TG:3895276c9cd52a4f,-13.078125,1,0.4858333333333333,2.0904586e-06
mendeley/extracted/Bangla Audio Dataset Original and DeepFake Voices for AI-Based Voice Analysis and Detection/Dataset/S7M01/Fake/18.wav,1,MEN,MEN-S7M01,TG:71e5c9ea38e22419,-5.2734375,1,0.5358333333333334,0.0050998186
mendeley/extracted/Bangla Audio Dataset Original and DeepFake Voices for AI-Based Voice Analysis and Detection/Dataset/S7M01/Fake/19.wav,1,MEN,MEN-S7M01,TG:b1cbde63bd64a611,-9.3359375,1,0.4091666666666667,8.818924e-05
mendeley/extracted/Bangla Audio Dataset Original and DeepFake Voices for AI-Based Voice Analysis and Detection/Dataset/S7M01/Fake/2.wav,1,MEN,MEN-S7M01,TG:35e8d8c301bdd724,-7.2773438,1,0.2075,0.0006905414
mendeley/extracted/Bangla Audio Dataset Original and DeepFake Voices for AI-Based Voice Analysis and Detection/Dataset/S7M01/Fake/20.wav,1,MEN,MEN-S7M01,TG:4eede860135e46e0,-7.6992188,1,0.5758333333333333,0.00045297577
mendeley/extracted/Bangla Audio Dataset Original and DeepFake Voices for AI-Based Voice Analysis and Detection/Dataset/S7M01/Fake/21.wav,1,MEN,MEN-S7M01,TG:4e327253a4899166,-10.8125,1,0.4641666666666666,2.014569e-05
mendeley/extracted/Bangla Audio Dataset Original and DeepFake Voices for AI-Based Voice Analysis and Detection/Dataset/S7M01/Fake/22.wav,1,MEN,MEN-S7M01,TG:8e687e6d6eee3110,-11.5234375,1,0.4908333333333333,9.895332e-06
mendeley/extracted/Bangla Audio Dataset Original and DeepFake Voices for AI-Based Voice Analysis and Detection/Dataset/S7M01/Fake/23.wav,1,MEN,MEN-S7M01,TG:79f5ecabaa235f39,-12.328125,1,0.4175,4.4254903e-06
mendeley/extracted/Bangla Audio Dataset Original and DeepFake Voices for AI-Based Voice Analysis and Detection/Dataset/S7M01/Fake/24.wav,1,MEN,MEN-S7M01,TG:56c4a127e94b529e,-10.9921875,1,0.5508333333333333,1.6832411e-05
mendeley/extracted/Bangla Audio Dataset Original and DeepFake Voices for AI-Based Voice Analysis and Detection/Dataset/S7M01/Fake/25.wav,1,MEN,MEN-S7M01,TG:0c4b996c57ad3a91,-3.2050781,1,0.4024999999999999,0.03897507
mendeley/extracted/Bangla Audio Dataset Original and DeepFake Voices for AI-Based Voice Analysis and Detection/Dataset/S7M01/Fake/26.wav,1,MEN,MEN-S7M01,TG:623c9bc53763d833,-14.84375,1,0.4541666666666667,3.5763594e-07
mendeley/extracted/Bangla Audio Dataset Original and DeepFake Voices for AI-Based Voice Analysis and Detection/Dataset/S7M01/Fake/27.wav,1,MEN,MEN-S7M01,TG:3b9d2469ed9fecdf,-4.0234375,1,0.4024999999999999,0.01757688
mendeley/extracted/Bangla Audio Dataset Original and DeepFake Voices for AI-Based Voice Analysis and Detection/Dataset/S7M01/Fake/28.wav,1,MEN,MEN-S7M01,TG:299dcf88a7bd7e02,-9.046875,1,0.5658333333333334,0.000117744596
mendeley/extracted/Bangla Audio Dataset Original and DeepFake Voices for AI-Based Voice Analysis and Detection/Dataset/S7M01/Fake/29.wav,1,MEN,MEN-S7M01,TG:50986d508a0b6329,-8.53125,1,0.4875,0.00019716943
mendeley/extracted/Bangla Audio Dataset Original and DeepFake Voices for AI-Based Voice Analysis and Detection/Dataset/S7M01/Fake/3.wav,1,MEN,MEN-S7M01,TG:0482b7506606c32f,-12.5234375,1,0.5408333333333333,3.6403117e-06
mendeley/extracted/Bangla Audio Dataset Original and DeepFake Voices for AI-Based Voice Analysis and Detection/Dataset/S7M01/Fake/30.wav,1,MEN,MEN-S7M01,TG:39761131a871177e,-8.6328125,1,0.5341666666666667,0.0001781311
mendeley/extracted/Bangla Audio Dataset Original and DeepFake Voices for AI-Based Voice Analysis and Detection/Dataset/S7M01/Fake/4.wav,1,MEN,MEN-S7M01,TG:b56423de78c5c27e,1.7705078,1,0.5458333333333334,0.85452086
mendeley/extracted/Bangla Audio Dataset Original and DeepFake Voices for AI-Based Voice Analysis and Detection/Dataset/S7M01/Fake/5.wav,1,MEN,MEN-S7M01,TG:538c010dab2f3679,2.2148438,1,0.4291666666666667,0.9015746
mendeley/extracted/Bangla Audio Dataset Original and DeepFake Voices for AI-Based Voice Analysis and Detection/Dataset/S7M01/Fake/6.wav,1,MEN,MEN-S7M01,TG:2c57d29c7fa122ba,-8.7578125,1,0.5808333333333333,0.00015720345
mendeley/extracted/Bangla Audio Dataset Original and DeepFake Voices for AI-Based Voice Analysis and Detection/Dataset/S7M01/Fake/7.wav,1,MEN,MEN-S7M01,TG:5403d84ab3fbd6ab,-10.9140625,1,0.5425,1.8200151e-05
mendeley/extracted/Bangla Audio Dataset Original and DeepFake Voices for AI-Based Voice Analysis and Detection/Dataset/S7M01/Fake/8.wav,1,MEN,MEN-S7M01,TG:350a439fb9ac1017,-10.375,1,0.3508333333333333,3.120191e-05
mendeley/extracted/Bangla Audio Dataset Original and DeepFake Voices for AI-Based Voice Analysis and Detection/Dataset/S7M01/Fake/9.wav,1,MEN,MEN-S7M01,TG:fe872bec1d5fec5d,-7.8828125,1,0.4258333333333333,0.00037702854
mendeley/extracted/Bangla Audio Dataset Original and DeepFake Voices for AI-Based Voice Analysis and Detection/Dataset/S7M01/Real/1.wav,0,MEN,MEN-S7M01,TG:e7a787eae2aadd63,-4.75,1,0.5925,0.008577486
mendeley/extracted/Bangla Audio Dataset Original and DeepFake Voices for AI-Based Voice Analysis and Detection/Dataset/S7M01/Real/10.wav,0,MEN,MEN-S7M01,TG:b6cccc89a145b946,-4.7539062,1,0.6241666666666666,0.0085443305
mendeley/extracted/Bangla Audio Dataset Original and DeepFake Voices for AI-Based Voice Analysis and Detection/Dataset/S7M01/Real/11.wav,0,MEN,MEN-S7M01,TG:e3a0955d69b2e8ce,-9.0390625,1,0.4691666666666666,0.00011866795
mendeley/extracted/Bangla Audio Dataset Original and DeepFake Voices for AI-Based Voice Analysis and Detection/Dataset/S7M01/Real/12.wav,0,MEN,MEN-S7M01,TG:fbaa8ee664289e26,-3.421875,1,0.5075000000000001,0.03161877
mendeley/extracted/Bangla Audio Dataset Original and DeepFake Voices for AI-Based Voice Analysis and Detection/Dataset/S7M01/Real/13.wav,0,MEN,MEN-S7M01,TG:b315345b73c7782e,-1.0107422,1,0.5358333333333334,0.26683462
mendeley/extracted/Bangla Audio Dataset Original and DeepFake Voices for AI-Based Voice Analysis and Detection/Dataset/S7M01/Real/14.wav,0,MEN,MEN-S7M01,TG:571ef3400a5435e2,-5.921875,1,0.6074999999999999,0.002673006
mendeley/extracted/Bangla Audio Dataset Original and DeepFake Voices for AI-Based Voice Analysis and Detection/Dataset/S7M01/Real/15.wav,0,MEN,MEN-S7M01,TG:68cc478016d585cf,-7.828125,1,0.5808333333333333,0.0003982131
mendeley/extracted/Bangla Audio Dataset Original and DeepFake Voices for AI-Based Voice Analysis and Detection/Dataset/S7M01/Real/16.wav,0,MEN,MEN-S7M01,TG:8a409d6261087b5b,-6.5117188,1,0.6074999999999999,0.0014837187
mendeley/extracted/Bangla Audio Dataset Original and DeepFake Voices for AI-Based Voice Analysis and Detection/Dataset/S7M01/Real/17.wav,0,MEN,MEN-S7M01,TG:3895276c9cd52a4f,-8.765625,1,0.5525,0.00015598028
mendeley/extracted/Bangla Audio Dataset Original and DeepFake Voices for AI-Based Voice Analysis and Detection/Dataset/S7M01/Real/18.wav,0,MEN,MEN-S7M01,TG:71e5c9ea38e22419,-8.9453125,1,0.6074999999999999,0.00013032975
mendeley/extracted/Bangla Audio Dataset Original and DeepFake Voices for AI-Based Voice Analysis and Detection/Dataset/S7M01/Real/19.wav,0,MEN,MEN-S7M01,TG:b1cbde63bd64a611,-12.046875,1,0.3908333333333333,5.862814e-06
mendeley/extracted/Bangla Audio Dataset Original and DeepFake Voices for AI-Based Voice Analysis and Detection/Dataset/S7M01/Real/2.wav,0,MEN,MEN-S7M01,TG:35e8d8c301bdd724,-1.9375,1,0.5041666666666667,0.12592275
mendeley/extracted/Bangla Audio Dataset Original and DeepFake Voices for AI-Based Voice Analysis and Detection/Dataset/S7M01/Real/20.wav,0,MEN,MEN-S7M01,TG:4eede860135e46e0,-10.0390625,1,0.5575,4.365878e-05
mendeley/extracted/Bangla Audio Dataset Original and DeepFake Voices for AI-Based Voice Analysis and Detection/Dataset/S7M01/Real/21.wav,0,MEN,MEN-S7M01,TG:4e327253a4899166,-4.8867188,1,0.4225,0.007489626
mendeley/extracted/Bangla Audio Dataset Original and DeepFake Voices for AI-Based Voice Analysis and Detection/Dataset/S7M01/Real/22.wav,0,MEN,MEN-S7M01,TG:8e687e6d6eee3110,-6.3632812,1,0.4091666666666667,0.0017207355
mendeley/extracted/Bangla Audio Dataset Original and DeepFake Voices for AI-Based Voice Analysis and Detection/Dataset/S7M01/Real/23.wav,0,MEN,MEN-S7M01,TG:79f5ecabaa235f39,-7.3828125,1,0.5541666666666667,0.000621463
mendeley/extracted/Bangla Audio Dataset Original and DeepFake Voices for AI-Based Voice Analysis and Detection/Dataset/S7M01/Real/24.wav,0,MEN,MEN-S7M01,TG:56c4a127e94b529e,-7.8789062,1,0.4825,0.00037850367
mendeley/extracted/Bangla Audio Dataset Original and DeepFake Voices for AI-Based Voice Analysis and Detection/Dataset/S7M01/Real/25.wav,0,MEN,MEN-S7M01,TG:0c4b996c57ad3a91,-4.0820312,1,0.6408333333333334,0.016593179
mendeley/extracted/Bangla Audio Dataset Original and DeepFake Voices for AI-Based Voice Analysis and Detection/Dataset/S7M01/Real/26.wav,0,MEN,MEN-S7M01,TG:623c9bc53763d833,-17.125,1,0.5725,3.653482e-08
mendeley/extracted/Bangla Audio Dataset Original and DeepFake Voices for AI-Based Voice Analysis and Detection/Dataset/S7M01/Real/27.wav,0,MEN,MEN-S7M01,TG:3b9d2469ed9fecdf,-4.3867188,1,0.4308333333333333,0.012288597
mendeley/extracted/Bangla Audio Dataset Original and DeepFake Voices for AI-Based Voice Analysis and Detection/Dataset/S7M01/Real/28.wav,0,MEN,MEN-S7M01,TG:299dcf88a7bd7e02,-6.3984375,1,0.6725,0.0016613906
mendeley/extracted/Bangla Audio Dataset Original and DeepFake Voices for AI-Based Voice Analysis and Detection/Dataset/S7M01/Real/29.wav,0,MEN,MEN-S7M01,TG:50986d508a0b6329,-8.421875,1,0.5875,0.00021995336
mendeley/extracted/Bangla Audio Dataset Original and DeepFake Voices for AI-Based Voice Analysis and Detection/Dataset/S7M01/Real/3.wav,0,MEN,MEN-S7M01,TG:0482b7506606c32f,-13.0625,1,0.5541666666666667,2.1233784e-06
mendeley/extracted/Bangla Audio Dataset Original and DeepFake Voices for AI-Based Voice Analysis and Detection/Dataset/S7M01/Real/30.wav,0,MEN,MEN-S7M01,TG:39761131a871177e,-5.4492188,1,0.5075000000000001,0.0042812545
mendeley/extracted/Bangla Audio Dataset Original and DeepFake Voices for AI-Based Voice Analysis and Detection/Dataset/S7M01/Real/4.wav,0,MEN,MEN-S7M01,TG:b56423de78c5c27e,-12.6640625,1,0.3791666666666666,3.1627599e-06
mendeley/extracted/Bangla Audio Dataset Original and DeepFake Voices for AI-Based Voice Analysis and Detection/Dataset/S7M01/Real/5.wav,0,MEN,MEN-S7M01,TG:538c010dab2f3679,-3.0273438,1,0.5225,0.046205748
mendeley/extracted/Bangla Audio Dataset Original and DeepFake Voices for AI-Based Voice Analysis and Detection/Dataset/S7M01/Real/6.wav,0,MEN,MEN-S7M01,TG:2c57d29c7fa122ba,-11.1171875,1,0.5475,1.4854579e-05
mendeley/extracted/Bangla Audio Dataset Original and DeepFake Voices for AI-Based Voice Analysis and Detection/Dataset/S7M01/Real/7.wav,0,MEN,MEN-S7M01,TG:5403d84ab3fbd6ab,-14.796875,1,0.6541666666666667,3.747992e-07
mendeley/extracted/Bangla Audio Dataset Original and DeepFake Voices for AI-Based Voice Analysis and Detection/Dataset/S7M01/Real/8.wav,0,MEN,MEN-S7M01,TG:350a439fb9ac1017,-5.6757812,1,0.5025,0.0034162789
mendeley/extracted/Bangla Audio Dataset Original and DeepFake Voices for AI-Based Voice Analysis and Detection/Dataset/S7M01/Real/9.wav,0,MEN,MEN-S7M01,TG:fe872bec1d5fec5d,-3.4023438,1,0.6458333333333333,0.032222297
mendeley/extracted/Bangla Audio Dataset Original and DeepFake Voices for AI-Based Voice Analysis and Detection/Dataset/S7M02/Fake/1.wav,1,MEN,MEN-S7M02,TG:e7a787eae2aadd63,-11.359375,1,0.4441666666666667,1.1659531e-05
mendeley/extracted/Bangla Audio Dataset Original and DeepFake Voices for AI-Based Voice Analysis and Detection/Dataset/S7M02/Fake/10.wav,1,MEN,MEN-S7M02,TG:b6cccc89a145b946,-6.765625,1,0.5008333333333334,0.0011513996
mendeley/extracted/Bangla Audio Dataset Original and DeepFake Voices for AI-Based Voice Analysis and Detection/Dataset/S7M02/Fake/11.wav,1,MEN,MEN-S7M02,TG:e3a0955d69b2e8ce,-11.75,1,0.4308333333333333,7.889263e-06
mendeley/extracted/Bangla Audio Dataset Original and DeepFake Voices for AI-Based Voice Analysis and Detection/Dataset/S7M02/Fake/12.wav,1,MEN,MEN-S7M02,TG:fbaa8ee664289e26,-10.125,1,0.4475,4.0063696e-05
mendeley/extracted/Bangla Audio Dataset Original and DeepFake Voices for AI-Based Voice Analysis and Detection/Dataset/S7M02/Fake/13.wav,1,MEN,MEN-S7M02,TG:b315345b73c7782e,3.4160156,1,0.4441666666666667,0.96820134
mendeley/extracted/Bangla Audio Dataset Original and DeepFake Voices for AI-Based Voice Analysis and Detection/Dataset/S7M02/Fake/14.wav,1,MEN,MEN-S7M02,TG:571ef3400a5435e2,-11.2109375,1,0.4891666666666666,1.3525267e-05
mendeley/extracted/Bangla Audio Dataset Original and DeepFake Voices for AI-Based Voice Analysis and Detection/Dataset/S7M02/Fake/15.wav,1,MEN,MEN-S7M02,TG:68cc478016d585cf,7.6953125,1,0.4741666666666666,0.9995453
mendeley/extracted/Bangla Audio Dataset Original and DeepFake Voices for AI-Based Voice Analysis and Detection/Dataset/S7M02/Fake/16.wav,1,MEN,MEN-S7M02,TG:8a409d6261087b5b,-7.5585938,1,0.4441666666666667,0.00052133633
mendeley/extracted/Bangla Audio Dataset Original and DeepFake Voices for AI-Based Voice Analysis and Detection/Dataset/S7M02/Fake/17.wav,1,MEN,MEN-S7M02,TG:3895276c9cd52a4f,-11.40625,1,0.3425,1.1125608e-05
mendeley/extracted/Bangla Audio Dataset Original and DeepFake Voices for AI-Based Voice Analysis and Detection/Dataset/S7M02/Fake/18.wav,1,MEN,MEN-S7M02,TG:71e5c9ea38e22419,-7.7109375,1,0.4691666666666666,0.00044770082
mendeley/extracted/Bangla Audio Dataset Original and DeepFake Voices for AI-Based Voice Analysis and Detection/Dataset/S7M02/Fake/19.wav,1,MEN,MEN-S7M02,TG:b1cbde63bd64a611,-4.2382812,1,0.4108333333333334,0.014227045
mendeley/extracted/Bangla Audio Dataset Original and DeepFake Voices for AI-Based Voice Analysis and Detection/Dataset/S7M02/Fake/2.wav,1,MEN,MEN-S7M02,TG:35e8d8c301bdd724,-8.7734375,1,0.2658333333333333,0.00015476662
mendeley/extracted/Bangla Audio Dataset Original and DeepFake Voices for AI-Based Voice Analysis and Detection/Dataset/S7M02/Fake/20.wav,1,MEN,MEN-S7M02,TG:4eede860135e46e0,-12.3046875,1,0.5191666666666667,4.5304373e-06
mendeley/extracted/Bangla Audio Dataset Original and DeepFake Voices for AI-Based Voice Analysis and Detection/Dataset/S7M02/Fake/21.wav,1,MEN,MEN-S7M02,TG:4e327253a4899166,-13.1640625,1,0.3608333333333333,1.918313e-06
mendeley/extracted/Bangla Audio Dataset Original and DeepFake Voices for AI-Based Voice Analysis and Detection/Dataset/S7M02/Fake/22.wav,1,MEN,MEN-S7M02,TG:8e687e6d6eee3110,-10.078125,1,0.4908333333333333,4.198631e-05
mendeley/extracted/Bangla Audio Dataset Original and DeepFake Voices for AI-Based Voice Analysis and Detection/Dataset/S7M02/Fake/23.wav,1,MEN,MEN-S7M02,TG:79f5ecabaa235f39,-9.734375,1,0.4275,5.9209164e-05
mendeley/extracted/Bangla Audio Dataset Original and DeepFake Voices for AI-Based Voice Analysis and Detection/Dataset/S7M02/Fake/24.wav,1,MEN,MEN-S7M02,TG:56c4a127e94b529e,-3.9257812,1,0.5041666666666667,0.019345103
mendeley/extracted/Bangla Audio Dataset Original and DeepFake Voices for AI-Based Voice Analysis and Detection/Dataset/S7M02/Fake/25.wav,1,MEN,MEN-S7M02,TG:0c4b996c57ad3a91,-0.98339844,1,0.4275,0.27221796
mendeley/extracted/Bangla Audio Dataset Original and DeepFake Voices for AI-Based Voice Analysis and Detection/Dataset/S7M02/Fake/26.wav,1,MEN,MEN-S7M02,TG:623c9bc53763d833,-13.1171875,1,0.4741666666666666,2.0103746e-06
mendeley/extracted/Bangla Audio Dataset Original and DeepFake Voices for AI-Based Voice Analysis and Detection/Dataset/S7M02/Fake/27.wav,1,MEN,MEN-S7M02,TG:3b9d2469ed9fecdf,2.0273438,1,0.3525,0.88363826
mendeley/extracted/Bangla Audio Dataset Original and DeepFake Voices for AI-Based Voice Analysis and Detection/Dataset/S7M02/Fake/28.wav,1,MEN,MEN-S7M02,TG:299dcf88a7bd7e02,-9.2265625,1,0.5558333333333334,9.83812e-05
mendeley/extracted/Bangla Audio Dataset Original and DeepFake Voices for AI-Based Voice Analysis and Detection/Dataset/S7M02/Fake/29.wav,1,MEN,MEN-S7M02,TG:50986d508a0b6329,-3.8515625,1,0.4725,0.02080449
mendeley/extracted/Bangla Audio Dataset Original and DeepFake Voices for AI-Based Voice Analysis and Detection/Dataset/S7M02/Fake/3.wav,1,MEN,MEN-S7M02,TG:0482b7506606c32f,-8.8671875,1,0.5041666666666667,0.00014091855
mendeley/extracted/Bangla Audio Dataset Original and DeepFake Voices for AI-Based Voice Analysis and Detection/Dataset/S7M02/Fake/30.wav,1,MEN,MEN-S7M02,TG:39761131a871177e,-4.8554688,1,0.5491666666666667,0.007725534
mendeley/extracted/Bangla Audio Dataset Original and DeepFake Voices for AI-Based Voice Analysis and Detection/Dataset/S7M02/Fake/4.wav,1,MEN,MEN-S7M02,TG:b56423de78c5c27e,-1.328125,1,0.5391666666666667,0.20946968
mendeley/extracted/Bangla Audio Dataset Original and DeepFake Voices for AI-Based Voice Analysis and Detection/Dataset/S7M02/Fake/5.wav,1,MEN,MEN-S7M02,TG:538c010dab2f3679,-2.2011719,1,0.4675,0.0996453
mendeley/extracted/Bangla Audio Dataset Original and DeepFake Voices for AI-Based Voice Analysis and Detection/Dataset/S7M02/Fake/6.wav,1,MEN,MEN-S7M02,TG:2c57d29c7fa122ba,-9.7734375,1,0.5691666666666666,5.694103e-05
mendeley/extracted/Bangla Audio Dataset Original and DeepFake Voices for AI-Based Voice Analysis and Detection/Dataset/S7M02/Fake/7.wav,1,MEN,MEN-S7M02,TG:5403d84ab3fbd6ab,-10.453125,1,0.5941666666666667,2.8857117e-05
mendeley/extracted/Bangla Audio Dataset Original and DeepFake Voices for AI-Based Voice Analysis and Detection/Dataset/S7M02/Fake/8.wav,1,MEN,MEN-S7M02,TG:350a439fb9ac1017,-6.46875,1,0.3275,0.0015487609
mendeley/extracted/Bangla Audio Dataset Original and DeepFake Voices for AI-Based Voice Analysis and Detection/Dataset/S7M02/Fake/9.wav,1,MEN,MEN-S7M02,TG:fe872bec1d5fec5d,-8.625,1,0.4341666666666667,0.00017952795
mendeley/extracted/Bangla Audio Dataset Original and DeepFake Voices for AI-Based Voice Analysis and Detection/Dataset/S7M02/Real/1.wav,0,MEN,MEN-S7M02,TG:e7a787eae2aadd63,11.2421875,1,0.3675,0.9999869
mendeley/extracted/Bangla Audio Dataset Original and DeepFake Voices for AI-Based Voice Analysis and Detection/Dataset/S7M02/Real/10.wav,0,MEN,MEN-S7M02,TG:b6cccc89a145b946,10.265625,1,0.5675,0.9999652
mendeley/extracted/Bangla Audio Dataset Original and DeepFake Voices for AI-Based Voice Analysis and Detection/Dataset/S7M02/Real/11.wav,0,MEN,MEN-S7M02,TG:e3a0955d69b2e8ce,8.3125,1,0.6008333333333333,0.9997546
mendeley/extracted/Bangla Audio Dataset Original and DeepFake Voices for AI-Based Voice Analysis and Detection/Dataset/S7M02/Real/12.wav,0,MEN,MEN-S7M02,TG:fbaa8ee664289e26,9.2578125,1,0.3841666666666666,0.99990463
mendeley/extracted/Bangla Audio Dataset Original and DeepFake Voices for AI-Based Voice Analysis and Detection/Dataset/S7M02/Real/13.wav,0,MEN,MEN-S7M02,TG:b315345b73c7782e,7.28125,1,0.5341666666666667,0.99931216
mendeley/extracted/Bangla Audio Dataset Original and DeepFake Voices for AI-Based Voice Analysis and Detection/Dataset/S7M02/Real/14.wav,0,MEN,MEN-S7M02,TG:571ef3400a5435e2,10.8203125,1,0.5675,0.99998
mendeley/extracted/Bangla Audio Dataset Original and DeepFake Voices for AI-Based Voice Analysis and Detection/Dataset/S7M02/Real/15.wav,0,MEN,MEN-S7M02,TG:68cc478016d585cf,5.921875,1,0.5675,0.99732697
mendeley/extracted/Bangla Audio Dataset Original and DeepFake Voices for AI-Based Voice Analysis and Detection/Dataset/S7M02/Real/16.wav,0,MEN,MEN-S7M02,TG:8a409d6261087b5b,8.1796875,1,0.5341666666666667,0.9997198
mendeley/extracted/Bangla Audio Dataset Original and DeepFake Voices for AI-Based Voice Analysis and Detection/Dataset/S7M02/Real/17.wav,0,MEN,MEN-S7M02,TG:3895276c9cd52a4f,9.71875,1,0.4675,0.9999398
mendeley/extracted/Bangla Audio Dataset Original and DeepFake Voices for AI-Based Voice Analysis and Detection/Dataset/S7M02/Real/18.wav,0,MEN,MEN-S7M02,TG:71e5c9ea38e22419,7.2460938,1,0.5341666666666667,0.99928755
mendeley/extracted/Bangla Audio Dataset Original and DeepFake Voices for AI-Based Voice Analysis and Detection/Dataset/S7M02/Real/19.wav,0,MEN,MEN-S7M02,TG:b1cbde63bd64a611,8.5703125,1,0.4175,0.9998104
mendeley/extracted/Bangla Audio Dataset Original and DeepFake Voices for AI-Based Voice Analysis and Detection/Dataset/S7M02/Real/2.wav,0,MEN,MEN-S7M02,TG:35e8d8c301bdd724,8.234375,1,0.4508333333333333,0.9997347
mendeley/extracted/Bangla Audio Dataset Original and DeepFake Voices for AI-Based Voice Analysis and Detection/Dataset/S7M02/Real/20.wav,0,MEN,MEN-S7M02,TG:4eede860135e46e0,5.5742188,1,0.6008333333333333,0.99621993
mendeley/extracted/Bangla Audio Dataset Original and DeepFake Voices for AI-Based Voice Analysis and Detection/Dataset/S7M02/Real/21.wav,0,MEN,MEN-S7M02,TG:4e327253a4899166,4.875,1,0.5508333333333333,0.99242276
mendeley/extracted/Bangla Audio Dataset Original and DeepFake Voices for AI-Based Voice Analysis and Detection/Dataset/S7M02/Real/22.wav,0,MEN,MEN-S7M02,TG:8e687e6d6eee3110,6.6054688,1,0.6008333333333333,0.99864894
mendeley/extracted/Bangla Audio Dataset Original and DeepFake Voices for AI-Based Voice Analysis and Detection/Dataset/S7M02/Real/23.wav,0,MEN,MEN-S7M02,TG:79f5ecabaa235f39,9.921875,1,0.5008333333333334,0.9999509
mendeley/extracted/Bangla Audio Dataset Original and DeepFake Voices for AI-Based Voice Analysis and Detection/Dataset/S7M02/Real/24.wav,0,MEN,MEN-S7M02,TG:56c4a127e94b529e,12.65625,1,0.6008333333333333,0.9999968
mendeley/extracted/Bangla Audio Dataset Original and DeepFake Voices for AI-Based Voice Analysis and Detection/Dataset/S7M02/Real/25.wav,0,MEN,MEN-S7M02,TG:0c4b996c57ad3a91,11.625,1,0.5341666666666667,0.99999106
mendeley/extracted/Bangla Audio Dataset Original and DeepFake Voices for AI-Based Voice Analysis and Detection/Dataset/S7M02/Real/26.wav,0,MEN,MEN-S7M02,TG:623c9bc53763d833,9.7578125,1,0.5175000000000001,0.9999422
mendeley/extracted/Bangla Audio Dataset Original and DeepFake Voices for AI-Based Voice Analysis and Detection/Dataset/S7M02/Real/27.wav,0,MEN,MEN-S7M02,TG:3b9d2469ed9fecdf,8.6796875,1,0.4508333333333333,0.99983
mendeley/extracted/Bangla Audio Dataset Original and DeepFake Voices for AI-Based Voice Analysis and Detection/Dataset/S7M02/Real/28.wav,0,MEN,MEN-S7M02,TG:299dcf88a7bd7e02,9.2265625,1,0.6008333333333333,0.99990165
mendeley/extracted/Bangla Audio Dataset Original and DeepFake Voices for AI-Based Voice Analysis and Detection/Dataset/S7M02/Real/29.wav,0,MEN,MEN-S7M02,TG:50986d508a0b6329,9.4296875,1,0.5508333333333333,0.99991965
mendeley/extracted/Bangla Audio Dataset Original and DeepFake Voices for AI-Based Voice Analysis and Detection/Dataset/S7M02/Real/3.wav,0,MEN,MEN-S7M02,TG:0482b7506606c32f,8.046875,1,0.5175000000000001,0.99968004
mendeley/extracted/Bangla Audio Dataset Original and DeepFake Voices for AI-Based Voice Analysis and Detection/Dataset/S7M02/Real/30.wav,0,MEN,MEN-S7M02,TG:39761131a871177e,10.8203125,1,0.5008333333333334,0.99998
mendeley/extracted/Bangla Audio Dataset Original and DeepFake Voices for AI-Based Voice Analysis and Detection/Dataset/S7M02/Real/4.wav,0,MEN,MEN-S7M02,TG:b56423de78c5c27e,9.5234375,1,0.4008333333333334,0.9999269
mendeley/extracted/Bangla Audio Dataset Original and DeepFake Voices for AI-Based Voice Analysis and Detection/Dataset/S7M02/Real/5.wav,0,MEN,MEN-S7M02,TG:538c010dab2f3679,4.484375,1,0.6841666666666666,0.9888419
mendeley/extracted/Bangla Audio Dataset Original and DeepFake Voices for AI-Based Voice Analysis and Detection/Dataset/S7M02/Real/6.wav,0,MEN,MEN-S7M02,TG:2c57d29c7fa122ba,10.140625,1,0.6008333333333333,0.99996054
mendeley/extracted/Bangla Audio Dataset Original and DeepFake Voices for AI-Based Voice Analysis and Detection/Dataset/S7M02/Real/7.wav,0,MEN,MEN-S7M02,TG:5403d84ab3fbd6ab,8.2265625,1,0.5508333333333333,0.99973255
mendeley/extracted/Bangla Audio Dataset Original and DeepFake Voices for AI-Based Voice Analysis and Detection/Dataset/S7M02/Real/8.wav,0,MEN,MEN-S7M02,TG:350a439fb9ac1017,9.734375,1,0.4508333333333333,0.99994075
mendeley/extracted/Bangla Audio Dataset Original and DeepFake Voices for AI-Based Voice Analysis and Detection/Dataset/S7M02/Real/9.wav,0,MEN,MEN-S7M02,TG:fe872bec1d5fec5d,9.9375,1,0.5675,0.9999517
mendeley/extracted/Bangla Audio Dataset Original and DeepFake Voices for AI-Based Voice Analysis and Detection/Dataset/S7M03/Fake/1.wav,1,MEN,MEN-S7M03,TG:e7a787eae2aadd63,-13.046875,1,0.4608333333333333,2.1568167e-06
mendeley/extracted/Bangla Audio Dataset Original and DeepFake Voices for AI-Based Voice Analysis and Detection/Dataset/S7M03/Fake/10.wav,1,MEN,MEN-S7M03,TG:b6cccc89a145b946,-5.9804688,1,0.4708333333333333,0.002521268
mendeley/extracted/Bangla Audio Dataset Original and DeepFake Voices for AI-Based Voice Analysis and Detection/Dataset/S7M03/Fake/11.wav,1,MEN,MEN-S7M03,TG:e3a0955d69b2e8ce,-12.2265625,1,0.4408333333333333,4.8985694e-06
mendeley/extracted/Bangla Audio Dataset Original and DeepFake Voices for AI-Based Voice Analysis and Detection/Dataset/S7M03/Fake/12.wav,1,MEN,MEN-S7M03,TG:fbaa8ee664289e26,-11.3046875,1,0.4408333333333333,1.2314909e-05
mendeley/extracted/Bangla Audio Dataset Original and DeepFake Voices for AI-Based Voice Analysis and Detection/Dataset/S7M03/Fake/13.wav,1,MEN,MEN-S7M03,TG:b315345b73c7782e,-7.359375,1,0.4291666666666667,0.0006361912
mendeley/extracted/Bangla Audio Dataset Original and DeepFake Voices for AI-Based Voice Analysis and Detection/Dataset/S7M03/Fake/14.wav,1,MEN,MEN-S7M03,TG:571ef3400a5435e2,-11.5546875,1,0.4475,9.590887e-06
mendeley/extracted/Bangla Audio Dataset Original and DeepFake Voices for AI-Based Voice Analysis and Detection/Dataset/S7M03/Fake/15.wav,1,MEN,MEN-S7M03,TG:68cc478016d585cf,1.2226562,1,0.4725,0.7725306
mendeley/extracted/Bangla Audio Dataset Original and DeepFake Voices for AI-Based Voice Analysis and Detection/Dataset/S7M03/Fake/16.wav,1,MEN,MEN-S7M03,TG:8a409d6261087b5b,-12.3828125,1,0.4475,4.1899716e-06
mendeley/extracted/Bangla Audio Dataset Original and DeepFake Voices for AI-Based Voice Analysis and Detection/Dataset/S7M03/Fake/17.wav,1,MEN,MEN-S7M03,TG:3895276c9cd52a4f,-5.8515625,1,0.4641666666666666,0.0028671585
mendeley/extracted/Bangla Audio Dataset Original and DeepFake Voices for AI-Based Voice Analysis and Detection/Dataset/S7M03/Fake/18.wav,1,MEN,MEN-S7M03,TG:71e5c9ea38e22419,-7.6484375,1,0.5125,0.00047656134
mendeley/extracted/Bangla Audio Dataset Original and DeepFake Voices for AI-Based Voice Analysis and Detection/Dataset/S7M03/Fake/19.wav,1,MEN,MEN-S7M03,TG:b1cbde63bd64a611,-12.3359375,1,0.3108333333333333,4.391051e-06
mendeley/extracted/Bangla Audio Dataset Original and DeepFake Voices for AI-Based Voice Analysis and Detection/Dataset/S7M03/Fake/2.wav,1,MEN,MEN-S7M03,TG:35e8d8c301bdd724,-16.15625,1,0.2275,9.625642e-08
mendeley/extracted/Bangla Audio Dataset Original and DeepFake Voices for AI-Based Voice Analysis and Detection/Dataset/S7M03/Fake/20.wav,1,MEN,MEN-S7M03,TG:4eede860135e46e0,-10.328125,1,0.5508333333333333,3.2699274e-05
mendeley/extracted/Bangla Audio Dataset Original and DeepFake Voices for AI-Based Voice Analysis and Detection/Dataset/S7M03/Fake/21.wav,1,MEN,MEN-S7M03,TG:4e327253a4899166,-13.1484375,1,0.4058333333333334,1.9485221e-06
mendeley/extracted/Bangla Audio Dataset Original and DeepFake Voices for AI-Based Voice Analysis and Detection/Dataset/S7M03/Fake/22.wav,1,MEN,MEN-S7M03,TG:8e687e6d6eee3110,-7.9570312,1,0.5275000000000001,0.0003500686
mendeley/extracted/Bangla Audio Dataset Original and DeepFake Voices for AI-Based Voice Analysis and Detection/Dataset/S7M03/Fake/23.wav,1,MEN,MEN-S7M03,TG:79f5ecabaa235f39,-18.65625,1,0.4391666666666667,7.9012095e-09
mendeley/extracted/Bangla Audio Dataset Original and DeepFake Voices for AI-Based Voice Analysis and Detection/Dataset/S7M03/Fake/24.wav,1,MEN,MEN-S7M03,TG:56c4a127e94b529e,-11.2734375,1,0.5608333333333333,1.2705822e-05
mendeley/extracted/Bangla Audio Dataset Original and DeepFake Voices for AI-Based Voice Analysis and Detection/Dataset/S7M03/Fake/25.wav,1,MEN,MEN-S7M03,TG:0c4b996c57ad3a91,-9.53125,1,0.3891666666666666,7.254362e-05
mendeley/extracted/Bangla Audio Dataset Original and DeepFake Voices for AI-Based Voice Analysis and Detection/Dataset/S7M03/Fake/26.wav,1,MEN,MEN-S7M03,TG:623c9bc53763d833,-8.6328125,1,0.4775,0.0001781311
mendeley/extracted/Bangla Audio Dataset Original and DeepFake Voices for AI-Based Voice Analysis and Detection/Dataset/S7M03/Fake/27.wav,1,MEN,MEN-S7M03,TG:3b9d2469ed9fecdf,-8.6875,1,0.3125,0.00016865275
mendeley/extracted/Bangla Audio Dataset Original and DeepFake Voices for AI-Based Voice Analysis and Detection/Dataset/S7M03/Fake/28.wav,1,MEN,MEN-S7M03,TG:299dcf88a7bd7e02,-7.9921875,1,0.5708333333333333,0.00033797944
mendeley/extracted/Bangla Audio Dataset Original and DeepFake Voices for AI-Based Voice Analysis and Detection/Dataset/S7M03/Fake/29.wav,1,MEN,MEN-S7M03,TG:50986d508a0b6329,-14.03125,1,0.3391666666666666,8.059446e-07
mendeley/extracted/Bangla Audio Dataset Original and DeepFake Voices for AI-Based Voice Analysis and Detection/Dataset/S7M03/Fake/3.wav,1,MEN,MEN-S7M03,TG:0482b7506606c32f,-18.765625,1,0.4641666666666666,7.0825985e-09
mendeley/extracted/Bangla Audio Dataset Original and DeepFake Voices for AI-Based Voice Analysis and Detection/Dataset/S7M03/Fake/30.wav,1,MEN,MEN-S7M03,TG:39761131a871177e,-8.203125,1,0.5275000000000001,0.00027372167
mendeley/extracted/Bangla Audio Dataset Original and DeepFake Voices for AI-Based Voice Analysis and Detection/Dataset/S7M03/Fake/4.wav,1,MEN,MEN-S7M03,TG:b56423de78c5c27e,-6.8203125,1,0.5375,0.00109019
mendeley/extracted/Bangla Audio Dataset Original and DeepFake Voices for AI-Based Voice Analysis and Detection/Dataset/S7M03/Fake/5.wav,1,MEN,MEN-S7M03,TG:538c010dab2f3679,-6.8320312,1,0.4024999999999999,0.0010775025
mendeley/extracted/Bangla Audio Dataset Original and DeepFake Voices for AI-Based Voice Analysis and Detection/Dataset/S7M03/Fake/6.wav,1,MEN,MEN-S7M03,TG:2c57d29c7fa122ba,-12.90625,1,0.5808333333333333,2.4824799e-06
mendeley/extracted/Bangla Audio Dataset Original and DeepFake Voices for AI-Based Voice Analysis and Detection/Dataset/S7M03/Fake/7.wav,1,MEN,MEN-S7M03,TG:5403d84ab3fbd6ab,-12.890625,1,0.5675,2.5215734e-06
mendeley/extracted/Bangla Audio Dataset Original and DeepFake Voices for AI-Based Voice Analysis and Detection/Dataset/S7M03/Fake/8.wav,1,MEN,MEN-S7M03,TG:350a439fb9ac1017,-8.7890625,1,0.3608333333333333,0.00015236755
mendeley/extracted/Bangla Audio Dataset Original and DeepFake Voices for AI-Based Voice Analysis and Detection/Dataset/S7M03/Fake/9.wav,1,MEN,MEN-S7M03,TG:fe872bec1d5fec5d,-10.671875,1,0.4975,2.3187478e-05
mendeley/extracted/Bangla Audio Dataset Original and DeepFake Voices for AI-Based Voice Analysis and Detection/Dataset/S7M03/Real/1.wav,0,MEN,MEN-S7M03,TG:e7a787eae2aadd63,6.140625,1,0.4675,0.997851
mendeley/extracted/Bangla Audio Dataset Original and DeepFake Voices for AI-Based Voice Analysis and Detection/Dataset/S7M03/Real/10.wav,0,MEN,MEN-S7M03,TG:b6cccc89a145b946,7.4023438,1,0.5675,0.9993905
mendeley/extracted/Bangla Audio Dataset Original and DeepFake Voices for AI-Based Voice Analysis and Detection/Dataset/S7M03/Real/11.wav,0,MEN,MEN-S7M03,TG:e3a0955d69b2e8ce,4.6328125,1,0.5841666666666667,0.99036634
mendeley/extracted/Bangla Audio Dataset Original and DeepFake Voices for AI-Based Voice Analysis and Detection/Dataset/S7M03/Real/12.wav,0,MEN,MEN-S7M03,TG:fbaa8ee664289e26,9.140625,1,0.5341666666666667,0.99989283
mendeley/extracted/Bangla Audio Dataset Original and DeepFake Voices for AI-Based Voice Analysis and Detection/Dataset/S7M03/Real/13.wav,0,MEN,MEN-S7M03,TG:b315345b73c7782e,7.0195312,1,0.5175000000000001,0.9991066
mendeley/extracted/Bangla Audio Dataset Original and DeepFake Voices for AI-Based Voice Analysis and Detection/Dataset/S7M03/Real/14.wav,0,MEN,MEN-S7M03,TG:571ef3400a5435e2,3.4667969,1,0.5341666666666667,0.9697281
mendeley/extracted/Bangla Audio Dataset Original and DeepFake Voices for AI-Based Voice Analysis and Detection/Dataset/S7M03/Real/15.wav,0,MEN,MEN-S7M03,TG:68cc478016d585cf,10.234375,1,0.5175000000000001,0.9999641
mendeley/extracted/Bangla Audio Dataset Original and DeepFake Voices for AI-Based Voice Analysis and Detection/Dataset/S7M03/Real/16.wav,0,MEN,MEN-S7M03,TG:8a409d6261087b5b,8.4296875,1,0.5175000000000001,0.9997818
mendeley/extracted/Bangla Audio Dataset Original and DeepFake Voices for AI-Based Voice Analysis and Detection/Dataset/S7M03/Real/17.wav,0,MEN,MEN-S7M03,TG:3895276c9cd52a4f,3.8242188,1,0.5175000000000001,0.97863114
mendeley/extracted/Bangla Audio Dataset Original and DeepFake Voices for AI-Based Voice Analysis and Detection/Dataset/S7M03/Real/18.wav,0,MEN,MEN-S7M03,TG:71e5c9ea38e22419,8.0625,1,0.5341666666666667,0.99968493
mendeley/extracted/Bangla Audio Dataset Original and DeepFake Voices for AI-Based Voice Analysis and Detection/Dataset/S7M03/Real/19.wav,0,MEN,MEN-S7M03,TG:b1cbde63bd64a611,4.1289062,1,0.4841666666666666,0.9841546
mendeley/extracted/Bangla Audio Dataset Original and DeepFake Voices for AI-Based Voice Analysis and Detection/Dataset/S7M03/Real/2.wav,0,MEN,MEN-S7M03,TG:35e8d8c301bdd724,9.3984375,1,0.5175000000000001,0.99991715
mendeley/extracted/Bangla Audio Dataset Original and DeepFake Voices for AI-Based Voice Analysis and Detection/Dataset/S7M03/Real/20.wav,0,MEN,MEN-S7M03,TG:4eede860135e46e0,6.4570312,1,0.5008333333333334,0.99843305
mendeley/extracted/Bangla Audio Dataset Original and DeepFake Voices for AI-Based Voice Analysis and Detection/Dataset/S7M03/Real/21.wav,0,MEN,MEN-S7M03,TG:4e327253a4899166,2.3222656,1,0.5508333333333333,0.9107044
mendeley/extracted/Bangla Audio Dataset Original and DeepFake Voices for AI-Based Voice Analysis and Detection/Dataset/S7M03/Real/22.wav,0,MEN,MEN-S7M03,TG:8e687e6d6eee3110,10.1640625,1,0.5175000000000001,0.9999615
mendeley/extracted/Bangla Audio Dataset Original and DeepFake Voices for AI-Based Voice Analysis and Detection/Dataset/S7M03/Real/23.wav,0,MEN,MEN-S7M03,TG:79f5ecabaa235f39,2.6289062,1,0.4841666666666666,0.9326989
mendeley/extracted/Bangla Audio Dataset Original and DeepFake Voices for AI-Based Voice Analysis and Detection/Dataset/S7M03/Real/24.wav,0,MEN,MEN-S7M03,TG:56c4a127e94b529e,5.4257812,1,0.5008333333333334,0.9956176
mendeley/extracted/Bangla Audio Dataset Original and DeepFake Voices for AI-Based Voice Analysis and Detection/Dataset/S7M03/Real/25.wav,0,MEN,MEN-S7M03,TG:0c4b996c57ad3a91,4.2421875,1,0.5675,0.98582757
mendeley/extracted/Bangla Audio Dataset Original and DeepFake Voices for AI-Based Voice Analysis and Detection/Dataset/S7M03/Real/26.wav,0,MEN,MEN-S7M03,TG:623c9bc53763d833,3.3632812,1,0.5675,0.96653706
mendeley/extracted/Bangla Audio Dataset Original and DeepFake Voices for AI-Based Voice Analysis and Detection/Dataset/S7M03/Real/27.wav,0,MEN,MEN-S7M03,TG:3b9d2469ed9fecdf,5.1171875,1,0.4841666666666666,0.9940428
mendeley/extracted/Bangla Audio Dataset Original and DeepFake Voices for AI-Based Voice Analysis and Detection/Dataset/S7M03/Real/28.wav,0,MEN,MEN-S7M03,TG:299dcf88a7bd7e02,4.765625,1,0.5341666666666667,0.99155444
mendeley/extracted/Bangla Audio Dataset Original and DeepFake Voices for AI-Based Voice Analysis and Detection/Dataset/S7M03/Real/29.wav,0,MEN,MEN-S7M03,TG:50986d508a0b6329,5.9570312,1,0.5508333333333333,0.9974191
mendeley/extracted/Bangla Audio Dataset Original and DeepFake Voices for AI-Based Voice Analysis and Detection/Dataset/S7M03/Real/3.wav,0,MEN,MEN-S7M03,TG:0482b7506606c32f,1.8066406,1,0.5508333333333333,0.8589554
mendeley/extracted/Bangla Audio Dataset Original and DeepFake Voices for AI-Based Voice Analysis and Detection/Dataset/S7M03/Real/30.wav,0,MEN,MEN-S7M03,TG:39761131a871177e,7.9414062,1,0.5175000000000001,0.9996444
mendeley/extracted/Bangla Audio Dataset Original and DeepFake Voices for AI-Based Voice Analysis and Detection/Dataset/S7M03/Real/4.wav,0,MEN,MEN-S7M03,TG:b56423de78c5c27e,-0.056518555,1,0.5341666666666667,0.48587412
mendeley/extracted/Bangla Audio Dataset Original and DeepFake Voices for AI-Based Voice Analysis and Detection/Dataset/S7M03/Real/5.wav,0,MEN,MEN-S7M03,TG:538c010dab2f3679,5.6132812,1,0.5341666666666667,0.9963642
mendeley/extracted/Bangla Audio Dataset Original and DeepFake Voices for AI-Based Voice Analysis and Detection/Dataset/S7M03/Real/6.wav,0,MEN,MEN-S7M03,TG:2c57d29c7fa122ba,1.9228516,1,0.5675,0.87245613
mendeley/extracted/Bangla Audio Dataset Original and DeepFake Voices for AI-Based Voice Analysis and Detection/Dataset/S7M03/Real/7.wav,0,MEN,MEN-S7M03,TG:5403d84ab3fbd6ab,2.7871094,1,0.5675,0.94197524
mendeley/extracted/Bangla Audio Dataset Original and DeepFake Voices for AI-Based Voice Analysis and Detection/Dataset/S7M03/Real/8.wav,0,MEN,MEN-S7M03,TG:350a439fb9ac1017,3.5722656,1,0.5175000000000001,0.97267544
mendeley/extracted/Bangla Audio Dataset Original and DeepFake Voices for AI-Based Voice Analysis and Detection/Dataset/S7M03/Real/9.wav,0,MEN,MEN-S7M03,TG:fe872bec1d5fec5d,5.3203125,1,0.5675,0.9951325
mendeley/extracted/Bangla Audio Dataset Original and DeepFake Voices for AI-Based Voice Analysis and Detection/Dataset/S8F01/Fake/1.wav,1,MEN,MEN-S8F01,TG:760e3ce681aa7630,-11.140625,1,0.5208333333333333,1.4510478e-05
mendeley/extracted/Bangla Audio Dataset Original and DeepFake Voices for AI-Based Voice Analysis and Detection/Dataset/S8F01/Fake/10.wav,1,MEN,MEN-S8F01,TG:7ccc8eca646a6e57,-10.25,1,0.5541666666666667,3.5356254e-05
mendeley/extracted/Bangla Audio Dataset Original and DeepFake Voices for AI-Based Voice Analysis and Detection/Dataset/S8F01/Fake/11.wav,1,MEN,MEN-S8F01,TG:872f6260af58529e,-14.03125,1,0.4541666666666667,8.059446e-07
mendeley/extracted/Bangla Audio Dataset Original and DeepFake Voices for AI-Based Voice Analysis and Detection/Dataset/S8F01/Fake/12.wav,1,MEN,MEN-S8F01,TG:bbd38849c3dc44fa,-13.078125,1,0.4475,2.0904586e-06
mendeley/extracted/Bangla Audio Dataset Original and DeepFake Voices for AI-Based Voice Analysis and Detection/Dataset/S8F01/Fake/13.wav,1,MEN,MEN-S8F01,TG:08c5075532646c3a,-9.3828125,1,0.4425,8.415109e-05
mendeley/extracted/Bangla Audio Dataset Original and DeepFake Voices for AI-Based Voice Analysis and Detection/Dataset/S8F01/Fake/14.wav,1,MEN,MEN-S8F01,TG:77bf98e46646f28d,-10.0703125,1,0.4075,4.2315598e-05
mendeley/extracted/Bangla Audio Dataset Original and DeepFake Voices for AI-Based Voice Analysis and Detection/Dataset/S8F01/Fake/15.wav,1,MEN,MEN-S8F01,TG:3eb14b84f28303c8,-18.984375,1,0.4575,5.691027e-09
mendeley/extracted/Bangla Audio Dataset Original and DeepFake Voices for AI-Based Voice Analysis and Detection/Dataset/S8F01/Fake/16.wav,1,MEN,MEN-S8F01,TG:0ea8bc04161b1f2f,-16.734375,1,0.4058333333333334,5.399497e-08
mendeley/extracted/Bangla Audio Dataset Original and DeepFake Voices for AI-Based Voice Analysis and Detection/Dataset/S8F01/Fake/17.wav,1,MEN,MEN-S8F01,TG:66c39665bb32ee30,-18.125,1,0.3991666666666666,1.3440411e-08
mendeley/extracted/Bangla Audio Dataset Original and DeepFake Voices for AI-Based Voice Analysis and Detection/Dataset/S8F01/Fake/18.wav,1,MEN,MEN-S8F01,TG:b494f4a3b1edf8db,-13.6953125,1,0.4808333333333333,1.1277189e-06
mendeley/extracted/Bangla Audio Dataset Original and DeepFake Voices for AI-Based Voice Analysis and Detection/Dataset/S8F01/Fake/19.wav,1,MEN,MEN-S8F01,TG:2787a2a24a265664,-14.6484375,1,0.4075,4.3477468e-07
mendeley/extracted/Bangla Audio Dataset Original and DeepFake Voices for AI-Based Voice Analysis and Detection/Dataset/S8F01/Fake/2.wav,1,MEN,MEN-S8F01,TG:bac6bd4d479b8a5b,-13.671875,1,0.5141666666666667,1.1544621e-06
mendeley/extracted/Bangla Audio Dataset Original and DeepFake Voices for AI-Based Voice Analysis and Detection/Dataset/S8F01/Fake/20.wav,1,MEN,MEN-S8F01,TG:c9b9b4cacb95876e,-12.4609375,1,0.3841666666666666,3.8750914e-06
mendeley/extracted/Bangla Audio Dataset Original and DeepFake Voices for AI-Based Voice Analysis and Detection/Dataset/S8F01/Fake/21.wav,1,MEN,MEN-S8F01,TG:05910b36b882676c,-14.1484375,1,0.5008333333333334,7.1682206e-07
mendeley/extracted/Bangla Audio Dataset Original and DeepFake Voices for AI-Based Voice Analysis and Detection/Dataset/S8F01/Fake/22.wav,1,MEN,MEN-S8F01,TG:63d69875a36d8c5d,-5.4414062,1,0.3291666666666667,0.004314688
mendeley/extracted/Bangla Audio Dataset Original and DeepFake Voices for AI-Based Voice Analysis and Detection/Dataset/S8F01/Fake/23.wav,1,MEN,MEN-S8F01,TG:59cb211849ea18dc,-16.546875,1,0.5508333333333333,6.5130365e-08
mendeley/extracted/Bangla Audio Dataset Original and DeepFake Voices for AI-Based Voice Analysis and Detection/Dataset/S8F01/Fake/24.wav,1,MEN,MEN-S8F01,TG:e3ad4512efc8cbc6,-19.1875,1,0.5208333333333333,4.6448814e-09
mendeley/extracted/Bangla Audio Dataset Original and DeepFake Voices for AI-Based Voice Analysis and Detection/Dataset/S8F01/Fake/25.wav,1,MEN,MEN-S8F01,TG:3b026d0aca15da29,-4.953125,1,0.4841666666666666,0.0070117954
mendeley/extracted/Bangla Audio Dataset Original and DeepFake Voices for AI-Based Voice Analysis and Detection/Dataset/S8F01/Fake/26.wav,1,MEN,MEN-S8F01,TG:bc8efbdca8f6081a,-11.1015625,1,0.5041666666666667,1.5088502e-05
mendeley/extracted/Bangla Audio Dataset Original and DeepFake Voices for AI-Based Voice Analysis and Detection/Dataset/S8F01/Fake/27.wav,1,MEN,MEN-S8F01,TG:52999faeaa2ecc2d,-11.890625,1,0.4708333333333333,6.8543172e-06
mendeley/extracted/Bangla Audio Dataset Original and DeepFake Voices for AI-Based Voice Analysis and Detection/Dataset/S8F01/Fake/28.wav,1,MEN,MEN-S8F01,TG:352d26f1389a8b5b,-16.5,1,0.5208333333333333,6.825603e-08
mendeley/extracted/Bangla Audio Dataset Original and DeepFake Voices for AI-Based Voice Analysis and Detection/Dataset/S8F01/Fake/29.wav,1,MEN,MEN-S8F01,TG:38d7ef05bbb12d77,-13.9375,1,0.4975,8.8515685e-07
mendeley/extracted/Bangla Audio Dataset Original and DeepFake Voices for AI-Based Voice Analysis and Detection/Dataset/S8F01/Fake/3.wav,1,MEN,MEN-S8F01,TG:515be6f37ee9bb6b,-10.9453125,1,0.5691666666666666,1.76402e-05
mendeley/extracted/Bangla Audio Dataset Original and DeepFake Voices for AI-Based Voice Analysis and Detection/Dataset/S8F01/Fake/30.wav,1,MEN,MEN-S8F01,TG:5d0a616d7540918c,-3.7792969,1,0.3841666666666666,0.022328783
mendeley/extracted/Bangla Audio Dataset Original and DeepFake Voices for AI-Based Voice Analysis and Detection/Dataset/S8F01/Fake/4.wav,1,MEN,MEN-S8F01,TG:9171bfa0ce6f0284,-16.796875,1,0.5008333333333334,5.072357e-08
mendeley/extracted/Bangla Audio Dataset Original and DeepFake Voices for AI-Based Voice Analysis and Detection/Dataset/S8F01/Fake/5.wav,1,MEN,MEN-S8F01,TG:c48f3edccc3e1864,-12.96875,1,0.5308333333333333,2.3320747e-06
mendeley/extracted/Bangla Audio Dataset Original and DeepFake Voices for AI-Based Voice Analysis and Detection/Dataset/S8F01/Fake/6.wav,1,MEN,MEN-S8F01,TG:2aa58a4fccd71627,-7.2382812,1,0.4758333333333333,0.00071802974
mendeley/extracted/Bangla Audio Dataset Original and DeepFake Voices for AI-Based Voice Analysis and Detection/Dataset/S8F01/Fake/7.wav,1,MEN,MEN-S8F01,TG:ea527d337528d827,-23.375,1,0.5541666666666667,7.05288e-11
mendeley/extracted/Bangla Audio Dataset Original and DeepFake Voices for AI-Based Voice Analysis and Detection/Dataset/S8F01/Fake/8.wav,1,MEN,MEN-S8F01,TG:0a440d8d407106df,-18.0625,1,0.4675,1.43072425e-08
mendeley/extracted/Bangla Audio Dataset Original and DeepFake Voices for AI-Based Voice Analysis and Detection/Dataset/S8F01/Fake/9.wav,1,MEN,MEN-S8F01,TG:bf935363bd6823d1,-16.359375,1,0.4541666666666667,7.856221e-08
mendeley/extracted/Bangla Audio Dataset Original and DeepFake Voices for AI-Based Voice Analysis and Detection/Dataset/S8F01/Real/1.wav,0,MEN,MEN-S8F01,TG:760e3ce681aa7630,7.0429688,1,0.5675,0.9991272
mendeley/extracted/Bangla Audio Dataset Original and DeepFake Voices for AI-Based Voice Analysis and Detection/Dataset/S8F01/Real/10.wav,0,MEN,MEN-S8F01,TG:7ccc8eca646a6e57,2.7734375,1,0.5341666666666667,0.94122344
mendeley/extracted/Bangla Audio Dataset Original and DeepFake Voices for AI-Based Voice Analysis and Detection/Dataset/S8F01/Real/11.wav,0,MEN,MEN-S8F01,TG:872f6260af58529e,4.5820312,1,0.5841666666666667,0.98986953
mendeley/extracted/Bangla Audio Dataset Original and DeepFake Voices for AI-Based Voice Analysis and Detection/Dataset/S8F01/Real/12.wav,0,MEN,MEN-S8F01,TG:bbd38849c3dc44fa,2.6894531,1,0.5841666666666667,0.9364014
mendeley/extracted/Bangla Audio Dataset Original and DeepFake Voices for AI-Based Voice Analysis and Detection/Dataset/S8F01/Real/13.wav,0,MEN,MEN-S8F01,TG:08c5075532646c3a,-4.90625,1,0.5341666666666667,0.007345827
mendeley/extracted/Bangla Audio Dataset Original and DeepFake Voices for AI-Based Voice Analysis and Detection/Dataset/S8F01/Real/14.wav,0,MEN,MEN-S8F01,TG:77bf98e46646f28d,6.2851562,1,0.4841666666666666,0.99813974
mendeley/extracted/Bangla Audio Dataset Original and DeepFake Voices for AI-Based Voice Analysis and Detection/Dataset/S8F01/Real/15.wav,0,MEN,MEN-S8F01,TG:3eb14b84f28303c8,7.2265625,1,0.6008333333333333,0.9992735
mendeley/extracted/Bangla Audio Dataset Original and DeepFake Voices for AI-Based Voice Analysis and Detection/Dataset/S8F01/Real/16.wav,0,MEN,MEN-S8F01,TG:0ea8bc04161b1f2f,4.796875,1,0.6174999999999999,0.9918121
mendeley/extracted/Bangla Audio Dataset Original and DeepFake Voices for AI-Based Voice Analysis and Detection/Dataset/S8F01/Real/17.wav,0,MEN,MEN-S8F01,TG:66c39665bb32ee30,3.6953125,1,0.5341666666666667,0.9757624
mendeley/extracted/Bangla Audio Dataset Original and DeepFake Voices for AI-Based Voice Analysis and Detection/Dataset/S8F01/Real/18.wav,0,MEN,MEN-S8F01,TG:b494f4a3b1edf8db,7.5195312,1,0.5675,0.9994579
mendeley/extracted/Bangla Audio Dataset Original and DeepFake Voices for AI-Based Voice Analysis and Detection/Dataset/S8F01/Real/19.wav,0,MEN,MEN-S8F01,TG:2787a2a24a265664,5.5078125,1,0.4008333333333334,0.99596137
mendeley/extracted/Bangla Audio Dataset Original and DeepFake Voices for AI-Based Voice Analysis and Detection/Dataset/S8F01/Real/2.wav,0,MEN,MEN-S8F01,TG:bac6bd4d479b8a5b,8.171875,1,0.5008333333333334,0.99971753
mendeley/extracted/Bangla Audio Dataset Original and DeepFake Voices for AI-Based Voice Analysis and Detection/Dataset/S8F01/Real/20.wav,0,MEN,MEN-S8F01,TG:c9b9b4cacb95876e,7.2851562,1,0.4841666666666666,0.9993148
mendeley/extracted/Bangla Audio Dataset Original and DeepFake Voices for AI-Based Voice Analysis and Detection/Dataset/S8F01/Real/21.wav,0,MEN,MEN-S8F01,TG:05910b36b882676c,6.6835938,1,0.5508333333333333,0.9987503
mendeley/extracted/Bangla Audio Dataset Original and DeepFake Voices for AI-Based Voice Analysis and Detection/Dataset/S8F01/Real/22.wav,0,MEN,MEN-S8F01,TG:63d69875a36d8c5d,5.5976562,1,0.3341666666666666,0.99630713
mendeley/extracted/Bangla Audio Dataset Original and DeepFake Voices for AI-Based Voice Analysis and Detection/Dataset/S8F01/Real/23.wav,0,MEN,MEN-S8F01,TG:59cb211849ea18dc,4.1171875,1,0.6008333333333333,0.9839708
mendeley/extracted/Bangla Audio Dataset Original and DeepFake Voices for AI-Based Voice Analysis and Detection/Dataset/S8F01/Real/24.wav,0,MEN,MEN-S8F01,TG:e3ad4512efc8cbc6,-2.140625,1,0.6174999999999999,0.10521054
mendeley/extracted/Bangla Audio Dataset Original and DeepFake Voices for AI-Based Voice Analysis and Detection/Dataset/S8F01/Real/25.wav,0,MEN,MEN-S8F01,TG:3b026d0aca15da29,6.6367188,1,0.5841666666666667,0.9986904
mendeley/extracted/Bangla Audio Dataset Original and DeepFake Voices for AI-Based Voice Analysis and Detection/Dataset/S8F01/Real/26.wav,0,MEN,MEN-S8F01,TG:bc8efbdca8f6081a,9.1484375,1,0.6174999999999999,0.99989367
mendeley/extracted/Bangla Audio Dataset Original and DeepFake Voices for AI-Based Voice Analysis and Detection/Dataset/S8F01/Real/27.wav,0,MEN,MEN-S8F01,TG:52999faeaa2ecc2d,-1.7509766,1,0.5008333333333334,0.14792408
mendeley/extracted/Bangla Audio Dataset Original and DeepFake Voices for AI-Based Voice Analysis and Detection/Dataset/S8F01/Real/28.wav,0,MEN,MEN-S8F01,TG:352d26f1389a8b5b,3.2695312,1,0.5841666666666667,0.9633686
mendeley/extracted/Bangla Audio Dataset Original and DeepFake Voices for AI-Based Voice Analysis and Detection/Dataset/S8F01/Real/29.wav,0,MEN,MEN-S8F01,TG:38d7ef05bbb12d77,7.3867188,1,0.6675,0.99938095
mendeley/extracted/Bangla Audio Dataset Original and DeepFake Voices for AI-Based Voice Analysis and Detection/Dataset/S8F01/Real/3.wav,0,MEN,MEN-S8F01,TG:515be6f37ee9bb6b,-1.2119141,1,0.5841666666666667,0.22936256
mendeley/extracted/Bangla Audio Dataset Original and DeepFake Voices for AI-Based Voice Analysis and Detection/Dataset/S8F01/Real/30.wav,0,MEN,MEN-S8F01,TG:5d0a616d7540918c,6.1875,1,0.5341666666666667,0.9979493
mendeley/extracted/Bangla Audio Dataset Original and DeepFake Voices for AI-Based Voice Analysis and Detection/Dataset/S8F01/Real/4.wav,0,MEN,MEN-S8F01,TG:9171bfa0ce6f0284,1.4541016,1,0.5675,0.8106289
mendeley/extracted/Bangla Audio Dataset Original and DeepFake Voices for AI-Based Voice Analysis and Detection/Dataset/S8F01/Real/5.wav,0,MEN,MEN-S8F01,TG:c48f3edccc3e1864,5.2148438,1,0.4675,0.99459416
mendeley/extracted/Bangla Audio Dataset Original and DeepFake Voices for AI-Based Voice Analysis and Detection/Dataset/S8F01/Real/6.wav,0,MEN,MEN-S8F01,TG:2aa58a4fccd71627,2.2695312,1,0.4675,0.90632194
mendeley/extracted/Bangla Audio Dataset Original and DeepFake Voices for AI-Based Voice Analysis and Detection/Dataset/S8F01/Real/7.wav,0,MEN,MEN-S8F01,TG:ea527d337528d827,6.5234375,1,0.5175000000000001,0.9985335
mendeley/extracted/Bangla Audio Dataset Original and DeepFake Voices for AI-Based Voice Analysis and Detection/Dataset/S8F01/Real/8.wav,0,MEN,MEN-S8F01,TG:0a440d8d407106df,5.0351562,1,0.5508333333333333,0.9935369
mendeley/extracted/Bangla Audio Dataset Original and DeepFake Voices for AI-Based Voice Analysis and Detection/Dataset/S8F01/Real/9.wav,0,MEN,MEN-S8F01,TG:bf935363bd6823d1,7.265625,1,0.5175000000000001,0.9993013
mendeley/extracted/Bangla Audio Dataset Original and DeepFake Voices for AI-Based Voice Analysis and Detection/Dataset/S8F02/Fake/1.wav,1,MEN,MEN-S8F02,TG:760e3ce681aa7630,-14.2890625,1,0.4941666666666666,6.227859e-07
mendeley/extracted/Bangla Audio Dataset Original and DeepFake Voices for AI-Based Voice Analysis and Detection/Dataset/S8F02/Fake/10.wav,1,MEN,MEN-S8F02,TG:7ccc8eca646a6e57,-9.1171875,1,0.5308333333333333,0.00010975091
mendeley/extracted/Bangla Audio Dataset Original and DeepFake Voices for AI-Based Voice Analysis and Detection/Dataset/S8F02/Fake/11.wav,1,MEN,MEN-S8F02,TG:872f6260af58529e,-18.921875,1,0.4741666666666666,6.058068e-09
mendeley/extracted/Bangla Audio Dataset Original and DeepFake Voices for AI-Based Voice Analysis and Detection/Dataset/S8F02/Fake/12.wav,1,MEN,MEN-S8F02,TG:bbd38849c3dc44fa,-13.890625,1,0.5441666666666667,9.2763645e-07
mendeley/extracted/Bangla Audio Dataset Original and DeepFake Voices for AI-Based Voice Analysis and Detection/Dataset/S8F02/Fake/13.wav,1,MEN,MEN-S8F02,TG:08c5075532646c3a,-5.2617188,1,0.4275,0.005159623
mendeley/extracted/Bangla Audio Dataset Original and DeepFake Voices for AI-Based Voice Analysis and Detection/Dataset/S8F02/Fake/14.wav,1,MEN,MEN-S8F02,TG:77bf98e46646f28d,-11.46875,1,0.4975,1.0451548e-05
mendeley/extracted/Bangla Audio Dataset Original and DeepFake Voices for AI-Based Voice Analysis and Detection/Dataset/S8F02/Fake/15.wav,1,MEN,MEN-S8F02,TG:3eb14b84f28303c8,-14.8203125,1,0.4575,3.66117e-07
mendeley/extracted/Bangla Audio Dataset Original and DeepFake Voices for AI-Based Voice Analysis and Detection/Dataset/S8F02/Fake/16.wav,1,MEN,MEN-S8F02,TG:0ea8bc04161b1f2f,-14.3203125,1,0.4191666666666667,6.0362476e-07
mendeley/extracted/Bangla Audio Dataset Original and DeepFake Voices for AI-Based Voice Analysis and Detection/Dataset/S8F02/Fake/17.wav,1,MEN,MEN-S8F02,TG:66c39665bb32ee30,-14.9453125,1,0.3341666666666666,3.2309717e-07
mendeley/extracted/Bangla Audio Dataset Original and DeepFake Voices for AI-Based Voice Analysis and Detection/Dataset/S8F02/Fake/18.wav,1,MEN,MEN-S8F02,TG:b494f4a3b1edf8db,-10.203125,1,0.4891666666666666,3.705297e-05
mendeley/extracted/Bangla Audio Dataset Original and DeepFake Voices for AI-Based Voice Analysis and Detection/Dataset/S8F02/Fake/19.wav,1,MEN,MEN-S8F02,TG:2787a2a24a265664,-13.3828125,1,0.4591666666666666,1.5414084e-06
mendeley/extracted/Bangla Audio Dataset Original and DeepFake Voices for AI-Based Voice Analysis and Detection/Dataset/S8F02/Fake/2.wav,1,MEN,MEN-S8F02,TG:bac6bd4d479b8a5b,-21.5,1,0.4775,4.5990553e-10
mendeley/extracted/Bangla Audio Dataset Original and DeepFake Voices for AI-Based Voice Analysis and Detection/Dataset/S8F02/Fake/20.wav,1,MEN,MEN-S8F02,TG:c9b9b4cacb95876e,-11.0703125,1,0.4758333333333333,1.5567455e-05
mendeley/extracted/Bangla Audio Dataset Original and DeepFake Voices for AI-Based Voice Analysis and Detection/Dataset/S8F02/Fake/21.wav,1,MEN,MEN-S8F02,TG:05910b36b882676c,-11.7734375,1,0.4775,7.706509e-06
mendeley/extracted/Bangla Audio Dataset Original and DeepFake Voices for AI-Based Voice Analysis and Detection/Dataset/S8F02/Fake/22.wav,1,MEN,MEN-S8F02,TG:63d69875a36d8c5d,-12.2734375,1,0.3175,4.674249e-06
mendeley/extracted/Bangla Audio Dataset Original and DeepFake Voices for AI-Based Voice Analysis and Detection/Dataset/S8F02/Fake/23.wav,1,MEN,MEN-S8F02,TG:59cb211849ea18dc,-17.109375,1,0.5075000000000001,3.7110162e-08
mendeley/extracted/Bangla Audio Dataset Original and DeepFake Voices for AI-Based Voice Analysis and Detection/Dataset/S8F02/Fake/24.wav,1,MEN,MEN-S8F02,TG:e3ad4512efc8cbc6,-8.8828125,1,0.5175000000000001,0.00013873413
mendeley/extracted/Bangla Audio Dataset Original and DeepFake Voices for AI-Based Voice Analysis and Detection/Dataset/S8F02/Fake/25.wav,1,MEN,MEN-S8F02,TG:3b026d0aca15da29,-17.671875,1,0.5025,2.1144734e-08
mendeley/extracted/Bangla Audio Dataset Original and DeepFake Voices for AI-Based Voice Analysis and Detection/Dataset/S8F02/Fake/26.wav,1,MEN,MEN-S8F02,TG:bc8efbdca8f6081a,-11.03125,1,0.5175000000000001,1.6187581e-05
mendeley/extracted/Bangla Audio Dataset Original and DeepFake Voices for AI-Based Voice Analysis and Detection/Dataset/S8F02/Fake/27.wav,1,MEN,MEN-S8F02,TG:52999faeaa2ecc2d,-13.421875,1,0.4308333333333333,1.482358e-06
mendeley/extracted/Bangla Audio Dataset Original and DeepFake Voices for AI-Based Voice Analysis and Detection/Dataset/S8F02/Fake/28.wav,1,MEN,MEN-S8F02,TG:352d26f1389a8b5b,-11.015625,1,0.5358333333333334,1.6442495e-05
mendeley/extracted/Bangla Audio Dataset Original and DeepFake Voices for AI-Based Voice Analysis and Detection/Dataset/S8F02/Fake/29.wav,1,MEN,MEN-S8F02,TG:38d7ef05bbb12d77,-12.5703125,1,0.4675,3.4736104e-06
mendeley/extracted/Bangla Audio Dataset Original and DeepFake Voices for AI-Based Voice Analysis and Detection/Dataset/S8F02/Fake/3.wav,1,MEN,MEN-S8F02,TG:515be6f37ee9bb6b,-14.0234375,1,0.6308333333333334,8.122657e-07
mendeley/extracted/Bangla Audio Dataset Original and DeepFake Voices for AI-Based Voice Analysis and Detection/Dataset/S8F02/Fake/30.wav,1,MEN,MEN-S8F02,TG:5d0a616d7540918c,-14.4609375,1,0.3508333333333333,5.244383e-07
mendeley/extracted/Bangla Audio Dataset Original and DeepFake Voices for AI-Based Voice Analysis and Detection/Dataset/S8F02/Fake/4.wav,1,MEN,MEN-S8F02,TG:9171bfa0ce6f0284,-12.3828125,1,0.4841666666666666,4.1899716e-06
mendeley/extracted/Bangla Audio Dataset Original and DeepFake Voices for AI-Based Voice Analysis and Detection/Dataset/S8F02/Fake/5.wav,1,MEN,MEN-S8F02,TG:c48f3edccc3e1864,-8.9609375,1,0.5375,0.00012830943
mendeley/extracted/Bangla Audio Dataset Original and DeepFake Voices for AI-Based Voice Analysis and Detection/Dataset/S8F02/Fake/6.wav,1,MEN,MEN-S8F02,TG:2aa58a4fccd71627,-13.0390625,1,0.3458333333333333,2.1737328e-06
mendeley/extracted/Bangla Audio Dataset Original and DeepFake Voices for AI-Based Voice Analysis and Detection/Dataset/S8F02/Fake/7.wav,1,MEN,MEN-S8F02,TG:ea527d337528d827,-17.609375,1,0.5191666666666667,2.250845e-08
mendeley/extracted/Bangla Audio Dataset Original and DeepFake Voices for AI-Based Voice Analysis and Detection/Dataset/S8F02/Fake/8.wav,1,MEN,MEN-S8F02,TG:0a440d8d407106df,-9.9375,1,0.4908333333333333,4.832564e-05
mendeley/extracted/Bangla Audio Dataset Original and DeepFake Voices for AI-Based Voice Analysis and Detection/Dataset/S8F02/Fake/9.wav,1,MEN,MEN-S8F02,TG:bf935363bd6823d1,-13.2734375,1,0.4691666666666666,1.7195648e-06
mendeley/extracted/Bangla Audio Dataset Original and DeepFake Voices for AI-Based Voice Analysis and Detection/Dataset/S8F02/Real/1.wav,0,MEN,MEN-S8F02,TG:760e3ce681aa7630,-6.5585938,1,0.5675,0.0014158706
mendeley/extracted/Bangla Audio Dataset Original and DeepFake Voices for AI-Based Voice Analysis and Detection/Dataset/S8F02/Real/10.wav,0,MEN,MEN-S8F02,TG:7ccc8eca646a6e57,0.98828125,1,0.4675,0.7287483
mendeley/extracted/Bangla Audio Dataset Original and DeepFake Voices for AI-Based Voice Analysis and Detection/Dataset/S8F02/Real/11.wav,0,MEN,MEN-S8F02,TG:872f6260af58529e,-5.28125,1,0.5008333333333334,0.0050603314
mendeley/extracted/Bangla Audio Dataset Original and DeepFake Voices for AI-Based Voice Analysis and Detection/Dataset/S8F02/Real/12.wav,0,MEN,MEN-S8F02,TG:bbd38849c3dc44fa,-10.8203125,1,0.5675,1.998892e-05
mendeley/extracted/Bangla Audio Dataset Original and DeepFake Voices for AI-Based Voice Analysis and Detection/Dataset/S8F02/Real/13.wav,0,MEN,MEN-S8F02,TG:08c5075532646c3a,-8.1171875,1,0.4675,0.00029827765
mendeley/extracted/Bangla Audio Dataset Original and DeepFake Voices for AI-Based Voice Analysis and Detection/Dataset/S8F02/Real/14.wav,0,MEN,MEN-S8F02,TG:77bf98e46646f28d,-5.3632812,1,0.4675,0.0046636555
mendeley/extracted/Bangla Audio Dataset Original and DeepFake Voices for AI-Based Voice Analysis and Detection/Dataset/S8F02/Real/15.wav,0,MEN,MEN-S8F02,TG:3eb14b84f28303c8,-5.8203125,1,0.4841666666666666,0.0029579026
mendeley/extracted/Bangla Audio Dataset Original and DeepFake Voices for AI-Based Voice Analysis and Detection/Dataset/S8F02/Real/16.wav,0,MEN,MEN-S8F02,TG:0ea8bc04161b1f2f,-6.7226562,1,0.4508333333333333,0.0012018913
mendeley/extracted/Bangla Audio Dataset Original and DeepFake Voices for AI-Based Voice Analysis and Detection/Dataset/S8F02/Real/17.wav,0,MEN,MEN-S8F02,TG:66c39665bb32ee30,-5.7421875,1,0.4008333333333334,0.0031974867
mendeley/extracted/Bangla Audio Dataset Original and DeepFake Voices for AI-Based Voice Analysis and Detection/Dataset/S8F02/Real/18.wav,0,MEN,MEN-S8F02,TG:b494f4a3b1edf8db,-6.7773438,1,0.4341666666666667,0.0011380005
mendeley/extracted/Bangla Audio Dataset Original and DeepFake Voices for AI-Based Voice Analysis and Detection/Dataset/S8F02/Real/19.wav,0,MEN,MEN-S8F02,TG:2787a2a24a265664,-4.234375,1,0.5008333333333334,0.014281933
mendeley/extracted/Bangla Audio Dataset Original and DeepFake Voices for AI-Based Voice Analysis and Detection/Dataset/S8F02/Real/2.wav,0,MEN,MEN-S8F02,TG:bac6bd4d479b8a5b,-7.515625,1,0.4841666666666666,0.0005442133
mendeley/extracted/Bangla Audio Dataset Original and DeepFake Voices for AI-Based Voice Analysis and Detection/Dataset/S8F02/Real/20.wav,0,MEN,MEN-S8F02,TG:c9b9b4cacb95876e,-8.6171875,1,0.4341666666666667,0.00018093578
mendeley/extracted/Bangla Audio Dataset Original and DeepFake Voices for AI-Based Voice Analysis and Detection/Dataset/S8F02/Real/21.wav,0,MEN,MEN-S8F02,TG:05910b36b882676c,-9.390625,1,0.3675,8.3496285e-05
mendeley/extracted/Bangla Audio Dataset Original and DeepFake Voices for AI-Based Voice Analysis and Detection/Dataset/S8F02/Real/22.wav,0,MEN,MEN-S8F02,TG:63d69875a36d8c5d,-3.7734375,1,0.3675,0.022457052
mendeley/extracted/Bangla Audio Dataset Original and DeepFake Voices for AI-Based Voice Analysis and Detection/Dataset/S8F02/Real/23.wav,0,MEN,MEN-S8F02,TG:59cb211849ea18dc,-5.9921875,1,0.4841666666666666,0.002491968
mendeley/extracted/Bangla Audio Dataset Original and DeepFake Voices for AI-Based Voice Analysis and Detection/Dataset/S8F02/Real/24.wav,0,MEN,MEN-S8F02,TG:e3ad4512efc8cbc6,-3.890625,1,0.5508333333333333,0.020023443
mendeley/extracted/Bangla Audio Dataset Original and DeepFake Voices for AI-Based Voice Analysis and Detection/Dataset/S8F02/Real/25.wav,0,MEN,MEN-S8F02,TG:3b026d0aca15da29,-4.6015625,1,0.4508333333333333,0.009936419
mendeley/extracted/Bangla Audio Dataset Original and DeepFake Voices for AI-Based Voice Analysis and Detection/Dataset/S8F02/Real/26.wav,0,MEN,MEN-S8F02,TG:bc8efbdca8f6081a,-4.625,1,0.5175000000000001,0.009708476
mendeley/extracted/Bangla Audio Dataset Original and DeepFake Voices for AI-Based Voice Analysis and Detection/Dataset/S8F02/Real/27.wav,0,MEN,MEN-S8F02,TG:52999faeaa2ecc2d,-3.2949219,1,0.4175,0.035745814
mendeley/extracted/Bangla Audio Dataset Original and DeepFake Voices for AI-Based Voice Analysis and Detection/Dataset/S8F02/Real/28.wav,0,MEN,MEN-S8F02,TG:352d26f1389a8b5b,-6.6328125,1,0.4341666666666667,0.0013147246
mendeley/extracted/Bangla Audio Dataset Original and DeepFake Voices for AI-Based Voice Analysis and Detection/Dataset/S8F02/Real/29.wav,0,MEN,MEN-S8F02,TG:38d7ef05bbb12d77,-5.3125,1,0.4008333333333334,0.004905406
mendeley/extracted/Bangla Audio Dataset Original and DeepFake Voices for AI-Based Voice Analysis and Detection/Dataset/S8F02/Real/3.wav,0,MEN,MEN-S8F02,TG:515be6f37ee9bb6b,-5.0664062,1,0.5008333333333334,0.006265533
mendeley/extracted/Bangla Audio Dataset Original and DeepFake Voices for AI-Based Voice Analysis and Detection/Dataset/S8F02/Real/30.wav,0,MEN,MEN-S8F02,TG:5d0a616d7540918c,-6.3867188,1,0.3841666666666666,0.0016809416
mendeley/extracted/Bangla Audio Dataset Original and DeepFake Voices for AI-Based Voice Analysis and Detection/Dataset/S8F02/Real/4.wav,0,MEN,MEN-S8F02,TG:9171bfa0ce6f0284,-5.5078125,1,0.4341666666666667,0.004038592
mendeley/extracted/Bangla Audio Dataset Original and DeepFake Voices for AI-Based Voice Analysis and Detection/Dataset/S8F02/Real/5.wav,0,MEN,MEN-S8F02,TG:c48f3edccc3e1864,-5.8515625,1,0.4341666666666667,0.0028671585
mendeley/extracted/Bangla Audio Dataset Original and DeepFake Voices for AI-Based Voice Analysis and Detection/Dataset/S8F02/Real/6.wav,0,MEN,MEN-S8F02,TG:2aa58a4fccd71627,-2.8476562,1,0.5008333333333334,0.054802597
mendeley/extracted/Bangla Audio Dataset Original and DeepFake Voices for AI-Based Voice Analysis and Detection/Dataset/S8F02/Real/7.wav,0,MEN,MEN-S8F02,TG:ea527d337528d827,-4.3828125,1,0.4675,0.0123361
mendeley/extracted/Bangla Audio Dataset Original and DeepFake Voices for AI-Based Voice Analysis and Detection/Dataset/S8F02/Real/8.wav,0,MEN,MEN-S8F02,TG:0a440d8d407106df,-3.9453125,1,0.4675,0.018978039
mendeley/extracted/Bangla Audio Dataset Original and DeepFake Voices for AI-Based Voice Analysis and Detection/Dataset/S8F02/Real/9.wav,0,MEN,MEN-S8F02,TG:bf935363bd6823d1,-6.4140625,1,0.5008333333333334,0.0016356753
mendeley/extracted/Bangla Audio Dataset Original and DeepFake Voices for AI-Based Voice Analysis and Detection/Dataset/S8F03/Fake/1.wav,1,MEN,MEN-S8F03,TG:760e3ce681aa7630,-13.3828125,1,0.4841666666666666,1.5414084e-06
mendeley/extracted/Bangla Audio Dataset Original and DeepFake Voices for AI-Based Voice Analysis and Detection/Dataset/S8F03/Fake/10.wav,1,MEN,MEN-S8F03,TG:7ccc8eca646a6e57,-8.359375,1,0.5325,0.00023413583
mendeley/extracted/Bangla Audio Dataset Original and DeepFake Voices for AI-Based Voice Analysis and Detection/Dataset/S8F03/Fake/11.wav,1,MEN,MEN-S8F03,TG:872f6260af58529e,-15.4375,1,0.4841666666666666,1.9750534e-07
mendeley/extracted/Bangla Audio Dataset Original and DeepFake Voices for AI-Based Voice Analysis and Detection/Dataset/S8F03/Fake/12.wav,1,MEN,MEN-S8F03,TG:bbd38849c3dc44fa,-11.375,1,0.5141666666666667,1.1478767e-05
mendeley/extracted/Bangla Audio Dataset Original and DeepFake Voices for AI-Based Voice Analysis and Detection/Dataset/S8F03/Fake/13.wav,1,MEN,MEN-S8F03,TG:08c5075532646c3a,-11.078125,1,0.4425,1.5446309e-05
mendeley/extracted/Bangla Audio Dataset Original and DeepFake Voices for AI-Based Voice Analysis and Detection/Dataset/S8F03/Fake/14.wav,1,MEN,MEN-S8F03,TG:77bf98e46646f28d,-13.6484375,1,0.3908333333333333,1.1818391e-06
mendeley/extracted/Bangla Audio Dataset Original and DeepFake Voices for AI-Based Voice Analysis and Detection/Dataset/S8F03/Fake/15.wav,1,MEN,MEN-S8F03,TG:3eb14b84f28303c8,-13.8984375,1,0.4625,9.2041756e-07
mendeley/extracted/Bangla Audio Dataset Original and DeepFake Voices for AI-Based Voice Analysis and Detection/Dataset/S8F03/Fake/16.wav,1,MEN,MEN-S8F03,TG:0ea8bc04161b1f2f,-12.7890625,1,0.3675,2.7911265e-06
mendeley/extracted/Bangla Audio Dataset Original and DeepFake Voices for AI-Based Voice Analysis and Detection/Dataset/S8F03/Fake/17.wav,1,MEN,MEN-S8F03,TG:66c39665bb32ee30,-10.140625,1,0.4475,3.944259e-05
mendeley/extracted/Bangla Audio Dataset Original and DeepFake Voices for AI-Based Voice Analysis and Detection/Dataset/S8F03/Fake/18.wav,1,MEN,MEN-S8F03,TG:b494f4a3b1edf8db,-19.359375,1,0.4775,3.9113823e-09
mendeley/extracted/Bangla Audio Dataset Original and DeepFake Voices for AI-Based Voice Analysis and Detection/Dataset/S8F03/Fake/19.wav,1,MEN,MEN-S8F03,TG:2787a2a24a265664,-13.5625,1,0.4241666666666667,1.2878953e-06
mendeley/extracted/Bangla Audio Dataset Original and DeepFake Voices for AI-Based Voice Analysis and Detection/Dataset/S8F03/Fake/2.wav,1,MEN,MEN-S8F03,TG:bac6bd4d479b8a5b,-11.484375,1,0.4775,1.0289513e-05
mendeley/extracted/Bangla Audio Dataset Original and DeepFake Voices for AI-Based Voice Analysis and Detection/Dataset/S8F03/Fake/20.wav,1,MEN,MEN-S8F03,TG:c9b9b4cacb95876e,-6.5742188,1,0.3908333333333333,0.0013939502
mendeley/extracted/Bangla Audio Dataset Original and DeepFake Voices for AI-Based Voice Analysis and Detection/Dataset/S8F03/Fake/21.wav,1,MEN,MEN-S8F03,TG:05910b36b882676c,-10.46875,1,0.4858333333333333,2.8409744e-05
mendeley/extracted/Bangla Audio Dataset Original and DeepFake Voices for AI-Based Voice Analysis and Detection/Dataset/S8F03/Fake/22.wav,1,MEN,MEN-S8F03,TG:63d69875a36d8c5d,-9.46875,1,0.3558333333333333,7.722192e-05
mendeley/extracted/Bangla Audio Dataset Original and DeepFake Voices for AI-Based Voice Analysis and Detection/Dataset/S8F03/Fake/23.wav,1,MEN,MEN-S8F03,TG:59cb211849ea18dc,-11.0546875,1,0.5008333333333334,1.5812602e-05
mendeley/extracted/Bangla Audio Dataset Original and DeepFake Voices for AI-Based Voice Analysis and Detection/Dataset/S8F03/Fake/24.wav,1,MEN,MEN-S8F03,TG:e3ad4512efc8cbc6,-12.7421875,1,0.4875,2.925075e-06
mendeley/extracted/Bangla Audio Dataset Original and DeepFake Voices for AI-Based Voice Analysis and Detection/Dataset/S8F03/Fake/25.wav,1,MEN,MEN-S8F03,TG:3b026d0aca15da29,-3.9960938,1,0.5075000000000001,0.018055335
mendeley/extracted/Bangla Audio Dataset Original and DeepFake Voices for AI-Based Voice Analysis and Detection/Dataset/S8F03/Fake/26.wav,1,MEN,MEN-S8F03,TG:bc8efbdca8f6081a,-15.125,1,0.5441666666666667,2.6995778e-07
mendeley/extracted/Bangla Audio Dataset Original and DeepFake Voices for AI-Based Voice Analysis and Detection/Dataset/S8F03/Fake/27.wav,1,MEN,MEN-S8F03,TG:52999faeaa2ecc2d,-8.3359375,1,0.5208333333333333,0.00023968688
mendeley/extracted/Bangla Audio Dataset Original and DeepFake Voices for AI-Based Voice Analysis and Detection/Dataset/S8F03/Fake/28.wav,1,MEN,MEN-S8F03,TG:352d26f1389a8b5b,-13.0,1,0.4841666666666666,2.2603244e-06
mendeley/extracted/Bangla Audio Dataset Original and DeepFake Voices for AI-Based Voice Analysis and Detection/Dataset/S8F03/Fake/29.wav,1,MEN,MEN-S8F03,TG:38d7ef05bbb12d77,-9.4921875,1,0.4608333333333333,7.5433214e-05
mendeley/extracted/Bangla Audio Dataset Original and DeepFake Voices for AI-Based Voice Analysis and Detection/Dataset/S8F03/Fake/3.wav,1,MEN,MEN-S8F03,TG:515be6f37ee9bb6b,-19.703125,1,0.5708333333333333,2.7735854e-09
mendeley/extracted/Bangla Audio Dataset Original and DeepFake Voices for AI-Based Voice Analysis and Detection/Dataset/S8F03/Fake/30.wav,1,MEN,MEN-S8F03,TG:5d0a616d7540918c,-8.2890625,1,0.3608333333333333,0.00025118678
mendeley/extracted/Bangla Audio Dataset Original and DeepFake Voices for AI-Based Voice Analysis and Detection/Dataset/S8F03/Fake/4.wav,1,MEN,MEN-S8F03,TG:9171bfa0ce6f0284,-11.5546875,1,0.4708333333333333,9.590887e-06
mendeley/extracted/Bangla Audio Dataset Original and DeepFake Voices for AI-Based Voice Analysis and Detection/Dataset/S8F03/Fake/5.wav,1,MEN,MEN-S8F03,TG:c48f3edccc3e1864,-11.2890625,1,0.4925,1.2508841e-05
mendeley/extracted/Bangla Audio Dataset Original and DeepFake Voices for AI-Based Voice Analysis and Detection/Dataset/S8F03/Fake/6.wav,1,MEN,MEN-S8F03,TG:2aa58a4fccd71627,-15.9296875,1,0.4375,1.207326e-07
mendeley/extracted/Bangla Audio Dataset Original and DeepFake Voices for AI-Based Voice Analysis and Detection/Dataset/S8F03/Fake/7.wav,1,MEN,MEN-S8F03,TG:ea527d337528d827,-16.109375,1,0.5458333333333334,1.0087587e-07
mendeley/extracted/Bangla Audio Dataset Original and DeepFake Voices for AI-Based Voice Analysis and Detection/Dataset/S8F03/Fake/8.wav,1,MEN,MEN-S8F03,TG:0a440d8d407106df,-12.046875,1,0.4575,5.862814e-06
mendeley/extracted/Bangla Audio Dataset Original and DeepFake Voices for AI-Based Voice Analysis and Detection/Dataset/S8F03/Fake/9.wav,1,MEN,MEN-S8F03,TG:bf935363bd6823d1,-10.1328125,1,0.4208333333333333,3.9751925e-05
mendeley/extracted/Bangla Audio Dataset Original and DeepFake Voices for AI-Based Voice Analysis and Detection/Dataset/S8F03/Real/1.wav,0,MEN,MEN-S8F03,TG:760e3ce681aa7630,8.109375,1,0.4008333333333334,0.99969935
mendeley/extracted/Bangla Audio Dataset Original and DeepFake Voices for AI-Based Voice Analysis and Detection/Dataset/S8F03/Real/10.wav,0,MEN,MEN-S8F03,TG:7ccc8eca646a6e57,-5.3320312,1,0.4341666666666667,0.0048109833
mendeley/extracted/Bangla Audio Dataset Original and DeepFake Voices for AI-Based Voice Analysis and Detection/Dataset/S8F03/Real/11.wav,0,MEN,MEN-S8F03,TG:872f6260af58529e,-2.9609375,1,0.4841666666666666,0.049222115
mendeley/extracted/Bangla Audio Dataset Original and DeepFake Voices for AI-Based Voice Analysis and Detection/Dataset/S8F03/Real/12.wav,0,MEN,MEN-S8F03,TG:bbd38849c3dc44fa,-10.78125,1,0.5841666666666667,2.0785172e-05
mendeley/extracted/Bangla Audio Dataset Original and DeepFake Voices for AI-Based Voice Analysis and Detection/Dataset/S8F03/Real/13.wav,0,MEN,MEN-S8F03,TG:08c5075532646c3a,-5.9765625,1,0.4341666666666667,0.0025311112
mendeley/extracted/Bangla Audio Dataset Original and DeepFake Voices for AI-Based Voice Analysis and Detection/Dataset/S8F03/Real/14.wav,0,MEN,MEN-S8F03,TG:77bf98e46646f28d,-9.3828125,1,0.5341666666666667,8.415109e-05
mendeley/extracted/Bangla Audio Dataset Original and DeepFake Voices for AI-Based Voice Analysis and Detection/Dataset/S8F03/Real/15.wav,0,MEN,MEN-S8F03,TG:3eb14b84f28303c8,-1.9501953,1,0.4175,0.124532074
mendeley/extracted/Bangla Audio Dataset Original and DeepFake Voices for AI-Based Voice Analysis and Detection/Dataset/S8F03/Real/16.wav,0,MEN,MEN-S8F03,TG:0ea8bc04161b1f2f,-2.7851562,1,0.5508333333333333,0.058131598
mendeley/extracted/Bangla Audio Dataset Original and DeepFake Voices for AI-Based Voice Analysis and Detection/Dataset/S8F03/Real/17.wav,0,MEN,MEN-S8F03,TG:66c39665bb32ee30,-0.013076782,1,0.4008333333333334,0.49673086
mendeley/extracted/Bangla Audio Dataset Original and DeepFake Voices for AI-Based Voice Analysis and Detection/Dataset/S8F03/Real/18.wav,0,MEN,MEN-S8F03,TG:b494f4a3b1edf8db,-6.5625,1,0.5175000000000001,0.0014103585
mendeley/extracted/Bangla Audio Dataset Original and DeepFake Voices for AI-Based Voice Analysis and Detection/Dataset/S8F03/Real/19.wav,0,MEN,MEN-S8F03,TG:2787a2a24a265664,-3.1582031,1,0.5508333333333333,0.04076927
mendeley/extracted/Bangla Audio Dataset Original and DeepFake Voices for AI-Based Voice Analysis and Detection/Dataset/S8F03/Real/2.wav,0,MEN,MEN-S8F03,TG:bac6bd4d479b8a5b,3.3457031,1,0.4675,0.9659639
mendeley/extracted/Bangla Audio Dataset Original and DeepFake Voices for AI-Based Voice Analysis and Detection/Dataset/S8F03/Real/20.wav,0,MEN,MEN-S8F03,TG:c9b9b4cacb95876e,-3.2089844,1,0.4675,0.038829025
mendeley/extracted/Bangla Audio Dataset Original and DeepFake Voices for AI-Based Voice Analysis and Detection/Dataset/S8F03/Real/21.wav,0,MEN,MEN-S8F03,TG:05910b36b882676c,-6.1835938,1,0.4508333333333333,0.0020587535
mendeley/extracted/Bangla Audio Dataset Original and DeepFake Voices for AI-Based Voice Analysis and Detection/Dataset/S8F03/Real/22.wav,0,MEN,MEN-S8F03,TG:63d69875a36d8c5d,0.86083984,1,0.4341666666666667,0.7028361
mendeley/extracted/Bangla Audio Dataset Original and DeepFake Voices for AI-Based Voice Analysis and Detection/Dataset/S8F03/Real/23.wav,0,MEN,MEN-S8F03,TG:59cb211849ea18dc,-4.8476562,1,0.5675,0.007785655
mendeley/extracted/Bangla Audio Dataset Original and DeepFake Voices for AI-Based Voice Analysis and Detection/Dataset/S8F03/Real/24.wav,0,MEN,MEN-S8F03,TG:e3ad4512efc8cbc6,-1.1308594,1,0.4675,0.24400254
mendeley/extracted/Bangla Audio Dataset Original and DeepFake Voices for AI-Based Voice Analysis and Detection/Dataset/S8F03/Real/25.wav,0,MEN,MEN-S8F03,TG:3b026d0aca15da29,-2.4121094,1,0.4175,0.08225395
mendeley/extracted/Bangla Audio Dataset Original and DeepFake Voices for AI-Based Voice Analysis and Detection/Dataset/S8F03/Real/26.wav,0,MEN,MEN-S8F03,TG:bc8efbdca8f6081a,-4.03125,1,0.5341666666666667,0.017442483
mendeley/extracted/Bangla Audio Dataset Original and DeepFake Voices for AI-Based Voice Analysis and Detection/Dataset/S8F03/Real/27.wav,0,MEN,MEN-S8F03,TG:52999faeaa2ecc2d,-2.5859375,1,0.4341666666666667,0.07004896
mendeley/extracted/Bangla Audio Dataset Original and DeepFake Voices for AI-Based Voice Analysis and Detection/Dataset/S8F03/Real/28.wav,0,MEN,MEN-S8F03,TG:352d26f1389a8b5b,-1.0527344,1,0.4508333333333333,0.25870037
mendeley/extracted/Bangla Audio Dataset Original and DeepFake Voices for AI-Based Voice Analysis and Detection/Dataset/S8F03/Real/29.wav,0,MEN,MEN-S8F03,TG:38d7ef05bbb12d77,-1.4951172,1,0.5175000000000001,0.1831549
mendeley/extracted/Bangla Audio Dataset Original and DeepFake Voices for AI-Based Voice Analysis and Detection/Dataset/S8F03/Real/3.wav,0,MEN,MEN-S8F03,TG:515be6f37ee9bb6b,-3.1230469,1,0.5675,0.042166546
mendeley/extracted/Bangla Audio Dataset Original and DeepFake Voices for AI-Based Voice Analysis and Detection/Dataset/S8F03/Real/30.wav,0,MEN,MEN-S8F03,TG:5d0a616d7540918c,1.2919922,1,0.4841666666666666,0.7844842
mendeley/extracted/Bangla Audio Dataset Original and DeepFake Voices for AI-Based Voice Analysis and Detection/Dataset/S8F03/Real/4.wav,0,MEN,MEN-S8F03,TG:9171bfa0ce6f0284,-1.9541016,1,0.4008333333333334,0.12410682
mendeley/extracted/Bangla Audio Dataset Original and DeepFake Voices for AI-Based Voice Analysis and Detection/Dataset/S8F03/Real/5.wav,0,MEN,MEN-S8F03,TG:c48f3edccc3e1864,-8.4765625,1,0.3508333333333333,0.0002082501
mendeley/extracted/Bangla Audio Dataset Original and DeepFake Voices for AI-Based Voice Analysis and Detection/Dataset/S8F03/Real/6.wav,0,MEN,MEN-S8F03,TG:2aa58a4fccd71627,-3.2988281,1,0.4675,0.035611417
mendeley/extracted/Bangla Audio Dataset Original and DeepFake Voices for AI-Based Voice Analysis and Detection/Dataset/S8F03/Real/7.wav,0,MEN,MEN-S8F03,TG:ea527d337528d827,-4.8359375,1,0.4508333333333333,0.007876706
mendeley/extracted/Bangla Audio Dataset Original and DeepFake Voices for AI-Based Voice Analysis and Detection/Dataset/S8F03/Real/8.wav,0,MEN,MEN-S8F03,TG:0a440d8d407106df,-3.640625,1,0.3508333333333333,0.025565214
mendeley/extracted/Bangla Audio Dataset Original and DeepFake Voices for AI-Based Voice Analysis and Detection/Dataset/S8F03/Real/9.wav,0,MEN,MEN-S8F03,TG:bf935363bd6823d1,-0.22924805,1,0.4341666666666667,0.44293767
mendeley/extracted/Bangla Audio Dataset Original and DeepFake Voices for AI-Based Voice Analysis and Detection/Dataset/S8F04/Fake/1.wav,1,MEN,MEN-S8F04,TG:760e3ce681aa7630,-5.5351562,1,0.4941666666666666,0.0039300853
mendeley/extracted/Bangla Audio Dataset Original and DeepFake Voices for AI-Based Voice Analysis and Detection/Dataset/S8F04/Fake/10.wav,1,MEN,MEN-S8F04,TG:7ccc8eca646a6e57,-10.671875,1,0.5875,2.3187478e-05
mendeley/extracted/Bangla Audio Dataset Original and DeepFake Voices for AI-Based Voice Analysis and Detection/Dataset/S8F04/Fake/11.wav,1,MEN,MEN-S8F04,TG:872f6260af58529e,-21.0625,1,0.4808333333333333,7.1231565e-10
mendeley/extracted/Bangla Audio Dataset Original and DeepFake Voices for AI-Based Voice Analysis and Detection/Dataset/S8F04/Fake/12.wav,1,MEN,MEN-S8F04,TG:bbd38849c3dc44fa,-12.921875,1,0.5041666666666667,2.4439928e-06
mendeley/extracted/Bangla Audio Dataset Original and DeepFake Voices for AI-Based Voice Analysis and Detection/Dataset/S8F04/Fake/13.wav,1,MEN,MEN-S8F04,TG:08c5075532646c3a,-7.5273438,1,0.4675,0.00053787645
mendeley/extracted/Bangla Audio Dataset Original and DeepFake Voices for AI-Based Voice Analysis and Detection/Dataset/S8F04/Fake/14.wav,1,MEN,MEN-S8F04,TG:77bf98e46646f28d,-15.75,1,0.3774999999999999,1.4449802e-07
mendeley/extracted/Bangla Audio Dataset Original and DeepFake Voices for AI-Based Voice Analysis and Detection/Dataset/S8F04/Fake/15.wav,1,MEN,MEN-S8F04,TG:3eb14b84f28303c8,-14.078125,1,0.4425,7.690378e-07
mendeley/extracted/Bangla Audio Dataset Original and DeepFake Voices for AI-Based Voice Analysis and Detection/Dataset/S8F04/Fake/16.wav,1,MEN,MEN-S8F04,TG:0ea8bc04161b1f2f,-15.484375,1,0.4841666666666666,1.8846092e-07
mendeley/extracted/Bangla Audio Dataset Original and DeepFake Voices for AI-Based Voice Analysis and Detection/Dataset/S8F04/Fake/17.wav,1,MEN,MEN-S8F04,TG:66c39665bb32ee30,-8.6484375,1,0.2891666666666667,0.00017536993
mendeley/extracted/Bangla Audio Dataset Original and DeepFake Voices for AI-Based Voice Analysis and Detection/Dataset/S8F04/Fake/18.wav,1,MEN,MEN-S8F04,TG:b494f4a3b1edf8db,-12.4921875,1,0.4425,3.7558677e-06
mendeley/extracted/Bangla Audio Dataset Original and DeepFake Voices for AI-Based Voice Analysis and Detection/Dataset/S8F04/Fake/19.wav,1,MEN,MEN-S8F04,TG:2787a2a24a265664,-10.0078125,1,0.4408333333333333,4.5044595e-05
mendeley/extracted/Bangla Audio Dataset Original and DeepFake Voices for AI-Based Voice Analysis and Detection/Dataset/S8F04/Fake/2.wav,1,MEN,MEN-S8F04,TG:bac6bd4d479b8a5b,-18.171875,1,0.4775,1.282493e-08
mendeley/extracted/Bangla Audio Dataset Original and DeepFake Voices for AI-Based Voice Analysis and Detection/Dataset/S8F04/Fake/20.wav,1,MEN,MEN-S8F04,TG:c9b9b4cacb95876e,-12.8984375,1,0.3608333333333333,2.5019506e-06
mendeley/extracted/Bangla Audio Dataset Original and DeepFake Voices for AI-Based Voice Analysis and Detection/Dataset/S8F04/Fake/21.wav,1,MEN,MEN-S8F04,TG:05910b36b882676c,-14.96875,1,0.3874999999999999,3.1561262e-07
mendeley/extracted/Bangla Audio Dataset Original and DeepFake Voices for AI-Based Voice Analysis and Detection/Dataset/S8F04/Fake/22.wav,1,MEN,MEN-S8F04,TG:63d69875a36d8c5d,-9.984375,1,0.2774999999999999,4.611275e-05
mendeley/extracted/Bangla Audio Dataset Original and DeepFake Voices for AI-Based Voice Analysis and Detection/Dataset/S8F04/Fake/23.wav,1,MEN,MEN-S8F04,TG:59cb211849ea18dc,-13.53125,1,0.4875,1.3287774e-06
mendeley/extracted/Bangla Audio Dataset Original and DeepFake Voices for AI-Based Voice Analysis and Detection/Dataset/S8F04/Fake/24.wav,1,MEN,MEN-S8F04,TG:e3ad4512efc8cbc6,-13.0234375,1,0.4941666666666666,2.207964e-06
mendeley/extracted/Bangla Audio Dataset Original and DeepFake Voices for AI-Based Voice Analysis and Detection/Dataset/S8F04/Fake/25.wav,1,MEN,MEN-S8F04,TG:3b026d0aca15da29,-16.453125,1,0.4841666666666666,7.15317e-08
mendeley/extracted/Bangla Audio Dataset Original and DeepFake Voices for AI-Based Voice Analysis and Detection/Dataset/S8F04/Fake/26.wav,1,MEN,MEN-S8F04,TG:bc8efbdca8f6081a,-9.46875,1,0.4875,7.722192e-05
mendeley/extracted/Bangla Audio Dataset Original and DeepFake Voices for AI-Based Voice Analysis and Detection/Dataset/S8F04/Fake/27.wav,1,MEN,MEN-S8F04,TG:52999faeaa2ecc2d,-11.078125,1,0.5308333333333333,1.5446309e-05
mendeley/extracted/Bangla Audio Dataset Original and DeepFake Voices for AI-Based Voice Analysis and Detection/Dataset/S8F04/Fake/28.wav,1,MEN,MEN-S8F04,TG:352d26f1389a8b5b,-10.4453125,1,0.5058333333333334,2.908344e-05
mendeley/extracted/Bangla Audio Dataset Original and DeepFake Voices for AI-Based Voice Analysis and Detection/Dataset/S8F04/Fake/29.wav,1,MEN,MEN-S8F04,TG:38d7ef05bbb12d77,-11.0625,1,0.4775,1.568955e-05
mendeley/extracted/Bangla Audio Dataset Original and DeepFake Voices for AI-Based Voice Analysis and Detection/Dataset/S8F04/Fake/3.wav,1,MEN,MEN-S8F04,TG:515be6f37ee9bb6b,-14.1953125,1,0.5475,6.839964e-07
mendeley/extracted/Bangla Audio Dataset Original and DeepFake Voices for AI-Based Voice Analysis and Detection/Dataset/S8F04/Fake/30.wav,1,MEN,MEN-S8F04,TG:5d0a616d7540918c,-6.5273438,1,0.3725,0.0014607495
mendeley/extracted/Bangla Audio Dataset Original and DeepFake Voices for AI-Based Voice Analysis and Detection/Dataset/S8F04/Fake/4.wav,1,MEN,MEN-S8F04,TG:9171bfa0ce6f0284,-6.0390625,1,0.4775,0.0023781238
mendeley/extracted/Bangla Audio Dataset Original and DeepFake Voices for AI-Based Voice Analysis and Detection/Dataset/S8F04/Fake/5.wav,1,MEN,MEN-S8F04,TG:c48f3edccc3e1864,-11.3515625,1,0.4908333333333333,1.1750976e-05
mendeley/extracted/Bangla Audio Dataset Original and DeepFake Voices for AI-Based Voice Analysis and Detection/Dataset/S8F04/Fake/6.wav,1,MEN,MEN-S8F04,TG:2aa58a4fccd71627,-9.5,1,0.4875,7.4846226e-05
mendeley/extracted/Bangla Audio Dataset Original and DeepFake Voices for AI-Based Voice Analysis and Detection/Dataset/S8F04/Fake/7.wav,1,MEN,MEN-S8F04,TG:ea527d337528d827,-19.53125,1,0.5575,3.293714e-09
mendeley/extracted/Bangla Audio Dataset Original and DeepFake Voices for AI-Based Voice Analysis and Detection/Dataset/S8F04/Fake/8.wav,1,MEN,MEN-S8F04,TG:0a440d8d407106df,-16.125,1,0.5208333333333333,9.931194e-08
mendeley/extracted/Bangla Audio Dataset Original and DeepFake Voices for AI-Based Voice Analysis and Detection/Dataset/S8F04/Fake/9.wav,1,MEN,MEN-S8F04,TG:bf935363bd6823d1,-12.734375,1,0.4708333333333333,2.9480166e-06
mendeley/extracted/Bangla Audio Dataset Original and DeepFake Voices for AI-Based Voice Analysis and Detection/Dataset/S8F04/Real/1.wav,0,MEN,MEN-S8F04,TG:760e3ce681aa7630,9.59375,1,0.5175000000000001,0.9999318
mendeley/extracted/Bangla Audio Dataset Original and DeepFake Voices for AI-Based Voice Analysis and Detection/Dataset/S8F04/Real/10.wav,0,MEN,MEN-S8F04,TG:7ccc8eca646a6e57,8.3984375,1,0.3341666666666666,0.9997749
mendeley/extracted/Bangla Audio Dataset Original and DeepFake Voices for AI-Based Voice Analysis and Detection/Dataset/S8F04/Real/11.wav,0,MEN,MEN-S8F04,TG:872f6260af58529e,11.265625,1,0.5175000000000001,0.99998724
mendeley/extracted/Bangla Audio Dataset Original and DeepFake Voices for AI-Based Voice Analysis and Detection/Dataset/S8F04/Real/12.wav,0,MEN,MEN-S8F04,TG:bbd38849c3dc44fa,10.3359375,1,0.5841666666666667,0.9999676
mendeley/extracted/Bangla Audio Dataset Original and DeepFake Voices for AI-Based Voice Analysis and Detection/Dataset/S8F04/Real/13.wav,0,MEN,MEN-S8F04,TG:08c5075532646c3a,12.0546875,1,0.5508333333333333,0.99999416
mendeley/extracted/Bangla Audio Dataset Original and DeepFake Voices for AI-Based Voice Analysis and Detection/Dataset/S8F04/Real/14.wav,0,MEN,MEN-S8F04,TG:77bf98e46646f28d,5.7382812,1,0.4175,0.99679
mendeley/extracted/Bangla Audio Dataset Original and DeepFake Voices for AI-Based Voice Analysis and Detection/Dataset/S8F04/Real/15.wav,0,MEN,MEN-S8F04,TG:3eb14b84f28303c8,7.7226562,1,0.5175000000000001,0.99955755
mendeley/extracted/Bangla Audio Dataset Original and DeepFake Voices for AI-Based Voice Analysis and Detection/Dataset/S8F04/Real/16.wav,0,MEN,MEN-S8F04,TG:0ea8bc04161b1f2f,7.9765625,1,0.5341666666666667,0.9996567
mendeley/extracted/Bangla Audio Dataset Original and DeepFake Voices for AI-Based Voice Analysis and Detection/Dataset/S8F04/Real/17.wav,0,MEN,MEN-S8F04,TG:66c39665bb32ee30,7.7460938,1,0.5175000000000001,0.9995678
mendeley/extracted/Bangla Audio Dataset Original and DeepFake Voices for AI-Based Voice Analysis and Detection/Dataset/S8F04/Real/18.wav,0,MEN,MEN-S8F04,TG:b494f4a3b1edf8db,8.7734375,1,0.5841666666666667,0.99984527
mendeley/extracted/Bangla Audio Dataset Original and DeepFake Voices for AI-Based Voice Analysis and Detection/Dataset/S8F04/Real/19.wav,0,MEN,MEN-S8F04,TG:2787a2a24a265664,7.5625,1,0.5175000000000001,0.99948066
mendeley/extracted/Bangla Audio Dataset Original and DeepFake Voices for AI-Based Voice Analysis and Detection/Dataset/S8F04/Real/2.wav,0,MEN,MEN-S8F04,TG:bac6bd4d479b8a5b,10.0546875,1,0.5841666666666667,0.99995697
mendeley/extracted/Bangla Audio Dataset Original and DeepFake Voices for AI-Based Voice Analysis and Detection/Dataset/S8F04/Real/20.wav,0,MEN,MEN-S8F04,TG:c9b9b4cacb95876e,7.6445312,1,0.5675,0.9995216
mendeley/extracted/Bangla Audio Dataset Original and DeepFake Voices for AI-Based Voice Analysis and Detection/Dataset/S8F04/Real/21.wav,0,MEN,MEN-S8F04,TG:05910b36b882676c,6.8046875,1,0.5008333333333334,0.9988927
mendeley/extracted/Bangla Audio Dataset Original and DeepFake Voices for AI-Based Voice Analysis and Detection/Dataset/S8F04/Real/22.wav,0,MEN,MEN-S8F04,TG:63d69875a36d8c5d,9.0703125,1,0.4341666666666667,0.99988496
mendeley/extracted/Bangla Audio Dataset Original and DeepFake Voices for AI-Based Voice Analysis and Detection/Dataset/S8F04/Real/23.wav,0,MEN,MEN-S8F04,TG:59cb211849ea18dc,9.9609375,1,0.5341666666666667,0.9999528
mendeley/extracted/Bangla Audio Dataset Original and DeepFake Voices for AI-Based Voice Analysis and Detection/Dataset/S8F04/Real/24.wav,0,MEN,MEN-S8F04,TG:e3ad4512efc8cbc6,10.328125,1,0.5508333333333333,0.99996734
mendeley/extracted/Bangla Audio Dataset Original and DeepFake Voices for AI-Based Voice Analysis and Detection/Dataset/S8F04/Real/25.wav,0,MEN,MEN-S8F04,TG:3b026d0aca15da29,11.4765625,1,0.5175000000000001,0.9999896
mendeley/extracted/Bangla Audio Dataset Original and DeepFake Voices for AI-Based Voice Analysis and Detection/Dataset/S8F04/Real/26.wav,0,MEN,MEN-S8F04,TG:bc8efbdca8f6081a,10.515625,1,0.5008333333333334,0.99997294
mendeley/extracted/Bangla Audio Dataset Original and DeepFake Voices for AI-Based Voice Analysis and Detection/Dataset/S8F04/Real/27.wav,0,MEN,MEN-S8F04,TG:52999faeaa2ecc2d,8.1640625,1,0.5341666666666667,0.9997154
mendeley/extracted/Bangla Audio Dataset Original and DeepFake Voices for AI-Based Voice Analysis and Detection/Dataset/S8F04/Real/28.wav,0,MEN,MEN-S8F04,TG:352d26f1389a8b5b,8.7265625,1,0.5508333333333333,0.99983776
mendeley/extracted/Bangla Audio Dataset Original and DeepFake Voices for AI-Based Voice Analysis and Detection/Dataset/S8F04/Real/29.wav,0,MEN,MEN-S8F04,TG:38d7ef05bbb12d77,10.390625,1,0.5008333333333334,0.99996924
mendeley/extracted/Bangla Audio Dataset Original and DeepFake Voices for AI-Based Voice Analysis and Detection/Dataset/S8F04/Real/3.wav,0,MEN,MEN-S8F04,TG:515be6f37ee9bb6b,8.9765625,1,0.5841666666666667,0.99987364
mendeley/extracted/Bangla Audio Dataset Original and DeepFake Voices for AI-Based Voice Analysis and Detection/Dataset/S8F04/Real/30.wav,0,MEN,MEN-S8F04,TG:5d0a616d7540918c,9.84375,1,0.5175000000000001,0.99994695
mendeley/extracted/Bangla Audio Dataset Original and DeepFake Voices for AI-Based Voice Analysis and Detection/Dataset/S8F04/Real/4.wav,0,MEN,MEN-S8F04,TG:9171bfa0ce6f0284,10.296875,1,0.3175,0.99996626
mendeley/extracted/Bangla Audio Dataset Original and DeepFake Voices for AI-Based Voice Analysis and Detection/Dataset/S8F04/Real/5.wav,0,MEN,MEN-S8F04,TG:c48f3edccc3e1864,8.4296875,1,0.5841666666666667,0.9997818
mendeley/extracted/Bangla Audio Dataset Original and DeepFake Voices for AI-Based Voice Analysis and Detection/Dataset/S8F04/Real/6.wav,0,MEN,MEN-S8F04,TG:2aa58a4fccd71627,9.3828125,1,0.5341666666666667,0.99991584
mendeley/extracted/Bangla Audio Dataset Original and DeepFake Voices for AI-Based Voice Analysis and Detection/Dataset/S8F04/Real/7.wav,0,MEN,MEN-S8F04,TG:ea527d337528d827,11.0625,1,0.5675,0.99998426
mendeley/extracted/Bangla Audio Dataset Original and DeepFake Voices for AI-Based Voice Analysis and Detection/Dataset/S8F04/Real/8.wav,0,MEN,MEN-S8F04,TG:0a440d8d407106df,9.4140625,1,0.5175000000000001,0.99991846
mendeley/extracted/Bangla Audio Dataset Original and DeepFake Voices for AI-Based Voice Analysis and Detection/Dataset/S8F04/Real/9.wav,0,MEN,MEN-S8F04,TG:bf935363bd6823d1,9.578125,1,0.5841666666666667,0.99993074
mendeley/extracted/Bangla Audio Dataset Original and DeepFake Voices for AI-Based Voice Analysis and Detection/Dataset/S8F05/Fake/1.wav,1,MEN,MEN-S8F05,TG:760e3ce681aa7630,-19.34375,1,0.4708333333333333,3.9729775e-09
mendeley/extracted/Bangla Audio Dataset Original and DeepFake Voices for AI-Based Voice Analysis and Detection/Dataset/S8F05/Fake/10.wav,1,MEN,MEN-S8F05,TG:7ccc8eca646a6e57,-12.5078125,1,0.5441666666666667,3.6976385e-06
mendeley/extracted/Bangla Audio Dataset Original and DeepFake Voices for AI-Based Voice Analysis and Detection/Dataset/S8F05/Fake/11.wav,1,MEN,MEN-S8F05,TG:872f6260af58529e,-19.375,1,0.4441666666666667,3.8507424e-09
mendeley/extracted/Bangla Audio Dataset Original and DeepFake Voices for AI-Based Voice Analysis and Detection/Dataset/S8F05/Fake/12.wav,1,MEN,MEN-S8F05,TG:bbd38849c3dc44fa,-15.0,1,0.4875,3.0590226e-07
mendeley/extracted/Bangla Audio Dataset Original and DeepFake Voices for AI-Based Voice Analysis and Detection/Dataset/S8F05/Fake/13.wav,1,MEN,MEN-S8F05,TG:08c5075532646c3a,-0.86035156,1,0.3824999999999999,0.29726592
mendeley/extracted/Bangla Audio Dataset Original and DeepFake Voices for AI-Based Voice Analysis and Detection/Dataset/S8F05/Fake/14.wav,1,MEN,MEN-S8F05,TG:77bf98e46646f28d,-20.671875,1,0.3908333333333333,1.0527342e-09
mendeley/extracted/Bangla Audio Dataset Original and DeepFake Voices for AI-Based Voice Analysis and Detection/Dataset/S8F05/Fake/15.wav,1,MEN,MEN-S8F05,TG:3eb14b84f28303c8,-14.8671875,1,0.4508333333333333,3.493513e-07
mendeley/extracted/Bangla Audio Dataset Original and DeepFake Voices for AI-Based Voice Analysis and Detection/Dataset/S8F05/Fake/16.wav,1,MEN,MEN-S8F05,TG:0ea8bc04161b1f2f,-18.015625,1,0.4575,1.4993862e-08
mendeley/extracted/Bangla Audio Dataset Original and DeepFake Voices for AI-Based Voice Analysis and Detection/Dataset/S8F05/Fake/17.wav,1,MEN,MEN-S8F05,TG:66c39665bb32ee30,-14.1875,1,0.2608333333333333,6.8936106e-07
mendeley/extracted/Bangla Audio Dataset Original and DeepFake Voices for AI-Based Voice Analysis and Detection/Dataset/S8F05/Fake/18.wav,1,MEN,MEN-S8F05,TG:b494f4a3b1edf8db,-14.28125,1,0.4708333333333333,6.2767043e-07
mendeley/extracted/Bangla Audio Dataset Original and DeepFake Voices for AI-Based Voice Analysis and Detection/Dataset/S8F05/Fake/19.wav,1,MEN,MEN-S8F05,TG:2787a2a24a265664,-14.8671875,1,0.4558333333333333,3.493513e-07
mendeley/extracted/Bangla Audio Dataset Original and DeepFake Voices for AI-Based Voice Analysis and Detection/Dataset/S8F05/Fake/2.wav,1,MEN,MEN-S8F05,TG:bac6bd4d479b8a5b,-16.09375,1,0.4508333333333333,1.0246443e-07
mendeley/extracted/Bangla Audio Dataset Original and DeepFake Voices for AI-Based Voice Analysis and Detection/Dataset/S8F05/Fake/20.wav,1,MEN,MEN-S8F05,TG:c9b9b4cacb95876e,-21.828125,1,0.4141666666666667,3.3125752e-10
mendeley/extracted/Bangla Audio Dataset Original and DeepFake Voices for AI-Based Voice Analysis and Detection/Dataset/S8F05/Fake/21.wav,1,MEN,MEN-S8F05,TG:05910b36b882676c,-14.9453125,1,0.4175,3.2309717e-07
mendeley/extracted/Bangla Audio Dataset Original and DeepFake Voices for AI-Based Voice Analysis and Detection/Dataset/S8F05/Fake/22.wav,1,MEN,MEN-S8F05,TG:63d69875a36d8c5d,-8.8671875,1,0.4341666666666667,0.00014091855
mendeley/extracted/Bangla Audio Dataset Original and DeepFake Voices for AI-Based Voice Analysis and Detection/Dataset/S8F05/Fake/23.wav,1,MEN,MEN-S8F05,TG:59cb211849ea18dc,-21.765625,1,0.5141666666666667,3.526218e-10
mendeley/extracted/Bangla Audio Dataset Original and DeepFake Voices for AI-Based Voice Analysis and Detection/Dataset/S8F05/Fake/24.wav,1,MEN,MEN-S8F05,TG:e3ad4512efc8cbc6,-14.703125,1,0.4741666666666666,4.116364e-07
mendeley/extracted/Bangla Audio Dataset Original and DeepFake Voices for AI-Based Voice Analysis and Detection/Dataset/S8F05/Fake/25.wav,1,MEN,MEN-S8F05,TG:3b026d0aca15da29,-10.265625,1,0.5041666666666667,3.4808123e-05
mendeley/extracted/Bangla Audio Dataset Original and DeepFake Voices for AI-Based Voice Analysis and Detection/Dataset/S8F05/Fake/26.wav,1,MEN,MEN-S8F05,TG:bc8efbdca8f6081a,-15.0,1,0.5441666666666667,3.0590226e-07
mendeley/extracted/Bangla Audio Dataset Original and DeepFake Voices for AI-Based Voice Analysis and Detection/Dataset/S8F05/Fake/27.wav,1,MEN,MEN-S8F05,TG:52999faeaa2ecc2d,-7.9375,1,0.5475,0.00035697065
mendeley/extracted/Bangla Audio Dataset Original and DeepFake Voices for AI-Based Voice Analysis and Detection/Dataset/S8F05/Fake/28.wav,1,MEN,MEN-S8F05,TG:352d26f1389a8b5b,-15.96875,1,0.5341666666666667,1.1610741e-07
mendeley/extracted/Bangla Audio Dataset Original and DeepFake Voices for AI-Based Voice Analysis and Detection/Dataset/S8F05/Fake/29.wav,1,MEN,MEN-S8F05,TG:38d7ef05bbb12d77,-15.578125,1,0.4591666666666666,1.715956e-07
mendeley/extracted/Bangla Audio Dataset Original and DeepFake Voices for AI-Based Voice Analysis and Detection/Dataset/S8F05/Fake/3.wav,1,MEN,MEN-S8F05,TG:515be6f37ee9bb6b,-17.34375,1,0.5491666666666667,2.9356556e-08
mendeley/extracted/Bangla Audio Dataset Original and DeepFake Voices for AI-Based Voice Analysis and Detection/Dataset/S8F05/Fake/30.wav,1,MEN,MEN-S8F05,TG:5d0a616d7540918c,-11.8046875,1,0.3541666666666666,7.469407e-06
mendeley/extracted/Bangla Audio Dataset Original and DeepFake Voices for AI-Based Voice Analysis and Detection/Dataset/S8F05/Fake/4.wav,1,MEN,MEN-S8F05,TG:9171bfa0ce6f0284,-20.09375,1,0.5108333333333333,1.8767017e-09
mendeley/extracted/Bangla Audio Dataset Original and DeepFake Voices for AI-Based Voice Analysis and Detection/Dataset/S8F05/Fake/5.wav,1,MEN,MEN-S8F05,TG:c48f3edccc3e1864,-8.171875,1,0.5575,0.00028240806
mendeley/extracted/Bangla Audio Dataset Original and DeepFake Voices for AI-Based Voice Analysis and Detection/Dataset/S8F05/Fake/6.wav,1,MEN,MEN-S8F05,TG:2aa58a4fccd71627,-12.5703125,1,0.4675,3.4736104e-06
mendeley/extracted/Bangla Audio Dataset Original and DeepFake Voices for AI-Based Voice Analysis and Detection/Dataset/S8F05/Fake/7.wav,1,MEN,MEN-S8F05,TG:ea527d337528d827,-12.046875,1,0.5408333333333333,5.862814e-06
mendeley/extracted/Bangla Audio Dataset Original and DeepFake Voices for AI-Based Voice Analysis and Detection/Dataset/S8F05/Fake/8.wav,1,MEN,MEN-S8F05,TG:0a440d8d407106df,-15.609375,1,0.4841666666666666,1.663162e-07
mendeley/extracted/Bangla Audio Dataset Original and DeepFake Voices for AI-Based Voice Analysis and Detection/Dataset/S8F05/Fake/9.wav,1,MEN,MEN-S8F05,TG:bf935363bd6823d1,-17.734375,1,0.4408333333333333,1.9863638e-08
mendeley/extracted/Bangla Audio Dataset Original and DeepFake Voices for AI-Based Voice Analysis and Detection/Dataset/S8F05/Real/1.wav,0,MEN,MEN-S8F05,TG:760e3ce681aa7630,6.7578125,1,0.3675,0.99883956
mendeley/extracted/Bangla Audio Dataset Original and DeepFake Voices for AI-Based Voice Analysis and Detection/Dataset/S8F05/Real/10.wav,0,MEN,MEN-S8F05,TG:7ccc8eca646a6e57,0.13586426,1,0.3841666666666666,0.5339139
mendeley/extracted/Bangla Audio Dataset Original and DeepFake Voices for AI-Based Voice Analysis and Detection/Dataset/S8F05/Real/11.wav,0,MEN,MEN-S8F05,TG:872f6260af58529e,3.8847656,1,0.3008333333333333,0.97986126
mendeley/extracted/Bangla Audio Dataset Original and DeepFake Voices for AI-Based Voice Analysis and Detection/Dataset/S8F05/Real/12.wav,0,MEN,MEN-S8F05,TG:bbd38849c3dc44fa,-1.6865234,1,0.3508333333333333,0.1562336
mendeley/extracted/Bangla Audio Dataset Original and DeepFake Voices for AI-Based Voice Analysis and Detection/Dataset/S8F05/Real/13.wav,0,MEN,MEN-S8F05,TG:08c5075532646c3a,5.6875,1,0.4341666666666667,0.9966234
mendeley/extracted/Bangla Audio Dataset Original and DeepFake Voices for AI-Based Voice Analysis and Detection/Dataset/S8F05/Real/14.wav,0,MEN,MEN-S8F05,TG:77bf98e46646f28d,3.1210938,1,0.3841666666666666,0.95775455
mendeley/extracted/Bangla Audio Dataset Original and DeepFake Voices for AI-Based Voice Analysis and Detection/Dataset/S8F05/Real/15.wav,0,MEN,MEN-S8F05,TG:3eb14b84f28303c8,1.6474609,1,0.3841666666666666,0.8385476
mendeley/extracted/Bangla Audio Dataset Original and DeepFake Voices for AI-Based Voice Analysis and Detection/Dataset/S8F05/Real/16.wav,0,MEN,MEN-S8F05,TG:0ea8bc04161b1f2f,0.6020508,1,0.3675,0.6461254
mendeley/extracted/Bangla Audio Dataset Original and DeepFake Voices for AI-Based Voice Analysis and Detection/Dataset/S8F05/Real/17.wav,0,MEN,MEN-S8F05,TG:66c39665bb32ee30,6.296875,1,0.3508333333333333,0.9981614
mendeley/extracted/Bangla Audio Dataset Original and DeepFake Voices for AI-Based Voice Analysis and Detection/Dataset/S8F05/Real/18.wav,0,MEN,MEN-S8F05,TG:b494f4a3b1edf8db,5.03125,1,0.3841666666666666,0.99351174
mendeley/extracted/Bangla Audio Dataset Original and DeepFake Voices for AI-Based Voice Analysis and Detection/Dataset/S8F05/Real/19.wav,0,MEN,MEN-S8F05,TG:2787a2a24a265664,-1.8017578,1,0.4008333333333334,0.14163724
mendeley/extracted/Bangla Audio Dataset Original and DeepFake Voices for AI-Based Voice Analysis and Detection/Dataset/S8F05/Real/2.wav,0,MEN,MEN-S8F05,TG:bac6bd4d479b8a5b,-3.3359375,1,0.3008333333333333,0.034358688
mendeley/extracted/Bangla Audio Dataset Original and DeepFake Voices for AI-Based Voice Analysis and Detection/Dataset/S8F05/Real/20.wav,0,MEN,MEN-S8F05,TG:c9b9b4cacb95876e,2.4511719,1,0.3675,0.92064714
mendeley/extracted/Bangla Audio Dataset Original and DeepFake Voices for AI-Based Voice Analysis and Detection/Dataset/S8F05/Real/21.wav,0,MEN,MEN-S8F05,TG:05910b36b882676c,0.8432617,1,0.3675,0.6991517
mendeley/extracted/Bangla Audio Dataset Original and DeepFake Voices for AI-Based Voice Analysis and Detection/Dataset/S8F05/Real/22.wav,0,MEN,MEN-S8F05,TG:63d69875a36d8c5d,3.8964844,1,0.4008333333333334,0.9800913
mendeley/extracted/Bangla Audio Dataset Original and DeepFake Voices for AI-Based Voice Analysis and Detection/Dataset/S8F05/Real/23.wav,0,MEN,MEN-S8F05,TG:59cb211849ea18dc,-0.0047035217,1,0.3675,0.49882415
mendeley/extracted/Bangla Audio Dataset Original and DeepFake Voices for AI-Based Voice Analysis and Detection/Dataset/S8F05/Real/24.wav,0,MEN,MEN-S8F05,TG:e3ad4512efc8cbc6,-0.0013465881,1,0.4175,0.49966335
mendeley/extracted/Bangla Audio Dataset Original and DeepFake Voices for AI-Based Voice Analysis and Detection/Dataset/S8F05/Real/25.wav,0,MEN,MEN-S8F05,TG:3b026d0aca15da29,5.1523438,1,0.3508333333333333,0.99424744
mendeley/extracted/Bangla Audio Dataset Original and DeepFake Voices for AI-Based Voice Analysis and Detection/Dataset/S8F05/Real/26.wav,0,MEN,MEN-S8F05,TG:bc8efbdca8f6081a,-5.4414062,1,0.4508333333333333,0.004314688
mendeley/extracted/Bangla Audio Dataset Original and DeepFake Voices for AI-Based Voice Analysis and Detection/Dataset/S8F05/Real/27.wav,0,MEN,MEN-S8F05,TG:52999faeaa2ecc2d,2.4824219,1,0.4508333333333333,0.92290026
mendeley/extracted/Bangla Audio Dataset Original and DeepFake Voices for AI-Based Voice Analysis and Detection/Dataset/S8F05/Real/28.wav,0,MEN,MEN-S8F05,TG:352d26f1389a8b5b,3.3125,1,0.4675,0.96485513
mendeley/extracted/Bangla Audio Dataset Original and DeepFake Voices for AI-Based Voice Analysis and Detection/Dataset/S8F05/Real/29.wav,0,MEN,MEN-S8F05,TG:38d7ef05bbb12d77,2.3066406,1,0.4508333333333333,0.9094255
mendeley/extracted/Bangla Audio Dataset Original and DeepFake Voices for AI-Based Voice Analysis and Detection/Dataset/S8F05/Real/3.wav,0,MEN,MEN-S8F05,TG:515be6f37ee9bb6b,-2.4414062,1,0.4341666666666667,0.08006927
mendeley/extracted/Bangla Audio Dataset Original and DeepFake Voices for AI-Based Voice Analysis and Detection/Dataset/S8F05/Real/30.wav,0,MEN,MEN-S8F05,TG:5d0a616d7540918c,1.6435547,1,0.4341666666666667,0.83801806
mendeley/extracted/Bangla Audio Dataset Original and DeepFake Voices for AI-Based Voice Analysis and Detection/Dataset/S8F05/Real/4.wav,0,MEN,MEN-S8F05,TG:9171bfa0ce6f0284,-2.0820312,1,0.4341666666666667,0.110855594
mendeley/extracted/Bangla Audio Dataset Original and DeepFake Voices for AI-Based Voice Analysis and Detection/Dataset/S8F05/Real/5.wav,0,MEN,MEN-S8F05,TG:c48f3edccc3e1864,-1.1787109,1,0.4341666666666667,0.23528406
mendeley/extracted/Bangla Audio Dataset Original and DeepFake Voices for AI-Based Voice Analysis and Detection/Dataset/S8F05/Real/6.wav,0,MEN,MEN-S8F05,TG:2aa58a4fccd71627,1.0058594,1,0.4675,0.7322091
mendeley/extracted/Bangla Audio Dataset Original and DeepFake Voices for AI-Based Voice Analysis and Detection/Dataset/S8F05/Real/7.wav,0,MEN,MEN-S8F05,TG:ea527d337528d827,3.8945312,1,0.4508333333333333,0.980053
mendeley/extracted/Bangla Audio Dataset Original and DeepFake Voices for AI-Based Voice Analysis and Detection/Dataset/S8F05/Real/8.wav,0,MEN,MEN-S8F05,TG:0a440d8d407106df,0.043395996,1,0.4508333333333333,0.5108473
mendeley/extracted/Bangla Audio Dataset Original and DeepFake Voices for AI-Based Voice Analysis and Detection/Dataset/S8F05/Real/9.wav,0,MEN,MEN-S8F05,TG:bf935363bd6823d1,1.2675781,1,0.4675,0.7803279
mendeley/extracted/Bangla Audio Dataset Original and DeepFake Voices for AI-Based Voice Analysis and Detection/Dataset/S9F01/Fake/1.wav,1,MEN,MEN-S9F01,TG:263ccbb0d9d4fa76,-18.109375,1,0.5375,1.3652065e-08
mendeley/extracted/Bangla Audio Dataset Original and DeepFake Voices for AI-Based Voice Analysis and Detection/Dataset/S9F01/Fake/10.wav,1,MEN,MEN-S9F01,TG:3bfd340f76d8a679,-11.34375,1,0.2441666666666666,1.184314e-05
mendeley/extracted/Bangla Audio Dataset Original and DeepFake Voices for AI-Based Voice Analysis and Detection/Dataset/S9F01/Fake/11.wav,1,MEN,MEN-S9F01,TG:de90edc1089c941d,-16.28125,1,0.4658333333333333,8.4945995e-08
mendeley/extracted/Bangla Audio Dataset Original and DeepFake Voices for AI-Based Voice Analysis and Detection/Dataset/S9F01/Fake/12.wav,1,MEN,MEN-S9F01,TG:a77af9be683053cc,-19.125,1,0.4975,4.9444506e-09
mendeley/extracted/Bangla Audio Dataset Original and DeepFake Voices for AI-Based Voice Analysis and Detection/Dataset/S9F01/Fake/13.wav,1,MEN,MEN-S9F01,TG:d028db732b574cac,-15.9921875,1,0.5508333333333333,1.1341779e-07
mendeley/extracted/Bangla Audio Dataset Original and DeepFake Voices for AI-Based Voice Analysis and Detection/Dataset/S9F01/Fake/14.wav,1,MEN,MEN-S9F01,TG:4a3012311f6f989c,-17.59375,1,0.4641666666666666,2.2862908e-08
mendeley/extracted/Bangla Audio Dataset Original and DeepFake Voices for AI-Based Voice Analysis and Detection/Dataset/S9F01/Fake/15.wav,1,MEN,MEN-S9F01,TG:25961d92ff260806,-9.0078125,1,0.4591666666666666,0.00012243443
mendeley/extracted/Bangla Audio Dataset Original and DeepFake Voices for AI-Based Voice Analysis and Detection/Dataset/S9F01/Fake/16.wav,1,MEN,MEN-S9F01,TG:ad3b41d59e6fcb6e,-15.3515625,1,0.4741666666666666,2.1522912e-07
mendeley/extracted/Bangla Audio Dataset Original and DeepFake Voices for AI-Based Voice Analysis and Detection/Dataset/S9F01/Fake/17.wav,1,MEN,MEN-S9F01,TG:007c8f7195b13372,-16.890625,1,0.3941666666666666,4.6184343e-08
mendeley/extracted/Bangla Audio Dataset Original and DeepFake Voices for AI-Based Voice Analysis and Detection/Dataset/S9F01/Fake/18.wav,1,MEN,MEN-S9F01,TG:128b166adf03cd84,-16.5,1,0.4525,6.825603e-08
mendeley/extracted/Bangla Audio Dataset Original and DeepFake Voices for AI-Based Voice Analysis and Detection/Dataset/S9F01/Fake/19.wav,1,MEN,MEN-S9F01,TG:f8229cad7945af39,-21.703125,1,0.4808333333333333,3.75364e-10
mendeley/extracted/Bangla Audio Dataset Original and DeepFake Voices for AI-Based Voice Analysis and Detection/Dataset/S9F01/Fake/2.wav,1,MEN,MEN-S9F01,TG:9f5c75cf1e6d9913,-12.6640625,1,0.4308333333333333,3.1627599e-06
mendeley/extracted/Bangla Audio Dataset Original and DeepFake Voices for AI-Based Voice Analysis and Detection/Dataset/S9F01/Fake/20.wav,1,MEN,MEN-S9F01,TG:0bf1b90fb03791fa,-14.7421875,1,0.5591666666666666,3.9586683e-07
mendeley/extracted/Bangla Audio Dataset Original and DeepFake Voices for AI-Based Voice Analysis and Detection/Dataset/S9F01/Fake/21.wav,1,MEN,MEN-S9F01,TG:70073d516c8e9f1d,-19.625,1,0.5441666666666667,2.9989609e-09
mendeley/extracted/Bangla Audio Dataset Original and DeepFake Voices for AI-Based Voice Analysis and Detection/Dataset/S9F01/Fake/22.wav,1,MEN,MEN-S9F01,TG:287fc53eca67ab9a,-7.4765625,1,0.5008333333333334,0.00056588004
mendeley/extracted/Bangla Audio Dataset Original and DeepFake Voices for AI-Based Voice Analysis and Detection/Dataset/S9F01/Fake/23.wav,1,MEN,MEN-S9F01,TG:b17d3c4f6988bf6a,-20.046875,1,0.3691666666666666,1.9667665e-09
mendeley/extracted/Bangla Audio Dataset Original and DeepFake Voices for AI-Based Voice Analysis and Detection/Dataset/S9F01/Fake/24.wav,1,MEN,MEN-S9F01,TG:a6e0eae4bc3f847b,-14.96875,1,0.5075000000000001,3.1561262e-07
mendeley/extracted/Bangla Audio Dataset Original and DeepFake Voices for AI-Based Voice Analysis and Detection/Dataset/S9F01/Fake/25.wav,1,MEN,MEN-S9F01,TG:6bab2734c92514f5,-10.640625,1,0.5258333333333334,2.392351e-05
mendeley/extracted/Bangla Audio Dataset Original and DeepFake Voices for AI-Based Voice Analysis and Detection/Dataset/S9F01/Fake/26.wav,1,MEN,MEN-S9F01,TG:ba75c4dd9af4fab6,-17.28125,1,0.4941666666666666,3.1249886e-08
mendeley/extracted/Bangla Audio Dataset Original and DeepFake Voices for AI-Based Voice Analysis and Detection/Dataset/S9F01/Fake/27.wav,1,MEN,MEN-S9F01,TG:caa343756463e508,-11.28125,1,0.5025,1.2606946e-05
mendeley/extracted/Bangla Audio Dataset Original and DeepFake Voices for AI-Based Voice Analysis and Detection/Dataset/S9F01/Fake/28.wav,1,MEN,MEN-S9F01,TG:b127dfcabbeceab8,-15.5390625,1,0.4841666666666666,1.7843122e-07
mendeley/extracted/Bangla Audio Dataset Original and DeepFake Voices for AI-Based Voice Analysis and Detection/Dataset/S9F01/Fake/29.wav,1,MEN,MEN-S9F01,TG:eda0f06ce0d96a61,-10.734375,1,0.4908333333333333,2.178265e-05
mendeley/extracted/Bangla Audio Dataset Original and DeepFake Voices for AI-Based Voice Analysis and Detection/Dataset/S9F01/Fake/3.wav,1,MEN,MEN-S9F01,TG:48c5e1f63ac9492d,-16.875,1,0.4975,4.6911637e-08
mendeley/extracted/Bangla Audio Dataset Original and DeepFake Voices for AI-Based Voice Analysis and Detection/Dataset/S9F01/Fake/30.wav,1,MEN,MEN-S9F01,TG:3ac4acc156291aa7,-17.5,1,0.3675,2.5109992e-08
mendeley/extracted/Bangla Audio Dataset Original and DeepFake Voices for AI-Based Voice Analysis and Detection/Dataset/S9F01/Fake/4.wav,1,MEN,MEN-S9F01,TG:2d816275c7480a59,-13.5703125,1,0.3225,1.2778727e-06
mendeley/extracted/Bangla Audio Dataset Original and DeepFake Voices for AI-Based Voice Analysis and Detection/Dataset/S9F01/Fake/5.wav,1,MEN,MEN-S9F01,TG:db854ce88524c221,-19.28125,1,0.4775,4.2292125e-09
mendeley/extracted/Bangla Audio Dataset Original and DeepFake Voices for AI-Based Voice Analysis and Detection/Dataset/S9F01/Fake/6.wav,1,MEN,MEN-S9F01,TG:d4d0daa8b1ec3a55,-19.25,1,0.6058333333333333,4.3634625e-09
mendeley/extracted/Bangla Audio Dataset Original and DeepFake Voices for AI-Based Voice Analysis and Detection/Dataset/S9F01/Fake/7.wav,1,MEN,MEN-S9F01,TG:eb6e2f32cb4ca057,-14.359375,1,0.4725,5.805003e-07
mendeley/extracted/Bangla Audio Dataset Original and DeepFake Voices for AI-Based Voice Analysis and Detection/Dataset/S9F01/Fake/8.wav,1,MEN,MEN-S9F01,TG:9e752019d89d3c25,-10.4921875,1,0.5475,2.7751652e-05
mendeley/extracted/Bangla Audio Dataset Original and DeepFake Voices for AI-Based Voice Analysis and Detection/Dataset/S9F01/Fake/9.wav,1,MEN,MEN-S9F01,TG:9d764b1f65847a64,-9.421875,1,0.4741666666666666,8.092757e-05
mendeley/extracted/Bangla Audio Dataset Original and DeepFake Voices for AI-Based Voice Analysis and Detection/Dataset/S9F01/Real/1.wav,0,MEN,MEN-S9F01,TG:263ccbb0d9d4fa76,-7.9101562,1,0.3441666666666666,0.0003668626
mendeley/extracted/Bangla Audio Dataset Original and DeepFake Voices for AI-Based Voice Analysis and Detection/Dataset/S9F01/Real/10.wav,0,MEN,MEN-S9F01,TG:3bfd340f76d8a679,-15.015625,1,0.5441666666666667,3.0115967e-07
mendeley/extracted/Bangla Audio Dataset Original and DeepFake Voices for AI-Based Voice Analysis and Detection/Dataset/S9F01/Real/11.wav,0,MEN,MEN-S9F01,TG:de90edc1089c941d,-13.75,1,0.4608333333333333,1.0677029e-06
mendeley/extracted/Bangla Audio Dataset Original and DeepFake Voices for AI-Based Voice Analysis and Detection/Dataset/S9F01/Real/12.wav,0,MEN,MEN-S9F01,TG:a77af9be683053cc,-13.640625,1,0.6608333333333334,1.1911085e-06
mendeley/extracted/Bangla Audio Dataset Original and DeepFake Voices for AI-Based Voice Analysis and Detection/Dataset/S9F01/Real/13.wav,0,MEN,MEN-S9F01,TG:d028db732b574cac,-15.109375,1,0.5608333333333333,2.7420901e-07
mendeley/extracted/Bangla Audio Dataset Original and DeepFake Voices for AI-Based Voice Analysis and Detection/Dataset/S9F01/Real/14.wav,0,MEN,MEN-S9F01,TG:4a3012311f6f989c,-19.359375,1,0.6441666666666667,3.9113823e-09
mendeley/extracted/Bangla Audio Dataset Original and DeepFake Voices for AI-Based Voice Analysis and Detection/Dataset/S9F01/Real/15.wav,0,MEN,MEN-S9F01,TG:25961d92ff260806,-10.78125,1,0.5108333333333333,2.0785172e-05
mendeley/extracted/Bangla Audio Dataset Original and DeepFake Voices for AI-Based Voice Analysis and Detection/Dataset/S9F01/Real/16.wav,0,MEN,MEN-S9F01,TG:ad3b41d59e6fcb6e,-2.3085938,1,0.4958333333333333,0.09041373
mendeley/extracted/Bangla Audio Dataset Original and DeepFake Voices for AI-Based Voice Analysis and Detection/Dataset/S9F01/Real/17.wav,0,MEN,MEN-S9F01,TG:007c8f7195b13372,-20.265625,1,0.5625,1.5803413e-09
mendeley/extracted/Bangla Audio Dataset Original and DeepFake Voices for AI-Based Voice Analysis and Detection/Dataset/S9F01/Real/18.wav,0,MEN,MEN-S9F01,TG:128b166adf03cd84,-20.921875,1,0.5625,8.198702e-10
mendeley/extracted/Bangla Audio Dataset Original and DeepFake Voices for AI-Based Voice Analysis and Detection/Dataset/S9F01/Real/19.wav,0,MEN,MEN-S9F01,TG:f8229cad7945af39,-18.71875,1,0.5958333333333333,7.4224995e-09
mendeley/extracted/Bangla Audio Dataset Original and DeepFake Voices for AI-Based Voice Analysis and Detection/Dataset/S9F01/Real/2.wav,0,MEN,MEN-S9F01,TG:9f5c75cf1e6d9913,-17.625,1,0.4941666666666666,2.215949e-08
mendeley/extracted/Bangla Audio Dataset Original and DeepFake Voices for AI-Based Voice Analysis and Detection/Dataset/S9F01/Real/20.wav,0,MEN,MEN-S9F01,TG:0bf1b90fb03791fa,-18.4375,1,0.6441666666666667,9.833214e-09
mendeley/extracted/Bangla Audio Dataset Original and DeepFake Voices for AI-Based Voice Analysis and Detection/Dataset/S9F01/Real/21.wav,0,MEN,MEN-S9F01,TG:70073d516c8e9f1d,-23.21875,1,0.6775,8.245652e-11
mendeley/extracted/Bangla Audio Dataset Original and DeepFake Voices for AI-Based Voice Analysis and Detection/Dataset/S9F01/Real/22.wav,0,MEN,MEN-S9F01,TG:287fc53eca67ab9a,-11.3359375,1,0.4441666666666667,1.1936024e-05
mendeley/extracted/Bangla Audio Dataset Original and DeepFake Voices for AI-Based Voice Analysis and Detection/Dataset/S9F01/Real/23.wav,0,MEN,MEN-S9F01,TG:b17d3c4f6988bf6a,-13.140625,1,0.4441666666666667,1.9638042e-06
mendeley/extracted/Bangla Audio Dataset Original and DeepFake Voices for AI-Based Voice Analysis and Detection/Dataset/S9F01/Real/24.wav,0,MEN,MEN-S9F01,TG:a6e0eae4bc3f847b,-14.140625,1,0.5458333333333334,7.2244416e-07
mendeley/extracted/Bangla Audio Dataset Original and DeepFake Voices for AI-Based Voice Analysis and Detection/Dataset/S9F01/Real/25.wav,0,MEN,MEN-S9F01,TG:6bab2734c92514f5,-14.7578125,1,0.5608333333333333,3.897295e-07
mendeley/extracted/Bangla Audio Dataset Original and DeepFake Voices for AI-Based Voice Analysis and Detection/Dataset/S9F01/Real/26.wav,0,MEN,MEN-S9F01,TG:ba75c4dd9af4fab6,-23.359375,1,0.6291666666666667,7.1639465e-11
mendeley/extracted/Bangla Audio Dataset Original and DeepFake Voices for AI-Based Voice Analysis and Detection/Dataset/S9F01/Real/27.wav,0,MEN,MEN-S9F01,TG:caa343756463e508,-14.0625,1,0.5941666666666667,7.811483e-07
mendeley/extracted/Bangla Audio Dataset Original and DeepFake Voices for AI-Based Voice Analysis and Detection/Dataset/S9F01/Real/28.wav,0,MEN,MEN-S9F01,TG:b127dfcabbeceab8,-11.0234375,1,0.6275,1.631454e-05
mendeley/extracted/Bangla Audio Dataset Original and DeepFake Voices for AI-Based Voice Analysis and Detection/Dataset/S9F01/Real/29.wav,0,MEN,MEN-S9F01,TG:eda0f06ce0d96a61,-13.421875,1,0.5441666666666667,1.482358e-06
mendeley/extracted/Bangla Audio Dataset Original and DeepFake Voices for AI-Based Voice Analysis and Detection/Dataset/S9F01/Real/3.wav,0,MEN,MEN-S9F01,TG:48c5e1f63ac9492d,-10.1640625,1,0.4608333333333333,3.8528935e-05
mendeley/extracted/Bangla Audio Dataset Original and DeepFake Voices for AI-Based Voice Analysis and Detection/Dataset/S9F01/Real/30.wav,0,MEN,MEN-S9F01,TG:3ac4acc156291aa7,-9.453125,1,0.5108333333333333,7.843789e-05
mendeley/extracted/Bangla Audio Dataset Original and DeepFake Voices for AI-Based Voice Analysis and Detection/Dataset/S9F01/Real/4.wav,0,MEN,MEN-S9F01,TG:2d816275c7480a59,-14.890625,1,0.4958333333333333,3.4125858e-07
mendeley/extracted/Bangla Audio Dataset Original and DeepFake Voices for AI-Based Voice Analysis and Detection/Dataset/S9F01/Real/5.wav,0,MEN,MEN-S9F01,TG:db854ce88524c221,-10.625,1,0.5258333333333334,2.4300241e-05
mendeley/extracted/Bangla Audio Dataset Original and DeepFake Voices for AI-Based Voice Analysis and Detection/Dataset/S9F01/Real/6.wav,0,MEN,MEN-S9F01,TG:d4d0daa8b1ec3a55,-15.03125,1,0.5608333333333333,2.964906e-07
mendeley/extracted/Bangla Audio Dataset Original and DeepFake Voices for AI-Based Voice Analysis and Detection/Dataset/S9F01/Real/7.wav,0,MEN,MEN-S9F01,TG:eb6e2f32cb4ca057,-16.78125,1,0.4941666666666666,5.1522353e-08
mendeley/extracted/Bangla Audio Dataset Original and DeepFake Voices for AI-Based Voice Analysis and Detection/Dataset/S9F01/Real/8.wav,0,MEN,MEN-S9F01,TG:9e752019d89d3c25,-11.34375,1,0.5425,1.184314e-05
mendeley/extracted/Bangla Audio Dataset Original and DeepFake Voices for AI-Based Voice Analysis and Detection/Dataset/S9F01/Real/9.wav,0,MEN,MEN-S9F01,TG:9d764b1f65847a64,-16.453125,1,0.3791666666666666,7.15317e-08
mendeley/extracted/Bangla Audio Dataset Original and DeepFake Voices for AI-Based Voice Analysis and Detection/Dataset/S9F03/Fake/1.wav,1,MEN,MEN-S9F03,TG:263ccbb0d9d4fa76,-15.640625,1,0.5341666666666667,1.6119918e-07
mendeley/extracted/Bangla Audio Dataset Original and DeepFake Voices for AI-Based Voice Analysis and Detection/Dataset/S9F03/Fake/10.wav,1,MEN,MEN-S9F03,TG:3bfd340f76d8a679,-10.015625,1,0.2741666666666666,4.4694076e-05
mendeley/extracted/Bangla Audio Dataset Original and DeepFake Voices for AI-Based Voice Analysis and Detection/Dataset/S9F03/Fake/11.wav,1,MEN,MEN-S9F03,TG:de90edc1089c941d,-17.578125,1,0.4458333333333333,2.3222947e-08
mendeley/extracted/Bangla Audio Dataset Original and DeepFake Voices for AI-Based Voice Analysis and Detection/Dataset/S9F03/Fake/12.wav,1,MEN,MEN-S9F03,TG:a77af9be683053cc,-15.5390625,1,0.5508333333333333,1.7843122e-07
mendeley/extracted/Bangla Audio Dataset Original and DeepFake Voices for AI-Based Voice Analysis and Detection/Dataset/S9F03/Fake/13.wav,1,MEN,MEN-S9F03,TG:d028db732b574cac,-15.203125,1,0.5075000000000001,2.4967014e-07
mendeley/extracted/Bangla Audio Dataset Original and DeepFake Voices for AI-Based Voice Analysis and Detection/Dataset/S9F03/Fake/14.wav,1,MEN,MEN-S9F03,TG:4a3012311f6f989c,-11.1796875,1,0.4575,1.3954598e-05
mendeley/extracted/Bangla Audio Dataset Original and DeepFake Voices for AI-Based Voice Analysis and Detection/Dataset/S9F03/Fake/15.wav,1,MEN,MEN-S9F03,TG:25961d92ff260806,-4.7265625,1,0.4425,0.008779109
mendeley/extracted/Bangla Audio Dataset Original and DeepFake Voices for AI-Based Voice Analysis and Detection/Dataset/S9F03/Fake/16.wav,1,MEN,MEN-S9F03,TG:ad3b41d59e6fcb6e,-14.5234375,1,0.4275,4.926642e-07
mendeley/extracted/Bangla Audio Dataset Original and DeepFake Voices for AI-Based Voice Analysis and Detection/Dataset/S9F03/Fake/17.wav,1,MEN,MEN-S9F03,TG:007c8f7195b13372,-10.9140625,1,0.4508333333333333,1.8200151e-05
mendeley/extracted/Bangla Audio Dataset Original and DeepFake Voices for AI-Based Voice Analysis and Detection/Dataset/S9F03/Fake/18.wav,1,MEN,MEN-S9F03,TG:128b166adf03cd84,-12.8984375,1,0.4425,2.5019506e-06
mendeley/extracted/Bangla Audio Dataset Original and DeepFake Voices for AI-Based Voice Analysis and Detection/Dataset/S9F03/Fake/19.wav,1,MEN,MEN-S9F03,TG:f8229cad7945af39,-16.9375,1,0.4691666666666666,4.4069402e-08
mendeley/extracted/Bangla Audio Dataset Original and DeepFake Voices for AI-Based Voice Analysis and Detection/Dataset/S9F03/Fake/2.wav,1,MEN,MEN-S9F03,TG:9f5c75cf1e6d9913,-12.3359375,1,0.3675,4.391051e-06
mendeley/extracted/Bangla Audio Dataset Original and DeepFake Voices for AI-Based Voice Analysis and Detection/Dataset/S9F03/Fake/20.wav,1,MEN,MEN-S9F03,TG:0bf1b90fb03791fa,-12.0546875,1,0.5275000000000001,5.8171895e-06
mendeley/extracted/Bangla Audio Dataset Original and DeepFake Voices for AI-Based Voice Analysis and Detection/Dataset/S9F03/Fake/21.wav,1,MEN,MEN-S9F03,TG:70073d516c8e9f1d,-6.203125,1,0.5341666666666667,0.002019014
mendeley/extracted/Bangla Audio Dataset Original and DeepFake Voices for AI-Based Voice Analysis and Detection/Dataset/S9F03/Fake/22.wav,1,MEN,MEN-S9F03,TG:287fc53eca67ab9a,-10.171875,1,0.5591666666666666,3.822911e-05
mendeley/extracted/Bangla Audio Dataset Original and DeepFake Voices for AI-Based Voice Analysis and Detection/Dataset/S9F03/Fake/23.wav,1,MEN,MEN-S9F03,TG:b17d3c4f6988bf6a,-19.109375,1,0.4041666666666667,5.0223146e-09
mendeley/extracted/Bangla Audio Dataset Original and DeepFake Voices for AI-Based Voice Analysis and Detection/Dataset/S9F03/Fake/24.wav,1,MEN,MEN-S9F03,TG:a6e0eae4bc3f847b,-13.546875,1,0.4675,1.3081766e-06
mendeley/extracted/Bangla Audio Dataset Original and DeepFake Voices for AI-Based Voice Analysis and Detection/Dataset/S9F03/Fake/25.wav,1,MEN,MEN-S9F03,TG:6bab2734c92514f5,-3.5820312,1,0.4825,0.027066175
mendeley/extracted/Bangla Audio Dataset Original and DeepFake Voices for AI-Based Voice Analysis and Detection/Dataset/S9F03/Fake/26.wav,1,MEN,MEN-S9F03,TG:ba75c4dd9af4fab6,-14.2421875,1,0.5625,6.52674e-07
mendeley/extracted/Bangla Audio Dataset Original and DeepFake Voices for AI-Based Voice Analysis and Detection/Dataset/S9F03/Fake/27.wav,1,MEN,MEN-S9F03,TG:caa343756463e508,-11.296875,1,0.5925,1.2411497e-05
mendeley/extracted/Bangla Audio Dataset Original and DeepFake Voices for AI-Based Voice Analysis and Detection/Dataset/S9F03/Fake/28.wav,1,MEN,MEN-S9F03,TG:b127dfcabbeceab8,-15.5546875,1,0.4591666666666666,1.756649e-07
mendeley/extracted/Bangla Audio Dataset Original and DeepFake Voices for AI-Based Voice Analysis and Detection/Dataset/S9F03/Fake/29.wav,1,MEN,MEN-S9F03,TG:eda0f06ce0d96a61,-12.71875,1,0.4791666666666666,2.9944408e-06
mendeley/extracted/Bangla Audio Dataset Original and DeepFake Voices for AI-Based Voice Analysis and Detection/Dataset/S9F03/Fake/3.wav,1,MEN,MEN-S9F03,TG:48c5e1f63ac9492d,-12.296875,1,0.4525,4.56597e-06
mendeley/extracted/Bangla Audio Dataset Original and DeepFake Voices for AI-Based Voice Analysis and Detection/Dataset/S9F03/Fake/30.wav,1,MEN,MEN-S9F03,TG:3ac4acc156291aa7,-10.21875,1,0.3725,3.6478537e-05
mendeley/extracted/Bangla Audio Dataset Original and DeepFake Voices for AI-Based Voice Analysis and Detection/Dataset/S9F03/Fake/4.wav,1,MEN,MEN-S9F03,TG:2d816275c7480a59,-13.4921875,1,0.3425,1.3817098e-06
mendeley/extracted/Bangla Audio Dataset Original and DeepFake Voices for AI-Based Voice Analysis and Detection/Dataset/S9F03/Fake/5.wav,1,MEN,MEN-S9F03,TG:db854ce88524c221,-19.609375,1,0.4675,3.0461875e-09
mendeley/extracted/Bangla Audio Dataset Original and DeepFake Voices for AI-Based Voice Analysis and Detection/Dataset/S9F03/Fake/6.wav,1,MEN,MEN-S9F03,TG:d4d0daa8b1ec3a55,-15.84375,1,0.5708333333333333,1.3156692e-07
mendeley/extracted/Bangla Audio Dataset Original and DeepFake Voices for AI-Based Voice Analysis and Detection/Dataset/S9F03/Fake/7.wav,1,MEN,MEN-S9F03,TG:eb6e2f32cb4ca057,-7.625,1,0.4175,0.00048785712
mendeley/extracted/Bangla Audio Dataset Original and DeepFake Voices for AI-Based Voice Analysis and Detection/Dataset/S9F03/Fake/8.wav,1,MEN,MEN-S9F03,TG:9e752019d89d3c25,-16.109375,1,0.5625,1.0087587e-07
mendeley/extracted/Bangla Audio Dataset Original and DeepFake Voices for AI-Based Voice Analysis and Detection/Dataset/S9F03/Fake/9.wav,1,MEN,MEN-S9F03,TG:9d764b1f65847a64,-7.8945312,1,0.4741666666666666,0.0003726377
mendeley/extracted/Bangla Audio Dataset Original and DeepFake Voices for AI-Based Voice Analysis and Detection/Dataset/S9F03/Real/1.wav,0,MEN,MEN-S9F03,TG:263ccbb0d9d4fa76,8.1015625,1,0.4841666666666666,0.9996971
mendeley/extracted/Bangla Audio Dataset Original and DeepFake Voices for AI-Based Voice Analysis and Detection/Dataset/S9F03/Real/10.wav,0,MEN,MEN-S9F03,TG:3bfd340f76d8a679,-0.36376953,1,0.4175,0.41004738
mendeley/extracted/Bangla Audio Dataset Original and DeepFake Voices for AI-Based Voice Analysis and Detection/Dataset/S9F03/Real/11.wav,0,MEN,MEN-S9F03,TG:de90edc1089c941d,3.3261719,1,0.4508333333333333,0.9653158
mendeley/extracted/Bangla Audio Dataset Original and DeepFake Voices for AI-Based Voice Analysis and Detection/Dataset/S9F03/Real/12.wav,0,MEN,MEN-S9F03,TG:a77af9be683053cc,7.6601562,1,0.4341666666666667,0.999529
mendeley/extracted/Bangla Audio Dataset Original and DeepFake Voices for AI-Based Voice Analysis and Detection/Dataset/S9F03/Real/13.wav,0,MEN,MEN-S9F03,TG:d028db732b574cac,5.2109375,1,0.4675,0.99457306
mendeley/extracted/Bangla Audio Dataset Original and DeepFake Voices for AI-Based Voice Analysis and Detection/Dataset/S9F03/Real/14.wav,0,MEN,MEN-S9F03,TG:4a3012311f6f989c,1.4580078,1,0.4341666666666667,0.8112278
mendeley/extracted/Bangla Audio Dataset Original and DeepFake Voices for AI-Based Voice Analysis and Detection/Dataset/S9F03/Real/15.wav,0,MEN,MEN-S9F03,TG:25961d92ff260806,4.859375,1,0.4341666666666667,0.9923044
mendeley/extracted/Bangla Audio Dataset Original and DeepFake Voices for AI-Based Voice Analysis and Detection/Dataset/S9F03/Real/16.wav,0,MEN,MEN-S9F03,TG:ad3b41d59e6fcb6e,-6.015625,1,0.4008333333333334,0.002434382
mendeley/extracted/Bangla Audio Dataset Original and DeepFake Voices for AI-Based Voice Analysis and Detection/Dataset/S9F03/Real/17.wav,0,MEN,MEN-S9F03,TG:007c8f7195b13372,-5.453125,1,0.4008333333333334,0.0042646346
mendeley/extracted/Bangla Audio Dataset Original and DeepFake Voices for AI-Based Voice Analysis and Detection/Dataset/S9F03/Real/18.wav,0,MEN,MEN-S9F03,TG:128b166adf03cd84,-5.8789062,1,0.3841666666666666,0.0027900375
mendeley/extracted/Bangla Audio Dataset Original and DeepFake Voices for AI-Based Voice Analysis and Detection/Dataset/S9F03/Real/19.wav,0,MEN,MEN-S9F03,TG:f8229cad7945af39,-5.3046875,1,0.4508333333333333,0.0049436893
mendeley/extracted/Bangla Audio Dataset Original and DeepFake Voices for AI-Based Voice Analysis and Detection/Dataset/S9F03/Real/2.wav,0,MEN,MEN-S9F03,TG:9f5c75cf1e6d9913,4.4257812,1,0.4675,0.9881765
mendeley/extracted/Bangla Audio Dataset Original and DeepFake Voices for AI-Based Voice Analysis and Detection/Dataset/S9F03/Real/20.wav,0,MEN,MEN-S9F03,TG:0bf1b90fb03791fa,-3.1054688,1,0.4008333333333334,0.042882238
mendeley/extracted/Bangla Audio Dataset Original and DeepFake Voices for AI-Based Voice Analysis and Detection/Dataset/S9F03/Real/21.wav,0,MEN,MEN-S9F03,TG:70073d516c8e9f1d,-6.3085938,1,0.4675,0.001817283
mendeley/extracted/Bangla Audio Dataset Original and DeepFake Voices for AI-Based Voice Analysis and Detection/Dataset/S9F03/Real/22.wav,0,MEN,MEN-S9F03,TG:287fc53eca67ab9a,-3.3007812,1,0.3841666666666666,0.0355444
mendeley/extracted/Bangla Audio Dataset Original and DeepFake Voices for AI-Based Voice Analysis and Detection/Dataset/S9F03/Real/23.wav,0,MEN,MEN-S9F03,TG:b17d3c4f6988bf6a,-6.8671875,1,0.3508333333333333,0.0010403185
mendeley/extracted/Bangla Audio Dataset Original and DeepFake Voices for AI-Based Voice Analysis and Detection/Dataset/S9F03/Real/24.wav,0,MEN,MEN-S9F03,TG:a6e0eae4bc3f847b,-2.9511719,1,0.4508333333333333,0.049681153
mendeley/extracted/Bangla Audio Dataset Original and DeepFake Voices for AI-Based Voice Analysis and Detection/Dataset/S9F03/Real/25.wav,0,MEN,MEN-S9F03,TG:6bab2734c92514f5,-0.9658203,1,0.4675,0.2757144
mendeley/extracted/Bangla Audio Dataset Original and DeepFake Voices for AI-Based Voice Analysis and Detection/Dataset/S9F03/Real/26.wav,0,MEN,MEN-S9F03,TG:ba75c4dd9af4fab6,-4.0078125,1,0.4341666666666667,0.01784874
mendeley/extracted/Bangla Audio Dataset Original and DeepFake Voices for AI-Based Voice Analysis and Detection/Dataset/S9F03/Real/27.wav,0,MEN,MEN-S9F03,TG:caa343756463e508,-7.8632812,1,0.4508333333333333,0.0003844619
mendeley/extracted/Bangla Audio Dataset Original and DeepFake Voices for AI-Based Voice Analysis and Detection/Dataset/S9F03/Real/28.wav,0,MEN,MEN-S9F03,TG:b127dfcabbeceab8,-3.3417969,1,0.4341666666666667,0.034164816
mendeley/extracted/Bangla Audio Dataset Original and DeepFake Voices for AI-Based Voice Analysis and Detection/Dataset/S9F03/Real/29.wav,0,MEN,MEN-S9F03,TG:eda0f06ce0d96a61,-0.0049705505,1,0.3675,0.49875736
mendeley/extracted/Bangla Audio Dataset Original and DeepFake Voices for AI-Based Voice Analysis and Detection/Dataset/S9F03/Real/3.wav,0,MEN,MEN-S9F03,TG:48c5e1f63ac9492d,5.8085938,1,0.4675,0.9970073
mendeley/extracted/Bangla Audio Dataset Original and DeepFake Voices for AI-Based Voice Analysis and Detection/Dataset/S9F03/Real/30.wav,0,MEN,MEN-S9F03,TG:3ac4acc156291aa7,-0.7651367,1,0.3175,0.31753206
mendeley/extracted/Bangla Audio Dataset Original and DeepFake Voices for AI-Based Voice Analysis and Detection/Dataset/S9F03/Real/4.wav,0,MEN,MEN-S9F03,TG:2d816275c7480a59,5.6445312,1,0.4675,0.99647564
mendeley/extracted/Bangla Audio Dataset Original and DeepFake Voices for AI-Based Voice Analysis and Detection/Dataset/S9F03/Real/5.wav,0,MEN,MEN-S9F03,TG:db854ce88524c221,1.2587891,1,0.5341666666666667,0.77881753
mendeley/extracted/Bangla Audio Dataset Original and DeepFake Voices for AI-Based Voice Analysis and Detection/Dataset/S9F03/Real/6.wav,0,MEN,MEN-S9F03,TG:d4d0daa8b1ec3a55,3.0664062,1,0.5841666666666667,0.9554855
mendeley/extracted/Bangla Audio Dataset Original and DeepFake Voices for AI-Based Voice Analysis and Detection/Dataset/S9F03/Real/7.wav,0,MEN,MEN-S9F03,TG:eb6e2f32cb4ca057,5.6210938,1,0.5341666666666667,0.9963924
mendeley/extracted/Bangla Audio Dataset Original and DeepFake Voices for AI-Based Voice Analysis and Detection/Dataset/S9F03/Real/8.wav,0,MEN,MEN-S9F03,TG:9e752019d89d3c25,5.0039062,1,0.4675,0.99333304
mendeley/extracted/Bangla Audio Dataset Original and DeepFake Voices for AI-Based Voice Analysis and Detection/Dataset/S9F03/Real/9.wav,0,MEN,MEN-S9F03,TG:9d764b1f65847a64,2.1503906,1,0.5008333333333334,0.8957053
mendeley/extracted/Bangla Audio Dataset Original and DeepFake Voices for AI-Based Voice Analysis and Detection/Dataset/S9M02/Fake/1.wav,1,MEN,MEN-S9M02,TG:263ccbb0d9d4fa76,-11.84375,1,0.4358333333333333,7.1832605e-06
mendeley/extracted/Bangla Audio Dataset Original and DeepFake Voices for AI-Based Voice Analysis and Detection/Dataset/S9M02/Fake/10.wav,1,MEN,MEN-S9M02,TG:3bfd340f76d8a679,-8.453125,1,0.1708333333333332,0.00021318757
mendeley/extracted/Bangla Audio Dataset Original and DeepFake Voices for AI-Based Voice Analysis and Detection/Dataset/S9M02/Fake/11.wav,1,MEN,MEN-S9M02,TG:de90edc1089c941d,-9.4296875,1,0.4441666666666667,8.029784e-05
mendeley/extracted/Bangla Audio Dataset Original and DeepFake Voices for AI-Based Voice Analysis and Detection/Dataset/S9M02/Fake/12.wav,1,MEN,MEN-S9M02,TG:a77af9be683053cc,-14.125,1,0.4741666666666666,7.33821e-07
mendeley/extracted/Bangla Audio Dataset Original and DeepFake Voices for AI-Based Voice Analysis and Detection/Dataset/S9M02/Fake/13.wav,1,MEN,MEN-S9M02,TG:d028db732b574cac,-18.09375,1,0.5125,1.3867053e-08
mendeley/extracted/Bangla Audio Dataset Original and DeepFake Voices for AI-Based Voice Analysis and Detection/Dataset/S9M02/Fake/14.wav,1,MEN,MEN-S9M02,TG:4a3012311f6f989c,-8.4296875,1,0.5341666666666667,0.00021824206
mendeley/extracted/Bangla Audio Dataset Original and DeepFake Voices for AI-Based Voice Analysis and Detection/Dataset/S9M02/Fake/15.wav,1,MEN,MEN-S9M02,TG:25961d92ff260806,1.3496094,1,0.2524999999999999,0.7940658
mendeley/extracted/Bangla Audio Dataset Original and DeepFake Voices for AI-Based Voice Analysis and Detection/Dataset/S9M02/Fake/16.wav,1,MEN,MEN-S9M02,TG:ad3b41d59e6fcb6e,-7.2773438,1,0.4841666666666666,0.0006905414
mendeley/extracted/Bangla Audio Dataset Original and DeepFake Voices for AI-Based Voice Analysis and Detection/Dataset/S9M02/Fake/17.wav,1,MEN,MEN-S9M02,TG:007c8f7195b13372,-10.171875,1,0.4141666666666667,3.822911e-05
mendeley/extracted/Bangla Audio Dataset Original and DeepFake Voices for AI-Based Voice Analysis and Detection/Dataset/S9M02/Fake/18.wav,1,MEN,MEN-S9M02,TG:128b166adf03cd84,-10.46875,1,0.4975,2.8409744e-05
mendeley/extracted/Bangla Audio Dataset Original and DeepFake Voices for AI-Based Voice Analysis and Detection/Dataset/S9M02/Fake/19.wav,1,MEN,MEN-S9M02,TG:f8229cad7945af39,-8.53125,1,0.5275000000000001,0.00019716943
mendeley/extracted/Bangla Audio Dataset Original and DeepFake Voices for AI-Based Voice Analysis and Detection/Dataset/S9M02/Fake/2.wav,1,MEN,MEN-S9M02,TG:9f5c75cf1e6d9913,-6.421875,1,0.4441666666666667,0.0016229671
mendeley/extracted/Bangla Audio Dataset Original and DeepFake Voices for AI-Based Voice Analysis and Detection/Dataset/S9M02/Fake/20.wav,1,MEN,MEN-S9M02,TG:0bf1b90fb03791fa,-12.5,1,0.5375,3.7266393e-06
mendeley/extracted/Bangla Audio Dataset Original and DeepFake Voices for AI-Based Voice Analysis and Detection/Dataset/S9M02/Fake/21.wav,1,MEN,MEN-S9M02,TG:70073d516c8e9f1d,-5.46875,1,0.5341666666666667,0.0041987957
mendeley/extracted/Bangla Audio Dataset Original and DeepFake Voices for AI-Based Voice Analysis and Detection/Dataset/S9M02/Fake/22.wav,1,MEN,MEN-S9M02,TG:287fc53eca67ab9a,-8.453125,1,0.4191666666666667,0.00021318757
mendeley/extracted/Bangla Audio Dataset Original and DeepFake Voices for AI-Based Voice Analysis and Detection/Dataset/S9M02/Fake/23.wav,1,MEN,MEN-S9M02,TG:b17d3c4f6988bf6a,-7.7734375,1,0.3708333333333333,0.00042058743
mendeley/extracted/Bangla Audio Dataset Original and DeepFake Voices for AI-Based Voice Analysis and Detection/Dataset/S9M02/Fake/24.wav,1,MEN,MEN-S9M02,TG:a6e0eae4bc3f847b,-14.4609375,1,0.4841666666666666,5.244383e-07
mendeley/extracted/Bangla Audio Dataset Original and DeepFake Voices for AI-Based Voice Analysis and Detection/Dataset/S9M02/Fake/25.wav,1,MEN,MEN-S9M02,TG:6bab2734c92514f5,-10.0078125,1,0.3691666666666666,4.5044595e-05
mendeley/extracted/Bangla Audio Dataset Original and DeepFake Voices for AI-Based Voice Analysis and Detection/Dataset/S9M02/Fake/26.wav,1,MEN,MEN-S9M02,TG:ba75c4dd9af4fab6,-12.71875,1,0.5491666666666667,2.9944408e-06
mendeley/extracted/Bangla Audio Dataset Original and DeepFake Voices for AI-Based Voice Analysis and Detection/Dataset/S9M02/Fake/27.wav,1,MEN,MEN-S9M02,TG:caa343756463e508,-10.234375,1,0.3808333333333333,3.5913014e-05
mendeley/extracted/Bangla Audio Dataset Original and DeepFake Voices for AI-Based Voice Analysis and Detection/Dataset/S9M02/Fake/28.wav,1,MEN,MEN-S9M02,TG:b127dfcabbeceab8,-7.609375,1,0.5275000000000001,0.00049553596
mendeley/extracted/Bangla Audio Dataset Original and DeepFake Voices for AI-Based Voice Analysis and Detection/Dataset/S9M02/Fake/29.wav,1,MEN,MEN-S9M02,TG:eda0f06ce0d96a61,-10.15625,1,0.2791666666666667,3.883111e-05
mendeley/extracted/Bangla Audio Dataset Original and DeepFake Voices for AI-Based Voice Analysis and Detection/Dataset/S9M02/Fake/3.wav,1,MEN,MEN-S9M02,TG:48c5e1f63ac9492d,-12.484375,1,0.3908333333333333,3.7853247e-06
mendeley/extracted/Bangla Audio Dataset Original and DeepFake Voices for AI-Based Voice Analysis and Detection/Dataset/S9M02/Fake/30.wav,1,MEN,MEN-S9M02,TG:3ac4acc156291aa7,-8.0234375,1,0.3375,0.00032758433
mendeley/extracted/Bangla Audio Dataset Original and DeepFake Voices for AI-Based Voice Analysis and Detection/Dataset/S9M02/Fake/4.wav,1,MEN,MEN-S9M02,TG:2d816275c7480a59,-2.8691406,1,0.3958333333333333,0.053700306
mendeley/extracted/Bangla Audio Dataset Original and DeepFake Voices for AI-Based Voice Analysis and Detection/Dataset/S9M02/Fake/5.wav,1,MEN,MEN-S9M02,TG:db854ce88524c221,3.0,1,0.4458333333333333,0.95257413
mendeley/extracted/Bangla Audio Dataset Original and DeepFake Voices for AI-Based Voice Analysis and Detection/Dataset/S9M02/Fake/6.wav,1,MEN,MEN-S9M02,TG:d4d0daa8b1ec3a55,-11.1484375,1,0.5075000000000001,1.4397558e-05
mendeley/extracted/Bangla Audio Dataset Original and DeepFake Voices for AI-Based Voice Analysis and Detection/Dataset/S9M02/Fake/7.wav,1,MEN,MEN-S9M02,TG:eb6e2f32cb4ca057,2.7890625,1,0.4775,0.94208187
mendeley/extracted/Bangla Audio Dataset Original and DeepFake Voices for AI-Based Voice Analysis and Detection/Dataset/S9M02/Fake/8.wav,1,MEN,MEN-S9M02,TG:9e752019d89d3c25,-9.734375,1,0.5091666666666667,5.9209164e-05
mendeley/extracted/Bangla Audio Dataset Original and DeepFake Voices for AI-Based Voice Analysis and Detection/Dataset/S9M02/Fake/9.wav,1,MEN,MEN-S9M02,TG:9d764b1f65847a64,-11.5625,1,0.4441666666666667,9.516251e-06
mendeley/extracted/Bangla Audio Dataset Original and DeepFake Voices for AI-Based Voice Analysis and Detection/Dataset/S9M02/Real/1.wav,0,MEN,MEN-S9M02,TG:263ccbb0d9d4fa76,11.8515625,1,0.4175,0.99999285
mendeley/extracted/Bangla Audio Dataset Original and DeepFake Voices for AI-Based Voice Analysis and Detection/Dataset/S9M02/Real/10.wav,0,MEN,MEN-S9M02,TG:3bfd340f76d8a679,12.6953125,1,0.3008333333333333,0.9999969
mendeley/extracted/Bangla Audio Dataset Original and DeepFake Voices for AI-Based Voice Analysis and Detection/Dataset/S9M02/Real/11.wav,0,MEN,MEN-S9M02,TG:de90edc1089c941d,12.0390625,1,0.3175,0.99999404
mendeley/extracted/Bangla Audio Dataset Original and DeepFake Voices for AI-Based Voice Analysis and Detection/Dataset/S9M02/Real/12.wav,0,MEN,MEN-S9M02,TG:a77af9be683053cc,8.9921875,1,0.4341666666666667,0.99987566
mendeley/extracted/Bangla Audio Dataset Original and DeepFake Voices for AI-Based Voice Analysis and Detection/Dataset/S9M02/Real/13.wav,0,MEN,MEN-S9M02,TG:d028db732b574cac,11.0078125,1,0.3841666666666666,0.99998343
mendeley/extracted/Bangla Audio Dataset Original and DeepFake Voices for AI-Based Voice Analysis and Detection/Dataset/S9M02/Real/14.wav,0,MEN,MEN-S9M02,TG:4a3012311f6f989c,10.875,1,0.4008333333333334,0.99998105
mendeley/extracted/Bangla Audio Dataset Original and DeepFake Voices for AI-Based Voice Analysis and Detection/Dataset/S9M02/Real/15.wav,0,MEN,MEN-S9M02,TG:25961d92ff260806,13.40625,1,0.3175,0.99999845
mendeley/extracted/Bangla Audio Dataset Original and DeepFake Voices for AI-Based Voice Analysis and Detection/Dataset/S9M02/Real/16.wav,0,MEN,MEN-S9M02,TG:ad3b41d59e6fcb6e,10.8125,1,0.3675,0.99997985
mendeley/extracted/Bangla Audio Dataset Original and DeepFake Voices for AI-Based Voice Analysis and Detection/Dataset/S9M02/Real/17.wav,0,MEN,MEN-S9M02,TG:007c8f7195b13372,11.609375,1,0.3841666666666666,0.99999094
mendeley/extracted/Bangla Audio Dataset Original and DeepFake Voices for AI-Based Voice Analysis and Detection/Dataset/S9M02/Real/18.wav,0,MEN,MEN-S9M02,TG:128b166adf03cd84,12.8515625,1,0.4175,0.9999974
mendeley/extracted/Bangla Audio Dataset Original and DeepFake Voices for AI-Based Voice Analysis and Detection/Dataset/S9M02/Real/19.wav,0,MEN,MEN-S9M02,TG:f8229cad7945af39,13.125,1,0.4008333333333334,0.999998
mendeley/extracted/Bangla Audio Dataset Original and DeepFake Voices for AI-Based Voice Analysis and Detection/Dataset/S9M02/Real/2.wav,0,MEN,MEN-S9M02,TG:9f5c75cf1e6d9913,12.4296875,1,0.3508333333333333,0.99999595
mendeley/extracted/Bangla Audio Dataset Original and DeepFake Voices for AI-Based Voice Analysis and Detection/Dataset/S9M02/Real/20.wav,0,MEN,MEN-S9M02,TG:0bf1b90fb03791fa,12.515625,1,0.3508333333333333,0.9999963
mendeley/extracted/Bangla Audio Dataset Original and DeepFake Voices for AI-Based Voice Analysis and Detection/Dataset/S9M02/Real/21.wav,0,MEN,MEN-S9M02,TG:70073d516c8e9f1d,10.359375,1,0.4341666666666667,0.9999683
mendeley/extracted/Bangla Audio Dataset Original and DeepFake Voices for AI-Based Voice Analysis and Detection/Dataset/S9M02/Real/22.wav,0,MEN,MEN-S9M02,TG:287fc53eca67ab9a,11.15625,1,0.3508333333333333,0.9999857
mendeley/extracted/Bangla Audio Dataset Original and DeepFake Voices for AI-Based Voice Analysis and Detection/Dataset/S9M02/Real/23.wav,0,MEN,MEN-S9M02,TG:b17d3c4f6988bf6a,10.3828125,1,0.3508333333333333,0.999969
mendeley/extracted/Bangla Audio Dataset Original and DeepFake Voices for AI-Based Voice Analysis and Detection/Dataset/S9M02/Real/24.wav,0,MEN,MEN-S9M02,TG:a6e0eae4bc3f847b,11.4375,1,0.3841666666666666,0.9999893
mendeley/extracted/Bangla Audio Dataset Original and DeepFake Voices for AI-Based Voice Analysis and Detection/Dataset/S9M02/Real/25.wav,0,MEN,MEN-S9M02,TG:6bab2734c92514f5,13.3984375,1,0.3008333333333333,0.99999845
mendeley/extracted/Bangla Audio Dataset Original and DeepFake Voices for AI-Based Voice Analysis and Detection/Dataset/S9M02/Real/26.wav,0,MEN,MEN-S9M02,TG:ba75c4dd9af4fab6,12.296875,1,0.3841666666666666,0.99999547
mendeley/extracted/Bangla Audio Dataset Original and DeepFake Voices for AI-Based Voice Analysis and Detection/Dataset/S9M02/Real/27.wav,0,MEN,MEN-S9M02,TG:caa343756463e508,11.3046875,1,0.3841666666666666,0.9999877
mendeley/extracted/Bangla Audio Dataset Original and DeepFake Voices for AI-Based Voice Analysis and Detection/Dataset/S9M02/Real/28.wav,0,MEN,MEN-S9M02,TG:b127dfcabbeceab8,10.6171875,1,0.4175,0.99997556
mendeley/extracted/Bangla Audio Dataset Original and DeepFake Voices for AI-Based Voice Analysis and Detection/Dataset/S9M02/Real/29.wav,0,MEN,MEN-S9M02,TG:eda0f06ce0d96a61,11.890625,1,0.3341666666666666,0.9999932
mendeley/extracted/Bangla Audio Dataset Original and DeepFake Voices for AI-Based Voice Analysis and Detection/Dataset/S9M02/Real/3.wav,0,MEN,MEN-S9M02,TG:48c5e1f63ac9492d,10.2109375,1,0.3675,0.9999633
mendeley/extracted/Bangla Audio Dataset Original and DeepFake Voices for AI-Based Voice Analysis and Detection/Dataset/S9M02/Real/30.wav,0,MEN,MEN-S9M02,TG:3ac4acc156291aa7,15.125,1,0.2508333333333333,0.99999976
mendeley/extracted/Bangla Audio Dataset Original and DeepFake Voices for AI-Based Voice Analysis and Detection/Dataset/S9M02/Real/4.wav,0,MEN,MEN-S9M02,TG:2d816275c7480a59,16.171875,1,0.3841666666666666,0.9999999
mendeley/extracted/Bangla Audio Dataset Original and DeepFake Voices for AI-Based Voice Analysis and Detection/Dataset/S9M02/Real/5.wav,0,MEN,MEN-S9M02,TG:db854ce88524c221,11.71875,1,0.3841666666666666,0.9999919
mendeley/extracted/Bangla Audio Dataset Original and DeepFake Voices for AI-Based Voice Analysis and Detection/Dataset/S9M02/Real/6.wav,0,MEN,MEN-S9M02,TG:d4d0daa8b1ec3a55,11.1953125,1,0.4508333333333333,0.9999863
mendeley/extracted/Bangla Audio Dataset Original and DeepFake Voices for AI-Based Voice Analysis and Detection/Dataset/S9M02/Real/7.wav,0,MEN,MEN-S9M02,TG:eb6e2f32cb4ca057,11.8203125,1,0.4008333333333334,0.9999926
mendeley/extracted/Bangla Audio Dataset Original and DeepFake Voices for AI-Based Voice Analysis and Detection/Dataset/S9M02/Real/8.wav,0,MEN,MEN-S9M02,TG:9e752019d89d3c25,14.7421875,1,0.4008333333333334,0.99999964
mendeley/extracted/Bangla Audio Dataset Original and DeepFake Voices for AI-Based Voice Analysis and Detection/Dataset/S9M02/Real/9.wav,0,MEN,MEN-S9M02,TG:9d764b1f65847a64,12.3828125,1,0.3841666666666666,0.9999958
mendeley/extracted/Bangla Audio Dataset Original and DeepFake Voices for AI-Based Voice Analysis and Detection/Dataset/S9M04/Fake/1.wav,1,MEN,MEN-S9M04,TG:263ccbb0d9d4fa76,-0.49951172,1,0.5591666666666666,0.37765545
mendeley/extracted/Bangla Audio Dataset Original and DeepFake Voices for AI-Based Voice Analysis and Detection/Dataset/S9M04/Fake/10.wav,1,MEN,MEN-S9M04,TG:3bfd340f76d8a679,2.5996094,1,0.3141666666666667,0.9308365
mendeley/extracted/Bangla Audio Dataset Original and DeepFake Voices for AI-Based Voice Analysis and Detection/Dataset/S9M04/Fake/11.wav,1,MEN,MEN-S9M04,TG:de90edc1089c941d,-4.46875,1,0.4375,0.011331755
mendeley/extracted/Bangla Audio Dataset Original and DeepFake Voices for AI-Based Voice Analysis and Detection/Dataset/S9M04/Fake/12.wav,1,MEN,MEN-S9M04,TG:a77af9be683053cc,-17.484375,1,0.5475,2.5505418e-08
mendeley/extracted/Bangla Audio Dataset Original and DeepFake Voices for AI-Based Voice Analysis and Detection/Dataset/S9M04/Fake/13.wav,1,MEN,MEN-S9M04,TG:d028db732b574cac,-9.6640625,1,0.5591666666666666,6.352189e-05
mendeley/extracted/Bangla Audio Dataset Original and DeepFake Voices for AI-Based Voice Analysis and Detection/Dataset/S9M04/Fake/14.wav,1,MEN,MEN-S9M04,TG:4a3012311f6f989c,8.640625,1,0.4875,0.9998233
mendeley/extracted/Bangla Audio Dataset Original and DeepFake Voices for AI-Based Voice Analysis and Detection/Dataset/S9M04/Fake/15.wav,1,MEN,MEN-S9M04,TG:25961d92ff260806,5.6171875,1,0.4958333333333333,0.99637836
mendeley/extracted/Bangla Audio Dataset Original and DeepFake Voices for AI-Based Voice Analysis and Detection/Dataset/S9M04/Fake/16.wav,1,MEN,MEN-S9M04,TG:ad3b41d59e6fcb6e,-2.3320312,1,0.5608333333333333,0.088504665
mendeley/extracted/Bangla Audio Dataset Original and DeepFake Voices for AI-Based Voice Analysis and Detection/Dataset/S9M04/Fake/17.wav,1,MEN,MEN-S9M04,TG:007c8f7195b13372,-10.078125,1,0.4008333333333334,4.198631e-05
mendeley/extracted/Bangla Audio Dataset Original and DeepFake Voices for AI-Based Voice Analysis and Detection/Dataset/S9M04/Fake/18.wav,1,MEN,MEN-S9M04,TG:128b166adf03cd84,-6.6914062,1,0.4625,0.0012399962
mendeley/extracted/Bangla Audio Dataset Original and DeepFake Voices for AI-Based Voice Analysis and Detection/Dataset/S9M04/Fake/19.wav,1,MEN,MEN-S9M04,TG:f8229cad7945af39,-7.8320312,1,0.4841666666666666,0.00039666123
mendeley/extracted/Bangla Audio Dataset Original and DeepFake Voices for AI-Based Voice Analysis and Detection/Dataset/S9M04/Fake/2.wav,1,MEN,MEN-S9M04,TG:9f5c75cf1e6d9913,-2.8359375,1,0.3641666666666666,0.055412795
mendeley/extracted/Bangla Audio Dataset Original and DeepFake Voices for AI-Based Voice Analysis and Detection/Dataset/S9M04/Fake/20.wav,1,MEN,MEN-S9M04,TG:0bf1b90fb03791fa,-7.6484375,1,0.6208333333333333,0.00047656134
mendeley/extracted/Bangla Audio Dataset Original and DeepFake Voices for AI-Based Voice Analysis and Detection/Dataset/S9M04/Fake/21.wav,1,MEN,MEN-S9M04,TG:70073d516c8e9f1d,5.1835938,1,0.5458333333333334,0.99442345
mendeley/extracted/Bangla Audio Dataset Original and DeepFake Voices for AI-Based Voice Analysis and Detection/Dataset/S9M04/Fake/22.wav,1,MEN,MEN-S9M04,TG:287fc53eca67ab9a,-8.2890625,1,0.5325,0.00025118678
mendeley/extracted/Bangla Audio Dataset Original and DeepFake Voices for AI-Based Voice Analysis and Detection/Dataset/S9M04/Fake/23.wav,1,MEN,MEN-S9M04,TG:b17d3c4f6988bf6a,-6.5546875,1,0.3541666666666666,0.0014214043
mendeley/extracted/Bangla Audio Dataset Original and DeepFake Voices for AI-Based Voice Analysis and Detection/Dataset/S9M04/Fake/24.wav,1,MEN,MEN-S9M04,TG:a6e0eae4bc3f847b,-1.3710938,1,0.5075000000000001,0.2024432
mendeley/extracted/Bangla Audio Dataset Original and DeepFake Voices for AI-Based Voice Analysis and Detection/Dataset/S9M04/Fake/25.wav,1,MEN,MEN-S9M04,TG:6bab2734c92514f5,1.6572266,1,0.4825,0.8398654
mendeley/extracted/Bangla Audio Dataset Original and DeepFake Voices for AI-Based Voice Analysis and Detection/Dataset/S9M04/Fake/26.wav,1,MEN,MEN-S9M04,TG:ba75c4dd9af4fab6,-9.171875,1,0.5008333333333334,0.00010391067
mendeley/extracted/Bangla Audio Dataset Original and DeepFake Voices for AI-Based Voice Analysis and Detection/Dataset/S9M04/Fake/27.wav,1,MEN,MEN-S9M04,TG:caa343756463e508,-3.7988281,1,0.4625,0.021906365
mendeley/extracted/Bangla Audio Dataset Original and DeepFake Voices for AI-Based Voice Analysis and Detection/Dataset/S9M04/Fake/28.wav,1,MEN,MEN-S9M04,TG:b127dfcabbeceab8,-7.2460938,1,0.5191666666666667,0.000712446
mendeley/extracted/Bangla Audio Dataset Original and DeepFake Voices for AI-Based Voice Analysis and Detection/Dataset/S9M04/Fake/29.wav,1,MEN,MEN-S9M04,TG:eda0f06ce0d96a61,0.11395264,1,0.4975,0.52845734
mendeley/extracted/Bangla Audio Dataset Original and DeepFake Voices for AI-Based Voice Analysis and Detection/Dataset/S9M04/Fake/3.wav,1,MEN,MEN-S9M04,TG:48c5e1f63ac9492d,-6.0664062,1,0.5075000000000001,0.0023141264
mendeley/extracted/Bangla Audio Dataset Original and DeepFake Voices for AI-Based Voice Analysis and Detection/Dataset/S9M04/Fake/30.wav,1,MEN,MEN-S9M04,TG:3ac4acc156291aa7,-4.0078125,1,0.3758333333333333,0.01784874
mendeley/extracted/Bangla Audio Dataset Original and DeepFake Voices for AI-Based Voice Analysis and Detection/Dataset/S9M04/Fake/4.wav,1,MEN,MEN-S9M04,TG:2d816275c7480a59,-3.4199219,1,0.3791666666666666,0.03167863
mendeley/extracted/Bangla Audio Dataset Original and DeepFake Voices for AI-Based Voice Analysis and Detection/Dataset/S9M04/Fake/5.wav,1,MEN,MEN-S9M04,TG:db854ce88524c221,-7.515625,1,0.4575,0.0005442133
mendeley/extracted/Bangla Audio Dataset Original and DeepFake Voices for AI-Based Voice Analysis and Detection/Dataset/S9M04/Fake/6.wav,1,MEN,MEN-S9M04,TG:d4d0daa8b1ec3a55,5.9726562,1,0.5341666666666667,0.997459
mendeley/extracted/Bangla Audio Dataset Original and DeepFake Voices for AI-Based Voice Analysis and Detection/Dataset/S9M04/Fake/7.wav,1,MEN,MEN-S9M04,TG:eb6e2f32cb4ca057,-8.546875,1,0.4575,0.00019411318
mendeley/extracted/Bangla Audio Dataset Original and DeepFake Voices for AI-Based Voice Analysis and Detection/Dataset/S9M04/Fake/8.wav,1,MEN,MEN-S9M04,TG:9e752019d89d3c25,7.515625,1,0.5408333333333333,0.99945575
mendeley/extracted/Bangla Audio Dataset Original and DeepFake Voices for AI-Based Voice Analysis and Detection/Dataset/S9M04/Fake/9.wav,1,MEN,MEN-S9M04,TG:9d764b1f65847a64,-10.8515625,1,0.4675,1.9373938e-05
mendeley/extracted/Bangla Audio Dataset Original and DeepFake Voices for AI-Based Voice Analysis and Detection/Dataset/S9M04/Real/1.wav,0,MEN,MEN-S9M04,TG:263ccbb0d9d4fa76,-3.3984375,1,0.4341666666666667,0.03234433
mendeley/extracted/Bangla Audio Dataset Original and DeepFake Voices for AI-Based Voice Analysis and Detection/Dataset/S9M04/Real/10.wav,0,MEN,MEN-S9M04,TG:3bfd340f76d8a679,-7.828125,1,0.3675,0.0003982131
mendeley/extracted/Bangla Audio Dataset Original and DeepFake Voices for AI-Based Voice Analysis and Detection/Dataset/S9M04/Real/11.wav,0,MEN,MEN-S9M04,TG:de90edc1089c941d,-8.8203125,1,0.4841666666666666,0.00014768037
mendeley/extracted/Bangla Audio Dataset Original and DeepFake Voices for AI-Based Voice Analysis and Detection/Dataset/S9M04/Real/12.wav,0,MEN,MEN-S9M04,TG:a77af9be683053cc,-5.7734375,1,0.5008333333333334,0.0030994155
mendeley/extracted/Bangla Audio Dataset Original and DeepFake Voices for AI-Based Voice Analysis and Detection/Dataset/S9M04/Real/13.wav,0,MEN,MEN-S9M04,TG:d028db732b574cac,-4.515625,1,0.4841666666666666,0.010818449
mendeley/extracted/Bangla Audio Dataset Original and DeepFake Voices for AI-Based Voice Analysis and Detection/Dataset/S9M04/Real/14.wav,0,MEN,MEN-S9M04,TG:4a3012311f6f989c,-11.96875,1,0.4508333333333333,6.339211e-06
mendeley/extracted/Bangla Audio Dataset Original and DeepFake Voices for AI-Based Voice Analysis and Detection/Dataset/S9M04/Real/15.wav,0,MEN,MEN-S9M04,TG:25961d92ff260806,-1.4462891,1,0.4175,0.19057335
mendeley/extracted/Bangla Audio Dataset Original and DeepFake Voices for AI-Based Voice Analysis and Detection/Dataset/S9M04/Real/16.wav,0,MEN,MEN-S9M04,TG:ad3b41d59e6fcb6e,-7.6992188,1,0.4008333333333334,0.00045297577
mendeley/extracted/Bangla Audio Dataset Original and DeepFake Voices for AI-Based Voice Analysis and Detection/Dataset/S9M04/Real/17.wav,0,MEN,MEN-S9M04,TG:007c8f7195b13372,-3.28125,1,0.4175,0.036220055
mendeley/extracted/Bangla Audio Dataset Original and DeepFake Voices for AI-Based Voice Analysis and Detection/Dataset/S9M04/Real/18.wav,0,MEN,MEN-S9M04,TG:128b166adf03cd84,-1.6386719,1,0.4508333333333333,0.16264585
mendeley/extracted/Bangla Audio Dataset Original and DeepFake Voices for AI-Based Voice Analysis and Detection/Dataset/S9M04/Real/19.wav,0,MEN,MEN-S9M04,TG:f8229cad7945af39,-12.1875,1,0.4675,5.0937056e-06
mendeley/extracted/Bangla Audio Dataset Original and DeepFake Voices for AI-Based Voice Analysis and Detection/Dataset/S9M04/Real/2.wav,0,MEN,MEN-S9M04,TG:9f5c75cf1e6d9913,-6.609375,1,0.4508333333333333,0.0013458605
mendeley/extracted/Bangla Audio Dataset Original and DeepFake Voices for AI-Based Voice Analysis and Detection/Dataset/S9M04/Real/20.wav,0,MEN,MEN-S9M04,TG:0bf1b90fb03791fa,-4.0195312,1,0.4508333333333333,0.017644463
mendeley/extracted/Bangla Audio Dataset Original and DeepFake Voices for AI-Based Voice Analysis and Detection/Dataset/S9M04/Real/21.wav,0,MEN,MEN-S9M04,TG:70073d516c8e9f1d,-7.6015625,1,0.4841666666666666,0.0004994205
mendeley/extracted/Bangla Audio Dataset Original and DeepFake Voices for AI-Based Voice Analysis and Detection/Dataset/S9M04/Real/22.wav,0,MEN,MEN-S9M04,TG:287fc53eca67ab9a,-2.2773438,1,0.3675,0.0930168
mendeley/extracted/Bangla Audio Dataset Original and DeepFake Voices for AI-Based Voice Analysis and Detection/Dataset/S9M04/Real/23.wav,0,MEN,MEN-S9M04,TG:b17d3c4f6988bf6a,-3.2265625,1,0.4008333333333334,0.038178273
mendeley/extracted/Bangla Audio Dataset Original and DeepFake Voices for AI-Based Voice Analysis and Detection/Dataset/S9M04/Real/24.wav,0,MEN,MEN-S9M04,TG:a6e0eae4bc3f847b,-4.421875,1,0.4841666666666666,0.011869121
mendeley/extracted/Bangla Audio Dataset Original and DeepFake Voices for AI-Based Voice Analysis and Detection/Dataset/S9M04/Real/25.wav,0,MEN,MEN-S9M04,TG:6bab2734c92514f5,-1.4423828,1,0.4508333333333333,0.19117662
mendeley/extracted/Bangla Audio Dataset Original and DeepFake Voices for AI-Based Voice Analysis and Detection/Dataset/S9M04/Real/26.wav,0,MEN,MEN-S9M04,TG:ba75c4dd9af4fab6,-4.1328125,1,0.5008333333333334,0.015784562
mendeley/extracted/Bangla Audio Dataset Original and DeepFake Voices for AI-Based Voice Analysis and Detection/Dataset/S9M04/Real/27.wav,0,MEN,MEN-S9M04,TG:caa343756463e508,-13.0390625,1,0.4508333333333333,2.1737328e-06
mendeley/extracted/Bangla Audio Dataset Original and DeepFake Voices for AI-Based Voice Analysis and Detection/Dataset/S9M04/Real/28.wav,0,MEN,MEN-S9M04,TG:b127dfcabbeceab8,-11.203125,1,0.4508333333333333,1.3631346e-05
mendeley/extracted/Bangla Audio Dataset Original and DeepFake Voices for AI-Based Voice Analysis and Detection/Dataset/S9M04/Real/29.wav,0,MEN,MEN-S9M04,TG:eda0f06ce0d96a61,-2.6113281,1,0.3841666666666666,0.068412915
mendeley/extracted/Bangla Audio Dataset Original and DeepFake Voices for AI-Based Voice Analysis and Detection/Dataset/S9M04/Real/3.wav,0,MEN,MEN-S9M04,TG:48c5e1f63ac9492d,1.8359375,1,0.4675,0.8624676
mendeley/extracted/Bangla Audio Dataset Original and DeepFake Voices for AI-Based Voice Analysis and Detection/Dataset/S9M04/Real/30.wav,0,MEN,MEN-S9M04,TG:3ac4acc156291aa7,-18.015625,1,0.4341666666666667,1.4993862e-08
mendeley/extracted/Bangla Audio Dataset Original and DeepFake Voices for AI-Based Voice Analysis and Detection/Dataset/S9M04/Real/4.wav,0,MEN,MEN-S9M04,TG:2d816275c7480a59,-0.92333984,1,0.4508333333333333,0.28427786
mendeley/extracted/Bangla Audio Dataset Original and DeepFake Voices for AI-Based Voice Analysis and Detection/Dataset/S9M04/Real/5.wav,0,MEN,MEN-S9M04,TG:db854ce88524c221,0.89941406,1,0.4341666666666667,0.7108291
mendeley/extracted/Bangla Audio Dataset Original and DeepFake Voices for AI-Based Voice Analysis and Detection/Dataset/S9M04/Real/6.wav,0,MEN,MEN-S9M04,TG:d4d0daa8b1ec3a55,-5.53125,1,0.5341666666666667,0.003945407
mendeley/extracted/Bangla Audio Dataset Original and DeepFake Voices for AI-Based Voice Analysis and Detection/Dataset/S9M04/Real/7.wav,0,MEN,MEN-S9M04,TG:eb6e2f32cb4ca057,-10.53125,1,0.5175000000000001,2.6688529e-05
mendeley/extracted/Bangla Audio Dataset Original and DeepFake Voices for AI-Based Voice Analysis and Detection/Dataset/S9M04/Real/8.wav,0,MEN,MEN-S9M04,TG:9e752019d89d3c25,-5.4648438,1,0.4841666666666666,0.0042151595
mendeley/extracted/Bangla Audio Dataset Original and DeepFake Voices for AI-Based Voice Analysis and Detection/Dataset/S9M04/Real/9.wav,0,MEN,MEN-S9M04,TG:9d764b1f65847a64,-1.6513672,1,0.4841666666666666,0.16092426
mendeley/extracted/Bangla Audio Dataset Original and DeepFake Voices for AI-Based Voice Analysis and Detection/Dataset/S9M05/Fake/1.wav,1,MEN,MEN-S9M05,TG:263ccbb0d9d4fa76,-17.15625,1,0.3941666666666666,3.541076e-08
mendeley/extracted/Bangla Audio Dataset Original and DeepFake Voices for AI-Based Voice Analysis and Detection/Dataset/S9M05/Fake/10.wav,1,MEN,MEN-S9M05,TG:3bfd340f76d8a679,-9.40625,1,0.2841666666666667,8.22019e-05
mendeley/extracted/Bangla Audio Dataset Original and DeepFake Voices for AI-Based Voice Analysis and Detection/Dataset/S9M05/Fake/11.wav,1,MEN,MEN-S9M05,TG:de90edc1089c941d,-10.953125,1,0.4375,1.7502925e-05
mendeley/extracted/Bangla Audio Dataset Original and DeepFake Voices for AI-Based Voice Analysis and Detection/Dataset/S9M05/Fake/12.wav,1,MEN,MEN-S9M05,TG:a77af9be683053cc,-7.046875,1,0.5241666666666667,0.0008693674
mendeley/extracted/Bangla Audio Dataset Original and DeepFake Voices for AI-Based Voice Analysis and Detection/Dataset/S9M05/Fake/13.wav,1,MEN,MEN-S9M05,TG:d028db732b574cac,-13.5078125,1,0.4858333333333333,1.3602883e-06
mendeley/extracted/Bangla Audio Dataset Original and DeepFake Voices for AI-Based Voice Analysis and Detection/Dataset/S9M05/Fake/14.wav,1,MEN,MEN-S9M05,TG:4a3012311f6f989c,-0.70751953,1,0.5541666666666667,0.33014715
mendeley/extracted/Bangla Audio Dataset Original and DeepFake Voices for AI-Based Voice Analysis and Detection/Dataset/S9M05/Fake/15.wav,1,MEN,MEN-S9M05,TG:25961d92ff260806,-10.1015625,1,0.3558333333333333,4.1013736e-05
mendeley/extracted/Bangla Audio Dataset Original and DeepFake Voices for AI-Based Voice Analysis and Detection/Dataset/S9M05/Fake/16.wav,1,MEN,MEN-S9M05,TG:ad3b41d59e6fcb6e,-5.4648438,1,0.5058333333333334,0.0042151595
mendeley/extracted/Bangla Audio Dataset Original and DeepFake Voices for AI-Based Voice Analysis and Detection/Dataset/S9M05/Fake/17.wav,1,MEN,MEN-S9M05,TG:007c8f7195b13372,-1.3330078,1,0.4608333333333333,0.20866229
mendeley/extracted/Bangla Audio Dataset Original and DeepFake Voices for AI-Based Voice Analysis and Detection/Dataset/S9M05/Fake/18.wav,1,MEN,MEN-S9M05,TG:128b166adf03cd84,-10.203125,1,0.4875,3.705297e-05
mendeley/extracted/Bangla Audio Dataset Original and DeepFake Voices for AI-Based Voice Analysis and Detection/Dataset/S9M05/Fake/19.wav,1,MEN,MEN-S9M05,TG:f8229cad7945af39,-8.203125,1,0.5491666666666667,0.00027372167
mendeley/extracted/Bangla Audio Dataset Original and DeepFake Voices for AI-Based Voice Analysis and Detection/Dataset/S9M05/Fake/2.wav,1,MEN,MEN-S9M05,TG:9f5c75cf1e6d9913,-6.28125,1,0.4475,0.0018675658
mendeley/extracted/Bangla Audio Dataset Original and DeepFake Voices for AI-Based Voice Analysis and Detection/Dataset/S9M05/Fake/20.wav,1,MEN,MEN-S9M05,TG:0bf1b90fb03791fa,-12.953125,1,0.4858333333333333,2.3687994e-06
mendeley/extracted/Bangla Audio Dataset Original and DeepFake Voices for AI-Based Voice Analysis and Detection/Dataset/S9M05/Fake/21.wav,1,MEN,MEN-S9M05,TG:70073d516c8e9f1d,-2.1347656,1,0.5375,0.10576342
mendeley/extracted/Bangla Audio Dataset Original and DeepFake Voices for AI-Based Voice Analysis and Detection/Dataset/S9M05/Fake/22.wav,1,MEN,MEN-S9M05,TG:287fc53eca67ab9a,-3.625,1,0.4391666666666667,0.025957357
mendeley/extracted/Bangla Audio Dataset Original and DeepFake Voices for AI-Based Voice Analysis and Detection/Dataset/S9M05/Fake/23.wav,1,MEN,MEN-S9M05,TG:b17d3c4f6988bf6a,-14.4140625,1,0.3991666666666666,5.496066e-07
mendeley/extracted/Bangla Audio Dataset Original and DeepFake Voices for AI-Based Voice Analysis and Detection/Dataset/S9M05/Fake/24.wav,1,MEN,MEN-S9M05,TG:a6e0eae4bc3f847b,-10.953125,1,0.4575,1.7502925e-05
mendeley/extracted/Bangla Audio Dataset Original and DeepFake Voices for AI-Based Voice Analysis and Detection/Dataset/S9M05/Fake/25.wav,1,MEN,MEN-S9M05,TG:6bab2734c92514f5,-3.5644531,1,0.4024999999999999,0.027532939
mendeley/extracted/Bangla Audio Dataset Original and DeepFake Voices for AI-Based Voice Analysis and Detection/Dataset/S9M05/Fake/26.wav,1,MEN,MEN-S9M05,TG:ba75c4dd9af4fab6,-0.5834961,1,0.4975,0.35812855
mendeley/extracted/Bangla Audio Dataset Original and DeepFake Voices for AI-Based Voice Analysis and Detection/Dataset/S9M05/Fake/27.wav,1,MEN,MEN-S9M05,TG:caa343756463e508,-13.25,1,0.3824999999999999,1.7603434e-06
mendeley/extracted/Bangla Audio Dataset Original and DeepFake Voices for AI-Based Voice Analysis and Detection/Dataset/S9M05/Fake/28.wav,1,MEN,MEN-S9M05,TG:b127dfcabbeceab8,-5.421875,1,0.5608333333333333,0.0043994132
mendeley/extracted/Bangla Audio Dataset Original and DeepFake Voices for AI-Based Voice Analysis and Detection/Dataset/S9M05/Fake/29.wav,1,MEN,MEN-S9M05,TG:eda0f06ce0d96a61,-8.3359375,1,0.3558333333333333,0.00023968688
mendeley/extracted/Bangla Audio Dataset Original and DeepFake Voices for AI-Based Voice Analysis and Detection/Dataset/S9M05/Fake/3.wav,1,MEN,MEN-S9M05,TG:48c5e1f63ac9492d,-11.15625,1,0.3808333333333333,1.4285517e-05
mendeley/extracted/Bangla Audio Dataset Original and DeepFake Voices for AI-Based Voice Analysis and Detection/Dataset/S9M05/Fake/30.wav,1,MEN,MEN-S9M05,TG:3ac4acc156291aa7,-7.4921875,1,0.3341666666666666,0.0005571117
mendeley/extracted/Bangla Audio Dataset Original and DeepFake Voices for AI-Based Voice Analysis and Detection/Dataset/S9M05/Fake/4.wav,1,MEN,MEN-S9M05,TG:2d816275c7480a59,0.22216797,1,0.3508333333333333,0.55531466
mendeley/extracted/Bangla Audio Dataset Original and DeepFake Voices for AI-Based Voice Analysis and Detection/Dataset/S9M05/Fake/5.wav,1,MEN,MEN-S9M05,TG:db854ce88524c221,-2.0566406,1,0.4275,0.1133831
mendeley/extracted/Bangla Audio Dataset Original and DeepFake Voices for AI-Based Voice Analysis and Detection/Dataset/S9M05/Fake/6.wav,1,MEN,MEN-S9M05,TG:d4d0daa8b1ec3a55,-11.9375,1,0.5425,6.540437e-06
mendeley/extracted/Bangla Audio Dataset Original and DeepFake Voices for AI-Based Voice Analysis and Detection/Dataset/S9M05/Fake/7.wav,1,MEN,MEN-S9M05,TG:eb6e2f32cb4ca057,-0.9169922,1,0.5308333333333333,0.28557116
mendeley/extracted/Bangla Audio Dataset Original and DeepFake Voices for AI-Based Voice Analysis and Detection/Dataset/S9M05/Fake/8.wav,1,MEN,MEN-S9M05,TG:9e752019d89d3c25,-13.265625,1,0.4175,1.7330517e-06
mendeley/extracted/Bangla Audio Dataset Original and DeepFake Voices for AI-Based Voice Analysis and Detection/Dataset/S9M05/Fake/9.wav,1,MEN,MEN-S9M05,TG:9d764b1f65847a64,-8.265625,1,0.4358333333333333,0.00025714198
mendeley/extracted/Bangla Audio Dataset Original and DeepFake Voices for AI-Based Voice Analysis and Detection/Dataset/S9M05/Real/1.wav,0,MEN,MEN-S9M05,TG:263ccbb0d9d4fa76,8.5234375,1,0.4175,0.99980134
mendeley/extracted/Bangla Audio Dataset Original and DeepFake Voices for AI-Based Voice Analysis and Detection/Dataset/S9M05/Real/10.wav,0,MEN,MEN-S9M05,TG:3bfd340f76d8a679,10.140625,1,0.4008333333333334,0.99996054
mendeley/extracted/Bangla Audio Dataset Original and DeepFake Voices for AI-Based Voice Analysis and Detection/Dataset/S9M05/Real/11.wav,0,MEN,MEN-S9M05,TG:de90edc1089c941d,9.5,1,0.4508333333333333,0.99992514
mendeley/extracted/Bangla Audio Dataset Original and DeepFake Voices for AI-Based Voice Analysis and Detection/Dataset/S9M05/Real/12.wav,0,MEN,MEN-S9M05,TG:a77af9be683053cc,11.03125,1,0.5175000000000001,0.9999838
mendeley/extracted/Bangla Audio Dataset Original and DeepFake Voices for AI-Based Voice Analysis and Detection/Dataset/S9M05/Real/13.wav,0,MEN,MEN-S9M05,TG:d028db732b574cac,10.9296875,1,0.4175,0.9999821
mendeley/extracted/Bangla Audio Dataset Original and DeepFake Voices for AI-Based Voice Analysis and Detection/Dataset/S9M05/Real/14.wav,0,MEN,MEN-S9M05,TG:4a3012311f6f989c,9.59375,1,0.5341666666666667,0.9999318
mendeley/extracted/Bangla Audio Dataset Original and DeepFake Voices for AI-Based Voice Analysis and Detection/Dataset/S9M05/Real/15.wav,0,MEN,MEN-S9M05,TG:25961d92ff260806,10.25,1,0.3675,0.9999646
mendeley/extracted/Bangla Audio Dataset Original and DeepFake Voices for AI-Based Voice Analysis and Detection/Dataset/S9M05/Real/16.wav,0,MEN,MEN-S9M05,TG:ad3b41d59e6fcb6e,11.78125,1,0.4841666666666666,0.9999924
mendeley/extracted/Bangla Audio Dataset Original and DeepFake Voices for AI-Based Voice Analysis and Detection/Dataset/S9M05/Real/17.wav,0,MEN,MEN-S9M05,TG:007c8f7195b13372,11.4921875,1,0.5008333333333334,0.99998975
mendeley/extracted/Bangla Audio Dataset Original and DeepFake Voices for AI-Based Voice Analysis and Detection/Dataset/S9M05/Real/18.wav,0,MEN,MEN-S9M05,TG:128b166adf03cd84,10.96875,1,0.4841666666666666,0.9999827
mendeley/extracted/Bangla Audio Dataset Original and DeepFake Voices for AI-Based Voice Analysis and Detection/Dataset/S9M05/Real/19.wav,0,MEN,MEN-S9M05,TG:f8229cad7945af39,7.578125,1,0.4175,0.9994887
mendeley/extracted/Bangla Audio Dataset Original and DeepFake Voices for AI-Based Voice Analysis and Detection/Dataset/S9M05/Real/2.wav,0,MEN,MEN-S9M05,TG:9f5c75cf1e6d9913,9.8125,1,0.4341666666666667,0.9999453
mendeley/extracted/Bangla Audio Dataset Original and DeepFake Voices for AI-Based Voice Analysis and Detection/Dataset/S9M05/Real/20.wav,0,MEN,MEN-S9M05,TG:0bf1b90fb03791fa,9.6796875,1,0.4175,0.9999374
mendeley/extracted/Bangla Audio Dataset Original and DeepFake Voices for AI-Based Voice Analysis and Detection/Dataset/S9M05/Real/21.wav,0,MEN,MEN-S9M05,TG:70073d516c8e9f1d,9.1875,1,0.4841666666666666,0.9998977
mendeley/extracted/Bangla Audio Dataset Original and DeepFake Voices for AI-Based Voice Analysis and Detection/Dataset/S9M05/Real/22.wav,0,MEN,MEN-S9M05,TG:287fc53eca67ab9a,9.046875,1,0.3841666666666666,0.9998822
mendeley/extracted/Bangla Audio Dataset Original and DeepFake Voices for AI-Based Voice Analysis and Detection/Dataset/S9M05/Real/23.wav,0,MEN,MEN-S9M05,TG:b17d3c4f6988bf6a,8.140625,1,0.3675,0.9997086
mendeley/extracted/Bangla Audio Dataset Original and DeepFake Voices for AI-Based Voice Analysis and Detection/Dataset/S9M05/Real/24.wav,0,MEN,MEN-S9M05,TG:a6e0eae4bc3f847b,10.390625,1,0.4508333333333333,0.99996924
mendeley/extracted/Bangla Audio Dataset Original and DeepFake Voices for AI-Based Voice Analysis and Detection/Dataset/S9M05/Real/25.wav,0,MEN,MEN-S9M05,TG:6bab2734c92514f5,10.265625,1,0.3841666666666666,0.9999652
mendeley/extracted/Bangla Audio Dataset Original and DeepFake Voices for AI-Based Voice Analysis and Detection/Dataset/S9M05/Real/26.wav,0,MEN,MEN-S9M05,TG:ba75c4dd9af4fab6,8.8984375,1,0.4508333333333333,0.9998634
mendeley/extracted/Bangla Audio Dataset Original and DeepFake Voices for AI-Based Voice Analysis and Detection/Dataset/S9M05/Real/27.wav,0,MEN,MEN-S9M05,TG:caa343756463e508,11.546875,1,0.3841666666666666,0.99999034
mendeley/extracted/Bangla Audio Dataset Original and DeepFake Voices for AI-Based Voice Analysis and Detection/Dataset/S9M05/Real/28.wav,0,MEN,MEN-S9M05,TG:b127dfcabbeceab8,11.21875,1,0.4341666666666667,0.9999865
mendeley/extracted/Bangla Audio Dataset Original and DeepFake Voices for AI-Based Voice Analysis and Detection/Dataset/S9M05/Real/29.wav,0,MEN,MEN-S9M05,TG:eda0f06ce0d96a61,9.3984375,1,0.4675,0.99991715
mendeley/extracted/Bangla Audio Dataset Original and DeepFake Voices for AI-Based Voice Analysis and Detection/Dataset/S9M05/Real/3.wav,0,MEN,MEN-S9M05,TG:48c5e1f63ac9492d,9.4453125,1,0.5008333333333334,0.99992096
mendeley/extracted/Bangla Audio Dataset Original and DeepFake Voices for AI-Based Voice Analysis and Detection/Dataset/S9M05/Real/30.wav,0,MEN,MEN-S9M05,TG:3ac4acc156291aa7,10.3828125,1,0.3841666666666666,0.999969
mendeley/extracted/Bangla Audio Dataset Original and DeepFake Voices for AI-Based Voice Analysis and Detection/Dataset/S9M05/Real/4.wav,0,MEN,MEN-S9M05,TG:2d816275c7480a59,9.078125,1,0.4341666666666667,0.9998859
mendeley/extracted/Bangla Audio Dataset Original and DeepFake Voices for AI-Based Voice Analysis and Detection/Dataset/S9M05/Real/5.wav,0,MEN,MEN-S9M05,TG:db854ce88524c221,10.828125,1,0.4841666666666666,0.9999802
mendeley/extracted/Bangla Audio Dataset Original and DeepFake Voices for AI-Based Voice Analysis and Detection/Dataset/S9M05/Real/6.wav,0,MEN,MEN-S9M05,TG:d4d0daa8b1ec3a55,9.484375,1,0.6008333333333333,0.99992394
mendeley/extracted/Bangla Audio Dataset Original and DeepFake Voices for AI-Based Voice Analysis and Detection/Dataset/S9M05/Real/7.wav,0,MEN,MEN-S9M05,TG:eb6e2f32cb4ca057,8.7890625,1,0.4175,0.99984765
mendeley/extracted/Bangla Audio Dataset Original and DeepFake Voices for AI-Based Voice Analysis and Detection/Dataset/S9M05/Real/8.wav,0,MEN,MEN-S9M05,TG:9e752019d89d3c25,12.0625,1,0.5341666666666667,0.9999943
mendeley/extracted/Bangla Audio Dataset Original and DeepFake Voices for AI-Based Voice Analysis and Detection/Dataset/S9M05/Real/9.wav,0,MEN,MEN-S9M05,TG:9d764b1f65847a64,7.4882812,1,0.4841666666666666,0.9994407
