audio_path,label,dataset_id,speaker_id,text_group,score,n_windows,max_pad_fraction,prob_spoof
mendeley/extracted/Bangla Audio Dataset Original and DeepFake Voices for AI-Based Voice Analysis and Detection/Dataset/S10F03/Fake/1.wav,1,MEN,MEN-S10F03,TG:d3ce29150919b0bf,-7.4140625,1,0.1691666666666667,0.0006023541
mendeley/extracted/Bangla Audio Dataset Original and DeepFake Voices for AI-Based Voice Analysis and Detection/Dataset/S10F03/Fake/10.wav,1,MEN,MEN-S10F03,TG:2053513ab857e64b,2.4941406,1,0.3858333333333333,0.9237301
mendeley/extracted/Bangla Audio Dataset Original and DeepFake Voices for AI-Based Voice Analysis and Detection/Dataset/S10F03/Fake/11.wav,1,MEN,MEN-S10F03,TG:2557d7be6d06171f,-2.1894531,1,0.3225,0.10070161
mendeley/extracted/Bangla Audio Dataset Original and DeepFake Voices for AI-Based Voice Analysis and Detection/Dataset/S10F03/Fake/12.wav,1,MEN,MEN-S10F03,TG:1ad78c16e9f1fa18,-9.71875,1,0.4675,6.0141523e-05
mendeley/extracted/Bangla Audio Dataset Original and DeepFake Voices for AI-Based Voice Analysis and Detection/Dataset/S10F03/Fake/13.wav,1,MEN,MEN-S10F03,TG:8755d96808d69cf8,-8.5,1,0.4141666666666667,0.00020342699
mendeley/extracted/Bangla Audio Dataset Original and DeepFake Voices for AI-Based Voice Analysis and Detection/Dataset/S10F03/Fake/14.wav,1,MEN,MEN-S10F03,TG:a752f9ff5f43a780,-1.6191406,1,0.4508333333333333,0.16532342
mendeley/extracted/Bangla Audio Dataset Original and DeepFake Voices for AI-Based Voice Analysis and Detection/Dataset/S10F03/Fake/15.wav,1,MEN,MEN-S10F03,TG:87dc8ea01461476e,-10.2421875,1,0.4358333333333333,3.5633544e-05
mendeley/extracted/Bangla Audio Dataset Original and DeepFake Voices for AI-Based Voice Analysis and Detection/Dataset/S10F03/Fake/16.wav,1,MEN,MEN-S10F03,TG:a161442acecd244f,-6.734375,1,0.2741666666666666,0.0011879054
mendeley/extracted/Bangla Audio Dataset Original and DeepFake Voices for AI-Based Voice Analysis and Detection/Dataset/S10F03/Fake/17.wav,1,MEN,MEN-S10F03,TG:03f064fdfaf1ab36,-6.4492188,1,0.3974999999999999,0.0015792594
mendeley/extracted/Bangla Audio Dataset Original and DeepFake Voices for AI-Based Voice Analysis and Detection/Dataset/S10F03/Fake/18.wav,1,MEN,MEN-S10F03,TG:b94d39ca30d8b003,-7.859375,1,0.4141666666666667,0.0003859661
mendeley/extracted/Bangla Audio Dataset Original and DeepFake Voices for AI-Based Voice Analysis and Detection/Dataset/S10F03/Fake/19.wav,1,MEN,MEN-S10F03,TG:292f77d0836ad383,-7.1679688,1,0.4875,0.0007702932
mendeley/extracted/Bangla Audio Dataset Original and DeepFake Voices for AI-Based Voice Analysis and Detection/Dataset/S10F03/Fake/2.wav,1,MEN,MEN-S10F03,TG:777323a77bbfb0f1,-3.2070312,1,0.4108333333333334,0.038901977
mendeley/extracted/Bangla Audio Dataset Original and DeepFake Voices for AI-Based Voice Analysis and Detection/Dataset/S10F03/Fake/20.wav,1,MEN,MEN-S10F03,TG:d7eb7bfa4ea54586,5.9140625,1,0.3308333333333333,0.9973061
mendeley/extracted/Bangla Audio Dataset Original and DeepFake Voices for AI-Based Voice Analysis and Detection/Dataset/S10F03/Fake/21.wav,1,MEN,MEN-S10F03,TG:a76e4f06cf107f94,-8.140625,1,0.4508333333333333,0.0002913701
mendeley/extracted/Bangla Audio Dataset Original and DeepFake Voices for AI-Based Voice Analysis and Detection/Dataset/S10F03/Fake/22.wav,1,MEN,MEN-S10F03,TG:0eb06cb4db7fa33d,-3.4355469,1,0.4541666666666667,0.03120282
mendeley/extracted/Bangla Audio Dataset Original and DeepFake Voices for AI-Based Voice Analysis and Detection/Dataset/S10F03/Fake/23.wav,1,MEN,MEN-S10F03,TG:411b82bee58b8a11,-4.109375,1,0.4808333333333333,0.016152835
mendeley/extracted/Bangla Audio Dataset Original and DeepFake Voices for AI-Based Voice Analysis and Detection/Dataset/S10F03/Fake/24.wav,1,MEN,MEN-S10F03,TG:2d6549bed8663a0e,-5.9140625,1,0.4358333333333333,0.002693914
mendeley/extracted/Bangla Audio Dataset Original and DeepFake Voices for AI-Based Voice Analysis and Detection/Dataset/S10F03/Fake/25.wav,1,MEN,MEN-S10F03,TG:f9f8fdb09d02dc4f,6.6289062,1,0.5441666666666667,0.9986802
mendeley/extracted/Bangla Audio Dataset Original and DeepFake Voices for AI-Based Voice Analysis and Detection/Dataset/S10F03/Fake/26.wav,1,MEN,MEN-S10F03,TG:d21f1014c15ffac8,4.4921875,1,0.4308333333333333,0.98892784
mendeley/extracted/Bangla Audio Dataset Original and DeepFake Voices for AI-Based Voice Analysis and Detection/Dataset/S10F03/Fake/27.wav,1,MEN,MEN-S10F03,TG:93a66da769492799,-5.9101562,1,0.3874999999999999,0.0027044294
mendeley/extracted/Bangla Audio Dataset Original and DeepFake Voices for AI-Based Voice Analysis and Detection/Dataset/S10F03/Fake/28.wav,1,MEN,MEN-S10F03,TG:65c7f26c8f16369d,1.0771484,1,0.2041666666666667,0.745954
mendeley/extracted/Bangla Audio Dataset Original and DeepFake Voices for AI-Based Voice Analysis and Detection/Dataset/S10F03/Fake/29.wav,1,MEN,MEN-S10F03,TG:bcb64741cfa3e7b8,-12.1875,1,0.4725,5.0937056e-06
mendeley/extracted/Bangla Audio Dataset Original and DeepFake Voices for AI-Based Voice Analysis and Detection/Dataset/S10F03/Fake/3.wav,1,MEN,MEN-S10F03,TG:e3d1f199eb45a8bb,-2.3886719,1,0.4091666666666667,0.08404061
mendeley/extracted/Bangla Audio Dataset Original and DeepFake Voices for AI-Based Voice Analysis and Detection/Dataset/S10F03/Fake/30.wav,1,MEN,MEN-S10F03,TG:d1cbe39bd9b59ac2,1.6894531,1,0.3658333333333333,0.8441522
mendeley/extracted/Bangla Audio Dataset Original and DeepFake Voices for AI-Based Voice Analysis and Detection/Dataset/S10F03/Fake/4.wav,1,MEN,MEN-S10F03,TG:4cfc5f39575a38c2,1.6220703,1,0.5541666666666667,0.83508044
mendeley/extracted/Bangla Audio Dataset Original and DeepFake Voices for AI-Based Voice Analysis and Detection/Dataset/S10F03/Fake/5.wav,1,MEN,MEN-S10F03,TG:1599e574af42cfa4,-5.125,1,0.4408333333333333,0.0059110685
mendeley/extracted/Bangla Audio Dataset Original and DeepFake Voices for AI-Based Voice Analysis and Detection/Dataset/S10F03/Fake/6.wav,1,MEN,MEN-S10F03,TG:ab19869b4d329944,-6.3476562,1,0.3641666666666666,0.0017477858
mendeley/extracted/Bangla Audio Dataset Original and DeepFake Voices for AI-Based Voice Analysis and Detection/Dataset/S10F03/Fake/7.wav,1,MEN,MEN-S10F03,TG:ded1f5c9728375f6,-4.1328125,1,0.6291666666666667,0.015784562
mendeley/extracted/Bangla Audio Dataset Original and DeepFake Voices for AI-Based Voice Analysis and Detection/Dataset/S10F03/Fake/8.wav,1,MEN,MEN-S10F03,TG:caa70121004273c9,-1.9912109,1,0.5575,0.1201288
mendeley/extracted/Bangla Audio Dataset Original and DeepFake Voices for AI-Based Voice Analysis and Detection/Dataset/S10F03/Fake/9.wav,1,MEN,MEN-S10F03,TG:e45efc4bac420645,-11.3359375,1,0.3708333333333333,1.1936024e-05
mendeley/extracted/Bangla Audio Dataset Original and DeepFake Voices for AI-Based Voice Analysis and Detection/Dataset/S10F03/Real/1.wav,0,MEN,MEN-S10F03,TG:d3ce29150919b0bf,-10.9296875,1,0.3675,1.791799e-05
mendeley/extracted/Bangla Audio Dataset Original and DeepFake Voices for AI-Based Voice Analysis and Detection/Dataset/S10F03/Real/10.wav,0,MEN,MEN-S10F03,TG:2053513ab857e64b,-4.9726562,1,0.3841666666666666,0.0068771075
mendeley/extracted/Bangla Audio Dataset Original and DeepFake Voices for AI-Based Voice Analysis and Detection/Dataset/S10F03/Real/11.wav,0,MEN,MEN-S10F03,TG:2557d7be6d06171f,-9.3359375,1,0.4841666666666666,8.818924e-05
mendeley/extracted/Bangla Audio Dataset Original and DeepFake Voices for AI-Based Voice Analysis and Detection/Dataset/S10F03/Real/12.wav,0,MEN,MEN-S10F03,TG:1ad78c16e9f1fa18,-10.3984375,1,0.4341666666666667,3.0479145e-05
mendeley/extracted/Bangla Audio Dataset Original and DeepFake Voices for AI-Based Voice Analysis and Detection/Dataset/S10F03/Real/13.wav,0,MEN,MEN-S10F03,TG:8755d96808d69cf8,-6.3828125,1,0.4675,0.0016875096
mendeley/extracted/Bangla Audio Dataset Original and DeepFake Voices for AI-Based Voice Analysis and Detection/Dataset/S10F03/Real/14.wav,0,MEN,MEN-S10F03,TG:a752f9ff5f43a780,-4.7617188,1,0.4508333333333333,0.008478402
mendeley/extracted/Bangla Audio Dataset Original and DeepFake Voices for AI-Based Voice Analysis and Detection/Dataset/S10F03/Real/15.wav,0,MEN,MEN-S10F03,TG:87dc8ea01461476e,-8.1796875,1,0.4008333333333334,0.00028021098
mendeley/extracted/Bangla Audio Dataset Original and DeepFake Voices for AI-Based Voice Analysis and Detection/Dataset/S10F03/Real/16.wav,0,MEN,MEN-S10F03,TG:a161442acecd244f,-12.1640625,1,0.3675,5.2144983e-06
mendeley/extracted/Bangla Audio Dataset Original and DeepFake Voices for AI-Based Voice Analysis and Detection/Dataset/S10F03/Real/17.wav,0,MEN,MEN-S10F03,TG:03f064fdfaf1ab36,-7.2460938,1,0.4341666666666667,0.000712446
mendeley/extracted/Bangla Audio Dataset Original and DeepFake Voices for AI-Based Voice Analysis and Detection/Dataset/S10F03/Real/18.wav,0,MEN,MEN-S10F03,TG:b94d39ca30d8b003,-13.2109375,1,0.4008333333333334,1.8304671e-06
mendeley/extracted/Bangla Audio Dataset Original and DeepFake Voices for AI-Based Voice Analysis and Detection/Dataset/S10F03/Real/19.wav,0,MEN,MEN-S10F03,TG:292f77d0836ad383,-6.5507812,1,0.4841666666666666,0.0014269596
mendeley/extracted/Bangla Audio Dataset Original and DeepFake Voices for AI-Based Voice Analysis and Detection/Dataset/S10F03/Real/2.wav,0,MEN,MEN-S10F03,TG:777323a77bbfb0f1,-8.1953125,1,0.4008333333333334,0.0002758679
mendeley/extracted/Bangla Audio Dataset Original and DeepFake Voices for AI-Based Voice Analysis and Detection/Dataset/S10F03/Real/20.wav,0,MEN,MEN-S10F03,TG:d7eb7bfa4ea54586,-3.921875,1,0.3841666666666666,0.019419348
mendeley/extracted/Bangla Audio Dataset Original and DeepFake Voices for AI-Based Voice Analysis and Detection/Dataset/S10F03/Real/21.wav,0,MEN,MEN-S10F03,TG:a76e4f06cf107f94,-5.3359375,1,0.4341666666666667,0.004792317
mendeley/extracted/Bangla Audio Dataset Original and DeepFake Voices for AI-Based Voice Analysis and Detection/Dataset/S10F03/Real/22.wav,0,MEN,MEN-S10F03,TG:0eb06cb4db7fa33d,-13.390625,1,0.4841666666666666,1.529413e-06
mendeley/extracted/Bangla Audio Dataset Original and DeepFake Voices for AI-Based Voice Analysis and Detection/Dataset/S10F03/Real/23.wav,0,MEN,MEN-S10F03,TG:411b82bee58b8a11,-7.9882812,1,0.4191666666666667,0.0003393018
mendeley/extracted/Bangla Audio Dataset Original and DeepFake Voices for AI-Based Voice Analysis and Detection/Dataset/S10F03/Real/24.wav,0,MEN,MEN-S10F03,TG:2d6549bed8663a0e,-5.8984375,1,0.4508333333333333,0.0027362215
mendeley/extracted/Bangla Audio Dataset Original and DeepFake Voices for AI-Based Voice Analysis and Detection/Dataset/S10F03/Real/25.wav,0,MEN,MEN-S10F03,TG:f9f8fdb09d02dc4f,-7.0234375,1,0.4508333333333333,0.0008899656
mendeley/extracted/Bangla Audio Dataset Original and DeepFake Voices for AI-Based Voice Analysis and Detection/Dataset/S10F03/Real/26.wav,0,MEN,MEN-S10F03,TG:d21f1014c15ffac8,-7.5820312,1,0.3675,0.0005092657
mendeley/extracted/Bangla Audio Dataset Original and DeepFake Voices for AI-Based Voice Analysis and Detection/Dataset/S10F03/Real/27.wav,0,MEN,MEN-S10F03,TG:93a66da769492799,-9.5078125,1,0.4175,7.426381e-05
mendeley/extracted/Bangla Audio Dataset Original and DeepFake Voices for AI-Based Voice Analysis and Detection/Dataset/S10F03/Real/28.wav,0,MEN,MEN-S10F03,TG:65c7f26c8f16369d,-8.1875,1,0.4508333333333333,0.00027803096
mendeley/extracted/Bangla Audio Dataset Original and DeepFake Voices for AI-Based Voice Analysis and Detection/Dataset/S10F03/Real/29.wav,0,MEN,MEN-S10F03,TG:bcb64741cfa3e7b8,-11.7265625,1,0.5008333333333334,8.076349e-06
mendeley/extracted/Bangla Audio Dataset Original and DeepFake Voices for AI-Based Voice Analysis and Detection/Dataset/S10F03/Real/3.wav,0,MEN,MEN-S10F03,TG:e3d1f199eb45a8bb,-10.375,1,0.4008333333333334,3.120191e-05
mendeley/extracted/Bangla Audio Dataset Original and DeepFake Voices for AI-Based Voice Analysis and Detection/Dataset/S10F03/Real/30.wav,0,MEN,MEN-S10F03,TG:d1cbe39bd9b59ac2,-7.5546875,1,0.4008333333333334,0.0005233757
mendeley/extracted/Bangla Audio Dataset Original and DeepFake Voices for AI-Based Voice Analysis and Detection/Dataset/S10F03/Real/4.wav,0,MEN,MEN-S10F03,TG:4cfc5f39575a38c2,-5.171875,1,0.4175,0.0056419084
mendeley/extracted/Bangla Audio Dataset Original and DeepFake Voices for AI-Based Voice Analysis and Detection/Dataset/S10F03/Real/5.wav,0,MEN,MEN-S10F03,TG:1599e574af42cfa4,4.8671875,1,0.3841666666666666,0.9923638
mendeley/extracted/Bangla Audio Dataset Original and DeepFake Voices for AI-Based Voice Analysis and Detection/Dataset/S10F03/Real/6.wav,0,MEN,MEN-S10F03,TG:ab19869b4d329944,-1.3369141,1,0.3841666666666666,0.208018
mendeley/extracted/Bangla Audio Dataset Original and DeepFake Voices for AI-Based Voice Analysis and Detection/Dataset/S10F03/Real/7.wav,0,MEN,MEN-S10F03,TG:ded1f5c9728375f6,-4.453125,1,0.4341666666666667,0.011508148
mendeley/extracted/Bangla Audio Dataset Original and DeepFake Voices for AI-Based Voice Analysis and Detection/Dataset/S10F03/Real/8.wav,0,MEN,MEN-S10F03,TG:caa70121004273c9,-4.6914062,1,0.3675,0.009090384
mendeley/extracted/Bangla Audio Dataset Original and DeepFake Voices for AI-Based Voice Analysis and Detection/Dataset/S10F03/Real/9.wav,0,MEN,MEN-S10F03,TG:e45efc4bac420645,-8.9765625,1,0.4341666666666667,0.00012632043
mendeley/extracted/Bangla Audio Dataset Original and DeepFake Voices for AI-Based Voice Analysis and Detection/Dataset/S10F04/Fake/1.wav,1,MEN,MEN-S10F04,TG:d3ce29150919b0bf,-3.8085938,1,0.0808333333333333,0.021698095
mendeley/extracted/Bangla Audio Dataset Original and DeepFake Voices for AI-Based Voice Analysis and Detection/Dataset/S10F04/Fake/10.wav,1,MEN,MEN-S10F04,TG:2053513ab857e64b,-5.3085938,1,0.3741666666666666,0.0049245106
mendeley/extracted/Bangla Audio Dataset Original and DeepFake Voices for AI-Based Voice Analysis and Detection/Dataset/S10F04/Fake/11.wav,1,MEN,MEN-S10F04,TG:2557d7be6d06171f,-9.640625,1,0.3725,6.5028165e-05
mendeley/extracted/Bangla Audio Dataset Original and DeepFake Voices for AI-Based Voice Analysis and Detection/Dataset/S10F04/Fake/12.wav,1,MEN,MEN-S10F04,TG:1ad78c16e9f1fa18,-11.859375,1,0.4541666666666667,7.071895e-06
mendeley/extracted/Bangla Audio Dataset Original and DeepFake Voices for AI-Based Voice Analysis and Detection/Dataset/S10F04/Fake/13.wav,1,MEN,MEN-S10F04,TG:8755d96808d69cf8,-8.8203125,1,0.4408333333333333,0.00014768037
mendeley/extracted/Bangla Audio Dataset Original and DeepFake Voices for AI-Based Voice Analysis and Detection/Dataset/S10F04/Fake/14.wav,1,MEN,MEN-S10F04,TG:a752f9ff5f43a780,-11.328125,1,0.4841666666666666,1.2029639e-05
mendeley/extracted/Bangla Audio Dataset Original and DeepFake Voices for AI-Based Voice Analysis and Detection/Dataset/S10F04/Fake/15.wav,1,MEN,MEN-S10F04,TG:87dc8ea01461476e,-10.9296875,1,0.4475,1.791799e-05
mendeley/extracted/Bangla Audio Dataset Original and DeepFake Voices for AI-Based Voice Analysis and Detection/Dataset/S10F04/Fake/16.wav,1,MEN,MEN-S10F04,TG:a161442acecd244f,-3.9609375,1,0.2208333333333333,0.01868931
mendeley/extracted/Bangla Audio Dataset Original and DeepFake Voices for AI-Based Voice Analysis and Detection/Dataset/S10F04/Fake/17.wav,1,MEN,MEN-S10F04,TG:03f064fdfaf1ab36,-10.84375,1,0.3675,1.9525885e-05
mendeley/extracted/Bangla Audio Dataset Original and DeepFake Voices for AI-Based Voice Analysis and Detection/Dataset/S10F04/Fake/18.wav,1,MEN,MEN-S10F04,TG:b94d39ca30d8b003,-12.5234375,1,0.4841666666666666,3.6403117e-06
mendeley/extracted/Bangla Audio Dataset Original and DeepFake Voices for AI-Based Voice Analysis and Detection/Dataset/S10F04/Fake/19.wav,1,MEN,MEN-S10F04,TG:292f77d0836ad383,-8.703125,1,0.4641666666666666,0.00016603847
mendeley/extracted/Bangla Audio Dataset Original and DeepFake Voices for AI-Based Voice Analysis and Detection/Dataset/S10F04/Fake/2.wav,1,MEN,MEN-S10F04,TG:777323a77bbfb0f1,0.51123047,1,0.3858333333333333,0.62509483
mendeley/extracted/Bangla Audio Dataset Original and DeepFake Voices for AI-Based Voice Analysis and Detection/Dataset/S10F04/Fake/20.wav,1,MEN,MEN-S10F04,TG:d7eb7bfa4ea54586,0.85009766,1,0.3658333333333333,0.70058763
mendeley/extracted/Bangla Audio Dataset Original and DeepFake Voices for AI-Based Voice Analysis and Detection/Dataset/S10F04/Fake/21.wav,1,MEN,MEN-S10F04,TG:a76e4f06cf107f94,-7.6484375,1,0.3858333333333333,0.00047656134
mendeley/extracted/Bangla Audio Dataset Original and DeepFake Voices for AI-Based Voice Analysis and Detection/Dataset/S10F04/Fake/22.wav,1,MEN,MEN-S10F04,TG:0eb06cb4db7fa33d,-1.6347656,1,0.5408333333333333,0.16317856
mendeley/extracted/Bangla Audio Dataset Original and DeepFake Voices for AI-Based Voice Analysis and Detection/Dataset/S10F04/Fake/23.wav,1,MEN,MEN-S10F04,TG:411b82bee58b8a11,-12.4921875,1,0.3774999999999999,3.7558677e-06
mendeley/extracted/Bangla Audio Dataset Original and DeepFake Voices for AI-Based Voice Analysis and Detection/Dataset/S10F04/Fake/24.wav,1,MEN,MEN-S10F04,TG:2d6549bed8663a0e,-7.7695312,1,0.3941666666666666,0.00042223287
mendeley/extracted/Bangla Audio Dataset Original and DeepFake Voices for AI-Based Voice Analysis and Detection/Dataset/S10F04/Fake/25.wav,1,MEN,MEN-S10F04,TG:f9f8fdb09d02dc4f,3.6992188,1,0.5608333333333333,0.9758546
mendeley/extracted/Bangla Audio Dataset Original and DeepFake Voices for AI-Based Voice Analysis and Detection/Dataset/S10F04/Fake/26.wav,1,MEN,MEN-S10F04,TG:d21f1014c15ffac8,2.1015625,1,0.4575,0.891055
mendeley/extracted/Bangla Audio Dataset Original and DeepFake Voices for AI-Based Voice Analysis and Detection/Dataset/S10F04/Fake/27.wav,1,MEN,MEN-S10F04,TG:93a66da769492799,-8.953125,1,0.4075,0.00012931564
mendeley/extracted/Bangla Audio Dataset Original and DeepFake Voices for AI-Based Voice Analysis and Detection/Dataset/S10F04/Fake/28.wav,1,MEN,MEN-S10F04,TG:65c7f26c8f16369d,-3.4726562,1,0.2875,0.030100338
mendeley/extracted/Bangla Audio Dataset Original and DeepFake Voices for AI-Based Voice Analysis and Detection/Dataset/S10F04/Fake/29.wav,1,MEN,MEN-S10F04,TG:bcb64741cfa3e7b8,-9.578125,1,0.5141666666666667,6.922184e-05
mendeley/extracted/Bangla Audio Dataset Original and DeepFake Voices for AI-Based Voice Analysis and Detection/Dataset/S10F04/Fake/3.wav,1,MEN,MEN-S10F04,TG:e3d1f199eb45a8bb,-1.2050781,1,0.4475,0.23057307
mendeley/extracted/Bangla Audio Dataset Original and DeepFake Voices for AI-Based Voice Analysis and Detection/Dataset/S10F04/Fake/30.wav,1,MEN,MEN-S10F04,TG:d1cbe39bd9b59ac2,-1.4169922,1,0.4275,0.19513355
mendeley/extracted/Bangla Audio Dataset Original and DeepFake Voices for AI-Based Voice Analysis and Detection/Dataset/S10F04/Fake/4.wav,1,MEN,MEN-S10F04,TG:4cfc5f39575a38c2,0.46435547,1,0.5241666666666667,0.61404693
mendeley/extracted/Bangla Audio Dataset Original and DeepFake Voices for AI-Based Voice Analysis and Detection/Dataset/S10F04/Fake/5.wav,1,MEN,MEN-S10F04,TG:1599e574af42cfa4,-4.9765625,1,0.4175,0.00685048
mendeley/extracted/Bangla Audio Dataset Original and DeepFake Voices for AI-Based Voice Analysis and Detection/Dataset/S10F04/Fake/6.wav,1,MEN,MEN-S10F04,TG:ab19869b4d329944,-1.8164062,1,0.4525,0.13986567
mendeley/extracted/Bangla Audio Dataset Original and DeepFake Voices for AI-Based Voice Analysis and Detection/Dataset/S10F04/Fake/7.wav,1,MEN,MEN-S10F04,TG:ded1f5c9728375f6,-10.03125,1,0.5875,4.4001183e-05
mendeley/extracted/Bangla Audio Dataset Original and DeepFake Voices for AI-Based Voice Analysis and Detection/Dataset/S10F04/Fake/8.wav,1,MEN,MEN-S10F04,TG:caa70121004273c9,-0.21386719,1,0.5541666666666667,0.44673607
mendeley/extracted/Bangla Audio Dataset Original and DeepFake Voices for AI-Based Voice Analysis and Detection/Dataset/S10F04/Fake/9.wav,1,MEN,MEN-S10F04,TG:e45efc4bac420645,-8.8359375,1,0.3874999999999999,0.00014539114
mendeley/extracted/Bangla Audio Dataset Original and DeepFake Voices for AI-Based Voice Analysis and Detection/Dataset/S10F04/Real/1.wav,0,MEN,MEN-S10F04,TG:d3ce29150919b0bf,6.5039062,1,0.3708333333333333,0.99850464
mendeley/extracted/Bangla Audio Dataset Original and DeepFake Voices for AI-Based Voice Analysis and Detection/Dataset/S10F04/Real/10.wav,0,MEN,MEN-S10F04,TG:2053513ab857e64b,-10.3515625,1,0.4375,3.1941818e-05
mendeley/extracted/Bangla Audio Dataset Original and DeepFake Voices for AI-Based Voice Analysis and Detection/Dataset/S10F04/Real/11.wav,0,MEN,MEN-S10F04,TG:2557d7be6d06171f,4.3515625,1,0.3691666666666666,0.9872773
mendeley/extracted/Bangla Audio Dataset Original and DeepFake Voices for AI-Based Voice Analysis and Detection/Dataset/S10F04/Real/12.wav,0,MEN,MEN-S10F04,TG:1ad78c16e9f1fa18,-1.4052734,1,0.4708333333333333,0.19698064
mendeley/extracted/Bangla Audio Dataset Original and DeepFake Voices for AI-Based Voice Analysis and Detection/Dataset/S10F04/Real/13.wav,0,MEN,MEN-S10F04,TG:8755d96808d69cf8,1.9404297,1,0.5191666666666667,0.87439936
mendeley/extracted/Bangla Audio Dataset Original and DeepFake Voices for AI-Based Voice Analysis and Detection/Dataset/S10F04/Real/14.wav,0,MEN,MEN-S10F04,TG:a752f9ff5f43a780,-9.140625,1,0.5708333333333333,0.0001072088
mendeley/extracted/Bangla Audio Dataset Original and DeepFake Voices for AI-Based Voice Analysis and Detection/Dataset/S10F04/Real/15.wav,0,MEN,MEN-S10F04,TG:87dc8ea01461476e,0.95996094,1,0.5191666666666667,0.72311395
mendeley/extracted/Bangla Audio Dataset Original and DeepFake Voices for AI-Based Voice Analysis and Detection/Dataset/S10F04/Real/16.wav,0,MEN,MEN-S10F04,TG:a161442acecd244f,5.1914062,1,0.4375,0.9944666
mendeley/extracted/Bangla Audio Dataset Original and DeepFake Voices for AI-Based Voice Analysis and Detection/Dataset/S10F04/Real/17.wav,0,MEN,MEN-S10F04,TG:03f064fdfaf1ab36,0.4543457,1,0.5525,0.6116719
mendeley/extracted/Bangla Audio Dataset Original and DeepFake Voices for AI-Based Voice Analysis and Detection/Dataset/S10F04/Real/18.wav,0,MEN,MEN-S10F04,TG:b94d39ca30d8b003,-3.8613281,1,0.5025,0.020606477
mendeley/extracted/Bangla Audio Dataset Original and DeepFake Voices for AI-Based Voice Analysis and Detection/Dataset/S10F04/Real/19.wav,0,MEN,MEN-S10F04,TG:292f77d0836ad383,2.0292969,1,0.4875,0.8838389
mendeley/extracted/Bangla Audio Dataset Original and DeepFake Voices for AI-Based Voice Analysis and Detection/Dataset/S10F04/Real/2.wav,0,MEN,MEN-S10F04,TG:777323a77bbfb0f1,4.7148438,1,0.3375,0.99111825
mendeley/extracted/Bangla Audio Dataset Original and DeepFake Voices for AI-Based Voice Analysis and Detection/Dataset/S10F04/Real/20.wav,0,MEN,MEN-S10F04,TG:d7eb7bfa4ea54586,-2.0390625,1,0.5041666666666667,0.11516222
mendeley/extracted/Bangla Audio Dataset Original and DeepFake Voices for AI-Based Voice Analysis and Detection/Dataset/S10F04/Real/21.wav,0,MEN,MEN-S10F04,TG:a76e4f06cf107f94,-6.4648438,1,0.5708333333333333,0.0015548132
mendeley/extracted/Bangla Audio Dataset Original and DeepFake Voices for AI-Based Voice Analysis and Detection/Dataset/S10F04/Real/22.wav,0,MEN,MEN-S10F04,TG:0eb06cb4db7fa33d,-7.6953125,1,0.6041666666666667,0.00045474793
mendeley/extracted/Bangla Audio Dataset Original and DeepFake Voices for AI-Based Voice Analysis and Detection/Dataset/S10F04/Real/23.wav,0,MEN,MEN-S10F04,TG:411b82bee58b8a11,-4.0390625,1,0.5191666666666667,0.017309096
mendeley/extracted/Bangla Audio Dataset Original and DeepFake Voices for AI-Based Voice Analysis and Detection/Dataset/S10F04/Real/24.wav,0,MEN,MEN-S10F04,TG:2d6549bed8663a0e,4.0898438,1,0.5025,0.9835338
mendeley/extracted/Bangla Audio Dataset Original and DeepFake Voices for AI-Based Voice Analysis and Detection/Dataset/S10F04/Real/25.wav,0,MEN,MEN-S10F04,TG:f9f8fdb09d02dc4f,-8.7890625,1,0.6375,0.00015236755
mendeley/extracted/Bangla Audio Dataset Original and DeepFake Voices for AI-Based Voice Analysis and Detection/Dataset/S10F04/Real/26.wav,0,MEN,MEN-S10F04,TG:d21f1014c15ffac8,1.6044922,1,0.5208333333333333,0.8326453
mendeley/extracted/Bangla Audio Dataset Original and DeepFake Voices for AI-Based Voice Analysis and Detection/Dataset/S10F04/Real/27.wav,0,MEN,MEN-S10F04,TG:93a66da769492799,-2.9941406,1,0.5708333333333333,0.047691282
mendeley/extracted/Bangla Audio Dataset Original and DeepFake Voices for AI-Based Voice Analysis and Detection/Dataset/S10F04/Real/28.wav,0,MEN,MEN-S10F04,TG:65c7f26c8f16369d,5.5625,1,0.4191666666666667,0.9961755
mendeley/extracted/Bangla Audio Dataset Original and DeepFake Voices for AI-Based Voice Analysis and Detection/Dataset/S10F04/Real/29.wav,0,MEN,MEN-S10F04,TG:bcb64741cfa3e7b8,-7.140625,1,0.5708333333333333,0.0007916296
mendeley/extracted/Bangla Audio Dataset Original and DeepFake Voices for AI-Based Voice Analysis and Detection/Dataset/S10F04/Real/3.wav,0,MEN,MEN-S10F04,TG:e3d1f199eb45a8bb,5.5546875,1,0.5708333333333333,0.9961456
mendeley/extracted/Bangla Audio Dataset Original and DeepFake Voices for AI-Based Voice Analysis and Detection/Dataset/S10F04/Real/30.wav,0,MEN,MEN-S10F04,TG:d1cbe39bd9b59ac2,-4.3476562,1,0.5041666666666667,0.012771868
mendeley/extracted/Bangla Audio Dataset Original and DeepFake Voices for AI-Based Voice Analysis and Detection/Dataset/S10F04/Real/4.wav,0,MEN,MEN-S10F04,TG:4cfc5f39575a38c2,6.8398438,1,0.3691666666666666,0.9989309
mendeley/extracted/Bangla Audio Dataset Original and DeepFake Voices for AI-Based Voice Analysis and Detection/Dataset/S10F04/Real/5.wav,0,MEN,MEN-S10F04,TG:1599e574af42cfa4,6.1992188,1,0.4024999999999999,0.99797314
mendeley/extracted/Bangla Audio Dataset Original and DeepFake Voices for AI-Based Voice Analysis and Detection/Dataset/S10F04/Real/6.wav,0,MEN,MEN-S10F04,TG:ab19869b4d329944,2.9980469,1,0.4358333333333333,0.9524858
mendeley/extracted/Bangla Audio Dataset Original and DeepFake Voices for AI-Based Voice Analysis and Detection/Dataset/S10F04/Real/7.wav,0,MEN,MEN-S10F04,TG:ded1f5c9728375f6,5.6328125,1,0.5875,0.9964342
mendeley/extracted/Bangla Audio Dataset Original and DeepFake Voices for AI-Based Voice Analysis and Detection/Dataset/S10F04/Real/8.wav,0,MEN,MEN-S10F04,TG:caa70121004273c9,4.28125,1,0.5525,0.9863631
mendeley/extracted/Bangla Audio Dataset Original and DeepFake Voices for AI-Based Voice Analysis and Detection/Dataset/S10F04/Real/9.wav,0,MEN,MEN-S10F04,TG:e45efc4bac420645,4.796875,1,0.5541666666666667,0.9918121
mendeley/extracted/Bangla Audio Dataset Original and DeepFake Voices for AI-Based Voice Analysis and Detection/Dataset/S10F05/Fake/1.wav,1,MEN,MEN-S10F05,TG:d3ce29150919b0bf,-7.5351562,1,0.1975,0.00053369283
mendeley/extracted/Bangla Audio Dataset Original and DeepFake Voices for AI-Based Voice Analysis and Detection/Dataset/S10F05/Fake/10.wav,1,MEN,MEN-S10F05,TG:2053513ab857e64b,-1.3496094,1,0.3608333333333333,0.20593424
mendeley/extracted/Bangla Audio Dataset Original and DeepFake Voices for AI-Based Voice Analysis and Detection/Dataset/S10F05/Fake/11.wav,1,MEN,MEN-S10F05,TG:2557d7be6d06171f,-9.34375,1,0.4108333333333334,8.7502995e-05
mendeley/extracted/Bangla Audio Dataset Original and DeepFake Voices for AI-Based Voice Analysis and Detection/Dataset/S10F05/Fake/12.wav,1,MEN,MEN-S10F05,TG:1ad78c16e9f1fa18,-8.1484375,1,0.4241666666666667,0.00028910325
mendeley/extracted/Bangla Audio Dataset Original and DeepFake Voices for AI-Based Voice Analysis and Detection/Dataset/S10F05/Fake/13.wav,1,MEN,MEN-S10F05,TG:8755d96808d69cf8,-7.421875,1,0.3708333333333333,0.00059766934
mendeley/extracted/Bangla Audio Dataset Original and DeepFake Voices for AI-Based Voice Analysis and Detection/Dataset/S10F05/Fake/14.wav,1,MEN,MEN-S10F05,TG:a752f9ff5f43a780,-1.1269531,1,0.4208333333333333,0.24472383
mendeley/extracted/Bangla Audio Dataset Original and DeepFake Voices for AI-Based Voice Analysis and Detection/Dataset/S10F05/Fake/15.wav,1,MEN,MEN-S10F05,TG:87dc8ea01461476e,-10.34375,1,0.4758333333333333,3.2192336e-05
mendeley/extracted/Bangla Audio Dataset Original and DeepFake Voices for AI-Based Voice Analysis and Detection/Dataset/S10F05/Fake/16.wav,1,MEN,MEN-S10F05,TG:a161442acecd244f,-3.59375,1,0.2608333333333333,0.02675928
mendeley/extracted/Bangla Audio Dataset Original and DeepFake Voices for AI-Based Voice Analysis and Detection/Dataset/S10F05/Fake/17.wav,1,MEN,MEN-S10F05,TG:03f064fdfaf1ab36,-11.8125,1,0.3208333333333333,7.4112795e-06
mendeley/extracted/Bangla Audio Dataset Original and DeepFake Voices for AI-Based Voice Analysis and Detection/Dataset/S10F05/Fake/18.wav,1,MEN,MEN-S10F05,TG:b94d39ca30d8b003,-8.4375,1,0.4425,0.00021654405
mendeley/extracted/Bangla Audio Dataset Original and DeepFake Voices for AI-Based Voice Analysis and Detection/Dataset/S10F05/Fake/19.wav,1,MEN,MEN-S10F05,TG:292f77d0836ad383,-4.7578125,1,0.4075,0.008511303
mendeley/extracted/Bangla Audio Dataset Original and DeepFake Voices for AI-Based Voice Analysis and Detection/Dataset/S10F05/Fake/2.wav,1,MEN,MEN-S10F05,TG:777323a77bbfb0f1,-3.2070312,1,0.4141666666666667,0.038901977
mendeley/extracted/Bangla Audio Dataset Original and DeepFake Voices for AI-Based Voice Analysis and Detection/Dataset/S10F05/Fake/20.wav,1,MEN,MEN-S10F05,TG:d7eb7bfa4ea54586,-4.7734375,1,0.3874999999999999,0.008380454
mendeley/extracted/Bangla Audio Dataset Original and DeepFake Voices for AI-Based Voice Analysis and Detection/Dataset/S10F05/Fake/21.wav,1,MEN,MEN-S10F05,TG:a76e4f06cf107f94,-11.0,1,0.4241666666666667,1.6701422e-05
mendeley/extracted/Bangla Audio Dataset Original and DeepFake Voices for AI-Based Voice Analysis and Detection/Dataset/S10F05/Fake/22.wav,1,MEN,MEN-S10F05,TG:0eb06cb4db7fa33d,-7.2148438,1,0.4808333333333333,0.00073504477
mendeley/extracted/Bangla Audio Dataset Original and DeepFake Voices for AI-Based Voice Analysis and Detection/Dataset/S10F05/Fake/23.wav,1,MEN,MEN-S10F05,TG:411b82bee58b8a11,-7.7148438,1,0.3874999999999999,0.00044595622
mendeley/extracted/Bangla Audio Dataset Original and DeepFake Voices for AI-Based Voice Analysis and Detection/Dataset/S10F05/Fake/24.wav,1,MEN,MEN-S10F05,TG:2d6549bed8663a0e,-5.1679688,1,0.4108333333333334,0.0056638657
mendeley/extracted/Bangla Audio Dataset Original and DeepFake Voices for AI-Based Voice Analysis and Detection/Dataset/S10F05/Fake/25.wav,1,MEN,MEN-S10F05,TG:f9f8fdb09d02dc4f,-10.328125,1,0.5525,3.2699274e-05
mendeley/extracted/Bangla Audio Dataset Original and DeepFake Voices for AI-Based Voice Analysis and Detection/Dataset/S10F05/Fake/26.wav,1,MEN,MEN-S10F05,TG:d21f1014c15ffac8,-2.4941406,1,0.4458333333333333,0.07626998
mendeley/extracted/Bangla Audio Dataset Original and DeepFake Voices for AI-Based Voice Analysis and Detection/Dataset/S10F05/Fake/27.wav,1,MEN,MEN-S10F05,TG:93a66da769492799,-8.6796875,1,0.3641666666666666,0.00016997529
mendeley/extracted/Bangla Audio Dataset Original and DeepFake Voices for AI-Based Voice Analysis and Detection/Dataset/S10F05/Fake/28.wav,1,MEN,MEN-S10F05,TG:65c7f26c8f16369d,-1.1083984,1,0.2358333333333333,0.2481696
mendeley/extracted/Bangla Audio Dataset Original and DeepFake Voices for AI-Based Voice Analysis and Detection/Dataset/S10F05/Fake/29.wav,1,MEN,MEN-S10F05,TG:bcb64741cfa3e7b8,-8.546875,1,0.5191666666666667,0.00019411318
mendeley/extracted/Bangla Audio Dataset Original and DeepFake Voices for AI-Based Voice Analysis and Detection/Dataset/S10F05/Fake/3.wav,1,MEN,MEN-S10F05,TG:e3d1f199eb45a8bb,-2.2402344,1,0.4208333333333333,0.09619517
mendeley/extracted/Bangla Audio Dataset Original and DeepFake Voices for AI-Based Voice Analysis and Detection/Dataset/S10F05/Fake/30.wav,1,MEN,MEN-S10F05,TG:d1cbe39bd9b59ac2,-4.4296875,1,0.3675,0.011777843
mendeley/extracted/Bangla Audio Dataset Original and DeepFake Voices for AI-Based Voice Analysis and Detection/Dataset/S10F05/Fake/4.wav,1,MEN,MEN-S10F05,TG:4cfc5f39575a38c2,4.0117188,1,0.5191666666666667,0.9822196
mendeley/extracted/Bangla Audio Dataset Original and DeepFake Voices for AI-Based Voice Analysis and Detection/Dataset/S10F05/Fake/5.wav,1,MEN,MEN-S10F05,TG:1599e574af42cfa4,-2.7363281,1,0.4891666666666666,0.060863446
mendeley/extracted/Bangla Audio Dataset Original and DeepFake Voices for AI-Based Voice Analysis and Detection/Dataset/S10F05/Fake/6.wav,1,MEN,MEN-S10F05,TG:ab19869b4d329944,-5.2734375,1,0.4008333333333334,0.0050998186
mendeley/extracted/Bangla Audio Dataset Original and DeepFake Voices for AI-Based Voice Analysis and Detection/Dataset/S10F05/Fake/7.wav,1,MEN,MEN-S10F05,TG:ded1f5c9728375f6,-4.9335938,1,0.5808333333333333,0.007149102
mendeley/extracted/Bangla Audio Dataset Original and DeepFake Voices for AI-Based Voice Analysis and Detection/Dataset/S10F05/Fake/8.wav,1,MEN,MEN-S10F05,TG:caa70121004273c9,-2.8339844,1,0.5691666666666666,0.055515114
mendeley/extracted/Bangla Audio Dataset Original and DeepFake Voices for AI-Based Voice Analysis and Detection/Dataset/S10F05/Fake/9.wav,1,MEN,MEN-S10F05,TG:e45efc4bac420645,-9.7265625,1,0.4008333333333334,5.9673526e-05
mendeley/extracted/Bangla Audio Dataset Original and DeepFake Voices for AI-Based Voice Analysis and Detection/Dataset/S10F05/Real/1.wav,0,MEN,MEN-S10F05,TG:d3ce29150919b0bf,7.3125,1,0.3008333333333333,0.9993333
mendeley/extracted/Bangla Audio Dataset Original and DeepFake Voices for AI-Based Voice Analysis and Detection/Dataset/S10F05/Real/10.wav,0,MEN,MEN-S10F05,TG:2053513ab857e64b,-1.2138672,1,0.3675,0.22901753
mendeley/extracted/Bangla Audio Dataset Original and DeepFake Voices for AI-Based Voice Analysis and Detection/Dataset/S10F05/Real/11.wav,0,MEN,MEN-S10F05,TG:2557d7be6d06171f,-6.0,1,0.3841666666666666,0.0024726233
mendeley/extracted/Bangla Audio Dataset Original and DeepFake Voices for AI-Based Voice Analysis and Detection/Dataset/S10F05/Real/12.wav,0,MEN,MEN-S10F05,TG:1ad78c16e9f1fa18,-4.2773438,1,0.4508333333333333,0.013689476
mendeley/extracted/Bangla Audio Dataset Original and DeepFake Voices for AI-Based Voice Analysis and Detection/Dataset/S10F05/Real/13.wav,0,MEN,MEN-S10F05,TG:8755d96808d69cf8,-1.3955078,1,0.4841666666666666,0.1985299
mendeley/extracted/Bangla Audio Dataset Original and DeepFake Voices for AI-Based Voice Analysis and Detection/Dataset/S10F05/Real/14.wav,0,MEN,MEN-S10F05,TG:a752f9ff5f43a780,-0.36132812,1,0.4508333333333333,0.41063815
mendeley/extracted/Bangla Audio Dataset Original and DeepFake Voices for AI-Based Voice Analysis and Detection/Dataset/S10F05/Real/15.wav,0,MEN,MEN-S10F05,TG:87dc8ea01461476e,-6.8554688,1,0.4508333333333333,0.0010525687
mendeley/extracted/Bangla Audio Dataset Original and DeepFake Voices for AI-Based Voice Analysis and Detection/Dataset/S10F05/Real/16.wav,0,MEN,MEN-S10F05,TG:a161442acecd244f,-4.7460938,1,0.3508333333333333,0.008610767
mendeley/extracted/Bangla Audio Dataset Original and DeepFake Voices for AI-Based Voice Analysis and Detection/Dataset/S10F05/Real/17.wav,0,MEN,MEN-S10F05,TG:03f064fdfaf1ab36,-4.875,1,0.4675,0.0075772405
mendeley/extracted/Bangla Audio Dataset Original and DeepFake Voices for AI-Based Voice Analysis and Detection/Dataset/S10F05/Real/18.wav,0,MEN,MEN-S10F05,TG:b94d39ca30d8b003,-5.5039062,1,0.4341666666666667,0.004054334
mendeley/extracted/Bangla Audio Dataset Original and DeepFake Voices for AI-Based Voice Analysis and Detection/Dataset/S10F05/Real/19.wav,0,MEN,MEN-S10F05,TG:292f77d0836ad383,-5.9921875,1,0.3675,0.002491968
mendeley/extracted/Bangla Audio Dataset Original and DeepFake Voices for AI-Based Voice Analysis and Detection/Dataset/S10F05/Real/2.wav,0,MEN,MEN-S10F05,TG:777323a77bbfb0f1,-4.1953125,1,0.3175,0.014842418
mendeley/extracted/Bangla Audio Dataset Original and DeepFake Voices for AI-Based Voice Analysis and Detection/Dataset/S10F05/Real/20.wav,0,MEN,MEN-S10F05,TG:d7eb7bfa4ea54586,-4.4257812,1,0.3841666666666666,0.011823394
mendeley/extracted/Bangla Audio Dataset Original and DeepFake Voices for AI-Based Voice Analysis and Detection/Dataset/S10F05/Real/21.wav,0,MEN,MEN-S10F05,TG:a76e4f06cf107f94,-2.1210938,1,0.4341666666666667,0.10706346
mendeley/extracted/Bangla Audio Dataset Original and DeepFake Voices for AI-Based Voice Analysis and Detection/Dataset/S10F05/Real/22.wav,0,MEN,MEN-S10F05,TG:0eb06cb4db7fa33d,-7.6445312,1,0.4508333333333333,0.00047842565
mendeley/extracted/Bangla Audio Dataset Original and DeepFake Voices for AI-Based Voice Analysis and Detection/Dataset/S10F05/Real/23.wav,0,MEN,MEN-S10F05,TG:411b82bee58b8a11,-8.578125,1,0.3841666666666666,0.00018814209
mendeley/extracted/Bangla Audio Dataset Original and DeepFake Voices for AI-Based Voice Analysis and Detection/Dataset/S10F05/Real/24.wav,0,MEN,MEN-S10F05,TG:2d6549bed8663a0e,-1.078125,1,0.3841666666666666,0.253861
mendeley/extracted/Bangla Audio Dataset Original and DeepFake Voices for AI-Based Voice Analysis and Detection/Dataset/S10F05/Real/25.wav,0,MEN,MEN-S10F05,TG:f9f8fdb09d02dc4f,-4.734375,1,0.5008333333333334,0.008711385
mendeley/extracted/Bangla Audio Dataset Original and DeepFake Voices for AI-Based Voice Analysis and Detection/Dataset/S10F05/Real/26.wav,0,MEN,MEN-S10F05,TG:d21f1014c15ffac8,0.20092773,1,0.4341666666666667,0.5500636
mendeley/extracted/Bangla Audio Dataset Original and DeepFake Voices for AI-Based Voice Analysis and Detection/Dataset/S10F05/Real/27.wav,0,MEN,MEN-S10F05,TG:93a66da769492799,-9.6953125,1,0.4508333333333333,6.156764e-05
mendeley/extracted/Bangla Audio Dataset Original and DeepFake Voices for AI-Based Voice Analysis and Detection/Dataset/S10F05/Real/28.wav,0,MEN,MEN-S10F05,TG:65c7f26c8f16369d,-5.2734375,1,0.3341666666666666,0.0050998186
mendeley/extracted/Bangla Audio Dataset Original and DeepFake Voices for AI-Based Voice Analysis and Detection/Dataset/S10F05/Real/29.wav,0,MEN,MEN-S10F05,TG:bcb64741cfa3e7b8,-6.3203125,1,0.4675,0.0017961492
mendeley/extracted/Bangla Audio Dataset Original and DeepFake Voices for AI-Based Voice Analysis and Detection/Dataset/S10F05/Real/3.wav,0,MEN,MEN-S10F05,TG:e3d1f199eb45a8bb,1.0380859,1,0.4008333333333334,0.73848057
mendeley/extracted/Bangla Audio Dataset Original and DeepFake Voices for AI-Based Voice Analysis and Detection/Dataset/S10F05/Real/30.wav,0,MEN,MEN-S10F05,TG:d1cbe39bd9b59ac2,-2.5664062,1,0.4175,0.071332
mendeley/extracted/Bangla Audio Dataset Original and DeepFake Voices for AI-Based Voice Analysis and Detection/Dataset/S10F05/Real/4.wav,0,MEN,MEN-S10F05,TG:4cfc5f39575a38c2,-4.3515625,1,0.5008333333333334,0.012722708
mendeley/extracted/Bangla Audio Dataset Original and DeepFake Voices for AI-Based Voice Analysis and Detection/Dataset/S10F05/Real/5.wav,0,MEN,MEN-S10F05,TG:1599e574af42cfa4,-0.44067383,1,0.4841666666666666,0.3915804
mendeley/extracted/Bangla Audio Dataset Original and DeepFake Voices for AI-Based Voice Analysis and Detection/Dataset/S10F05/Real/6.wav,0,MEN,MEN-S10F05,TG:ab19869b4d329944,-4.3046875,1,0.4341666666666667,0.013325147
mendeley/extracted/Bangla Audio Dataset Original and DeepFake Voices for AI-Based Voice Analysis and Detection/Dataset/S10F05/Real/7.wav,0,MEN,MEN-S10F05,TG:ded1f5c9728375f6,-1.0458984,1,0.4675,0.26001352
mendeley/extracted/Bangla Audio Dataset Original and DeepFake Voices for AI-Based Voice Analysis and Detection/Dataset/S10F05/Real/8.wav,0,MEN,MEN-S10F05,TG:caa70121004273c9,-5.5390625,1,0.4675,0.0039148238
mendeley/extracted/Bangla Audio Dataset Original and DeepFake Voices for AI-Based Voice Analysis and Detection/Dataset/S10F05/Real/9.wav,0,MEN,MEN-S10F05,TG:e45efc4bac420645,-7.3632812,1,0.4341666666666667,0.0006337125
mendeley/extracted/Bangla Audio Dataset Original and DeepFake Voices for AI-Based Voice Analysis and Detection/Dataset/S10M01/Fake/1.wav,1,MEN,MEN-S10M01,TG:d3ce29150919b0bf,-10.7890625,1,0.2358333333333333,2.0623424e-05
mendeley/extracted/Bangla Audio Dataset Original and DeepFake Voices for AI-Based Voice Analysis and Detection/Dataset/S10M01/Fake/10.wav,1,MEN,MEN-S10M01,TG:2053513ab857e64b,-12.9765625,1,0.2841666666666667,2.3139264e-06
mendeley/extracted/Bangla Audio Dataset Original and DeepFake Voices for AI-Based Voice Analysis and Detection/Dataset/S10M01/Fake/11.wav,1,MEN,MEN-S10M01,TG:2557d7be6d06171f,-10.6171875,1,0.2674999999999999,2.4490826e-05
mendeley/extracted/Bangla Audio Dataset Original and DeepFake Voices for AI-Based Voice Analysis and Detection/Dataset/S10M01/Fake/12.wav,1,MEN,MEN-S10M01,TG:1ad78c16e9f1fa18,-9.7734375,1,0.4558333333333333,5.694103e-05
mendeley/extracted/Bangla Audio Dataset Original and DeepFake Voices for AI-Based Voice Analysis and Detection/Dataset/S10M01/Fake/13.wav,1,MEN,MEN-S10M01,TG:8755d96808d69cf8,-12.5390625,1,0.5008333333333334,3.5838746e-06
mendeley/extracted/Bangla Audio Dataset Original and DeepFake Voices for AI-Based Voice Analysis and Detection/Dataset/S10M01/Fake/14.wav,1,MEN,MEN-S10M01,TG:a752f9ff5f43a780,-9.125,1,0.4608333333333333,0.00010889691
mendeley/extracted/Bangla Audio Dataset Original and DeepFake Voices for AI-Based Voice Analysis and Detection/Dataset/S10M01/Fake/15.wav,1,MEN,MEN-S10M01,TG:87dc8ea01461476e,-10.1640625,1,0.3575,3.8528935e-05
mendeley/extracted/Bangla Audio Dataset Original and DeepFake Voices for AI-Based Voice Analysis and Detection/Dataset/S10M01/Fake/16.wav,1,MEN,MEN-S10M01,TG:a161442acecd244f,-9.671875,1,0.1308333333333333,6.302758e-05
mendeley/extracted/Bangla Audio Dataset Original and DeepFake Voices for AI-Based Voice Analysis and Detection/Dataset/S10M01/Fake/17.wav,1,MEN,MEN-S10M01,TG:03f064fdfaf1ab36,-9.296875,1,0.4141666666666667,9.1701964e-05
mendeley/extracted/Bangla Audio Dataset Original and DeepFake Voices for AI-Based Voice Analysis and Detection/Dataset/S10M01/Fake/18.wav,1,MEN,MEN-S10M01,TG:b94d39ca30d8b003,-11.6796875,1,0.4975,8.463938e-06
mendeley/extracted/Bangla Audio Dataset Original and DeepFake Voices for AI-Based Voice Analysis and Detection/Dataset/S10M01/Fake/19.wav,1,MEN,MEN-S10M01,TG:292f77d0836ad383,-12.1953125,1,0.4241666666666667,5.0540657e-06
mendeley/extracted/Bangla Audio Dataset Original and DeepFake Voices for AI-Based Voice Analysis and Detection/Dataset/S10M01/Fake/2.wav,1,MEN,MEN-S10M01,TG:777323a77bbfb0f1,-9.5625,1,0.0775,7.031184e-05
mendeley/extracted/Bangla Audio Dataset Original and DeepFake Voices for AI-Based Voice Analysis and Detection/Dataset/S10M01/Fake/20.wav,1,MEN,MEN-S10M01,TG:d7eb7bfa4ea54586,-9.0859375,1,0.2541666666666666,0.000113234375
mendeley/extracted/Bangla Audio Dataset Original and DeepFake Voices for AI-Based Voice Analysis and Detection/Dataset/S10M01/Fake/21.wav,1,MEN,MEN-S10M01,TG:a76e4f06cf107f94,-8.75,1,0.4625,0.00015843622
mendeley/extracted/Bangla Audio Dataset Original and DeepFake Voices for AI-Based Voice Analysis and Detection/Dataset/S10M01/Fake/22.wav,1,MEN,MEN-S10M01,TG:0eb06cb4db7fa33d,-14.1171875,1,0.4091666666666667,7.395765e-07
mendeley/extracted/Bangla Audio Dataset Original and DeepFake Voices for AI-Based Voice Analysis and Detection/Dataset/S10M01/Fake/23.wav,1,MEN,MEN-S10M01,TG:411b82bee58b8a11,-11.7265625,1,0.4225,8.076349e-06
mendeley/extracted/Bangla Audio Dataset Original and DeepFake Voices for AI-Based Voice Analysis and Detection/Dataset/S10M01/Fake/24.wav,1,MEN,MEN-S10M01,TG:2d6549bed8663a0e,-7.4023438,1,0.4241666666666667,0.0006094501
mendeley/extracted/Bangla Audio Dataset Original and DeepFake Voices for AI-Based Voice Analysis and Detection/Dataset/S10M01/Fake/25.wav,1,MEN,MEN-S10M01,TG:f9f8fdb09d02dc4f,-9.0625,1,0.5558333333333334,0.000115919334
mendeley/extracted/Bangla Audio Dataset Original and DeepFake Voices for AI-Based Voice Analysis and Detection/Dataset/S10M01/Fake/26.wav,1,MEN,MEN-S10M01,TG:d21f1014c15ffac8,-9.75,1,0.3491666666666666,5.8291265e-05
mendeley/extracted/Bangla Audio Dataset Original and DeepFake Voices for AI-Based Voice Analysis and Detection/Dataset/S10M01/Fake/27.wav,1,MEN,MEN-S10M01,TG:93a66da769492799,-10.0,1,0.4075,4.539787e-05
mendeley/extracted/Bangla Audio Dataset Original and DeepFake Voices for AI-Based Voice Analysis and Detection/Dataset/S10M01/Fake/28.wav,1,MEN,MEN-S10M01,TG:65c7f26c8f16369d,-10.4453125,1,0.1374999999999999,2.908344e-05
mendeley/extracted/Bangla Audio Dataset Original and DeepFake Voices for AI-Based Voice Analysis and Detection/Dataset/S10M01/Fake/29.wav,1,MEN,MEN-S10M01,TG:bcb64741cfa3e7b8,-11.703125,1,0.4041666666666667,8.267873e-06
mendeley/extracted/Bangla Audio Dataset Original and DeepFake Voices for AI-Based Voice Analysis and Detection/Dataset/S10M01/Fake/3.wav,1,MEN,MEN-S10M01,TG:e3d1f199eb45a8bb,-11.0390625,1,0.4441666666666667,1.6061611e-05
mendeley/extracted/Bangla Audio Dataset Original and DeepFake Voices for AI-Based Voice Analysis and Detection/Dataset/S10M01/Fake/30.wav,1,MEN,MEN-S10M01,TG:d1cbe39bd9b59ac2,-11.265625,1,0.3941666666666666,1.2805474e-05
mendeley/extracted/Bangla Audio Dataset Original and DeepFake Voices for AI-Based Voice Analysis and Detection/Dataset/S10M01/Fake/4.wav,1,MEN,MEN-S10M01,TG:4cfc5f39575a38c2,-8.4609375,1,0.4775,0.00021152887
mendeley/extracted/Bangla Audio Dataset Original and DeepFake Voices for AI-Based Voice Analysis and Detection/Dataset/S10M01/Fake/5.wav,1,MEN,MEN-S10M01,TG:1599e574af42cfa4,-11.6796875,1,0.4758333333333333,8.463938e-06
mendeley/extracted/Bangla Audio Dataset Original and DeepFake Voices for AI-Based Voice Analysis and Detection/Dataset/S10M01/Fake/6.wav,1,MEN,MEN-S10M01,TG:ab19869b4d329944,-8.8359375,1,0.2574999999999999,0.00014539114
mendeley/extracted/Bangla Audio Dataset Original and DeepFake Voices for AI-Based Voice Analysis and Detection/Dataset/S10M01/Fake/7.wav,1,MEN,MEN-S10M01,TG:ded1f5c9728375f6,-8.6484375,1,0.6141666666666667,0.00017536993
mendeley/extracted/Bangla Audio Dataset Original and DeepFake Voices for AI-Based Voice Analysis and Detection/Dataset/S10M01/Fake/8.wav,1,MEN,MEN-S10M01,TG:caa70121004273c9,-8.984375,1,0.5641666666666667,0.00012533751
mendeley/extracted/Bangla Audio Dataset Original and DeepFake Voices for AI-Based Voice Analysis and Detection/Dataset/S10M01/Fake/9.wav,1,MEN,MEN-S10M01,TG:e45efc4bac420645,-11.6015625,1,0.4275,9.151693e-06
mendeley/extracted/Bangla Audio Dataset Original and DeepFake Voices for AI-Based Voice Analysis and Detection/Dataset/S10M01/Real/1.wav,0,MEN,MEN-S10M01,TG:d3ce29150919b0bf,-11.2734375,1,0.3491666666666666,1.2705822e-05
mendeley/extracted/Bangla Audio Dataset Original and DeepFake Voices for AI-Based Voice Analysis and Detection/Dataset/S10M01/Real/10.wav,0,MEN,MEN-S10M01,TG:2053513ab857e64b,-9.6484375,1,0.3325,6.452215e-05
mendeley/extracted/Bangla Audio Dataset Original and DeepFake Voices for AI-Based Voice Analysis and Detection/Dataset/S10M01/Real/11.wav,0,MEN,MEN-S10M01,TG:2557d7be6d06171f,-13.46875,1,0.3375,1.414476e-06
mendeley/extracted/Bangla Audio Dataset Original and DeepFake Voices for AI-Based Voice Analysis and Detection/Dataset/S10M01/Real/12.wav,0,MEN,MEN-S10M01,TG:1ad78c16e9f1fa18,-15.15625,1,0.4958333333333333,2.6165205e-07
mendeley/extracted/Bangla Audio Dataset Original and DeepFake Voices for AI-Based Voice Analysis and Detection/Dataset/S10M01/Real/13.wav,0,MEN,MEN-S10M01,TG:8755d96808d69cf8,-16.484375,1,0.5541666666666667,6.93309e-08
mendeley/extracted/Bangla Audio Dataset Original and DeepFake Voices for AI-Based Voice Analysis and Detection/Dataset/S10M01/Real/14.wav,0,MEN,MEN-S10M01,TG:a752f9ff5f43a780,-12.296875,1,0.5625,4.56597e-06
mendeley/extracted/Bangla Audio Dataset Original and DeepFake Voices for AI-Based Voice Analysis and Detection/Dataset/S10M01/Real/15.wav,0,MEN,MEN-S10M01,TG:87dc8ea01461476e,-12.1640625,1,0.4958333333333333,5.2144983e-06
mendeley/extracted/Bangla Audio Dataset Original and DeepFake Voices for AI-Based Voice Analysis and Detection/Dataset/S10M01/Real/16.wav,0,MEN,MEN-S10M01,TG:a161442acecd244f,-11.8359375,1,0.3658333333333333,7.2395997e-06
mendeley/extracted/Bangla Audio Dataset Original and DeepFake Voices for AI-Based Voice Analysis and Detection/Dataset/S10M01/Real/17.wav,0,MEN,MEN-S10M01,TG:03f064fdfaf1ab36,-11.5625,1,0.5991666666666666,9.516251e-06
mendeley/extracted/Bangla Audio Dataset Original and DeepFake Voices for AI-Based Voice Analysis and Detection/Dataset/S10M01/Real/18.wav,0,MEN,MEN-S10M01,TG:b94d39ca30d8b003,-12.1015625,1,0.4875,5.550802e-06
mendeley/extracted/Bangla Audio Dataset Original and DeepFake Voices for AI-Based Voice Analysis and Detection/Dataset/S10M01/Real/19.wav,0,MEN,MEN-S10M01,TG:292f77d0836ad383,-14.484375,1,0.3824999999999999,5.122897e-07
mendeley/extracted/Bangla Audio Dataset Original and DeepFake Voices for AI-Based Voice Analysis and Detection/Dataset/S10M01/Real/2.wav,0,MEN,MEN-S10M01,TG:777323a77bbfb0f1,-8.953125,1,0.4175,0.00012931564
mendeley/extracted/Bangla Audio Dataset Original and DeepFake Voices for AI-Based Voice Analysis and Detection/Dataset/S10M01/Real/20.wav,0,MEN,MEN-S10M01,TG:d7eb7bfa4ea54586,-9.9765625,1,0.5425,4.6474393e-05
mendeley/extracted/Bangla Audio Dataset Original and DeepFake Voices for AI-Based Voice Analysis and Detection/Dataset/S10M01/Real/21.wav,0,MEN,MEN-S10M01,TG:a76e4f06cf107f94,-11.6171875,1,0.5041666666666667,9.00981e-06
mendeley/extracted/Bangla Audio Dataset Original and DeepFake Voices for AI-Based Voice Analysis and Detection/Dataset/S10M01/Real/22.wav,0,MEN,MEN-S10M01,TG:0eb06cb4db7fa33d,-12.984375,1,0.4691666666666666,2.2959193e-06
mendeley/extracted/Bangla Audio Dataset Original and DeepFake Voices for AI-Based Voice Analysis and Detection/Dataset/S10M01/Real/23.wav,0,MEN,MEN-S10M01,TG:411b82bee58b8a11,-9.1484375,1,0.5025,0.00010637458
mendeley/extracted/Bangla Audio Dataset Original and DeepFake Voices for AI-Based Voice Analysis and Detection/Dataset/S10M01/Real/24.wav,0,MEN,MEN-S10M01,TG:2d6549bed8663a0e,-9.7109375,1,0.4608333333333333,6.0613183e-05
mendeley/extracted/Bangla Audio Dataset Original and DeepFake Voices for AI-Based Voice Analysis and Detection/Dataset/S10M01/Real/25.wav,0,MEN,MEN-S10M01,TG:f9f8fdb09d02dc4f,-10.75,1,0.7108333333333333,2.1444948e-05
mendeley/extracted/Bangla Audio Dataset Original and DeepFake Voices for AI-Based Voice Analysis and Detection/Dataset/S10M01/Real/26.wav,0,MEN,MEN-S10M01,TG:d21f1014c15ffac8,-11.5234375,1,0.6174999999999999,9.895332e-06
mendeley/extracted/Bangla Audio Dataset Original and DeepFake Voices for AI-Based Voice Analysis and Detection/Dataset/S10M01/Real/27.wav,0,MEN,MEN-S10M01,TG:93a66da769492799,-12.8828125,1,0.6458333333333333,2.54135e-06
mendeley/extracted/Bangla Audio Dataset Original and DeepFake Voices for AI-Based Voice Analysis and Detection/Dataset/S10M01/Real/28.wav,0,MEN,MEN-S10M01,TG:65c7f26c8f16369d,-12.859375,1,0.3058333333333333,2.6016164e-06
mendeley/extracted/Bangla Audio Dataset Original and DeepFake Voices for AI-Based Voice Analysis and Detection/Dataset/S10M01/Real/29.wav,0,MEN,MEN-S10M01,TG:bcb64741cfa3e7b8,-11.109375,1,0.6158333333333333,1.4971084e-05
mendeley/extracted/Bangla Audio Dataset Original and DeepFake Voices for AI-Based Voice Analysis and Detection/Dataset/S10M01/Real/3.wav,0,MEN,MEN-S10M01,TG:e3d1f199eb45a8bb,-9.0,1,0.5391666666666667,0.00012339458
mendeley/extracted/Bangla Audio Dataset Original and DeepFake Voices for AI-Based Voice Analysis and Detection/Dataset/S10M01/Real/30.wav,0,MEN,MEN-S10M01,TG:d1cbe39bd9b59ac2,-10.5859375,1,0.5525,2.5268228e-05
mendeley/extracted/Bangla Audio Dataset Original and DeepFake Voices for AI-Based Voice Analysis and Detection/Dataset/S10M01/Real/4.wav,0,MEN,MEN-S10M01,TG:4cfc5f39575a38c2,-14.5,1,0.4758333333333333,5.043474e-07
mendeley/extracted/Bangla Audio Dataset Original and DeepFake Voices for AI-Based Voice Analysis and Detection/Dataset/S10M01/Real/5.wav,0,MEN,MEN-S10M01,TG:1599e574af42cfa4,-13.0546875,1,0.5158333333333334,2.1400322e-06
mendeley/extracted/Bangla Audio Dataset Original and DeepFake Voices for AI-Based Voice Analysis and Detection/Dataset/S10M01/Real/6.wav,0,MEN,MEN-S10M01,TG:ab19869b4d329944,-9.203125,1,0.4558333333333333,0.000100713994
mendeley/extracted/Bangla Audio Dataset Original and DeepFake Voices for AI-Based Voice Analysis and Detection/Dataset/S10M01/Real/7.wav,0,MEN,MEN-S10M01,TG:ded1f5c9728375f6,-9.1953125,1,0.5141666666666667,0.000101503836
mendeley/extracted/Bangla Audio Dataset Original and DeepFake Voices for AI-Based Voice Analysis and Detection/Dataset/S10M01/Real/8.wav,0,MEN,MEN-S10M01,TG:caa70121004273c9,-10.953125,1,0.5325,1.7502925e-05
mendeley/extracted/Bangla Audio Dataset Original and DeepFake Voices for AI-Based Voice Analysis and Detection/Dataset/S10M01/Real/9.wav,0,MEN,MEN-S10M01,TG:e45efc4bac420645,-14.34375,1,0.3974999999999999,5.8964184e-07
mendeley/extracted/Bangla Audio Dataset Original and DeepFake Voices for AI-Based Voice Analysis and Detection/Dataset/S10M02/Fake/1.wav,1,MEN,MEN-S10M02,TG:d3ce29150919b0bf,-13.1328125,1,0.2691666666666666,1.9792067e-06
mendeley/extracted/Bangla Audio Dataset Original and DeepFake Voices for AI-Based Voice Analysis and Detection/Dataset/S10M02/Fake/10.wav,1,MEN,MEN-S10M02,TG:2053513ab857e64b,-2.4082031,1,0.3575,0.082549304
mendeley/extracted/Bangla Audio Dataset Original and DeepFake Voices for AI-Based Voice Analysis and Detection/Dataset/S10M02/Fake/11.wav,1,MEN,MEN-S10M02,TG:2557d7be6d06171f,-4.9609375,1,0.3241666666666667,0.0069576097
mendeley/extracted/Bangla Audio Dataset Original and DeepFake Voices for AI-Based Voice Analysis and Detection/Dataset/S10M02/Fake/12.wav,1,MEN,MEN-S10M02,TG:1ad78c16e9f1fa18,-0.46191406,1,0.4575,0.38653183
mendeley/extracted/Bangla Audio Dataset Original and DeepFake Voices for AI-Based Voice Analysis and Detection/Dataset/S10M02/Fake/13.wav,1,MEN,MEN-S10M02,TG:8755d96808d69cf8,1.7597656,1,0.5408333333333333,0.85318035
mendeley/extracted/Bangla Audio Dataset Original and DeepFake Voices for AI-Based Voice Analysis and Detection/Dataset/S10M02/Fake/14.wav,1,MEN,MEN-S10M02,TG:a752f9ff5f43a780,-2.7890625,1,0.5008333333333334,0.05791809
mendeley/extracted/Bangla Audio Dataset Original and DeepFake Voices for AI-Based Voice Analysis and Detection/Dataset/S10M02/Fake/15.wav,1,MEN,MEN-S10M02,TG:87dc8ea01461476e,-7.125,1,0.3675,0.0008040859
mendeley/extracted/Bangla Audio Dataset Original and DeepFake Voices for AI-Based Voice Analysis and Detection/Dataset/S10M02/Fake/16.wav,1,MEN,MEN-S10M02,TG:a161442acecd244f,-8.5234375,1,0.0825,0.00019871553
mendeley/extracted/Bangla Audio Dataset Original and DeepFake Voices for AI-Based Voice Analysis and Detection/Dataset/S10M02/Fake/17.wav,1,MEN,MEN-S10M02,TG:03f064fdfaf1ab36,-9.28125,1,0.4341666666666667,9.3145936e-05
mendeley/extracted/Bangla Audio Dataset Original and DeepFake Voices for AI-Based Voice Analysis and Detection/Dataset/S10M02/Fake/18.wav,1,MEN,MEN-S10M02,TG:b94d39ca30d8b003,-6.6445312,1,0.4875,0.0012994275
mendeley/extracted/Bangla Audio Dataset Original and DeepFake Voices for AI-Based Voice Analysis and Detection/Dataset/S10M02/Fake/19.wav,1,MEN,MEN-S10M02,TG:292f77d0836ad383,6.28125,1,0.4808333333333333,0.9981324
mendeley/extracted/Bangla Audio Dataset Original and DeepFake Voices for AI-Based Voice Analysis and Detection/Dataset/S10M02/Fake/2.wav,1,MEN,MEN-S10M02,TG:777323a77bbfb0f1,-1.4465332,2,0.0,0.19053566
mendeley/extracted/Bangla Audio Dataset Original and DeepFake Voices for AI-Based Voice Analysis and Detection/Dataset/S10M02/Fake/20.wav,1,MEN,MEN-S10M02,TG:d7eb7bfa4ea54586,-4.0820312,1,0.3125,0.016593179
mendeley/extracted/Bangla Audio Dataset Original and DeepFake Voices for AI-Based Voice Analysis and Detection/Dataset/S10M02/Fake/21.wav,1,MEN,MEN-S10M02,TG:a76e4f06cf107f94,4.6601562,1,0.4441666666666667,0.9906238
mendeley/extracted/Bangla Audio Dataset Original and DeepFake Voices for AI-Based Voice Analysis and Detection/Dataset/S10M02/Fake/22.wav,1,MEN,MEN-S10M02,TG:0eb06cb4db7fa33d,1.4111328,1,0.3758333333333333,0.8039445
mendeley/extracted/Bangla Audio Dataset Original and DeepFake Voices for AI-Based Voice Analysis and Detection/Dataset/S10M02/Fake/23.wav,1,MEN,MEN-S10M02,TG:411b82bee58b8a11,3.3105469,1,0.4075,0.9647889
mendeley/extracted/Bangla Audio Dataset Original and DeepFake Voices for AI-Based Voice Analysis and Detection/Dataset/S10M02/Fake/24.wav,1,MEN,MEN-S10M02,TG:2d6549bed8663a0e,5.6523438,1,0.3991666666666666,0.996503
mendeley/extracted/Bangla Audio Dataset Original and DeepFake Voices for AI-Based Voice Analysis and Detection/Dataset/S10M02/Fake/25.wav,1,MEN,MEN-S10M02,TG:f9f8fdb09d02dc4f,7.4296875,1,0.5175000000000001,0.99940693
mendeley/extracted/Bangla Audio Dataset Original and DeepFake Voices for AI-Based Voice Analysis and Detection/Dataset/S10M02/Fake/26.wav,1,MEN,MEN-S10M02,TG:d21f1014c15ffac8,8.390625,1,0.3408333333333333,0.9997731
mendeley/extracted/Bangla Audio Dataset Original and DeepFake Voices for AI-Based Voice Analysis and Detection/Dataset/S10M02/Fake/27.wav,1,MEN,MEN-S10M02,TG:93a66da769492799,-9.625,1,0.3858333333333333,6.605214e-05
mendeley/extracted/Bangla Audio Dataset Original and DeepFake Voices for AI-Based Voice Analysis and Detection/Dataset/S10M02/Fake/28.wav,1,MEN,MEN-S10M02,TG:65c7f26c8f16369d,3.4589844,1,0.0825,0.9694979
mendeley/extracted/Bangla Audio Dataset Original and DeepFake Voices for AI-Based Voice Analysis and Detection/Dataset/S10M02/Fake/29.wav,1,MEN,MEN-S10M02,TG:bcb64741cfa3e7b8,2.8847656,1,0.3791666666666666,0.9470882
mendeley/extracted/Bangla Audio Dataset Original and DeepFake Voices for AI-Based Voice Analysis and Detection/Dataset/S10M02/Fake/3.wav,1,MEN,MEN-S10M02,TG:e3d1f199eb45a8bb,2.15625,1,0.4525,0.8962514
mendeley/extracted/Bangla Audio Dataset Original and DeepFake Voices for AI-Based Voice Analysis and Detection/Dataset/S10M02/Fake/30.wav,1,MEN,MEN-S10M02,TG:d1cbe39bd9b59ac2,-2.7167969,1,0.3708333333333333,0.06198946
mendeley/extracted/Bangla Audio Dataset Original and DeepFake Voices for AI-Based Voice Analysis and Detection/Dataset/S10M02/Fake/4.wav,1,MEN,MEN-S10M02,TG:4cfc5f39575a38c2,3.7050781,1,0.4958333333333333,0.9759923
mendeley/extracted/Bangla Audio Dataset Original and DeepFake Voices for AI-Based Voice Analysis and Detection/Dataset/S10M02/Fake/5.wav,1,MEN,MEN-S10M02,TG:1599e574af42cfa4,-4.0234375,1,0.4708333333333333,0.01757688
mendeley/extracted/Bangla Audio Dataset Original and DeepFake Voices for AI-Based Voice Analysis and Detection/Dataset/S10M02/Fake/6.wav,1,MEN,MEN-S10M02,TG:ab19869b4d329944,3.109375,1,0.2008333333333333,0.9572778
mendeley/extracted/Bangla Audio Dataset Original and DeepFake Voices for AI-Based Voice Analysis and Detection/Dataset/S10M02/Fake/7.wav,1,MEN,MEN-S10M02,TG:ded1f5c9728375f6,10.859375,1,0.5958333333333333,0.9999808
mendeley/extracted/Bangla Audio Dataset Original and DeepFake Voices for AI-Based Voice Analysis and Detection/Dataset/S10M02/Fake/8.wav,1,MEN,MEN-S10M02,TG:caa70121004273c9,9.71875,1,0.6325000000000001,0.9999398
mendeley/extracted/Bangla Audio Dataset Original and DeepFake Voices for AI-Based Voice Analysis and Detection/Dataset/S10M02/Fake/9.wav,1,MEN,MEN-S10M02,TG:e45efc4bac420645,1.6621094,1,0.4741666666666666,0.840521
mendeley/extracted/Bangla Audio Dataset Original and DeepFake Voices for AI-Based Voice Analysis and Detection/Dataset/S10M02/Real/1.wav,0,MEN,MEN-S10M02,TG:d3ce29150919b0bf,-12.0625,1,0.3991666666666666,5.77192e-06
mendeley/extracted/Bangla Audio Dataset Original and DeepFake Voices for AI-Based Voice Analysis and Detection/Dataset/S10M02/Real/10.wav,0,MEN,MEN-S10M02,TG:2053513ab857e64b,-12.5390625,1,0.5108333333333333,3.5838746e-06
mendeley/extracted/Bangla Audio Dataset Original and DeepFake Voices for AI-Based Voice Analysis and Detection/Dataset/S10M02/Real/11.wav,0,MEN,MEN-S10M02,TG:2557d7be6d06171f,-14.2578125,1,0.4758333333333333,6.425552e-07
mendeley/extracted/Bangla Audio Dataset Original and DeepFake Voices for AI-Based Voice Analysis and Detection/Dataset/S10M02/Real/12.wav,0,MEN,MEN-S10M02,TG:1ad78c16e9f1fa18,-15.171875,1,0.5008333333333334,2.575955e-07
mendeley/extracted/Bangla Audio Dataset Original and DeepFake Voices for AI-Based Voice Analysis and Detection/Dataset/S10M02/Real/13.wav,0,MEN,MEN-S10M02,TG:8755d96808d69cf8,-16.0625,1,0.6791666666666667,1.0571699e-07
mendeley/extracted/Bangla Audio Dataset Original and DeepFake Voices for AI-Based Voice Analysis and Detection/Dataset/S10M02/Real/14.wav,0,MEN,MEN-S10M02,TG:a752f9ff5f43a780,-11.515625,1,0.6325000000000001,9.972942e-06
mendeley/extracted/Bangla Audio Dataset Original and DeepFake Voices for AI-Based Voice Analysis and Detection/Dataset/S10M02/Real/15.wav,0,MEN,MEN-S10M02,TG:87dc8ea01461476e,-16.578125,1,0.5308333333333333,6.3126514e-08
mendeley/extracted/Bangla Audio Dataset Original and DeepFake Voices for AI-Based Voice Analysis and Detection/Dataset/S10M02/Real/16.wav,0,MEN,MEN-S10M02,TG:a161442acecd244f,-11.2265625,1,0.4141666666666667,1.3315579e-05
mendeley/extracted/Bangla Audio Dataset Original and DeepFake Voices for AI-Based Voice Analysis and Detection/Dataset/S10M02/Real/17.wav,0,MEN,MEN-S10M02,TG:03f064fdfaf1ab36,-11.7109375,1,0.5241666666666667,8.203532e-06
mendeley/extracted/Bangla Audio Dataset Original and DeepFake Voices for AI-Based Voice Analysis and Detection/Dataset/S10M02/Real/18.wav,0,MEN,MEN-S10M02,TG:b94d39ca30d8b003,-13.0,1,0.5608333333333333,2.2603244e-06
mendeley/extracted/Bangla Audio Dataset Original and DeepFake Voices for AI-Based Voice Analysis and Detection/Dataset/S10M02/Real/19.wav,0,MEN,MEN-S10M02,TG:292f77d0836ad383,-8.8125,1,0.4641666666666666,0.00014883849
mendeley/extracted/Bangla Audio Dataset Original and DeepFake Voices for AI-Based Voice Analysis and Detection/Dataset/S10M02/Real/2.wav,0,MEN,MEN-S10M02,TG:777323a77bbfb0f1,-13.140625,1,0.4841666666666666,1.9638042e-06
mendeley/extracted/Bangla Audio Dataset Original and DeepFake Voices for AI-Based Voice Analysis and Detection/Dataset/S10M02/Real/20.wav,0,MEN,MEN-S10M02,TG:d7eb7bfa4ea54586,-15.515625,1,0.5308333333333333,1.8266257e-07
mendeley/extracted/Bangla Audio Dataset Original and DeepFake Voices for AI-Based Voice Analysis and Detection/Dataset/S10M02/Real/21.wav,0,MEN,MEN-S10M02,TG:a76e4f06cf107f94,-12.4765625,1,0.6808333333333334,3.8150138e-06
mendeley/extracted/Bangla Audio Dataset Original and DeepFake Voices for AI-Based Voice Analysis and Detection/Dataset/S10M02/Real/22.wav,0,MEN,MEN-S10M02,TG:0eb06cb4db7fa33d,-9.671875,1,0.5325,6.302758e-05
mendeley/extracted/Bangla Audio Dataset Original and DeepFake Voices for AI-Based Voice Analysis and Detection/Dataset/S10M02/Real/23.wav,0,MEN,MEN-S10M02,TG:411b82bee58b8a11,-11.0546875,1,0.5558333333333334,1.5812602e-05
mendeley/extracted/Bangla Audio Dataset Original and DeepFake Voices for AI-Based Voice Analysis and Detection/Dataset/S10M02/Real/24.wav,0,MEN,MEN-S10M02,TG:2d6549bed8663a0e,-7.8867188,1,0.6375,0.00037555923
mendeley/extracted/Bangla Audio Dataset Original and DeepFake Voices for AI-Based Voice Analysis and Detection/Dataset/S10M02/Real/25.wav,0,MEN,MEN-S10M02,TG:f9f8fdb09d02dc4f,-12.609375,1,0.6108333333333333,3.3405393e-06
mendeley/extracted/Bangla Audio Dataset Original and DeepFake Voices for AI-Based Voice Analysis and Detection/Dataset/S10M02/Real/26.wav,0,MEN,MEN-S10M02,TG:d21f1014c15ffac8,-10.21875,1,0.6191666666666666,3.6478537e-05
mendeley/extracted/Bangla Audio Dataset Original and DeepFake Voices for AI-Based Voice Analysis and Detection/Dataset/S10M02/Real/27.wav,0,MEN,MEN-S10M02,TG:93a66da769492799,-9.953125,1,0.6741666666666667,4.7576454e-05
mendeley/extracted/Bangla Audio Dataset Original and DeepFake Voices for AI-Based Voice Analysis and Detection/Dataset/S10M02/Real/28.wav,0,MEN,MEN-S10M02,TG:65c7f26c8f16369d,-13.7890625,1,0.4841666666666666,1.0268e-06
mendeley/extracted/Bangla Audio Dataset Original and DeepFake Voices for AI-Based Voice Analysis and Detection/Dataset/S10M02/Real/29.wav,0,MEN,MEN-S10M02,TG:bcb64741cfa3e7b8,-15.359375,1,0.4825,2.1355417e-07
mendeley/extracted/Bangla Audio Dataset Original and DeepFake Voices for AI-Based Voice Analysis and Detection/Dataset/S10M02/Real/3.wav,0,MEN,MEN-S10M02,TG:e3d1f199eb45a8bb,-15.78125,1,0.4591666666666666,1.4005226e-07
mendeley/extracted/Bangla Audio Dataset Original and DeepFake Voices for AI-Based Voice Analysis and Detection/Dataset/S10M02/Real/30.wav,0,MEN,MEN-S10M02,TG:d1cbe39bd9b59ac2,-9.484375,1,0.4875,7.60248e-05
mendeley/extracted/Bangla Audio Dataset Original and DeepFake Voices for AI-Based Voice Analysis and Detection/Dataset/S10M02/Real/4.wav,0,MEN,MEN-S10M02,TG:4cfc5f39575a38c2,-13.015625,1,0.5941666666666667,2.2252814e-06
mendeley/extracted/Bangla Audio Dataset Original and DeepFake Voices for AI-Based Voice Analysis and Detection/Dataset/S10M02/Real/5.wav,0,MEN,MEN-S10M02,TG:1599e574af42cfa4,-12.2734375,1,0.5775,4.674249e-06
mendeley/extracted/Bangla Audio Dataset Original and DeepFake Voices for AI-Based Voice Analysis and Detection/Dataset/S10M02/Real/6.wav,0,MEN,MEN-S10M02,TG:ab19869b4d329944,-13.546875,1,0.4908333333333333,1.3081766e-06
mendeley/extracted/Bangla Audio Dataset Original and DeepFake Voices for AI-Based Voice Analysis and Detection/Dataset/S10M02/Real/7.wav,0,MEN,MEN-S10M02,TG:ded1f5c9728375f6,-9.9140625,1,0.6675,4.947159e-05
mendeley/extracted/Bangla Audio Dataset Original and DeepFake Voices for AI-Based Voice Analysis and Detection/Dataset/S10M02/Real/8.wav,0,MEN,MEN-S10M02,TG:caa70121004273c9,-16.171875,1,0.6141666666666667,9.4764104e-08
mendeley/extracted/Bangla Audio Dataset Original and DeepFake Voices for AI-Based Voice Analysis and Detection/Dataset/S10M02/Real/9.wav,0,MEN,MEN-S10M02,TG:e45efc4bac420645,-15.84375,1,0.6941666666666666,1.3156692e-07
mendeley/extracted/Bangla Audio Dataset Original and DeepFake Voices for AI-Based Voice Analysis and Detection/Dataset/S11F02/Fake/1.wav,1,MEN,MEN-S11F02,TG:2cc4f4d2a83c1413,2.046875,1,0.3408333333333333,0.88563144
mendeley/extracted/Bangla Audio Dataset Original and DeepFake Voices for AI-Based Voice Analysis and Detection/Dataset/S11F02/Fake/10.wav,1,MEN,MEN-S11F02,TG:a274fcdc210bc630,-7.9453125,1,0.5941666666666667,0.00035419367
mendeley/extracted/Bangla Audio Dataset Original and DeepFake Voices for AI-Based Voice Analysis and Detection/Dataset/S11F02/Fake/11.wav,1,MEN,MEN-S11F02,TG:3ff090a90db76715,-10.2421875,1,0.4625,3.5633544e-05
mendeley/extracted/Bangla Audio Dataset Original and DeepFake Voices for AI-Based Voice Analysis and Detection/Dataset/S11F02/Fake/12.wav,1,MEN,MEN-S11F02,TG:71382ca3963bf670,-6.4882812,1,0.5125,0.0015188508
mendeley/extracted/Bangla Audio Dataset Original and DeepFake Voices for AI-Based Voice Analysis and Detection/Dataset/S11F02/Fake/13.wav,1,MEN,MEN-S11F02,TG:452ffb045be62656,-11.1796875,1,0.4991666666666666,1.3954598e-05
mendeley/extracted/Bangla Audio Dataset Original and DeepFake Voices for AI-Based Voice Analysis and Detection/Dataset/S11F02/Fake/14.wav,1,MEN,MEN-S11F02,TG:7eedeccecbd89970,-4.390625,1,0.5408333333333333,0.012241275
mendeley/extracted/Bangla Audio Dataset Original and DeepFake Voices for AI-Based Voice Analysis and Detection/Dataset/S11F02/Fake/15.wav,1,MEN,MEN-S11F02,TG:d87b618675761d08,-13.2421875,1,0.3874999999999999,1.7741496e-06
mendeley/extracted/Bangla Audio Dataset Original and DeepFake Voices for AI-Based Voice Analysis and Detection/Dataset/S11F02/Fake/16.wav,1,MEN,MEN-S11F02,TG:bb75654add7236ae,7.7617188,1,0.5041666666666667,0.9995745
mendeley/extracted/Bangla Audio Dataset Original and DeepFake Voices for AI-Based Voice Analysis and Detection/Dataset/S11F02/Fake/17.wav,1,MEN,MEN-S11F02,TG:89ee3dc6d83890bd,-3.8710938,1,0.4491666666666667,0.020410309
mendeley/extracted/Bangla Audio Dataset Original and DeepFake Voices for AI-Based Voice Analysis and Detection/Dataset/S11F02/Fake/18.wav,1,MEN,MEN-S11F02,TG:818304947fb7a25a,-8.1171875,1,0.4908333333333333,0.00029827765
mendeley/extracted/Bangla Audio Dataset Original and DeepFake Voices for AI-Based Voice Analysis and Detection/Dataset/S11F02/Fake/19.wav,1,MEN,MEN-S11F02,TG:bc0f2c6a0e07b2a6,6.71875,1,0.4925,0.99879336
mendeley/extracted/Bangla Audio Dataset Original and DeepFake Voices for AI-Based Voice Analysis and Detection/Dataset/S11F02/Fake/2.wav,1,MEN,MEN-S11F02,TG:ea8971d60c8a3d84,-10.3671875,1,0.4041666666666667,3.1446623e-05
mendeley/extracted/Bangla Audio Dataset Original and DeepFake Voices for AI-Based Voice Analysis and Detection/Dataset/S11F02/Fake/20.wav,1,MEN,MEN-S11F02,TG:39cfe8a6d823ad48,-7.8320312,1,0.5941666666666667,0.00039666123
mendeley/extracted/Bangla Audio Dataset Original and DeepFake Voices for AI-Based Voice Analysis and Detection/Dataset/S11F02/Fake/21.wav,1,MEN,MEN-S11F02,TG:d51ff1fb9a1168b3,3.5742188,1,0.5141666666666667,0.97272736
mendeley/extracted/Bangla Audio Dataset Original and DeepFake Voices for AI-Based Voice Analysis and Detection/Dataset/S11F02/Fake/22.wav,1,MEN,MEN-S11F02,TG:6b10fe5360d0e7f0,-2.5507812,1,0.4158333333333334,0.072374016
mendeley/extracted/Bangla Audio Dataset Original and DeepFake Voices for AI-Based Voice Analysis and Detection/Dataset/S11F02/Fake/23.wav,1,MEN,MEN-S11F02,TG:e157bbeeb235cb6a,-5.1679688,1,0.4608333333333333,0.0056638657
mendeley/extracted/Bangla Audio Dataset Original and DeepFake Voices for AI-Based Voice Analysis and Detection/Dataset/S11F02/Fake/24.wav,1,MEN,MEN-S11F02,TG:2a9e487decd776c5,-5.7617188,1,0.4024999999999999,0.003135836
mendeley/extracted/Bangla Audio Dataset Original and DeepFake Voices for AI-Based Voice Analysis and Detection/Dataset/S11F02/Fake/25.wav,1,MEN,MEN-S11F02,TG:4d4c34eabaac8b21,2.21875,1,0.4758333333333333,0.9019207
mendeley/extracted/Bangla Audio Dataset Original and DeepFake Voices for AI-Based Voice Analysis and Detection/Dataset/S11F02/Fake/26.wav,1,MEN,MEN-S11F02,TG:dbdf0c4b52c43061,-8.609375,1,0.5075000000000001,0.0001823546
mendeley/extracted/Bangla Audio Dataset Original and DeepFake Voices for AI-Based Voice Analysis and Detection/Dataset/S11F02/Fake/27.wav,1,MEN,MEN-S11F02,TG:329dcc685ab1bc7b,-7.46875,1,0.6241666666666666,0.0005703157
mendeley/extracted/Bangla Audio Dataset Original and DeepFake Voices for AI-Based Voice Analysis and Detection/Dataset/S11F02/Fake/28.wav,1,MEN,MEN-S11F02,TG:449f908bd492908d,-1.9199219,1,0.4975,0.12787029
mendeley/extracted/Bangla Audio Dataset Original and DeepFake Voices for AI-Based Voice Analysis and Detection/Dataset/S11F02/Fake/29.wav,1,MEN,MEN-S11F02,TG:181c8cafbfc40722,-0.48828125,1,0.5275000000000001,0.38029853
mendeley/extracted/Bangla Audio Dataset Original and DeepFake Voices for AI-Based Voice Analysis and Detection/Dataset/S11F02/Fake/3.wav,1,MEN,MEN-S11F02,TG:017a83ba301f0b69,-8.4453125,1,0.5658333333333334,0.00021485923
mendeley/extracted/Bangla Audio Dataset Original and DeepFake Voices for AI-Based Voice Analysis and Detection/Dataset/S11F02/Fake/30.wav,1,MEN,MEN-S11F02,TG:6a64af8cbace37e4,3.0195312,1,0.2524999999999999,0.9534488
mendeley/extracted/Bangla Audio Dataset Original and DeepFake Voices for AI-Based Voice Analysis and Detection/Dataset/S11F02/Fake/4.wav,1,MEN,MEN-S11F02,TG:eebedcc2c0031aad,-4.0078125,1,0.5725,0.01784874
mendeley/extracted/Bangla Audio Dataset Original and DeepFake Voices for AI-Based Voice Analysis and Detection/Dataset/S11F02/Fake/5.wav,1,MEN,MEN-S11F02,TG:d6de9b7770d9f7f2,-6.4765625,1,0.5675,0.0015367272
mendeley/extracted/Bangla Audio Dataset Original and DeepFake Voices for AI-Based Voice Analysis and Detection/Dataset/S11F02/Fake/6.wav,1,MEN,MEN-S11F02,TG:31de86c32ec8fe13,-8.8671875,1,0.4741666666666666,0.00014091855
mendeley/extracted/Bangla Audio Dataset Original and DeepFake Voices for AI-Based Voice Analysis and Detection/Dataset/S11F02/Fake/7.wav,1,MEN,MEN-S11F02,TG:5b3673d2432ab3fb,-1.4833984,1,0.5375,0.18491465
mendeley/extracted/Bangla Audio Dataset Original and DeepFake Voices for AI-Based Voice Analysis and Detection/Dataset/S11F02/Fake/8.wav,1,MEN,MEN-S11F02,TG:4f86653bb20c8a4c,-9.8515625,1,0.3858333333333333,5.266206e-05
mendeley/extracted/Bangla Audio Dataset Original and DeepFake Voices for AI-Based Voice Analysis and Detection/Dataset/S11F02/Fake/9.wav,1,MEN,MEN-S11F02,TG:e90d11ccf74f6fd3,-3.6992188,1,0.5025,0.024145423
mendeley/extracted/Bangla Audio Dataset Original and DeepFake Voices for AI-Based Voice Analysis and Detection/Dataset/S11F02/Real/1.wav,0,MEN,MEN-S11F02,TG:2cc4f4d2a83c1413,-13.109375,1,0.4225,2.026142e-06
mendeley/extracted/Bangla Audio Dataset Original and DeepFake Voices for AI-Based Voice Analysis and Detection/Dataset/S11F02/Real/10.wav,0,MEN,MEN-S11F02,TG:a274fcdc210bc630,-12.8515625,1,0.6174999999999999,2.6220212e-06
mendeley/extracted/Bangla Audio Dataset Original and DeepFake Voices for AI-Based Voice Analysis and Detection/Dataset/S11F02/Real/11.wav,0,MEN,MEN-S11F02,TG:3ff090a90db76715,-17.125,1,0.6358333333333333,3.653482e-08
mendeley/extracted/Bangla Audio Dataset Original and DeepFake Voices for AI-Based Voice Analysis and Detection/Dataset/S11F02/Real/12.wav,0,MEN,MEN-S11F02,TG:71382ca3963bf670,-13.3515625,1,0.5708333333333333,1.5903379e-06
mendeley/extracted/Bangla Audio Dataset Original and DeepFake Voices for AI-Based Voice Analysis and Detection/Dataset/S11F02/Real/13.wav,0,MEN,MEN-S11F02,TG:452ffb045be62656,-15.390625,1,0.5958333333333333,2.0698383e-07
mendeley/extracted/Bangla Audio Dataset Original and DeepFake Voices for AI-Based Voice Analysis and Detection/Dataset/S11F02/Real/14.wav,0,MEN,MEN-S11F02,TG:7eedeccecbd89970,-12.7421875,1,0.6341666666666667,2.925075e-06
mendeley/extracted/Bangla Audio Dataset Original and DeepFake Voices for AI-Based Voice Analysis and Detection/Dataset/S11F02/Real/15.wav,0,MEN,MEN-S11F02,TG:d87b618675761d08,-25.0625,1,0.4841666666666666,1.3046516e-11
mendeley/extracted/Bangla Audio Dataset Original and DeepFake Voices for AI-Based Voice Analysis and Detection/Dataset/S11F02/Real/16.wav,0,MEN,MEN-S11F02,TG:bb75654add7236ae,-13.1875,1,0.4808333333333333,1.8738755e-06
mendeley/extracted/Bangla Audio Dataset Original and DeepFake Voices for AI-Based Voice Analysis and Detection/Dataset/S11F02/Real/17.wav,0,MEN,MEN-S11F02,TG:89ee3dc6d83890bd,-21.671875,1,0.4825,3.872793e-10
mendeley/extracted/Bangla Audio Dataset Original and DeepFake Voices for AI-Based Voice Analysis and Detection/Dataset/S11F02/Real/18.wav,0,MEN,MEN-S11F02,TG:818304947fb7a25a,-17.125,1,0.4925,3.653482e-08
mendeley/extracted/Bangla Audio Dataset Original and DeepFake Voices for AI-Based Voice Analysis and Detection/Dataset/S11F02/Real/19.wav,0,MEN,MEN-S11F02,TG:bc0f2c6a0e07b2a6,5.4101562,1,0.5508333333333333,0.99554896
mendeley/extracted/Bangla Audio Dataset Original and DeepFake Voices for AI-Based Voice Analysis and Detection/Dataset/S11F02/Real/2.wav,0,MEN,MEN-S11F02,TG:ea8971d60c8a3d84,-15.703125,1,0.6508333333333334,1.514326e-07
mendeley/extracted/Bangla Audio Dataset Original and DeepFake Voices for AI-Based Voice Analysis and Detection/Dataset/S11F02/Real/20.wav,0,MEN,MEN-S11F02,TG:39cfe8a6d823ad48,-17.484375,1,0.5475,2.5505418e-08
mendeley/extracted/Bangla Audio Dataset Original and DeepFake Voices for AI-Based Voice Analysis and Detection/Dataset/S11F02/Real/21.wav,0,MEN,MEN-S11F02,TG:d51ff1fb9a1168b3,-10.53125,1,0.6191666666666666,2.6688529e-05
mendeley/extracted/Bangla Audio Dataset Original and DeepFake Voices for AI-Based Voice Analysis and Detection/Dataset/S11F02/Real/22.wav,0,MEN,MEN-S11F02,TG:6b10fe5360d0e7f0,-10.8515625,1,0.4658333333333333,1.9373938e-05
mendeley/extracted/Bangla Audio Dataset Original and DeepFake Voices for AI-Based Voice Analysis and Detection/Dataset/S11F02/Real/23.wav,0,MEN,MEN-S11F02,TG:e157bbeeb235cb6a,-14.1015625,1,0.5575,7.51223e-07
mendeley/extracted/Bangla Audio Dataset Original and DeepFake Voices for AI-Based Voice Analysis and Detection/Dataset/S11F02/Real/24.wav,0,MEN,MEN-S11F02,TG:2a9e487decd776c5,-8.3828125,1,0.4858333333333333,0.0002287133
mendeley/extracted/Bangla Audio Dataset Original and DeepFake Voices for AI-Based Voice Analysis and Detection/Dataset/S11F02/Real/25.wav,0,MEN,MEN-S11F02,TG:4d4c34eabaac8b21,-2.328125,1,0.5958333333333333,0.08882029
mendeley/extracted/Bangla Audio Dataset Original and DeepFake Voices for AI-Based Voice Analysis and Detection/Dataset/S11F02/Real/26.wav,0,MEN,MEN-S11F02,TG:dbdf0c4b52c43061,-7.71875,1,0.6208333333333333,0.00044421834
mendeley/extracted/Bangla Audio Dataset Original and DeepFake Voices for AI-Based Voice Analysis and Detection/Dataset/S11F02/Real/27.wav,0,MEN,MEN-S11F02,TG:329dcc685ab1bc7b,-7.8046875,1,0.6125,0.0004076526
mendeley/extracted/Bangla Audio Dataset Original and DeepFake Voices for AI-Based Voice Analysis and Detection/Dataset/S11F02/Real/28.wav,0,MEN,MEN-S11F02,TG:449f908bd492908d,-7.828125,1,0.6475,0.0003982131
mendeley/extracted/Bangla Audio Dataset Original and DeepFake Voices for AI-Based Voice Analysis and Detection/Dataset/S11F02/Real/29.wav,0,MEN,MEN-S11F02,TG:181c8cafbfc40722,-11.359375,1,0.5708333333333333,1.1659531e-05
mendeley/extracted/Bangla Audio Dataset Original and DeepFake Voices for AI-Based Voice Analysis and Detection/Dataset/S11F02/Real/3.wav,0,MEN,MEN-S11F02,TG:017a83ba301f0b69,-18.859375,1,0.4658333333333333,6.4487793e-09
mendeley/extracted/Bangla Audio Dataset Original and DeepFake Voices for AI-Based Voice Analysis and Detection/Dataset/S11F02/Real/30.wav,0,MEN,MEN-S11F02,TG:6a64af8cbace37e4,-9.3515625,1,0.4175,8.68221e-05
mendeley/extracted/Bangla Audio Dataset Original and DeepFake Voices for AI-Based Voice Analysis and Detection/Dataset/S11F02/Real/4.wav,0,MEN,MEN-S11F02,TG:eebedcc2c0031aad,-19.578125,1,0.4341666666666667,3.142884e-09
mendeley/extracted/Bangla Audio Dataset Original and DeepFake Voices for AI-Based Voice Analysis and Detection/Dataset/S11F02/Real/5.wav,0,MEN,MEN-S11F02,TG:d6de9b7770d9f7f2,-15.5625,1,0.4741666666666666,1.7429785e-07
mendeley/extracted/Bangla Audio Dataset Original and DeepFake Voices for AI-Based Voice Analysis and Detection/Dataset/S11F02/Real/6.wav,0,MEN,MEN-S11F02,TG:31de86c32ec8fe13,-16.9375,1,0.6825,4.4069402e-08
mendeley/extracted/Bangla Audio Dataset Original and DeepFake Voices for AI-Based Voice Analysis and Detection/Dataset/S11F02/Real/7.wav,0,MEN,MEN-S11F02,TG:5b3673d2432ab3fb,-14.6640625,1,0.6425000000000001,4.2803413e-07
mendeley/extracted/Bangla Audio Dataset Original and DeepFake Voices for AI-Based Voice Analysis and Detection/Dataset/S11F02/Real/8.wav,0,MEN,MEN-S11F02,TG:4f86653bb20c8a4c,-20.609375,1,0.6141666666666667,1.1206299e-09
mendeley/extracted/Bangla Audio Dataset Original and DeepFake Voices for AI-Based Voice Analysis and Detection/Dataset/S11F02/Real/9.wav,0,MEN,MEN-S11F02,TG:e90d11ccf74f6fd3,-13.03125,1,0.5241666666666667,2.1907817e-06
mendeley/extracted/Bangla Audio Dataset Original and DeepFake Voices for AI-Based Voice Analysis and Detection/Dataset/S11F04/Fake/1.wav,1,MEN,MEN-S11F04,TG:2cc4f4d2a83c1413,-3.0566406,1,0.3991666666666666,0.044931643
mendeley/extracted/Bangla Audio Dataset Original and DeepFake Voices for AI-Based Voice Analysis and Detection/Dataset/S11F04/Fake/10.wav,1,MEN,MEN-S11F04,TG:a274fcdc210bc630,-11.25,1,0.5958333333333333,1.30071285e-05
mendeley/extracted/Bangla Audio Dataset Original and DeepFake Voices for AI-Based Voice Analysis and Detection/Dataset/S11F04/Fake/11.wav,1,MEN,MEN-S11F04,TG:3ff090a90db76715,-10.34375,1,0.4291666666666667,3.2192336e-05
mendeley/extracted/Bangla Audio Dataset Original and DeepFake Voices for AI-Based Voice Analysis and Detection/Dataset/S11F04/Fake/12.wav,1,MEN,MEN-S11F04,TG:71382ca3963bf670,-6.2265625,1,0.4375,0.0019723359
mendeley/extracted/Bangla Audio Dataset Original and DeepFake Voices for AI-Based Voice Analysis and Detection/Dataset/S11F04/Fake/13.wav,1,MEN,MEN-S11F04,TG:452ffb045be62656,-1.8955078,1,0.4725,0.13061775
mendeley/extracted/Bangla Audio Dataset Original and DeepFake Voices for AI-Based Voice Analysis and Detection/Dataset/S11F04/Fake/14.wav,1,MEN,MEN-S11F04,TG:7eedeccecbd89970,-7.3632812,1,0.5541666666666667,0.0006337125
mendeley/extracted/Bangla Audio Dataset Original and DeepFake Voices for AI-Based Voice Analysis and Detection/Dataset/S11F04/Fake/15.wav,1,MEN,MEN-S11F04,TG:d87b618675761d08,-11.40625,1,0.4058333333333334,1.1125608e-05
mendeley/extracted/Bangla Audio Dataset Original and DeepFake Voices for AI-Based Voice Analysis and Detection/Dataset/S11F04/Fake/16.wav,1,MEN,MEN-S11F04,TG:bb75654add7236ae,-6.8554688,1,0.5758333333333333,0.0010525687
mendeley/extracted/Bangla Audio Dataset Original and DeepFake Voices for AI-Based Voice Analysis and Detection/Dataset/S11F04/Fake/17.wav,1,MEN,MEN-S11F04,TG:89ee3dc6d83890bd,-7.2734375,1,0.5125,0.00069324224
mendeley/extracted/Bangla Audio Dataset Original and DeepFake Voices for AI-Based Voice Analysis and Detection/Dataset/S11F04/Fake/18.wav,1,MEN,MEN-S11F04,TG:818304947fb7a25a,-10.5078125,1,0.4941666666666666,2.7321414e-05
mendeley/extracted/Bangla Audio Dataset Original and DeepFake Voices for AI-Based Voice Analysis and Detection/Dataset/S11F04/Fake/19.wav,1,MEN,MEN-S11F04,TG:bc0f2c6a0e07b2a6,-10.7109375,1,0.5241666666666667,2.2299198e-05
mendeley/extracted/Bangla Audio Dataset Original and DeepFake Voices for AI-Based Voice Analysis and Detection/Dataset/S11F04/Fake/2.wav,1,MEN,MEN-S11F04,TG:ea8971d60c8a3d84,-9.515625,1,0.3658333333333333,7.368594e-05
mendeley/extracted/Bangla Audio Dataset Original and DeepFake Voices for AI-Based Voice Analysis and Detection/Dataset/S11F04/Fake/20.wav,1,MEN,MEN-S11F04,TG:39cfe8a6d823ad48,-7.0351562,1,0.5808333333333333,0.0008796062
mendeley/extracted/Bangla Audio Dataset Original and DeepFake Voices for AI-Based Voice Analysis and Detection/Dataset/S11F04/Fake/21.wav,1,MEN,MEN-S11F04,TG:d51ff1fb9a1168b3,-3.9238281,1,0.5575,0.019382192
mendeley/extracted/Bangla Audio Dataset Original and DeepFake Voices for AI-Based Voice Analysis and Detection/Dataset/S11F04/Fake/22.wav,1,MEN,MEN-S11F04,TG:6b10fe5360d0e7f0,-11.1328125,1,0.4041666666666667,1.4624283e-05
mendeley/extracted/Bangla Audio Dataset Original and DeepFake Voices for AI-Based Voice Analysis and Detection/Dataset/S11F04/Fake/23.wav,1,MEN,MEN-S11F04,TG:e157bbeeb235cb6a,-8.84375,1,0.4825,0.00014425987
mendeley/extracted/Bangla Audio Dataset Original and DeepFake Voices for AI-Based Voice Analysis and Detection/Dataset/S11F04/Fake/24.wav,1,MEN,MEN-S11F04,TG:2a9e487decd776c5,-6.859375,1,0.3991666666666666,0.0010484693
mendeley/extracted/Bangla Audio Dataset Original and DeepFake Voices for AI-Based Voice Analysis and Detection/Dataset/S11F04/Fake/25.wav,1,MEN,MEN-S11F04,TG:4d4c34eabaac8b21,-5.671875,1,0.4408333333333333,0.003429604
mendeley/extracted/Bangla Audio Dataset Original and DeepFake Voices for AI-Based Voice Analysis and Detection/Dataset/S11F04/Fake/26.wav,1,MEN,MEN-S11F04,TG:dbdf0c4b52c43061,-10.6953125,1,0.5208333333333333,2.2650353e-05
mendeley/extracted/Bangla Audio Dataset Original and DeepFake Voices for AI-Based Voice Analysis and Detection/Dataset/S11F04/Fake/27.wav,1,MEN,MEN-S11F04,TG:329dcc685ab1bc7b,-8.3359375,1,0.5608333333333333,0.00023968688
mendeley/extracted/Bangla Audio Dataset Original and DeepFake Voices for AI-Based Voice Analysis and Detection/Dataset/S11F04/Fake/28.wav,1,MEN,MEN-S11F04,TG:449f908bd492908d,-14.046875,1,0.4741666666666666,7.934496e-07
mendeley/extracted/Bangla Audio Dataset Original and DeepFake Voices for AI-Based Voice Analysis and Detection/Dataset/S11F04/Fake/29.wav,1,MEN,MEN-S11F04,TG:181c8cafbfc40722,-5.046875,1,0.5025,0.0063883206
mendeley/extracted/Bangla Audio Dataset Original and DeepFake Voices for AI-Based Voice Analysis and Detection/Dataset/S11F04/Fake/3.wav,1,MEN,MEN-S11F04,TG:017a83ba301f0b69,-9.9609375,1,0.5475,4.720623e-05
mendeley/extracted/Bangla Audio Dataset Original and DeepFake Voices for AI-Based Voice Analysis and Detection/Dataset/S11F04/Fake/30.wav,1,MEN,MEN-S11F04,TG:6a64af8cbace37e4,-6.0742188,1,0.2691666666666666,0.002296159
mendeley/extracted/Bangla Audio Dataset Original and DeepFake Voices for AI-Based Voice Analysis and Detection/Dataset/S11F04/Fake/4.wav,1,MEN,MEN-S11F04,TG:eebedcc2c0031aad,1.3447266,1,0.5358333333333334,0.7932662
mendeley/extracted/Bangla Audio Dataset Original and DeepFake Voices for AI-Based Voice Analysis and Detection/Dataset/S11F04/Fake/5.wav,1,MEN,MEN-S11F04,TG:d6de9b7770d9f7f2,-8.71875,1,0.5258333333333334,0.0001634647
mendeley/extracted/Bangla Audio Dataset Original and DeepFake Voices for AI-Based Voice Analysis and Detection/Dataset/S11F04/Fake/6.wav,1,MEN,MEN-S11F04,TG:31de86c32ec8fe13,-6.2148438,1,0.5308333333333333,0.0019955386
mendeley/extracted/Bangla Audio Dataset Original and DeepFake Voices for AI-Based Voice Analysis and Detection/Dataset/S11F04/Fake/7.wav,1,MEN,MEN-S11F04,TG:5b3673d2432ab3fb,-4.65625,1,0.4708333333333333,0.00941259
mendeley/extracted/Bangla Audio Dataset Original and DeepFake Voices for AI-Based Voice Analysis and Detection/Dataset/S11F04/Fake/8.wav,1,MEN,MEN-S11F04,TG:4f86653bb20c8a4c,-12.53125,1,0.4008333333333334,3.6119832e-06
mendeley/extracted/Bangla Audio Dataset Original and DeepFake Voices for AI-Based Voice Analysis and Detection/Dataset/S11F04/Fake/9.wav,1,MEN,MEN-S11F04,TG:e90d11ccf74f6fd3,5.0351562,1,0.4475,0.9935369
mendeley/extracted/Bangla Audio Dataset Original and DeepFake Voices for AI-Based Voice Analysis and Detection/Dataset/S11F04/Real/1.wav,0,MEN,MEN-S11F04,TG:2cc4f4d2a83c1413,-10.75,1,0.4675,2.1444948e-05
mendeley/extracted/Bangla Audio Dataset Original and DeepFake Voices for AI-Based Voice Analysis and Detection/Dataset/S11F04/Real/10.wav,0,MEN,MEN-S11F04,TG:a274fcdc210bc630,-10.0390625,1,0.3508333333333333,4.365878e-05
mendeley/extracted/Bangla Audio Dataset Original and DeepFake Voices for AI-Based Voice Analysis and Detection/Dataset/S11F04/Real/11.wav,0,MEN,MEN-S11F04,TG:3ff090a90db76715,-16.53125,1,0.4508333333333333,6.615601e-08
mendeley/extracted/Bangla Audio Dataset Original and DeepFake Voices for AI-Based Voice Analysis and Detection/Dataset/S11F04/Real/12.wav,0,MEN,MEN-S11F04,TG:71382ca3963bf670,-11.90625,1,0.4008333333333334,6.748052e-06
mendeley/extracted/Bangla Audio Dataset Original and DeepFake Voices for AI-Based Voice Analysis and Detection/Dataset/S11F04/Real/13.wav,0,MEN,MEN-S11F04,TG:452ffb045be62656,-6.8242188,1,0.3508333333333333,0.0010859445
mendeley/extracted/Bangla Audio Dataset Original and DeepFake Voices for AI-Based Voice Analysis and Detection/Dataset/S11F04/Real/14.wav,0,MEN,MEN-S11F04,TG:7eedeccecbd89970,5.4023438,1,0.4841666666666666,0.9955142
mendeley/extracted/Bangla Audio Dataset Original and DeepFake Voices for AI-Based Voice Analysis and Detection/Dataset/S11F04/Real/15.wav,0,MEN,MEN-S11F04,TG:d87b618675761d08,-15.6875,1,0.3841666666666666,1.5381733e-07
mendeley/extracted/Bangla Audio Dataset Original and DeepFake Voices for AI-Based Voice Analysis and Detection/Dataset/S11F04/Real/16.wav,0,MEN,MEN-S11F04,TG:bb75654add7236ae,-11.046875,1,0.4175,1.593662e-05
mendeley/extracted/Bangla Audio Dataset Original and DeepFake Voices for AI-Based Voice Analysis and Detection/Dataset/S11F04/Real/17.wav,0,MEN,MEN-S11F04,TG:89ee3dc6d83890bd,-13.3984375,1,0.3841666666666666,1.517511e-06
mendeley/extracted/Bangla Audio Dataset Original and DeepFake Voices for AI-Based Voice Analysis and Detection/Dataset/S11F04/Real/18.wav,0,MEN,MEN-S11F04,TG:818304947fb7a25a,-11.375,1,0.4175,1.1478767e-05
mendeley/extracted/Bangla Audio Dataset Original and DeepFake Voices for AI-Based Voice Analysis and Detection/Dataset/S11F04/Real/19.wav,0,MEN,MEN-S11F04,TG:bc0f2c6a0e07b2a6,-10.671875,1,0.3675,2.3187478e-05
mendeley/extracted/Bangla Audio Dataset Original and DeepFake Voices for AI-Based Voice Analysis and Detection/Dataset/S11F04/Real/2.wav,0,MEN,MEN-S11F04,TG:ea8971d60c8a3d84,-8.96875,1,0.4675,0.00012731104
mendeley/extracted/Bangla Audio Dataset Original and DeepFake Voices for AI-Based Voice Analysis and Detection/Dataset/S11F04/Real/20.wav,0,MEN,MEN-S11F04,TG:39cfe8a6d823ad48,-9.625,1,0.4508333333333333,6.605214e-05
mendeley/extracted/Bangla Audio Dataset Original and DeepFake Voices for AI-Based Voice Analysis and Detection/Dataset/S11F04/Real/21.wav,0,MEN,MEN-S11F04,TG:d51ff1fb9a1168b3,-10.7109375,1,0.4841666666666666,2.2299198e-05
mendeley/extracted/Bangla Audio Dataset Original and DeepFake Voices for AI-Based Voice Analysis and Detection/Dataset/S11F04/Real/22.wav,0,MEN,MEN-S11F04,TG:6b10fe5360d0e7f0,-12.6328125,1,0.4175,3.2631558e-06
mendeley/extracted/Bangla Audio Dataset Original and DeepFake Voices for AI-Based Voice Analysis and Detection/Dataset/S11F04/Real/23.wav,0,MEN,MEN-S11F04,TG:e157bbeeb235cb6a,-9.7109375,1,0.4008333333333334,6.0613183e-05
mendeley/extracted/Bangla Audio Dataset Original and DeepFake Voices for AI-Based Voice Analysis and Detection/Dataset/S11F04/Real/24.wav,0,MEN,MEN-S11F04,TG:2a9e487decd776c5,-7.4609375,1,0.3841666666666666,0.00057478616
mendeley/extracted/Bangla Audio Dataset Original and DeepFake Voices for AI-Based Voice Analysis and Detection/Dataset/S11F04/Real/25.wav,0,MEN,MEN-S11F04,TG:4d4c34eabaac8b21,1.9511719,1,0.3841666666666666,0.87557435
mendeley/extracted/Bangla Audio Dataset Original and DeepFake Voices for AI-Based Voice Analysis and Detection/Dataset/S11F04/Real/26.wav,0,MEN,MEN-S11F04,TG:dbdf0c4b52c43061,-12.9609375,1,0.4341666666666667,2.350365e-06
mendeley/extracted/Bangla Audio Dataset Original and DeepFake Voices for AI-Based Voice Analysis and Detection/Dataset/S11F04/Real/27.wav,0,MEN,MEN-S11F04,TG:329dcc685ab1bc7b,-6.0507812,1,0.3841666666666666,0.0023504829
mendeley/extracted/Bangla Audio Dataset Original and DeepFake Voices for AI-Based Voice Analysis and Detection/Dataset/S11F04/Real/28.wav,0,MEN,MEN-S11F04,TG:449f908bd492908d,-10.2734375,1,0.4841666666666666,3.4537254e-05
mendeley/extracted/Bangla Audio Dataset Original and DeepFake Voices for AI-Based Voice Analysis and Detection/Dataset/S11F04/Real/29.wav,0,MEN,MEN-S11F04,TG:181c8cafbfc40722,-12.7734375,1,0.4675,2.8350803e-06
mendeley/extracted/Bangla Audio Dataset Original and DeepFake Voices for AI-Based Voice Analysis and Detection/Dataset/S11F04/Real/3.wav,0,MEN,MEN-S11F04,TG:017a83ba301f0b69,-11.703125,1,0.4341666666666667,8.267873e-06
mendeley/extracted/Bangla Audio Dataset Original and DeepFake Voices for AI-Based Voice Analysis and Detection/Dataset/S11F04/Real/30.wav,0,MEN,MEN-S11F04,TG:6a64af8cbace37e4,-14.25,1,0.3508333333333333,6.475948e-07
mendeley/extracted/Bangla Audio Dataset Original and DeepFake Voices for AI-Based Voice Analysis and Detection/Dataset/S11F04/Real/4.wav,0,MEN,MEN-S11F04,TG:eebedcc2c0031aad,-16.46875,1,0.4341666666666667,7.04227e-08
mendeley/extracted/Bangla Audio Dataset Original and DeepFake Voices for AI-Based Voice Analysis and Detection/Dataset/S11F04/Real/5.wav,0,MEN,MEN-S11F04,TG:d6de9b7770d9f7f2,-7.4882812,1,0.4008333333333334,0.000559291
mendeley/extracted/Bangla Audio Dataset Original and DeepFake Voices for AI-Based Voice Analysis and Detection/Dataset/S11F04/Real/6.wav,0,MEN,MEN-S11F04,TG:31de86c32ec8fe13,-10.671875,1,0.4024999999999999,2.3187478e-05
mendeley/extracted/Bangla Audio Dataset Original and DeepFake Voices for AI-Based Voice Analysis and Detection/Dataset/S11F04/Real/7.wav,0,MEN,MEN-S11F04,TG:5b3673d2432ab3fb,-11.0703125,1,0.4191666666666667,1.5567455e-05
mendeley/extracted/Bangla Audio Dataset Original and DeepFake Voices for AI-Based Voice Analysis and Detection/Dataset/S11F04/Real/8.wav,0,MEN,MEN-S11F04,TG:4f86653bb20c8a4c,-17.578125,1,0.4675,2.3222947e-08
mendeley/extracted/Bangla Audio Dataset Original and DeepFake Voices for AI-Based Voice Analysis and Detection/Dataset/S11F04/Real/9.wav,0,MEN,MEN-S11F04,TG:e90d11ccf74f6fd3,-7.9140625,1,0.3841666666666666,0.00036543285
mendeley/extracted/Bangla Audio Dataset Original and DeepFake Voices for AI-Based Voice Analysis and Detection/Dataset/S11M01/Fake/1.wav,1,MEN,MEN-S11M01,TG:2cc4f4d2a83c1413,10.4765625,1,0.3008333333333333,0.99997187
mendeley/extracted/Bangla Audio Dataset Original and DeepFake Voices for AI-Based Voice Analysis and Detection/Dataset/S11M01/Fake/10.wav,1,MEN,MEN-S11M01,TG:a274fcdc210bc630,2.0117188,1,0.5325,0.882022
mendeley/extracted/Bangla Audio Dataset Original and DeepFake Voices for AI-Based Voice Analysis and Detection/Dataset/S11M01/Fake/11.wav,1,MEN,MEN-S11M01,TG:3ff090a90db76715,-7.3632812,1,0.3808333333333333,0.0006337125
mendeley/extracted/Bangla Audio Dataset Original and DeepFake Voices for AI-Based Voice Analysis and Detection/Dataset/S11M01/Fake/12.wav,1,MEN,MEN-S11M01,TG:71382ca3963bf670,-1.5458984,1,0.5375,0.17567946
mendeley/extracted/Bangla Audio Dataset Original and DeepFake Voices for AI-Based Voice Analysis and Detection/Dataset/S11M01/Fake/13.wav,1,MEN,MEN-S11M01,TG:452ffb045be62656,4.203125,1,0.5241666666666667,0.98527133
mendeley/extracted/Bangla Audio Dataset Original and DeepFake Voices for AI-Based Voice Analysis and Detection/Dataset/S11M01/Fake/14.wav,1,MEN,MEN-S11M01,TG:7eedeccecbd89970,-6.3867188,1,0.5775,0.0016809416
mendeley/extracted/Bangla Audio Dataset Original and DeepFake Voices for AI-Based Voice Analysis and Detection/Dataset/S11M01/Fake/15.wav,1,MEN,MEN-S11M01,TG:d87b618675761d08,-3.1054688,1,0.3325,0.042882238
mendeley/extracted/Bangla Audio Dataset Original and DeepFake Voices for AI-Based Voice Analysis and Detection/Dataset/S11M01/Fake/16.wav,1,MEN,MEN-S11M01,TG:bb75654add7236ae,-6.546875,1,0.5141666666666667,0.0014325366
mendeley/extracted/Bangla Audio Dataset Original and DeepFake Voices for AI-Based Voice Analysis and Detection/Dataset/S11M01/Fake/17.wav,1,MEN,MEN-S11M01,TG:89ee3dc6d83890bd,-9.3125,1,0.4308333333333333,9.028039e-05
mendeley/extracted/Bangla Audio Dataset Original and DeepFake Voices for AI-Based Voice Analysis and Detection/Dataset/S11M01/Fake/18.wav,1,MEN,MEN-S11M01,TG:818304947fb7a25a,7.4023438,1,0.5125,0.9993905
mendeley/extracted/Bangla Audio Dataset Original and DeepFake Voices for AI-Based Voice Analysis and Detection/Dataset/S11M01/Fake/19.wav,1,MEN,MEN-S11M01,TG:bc0f2c6a0e07b2a6,-4.078125,1,0.4125,0.01665704
mendeley/extracted/Bangla Audio Dataset Original and DeepFake Voices for AI-Based Voice Analysis and Detection/Dataset/S11M01/Fake/2.wav,1,MEN,MEN-S11M01,TG:ea8971d60c8a3d84,-3.9277344,1,0.4141666666666667,0.019308085
mendeley/extracted/Bangla Audio Dataset Original and DeepFake Voices for AI-Based Voice Analysis and Detection/Dataset/S11M01/Fake/20.wav,1,MEN,MEN-S11M01,TG:39cfe8a6d823ad48,-11.390625,1,0.5341666666666667,1.1300809e-05
mendeley/extracted/Bangla Audio Dataset Original and DeepFake Voices for AI-Based Voice Analysis and Detection/Dataset/S11M01/Fake/21.wav,1,MEN,MEN-S11M01,TG:d51ff1fb9a1168b3,-7.15625,1,0.5075000000000001,0.00077936606
mendeley/extracted/Bangla Audio Dataset Original and DeepFake Voices for AI-Based Voice Analysis and Detection/Dataset/S11M01/Fake/22.wav,1,MEN,MEN-S11M01,TG:6b10fe5360d0e7f0,1.375,1,0.3058333333333333,0.7981868
mendeley/extracted/Bangla Audio Dataset Original and DeepFake Voices for AI-Based Voice Analysis and Detection/Dataset/S11M01/Fake/23.wav,1,MEN,MEN-S11M01,TG:e157bbeeb235cb6a,1.0009766,1,0.6191666666666666,0.7312505
mendeley/extracted/Bangla Audio Dataset Original and DeepFake Voices for AI-Based Voice Analysis and Detection/Dataset/S11M01/Fake/24.wav,1,MEN,MEN-S11M01,TG:2a9e487decd776c5,-11.0390625,1,0.3941666666666666,1.6061611e-05
mendeley/extracted/Bangla Audio Dataset Original and DeepFake Voices for AI-Based Voice Analysis and Detection/Dataset/S11M01/Fake/25.wav,1,MEN,MEN-S11M01,TG:4d4c34eabaac8b21,-8.53125,1,0.4841666666666666,0.00019716943
mendeley/extracted/Bangla Audio Dataset Original and DeepFake Voices for AI-Based Voice Analysis and Detection/Dataset/S11M01/Fake/26.wav,1,MEN,MEN-S11M01,TG:dbdf0c4b52c43061,2.1074219,1,0.4775,0.8916225
mendeley/extracted/Bangla Audio Dataset Original and DeepFake Voices for AI-Based Voice Analysis and Detection/Dataset/S11M01/Fake/27.wav,1,MEN,MEN-S11M01,TG:329dcc685ab1bc7b,0.30786133,1,0.5191666666666667,0.57636315
mendeley/extracted/Bangla Audio Dataset Original and DeepFake Voices for AI-Based Voice Analysis and Detection/Dataset/S11M01/Fake/28.wav,1,MEN,MEN-S11M01,TG:449f908bd492908d,7.6289062,1,0.4725,0.9995141
mendeley/extracted/Bangla Audio Dataset Original and DeepFake Voices for AI-Based Voice Analysis and Detection/Dataset/S11M01/Fake/29.wav,1,MEN,MEN-S11M01,TG:181c8cafbfc40722,4.734375,1,0.4125,0.99128854
mendeley/extracted/Bangla Audio Dataset Original and DeepFake Voices for AI-Based Voice Analysis and Detection/Dataset/S11M01/Fake/3.wav,1,MEN,MEN-S11M01,TG:017a83ba301f0b69,-6.8242188,1,0.3908333333333333,0.0010859445
mendeley/extracted/Bangla Audio Dataset Original and DeepFake Voices for AI-Based Voice Analysis and Detection/Dataset/S11M01/Fake/30.wav,1,MEN,MEN-S11M01,TG:6a64af8cbace37e4,-7.0976562,1,0.3908333333333333,0.0008263577
mendeley/extracted/Bangla Audio Dataset Original and DeepFake Voices for AI-Based Voice Analysis and Detection/Dataset/S11M01/Fake/4.wav,1,MEN,MEN-S11M01,TG:eebedcc2c0031aad,-6.9453125,1,0.5208333333333333,0.0009622126
mendeley/extracted/Bangla Audio Dataset Original and DeepFake Voices for AI-Based Voice Analysis and Detection/Dataset/S11M01/Fake/5.wav,1,MEN,MEN-S11M01,TG:d6de9b7770d9f7f2,8.515625,1,0.4408333333333333,0.9997998
mendeley/extracted/Bangla Audio Dataset Original and DeepFake Voices for AI-Based Voice Analysis and Detection/Dataset/S11M01/Fake/6.wav,1,MEN,MEN-S11M01,TG:31de86c32ec8fe13,-3.3535156,1,0.5458333333333334,0.03378023
mendeley/extracted/Bangla Audio Dataset Original and DeepFake Voices for AI-Based Voice Analysis and Detection/Dataset/S11M01/Fake/7.wav,1,MEN,MEN-S11M01,TG:5b3673d2432ab3fb,-5.421875,1,0.4608333333333333,0.0043994132
mendeley/extracted/Bangla Audio Dataset Original and DeepFake Voices for AI-Based Voice Analysis and Detection/Dataset/S11M01/Fake/8.wav,1,MEN,MEN-S11M01,TG:4f86653bb20c8a4c,-0.2915039,1,0.5741666666666667,0.4276357
mendeley/extracted/Bangla Audio Dataset Original and DeepFake Voices for AI-Based Voice Analysis and Detection/Dataset/S11M01/Fake/9.wav,1,MEN,MEN-S11M01,TG:e90d11ccf74f6fd3,8.9375,1,0.4991666666666666,0.99986863
mendeley/extracted/Bangla Audio Dataset Original and DeepFake Voices for AI-Based Voice Analysis and Detection/Dataset/S11M01/Real/1.wav,0,MEN,MEN-S11M01,TG:2cc4f4d2a83c1413,-11.5703125,1,0.3508333333333333,9.442197e-06
mendeley/extracted/Bangla Audio Dataset Original and DeepFake Voices for AI-Based Voice Analysis and Detection/Dataset/S11M01/Real/10.wav,0,MEN,MEN-S11M01,TG:a274fcdc210bc630,-10.875,1,0.3508333333333333,1.8925148e-05
mendeley/extracted/Bangla Audio Dataset Original and DeepFake Voices for AI-Based Voice Analysis and Detection/Dataset/S11M01/Real/11.wav,0,MEN,MEN-S11M01,TG:3ff090a90db76715,-10.8125,1,0.3275,2.014569e-05
mendeley/extracted/Bangla Audio Dataset Original and DeepFake Voices for AI-Based Voice Analysis and Detection/Dataset/S11M01/Real/12.wav,0,MEN,MEN-S11M01,TG:71382ca3963bf670,-17.796875,1,0.3891666666666666,1.866016e-08
mendeley/extracted/Bangla Audio Dataset Original and DeepFake Voices for AI-Based Voice Analysis and Detection/Dataset/S11M01/Real/13.wav,0,MEN,MEN-S11M01,TG:452ffb045be62656,-17.515625,1,0.3891666666666666,2.4720698e-08
mendeley/extracted/Bangla Audio Dataset Original and DeepFake Voices for AI-Based Voice Analysis and Detection/Dataset/S11M01/Real/14.wav,0,MEN,MEN-S11M01,TG:7eedeccecbd89970,-18.734375,1,0.3675,7.3074236e-09
mendeley/extracted/Bangla Audio Dataset Original and DeepFake Voices for AI-Based Voice Analysis and Detection/Dataset/S11M01/Real/15.wav,0,MEN,MEN-S11M01,TG:d87b618675761d08,-9.8125,1,0.2841666666666667,5.4759774e-05
mendeley/extracted/Bangla Audio Dataset Original and DeepFake Voices for AI-Based Voice Analysis and Detection/Dataset/S11M01/Real/16.wav,0,MEN,MEN-S11M01,TG:bb75654add7236ae,-14.4609375,1,0.3874999999999999,5.244383e-07
mendeley/extracted/Bangla Audio Dataset Original and DeepFake Voices for AI-Based Voice Analysis and Detection/Dataset/S11M01/Real/17.wav,0,MEN,MEN-S11M01,TG:89ee3dc6d83890bd,-11.7265625,1,0.3908333333333333,8.076349e-06
mendeley/extracted/Bangla Audio Dataset Original and DeepFake Voices for AI-Based Voice Analysis and Detection/Dataset/S11M01/Real/18.wav,0,MEN,MEN-S11M01,TG:818304947fb7a25a,-18.265625,1,0.3908333333333333,1.1677231e-08
mendeley/extracted/Bangla Audio Dataset Original and DeepFake Voices for AI-Based Voice Analysis and Detection/Dataset/S11M01/Real/19.wav,0,MEN,MEN-S11M01,TG:bc0f2c6a0e07b2a6,-11.5390625,1,0.3208333333333333,9.7419215e-06
mendeley/extracted/Bangla Audio Dataset Original and DeepFake Voices for AI-Based Voice Analysis and Detection/Dataset/S11M01/Real/2.wav,0,MEN,MEN-S11M01,TG:ea8971d60c8a3d84,-10.984375,1,0.3675,1.6964426e-05
mendeley/extracted/Bangla Audio Dataset Original and DeepFake Voices for AI-Based Voice Analysis and Detection/Dataset/S11M01/Real/20.wav,0,MEN,MEN-S11M01,TG:39cfe8a6d823ad48,-12.4453125,1,0.3874999999999999,3.936115e-06
mendeley/extracted/Bangla Audio Dataset Original and DeepFake Voices for AI-Based Voice Analysis and Detection/Dataset/S11M01/Real/21.wav,0,MEN,MEN-S11M01,TG:d51ff1fb9a1168b3,-13.765625,1,0.3675,1.0511496e-06
mendeley/extracted/Bangla Audio Dataset Original and DeepFake Voices for AI-Based Voice Analysis and Detection/Dataset/S11M01/Real/22.wav,0,MEN,MEN-S11M01,TG:6b10fe5360d0e7f0,-9.84375,1,0.2758333333333334,5.307508e-05
mendeley/extracted/Bangla Audio Dataset Original and DeepFake Voices for AI-Based Voice Analysis and Detection/Dataset/S11M01/Real/23.wav,0,MEN,MEN-S11M01,TG:e157bbeeb235cb6a,-12.3828125,1,0.5041666666666667,4.1899716e-06
mendeley/extracted/Bangla Audio Dataset Original and DeepFake Voices for AI-Based Voice Analysis and Detection/Dataset/S11M01/Real/24.wav,0,MEN,MEN-S11M01,TG:2a9e487decd776c5,-11.8671875,1,0.2908333333333334,7.016861e-06
mendeley/extracted/Bangla Audio Dataset Original and DeepFake Voices for AI-Based Voice Analysis and Detection/Dataset/S11M01/Real/25.wav,0,MEN,MEN-S11M01,TG:4d4c34eabaac8b21,-14.5,1,0.3525,5.043474e-07
mendeley/extracted/Bangla Audio Dataset Original and DeepFake Voices for AI-Based Voice Analysis and Detection/Dataset/S11M01/Real/26.wav,0,MEN,MEN-S11M01,TG:dbdf0c4b52c43061,-16.671875,1,0.3175,5.7477344e-08
mendeley/extracted/Bangla Audio Dataset Original and DeepFake Voices for AI-Based Voice Analysis and Detection/Dataset/S11M01/Real/27.wav,0,MEN,MEN-S11M01,TG:329dcc685ab1bc7b,-12.9765625,1,0.3841666666666666,2.3139264e-06
mendeley/extracted/Bangla Audio Dataset Original and DeepFake Voices for AI-Based Voice Analysis and Detection/Dataset/S11M01/Real/28.wav,0,MEN,MEN-S11M01,TG:449f908bd492908d,-14.296875,1,0.3125,6.179393e-07
mendeley/extracted/Bangla Audio Dataset Original and DeepFake Voices for AI-Based Voice Analysis and Detection/Dataset/S11M01/Real/29.wav,0,MEN,MEN-S11M01,TG:181c8cafbfc40722,-18.546875,1,0.3225,8.814436e-09
mendeley/extracted/Bangla Audio Dataset Original and DeepFake Voices for AI-Based Voice Analysis and Detection/Dataset/S11M01/Real/3.wav,0,MEN,MEN-S11M01,TG:017a83ba301f0b69,-12.015625,1,0.2508333333333333,6.0489183e-06
mendeley/extracted/Bangla Audio Dataset Original and DeepFake Voices for AI-Based Voice Analysis and Detection/Dataset/S11M01/Real/30.wav,0,MEN,MEN-S11M01,TG:6a64af8cbace37e4,-13.5,1,0.2508333333333333,1.3709571e-06
mendeley/extracted/Bangla Audio Dataset Original and DeepFake Voices for AI-Based Voice Analysis and Detection/Dataset/S11M01/Real/4.wav,0,MEN,MEN-S11M01,TG:eebedcc2c0031aad,-12.625,1,0.3008333333333333,3.2887488e-06
mendeley/extracted/Bangla Audio Dataset Original and DeepFake Voices for AI-Based Voice Analysis and Detection/Dataset/S11M01/Real/5.wav,0,MEN,MEN-S11M01,TG:d6de9b7770d9f7f2,-15.078125,1,0.2958333333333333,2.8291333e-07
mendeley/extracted/Bangla Audio Dataset Original and DeepFake Voices for AI-Based Voice Analysis and Detection/Dataset/S11M01/Real/6.wav,0,MEN,MEN-S11M01,TG:31de86c32ec8fe13,-10.671875,1,0.3341666666666666,2.3187478e-05
mendeley/extracted/Bangla Audio Dataset Original and DeepFake Voices for AI-Based Voice Analysis and Detection/Dataset/S11M01/Real/7.wav,0,MEN,MEN-S11M01,TG:5b3673d2432ab3fb,-11.40625,1,0.4675,1.1125608e-05
mendeley/extracted/Bangla Audio Dataset Original and DeepFake Voices for AI-Based Voice Analysis and Detection/Dataset/S11M01/Real/8.wav,0,MEN,MEN-S11M01,TG:4f86653bb20c8a4c,-11.28125,1,0.4058333333333334,1.2606946e-05
mendeley/extracted/Bangla Audio Dataset Original and DeepFake Voices for AI-Based Voice Analysis and Detection/Dataset/S11M01/Real/9.wav,0,MEN,MEN-S11M01,TG:e90d11ccf74f6fd3,-14.78125,1,0.3558333333333333,3.8070144e-07
mendeley/extracted/Bangla Audio Dataset Original and DeepFake Voices for AI-Based Voice Analysis and Detection/Dataset/S11M03/Fake/1.wav,1,MEN,MEN-S11M03,TG:2cc4f4d2a83c1413,-5.0625,1,0.2708333333333333,0.006289902
mendeley/extracted/Bangla Audio Dataset Original and DeepFake Voices for AI-Based Voice Analysis and Detection/Dataset/S11M03/Fake/10.wav,1,MEN,MEN-S11M03,TG:a274fcdc210bc630,9.8828125,1,0.4558333333333333,0.999949
mendeley/extracted/Bangla Audio Dataset Original and DeepFake Voices for AI-Based Voice Analysis and Detection/Dataset/S11M03/Fake/11.wav,1,MEN,MEN-S11M03,TG:3ff090a90db76715,-7.375,1,0.3525,0.0006263342
mendeley/extracted/Bangla Audio Dataset Original and DeepFake Voices for AI-Based Voice Analysis and Detection/Dataset/S11M03/Fake/12.wav,1,MEN,MEN-S11M03,TG:71382ca3963bf670,3.1484375,1,0.4775,0.9588471
mendeley/extracted/Bangla Audio Dataset Original and DeepFake Voices for AI-Based Voice Analysis and Detection/Dataset/S11M03/Fake/13.wav,1,MEN,MEN-S11M03,TG:452ffb045be62656,7.4453125,1,0.4458333333333333,0.99941623
mendeley/extracted/Bangla Audio Dataset Original and DeepFake Voices for AI-Based Voice Analysis and Detection/Dataset/S11M03/Fake/14.wav,1,MEN,MEN-S11M03,TG:7eedeccecbd89970,5.4375,1,0.5391666666666667,0.99566853
mendeley/extracted/Bangla Audio Dataset Original and DeepFake Voices for AI-Based Voice Analysis and Detection/Dataset/S11M03/Fake/15.wav,1,MEN,MEN-S11M03,TG:d87b618675761d08,1.3349609,1,0.3041666666666667,0.7916601
mendeley/extracted/Bangla Audio Dataset Original and DeepFake Voices for AI-Based Voice Analysis and Detection/Dataset/S11M03/Fake/16.wav,1,MEN,MEN-S11M03,TG:bb75654add7236ae,3.4101562,1,0.5591666666666666,0.9680205
mendeley/extracted/Bangla Audio Dataset Original and DeepFake Voices for AI-Based Voice Analysis and Detection/Dataset/S11M03/Fake/17.wav,1,MEN,MEN-S11M03,TG:89ee3dc6d83890bd,-5.0820312,1,0.4158333333333334,0.0061689946
mendeley/extracted/Bangla Audio Dataset Original and DeepFake Voices for AI-Based Voice Analysis and Detection/Dataset/S11M03/Fake/18.wav,1,MEN,MEN-S11M03,TG:818304947fb7a25a,3.0332031,1,0.4691666666666666,0.9540518
mendeley/extracted/Bangla Audio Dataset Original and DeepFake Voices for AI-Based Voice Analysis and Detection/Dataset/S11M03/Fake/19.wav,1,MEN,MEN-S11M03,TG:bc0f2c6a0e07b2a6,5.1796875,1,0.3924999999999999,0.99440175
mendeley/extracted/Bangla Audio Dataset Original and DeepFake Voices for AI-Based Voice Analysis and Detection/Dataset/S11M03/Fake/2.wav,1,MEN,MEN-S11M03,TG:ea8971d60c8a3d84,-2.6035156,1,0.4841666666666666,0.0689125
mendeley/extracted/Bangla Audio Dataset Original and DeepFake Voices for AI-Based Voice Analysis and Detection/Dataset/S11M03/Fake/20.wav,1,MEN,MEN-S11M03,TG:39cfe8a6d823ad48,-7.7695312,1,0.5125,0.00042223287
mendeley/extracted/Bangla Audio Dataset Original and DeepFake Voices for AI-Based Voice Analysis and Detection/Dataset/S11M03/Fake/21.wav,1,MEN,MEN-S11M03,TG:d51ff1fb9a1168b3,-3.7890625,1,0.4841666666666666,0.02211659
mendeley/extracted/Bangla Audio Dataset Original and DeepFake Voices for AI-Based Voice Analysis and Detection/Dataset/S11M03/Fake/22.wav,1,MEN,MEN-S11M03,TG:6b10fe5360d0e7f0,-5.4882812,1,0.2541666666666666,0.0041179177
mendeley/extracted/Bangla Audio Dataset Original and DeepFake Voices for AI-Based Voice Analysis and Detection/Dataset/S11M03/Fake/23.wav,1,MEN,MEN-S11M03,TG:e157bbeeb235cb6a,-7.3398438,1,0.5391666666666667,0.00064873084
mendeley/extracted/Bangla Audio Dataset Original and DeepFake Voices for AI-Based Voice Analysis and Detection/Dataset/S11M03/Fake/24.wav,1,MEN,MEN-S11M03,TG:2a9e487decd776c5,3.6777344,1,0.2941666666666667,0.9753431
mendeley/extracted/Bangla Audio Dataset Original and DeepFake Voices for AI-Based Voice Analysis and Detection/Dataset/S11M03/Fake/25.wav,1,MEN,MEN-S11M03,TG:4d4c34eabaac8b21,0.89697266,1,0.4275,0.71032697
mendeley/extracted/Bangla Audio Dataset Original and DeepFake Voices for AI-Based Voice Analysis and Detection/Dataset/S11M03/Fake/26.wav,1,MEN,MEN-S11M03,TG:dbdf0c4b52c43061,-5.1132812,1,0.4625,0.0059803305
mendeley/extracted/Bangla Audio Dataset Original and DeepFake Voices for AI-Based Voice Analysis and Detection/Dataset/S11M03/Fake/27.wav,1,MEN,MEN-S11M03,TG:329dcc685ab1bc7b,3.3515625,1,0.5258333333333334,0.966156
mendeley/extracted/Bangla Audio Dataset Original and DeepFake Voices for AI-Based Voice Analysis and Detection/Dataset/S11M03/Fake/28.wav,1,MEN,MEN-S11M03,TG:449f908bd492908d,3.8652344,1,0.4508333333333333,0.97947216
mendeley/extracted/Bangla Audio Dataset Original and DeepFake Voices for AI-Based Voice Analysis and Detection/Dataset/S11M03/Fake/29.wav,1,MEN,MEN-S11M03,TG:181c8cafbfc40722,7.0234375,1,0.4308333333333333,0.99911004
mendeley/extracted/Bangla Audio Dataset Original and DeepFake Voices for AI-Based Voice Analysis and Detection/Dataset/S11M03/Fake/3.wav,1,MEN,MEN-S11M03,TG:017a83ba301f0b69,-11.3359375,1,0.3974999999999999,1.1936024e-05
mendeley/extracted/Bangla Audio Dataset Original and DeepFake Voices for AI-Based Voice Analysis and Detection/Dataset/S11M03/Fake/30.wav,1,MEN,MEN-S11M03,TG:6a64af8cbace37e4,1.6884766,1,0.3558333333333333,0.8440237
mendeley/extracted/Bangla Audio Dataset Original and DeepFake Voices for AI-Based Voice Analysis and Detection/Dataset/S11M03/Fake/4.wav,1,MEN,MEN-S11M03,TG:eebedcc2c0031aad,-5.8867188,1,0.4541666666666667,0.0027683855
mendeley/extracted/Bangla Audio Dataset Original and DeepFake Voices for AI-Based Voice Analysis and Detection/Dataset/S11M03/Fake/5.wav,1,MEN,MEN-S11M03,TG:d6de9b7770d9f7f2,-12.5078125,1,0.4008333333333334,3.6976385e-06
mendeley/extracted/Bangla Audio Dataset Original and DeepFake Voices for AI-Based Voice Analysis and Detection/Dataset/S11M03/Fake/6.wav,1,MEN,MEN-S11M03,TG:31de86c32ec8fe13,-11.9609375,1,0.5075000000000001,6.3889293e-06
mendeley/extracted/Bangla Audio Dataset Original and DeepFake Voices for AI-Based Voice Analysis and Detection/Dataset/S11M03/Fake/7.wav,1,MEN,MEN-S11M03,TG:5b3673d2432ab3fb,2.7617188,1,0.5091666666666667,0.9405718
mendeley/extracted/Bangla Audio Dataset Original and DeepFake Voices for AI-Based Voice Analysis and Detection/Dataset/S11M03/Fake/8.wav,1,MEN,MEN-S11M03,TG:4f86653bb20c8a4c,0.32348633,1,0.5608333333333333,0.5801737
mendeley/extracted/Bangla Audio Dataset Original and DeepFake Voices for AI-Based Voice Analysis and Detection/Dataset/S11M03/Fake/9.wav,1,MEN,MEN-S11M03,TG:e90d11ccf74f6fd3,2.9707031,1,0.4075,0.9512329
mendeley/extracted/Bangla Audio Dataset Original and DeepFake Voices for AI-Based Voice Analysis and Detection/Dataset/S11M03/Real/1.wav,0,MEN,MEN-S11M03,TG:2cc4f4d2a83c1413,-2.3847656,1,0.4341666666666667,0.084341794
mendeley/extracted/Bangla Audio Dataset Original and DeepFake Voices for AI-Based Voice Analysis and Detection/Dataset/S11M03/Real/10.wav,0,MEN,MEN-S11M03,TG:a274fcdc210bc630,-7.2460938,1,0.3341666666666666,0.000712446
mendeley/extracted/Bangla Audio Dataset Original and DeepFake Voices for AI-Based Voice Analysis and Detection/Dataset/S11M03/Real/11.wav,0,MEN,MEN-S11M03,TG:3ff090a90db76715,1.2119141,1,0.4508333333333333,0.77063745
mendeley/extracted/Bangla Audio Dataset Original and DeepFake Voices for AI-Based Voice Analysis and Detection/Dataset/S11M03/Real/12.wav,0,MEN,MEN-S11M03,TG:71382ca3963bf670,4.0390625,1,0.3841666666666666,0.9826909
mendeley/extracted/Bangla Audio Dataset Original and DeepFake Voices for AI-Based Voice Analysis and Detection/Dataset/S11M03/Real/13.wav,0,MEN,MEN-S11M03,TG:452ffb045be62656,-8.125,1,0.4024999999999999,0.0002959571
mendeley/extracted/Bangla Audio Dataset Original and DeepFake Voices for AI-Based Voice Analysis and Detection/Dataset/S11M03/Real/14.wav,0,MEN,MEN-S11M03,TG:7eedeccecbd89970,-4.0898438,1,0.4841666666666666,0.016466174
mendeley/extracted/Bangla Audio Dataset Original and DeepFake Voices for AI-Based Voice Analysis and Detection/Dataset/S11M03/Real/15.wav,0,MEN,MEN-S11M03,TG:d87b618675761d08,-11.6796875,1,0.3841666666666666,8.463938e-06
mendeley/extracted/Bangla Audio Dataset Original and DeepFake Voices for AI-Based Voice Analysis and Detection/Dataset/S11M03/Real/16.wav,0,MEN,MEN-S11M03,TG:bb75654add7236ae,-4.4492188,1,0.3525,0.01155267
mendeley/extracted/Bangla Audio Dataset Original and DeepFake Voices for AI-Based Voice Analysis and Detection/Dataset/S11M03/Real/17.wav,0,MEN,MEN-S11M03,TG:89ee3dc6d83890bd,-5.0585938,1,0.4525,0.0063143647
mendeley/extracted/Bangla Audio Dataset Original and DeepFake Voices for AI-Based Voice Analysis and Detection/Dataset/S11M03/Real/18.wav,0,MEN,MEN-S11M03,TG:818304947fb7a25a,-8.8046875,1,0.4508333333333333,0.00015000567
mendeley/extracted/Bangla Audio Dataset Original and DeepFake Voices for AI-Based Voice Analysis and Detection/Dataset/S11M03/Real/19.wav,0,MEN,MEN-S11M03,TG:bc0f2c6a0e07b2a6,5.5039062,1,0.4675,0.99594563
mendeley/extracted/Bangla Audio Dataset Original and DeepFake Voices for AI-Based Voice Analysis and Detection/Dataset/S11M03/Real/2.wav,0,MEN,MEN-S11M03,TG:ea8971d60c8a3d84,-2.0546875,1,0.5191666666666667,0.11357959
mendeley/extracted/Bangla Audio Dataset Original and DeepFake Voices for AI-Based Voice Analysis and Detection/Dataset/S11M03/Real/20.wav,0,MEN,MEN-S11M03,TG:39cfe8a6d823ad48,-2.7871094,1,0.4341666666666667,0.058024745
mendeley/extracted/Bangla Audio Dataset Original and DeepFake Voices for AI-Based Voice Analysis and Detection/Dataset/S11M03/Real/21.wav,0,MEN,MEN-S11M03,TG:d51ff1fb9a1168b3,-6.0429688,1,0.4008333333333334,0.0023688744
mendeley/extracted/Bangla Audio Dataset Original and DeepFake Voices for AI-Based Voice Analysis and Detection/Dataset/S11M03/Real/22.wav,0,MEN,MEN-S11M03,TG:6b10fe5360d0e7f0,-2.4316406,1,0.3691666666666666,0.08079154
mendeley/extracted/Bangla Audio Dataset Original and DeepFake Voices for AI-Based Voice Analysis and Detection/Dataset/S11M03/Real/23.wav,0,MEN,MEN-S11M03,TG:e157bbeeb235cb6a,4.4375,1,0.5258333333333334,0.9883128
mendeley/extracted/Bangla Audio Dataset Original and DeepFake Voices for AI-Based Voice Analysis and Detection/Dataset/S11M03/Real/24.wav,0,MEN,MEN-S11M03,TG:2a9e487decd776c5,-0.86621094,1,0.3691666666666666,0.29604334
mendeley/extracted/Bangla Audio Dataset Original and DeepFake Voices for AI-Based Voice Analysis and Detection/Dataset/S11M03/Real/25.wav,0,MEN,MEN-S11M03,TG:4d4c34eabaac8b21,1.1113281,1,0.3841666666666666,0.7523766
mendeley/extracted/Bangla Audio Dataset Original and DeepFake Voices for AI-Based Voice Analysis and Detection/Dataset/S11M03/Real/26.wav,0,MEN,MEN-S11M03,TG:dbdf0c4b52c43061,-6.671875,1,0.3575,0.001264422
mendeley/extracted/Bangla Audio Dataset Original and DeepFake Voices for AI-Based Voice Analysis and Detection/Dataset/S11M03/Real/27.wav,0,MEN,MEN-S11M03,TG:329dcc685ab1bc7b,-12.8125,1,0.4024999999999999,2.7264705e-06
mendeley/extracted/Bangla Audio Dataset Original and DeepFake Voices for AI-Based Voice Analysis and Detection/Dataset/S11M03/Real/28.wav,0,MEN,MEN-S11M03,TG:449f908bd492908d,0.9819336,1,0.4008333333333334,0.72749174
mendeley/extracted/Bangla Audio Dataset Original and DeepFake Voices for AI-Based Voice Analysis and Detection/Dataset/S11M03/Real/29.wav,0,MEN,MEN-S11M03,TG:181c8cafbfc40722,-4.5,1,0.3675,0.010986943
mendeley/extracted/Bangla Audio Dataset Original and DeepFake Voices for AI-Based Voice Analysis and Detection/Dataset/S11M03/Real/3.wav,0,MEN,MEN-S11M03,TG:017a83ba301f0b69,-8.2578125,1,0.3691666666666666,0.00025915826
mendeley/extracted/Bangla Audio Dataset Original and DeepFake Voices for AI-Based Voice Analysis and Detection/Dataset/S11M03/Real/30.wav,0,MEN,MEN-S11M03,TG:6a64af8cbace37e4,-5.6992188,1,0.4791666666666666,0.003337405
mendeley/extracted/Bangla Audio Dataset Original and DeepFake Voices for AI-Based Voice Analysis and Detection/Dataset/S11M03/Real/4.wav,0,MEN,MEN-S11M03,TG:eebedcc2c0031aad,-6.5546875,1,0.5025,0.0014214043
mendeley/extracted/Bangla Audio Dataset Original and DeepFake Voices for AI-Based Voice Analysis and Detection/Dataset/S11M03/Real/5.wav,0,MEN,MEN-S11M03,TG:d6de9b7770d9f7f2,-3.0800781,1,0.4008333333333334,0.043936532
mendeley/extracted/Bangla Audio Dataset Original and DeepFake Voices for AI-Based Voice Analysis and Detection/Dataset/S11M03/Real/6.wav,0,MEN,MEN-S11M03,TG:31de86c32ec8fe13,-4.1679688,1,0.5391666666666667,0.01524759
mendeley/extracted/Bangla Audio Dataset Original and DeepFake Voices for AI-Based Voice Analysis and Detection/Dataset/S11M03/Real/7.wav,0,MEN,MEN-S11M03,TG:5b3673d2432ab3fb,2.6503906,1,0.5775,0.93403506
mendeley/extracted/Bangla Audio Dataset Original and DeepFake Voices for AI-Based Voice Analysis and Detection/Dataset/S11M03/Real/8.wav,0,MEN,MEN-S11M03,TG:4f86653bb20c8a4c,-8.3046875,1,0.3841666666666666,0.00024729347
mendeley/extracted/Bangla Audio Dataset Original and DeepFake Voices for AI-Based Voice Analysis and Detection/Dataset/S11M03/Real/9.wav,0,MEN,MEN-S11M03,TG:e90d11ccf74f6fd3,-6.9648438,1,0.3375,0.00094361923
mendeley/extracted/Bangla Audio Dataset Original and DeepFake Voices for AI-Based Voice Analysis and Detection/Dataset/S11M05/Fake/1.wav,1,MEN,MEN-S11M05,TG:2cc4f4d2a83c1413,-6.328125,1,0.2741666666666666,0.0017821961
mendeley/extracted/Bangla Audio Dataset Original and DeepFake Voices for AI-Based Voice Analysis and Detection/Dataset/S11M05/Fake/10.wav,1,MEN,MEN-S11M05,TG:a274fcdc210bc630,7.5351562,1,0.5475,0.99946636
mendeley/extracted/Bangla Audio Dataset Original and DeepFake Voices for AI-Based Voice Analysis and Detection/Dataset/S11M05/Fake/11.wav,1,MEN,MEN-S11M05,TG:3ff090a90db76715,-2.3261719,1,0.4308333333333333,0.08897849
mendeley/extracted/Bangla Audio Dataset Original and DeepFake Voices for AI-Based Voice Analysis and Detection/Dataset/S11M05/Fake/12.wav,1,MEN,MEN-S11M05,TG:71382ca3963bf670,3.1464844,1,0.4175,0.9587699
mendeley/extracted/Bangla Audio Dataset Original and DeepFake Voices for AI-Based Voice Analysis and Detection/Dataset/S11M05/Fake/13.wav,1,MEN,MEN-S11M05,TG:452ffb045be62656,-3.390625,1,0.5241666666666667,0.032589745
mendeley/extracted/Bangla Audio Dataset Original and DeepFake Voices for AI-Based Voice Analysis and Detection/Dataset/S11M05/Fake/14.wav,1,MEN,MEN-S11M05,TG:7eedeccecbd89970,2.2246094,1,0.5425,0.9024378
mendeley/extracted/Bangla Audio Dataset Original and DeepFake Voices for AI-Based Voice Analysis and Detection/Dataset/S11M05/Fake/15.wav,1,MEN,MEN-S11M05,TG:d87b618675761d08,-5.5078125,1,0.2908333333333334,0.004038592
mendeley/extracted/Bangla Audio Dataset Original and DeepFake Voices for AI-Based Voice Analysis and Detection/Dataset/S11M05/Fake/16.wav,1,MEN,MEN-S11M05,TG:bb75654add7236ae,-7.4570312,1,0.5241666666666667,0.00057703455
mendeley/extracted/Bangla Audio Dataset Original and DeepFake Voices for AI-Based Voice Analysis and Detection/Dataset/S11M05/Fake/17.wav,1,MEN,MEN-S11M05,TG:89ee3dc6d83890bd,-3.4492188,1,0.4241666666666667,0.030792167
mendeley/extracted/Bangla Audio Dataset Original and DeepFake Voices for AI-Based Voice Analysis and Detection/Dataset/S11M05/Fake/18.wav,1,MEN,MEN-S11M05,TG:818304947fb7a25a,-6.8007812,1,0.5541666666666667,0.0011116682
mendeley/extracted/Bangla Audio Dataset Original and DeepFake Voices for AI-Based Voice Analysis and Detection/Dataset/S11M05/Fake/19.wav,1,MEN,MEN-S11M05,TG:bc0f2c6a0e07b2a6,-8.34375,1,0.3625,0.00023782204
mendeley/extracted/Bangla Audio Dataset Original and DeepFake Voices for AI-Based Voice Analysis and Detection/Dataset/S11M05/Fake/2.wav,1,MEN,MEN-S11M05,TG:ea8971d60c8a3d84,-6.8164062,1,0.4591666666666666,0.0010944523
mendeley/extracted/Bangla Audio Dataset Original and DeepFake Voices for AI-Based Voice Analysis and Detection/Dataset/S11M05/Fake/20.wav,1,MEN,MEN-S11M05,TG:39cfe8a6d823ad48,-0.4333496,1,0.5208333333333333,0.3933268
mendeley/extracted/Bangla Audio Dataset Original and DeepFake Voices for AI-Based Voice Analysis and Detection/Dataset/S11M05/Fake/21.wav,1,MEN,MEN-S11M05,TG:d51ff1fb9a1168b3,7.0585938,1,0.5525,0.99914074
mendeley/extracted/Bangla Audio Dataset Original and DeepFake Voices for AI-Based Voice Analysis and Detection/Dataset/S11M05/Fake/22.wav,1,MEN,MEN-S11M05,TG:6b10fe5360d0e7f0,-12.84375,1,0.3175,2.642586e-06
mendeley/extracted/Bangla Audio Dataset Original and DeepFake Voices for AI-Based Voice Analysis and Detection/Dataset/S11M05/Fake/23.wav,1,MEN,MEN-S11M05,TG:e157bbeeb235cb6a,-6.6796875,1,0.4341666666666667,0.0012545944
mendeley/extracted/Bangla Audio Dataset Original and DeepFake Voices for AI-Based Voice Analysis and Detection/Dataset/S11M05/Fake/24.wav,1,MEN,MEN-S11M05,TG:2a9e487decd776c5,10.0234375,1,0.3425,0.99995565
mendeley/extracted/Bangla Audio Dataset Original and DeepFake Voices for AI-Based Voice Analysis and Detection/Dataset/S11M05/Fake/25.wav,1,MEN,MEN-S11M05,TG:4d4c34eabaac8b21,3.5625,1,0.4741666666666666,0.9724148
mendeley/extracted/Bangla Audio Dataset Original and DeepFake Voices for AI-Based Voice Analysis and Detection/Dataset/S11M05/Fake/26.wav,1,MEN,MEN-S11M05,TG:dbdf0c4b52c43061,7.6953125,1,0.4708333333333333,0.9995453
mendeley/extracted/Bangla Audio Dataset Original and DeepFake Voices for AI-Based Voice Analysis and Detection/Dataset/S11M05/Fake/27.wav,1,MEN,MEN-S11M05,TG:329dcc685ab1bc7b,1.3662109,1,0.5808333333333333,0.7967673
mendeley/extracted/Bangla Audio Dataset Original and DeepFake Voices for AI-Based Voice Analysis and Detection/Dataset/S11M05/Fake/28.wav,1,MEN,MEN-S11M05,TG:449f908bd492908d,-7.6054688,1,0.4575,0.00049747445
mendeley/extracted/Bangla Audio Dataset Original and DeepFake Voices for AI-Based Voice Analysis and Detection/Dataset/S11M05/Fake/29.wav,1,MEN,MEN-S11M05,TG:181c8cafbfc40722,-7.3984375,1,0.4091666666666667,0.00061183405
mendeley/extracted/Bangla Audio Dataset Original and DeepFake Voices for AI-Based Voice Analysis and Detection/Dataset/S11M05/Fake/3.wav,1,MEN,MEN-S11M05,TG:017a83ba301f0b69,-1.5332031,1,0.3824999999999999,0.1775255
mendeley/extracted/Bangla Audio Dataset Original and DeepFake Voices for AI-Based Voice Analysis and Detection/Dataset/S11M05/Fake/30.wav,1,MEN,MEN-S11M05,TG:6a64af8cbace37e4,-8.25,1,0.4008333333333334,0.00026119035
mendeley/extracted/Bangla Audio Dataset Original and DeepFake Voices for AI-Based Voice Analysis and Detection/Dataset/S11M05/Fake/4.wav,1,MEN,MEN-S11M05,TG:eebedcc2c0031aad,-9.984375,1,0.5141666666666667,4.611275e-05
mendeley/extracted/Bangla Audio Dataset Original and DeepFake Voices for AI-Based Voice Analysis and Detection/Dataset/S11M05/Fake/5.wav,1,MEN,MEN-S11M05,TG:d6de9b7770d9f7f2,-2.0683594,1,0.4775,0.11221038
mendeley/extracted/Bangla Audio Dataset Original and DeepFake Voices for AI-Based Voice Analysis and Detection/Dataset/S11M05/Fake/6.wav,1,MEN,MEN-S11M05,TG:31de86c32ec8fe13,4.4375,1,0.5208333333333333,0.9883128
mendeley/extracted/Bangla Audio Dataset Original and DeepFake Voices for AI-Based Voice Analysis and Detection/Dataset/S11M05/Fake/7.wav,1,MEN,MEN-S11M05,TG:5b3673d2432ab3fb,-9.4140625,1,0.4641666666666666,8.156225e-05
mendeley/extracted/Bangla Audio Dataset Original and DeepFake Voices for AI-Based Voice Analysis and Detection/Dataset/S11M05/Fake/8.wav,1,MEN,MEN-S11M05,TG:4f86653bb20c8a4c,-4.3359375,1,0.5341666666666667,0.012920474
mendeley/extracted/Bangla Audio Dataset Original and DeepFake Voices for AI-Based Voice Analysis and Detection/Dataset/S11M05/Fake/9.wav,1,MEN,MEN-S11M05,TG:e90d11ccf74f6fd3,-6.9804688,1,0.4741666666666666,0.00092900335
mendeley/extracted/Bangla Audio Dataset Original and DeepFake Voices for AI-Based Voice Analysis and Detection/Dataset/S11M05/Real/1.wav,0,MEN,MEN-S11M05,TG:2cc4f4d2a83c1413,-1.4716797,1,0.4175,0.18668744
mendeley/extracted/Bangla Audio Dataset Original and DeepFake Voices for AI-Based Voice Analysis and Detection/Dataset/S11M05/Real/10.wav,0,MEN,MEN-S11M05,TG:a274fcdc210bc630,-1.1386719,1,0.5008333333333334,0.2425643
mendeley/extracted/Bangla Audio Dataset Original and DeepFake Voices for AI-Based Voice Analysis and Detection/Dataset/S11M05/Real/11.wav,0,MEN,MEN-S11M05,TG:3ff090a90db76715,-6.2539062,1,0.4508333333333333,0.0019192374
mendeley/extracted/Bangla Audio Dataset Original and DeepFake Voices for AI-Based Voice Analysis and Detection/Dataset/S11M05/Real/12.wav,0,MEN,MEN-S11M05,TG:71382ca3963bf670,6.8359375,1,0.5508333333333333,0.9989267
mendeley/extracted/Bangla Audio Dataset Original and DeepFake Voices for AI-Based Voice Analysis and Detection/Dataset/S11M05/Real/13.wav,0,MEN,MEN-S11M05,TG:452ffb045be62656,3.3847656,1,0.5341666666666667,0.967225
mendeley/extracted/Bangla Audio Dataset Original and DeepFake Voices for AI-Based Voice Analysis and Detection/Dataset/S11M05/Real/14.wav,0,MEN,MEN-S11M05,TG:7eedeccecbd89970,5.5703125,1,0.5841666666666667,0.99620515
mendeley/extracted/Bangla Audio Dataset Original and DeepFake Voices for AI-Based Voice Analysis and Detection/Dataset/S11M05/Real/15.wav,0,MEN,MEN-S11M05,TG:d87b618675761d08,-10.890625,1,0.4508333333333333,1.8631747e-05
mendeley/extracted/Bangla Audio Dataset Original and DeepFake Voices for AI-Based Voice Analysis and Detection/Dataset/S11M05/Real/16.wav,0,MEN,MEN-S11M05,TG:bb75654add7236ae,5.8125,1,0.5508333333333333,0.99701905
mendeley/extracted/Bangla Audio Dataset Original and DeepFake Voices for AI-Based Voice Analysis and Detection/Dataset/S11M05/Real/17.wav,0,MEN,MEN-S11M05,TG:89ee3dc6d83890bd,-7.328125,1,0.4675,0.00065637287
mendeley/extracted/Bangla Audio Dataset Original and DeepFake Voices for AI-Based Voice Analysis and Detection/Dataset/S11M05/Real/18.wav,0,MEN,MEN-S11M05,TG:818304947fb7a25a,-1.7832031,1,0.4841666666666666,0.14390808
mendeley/extracted/Bangla Audio Dataset Original and DeepFake Voices for AI-Based Voice Analysis and Detection/Dataset/S11M05/Real/19.wav,0,MEN,MEN-S11M05,TG:bc0f2c6a0e07b2a6,-1.6191406,1,0.4841666666666666,0.16532342
mendeley/extracted/Bangla Audio Dataset Original and DeepFake Voices for AI-Based Voice Analysis and Detection/Dataset/S11M05/Real/2.wav,0,MEN,MEN-S11M05,TG:ea8971d60c8a3d84,-4.515625,1,0.5008333333333334,0.010818449
mendeley/extracted/Bangla Audio Dataset Original and DeepFake Voices for AI-Based Voice Analysis and Detection/Dataset/S11M05/Real/20.wav,0,MEN,MEN-S11M05,TG:39cfe8a6d823ad48,-4.4101562,1,0.5508333333333333,0.012007351
mendeley/extracted/Bangla Audio Dataset Original and DeepFake Voices for AI-Based Voice Analysis and Detection/Dataset/S11M05/Real/21.wav,0,MEN,MEN-S11M05,TG:d51ff1fb9a1168b3,7.3046875,1,0.5508333333333333,0.99932814
mendeley/extracted/Bangla Audio Dataset Original and DeepFake Voices for AI-Based Voice Analysis and Detection/Dataset/S11M05/Real/22.wav,0,MEN,MEN-S11M05,TG:6b10fe5360d0e7f0,-0.39697266,1,0.4341666666666667,0.40203992
mendeley/extracted/Bangla Audio Dataset Original and DeepFake Voices for AI-Based Voice Analysis and Detection/Dataset/S11M05/Real/23.wav,0,MEN,MEN-S11M05,TG:e157bbeeb235cb6a,6.6484375,1,0.5508333333333333,0.9987056
mendeley/extracted/Bangla Audio Dataset Original and DeepFake Voices for AI-Based Voice Analysis and Detection/Dataset/S11M05/Real/24.wav,0,MEN,MEN-S11M05,TG:2a9e487decd776c5,6.4140625,1,0.3841666666666666,0.99836427
mendeley/extracted/Bangla Audio Dataset Original and DeepFake Voices for AI-Based Voice Analysis and Detection/Dataset/S11M05/Real/25.wav,0,MEN,MEN-S11M05,TG:4d4c34eabaac8b21,7.8632812,1,0.5175000000000001,0.99961555
mendeley/extracted/Bangla Audio Dataset Original and DeepFake Voices for AI-Based Voice Analysis and Detection/Dataset/S11M05/Real/26.wav,0,MEN,MEN-S11M05,TG:dbdf0c4b52c43061,-0.08685303,1,0.4508333333333333,0.47830036
mendeley/extracted/Bangla Audio Dataset Original and DeepFake Voices for AI-Based Voice Analysis and Detection/Dataset/S11M05/Real/27.wav,0,MEN,MEN-S11M05,TG:329dcc685ab1bc7b,0.30371094,1,0.5508333333333333,0.57534945
mendeley/extracted/Bangla Audio Dataset Original and DeepFake Voices for AI-Based Voice Analysis and Detection/Dataset/S11M05/Real/28.wav,0,MEN,MEN-S11M05,TG:449f908bd492908d,4.6367188,1,0.5175000000000001,0.99040353
mendeley/extracted/Bangla Audio Dataset Original and DeepFake Voices for AI-Based Voice Analysis and Detection/Dataset/S11M05/Real/29.wav,0,MEN,MEN-S11M05,TG:181c8cafbfc40722,2.8925781,1,0.3841666666666666,0.9474783
mendeley/extracted/Bangla Audio Dataset Original and DeepFake Voices for AI-Based Voice Analysis and Detection/Dataset/S11M05/Real/3.wav,0,MEN,MEN-S11M05,TG:017a83ba301f0b69,2.0878906,1,0.4175,0.8897206
mendeley/extracted/Bangla Audio Dataset Original and DeepFake Voices for AI-Based Voice Analysis and Detection/Dataset/S11M05/Real/30.wav,0,MEN,MEN-S11M05,TG:6a64af8cbace37e4,-1.2021484,1,0.4508333333333333,0.23109321
mendeley/extracted/Bangla Audio Dataset Original and DeepFake Voices for AI-Based Voice Analysis and Detection/Dataset/S11M05/Real/4.wav,0,MEN,MEN-S11M05,TG:eebedcc2c0031aad,-5.296875,1,0.5341666666666667,0.00498227
mendeley/extracted/Bangla Audio Dataset Original and DeepFake Voices for AI-Based Voice Analysis and Detection/Dataset/S11M05/Real/5.wav,0,MEN,MEN-S11M05,TG:d6de9b7770d9f7f2,-8.484375,1,0.4341666666666667,0.00020662983
mendeley/extracted/Bangla Audio Dataset Original and DeepFake Voices for AI-Based Voice Analysis and Detection/Dataset/S11M05/Real/6.wav,0,MEN,MEN-S11M05,TG:31de86c32ec8fe13,7.9570312,1,0.5841666666666667,0.9996499
mendeley/extracted/Bangla Audio Dataset Original and DeepFake Voices for AI-Based Voice Analysis and Detection/Dataset/S11M05/Real/7.wav,0,MEN,MEN-S11M05,TG:5b3673d2432ab3fb,7.2109375,1,0.5175000000000001,0.99926203
mendeley/extracted/Bangla Audio Dataset Original and DeepFake Voices for AI-Based Voice Analysis and Detection/Dataset/S11M05/Real/8.wav,0,MEN,MEN-S11M05,TG:4f86653bb20c8a4c,-7.25,1,0.5508333333333333,0.0007096704
mendeley/extracted/Bangla Audio Dataset Original and DeepFake Voices for AI-Based Voice Analysis and Detection/Dataset/S11M05/Real/9.wav,0,MEN,MEN-S11M05,TG:e90d11ccf74f6fd3,-5.6367188,1,0.5675,0.0035518846
mendeley/extracted/Bangla Audio Dataset Original and DeepFake Voices for AI-Based Voice Analysis and Detection/Dataset/S12F01/Fake/1.wav,1,MEN,MEN-S12F01,TG:781f1e8a983ae061,-6.8515625,1,0.4675,0.0010566838
mendeley/extracted/Bangla Audio Dataset Original and DeepFake Voices for AI-Based Voice Analysis and Detection/Dataset/S12F01/Fake/10.wav,1,MEN,MEN-S12F01,TG:81189a7902f36c5d,-7.2734375,1,0.5141666666666667,0.00069324224
mendeley/extracted/Bangla Audio Dataset Original and DeepFake Voices for AI-Based Voice Analysis and Detection/Dataset/S12F01/Fake/11.wav,1,MEN,MEN-S12F01,TG:dfc527c4d05b0227,-2.1230469,1,0.2441666666666666,0.10687688
mendeley/extracted/Bangla Audio Dataset Original and DeepFake Voices for AI-Based Voice Analysis and Detection/Dataset/S12F01/Fake/12.wav,1,MEN,MEN-S12F01,TG:04a2b30e0f9c53b1,-13.828125,1,0.4991666666666666,9.874639e-07
mendeley/extracted/Bangla Audio Dataset Original and DeepFake Voices for AI-Based Voice Analysis and Detection/Dataset/S12F01/Fake/13.wav,1,MEN,MEN-S12F01,TG:f665857f8f5852c9,-6.3476562,1,0.3858333333333333,0.0017477858
mendeley/extracted/Bangla Audio Dataset Original and DeepFake Voices for AI-Based Voice Analysis and Detection/Dataset/S12F01/Fake/14.wav,1,MEN,MEN-S12F01,TG:aa1dc341d60bbafe,-6.6210938,1,0.4058333333333334,0.0013302016
mendeley/extracted/Bangla Audio Dataset Original and DeepFake Voices for AI-Based Voice Analysis and Detection/Dataset/S12F01/Fake/15.wav,1,MEN,MEN-S12F01,TG:4d9f637d09e3ead5,-9.1015625,1,0.4241666666666667,0.00011147904
mendeley/extracted/Bangla Audio Dataset Original and DeepFake Voices for AI-Based Voice Analysis and Detection/Dataset/S12F01/Fake/16.wav,1,MEN,MEN-S12F01,TG:8ba166c395040864,-8.796875,1,0.4508333333333333,0.00015118199
mendeley/extracted/Bangla Audio Dataset Original and DeepFake Voices for AI-Based Voice Analysis and Detection/Dataset/S12F01/Fake/17.wav,1,MEN,MEN-S12F01,TG:25903432a5ed835d,-7.5898438,1,0.4675,0.00050530455
mendeley/extracted/Bangla Audio Dataset Original and DeepFake Voices for AI-Based Voice Analysis and Detection/Dataset/S12F01/Fake/18.wav,1,MEN,MEN-S12F01,TG:5e9246a5aa906c2c,1.6367188,1,0.5225,0.8370879
mendeley/extracted/Bangla Audio Dataset Original and DeepFake Voices for AI-Based Voice Analysis and Detection/Dataset/S12F01/Fake/19.wav,1,MEN,MEN-S12F01,TG:9935a7fc35fba276,-12.140625,1,0.4608333333333333,5.338156e-06
mendeley/extracted/Bangla Audio Dataset Original and DeepFake Voices for AI-Based Voice Analysis and Detection/Dataset/S12F01/Fake/2.wav,1,MEN,MEN-S12F01,TG:2e1a8037a5c7446d,-8.8828125,1,0.4041666666666667,0.00013873413
mendeley/extracted/Bangla Audio Dataset Original and DeepFake Voices for AI-Based Voice Analysis and Detection/Dataset/S12F01/Fake/20.wav,1,MEN,MEN-S12F01,TG:d9a78a9fb8598e30,-9.9921875,1,0.5908333333333333,4.5753914e-05
mendeley/extracted/Bangla Audio Dataset Original and DeepFake Voices for AI-Based Voice Analysis and Detection/Dataset/S12F01/Fake/21.wav,1,MEN,MEN-S12F01,TG:f2bac89ac84087eb,-2.2636719,1,0.4991666666666666,0.094176665
mendeley/extracted/Bangla Audio Dataset Original and DeepFake Voices for AI-Based Voice Analysis and Detection/Dataset/S12F01/Fake/22.wav,1,MEN,MEN-S12F01,TG:6fc67c2677ba9080,-6.6054688,1,0.4541666666666667,0.0013511209
mendeley/extracted/Bangla Audio Dataset Original and DeepFake Voices for AI-Based Voice Analysis and Detection/Dataset/S12F01/Fake/23.wav,1,MEN,MEN-S12F01,TG:ea4c21803da05315,-10.7265625,1,0.4675,2.1953489e-05
mendeley/extracted/Bangla Audio Dataset Original and DeepFake Voices for AI-Based Voice Analysis and Detection/Dataset/S12F01/Fake/24.wav,1,MEN,MEN-S12F01,TG:3a260c6e53c12883,-8.7421875,1,0.5725,0.00015967865
mendeley/extracted/Bangla Audio Dataset Original and DeepFake Voices for AI-Based Voice Analysis and Detection/Dataset/S12F01/Fake/25.wav,1,MEN,MEN-S12F01,TG:30420959ee16d7c0,-7.0507812,1,0.3958333333333333,0.000865981
mendeley/extracted/Bangla Audio Dataset Original and DeepFake Voices for AI-Based Voice Analysis and Detection/Dataset/S12F01/Fake/26.wav,1,MEN,MEN-S12F01,TG:66dffd8647175de0,-7.1875,1,0.4958333333333333,0.00075540564
mendeley/extracted/Bangla Audio Dataset Original and DeepFake Voices for AI-Based Voice Analysis and Detection/Dataset/S12F01/Fake/27.wav,1,MEN,MEN-S12F01,TG:aa8a2f8197d47eac,5.6132812,1,0.5808333333333333,0.9963642
mendeley/extracted/Bangla Audio Dataset Original and DeepFake Voices for AI-Based Voice Analysis and Detection/Dataset/S12F01/Fake/28.wav,1,MEN,MEN-S12F01,TG:4085c5d5ac867da6,-2.578125,1,0.4391666666666667,0.0705596
mendeley/extracted/Bangla Audio Dataset Original and DeepFake Voices for AI-Based Voice Analysis and Detection/Dataset/S12F01/Fake/29.wav,1,MEN,MEN-S12F01,TG:ee81e3d281fac89c,-8.4140625,1,0.3708333333333333,0.0002216781
mendeley/extracted/Bangla Audio Dataset Original and DeepFake Voices for AI-Based Voice Analysis and Detection/Dataset/S12F01/Fake/3.wav,1,MEN,MEN-S12F01,TG:098f61fd8fd691da,-11.1484375,1,0.3991666666666666,1.4397558e-05
mendeley/extracted/Bangla Audio Dataset Original and DeepFake Voices for AI-Based Voice Analysis and Detection/Dataset/S12F01/Fake/30.wav,1,MEN,MEN-S12F01,TG:51ee2c8cc64ff845,-11.546875,1,0.4941666666666666,9.666109e-06
mendeley/extracted/Bangla Audio Dataset Original and DeepFake Voices for AI-Based Voice Analysis and Detection/Dataset/S12F01/Fake/4.wav,1,MEN,MEN-S12F01,TG:6da3c24672ce555f,2.6347656,1,0.5258333333333334,0.93306583
mendeley/extracted/Bangla Audio Dataset Original and DeepFake Voices for AI-Based Voice Analysis and Detection/Dataset/S12F01/Fake/5.wav,1,MEN,MEN-S12F01,TG:6a89c260f0594f99,-11.9296875,1,0.4108333333333334,6.5917343e-06
mendeley/extracted/Bangla Audio Dataset Original and DeepFake Voices for AI-Based Voice Analysis and Detection/Dataset/S12F01/Fake/6.wav,1,MEN,MEN-S12F01,TG:702bdb4b4754428b,-16.03125,1,0.4691666666666666,1.0907282e-07
mendeley/extracted/Bangla Audio Dataset Original and DeepFake Voices for AI-Based Voice Analysis and Detection/Dataset/S12F01/Fake/7.wav,1,MEN,MEN-S12F01,TG:eb1075bf1ced697e,0.87158203,1,0.4591666666666666,0.7050748
mendeley/extracted/Bangla Audio Dataset Original and DeepFake Voices for AI-Based Voice Analysis and Detection/Dataset/S12F01/Fake/8.wav,1,MEN,MEN-S12F01,TG:3bb8d4c65ccd17ea,-3.0097656,1,0.4275,0.04698664
mendeley/extracted/Bangla Audio Dataset Original and DeepFake Voices for AI-Based Voice Analysis and Detection/Dataset/S12F01/Fake/9.wav,1,MEN,MEN-S12F01,TG:313ef8a63b157972,-15.6484375,1,0.3575,1.599447e-07
mendeley/extracted/Bangla Audio Dataset Original and DeepFake Voices for AI-Based Voice Analysis and Detection/Dataset/S12F01/Real/1.wav,0,MEN,MEN-S12F01,TG:781f1e8a983ae061,-12.1484375,1,0.4008333333333334,5.2966147e-06
mendeley/extracted/Bangla Audio Dataset Original and DeepFake Voices for AI-Based Voice Analysis and Detection/Dataset/S12F01/Real/10.wav,0,MEN,MEN-S12F01,TG:81189a7902f36c5d,-14.2109375,1,0.3525,6.733921e-07
mendeley/extracted/Bangla Audio Dataset Original and DeepFake Voices for AI-Based Voice Analysis and Detection/Dataset/S12F01/Real/11.wav,0,MEN,MEN-S12F01,TG:dfc527c4d05b0227,-13.3828125,1,0.4108333333333334,1.5414084e-06
mendeley/extracted/Bangla Audio Dataset Original and DeepFake Voices for AI-Based Voice Analysis and Detection/Dataset/S12F01/Real/12.wav,0,MEN,MEN-S12F01,TG:04a2b30e0f9c53b1,-25.078125,1,0.4325,1.2844247e-11
mendeley/extracted/Bangla Audio Dataset Original and DeepFake Voices for AI-Based Voice Analysis and Detection/Dataset/S12F01/Real/13.wav,0,MEN,MEN-S12F01,TG:f665857f8f5852c9,-20.59375,1,0.4024999999999999,1.1382771e-09
mendeley/extracted/Bangla Audio Dataset Original and DeepFake Voices for AI-Based Voice Analysis and Detection/Dataset/S12F01/Real/14.wav,0,MEN,MEN-S12F01,TG:aa1dc341d60bbafe,-19.171875,1,0.4108333333333334,4.7180277e-09
mendeley/extracted/Bangla Audio Dataset Original and DeepFake Voices for AI-Based Voice Analysis and Detection/Dataset/S12F01/Real/15.wav,0,MEN,MEN-S12F01,TG:4d9f637d09e3ead5,-18.484375,1,0.5208333333333333,9.382918e-09
mendeley/extracted/Bangla Audio Dataset Original and DeepFake Voices for AI-Based Voice Analysis and Detection/Dataset/S12F01/Real/16.wav,0,MEN,MEN-S12F01,TG:8ba166c395040864,-17.9375,1,0.4008333333333334,1.6212228e-08
mendeley/extracted/Bangla Audio Dataset Original and DeepFake Voices for AI-Based Voice Analysis and Detection/Dataset/S12F01/Real/17.wav,0,MEN,MEN-S12F01,TG:25903432a5ed835d,-13.734375,1,0.4725,1.0845166e-06
mendeley/extracted/Bangla Audio Dataset Original and DeepFake Voices for AI-Based Voice Analysis and Detection/Dataset/S12F01/Real/18.wav,0,MEN,MEN-S12F01,TG:5e9246a5aa906c2c,-14.1015625,1,0.3558333333333333,7.51223e-07
mendeley/extracted/Bangla Audio Dataset Original and DeepFake Voices for AI-Based Voice Analysis and Detection/Dataset/S12F01/Real/19.wav,0,MEN,MEN-S12F01,TG:9935a7fc35fba276,-23.421875,1,0.4908333333333333,6.729905e-11
mendeley/extracted/Bangla Audio Dataset Original and DeepFake Voices for AI-Based Voice Analysis and Detection/Dataset/S12F01/Real/2.wav,0,MEN,MEN-S12F01,TG:2e1a8037a5c7446d,-13.78125,1,0.3741666666666666,1.0348532e-06
mendeley/extracted/Bangla Audio Dataset Original and DeepFake Voices for AI-Based Voice Analysis and Detection/Dataset/S12F01/Real/20.wav,0,MEN,MEN-S12F01,TG:d9a78a9fb8598e30,-21.625,1,0.4958333333333333,4.058652e-10
mendeley/extracted/Bangla Audio Dataset Original and DeepFake Voices for AI-Based Voice Analysis and Detection/Dataset/S12F01/Real/21.wav,0,MEN,MEN-S12F01,TG:f2bac89ac84087eb,-16.703125,1,0.5208333333333333,5.570894e-08
mendeley/extracted/Bangla Audio Dataset Original and DeepFake Voices for AI-Based Voice Analysis and Detection/Dataset/S12F01/Real/22.wav,0,MEN,MEN-S12F01,TG:6fc67c2677ba9080,-18.3125,1,0.4408333333333333,1.1142491e-08
mendeley/extracted/Bangla Audio Dataset Original and DeepFake Voices for AI-Based Voice Analysis and Detection/Dataset/S12F01/Real/23.wav,0,MEN,MEN-S12F01,TG:ea4c21803da05315,-21.25,1,0.4675,5.905304e-10
mendeley/extracted/Bangla Audio Dataset Original and DeepFake Voices for AI-Based Voice Analysis and Detection/Dataset/S12F01/Real/24.wav,0,MEN,MEN-S12F01,TG:3a260c6e53c12883,-17.484375,1,0.4675,2.5505418e-08
mendeley/extracted/Bangla Audio Dataset Original and DeepFake Voices for AI-Based Voice Analysis and Detection/Dataset/S12F01/Real/25.wav,0,MEN,MEN-S12F01,TG:30420959ee16d7c0,-19.328125,1,0.5041666666666667,4.0355426e-09
mendeley/extracted/Bangla Audio Dataset Original and DeepFake Voices for AI-Based Voice Analysis and Detection/Dataset/S12F01/Real/26.wav,0,MEN,MEN-S12F01,TG:66dffd8647175de0,-16.390625,1,0.4841666666666666,7.6145106e-08
mendeley/extracted/Bangla Audio Dataset Original and DeepFake Voices for AI-Based Voice Analysis and Detection/Dataset/S12F01/Real/27.wav,0,MEN,MEN-S12F01,TG:aa8a2f8197d47eac,-8.3046875,1,0.6708333333333334,0.00024729347
mendeley/extracted/Bangla Audio Dataset Original and DeepFake Voices for AI-Based Voice Analysis and Detection/Dataset/S12F01/Real/28.wav,0,MEN,MEN-S12F01,TG:4085c5d5ac867da6,-16.15625,1,0.6174999999999999,9.625642e-08
mendeley/extracted/Bangla Audio Dataset Original and DeepFake Voices for AI-Based Voice Analysis and Detection/Dataset/S12F01/Real/29.wav,0,MEN,MEN-S12F01,TG:ee81e3d281fac89c,-17.078125,1,0.4675,3.8288164e-08
mendeley/extracted/Bangla Audio Dataset Original and DeepFake Voices for AI-Based Voice Analysis and Detection/Dataset/S12F01/Real/3.wav,0,MEN,MEN-S12F01,TG:098f61fd8fd691da,-19.0625,1,0.3841666666666666,5.2633404e-09
mendeley/extracted/Bangla Audio Dataset Original and DeepFake Voices for AI-Based Voice Analysis and Detection/Dataset/S12F01/Real/30.wav,0,MEN,MEN-S12F01,TG:51ee2c8cc64ff845,-13.90625,1,0.5175000000000001,9.1325484e-07
mendeley/extracted/Bangla Audio Dataset Original and DeepFake Voices for AI-Based Voice Analysis and Detection/Dataset/S12F01/Real/4.wav,0,MEN,MEN-S12F01,TG:6da3c24672ce555f,-16.9375,1,0.4208333333333333,4.4069402e-08
mendeley/extracted/Bangla Audio Dataset Original and DeepFake Voices for AI-Based Voice Analysis and Detection/Dataset/S12F01/Real/5.wav,0,MEN,MEN-S12F01,TG:6a89c260f0594f99,-22.0625,1,0.3791666666666666,2.6204627e-10
mendeley/extracted/Bangla Audio Dataset Original and DeepFake Voices for AI-Based Voice Analysis and Detection/Dataset/S12F01/Real/6.wav,0,MEN,MEN-S12F01,TG:702bdb4b4754428b,-20.546875,1,0.3525,1.1929042e-09
mendeley/extracted/Bangla Audio Dataset Original and DeepFake Voices for AI-Based Voice Analysis and Detection/Dataset/S12F01/Real/7.wav,0,MEN,MEN-S12F01,TG:eb1075bf1ced697e,-15.8828125,1,0.4008333333333334,1.2652667e-07
mendeley/extracted/Bangla Audio Dataset Original and DeepFake Voices for AI-Based Voice Analysis and Detection/Dataset/S12F01/Real/8.wav,0,MEN,MEN-S12F01,TG:3bb8d4c65ccd17ea,-21.765625,1,0.3508333333333333,3.526218e-10
mendeley/extracted/Bangla Audio Dataset Original and DeepFake Voices for AI-Based Voice Analysis and Detection/Dataset/S12F01/Real/9.wav,0,MEN,MEN-S12F01,TG:313ef8a63b157972,-28.359375,1,0.3841666666666666,4.8270296e-13
mendeley/extracted/Bangla Audio Dataset Original and DeepFake Voices for AI-Based Voice Analysis and Detection/Dataset/S12F02/Fake/1.wav,1,MEN,MEN-S12F02,TG:781f1e8a983ae061,-8.7265625,1,0.4108333333333334,0.00016219284
mendeley/extracted/Bangla Audio Dataset Original and DeepFake Voices for AI-Based Voice Analysis and Detection/Dataset/S12F02/Fake/10.wav,1,MEN,MEN-S12F02,TG:81189a7902f36c5d,2.0273438,1,0.4408333333333333,0.88363826
mendeley/extracted/Bangla Audio Dataset Original and DeepFake Voices for AI-Based Voice Analysis and Detection/Dataset/S12F02/Fake/11.wav,1,MEN,MEN-S12F02,TG:dfc527c4d05b0227,-9.890625,1,0.1708333333333332,5.0644718e-05
mendeley/extracted/Bangla Audio Dataset Original and DeepFake Voices for AI-Based Voice Analysis and Detection/Dataset/S12F02/Fake/12.wav,1,MEN,MEN-S12F02,TG:04a2b30e0f9c53b1,-10.0390625,1,0.4775,4.365878e-05
mendeley/extracted/Bangla Audio Dataset Original and DeepFake Voices for AI-Based Voice Analysis and Detection/Dataset/S12F02/Fake/13.wav,1,MEN,MEN-S12F02,TG:f665857f8f5852c9,-6.9882812,1,0.3375,0.0009217804
mendeley/extracted/Bangla Audio Dataset Original and DeepFake Voices for AI-Based Voice Analysis and Detection/Dataset/S12F02/Fake/14.wav,1,MEN,MEN-S12F02,TG:aa1dc341d60bbafe,-0.9902344,1,0.4391666666666667,0.27086577
mendeley/extracted/Bangla Audio Dataset Original and DeepFake Voices for AI-Based Voice Analysis and Detection/Dataset/S12F02/Fake/15.wav,1,MEN,MEN-S12F02,TG:4d9f637d09e3ead5,-12.1640625,1,0.4375,5.2144983e-06
mendeley/extracted/Bangla Audio Dataset Original and DeepFake Voices for AI-Based Voice Analysis and Detection/Dataset/S12F02/Fake/16.wav,1,MEN,MEN-S12F02,TG:8ba166c395040864,-1.3095703,1,0.4208333333333333,0.21255875
mendeley/extracted/Bangla Audio Dataset Original and DeepFake Voices for AI-Based Voice Analysis and Detection/Dataset/S12F02/Fake/17.wav,1,MEN,MEN-S12F02,TG:25903432a5ed835d,-6.7851562,1,0.5291666666666667,0.0011291546
mendeley/extracted/Bangla Audio Dataset Original and DeepFake Voices for AI-Based Voice Analysis and Detection/Dataset/S12F02/Fake/18.wav,1,MEN,MEN-S12F02,TG:5e9246a5aa906c2c,-5.0273438,1,0.5175000000000001,0.0065134983
mendeley/extracted/Bangla Audio Dataset Original and DeepFake Voices for AI-Based Voice Analysis and Detection/Dataset/S12F02/Fake/19.wav,1,MEN,MEN-S12F02,TG:9935a7fc35fba276,-9.2421875,1,0.4841666666666666,9.6856085e-05
mendeley/extracted/Bangla Audio Dataset Original and DeepFake Voices for AI-Based Voice Analysis and Detection/Dataset/S12F02/Fake/2.wav,1,MEN,MEN-S12F02,TG:2e1a8037a5c7446d,-1.9707031,1,0.4408333333333333,0.12231338
mendeley/extracted/Bangla Audio Dataset Original and DeepFake Voices for AI-Based Voice Analysis and Detection/Dataset/S12F02/Fake/20.wav,1,MEN,MEN-S12F02,TG:d9a78a9fb8598e30,-9.1640625,1,0.5541666666666667,0.000104725565
mendeley/extracted/Bangla Audio Dataset Original and DeepFake Voices for AI-Based Voice Analysis and Detection/Dataset/S12F02/Fake/21.wav,1,MEN,MEN-S12F02,TG:f2bac89ac84087eb,-4.6171875,1,0.4558333333333333,0.009783876
mendeley/extracted/Bangla Audio Dataset Original and DeepFake Voices for AI-Based Voice Analysis and Detection/Dataset/S12F02/Fake/22.wav,1,MEN,MEN-S12F02,TG:6fc67c2677ba9080,-6.0,1,0.5391666666666667,0.0024726233
mendeley/extracted/Bangla Audio Dataset Original and DeepFake Voices for AI-Based Voice Analysis and Detection/Dataset/S12F02/Fake/23.wav,1,MEN,MEN-S12F02,TG:ea4c21803da05315,-9.9609375,1,0.4608333333333333,4.720623e-05
mendeley/extracted/Bangla Audio Dataset Original and DeepFake Voices for AI-Based Voice Analysis and Detection/Dataset/S12F02/Fake/24.wav,1,MEN,MEN-S12F02,TG:3a260c6e53c12883,-7.5117188,1,0.5141666666666667,0.00054634205
mendeley/extracted/Bangla Audio Dataset Original and DeepFake Voices for AI-Based Voice Analysis and Detection/Dataset/S12F02/Fake/25.wav,1,MEN,MEN-S12F02,TG:30420959ee16d7c0,-7.109375,1,0.4375,0.000816738
mendeley/extracted/Bangla Audio Dataset Original and DeepFake Voices for AI-Based Voice Analysis and Detection/Dataset/S12F02/Fake/26.wav,1,MEN,MEN-S12F02,TG:66dffd8647175de0,-7.46875,1,0.4575,0.0005703157
mendeley/extracted/Bangla Audio Dataset Original and DeepFake Voices for AI-Based Voice Analysis and Detection/Dataset/S12F02/Fake/27.wav,1,MEN,MEN-S12F02,TG:aa8a2f8197d47eac,2.6386719,1,0.5708333333333333,0.9333094
mendeley/extracted/Bangla Audio Dataset Original and DeepFake Voices for AI-Based Voice Analysis and Detection/Dataset/S12F02/Fake/28.wav,1,MEN,MEN-S12F02,TG:4085c5d5ac867da6,-7.03125,1,0.4675,0.0008830458
mendeley/extracted/Bangla Audio Dataset Original and DeepFake Voices for AI-Based Voice Analysis and Detection/Dataset/S12F02/Fake/29.wav,1,MEN,MEN-S12F02,TG:ee81e3d281fac89c,-9.34375,1,0.4208333333333333,8.7502995e-05
mendeley/extracted/Bangla Audio Dataset Original and DeepFake Voices for AI-Based Voice Analysis and Detection/Dataset/S12F02/Fake/3.wav,1,MEN,MEN-S12F02,TG:098f61fd8fd691da,-7.21875,1,0.3958333333333333,0.0007321812
mendeley/extracted/Bangla Audio Dataset Original and DeepFake Voices for AI-Based Voice Analysis and Detection/Dataset/S12F02/Fake/30.wav,1,MEN,MEN-S12F02,TG:51ee2c8cc64ff845,-2.015625,1,0.4941666666666666,0.117572136
mendeley/extracted/Bangla Audio Dataset Original and DeepFake Voices for AI-Based Voice Analysis and Detection/Dataset/S12F02/Fake/4.wav,1,MEN,MEN-S12F02,TG:6da3c24672ce555f,-1.2011719,1,0.5241666666666667,0.23126681
mendeley/extracted/Bangla Audio Dataset Original and DeepFake Voices for AI-Based Voice Analysis and Detection/Dataset/S12F02/Fake/5.wav,1,MEN,MEN-S12F02,TG:6a89c260f0594f99,-11.171875,1,0.3075,1.4064044e-05
mendeley/extracted/Bangla Audio Dataset Original and DeepFake Voices for AI-Based Voice Analysis and Detection/Dataset/S12F02/Fake/6.wav,1,MEN,MEN-S12F02,TG:702bdb4b4754428b,-10.5234375,1,0.5025,2.6897846e-05
mendeley/extracted/Bangla Audio Dataset Original and DeepFake Voices for AI-Based Voice Analysis and Detection/Dataset/S12F02/Fake/7.wav,1,MEN,MEN-S12F02,TG:eb1075bf1ced697e,-0.7421875,1,0.4608333333333333,0.32252598
mendeley/extracted/Bangla Audio Dataset Original and DeepFake Voices for AI-Based Voice Analysis and Detection/Dataset/S12F02/Fake/8.wav,1,MEN,MEN-S12F02,TG:3bb8d4c65ccd17ea,-2.2910156,1,0.3591666666666666,0.09186979
mendeley/extracted/Bangla Audio Dataset Original and DeepFake Voices for AI-Based Voice Analysis and Detection/Dataset/S12F02/Fake/9.wav,1,MEN,MEN-S12F02,TG:313ef8a63b157972,-9.0703125,1,0.4225,0.000115017356
mendeley/extracted/Bangla Audio Dataset Original and DeepFake Voices for AI-Based Voice Analysis and Detection/Dataset/S12F02/Real/1.wav,0,MEN,MEN-S12F02,TG:781f1e8a983ae061,-7.7695312,1,0.4675,0.00042223287
mendeley/extracted/Bangla Audio Dataset Original and DeepFake Voices for AI-Based Voice Analysis and Detection/Dataset/S12F02/Real/10.wav,0,MEN,MEN-S12F02,TG:81189a7902f36c5d,-1.9580078,1,0.4841666666666666,0.12368282
mendeley/extracted/Bangla Audio Dataset Original and DeepFake Voices for AI-Based Voice Analysis and Detection/Dataset/S12F02/Real/11.wav,0,MEN,MEN-S12F02,TG:dfc527c4d05b0227,-6.0,1,0.4508333333333333,0.0024726233
mendeley/extracted/Bangla Audio Dataset Original and DeepFake Voices for AI-Based Voice Analysis and Detection/Dataset/S12F02/Real/12.wav,0,MEN,MEN-S12F02,TG:04a2b30e0f9c53b1,-8.8671875,1,0.4175,0.00014091855
mendeley/extracted/Bangla Audio Dataset Original and DeepFake Voices for AI-Based Voice Analysis and Detection/Dataset/S12F02/Real/13.wav,0,MEN,MEN-S12F02,TG:f665857f8f5852c9,-9.9765625,1,0.2674999999999999,4.6474393e-05
mendeley/extracted/Bangla Audio Dataset Original and DeepFake Voices for AI-Based Voice Analysis and Detection/Dataset/S12F02/Real/14.wav,0,MEN,MEN-S12F02,TG:aa1dc341d60bbafe,-2.890625,1,0.2674999999999999,0.052618954
mendeley/extracted/Bangla Audio Dataset Original and DeepFake Voices for AI-Based Voice Analysis and Detection/Dataset/S12F02/Real/15.wav,0,MEN,MEN-S12F02,TG:4d9f637d09e3ead5,-8.046875,1,0.3175,0.00031999825
mendeley/extracted/Bangla Audio Dataset Original and DeepFake Voices for AI-Based Voice Analysis and Detection/Dataset/S12F02/Real/16.wav,0,MEN,MEN-S12F02,TG:8ba166c395040864,-2.4414062,1,0.4008333333333334,0.08006927
mendeley/extracted/Bangla Audio Dataset Original and DeepFake Voices for AI-Based Voice Analysis and Detection/Dataset/S12F02/Real/17.wav,0,MEN,MEN-S12F02,TG:25903432a5ed835d,-5.8085938,1,0.5175000000000001,0.0029926654
mendeley/extracted/Bangla Audio Dataset Original and DeepFake Voices for AI-Based Voice Analysis and Detection/Dataset/S12F02/Real/18.wav,0,MEN,MEN-S12F02,TG:5e9246a5aa906c2c,-5.7578125,1,0.4841666666666666,0.0031480708
mendeley/extracted/Bangla Audio Dataset Original and DeepFake Voices for AI-Based Voice Analysis and Detection/Dataset/S12F02/Real/19.wav,0,MEN,MEN-S12F02,TG:9935a7fc35fba276,-4.4179688,1,0.4008333333333334,0.0119150225
mendeley/extracted/Bangla Audio Dataset Original and DeepFake Voices for AI-Based Voice Analysis and Detection/Dataset/S12F02/Real/2.wav,0,MEN,MEN-S12F02,TG:2e1a8037a5c7446d,-9.734375,1,0.4341666666666667,5.9209164e-05
mendeley/extracted/Bangla Audio Dataset Original and DeepFake Voices for AI-Based Voice Analysis and Detection/Dataset/S12F02/Real/20.wav,0,MEN,MEN-S12F02,TG:d9a78a9fb8598e30,-6.0976562,1,0.5341666666666667,0.0022430876
mendeley/extracted/Bangla Audio Dataset Original and DeepFake Voices for AI-Based Voice Analysis and Detection/Dataset/S12F02/Real/21.wav,0,MEN,MEN-S12F02,TG:f2bac89ac84087eb,-1.28125,1,0.5341666666666667,0.21733753
mendeley/extracted/Bangla Audio Dataset Original and DeepFake Voices for AI-Based Voice Analysis and Detection/Dataset/S12F02/Real/22.wav,0,MEN,MEN-S12F02,TG:6fc67c2677ba9080,-8.171875,1,0.4508333333333333,0.00028240806
mendeley/extracted/Bangla Audio Dataset Original and DeepFake Voices for AI-Based Voice Analysis and Detection/Dataset/S12F02/Real/23.wav,0,MEN,MEN-S12F02,TG:ea4c21803da05315,-6.65625,1,0.4841666666666666,0.0012843081
mendeley/extracted/Bangla Audio Dataset Original and DeepFake Voices for AI-Based Voice Analysis and Detection/Dataset/S12F02/Real/24.wav,0,MEN,MEN-S12F02,TG:3a260c6e53c12883,-6.4570312,1,0.5675,0.0015669888
mendeley/extracted/Bangla Audio Dataset Original and DeepFake Voices for AI-Based Voice Analysis and Detection/Dataset/S12F02/Real/25.wav,0,MEN,MEN-S12F02,TG:30420959ee16d7c0,-6.1328125,1,0.4341666666666667,0.0021657674
mendeley/extracted/Bangla Audio Dataset Original and DeepFake Voices for AI-Based Voice Analysis and Detection/Dataset/S12F02/Real/26.wav,0,MEN,MEN-S12F02,TG:66dffd8647175de0,-5.5703125,1,0.5175000000000001,0.0037948343
mendeley/extracted/Bangla Audio Dataset Original and DeepFake Voices for AI-Based Voice Analysis and Detection/Dataset/S12F02/Real/27.wav,0,MEN,MEN-S12F02,TG:aa8a2f8197d47eac,0.7416992,1,0.5841666666666667,0.6773673
mendeley/extracted/Bangla Audio Dataset Original and DeepFake Voices for AI-Based Voice Analysis and Detection/Dataset/S12F02/Real/28.wav,0,MEN,MEN-S12F02,TG:4085c5d5ac867da6,-4.5429688,1,0.5508333333333333,0.010529713
mendeley/extracted/Bangla Audio Dataset Original and DeepFake Voices for AI-Based Voice Analysis and Detection/Dataset/S12F02/Real/29.wav,0,MEN,MEN-S12F02,TG:ee81e3d281fac89c,-8.015625,1,0.5008333333333334,0.00033015275
mendeley/extracted/Bangla Audio Dataset Original and DeepFake Voices for AI-Based Voice Analysis and Detection/Dataset/S12F02/Real/3.wav,0,MEN,MEN-S12F02,TG:098f61fd8fd691da,-8.296875,1,0.4341666666666667,0.00024923254
mendeley/extracted/Bangla Audio Dataset Original and DeepFake Voices for AI-Based Voice Analysis and Detection/Dataset/S12F02/Real/30.wav,0,MEN,MEN-S12F02,TG:51ee2c8cc64ff845,-8.078125,1,0.4341666666666667,0.000310156
mendeley/extracted/Bangla Audio Dataset Original and DeepFake Voices for AI-Based Voice Analysis and Detection/Dataset/S12F02/Real/4.wav,0,MEN,MEN-S12F02,TG:6da3c24672ce555f,-6.640625,1,0.4341666666666667,0.0013045067
mendeley/extracted/Bangla Audio Dataset Original and DeepFake Voices for AI-Based Voice Analysis and Detection/Dataset/S12F02/Real/5.wav,0,MEN,MEN-S12F02,TG:6a89c260f0594f99,-8.6640625,1,0.3841666666666666,0.00017265156
mendeley/extracted/Bangla Audio Dataset Original and DeepFake Voices for AI-Based Voice Analysis and Detection/Dataset/S12F02/Real/6.wav,0,MEN,MEN-S12F02,TG:702bdb4b4754428b,-3.7890625,1,0.4841666666666666,0.02211659
mendeley/extracted/Bangla Audio Dataset Original and DeepFake Voices for AI-Based Voice Analysis and Detection/Dataset/S12F02/Real/7.wav,0,MEN,MEN-S12F02,TG:eb1075bf1ced697e,-8.6875,1,0.4841666666666666,0.00016865275
mendeley/extracted/Bangla Audio Dataset Original and DeepFake Voices for AI-Based Voice Analysis and Detection/Dataset/S12F02/Real/8.wav,0,MEN,MEN-S12F02,TG:3bb8d4c65ccd17ea,-5.1171875,1,0.4008333333333334,0.0059571536
mendeley/extracted/Bangla Audio Dataset Original and DeepFake Voices for AI-Based Voice Analysis and Detection/Dataset/S12F02/Real/9.wav,0,MEN,MEN-S12F02,TG:313ef8a63b157972,-8.9921875,1,0.5008333333333334,0.00012436225
mendeley/extracted/Bangla Audio Dataset Original and DeepFake Voices for AI-Based Voice Analysis and Detection/Dataset/S12F04/Fake/1.wav,1,MEN,MEN-S12F04,TG:781f1e8a983ae061,-10.8359375,1,0.4341666666666667,1.9679026e-05
mendeley/extracted/Bangla Audio Dataset Original and DeepFake Voices for AI-Based Voice Analysis and Detection/Dataset/S12F04/Fake/10.wav,1,MEN,MEN-S12F04,TG:81189a7902f36c5d,-6.5546875,1,0.4108333333333334,0.0014214043
mendeley/extracted/Bangla Audio Dataset Original and DeepFake Voices for AI-Based Voice Analysis and Detection/Dataset/S12F04/Fake/11.wav,1,MEN,MEN-S12F04,TG:dfc527c4d05b0227,-8.78125,1,0.1541666666666666,0.0001535624
mendeley/extracted/Bangla Audio Dataset Original and DeepFake Voices for AI-Based Voice Analysis and Detection/Dataset/S12F04/Fake/12.wav,1,MEN,MEN-S12F04,TG:04a2b30e0f9c53b1,-11.6640625,1,0.4708333333333333,8.597226e-06
mendeley/extracted/Bangla Audio Dataset Original and DeepFake Voices for AI-Based Voice Analysis and Detection/Dataset/S12F04/Fake/13.wav,1,MEN,MEN-S12F04,TG:f665857f8f5852c9,-11.8125,1,0.2941666666666667,7.4112795e-06
mendeley/extracted/Bangla Audio Dataset Original and DeepFake Voices for AI-Based Voice Analysis and Detection/Dataset/S12F04/Fake/14.wav,1,MEN,MEN-S12F04,TG:aa1dc341d60bbafe,-5.734375,1,0.4641666666666666,0.0032224844
mendeley/extracted/Bangla Audio Dataset Original and DeepFake Voices for AI-Based Voice Analysis and Detection/Dataset/S12F04/Fake/15.wav,1,MEN,MEN-S12F04,TG:4d9f637d09e3ead5,-16.921875,1,0.4608333333333333,4.47634e-08
mendeley/extracted/Bangla Audio Dataset Original and DeepFake Voices for AI-Based Voice Analysis and Detection/Dataset/S12F04/Fake/16.wav,1,MEN,MEN-S12F04,TG:8ba166c395040864,-8.59375,1,0.4541666666666667,0.00018522573
mendeley/extracted/Bangla Audio Dataset Original and DeepFake Voices for AI-Based Voice Analysis and Detection/Dataset/S12F04/Fake/17.wav,1,MEN,MEN-S12F04,TG:25903432a5ed835d,-9.9375,1,0.4941666666666666,4.832564e-05
mendeley/extracted/Bangla Audio Dataset Original and DeepFake Voices for AI-Based Voice Analysis and Detection/Dataset/S12F04/Fake/18.wav,1,MEN,MEN-S12F04,TG:5e9246a5aa906c2c,-4.84375,1,0.4858333333333333,0.007815889
mendeley/extracted/Bangla Audio Dataset Original and DeepFake Voices for AI-Based Voice Analysis and Detection/Dataset/S12F04/Fake/19.wav,1,MEN,MEN-S12F04,TG:9935a7fc35fba276,-12.5703125,1,0.4041666666666667,3.4736104e-06
mendeley/extracted/Bangla Audio Dataset Original and DeepFake Voices for AI-Based Voice Analysis and Detection/Dataset/S12F04/Fake/2.wav,1,MEN,MEN-S12F04,TG:2e1a8037a5c7446d,-11.734375,1,0.4508333333333333,8.0135e-06
mendeley/extracted/Bangla Audio Dataset Original and DeepFake Voices for AI-Based Voice Analysis and Detection/Dataset/S12F04/Fake/20.wav,1,MEN,MEN-S12F04,TG:d9a78a9fb8598e30,-10.4375,1,0.5275000000000001,2.9311539e-05
mendeley/extracted/Bangla Audio Dataset Original and DeepFake Voices for AI-Based Voice Analysis and Detection/Dataset/S12F04/Fake/21.wav,1,MEN,MEN-S12F04,TG:f2bac89ac84087eb,-9.1484375,1,0.4541666666666667,0.00010637458
mendeley/extracted/Bangla Audio Dataset Original and DeepFake Voices for AI-Based Voice Analysis and Detection/Dataset/S12F04/Fake/22.wav,1,MEN,MEN-S12F04,TG:6fc67c2677ba9080,-6.6523438,1,0.4791666666666666,0.0012893284
mendeley/extracted/Bangla Audio Dataset Original and DeepFake Voices for AI-Based Voice Analysis and Detection/Dataset/S12F04/Fake/23.wav,1,MEN,MEN-S12F04,TG:ea4c21803da05315,-9.7421875,1,0.4508333333333333,5.874842e-05
mendeley/extracted/Bangla Audio Dataset Original and DeepFake Voices for AI-Based Voice Analysis and Detection/Dataset/S12F04/Fake/24.wav,1,MEN,MEN-S12F04,TG:3a260c6e53c12883,-7.3164062,1,0.5541666666666667,0.0006641048
mendeley/extracted/Bangla Audio Dataset Original and DeepFake Voices for AI-Based Voice Analysis and Detection/Dataset/S12F04/Fake/25.wav,1,MEN,MEN-S12F04,TG:30420959ee16d7c0,-7.046875,1,0.3874999999999999,0.0008693674
mendeley/extracted/Bangla Audio Dataset Original and DeepFake Voices for AI-Based Voice Analysis and Detection/Dataset/S12F04/Fake/26.wav,1,MEN,MEN-S12F04,TG:66dffd8647175de0,-3.6953125,1,0.4375,0.024237635
mendeley/extracted/Bangla Audio Dataset Original and DeepFake Voices for AI-Based Voice Analysis and Detection/Dataset/S12F04/Fake/27.wav,1,MEN,MEN-S12F04,TG:aa8a2f8197d47eac,-5.6015625,1,0.5858333333333333,0.003678509
mendeley/extracted/Bangla Audio Dataset Original and DeepFake Voices for AI-Based Voice Analysis and Detection/Dataset/S12F04/Fake/28.wav,1,MEN,MEN-S12F04,TG:4085c5d5ac867da6,-9.578125,1,0.4641666666666666,6.922184e-05
mendeley/extracted/Bangla Audio Dataset Original and DeepFake Voices for AI-Based Voice Analysis and Detection/Dataset/S12F04/Fake/29.wav,1,MEN,MEN-S12F04,TG:ee81e3d281fac89c,-11.828125,1,0.4541666666666667,7.29638e-06
mendeley/extracted/Bangla Audio Dataset Original and DeepFake Voices for AI-Based Voice Analysis and Detection/Dataset/S12F04/Fake/3.wav,1,MEN,MEN-S12F04,TG:098f61fd8fd691da,-8.7734375,1,0.3874999999999999,0.00015476662
mendeley/extracted/Bangla Audio Dataset Original and DeepFake Voices for AI-Based Voice Analysis and Detection/Dataset/S12F04/Fake/30.wav,1,MEN,MEN-S12F04,TG:51ee2c8cc64ff845,-6.7539062,1,0.4625,0.0011649561
mendeley/extracted/Bangla Audio Dataset Original and DeepFake Voices for AI-Based Voice Analysis and Detection/Dataset/S12F04/Fake/4.wav,1,MEN,MEN-S12F04,TG:6da3c24672ce555f,-11.84375,1,0.4975,7.1832605e-06
mendeley/extracted/Bangla Audio Dataset Original and DeepFake Voices for AI-Based Voice Analysis and Detection/Dataset/S12F04/Fake/5.wav,1,MEN,MEN-S12F04,TG:6a89c260f0594f99,-9.84375,1,0.3158333333333333,5.307508e-05
mendeley/extracted/Bangla Audio Dataset Original and DeepFake Voices for AI-Based Voice Analysis and Detection/Dataset/S12F04/Fake/6.wav,1,MEN,MEN-S12F04,TG:702bdb4b4754428b,-10.875,1,0.4591666666666666,1.8925148e-05
mendeley/extracted/Bangla Audio Dataset Original and DeepFake Voices for AI-Based Voice Analysis and Detection/Dataset/S12F04/Fake/7.wav,1,MEN,MEN-S12F04,TG:eb1075bf1ced697e,-9.328125,1,0.4675,8.888084e-05
mendeley/extracted/Bangla Audio Dataset Original and DeepFake Voices for AI-Based Voice Analysis and Detection/Dataset/S12F04/Fake/8.wav,1,MEN,MEN-S12F04,TG:3bb8d4c65ccd17ea,-5.5976562,1,0.3908333333333333,0.003692853
mendeley/extracted/Bangla Audio Dataset Original and DeepFake Voices for AI-Based Voice Analysis and Detection/Dataset/S12F04/Fake/9.wav,1,MEN,MEN-S12F04,TG:313ef8a63b157972,-10.8125,1,0.3774999999999999,2.014569e-05
mendeley/extracted/Bangla Audio Dataset Original and DeepFake Voices for AI-Based Voice Analysis and Detection/Dataset/S12F04/Real/1.wav,0,MEN,MEN-S12F04,TG:781f1e8a983ae061,-4.2382812,1,0.3841666666666666,0.014227045
mendeley/extracted/Bangla Audio Dataset Original and DeepFake Voices for AI-Based Voice Analysis and Detection/Dataset/S12F04/Real/10.wav,0,MEN,MEN-S12F04,TG:81189a7902f36c5d,-7.25,1,0.4675,0.0007096704
mendeley/extracted/Bangla Audio Dataset Original and DeepFake Voices for AI-Based Voice Analysis and Detection/Dataset/S12F04/Real/11.wav,0,MEN,MEN-S12F04,TG:dfc527c4d05b0227,-7.1679688,1,0.3508333333333333,0.0007702932
mendeley/extracted/Bangla Audio Dataset Original and DeepFake Voices for AI-Based Voice Analysis and Detection/Dataset/S12F04/Real/12.wav,0,MEN,MEN-S12F04,TG:04a2b30e0f9c53b1,-3.2050781,1,0.4008333333333334,0.03897507
mendeley/extracted/Bangla Audio Dataset Original and DeepFake Voices for AI-Based Voice Analysis and Detection/Dataset/S12F04/Real/13.wav,0,MEN,MEN-S12F04,TG:f665857f8f5852c9,-10.375,1,0.3841666666666666,3.120191e-05
mendeley/extracted/Bangla Audio Dataset Original and DeepFake Voices for AI-Based Voice Analysis and Detection/Dataset/S12F04/Real/14.wav,0,MEN,MEN-S12F04,TG:aa1dc341d60bbafe,-7.0,1,0.3675,0.0009110512
mendeley/extracted/Bangla Audio Dataset Original and DeepFake Voices for AI-Based Voice Analysis and Detection/Dataset/S12F04/Real/15.wav,0,MEN,MEN-S12F04,TG:4d9f637d09e3ead5,-6.3398438,1,0.4841666666666666,0.0017614696
mendeley/extracted/Bangla Audio Dataset Original and DeepFake Voices for AI-Based Voice Analysis and Detection/Dataset/S12F04/Real/16.wav,0,MEN,MEN-S12F04,TG:8ba166c395040864,-7.1289062,1,0.4675,0.00080095365
mendeley/extracted/Bangla Audio Dataset Original and DeepFake Voices for AI-Based Voice Analysis and Detection/Dataset/S12F04/Real/17.wav,0,MEN,MEN-S12F04,TG:25903432a5ed835d,-5.2734375,1,0.4341666666666667,0.0050998186
mendeley/extracted/Bangla Audio Dataset Original and DeepFake Voices for AI-Based Voice Analysis and Detection/Dataset/S12F04/Real/18.wav,0,MEN,MEN-S12F04,TG:5e9246a5aa906c2c,-5.3554688,1,0.4841666666666666,0.0047000605
mendeley/extracted/Bangla Audio Dataset Original and DeepFake Voices for AI-Based Voice Analysis and Detection/Dataset/S12F04/Real/19.wav,0,MEN,MEN-S12F04,TG:9935a7fc35fba276,-8.109375,1,0.4675,0.00030061635
mendeley/extracted/Bangla Audio Dataset Original and DeepFake Voices for AI-Based Voice Analysis and Detection/Dataset/S12F04/Real/2.wav,0,MEN,MEN-S12F04,TG:2e1a8037a5c7446d,-5.125,1,0.3341666666666666,0.0059110685
mendeley/extracted/Bangla Audio Dataset Original and DeepFake Voices for AI-Based Voice Analysis and Detection/Dataset/S12F04/Real/20.wav,0,MEN,MEN-S12F04,TG:d9a78a9fb8598e30,0.019699097,1,0.4841666666666666,0.5049246
mendeley/extracted/Bangla Audio Dataset Original and DeepFake Voices for AI-Based Voice Analysis and Detection/Dataset/S12F04/Real/21.wav,0,MEN,MEN-S12F04,TG:f2bac89ac84087eb,-4.9453125,1,0.4675,0.0070664007
mendeley/extracted/Bangla Audio Dataset Original and DeepFake Voices for AI-Based Voice Analysis and Detection/Dataset/S12F04/Real/22.wav,0,MEN,MEN-S12F04,TG:6fc67c2677ba9080,-7.4609375,1,0.4175,0.00057478616
mendeley/extracted/Bangla Audio Dataset Original and DeepFake Voices for AI-Based Voice Analysis and Detection/Dataset/S12F04/Real/23.wav,0,MEN,MEN-S12F04,TG:ea4c21803da05315,-9.78125,1,0.4175,5.6497935e-05
mendeley/extracted/Bangla Audio Dataset Original and DeepFake Voices for AI-Based Voice Analysis and Detection/Dataset/S12F04/Real/24.wav,0,MEN,MEN-S12F04,TG:3a260c6e53c12883,-5.7304688,1,0.4841666666666666,0.003235056
mendeley/extracted/Bangla Audio Dataset Original and DeepFake Voices for AI-Based Voice Analysis and Detection/Dataset/S12F04/Real/25.wav,0,MEN,MEN-S12F04,TG:30420959ee16d7c0,-6.1992188,1,0.4008333333333334,0.0020269002
mendeley/extracted/Bangla Audio Dataset Original and DeepFake Voices for AI-Based Voice Analysis and Detection/Dataset/S12F04/Real/26.wav,0,MEN,MEN-S12F04,TG:66dffd8647175de0,-4.1523438,1,0.4508333333333333,0.0154839875
mendeley/extracted/Bangla Audio Dataset Original and DeepFake Voices for AI-Based Voice Analysis and Detection/Dataset/S12F04/Real/27.wav,0,MEN,MEN-S12F04,TG:aa8a2f8197d47eac,-5.484375,1,0.4675,0.004133968
mendeley/extracted/Bangla Audio Dataset Original and DeepFake Voices for AI-Based Voice Analysis and Detection/Dataset/S12F04/Real/28.wav,0,MEN,MEN-S12F04,TG:4085c5d5ac867da6,-2.203125,1,0.5008333333333334,0.09947021
mendeley/extracted/Bangla Audio Dataset Original and DeepFake Voices for AI-Based Voice Analysis and Detection/Dataset/S12F04/Real/29.wav,0,MEN,MEN-S12F04,TG:ee81e3d281fac89c,-8.234375,1,0.3675,0.00026530237
mendeley/extracted/Bangla Audio Dataset Original and DeepFake Voices for AI-Based Voice Analysis and Detection/Dataset/S12F04/Real/3.wav,0,MEN,MEN-S12F04,TG:098f61fd8fd691da,-6.5351562,1,0.3675,0.0014493985
mendeley/extracted/Bangla Audio Dataset Original and DeepFake Voices for AI-Based Voice Analysis and Detection/Dataset/S12F04/Real/30.wav,0,MEN,MEN-S12F04,TG:51ee2c8cc64ff845,-5.3320312,1,0.4008333333333334,0.0048109833
mendeley/extracted/Bangla Audio Dataset Original and DeepFake Voices for AI-Based Voice Analysis and Detection/Dataset/S12F04/Real/4.wav,0,MEN,MEN-S12F04,TG:6da3c24672ce555f,-6.5546875,1,0.3841666666666666,0.0014214043
mendeley/extracted/Bangla Audio Dataset Original and DeepFake Voices for AI-Based Voice Analysis and Detection/Dataset/S12F04/Real/5.wav,0,MEN,MEN-S12F04,TG:6a89c260f0594f99,-7.4765625,1,0.3675,0.00056588004
mendeley/extracted/Bangla Audio Dataset Original and DeepFake Voices for AI-Based Voice Analysis and Detection/Dataset/S12F04/Real/6.wav,0,MEN,MEN-S12F04,TG:702bdb4b4754428b,-8.1171875,1,0.3841666666666666,0.00029827765
mendeley/extracted/Bangla Audio Dataset Original and DeepFake Voices for AI-Based Voice Analysis and Detection/Dataset/S12F04/Real/7.wav,0,MEN,MEN-S12F04,TG:eb1075bf1ced697e,-8.8515625,1,0.3841666666666666,0.00014313738
mendeley/extracted/Bangla Audio Dataset Original and DeepFake Voices for AI-Based Voice Analysis and Detection/Dataset/S12F04/Real/8.wav,0,MEN,MEN-S12F04,TG:3bb8d4c65ccd17ea,-5.375,1,0.4008333333333334,0.0046095722
mendeley/extracted/Bangla Audio Dataset Original and DeepFake Voices for AI-Based Voice Analysis and Detection/Dataset/S12F04/Real/9.wav,0,MEN,MEN-S12F04,TG:313ef8a63b157972,-9.40625,1,0.4341666666666667,8.22019e-05
mendeley/extracted/Bangla Audio Dataset Original and DeepFake Voices for AI-Based Voice Analysis and Detection/Dataset/S12M03/Fake/1.wav,1,MEN,MEN-S12M03,TG:781f1e8a983ae061,-6.2148438,1,0.3808333333333333,0.0019955386
mendeley/extracted/Bangla Audio Dataset Original and DeepFake Voices for AI-Based Voice Analysis and Detection/Dataset/S12M03/Fake/10.wav,1,MEN,MEN-S12M03,TG:81189a7902f36c5d,-1.0322266,1,0.4808333333333333,0.26265267
mendeley/extracted/Bangla Audio Dataset Original and DeepFake Voices for AI-Based Voice Analysis and Detection/Dataset/S12M03/Fake/11.wav,1,MEN,MEN-S12M03,TG:dfc527c4d05b0227,4.3203125,1,0.1374999999999999,0.9868787
mendeley/extracted/Bangla Audio Dataset Original and DeepFake Voices for AI-Based Voice Analysis and Detection/Dataset/S12M03/Fake/12.wav,1,MEN,MEN-S12M03,TG:04a2b30e0f9c53b1,-10.1953125,1,0.4691666666666666,3.7343565e-05
mendeley/extracted/Bangla Audio Dataset Original and DeepFake Voices for AI-Based Voice Analysis and Detection/Dataset/S12M03/Fake/13.wav,1,MEN,MEN-S12M03,TG:f665857f8f5852c9,1.4179688,1,0.3575,0.8050198
mendeley/extracted/Bangla Audio Dataset Original and DeepFake Voices for AI-Based Voice Analysis and Detection/Dataset/S12M03/Fake/14.wav,1,MEN,MEN-S12M03,TG:aa1dc341d60bbafe,-10.6640625,1,0.2541666666666666,2.3369335e-05
mendeley/extracted/Bangla Audio Dataset Original and DeepFake Voices for AI-Based Voice Analysis and Detection/Dataset/S12M03/Fake/15.wav,1,MEN,MEN-S12M03,TG:4d9f637d09e3ead5,-1.4130859,1,0.3974999999999999,0.19574778
mendeley/extracted/Bangla Audio Dataset Original and DeepFake Voices for AI-Based Voice Analysis and Detection/Dataset/S12M03/Fake/16.wav,1,MEN,MEN-S12M03,TG:8ba166c395040864,-1.1767578,1,0.3408333333333333,0.23563564
mendeley/extracted/Bangla Audio Dataset Original and DeepFake Voices for AI-Based Voice Analysis and Detection/Dataset/S12M03/Fake/17.wav,1,MEN,MEN-S12M03,TG:25903432a5ed835d,8.71875,1,0.4541666666666667,0.99983656
mendeley/extracted/Bangla Audio Dataset Original and DeepFake Voices for AI-Based Voice Analysis and Detection/Dataset/S12M03/Fake/18.wav,1,MEN,MEN-S12M03,TG:5e9246a5aa906c2c,-8.296875,1,0.5208333333333333,0.00024923254
mendeley/extracted/Bangla Audio Dataset Original and DeepFake Voices for AI-Based Voice Analysis and Detection/Dataset/S12M03/Fake/19.wav,1,MEN,MEN-S12M03,TG:9935a7fc35fba276,-6.5,1,0.5375,0.0015011822
mendeley/extracted/Bangla Audio Dataset Original and DeepFake Voices for AI-Based Voice Analysis and Detection/Dataset/S12M03/Fake/2.wav,1,MEN,MEN-S12M03,TG:2e1a8037a5c7446d,-3.0019531,1,0.3158333333333333,0.047337715
mendeley/extracted/Bangla Audio Dataset Original and DeepFake Voices for AI-Based Voice Analysis and Detection/Dataset/S12M03/Fake/20.wav,1,MEN,MEN-S12M03,TG:d9a78a9fb8598e30,-4.2773438,1,0.5075000000000001,0.013689476
mendeley/extracted/Bangla Audio Dataset Original and DeepFake Voices for AI-Based Voice Analysis and Detection/Dataset/S12M03/Fake/21.wav,1,MEN,MEN-S12M03,TG:f2bac89ac84087eb,-4.421875,1,0.4341666666666667,0.011869121
mendeley/extracted/Bangla Audio Dataset Original and DeepFake Voices for AI-Based Voice Analysis and Detection/Dataset/S12M03/Fake/22.wav,1,MEN,MEN-S12M03,TG:6fc67c2677ba9080,-5.1757812,1,0.4024999999999999,0.0056200367
mendeley/extracted/Bangla Audio Dataset Original and DeepFake Voices for AI-Based Voice Analysis and Detection/Dataset/S12M03/Fake/23.wav,1,MEN,MEN-S12M03,TG:ea4c21803da05315,7.4375,1,0.4441666666666667,0.9994116
mendeley/extracted/Bangla Audio Dataset Original and DeepFake Voices for AI-Based Voice Analysis and Detection/Dataset/S12M03/Fake/24.wav,1,MEN,MEN-S12M03,TG:3a260c6e53c12883,-6.6015625,1,0.4891666666666666,0.0013564017
mendeley/extracted/Bangla Audio Dataset Original and DeepFake Voices for AI-Based Voice Analysis and Detection/Dataset/S12M03/Fake/25.wav,1,MEN,MEN-S12M03,TG:30420959ee16d7c0,5.625,1,0.3358333333333333,0.9964064
mendeley/extracted/Bangla Audio Dataset Original and DeepFake Voices for AI-Based Voice Analysis and Detection/Dataset/S12M03/Fake/26.wav,1,MEN,MEN-S12M03,TG:66dffd8647175de0,-3.4238281,1,0.4841666666666666,0.03155902
mendeley/extracted/Bangla Audio Dataset Original and DeepFake Voices for AI-Based Voice Analysis and Detection/Dataset/S12M03/Fake/27.wav,1,MEN,MEN-S12M03,TG:aa8a2f8197d47eac,-3.4140625,1,0.5158333333333334,0.031858854
mendeley/extracted/Bangla Audio Dataset Original and DeepFake Voices for AI-Based Voice Analysis and Detection/Dataset/S12M03/Fake/28.wav,1,MEN,MEN-S12M03,TG:4085c5d5ac867da6,0.79541016,1,0.4375,0.6889918
mendeley/extracted/Bangla Audio Dataset Original and DeepFake Voices for AI-Based Voice Analysis and Detection/Dataset/S12M03/Fake/29.wav,1,MEN,MEN-S12M03,TG:ee81e3d281fac89c,-8.8671875,1,0.3824999999999999,0.00014091855
mendeley/extracted/Bangla Audio Dataset Original and DeepFake Voices for AI-Based Voice Analysis and Detection/Dataset/S12M03/Fake/3.wav,1,MEN,MEN-S12M03,TG:098f61fd8fd691da,-6.1601562,1,0.2991666666666667,0.0021074724
mendeley/extracted/Bangla Audio Dataset Original and DeepFake Voices for AI-Based Voice Analysis and Detection/Dataset/S12M03/Fake/30.wav,1,MEN,MEN-S12M03,TG:51ee2c8cc64ff845,-0.56396484,1,0.4625,0.36263055
mendeley/extracted/Bangla Audio Dataset Original and DeepFake Voices for AI-Based Voice Analysis and Detection/Dataset/S12M03/Fake/4.wav,1,MEN,MEN-S12M03,TG:6da3c24672ce555f,-9.1953125,1,0.4041666666666667,0.000101503836
mendeley/extracted/Bangla Audio Dataset Original and DeepFake Voices for AI-Based Voice Analysis and Detection/Dataset/S12M03/Fake/5.wav,1,MEN,MEN-S12M03,TG:6a89c260f0594f99,-6.5507812,1,0.3308333333333333,0.0014269596
mendeley/extracted/Bangla Audio Dataset Original and DeepFake Voices for AI-Based Voice Analysis and Detection/Dataset/S12M03/Fake/6.wav,1,MEN,MEN-S12M03,TG:702bdb4b4754428b,-8.203125,1,0.4558333333333333,0.00027372167
mendeley/extracted/Bangla Audio Dataset Original and DeepFake Voices for AI-Based Voice Analysis and Detection/Dataset/S12M03/Fake/7.wav,1,MEN,MEN-S12M03,TG:eb1075bf1ced697e,8.1640625,1,0.4841666666666666,0.9997154
mendeley/extracted/Bangla Audio Dataset Original and DeepFake Voices for AI-Based Voice Analysis and Detection/Dataset/S12M03/Fake/8.wav,1,MEN,MEN-S12M03,TG:3bb8d4c65ccd17ea,1.9833984,1,0.3741666666666666,0.879043
mendeley/extracted/Bangla Audio Dataset Original and DeepFake Voices for AI-Based Voice Analysis and Detection/Dataset/S12M03/Fake/9.wav,1,MEN,MEN-S12M03,TG:313ef8a63b157972,-12.1796875,1,0.3808333333333333,5.133655e-06
mendeley/extracted/Bangla Audio Dataset Original and DeepFake Voices for AI-Based Voice Analysis and Detection/Dataset/S12M03/Real/1.wav,0,MEN,MEN-S12M03,TG:781f1e8a983ae061,-7.703125,1,0.4508333333333333,0.0004512106
mendeley/extracted/Bangla Audio Dataset Original and DeepFake Voices for AI-Based Voice Analysis and Detection/Dataset/S12M03/Real/10.wav,0,MEN,MEN-S12M03,TG:81189a7902f36c5d,-15.3671875,1,0.5175000000000001,2.1189229e-07
mendeley/extracted/Bangla Audio Dataset Original and DeepFake Voices for AI-Based Voice Analysis and Detection/Dataset/S12M03/Real/11.wav,0,MEN,MEN-S12M03,TG:dfc527c4d05b0227,-13.5,1,0.4341666666666667,1.3709571e-06
mendeley/extracted/Bangla Audio Dataset Original and DeepFake Voices for AI-Based Voice Analysis and Detection/Dataset/S12M03/Real/12.wav,0,MEN,MEN-S12M03,TG:04a2b30e0f9c53b1,-7.6445312,1,0.5008333333333334,0.00047842565
mendeley/extracted/Bangla Audio Dataset Original and DeepFake Voices for AI-Based Voice Analysis and Detection/Dataset/S12M03/Real/13.wav,0,MEN,MEN-S12M03,TG:f665857f8f5852c9,-3.5839844,1,0.4175,0.027014792
mendeley/extracted/Bangla Audio Dataset Original and DeepFake Voices for AI-Based Voice Analysis and Detection/Dataset/S12M03/Real/14.wav,0,MEN,MEN-S12M03,TG:aa1dc341d60bbafe,-15.3046875,1,0.4008333333333334,2.2555818e-07
mendeley/extracted/Bangla Audio Dataset Original and DeepFake Voices for AI-Based Voice Analysis and Detection/Dataset/S12M03/Real/15.wav,0,MEN,MEN-S12M03,TG:4d9f637d09e3ead5,-6.984375,1,0.5675,0.00092538487
mendeley/extracted/Bangla Audio Dataset Original and DeepFake Voices for AI-Based Voice Analysis and Detection/Dataset/S12M03/Real/16.wav,0,MEN,MEN-S12M03,TG:8ba166c395040864,-6.0078125,1,0.4841666666666666,0.0024534285
mendeley/extracted/Bangla Audio Dataset Original and DeepFake Voices for AI-Based Voice Analysis and Detection/Dataset/S12M03/Real/17.wav,0,MEN,MEN-S12M03,TG:25903432a5ed835d,-5.078125,1,0.5008333333333334,0.00619299
mendeley/extracted/Bangla Audio Dataset Original and DeepFake Voices for AI-Based Voice Analysis and Detection/Dataset/S12M03/Real/18.wav,0,MEN,MEN-S12M03,TG:5e9246a5aa906c2c,-8.625,1,0.4675,0.00017952795
mendeley/extracted/Bangla Audio Dataset Original and DeepFake Voices for AI-Based Voice Analysis and Detection/Dataset/S12M03/Real/19.wav,0,MEN,MEN-S12M03,TG:9935a7fc35fba276,-14.1015625,1,0.4841666666666666,7.51223e-07
mendeley/extracted/Bangla Audio Dataset Original and DeepFake Voices for AI-Based Voice Analysis and Detection/Dataset/S12M03/Real/2.wav,0,MEN,MEN-S12M03,TG:2e1a8037a5c7446d,-8.046875,1,0.5008333333333334,0.00031999825
mendeley/extracted/Bangla Audio Dataset Original and DeepFake Voices for AI-Based Voice Analysis and Detection/Dataset/S12M03/Real/20.wav,0,MEN,MEN-S12M03,TG:d9a78a9fb8598e30,-10.1015625,1,0.6174999999999999,4.1013736e-05
mendeley/extracted/Bangla Audio Dataset Original and DeepFake Voices for AI-Based Voice Analysis and Detection/Dataset/S12M03/Real/21.wav,0,MEN,MEN-S12M03,TG:f2bac89ac84087eb,-3.8886719,1,0.5341666666666667,0.020061804
mendeley/extracted/Bangla Audio Dataset Original and DeepFake Voices for AI-Based Voice Analysis and Detection/Dataset/S12M03/Real/22.wav,0,MEN,MEN-S12M03,TG:6fc67c2677ba9080,-9.015625,1,0.3341666666666666,0.00012148176
mendeley/extracted/Bangla Audio Dataset Original and DeepFake Voices for AI-Based Voice Analysis and Detection/Dataset/S12M03/Real/23.wav,0,MEN,MEN-S12M03,TG:ea4c21803da05315,-11.8984375,1,0.4841666666666666,6.8009767e-06
mendeley/extracted/Bangla Audio Dataset Original and DeepFake Voices for AI-Based Voice Analysis and Detection/Dataset/S12M03/Real/24.wav,0,MEN,MEN-S12M03,TG:3a260c6e53c12883,-10.21875,1,0.5508333333333333,3.6478537e-05
mendeley/extracted/Bangla Audio Dataset Original and DeepFake Voices for AI-Based Voice Analysis and Detection/Dataset/S12M03/Real/25.wav,0,MEN,MEN-S12M03,TG:30420959ee16d7c0,-8.734375,1,0.4175,0.00016093084
mendeley/extracted/Bangla Audio Dataset Original and DeepFake Voices for AI-Based Voice Analysis and Detection/Dataset/S12M03/Real/26.wav,0,MEN,MEN-S12M03,TG:66dffd8647175de0,-9.3828125,1,0.5175000000000001,8.415109e-05
mendeley/extracted/Bangla Audio Dataset Original and DeepFake Voices for AI-Based Voice Analysis and Detection/Dataset/S12M03/Real/27.wav,0,MEN,MEN-S12M03,TG:aa8a2f8197d47eac,-0.8496094,1,0.5675,0.29951483
mendeley/extracted/Bangla Audio Dataset Original and DeepFake Voices for AI-Based Voice Analysis and Detection/Dataset/S12M03/Real/28.wav,0,MEN,MEN-S12M03,TG:4085c5d5ac867da6,-8.421875,1,0.5508333333333333,0.00021995336
mendeley/extracted/Bangla Audio Dataset Original and DeepFake Voices for AI-Based Voice Analysis and Detection/Dataset/S12M03/Real/29.wav,0,MEN,MEN-S12M03,TG:ee81e3d281fac89c,-12.8125,1,0.5175000000000001,2.7264705e-06
mendeley/extracted/Bangla Audio Dataset Original and DeepFake Voices for AI-Based Voice Analysis and Detection/Dataset/S12M03/Real/3.wav,0,MEN,MEN-S12M03,TG:098f61fd8fd691da,-11.1484375,1,0.4175,1.4397558e-05
mendeley/extracted/Bangla Audio Dataset Original and DeepFake Voices for AI-Based Voice Analysis and Detection/Dataset/S12M03/Real/30.wav,0,MEN,MEN-S12M03,TG:51ee2c8cc64ff845,-6.8359375,1,0.5175000000000001,0.0010733063
mendeley/extracted/Bangla Audio Dataset Original and DeepFake Voices for AI-Based Voice Analysis and Detection/Dataset/S12M03/Real/4.wav,0,MEN,MEN-S12M03,TG:6da3c24672ce555f,-11.8046875,1,0.4008333333333334,7.469407e-06
mendeley/extracted/Bangla Audio Dataset Original and DeepFake Voices for AI-Based Voice Analysis and Detection/Dataset/S12M03/Real/5.wav,0,MEN,MEN-S12M03,TG:6a89c260f0594f99,-10.109375,1,0.4008333333333334,4.0694576e-05
mendeley/extracted/Bangla Audio Dataset Original and DeepFake Voices for AI-Based Voice Analysis and Detection/Dataset/S12M03/Real/6.wav,0,MEN,MEN-S12M03,TG:702bdb4b4754428b,-9.484375,1,0.4341666666666667,7.60248e-05
mendeley/extracted/Bangla Audio Dataset Original and DeepFake Voices for AI-Based Voice Analysis and Detection/Dataset/S12M03/Real/7.wav,0,MEN,MEN-S12M03,TG:eb1075bf1ced697e,-1.5810547,1,0.5341666666666667,0.17064618
mendeley/extracted/Bangla Audio Dataset Original and DeepFake Voices for AI-Based Voice Analysis and Detection/Dataset/S12M03/Real/8.wav,0,MEN,MEN-S12M03,TG:3bb8d4c65ccd17ea,-6.9804688,1,0.4341666666666667,0.00092900335
mendeley/extracted/Bangla Audio Dataset Original and DeepFake Voices for AI-Based Voice Analysis and Detection/Dataset/S12M03/Real/9.wav,0,MEN,MEN-S12M03,TG:313ef8a63b157972,-11.28125,1,0.5008333333333334,1.2606946e-05
mendeley/extracted/Bangla Audio Dataset Original and DeepFake Voices for AI-Based Voice Analysis and Detection/Dataset/S12M05/Fake/1.wav,1,MEN,MEN-S12M05,TG:781f1e8a983ae061,-6.4570312,1,0.4091666666666667,0.0015669888
mendeley/extracted/Bangla Audio Dataset Original and DeepFake Voices for AI-Based Voice Analysis and Detection/Dataset/S12M05/Fake/10.wav,1,MEN,MEN-S12M05,TG:81189a7902f36c5d,-7.7460938,1,0.4975,0.0004322415
mendeley/extracted/Bangla Audio Dataset Original and DeepFake Voices for AI-Based Voice Analysis and Detection/Dataset/S12M05/Fake/11.wav,1,MEN,MEN-S12M05,TG:dfc527c4d05b0227,-1.6220703,1,0.1991666666666667,0.16491954
mendeley/extracted/Bangla Audio Dataset Original and DeepFake Voices for AI-Based Voice Analysis and Detection/Dataset/S12M05/Fake/12.wav,1,MEN,MEN-S12M05,TG:04a2b30e0f9c53b1,-7.0703125,1,0.4775,0.00084924564
mendeley/extracted/Bangla Audio Dataset Original and DeepFake Voices for AI-Based Voice Analysis and Detection/Dataset/S12M05/Fake/13.wav,1,MEN,MEN-S12M05,TG:f665857f8f5852c9,-2.4023438,1,0.3791666666666666,0.08299415
mendeley/extracted/Bangla Audio Dataset Original and DeepFake Voices for AI-Based Voice Analysis and Detection/Dataset/S12M05/Fake/14.wav,1,MEN,MEN-S12M05,TG:aa1dc341d60bbafe,-10.2578125,1,0.3258333333333333,3.5081117e-05
mendeley/extracted/Bangla Audio Dataset Original and DeepFake Voices for AI-Based Voice Analysis and Detection/Dataset/S12M05/Fake/15.wav,1,MEN,MEN-S12M05,TG:4d9f637d09e3ead5,-7.3203125,1,0.3641666666666666,0.0006615174
mendeley/extracted/Bangla Audio Dataset Original and DeepFake Voices for AI-Based Voice Analysis and Detection/Dataset/S12M05/Fake/16.wav,1,MEN,MEN-S12M05,TG:8ba166c395040864,3.453125,1,0.3625,0.9693242
mendeley/extracted/Bangla Audio Dataset Original and DeepFake Voices for AI-Based Voice Analysis and Detection/Dataset/S12M05/Fake/17.wav,1,MEN,MEN-S12M05,TG:25903432a5ed835d,-11.203125,1,0.4508333333333333,1.3631346e-05
mendeley/extracted/Bangla Audio Dataset Original and DeepFake Voices for AI-Based Voice Analysis and Detection/Dataset/S12M05/Fake/18.wav,1,MEN,MEN-S12M05,TG:5e9246a5aa906c2c,-0.4387207,1,0.5425,0.39204586
mendeley/extracted/Bangla Audio Dataset Original and DeepFake Voices for AI-Based Voice Analysis and Detection/Dataset/S12M05/Fake/19.wav,1,MEN,MEN-S12M05,TG:9935a7fc35fba276,0.7060547,1,0.5191666666666667,0.6695288
mendeley/extracted/Bangla Audio Dataset Original and DeepFake Voices for AI-Based Voice Analysis and Detection/Dataset/S12M05/Fake/2.wav,1,MEN,MEN-S12M05,TG:2e1a8037a5c7446d,-4.640625,1,0.3541666666666666,0.009559399
mendeley/extracted/Bangla Audio Dataset Original and DeepFake Voices for AI-Based Voice Analysis and Detection/Dataset/S12M05/Fake/20.wav,1,MEN,MEN-S12M05,TG:d9a78a9fb8598e30,-11.59375,1,0.5375,9.2234695e-06
mendeley/extracted/Bangla Audio Dataset Original and DeepFake Voices for AI-Based Voice Analysis and Detection/Dataset/S12M05/Fake/21.wav,1,MEN,MEN-S12M05,TG:f2bac89ac84087eb,-4.6914062,1,0.4358333333333333,0.009090384
mendeley/extracted/Bangla Audio Dataset Original and DeepFake Voices for AI-Based Voice Analysis and Detection/Dataset/S12M05/Fake/22.wav,1,MEN,MEN-S12M05,TG:6fc67c2677ba9080,-4.5703125,1,0.4908333333333333,0.010248602
mendeley/extracted/Bangla Audio Dataset Original and DeepFake Voices for AI-Based Voice Analysis and Detection/Dataset/S12M05/Fake/23.wav,1,MEN,MEN-S12M05,TG:ea4c21803da05315,0.8881836,1,0.4408333333333333,0.70851517
mendeley/extracted/Bangla Audio Dataset Original and DeepFake Voices for AI-Based Voice Analysis and Detection/Dataset/S12M05/Fake/24.wav,1,MEN,MEN-S12M05,TG:3a260c6e53c12883,3.4179688,1,0.3575,0.96826136
mendeley/extracted/Bangla Audio Dataset Original and DeepFake Voices for AI-Based Voice Analysis and Detection/Dataset/S12M05/Fake/25.wav,1,MEN,MEN-S12M05,TG:30420959ee16d7c0,2.078125,1,0.3641666666666666,0.88875884
mendeley/extracted/Bangla Audio Dataset Original and DeepFake Voices for AI-Based Voice Analysis and Detection/Dataset/S12M05/Fake/26.wav,1,MEN,MEN-S12M05,TG:66dffd8647175de0,1.6748047,1,0.3874999999999999,0.84221536
mendeley/extracted/Bangla Audio Dataset Original and DeepFake Voices for AI-Based Voice Analysis and Detection/Dataset/S12M05/Fake/27.wav,1,MEN,MEN-S12M05,TG:aa8a2f8197d47eac,-2.8632812,1,0.4558333333333333,0.05399884
mendeley/extracted/Bangla Audio Dataset Original and DeepFake Voices for AI-Based Voice Analysis and Detection/Dataset/S12M05/Fake/28.wav,1,MEN,MEN-S12M05,TG:4085c5d5ac867da6,-6.5898438,1,0.4908333333333333,0.0013723688
mendeley/extracted/Bangla Audio Dataset Original and DeepFake Voices for AI-Based Voice Analysis and Detection/Dataset/S12M05/Fake/29.wav,1,MEN,MEN-S12M05,TG:ee81e3d281fac89c,-8.2265625,1,0.3874999999999999,0.00026738262
mendeley/extracted/Bangla Audio Dataset Original and DeepFake Voices for AI-Based Voice Analysis and Detection/Dataset/S12M05/Fake/3.wav,1,MEN,MEN-S12M05,TG:098f61fd8fd691da,-4.5507812,1,0.2508333333333333,0.010448625
mendeley/extracted/Bangla Audio Dataset Original and DeepFake Voices for AI-Based Voice Analysis and Detection/Dataset/S12M05/Fake/30.wav,1,MEN,MEN-S12M05,TG:51ee2c8cc64ff845,-13.8359375,1,0.4208333333333333,9.797793e-07
mendeley/extracted/Bangla Audio Dataset Original and DeepFake Voices for AI-Based Voice Analysis and Detection/Dataset/S12M05/Fake/4.wav,1,MEN,MEN-S12M05,TG:6da3c24672ce555f,-7.5507812,1,0.3541666666666666,0.00052542303
mendeley/extracted/Bangla Audio Dataset Original and DeepFake Voices for AI-Based Voice Analysis and Detection/Dataset/S12M05/Fake/5.wav,1,MEN,MEN-S12M05,TG:6a89c260f0594f99,-10.9296875,1,0.3208333333333333,1.791799e-05
mendeley/extracted/Bangla Audio Dataset Original and DeepFake Voices for AI-Based Voice Analysis and Detection/Dataset/S12M05/Fake/6.wav,1,MEN,MEN-S12M05,TG:702bdb4b4754428b,-8.890625,1,0.4708333333333333,0.00013765464
mendeley/extracted/Bangla Audio Dataset Original and DeepFake Voices for AI-Based Voice Analysis and Detection/Dataset/S12M05/Fake/7.wav,1,MEN,MEN-S12M05,TG:eb1075bf1ced697e,-4.8085938,1,0.5008333333333334,0.00809329
mendeley/extracted/Bangla Audio Dataset Original and DeepFake Voices for AI-Based Voice Analysis and Detection/Dataset/S12M05/Fake/8.wav,1,MEN,MEN-S12M05,TG:3bb8d4c65ccd17ea,-3.90625,1,0.3641666666666666,0.01971913
mendeley/extracted/Bangla Audio Dataset Original and DeepFake Voices for AI-Based Voice Analysis and Detection/Dataset/S12M05/Fake/9.wav,1,MEN,MEN-S12M05,TG:313ef8a63b157972,-10.21875,1,0.4241666666666667,3.6478537e-05
mendeley/extracted/Bangla Audio Dataset Original and DeepFake Voices for AI-Based Voice Analysis and Detection/Dataset/S12M05/Real/1.wav,0,MEN,MEN-S12M05,TG:781f1e8a983ae061,-5.734375,1,0.4341666666666667,0.0032224844
mendeley/extracted/Bangla Audio Dataset Original and DeepFake Voices for AI-Based Voice Analysis and Detection/Dataset/S12M05/Real/10.wav,0,MEN,MEN-S12M05,TG:81189a7902f36c5d,-6.578125,1,0.5175000000000001,0.0013885231
mendeley/extracted/Bangla Audio Dataset Original and DeepFake Voices for AI-Based Voice Analysis and Detection/Dataset/S12M05/Real/11.wav,0,MEN,MEN-S12M05,TG:dfc527c4d05b0227,-8.890625,1,0.4008333333333334,0.00013765464
mendeley/extracted/Bangla Audio Dataset Original and DeepFake Voices for AI-Based Voice Analysis and Detection/Dataset/S12M05/Real/12.wav,0,MEN,MEN-S12M05,TG:04a2b30e0f9c53b1,-5.484375,1,0.5175000000000001,0.004133968
mendeley/extracted/Bangla Audio Dataset Original and DeepFake Voices for AI-Based Voice Analysis and Detection/Dataset/S12M05/Real/13.wav,0,MEN,MEN-S12M05,TG:f665857f8f5852c9,-2.9511719,1,0.4175,0.049681153
mendeley/extracted/Bangla Audio Dataset Original and DeepFake Voices for AI-Based Voice Analysis and Detection/Dataset/S12M05/Real/14.wav,0,MEN,MEN-S12M05,TG:aa1dc341d60bbafe,-7.53125,1,0.3841666666666666,0.00053578056
mendeley/extracted/Bangla Audio Dataset Original and DeepFake Voices for AI-Based Voice Analysis and Detection/Dataset/S12M05/Real/15.wav,0,MEN,MEN-S12M05,TG:4d9f637d09e3ead5,-6.8515625,1,0.4508333333333333,0.0010566838
mendeley/extracted/Bangla Audio Dataset Original and DeepFake Voices for AI-Based Voice Analysis and Detection/Dataset/S12M05/Real/16.wav,0,MEN,MEN-S12M05,TG:8ba166c395040864,-3.1484375,1,0.3841666666666666,0.041152887
mendeley/extracted/Bangla Audio Dataset Original and DeepFake Voices for AI-Based Voice Analysis and Detection/Dataset/S12M05/Real/17.wav,0,MEN,MEN-S12M05,TG:25903432a5ed835d,-9.9609375,1,0.4008333333333334,4.720623e-05
mendeley/extracted/Bangla Audio Dataset Original and DeepFake Voices for AI-Based Voice Analysis and Detection/Dataset/S12M05/Real/18.wav,0,MEN,MEN-S12M05,TG:5e9246a5aa906c2c,-1.0585938,1,0.4841666666666666,0.25757828
mendeley/extracted/Bangla Audio Dataset Original and DeepFake Voices for AI-Based Voice Analysis and Detection/Dataset/S12M05/Real/19.wav,0,MEN,MEN-S12M05,TG:9935a7fc35fba276,-17.296875,1,0.3675,3.0765406e-08
mendeley/extracted/Bangla Audio Dataset Original and DeepFake Voices for AI-Based Voice Analysis and Detection/Dataset/S12M05/Real/2.wav,0,MEN,MEN-S12M05,TG:2e1a8037a5c7446d,-8.5703125,1,0.3508333333333333,0.00018961739
mendeley/extracted/Bangla Audio Dataset Original and DeepFake Voices for AI-Based Voice Analysis and Detection/Dataset/S12M05/Real/20.wav,0,MEN,MEN-S12M05,TG:d9a78a9fb8598e30,-5.6328125,1,0.5341666666666667,0.0035657366
mendeley/extracted/Bangla Audio Dataset Original and DeepFake Voices for AI-Based Voice Analysis and Detection/Dataset/S12M05/Real/21.wav,0,MEN,MEN-S12M05,TG:f2bac89ac84087eb,-7.8164062,1,0.4508333333333333,0.0004029052
mendeley/extracted/Bangla Audio Dataset Original and DeepFake Voices for AI-Based Voice Analysis and Detection/Dataset/S12M05/Real/22.wav,0,MEN,MEN-S12M05,TG:6fc67c2677ba9080,-3.5195312,1,0.3841666666666666,0.028761586
mendeley/extracted/Bangla Audio Dataset Original and DeepFake Voices for AI-Based Voice Analysis and Detection/Dataset/S12M05/Real/23.wav,0,MEN,MEN-S12M05,TG:ea4c21803da05315,-5.8476562,1,0.4508333333333333,0.0028783479
mendeley/extracted/Bangla Audio Dataset Original and DeepFake Voices for AI-Based Voice Analysis and Detection/Dataset/S12M05/Real/24.wav,0,MEN,MEN-S12M05,TG:3a260c6e53c12883,-3.015625,1,0.4008333333333334,0.046724956
mendeley/extracted/Bangla Audio Dataset Original and DeepFake Voices for AI-Based Voice Analysis and Detection/Dataset/S12M05/Real/25.wav,0,MEN,MEN-S12M05,TG:30420959ee16d7c0,-7.0859375,1,0.3508333333333333,0.0008360903
mendeley/extracted/Bangla Audio Dataset Original and DeepFake Voices for AI-Based Voice Analysis and Detection/Dataset/S12M05/Real/26.wav,0,MEN,MEN-S12M05,TG:66dffd8647175de0,-5.9179688,1,0.4508333333333333,0.0026834398
mendeley/extracted/Bangla Audio Dataset Original and DeepFake Voices for AI-Based Voice Analysis and Detection/Dataset/S12M05/Real/27.wav,0,MEN,MEN-S12M05,TG:aa8a2f8197d47eac,-3.9160156,1,0.5175000000000001,0.019531239
mendeley/extracted/Bangla Audio Dataset Original and DeepFake Voices for AI-Based Voice Analysis and Detection/Dataset/S12M05/Real/28.wav,0,MEN,MEN-S12M05,TG:4085c5d5ac867da6,-3.2617188,1,0.4175,0.036908068
mendeley/extracted/Bangla Audio Dataset Original and DeepFake Voices for AI-Based Voice Analysis and Detection/Dataset/S12M05/Real/29.wav,0,MEN,MEN-S12M05,TG:ee81e3d281fac89c,-11.5078125,1,0.3841666666666666,1.005116e-05
mendeley/extracted/Bangla Audio Dataset Original and DeepFake Voices for AI-Based Voice Analysis and Detection/Dataset/S12M05/Real/3.wav,0,MEN,MEN-S12M05,TG:098f61fd8fd691da,-8.4453125,1,0.4008333333333334,0.00021485923
mendeley/extracted/Bangla Audio Dataset Original and DeepFake Voices for AI-Based Voice Analysis and Detection/Dataset/S12M05/Real/30.wav,0,MEN,MEN-S12M05,TG:51ee2c8cc64ff845,-4.3046875,1,0.4341666666666667,0.013325147
mendeley/extracted/Bangla Audio Dataset Original and DeepFake Voices for AI-Based Voice Analysis and Detection/Dataset/S12M05/Real/4.wav,0,MEN,MEN-S12M05,TG:6da3c24672ce555f,-5.6796875,1,0.4175,0.0034030057
mendeley/extracted/Bangla Audio Dataset Original and DeepFake Voices for AI-Based Voice Analysis and Detection/Dataset/S12M05/Real/5.wav,0,MEN,MEN-S12M05,TG:6a89c260f0594f99,-6.0625,1,0.3675,0.0023231625
mendeley/extracted/Bangla Audio Dataset Original and DeepFake Voices for AI-Based Voice Analysis and Detection/Dataset/S12M05/Real/6.wav,0,MEN,MEN-S12M05,TG:702bdb4b4754428b,-5.84375,1,0.3841666666666666,0.002889581
mendeley/extracted/Bangla Audio Dataset Original and DeepFake Voices for AI-Based Voice Analysis and Detection/Dataset/S12M05/Real/7.wav,0,MEN,MEN-S12M05,TG:eb1075bf1ced697e,-5.6054688,1,0.3841666666666666,0.0036642207
mendeley/extracted/Bangla Audio Dataset Original and DeepFake Voices for AI-Based Voice Analysis and Detection/Dataset/S12M05/Real/8.wav,0,MEN,MEN-S12M05,TG:3bb8d4c65ccd17ea,-2.3242188,1,0.3508333333333333,0.089136936
mendeley/extracted/Bangla Audio Dataset Original and DeepFake Voices for AI-Based Voice Analysis and Detection/Dataset/S12M05/Real/9.wav,0,MEN,MEN-S12M05,TG:313ef8a63b157972,-1.6699219,1,0.4841666666666666,0.15843461
mendeley/extracted/Bangla Audio Dataset Original and DeepFake Voices for AI-Based Voice Analysis and Detection/Dataset/S13F02/Fake/1.wav,1,MEN,MEN-S13F02,TG:59a9f15bf4c1e1f9,-9.2265625,1,0.4308333333333333,9.83812e-05
mendeley/extracted/Bangla Audio Dataset Original and DeepFake Voices for AI-Based Voice Analysis and Detection/Dataset/S13F02/Fake/10.wav,1,MEN,MEN-S13F02,TG:af46530c8e94f66a,-8.7265625,1,0.5341666666666667,0.00016219284
mendeley/extracted/Bangla Audio Dataset Original and DeepFake Voices for AI-Based Voice Analysis and Detection/Dataset/S13F02/Fake/11.wav,1,MEN,MEN-S13F02,TG:206cd06074b026d5,-12.9296875,1,0.5258333333333334,2.4249737e-06
mendeley/extracted/Bangla Audio Dataset Original and DeepFake Voices for AI-Based Voice Analysis and Detection/Dataset/S13F02/Fake/12.wav,1,MEN,MEN-S13F02,TG:fc8142f1666481b5,-4.6445312,1,0.4441666666666667,0.009522486
mendeley/extracted/Bangla Audio Dataset Original and DeepFake Voices for AI-Based Voice Analysis and Detection/Dataset/S13F02/Fake/13.wav,1,MEN,MEN-S13F02,TG:8b9d7fe36d313ffb,-13.1171875,1,0.5958333333333333,2.0103746e-06
mendeley/extracted/Bangla Audio Dataset Original and DeepFake Voices for AI-Based Voice Analysis and Detection/Dataset/S13F02/Fake/14.wav,1,MEN,MEN-S13F02,TG:373cb328e6d0029c,-10.234375,1,0.4775,3.5913014e-05
mendeley/extracted/Bangla Audio Dataset Original and DeepFake Voices for AI-Based Voice Analysis and Detection/Dataset/S13F02/Fake/15.wav,1,MEN,MEN-S13F02,TG:725e597ccf136c7b,-8.8828125,1,0.4008333333333334,0.00013873413
mendeley/extracted/Bangla Audio Dataset Original and DeepFake Voices for AI-Based Voice Analysis and Detection/Dataset/S13F02/Fake/16.wav,1,MEN,MEN-S13F02,TG:19493fcae8d03fba,-6.2304688,1,0.3858333333333333,0.0019646613
mendeley/extracted/Bangla Audio Dataset Original and DeepFake Voices for AI-Based Voice Analysis and Detection/Dataset/S13F02/Fake/17.wav,1,MEN,MEN-S13F02,TG:6c80d161a68feef8,-13.3359375,1,0.4508333333333333,1.615382e-06
mendeley/extracted/Bangla Audio Dataset Original and DeepFake Voices for AI-Based Voice Analysis and Detection/Dataset/S13F02/Fake/18.wav,1,MEN,MEN-S13F02,TG:c628bfabacea3ccb,-7.5039062,1,0.4775,0.00055062474
mendeley/extracted/Bangla Audio Dataset Original and DeepFake Voices for AI-Based Voice Analysis and Detection/Dataset/S13F02/Fake/19.wav,1,MEN,MEN-S13F02,TG:8dee1cb04b557d42,-12.9296875,1,0.3774999999999999,2.4249737e-06
mendeley/extracted/Bangla Audio Dataset Original and DeepFake Voices for AI-Based Voice Analysis and Detection/Dataset/S13F02/Fake/2.wav,1,MEN,MEN-S13F02,TG:b50c656187dba8e6,-11.3203125,1,0.5275000000000001,1.2123987e-05
mendeley/extracted/Bangla Audio Dataset Original and DeepFake Voices for AI-Based Voice Analysis and Detection/Dataset/S13F02/Fake/20.wav,1,MEN,MEN-S13F02,TG:b2cf028254ed88e1,-0.890625,1,0.3691666666666666,0.29098085
mendeley/extracted/Bangla Audio Dataset Original and DeepFake Voices for AI-Based Voice Analysis and Detection/Dataset/S13F02/Fake/21.wav,1,MEN,MEN-S13F02,TG:b16e2afabc8b744f,-9.6015625,1,0.4641666666666666,6.761842e-05
mendeley/extracted/Bangla Audio Dataset Original and DeepFake Voices for AI-Based Voice Analysis and Detection/Dataset/S13F02/Fake/22.wav,1,MEN,MEN-S13F02,TG:3ea4c2ab6bd8c696,-6.4023438,1,0.5208333333333333,0.0016549242
mendeley/extracted/Bangla Audio Dataset Original and DeepFake Voices for AI-Based Voice Analysis and Detection/Dataset/S13F02/Fake/23.wav,1,MEN,MEN-S13F02,TG:1aea278e72d15d0c,-2.8007812,1,0.4608333333333333,0.057281975
mendeley/extracted/Bangla Audio Dataset Original and DeepFake Voices for AI-Based Voice Analysis and Detection/Dataset/S13F02/Fake/24.wav,1,MEN,MEN-S13F02,TG:308b7809dcd529fe,-0.15063477,1,0.5241666666666667,0.46241236
mendeley/extracted/Bangla Audio Dataset Original and DeepFake Voices for AI-Based Voice Analysis and Detection/Dataset/S13F02/Fake/25.wav,1,MEN,MEN-S13F02,TG:d1b72b1834bf1ba9,-9.828125,1,0.2774999999999999,5.391084e-05
mendeley/extracted/Bangla Audio Dataset Original and DeepFake Voices for AI-Based Voice Analysis and Detection/Dataset/S13F02/Fake/26.wav,1,MEN,MEN-S13F02,TG:b30ab81ebf25d425,-12.484375,1,0.4608333333333333,3.7853247e-06
mendeley/extracted/Bangla Audio Dataset Original and DeepFake Voices for AI-Based Voice Analysis and Detection/Dataset/S13F02/Fake/27.wav,1,MEN,MEN-S13F02,TG:4801945c778274b7,-12.75,1,0.4775,2.902312e-06
mendeley/extracted/Bangla Audio Dataset Original and DeepFake Voices for AI-Based Voice Analysis and Detection/Dataset/S13F02/Fake/28.wav,1,MEN,MEN-S13F02,TG:20d29da1528cd788,4.328125,1,0.4075,0.9869795
mendeley/extracted/Bangla Audio Dataset Original and DeepFake Voices for AI-Based Voice Analysis and Detection/Dataset/S13F02/Fake/29.wav,1,MEN,MEN-S13F02,TG:39ba0547eb0a9549,-11.4609375,1,0.3708333333333333,1.053352e-05
mendeley/extracted/Bangla Audio Dataset Original and DeepFake Voices for AI-Based Voice Analysis and Detection/Dataset/S13F02/Fake/3.wav,1,MEN,MEN-S13F02,TG:e921a431e5a8d0f2,-8.3125,1,0.5991666666666666,0.0002453695
mendeley/extracted/Bangla Audio Dataset Original and DeepFake Voices for AI-Based Voice Analysis and Detection/Dataset/S13F02/Fake/30.wav,1,MEN,MEN-S13F02,TG:83175214af1cd3cc,-4.8789062,1,0.5108333333333333,0.0075479234
mendeley/extracted/Bangla Audio Dataset Original and DeepFake Voices for AI-Based Voice Analysis and Detection/Dataset/S13F02/Fake/4.wav,1,MEN,MEN-S13F02,TG:7b4edaf138d43c24,-9.15625,1,0.5291666666666667,0.00010554686
mendeley/extracted/Bangla Audio Dataset Original and DeepFake Voices for AI-Based Voice Analysis and Detection/Dataset/S13F02/Fake/5.wav,1,MEN,MEN-S13F02,TG:4365e0fcdb4baa7c,-11.734375,1,0.3341666666666666,8.0135e-06
mendeley/extracted/Bangla Audio Dataset Original and DeepFake Voices for AI-Based Voice Analysis and Detection/Dataset/S13F02/Fake/6.wav,1,MEN,MEN-S13F02,TG:0d8af69205969b08,7.5585938,1,0.4558333333333333,0.99947864
mendeley/extracted/Bangla Audio Dataset Original and DeepFake Voices for AI-Based Voice Analysis and Detection/Dataset/S13F02/Fake/7.wav,1,MEN,MEN-S13F02,TG:40a9df8903c6d06d,-10.3671875,1,0.4691666666666666,3.1446623e-05
mendeley/extracted/Bangla Audio Dataset Original and DeepFake Voices for AI-Based Voice Analysis and Detection/Dataset/S13F02/Fake/8.wav,1,MEN,MEN-S13F02,TG:ec3afa02296104d2,-10.1171875,1,0.5225,4.037791e-05
mendeley/extracted/Bangla Audio Dataset Original and DeepFake Voices for AI-Based Voice Analysis and Detection/Dataset/S13F02/Fake/9.wav,1,MEN,MEN-S13F02,TG:44ef37911c97b339,-11.484375,1,0.6291666666666667,1.0289513e-05
mendeley/extracted/Bangla Audio Dataset Original and DeepFake Voices for AI-Based Voice Analysis and Detection/Dataset/S13F02/Real/1.wav,0,MEN,MEN-S13F02,TG:59a9f15bf4c1e1f9,-0.9550781,1,0.5841666666666667,0.27786472
mendeley/extracted/Bangla Audio Dataset Original and DeepFake Voices for AI-Based Voice Analysis and Detection/Dataset/S13F02/Real/10.wav,0,MEN,MEN-S13F02,TG:af46530c8e94f66a,-5.8359375,1,0.6008333333333333,0.0029121784
mendeley/extracted/Bangla Audio Dataset Original and DeepFake Voices for AI-Based Voice Analysis and Detection/Dataset/S13F02/Real/11.wav,0,MEN,MEN-S13F02,TG:206cd06074b026d5,-5.03125,1,0.5508333333333333,0.0064882697
mendeley/extracted/Bangla Audio Dataset Original and DeepFake Voices for AI-Based Voice Analysis and Detection/Dataset/S13F02/Real/12.wav,0,MEN,MEN-S13F02,TG:fc8142f1666481b5,4.3398438,1,0.5341666666666667,0.9871293
mendeley/extracted/Bangla Audio Dataset Original and DeepFake Voices for AI-Based Voice Analysis and Detection/Dataset/S13F02/Real/13.wav,0,MEN,MEN-S13F02,TG:8b9d7fe36d313ffb,-5.296875,1,0.4841666666666666,0.00498227
mendeley/extracted/Bangla Audio Dataset Original and DeepFake Voices for AI-Based Voice Analysis and Detection/Dataset/S13F02/Real/14.wav,0,MEN,MEN-S13F02,TG:373cb328e6d0029c,-2.6484375,1,0.5008333333333334,0.066085376
mendeley/extracted/Bangla Audio Dataset Original and DeepFake Voices for AI-Based Voice Analysis and Detection/Dataset/S13F02/Real/15.wav,0,MEN,MEN-S13F02,TG:725e597ccf136c7b,-3.7148438,1,0.4508333333333333,0.023779986
mendeley/extracted/Bangla Audio Dataset Original and DeepFake Voices for AI-Based Voice Analysis and Detection/Dataset/S13F02/Real/16.wav,0,MEN,MEN-S13F02,TG:19493fcae8d03fba,-4.6367188,1,0.5341666666666667,0.009596455
mendeley/extracted/Bangla Audio Dataset Original and DeepFake Voices for AI-Based Voice Analysis and Detection/Dataset/S13F02/Real/17.wav,0,MEN,MEN-S13F02,TG:6c80d161a68feef8,-4.3671875,1,0.3841666666666666,0.0125279315
mendeley/extracted/Bangla Audio Dataset Original and DeepFake Voices for AI-Based Voice Analysis and Detection/Dataset/S13F02/Real/18.wav,0,MEN,MEN-S13F02,TG:c628bfabacea3ccb,-7.2734375,1,0.4675,0.00069324224
mendeley/extracted/Bangla Audio Dataset Original and DeepFake Voices for AI-Based Voice Analysis and Detection/Dataset/S13F02/Real/19.wav,0,MEN,MEN-S13F02,TG:8dee1cb04b557d42,-4.1953125,1,0.5508333333333333,0.014842418
mendeley/extracted/Bangla Audio Dataset Original and DeepFake Voices for AI-Based Voice Analysis and Detection/Dataset/S13F02/Real/2.wav,0,MEN,MEN-S13F02,TG:b50c656187dba8e6,-7.6132812,1,0.5341666666666667,0.000493605
mendeley/extracted/Bangla Audio Dataset Original and DeepFake Voices for AI-Based Voice Analysis and Detection/Dataset/S13F02/Real/20.wav,0,MEN,MEN-S13F02,TG:b2cf028254ed88e1,-5.1171875,1,0.4508333333333333,0.0059571536
mendeley/extracted/Bangla Audio Dataset Original and DeepFake Voices for AI-Based Voice Analysis and Detection/Dataset/S13F02/Real/21.wav,0,MEN,MEN-S13F02,TG:b16e2afabc8b744f,-0.001572609,1,0.5175000000000001,0.49960685
mendeley/extracted/Bangla Audio Dataset Original and DeepFake Voices for AI-Based Voice Analysis and Detection/Dataset/S13F02/Real/22.wav,0,MEN,MEN-S13F02,TG:3ea4c2ab6bd8c696,-0.37402344,1,0.5341666666666667,0.40756917
mendeley/extracted/Bangla Audio Dataset Original and DeepFake Voices for AI-Based Voice Analysis and Detection/Dataset/S13F02/Real/23.wav,0,MEN,MEN-S13F02,TG:1aea278e72d15d0c,-3.1621094,1,0.4841666666666666,0.04061678
mendeley/extracted/Bangla Audio Dataset Original and DeepFake Voices for AI-Based Voice Analysis and Detection/Dataset/S13F02/Real/24.wav,0,MEN,MEN-S13F02,TG:308b7809dcd529fe,-2.3945312,1,0.4341666666666667,0.08359067
mendeley/extracted/Bangla Audio Dataset Original and DeepFake Voices for AI-Based Voice Analysis and Detection/Dataset/S13F02/Real/25.wav,0,MEN,MEN-S13F02,TG:d1b72b1834bf1ba9,-5.3242188,1,0.3508333333333333,0.004848533
mendeley/extracted/Bangla Audio Dataset Original and DeepFake Voices for AI-Based Voice Analysis and Detection/Dataset/S13F02/Real/26.wav,0,MEN,MEN-S13F02,TG:b30ab81ebf25d425,0.47973633,1,0.3841666666666666,0.6176856
mendeley/extracted/Bangla Audio Dataset Original and DeepFake Voices for AI-Based Voice Analysis and Detection/Dataset/S13F02/Real/27.wav,0,MEN,MEN-S13F02,TG:4801945c778274b7,-3.7578125,1,0.4841666666666666,0.022802638
mendeley/extracted/Bangla Audio Dataset Original and DeepFake Voices for AI-Based Voice Analysis and Detection/Dataset/S13F02/Real/28.wav,0,MEN,MEN-S13F02,TG:20d29da1528cd788,-3.2949219,1,0.4008333333333334,0.035745814
mendeley/extracted/Bangla Audio Dataset Original and DeepFake Voices for AI-Based Voice Analysis and Detection/Dataset/S13F02/Real/29.wav,0,MEN,MEN-S13F02,TG:39ba0547eb0a9549,-6.6367188,1,0.5175000000000001,0.0013096055
mendeley/extracted/Bangla Audio Dataset Original and DeepFake Voices for AI-Based Voice Analysis and Detection/Dataset/S13F02/Real/3.wav,0,MEN,MEN-S13F02,TG:e921a431e5a8d0f2,-9.1015625,1,0.6008333333333333,0.00011147904
mendeley/extracted/Bangla Audio Dataset Original and DeepFake Voices for AI-Based Voice Analysis and Detection/Dataset/S13F02/Real/30.wav,0,MEN,MEN-S13F02,TG:83175214af1cd3cc,-0.87939453,1,0.5841666666666667,0.29330325
mendeley/extracted/Bangla Audio Dataset Original and DeepFake Voices for AI-Based Voice Analysis and Detection/Dataset/S13F02/Real/4.wav,0,MEN,MEN-S13F02,TG:7b4edaf138d43c24,-8.046875,1,0.6008333333333333,0.00031999825
mendeley/extracted/Bangla Audio Dataset Original and DeepFake Voices for AI-Based Voice Analysis and Detection/Dataset/S13F02/Real/5.wav,0,MEN,MEN-S13F02,TG:4365e0fcdb4baa7c,-10.9296875,1,0.5008333333333334,1.791799e-05
mendeley/extracted/Bangla Audio Dataset Original and DeepFake Voices for AI-Based Voice Analysis and Detection/Dataset/S13F02/Real/6.wav,0,MEN,MEN-S13F02,TG:0d8af69205969b08,-5.7734375,1,0.4508333333333333,0.0030994155
mendeley/extracted/Bangla Audio Dataset Original and DeepFake Voices for AI-Based Voice Analysis and Detection/Dataset/S13F02/Real/7.wav,0,MEN,MEN-S13F02,TG:40a9df8903c6d06d,-11.2421875,1,0.5175000000000001,1.3109143e-05
mendeley/extracted/Bangla Audio Dataset Original and DeepFake Voices for AI-Based Voice Analysis and Detection/Dataset/S13F02/Real/8.wav,0,MEN,MEN-S13F02,TG:ec3afa02296104d2,-2.5722656,1,0.6008333333333333,0.07094482
mendeley/extracted/Bangla Audio Dataset Original and DeepFake Voices for AI-Based Voice Analysis and Detection/Dataset/S13F02/Real/9.wav,0,MEN,MEN-S13F02,TG:44ef37911c97b339,-4.3515625,1,0.5841666666666667,0.012722708
mendeley/extracted/Bangla Audio Dataset Original and DeepFake Voices for AI-Based Voice Analysis and Detection/Dataset/S13F03/Fake/1.wav,1,MEN,MEN-S13F03,TG:59a9f15bf4c1e1f9,-11.234375,1,0.4308333333333333,1.32119585e-05
mendeley/extracted/Bangla Audio Dataset Original and DeepFake Voices for AI-Based Voice Analysis and Detection/Dataset/S13F03/Fake/10.wav,1,MEN,MEN-S13F03,TG:af46530c8e94f66a,-6.8945312,1,0.5508333333333333,0.0010122862
mendeley/extracted/Bangla Audio Dataset Original and DeepFake Voices for AI-Based Voice Analysis and Detection/Dataset/S13F03/Fake/11.wav,1,MEN,MEN-S13F03,TG:206cd06074b026d5,-13.0546875,1,0.5225,2.1400322e-06
mendeley/extracted/Bangla Audio Dataset Original and DeepFake Voices for AI-Based Voice Analysis and Detection/Dataset/S13F03/Fake/12.wav,1,MEN,MEN-S13F03,TG:fc8142f1666481b5,-7.6367188,1,0.4691666666666666,0.00048217614
mendeley/extracted/Bangla Audio Dataset Original and DeepFake Voices for AI-Based Voice Analysis and Detection/Dataset/S13F03/Fake/13.wav,1,MEN,MEN-S13F03,TG:8b9d7fe36d313ffb,-10.0625,1,0.6041666666666667,4.2647473e-05
mendeley/extracted/Bangla Audio Dataset Original and DeepFake Voices for AI-Based Voice Analysis and Detection/Dataset/S13F03/Fake/14.wav,1,MEN,MEN-S13F03,TG:373cb328e6d0029c,-11.1484375,1,0.4258333333333333,1.4397558e-05
mendeley/extracted/Bangla Audio Dataset Original and DeepFake Voices for AI-Based Voice Analysis and Detection/Dataset/S13F03/Fake/15.wav,1,MEN,MEN-S13F03,TG:725e597ccf136c7b,-7.6171875,1,0.5008333333333334,0.00049168157
mendeley/extracted/Bangla Audio Dataset Original and DeepFake Voices for AI-Based Voice Analysis and Detection/Dataset/S13F03/Fake/16.wav,1,MEN,MEN-S13F03,TG:19493fcae8d03fba,-9.1484375,1,0.4408333333333333,0.00010637458
mendeley/extracted/Bangla Audio Dataset Original and DeepFake Voices for AI-Based Voice Analysis and Detection/Dataset/S13F03/Fake/17.wav,1,MEN,MEN-S13F03,TG:6c80d161a68feef8,-11.140625,1,0.4358333333333333,1.4510478e-05
mendeley/extracted/Bangla Audio Dataset Original and DeepFake Voices for AI-Based Voice Analysis and Detection/Dataset/S13F03/Fake/18.wav,1,MEN,MEN-S13F03,TG:c628bfabacea3ccb,-3.4257812,1,0.4241666666666667,0.03149938
mendeley/extracted/Bangla Audio Dataset Original and DeepFake Voices for AI-Based Voice Analysis and Detection/Dataset/S13F03/Fake/19.wav,1,MEN,MEN-S13F03,TG:8dee1cb04b557d42,-7.8320312,1,0.3708333333333333,0.00039666123
mendeley/extracted/Bangla Audio Dataset Original and DeepFake Voices for AI-Based Voice Analysis and Detection/Dataset/S13F03/Fake/2.wav,1,MEN,MEN-S13F03,TG:b50c656187dba8e6,-8.6328125,1,0.5508333333333333,0.0001781311
mendeley/extracted/Bangla Audio Dataset Original and DeepFake Voices for AI-Based Voice Analysis and Detection/Dataset/S13F03/Fake/20.wav,1,MEN,MEN-S13F03,TG:b2cf028254ed88e1,-11.9765625,1,0.3774999999999999,6.289879e-06
mendeley/extracted/Bangla Audio Dataset Original and DeepFake Voices for AI-Based Voice Analysis and Detection/Dataset/S13F03/Fake/21.wav,1,MEN,MEN-S13F03,TG:b16e2afabc8b744f,-11.3046875,1,0.4308333333333333,1.2314909e-05
mendeley/extracted/Bangla Audio Dataset Original and DeepFake Voices for AI-Based Voice Analysis and Detection/Dataset/S13F03/Fake/22.wav,1,MEN,MEN-S13F03,TG:3ea4c2ab6bd8c696,-5.7539062,1,0.5525,0.003160353
mendeley/extracted/Bangla Audio Dataset Original and DeepFake Voices for AI-Based Voice Analysis and Detection/Dataset/S13F03/Fake/23.wav,1,MEN,MEN-S13F03,TG:1aea278e72d15d0c,-0.89404297,1,0.4841666666666666,0.2902762
mendeley/extracted/Bangla Audio Dataset Original and DeepFake Voices for AI-Based Voice Analysis and Detection/Dataset/S13F03/Fake/24.wav,1,MEN,MEN-S13F03,TG:308b7809dcd529fe,4.9765625,1,0.5341666666666667,0.9931496
mendeley/extracted/Bangla Audio Dataset Original and DeepFake Voices for AI-Based Voice Analysis and Detection/Dataset/S13F03/Fake/25.wav,1,MEN,MEN-S13F03,TG:d1b72b1834bf1ba9,-10.84375,1,0.3808333333333333,1.9525885e-05
mendeley/extracted/Bangla Audio Dataset Original and DeepFake Voices for AI-Based Voice Analysis and Detection/Dataset/S13F03/Fake/26.wav,1,MEN,MEN-S13F03,TG:b30ab81ebf25d425,-11.8515625,1,0.4375,7.12736e-06
mendeley/extracted/Bangla Audio Dataset Original and DeepFake Voices for AI-Based Voice Analysis and Detection/Dataset/S13F03/Fake/27.wav,1,MEN,MEN-S13F03,TG:4801945c778274b7,-14.1484375,1,0.4708333333333333,7.1682206e-07
mendeley/extracted/Bangla Audio Dataset Original and DeepFake Voices for AI-Based Voice Analysis and Detection/Dataset/S13F03/Fake/28.wav,1,MEN,MEN-S13F03,TG:20d29da1528cd788,-2.515625,1,0.3908333333333333,0.07477005
mendeley/extracted/Bangla Audio Dataset Original and DeepFake Voices for AI-Based Voice Analysis and Detection/Dataset/S13F03/Fake/29.wav,1,MEN,MEN-S13F03,TG:39ba0547eb0a9549,-8.8125,1,0.3808333333333333,0.00014883849
mendeley/extracted/Bangla Audio Dataset Original and DeepFake Voices for AI-Based Voice Analysis and Detection/Dataset/S13F03/Fake/3.wav,1,MEN,MEN-S13F03,TG:e921a431e5a8d0f2,-9.0546875,1,0.5991666666666666,0.0001168284
mendeley/extracted/Bangla Audio Dataset Original and DeepFake Voices for AI-Based Voice Analysis and Detection/Dataset/S13F03/Fake/30.wav,1,MEN,MEN-S13F03,TG:83175214af1cd3cc,-10.203125,1,0.5408333333333333,3.705297e-05
mendeley/extracted/Bangla Audio Dataset Original and DeepFake Voices for AI-Based Voice Analysis and Detection/Dataset/S13F03/Fake/4.wav,1,MEN,MEN-S13F03,TG:7b4edaf138d43c24,-7.9101562,1,0.4508333333333333,0.0003668626
mendeley/extracted/Bangla Audio Dataset Original and DeepFake Voices for AI-Based Voice Analysis and Detection/Dataset/S13F03/Fake/5.wav,1,MEN,MEN-S13F03,TG:4365e0fcdb4baa7c,-7.9882812,1,0.3325,0.0003393018
mendeley/extracted/Bangla Audio Dataset Original and DeepFake Voices for AI-Based Voice Analysis and Detection/Dataset/S13F03/Fake/6.wav,1,MEN,MEN-S13F03,TG:0d8af69205969b08,7.2695312,1,0.4941666666666666,0.99930406
mendeley/extracted/Bangla Audio Dataset Original and DeepFake Voices for AI-Based Voice Analysis and Detection/Dataset/S13F03/Fake/7.wav,1,MEN,MEN-S13F03,TG:40a9df8903c6d06d,-10.421875,1,0.3841666666666666,2.9773113e-05
mendeley/extracted/Bangla Audio Dataset Original and DeepFake Voices for AI-Based Voice Analysis and Detection/Dataset/S13F03/Fake/8.wav,1,MEN,MEN-S13F03,TG:ec3afa02296104d2,-15.0078125,1,0.5175000000000001,3.035217e-07
mendeley/extracted/Bangla Audio Dataset Original and DeepFake Voices for AI-Based Voice Analysis and Detection/Dataset/S13F03/Fake/9.wav,1,MEN,MEN-S13F03,TG:44ef37911c97b339,-7.0742188,1,0.5974999999999999,0.0008459375
mendeley/extracted/Bangla Audio Dataset Original and DeepFake Voices for AI-Based Voice Analysis and Detection/Dataset/S13F03/Real/1.wav,0,MEN,MEN-S13F03,TG:59a9f15bf4c1e1f9,0.23205566,1,0.5008333333333334,0.557755
mendeley/extracted/Bangla Audio Dataset Original and DeepFake Voices for AI-Based Voice Analysis and Detection/Dataset/S13F03/Real/10.wav,0,MEN,MEN-S13F03,TG:af46530c8e94f66a,-0.8051758,1,0.4508333333333333,0.30891943
mendeley/extracted/Bangla Audio Dataset Original and DeepFake Voices for AI-Based Voice Analysis and Detection/Dataset/S13F03/Real/11.wav,0,MEN,MEN-S13F03,TG:206cd06074b026d5,-0.9926758,1,0.4841666666666666,0.27038386
mendeley/extracted/Bangla Audio Dataset Original and DeepFake Voices for AI-Based Voice Analysis and Detection/Dataset/S13F03/Real/12.wav,0,MEN,MEN-S13F03,TG:fc8142f1666481b5,-9.8671875,1,0.4508333333333333,5.1845658e-05
mendeley/extracted/Bangla Audio Dataset Original and DeepFake Voices for AI-Based Voice Analysis and Detection/Dataset/S13F03/Real/13.wav,0,MEN,MEN-S13F03,TG:8b9d7fe36d313ffb,1.5976562,1,0.5841666666666667,0.83169055
mendeley/extracted/Bangla Audio Dataset Original and DeepFake Voices for AI-Based Voice Analysis and Detection/Dataset/S13F03/Real/14.wav,0,MEN,MEN-S13F03,TG:373cb328e6d0029c,-1.0898438,1,0.4508333333333333,0.2516477
mendeley/extracted/Bangla Audio Dataset Original and DeepFake Voices for AI-Based Voice Analysis and Detection/Dataset/S13F03/Real/15.wav,0,MEN,MEN-S13F03,TG:725e597ccf136c7b,-6.234375,1,0.5008333333333334,0.001957017
mendeley/extracted/Bangla Audio Dataset Original and DeepFake Voices for AI-Based Voice Analysis and Detection/Dataset/S13F03/Real/16.wav,0,MEN,MEN-S13F03,TG:19493fcae8d03fba,-3.609375,1,0.5341666666666667,0.026355354
mendeley/extracted/Bangla Audio Dataset Original and DeepFake Voices for AI-Based Voice Analysis and Detection/Dataset/S13F03/Real/17.wav,0,MEN,MEN-S13F03,TG:6c80d161a68feef8,-6.7851562,1,0.4341666666666667,0.0011291546
mendeley/extracted/Bangla Audio Dataset Original and DeepFake Voices for AI-Based Voice Analysis and Detection/Dataset/S13F03/Real/18.wav,0,MEN,MEN-S13F03,TG:c628bfabacea3ccb,-1.4541016,1,0.5175000000000001,0.18937114
mendeley/extracted/Bangla Audio Dataset Original and DeepFake Voices for AI-Based Voice Analysis and Detection/Dataset/S13F03/Real/19.wav,0,MEN,MEN-S13F03,TG:8dee1cb04b557d42,-2.1816406,1,0.4841666666666666,0.10141133
mendeley/extracted/Bangla Audio Dataset Original and DeepFake Voices for AI-Based Voice Analysis and Detection/Dataset/S13F03/Real/2.wav,0,MEN,MEN-S13F03,TG:b50c656187dba8e6,0.6352539,1,0.4341666666666667,0.65367985
mendeley/extracted/Bangla Audio Dataset Original and DeepFake Voices for AI-Based Voice Analysis and Detection/Dataset/S13F03/Real/20.wav,0,MEN,MEN-S13F03,TG:b2cf028254ed88e1,-8.0390625,1,0.4175,0.00032250723
mendeley/extracted/Bangla Audio Dataset Original and DeepFake Voices for AI-Based Voice Analysis and Detection/Dataset/S13F03/Real/21.wav,0,MEN,MEN-S13F03,TG:b16e2afabc8b744f,-8.125,1,0.4508333333333333,0.0002959571
mendeley/extracted/Bangla Audio Dataset Original and DeepFake Voices for AI-Based Voice Analysis and Detection/Dataset/S13F03/Real/22.wav,0,MEN,MEN-S13F03,TG:3ea4c2ab6bd8c696,-1.1884766,1,0.5008333333333334,0.23353152
mendeley/extracted/Bangla Audio Dataset Original and DeepFake Voices for AI-Based Voice Analysis and Detection/Dataset/S13F03/Real/23.wav,0,MEN,MEN-S13F03,TG:1aea278e72d15d0c,-1.9960938,1,0.4675,0.11961367
mendeley/extracted/Bangla Audio Dataset Original and DeepFake Voices for AI-Based Voice Analysis and Detection/Dataset/S13F03/Real/24.wav,0,MEN,MEN-S13F03,TG:308b7809dcd529fe,-4.59375,1,0.5175000000000001,0.01001357
mendeley/extracted/Bangla Audio Dataset Original and DeepFake Voices for AI-Based Voice Analysis and Detection/Dataset/S13F03/Real/25.wav,0,MEN,MEN-S13F03,TG:d1b72b1834bf1ba9,-7.875,1,0.4175,0.0003799845
mendeley/extracted/Bangla Audio Dataset Original and DeepFake Voices for AI-Based Voice Analysis and Detection/Dataset/S13F03/Real/26.wav,0,MEN,MEN-S13F03,TG:b30ab81ebf25d425,-1.1542969,1,0.4675,0.23970512
mendeley/extracted/Bangla Audio Dataset Original and DeepFake Voices for AI-Based Voice Analysis and Detection/Dataset/S13F03/Real/27.wav,0,MEN,MEN-S13F03,TG:4801945c778274b7,-6.8867188,1,0.5341666666666667,0.0010202174
mendeley/extracted/Bangla Audio Dataset Original and DeepFake Voices for AI-Based Voice Analysis and Detection/Dataset/S13F03/Real/28.wav,0,MEN,MEN-S13F03,TG:20d29da1528cd788,-3.2519531,1,0.4341666666666667,0.037256766
mendeley/extracted/Bangla Audio Dataset Original and DeepFake Voices for AI-Based Voice Analysis and Detection/Dataset/S13F03/Real/29.wav,0,MEN,MEN-S13F03,TG:39ba0547eb0a9549,-2.0761719,1,0.4675,0.11143446
mendeley/extracted/Bangla Audio Dataset Original and DeepFake Voices for AI-Based Voice Analysis and Detection/Dataset/S13F03/Real/3.wav,0,MEN,MEN-S13F03,TG:e921a431e5a8d0f2,-0.7055664,1,0.4508333333333333,0.33057925
mendeley/extracted/Bangla Audio Dataset Original and DeepFake Voices for AI-Based Voice Analysis and Detection/Dataset/S13F03/Real/30.wav,0,MEN,MEN-S13F03,TG:83175214af1cd3cc,-5.0859375,1,0.5508333333333333,0.006145092
mendeley/extracted/Bangla Audio Dataset Original and DeepFake Voices for AI-Based Voice Analysis and Detection/Dataset/S13F03/Real/4.wav,0,MEN,MEN-S13F03,TG:7b4edaf138d43c24,-4.84375,1,0.4841666666666666,0.007815889
mendeley/extracted/Bangla Audio Dataset Original and DeepFake Voices for AI-Based Voice Analysis and Detection/Dataset/S13F03/Real/5.wav,0,MEN,MEN-S13F03,TG:4365e0fcdb4baa7c,-7.640625,1,0.5008333333333334,0.0004802972
mendeley/extracted/Bangla Audio Dataset Original and DeepFake Voices for AI-Based Voice Analysis and Detection/Dataset/S13F03/Real/6.wav,0,MEN,MEN-S13F03,TG:0d8af69205969b08,-3.4550781,1,0.4008333333333334,0.03061778
mendeley/extracted/Bangla Audio Dataset Original and DeepFake Voices for AI-Based Voice Analysis and Detection/Dataset/S13F03/Real/7.wav,0,MEN,MEN-S13F03,TG:40a9df8903c6d06d,-5.8046875,1,0.5175000000000001,0.003004343
mendeley/extracted/Bangla Audio Dataset Original and DeepFake Voices for AI-Based Voice Analysis and Detection/Dataset/S13F03/Real/8.wav,0,MEN,MEN-S13F03,TG:ec3afa02296104d2,-4.5625,1,0.5341666666666667,0.010328153
mendeley/extracted/Bangla Audio Dataset Original and DeepFake Voices for AI-Based Voice Analysis and Detection/Dataset/S13F03/Real/9.wav,0,MEN,MEN-S13F03,TG:44ef37911c97b339,-1.2265625,1,0.5175000000000001,0.22678363
mendeley/extracted/Bangla Audio Dataset Original and DeepFake Voices for AI-Based Voice Analysis and Detection/Dataset/S13F05/Fake/1.wav,1,MEN,MEN-S13F05,TG:59a9f15bf4c1e1f9,-8.8125,1,0.4641666666666666,0.00014883849
mendeley/extracted/Bangla Audio Dataset Original and DeepFake Voices for AI-Based Voice Analysis and Detection/Dataset/S13F05/Fake/10.wav,1,MEN,MEN-S13F05,TG:af46530c8e94f66a,-8.0625,1,0.5341666666666667,0.0003150387
mendeley/extracted/Bangla Audio Dataset Original and DeepFake Voices for AI-Based Voice Analysis and Detection/Dataset/S13F05/Fake/11.wav,1,MEN,MEN-S13F05,TG:206cd06074b026d5,-13.90625,1,0.5208333333333333,9.1325484e-07
mendeley/extracted/Bangla Audio Dataset Original and DeepFake Voices for AI-Based Voice Analysis and Detection/Dataset/S13F05/Fake/12.wav,1,MEN,MEN-S13F05,TG:fc8142f1666481b5,-5.9023438,1,0.4575,0.0027255828
mendeley/extracted/Bangla Audio Dataset Original and DeepFake Voices for AI-Based Voice Analysis and Detection/Dataset/S13F05/Fake/13.wav,1,MEN,MEN-S13F05,TG:8b9d7fe36d313ffb,-14.7890625,1,0.5841666666666667,3.777388e-07
mendeley/extracted/Bangla Audio Dataset Original and DeepFake Voices for AI-Based Voice Analysis and Detection/Dataset/S13F05/Fake/14.wav,1,MEN,MEN-S13F05,TG:373cb328e6d0029c,-8.609375,1,0.4175,0.0001823546
mendeley/extracted/Bangla Audio Dataset Original and DeepFake Voices for AI-Based Voice Analysis and Detection/Dataset/S13F05/Fake/15.wav,1,MEN,MEN-S13F05,TG:725e597ccf136c7b,-11.8046875,1,0.4908333333333333,7.469407e-06
mendeley/extracted/Bangla Audio Dataset Original and DeepFake Voices for AI-Based Voice Analysis and Detection/Dataset/S13F05/Fake/16.wav,1,MEN,MEN-S13F05,TG:19493fcae8d03fba,-2.0996094,1,0.4541666666666667,0.109134786
mendeley/extracted/Bangla Audio Dataset Original and DeepFake Voices for AI-Based Voice Analysis and Detection/Dataset/S13F05/Fake/17.wav,1,MEN,MEN-S13F05,TG:6c80d161a68feef8,-9.828125,1,0.4141666666666667,5.391084e-05
mendeley/extracted/Bangla Audio Dataset Original and DeepFake Voices for AI-Based Voice Analysis and Detection/Dataset/S13F05/Fake/18.wav,1,MEN,MEN-S13F05,TG:c628bfabacea3ccb,-8.53125,1,0.4375,0.00019716943
mendeley/extracted/Bangla Audio Dataset Original and DeepFake Voices for AI-Based Voice Analysis and Detection/Dataset/S13F05/Fake/19.wav,1,MEN,MEN-S13F05,TG:8dee1cb04b557d42,-8.7421875,1,0.3941666666666666,0.00015967865
mendeley/extracted/Bangla Audio Dataset Original and DeepFake Voices for AI-Based Voice Analysis and Detection/Dataset/S13F05/Fake/2.wav,1,MEN,MEN-S13F05,TG:b50c656187dba8e6,-9.59375,1,0.4808333333333333,6.814872e-05
mendeley/extracted/Bangla Audio Dataset Original and DeepFake Voices for AI-Based Voice Analysis and Detection/Dataset/S13F05/Fake/20.wav,1,MEN,MEN-S13F05,TG:b2cf028254ed88e1,-11.15625,1,0.3241666666666667,1.4285517e-05
mendeley/extracted/Bangla Audio Dataset Original and DeepFake Voices for AI-Based Voice Analysis and Detection/Dataset/S13F05/Fake/21.wav,1,MEN,MEN-S13F05,TG:b16e2afabc8b744f,-9.71875,1,0.3941666666666666,6.0141523e-05
mendeley/extracted/Bangla Audio Dataset Original and DeepFake Voices for AI-Based Voice Analysis and Detection/Dataset/S13F05/Fake/22.wav,1,MEN,MEN-S13F05,TG:3ea4c2ab6bd8c696,-6.375,1,0.4275,0.0017007225
mendeley/extracted/Bangla Audio Dataset Original and DeepFake Voices for AI-Based Voice Analysis and Detection/Dataset/S13F05/Fake/23.wav,1,MEN,MEN-S13F05,TG:1aea278e72d15d0c,1.0849609,1,0.4608333333333333,0.7474317
mendeley/extracted/Bangla Audio Dataset Original and DeepFake Voices for AI-Based Voice Analysis and Detection/Dataset/S13F05/Fake/24.wav,1,MEN,MEN-S13F05,TG:308b7809dcd529fe,1.8134766,1,0.5325,0.8597815
mendeley/extracted/Bangla Audio Dataset Original and DeepFake Voices for AI-Based Voice Analysis and Detection/Dataset/S13F05/Fake/25.wav,1,MEN,MEN-S13F05,TG:d1b72b1834bf1ba9,-8.8125,1,0.3575,0.00014883849
mendeley/extracted/Bangla Audio Dataset Original and DeepFake Voices for AI-Based Voice Analysis and Detection/Dataset/S13F05/Fake/26.wav,1,MEN,MEN-S13F05,TG:b30ab81ebf25d425,-8.390625,1,0.3924999999999999,0.00022693386
mendeley/extracted/Bangla Audio Dataset Original and DeepFake Voices for AI-Based Voice Analysis and Detection/Dataset/S13F05/Fake/27.wav,1,MEN,MEN-S13F05,TG:4801945c778274b7,-7.9804688,1,0.4375,0.00034196206
mendeley/extracted/Bangla Audio Dataset Original and DeepFake Voices for AI-Based Voice Analysis and Detection/Dataset/S13F05/Fake/28.wav,1,MEN,MEN-S13F05,TG:20d29da1528cd788,-0.9526367,1,0.3791666666666666,0.27835485
mendeley/extracted/Bangla Audio Dataset Original and DeepFake Voices for AI-Based Voice Analysis and Detection/Dataset/S13F05/Fake/29.wav,1,MEN,MEN-S13F05,TG:39ba0547eb0a9549,-9.1640625,1,0.3908333333333333,0.000104725565
mendeley/extracted/Bangla Audio Dataset Original and DeepFake Voices for AI-Based Voice Analysis and Detection/Dataset/S13F05/Fake/3.wav,1,MEN,MEN-S13F05,TG:e921a431e5a8d0f2,-7.9453125,1,0.6174999999999999,0.00035419367
mendeley/extracted/Bangla Audio Dataset Original and DeepFake Voices for AI-Based Voice Analysis and Detection/Dataset/S13F05/Fake/30.wav,1,MEN,MEN-S13F05,TG:83175214af1cd3cc,-9.5546875,1,0.5308333333333333,7.0863265e-05
mendeley/extracted/Bangla Audio Dataset Original and DeepFake Voices for AI-Based Voice Analysis and Detection/Dataset/S13F05/Fake/4.wav,1,MEN,MEN-S13F05,TG:7b4edaf138d43c24,-13.3515625,1,0.4841666666666666,1.5903379e-06
mendeley/extracted/Bangla Audio Dataset Original and DeepFake Voices for AI-Based Voice Analysis and Detection/Dataset/S13F05/Fake/5.wav,1,MEN,MEN-S13F05,TG:4365e0fcdb4baa7c,-11.671875,1,0.3958333333333333,8.530321e-06
mendeley/extracted/Bangla Audio Dataset Original and DeepFake Voices for AI-Based Voice Analysis and Detection/Dataset/S13F05/Fake/6.wav,1,MEN,MEN-S13F05,TG:0d8af69205969b08,3.546875,1,0.4808333333333333,0.9719925
mendeley/extracted/Bangla Audio Dataset Original and DeepFake Voices for AI-Based Voice Analysis and Detection/Dataset/S13F05/Fake/7.wav,1,MEN,MEN-S13F05,TG:40a9df8903c6d06d,-8.8828125,1,0.4741666666666666,0.00013873413
mendeley/extracted/Bangla Audio Dataset Original and DeepFake Voices for AI-Based Voice Analysis and Detection/Dataset/S13F05/Fake/8.wav,1,MEN,MEN-S13F05,TG:ec3afa02296104d2,-11.5,1,0.5858333333333333,1.0129991e-05
mendeley/extracted/Bangla Audio Dataset Original and DeepFake Voices for AI-Based Voice Analysis and Detection/Dataset/S13F05/Fake/9.wav,1,MEN,MEN-S13F05,TG:44ef37911c97b339,-9.078125,1,0.5491666666666667,0.00011412239
mendeley/extracted/Bangla Audio Dataset Original and DeepFake Voices for AI-Based Voice Analysis and Detection/Dataset/S13F05/Real/1.wav,0,MEN,MEN-S13F05,TG:59a9f15bf4c1e1f9,-3.0996094,1,0.6341666666666667,0.043123372
mendeley/extracted/Bangla Audio Dataset Original and DeepFake Voices for AI-Based Voice Analysis and Detection/Dataset/S13F05/Real/10.wav,0,MEN,MEN-S13F05,TG:af46530c8e94f66a,3.484375,1,0.6508333333333334,0.97023994
mendeley/extracted/Bangla Audio Dataset Original and DeepFake Voices for AI-Based Voice Analysis and Detection/Dataset/S13F05/Real/11.wav,0,MEN,MEN-S13F05,TG:206cd06074b026d5,-2.8339844,1,0.6341666666666667,0.055515114
mendeley/extracted/Bangla Audio Dataset Original and DeepFake Voices for AI-Based Voice Analysis and Detection/Dataset/S13F05/Real/12.wav,0,MEN,MEN-S13F05,TG:fc8142f1666481b5,-2.640625,1,0.5841666666666667,0.06656919
mendeley/extracted/Bangla Audio Dataset Original and DeepFake Voices for AI-Based Voice Analysis and Detection/Dataset/S13F05/Real/13.wav,0,MEN,MEN-S13F05,TG:8b9d7fe36d313ffb,-2.3574219,1,0.6508333333333334,0.08647765
mendeley/extracted/Bangla Audio Dataset Original and DeepFake Voices for AI-Based Voice Analysis and Detection/Dataset/S13F05/Real/14.wav,0,MEN,MEN-S13F05,TG:373cb328e6d0029c,3.4335938,1,0.6008333333333333,0.9687381
mendeley/extracted/Bangla Audio Dataset Original and DeepFake Voices for AI-Based Voice Analysis and Detection/Dataset/S13F05/Real/15.wav,0,MEN,MEN-S13F05,TG:725e597ccf136c7b,-4.5195312,1,0.6675,0.010776727
mendeley/extracted/Bangla Audio Dataset Original and DeepFake Voices for AI-Based Voice Analysis and Detection/Dataset/S13F05/Real/16.wav,0,MEN,MEN-S13F05,TG:19493fcae8d03fba,-6.3046875,1,0.5841666666666667,0.0018243829
mendeley/extracted/Bangla Audio Dataset Original and DeepFake Voices for AI-Based Voice Analysis and Detection/Dataset/S13F05/Real/17.wav,0,MEN,MEN-S13F05,TG:6c80d161a68feef8,-6.2148438,1,0.5841666666666667,0.0019955386
mendeley/extracted/Bangla Audio Dataset Original and DeepFake Voices for AI-Based Voice Analysis and Detection/Dataset/S13F05/Real/18.wav,0,MEN,MEN-S13F05,TG:c628bfabacea3ccb,-1.2607422,1,0.6675,0.22084616
mendeley/extracted/Bangla Audio Dataset Original and DeepFake Voices for AI-Based Voice Analysis and Detection/Dataset/S13F05/Real/19.wav,0,MEN,MEN-S13F05,TG:8dee1cb04b557d42,-0.9614258,1,0.6508333333333334,0.27659282
mendeley/extracted/Bangla Audio Dataset Original and DeepFake Voices for AI-Based Voice Analysis and Detection/Dataset/S13F05/Real/2.wav,0,MEN,MEN-S13F05,TG:b50c656187dba8e6,-6.8828125,1,0.6174999999999999,0.0010242064
mendeley/extracted/Bangla Audio Dataset Original and DeepFake Voices for AI-Based Voice Analysis and Detection/Dataset/S13F05/Real/20.wav,0,MEN,MEN-S13F05,TG:b2cf028254ed88e1,-6.2109375,1,0.5508333333333333,0.0020033333
mendeley/extracted/Bangla Audio Dataset Original and DeepFake Voices for AI-Based Voice Analysis and Detection/Dataset/S13F05/Real/21.wav,0,MEN,MEN-S13F05,TG:b16e2afabc8b744f,-9.5625,1,0.5841666666666667,7.031184e-05
mendeley/extracted/Bangla Audio Dataset Original and DeepFake Voices for AI-Based Voice Analysis and Detection/Dataset/S13F05/Real/22.wav,0,MEN,MEN-S13F05,TG:3ea4c2ab6bd8c696,-1.7480469,1,0.6174999999999999,0.1482937
mendeley/extracted/Bangla Audio Dataset Original and DeepFake Voices for AI-Based Voice Analysis and Detection/Dataset/S13F05/Real/23.wav,0,MEN,MEN-S13F05,TG:1aea278e72d15d0c,4.8671875,1,0.5508333333333333,0.9923638
mendeley/extracted/Bangla Audio Dataset Original and DeepFake Voices for AI-Based Voice Analysis and Detection/Dataset/S13F05/Real/24.wav,0,MEN,MEN-S13F05,TG:308b7809dcd529fe,-2.4199219,1,0.5675,0.081666104
mendeley/extracted/Bangla Audio Dataset Original and DeepFake Voices for AI-Based Voice Analysis and Detection/Dataset/S13F05/Real/25.wav,0,MEN,MEN-S13F05,TG:d1b72b1834bf1ba9,-9.4296875,1,0.5508333333333333,8.029784e-05
mendeley/extracted/Bangla Audio Dataset Original and DeepFake Voices for AI-Based Voice Analysis and Detection/Dataset/S13F05/Real/26.wav,0,MEN,MEN-S13F05,TG:b30ab81ebf25d425,-7.4609375,1,0.6174999999999999,0.00057478616
mendeley/extracted/Bangla Audio Dataset Original and DeepFake Voices for AI-Based Voice Analysis and Detection/Dataset/S13F05/Real/27.wav,0,MEN,MEN-S13F05,TG:4801945c778274b7,-2.3984375,1,0.6508333333333334,0.083291925
mendeley/extracted/Bangla Audio Dataset Original and DeepFake Voices for AI-Based Voice Analysis and Detection/Dataset/S13F05/Real/28.wav,0,MEN,MEN-S13F05,TG:20d29da1528cd788,-6.0820312,1,0.5841666666666667,0.0022783307
mendeley/extracted/Bangla Audio Dataset Original and DeepFake Voices for AI-Based Voice Analysis and Detection/Dataset/S13F05/Real/29.wav,0,MEN,MEN-S13F05,TG:39ba0547eb0a9549,-8.2109375,1,0.6341666666666667,0.00027159214
mendeley/extracted/Bangla Audio Dataset Original and DeepFake Voices for AI-Based Voice Analysis and Detection/Dataset/S13F05/Real/3.wav,0,MEN,MEN-S13F05,TG:e921a431e5a8d0f2,3.1425781,1,0.6174999999999999,0.95861524
mendeley/extracted/Bangla Audio Dataset Original and DeepFake Voices for AI-Based Voice Analysis and Detection/Dataset/S13F05/Real/30.wav,0,MEN,MEN-S13F05,TG:83175214af1cd3cc,-5.421875,1,0.7008333333333333,0.0043994132
mendeley/extracted/Bangla Audio Dataset Original and DeepFake Voices for AI-Based Voice Analysis and Detection/Dataset/S13F05/Real/4.wav,0,MEN,MEN-S13F05,TG:7b4edaf138d43c24,-7.0703125,1,0.6008333333333333,0.00084924564
mendeley/extracted/Bangla Audio Dataset Original and DeepFake Voices for AI-Based Voice Analysis and Detection/Dataset/S13F05/Real/5.wav,0,MEN,MEN-S13F05,TG:4365e0fcdb4baa7c,-5.875,1,0.5008333333333334,0.0028009268
mendeley/extracted/Bangla Audio Dataset Original and DeepFake Voices for AI-Based Voice Analysis and Detection/Dataset/S13F05/Real/6.wav,0,MEN,MEN-S13F05,TG:0d8af69205969b08,5.09375,1,0.5008333333333334,0.99390244
mendeley/extracted/Bangla Audio Dataset Original and DeepFake Voices for AI-Based Voice Analysis and Detection/Dataset/S13F05/Real/7.wav,0,MEN,MEN-S13F05,TG:40a9df8903c6d06d,-5.75,1,0.6174999999999999,0.0031726826
mendeley/extracted/Bangla Audio Dataset Original and DeepFake Voices for AI-Based Voice Analysis and Detection/Dataset/S13F05/Real/8.wav,0,MEN,MEN-S13F05,TG:ec3afa02296104d2,2.6484375,1,0.6174999999999999,0.9339146
mendeley/extracted/Bangla Audio Dataset Original and DeepFake Voices for AI-Based Voice Analysis and Detection/Dataset/S13F05/Real/9.wav,0,MEN,MEN-S13F05,TG:44ef37911c97b339,0.9121094,1,0.6341666666666667,0.7134316
mendeley/extracted/Bangla Audio Dataset Original and DeepFake Voices for AI-Based Voice Analysis and Detection/Dataset/S13M01/Fake/1.wav,1,MEN,MEN-S13M01,TG:59a9f15bf4c1e1f9,-2.0566406,1,0.5541666666666667,0.1133831
mendeley/extracted/Bangla Audio Dataset Original and DeepFake Voices for AI-Based Voice Analysis and Detection/Dataset/S13M01/Fake/10.wav,1,MEN,MEN-S13M01,TG:af46530c8e94f66a,1.4863281,1,0.4541666666666667,0.8155265
mendeley/extracted/Bangla Audio Dataset Original and DeepFake Voices for AI-Based Voice Analysis and Detection/Dataset/S13M01/Fake/11.wav,1,MEN,MEN-S13M01,TG:206cd06074b026d5,-7.7773438,1,0.5341666666666667,0.00041894842
mendeley/extracted/Bangla Audio Dataset Original and DeepFake Voices for AI-Based Voice Analysis and Detection/Dataset/S13M01/Fake/12.wav,1,MEN,MEN-S13M01,TG:fc8142f1666481b5,-4.609375,1,0.3225,0.009859855
mendeley/extracted/Bangla Audio Dataset Original and DeepFake Voices for AI-Based Voice Analysis and Detection/Dataset/S13M01/Fake/13.wav,1,MEN,MEN-S13M01,TG:8b9d7fe36d313ffb,-8.4375,1,0.4541666666666667,0.00021654405
mendeley/extracted/Bangla Audio Dataset Original and DeepFake Voices for AI-Based Voice Analysis and Detection/Dataset/S13M01/Fake/14.wav,1,MEN,MEN-S13M01,TG:373cb328e6d0029c,-9.5,1,0.4875,7.4846226e-05
mendeley/extracted/Bangla Audio Dataset Original and DeepFake Voices for AI-Based Voice Analysis and Detection/Dataset/S13M01/Fake/15.wav,1,MEN,MEN-S13M01,TG:725e597ccf136c7b,-7.2460938,1,0.5625,0.000712446
mendeley/extracted/Bangla Audio Dataset Original and DeepFake Voices for AI-Based Voice Analysis and Detection/Dataset/S13M01/Fake/16.wav,1,MEN,MEN-S13M01,TG:19493fcae8d03fba,3.1132812,1,0.4675,0.9574373
mendeley/extracted/Bangla Audio Dataset Original and DeepFake Voices for AI-Based Voice Analysis and Detection/Dataset/S13M01/Fake/17.wav,1,MEN,MEN-S13M01,TG:6c80d161a68feef8,-14.7109375,1,0.3874999999999999,4.08433e-07
mendeley/extracted/Bangla Audio Dataset Original and DeepFake Voices for AI-Based Voice Analysis and Detection/Dataset/S13M01/Fake/18.wav,1,MEN,MEN-S13M01,TG:c628bfabacea3ccb,-7.53125,1,0.3508333333333333,0.00053578056
mendeley/extracted/Bangla Audio Dataset Original and DeepFake Voices for AI-Based Voice Analysis and Detection/Dataset/S13M01/Fake/19.wav,1,MEN,MEN-S13M01,TG:8dee1cb04b557d42,-6.7070312,1,0.5325,0.0012207952
mendeley/extracted/Bangla Audio Dataset Original and DeepFake Voices for AI-Based Voice Analysis and Detection/Dataset/S13M01/Fake/2.wav,1,MEN,MEN-S13M01,TG:b50c656187dba8e6,-9.015625,1,0.5608333333333333,0.00012148176
mendeley/extracted/Bangla Audio Dataset Original and DeepFake Voices for AI-Based Voice Analysis and Detection/Dataset/S13M01/Fake/20.wav,1,MEN,MEN-S13M01,TG:b2cf028254ed88e1,-12.90625,1,0.3575,2.4824799e-06
mendeley/extracted/Bangla Audio Dataset Original and DeepFake Voices for AI-Based Voice Analysis and Detection/Dataset/S13M01/Fake/21.wav,1,MEN,MEN-S13M01,TG:b16e2afabc8b744f,-10.5625,1,0.3475,2.586743e-05
mendeley/extracted/Bangla Audio Dataset Original and DeepFake Voices for AI-Based Voice Analysis and Detection/Dataset/S13M01/Fake/22.wav,1,MEN,MEN-S13M01,TG:3ea4c2ab6bd8c696,0.3232422,1,0.5925,0.5801142
mendeley/extracted/Bangla Audio Dataset Original and DeepFake Voices for AI-Based Voice Analysis and Detection/Dataset/S13M01/Fake/23.wav,1,MEN,MEN-S13M01,TG:1aea278e72d15d0c,-7.9492188,1,0.4408333333333333,0.00035281322
mendeley/extracted/Bangla Audio Dataset Original and DeepFake Voices for AI-Based Voice Analysis and Detection/Dataset/S13M01/Fake/24.wav,1,MEN,MEN-S13M01,TG:308b7809dcd529fe,-5.6367188,1,0.5341666666666667,0.0035518846
mendeley/extracted/Bangla Audio Dataset Original and DeepFake Voices for AI-Based Voice Analysis and Detection/Dataset/S13M01/Fake/25.wav,1,MEN,MEN-S13M01,TG:d1b72b1834bf1ba9,-7.2734375,1,0.2925,0.00069324224
mendeley/extracted/Bangla Audio Dataset Original and DeepFake Voices for AI-Based Voice Analysis and Detection/Dataset/S13M01/Fake/26.wav,1,MEN,MEN-S13M01,TG:b30ab81ebf25d425,-8.03125,1,0.4608333333333333,0.00032503586
mendeley/extracted/Bangla Audio Dataset Original and DeepFake Voices for AI-Based Voice Analysis and Detection/Dataset/S13M01/Fake/27.wav,1,MEN,MEN-S13M01,TG:4801945c778274b7,4.625,1,0.5308333333333333,0.99029154
mendeley/extracted/Bangla Audio Dataset Original and DeepFake Voices for AI-Based Voice Analysis and Detection/Dataset/S13M01/Fake/28.wav,1,MEN,MEN-S13M01,TG:20d29da1528cd788,-1.1484375,1,0.3675,0.24077459
mendeley/extracted/Bangla Audio Dataset Original and DeepFake Voices for AI-Based Voice Analysis and Detection/Dataset/S13M01/Fake/29.wav,1,MEN,MEN-S13M01,TG:39ba0547eb0a9549,-4.8945312,1,0.4041666666666667,0.0074317735
mendeley/extracted/Bangla Audio Dataset Original and DeepFake Voices for AI-Based Voice Analysis and Detection/Dataset/S13M01/Fake/3.wav,1,MEN,MEN-S13M01,TG:e921a431e5a8d0f2,-5.0742188,1,0.4075,0.0062170783
mendeley/extracted/Bangla Audio Dataset Original and DeepFake Voices for AI-Based Voice Analysis and Detection/Dataset/S13M01/Fake/30.wav,1,MEN,MEN-S13M01,TG:83175214af1cd3cc,-5.8320312,1,0.4225,0.002923543
mendeley/extracted/Bangla Audio Dataset Original and DeepFake Voices for AI-Based Voice Analysis and Detection/Dataset/S13M01/Fake/4.wav,1,MEN,MEN-S13M01,TG:7b4edaf138d43c24,-7.453125,1,0.4191666666666667,0.00057929166
mendeley/extracted/Bangla Audio Dataset Original and DeepFake Voices for AI-Based Voice Analysis and Detection/Dataset/S13M01/Fake/5.wav,1,MEN,MEN-S13M01,TG:4365e0fcdb4baa7c,-7.1484375,1,0.4141666666666667,0.00078547397
mendeley/extracted/Bangla Audio Dataset Original and DeepFake Voices for AI-Based Voice Analysis and Detection/Dataset/S13M01/Fake/6.wav,1,MEN,MEN-S13M01,TG:0d8af69205969b08,8.5078125,1,0.3675,0.9997981
mendeley/extracted/Bangla Audio Dataset Original and DeepFake Voices for AI-Based Voice Analysis and Detection/Dataset/S13M01/Fake/7.wav,1,MEN,MEN-S13M01,TG:40a9df8903c6d06d,-7.5273438,1,0.4908333333333333,0.00053787645
mendeley/extracted/Bangla Audio Dataset Original and DeepFake Voices for AI-Based Voice Analysis and Detection/Dataset/S13M01/Fake/8.wav,1,MEN,MEN-S13M01,TG:ec3afa02296104d2,-11.0546875,1,0.5525,1.5812602e-05
mendeley/extracted/Bangla Audio Dataset Original and DeepFake Voices for AI-Based Voice Analysis and Detection/Dataset/S13M01/Fake/9.wav,1,MEN,MEN-S13M01,TG:44ef37911c97b339,-8.2578125,1,0.5308333333333333,0.00025915826
mendeley/extracted/Bangla Audio Dataset Original and DeepFake Voices for AI-Based Voice Analysis and Detection/Dataset/S13M01/Real/1.wav,0,MEN,MEN-S13M01,TG:59a9f15bf4c1e1f9,-4.9609375,1,0.5508333333333333,0.0069576097
mendeley/extracted/Bangla Audio Dataset Original and DeepFake Voices for AI-Based Voice Analysis and Detection/Dataset/S13M01/Real/10.wav,0,MEN,MEN-S13M01,TG:af46530c8e94f66a,-5.0234375,1,0.5675,0.0065388246
mendeley/extracted/Bangla Audio Dataset Original and DeepFake Voices for AI-Based Voice Analysis and Detection/Dataset/S13M01/Real/11.wav,0,MEN,MEN-S13M01,TG:206cd06074b026d5,-7.5351562,1,0.5341666666666667,0.00053369283
mendeley/extracted/Bangla Audio Dataset Original and DeepFake Voices for AI-Based Voice Analysis and Detection/Dataset/S13M01/Real/12.wav,0,MEN,MEN-S13M01,TG:fc8142f1666481b5,-5.9375,1,0.5341666666666667,0.002631674
mendeley/extracted/Bangla Audio Dataset Original and DeepFake Voices for AI-Based Voice Analysis and Detection/Dataset/S13M01/Real/13.wav,0,MEN,MEN-S13M01,TG:8b9d7fe36d313ffb,-15.015625,1,0.5841666666666667,3.0115967e-07
mendeley/extracted/Bangla Audio Dataset Original and DeepFake Voices for AI-Based Voice Analysis and Detection/Dataset/S13M01/Real/14.wav,0,MEN,MEN-S13M01,TG:373cb328e6d0029c,-8.7578125,1,0.5175000000000001,0.00015720345
mendeley/extracted/Bangla Audio Dataset Original and DeepFake Voices for AI-Based Voice Analysis and Detection/Dataset/S13M01/Real/15.wav,0,MEN,MEN-S13M01,TG:725e597ccf136c7b,-6.8203125,1,0.5841666666666667,0.00109019
mendeley/extracted/Bangla Audio Dataset Original and DeepFake Voices for AI-Based Voice Analysis and Detection/Dataset/S13M01/Real/16.wav,0,MEN,MEN-S13M01,TG:19493fcae8d03fba,-5.8671875,1,0.5341666666666667,0.002822833
mendeley/extracted/Bangla Audio Dataset Original and DeepFake Voices for AI-Based Voice Analysis and Detection/Dataset/S13M01/Real/17.wav,0,MEN,MEN-S13M01,TG:6c80d161a68feef8,-13.1484375,1,0.4508333333333333,1.9485221e-06
mendeley/extracted/Bangla Audio Dataset Original and DeepFake Voices for AI-Based Voice Analysis and Detection/Dataset/S13M01/Real/18.wav,0,MEN,MEN-S13M01,TG:c628bfabacea3ccb,-8.953125,1,0.5508333333333333,0.00012931564
mendeley/extracted/Bangla Audio Dataset Original and DeepFake Voices for AI-Based Voice Analysis and Detection/Dataset/S13M01/Real/19.wav,0,MEN,MEN-S13M01,TG:8dee1cb04b557d42,-8.359375,1,0.5175000000000001,0.00023413583
mendeley/extracted/Bangla Audio Dataset Original and DeepFake Voices for AI-Based Voice Analysis and Detection/Dataset/S13M01/Real/2.wav,0,MEN,MEN-S13M01,TG:b50c656187dba8e6,-10.859375,1,0.5508333333333333,1.9223171e-05
mendeley/extracted/Bangla Audio Dataset Original and DeepFake Voices for AI-Based Voice Analysis and Detection/Dataset/S13M01/Real/20.wav,0,MEN,MEN-S13M01,TG:b2cf028254ed88e1,-8.2421875,1,0.4675,0.00026323833
mendeley/extracted/Bangla Audio Dataset Original and DeepFake Voices for AI-Based Voice Analysis and Detection/Dataset/S13M01/Real/21.wav,0,MEN,MEN-S13M01,TG:b16e2afabc8b744f,-9.3046875,1,0.5008333333333334,9.0988404e-05
mendeley/extracted/Bangla Audio Dataset Original and DeepFake Voices for AI-Based Voice Analysis and Detection/Dataset/S13M01/Real/22.wav,0,MEN,MEN-S13M01,TG:3ea4c2ab6bd8c696,-5.84375,1,0.5841666666666667,0.002889581
mendeley/extracted/Bangla Audio Dataset Original and DeepFake Voices for AI-Based Voice Analysis and Detection/Dataset/S13M01/Real/23.wav,0,MEN,MEN-S13M01,TG:1aea278e72d15d0c,-2.1308594,1,0.5508333333333333,0.10613344
mendeley/extracted/Bangla Audio Dataset Original and DeepFake Voices for AI-Based Voice Analysis and Detection/Dataset/S13M01/Real/24.wav,0,MEN,MEN-S13M01,TG:308b7809dcd529fe,-5.1445312,1,0.5675,0.005797401
mendeley/extracted/Bangla Audio Dataset Original and DeepFake Voices for AI-Based Voice Analysis and Detection/Dataset/S13M01/Real/25.wav,0,MEN,MEN-S13M01,TG:d1b72b1834bf1ba9,-6.484375,1,0.4341666666666667,0.0015247865
mendeley/extracted/Bangla Audio Dataset Original and DeepFake Voices for AI-Based Voice Analysis and Detection/Dataset/S13M01/Real/26.wav,0,MEN,MEN-S13M01,TG:b30ab81ebf25d425,-3.9160156,1,0.5508333333333333,0.019531239
mendeley/extracted/Bangla Audio Dataset Original and DeepFake Voices for AI-Based Voice Analysis and Detection/Dataset/S13M01/Real/27.wav,0,MEN,MEN-S13M01,TG:4801945c778274b7,-3.8027344,1,0.5675,0.021822823
mendeley/extracted/Bangla Audio Dataset Original and DeepFake Voices for AI-Based Voice Analysis and Detection/Dataset/S13M01/Real/28.wav,0,MEN,MEN-S13M01,TG:20d29da1528cd788,-8.1953125,1,0.4841666666666666,0.0002758679
mendeley/extracted/Bangla Audio Dataset Original and DeepFake Voices for AI-Based Voice Analysis and Detection/Dataset/S13M01/Real/29.wav,0,MEN,MEN-S13M01,TG:39ba0547eb0a9549,-9.703125,1,0.5341666666666667,6.108855e-05
mendeley/extracted/Bangla Audio Dataset Original and DeepFake Voices for AI-Based Voice Analysis and Detection/Dataset/S13M01/Real/3.wav,0,MEN,MEN-S13M01,TG:e921a431e5a8d0f2,-10.0078125,1,0.5008333333333334,4.5044595e-05
mendeley/extracted/Bangla Audio Dataset Original and DeepFake Voices for AI-Based Voice Analysis and Detection/Dataset/S13M01/Real/30.wav,0,MEN,MEN-S13M01,TG:83175214af1cd3cc,-10.6875,1,0.6174999999999999,2.2827997e-05
mendeley/extracted/Bangla Audio Dataset Original and DeepFake Voices for AI-Based Voice Analysis and Detection/Dataset/S13M01/Real/4.wav,0,MEN,MEN-S13M01,TG:7b4edaf138d43c24,-8.5546875,1,0.4675,0.00019260288
mendeley/extracted/Bangla Audio Dataset Original and DeepFake Voices for AI-Based Voice Analysis and Detection/Dataset/S13M01/Real/5.wav,0,MEN,MEN-S13M01,TG:4365e0fcdb4baa7c,-10.015625,1,0.4841666666666666,4.4694076e-05
mendeley/extracted/Bangla Audio Dataset Original and DeepFake Voices for AI-Based Voice Analysis and Detection/Dataset/S13M01/Real/6.wav,0,MEN,MEN-S13M01,TG:0d8af69205969b08,-0.1977539,1,0.4675,0.450722
mendeley/extracted/Bangla Audio Dataset Original and DeepFake Voices for AI-Based Voice Analysis and Detection/Dataset/S13M01/Real/7.wav,0,MEN,MEN-S13M01,TG:40a9df8903c6d06d,-6.3125,1,0.5341666666666667,0.0018102111
mendeley/extracted/Bangla Audio Dataset Original and DeepFake Voices for AI-Based Voice Analysis and Detection/Dataset/S13M01/Real/8.wav,0,MEN,MEN-S13M01,TG:ec3afa02296104d2,-8.078125,1,0.6008333333333333,0.000310156
mendeley/extracted/Bangla Audio Dataset Original and DeepFake Voices for AI-Based Voice Analysis and Detection/Dataset/S13M01/Real/9.wav,0,MEN,MEN-S13M01,TG:44ef37911c97b339,-9.3984375,1,0.6008333333333333,8.2846556e-05
mendeley/extracted/Bangla Audio Dataset Original and DeepFake Voices for AI-Based Voice Analysis and Detection/Dataset/S13M04/Fake/1.wav,1,MEN,MEN-S13M04,TG:59a9f15bf4c1e1f9,-9.5390625,1,0.5541666666666667,7.197912e-05
mendeley/extracted/Bangla Audio Dataset Original and DeepFake Voices for AI-Based Voice Analysis and Detection/Dataset/S13M04/Fake/10.wav,1,MEN,MEN-S13M04,TG:af46530c8e94f66a,0.88183594,1,0.4408333333333333,0.70720255
mendeley/extracted/Bangla Audio Dataset Original and DeepFake Voices for AI-Based Voice Analysis and Detection/Dataset/S13M04/Fake/11.wav,1,MEN,MEN-S13M04,TG:206cd06074b026d5,-7.7851562,1,0.5025,0.0004156895
mendeley/extracted/Bangla Audio Dataset Original and DeepFake Voices for AI-Based Voice Analysis and Detection/Dataset/S13M04/Fake/12.wav,1,MEN,MEN-S13M04,TG:fc8142f1666481b5,-9.25,1,0.2975,9.610241e-05
mendeley/extracted/Bangla Audio Dataset Original and DeepFake Voices for AI-Based Voice Analysis and Detection/Dataset/S13M04/Fake/13.wav,1,MEN,MEN-S13M04,TG:8b9d7fe36d313ffb,-6.203125,1,0.4658333333333333,0.002019014
mendeley/extracted/Bangla Audio Dataset Original and DeepFake Voices for AI-Based Voice Analysis and Detection/Dataset/S13M04/Fake/14.wav,1,MEN,MEN-S13M04,TG:373cb328e6d0029c,-8.6015625,1,0.4375,0.00018378458
mendeley/extracted/Bangla Audio Dataset Original and DeepFake Voices for AI-Based Voice Analysis and Detection/Dataset/S13M04/Fake/15.wav,1,MEN,MEN-S13M04,TG:725e597ccf136c7b,-5.875,1,0.5175000000000001,0.0028009268
mendeley/extracted/Bangla Audio Dataset Original and DeepFake Voices for AI-Based Voice Analysis and Detection/Dataset/S13M04/Fake/16.wav,1,MEN,MEN-S13M04,TG:19493fcae8d03fba,-8.234375,1,0.4975,0.00026530237
mendeley/extracted/Bangla Audio Dataset Original and DeepFake Voices for AI-Based Voice Analysis and Detection/Dataset/S13M04/Fake/17.wav,1,MEN,MEN-S13M04,TG:6c80d161a68feef8,-2.3730469,1,0.3541666666666666,0.085251234
mendeley/extracted/Bangla Audio Dataset Original and DeepFake Voices for AI-Based Voice Analysis and Detection/Dataset/S13M04/Fake/18.wav,1,MEN,MEN-S13M04,TG:c628bfabacea3ccb,-7.3515625,1,0.3575,0.0006411777
mendeley/extracted/Bangla Audio Dataset Original and DeepFake Voices for AI-Based Voice Analysis and Detection/Dataset/S13M04/Fake/19.wav,1,MEN,MEN-S13M04,TG:8dee1cb04b557d42,-12.8671875,1,0.5141666666666667,2.5813706e-06
mendeley/extracted/Bangla Audio Dataset Original and DeepFake Voices for AI-Based Voice Analysis and Detection/Dataset/S13M04/Fake/2.wav,1,MEN,MEN-S13M04,TG:b50c656187dba8e6,-6.6875,1,0.4675,0.0012448434
mendeley/extracted/Bangla Audio Dataset Original and DeepFake Voices for AI-Based Voice Analysis and Detection/Dataset/S13M04/Fake/20.wav,1,MEN,MEN-S13M04,TG:b2cf028254ed88e1,-5.5,1,0.3974999999999999,0.0040701376
mendeley/extracted/Bangla Audio Dataset Original and DeepFake Voices for AI-Based Voice Analysis and Detection/Dataset/S13M04/Fake/21.wav,1,MEN,MEN-S13M04,TG:b16e2afabc8b744f,-3.6152344,1,0.3941666666666666,0.026205415
mendeley/extracted/Bangla Audio Dataset Original and DeepFake Voices for AI-Based Voice Analysis and Detection/Dataset/S13M04/Fake/22.wav,1,MEN,MEN-S13M04,TG:3ea4c2ab6bd8c696,-0.8486328,1,0.4875,0.29971975
mendeley/extracted/Bangla Audio Dataset Original and DeepFake Voices for AI-Based Voice Analysis and Detection/Dataset/S13M04/Fake/23.wav,1,MEN,MEN-S13M04,TG:1aea278e72d15d0c,7.2773438,1,0.4841666666666666,0.9993094
mendeley/extracted/Bangla Audio Dataset Original and DeepFake Voices for AI-Based Voice Analysis and Detection/Dataset/S13M04/Fake/24.wav,1,MEN,MEN-S13M04,TG:308b7809dcd529fe,-5.40625,1,0.5108333333333333,0.004468384
mendeley/extracted/Bangla Audio Dataset Original and DeepFake Voices for AI-Based Voice Analysis and Detection/Dataset/S13M04/Fake/25.wav,1,MEN,MEN-S13M04,TG:d1b72b1834bf1ba9,-8.8125,1,0.3341666666666666,0.00014883849
mendeley/extracted/Bangla Audio Dataset Original and DeepFake Voices for AI-Based Voice Analysis and Detection/Dataset/S13M04/Fake/26.wav,1,MEN,MEN-S13M04,TG:b30ab81ebf25d425,-13.375,1,0.4575,1.5534976e-06
mendeley/extracted/Bangla Audio Dataset Original and DeepFake Voices for AI-Based Voice Analysis and Detection/Dataset/S13M04/Fake/27.wav,1,MEN,MEN-S13M04,TG:4801945c778274b7,-8.6328125,1,0.5291666666666667,0.0001781311
mendeley/extracted/Bangla Audio Dataset Original and DeepFake Voices for AI-Based Voice Analysis and Detection/Dataset/S13M04/Fake/28.wav,1,MEN,MEN-S13M04,TG:20d29da1528cd788,5.8398438,1,0.3841666666666666,0.99709916
mendeley/extracted/Bangla Audio Dataset Original and DeepFake Voices for AI-Based Voice Analysis and Detection/Dataset/S13M04/Fake/29.wav,1,MEN,MEN-S13M04,TG:39ba0547eb0a9549,-10.8671875,1,0.4175,1.907358e-05
mendeley/extracted/Bangla Audio Dataset Original and DeepFake Voices for AI-Based Voice Analysis and Detection/Dataset/S13M04/Fake/3.wav,1,MEN,MEN-S13M04,TG:e921a431e5a8d0f2,-6.2109375,1,0.3408333333333333,0.0020033333
mendeley/extracted/Bangla Audio Dataset Original and DeepFake Voices for AI-Based Voice Analysis and Detection/Dataset/S13M04/Fake/30.wav,1,MEN,MEN-S13M04,TG:83175214af1cd3cc,-7.9960938,1,0.5691666666666666,0.00033666223
mendeley/extracted/Bangla Audio Dataset Original and DeepFake Voices for AI-Based Voice Analysis and Detection/Dataset/S13M04/Fake/4.wav,1,MEN,MEN-S13M04,TG:7b4edaf138d43c24,-8.7421875,1,0.4675,0.00015967865
mendeley/extracted/Bangla Audio Dataset Original and DeepFake Voices for AI-Based Voice Analysis and Detection/Dataset/S13M04/Fake/5.wav,1,MEN,MEN-S13M04,TG:4365e0fcdb4baa7c,-9.9609375,1,0.4341666666666667,4.720623e-05
mendeley/extracted/Bangla Audio Dataset Original and DeepFake Voices for AI-Based Voice Analysis and Detection/Dataset/S13M04/Fake/6.wav,1,MEN,MEN-S13M04,TG:0d8af69205969b08,-1.2607422,1,0.3791666666666666,0.22084616
mendeley/extracted/Bangla Audio Dataset Original and DeepFake Voices for AI-Based Voice Analysis and Detection/Dataset/S13M04/Fake/7.wav,1,MEN,MEN-S13M04,TG:40a9df8903c6d06d,-0.4741211,1,0.5241666666666667,0.38364127
mendeley/extracted/Bangla Audio Dataset Original and DeepFake Voices for AI-Based Voice Analysis and Detection/Dataset/S13M04/Fake/8.wav,1,MEN,MEN-S13M04,TG:ec3afa02296104d2,-7.9726562,1,0.5708333333333333,0.0003446432
mendeley/extracted/Bangla Audio Dataset Original and DeepFake Voices for AI-Based Voice Analysis and Detection/Dataset/S13M04/Fake/9.wav,1,MEN,MEN-S13M04,TG:44ef37911c97b339,2.0195312,1,0.5208333333333333,0.8828326
mendeley/extracted/Bangla Audio Dataset Original and DeepFake Voices for AI-Based Voice Analysis and Detection/Dataset/S13M04/Real/1.wav,0,MEN,MEN-S13M04,TG:59a9f15bf4c1e1f9,1.9384766,1,0.4675,0.87418467
mendeley/extracted/Bangla Audio Dataset Original and DeepFake Voices for AI-Based Voice Analysis and Detection/Dataset/S13M04/Real/10.wav,0,MEN,MEN-S13M04,TG:af46530c8e94f66a,-5.6289062,1,0.5175000000000001,0.0035796424
mendeley/extracted/Bangla Audio Dataset Original and DeepFake Voices for AI-Based Voice Analysis and Detection/Dataset/S13M04/Real/11.wav,0,MEN,MEN-S13M04,TG:206cd06074b026d5,-7.2773438,1,0.5508333333333333,0.0006905414
mendeley/extracted/Bangla Audio Dataset Original and DeepFake Voices for AI-Based Voice Analysis and Detection/Dataset/S13M04/Real/12.wav,0,MEN,MEN-S13M04,TG:fc8142f1666481b5,-11.1015625,1,0.5175000000000001,1.5088502e-05
mendeley/extracted/Bangla Audio Dataset Original and DeepFake Voices for AI-Based Voice Analysis and Detection/Dataset/S13M04/Real/13.wav,0,MEN,MEN-S13M04,TG:8b9d7fe36d313ffb,3.3046875,1,0.5008333333333334,0.96458924
mendeley/extracted/Bangla Audio Dataset Original and DeepFake Voices for AI-Based Voice Analysis and Detection/Dataset/S13M04/Real/14.wav,0,MEN,MEN-S13M04,TG:373cb328e6d0029c,-11.140625,1,0.5175000000000001,1.4510478e-05
mendeley/extracted/Bangla Audio Dataset Original and DeepFake Voices for AI-Based Voice Analysis and Detection/Dataset/S13M04/Real/15.wav,0,MEN,MEN-S13M04,TG:725e597ccf136c7b,-11.0703125,1,0.5675,1.5567455e-05
mendeley/extracted/Bangla Audio Dataset Original and DeepFake Voices for AI-Based Voice Analysis and Detection/Dataset/S13M04/Real/16.wav,0,MEN,MEN-S13M04,TG:19493fcae8d03fba,-12.28125,1,0.5675,4.637873e-06
mendeley/extracted/Bangla Audio Dataset Original and DeepFake Voices for AI-Based Voice Analysis and Detection/Dataset/S13M04/Real/17.wav,0,MEN,MEN-S13M04,TG:6c80d161a68feef8,-4.3828125,1,0.5341666666666667,0.0123361
mendeley/extracted/Bangla Audio Dataset Original and DeepFake Voices for AI-Based Voice Analysis and Detection/Dataset/S13M04/Real/18.wav,0,MEN,MEN-S13M04,TG:c628bfabacea3ccb,-8.5546875,1,0.6008333333333333,0.00019260288
mendeley/extracted/Bangla Audio Dataset Original and DeepFake Voices for AI-Based Voice Analysis and Detection/Dataset/S13M04/Real/19.wav,0,MEN,MEN-S13M04,TG:8dee1cb04b557d42,0.91308594,1,0.5341666666666667,0.7136312
mendeley/extracted/Bangla Audio Dataset Original and DeepFake Voices for AI-Based Voice Analysis and Detection/Dataset/S13M04/Real/2.wav,0,MEN,MEN-S13M04,TG:b50c656187dba8e6,-1.7089844,1,0.5175000000000001,0.1532955
mendeley/extracted/Bangla Audio Dataset Original and DeepFake Voices for AI-Based Voice Analysis and Detection/Dataset/S13M04/Real/20.wav,0,MEN,MEN-S13M04,TG:b2cf028254ed88e1,-11.2734375,1,0.4508333333333333,1.2705822e-05
mendeley/extracted/Bangla Audio Dataset Original and DeepFake Voices for AI-Based Voice Analysis and Detection/Dataset/S13M04/Real/21.wav,0,MEN,MEN-S13M04,TG:b16e2afabc8b744f,-10.953125,1,0.5341666666666667,1.7502925e-05
mendeley/extracted/Bangla Audio Dataset Original and DeepFake Voices for AI-Based Voice Analysis and Detection/Dataset/S13M04/Real/22.wav,0,MEN,MEN-S13M04,TG:3ea4c2ab6bd8c696,6.5625,1,0.5841666666666667,0.9985896
mendeley/extracted/Bangla Audio Dataset Original and DeepFake Voices for AI-Based Voice Analysis and Detection/Dataset/S13M04/Real/23.wav,0,MEN,MEN-S13M04,TG:1aea278e72d15d0c,-0.36035156,1,0.5008333333333334,0.4108745
mendeley/extracted/Bangla Audio Dataset Original and DeepFake Voices for AI-Based Voice Analysis and Detection/Dataset/S13M04/Real/24.wav,0,MEN,MEN-S13M04,TG:308b7809dcd529fe,-10.4453125,1,0.4841666666666666,2.908344e-05
mendeley/extracted/Bangla Audio Dataset Original and DeepFake Voices for AI-Based Voice Analysis and Detection/Dataset/S13M04/Real/25.wav,0,MEN,MEN-S13M04,TG:d1b72b1834bf1ba9,-7.9257812,1,0.5175000000000001,0.00036117696
mendeley/extracted/Bangla Audio Dataset Original and DeepFake Voices for AI-Based Voice Analysis and Detection/Dataset/S13M04/Real/26.wav,0,MEN,MEN-S13M04,TG:b30ab81ebf25d425,-11.640625,1,0.4675,8.801101e-06
mendeley/extracted/Bangla Audio Dataset Original and DeepFake Voices for AI-Based Voice Analysis and Detection/Dataset/S13M04/Real/27.wav,0,MEN,MEN-S13M04,TG:4801945c778274b7,-9.1171875,1,0.5508333333333333,0.00010975091
mendeley/extracted/Bangla Audio Dataset Original and DeepFake Voices for AI-Based Voice Analysis and Detection/Dataset/S13M04/Real/28.wav,0,MEN,MEN-S13M04,TG:20d29da1528cd788,-5.0820312,1,0.5175000000000001,0.0061689946
mendeley/extracted/Bangla Audio Dataset Original and DeepFake Voices for AI-Based Voice Analysis and Detection/Dataset/S13M04/Real/29.wav,0,MEN,MEN-S13M04,TG:39ba0547eb0a9549,-10.296875,1,0.5008333333333334,3.3737226e-05
mendeley/extracted/Bangla Audio Dataset Original and DeepFake Voices for AI-Based Voice Analysis and Detection/Dataset/S13M04/Real/3.wav,0,MEN,MEN-S13M04,TG:e921a431e5a8d0f2,-2.2382812,1,0.5008333333333334,0.09636511
mendeley/extracted/Bangla Audio Dataset Original and DeepFake Voices for AI-Based Voice Analysis and Detection/Dataset/S13M04/Real/30.wav,0,MEN,MEN-S13M04,TG:83175214af1cd3cc,-4.0234375,1,0.5175000000000001,0.01757688
mendeley/extracted/Bangla Audio Dataset Original and DeepFake Voices for AI-Based Voice Analysis and Detection/Dataset/S13M04/Real/4.wav,0,MEN,MEN-S13M04,TG:7b4edaf138d43c24,-3.7539062,1,0.4841666666666666,0.02288984
mendeley/extracted/Bangla Audio Dataset Original and DeepFake Voices for AI-Based Voice Analysis and Detection/Dataset/S13M04/Real/5.wav,0,MEN,MEN-S13M04,TG:4365e0fcdb4baa7c,-3.9921875,1,0.5175000000000001,0.018124722
mendeley/extracted/Bangla Audio Dataset Original and DeepFake Voices for AI-Based Voice Analysis and Detection/Dataset/S13M04/Real/6.wav,0,MEN,MEN-S13M04,TG:0d8af69205969b08,-3.9355469,1,0.5508333333333333,0.019160708
mendeley/extracted/Bangla Audio Dataset Original and DeepFake Voices for AI-Based Voice Analysis and Detection/Dataset/S13M04/Real/7.wav,0,MEN,MEN-S13M04,TG:40a9df8903c6d06d,-4.7382812,1,0.4841666666666666,0.008677716
mendeley/extracted/Bangla Audio Dataset Original and DeepFake Voices for AI-Based Voice Analysis and Detection/Dataset/S13M04/Real/8.wav,0,MEN,MEN-S13M04,TG:ec3afa02296104d2,-8.4140625,1,0.5841666666666667,0.0002216781
mendeley/extracted/Bangla Audio Dataset Original and DeepFake Voices for AI-Based Voice Analysis and Detection/Dataset/S13M04/Real/9.wav,0,MEN,MEN-S13M04,TG:44ef37911c97b339,-0.24328613,1,0.5341666666666667,0.4394767
mendeley/extracted/Bangla Audio Dataset Original and DeepFake Voices for AI-Based Voice Analysis and Detection/Dataset/S14F02/Fake/1.wav,1,MEN,MEN-S14F02,TG:554ac7bf8ebb78f9,-3.7382812,1,0.4075,0.023241926
mendeley/extracted/Bangla Audio Dataset Original and DeepFake Voices for AI-Based Voice Analysis and Detection/Dataset/S14F02/Fake/10.wav,1,MEN,MEN-S14F02,TG:8b54a89dd6208789,-17.875,1,0.5341666666666667,1.7257827e-08
mendeley/extracted/Bangla Audio Dataset Original and DeepFake Voices for AI-Based Voice Analysis and Detection/Dataset/S14F02/Fake/11.wav,1,MEN,MEN-S14F02,TG:187c8b79a216637f,-9.8828125,1,0.5791666666666666,5.104191e-05
mendeley/extracted/Bangla Audio Dataset Original and DeepFake Voices for AI-Based Voice Analysis and Detection/Dataset/S14F02/Fake/12.wav,1,MEN,MEN-S14F02,TG:a3f48c98819c7992,-9.6015625,1,0.5175000000000001,6.761842e-05
mendeley/extracted/Bangla Audio Dataset Original and DeepFake Voices for AI-Based Voice Analysis and Detection/Dataset/S14F02/Fake/13.wav,1,MEN,MEN-S14F02,TG:1ca2e7b216e9ad9c,-15.203125,1,0.5141666666666667,2.4967014e-07
mendeley/extracted/Bangla Audio Dataset Original and DeepFake Voices for AI-Based Voice Analysis and Detection/Dataset/S14F02/Fake/14.wav,1,MEN,MEN-S14F02,TG:d596eeae600d9af9,-11.0078125,1,0.3774999999999999,1.6571452e-05
mendeley/extracted/Bangla Audio Dataset Original and DeepFake Voices for AI-Based Voice Analysis and Detection/Dataset/S14F02/Fake/15.wav,1,MEN,MEN-S14F02,TG:6ce41462058809da,-12.2265625,1,0.6041666666666667,4.8985694e-06
mendeley/extracted/Bangla Audio Dataset Original and DeepFake Voices for AI-Based Voice Analysis and Detection/Dataset/S14F02/Fake/16.wav,1,MEN,MEN-S14F02,TG:0314a002a6d89cd5,-10.40625,1,0.3924999999999999,3.024196e-05
mendeley/extracted/Bangla Audio Dataset Original and DeepFake Voices for AI-Based Voice Analysis and Detection/Dataset/S14F02/Fake/17.wav,1,MEN,MEN-S14F02,TG:ba557f5c9351a956,-12.5390625,1,0.4575,3.5838746e-06
mendeley/extracted/Bangla Audio Dataset Original and DeepFake Voices for AI-Based Voice Analysis and Detection/Dataset/S14F02/Fake/18.wav,1,MEN,MEN-S14F02,TG:819cb431f0380259,-8.765625,1,0.4541666666666667,0.00015598028
mendeley/extracted/Bangla Audio Dataset Original and DeepFake Voices for AI-Based Voice Analysis and Detection/Dataset/S14F02/Fake/19.wav,1,MEN,MEN-S14F02,TG:e146e568c1caae0e,-12.9609375,1,0.3924999999999999,2.350365e-06
mendeley/extracted/Bangla Audio Dataset Original and DeepFake Voices for AI-Based Voice Analysis and Detection/Dataset/S14F02/Fake/2.wav,1,MEN,MEN-S14F02,TG:11aa99bdc903f9ab,-13.4375,1,0.4841666666666666,1.4593761e-06
mendeley/extracted/Bangla Audio Dataset Original and DeepFake Voices for AI-Based Voice Analysis and Detection/Dataset/S14F02/Fake/20.wav,1,MEN,MEN-S14F02,TG:3c3b71398788e916,-11.765625,1,0.5325,7.766952e-06
mendeley/extracted/Bangla Audio Dataset Original and DeepFake Voices for AI-Based Voice Analysis and Detection/Dataset/S14F02/Fake/21.wav,1,MEN,MEN-S14F02,TG:cfaf18d164b6d815,-13.1171875,1,0.5041666666666667,2.0103746e-06
mendeley/extracted/Bangla Audio Dataset Original and DeepFake Voices for AI-Based Voice Analysis and Detection/Dataset/S14F02/Fake/22.wav,1,MEN,MEN-S14F02,TG:3e4341aa023d4a7a,-9.890625,1,0.5175000000000001,5.0644718e-05
mendeley/extracted/Bangla Audio Dataset Original and DeepFake Voices for AI-Based Voice Analysis and Detection/Dataset/S14F02/Fake/23.wav,1,MEN,MEN-S14F02,TG:7a8d04572a454b40,-11.0390625,1,0.6041666666666667,1.6061611e-05
mendeley/extracted/Bangla Audio Dataset Original and DeepFake Voices for AI-Based Voice Analysis and Detection/Dataset/S14F02/Fake/24.wav,1,MEN,MEN-S14F02,TG:1b34ee3dbf78ac83,-12.59375,1,0.4741666666666666,3.3931447e-06
mendeley/extracted/Bangla Audio Dataset Original and DeepFake Voices for AI-Based Voice Analysis and Detection/Dataset/S14F02/Fake/25.wav,1,MEN,MEN-S14F02,TG:bfab293024be8394,-12.3828125,1,0.3891666666666666,4.1899716e-06
mendeley/extracted/Bangla Audio Dataset Original and DeepFake Voices for AI-Based Voice Analysis and Detection/Dataset/S14F02/Fake/26.wav,1,MEN,MEN-S14F02,TG:e4f3081165f64146,-10.515625,1,0.5974999999999999,2.71088e-05
mendeley/extracted/Bangla Audio Dataset Original and DeepFake Voices for AI-Based Voice Analysis and Detection/Dataset/S14F02/Fake/27.wav,1,MEN,MEN-S14F02,TG:48f08dcc529ee60c,-11.125,1,0.4175,1.4738983e-05
mendeley/extracted/Bangla Audio Dataset Original and DeepFake Voices for AI-Based Voice Analysis and Detection/Dataset/S14F02/Fake/28.wav,1,MEN,MEN-S14F02,TG:c52489fd7002d612,-12.71875,1,0.5591666666666666,2.9944408e-06
mendeley/extracted/Bangla Audio Dataset Original and DeepFake Voices for AI-Based Voice Analysis and Detection/Dataset/S14F02/Fake/29.wav,1,MEN,MEN-S14F02,TG:f0d66e66e0df7a92,-15.5859375,1,0.5025,1.7026026e-07
mendeley/extracted/Bangla Audio Dataset Original and DeepFake Voices for AI-Based Voice Analysis and Detection/Dataset/S14F02/Fake/3.wav,1,MEN,MEN-S14F02,TG:1713efff55beeeec,-11.4375,1,0.4925,1.0783312e-05
mendeley/extracted/Bangla Audio Dataset Original and DeepFake Voices for AI-Based Voice Analysis and Detection/Dataset/S14F02/Fake/30.wav,1,MEN,MEN-S14F02,TG:15ee6219b5d4aefc,-7.8085938,1,0.5341666666666667,0.00040606395
mendeley/extracted/Bangla Audio Dataset Original and DeepFake Voices for AI-Based Voice Analysis and Detection/Dataset/S14F02/Fake/4.wav,1,MEN,MEN-S14F02,TG:6a90890ed8f3955f,-11.9140625,1,0.5641666666666667,6.6955386e-06
mendeley/extracted/Bangla Audio Dataset Original and DeepFake Voices for AI-Based Voice Analysis and Detection/Dataset/S14F02/Fake/5.wav,1,MEN,MEN-S14F02,TG:0f6bba26ba2da7d1,-10.7734375,1,0.4408333333333333,2.094819e-05
mendeley/extracted/Bangla Audio Dataset Original and DeepFake Voices for AI-Based Voice Analysis and Detection/Dataset/S14F02/Fake/6.wav,1,MEN,MEN-S14F02,TG:30600448e8f6a33e,-10.5625,1,0.3675,2.586743e-05
mendeley/extracted/Bangla Audio Dataset Original and DeepFake Voices for AI-Based Voice Analysis and Detection/Dataset/S14F02/Fake/7.wav,1,MEN,MEN-S14F02,TG:5008d9f4bdd80229,-12.6953125,1,0.5008333333333334,3.065452e-06
mendeley/extracted/Bangla Audio Dataset Original and DeepFake Voices for AI-Based Voice Analysis and Detection/Dataset/S14F02/Fake/8.wav,1,MEN,MEN-S14F02,TG:33180cdc592d15ff,-8.78125,1,0.3741666666666666,0.0001535624
mendeley/extracted/Bangla Audio Dataset Original and DeepFake Voices for AI-Based Voice Analysis and Detection/Dataset/S14F02/Fake/9.wav,1,MEN,MEN-S14F02,TG:c3296e2a9dc3f70a,-13.5546875,1,0.4208333333333333,1.2979963e-06
mendeley/extracted/Bangla Audio Dataset Original and DeepFake Voices for AI-Based Voice Analysis and Detection/Dataset/S14F02/Real/1.wav,0,MEN,MEN-S14F02,TG:554ac7bf8ebb78f9,-6.15625,1,0.3675,0.0021157034
mendeley/extracted/Bangla Audio Dataset Original and DeepFake Voices for AI-Based Voice Analysis and Detection/Dataset/S14F02/Real/10.wav,0,MEN,MEN-S14F02,TG:8b54a89dd6208789,-9.7109375,1,0.3841666666666666,6.0613183e-05
mendeley/extracted/Bangla Audio Dataset Original and DeepFake Voices for AI-Based Voice Analysis and Detection/Dataset/S14F02/Real/11.wav,0,MEN,MEN-S14F02,TG:187c8b79a216637f,-11.78125,1,0.3675,7.646538e-06
mendeley/extracted/Bangla Audio Dataset Original and DeepFake Voices for AI-Based Voice Analysis and Detection/Dataset/S14F02/Real/12.wav,0,MEN,MEN-S14F02,TG:a3f48c98819c7992,-9.375,1,0.3508333333333333,8.481104e-05
mendeley/extracted/Bangla Audio Dataset Original and DeepFake Voices for AI-Based Voice Analysis and Detection/Dataset/S14F02/Real/13.wav,0,MEN,MEN-S14F02,TG:1ca2e7b216e9ad9c,-11.8046875,1,0.2508333333333333,7.469407e-06
mendeley/extracted/Bangla Audio Dataset Original and DeepFake Voices for AI-Based Voice Analysis and Detection/Dataset/S14F02/Real/14.wav,0,MEN,MEN-S14F02,TG:d596eeae600d9af9,-14.3828125,1,0.3508333333333333,5.67053e-07
mendeley/extracted/Bangla Audio Dataset Original and DeepFake Voices for AI-Based Voice Analysis and Detection/Dataset/S14F02/Real/15.wav,0,MEN,MEN-S14F02,TG:6ce41462058809da,-12.28125,1,0.3341666666666666,4.637873e-06
mendeley/extracted/Bangla Audio Dataset Original and DeepFake Voices for AI-Based Voice Analysis and Detection/Dataset/S14F02/Real/16.wav,0,MEN,MEN-S14F02,TG:0314a002a6d89cd5,-11.2578125,1,0.3508333333333333,1.2905907e-05
mendeley/extracted/Bangla Audio Dataset Original and DeepFake Voices for AI-Based Voice Analysis and Detection/Dataset/S14F02/Real/17.wav,0,MEN,MEN-S14F02,TG:ba557f5c9351a956,-11.6484375,1,0.3675,8.73261e-06
mendeley/extracted/Bangla Audio Dataset Original and DeepFake Voices for AI-Based Voice Analysis and Detection/Dataset/S14F02/Real/18.wav,0,MEN,MEN-S14F02,TG:819cb431f0380259,-11.578125,1,0.3508333333333333,9.368717e-06
mendeley/extracted/Bangla Audio Dataset Original and DeepFake Voices for AI-Based Voice Analysis and Detection/Dataset/S14F02/Real/19.wav,0,MEN,MEN-S14F02,TG:e146e568c1caae0e,-9.8828125,1,0.2175,5.104191e-05
mendeley/extracted/Bangla Audio Dataset Original and DeepFake Voices for AI-Based Voice Analysis and Detection/Dataset/S14F02/Real/2.wav,0,MEN,MEN-S14F02,TG:11aa99bdc903f9ab,-13.6484375,1,0.5175000000000001,1.1818391e-06
mendeley/extracted/Bangla Audio Dataset Original and DeepFake Voices for AI-Based Voice Analysis and Detection/Dataset/S14F02/Real/20.wav,0,MEN,MEN-S14F02,TG:3c3b71398788e916,-10.4375,1,0.3341666666666666,2.9311539e-05
mendeley/extracted/Bangla Audio Dataset Original and DeepFake Voices for AI-Based Voice Analysis and Detection/Dataset/S14F02/Real/21.wav,0,MEN,MEN-S14F02,TG:cfaf18d164b6d815,-12.7265625,1,0.3675,2.9711382e-06
mendeley/extracted/Bangla Audio Dataset Original and DeepFake Voices for AI-Based Voice Analysis and Detection/Dataset/S14F02/Real/22.wav,0,MEN,MEN-S14F02,TG:3e4341aa023d4a7a,-11.15625,1,0.3675,1.4285517e-05
mendeley/extracted/Bangla Audio Dataset Original and DeepFake Voices for AI-Based Voice Analysis and Detection/Dataset/S14F02/Real/23.wav,0,MEN,MEN-S14F02,TG:7a8d04572a454b40,-13.1796875,1,0.3175,1.8885723e-06
mendeley/extracted/Bangla Audio Dataset Original and DeepFake Voices for AI-Based Voice Analysis and Detection/Dataset/S14F02/Real/24.wav,0,MEN,MEN-S14F02,TG:1b34ee3dbf78ac83,-13.515625,1,0.3841666666666666,1.3497025e-06
mendeley/extracted/Bangla Audio Dataset Original and DeepFake Voices for AI-Based Voice Analysis and Detection/Dataset/S14F02/Real/25.wav,0,MEN,MEN-S14F02,TG:bfab293024be8394,-15.15625,1,0.2341666666666666,2.6165205e-07
mendeley/extracted/Bangla Audio Dataset Original and DeepFake Voices for AI-Based Voice Analysis and Detection/Dataset/S14F02/Real/26.wav,0,MEN,MEN-S14F02,TG:e4f3081165f64146,-12.609375,1,0.4508333333333333,3.3405393e-06
mendeley/extracted/Bangla Audio Dataset Original and DeepFake Voices for AI-Based Voice Analysis and Detection/Dataset/S14F02/Real/27.wav,0,MEN,MEN-S14F02,TG:48f08dcc529ee60c,-11.65625,1,0.3841666666666666,8.664653e-06
mendeley/extracted/Bangla Audio Dataset Original and DeepFake Voices for AI-Based Voice Analysis and Detection/Dataset/S14F02/Real/28.wav,0,MEN,MEN-S14F02,TG:c52489fd7002d612,-12.46875,1,0.4508333333333333,3.844935e-06
mendeley/extracted/Bangla Audio Dataset Original and DeepFake Voices for AI-Based Voice Analysis and Detection/Dataset/S14F02/Real/29.wav,0,MEN,MEN-S14F02,TG:f0d66e66e0df7a92,-14.8828125,1,0.3508333333333333,3.439351e-07
mendeley/extracted/Bangla Audio Dataset Original and DeepFake Voices for AI-Based Voice Analysis and Detection/Dataset/S14F02/Real/3.wav,0,MEN,MEN-S14F02,TG:1713efff55beeeec,-11.9375,1,0.3508333333333333,6.540437e-06
mendeley/extracted/Bangla Audio Dataset Original and DeepFake Voices for AI-Based Voice Analysis and Detection/Dataset/S14F02/Real/30.wav,0,MEN,MEN-S14F02,TG:15ee6219b5d4aefc,-8.21875,1,0.3841666666666666,0.00026947918
mendeley/extracted/Bangla Audio Dataset Original and DeepFake Voices for AI-Based Voice Analysis and Detection/Dataset/S14F02/Real/4.wav,0,MEN,MEN-S14F02,TG:6a90890ed8f3955f,-15.3203125,1,0.2674999999999999,2.220612e-07
mendeley/extracted/Bangla Audio Dataset Original and DeepFake Voices for AI-Based Voice Analysis and Detection/Dataset/S14F02/Real/5.wav,0,MEN,MEN-S14F02,TG:0f6bba26ba2da7d1,-10.2578125,1,0.2841666666666667,3.5081117e-05
mendeley/extracted/Bangla Audio Dataset Original and DeepFake Voices for AI-Based Voice Analysis and Detection/Dataset/S14F02/Real/6.wav,0,MEN,MEN-S14F02,TG:30600448e8f6a33e,-10.6640625,1,0.3008333333333333,2.3369335e-05
mendeley/extracted/Bangla Audio Dataset Original and DeepFake Voices for AI-Based Voice Analysis and Detection/Dataset/S14F02/Real/7.wav,0,MEN,MEN-S14F02,TG:5008d9f4bdd80229,-20.390625,1,0.3341666666666666,1.3946464e-09
mendeley/extracted/Bangla Audio Dataset Original and DeepFake Voices for AI-Based Voice Analysis and Detection/Dataset/S14F02/Real/8.wav,0,MEN,MEN-S14F02,TG:33180cdc592d15ff,-11.3828125,1,0.2508333333333333,1.138944e-05
mendeley/extracted/Bangla Audio Dataset Original and DeepFake Voices for AI-Based Voice Analysis and Detection/Dataset/S14F02/Real/9.wav,0,MEN,MEN-S14F02,TG:c3296e2a9dc3f70a,-16.53125,1,0.3841666666666666,6.615601e-08
mendeley/extracted/Bangla Audio Dataset Original and DeepFake Voices for AI-Based Voice Analysis and Detection/Dataset/S14M01/Fake/1.wav,1,MEN,MEN-S14M01,TG:554ac7bf8ebb78f9,-5.7773438,1,0.5508333333333333,0.0030873693
mendeley/extracted/Bangla Audio Dataset Original and DeepFake Voices for AI-Based Voice Analysis and Detection/Dataset/S14M01/Fake/10.wav,1,MEN,MEN-S14M01,TG:8b54a89dd6208789,-7.1132812,1,0.5208333333333333,0.00081355654
mendeley/extracted/Bangla Audio Dataset Original and DeepFake Voices for AI-Based Voice Analysis and Detection/Dataset/S14M01/Fake/11.wav,1,MEN,MEN-S14M01,TG:187c8b79a216637f,-10.828125,1,0.5408333333333333,1.9833367e-05
mendeley/extracted/Bangla Audio Dataset Original and DeepFake Voices for AI-Based Voice Analysis and Detection/Dataset/S14M01/Fake/12.wav,1,MEN,MEN-S14M01,TG:a3f48c98819c7992,-7.5820312,1,0.5141666666666667,0.0005092657
mendeley/extracted/Bangla Audio Dataset Original and DeepFake Voices for AI-Based Voice Analysis and Detection/Dataset/S14M01/Fake/13.wav,1,MEN,MEN-S14M01,TG:1ca2e7b216e9ad9c,-8.9140625,1,0.5375,0.0001344663
mendeley/extracted/Bangla Audio Dataset Original and DeepFake Voices for AI-Based Voice Analysis and Detection/Dataset/S14M01/Fake/14.wav,1,MEN,MEN-S14M01,TG:d596eeae600d9af9,-7.7226562,1,0.4791666666666666,0.0004424873
mendeley/extracted/Bangla Audio Dataset Original and DeepFake Voices for AI-Based Voice Analysis and Detection/Dataset/S14M01/Fake/15.wav,1,MEN,MEN-S14M01,TG:6ce41462058809da,-10.984375,1,0.4558333333333333,1.6964426e-05
mendeley/extracted/Bangla Audio Dataset Original and DeepFake Voices for AI-Based Voice Analysis and Detection/Dataset/S14M01/Fake/16.wav,1,MEN,MEN-S14M01,TG:0314a002a6d89cd5,-8.7734375,1,0.4641666666666666,0.00015476662
mendeley/extracted/Bangla Audio Dataset Original and DeepFake Voices for AI-Based Voice Analysis and Detection/Dataset/S14M01/Fake/17.wav,1,MEN,MEN-S14M01,TG:ba557f5c9351a956,-3.453125,1,0.5108333333333333,0.030675799
mendeley/extracted/Bangla Audio Dataset Original and DeepFake Voices for AI-Based Voice Analysis and Detection/Dataset/S14M01/Fake/18.wav,1,MEN,MEN-S14M01,TG:819cb431f0380259,-9.609375,1,0.4775,6.7092245e-05
mendeley/extracted/Bangla Audio Dataset Original and DeepFake Voices for AI-Based Voice Analysis and Detection/Dataset/S14M01/Fake/19.wav,1,MEN,MEN-S14M01,TG:e146e568c1caae0e,-9.953125,1,0.3874999999999999,4.7576454e-05
mendeley/extracted/Bangla Audio Dataset Original and DeepFake Voices for AI-Based Voice Analysis and Detection/Dataset/S14M01/Fake/2.wav,1,MEN,MEN-S14M01,TG:11aa99bdc903f9ab,-7.0,1,0.4141666666666667,0.0009110512
mendeley/extracted/Bangla Audio Dataset Original and DeepFake Voices for AI-Based Voice Analysis and Detection/Dataset/S14M01/Fake/20.wav,1,MEN,MEN-S14M01,TG:3c3b71398788e916,-2.4375,1,0.4925,0.08035748
mendeley/extracted/Bangla Audio Dataset Original and DeepFake Voices for AI-Based Voice Analysis and Detection/Dataset/S14M01/Fake/21.wav,1,MEN,MEN-S14M01,TG:cfaf18d164b6d815,-9.8046875,1,0.5108333333333333,5.5189234e-05
mendeley/extracted/Bangla Audio Dataset Original and DeepFake Voices for AI-Based Voice Analysis and Detection/Dataset/S14M01/Fake/22.wav,1,MEN,MEN-S14M01,TG:3e4341aa023d4a7a,-11.375,1,0.5441666666666667,1.1478767e-05
mendeley/extracted/Bangla Audio Dataset Original and DeepFake Voices for AI-Based Voice Analysis and Detection/Dataset/S14M01/Fake/23.wav,1,MEN,MEN-S14M01,TG:7a8d04572a454b40,-11.21875,1,0.4175,1.3420014e-05
mendeley/extracted/Bangla Audio Dataset Original and DeepFake Voices for AI-Based Voice Analysis and Detection/Dataset/S14M01/Fake/24.wav,1,MEN,MEN-S14M01,TG:1b34ee3dbf78ac83,-6.3945312,1,0.3441666666666666,0.0016678823
mendeley/extracted/Bangla Audio Dataset Original and DeepFake Voices for AI-Based Voice Analysis and Detection/Dataset/S14M01/Fake/25.wav,1,MEN,MEN-S14M01,TG:bfab293024be8394,-9.7109375,1,0.3675,6.0613183e-05
mendeley/extracted/Bangla Audio Dataset Original and DeepFake Voices for AI-Based Voice Analysis and Detection/Dataset/S14M01/Fake/26.wav,1,MEN,MEN-S14M01,TG:e4f3081165f64146,-6.1875,1,0.5708333333333333,0.0020507437
mendeley/extracted/Bangla Audio Dataset Original and DeepFake Voices for AI-Based Voice Analysis and Detection/Dataset/S14M01/Fake/27.wav,1,MEN,MEN-S14M01,TG:48f08dcc529ee60c,-11.8046875,1,0.5325,7.469407e-06
mendeley/extracted/Bangla Audio Dataset Original and DeepFake Voices for AI-Based Voice Analysis and Detection/Dataset/S14M01/Fake/28.wav,1,MEN,MEN-S14M01,TG:c52489fd7002d612,-3.4140625,1,0.5641666666666667,0.031858854
mendeley/extracted/Bangla Audio Dataset Original and DeepFake Voices for AI-Based Voice Analysis and Detection/Dataset/S14M01/Fake/29.wav,1,MEN,MEN-S14M01,TG:f0d66e66e0df7a92,-6.8164062,1,0.5075000000000001,0.0010944523
mendeley/extracted/Bangla Audio Dataset Original and DeepFake Voices for AI-Based Voice Analysis and Detection/Dataset/S14M01/Fake/3.wav,1,MEN,MEN-S14M01,TG:1713efff55beeeec,-10.8125,1,0.4708333333333333,2.014569e-05
mendeley/extracted/Bangla Audio Dataset Original and DeepFake Voices for AI-Based Voice Analysis and Detection/Dataset/S14M01/Fake/30.wav,1,MEN,MEN-S14M01,TG:15ee6219b5d4aefc,-11.2265625,1,0.4225,1.3315579e-05
mendeley/extracted/Bangla Audio Dataset Original and DeepFake Voices for AI-Based Voice Analysis and Detection/Dataset/S14M01/Fake/4.wav,1,MEN,MEN-S14M01,TG:6a90890ed8f3955f,-8.859375,1,0.5575,0.00014202364
mendeley/extracted/Bangla Audio Dataset Original and DeepFake Voices for AI-Based Voice Analysis and Detection/Dataset/S14M01/Fake/5.wav,1,MEN,MEN-S14M01,TG:0f6bba26ba2da7d1,-12.7265625,1,0.3708333333333333,2.9711382e-06
mendeley/extracted/Bangla Audio Dataset Original and DeepFake Voices for AI-Based Voice Analysis and Detection/Dataset/S14M01/Fake/6.wav,1,MEN,MEN-S14M01,TG:30600448e8f6a33e,-13.3203125,1,0.2708333333333333,1.6408203e-06
mendeley/extracted/Bangla Audio Dataset Original and DeepFake Voices for AI-Based Voice Analysis and Detection/Dataset/S14M01/Fake/7.wav,1,MEN,MEN-S14M01,TG:5008d9f4bdd80229,-12.3046875,1,0.5525,4.5304373e-06
mendeley/extracted/Bangla Audio Dataset Original and DeepFake Voices for AI-Based Voice Analysis and Detection/Dataset/S14M01/Fake/8.wav,1,MEN,MEN-S14M01,TG:33180cdc592d15ff,-15.1953125,1,0.4441666666666667,2.516283e-07
mendeley/extracted/Bangla Audio Dataset Original and DeepFake Voices for AI-Based Voice Analysis and Detection/Dataset/S14M01/Fake/9.wav,1,MEN,MEN-S14M01,TG:c3296e2a9dc3f70a,-12.4921875,1,0.5108333333333333,3.7558677e-06
mendeley/extracted/Bangla Audio Dataset Original and DeepFake Voices for AI-Based Voice Analysis and Detection/Dataset/S14M01/Real/1.wav,0,MEN,MEN-S14M01,TG:554ac7bf8ebb78f9,-13.828125,1,0.4841666666666666,9.874639e-07
mendeley/extracted/Bangla Audio Dataset Original and DeepFake Voices for AI-Based Voice Analysis and Detection/Dataset/S14M01/Real/10.wav,0,MEN,MEN-S14M01,TG:8b54a89dd6208789,-16.234375,1,0.6008333333333333,8.902264e-08
mendeley/extracted/Bangla Audio Dataset Original and DeepFake Voices for AI-Based Voice Analysis and Detection/Dataset/S14M01/Real/11.wav,0,MEN,MEN-S14M01,TG:187c8b79a216637f,-14.234375,1,0.6675,6.57793e-07
mendeley/extracted/Bangla Audio Dataset Original and DeepFake Voices for AI-Based Voice Analysis and Detection/Dataset/S14M01/Real/12.wav,0,MEN,MEN-S14M01,TG:a3f48c98819c7992,-13.4921875,1,0.6008333333333333,1.3817098e-06
mendeley/extracted/Bangla Audio Dataset Original and DeepFake Voices for AI-Based Voice Analysis and Detection/Dataset/S14M01/Real/13.wav,0,MEN,MEN-S14M01,TG:1ca2e7b216e9ad9c,-17.609375,1,0.5675,2.250845e-08
mendeley/extracted/Bangla Audio Dataset Original and DeepFake Voices for AI-Based Voice Analysis and Detection/Dataset/S14M01/Real/14.wav,0,MEN,MEN-S14M01,TG:d596eeae600d9af9,-17.046875,1,0.5675,3.9503565e-08
mendeley/extracted/Bangla Audio Dataset Original and DeepFake Voices for AI-Based Voice Analysis and Detection/Dataset/S14M01/Real/15.wav,0,MEN,MEN-S14M01,TG:6ce41462058809da,-11.3515625,1,0.5508333333333333,1.1750976e-05
mendeley/extracted/Bangla Audio Dataset Original and DeepFake Voices for AI-Based Voice Analysis and Detection/Dataset/S14M01/Real/16.wav,0,MEN,MEN-S14M01,TG:0314a002a6d89cd5,-21.53125,1,0.6008333333333333,4.457557e-10
mendeley/extracted/Bangla Audio Dataset Original and DeepFake Voices for AI-Based Voice Analysis and Detection/Dataset/S14M01/Real/17.wav,0,MEN,MEN-S14M01,TG:ba557f5c9351a956,-13.1953125,1,0.6341666666666667,1.8592929e-06
mendeley/extracted/Bangla Audio Dataset Original and DeepFake Voices for AI-Based Voice Analysis and Detection/Dataset/S14M01/Real/18.wav,0,MEN,MEN-S14M01,TG:819cb431f0380259,-15.2890625,1,0.5675,2.2911019e-07
mendeley/extracted/Bangla Audio Dataset Original and DeepFake Voices for AI-Based Voice Analysis and Detection/Dataset/S14M01/Real/19.wav,0,MEN,MEN-S14M01,TG:e146e568c1caae0e,-15.734375,1,0.4341666666666667,1.4677353e-07
mendeley/extracted/Bangla Audio Dataset Original and DeepFake Voices for AI-Based Voice Analysis and Detection/Dataset/S14M01/Real/2.wav,0,MEN,MEN-S14M01,TG:11aa99bdc903f9ab,-16.8125,1,0.6174999999999999,4.9937178e-08
mendeley/extracted/Bangla Audio Dataset Original and DeepFake Voices for AI-Based Voice Analysis and Detection/Dataset/S14M01/Real/20.wav,0,MEN,MEN-S14M01,TG:3c3b71398788e916,-10.7265625,1,0.6291666666666667,2.1953489e-05
mendeley/extracted/Bangla Audio Dataset Original and DeepFake Voices for AI-Based Voice Analysis and Detection/Dataset/S14M01/Real/21.wav,0,MEN,MEN-S14M01,TG:cfaf18d164b6d815,-18.78125,1,0.5841666666666667,6.9727926e-09
mendeley/extracted/Bangla Audio Dataset Original and DeepFake Voices for AI-Based Voice Analysis and Detection/Dataset/S14M01/Real/22.wav,0,MEN,MEN-S14M01,TG:3e4341aa023d4a7a,-13.03125,1,0.5675,2.1907817e-06
mendeley/extracted/Bangla Audio Dataset Original and DeepFake Voices for AI-Based Voice Analysis and Detection/Dataset/S14M01/Real/23.wav,0,MEN,MEN-S14M01,TG:7a8d04572a454b40,-12.625,1,0.5541666666666667,3.2887488e-06
mendeley/extracted/Bangla Audio Dataset Original and DeepFake Voices for AI-Based Voice Analysis and Detection/Dataset/S14M01/Real/24.wav,0,MEN,MEN-S14M01,TG:1b34ee3dbf78ac83,-11.4140625,1,0.5508333333333333,1.1039027e-05
mendeley/extracted/Bangla Audio Dataset Original and DeepFake Voices for AI-Based Voice Analysis and Detection/Dataset/S14M01/Real/25.wav,0,MEN,MEN-S14M01,TG:bfab293024be8394,-12.640625,1,0.4841666666666666,3.2377618e-06
mendeley/extracted/Bangla Audio Dataset Original and DeepFake Voices for AI-Based Voice Analysis and Detection/Dataset/S14M01/Real/26.wav,0,MEN,MEN-S14M01,TG:e4f3081165f64146,-34.90625,1,0.6508333333333334,6.924816e-16
mendeley/extracted/Bangla Audio Dataset Original and DeepFake Voices for AI-Based Voice Analysis and Detection/Dataset/S14M01/Real/27.wav,0,MEN,MEN-S14M01,TG:48f08dcc529ee60c,-15.1875,1,0.6008333333333333,2.5360188e-07
mendeley/extracted/Bangla Audio Dataset Original and DeepFake Voices for AI-Based Voice Analysis and Detection/Dataset/S14M01/Real/28.wav,0,MEN,MEN-S14M01,TG:c52489fd7002d612,-11.4765625,1,0.6008333333333333,1.0370214e-05
mendeley/extracted/Bangla Audio Dataset Original and DeepFake Voices for AI-Based Voice Analysis and Detection/Dataset/S14M01/Real/29.wav,0,MEN,MEN-S14M01,TG:f0d66e66e0df7a92,-13.046875,1,0.5008333333333334,2.1568167e-06
mendeley/extracted/Bangla Audio Dataset Original and DeepFake Voices for AI-Based Voice Analysis and Detection/Dataset/S14M01/Real/3.wav,0,MEN,MEN-S14M01,TG:1713efff55beeeec,-18.203125,1,0.6675,1.24303465e-08
mendeley/extracted/Bangla Audio Dataset Original and DeepFake Voices for AI-Based Voice Analysis and Detection/Dataset/S14M01/Real/30.wav,0,MEN,MEN-S14M01,TG:15ee6219b5d4aefc,-15.140625,1,0.5191666666666667,2.6577246e-07
mendeley/extracted/Bangla Audio Dataset Original and DeepFake Voices for AI-Based Voice Analysis and Detection/Dataset/S14M01/Real/4.wav,0,MEN,MEN-S14M01,TG:6a90890ed8f3955f,-16.609375,1,0.6841666666666666,6.11843e-08
mendeley/extracted/Bangla Audio Dataset Original and DeepFake Voices for AI-Based Voice Analysis and Detection/Dataset/S14M01/Real/5.wav,0,MEN,MEN-S14M01,TG:0f6bba26ba2da7d1,-14.1328125,1,0.5675,7.281103e-07
mendeley/extracted/Bangla Audio Dataset Original and DeepFake Voices for AI-Based Voice Analysis and Detection/Dataset/S14M01/Real/6.wav,0,MEN,MEN-S14M01,TG:30600448e8f6a33e,-20.703125,1,0.5841666666666667,1.020345e-09
mendeley/extracted/Bangla Audio Dataset Original and DeepFake Voices for AI-Based Voice Analysis and Detection/Dataset/S14M01/Real/7.wav,0,MEN,MEN-S14M01,TG:5008d9f4bdd80229,-16.5,1,0.5841666666666667,6.825603e-08
mendeley/extracted/Bangla Audio Dataset Original and DeepFake Voices for AI-Based Voice Analysis and Detection/Dataset/S14M01/Real/8.wav,0,MEN,MEN-S14M01,TG:33180cdc592d15ff,-16.125,1,0.4508333333333333,9.931194e-08
mendeley/extracted/Bangla Audio Dataset Original and DeepFake Voices for AI-Based Voice Analysis and Detection/Dataset/S14M01/Real/9.wav,0,MEN,MEN-S14M01,TG:c3296e2a9dc3f70a,-21.609375,1,0.6341666666666667,4.1225667e-10
mendeley/extracted/Bangla Audio Dataset Original and DeepFake Voices for AI-Based Voice Analysis and Detection/Dataset/S14M03/Fake/1.wav,1,MEN,MEN-S14M03,TG:554ac7bf8ebb78f9,-3.7675781,1,0.5275000000000001,0.022586042
mendeley/extracted/Bangla Audio Dataset Original and DeepFake Voices for AI-Based Voice Analysis and Detection/Dataset/S14M03/Fake/10.wav,1,MEN,MEN-S14M03,TG:8b54a89dd6208789,-6.8359375,1,0.4925,0.0010733063
mendeley/extracted/Bangla Audio Dataset Original and DeepFake Voices for AI-Based Voice Analysis and Detection/Dataset/S14M03/Fake/11.wav,1,MEN,MEN-S14M03,TG:187c8b79a216637f,-3.6582031,1,0.4908333333333333,0.025130946
mendeley/extracted/Bangla Audio Dataset Original and DeepFake Voices for AI-Based Voice Analysis and Detection/Dataset/S14M03/Fake/12.wav,1,MEN,MEN-S14M03,TG:a3f48c98819c7992,4.84375,1,0.4791666666666666,0.9921841
mendeley/extracted/Bangla Audio Dataset Original and DeepFake Voices for AI-Based Voice Analysis and Detection/Dataset/S14M03/Fake/13.wav,1,MEN,MEN-S14M03,TG:1ca2e7b216e9ad9c,-2.8925781,1,0.5408333333333333,0.052521676
mendeley/extracted/Bangla Audio Dataset Original and DeepFake Voices for AI-Based Voice Analysis and Detection/Dataset/S14M03/Fake/14.wav,1,MEN,MEN-S14M03,TG:d596eeae600d9af9,-10.0703125,1,0.4058333333333334,4.2315598e-05
mendeley/extracted/Bangla Audio Dataset Original and DeepFake Voices for AI-Based Voice Analysis and Detection/Dataset/S14M03/Fake/15.wav,1,MEN,MEN-S14M03,TG:6ce41462058809da,-10.359375,1,0.4741666666666666,3.1693253e-05
mendeley/extracted/Bangla Audio Dataset Original and DeepFake Voices for AI-Based Voice Analysis and Detection/Dataset/S14M03/Fake/16.wav,1,MEN,MEN-S14M03,TG:0314a002a6d89cd5,-8.53125,1,0.4508333333333333,0.00019716943
mendeley/extracted/Bangla Audio Dataset Original and DeepFake Voices for AI-Based Voice Analysis and Detection/Dataset/S14M03/Fake/17.wav,1,MEN,MEN-S14M03,TG:ba557f5c9351a956,-2.0839844,1,0.5041666666666667,0.11066323
mendeley/extracted/Bangla Audio Dataset Original and DeepFake Voices for AI-Based Voice Analysis and Detection/Dataset/S14M03/Fake/18.wav,1,MEN,MEN-S14M03,TG:819cb431f0380259,-3.9082031,1,0.3958333333333333,0.019681409
mendeley/extracted/Bangla Audio Dataset Original and DeepFake Voices for AI-Based Voice Analysis and Detection/Dataset/S14M03/Fake/19.wav,1,MEN,MEN-S14M03,TG:e146e568c1caae0e,-4.3789062,1,0.3358333333333333,0.012383784
mendeley/extracted/Bangla Audio Dataset Original and DeepFake Voices for AI-Based Voice Analysis and Detection/Dataset/S14M03/Fake/2.wav,1,MEN,MEN-S14M03,TG:11aa99bdc903f9ab,-1.7919922,1,0.4375,0.14282866
mendeley/extracted/Bangla Audio Dataset Original and DeepFake Voices for AI-Based Voice Analysis and Detection/Dataset/S14M03/Fake/20.wav,1,MEN,MEN-S14M03,TG:3c3b71398788e916,-6.7695312,1,0.5408333333333333,0.001146916
mendeley/extracted/Bangla Audio Dataset Original and DeepFake Voices for AI-Based Voice Analysis and Detection/Dataset/S14M03/Fake/21.wav,1,MEN,MEN-S14M03,TG:cfaf18d164b6d815,-11.359375,1,0.5558333333333334,1.1659531e-05
mendeley/extracted/Bangla Audio Dataset Original and DeepFake Voices for AI-Based Voice Analysis and Detection/Dataset/S14M03/Fake/22.wav,1,MEN,MEN-S14M03,TG:3e4341aa023d4a7a,-6.2578125,1,0.5441666666666667,0.0019117693
mendeley/extracted/Bangla Audio Dataset Original and DeepFake Voices for AI-Based Voice Analysis and Detection/Dataset/S14M03/Fake/23.wav,1,MEN,MEN-S14M03,TG:7a8d04572a454b40,-6.8242188,1,0.3158333333333333,0.0010859445
mendeley/extracted/Bangla Audio Dataset Original and DeepFake Voices for AI-Based Voice Analysis and Detection/Dataset/S14M03/Fake/24.wav,1,MEN,MEN-S14M03,TG:1b34ee3dbf78ac83,6.4804688,1,0.4375,0.9984692
mendeley/extracted/Bangla Audio Dataset Original and DeepFake Voices for AI-Based Voice Analysis and Detection/Dataset/S14M03/Fake/25.wav,1,MEN,MEN-S14M03,TG:bfab293024be8394,-1.4384766,1,0.4125,0.19178137
mendeley/extracted/Bangla Audio Dataset Original and DeepFake Voices for AI-Based Voice Analysis and Detection/Dataset/S14M03/Fake/26.wav,1,MEN,MEN-S14M03,TG:e4f3081165f64146,8.0859375,1,0.6091666666666666,0.9996923
mendeley/extracted/Bangla Audio Dataset Original and DeepFake Voices for AI-Based Voice Analysis and Detection/Dataset/S14M03/Fake/27.wav,1,MEN,MEN-S14M03,TG:48f08dcc529ee60c,-9.3359375,1,0.5575,8.818924e-05
mendeley/extracted/Bangla Audio Dataset Original and DeepFake Voices for AI-Based Voice Analysis and Detection/Dataset/S14M03/Fake/28.wav,1,MEN,MEN-S14M03,TG:c52489fd7002d612,-5.1640625,1,0.5691666666666666,0.0056859073
mendeley/extracted/Bangla Audio Dataset Original and DeepFake Voices for AI-Based Voice Analysis and Detection/Dataset/S14M03/Fake/29.wav,1,MEN,MEN-S14M03,TG:f0d66e66e0df7a92,-3.5136719,1,0.5325,0.028925717
mendeley/extracted/Bangla Audio Dataset Original and DeepFake Voices for AI-Based Voice Analysis and Detection/Dataset/S14M03/Fake/3.wav,1,MEN,MEN-S14M03,TG:1713efff55beeeec,0.4716797,1,0.5275000000000001,0.61578125
mendeley/extracted/Bangla Audio Dataset Original and DeepFake Voices for AI-Based Voice Analysis and Detection/Dataset/S14M03/Fake/30.wav,1,MEN,MEN-S14M03,TG:15ee6219b5d4aefc,1.9248047,1,0.3641666666666666,0.8726732
mendeley/extracted/Bangla Audio Dataset Original and DeepFake Voices for AI-Based Voice Analysis and Detection/Dataset/S14M03/Fake/4.wav,1,MEN,MEN-S14M03,TG:6a90890ed8f3955f,-8.3984375,1,0.5341666666666667,0.00022516825
mendeley/extracted/Bangla Audio Dataset Original and DeepFake Voices for AI-Based Voice Analysis and Detection/Dataset/S14M03/Fake/5.wav,1,MEN,MEN-S14M03,TG:0f6bba26ba2da7d1,-7.46875,1,0.3691666666666666,0.0005703157
mendeley/extracted/Bangla Audio Dataset Original and DeepFake Voices for AI-Based Voice Analysis and Detection/Dataset/S14M03/Fake/6.wav,1,MEN,MEN-S14M03,TG:30600448e8f6a33e,-4.5039062,1,0.3741666666666666,0.010944578
mendeley/extracted/Bangla Audio Dataset Original and DeepFake Voices for AI-Based Voice Analysis and Detection/Dataset/S14M03/Fake/7.wav,1,MEN,MEN-S14M03,TG:5008d9f4bdd80229,9.75,1,0.5808333333333333,0.9999417
mendeley/extracted/Bangla Audio Dataset Original and DeepFake Voices for AI-Based Voice Analysis and Detection/Dataset/S14M03/Fake/8.wav,1,MEN,MEN-S14M03,TG:33180cdc592d15ff,5.6171875,1,0.4575,0.99637836
mendeley/extracted/Bangla Audio Dataset Original and DeepFake Voices for AI-Based Voice Analysis and Detection/Dataset/S14M03/Fake/9.wav,1,MEN,MEN-S14M03,TG:c3296e2a9dc3f70a,6.96875,1,0.5058333333333334,0.9990601
mendeley/extracted/Bangla Audio Dataset Original and DeepFake Voices for AI-Based Voice Analysis and Detection/Dataset/S14M03/Real/1.wav,0,MEN,MEN-S14M03,TG:554ac7bf8ebb78f9,-1.6962891,1,0.3675,0.15495054
mendeley/extracted/Bangla Audio Dataset Original and DeepFake Voices for AI-Based Voice Analysis and Detection/Dataset/S14M03/Real/10.wav,0,MEN,MEN-S14M03,TG:8b54a89dd6208789,-5.1054688,1,0.6008333333333333,0.006026951
mendeley/extracted/Bangla Audio Dataset Original and DeepFake Voices for AI-Based Voice Analysis and Detection/Dataset/S14M03/Real/11.wav,0,MEN,MEN-S14M03,TG:187c8b79a216637f,-9.0546875,1,0.5341666666666667,0.0001168284
mendeley/extracted/Bangla Audio Dataset Original and DeepFake Voices for AI-Based Voice Analysis and Detection/Dataset/S14M03/Real/12.wav,0,MEN,MEN-S14M03,TG:a3f48c98819c7992,-12.2109375,1,0.5841666666666667,4.97571e-06
mendeley/extracted/Bangla Audio Dataset Original and DeepFake Voices for AI-Based Voice Analysis and Detection/Dataset/S14M03/Real/13.wav,0,MEN,MEN-S14M03,TG:1ca2e7b216e9ad9c,-8.234375,1,0.5008333333333334,0.00026530237
mendeley/extracted/Bangla Audio Dataset Original and DeepFake Voices for AI-Based Voice Analysis and Detection/Dataset/S14M03/Real/14.wav,0,MEN,MEN-S14M03,TG:d596eeae600d9af9,-12.5546875,1,0.6174999999999999,3.528312e-06
mendeley/extracted/Bangla Audio Dataset Original and DeepFake Voices for AI-Based Voice Analysis and Detection/Dataset/S14M03/Real/15.wav,0,MEN,MEN-S14M03,TG:6ce41462058809da,-11.046875,1,0.6008333333333333,1.593662e-05
mendeley/extracted/Bangla Audio Dataset Original and DeepFake Voices for AI-Based Voice Analysis and Detection/Dataset/S14M03/Real/16.wav,0,MEN,MEN-S14M03,TG:0314a002a6d89cd5,-2.3164062,1,0.6008333333333333,0.08977329
mendeley/extracted/Bangla Audio Dataset Original and DeepFake Voices for AI-Based Voice Analysis and Detection/Dataset/S14M03/Real/17.wav,0,MEN,MEN-S14M03,TG:ba557f5c9351a956,-10.0703125,1,0.5508333333333333,4.2315598e-05
mendeley/extracted/Bangla Audio Dataset Original and DeepFake Voices for AI-Based Voice Analysis and Detection/Dataset/S14M03/Real/18.wav,0,MEN,MEN-S14M03,TG:819cb431f0380259,-10.859375,1,0.5175000000000001,1.9223171e-05
mendeley/extracted/Bangla Audio Dataset Original and DeepFake Voices for AI-Based Voice Analysis and Detection/Dataset/S14M03/Real/19.wav,0,MEN,MEN-S14M03,TG:e146e568c1caae0e,-8.40625,1,0.3508333333333333,0.00022341634
mendeley/extracted/Bangla Audio Dataset Original and DeepFake Voices for AI-Based Voice Analysis and Detection/Dataset/S14M03/Real/2.wav,0,MEN,MEN-S14M03,TG:11aa99bdc903f9ab,-3.7246094,1,0.5508333333333333,0.02355433
mendeley/extracted/Bangla Audio Dataset Original and DeepFake Voices for AI-Based Voice Analysis and Detection/Dataset/S14M03/Real/20.wav,0,MEN,MEN-S14M03,TG:3c3b71398788e916,-7.3203125,1,0.5675,0.0006615174
mendeley/extracted/Bangla Audio Dataset Original and DeepFake Voices for AI-Based Voice Analysis and Detection/Dataset/S14M03/Real/21.wav,0,MEN,MEN-S14M03,TG:cfaf18d164b6d815,-8.34375,1,0.6174999999999999,0.00023782204
mendeley/extracted/Bangla Audio Dataset Original and DeepFake Voices for AI-Based Voice Analysis and Detection/Dataset/S14M03/Real/22.wav,0,MEN,MEN-S14M03,TG:3e4341aa023d4a7a,-5.4140625,1,0.6008333333333333,0.004433765
mendeley/extracted/Bangla Audio Dataset Original and DeepFake Voices for AI-Based Voice Analysis and Detection/Dataset/S14M03/Real/23.wav,0,MEN,MEN-S14M03,TG:7a8d04572a454b40,-9.125,1,0.5675,0.00010889691
mendeley/extracted/Bangla Audio Dataset Original and DeepFake Voices for AI-Based Voice Analysis and Detection/Dataset/S14M03/Real/24.wav,0,MEN,MEN-S14M03,TG:1b34ee3dbf78ac83,-10.21875,1,0.5175000000000001,3.6478537e-05
mendeley/extracted/Bangla Audio Dataset Original and DeepFake Voices for AI-Based Voice Analysis and Detection/Dataset/S14M03/Real/25.wav,0,MEN,MEN-S14M03,TG:bfab293024be8394,-7.703125,1,0.4675,0.0004512106
mendeley/extracted/Bangla Audio Dataset Original and DeepFake Voices for AI-Based Voice Analysis and Detection/Dataset/S14M03/Real/26.wav,0,MEN,MEN-S14M03,TG:e4f3081165f64146,-9.9375,1,0.5508333333333333,4.832564e-05
mendeley/extracted/Bangla Audio Dataset Original and DeepFake Voices for AI-Based Voice Analysis and Detection/Dataset/S14M03/Real/27.wav,0,MEN,MEN-S14M03,TG:48f08dcc529ee60c,-8.4140625,1,0.5675,0.0002216781
mendeley/extracted/Bangla Audio Dataset Original and DeepFake Voices for AI-Based Voice Analysis and Detection/Dataset/S14M03/Real/28.wav,0,MEN,MEN-S14M03,TG:c52489fd7002d612,-11.7578125,1,0.6341666666666667,7.827869e-06
mendeley/extracted/Bangla Audio Dataset Original and DeepFake Voices for AI-Based Voice Analysis and Detection/Dataset/S14M03/Real/29.wav,0,MEN,MEN-S14M03,TG:f0d66e66e0df7a92,-11.40625,1,0.5008333333333334,1.1125608e-05
mendeley/extracted/Bangla Audio Dataset Original and DeepFake Voices for AI-Based Voice Analysis and Detection/Dataset/S14M03/Real/3.wav,0,MEN,MEN-S14M03,TG:1713efff55beeeec,-8.1796875,1,0.4508333333333333,0.00028021098
mendeley/extracted/Bangla Audio Dataset Original and DeepFake Voices for AI-Based Voice Analysis and Detection/Dataset/S14M03/Real/30.wav,0,MEN,MEN-S14M03,TG:15ee6219b5d4aefc,-7.1601562,1,0.4841666666666666,0.00077632995
mendeley/extracted/Bangla Audio Dataset Original and DeepFake Voices for AI-Based Voice Analysis and Detection/Dataset/S14M03/Real/4.wav,0,MEN,MEN-S14M03,TG:6a90890ed8f3955f,-10.6640625,1,0.4675,2.3369335e-05
mendeley/extracted/Bangla Audio Dataset Original and DeepFake Voices for AI-Based Voice Analysis and Detection/Dataset/S14M03/Real/5.wav,0,MEN,MEN-S14M03,TG:0f6bba26ba2da7d1,-7.140625,1,0.3841666666666666,0.0007916296
mendeley/extracted/Bangla Audio Dataset Original and DeepFake Voices for AI-Based Voice Analysis and Detection/Dataset/S14M03/Real/6.wav,0,MEN,MEN-S14M03,TG:30600448e8f6a33e,-9.296875,1,0.4841666666666666,9.1701964e-05
mendeley/extracted/Bangla Audio Dataset Original and DeepFake Voices for AI-Based Voice Analysis and Detection/Dataset/S14M03/Real/7.wav,0,MEN,MEN-S14M03,TG:5008d9f4bdd80229,-12.9375,1,0.5341666666666667,2.4061026e-06
mendeley/extracted/Bangla Audio Dataset Original and DeepFake Voices for AI-Based Voice Analysis and Detection/Dataset/S14M03/Real/8.wav,0,MEN,MEN-S14M03,TG:33180cdc592d15ff,-8.0234375,1,0.3841666666666666,0.00032758433
mendeley/extracted/Bangla Audio Dataset Original and DeepFake Voices for AI-Based Voice Analysis and Detection/Dataset/S14M03/Real/9.wav,0,MEN,MEN-S14M03,TG:c3296e2a9dc3f70a,-11.734375,1,0.5675,8.0135e-06
mendeley/extracted/Bangla Audio Dataset Original and DeepFake Voices for AI-Based Voice Analysis and Detection/Dataset/S14M04/Fake/1.wav,1,MEN,MEN-S14M04,TG:554ac7bf8ebb78f9,4.4765625,1,0.4908333333333333,0.9887554
mendeley/extracted/Bangla Audio Dataset Original and DeepFake Voices for AI-Based Voice Analysis and Detection/Dataset/S14M04/Fake/10.wav,1,MEN,MEN-S14M04,TG:8b54a89dd6208789,-12.15625,1,0.5308333333333333,5.255396e-06
mendeley/extracted/Bangla Audio Dataset Original and DeepFake Voices for AI-Based Voice Analysis and Detection/Dataset/S14M04/Fake/11.wav,1,MEN,MEN-S14M04,TG:187c8b79a216637f,1.171875,1,0.5475,0.7634837
mendeley/extracted/Bangla Audio Dataset Original and DeepFake Voices for AI-Based Voice Analysis and Detection/Dataset/S14M04/Fake/12.wav,1,MEN,MEN-S14M04,TG:a3f48c98819c7992,-5.234375,1,0.4241666666666667,0.005301895
mendeley/extracted/Bangla Audio Dataset Original and DeepFake Voices for AI-Based Voice Analysis and Detection/Dataset/S14M04/Fake/13.wav,1,MEN,MEN-S14M04,TG:1ca2e7b216e9ad9c,-11.1875,1,0.5625,1.3846005e-05
mendeley/extracted/Bangla Audio Dataset Original and DeepFake Voices for AI-Based Voice Analysis and Detection/Dataset/S14M04/Fake/14.wav,1,MEN,MEN-S14M04,TG:d596eeae600d9af9,1.6923828,1,0.4841666666666666,0.84453726
mendeley/extracted/Bangla Audio Dataset Original and DeepFake Voices for AI-Based Voice Analysis and Detection/Dataset/S14M04/Fake/15.wav,1,MEN,MEN-S14M04,TG:6ce41462058809da,-7.0234375,1,0.4841666666666666,0.0008899656
mendeley/extracted/Bangla Audio Dataset Original and DeepFake Voices for AI-Based Voice Analysis and Detection/Dataset/S14M04/Fake/16.wav,1,MEN,MEN-S14M04,TG:0314a002a6d89cd5,-10.453125,1,0.4708333333333333,2.8857117e-05
mendeley/extracted/Bangla Audio Dataset Original and DeepFake Voices for AI-Based Voice Analysis and Detection/Dataset/S14M04/Fake/17.wav,1,MEN,MEN-S14M04,TG:ba557f5c9351a956,-6.03125,1,0.4825,0.002396731
mendeley/extracted/Bangla Audio Dataset Original and DeepFake Voices for AI-Based Voice Analysis and Detection/Dataset/S14M04/Fake/18.wav,1,MEN,MEN-S14M04,TG:819cb431f0380259,-6.9179688,1,0.3558333333333333,0.0009888597
mendeley/extracted/Bangla Audio Dataset Original and DeepFake Voices for AI-Based Voice Analysis and Detection/Dataset/S14M04/Fake/19.wav,1,MEN,MEN-S14M04,TG:e146e568c1caae0e,-6.4023438,1,0.3625,0.0016549242
mendeley/extracted/Bangla Audio Dataset Original and DeepFake Voices for AI-Based Voice Analysis and Detection/Dataset/S14M04/Fake/2.wav,1,MEN,MEN-S14M04,TG:11aa99bdc903f9ab,-2.5449219,1,0.4475,0.07276838
mendeley/extracted/Bangla Audio Dataset Original and DeepFake Voices for AI-Based Voice Analysis and Detection/Dataset/S14M04/Fake/20.wav,1,MEN,MEN-S14M04,TG:3c3b71398788e916,-2.9492188,1,0.4708333333333333,0.049773447
mendeley/extracted/Bangla Audio Dataset Original and DeepFake Voices for AI-Based Voice Analysis and Detection/Dataset/S14M04/Fake/21.wav,1,MEN,MEN-S14M04,TG:cfaf18d164b6d815,-6.4453125,1,0.5275000000000001,0.0015854306
mendeley/extracted/Bangla Audio Dataset Original and DeepFake Voices for AI-Based Voice Analysis and Detection/Dataset/S14M04/Fake/22.wav,1,MEN,MEN-S14M04,TG:3e4341aa023d4a7a,-6.4257812,1,0.4941666666666666,0.0016166499
mendeley/extracted/Bangla Audio Dataset Original and DeepFake Voices for AI-Based Voice Analysis and Detection/Dataset/S14M04/Fake/23.wav,1,MEN,MEN-S14M04,TG:7a8d04572a454b40,-2.0859375,1,0.2441666666666666,0.11047116
mendeley/extracted/Bangla Audio Dataset Original and DeepFake Voices for AI-Based Voice Analysis and Detection/Dataset/S14M04/Fake/24.wav,1,MEN,MEN-S14M04,TG:1b34ee3dbf78ac83,-3.8359375,1,0.4125,0.021125194
mendeley/extracted/Bangla Audio Dataset Original and DeepFake Voices for AI-Based Voice Analysis and Detection/Dataset/S14M04/Fake/25.wav,1,MEN,MEN-S14M04,TG:bfab293024be8394,-0.7973633,1,0.4175,0.31058982
mendeley/extracted/Bangla Audio Dataset Original and DeepFake Voices for AI-Based Voice Analysis and Detection/Dataset/S14M04/Fake/26.wav,1,MEN,MEN-S14M04,TG:e4f3081165f64146,-9.40625,1,0.5775,8.22019e-05
mendeley/extracted/Bangla Audio Dataset Original and DeepFake Voices for AI-Based Voice Analysis and Detection/Dataset/S14M04/Fake/27.wav,1,MEN,MEN-S14M04,TG:48f08dcc529ee60c,-7.984375,1,0.4641666666666666,0.00034062934
mendeley/extracted/Bangla Audio Dataset Original and DeepFake Voices for AI-Based Voice Analysis and Detection/Dataset/S14M04/Fake/28.wav,1,MEN,MEN-S14M04,TG:c52489fd7002d612,6.9804688,1,0.5974999999999999,0.999071
mendeley/extracted/Bangla Audio Dataset Original and DeepFake Voices for AI-Based Voice Analysis and Detection/Dataset/S14M04/Fake/29.wav,1,MEN,MEN-S14M04,TG:f0d66e66e0df7a92,0.7607422,1,0.5275000000000001,0.68151486
mendeley/extracted/Bangla Audio Dataset Original and DeepFake Voices for AI-Based Voice Analysis and Detection/Dataset/S14M04/Fake/3.wav,1,MEN,MEN-S14M04,TG:1713efff55beeeec,1.84375,1,0.4991666666666666,0.86339164
mendeley/extracted/Bangla Audio Dataset Original and DeepFake Voices for AI-Based Voice Analysis and Detection/Dataset/S14M04/Fake/30.wav,1,MEN,MEN-S14M04,TG:15ee6219b5d4aefc,3.4570312,1,0.3974999999999999,0.9694401
mendeley/extracted/Bangla Audio Dataset Original and DeepFake Voices for AI-Based Voice Analysis and Detection/Dataset/S14M04/Fake/4.wav,1,MEN,MEN-S14M04,TG:6a90890ed8f3955f,-2.015625,1,0.4758333333333333,0.117572136
mendeley/extracted/Bangla Audio Dataset Original and DeepFake Voices for AI-Based Voice Analysis and Detection/Dataset/S14M04/Fake/5.wav,1,MEN,MEN-S14M04,TG:0f6bba26ba2da7d1,-10.1015625,1,0.3874999999999999,4.1013736e-05
mendeley/extracted/Bangla Audio Dataset Original and DeepFake Voices for AI-Based Voice Analysis and Detection/Dataset/S14M04/Fake/6.wav,1,MEN,MEN-S14M04,TG:30600448e8f6a33e,-6.9648438,1,0.3808333333333333,0.00094361923
mendeley/extracted/Bangla Audio Dataset Original and DeepFake Voices for AI-Based Voice Analysis and Detection/Dataset/S14M04/Fake/7.wav,1,MEN,MEN-S14M04,TG:5008d9f4bdd80229,-7.328125,1,0.5241666666666667,0.00065637287
mendeley/extracted/Bangla Audio Dataset Original and DeepFake Voices for AI-Based Voice Analysis and Detection/Dataset/S14M04/Fake/8.wav,1,MEN,MEN-S14M04,TG:33180cdc592d15ff,-8.7421875,1,0.3208333333333333,0.00015967865
mendeley/extracted/Bangla Audio Dataset Original and DeepFake Voices for AI-Based Voice Analysis and Detection/Dataset/S14M04/Fake/9.wav,1,MEN,MEN-S14M04,TG:c3296e2a9dc3f70a,-6.4375,1,0.5108333333333333,0.0015978456
mendeley/extracted/Bangla Audio Dataset Original and DeepFake Voices for AI-Based Voice Analysis and Detection/Dataset/S14M04/Real/1.wav,0,MEN,MEN-S14M04,TG:554ac7bf8ebb78f9,-0.42871094,1,0.3841666666666666,0.39443418
mendeley/extracted/Bangla Audio Dataset Original and DeepFake Voices for AI-Based Voice Analysis and Detection/Dataset/S14M04/Real/10.wav,0,MEN,MEN-S14M04,TG:8b54a89dd6208789,-1.7207031,1,0.4008333333333334,0.15178062
mendeley/extracted/Bangla Audio Dataset Original and DeepFake Voices for AI-Based Voice Analysis and Detection/Dataset/S14M04/Real/11.wav,0,MEN,MEN-S14M04,TG:187c8b79a216637f,-14.3046875,1,0.3508333333333333,6.1313045e-07
mendeley/extracted/Bangla Audio Dataset Original and DeepFake Voices for AI-Based Voice Analysis and Detection/Dataset/S14M04/Real/12.wav,0,MEN,MEN-S14M04,TG:a3f48c98819c7992,-11.6015625,1,0.4175,9.151693e-06
mendeley/extracted/Bangla Audio Dataset Original and DeepFake Voices for AI-Based Voice Analysis and Detection/Dataset/S14M04/Real/13.wav,0,MEN,MEN-S14M04,TG:1ca2e7b216e9ad9c,-14.203125,1,0.3841666666666666,6.786735e-07
mendeley/extracted/Bangla Audio Dataset Original and DeepFake Voices for AI-Based Voice Analysis and Detection/Dataset/S14M04/Real/14.wav,0,MEN,MEN-S14M04,TG:d596eeae600d9af9,-13.078125,1,0.4175,2.0904586e-06
mendeley/extracted/Bangla Audio Dataset Original and DeepFake Voices for AI-Based Voice Analysis and Detection/Dataset/S14M04/Real/15.wav,0,MEN,MEN-S14M04,TG:6ce41462058809da,-17.203125,1,0.4508333333333333,3.3789185e-08
mendeley/extracted/Bangla Audio Dataset Original and DeepFake Voices for AI-Based Voice Analysis and Detection/Dataset/S14M04/Real/16.wav,0,MEN,MEN-S14M04,TG:0314a002a6d89cd5,-12.5625,1,0.3508333333333333,3.5008547e-06
mendeley/extracted/Bangla Audio Dataset Original and DeepFake Voices for AI-Based Voice Analysis and Detection/Dataset/S14M04/Real/17.wav,0,MEN,MEN-S14M04,TG:ba557f5c9351a956,-16.265625,1,0.4008333333333334,8.628371e-08
mendeley/extracted/Bangla Audio Dataset Original and DeepFake Voices for AI-Based Voice Analysis and Detection/Dataset/S14M04/Real/18.wav,0,MEN,MEN-S14M04,TG:819cb431f0380259,-9.8515625,1,0.3841666666666666,5.266206e-05
mendeley/extracted/Bangla Audio Dataset Original and DeepFake Voices for AI-Based Voice Analysis and Detection/Dataset/S14M04/Real/19.wav,0,MEN,MEN-S14M04,TG:e146e568c1caae0e,-10.3125,1,0.3508333333333333,3.3214194e-05
mendeley/extracted/Bangla Audio Dataset Original and DeepFake Voices for AI-Based Voice Analysis and Detection/Dataset/S14M04/Real/2.wav,0,MEN,MEN-S14M04,TG:11aa99bdc903f9ab,-6.2617188,1,0.3508333333333333,0.0019043302
mendeley/extracted/Bangla Audio Dataset Original and DeepFake Voices for AI-Based Voice Analysis and Detection/Dataset/S14M04/Real/20.wav,0,MEN,MEN-S14M04,TG:3c3b71398788e916,-8.3359375,1,0.3675,0.00023968688
mendeley/extracted/Bangla Audio Dataset Original and DeepFake Voices for AI-Based Voice Analysis and Detection/Dataset/S14M04/Real/21.wav,0,MEN,MEN-S14M04,TG:cfaf18d164b6d815,-24.09375,1,0.3341666666666666,3.4372994e-11
mendeley/extracted/Bangla Audio Dataset Original and DeepFake Voices for AI-Based Voice Analysis and Detection/Dataset/S14M04/Real/22.wav,0,MEN,MEN-S14M04,TG:3e4341aa023d4a7a,-11.1640625,1,0.3675,1.4174349e-05
mendeley/extracted/Bangla Audio Dataset Original and DeepFake Voices for AI-Based Voice Analysis and Detection/Dataset/S14M04/Real/23.wav,0,MEN,MEN-S14M04,TG:7a8d04572a454b40,-12.75,1,0.4341666666666667,2.902312e-06
mendeley/extracted/Bangla Audio Dataset Original and DeepFake Voices for AI-Based Voice Analysis and Detection/Dataset/S14M04/Real/24.wav,0,MEN,MEN-S14M04,TG:1b34ee3dbf78ac83,-16.828125,1,0.3841666666666666,4.916298e-08
mendeley/extracted/Bangla Audio Dataset Original and DeepFake Voices for AI-Based Voice Analysis and Detection/Dataset/S14M04/Real/25.wav,0,MEN,MEN-S14M04,TG:bfab293024be8394,-16.765625,1,0.3341666666666666,5.2333718e-08
mendeley/extracted/Bangla Audio Dataset Original and DeepFake Voices for AI-Based Voice Analysis and Detection/Dataset/S14M04/Real/26.wav,0,MEN,MEN-S14M04,TG:e4f3081165f64146,-21.21875,1,0.4675,6.092759e-10
mendeley/extracted/Bangla Audio Dataset Original and DeepFake Voices for AI-Based Voice Analysis and Detection/Dataset/S14M04/Real/27.wav,0,MEN,MEN-S14M04,TG:48f08dcc529ee60c,-18.515625,1,0.3841666666666666,9.0942365e-09
mendeley/extracted/Bangla Audio Dataset Original and DeepFake Voices for AI-Based Voice Analysis and Detection/Dataset/S14M04/Real/28.wav,0,MEN,MEN-S14M04,TG:c52489fd7002d612,-11.90625,1,0.3841666666666666,6.748052e-06
mendeley/extracted/Bangla Audio Dataset Original and DeepFake Voices for AI-Based Voice Analysis and Detection/Dataset/S14M04/Real/29.wav,0,MEN,MEN-S14M04,TG:f0d66e66e0df7a92,-16.125,1,0.3508333333333333,9.931194e-08
mendeley/extracted/Bangla Audio Dataset Original and DeepFake Voices for AI-Based Voice Analysis and Detection/Dataset/S14M04/Real/3.wav,0,MEN,MEN-S14M04,TG:1713efff55beeeec,-7.46875,1,0.3841666666666666,0.0005703157
mendeley/extracted/Bangla Audio Dataset Original and DeepFake Voices for AI-Based Voice Analysis and Detection/Dataset/S14M04/Real/30.wav,0,MEN,MEN-S14M04,TG:15ee6219b5d4aefc,-13.7578125,1,0.4508333333333333,1.059394e-06
mendeley/extracted/Bangla Audio Dataset Original and DeepFake Voices for AI-Based Voice Analysis and Detection/Dataset/S14M04/Real/4.wav,0,MEN,MEN-S14M04,TG:6a90890ed8f3955f,-0.095336914,1,0.3675,0.4761838
mendeley/extracted/Bangla Audio Dataset Original and DeepFake Voices for AI-Based Voice Analysis and Detection/Dataset/S14M04/Real/5.wav,0,MEN,MEN-S14M04,TG:0f6bba26ba2da7d1,-7.4453125,1,0.3675,0.0005838325
mendeley/extracted/Bangla Audio Dataset Original and DeepFake Voices for AI-Based Voice Analysis and Detection/Dataset/S14M04/Real/6.wav,0,MEN,MEN-S14M04,TG:30600448e8f6a33e,-3.2773438,1,0.3008333333333333,0.036356665
mendeley/extracted/Bangla Audio Dataset Original and DeepFake Voices for AI-Based Voice Analysis and Detection/Dataset/S14M04/Real/7.wav,0,MEN,MEN-S14M04,TG:5008d9f4bdd80229,6.3984375,1,0.4175,0.9983386
mendeley/extracted/Bangla Audio Dataset Original and DeepFake Voices for AI-Based Voice Analysis and Detection/Dataset/S14M04/Real/8.wav,0,MEN,MEN-S14M04,TG:33180cdc592d15ff,-4.3515625,1,0.3341666666666666,0.012722708
mendeley/extracted/Bangla Audio Dataset Original and DeepFake Voices for AI-Based Voice Analysis and Detection/Dataset/S14M04/Real/9.wav,0,MEN,MEN-S14M04,TG:c3296e2a9dc3f70a,-5.6953125,1,0.3675,0.0033504236
mendeley/extracted/Bangla Audio Dataset Original and DeepFake Voices for AI-Based Voice Analysis and Detection/Dataset/S14M05/Fake/1.wav,1,MEN,MEN-S14M05,TG:554ac7bf8ebb78f9,-4.5742188,1,0.4941666666666666,0.010209055
mendeley/extracted/Bangla Audio Dataset Original and DeepFake Voices for AI-Based Voice Analysis and Detection/Dataset/S14M05/Fake/10.wav,1,MEN,MEN-S14M05,TG:8b54a89dd6208789,-10.5234375,1,0.5375,2.6897846e-05
mendeley/extracted/Bangla Audio Dataset Original and DeepFake Voices for AI-Based Voice Analysis and Detection/Dataset/S14M05/Fake/11.wav,1,MEN,MEN-S14M05,TG:187c8b79a216637f,-6.8789062,1,0.5041666666666667,0.0010282109
mendeley/extracted/Bangla Audio Dataset Original and DeepFake Voices for AI-Based Voice Analysis and Detection/Dataset/S14M05/Fake/12.wav,1,MEN,MEN-S14M05,TG:a3f48c98819c7992,3.3144531,1,0.4208333333333333,0.9649213
mendeley/extracted/Bangla Audio Dataset Original and DeepFake Voices for AI-Based Voice Analysis and Detection/Dataset/S14M05/Fake/13.wav,1,MEN,MEN-S14M05,TG:1ca2e7b216e9ad9c,-7.40625,1,0.5375,0.00060707564
mendeley/extracted/Bangla Audio Dataset Original and DeepFake Voices for AI-Based Voice Analysis and Detection/Dataset/S14M05/Fake/14.wav,1,MEN,MEN-S14M05,TG:d596eeae600d9af9,1.6201172,1,0.4358333333333333,0.8348113
mendeley/extracted/Bangla Audio Dataset Original and DeepFake Voices for AI-Based Voice Analysis and Detection/Dataset/S14M05/Fake/15.wav,1,MEN,MEN-S14M05,TG:6ce41462058809da,-5.046875,1,0.4591666666666666,0.0063883206
mendeley/extracted/Bangla Audio Dataset Original and DeepFake Voices for AI-Based Voice Analysis and Detection/Dataset/S14M05/Fake/16.wav,1,MEN,MEN-S14M05,TG:0314a002a6d89cd5,-9.3359375,1,0.4041666666666667,8.818924e-05
mendeley/extracted/Bangla Audio Dataset Original and DeepFake Voices for AI-Based Voice Analysis and Detection/Dataset/S14M05/Fake/17.wav,1,MEN,MEN-S14M05,TG:ba557f5c9351a956,-3.1914062,1,0.4941666666666666,0.039490405
mendeley/extracted/Bangla Audio Dataset Original and DeepFake Voices for AI-Based Voice Analysis and Detection/Dataset/S14M05/Fake/18.wav,1,MEN,MEN-S14M05,TG:819cb431f0380259,-2.8398438,1,0.4441666666666667,0.055208683
mendeley/extracted/Bangla Audio Dataset Original and DeepFake Voices for AI-Based Voice Analysis and Detection/Dataset/S14M05/Fake/19.wav,1,MEN,MEN-S14M05,TG:e146e568c1caae0e,-3.4140625,1,0.3708333333333333,0.031858854
mendeley/extracted/Bangla Audio Dataset Original and DeepFake Voices for AI-Based Voice Analysis and Detection/Dataset/S14M05/Fake/2.wav,1,MEN,MEN-S14M05,TG:11aa99bdc903f9ab,-7.1835938,1,0.4525,0.00075835997
mendeley/extracted/Bangla Audio Dataset Original and DeepFake Voices for AI-Based Voice Analysis and Detection/Dataset/S14M05/Fake/20.wav,1,MEN,MEN-S14M05,TG:3c3b71398788e916,-11.59375,1,0.4691666666666666,9.2234695e-06
mendeley/extracted/Bangla Audio Dataset Original and DeepFake Voices for AI-Based Voice Analysis and Detection/Dataset/S14M05/Fake/21.wav,1,MEN,MEN-S14M05,TG:cfaf18d164b6d815,-3.5917969,1,0.5341666666666667,0.026810195
mendeley/extracted/Bangla Audio Dataset Original and DeepFake Voices for AI-Based Voice Analysis and Detection/Dataset/S14M05/Fake/22.wav,1,MEN,MEN-S14M05,TG:3e4341aa023d4a7a,-8.6015625,1,0.5125,0.00018378458
mendeley/extracted/Bangla Audio Dataset Original and DeepFake Voices for AI-Based Voice Analysis and Detection/Dataset/S14M05/Fake/23.wav,1,MEN,MEN-S14M05,TG:7a8d04572a454b40,-6.34375,1,0.2925,0.0017546144
mendeley/extracted/Bangla Audio Dataset Original and DeepFake Voices for AI-Based Voice Analysis and Detection/Dataset/S14M05/Fake/24.wav,1,MEN,MEN-S14M05,TG:1b34ee3dbf78ac83,-7.1796875,1,0.4325,0.0007613258
mendeley/extracted/Bangla Audio Dataset Original and DeepFake Voices for AI-Based Voice Analysis and Detection/Dataset/S14M05/Fake/25.wav,1,MEN,MEN-S14M05,TG:bfab293024be8394,-5.4492188,1,0.4308333333333333,0.0042812545
mendeley/extracted/Bangla Audio Dataset Original and DeepFake Voices for AI-Based Voice Analysis and Detection/Dataset/S14M05/Fake/26.wav,1,MEN,MEN-S14M05,TG:e4f3081165f64146,-6.8789062,1,0.5508333333333333,0.0010282109
mendeley/extracted/Bangla Audio Dataset Original and DeepFake Voices for AI-Based Voice Analysis and Detection/Dataset/S14M05/Fake/27.wav,1,MEN,MEN-S14M05,TG:48f08dcc529ee60c,-10.828125,1,0.4758333333333333,1.9833367e-05
mendeley/extracted/Bangla Audio Dataset Original and DeepFake Voices for AI-Based Voice Analysis and Detection/Dataset/S14M05/Fake/28.wav,1,MEN,MEN-S14M05,TG:c52489fd7002d612,6.9960938,1,0.5525,0.9990854
mendeley/extracted/Bangla Audio Dataset Original and DeepFake Voices for AI-Based Voice Analysis and Detection/Dataset/S14M05/Fake/29.wav,1,MEN,MEN-S14M05,TG:f0d66e66e0df7a92,-6.9296875,1,0.5108333333333333,0.0009773503
mendeley/extracted/Bangla Audio Dataset Original and DeepFake Voices for AI-Based Voice Analysis and Detection/Dataset/S14M05/Fake/3.wav,1,MEN,MEN-S14M05,TG:1713efff55beeeec,-0.7397461,1,0.5108333333333333,0.32305968
mendeley/extracted/Bangla Audio Dataset Original and DeepFake Voices for AI-Based Voice Analysis and Detection/Dataset/S14M05/Fake/30.wav,1,MEN,MEN-S14M05,TG:15ee6219b5d4aefc,-0.77783203,1,0.3441666666666666,0.31478733
mendeley/extracted/Bangla Audio Dataset Original and DeepFake Voices for AI-Based Voice Analysis and Detection/Dataset/S14M05/Fake/4.wav,1,MEN,MEN-S14M05,TG:6a90890ed8f3955f,-5.3398438,1,0.5441666666666667,0.0047737225
mendeley/extracted/Bangla Audio Dataset Original and DeepFake Voices for AI-Based Voice Analysis and Detection/Dataset/S14M05/Fake/5.wav,1,MEN,MEN-S14M05,TG:0f6bba26ba2da7d1,-3.0917969,1,0.3774999999999999,0.0434469
mendeley/extracted/Bangla Audio Dataset Original and DeepFake Voices for AI-Based Voice Analysis and Detection/Dataset/S14M05/Fake/6.wav,1,MEN,MEN-S14M05,TG:30600448e8f6a33e,-2.0859375,1,0.3874999999999999,0.11047116
mendeley/extracted/Bangla Audio Dataset Original and DeepFake Voices for AI-Based Voice Analysis and Detection/Dataset/S14M05/Fake/7.wav,1,MEN,MEN-S14M05,TG:5008d9f4bdd80229,-1.828125,1,0.5708333333333333,0.1384618
mendeley/extracted/Bangla Audio Dataset Original and DeepFake Voices for AI-Based Voice Analysis and Detection/Dataset/S14M05/Fake/8.wav,1,MEN,MEN-S14M05,TG:33180cdc592d15ff,-0.19311523,1,0.4041666666666667,0.45187065
mendeley/extracted/Bangla Audio Dataset Original and DeepFake Voices for AI-Based Voice Analysis and Detection/Dataset/S14M05/Fake/9.wav,1,MEN,MEN-S14M05,TG:c3296e2a9dc3f70a,-2.1015625,1,0.5358333333333334,0.10894506
mendeley/extracted/Bangla Audio Dataset Original and DeepFake Voices for AI-Based Voice Analysis and Detection/Dataset/S14M05/Real/1.wav,0,MEN,MEN-S14M05,TG:554ac7bf8ebb78f9,4.3554688,1,0.4675,0.9873262
mendeley/extracted/Bangla Audio Dataset Original and DeepFake Voices for AI-Based Voice Analysis and Detection/Dataset/S14M05/Real/10.wav,0,MEN,MEN-S14M05,TG:8b54a89dd6208789,-9.4765625,1,0.5008333333333334,7.662102e-05
mendeley/extracted/Bangla Audio Dataset Original and DeepFake Voices for AI-Based Voice Analysis and Detection/Dataset/S14M05/Real/11.wav,0,MEN,MEN-S14M05,TG:187c8b79a216637f,4.6445312,1,0.5175000000000001,0.99047756
mendeley/extracted/Bangla Audio Dataset Original and DeepFake Voices for AI-Based Voice Analysis and Detection/Dataset/S14M05/Real/12.wav,0,MEN,MEN-S14M05,TG:a3f48c98819c7992,-10.09375,1,0.5175000000000001,4.13354e-05
mendeley/extracted/Bangla Audio Dataset Original and DeepFake Voices for AI-Based Voice Analysis and Detection/Dataset/S14M05/Real/13.wav,0,MEN,MEN-S14M05,TG:1ca2e7b216e9ad9c,-2.9375,1,0.4508333333333333,0.05033063
mendeley/extracted/Bangla Audio Dataset Original and DeepFake Voices for AI-Based Voice Analysis and Detection/Dataset/S14M05/Real/14.wav,0,MEN,MEN-S14M05,TG:d596eeae600d9af9,0.8261719,1,0.4175,0.6955449
mendeley/extracted/Bangla Audio Dataset Original and DeepFake Voices for AI-Based Voice Analysis and Detection/Dataset/S14M05/Real/15.wav,0,MEN,MEN-S14M05,TG:6ce41462058809da,-14.8515625,1,0.4675,3.548528e-07
mendeley/extracted/Bangla Audio Dataset Original and DeepFake Voices for AI-Based Voice Analysis and Detection/Dataset/S14M05/Real/16.wav,0,MEN,MEN-S14M05,TG:0314a002a6d89cd5,-5.6835938,1,0.4508333333333333,0.0033897832
mendeley/extracted/Bangla Audio Dataset Original and DeepFake Voices for AI-Based Voice Analysis and Detection/Dataset/S14M05/Real/17.wav,0,MEN,MEN-S14M05,TG:ba557f5c9351a956,-9.859375,1,0.5175000000000001,5.2252268e-05
mendeley/extracted/Bangla Audio Dataset Original and DeepFake Voices for AI-Based Voice Analysis and Detection/Dataset/S14M05/Real/18.wav,0,MEN,MEN-S14M05,TG:819cb431f0380259,-9.0625,1,0.4508333333333333,0.000115919334
mendeley/extracted/Bangla Audio Dataset Original and DeepFake Voices for AI-Based Voice Analysis and Detection/Dataset/S14M05/Real/19.wav,0,MEN,MEN-S14M05,TG:e146e568c1caae0e,-12.0546875,1,0.3841666666666666,5.8171895e-06
mendeley/extracted/Bangla Audio Dataset Original and DeepFake Voices for AI-Based Voice Analysis and Detection/Dataset/S14M05/Real/2.wav,0,MEN,MEN-S14M05,TG:11aa99bdc903f9ab,-8.796875,1,0.5175000000000001,0.00015118199
mendeley/extracted/Bangla Audio Dataset Original and DeepFake Voices for AI-Based Voice Analysis and Detection/Dataset/S14M05/Real/20.wav,0,MEN,MEN-S14M05,TG:3c3b71398788e916,-12.8046875,1,0.5008333333333334,2.7478543e-06
mendeley/extracted/Bangla Audio Dataset Original and DeepFake Voices for AI-Based Voice Analysis and Detection/Dataset/S14M05/Real/21.wav,0,MEN,MEN-S14M05,TG:cfaf18d164b6d815,1.1279297,1,0.5008333333333334,0.7554566
mendeley/extracted/Bangla Audio Dataset Original and DeepFake Voices for AI-Based Voice Analysis and Detection/Dataset/S14M05/Real/22.wav,0,MEN,MEN-S14M05,TG:3e4341aa023d4a7a,-7.7773438,1,0.4675,0.00041894842
mendeley/extracted/Bangla Audio Dataset Original and DeepFake Voices for AI-Based Voice Analysis and Detection/Dataset/S14M05/Real/23.wav,0,MEN,MEN-S14M05,TG:7a8d04572a454b40,-7.6210938,1,0.5008333333333334,0.0004897656
mendeley/extracted/Bangla Audio Dataset Original and DeepFake Voices for AI-Based Voice Analysis and Detection/Dataset/S14M05/Real/24.wav,0,MEN,MEN-S14M05,TG:1b34ee3dbf78ac83,-11.2890625,1,0.3675,1.2508841e-05
mendeley/extracted/Bangla Audio Dataset Original and DeepFake Voices for AI-Based Voice Analysis and Detection/Dataset/S14M05/Real/25.wav,0,MEN,MEN-S14M05,TG:bfab293024be8394,-10.3125,1,0.3508333333333333,3.3214194e-05
mendeley/extracted/Bangla Audio Dataset Original and DeepFake Voices for AI-Based Voice Analysis and Detection/Dataset/S14M05/Real/26.wav,0,MEN,MEN-S14M05,TG:e4f3081165f64146,1.5185547,1,0.5008333333333334,0.82032555
mendeley/extracted/Bangla Audio Dataset Original and DeepFake Voices for AI-Based Voice Analysis and Detection/Dataset/S14M05/Real/27.wav,0,MEN,MEN-S14M05,TG:48f08dcc529ee60c,-7.2460938,1,0.4341666666666667,0.000712446
mendeley/extracted/Bangla Audio Dataset Original and DeepFake Voices for AI-Based Voice Analysis and Detection/Dataset/S14M05/Real/28.wav,0,MEN,MEN-S14M05,TG:c52489fd7002d612,-5.65625,1,0.5008333333333334,0.0034834242
mendeley/extracted/Bangla Audio Dataset Original and DeepFake Voices for AI-Based Voice Analysis and Detection/Dataset/S14M05/Real/29.wav,0,MEN,MEN-S14M05,TG:f0d66e66e0df7a92,4.4179688,1,0.3675,0.988085
mendeley/extracted/Bangla Audio Dataset Original and DeepFake Voices for AI-Based Voice Analysis and Detection/Dataset/S14M05/Real/3.wav,0,MEN,MEN-S14M05,TG:1713efff55beeeec,-12.828125,1,0.6008333333333333,2.6842006e-06
mendeley/extracted/Bangla Audio Dataset Original and DeepFake Voices for AI-Based Voice Analysis and Detection/Dataset/S14M05/Real/30.wav,0,MEN,MEN-S14M05,TG:15ee6219b5d4aefc,-10.7109375,1,0.3675,2.2299198e-05
mendeley/extracted/Bangla Audio Dataset Original and DeepFake Voices for AI-Based Voice Analysis and Detection/Dataset/S14M05/Real/4.wav,0,MEN,MEN-S14M05,TG:6a90890ed8f3955f,-11.125,1,0.5008333333333334,1.4738983e-05
mendeley/extracted/Bangla Audio Dataset Original and DeepFake Voices for AI-Based Voice Analysis and Detection/Dataset/S14M05/Real/5.wav,0,MEN,MEN-S14M05,TG:0f6bba26ba2da7d1,-9.2421875,1,0.4841666666666666,9.6856085e-05
mendeley/extracted/Bangla Audio Dataset Original and DeepFake Voices for AI-Based Voice Analysis and Detection/Dataset/S14M05/Real/6.wav,0,MEN,MEN-S14M05,TG:30600448e8f6a33e,-5.6132812,1,0.3508333333333333,0.0036358084
mendeley/extracted/Bangla Audio Dataset Original and DeepFake Voices for AI-Based Voice Analysis and Detection/Dataset/S14M05/Real/7.wav,0,MEN,MEN-S14M05,TG:5008d9f4bdd80229,-1.6494141,1,0.5008333333333334,0.16118816
mendeley/extracted/Bangla Audio Dataset Original and DeepFake Voices for AI-Based Voice Analysis and Detection/Dataset/S14M05/Real/8.wav,0,MEN,MEN-S14M05,TG:33180cdc592d15ff,-6.7929688,1,0.4008333333333334,0.0011203773
mendeley/extracted/Bangla Audio Dataset Original and DeepFake Voices for AI-Based Voice Analysis and Detection/Dataset/S14M05/Real/9.wav,0,MEN,MEN-S14M05,TG:c3296e2a9dc3f70a,-7.953125,1,0.4841666666666666,0.00035143827
mendeley/extracted/Bangla Audio Dataset Original and DeepFake Voices for AI-Based Voice Analysis and Detection/Dataset/S15F01/Fake/1.wav,1,MEN,MEN-S15F01,TG:7cde72383f2577d5,-15.9140625,1,0.5408333333333333,1.2263388e-07
mendeley/extracted/Bangla Audio Dataset Original and DeepFake Voices for AI-Based Voice Analysis and Detection/Dataset/S15F01/Fake/10.wav,1,MEN,MEN-S15F01,TG:e0e70a0638fc6f97,-3.8398438,1,0.5275000000000001,0.021044567
mendeley/extracted/Bangla Audio Dataset Original and DeepFake Voices for AI-Based Voice Analysis and Detection/Dataset/S15F01/Fake/11.wav,1,MEN,MEN-S15F01,TG:57413348d842a70d,-10.1875,1,0.4925,3.7636448e-05
mendeley/extracted/Bangla Audio Dataset Original and DeepFake Voices for AI-Based Voice Analysis and Detection/Dataset/S15F01/Fake/12.wav,1,MEN,MEN-S15F01,TG:2a803e07ad46d5c2,-10.125,1,0.4775,4.0063696e-05
mendeley/extracted/Bangla Audio Dataset Original and DeepFake Voices for AI-Based Voice Analysis and Detection/Dataset/S15F01/Fake/13.wav,1,MEN,MEN-S15F01,TG:5c21d947a8657c9f,-12.1015625,1,0.5458333333333334,5.550802e-06
mendeley/extracted/Bangla Audio Dataset Original and DeepFake Voices for AI-Based Voice Analysis and Detection/Dataset/S15F01/Fake/14.wav,1,MEN,MEN-S15F01,TG:2d3ba8e149e931db,-9.7734375,1,0.5341666666666667,5.694103e-05
mendeley/extracted/Bangla Audio Dataset Original and DeepFake Voices for AI-Based Voice Analysis and Detection/Dataset/S15F01/Fake/15.wav,1,MEN,MEN-S15F01,TG:3d0c9b90dd636b05,-14.9140625,1,0.3941666666666666,3.3335337e-07
mendeley/extracted/Bangla Audio Dataset Original and DeepFake Voices for AI-Based Voice Analysis and Detection/Dataset/S15F01/Fake/16.wav,1,MEN,MEN-S15F01,TG:835a2229be98dadf,-11.234375,1,0.4558333333333333,1.32119585e-05
mendeley/extracted/Bangla Audio Dataset Original and DeepFake Voices for AI-Based Voice Analysis and Detection/Dataset/S15F01/Fake/17.wav,1,MEN,MEN-S15F01,TG:feba50ba85a1ba08,-14.90625,1,0.5158333333333334,3.3596785e-07
mendeley/extracted/Bangla Audio Dataset Original and DeepFake Voices for AI-Based Voice Analysis and Detection/Dataset/S15F01/Fake/18.wav,1,MEN,MEN-S15F01,TG:d8eb3171b7a6a33b,-10.0,1,0.6225,4.539787e-05
mendeley/extracted/Bangla Audio Dataset Original and DeepFake Voices for AI-Based Voice Analysis and Detection/Dataset/S15F01/Fake/19.wav,1,MEN,MEN-S15F01,TG:a5e8c7f1e51636dc,-13.2578125,1,0.4141666666666667,1.746644e-06
mendeley/extracted/Bangla Audio Dataset Original and DeepFake Voices for AI-Based Voice Analysis and Detection/Dataset/S15F01/Fake/2.wav,1,MEN,MEN-S15F01,TG:a6f69864408b9071,-8.40625,1,0.4008333333333334,0.00022341634
mendeley/extracted/Bangla Audio Dataset Original and DeepFake Voices for AI-Based Voice Analysis and Detection/Dataset/S15F01/Fake/20.wav,1,MEN,MEN-S15F01,TG:9426037c3514ba5e,-10.40625,1,0.4925,3.024196e-05
mendeley/extracted/Bangla Audio Dataset Original and DeepFake Voices for AI-Based Voice Analysis and Detection/Dataset/S15F01/Fake/21.wav,1,MEN,MEN-S15F01,TG:e0ce6b84c16d1ca7,-14.09375,1,0.5875,7.5711495e-07
mendeley/extracted/Bangla Audio Dataset Original and DeepFake Voices for AI-Based Voice Analysis and Detection/Dataset/S15F01/Fake/22.wav,1,MEN,MEN-S15F01,TG:d8d1aa4cc233d982,-13.375,1,0.5275000000000001,1.5534976e-06
mendeley/extracted/Bangla Audio Dataset Original and DeepFake Voices for AI-Based Voice Analysis and Detection/Dataset/S15F01/Fake/23.wav,1,MEN,MEN-S15F01,TG:6c85555d30e57a51,-8.8203125,1,0.4041666666666667,0.00014768037
mendeley/extracted/Bangla Audio Dataset Original and DeepFake Voices for AI-Based Voice Analysis and Detection/Dataset/S15F01/Fake/24.wav,1,MEN,MEN-S15F01,TG:64d212587b02f93b,-6.5390625,1,0.4908333333333333,0.0014437558
mendeley/extracted/Bangla Audio Dataset Original and DeepFake Voices for AI-Based Voice Analysis and Detection/Dataset/S15F01/Fake/25.wav,1,MEN,MEN-S15F01,TG:5797f71db21fe749,-5.7539062,1,0.4191666666666667,0.003160353
mendeley/extracted/Bangla Audio Dataset Original and DeepFake Voices for AI-Based Voice Analysis and Detection/Dataset/S15F01/Fake/26.wav,1,MEN,MEN-S15F01,TG:d3dc3aa303de9710,-3.9726562,1,0.6425000000000001,0.018475596
mendeley/extracted/Bangla Audio Dataset Original and DeepFake Voices for AI-Based Voice Analysis and Detection/Dataset/S15F01/Fake/27.wav,1,MEN,MEN-S15F01,TG:3c2f522a40b2526e,2.1855469,1,0.5791666666666666,0.8989441
mendeley/extracted/Bangla Audio Dataset Original and DeepFake Voices for AI-Based Voice Analysis and Detection/Dataset/S15F01/Fake/28.wav,1,MEN,MEN-S15F01,TG:4f9d2742e8afd15d,-7.5117188,1,0.5458333333333334,0.00054634205
mendeley/extracted/Bangla Audio Dataset Original and DeepFake Voices for AI-Based Voice Analysis and Detection/Dataset/S15F01/Fake/29.wav,1,MEN,MEN-S15F01,TG:f7be3e37759f090e,-11.21875,1,0.4641666666666666,1.3420014e-05
mendeley/extracted/Bangla Audio Dataset Original and DeepFake Voices for AI-Based Voice Analysis and Detection/Dataset/S15F01/Fake/3.wav,1,MEN,MEN-S15F01,TG:62cf48bac7954805,-13.6875,1,0.5825,1.1365637e-06
mendeley/extracted/Bangla Audio Dataset Original and DeepFake Voices for AI-Based Voice Analysis and Detection/Dataset/S15F01/Fake/30.wav,1,MEN,MEN-S15F01,TG:88f39ecf44831133,-13.3046875,1,0.5225,1.6666595e-06
mendeley/extracted/Bangla Audio Dataset Original and DeepFake Voices for AI-Based Voice Analysis and Detection/Dataset/S15F01/Fake/4.wav,1,MEN,MEN-S15F01,TG:439556f39c264ae7,-9.515625,1,0.3758333333333333,7.368594e-05
mendeley/extracted/Bangla Audio Dataset Original and DeepFake Voices for AI-Based Voice Analysis and Detection/Dataset/S15F01/Fake/5.wav,1,MEN,MEN-S15F01,TG:b27516115fd20a37,1.9267578,1,0.5341666666666667,0.8728902
mendeley/extracted/Bangla Audio Dataset Original and DeepFake Voices for AI-Based Voice Analysis and Detection/Dataset/S15F01/Fake/6.wav,1,MEN,MEN-S15F01,TG:b639ce41aa1cab36,-5.71875,1,0.5158333333333334,0.0032730652
mendeley/extracted/Bangla Audio Dataset Original and DeepFake Voices for AI-Based Voice Analysis and Detection/Dataset/S15F01/Fake/7.wav,1,MEN,MEN-S15F01,TG:88f1ee35a861b6a6,-10.5859375,1,0.5258333333333334,2.5268228e-05
mendeley/extracted/Bangla Audio Dataset Original and DeepFake Voices for AI-Based Voice Analysis and Detection/Dataset/S15F01/Fake/8.wav,1,MEN,MEN-S15F01,TG:be9f02f19ba8fc75,-10.53125,1,0.4541666666666667,2.6688529e-05
mendeley/extracted/Bangla Audio Dataset Original and DeepFake Voices for AI-Based Voice Analysis and Detection/Dataset/S15F01/Fake/9.wav,1,MEN,MEN-S15F01,TG:c88f5e1ef15aa62a,-14.25,1,0.3408333333333333,6.475948e-07
mendeley/extracted/Bangla Audio Dataset Original and DeepFake Voices for AI-Based Voice Analysis and Detection/Dataset/S15F01/Real/1.wav,0,MEN,MEN-S15F01,TG:7cde72383f2577d5,-22.46875,1,0.6908333333333334,1.7456045e-10
mendeley/extracted/Bangla Audio Dataset Original and DeepFake Voices for AI-Based Voice Analysis and Detection/Dataset/S15F01/Real/10.wav,0,MEN,MEN-S15F01,TG:e0e70a0638fc6f97,-17.859375,1,0.6241666666666666,1.7529599e-08
mendeley/extracted/Bangla Audio Dataset Original and DeepFake Voices for AI-Based Voice Analysis and Detection/Dataset/S15F01/Real/11.wav,0,MEN,MEN-S15F01,TG:57413348d842a70d,-16.3125,1,0.6125,8.2332484e-08
mendeley/extracted/Bangla Audio Dataset Original and DeepFake Voices for AI-Based Voice Analysis and Detection/Dataset/S15F01/Real/12.wav,0,MEN,MEN-S15F01,TG:2a803e07ad46d5c2,-22.015625,1,0.6141666666666667,2.7462213e-10
mendeley/extracted/Bangla Audio Dataset Original and DeepFake Voices for AI-Based Voice Analysis and Detection/Dataset/S15F01/Real/13.wav,0,MEN,MEN-S15F01,TG:5c21d947a8657c9f,-13.046875,1,0.6675,2.1568167e-06
mendeley/extracted/Bangla Audio Dataset Original and DeepFake Voices for AI-Based Voice Analysis and Detection/Dataset/S15F01/Real/14.wav,0,MEN,MEN-S15F01,TG:2d3ba8e149e931db,-20.75,1,0.6408333333333334,9.7362e-10
mendeley/extracted/Bangla Audio Dataset Original and DeepFake Voices for AI-Based Voice Analysis and Detection/Dataset/S15F01/Real/15.wav,0,MEN,MEN-S15F01,TG:3d0c9b90dd636b05,-18.5625,1,0.5358333333333334,8.677781e-09
mendeley/extracted/Bangla Audio Dataset Original and DeepFake Voices for AI-Based Voice Analysis and Detection/Dataset/S15F01/Real/16.wav,0,MEN,MEN-S15F01,TG:835a2229be98dadf,-15.296875,1,0.5691666666666666,2.2732723e-07
mendeley/extracted/Bangla Audio Dataset Original and DeepFake Voices for AI-Based Voice Analysis and Detection/Dataset/S15F01/Real/17.wav,0,MEN,MEN-S15F01,TG:feba50ba85a1ba08,-14.2578125,1,0.6491666666666667,6.425552e-07
mendeley/extracted/Bangla Audio Dataset Original and DeepFake Voices for AI-Based Voice Analysis and Detection/Dataset/S15F01/Real/18.wav,0,MEN,MEN-S15F01,TG:d8eb3171b7a6a33b,-16.125,1,0.6725,9.931194e-08
mendeley/extracted/Bangla Audio Dataset Original and DeepFake Voices for AI-Based Voice Analysis and Detection/Dataset/S15F01/Real/19.wav,0,MEN,MEN-S15F01,TG:a5e8c7f1e51636dc,-16.578125,1,0.5525,6.3126514e-08
mendeley/extracted/Bangla Audio Dataset Original and DeepFake Voices for AI-Based Voice Analysis and Detection/Dataset/S15F01/Real/2.wav,0,MEN,MEN-S15F01,TG:a6f69864408b9071,-17.328125,1,0.6491666666666667,2.9818857e-08
mendeley/extracted/Bangla Audio Dataset Original and DeepFake Voices for AI-Based Voice Analysis and Detection/Dataset/S15F01/Real/20.wav,0,MEN,MEN-S15F01,TG:9426037c3514ba5e,-14.8203125,1,0.6408333333333334,3.66117e-07
mendeley/extracted/Bangla Audio Dataset Original and DeepFake Voices for AI-Based Voice Analysis and Detection/Dataset/S15F01/Real/21.wav,0,MEN,MEN-S15F01,TG:e0ce6b84c16d1ca7,-21.3125,1,0.6708333333333334,5.5475197e-10
mendeley/extracted/Bangla Audio Dataset Original and DeepFake Voices for AI-Based Voice Analysis and Detection/Dataset/S15F01/Real/22.wav,0,MEN,MEN-S15F01,TG:d8d1aa4cc233d982,-17.625,1,0.6308333333333334,2.215949e-08
mendeley/extracted/Bangla Audio Dataset Original and DeepFake Voices for AI-Based Voice Analysis and Detection/Dataset/S15F01/Real/23.wav,0,MEN,MEN-S15F01,TG:6c85555d30e57a51,-14.4296875,1,0.6341666666666667,5.4108574e-07
mendeley/extracted/Bangla Audio Dataset Original and DeepFake Voices for AI-Based Voice Analysis and Detection/Dataset/S15F01/Real/24.wav,0,MEN,MEN-S15F01,TG:64d212587b02f93b,-16.375,1,0.6358333333333333,7.734422e-08
mendeley/extracted/Bangla Audio Dataset Original and DeepFake Voices for AI-Based Voice Analysis and Detection/Dataset/S15F01/Real/25.wav,0,MEN,MEN-S15F01,TG:5797f71db21fe749,-25.328125,1,0.5608333333333333,1.0003112e-11
mendeley/extracted/Bangla Audio Dataset Original and DeepFake Voices for AI-Based Voice Analysis and Detection/Dataset/S15F01/Real/26.wav,0,MEN,MEN-S15F01,TG:d3dc3aa303de9710,-10.734375,1,0.6491666666666667,2.178265e-05
mendeley/extracted/Bangla Audio Dataset Original and DeepFake Voices for AI-Based Voice Analysis and Detection/Dataset/S15F01/Real/27.wav,0,MEN,MEN-S15F01,TG:3c2f522a40b2526e,-9.703125,1,0.6441666666666667,6.108855e-05
mendeley/extracted/Bangla Audio Dataset Original and DeepFake Voices for AI-Based Voice Analysis and Detection/Dataset/S15F01/Real/28.wav,0,MEN,MEN-S15F01,TG:4f9d2742e8afd15d,-17.453125,1,0.6608333333333334,2.6315048e-08
mendeley/extracted/Bangla Audio Dataset Original and DeepFake Voices for AI-Based Voice Analysis and Detection/Dataset/S15F01/Real/29.wav,0,MEN,MEN-S15F01,TG:f7be3e37759f090e,-20.453125,1,0.6258333333333334,1.3101491e-09
mendeley/extracted/Bangla Audio Dataset Original and DeepFake Voices for AI-Based Voice Analysis and Detection/Dataset/S15F01/Real/3.wav,0,MEN,MEN-S15F01,TG:62cf48bac7954805,-16.875,1,0.7241666666666666,4.6911637e-08
mendeley/extracted/Bangla Audio Dataset Original and DeepFake Voices for AI-Based Voice Analysis and Detection/Dataset/S15F01/Real/30.wav,0,MEN,MEN-S15F01,TG:88f39ecf44831133,-20.265625,1,0.6225,1.5803413e-09
mendeley/extracted/Bangla Audio Dataset Original and DeepFake Voices for AI-Based Voice Analysis and Detection/Dataset/S15F01/Real/4.wav,0,MEN,MEN-S15F01,TG:439556f39c264ae7,-19.890625,1,0.5925,2.299383e-09
mendeley/extracted/Bangla Audio Dataset Original and DeepFake Voices for AI-Based Voice Analysis and Detection/Dataset/S15F01/Real/5.wav,0,MEN,MEN-S15F01,TG:b27516115fd20a37,-12.625,1,0.7141666666666666,3.2887488e-06
mendeley/extracted/Bangla Audio Dataset Original and DeepFake Voices for AI-Based Voice Analysis and Detection/Dataset/S15F01/Real/6.wav,0,MEN,MEN-S15F01,TG:b639ce41aa1cab36,-14.921875,1,0.6675,3.3075918e-07
mendeley/extracted/Bangla Audio Dataset Original and DeepFake Voices for AI-Based Voice Analysis and Detection/Dataset/S15F01/Real/7.wav,0,MEN,MEN-S15F01,TG:88f1ee35a861b6a6,-13.5,1,0.6825,1.3709571e-06
mendeley/extracted/Bangla Audio Dataset Original and DeepFake Voices for AI-Based Voice Analysis and Detection/Dataset/S15F01/Real/8.wav,0,MEN,MEN-S15F01,TG:be9f02f19ba8fc75,-16.328125,1,0.6675,8.1056044e-08
mendeley/extracted/Bangla Audio Dataset Original and DeepFake Voices for AI-Based Voice Analysis and Detection/Dataset/S15F01/Real/9.wav,0,MEN,MEN-S15F01,TG:c88f5e1ef15aa62a,-22.921875,1,0.6525000000000001,1.10957375e-10
mendeley/extracted/Bangla Audio Dataset Original and DeepFake Voices for AI-Based Voice Analysis and Detection/Dataset/S15M02/Fake/1.wav,1,MEN,MEN-S15M02,TG:7cde72383f2577d5,-7.0546875,1,0.5308333333333333,0.00086260773
mendeley/extracted/Bangla Audio Dataset Original and DeepFake Voices for AI-Based Voice Analysis and Detection/Dataset/S15M02/Fake/10.wav,1,MEN,MEN-S15M02,TG:e0e70a0638fc6f97,-3.8652344,1,0.4375,0.020527788
mendeley/extracted/Bangla Audio Dataset Original and DeepFake Voices for AI-Based Voice Analysis and Detection/Dataset/S15M02/Fake/11.wav,1,MEN,MEN-S15M02,TG:57413348d842a70d,-5.1523438,1,0.4675,0.005752545
mendeley/extracted/Bangla Audio Dataset Original and DeepFake Voices for AI-Based Voice Analysis and Detection/Dataset/S15M02/Fake/12.wav,1,MEN,MEN-S15M02,TG:2a803e07ad46d5c2,-7.0507812,1,0.4158333333333334,0.000865981
mendeley/extracted/Bangla Audio Dataset Original and DeepFake Voices for AI-Based Voice Analysis and Detection/Dataset/S15M02/Fake/13.wav,1,MEN,MEN-S15M02,TG:5c21d947a8657c9f,-4.0039062,1,0.5208333333333333,0.017917344
mendeley/extracted/Bangla Audio Dataset Original and DeepFake Voices for AI-Based Voice Analysis and Detection/Dataset/S15M02/Fake/14.wav,1,MEN,MEN-S15M02,TG:2d3ba8e149e931db,-6.5234375,1,0.5241666666666667,0.0014664584
mendeley/extracted/Bangla Audio Dataset Original and DeepFake Voices for AI-Based Voice Analysis and Detection/Dataset/S15M02/Fake/15.wav,1,MEN,MEN-S15M02,TG:3d0c9b90dd636b05,-4.9609375,1,0.3008333333333333,0.0069576097
mendeley/extracted/Bangla Audio Dataset Original and DeepFake Voices for AI-Based Voice Analysis and Detection/Dataset/S15M02/Fake/16.wav,1,MEN,MEN-S15M02,TG:835a2229be98dadf,-10.328125,1,0.4508333333333333,3.2699274e-05
mendeley/extracted/Bangla Audio Dataset Original and DeepFake Voices for AI-Based Voice Analysis and Detection/Dataset/S15M02/Fake/17.wav,1,MEN,MEN-S15M02,TG:feba50ba85a1ba08,4.7851562,1,0.4875,0.9917163
mendeley/extracted/Bangla Audio Dataset Original and DeepFake Voices for AI-Based Voice Analysis and Detection/Dataset/S15M02/Fake/18.wav,1,MEN,MEN-S15M02,TG:d8eb3171b7a6a33b,-3.4023438,1,0.5575,0.032222297
mendeley/extracted/Bangla Audio Dataset Original and DeepFake Voices for AI-Based Voice Analysis and Detection/Dataset/S15M02/Fake/19.wav,1,MEN,MEN-S15M02,TG:a5e8c7f1e51636dc,3.3066406,1,0.4024999999999999,0.9646559
mendeley/extracted/Bangla Audio Dataset Original and DeepFake Voices for AI-Based Voice Analysis and Detection/Dataset/S15M02/Fake/2.wav,1,MEN,MEN-S15M02,TG:a6f69864408b9071,1.5263672,1,0.3408333333333333,0.82147413
mendeley/extracted/Bangla Audio Dataset Original and DeepFake Voices for AI-Based Voice Analysis and Detection/Dataset/S15M02/Fake/20.wav,1,MEN,MEN-S15M02,TG:9426037c3514ba5e,-5.7851562,1,0.4841666666666666,0.0030634166
mendeley/extracted/Bangla Audio Dataset Original and DeepFake Voices for AI-Based Voice Analysis and Detection/Dataset/S15M02/Fake/21.wav,1,MEN,MEN-S15M02,TG:e0ce6b84c16d1ca7,-2.9316406,1,0.3508333333333333,0.050611433
mendeley/extracted/Bangla Audio Dataset Original and DeepFake Voices for AI-Based Voice Analysis and Detection/Dataset/S15M02/Fake/22.wav,1,MEN,MEN-S15M02,TG:d8d1aa4cc233d982,3.3769531,1,0.4975,0.96697646
mendeley/extracted/Bangla Audio Dataset Original and DeepFake Voices for AI-Based Voice Analysis and Detection/Dataset/S15M02/Fake/23.wav,1,MEN,MEN-S15M02,TG:6c85555d30e57a51,-7.375,1,0.5341666666666667,0.0006263342
mendeley/extracted/Bangla Audio Dataset Original and DeepFake Voices for AI-Based Voice Analysis and Detection/Dataset/S15M02/Fake/24.wav,1,MEN,MEN-S15M02,TG:64d212587b02f93b,2.5859375,1,0.5325,0.929951
mendeley/extracted/Bangla Audio Dataset Original and DeepFake Voices for AI-Based Voice Analysis and Detection/Dataset/S15M02/Fake/25.wav,1,MEN,MEN-S15M02,TG:5797f71db21fe749,-8.6640625,1,0.3641666666666666,0.00017265156
mendeley/extracted/Bangla Audio Dataset Original and DeepFake Voices for AI-Based Voice Analysis and Detection/Dataset/S15M02/Fake/26.wav,1,MEN,MEN-S15M02,TG:d3dc3aa303de9710,-2.1953125,1,0.5341666666666667,0.100172214
mendeley/extracted/Bangla Audio Dataset Original and DeepFake Voices for AI-Based Voice Analysis and Detection/Dataset/S15M02/Fake/27.wav,1,MEN,MEN-S15M02,TG:3c2f522a40b2526e,-8.5703125,1,0.5375,0.00018961739
mendeley/extracted/Bangla Audio Dataset Original and DeepFake Voices for AI-Based Voice Analysis and Detection/Dataset/S15M02/Fake/28.wav,1,MEN,MEN-S15M02,TG:4f9d2742e8afd15d,5.1953125,1,0.4758333333333333,0.99448806
mendeley/extracted/Bangla Audio Dataset Original and DeepFake Voices for AI-Based Voice Analysis and Detection/Dataset/S15M02/Fake/29.wav,1,MEN,MEN-S15M02,TG:f7be3e37759f090e,-4.46875,1,0.5075000000000001,0.011331755
mendeley/extracted/Bangla Audio Dataset Original and DeepFake Voices for AI-Based Voice Analysis and Detection/Dataset/S15M02/Fake/3.wav,1,MEN,MEN-S15M02,TG:62cf48bac7954805,-7.0039062,1,0.4741666666666666,0.00090750254
mendeley/extracted/Bangla Audio Dataset Original and DeepFake Voices for AI-Based Voice Analysis and Detection/Dataset/S15M02/Fake/30.wav,1,MEN,MEN-S15M02,TG:88f39ecf44831133,2.9101562,1,0.4024999999999999,0.94834626
mendeley/extracted/Bangla Audio Dataset Original and DeepFake Voices for AI-Based Voice Analysis and Detection/Dataset/S15M02/Fake/4.wav,1,MEN,MEN-S15M02,TG:439556f39c264ae7,-1.9267578,1,0.3008333333333333,0.12710989
mendeley/extracted/Bangla Audio Dataset Original and DeepFake Voices for AI-Based Voice Analysis and Detection/Dataset/S15M02/Fake/5.wav,1,MEN,MEN-S15M02,TG:b27516115fd20a37,11.046875,1,0.5258333333333334,0.999984
mendeley/extracted/Bangla Audio Dataset Original and DeepFake Voices for AI-Based Voice Analysis and Detection/Dataset/S15M02/Fake/6.wav,1,MEN,MEN-S15M02,TG:b639ce41aa1cab36,-2.1367188,1,0.5241666666666667,0.10557884
mendeley/extracted/Bangla Audio Dataset Original and DeepFake Voices for AI-Based Voice Analysis and Detection/Dataset/S15M02/Fake/7.wav,1,MEN,MEN-S15M02,TG:88f1ee35a861b6a6,-7.7773438,1,0.3874999999999999,0.00041894842
mendeley/extracted/Bangla Audio Dataset Original and DeepFake Voices for AI-Based Voice Analysis and Detection/Dataset/S15M02/Fake/8.wav,1,MEN,MEN-S15M02,TG:be9f02f19ba8fc75,-3.59375,1,0.4225,0.02675928
mendeley/extracted/Bangla Audio Dataset Original and DeepFake Voices for AI-Based Voice Analysis and Detection/Dataset/S15M02/Fake/9.wav,1,MEN,MEN-S15M02,TG:c88f5e1ef15aa62a,-1.4414062,1,0.5275000000000001,0.19132769
mendeley/extracted/Bangla Audio Dataset Original and DeepFake Voices for AI-Based Voice Analysis and Detection/Dataset/S15M02/Real/1.wav,0,MEN,MEN-S15M02,TG:7cde72383f2577d5,-0.026367188,1,0.3175,0.49340865
mendeley/extracted/Bangla Audio Dataset Original and DeepFake Voices for AI-Based Voice Analysis and Detection/Dataset/S15M02/Real/10.wav,0,MEN,MEN-S15M02,TG:e0e70a0638fc6f97,6.3945312,1,0.3675,0.9983321
mendeley/extracted/Bangla Audio Dataset Original and DeepFake Voices for AI-Based Voice Analysis and Detection/Dataset/S15M02/Real/11.wav,0,MEN,MEN-S15M02,TG:57413348d842a70d,-3.4882812,1,0.3675,0.02964751
mendeley/extracted/Bangla Audio Dataset Original and DeepFake Voices for AI-Based Voice Analysis and Detection/Dataset/S15M02/Real/12.wav,0,MEN,MEN-S15M02,TG:2a803e07ad46d5c2,-1.5009766,1,0.3508333333333333,0.18227991
mendeley/extracted/Bangla Audio Dataset Original and DeepFake Voices for AI-Based Voice Analysis and Detection/Dataset/S15M02/Real/13.wav,0,MEN,MEN-S15M02,TG:5c21d947a8657c9f,-7.5429688,1,0.4175,0.0005295418
mendeley/extracted/Bangla Audio Dataset Original and DeepFake Voices for AI-Based Voice Analysis and Detection/Dataset/S15M02/Real/14.wav,0,MEN,MEN-S15M02,TG:2d3ba8e149e931db,-3.2597656,1,0.3675,0.036977556
mendeley/extracted/Bangla Audio Dataset Original and DeepFake Voices for AI-Based Voice Analysis and Detection/Dataset/S15M02/Real/15.wav,0,MEN,MEN-S15M02,TG:3d0c9b90dd636b05,-5.0664062,1,0.2674999999999999,0.006265533
mendeley/extracted/Bangla Audio Dataset Original and DeepFake Voices for AI-Based Voice Analysis and Detection/Dataset/S15M02/Real/16.wav,0,MEN,MEN-S15M02,TG:835a2229be98dadf,-0.60253906,1,0.3508333333333333,0.35376304
mendeley/extracted/Bangla Audio Dataset Original and DeepFake Voices for AI-Based Voice Analysis and Detection/Dataset/S15M02/Real/17.wav,0,MEN,MEN-S15M02,TG:feba50ba85a1ba08,0.19042969,1,0.3841666666666666,0.5474641
mendeley/extracted/Bangla Audio Dataset Original and DeepFake Voices for AI-Based Voice Analysis and Detection/Dataset/S15M02/Real/18.wav,0,MEN,MEN-S15M02,TG:d8eb3171b7a6a33b,-4.8554688,1,0.4175,0.007725534
mendeley/extracted/Bangla Audio Dataset Original and DeepFake Voices for AI-Based Voice Analysis and Detection/Dataset/S15M02/Real/19.wav,0,MEN,MEN-S15M02,TG:a5e8c7f1e51636dc,-6.1210938,1,0.3508333333333333,0.0021912407
mendeley/extracted/Bangla Audio Dataset Original and DeepFake Voices for AI-Based Voice Analysis and Detection/Dataset/S15M02/Real/2.wav,0,MEN,MEN-S15M02,TG:a6f69864408b9071,-0.92578125,1,0.3341666666666666,0.28378138
mendeley/extracted/Bangla Audio Dataset Original and DeepFake Voices for AI-Based Voice Analysis and Detection/Dataset/S15M02/Real/20.wav,0,MEN,MEN-S15M02,TG:9426037c3514ba5e,-5.3320312,1,0.4008333333333334,0.0048109833
mendeley/extracted/Bangla Audio Dataset Original and DeepFake Voices for AI-Based Voice Analysis and Detection/Dataset/S15M02/Real/21.wav,0,MEN,MEN-S15M02,TG:e0ce6b84c16d1ca7,-6.0625,1,0.4508333333333333,0.0023231625
mendeley/extracted/Bangla Audio Dataset Original and DeepFake Voices for AI-Based Voice Analysis and Detection/Dataset/S15M02/Real/22.wav,0,MEN,MEN-S15M02,TG:d8d1aa4cc233d982,-5.03125,1,0.2674999999999999,0.0064882697
mendeley/extracted/Bangla Audio Dataset Original and DeepFake Voices for AI-Based Voice Analysis and Detection/Dataset/S15M02/Real/23.wav,0,MEN,MEN-S15M02,TG:6c85555d30e57a51,-13.5625,1,0.4341666666666667,1.2878953e-06
mendeley/extracted/Bangla Audio Dataset Original and DeepFake Voices for AI-Based Voice Analysis and Detection/Dataset/S15M02/Real/24.wav,0,MEN,MEN-S15M02,TG:64d212587b02f93b,8.640625,1,0.3841666666666666,0.9998233
mendeley/extracted/Bangla Audio Dataset Original and DeepFake Voices for AI-Based Voice Analysis and Detection/Dataset/S15M02/Real/25.wav,0,MEN,MEN-S15M02,TG:5797f71db21fe749,-7.4414062,1,0.3841666666666666,0.00058611616
mendeley/extracted/Bangla Audio Dataset Original and DeepFake Voices for AI-Based Voice Analysis and Detection/Dataset/S15M02/Real/26.wav,0,MEN,MEN-S15M02,TG:d3dc3aa303de9710,-5.78125,1,0.3675,0.0030753696
mendeley/extracted/Bangla Audio Dataset Original and DeepFake Voices for AI-Based Voice Analysis and Detection/Dataset/S15M02/Real/27.wav,0,MEN,MEN-S15M02,TG:3c2f522a40b2526e,-5.5742188,1,0.3841666666666666,0.0037800956
mendeley/extracted/Bangla Audio Dataset Original and DeepFake Voices for AI-Based Voice Analysis and Detection/Dataset/S15M02/Real/28.wav,0,MEN,MEN-S15M02,TG:4f9d2742e8afd15d,-4.1875,1,0.3675,0.014957086
mendeley/extracted/Bangla Audio Dataset Original and DeepFake Voices for AI-Based Voice Analysis and Detection/Dataset/S15M02/Real/29.wav,0,MEN,MEN-S15M02,TG:f7be3e37759f090e,-8.375,1,0.4341666666666667,0.0002305067
mendeley/extracted/Bangla Audio Dataset Original and DeepFake Voices for AI-Based Voice Analysis and Detection/Dataset/S15M02/Real/3.wav,0,MEN,MEN-S15M02,TG:62cf48bac7954805,-9.671875,1,0.3341666666666666,6.302758e-05
mendeley/extracted/Bangla Audio Dataset Original and DeepFake Voices for AI-Based Voice Analysis and Detection/Dataset/S15M02/Real/30.wav,0,MEN,MEN-S15M02,TG:88f39ecf44831133,-4.7304688,1,0.4008333333333334,0.008745182
mendeley/extracted/Bangla Audio Dataset Original and DeepFake Voices for AI-Based Voice Analysis and Detection/Dataset/S15M02/Real/4.wav,0,MEN,MEN-S15M02,TG:439556f39c264ae7,-3.9023438,1,0.2674999999999999,0.019794779
mendeley/extracted/Bangla Audio Dataset Original and DeepFake Voices for AI-Based Voice Analysis and Detection/Dataset/S15M02/Real/5.wav,0,MEN,MEN-S15M02,TG:b27516115fd20a37,1.1542969,1,0.3841666666666666,0.7602949
mendeley/extracted/Bangla Audio Dataset Original and DeepFake Voices for AI-Based Voice Analysis and Detection/Dataset/S15M02/Real/6.wav,0,MEN,MEN-S15M02,TG:b639ce41aa1cab36,-2.9882812,1,0.3508333333333333,0.047958102
mendeley/extracted/Bangla Audio Dataset Original and DeepFake Voices for AI-Based Voice Analysis and Detection/Dataset/S15M02/Real/7.wav,0,MEN,MEN-S15M02,TG:88f1ee35a861b6a6,-2.9160156,1,0.3675,0.05136751
mendeley/extracted/Bangla Audio Dataset Original and DeepFake Voices for AI-Based Voice Analysis and Detection/Dataset/S15M02/Real/8.wav,0,MEN,MEN-S15M02,TG:be9f02f19ba8fc75,-11.578125,1,0.3675,9.368717e-06
mendeley/extracted/Bangla Audio Dataset Original and DeepFake Voices for AI-Based Voice Analysis and Detection/Dataset/S15M02/Real/9.wav,0,MEN,MEN-S15M02,TG:c88f5e1ef15aa62a,4.3945312,1,0.3341666666666666,0.98780584
mendeley/extracted/Bangla Audio Dataset Original and DeepFake Voices for AI-Based Voice Analysis and Detection/Dataset/S15M03/Fake/1.wav,1,MEN,MEN-S15M03,TG:7cde72383f2577d5,-3.3027344,1,0.5158333333333334,0.035477504
mendeley/extracted/Bangla Audio Dataset Original and DeepFake Voices for AI-Based Voice Analysis and Detection/Dataset/S15M03/Fake/10.wav,1,MEN,MEN-S15M03,TG:e0e70a0638fc6f97,-8.9296875,1,0.4375,0.00013238186
mendeley/extracted/Bangla Audio Dataset Original and DeepFake Voices for AI-Based Voice Analysis and Detection/Dataset/S15M03/Fake/11.wav,1,MEN,MEN-S15M03,TG:57413348d842a70d,-13.8359375,1,0.4808333333333333,9.797793e-07
mendeley/extracted/Bangla Audio Dataset Original and DeepFake Voices for AI-Based Voice Analysis and Detection/Dataset/S15M03/Fake/12.wav,1,MEN,MEN-S15M03,TG:2a803e07ad46d5c2,-4.9140625,1,0.3958333333333333,0.007289077
mendeley/extracted/Bangla Audio Dataset Original and DeepFake Voices for AI-Based Voice Analysis and Detection/Dataset/S15M03/Fake/13.wav,1,MEN,MEN-S15M03,TG:5c21d947a8657c9f,-8.6015625,1,0.5241666666666667,0.00018378458
mendeley/extracted/Bangla Audio Dataset Original and DeepFake Voices for AI-Based Voice Analysis and Detection/Dataset/S15M03/Fake/14.wav,1,MEN,MEN-S15M03,TG:2d3ba8e149e931db,-4.4921875,1,0.4091666666666667,0.01107216
mendeley/extracted/Bangla Audio Dataset Original and DeepFake Voices for AI-Based Voice Analysis and Detection/Dataset/S15M03/Fake/15.wav,1,MEN,MEN-S15M03,TG:3d0c9b90dd636b05,-8.6484375,1,0.3208333333333333,0.00017536993
mendeley/extracted/Bangla Audio Dataset Original and DeepFake Voices for AI-Based Voice Analysis and Detection/Dataset/S15M03/Fake/16.wav,1,MEN,MEN-S15M03,TG:835a2229be98dadf,-14.671875,1,0.4725,4.247031e-07
mendeley/extracted/Bangla Audio Dataset Original and DeepFake Voices for AI-Based Voice Analysis and Detection/Dataset/S15M03/Fake/17.wav,1,MEN,MEN-S15M03,TG:feba50ba85a1ba08,7.0820312,1,0.5108333333333333,0.99916065
mendeley/extracted/Bangla Audio Dataset Original and DeepFake Voices for AI-Based Voice Analysis and Detection/Dataset/S15M03/Fake/18.wav,1,MEN,MEN-S15M03,TG:d8eb3171b7a6a33b,-11.8046875,1,0.5675,7.469407e-06
mendeley/extracted/Bangla Audio Dataset Original and DeepFake Voices for AI-Based Voice Analysis and Detection/Dataset/S15M03/Fake/19.wav,1,MEN,MEN-S15M03,TG:a5e8c7f1e51636dc,-3.8808594,1,0.4275,0.020215968
mendeley/extracted/Bangla Audio Dataset Original and DeepFake Voices for AI-Based Voice Analysis and Detection/Dataset/S15M03/Fake/2.wav,1,MEN,MEN-S15M03,TG:a6f69864408b9071,2.7402344,1,0.3725,0.9393595
mendeley/extracted/Bangla Audio Dataset Original and DeepFake Voices for AI-Based Voice Analysis and Detection/Dataset/S15M03/Fake/20.wav,1,MEN,MEN-S15M03,TG:9426037c3514ba5e,-9.6015625,1,0.5158333333333334,6.761842e-05
mendeley/extracted/Bangla Audio Dataset Original and DeepFake Voices for AI-Based Voice Analysis and Detection/Dataset/S15M03/Fake/21.wav,1,MEN,MEN-S15M03,TG:e0ce6b84c16d1ca7,-7.7070312,1,0.3341666666666666,0.00044945232
mendeley/extracted/Bangla Audio Dataset Original and DeepFake Voices for AI-Based Voice Analysis and Detection/Dataset/S15M03/Fake/22.wav,1,MEN,MEN-S15M03,TG:d8d1aa4cc233d982,-10.5546875,1,0.4608333333333333,2.6070305e-05
mendeley/extracted/Bangla Audio Dataset Original and DeepFake Voices for AI-Based Voice Analysis and Detection/Dataset/S15M03/Fake/23.wav,1,MEN,MEN-S15M03,TG:6c85555d30e57a51,-6.171875,1,0.4908333333333333,0.0020829707
mendeley/extracted/Bangla Audio Dataset Original and DeepFake Voices for AI-Based Voice Analysis and Detection/Dataset/S15M03/Fake/24.wav,1,MEN,MEN-S15M03,TG:64d212587b02f93b,-1.7148438,1,0.5508333333333333,0.15253651
mendeley/extracted/Bangla Audio Dataset Original and DeepFake Voices for AI-Based Voice Analysis and Detection/Dataset/S15M03/Fake/25.wav,1,MEN,MEN-S15M03,TG:5797f71db21fe749,-4.1914062,1,0.3325,0.014899643
mendeley/extracted/Bangla Audio Dataset Original and DeepFake Voices for AI-Based Voice Analysis and Detection/Dataset/S15M03/Fake/26.wav,1,MEN,MEN-S15M03,TG:d3dc3aa303de9710,-0.68115234,1,0.5441666666666667,0.33600414
mendeley/extracted/Bangla Audio Dataset Original and DeepFake Voices for AI-Based Voice Analysis and Detection/Dataset/S15M03/Fake/27.wav,1,MEN,MEN-S15M03,TG:3c2f522a40b2526e,-3.6875,1,0.5125,0.02442309
mendeley/extracted/Bangla Audio Dataset Original and DeepFake Voices for AI-Based Voice Analysis and Detection/Dataset/S15M03/Fake/28.wav,1,MEN,MEN-S15M03,TG:4f9d2742e8afd15d,-6.0273438,1,0.4641666666666666,0.0024060889
mendeley/extracted/Bangla Audio Dataset Original and DeepFake Voices for AI-Based Voice Analysis and Detection/Dataset/S15M03/Fake/29.wav,1,MEN,MEN-S15M03,TG:f7be3e37759f090e,-8.4453125,1,0.4875,0.00021485923
mendeley/extracted/Bangla Audio Dataset Original and DeepFake Voices for AI-Based Voice Analysis and Detection/Dataset/S15M03/Fake/3.wav,1,MEN,MEN-S15M03,TG:62cf48bac7954805,-10.453125,1,0.3991666666666666,2.8857117e-05
mendeley/extracted/Bangla Audio Dataset Original and DeepFake Voices for AI-Based Voice Analysis and Detection/Dataset/S15M03/Fake/30.wav,1,MEN,MEN-S15M03,TG:88f39ecf44831133,-8.9375,1,0.4341666666666667,0.0001313518
mendeley/extracted/Bangla Audio Dataset Original and DeepFake Voices for AI-Based Voice Analysis and Detection/Dataset/S15M03/Fake/4.wav,1,MEN,MEN-S15M03,TG:439556f39c264ae7,-7.0273438,1,0.2941666666666667,0.0008864989
mendeley/extracted/Bangla Audio Dataset Original and DeepFake Voices for AI-Based Voice Analysis and Detection/Dataset/S15M03/Fake/5.wav,1,MEN,MEN-S15M03,TG:b27516115fd20a37,4.6523438,1,0.5141666666666667,0.9905509
mendeley/extracted/Bangla Audio Dataset Original and DeepFake Voices for AI-Based Voice Analysis and Detection/Dataset/S15M03/Fake/6.wav,1,MEN,MEN-S15M03,TG:b639ce41aa1cab36,-6.4648438,1,0.3874999999999999,0.0015548132
mendeley/extracted/Bangla Audio Dataset Original and DeepFake Voices for AI-Based Voice Analysis and Detection/Dataset/S15M03/Fake/7.wav,1,MEN,MEN-S15M03,TG:88f1ee35a861b6a6,-11.0390625,1,0.4008333333333334,1.6061611e-05
mendeley/extracted/Bangla Audio Dataset Original and DeepFake Voices for AI-Based Voice Analysis and Detection/Dataset/S15M03/Fake/8.wav,1,MEN,MEN-S15M03,TG:be9f02f19ba8fc75,-9.78125,1,0.3658333333333333,5.6497935e-05
mendeley/extracted/Bangla Audio Dataset Original and DeepFake Voices for AI-Based Voice Analysis and Detection/Dataset/S15M03/Fake/9.wav,1,MEN,MEN-S15M03,TG:c88f5e1ef15aa62a,-8.6640625,1,0.4841666666666666,0.00017265156
mendeley/extracted/Bangla Audio Dataset Original and DeepFake Voices for AI-Based Voice Analysis and Detection/Dataset/S15M03/Real/1.wav,0,MEN,MEN-S15M03,TG:7cde72383f2577d5,-3.4355469,1,0.4691666666666666,0.03120282
mendeley/extracted/Bangla Audio Dataset Original and DeepFake Voices for AI-Based Voice Analysis and Detection/Dataset/S15M03/Real/10.wav,0,MEN,MEN-S15M03,TG:e0e70a0638fc6f97,0.21569824,1,0.4858333333333333,0.5537165
mendeley/extracted/Bangla Audio Dataset Original and DeepFake Voices for AI-Based Voice Analysis and Detection/Dataset/S15M03/Real/11.wav,0,MEN,MEN-S15M03,TG:57413348d842a70d,0.9873047,1,0.4858333333333333,0.7285552
mendeley/extracted/Bangla Audio Dataset Original and DeepFake Voices for AI-Based Voice Analysis and Detection/Dataset/S15M03/Real/12.wav,0,MEN,MEN-S15M03,TG:2a803e07ad46d5c2,6.2851562,1,0.4541666666666667,0.99813974
mendeley/extracted/Bangla Audio Dataset Original and DeepFake Voices for AI-Based Voice Analysis and Detection/Dataset/S15M03/Real/13.wav,0,MEN,MEN-S15M03,TG:5c21d947a8657c9f,6.0820312,1,0.4875,0.9977216
mendeley/extracted/Bangla Audio Dataset Original and DeepFake Voices for AI-Based Voice Analysis and Detection/Dataset/S15M03/Real/14.wav,0,MEN,MEN-S15M03,TG:2d3ba8e149e931db,-6.8007812,1,0.4691666666666666,0.0011116682
mendeley/extracted/Bangla Audio Dataset Original and DeepFake Voices for AI-Based Voice Analysis and Detection/Dataset/S15M03/Real/15.wav,0,MEN,MEN-S15M03,TG:3d0c9b90dd636b05,1.6142578,1,0.3708333333333333,0.8340017
mendeley/extracted/Bangla Audio Dataset Original and DeepFake Voices for AI-Based Voice Analysis and Detection/Dataset/S15M03/Real/16.wav,0,MEN,MEN-S15M03,TG:835a2229be98dadf,3.9238281,1,0.4358333333333333,0.9806178
mendeley/extracted/Bangla Audio Dataset Original and DeepFake Voices for AI-Based Voice Analysis and Detection/Dataset/S15M03/Real/17.wav,0,MEN,MEN-S15M03,TG:feba50ba85a1ba08,6.4648438,1,0.5025,0.9984452
mendeley/extracted/Bangla Audio Dataset Original and DeepFake Voices for AI-Based Voice Analysis and Detection/Dataset/S15M03/Real/18.wav,0,MEN,MEN-S15M03,TG:d8eb3171b7a6a33b,5.7109375,1,0.5025,0.9967013
mendeley/extracted/Bangla Audio Dataset Original and DeepFake Voices for AI-Based Voice Analysis and Detection/Dataset/S15M03/Real/19.wav,0,MEN,MEN-S15M03,TG:a5e8c7f1e51636dc,2.2539062,1,0.5025,0.9049869
mendeley/extracted/Bangla Audio Dataset Original and DeepFake Voices for AI-Based Voice Analysis and Detection/Dataset/S15M03/Real/2.wav,0,MEN,MEN-S15M03,TG:a6f69864408b9071,5.2773438,1,0.4875,0.99491996
mendeley/extracted/Bangla Audio Dataset Original and DeepFake Voices for AI-Based Voice Analysis and Detection/Dataset/S15M03/Real/20.wav,0,MEN,MEN-S15M03,TG:9426037c3514ba5e,6.1328125,1,0.5375,0.99783427
mendeley/extracted/Bangla Audio Dataset Original and DeepFake Voices for AI-Based Voice Analysis and Detection/Dataset/S15M03/Real/21.wav,0,MEN,MEN-S15M03,TG:e0ce6b84c16d1ca7,4.5742188,1,0.4691666666666666,0.989791
mendeley/extracted/Bangla Audio Dataset Original and DeepFake Voices for AI-Based Voice Analysis and Detection/Dataset/S15M03/Real/22.wav,0,MEN,MEN-S15M03,TG:d8d1aa4cc233d982,4.0507812,1,0.5025,0.9828892
mendeley/extracted/Bangla Audio Dataset Original and DeepFake Voices for AI-Based Voice Analysis and Detection/Dataset/S15M03/Real/23.wav,0,MEN,MEN-S15M03,TG:6c85555d30e57a51,7.6132812,1,0.5708333333333333,0.99950635
mendeley/extracted/Bangla Audio Dataset Original and DeepFake Voices for AI-Based Voice Analysis and Detection/Dataset/S15M03/Real/24.wav,0,MEN,MEN-S15M03,TG:64d212587b02f93b,6.7148438,1,0.4708333333333333,0.9987888
mendeley/extracted/Bangla Audio Dataset Original and DeepFake Voices for AI-Based Voice Analysis and Detection/Dataset/S15M03/Real/25.wav,0,MEN,MEN-S15M03,TG:5797f71db21fe749,-0.4921875,1,0.4375,0.37937838
mendeley/extracted/Bangla Audio Dataset Original and DeepFake Voices for AI-Based Voice Analysis and Detection/Dataset/S15M03/Real/26.wav,0,MEN,MEN-S15M03,TG:d3dc3aa303de9710,6.6289062,1,0.5525,0.9986802
mendeley/extracted/Bangla Audio Dataset Original and DeepFake Voices for AI-Based Voice Analysis and Detection/Dataset/S15M03/Real/27.wav,0,MEN,MEN-S15M03,TG:3c2f522a40b2526e,4.5703125,1,0.5525,0.98975134
mendeley/extracted/Bangla Audio Dataset Original and DeepFake Voices for AI-Based Voice Analysis and Detection/Dataset/S15M03/Real/28.wav,0,MEN,MEN-S15M03,TG:4f9d2742e8afd15d,2.7441406,1,0.4858333333333333,0.9395816
mendeley/extracted/Bangla Audio Dataset Original and DeepFake Voices for AI-Based Voice Analysis and Detection/Dataset/S15M03/Real/29.wav,0,MEN,MEN-S15M03,TG:f7be3e37759f090e,5.9921875,1,0.4875,0.99750805
mendeley/extracted/Bangla Audio Dataset Original and DeepFake Voices for AI-Based Voice Analysis and Detection/Dataset/S15M03/Real/3.wav,0,MEN,MEN-S15M03,TG:62cf48bac7954805,7.140625,1,0.5208333333333333,0.9992084
mendeley/extracted/Bangla Audio Dataset Original and DeepFake Voices for AI-Based Voice Analysis and Detection/Dataset/S15M03/Real/30.wav,0,MEN,MEN-S15M03,TG:88f39ecf44831133,5.8007812,1,0.5041666666666667,0.99698395
mendeley/extracted/Bangla Audio Dataset Original and DeepFake Voices for AI-Based Voice Analysis and Detection/Dataset/S15M03/Real/4.wav,0,MEN,MEN-S15M03,TG:439556f39c264ae7,4.59375,1,0.3858333333333333,0.98998636
mendeley/extracted/Bangla Audio Dataset Original and DeepFake Voices for AI-Based Voice Analysis and Detection/Dataset/S15M03/Real/5.wav,0,MEN,MEN-S15M03,TG:b27516115fd20a37,1.8564453,1,0.5208333333333333,0.86488205
mendeley/extracted/Bangla Audio Dataset Original and DeepFake Voices for AI-Based Voice Analysis and Detection/Dataset/S15M03/Real/6.wav,0,MEN,MEN-S15M03,TG:b639ce41aa1cab36,7.7070312,1,0.4875,0.9995505
mendeley/extracted/Bangla Audio Dataset Original and DeepFake Voices for AI-Based Voice Analysis and Detection/Dataset/S15M03/Real/7.wav,0,MEN,MEN-S15M03,TG:88f1ee35a861b6a6,-9.8203125,1,0.4708333333333333,5.433365e-05
mendeley/extracted/Bangla Audio Dataset Original and DeepFake Voices for AI-Based Voice Analysis and Detection/Dataset/S15M03/Real/8.wav,0,MEN,MEN-S15M03,TG:be9f02f19ba8fc75,5.53125,1,0.4691666666666666,0.99605453
mendeley/extracted/Bangla Audio Dataset Original and DeepFake Voices for AI-Based Voice Analysis and Detection/Dataset/S15M03/Real/9.wav,0,MEN,MEN-S15M03,TG:c88f5e1ef15aa62a,0.7290039,1,0.4541666666666667,0.67458665
mendeley/extracted/Bangla Audio Dataset Original and DeepFake Voices for AI-Based Voice Analysis and Detection/Dataset/S15M04/Fake/1.wav,1,MEN,MEN-S15M04,TG:7cde72383f2577d5,-7.7890625,1,0.5341666666666667,0.0004140695
mendeley/extracted/Bangla Audio Dataset Original and DeepFake Voices for AI-Based Voice Analysis and Detection/Dataset/S15M04/Fake/10.wav,1,MEN,MEN-S15M04,TG:e0e70a0638fc6f97,-4.3476562,1,0.4775,0.012771868
mendeley/extracted/Bangla Audio Dataset Original and DeepFake Voices for AI-Based Voice Analysis and Detection/Dataset/S15M04/Fake/11.wav,1,MEN,MEN-S15M04,TG:57413348d842a70d,-10.0625,1,0.4441666666666667,4.2647473e-05
mendeley/extracted/Bangla Audio Dataset Original and DeepFake Voices for AI-Based Voice Analysis and Detection/Dataset/S15M04/Fake/12.wav,1,MEN,MEN-S15M04,TG:2a803e07ad46d5c2,-7.4257812,1,0.3941666666666666,0.0005953407
mendeley/extracted/Bangla Audio Dataset Original and DeepFake Voices for AI-Based Voice Analysis and Detection/Dataset/S15M04/Fake/13.wav,1,MEN,MEN-S15M04,TG:5c21d947a8657c9f,-6.1523438,1,0.5608333333333333,0.0021239666
mendeley/extracted/Bangla Audio Dataset Original and DeepFake Voices for AI-Based Voice Analysis and Detection/Dataset/S15M04/Fake/14.wav,1,MEN,MEN-S15M04,TG:2d3ba8e149e931db,-10.6328125,1,0.3725,2.411114e-05
mendeley/extracted/Bangla Audio Dataset Original and DeepFake Voices for AI-Based Voice Analysis and Detection/Dataset/S15M04/Fake/15.wav,1,MEN,MEN-S15M04,TG:3d0c9b90dd636b05,-8.8515625,1,0.2791666666666667,0.00014313738
mendeley/extracted/Bangla Audio Dataset Original and DeepFake Voices for AI-Based Voice Analysis and Detection/Dataset/S15M04/Fake/16.wav,1,MEN,MEN-S15M04,TG:835a2229be98dadf,-4.8476562,1,0.3758333333333333,0.007785655
mendeley/extracted/Bangla Audio Dataset Original and DeepFake Voices for AI-Based Voice Analysis and Detection/Dataset/S15M04/Fake/17.wav,1,MEN,MEN-S15M04,TG:feba50ba85a1ba08,4.5976562,1,0.4858333333333333,0.99002504
mendeley/extracted/Bangla Audio Dataset Original and DeepFake Voices for AI-Based Voice Analysis and Detection/Dataset/S15M04/Fake/18.wav,1,MEN,MEN-S15M04,TG:d8eb3171b7a6a33b,-11.5859375,1,0.5325,9.295811e-06
mendeley/extracted/Bangla Audio Dataset Original and DeepFake Voices for AI-Based Voice Analysis and Detection/Dataset/S15M04/Fake/19.wav,1,MEN,MEN-S15M04,TG:a5e8c7f1e51636dc,-4.265625,1,0.4075,0.01384861
mendeley/extracted/Bangla Audio Dataset Original and DeepFake Voices for AI-Based Voice Analysis and Detection/Dataset/S15M04/Fake/2.wav,1,MEN,MEN-S15M04,TG:a6f69864408b9071,-8.703125,1,0.3824999999999999,0.00016603847
mendeley/extracted/Bangla Audio Dataset Original and DeepFake Voices for AI-Based Voice Analysis and Detection/Dataset/S15M04/Fake/20.wav,1,MEN,MEN-S15M04,TG:9426037c3514ba5e,-5.1757812,1,0.5475,0.0056200367
mendeley/extracted/Bangla Audio Dataset Original and DeepFake Voices for AI-Based Voice Analysis and Detection/Dataset/S15M04/Fake/21.wav,1,MEN,MEN-S15M04,TG:e0ce6b84c16d1ca7,-1.2373047,1,0.3575,0.22490549
mendeley/extracted/Bangla Audio Dataset Original and DeepFake Voices for AI-Based Voice Analysis and Detection/Dataset/S15M04/Fake/22.wav,1,MEN,MEN-S15M04,TG:d8d1aa4cc233d982,-10.921875,1,0.4275,1.805852e-05
mendeley/extracted/Bangla Audio Dataset Original and DeepFake Voices for AI-Based Voice Analysis and Detection/Dataset/S15M04/Fake/23.wav,1,MEN,MEN-S15M04,TG:6c85555d30e57a51,-8.6171875,1,0.5175000000000001,0.00018093578
mendeley/extracted/Bangla Audio Dataset Original and DeepFake Voices for AI-Based Voice Analysis and Detection/Dataset/S15M04/Fake/24.wav,1,MEN,MEN-S15M04,TG:64d212587b02f93b,6.0742188,1,0.5575,0.99770385
mendeley/extracted/Bangla Audio Dataset Original and DeepFake Voices for AI-Based Voice Analysis and Detection/Dataset/S15M04/Fake/25.wav,1,MEN,MEN-S15M04,TG:5797f71db21fe749,-8.4765625,1,0.4058333333333334,0.0002082501
mendeley/extracted/Bangla Audio Dataset Original and DeepFake Voices for AI-Based Voice Analysis and Detection/Dataset/S15M04/Fake/26.wav,1,MEN,MEN-S15M04,TG:d3dc3aa303de9710,-7.2460938,1,0.5341666666666667,0.000712446
mendeley/extracted/Bangla Audio Dataset Original and DeepFake Voices for AI-Based Voice Analysis and Detection/Dataset/S15M04/Fake/27.wav,1,MEN,MEN-S15M04,TG:3c2f522a40b2526e,11.203125,1,0.5308333333333333,0.9999864
mendeley/extracted/Bangla Audio Dataset Original and DeepFake Voices for AI-Based Voice Analysis and Detection/Dataset/S15M04/Fake/28.wav,1,MEN,MEN-S15M04,TG:4f9d2742e8afd15d,-11.0703125,1,0.4208333333333333,1.5567455e-05
mendeley/extracted/Bangla Audio Dataset Original and DeepFake Voices for AI-Based Voice Analysis and Detection/Dataset/S15M04/Fake/29.wav,1,MEN,MEN-S15M04,TG:f7be3e37759f090e,-11.78125,1,0.5041666666666667,7.646538e-06
mendeley/extracted/Bangla Audio Dataset Original and DeepFake Voices for AI-Based Voice Analysis and Detection/Dataset/S15M04/Fake/3.wav,1,MEN,MEN-S15M04,TG:62cf48bac7954805,-7.3710938,1,0.4641666666666666,0.00062878407
mendeley/extracted/Bangla Audio Dataset Original and DeepFake Voices for AI-Based Voice Analysis and Detection/Dataset/S15M04/Fake/30.wav,1,MEN,MEN-S15M04,TG:88f39ecf44831133,-9.4609375,1,0.4408333333333333,7.782753e-05
mendeley/extracted/Bangla Audio Dataset Original and DeepFake Voices for AI-Based Voice Analysis and Detection/Dataset/S15M04/Fake/4.wav,1,MEN,MEN-S15M04,TG:439556f39c264ae7,-10.8671875,1,0.2991666666666667,1.907358e-05
mendeley/extracted/Bangla Audio Dataset Original and DeepFake Voices for AI-Based Voice Analysis and Detection/Dataset/S15M04/Fake/5.wav,1,MEN,MEN-S15M04,TG:b27516115fd20a37,8.0234375,1,0.5075000000000001,0.9996724
mendeley/extracted/Bangla Audio Dataset Original and DeepFake Voices for AI-Based Voice Analysis and Detection/Dataset/S15M04/Fake/6.wav,1,MEN,MEN-S15M04,TG:b639ce41aa1cab36,-7.1679688,1,0.4391666666666667,0.0007702932
mendeley/extracted/Bangla Audio Dataset Original and DeepFake Voices for AI-Based Voice Analysis and Detection/Dataset/S15M04/Fake/7.wav,1,MEN,MEN-S15M04,TG:88f1ee35a861b6a6,-2.3769531,1,0.3958333333333333,0.0849471
mendeley/extracted/Bangla Audio Dataset Original and DeepFake Voices for AI-Based Voice Analysis and Detection/Dataset/S15M04/Fake/8.wav,1,MEN,MEN-S15M04,TG:be9f02f19ba8fc75,-12.0703125,1,0.3541666666666666,5.727003e-06
mendeley/extracted/Bangla Audio Dataset Original and DeepFake Voices for AI-Based Voice Analysis and Detection/Dataset/S15M04/Fake/9.wav,1,MEN,MEN-S15M04,TG:c88f5e1ef15aa62a,3.6972656,1,0.4825,0.9758085
mendeley/extracted/Bangla Audio Dataset Original and DeepFake Voices for AI-Based Voice Analysis and Detection/Dataset/S15M04/Real/1.wav,0,MEN,MEN-S15M04,TG:7cde72383f2577d5,0.43774414,1,0.4608333333333333,0.6077214
mendeley/extracted/Bangla Audio Dataset Original and DeepFake Voices for AI-Based Voice Analysis and Detection/Dataset/S15M04/Real/10.wav,0,MEN,MEN-S15M04,TG:e0e70a0638fc6f97,-0.2446289,1,0.3941666666666666,0.43914595
mendeley/extracted/Bangla Audio Dataset Original and DeepFake Voices for AI-Based Voice Analysis and Detection/Dataset/S15M04/Real/11.wav,0,MEN,MEN-S15M04,TG:57413348d842a70d,-1.7265625,1,0.3275,0.1510278
mendeley/extracted/Bangla Audio Dataset Original and DeepFake Voices for AI-Based Voice Analysis and Detection/Dataset/S15M04/Real/12.wav,0,MEN,MEN-S15M04,TG:2a803e07ad46d5c2,-0.45117188,1,0.3941666666666666,0.3890822
mendeley/extracted/Bangla Audio Dataset Original and DeepFake Voices for AI-Based Voice Analysis and Detection/Dataset/S15M04/Real/13.wav,0,MEN,MEN-S15M04,TG:5c21d947a8657c9f,-7.546875,1,0.3941666666666666,0.0005274784
mendeley/extracted/Bangla Audio Dataset Original and DeepFake Voices for AI-Based Voice Analysis and Detection/Dataset/S15M04/Real/14.wav,0,MEN,MEN-S15M04,TG:2d3ba8e149e931db,-7.7070312,1,0.4275,0.00044945232
mendeley/extracted/Bangla Audio Dataset Original and DeepFake Voices for AI-Based Voice Analysis and Detection/Dataset/S15M04/Real/15.wav,0,MEN,MEN-S15M04,TG:3d0c9b90dd636b05,1.7109375,1,0.2774999999999999,0.84695786
mendeley/extracted/Bangla Audio Dataset Original and DeepFake Voices for AI-Based Voice Analysis and Detection/Dataset/S15M04/Real/16.wav,0,MEN,MEN-S15M04,TG:835a2229be98dadf,2.7148438,1,0.3841666666666666,0.9378969
mendeley/extracted/Bangla Audio Dataset Original and DeepFake Voices for AI-Based Voice Analysis and Detection/Dataset/S15M04/Real/17.wav,0,MEN,MEN-S15M04,TG:feba50ba85a1ba08,2.9511719,1,0.3774999999999999,0.9503189
mendeley/extracted/Bangla Audio Dataset Original and DeepFake Voices for AI-Based Voice Analysis and Detection/Dataset/S15M04/Real/18.wav,0,MEN,MEN-S15M04,TG:d8eb3171b7a6a33b,-2.0351562,1,0.4108333333333334,0.115560874
mendeley/extracted/Bangla Audio Dataset Original and DeepFake Voices for AI-Based Voice Analysis and Detection/Dataset/S15M04/Real/19.wav,0,MEN,MEN-S15M04,TG:a5e8c7f1e51636dc,-7.5820312,1,0.3941666666666666,0.0005092657
mendeley/extracted/Bangla Audio Dataset Original and DeepFake Voices for AI-Based Voice Analysis and Detection/Dataset/S15M04/Real/2.wav,0,MEN,MEN-S15M04,TG:a6f69864408b9071,-0.6767578,1,0.3941666666666666,0.33698532
mendeley/extracted/Bangla Audio Dataset Original and DeepFake Voices for AI-Based Voice Analysis and Detection/Dataset/S15M04/Real/20.wav,0,MEN,MEN-S15M04,TG:9426037c3514ba5e,-4.8984375,1,0.4791666666666666,0.0074030138
mendeley/extracted/Bangla Audio Dataset Original and DeepFake Voices for AI-Based Voice Analysis and Detection/Dataset/S15M04/Real/21.wav,0,MEN,MEN-S15M04,TG:e0ce6b84c16d1ca7,-9.640625,1,0.4625,6.5028165e-05
mendeley/extracted/Bangla Audio Dataset Original and DeepFake Voices for AI-Based Voice Analysis and Detection/Dataset/S15M04/Real/22.wav,0,MEN,MEN-S15M04,TG:d8d1aa4cc233d982,-8.3984375,1,0.3941666666666666,0.00022516825
mendeley/extracted/Bangla Audio Dataset Original and DeepFake Voices for AI-Based Voice Analysis and Detection/Dataset/S15M04/Real/23.wav,0,MEN,MEN-S15M04,TG:6c85555d30e57a51,-11.2421875,1,0.4825,1.3109143e-05
mendeley/extracted/Bangla Audio Dataset Original and DeepFake Voices for AI-Based Voice Analysis and Detection/Dataset/S15M04/Real/24.wav,0,MEN,MEN-S15M04,TG:64d212587b02f93b,-4.2773438,1,0.4425,0.013689476
mendeley/extracted/Bangla Audio Dataset Original and DeepFake Voices for AI-Based Voice Analysis and Detection/Dataset/S15M04/Real/25.wav,0,MEN,MEN-S15M04,TG:5797f71db21fe749,-7.5273438,1,0.3608333333333333,0.00053787645
mendeley/extracted/Bangla Audio Dataset Original and DeepFake Voices for AI-Based Voice Analysis and Detection/Dataset/S15M04/Real/26.wav,0,MEN,MEN-S15M04,TG:d3dc3aa303de9710,-11.7890625,1,0.4608333333333333,7.587032e-06
mendeley/extracted/Bangla Audio Dataset Original and DeepFake Voices for AI-Based Voice Analysis and Detection/Dataset/S15M04/Real/27.wav,0,MEN,MEN-S15M04,TG:3c2f522a40b2526e,-2.2167969,1,0.5108333333333333,0.09825224
mendeley/extracted/Bangla Audio Dataset Original and DeepFake Voices for AI-Based Voice Analysis and Detection/Dataset/S15M04/Real/28.wav,0,MEN,MEN-S15M04,TG:4f9d2742e8afd15d,-7.4414062,1,0.3791666666666666,0.00058611616
mendeley/extracted/Bangla Audio Dataset Original and DeepFake Voices for AI-Based Voice Analysis and Detection/Dataset/S15M04/Real/29.wav,0,MEN,MEN-S15M04,TG:f7be3e37759f090e,-10.578125,1,0.4625,2.5466403e-05
mendeley/extracted/Bangla Audio Dataset Original and DeepFake Voices for AI-Based Voice Analysis and Detection/Dataset/S15M04/Real/3.wav,0,MEN,MEN-S15M04,TG:62cf48bac7954805,-7.4179688,1,0.3941666666666666,0.0006000072
mendeley/extracted/Bangla Audio Dataset Original and DeepFake Voices for AI-Based Voice Analysis and Detection/Dataset/S15M04/Real/30.wav,0,MEN,MEN-S15M04,TG:88f39ecf44831133,-3.921875,1,0.4775,0.019419348
mendeley/extracted/Bangla Audio Dataset Original and DeepFake Voices for AI-Based Voice Analysis and Detection/Dataset/S15M04/Real/4.wav,0,MEN,MEN-S15M04,TG:439556f39c264ae7,-7.3046875,1,0.3774999999999999,0.0006719279
mendeley/extracted/Bangla Audio Dataset Original and DeepFake Voices for AI-Based Voice Analysis and Detection/Dataset/S15M04/Real/5.wav,0,MEN,MEN-S15M04,TG:b27516115fd20a37,-8.3046875,1,0.4108333333333334,0.00024729347
mendeley/extracted/Bangla Audio Dataset Original and DeepFake Voices for AI-Based Voice Analysis and Detection/Dataset/S15M04/Real/6.wav,0,MEN,MEN-S15M04,TG:b639ce41aa1cab36,-8.203125,1,0.3774999999999999,0.00027372167
mendeley/extracted/Bangla Audio Dataset Original and DeepFake Voices for AI-Based Voice Analysis and Detection/Dataset/S15M04/Real/7.wav,0,MEN,MEN-S15M04,TG:88f1ee35a861b6a6,-8.6171875,1,0.3458333333333333,0.00018093578
mendeley/extracted/Bangla Audio Dataset Original and DeepFake Voices for AI-Based Voice Analysis and Detection/Dataset/S15M04/Real/8.wav,0,MEN,MEN-S15M04,TG:be9f02f19ba8fc75,-8.2734375,1,0.3774999999999999,0.00025514138
mendeley/extracted/Bangla Audio Dataset Original and DeepFake Voices for AI-Based Voice Analysis and Detection/Dataset/S15M04/Real/9.wav,0,MEN,MEN-S15M04,TG:c88f5e1ef15aa62a,1.6357422,1,0.3641666666666666,0.8369547
mendeley/extracted/Bangla Audio Dataset Original and DeepFake Voices for AI-Based Voice Analysis and Detection/Dataset/S15M05/Fake/1.wav,1,MEN,MEN-S15M05,TG:7cde72383f2577d5,-12.1015625,1,0.5425,5.550802e-06
mendeley/extracted/Bangla Audio Dataset Original and DeepFake Voices for AI-Based Voice Analysis and Detection/Dataset/S15M05/Fake/10.wav,1,MEN,MEN-S15M05,TG:e0e70a0638fc6f97,-1.7041016,1,0.4791666666666666,0.15393034
mendeley/extracted/Bangla Audio Dataset Original and DeepFake Voices for AI-Based Voice Analysis and Detection/Dataset/S15M05/Fake/11.wav,1,MEN,MEN-S15M05,TG:57413348d842a70d,-3.1152344,1,0.4558333333333333,0.04248321
mendeley/extracted/Bangla Audio Dataset Original and DeepFake Voices for AI-Based Voice Analysis and Detection/Dataset/S15M05/Fake/12.wav,1,MEN,MEN-S15M05,TG:2a803e07ad46d5c2,-7.0742188,1,0.3891666666666666,0.0008459375
mendeley/extracted/Bangla Audio Dataset Original and DeepFake Voices for AI-Based Voice Analysis and Detection/Dataset/S15M05/Fake/13.wav,1,MEN,MEN-S15M05,TG:5c21d947a8657c9f,-9.734375,1,0.5375,5.9209164e-05
mendeley/extracted/Bangla Audio Dataset Original and DeepFake Voices for AI-Based Voice Analysis and Detection/Dataset/S15M05/Fake/14.wav,1,MEN,MEN-S15M05,TG:2d3ba8e149e931db,-7.2890625,1,0.3858333333333333,0.0006825019
mendeley/extracted/Bangla Audio Dataset Original and DeepFake Voices for AI-Based Voice Analysis and Detection/Dataset/S15M05/Fake/15.wav,1,MEN,MEN-S15M05,TG:3d0c9b90dd636b05,-8.546875,1,0.3125,0.00019411318
mendeley/extracted/Bangla Audio Dataset Original and DeepFake Voices for AI-Based Voice Analysis and Detection/Dataset/S15M05/Fake/16.wav,1,MEN,MEN-S15M05,TG:835a2229be98dadf,-7.0351562,1,0.4591666666666666,0.0008796062
mendeley/extracted/Bangla Audio Dataset Original and DeepFake Voices for AI-Based Voice Analysis and Detection/Dataset/S15M05/Fake/17.wav,1,MEN,MEN-S15M05,TG:feba50ba85a1ba08,-5.5546875,1,0.4908333333333333,0.0038543637
mendeley/extracted/Bangla Audio Dataset Original and DeepFake Voices for AI-Based Voice Analysis and Detection/Dataset/S15M05/Fake/18.wav,1,MEN,MEN-S15M05,TG:d8eb3171b7a6a33b,-8.25,1,0.5841666666666667,0.00026119035
mendeley/extracted/Bangla Audio Dataset Original and DeepFake Voices for AI-Based Voice Analysis and Detection/Dataset/S15M05/Fake/19.wav,1,MEN,MEN-S15M05,TG:a5e8c7f1e51636dc,-6.7070312,1,0.3791666666666666,0.0012207952
mendeley/extracted/Bangla Audio Dataset Original and DeepFake Voices for AI-Based Voice Analysis and Detection/Dataset/S15M05/Fake/2.wav,1,MEN,MEN-S15M05,TG:a6f69864408b9071,-5.7539062,1,0.4075,0.003160353
mendeley/extracted/Bangla Audio Dataset Original and DeepFake Voices for AI-Based Voice Analysis and Detection/Dataset/S15M05/Fake/20.wav,1,MEN,MEN-S15M05,TG:9426037c3514ba5e,-10.0078125,1,0.5141666666666667,4.5044595e-05
mendeley/extracted/Bangla Audio Dataset Original and DeepFake Voices for AI-Based Voice Analysis and Detection/Dataset/S15M05/Fake/21.wav,1,MEN,MEN-S15M05,TG:e0ce6b84c16d1ca7,-8.5234375,1,0.4024999999999999,0.00019871553
mendeley/extracted/Bangla Audio Dataset Original and DeepFake Voices for AI-Based Voice Analysis and Detection/Dataset/S15M05/Fake/22.wav,1,MEN,MEN-S15M05,TG:d8d1aa4cc233d982,-5.9414062,1,0.4991666666666666,0.0026214411
mendeley/extracted/Bangla Audio Dataset Original and DeepFake Voices for AI-Based Voice Analysis and Detection/Dataset/S15M05/Fake/23.wav,1,MEN,MEN-S15M05,TG:6c85555d30e57a51,-4.4726562,1,0.5375,0.011288074
mendeley/extracted/Bangla Audio Dataset Original and DeepFake Voices for AI-Based Voice Analysis and Detection/Dataset/S15M05/Fake/24.wav,1,MEN,MEN-S15M05,TG:64d212587b02f93b,-7.2109375,1,0.5425,0.00073791965
mendeley/extracted/Bangla Audio Dataset Original and DeepFake Voices for AI-Based Voice Analysis and Detection/Dataset/S15M05/Fake/25.wav,1,MEN,MEN-S15M05,TG:5797f71db21fe749,-7.125,1,0.4175,0.0008040859
mendeley/extracted/Bangla Audio Dataset Original and DeepFake Voices for AI-Based Voice Analysis and Detection/Dataset/S15M05/Fake/26.wav,1,MEN,MEN-S15M05,TG:d3dc3aa303de9710,-6.3789062,1,0.5141666666666667,0.0016941034
mendeley/extracted/Bangla Audio Dataset Original and DeepFake Voices for AI-Based Voice Analysis and Detection/Dataset/S15M05/Fake/27.wav,1,MEN,MEN-S15M05,TG:3c2f522a40b2526e,-7.515625,1,0.5258333333333334,0.0005442133
mendeley/extracted/Bangla Audio Dataset Original and DeepFake Voices for AI-Based Voice Analysis and Detection/Dataset/S15M05/Fake/28.wav,1,MEN,MEN-S15M05,TG:4f9d2742e8afd15d,-12.4140625,1,0.4908333333333333,4.0610603e-06
mendeley/extracted/Bangla Audio Dataset Original and DeepFake Voices for AI-Based Voice Analysis and Detection/Dataset/S15M05/Fake/29.wav,1,MEN,MEN-S15M05,TG:f7be3e37759f090e,-9.5625,1,0.4875,7.031184e-05
mendeley/extracted/Bangla Audio Dataset Original and DeepFake Voices for AI-Based Voice Analysis and Detection/Dataset/S15M05/Fake/3.wav,1,MEN,MEN-S15M05,TG:62cf48bac7954805,-6.3085938,1,0.4691666666666666,0.001817283
mendeley/extracted/Bangla Audio Dataset Original and DeepFake Voices for AI-Based Voice Analysis and Detection/Dataset/S15M05/Fake/30.wav,1,MEN,MEN-S15M05,TG:88f39ecf44831133,-8.0625,1,0.4408333333333333,0.0003150387
mendeley/extracted/Bangla Audio Dataset Original and DeepFake Voices for AI-Based Voice Analysis and Detection/Dataset/S15M05/Fake/4.wav,1,MEN,MEN-S15M05,TG:439556f39c264ae7,-1.3271484,1,0.3325,0.20963143
mendeley/extracted/Bangla Audio Dataset Original and DeepFake Voices for AI-Based Voice Analysis and Detection/Dataset/S15M05/Fake/5.wav,1,MEN,MEN-S15M05,TG:b27516115fd20a37,-0.7709961,1,0.5241666666666667,0.31626368
mendeley/extracted/Bangla Audio Dataset Original and DeepFake Voices for AI-Based Voice Analysis and Detection/Dataset/S15M05/Fake/6.wav,1,MEN,MEN-S15M05,TG:b639ce41aa1cab36,-6.8554688,1,0.4808333333333333,0.0010525687
mendeley/extracted/Bangla Audio Dataset Original and DeepFake Voices for AI-Based Voice Analysis and Detection/Dataset/S15M05/Fake/7.wav,1,MEN,MEN-S15M05,TG:88f1ee35a861b6a6,-4.8554688,1,0.4225,0.007725534
mendeley/extracted/Bangla Audio Dataset Original and DeepFake Voices for AI-Based Voice Analysis and Detection/Dataset/S15M05/Fake/8.wav,1,MEN,MEN-S15M05,TG:be9f02f19ba8fc75,-1.9414062,1,0.3158333333333333,0.12549344
mendeley/extracted/Bangla Audio Dataset Original and DeepFake Voices for AI-Based Voice Analysis and Detection/Dataset/S15M05/Fake/9.wav,1,MEN,MEN-S15M05,TG:c88f5e1ef15aa62a,-3.9804688,1,0.5075000000000001,0.01833445
mendeley/extracted/Bangla Audio Dataset Original and DeepFake Voices for AI-Based Voice Analysis and Detection/Dataset/S15M05/Real/1.wav,0,MEN,MEN-S15M05,TG:7cde72383f2577d5,-7.5429688,1,0.4341666666666667,0.0005295418
mendeley/extracted/Bangla Audio Dataset Original and DeepFake Voices for AI-Based Voice Analysis and Detection/Dataset/S15M05/Real/10.wav,0,MEN,MEN-S15M05,TG:e0e70a0638fc6f97,-7.4101562,1,0.4008333333333334,0.00060471025
mendeley/extracted/Bangla Audio Dataset Original and DeepFake Voices for AI-Based Voice Analysis and Detection/Dataset/S15M05/Real/11.wav,0,MEN,MEN-S15M05,TG:57413348d842a70d,-1.9501953,1,0.3508333333333333,0.124532074
mendeley/extracted/Bangla Audio Dataset Original and DeepFake Voices for AI-Based Voice Analysis and Detection/Dataset/S15M05/Real/12.wav,0,MEN,MEN-S15M05,TG:2a803e07ad46d5c2,-6.078125,1,0.3675,0.0022872277
mendeley/extracted/Bangla Audio Dataset Original and DeepFake Voices for AI-Based Voice Analysis and Detection/Dataset/S15M05/Real/13.wav,0,MEN,MEN-S15M05,TG:5c21d947a8657c9f,-12.640625,1,0.4675,3.2377618e-06
mendeley/extracted/Bangla Audio Dataset Original and DeepFake Voices for AI-Based Voice Analysis and Detection/Dataset/S15M05/Real/14.wav,0,MEN,MEN-S15M05,TG:2d3ba8e149e931db,-11.1484375,1,0.4341666666666667,1.4397558e-05
mendeley/extracted/Bangla Audio Dataset Original and DeepFake Voices for AI-Based Voice Analysis and Detection/Dataset/S15M05/Real/15.wav,0,MEN,MEN-S15M05,TG:3d0c9b90dd636b05,-14.40625,1,0.3008333333333333,5.539173e-07
mendeley/extracted/Bangla Audio Dataset Original and DeepFake Voices for AI-Based Voice Analysis and Detection/Dataset/S15M05/Real/16.wav,0,MEN,MEN-S15M05,TG:835a2229be98dadf,-9.625,1,0.3675,6.605214e-05
mendeley/extracted/Bangla Audio Dataset Original and DeepFake Voices for AI-Based Voice Analysis and Detection/Dataset/S15M05/Real/17.wav,0,MEN,MEN-S15M05,TG:feba50ba85a1ba08,-6.1054688,1,0.4175,0.002225671
mendeley/extracted/Bangla Audio Dataset Original and DeepFake Voices for AI-Based Voice Analysis and Detection/Dataset/S15M05/Real/18.wav,0,MEN,MEN-S15M05,TG:d8eb3171b7a6a33b,-8.8125,1,0.5008333333333334,0.00014883849
mendeley/extracted/Bangla Audio Dataset Original and DeepFake Voices for AI-Based Voice Analysis and Detection/Dataset/S15M05/Real/19.wav,0,MEN,MEN-S15M05,TG:a5e8c7f1e51636dc,-8.03125,1,0.3008333333333333,0.00032503586
mendeley/extracted/Bangla Audio Dataset Original and DeepFake Voices for AI-Based Voice Analysis and Detection/Dataset/S15M05/Real/2.wav,0,MEN,MEN-S15M05,TG:a6f69864408b9071,3.5742188,1,0.3841666666666666,0.97272736
mendeley/extracted/Bangla Audio Dataset Original and DeepFake Voices for AI-Based Voice Analysis and Detection/Dataset/S15M05/Real/20.wav,0,MEN,MEN-S15M05,TG:9426037c3514ba5e,-13.7265625,1,0.5008333333333334,1.0930228e-06
mendeley/extracted/Bangla Audio Dataset Original and DeepFake Voices for AI-Based Voice Analysis and Detection/Dataset/S15M05/Real/21.wav,0,MEN,MEN-S15M05,TG:e0ce6b84c16d1ca7,-9.3828125,1,0.4508333333333333,8.415109e-05
mendeley/extracted/Bangla Audio Dataset Original and DeepFake Voices for AI-Based Voice Analysis and Detection/Dataset/S15M05/Real/22.wav,0,MEN,MEN-S15M05,TG:d8d1aa4cc233d982,-8.03125,1,0.4341666666666667,0.00032503586
mendeley/extracted/Bangla Audio Dataset Original and DeepFake Voices for AI-Based Voice Analysis and Detection/Dataset/S15M05/Real/23.wav,0,MEN,MEN-S15M05,TG:6c85555d30e57a51,-11.21875,1,0.4675,1.3420014e-05
mendeley/extracted/Bangla Audio Dataset Original and DeepFake Voices for AI-Based Voice Analysis and Detection/Dataset/S15M05/Real/24.wav,0,MEN,MEN-S15M05,TG:64d212587b02f93b,4.453125,1,0.4508333333333333,0.9884919
mendeley/extracted/Bangla Audio Dataset Original and DeepFake Voices for AI-Based Voice Analysis and Detection/Dataset/S15M05/Real/25.wav,0,MEN,MEN-S15M05,TG:5797f71db21fe749,-7.9882812,1,0.4008333333333334,0.0003393018
mendeley/extracted/Bangla Audio Dataset Original and DeepFake Voices for AI-Based Voice Analysis and Detection/Dataset/S15M05/Real/26.wav,0,MEN,MEN-S15M05,TG:d3dc3aa303de9710,0.58203125,1,0.4841666666666666,0.6415346
mendeley/extracted/Bangla Audio Dataset Original and DeepFake Voices for AI-Based Voice Analysis and Detection/Dataset/S15M05/Real/27.wav,0,MEN,MEN-S15M05,TG:3c2f522a40b2526e,-1.7636719,1,0.4675,0.14633106
mendeley/extracted/Bangla Audio Dataset Original and DeepFake Voices for AI-Based Voice Analysis and Detection/Dataset/S15M05/Real/28.wav,0,MEN,MEN-S15M05,TG:4f9d2742e8afd15d,-2.3105469,1,0.3341666666666666,0.090253234
mendeley/extracted/Bangla Audio Dataset Original and DeepFake Voices for AI-Based Voice Analysis and Detection/Dataset/S15M05/Real/29.wav,0,MEN,MEN-S15M05,TG:f7be3e37759f090e,-7.375,1,0.4341666666666667,0.0006263342
mendeley/extracted/Bangla Audio Dataset Original and DeepFake Voices for AI-Based Voice Analysis and Detection/Dataset/S15M05/Real/3.wav,0,MEN,MEN-S15M05,TG:62cf48bac7954805,-9.8203125,1,0.4175,5.433365e-05
mendeley/extracted/Bangla Audio Dataset Original and DeepFake Voices for AI-Based Voice Analysis and Detection/Dataset/S15M05/Real/30.wav,0,MEN,MEN-S15M05,TG:88f39ecf44831133,-7.8828125,1,0.3841666666666666,0.00037702854
mendeley/extracted/Bangla Audio Dataset Original and DeepFake Voices for AI-Based Voice Analysis and Detection/Dataset/S15M05/Real/4.wav,0,MEN,MEN-S15M05,TG:439556f39c264ae7,-9.84375,1,0.3675,5.307508e-05
mendeley/extracted/Bangla Audio Dataset Original and DeepFake Voices for AI-Based Voice Analysis and Detection/Dataset/S15M05/Real/5.wav,0,MEN,MEN-S15M05,TG:b27516115fd20a37,-0.24255371,1,0.4175,0.4396571
mendeley/extracted/Bangla Audio Dataset Original and DeepFake Voices for AI-Based Voice Analysis and Detection/Dataset/S15M05/Real/6.wav,0,MEN,MEN-S15M05,TG:b639ce41aa1cab36,-10.234375,1,0.3841666666666666,3.5913014e-05
mendeley/extracted/Bangla Audio Dataset Original and DeepFake Voices for AI-Based Voice Analysis and Detection/Dataset/S15M05/Real/7.wav,0,MEN,MEN-S15M05,TG:88f1ee35a861b6a6,-9.7265625,1,0.3508333333333333,5.9673526e-05
mendeley/extracted/Bangla Audio Dataset Original and DeepFake Voices for AI-Based Voice Analysis and Detection/Dataset/S15M05/Real/8.wav,0,MEN,MEN-S15M05,TG:be9f02f19ba8fc75,-10.734375,1,0.4175,2.178265e-05
mendeley/extracted/Bangla Audio Dataset Original and DeepFake Voices for AI-Based Voice Analysis and Detection/Dataset/S15M05/Real/9.wav,0,MEN,MEN-S15M05,TG:c88f5e1ef15aa62a,-8.8515625,1,0.4008333333333334,0.00014313738
mendeley/extracted/Bangla Audio Dataset Original and DeepFake Voices for AI-Based Voice Analysis and Detection/Dataset/S1F03/Fake/1.wav,1,MEN,MEN-S1F03,TG:8388d9ee191bd954,-7.671875,1,0.4841666666666666,0.00046552691
mendeley/extracted/Bangla Audio Dataset Original and DeepFake Voices for AI-Based Voice Analysis and Detection/Dataset/S1F03/Fake/10.wav,1,MEN,MEN-S1F03,TG:388cb19343cb520a,-9.015625,1,0.4808333333333333,0.00012148176
mendeley/extracted/Bangla Audio Dataset Original and DeepFake Voices for AI-Based Voice Analysis and Detection/Dataset/S1F03/Fake/11.wav,1,MEN,MEN-S1F03,TG:6663f3ce55d8ec7f,-7.2734375,1,0.2458333333333333,0.00069324224
mendeley/extracted/Bangla Audio Dataset Original and DeepFake Voices for AI-Based Voice Analysis and Detection/Dataset/S1F03/Fake/12.wav,1,MEN,MEN-S1F03,TG:d3ff909607e60de8,-10.0078125,1,0.2225,4.5044595e-05
mendeley/extracted/Bangla Audio Dataset Original and DeepFake Voices for AI-Based Voice Analysis and Detection/Dataset/S1F03/Fake/13.wav,1,MEN,MEN-S1F03,TG:713c2af6f394806f,3.8085938,1,0.4341666666666667,0.9783019
mendeley/extracted/Bangla Audio Dataset Original and DeepFake Voices for AI-Based Voice Analysis and Detection/Dataset/S1F03/Fake/14.wav,1,MEN,MEN-S1F03,TG:40c1016845dcdc60,-11.234375,1,0.3375,1.32119585e-05
mendeley/extracted/Bangla Audio Dataset Original and DeepFake Voices for AI-Based Voice Analysis and Detection/Dataset/S1F03/Fake/15.wav,1,MEN,MEN-S1F03,TG:210364c8aadbef3a,-10.3828125,1,0.4875,3.0959105e-05
mendeley/extracted/Bangla Audio Dataset Original and DeepFake Voices for AI-Based Voice Analysis and Detection/Dataset/S1F03/Fake/16.wav,1,MEN,MEN-S1F03,TG:f263a794fb5b64e5,-6.0273438,1,0.4608333333333333,0.0024060889
mendeley/extracted/Bangla Audio Dataset Original and DeepFake Voices for AI-Based Voice Analysis and Detection/Dataset/S1F03/Fake/17.wav,1,MEN,MEN-S1F03,TG:ba06269e11aa0648,-9.21875,1,0.4525,9.915273e-05
mendeley/extracted/Bangla Audio Dataset Original and DeepFake Voices for AI-Based Voice Analysis and Detection/Dataset/S1F03/Fake/18.wav,1,MEN,MEN-S1F03,TG:a06e050050b3f438,-8.09375,1,0.5341666666666667,0.00030534892
mendeley/extracted/Bangla Audio Dataset Original and DeepFake Voices for AI-Based Voice Analysis and Detection/Dataset/S1F03/Fake/19.wav,1,MEN,MEN-S1F03,TG:9a7eea3d42c2dfa3,-10.796875,1,0.4591666666666666,2.0462934e-05
mendeley/extracted/Bangla Audio Dataset Original and DeepFake Voices for AI-Based Voice Analysis and Detection/Dataset/S1F03/Fake/2.wav,1,MEN,MEN-S1F03,TG:4ff8497e59c46949,-6.2109375,1,0.4491666666666667,0.0020033333
mendeley/extracted/Bangla Audio Dataset Original and DeepFake Voices for AI-Based Voice Analysis and Detection/Dataset/S1F03/Fake/20.wav,1,MEN,MEN-S1F03,TG:9f86ecadb4b2b5e8,-11.5390625,1,0.3041666666666667,9.7419215e-06
mendeley/extracted/Bangla Audio Dataset Original and DeepFake Voices for AI-Based Voice Analysis and Detection/Dataset/S1F03/Fake/21.wav,1,MEN,MEN-S1F03,TG:224581f07ca68840,-10.5859375,1,0.2141666666666666,2.5268228e-05
mendeley/extracted/Bangla Audio Dataset Original and DeepFake Voices for AI-Based Voice Analysis and Detection/Dataset/S1F03/Fake/22.wav,1,MEN,MEN-S1F03,TG:cdf2b766d6b5e166,5.109375,1,0.3525,0.9939964
mendeley/extracted/Bangla Audio Dataset Original and DeepFake Voices for AI-Based Voice Analysis and Detection/Dataset/S1F03/Fake/23.wav,1,MEN,MEN-S1F03,TG:33b99dc1f5f3c11d,-14.921875,1,0.1741666666666667,3.3075918e-07
mendeley/extracted/Bangla Audio Dataset Original and DeepFake Voices for AI-Based Voice Analysis and Detection/Dataset/S1F03/Fake/24.wav,1,MEN,MEN-S1F03,TG:eea9ea1fd2041b22,-7.9453125,1,0.4225,0.00035419367
mendeley/extracted/Bangla Audio Dataset Original and DeepFake Voices for AI-Based Voice Analysis and Detection/Dataset/S1F03/Fake/25.wav,1,MEN,MEN-S1F03,TG:a7e7a70438f10a1d,-13.578125,1,0.4024999999999999,1.2679283e-06
mendeley/extracted/Bangla Audio Dataset Original and DeepFake Voices for AI-Based Voice Analysis and Detection/Dataset/S1F03/Fake/26.wav,1,MEN,MEN-S1F03,TG:6fe89ab891f32c4e,-13.4453125,1,0.1591666666666666,1.4480192e-06
mendeley/extracted/Bangla Audio Dataset Original and DeepFake Voices for AI-Based Voice Analysis and Detection/Dataset/S1F03/Fake/27.wav,1,MEN,MEN-S1F03,TG:2c5f8f2f6f8c1b98,-7.7382812,1,0.4775,0.00043563018
mendeley/extracted/Bangla Audio Dataset Original and DeepFake Voices for AI-Based Voice Analysis and Detection/Dataset/S1F03/Fake/28.wav,1,MEN,MEN-S1F03,TG:6283d6f65cda971a,-8.234375,1,0.4891666666666666,0.00026530237
mendeley/extracted/Bangla Audio Dataset Original and DeepFake Voices for AI-Based Voice Analysis and Detection/Dataset/S1F03/Fake/29.wav,1,MEN,MEN-S1F03,TG:8544d87f606d70e6,-6.8789062,1,0.0991666666666666,0.0010282109
mendeley/extracted/Bangla Audio Dataset Original and DeepFake Voices for AI-Based Voice Analysis and Detection/Dataset/S1F03/Fake/3.wav,1,MEN,MEN-S1F03,TG:79dd086d061de522,-9.375,1,0.5675,8.481104e-05
mendeley/extracted/Bangla Audio Dataset Original and DeepFake Voices for AI-Based Voice Analysis and Detection/Dataset/S1F03/Fake/30.wav,1,MEN,MEN-S1F03,TG:c7b089fc1ba419ab,4.1289062,1,0.4758333333333333,0.9841546
mendeley/extracted/Bangla Audio Dataset Original and DeepFake Voices for AI-Based Voice Analysis and Detection/Dataset/S1F03/Fake/4.wav,1,MEN,MEN-S1F03,TG:4d5fe26cc7778810,-7.4023438,1,0.6641666666666667,0.0006094501
mendeley/extracted/Bangla Audio Dataset Original and DeepFake Voices for AI-Based Voice Analysis and Detection/Dataset/S1F03/Fake/5.wav,1,MEN,MEN-S1F03,TG:5adc5ae46d5a5744,-8.9453125,1,0.3891666666666666,0.00013032975
mendeley/extracted/Bangla Audio Dataset Original and DeepFake Voices for AI-Based Voice Analysis and Detection/Dataset/S1F03/Fake/6.wav,1,MEN,MEN-S1F03,TG:ceba938af43c06ae,-7.5820312,1,0.5108333333333333,0.0005092657
mendeley/extracted/Bangla Audio Dataset Original and DeepFake Voices for AI-Based Voice Analysis and Detection/Dataset/S1F03/Fake/7.wav,1,MEN,MEN-S1F03,TG:4c7966295caf20ad,-2.0078125,1,0.4925,0.1183851
mendeley/extracted/Bangla Audio Dataset Original and DeepFake Voices for AI-Based Voice Analysis and Detection/Dataset/S1F03/Fake/8.wav,1,MEN,MEN-S1F03,TG:a108bfb385dd7acb,-10.328125,1,0.4325,3.2699274e-05
mendeley/extracted/Bangla Audio Dataset Original and DeepFake Voices for AI-Based Voice Analysis and Detection/Dataset/S1F03/Fake/9.wav,1,MEN,MEN-S1F03,TG:2a9989c6f851b5a4,-10.03125,1,0.3508333333333333,4.4001183e-05
mendeley/extracted/Bangla Audio Dataset Original and DeepFake Voices for AI-Based Voice Analysis and Detection/Dataset/S1F03/Real/1.wav,0,MEN,MEN-S1F03,TG:8388d9ee191bd954,0.7397461,1,0.3675,0.6769403
mendeley/extracted/Bangla Audio Dataset Original and DeepFake Voices for AI-Based Voice Analysis and Detection/Dataset/S1F03/Real/10.wav,0,MEN,MEN-S1F03,TG:388cb19343cb520a,-7.4570312,1,0.3675,0.00057703455
mendeley/extracted/Bangla Audio Dataset Original and DeepFake Voices for AI-Based Voice Analysis and Detection/Dataset/S1F03/Real/11.wav,0,MEN,MEN-S1F03,TG:6663f3ce55d8ec7f,-14.8515625,1,0.3841666666666666,3.548528e-07
mendeley/extracted/Bangla Audio Dataset Original and DeepFake Voices for AI-Based Voice Analysis and Detection/Dataset/S1F03/Real/12.wav,0,MEN,MEN-S1F03,TG:d3ff909607e60de8,-14.140625,1,0.3175,7.2244416e-07
mendeley/extracted/Bangla Audio Dataset Original and DeepFake Voices for AI-Based Voice Analysis and Detection/Dataset/S1F03/Real/13.wav,0,MEN,MEN-S1F03,TG:713c2af6f394806f,-7.9296875,1,0.3508333333333333,0.00035976936
mendeley/extracted/Bangla Audio Dataset Original and DeepFake Voices for AI-Based Voice Analysis and Detection/Dataset/S1F03/Real/14.wav,0,MEN,MEN-S1F03,TG:40c1016845dcdc60,-11.3046875,1,0.3175,1.2314909e-05
mendeley/extracted/Bangla Audio Dataset Original and DeepFake Voices for AI-Based Voice Analysis and Detection/Dataset/S1F03/Real/15.wav,0,MEN,MEN-S1F03,TG:210364c8aadbef3a,-9.8203125,1,0.4008333333333334,5.433365e-05
mendeley/extracted/Bangla Audio Dataset Original and DeepFake Voices for AI-Based Voice Analysis and Detection/Dataset/S1F03/Real/16.wav,0,MEN,MEN-S1F03,TG:f263a794fb5b64e5,4.9570312,1,0.3341666666666666,0.9930153
mendeley/extracted/Bangla Audio Dataset Original and DeepFake Voices for AI-Based Voice Analysis and Detection/Dataset/S1F03/Real/17.wav,0,MEN,MEN-S1F03,TG:ba06269e11aa0648,-11.0078125,1,0.4175,1.6571452e-05
mendeley/extracted/Bangla Audio Dataset Original and DeepFake Voices for AI-Based Voice Analysis and Detection/Dataset/S1F03/Real/18.wav,0,MEN,MEN-S1F03,TG:a06e050050b3f438,-3.2480469,1,0.4841666666666666,0.037397135
mendeley/extracted/Bangla Audio Dataset Original and DeepFake Voices for AI-Based Voice Analysis and Detection/Dataset/S1F03/Real/19.wav,0,MEN,MEN-S1F03,TG:9a7eea3d42c2dfa3,-9.390625,1,0.5175000000000001,8.3496285e-05
mendeley/extracted/Bangla Audio Dataset Original and DeepFake Voices for AI-Based Voice Analysis and Detection/Dataset/S1F03/Real/2.wav,0,MEN,MEN-S1F03,TG:4ff8497e59c46949,-9.953125,1,0.3341666666666666,4.7576454e-05
mendeley/extracted/Bangla Audio Dataset Original and DeepFake Voices for AI-Based Voice Analysis and Detection/Dataset/S1F03/Real/20.wav,0,MEN,MEN-S1F03,TG:9f86ecadb4b2b5e8,-15.3671875,1,0.4341666666666667,2.1189229e-07
mendeley/extracted/Bangla Audio Dataset Original and DeepFake Voices for AI-Based Voice Analysis and Detection/Dataset/S1F03/Real/21.wav,0,MEN,MEN-S1F03,TG:224581f07ca68840,-10.09375,1,0.3675,4.13354e-05
mendeley/extracted/Bangla Audio Dataset Original and DeepFake Voices for AI-Based Voice Analysis and Detection/Dataset/S1F03/Real/22.wav,0,MEN,MEN-S1F03,TG:cdf2b766d6b5e166,-4.8242188,1,0.4341666666666667,0.007968815
mendeley/extracted/Bangla Audio Dataset Original and DeepFake Voices for AI-Based Voice Analysis and Detection/Dataset/S1F03/Real/23.wav,0,MEN,MEN-S1F03,TG:33b99dc1f5f3c11d,-10.03125,1,0.4008333333333334,4.4001183e-05
mendeley/extracted/Bangla Audio Dataset Original and DeepFake Voices for AI-Based Voice Analysis and Detection/Dataset/S1F03/Real/24.wav,0,MEN,MEN-S1F03,TG:eea9ea1fd2041b22,-2.1660156,1,0.4508333333333333,0.102844074
mendeley/extracted/Bangla Audio Dataset Original and DeepFake Voices for AI-Based Voice Analysis and Detection/Dataset/S1F03/Real/25.wav,0,MEN,MEN-S1F03,TG:a7e7a70438f10a1d,-10.3984375,1,0.4341666666666667,3.0479145e-05
mendeley/extracted/Bangla Audio Dataset Original and DeepFake Voices for AI-Based Voice Analysis and Detection/Dataset/S1F03/Real/26.wav,0,MEN,MEN-S1F03,TG:6fe89ab891f32c4e,-7.9960938,1,0.4675,0.00033666223
mendeley/extracted/Bangla Audio Dataset Original and DeepFake Voices for AI-Based Voice Analysis and Detection/Dataset/S1F03/Real/27.wav,0,MEN,MEN-S1F03,TG:2c5f8f2f6f8c1b98,-10.1796875,1,0.5591666666666666,3.7931623e-05
mendeley/extracted/Bangla Audio Dataset Original and DeepFake Voices for AI-Based Voice Analysis and Detection/Dataset/S1F03/Real/28.wav,0,MEN,MEN-S1F03,TG:6283d6f65cda971a,-14.40625,1,0.4508333333333333,5.539173e-07
mendeley/extracted/Bangla Audio Dataset Original and DeepFake Voices for AI-Based Voice Analysis and Detection/Dataset/S1F03/Real/29.wav,0,MEN,MEN-S1F03,TG:8544d87f606d70e6,-8.6328125,1,0.5008333333333334,0.0001781311
mendeley/extracted/Bangla Audio Dataset Original and DeepFake Voices for AI-Based Voice Analysis and Detection/Dataset/S1F03/Real/3.wav,0,MEN,MEN-S1F03,TG:79dd086d061de522,-6.4453125,1,0.2674999999999999,0.0015854306
mendeley/extracted/Bangla Audio Dataset Original and DeepFake Voices for AI-Based Voice Analysis and Detection/Dataset/S1F03/Real/30.wav,0,MEN,MEN-S1F03,TG:c7b089fc1ba419ab,2.4570312,1,0.4508333333333333,0.92107415
mendeley/extracted/Bangla Audio Dataset Original and DeepFake Voices for AI-Based Voice Analysis and Detection/Dataset/S1F03/Real/4.wav,0,MEN,MEN-S1F03,TG:4d5fe26cc7778810,-10.5234375,1,0.3675,2.6897846e-05
mendeley/extracted/Bangla Audio Dataset Original and DeepFake Voices for AI-Based Voice Analysis and Detection/Dataset/S1F03/Real/5.wav,0,MEN,MEN-S1F03,TG:5adc5ae46d5a5744,-9.109375,1,0.3841666666666666,0.000110611596
mendeley/extracted/Bangla Audio Dataset Original and DeepFake Voices for AI-Based Voice Analysis and Detection/Dataset/S1F03/Real/6.wav,0,MEN,MEN-S1F03,TG:ceba938af43c06ae,-14.609375,1,0.4191666666666667,4.5209413e-07
mendeley/extracted/Bangla Audio Dataset Original and DeepFake Voices for AI-Based Voice Analysis and Detection/Dataset/S1F03/Real/7.wav,0,MEN,MEN-S1F03,TG:4c7966295caf20ad,-4.5,1,0.4341666666666667,0.010986943
mendeley/extracted/Bangla Audio Dataset Original and DeepFake Voices for AI-Based Voice Analysis and Detection/Dataset/S1F03/Real/8.wav,0,MEN,MEN-S1F03,TG:a108bfb385dd7acb,-8.7109375,1,0.3841666666666666,0.00016474657
mendeley/extracted/Bangla Audio Dataset Original and DeepFake Voices for AI-Based Voice Analysis and Detection/Dataset/S1F03/Real/9.wav,0,MEN,MEN-S1F03,TG:2a9989c6f851b5a4,-6.2539062,1,0.4341666666666667,0.0019192374
mendeley/extracted/Bangla Audio Dataset Original and DeepFake Voices for AI-Based Voice Analysis and Detection/Dataset/S1F04/Fake/1.wav,1,MEN,MEN-S1F04,TG:8388d9ee191bd954,-5.1367188,1,0.5391666666666667,0.005842605
mendeley/extracted/Bangla Audio Dataset Original and DeepFake Voices for AI-Based Voice Analysis and Detection/Dataset/S1F04/Fake/10.wav,1,MEN,MEN-S1F04,TG:388cb19343cb520a,-8.28125,1,0.5091666666666667,0.00025315638
mendeley/extracted/Bangla Audio Dataset Original and DeepFake Voices for AI-Based Voice Analysis and Detection/Dataset/S1F04/Fake/11.wav,1,MEN,MEN-S1F04,TG:6663f3ce55d8ec7f,-0.5493164,1,0.3108333333333333,0.36602303
mendeley/extracted/Bangla Audio Dataset Original and DeepFake Voices for AI-Based Voice Analysis and Detection/Dataset/S1F04/Fake/12.wav,1,MEN,MEN-S1F04,TG:d3ff909607e60de8,7.90625,1,0.3758333333333333,0.99963164
mendeley/extracted/Bangla Audio Dataset Original and DeepFake Voices for AI-Based Voice Analysis and Detection/Dataset/S1F04/Fake/13.wav,1,MEN,MEN-S1F04,TG:713c2af6f394806f,9.421875,1,0.4241666666666667,0.99991906
mendeley/extracted/Bangla Audio Dataset Original and DeepFake Voices for AI-Based Voice Analysis and Detection/Dataset/S1F04/Fake/14.wav,1,MEN,MEN-S1F04,TG:40c1016845dcdc60,-3.4589844,1,0.3158333333333333,0.030502055
mendeley/extracted/Bangla Audio Dataset Original and DeepFake Voices for AI-Based Voice Analysis and Detection/Dataset/S1F04/Fake/15.wav,1,MEN,MEN-S1F04,TG:210364c8aadbef3a,-3.0605469,1,0.4575,0.044764314
mendeley/extracted/Bangla Audio Dataset Original and DeepFake Voices for AI-Based Voice Analysis and Detection/Dataset/S1F04/Fake/16.wav,1,MEN,MEN-S1F04,TG:f263a794fb5b64e5,8.6796875,1,0.4675,0.99983
mendeley/extracted/Bangla Audio Dataset Original and DeepFake Voices for AI-Based Voice Analysis and Detection/Dataset/S1F04/Fake/17.wav,1,MEN,MEN-S1F04,TG:ba06269e11aa0648,-3.3359375,1,0.3641666666666666,0.034358688
mendeley/extracted/Bangla Audio Dataset Original and DeepFake Voices for AI-Based Voice Analysis and Detection/Dataset/S1F04/Fake/18.wav,1,MEN,MEN-S1F04,TG:a06e050050b3f438,6.3359375,1,0.5175000000000001,0.9982317
mendeley/extracted/Bangla Audio Dataset Original and DeepFake Voices for AI-Based Voice Analysis and Detection/Dataset/S1F04/Fake/19.wav,1,MEN,MEN-S1F04,TG:9a7eea3d42c2dfa3,-2.8574219,1,0.5325,0.054298937
mendeley/extracted/Bangla Audio Dataset Original and DeepFake Voices for AI-Based Voice Analysis and Detection/Dataset/S1F04/Fake/2.wav,1,MEN,MEN-S1F04,TG:4ff8497e59c46949,-6.8632812,1,0.4875,0.0010443858
mendeley/extracted/Bangla Audio Dataset Original and DeepFake Voices for AI-Based Voice Analysis and Detection/Dataset/S1F04/Fake/20.wav,1,MEN,MEN-S1F04,TG:9f86ecadb4b2b5e8,-8.8984375,1,0.2724999999999999,0.00013658353
mendeley/extracted/Bangla Audio Dataset Original and DeepFake Voices for AI-Based Voice Analysis and Detection/Dataset/S1F04/Fake/21.wav,1,MEN,MEN-S1F04,TG:224581f07ca68840,2.9375,1,0.2858333333333334,0.94966936
mendeley/extracted/Bangla Audio Dataset Original and DeepFake Voices for AI-Based Voice Analysis and Detection/Dataset/S1F04/Fake/22.wav,1,MEN,MEN-S1F04,TG:cdf2b766d6b5e166,1.7373047,1,0.3291666666666667,0.85034436
mendeley/extracted/Bangla Audio Dataset Original and DeepFake Voices for AI-Based Voice Analysis and Detection/Dataset/S1F04/Fake/23.wav,1,MEN,MEN-S1F04,TG:33b99dc1f5f3c11d,-4.2773438,1,0.2808333333333334,0.013689476
mendeley/extracted/Bangla Audio Dataset Original and DeepFake Voices for AI-Based Voice Analysis and Detection/Dataset/S1F04/Fake/24.wav,1,MEN,MEN-S1F04,TG:eea9ea1fd2041b22,0.9760742,1,0.4291666666666667,0.72632855
mendeley/extracted/Bangla Audio Dataset Original and DeepFake Voices for AI-Based Voice Analysis and Detection/Dataset/S1F04/Fake/25.wav,1,MEN,MEN-S1F04,TG:a7e7a70438f10a1d,1.4960938,1,0.3708333333333333,0.81699115
mendeley/extracted/Bangla Audio Dataset Original and DeepFake Voices for AI-Based Voice Analysis and Detection/Dataset/S1F04/Fake/26.wav,1,MEN,MEN-S1F04,TG:6fe89ab891f32c4e,-12.15625,1,0.1758333333333332,5.255396e-06
mendeley/extracted/Bangla Audio Dataset Original and DeepFake Voices for AI-Based Voice Analysis and Detection/Dataset/S1F04/Fake/27.wav,1,MEN,MEN-S1F04,TG:2c5f8f2f6f8c1b98,5.1015625,1,0.4258333333333333,0.99394965
mendeley/extracted/Bangla Audio Dataset Original and DeepFake Voices for AI-Based Voice Analysis and Detection/Dataset/S1F04/Fake/28.wav,1,MEN,MEN-S1F04,TG:6283d6f65cda971a,-6.6523438,1,0.4641666666666666,0.0012893284
mendeley/extracted/Bangla Audio Dataset Original and DeepFake Voices for AI-Based Voice Analysis and Detection/Dataset/S1F04/Fake/29.wav,1,MEN,MEN-S1F04,TG:8544d87f606d70e6,-8.4453125,1,0.0908333333333333,0.00021485923
mendeley/extracted/Bangla Audio Dataset Original and DeepFake Voices for AI-Based Voice Analysis and Detection/Dataset/S1F04/Fake/3.wav,1,MEN,MEN-S1F04,TG:79dd086d061de522,-5.9804688,1,0.5541666666666667,0.002521268
mendeley/extracted/Bangla Audio Dataset Original and DeepFake Voices for AI-Based Voice Analysis and Detection/Dataset/S1F04/Fake/30.wav,1,MEN,MEN-S1F04,TG:c7b089fc1ba419ab,4.203125,1,0.3675,0.98527133
mendeley/extracted/Bangla Audio Dataset Original and DeepFake Voices for AI-Based Voice Analysis and Detection/Dataset/S1F04/Fake/4.wav,1,MEN,MEN-S1F04,TG:4d5fe26cc7778810,-5.6757812,1,0.5541666666666667,0.0034162789
mendeley/extracted/Bangla Audio Dataset Original and DeepFake Voices for AI-Based Voice Analysis and Detection/Dataset/S1F04/Fake/5.wav,1,MEN,MEN-S1F04,TG:5adc5ae46d5a5744,-1.4951172,1,0.3425,0.1831549
mendeley/extracted/Bangla Audio Dataset Original and DeepFake Voices for AI-Based Voice Analysis and Detection/Dataset/S1F04/Fake/6.wav,1,MEN,MEN-S1F04,TG:ceba938af43c06ae,-0.9013672,1,0.5575,0.28876963
mendeley/extracted/Bangla Audio Dataset Original and DeepFake Voices for AI-Based Voice Analysis and Detection/Dataset/S1F04/Fake/7.wav,1,MEN,MEN-S1F04,TG:4c7966295caf20ad,6.6992188,1,0.4675,0.9987696
mendeley/extracted/Bangla Audio Dataset Original and DeepFake Voices for AI-Based Voice Analysis and Detection/Dataset/S1F04/Fake/8.wav,1,MEN,MEN-S1F04,TG:a108bfb385dd7acb,-2.4257812,1,0.4024999999999999,0.08122776
mendeley/extracted/Bangla Audio Dataset Original and DeepFake Voices for AI-Based Voice Analysis and Detection/Dataset/S1F04/Fake/9.wav,1,MEN,MEN-S1F04,TG:2a9989c6f851b5a4,1.0976562,1,0.3708333333333333,0.7498207
mendeley/extracted/Bangla Audio Dataset Original and DeepFake Voices for AI-Based Voice Analysis and Detection/Dataset/S1F04/Real/1.wav,0,MEN,MEN-S1F04,TG:8388d9ee191bd954,-6.1328125,1,0.5508333333333333,0.0021657674
mendeley/extracted/Bangla Audio Dataset Original and DeepFake Voices for AI-Based Voice Analysis and Detection/Dataset/S1F04/Real/10.wav,0,MEN,MEN-S1F04,TG:388cb19343cb520a,-3.0175781,1,0.3175,0.046638038
mendeley/extracted/Bangla Audio Dataset Original and DeepFake Voices for AI-Based Voice Analysis and Detection/Dataset/S1F04/Real/11.wav,0,MEN,MEN-S1F04,TG:6663f3ce55d8ec7f,1.1669922,1,0.3341666666666666,0.76260096
mendeley/extracted/Bangla Audio Dataset Original and DeepFake Voices for AI-Based Voice Analysis and Detection/Dataset/S1F04/Real/12.wav,0,MEN,MEN-S1F04,TG:d3ff909607e60de8,-7.7421875,1,0.3508333333333333,0.0004339325
mendeley/extracted/Bangla Audio Dataset Original and DeepFake Voices for AI-Based Voice Analysis and Detection/Dataset/S1F04/Real/13.wav,0,MEN,MEN-S1F04,TG:713c2af6f394806f,-3.5605469,1,0.3508333333333333,0.02763772
mendeley/extracted/Bangla Audio Dataset Original and DeepFake Voices for AI-Based Voice Analysis and Detection/Dataset/S1F04/Real/14.wav,0,MEN,MEN-S1F04,TG:40c1016845dcdc60,-7.0742188,1,0.3675,0.0008459375
mendeley/extracted/Bangla Audio Dataset Original and DeepFake Voices for AI-Based Voice Analysis and Detection/Dataset/S1F04/Real/15.wav,0,MEN,MEN-S1F04,TG:210364c8aadbef3a,-5.1367188,1,0.3675,0.005842605
mendeley/extracted/Bangla Audio Dataset Original and DeepFake Voices for AI-Based Voice Analysis and Detection/Dataset/S1F04/Real/16.wav,0,MEN,MEN-S1F04,TG:f263a794fb5b64e5,2.2753906,1,0.3175,0.90681833
mendeley/extracted/Bangla Audio Dataset Original and DeepFake Voices for AI-Based Voice Analysis and Detection/Dataset/S1F04/Real/17.wav,0,MEN,MEN-S1F04,TG:ba06269e11aa0648,-2.7363281,1,0.3675,0.060863446
mendeley/extracted/Bangla Audio Dataset Original and DeepFake Voices for AI-Based Voice Analysis and Detection/Dataset/S1F04/Real/18.wav,0,MEN,MEN-S1F04,TG:a06e050050b3f438,-2.9628906,1,0.5508333333333333,0.049130786
mendeley/extracted/Bangla Audio Dataset Original and DeepFake Voices for AI-Based Voice Analysis and Detection/Dataset/S1F04/Real/19.wav,0,MEN,MEN-S1F04,TG:9a7eea3d42c2dfa3,-1.6601562,1,0.3508333333333333,0.15974101
mendeley/extracted/Bangla Audio Dataset Original and DeepFake Voices for AI-Based Voice Analysis and Detection/Dataset/S1F04/Real/2.wav,0,MEN,MEN-S1F04,TG:4ff8497e59c46949,-1.9824219,1,0.5508333333333333,0.1210609
mendeley/extracted/Bangla Audio Dataset Original and DeepFake Voices for AI-Based Voice Analysis and Detection/Dataset/S1F04/Real/20.wav,0,MEN,MEN-S1F04,TG:9f86ecadb4b2b5e8,-1.9560547,1,0.3341666666666666,0.12389466
mendeley/extracted/Bangla Audio Dataset Original and DeepFake Voices for AI-Based Voice Analysis and Detection/Dataset/S1F04/Real/21.wav,0,MEN,MEN-S1F04,TG:224581f07ca68840,-0.7397461,1,0.3341666666666666,0.32305968
mendeley/extracted/Bangla Audio Dataset Original and DeepFake Voices for AI-Based Voice Analysis and Detection/Dataset/S1F04/Real/22.wav,0,MEN,MEN-S1F04,TG:cdf2b766d6b5e166,0.15490723,1,0.3341666666666666,0.53864956
mendeley/extracted/Bangla Audio Dataset Original and DeepFake Voices for AI-Based Voice Analysis and Detection/Dataset/S1F04/Real/23.wav,0,MEN,MEN-S1F04,TG:33b99dc1f5f3c11d,-10.375,1,0.4008333333333334,3.120191e-05
mendeley/extracted/Bangla Audio Dataset Original and DeepFake Voices for AI-Based Voice Analysis and Detection/Dataset/S1F04/Real/24.wav,0,MEN,MEN-S1F04,TG:eea9ea1fd2041b22,-5.5351562,1,0.4008333333333334,0.0039300853
mendeley/extracted/Bangla Audio Dataset Original and DeepFake Voices for AI-Based Voice Analysis and Detection/Dataset/S1F04/Real/25.wav,0,MEN,MEN-S1F04,TG:a7e7a70438f10a1d,-4.390625,1,0.3841666666666666,0.012241275
mendeley/extracted/Bangla Audio Dataset Original and DeepFake Voices for AI-Based Voice Analysis and Detection/Dataset/S1F04/Real/26.wav,0,MEN,MEN-S1F04,TG:6fe89ab891f32c4e,-3.7597656,1,0.3841666666666666,0.022759154
mendeley/extracted/Bangla Audio Dataset Original and DeepFake Voices for AI-Based Voice Analysis and Detection/Dataset/S1F04/Real/27.wav,0,MEN,MEN-S1F04,TG:2c5f8f2f6f8c1b98,-2.28125,1,0.4341666666666667,0.09268778
mendeley/extracted/Bangla Audio Dataset Original and DeepFake Voices for AI-Based Voice Analysis and Detection/Dataset/S1F04/Real/28.wav,0,MEN,MEN-S1F04,TG:6283d6f65cda971a,-7.6132812,1,0.4675,0.000493605
mendeley/extracted/Bangla Audio Dataset Original and DeepFake Voices for AI-Based Voice Analysis and Detection/Dataset/S1F04/Real/29.wav,0,MEN,MEN-S1F04,TG:8544d87f606d70e6,-6.9609375,1,0.3675,0.00094730896
mendeley/extracted/Bangla Audio Dataset Original and DeepFake Voices for AI-Based Voice Analysis and Detection/Dataset/S1F04/Real/3.wav,0,MEN,MEN-S1F04,TG:79dd086d061de522,-1.7949219,1,0.4508333333333333,0.14247034
mendeley/extracted/Bangla Audio Dataset Original and DeepFake Voices for AI-Based Voice Analysis and Detection/Dataset/S1F04/Real/30.wav,0,MEN,MEN-S1F04,TG:c7b089fc1ba419ab,-1.6835938,1,0.3341666666666666,0.15662017
mendeley/extracted/Bangla Audio Dataset Original and DeepFake Voices for AI-Based Voice Analysis and Detection/Dataset/S1F04/Real/4.wav,0,MEN,MEN-S1F04,TG:4d5fe26cc7778810,-0.80566406,1,0.4341666666666667,0.3088152
mendeley/extracted/Bangla Audio Dataset Original and DeepFake Voices for AI-Based Voice Analysis and Detection/Dataset/S1F04/Real/5.wav,0,MEN,MEN-S1F04,TG:5adc5ae46d5a5744,-7.5703125,1,0.3508333333333333,0.0005152657
mendeley/extracted/Bangla Audio Dataset Original and DeepFake Voices for AI-Based Voice Analysis and Detection/Dataset/S1F04/Real/6.wav,0,MEN,MEN-S1F04,TG:ceba938af43c06ae,-7.4648438,1,0.3675,0.00057254656
mendeley/extracted/Bangla Audio Dataset Original and DeepFake Voices for AI-Based Voice Analysis and Detection/Dataset/S1F04/Real/7.wav,0,MEN,MEN-S1F04,TG:4c7966295caf20ad,-2.9433594,1,0.3675,0.05005131
mendeley/extracted/Bangla Audio Dataset Original and DeepFake Voices for AI-Based Voice Analysis and Detection/Dataset/S1F04/Real/8.wav,0,MEN,MEN-S1F04,TG:a108bfb385dd7acb,2.65625,1,0.3508333333333333,0.93439513
mendeley/extracted/Bangla Audio Dataset Original and DeepFake Voices for AI-Based Voice Analysis and Detection/Dataset/S1F04/Real/9.wav,0,MEN,MEN-S1F04,TG:2a9989c6f851b5a4,-2.3808594,1,0.3841666666666666,0.08464396
mendeley/extracted/Bangla Audio Dataset Original and DeepFake Voices for AI-Based Voice Analysis and Detection/Dataset/S1F05/Fake/1.wav,1,MEN,MEN-S1F05,TG:8388d9ee191bd954,0.8378906,1,0.6258333333333334,0.6980208
mendeley/extracted/Bangla Audio Dataset Original and DeepFake Voices for AI-Based Voice Analysis and Detection/Dataset/S1F05/Fake/10.wav,1,MEN,MEN-S1F05,TG:388cb19343cb520a,-9.1796875,1,0.4508333333333333,0.000103102124
mendeley/extracted/Bangla Audio Dataset Original and DeepFake Voices for AI-Based Voice Analysis and Detection/Dataset/S1F05/Fake/11.wav,1,MEN,MEN-S1F05,TG:6663f3ce55d8ec7f,1.0175781,1,0.2941666666666667,0.7345006
mendeley/extracted/Bangla Audio Dataset Original and DeepFake Voices for AI-Based Voice Analysis and Detection/Dataset/S1F05/Fake/12.wav,1,MEN,MEN-S1F05,TG:d3ff909607e60de8,-7.8164062,1,0.3225,0.0004029052
mendeley/extracted/Bangla Audio Dataset Original and DeepFake Voices for AI-Based Voice Analysis and Detection/Dataset/S1F05/Fake/13.wav,1,MEN,MEN-S1F05,TG:713c2af6f394806f,5.6953125,1,0.4408333333333333,0.99664956
mendeley/extracted/Bangla Audio Dataset Original and DeepFake Voices for AI-Based Voice Analysis and Detection/Dataset/S1F05/Fake/14.wav,1,MEN,MEN-S1F05,TG:40c1016845dcdc60,-9.15625,1,0.4091666666666667,0.00010554686
mendeley/extracted/Bangla Audio Dataset Original and DeepFake Voices for AI-Based Voice Analysis and Detection/Dataset/S1F05/Fake/15.wav,1,MEN,MEN-S1F05,TG:210364c8aadbef3a,-10.265625,1,0.4525,3.4808123e-05
mendeley/extracted/Bangla Audio Dataset Original and DeepFake Voices for AI-Based Voice Analysis and Detection/Dataset/S1F05/Fake/16.wav,1,MEN,MEN-S1F05,TG:f263a794fb5b64e5,5.0976562,1,0.4775,0.9939261
mendeley/extracted/Bangla Audio Dataset Original and DeepFake Voices for AI-Based Voice Analysis and Detection/Dataset/S1F05/Fake/17.wav,1,MEN,MEN-S1F05,TG:ba06269e11aa0648,-6.8359375,1,0.4008333333333334,0.0010733063
mendeley/extracted/Bangla Audio Dataset Original and DeepFake Voices for AI-Based Voice Analysis and Detection/Dataset/S1F05/Fake/18.wav,1,MEN,MEN-S1F05,TG:a06e050050b3f438,-0.027801514,1,0.4725,0.49305007
mendeley/extracted/Bangla Audio Dataset Original and DeepFake Voices for AI-Based Voice Analysis and Detection/Dataset/S1F05/Fake/19.wav,1,MEN,MEN-S1F05,TG:9a7eea3d42c2dfa3,-8.4609375,1,0.5275000000000001,0.00021152887
mendeley/extracted/Bangla Audio Dataset Original and DeepFake Voices for AI-Based Voice Analysis and Detection/Dataset/S1F05/Fake/2.wav,1,MEN,MEN-S1F05,TG:4ff8497e59c46949,-6.8984375,1,0.5075000000000001,0.0010083435
mendeley/extracted/Bangla Audio Dataset Original and DeepFake Voices for AI-Based Voice Analysis and Detection/Dataset/S1F05/Fake/20.wav,1,MEN,MEN-S1F05,TG:9f86ecadb4b2b5e8,-3.8007812,1,0.3508333333333333,0.021864556
mendeley/extracted/Bangla Audio Dataset Original and DeepFake Voices for AI-Based Voice Analysis and Detection/Dataset/S1F05/Fake/21.wav,1,MEN,MEN-S1F05,TG:224581f07ca68840,-9.015625,1,0.3075,0.00012148176
mendeley/extracted/Bangla Audio Dataset Original and DeepFake Voices for AI-Based Voice Analysis and Detection/Dataset/S1F05/Fake/22.wav,1,MEN,MEN-S1F05,TG:cdf2b766d6b5e166,8.6640625,1,0.2991666666666667,0.9998273
mendeley/extracted/Bangla Audio Dataset Original and DeepFake Voices for AI-Based Voice Analysis and Detection/Dataset/S1F05/Fake/23.wav,1,MEN,MEN-S1F05,TG:33b99dc1f5f3c11d,-7.7265625,1,0.2008333333333333,0.00044076296
mendeley/extracted/Bangla Audio Dataset Original and DeepFake Voices for AI-Based Voice Analysis and Detection/Dataset/S1F05/Fake/24.wav,1,MEN,MEN-S1F05,TG:eea9ea1fd2041b22,-2.5449219,1,0.4475,0.07276838
mendeley/extracted/Bangla Audio Dataset Original and DeepFake Voices for AI-Based Voice Analysis and Detection/Dataset/S1F05/Fake/25.wav,1,MEN,MEN-S1F05,TG:a7e7a70438f10a1d,-13.453125,1,0.4191666666666667,1.4367507e-06
mendeley/extracted/Bangla Audio Dataset Original and DeepFake Voices for AI-Based Voice Analysis and Detection/Dataset/S1F05/Fake/26.wav,1,MEN,MEN-S1F05,TG:6fe89ab891f32c4e,-6.8828125,1,0.2141666666666666,0.0010242064
mendeley/extracted/Bangla Audio Dataset Original and DeepFake Voices for AI-Based Voice Analysis and Detection/Dataset/S1F05/Fake/27.wav,1,MEN,MEN-S1F05,TG:2c5f8f2f6f8c1b98,-1.0361328,1,0.4958333333333333,0.26189688
mendeley/extracted/Bangla Audio Dataset Original and DeepFake Voices for AI-Based Voice Analysis and Detection/Dataset/S1F05/Fake/28.wav,1,MEN,MEN-S1F05,TG:6283d6f65cda971a,-10.59375,1,0.4708333333333333,2.5071593e-05
mendeley/extracted/Bangla Audio Dataset Original and DeepFake Voices for AI-Based Voice Analysis and Detection/Dataset/S1F05/Fake/29.wav,1,MEN,MEN-S1F05,TG:8544d87f606d70e6,-9.5234375,1,0.2658333333333333,7.311254e-05
mendeley/extracted/Bangla Audio Dataset Original and DeepFake Voices for AI-Based Voice Analysis and Detection/Dataset/S1F05/Fake/3.wav,1,MEN,MEN-S1F05,TG:79dd086d061de522,-3.2480469,1,0.5391666666666667,0.037397135
mendeley/extracted/Bangla Audio Dataset Original and DeepFake Voices for AI-Based Voice Analysis and Detection/Dataset/S1F05/Fake/30.wav,1,MEN,MEN-S1F05,TG:c7b089fc1ba419ab,7.125,1,0.3675,0.9991959
mendeley/extracted/Bangla Audio Dataset Original and DeepFake Voices for AI-Based Voice Analysis and Detection/Dataset/S1F05/Fake/4.wav,1,MEN,MEN-S1F05,TG:4d5fe26cc7778810,-5.2617188,1,0.5441666666666667,0.005159623
mendeley/extracted/Bangla Audio Dataset Original and DeepFake Voices for AI-Based Voice Analysis and Detection/Dataset/S1F05/Fake/5.wav,1,MEN,MEN-S1F05,TG:5adc5ae46d5a5744,-4.1757812,1,0.3791666666666666,0.015130728
mendeley/extracted/Bangla Audio Dataset Original and DeepFake Voices for AI-Based Voice Analysis and Detection/Dataset/S1F05/Fake/6.wav,1,MEN,MEN-S1F05,TG:ceba938af43c06ae,-1.2148438,1,0.5125,0.22884515
mendeley/extracted/Bangla Audio Dataset Original and DeepFake Voices for AI-Based Voice Analysis and Detection/Dataset/S1F05/Fake/7.wav,1,MEN,MEN-S1F05,TG:4c7966295caf20ad,-0.8066406,1,0.4158333333333334,0.30860683
mendeley/extracted/Bangla Audio Dataset Original and DeepFake Voices for AI-Based Voice Analysis and Detection/Dataset/S1F05/Fake/8.wav,1,MEN,MEN-S1F05,TG:a108bfb385dd7acb,-2.15625,1,0.4291666666666667,0.10374862
mendeley/extracted/Bangla Audio Dataset Original and DeepFake Voices for AI-Based Voice Analysis and Detection/Dataset/S1F05/Fake/9.wav,1,MEN,MEN-S1F05,TG:2a9989c6f851b5a4,-2.3886719,1,0.4591666666666666,0.08404061
mendeley/extracted/Bangla Audio Dataset Original and DeepFake Voices for AI-Based Voice Analysis and Detection/Dataset/S1F05/Real/1.wav,0,MEN,MEN-S1F05,TG:8388d9ee191bd954,-5.6289062,1,0.5008333333333334,0.0035796424
mendeley/extracted/Bangla Audio Dataset Original and DeepFake Voices for AI-Based Voice Analysis and Detection/Dataset/S1F05/Real/10.wav,0,MEN,MEN-S1F05,TG:388cb19343cb520a,-0.6665039,1,0.4508333333333333,0.33928013
mendeley/extracted/Bangla Audio Dataset Original and DeepFake Voices for AI-Based Voice Analysis and Detection/Dataset/S1F05/Real/11.wav,0,MEN,MEN-S1F05,TG:6663f3ce55d8ec7f,-3.7578125,1,0.3508333333333333,0.022802638
mendeley/extracted/Bangla Audio Dataset Original and DeepFake Voices for AI-Based Voice Analysis and Detection/Dataset/S1F05/Real/12.wav,0,MEN,MEN-S1F05,TG:d3ff909607e60de8,-4.8359375,1,0.4008333333333334,0.007876706
mendeley/extracted/Bangla Audio Dataset Original and DeepFake Voices for AI-Based Voice Analysis and Detection/Dataset/S1F05/Real/13.wav,0,MEN,MEN-S1F05,TG:713c2af6f394806f,-4.7695312,1,0.4008333333333334,0.008412978
mendeley/extracted/Bangla Audio Dataset Original and DeepFake Voices for AI-Based Voice Analysis and Detection/Dataset/S1F05/Real/14.wav,0,MEN,MEN-S1F05,TG:40c1016845dcdc60,-6.3515625,1,0.4341666666666667,0.0017409837
mendeley/extracted/Bangla Audio Dataset Original and DeepFake Voices for AI-Based Voice Analysis and Detection/Dataset/S1F05/Real/15.wav,0,MEN,MEN-S1F05,TG:210364c8aadbef3a,-9.203125,1,0.4675,0.000100713994
mendeley/extracted/Bangla Audio Dataset Original and DeepFake Voices for AI-Based Voice Analysis and Detection/Dataset/S1F05/Real/16.wav,0,MEN,MEN-S1F05,TG:f263a794fb5b64e5,5.265625,1,0.4508333333333333,0.99486035
mendeley/extracted/Bangla Audio Dataset Original and DeepFake Voices for AI-Based Voice Analysis and Detection/Dataset/S1F05/Real/17.wav,0,MEN,MEN-S1F05,TG:ba06269e11aa0648,-5.4140625,1,0.4175,0.004433765
mendeley/extracted/Bangla Audio Dataset Original and DeepFake Voices for AI-Based Voice Analysis and Detection/Dataset/S1F05/Real/18.wav,0,MEN,MEN-S1F05,TG:a06e050050b3f438,-5.2578125,1,0.5341666666666667,0.0051797125
mendeley/extracted/Bangla Audio Dataset Original and DeepFake Voices for AI-Based Voice Analysis and Detection/Dataset/S1F05/Real/19.wav,0,MEN,MEN-S1F05,TG:9a7eea3d42c2dfa3,0.10357666,1,0.4508333333333333,0.52587104
mendeley/extracted/Bangla Audio Dataset Original and DeepFake Voices for AI-Based Voice Analysis and Detection/Dataset/S1F05/Real/2.wav,0,MEN,MEN-S1F05,TG:4ff8497e59c46949,-4.1328125,1,0.4841666666666666,0.015784562
mendeley/extracted/Bangla Audio Dataset Original and DeepFake Voices for AI-Based Voice Analysis and Detection/Dataset/S1F05/Real/20.wav,0,MEN,MEN-S1F05,TG:9f86ecadb4b2b5e8,-3.0332031,1,0.3508333333333333,0.045948204
mendeley/extracted/Bangla Audio Dataset Original and DeepFake Voices for AI-Based Voice Analysis and Detection/Dataset/S1F05/Real/21.wav,0,MEN,MEN-S1F05,TG:224581f07ca68840,-5.9023438,1,0.4008333333333334,0.0027255828
mendeley/extracted/Bangla Audio Dataset Original and DeepFake Voices for AI-Based Voice Analysis and Detection/Dataset/S1F05/Real/22.wav,0,MEN,MEN-S1F05,TG:cdf2b766d6b5e166,-2.0683594,1,0.4008333333333334,0.11221038
mendeley/extracted/Bangla Audio Dataset Original and DeepFake Voices for AI-Based Voice Analysis and Detection/Dataset/S1F05/Real/23.wav,0,MEN,MEN-S1F05,TG:33b99dc1f5f3c11d,-4.8085938,1,0.4508333333333333,0.00809329
mendeley/extracted/Bangla Audio Dataset Original and DeepFake Voices for AI-Based Voice Analysis and Detection/Dataset/S1F05/Real/24.wav,0,MEN,MEN-S1F05,TG:eea9ea1fd2041b22,-1.2070312,1,0.4008333333333334,0.23022674
mendeley/extracted/Bangla Audio Dataset Original and DeepFake Voices for AI-Based Voice Analysis and Detection/Dataset/S1F05/Real/25.wav,0,MEN,MEN-S1F05,TG:a7e7a70438f10a1d,0.34179688,1,0.3841666666666666,0.584627
mendeley/extracted/Bangla Audio Dataset Original and DeepFake Voices for AI-Based Voice Analysis and Detection/Dataset/S1F05/Real/26.wav,0,MEN,MEN-S1F05,TG:6fe89ab891f32c4e,-3.9492188,1,0.4675,0.018905446
mendeley/extracted/Bangla Audio Dataset Original and DeepFake Voices for AI-Based Voice Analysis and Detection/Dataset/S1F05/Real/27.wav,0,MEN,MEN-S1F05,TG:2c5f8f2f6f8c1b98,-5.3476562,1,0.5008333333333334,0.0047367495
mendeley/extracted/Bangla Audio Dataset Original and DeepFake Voices for AI-Based Voice Analysis and Detection/Dataset/S1F05/Real/28.wav,0,MEN,MEN-S1F05,TG:6283d6f65cda971a,-8.1953125,1,0.5175000000000001,0.0002758679
mendeley/extracted/Bangla Audio Dataset Original and DeepFake Voices for AI-Based Voice Analysis and Detection/Dataset/S1F05/Real/29.wav,0,MEN,MEN-S1F05,TG:8544d87f606d70e6,-2.5507812,1,0.4008333333333334,0.072374016
mendeley/extracted/Bangla Audio Dataset Original and DeepFake Voices for AI-Based Voice Analysis and Detection/Dataset/S1F05/Real/3.wav,0,MEN,MEN-S1F05,TG:79dd086d061de522,-3.1308594,1,0.4175,0.04185213
mendeley/extracted/Bangla Audio Dataset Original and DeepFake Voices for AI-Based Voice Analysis and Detection/Dataset/S1F05/Real/30.wav,0,MEN,MEN-S1F05,TG:c7b089fc1ba419ab,4.2851562,1,0.4175,0.9864157
mendeley/extracted/Bangla Audio Dataset Original and DeepFake Voices for AI-Based Voice Analysis and Detection/Dataset/S1F05/Real/4.wav,0,MEN,MEN-S1F05,TG:4d5fe26cc7778810,-3.4941406,1,0.4508333333333333,0.02947941
mendeley/extracted/Bangla Audio Dataset Original and DeepFake Voices for AI-Based Voice Analysis and Detection/Dataset/S1F05/Real/5.wav,0,MEN,MEN-S1F05,TG:5adc5ae46d5a5744,-5.265625,1,0.3675,0.0051396107
mendeley/extracted/Bangla Audio Dataset Original and DeepFake Voices for AI-Based Voice Analysis and Detection/Dataset/S1F05/Real/6.wav,0,MEN,MEN-S1F05,TG:ceba938af43c06ae,-7.8242188,1,0.4841666666666666,0.00039977106
mendeley/extracted/Bangla Audio Dataset Original and DeepFake Voices for AI-Based Voice Analysis and Detection/Dataset/S1F05/Real/7.wav,0,MEN,MEN-S1F05,TG:4c7966295caf20ad,-4.5742188,1,0.4175,0.010209055
mendeley/extracted/Bangla Audio Dataset Original and DeepFake Voices for AI-Based Voice Analysis and Detection/Dataset/S1F05/Real/8.wav,0,MEN,MEN-S1F05,TG:a108bfb385dd7acb,-0.97753906,1,0.4175,0.27338037
mendeley/extracted/Bangla Audio Dataset Original and DeepFake Voices for AI-Based Voice Analysis and Detection/Dataset/S1F05/Real/9.wav,0,MEN,MEN-S1F05,TG:2a9989c6f851b5a4,-6.6835938,1,0.4341666666666667,0.0012497095
mendeley/extracted/Bangla Audio Dataset Original and DeepFake Voices for AI-Based Voice Analysis and Detection/Dataset/S1M01/Fake/1.wav,1,MEN,MEN-S1M01,TG:8388d9ee191bd954,-5.8085938,1,0.5391666666666667,0.0029926654
mendeley/extracted/Bangla Audio Dataset Original and DeepFake Voices for AI-Based Voice Analysis and Detection/Dataset/S1M01/Fake/10.wav,1,MEN,MEN-S1M01,TG:388cb19343cb520a,-9.0078125,1,0.3508333333333333,0.00012243443
mendeley/extracted/Bangla Audio Dataset Original and DeepFake Voices for AI-Based Voice Analysis and Detection/Dataset/S1M01/Fake/11.wav,1,MEN,MEN-S1M01,TG:6663f3ce55d8ec7f,-8.125,1,0.2658333333333333,0.0002959571
mendeley/extracted/Bangla Audio Dataset Original and DeepFake Voices for AI-Based Voice Analysis and Detection/Dataset/S1M01/Fake/12.wav,1,MEN,MEN-S1M01,TG:d3ff909607e60de8,-7.8203125,1,0.2891666666666667,0.00040133507
mendeley/extracted/Bangla Audio Dataset Original and DeepFake Voices for AI-Based Voice Analysis and Detection/Dataset/S1M01/Fake/13.wav,1,MEN,MEN-S1M01,TG:713c2af6f394806f,-3.0800781,1,0.3458333333333333,0.043936532
mendeley/extracted/Bangla Audio Dataset Original and DeepFake Voices for AI-Based Voice Analysis and Detection/Dataset/S1M01/Fake/14.wav,1,MEN,MEN-S1M01,TG:40c1016845dcdc60,-11.3828125,1,0.2891666666666667,1.138944e-05
mendeley/extracted/Bangla Audio Dataset Original and DeepFake Voices for AI-Based Voice Analysis and Detection/Dataset/S1M01/Fake/15.wav,1,MEN,MEN-S1M01,TG:210364c8aadbef3a,-7.5585938,1,0.3708333333333333,0.00052133633
mendeley/extracted/Bangla Audio Dataset Original and DeepFake Voices for AI-Based Voice Analysis and Detection/Dataset/S1M01/Fake/16.wav,1,MEN,MEN-S1M01,TG:f263a794fb5b64e5,-4.1875,1,0.3758333333333333,0.014957086
mendeley/extracted/Bangla Audio Dataset Original and DeepFake Voices for AI-Based Voice Analysis and Detection/Dataset/S1M01/Fake/17.wav,1,MEN,MEN-S1M01,TG:ba06269e11aa0648,-9.25,1,0.3891666666666666,9.610241e-05
mendeley/extracted/Bangla Audio Dataset Original and DeepFake Voices for AI-Based Voice Analysis and Detection/Dataset/S1M01/Fake/18.wav,1,MEN,MEN-S1M01,TG:a06e050050b3f438,-7.859375,1,0.4408333333333333,0.0003859661
mendeley/extracted/Bangla Audio Dataset Original and DeepFake Voices for AI-Based Voice Analysis and Detection/Dataset/S1M01/Fake/19.wav,1,MEN,MEN-S1M01,TG:9a7eea3d42c2dfa3,-8.9140625,1,0.4408333333333333,0.0001344663
mendeley/extracted/Bangla Audio Dataset Original and DeepFake Voices for AI-Based Voice Analysis and Detection/Dataset/S1M01/Fake/2.wav,1,MEN,MEN-S1M01,TG:4ff8497e59c46949,-9.4375,1,0.4041666666666667,7.967302e-05
mendeley/extracted/Bangla Audio Dataset Original and DeepFake Voices for AI-Based Voice Analysis and Detection/Dataset/S1M01/Fake/20.wav,1,MEN,MEN-S1M01,TG:9f86ecadb4b2b5e8,-8.2421875,1,0.3175,0.00026323833
mendeley/extracted/Bangla Audio Dataset Original and DeepFake Voices for AI-Based Voice Analysis and Detection/Dataset/S1M01/Fake/21.wav,1,MEN,MEN-S1M01,TG:224581f07ca68840,-6.6367188,1,0.2908333333333334,0.0013096055
mendeley/extracted/Bangla Audio Dataset Original and DeepFake Voices for AI-Based Voice Analysis and Detection/Dataset/S1M01/Fake/22.wav,1,MEN,MEN-S1M01,TG:cdf2b766d6b5e166,-6.453125,1,0.3941666666666666,0.0015731121
mendeley/extracted/Bangla Audio Dataset Original and DeepFake Voices for AI-Based Voice Analysis and Detection/Dataset/S1M01/Fake/23.wav,1,MEN,MEN-S1M01,TG:33b99dc1f5f3c11d,-8.796875,1,0.1308333333333333,0.00015118199
mendeley/extracted/Bangla Audio Dataset Original and DeepFake Voices for AI-Based Voice Analysis and Detection/Dataset/S1M01/Fake/24.wav,1,MEN,MEN-S1M01,TG:eea9ea1fd2041b22,-8.3046875,1,0.0891666666666666,0.00024729347
mendeley/extracted/Bangla Audio Dataset Original and DeepFake Voices for AI-Based Voice Analysis and Detection/Dataset/S1M01/Fake/25.wav,1,MEN,MEN-S1M01,TG:a7e7a70438f10a1d,-8.578125,1,0.3241666666666667,0.00018814209
mendeley/extracted/Bangla Audio Dataset Original and DeepFake Voices for AI-Based Voice Analysis and Detection/Dataset/S1M01/Fake/26.wav,1,MEN,MEN-S1M01,TG:6fe89ab891f32c4e,-11.375,1,0.0608333333333332,1.1478767e-05
mendeley/extracted/Bangla Audio Dataset Original and DeepFake Voices for AI-Based Voice Analysis and Detection/Dataset/S1M01/Fake/27.wav,1,MEN,MEN-S1M01,TG:2c5f8f2f6f8c1b98,-9.7734375,1,0.2708333333333333,5.694103e-05
mendeley/extracted/Bangla Audio Dataset Original and DeepFake Voices for AI-Based Voice Analysis and Detection/Dataset/S1M01/Fake/28.wav,1,MEN,MEN-S1M01,TG:6283d6f65cda971a,-7.484375,1,0.4791666666666666,0.00056147884
mendeley/extracted/Bangla Audio Dataset Original and DeepFake Voices for AI-Based Voice Analysis and Detection/Dataset/S1M01/Fake/29.wav,1,MEN,MEN-S1M01,TG:8544d87f606d70e6,-1.9208984,1,0.1825,0.12776141
mendeley/extracted/Bangla Audio Dataset Original and DeepFake Voices for AI-Based Voice Analysis and Detection/Dataset/S1M01/Fake/3.wav,1,MEN,MEN-S1M01,TG:79dd086d061de522,-8.5234375,1,0.5141666666666667,0.00019871553
mendeley/extracted/Bangla Audio Dataset Original and DeepFake Voices for AI-Based Voice Analysis and Detection/Dataset/S1M01/Fake/30.wav,1,MEN,MEN-S1M01,TG:c7b089fc1ba419ab,-5.2304688,1,0.2441666666666666,0.0053225355
mendeley/extracted/Bangla Audio Dataset Original and DeepFake Voices for AI-Based Voice Analysis and Detection/Dataset/S1M01/Fake/4.wav,1,MEN,MEN-S1M01,TG:4d5fe26cc7778810,-4.265625,1,0.5108333333333333,0.01384861
mendeley/extracted/Bangla Audio Dataset Original and DeepFake Voices for AI-Based Voice Analysis and Detection/Dataset/S1M01/Fake/5.wav,1,MEN,MEN-S1M01,TG:5adc5ae46d5a5744,-6.2304688,1,0.4675,0.0019646613
mendeley/extracted/Bangla Audio Dataset Original and DeepFake Voices for AI-Based Voice Analysis and Detection/Dataset/S1M01/Fake/6.wav,1,MEN,MEN-S1M01,TG:ceba938af43c06ae,-10.6015625,1,0.4791666666666666,2.487649e-05
mendeley/extracted/Bangla Audio Dataset Original and DeepFake Voices for AI-Based Voice Analysis and Detection/Dataset/S1M01/Fake/7.wav,1,MEN,MEN-S1M01,TG:4c7966295caf20ad,-3.7441406,1,0.3941666666666666,0.023109278
mendeley/extracted/Bangla Audio Dataset Original and DeepFake Voices for AI-Based Voice Analysis and Detection/Dataset/S1M01/Fake/8.wav,1,MEN,MEN-S1M01,TG:a108bfb385dd7acb,-9.4140625,1,0.2574999999999999,8.156225e-05
mendeley/extracted/Bangla Audio Dataset Original and DeepFake Voices for AI-Based Voice Analysis and Detection/Dataset/S1M01/Fake/9.wav,1,MEN,MEN-S1M01,TG:2a9989c6f851b5a4,-10.0546875,1,0.4558333333333333,4.298194e-05
mendeley/extracted/Bangla Audio Dataset Original and DeepFake Voices for AI-Based Voice Analysis and Detection/Dataset/S1M01/Real/1.wav,0,MEN,MEN-S1M01,TG:8388d9ee191bd954,-13.515625,1,0.5008333333333334,1.3497025e-06
mendeley/extracted/Bangla Audio Dataset Original and DeepFake Voices for AI-Based Voice Analysis and Detection/Dataset/S1M01/Real/10.wav,0,MEN,MEN-S1M01,TG:388cb19343cb520a,-15.71875,1,0.5008333333333334,1.4908488e-07
mendeley/extracted/Bangla Audio Dataset Original and DeepFake Voices for AI-Based Voice Analysis and Detection/Dataset/S1M01/Real/11.wav,0,MEN,MEN-S1M01,TG:6663f3ce55d8ec7f,-12.7578125,1,0.5341666666666667,2.8797258e-06
mendeley/extracted/Bangla Audio Dataset Original and DeepFake Voices for AI-Based Voice Analysis and Detection/Dataset/S1M01/Real/12.wav,0,MEN,MEN-S1M01,TG:d3ff909607e60de8,-19.875,1,0.5225,2.335593e-09
mendeley/extracted/Bangla Audio Dataset Original and DeepFake Voices for AI-Based Voice Analysis and Detection/Dataset/S1M01/Real/13.wav,0,MEN,MEN-S1M01,TG:713c2af6f394806f,-10.7109375,1,0.4475,2.2299198e-05
mendeley/extracted/Bangla Audio Dataset Original and DeepFake Voices for AI-Based Voice Analysis and Detection/Dataset/S1M01/Real/14.wav,0,MEN,MEN-S1M01,TG:40c1016845dcdc60,-12.359375,1,0.5208333333333333,4.289333e-06
mendeley/extracted/Bangla Audio Dataset Original and DeepFake Voices for AI-Based Voice Analysis and Detection/Dataset/S1M01/Real/15.wav,0,MEN,MEN-S1M01,TG:210364c8aadbef3a,-19.28125,1,0.5308333333333333,4.2292125e-09
mendeley/extracted/Bangla Audio Dataset Original and DeepFake Voices for AI-Based Voice Analysis and Detection/Dataset/S1M01/Real/16.wav,0,MEN,MEN-S1M01,TG:f263a794fb5b64e5,-12.859375,1,0.4991666666666666,2.6016164e-06
mendeley/extracted/Bangla Audio Dataset Original and DeepFake Voices for AI-Based Voice Analysis and Detection/Dataset/S1M01/Real/17.wav,0,MEN,MEN-S1M01,TG:ba06269e11aa0648,-14.1328125,1,0.4891666666666666,7.281103e-07
mendeley/extracted/Bangla Audio Dataset Original and DeepFake Voices for AI-Based Voice Analysis and Detection/Dataset/S1M01/Real/18.wav,0,MEN,MEN-S1M01,TG:a06e050050b3f438,-13.0703125,1,0.6225,2.106854e-06
mendeley/extracted/Bangla Audio Dataset Original and DeepFake Voices for AI-Based Voice Analysis and Detection/Dataset/S1M01/Real/19.wav,0,MEN,MEN-S1M01,TG:9a7eea3d42c2dfa3,-20.609375,1,0.5675,1.1206299e-09
mendeley/extracted/Bangla Audio Dataset Original and DeepFake Voices for AI-Based Voice Analysis and Detection/Dataset/S1M01/Real/2.wav,0,MEN,MEN-S1M01,TG:4ff8497e59c46949,-8.2109375,1,0.4841666666666666,0.00027159214
mendeley/extracted/Bangla Audio Dataset Original and DeepFake Voices for AI-Based Voice Analysis and Detection/Dataset/S1M01/Real/20.wav,0,MEN,MEN-S1M01,TG:9f86ecadb4b2b5e8,-13.9765625,1,0.4041666666666667,8.5124714e-07
mendeley/extracted/Bangla Audio Dataset Original and DeepFake Voices for AI-Based Voice Analysis and Detection/Dataset/S1M01/Real/21.wav,0,MEN,MEN-S1M01,TG:224581f07ca68840,-19.65625,1,0.4658333333333333,2.9066927e-09
mendeley/extracted/Bangla Audio Dataset Original and DeepFake Voices for AI-Based Voice Analysis and Detection/Dataset/S1M01/Real/22.wav,0,MEN,MEN-S1M01,TG:cdf2b766d6b5e166,-13.8203125,1,0.4841666666666666,9.952086e-07
mendeley/extracted/Bangla Audio Dataset Original and DeepFake Voices for AI-Based Voice Analysis and Detection/Dataset/S1M01/Real/23.wav,0,MEN,MEN-S1M01,TG:33b99dc1f5f3c11d,-15.03125,1,0.4575,2.964906e-07
mendeley/extracted/Bangla Audio Dataset Original and DeepFake Voices for AI-Based Voice Analysis and Detection/Dataset/S1M01/Real/24.wav,0,MEN,MEN-S1M01,TG:eea9ea1fd2041b22,-11.6953125,1,0.5558333333333334,8.332719e-06
mendeley/extracted/Bangla Audio Dataset Original and DeepFake Voices for AI-Based Voice Analysis and Detection/Dataset/S1M01/Real/25.wav,0,MEN,MEN-S1M01,TG:a7e7a70438f10a1d,-17.96875,1,0.4175,1.571343e-08
mendeley/extracted/Bangla Audio Dataset Original and DeepFake Voices for AI-Based Voice Analysis and Detection/Dataset/S1M01/Real/26.wav,0,MEN,MEN-S1M01,TG:6fe89ab891f32c4e,-12.9921875,1,0.5008333333333334,2.2780523e-06
mendeley/extracted/Bangla Audio Dataset Original and DeepFake Voices for AI-Based Voice Analysis and Detection/Dataset/S1M01/Real/27.wav,0,MEN,MEN-S1M01,TG:2c5f8f2f6f8c1b98,-10.9375,1,0.4675,1.7778553e-05
mendeley/extracted/Bangla Audio Dataset Original and DeepFake Voices for AI-Based Voice Analysis and Detection/Dataset/S1M01/Real/28.wav,0,MEN,MEN-S1M01,TG:6283d6f65cda971a,-9.2890625,1,0.4175,9.2421134e-05
mendeley/extracted/Bangla Audio Dataset Original and DeepFake Voices for AI-Based Voice Analysis and Detection/Dataset/S1M01/Real/29.wav,0,MEN,MEN-S1M01,TG:8544d87f606d70e6,-14.6015625,1,0.3941666666666666,4.5563993e-07
mendeley/extracted/Bangla Audio Dataset Original and DeepFake Voices for AI-Based Voice Analysis and Detection/Dataset/S1M01/Real/3.wav,0,MEN,MEN-S1M01,TG:79dd086d061de522,-9.8671875,1,0.5341666666666667,5.1845658e-05
mendeley/extracted/Bangla Audio Dataset Original and DeepFake Voices for AI-Based Voice Analysis and Detection/Dataset/S1M01/Real/30.wav,0,MEN,MEN-S1M01,TG:c7b089fc1ba419ab,-9.453125,1,0.4675,7.843789e-05
mendeley/extracted/Bangla Audio Dataset Original and DeepFake Voices for AI-Based Voice Analysis and Detection/Dataset/S1M01/Real/4.wav,0,MEN,MEN-S1M01,TG:4d5fe26cc7778810,-11.453125,1,0.5175000000000001,1.0616136e-05
mendeley/extracted/Bangla Audio Dataset Original and DeepFake Voices for AI-Based Voice Analysis and Detection/Dataset/S1M01/Real/5.wav,0,MEN,MEN-S1M01,TG:5adc5ae46d5a5744,-15.1875,1,0.5375,2.5360188e-07
mendeley/extracted/Bangla Audio Dataset Original and DeepFake Voices for AI-Based Voice Analysis and Detection/Dataset/S1M01/Real/6.wav,0,MEN,MEN-S1M01,TG:ceba938af43c06ae,-15.7109375,1,0.5158333333333334,1.5025415e-07
mendeley/extracted/Bangla Audio Dataset Original and DeepFake Voices for AI-Based Voice Analysis and Detection/Dataset/S1M01/Real/7.wav,0,MEN,MEN-S1M01,TG:4c7966295caf20ad,-12.4765625,1,0.5325,3.8150138e-06
mendeley/extracted/Bangla Audio Dataset Original and DeepFake Voices for AI-Based Voice Analysis and Detection/Dataset/S1M01/Real/8.wav,0,MEN,MEN-S1M01,TG:a108bfb385dd7acb,-17.5,1,0.5441666666666667,2.5109992e-08
mendeley/extracted/Bangla Audio Dataset Original and DeepFake Voices for AI-Based Voice Analysis and Detection/Dataset/S1M01/Real/9.wav,0,MEN,MEN-S1M01,TG:2a9989c6f851b5a4,-12.890625,1,0.5325,2.5215734e-06
mendeley/extracted/Bangla Audio Dataset Original and DeepFake Voices for AI-Based Voice Analysis and Detection/Dataset/S1M02/Fake/1.wav,1,MEN,MEN-S1M02,TG:8388d9ee191bd954,-0.25439453,1,0.4875,0.43674216
mendeley/extracted/Bangla Audio Dataset Original and DeepFake Voices for AI-Based Voice Analysis and Detection/Dataset/S1M02/Fake/10.wav,1,MEN,MEN-S1M02,TG:388cb19343cb520a,-8.9296875,1,0.3575,0.00013238186
mendeley/extracted/Bangla Audio Dataset Original and DeepFake Voices for AI-Based Voice Analysis and Detection/Dataset/S1M02/Fake/11.wav,1,MEN,MEN-S1M02,TG:6663f3ce55d8ec7f,-7.5742188,1,0.2875,0.0005132579
mendeley/extracted/Bangla Audio Dataset Original and DeepFake Voices for AI-Based Voice Analysis and Detection/Dataset/S1M02/Fake/12.wav,1,MEN,MEN-S1M02,TG:d3ff909607e60de8,-6.4609375,1,0.2574999999999999,0.0015608893
mendeley/extracted/Bangla Audio Dataset Original and DeepFake Voices for AI-Based Voice Analysis and Detection/Dataset/S1M02/Fake/13.wav,1,MEN,MEN-S1M02,TG:713c2af6f394806f,-4.7695312,1,0.2941666666666667,0.008412978
mendeley/extracted/Bangla Audio Dataset Original and DeepFake Voices for AI-Based Voice Analysis and Detection/Dataset/S1M02/Fake/14.wav,1,MEN,MEN-S1M02,TG:40c1016845dcdc60,-5.6601562,1,0.3108333333333333,0.0034698907
mendeley/extracted/Bangla Audio Dataset Original and DeepFake Voices for AI-Based Voice Analysis and Detection/Dataset/S1M02/Fake/15.wav,1,MEN,MEN-S1M02,TG:210364c8aadbef3a,-5.4882812,1,0.4225,0.0041179177
mendeley/extracted/Bangla Audio Dataset Original and DeepFake Voices for AI-Based Voice Analysis and Detection/Dataset/S1M02/Fake/16.wav,1,MEN,MEN-S1M02,TG:f263a794fb5b64e5,6.9765625,1,0.4358333333333333,0.99906737
mendeley/extracted/Bangla Audio Dataset Original and DeepFake Voices for AI-Based Voice Analysis and Detection/Dataset/S1M02/Fake/17.wav,1,MEN,MEN-S1M02,TG:ba06269e11aa0648,-12.265625,1,0.3708333333333333,4.710909e-06
mendeley/extracted/Bangla Audio Dataset Original and DeepFake Voices for AI-Based Voice Analysis and Detection/Dataset/S1M02/Fake/18.wav,1,MEN,MEN-S1M02,TG:a06e050050b3f438,-10.515625,1,0.4525,2.71088e-05
mendeley/extracted/Bangla Audio Dataset Original and DeepFake Voices for AI-Based Voice Analysis and Detection/Dataset/S1M02/Fake/19.wav,1,MEN,MEN-S1M02,TG:9a7eea3d42c2dfa3,-7.2890625,1,0.3908333333333333,0.0006825019
mendeley/extracted/Bangla Audio Dataset Original and DeepFake Voices for AI-Based Voice Analysis and Detection/Dataset/S1M02/Fake/2.wav,1,MEN,MEN-S1M02,TG:4ff8497e59c46949,-0.17773438,1,0.3641666666666666,0.455683
mendeley/extracted/Bangla Audio Dataset Original and DeepFake Voices for AI-Based Voice Analysis and Detection/Dataset/S1M02/Fake/20.wav,1,MEN,MEN-S1M02,TG:9f86ecadb4b2b5e8,-8.7890625,1,0.3441666666666666,0.00015236755
mendeley/extracted/Bangla Audio Dataset Original and DeepFake Voices for AI-Based Voice Analysis and Detection/Dataset/S1M02/Fake/21.wav,1,MEN,MEN-S1M02,TG:224581f07ca68840,-4.5664062,1,0.2341666666666666,0.010288302
mendeley/extracted/Bangla Audio Dataset Original and DeepFake Voices for AI-Based Voice Analysis and Detection/Dataset/S1M02/Fake/22.wav,1,MEN,MEN-S1M02,TG:cdf2b766d6b5e166,-1.2509766,1,0.4275,0.22253112
mendeley/extracted/Bangla Audio Dataset Original and DeepFake Voices for AI-Based Voice Analysis and Detection/Dataset/S1M02/Fake/23.wav,1,MEN,MEN-S1M02,TG:33b99dc1f5f3c11d,-6.6015625,1,0.1875,0.0013564017
mendeley/extracted/Bangla Audio Dataset Original and DeepFake Voices for AI-Based Voice Analysis and Detection/Dataset/S1M02/Fake/24.wav,1,MEN,MEN-S1M02,TG:eea9ea1fd2041b22,-7.859375,1,0.2075,0.0003859661
mendeley/extracted/Bangla Audio Dataset Original and DeepFake Voices for AI-Based Voice Analysis and Detection/Dataset/S1M02/Fake/25.wav,1,MEN,MEN-S1M02,TG:a7e7a70438f10a1d,-3.484375,1,0.2941666666666667,0.029760092
mendeley/extracted/Bangla Audio Dataset Original and DeepFake Voices for AI-Based Voice Analysis and Detection/Dataset/S1M02/Fake/26.wav,1,MEN,MEN-S1M02,TG:6fe89ab891f32c4e,-10.8828125,1,0.0891666666666666,1.8777875e-05
mendeley/extracted/Bangla Audio Dataset Original and DeepFake Voices for AI-Based Voice Analysis and Detection/Dataset/S1M02/Fake/27.wav,1,MEN,MEN-S1M02,TG:2c5f8f2f6f8c1b98,-8.2265625,1,0.4125,0.00026738262
mendeley/extracted/Bangla Audio Dataset Original and DeepFake Voices for AI-Based Voice Analysis and Detection/Dataset/S1M02/Fake/28.wav,1,MEN,MEN-S1M02,TG:6283d6f65cda971a,-6.6992188,1,0.3808333333333333,0.0012303583
mendeley/extracted/Bangla Audio Dataset Original and DeepFake Voices for AI-Based Voice Analysis and Detection/Dataset/S1M02/Fake/29.wav,1,MEN,MEN-S1M02,TG:8544d87f606d70e6,-9.9765625,1,0.1391666666666666,4.6474393e-05
mendeley/extracted/Bangla Audio Dataset Original and DeepFake Voices for AI-Based Voice Analysis and Detection/Dataset/S1M02/Fake/3.wav,1,MEN,MEN-S1M02,TG:79dd086d061de522,-11.9453125,1,0.5175000000000001,6.4895394e-06
mendeley/extracted/Bangla Audio Dataset Original and DeepFake Voices for AI-Based Voice Analysis and Detection/Dataset/S1M02/Fake/30.wav,1,MEN,MEN-S1M02,TG:c7b089fc1ba419ab,-2.5449219,1,0.2758333333333334,0.07276838
mendeley/extracted/Bangla Audio Dataset Original and DeepFake Voices for AI-Based Voice Analysis and Detection/Dataset/S1M02/Fake/4.wav,1,MEN,MEN-S1M02,TG:4d5fe26cc7778810,1.5205078,1,0.5241666666666667,0.8206132
mendeley/extracted/Bangla Audio Dataset Original and DeepFake Voices for AI-Based Voice Analysis and Detection/Dataset/S1M02/Fake/5.wav,1,MEN,MEN-S1M02,TG:5adc5ae46d5a5744,-7.2382812,1,0.4375,0.00071802974
mendeley/extracted/Bangla Audio Dataset Original and DeepFake Voices for AI-Based Voice Analysis and Detection/Dataset/S1M02/Fake/6.wav,1,MEN,MEN-S1M02,TG:ceba938af43c06ae,-0.60595703,1,0.4225,0.352982
mendeley/extracted/Bangla Audio Dataset Original and DeepFake Voices for AI-Based Voice Analysis and Detection/Dataset/S1M02/Fake/7.wav,1,MEN,MEN-S1M02,TG:4c7966295caf20ad,0.74853516,1,0.2925,0.6788594
mendeley/extracted/Bangla Audio Dataset Original and DeepFake Voices for AI-Based Voice Analysis and Detection/Dataset/S1M02/Fake/8.wav,1,MEN,MEN-S1M02,TG:a108bfb385dd7acb,-11.875,1,0.2624999999999999,6.9622565e-06
mendeley/extracted/Bangla Audio Dataset Original and DeepFake Voices for AI-Based Voice Analysis and Detection/Dataset/S1M02/Fake/9.wav,1,MEN,MEN-S1M02,TG:2a9989c6f851b5a4,-2.109375,1,0.4225,0.10818896
mendeley/extracted/Bangla Audio Dataset Original and DeepFake Voices for AI-Based Voice Analysis and Detection/Dataset/S1M02/Real/1.wav,0,MEN,MEN-S1M02,TG:8388d9ee191bd954,-10.2265625,1,0.6174999999999999,3.619467e-05
mendeley/extracted/Bangla Audio Dataset Original and DeepFake Voices for AI-Based Voice Analysis and Detection/Dataset/S1M02/Real/10.wav,0,MEN,MEN-S1M02,TG:388cb19343cb520a,-5.5234375,1,0.3675,0.0039762277
mendeley/extracted/Bangla Audio Dataset Original and DeepFake Voices for AI-Based Voice Analysis and Detection/Dataset/S1M02/Real/11.wav,0,MEN,MEN-S1M02,TG:6663f3ce55d8ec7f,1.1328125,1,0.3508333333333333,0.75635755
mendeley/extracted/Bangla Audio Dataset Original and DeepFake Voices for AI-Based Voice Analysis and Detection/Dataset/S1M02/Real/12.wav,0,MEN,MEN-S1M02,TG:d3ff909607e60de8,-6.4101562,1,0.4008333333333334,0.0016420668
mendeley/extracted/Bangla Audio Dataset Original and DeepFake Voices for AI-Based Voice Analysis and Detection/Dataset/S1M02/Real/13.wav,0,MEN,MEN-S1M02,TG:713c2af6f394806f,0.56152344,1,0.3675,0.63680494
mendeley/extracted/Bangla Audio Dataset Original and DeepFake Voices for AI-Based Voice Analysis and Detection/Dataset/S1M02/Real/14.wav,0,MEN,MEN-S1M02,TG:40c1016845dcdc60,-9.4140625,1,0.4008333333333334,8.156225e-05
mendeley/extracted/Bangla Audio Dataset Original and DeepFake Voices for AI-Based Voice Analysis and Detection/Dataset/S1M02/Real/15.wav,0,MEN,MEN-S1M02,TG:210364c8aadbef3a,-2.3339844,1,0.5008333333333334,0.088347234
mendeley/extracted/Bangla Audio Dataset Original and DeepFake Voices for AI-Based Voice Analysis and Detection/Dataset/S1M02/Real/16.wav,0,MEN,MEN-S1M02,TG:f263a794fb5b64e5,0.6567383,1,0.4508333333333333,0.6585273
mendeley/extracted/Bangla Audio Dataset Original and DeepFake Voices for AI-Based Voice Analysis and Detection/Dataset/S1M02/Real/17.wav,0,MEN,MEN-S1M02,TG:ba06269e11aa0648,-8.328125,1,0.5341666666666667,0.00024156632
mendeley/extracted/Bangla Audio Dataset Original and DeepFake Voices for AI-Based Voice Analysis and Detection/Dataset/S1M02/Real/18.wav,0,MEN,MEN-S1M02,TG:a06e050050b3f438,-0.6196289,1,0.4675,0.34986588
mendeley/extracted/Bangla Audio Dataset Original and DeepFake Voices for AI-Based Voice Analysis and Detection/Dataset/S1M02/Real/19.wav,0,MEN,MEN-S1M02,TG:9a7eea3d42c2dfa3,-5.7070312,1,0.4008333333333334,0.003311519
mendeley/extracted/Bangla Audio Dataset Original and DeepFake Voices for AI-Based Voice Analysis and Detection/Dataset/S1M02/Real/2.wav,0,MEN,MEN-S1M02,TG:4ff8497e59c46949,-8.21875,1,0.5508333333333333,0.00026947918
mendeley/extracted/Bangla Audio Dataset Original and DeepFake Voices for AI-Based Voice Analysis and Detection/Dataset/S1M02/Real/20.wav,0,MEN,MEN-S1M02,TG:9f86ecadb4b2b5e8,-4.4609375,1,0.3675,0.011419615
mendeley/extracted/Bangla Audio Dataset Original and DeepFake Voices for AI-Based Voice Analysis and Detection/Dataset/S1M02/Real/21.wav,0,MEN,MEN-S1M02,TG:224581f07ca68840,-5.890625,1,0.4508333333333333,0.0027576222
mendeley/extracted/Bangla Audio Dataset Original and DeepFake Voices for AI-Based Voice Analysis and Detection/Dataset/S1M02/Real/22.wav,0,MEN,MEN-S1M02,TG:cdf2b766d6b5e166,2.3769531,1,0.4675,0.91505283
mendeley/extracted/Bangla Audio Dataset Original and DeepFake Voices for AI-Based Voice Analysis and Detection/Dataset/S1M02/Real/23.wav,0,MEN,MEN-S1M02,TG:33b99dc1f5f3c11d,-7.859375,1,0.3508333333333333,0.0003859661
mendeley/extracted/Bangla Audio Dataset Original and DeepFake Voices for AI-Based Voice Analysis and Detection/Dataset/S1M02/Real/24.wav,0,MEN,MEN-S1M02,TG:eea9ea1fd2041b22,-2.1738281,1,0.3508333333333333,0.10212548
mendeley/extracted/Bangla Audio Dataset Original and DeepFake Voices for AI-Based Voice Analysis and Detection/Dataset/S1M02/Real/25.wav,0,MEN,MEN-S1M02,TG:a7e7a70438f10a1d,-4.1289062,1,0.3841666666666666,0.015845362
mendeley/extracted/Bangla Audio Dataset Original and DeepFake Voices for AI-Based Voice Analysis and Detection/Dataset/S1M02/Real/26.wav,0,MEN,MEN-S1M02,TG:6fe89ab891f32c4e,-6.8085938,1,0.4341666666666667,0.0011030267
mendeley/extracted/Bangla Audio Dataset Original and DeepFake Voices for AI-Based Voice Analysis and Detection/Dataset/S1M02/Real/27.wav,0,MEN,MEN-S1M02,TG:2c5f8f2f6f8c1b98,-6.1210938,1,0.4341666666666667,0.0021912407
mendeley/extracted/Bangla Audio Dataset Original and DeepFake Voices for AI-Based Voice Analysis and Detection/Dataset/S1M02/Real/28.wav,0,MEN,MEN-S1M02,TG:6283d6f65cda971a,-4.7148438,1,0.4508333333333333,0.008881675
mendeley/extracted/Bangla Audio Dataset Original and DeepFake Voices for AI-Based Voice Analysis and Detection/Dataset/S1M02/Real/29.wav,0,MEN,MEN-S1M02,TG:8544d87f606d70e6,-6.1796875,1,0.3508333333333333,0.0020667946
mendeley/extracted/Bangla Audio Dataset Original and DeepFake Voices for AI-Based Voice Analysis and Detection/Dataset/S1M02/Real/3.wav,0,MEN,MEN-S1M02,TG:79dd086d061de522,-8.6015625,1,0.4675,0.00018378458
mendeley/extracted/Bangla Audio Dataset Original and DeepFake Voices for AI-Based Voice Analysis and Detection/Dataset/S1M02/Real/30.wav,0,MEN,MEN-S1M02,TG:c7b089fc1ba419ab,2.1542969,1,0.3508333333333333,0.89606965
mendeley/extracted/Bangla Audio Dataset Original and DeepFake Voices for AI-Based Voice Analysis and Detection/Dataset/S1M02/Real/4.wav,0,MEN,MEN-S1M02,TG:4d5fe26cc7778810,-3.8964844,1,0.5008333333333334,0.01990879
mendeley/extracted/Bangla Audio Dataset Original and DeepFake Voices for AI-Based Voice Analysis and Detection/Dataset/S1M02/Real/5.wav,0,MEN,MEN-S1M02,TG:5adc5ae46d5a5744,-8.453125,1,0.4008333333333334,0.00021318757
mendeley/extracted/Bangla Audio Dataset Original and DeepFake Voices for AI-Based Voice Analysis and Detection/Dataset/S1M02/Real/6.wav,0,MEN,MEN-S1M02,TG:ceba938af43c06ae,-9.078125,1,0.4508333333333333,0.00011412239
mendeley/extracted/Bangla Audio Dataset Original and DeepFake Voices for AI-Based Voice Analysis and Detection/Dataset/S1M02/Real/7.wav,0,MEN,MEN-S1M02,TG:4c7966295caf20ad,-5.6484375,1,0.4175,0.0035106489
mendeley/extracted/Bangla Audio Dataset Original and DeepFake Voices for AI-Based Voice Analysis and Detection/Dataset/S1M02/Real/8.wav,0,MEN,MEN-S1M02,TG:a108bfb385dd7acb,-5.3984375,1,0.4341666666666667,0.0045032725
mendeley/extracted/Bangla Audio Dataset Original and DeepFake Voices for AI-Based Voice Analysis and Detection/Dataset/S1M02/Real/9.wav,0,MEN,MEN-S1M02,TG:2a9989c6f851b5a4,-9.96875,1,0.4675,4.6838883e-05
mendeley/extracted/Bangla Audio Dataset Original and DeepFake Voices for AI-Based Voice Analysis and Detection/Dataset/S2F01/Fake/1.wav,1,MEN,MEN-S2F01,TG:b20a3f0d02492dde,-10.6796875,1,0.3675,2.3007036e-05
mendeley/extracted/Bangla Audio Dataset Original and DeepFake Voices for AI-Based Voice Analysis and Detection/Dataset/S2F01/Fake/10.wav,1,MEN,MEN-S2F01,TG:33b1f33dae6afa07,-7.7382812,1,0.4375,0.00043563018
mendeley/extracted/Bangla Audio Dataset Original and DeepFake Voices for AI-Based Voice Analysis and Detection/Dataset/S2F01/Fake/11.wav,1,MEN,MEN-S2F01,TG:bbe30dd5ada268b4,-8.4375,1,0.3375,0.00021654405
mendeley/extracted/Bangla Audio Dataset Original and DeepFake Voices for AI-Based Voice Analysis and Detection/Dataset/S2F01/Fake/12.wav,1,MEN,MEN-S2F01,TG:6074856ccebe1d75,-10.765625,1,0.5208333333333333,2.1112483e-05
mendeley/extracted/Bangla Audio Dataset Original and DeepFake Voices for AI-Based Voice Analysis and Detection/Dataset/S2F01/Fake/13.wav,1,MEN,MEN-S2F01,TG:2cd01584e8b49dae,-13.7890625,1,0.4541666666666667,1.0268e-06
mendeley/extracted/Bangla Audio Dataset Original and DeepFake Voices for AI-Based Voice Analysis and Detection/Dataset/S2F01/Fake/14.wav,1,MEN,MEN-S2F01,TG:9f0e2d6c08097dec,-9.7109375,1,0.4475,6.0613183e-05
mendeley/extracted/Bangla Audio Dataset Original and DeepFake Voices for AI-Based Voice Analysis and Detection/Dataset/S2F01/Fake/15.wav,1,MEN,MEN-S2F01,TG:1c625cb144c83a4e,-8.640625,1,0.5241666666666667,0.00017674513
mendeley/extracted/Bangla Audio Dataset Original and DeepFake Voices for AI-Based Voice Analysis and Detection/Dataset/S2F01/Fake/16.wav,1,MEN,MEN-S2F01,TG:8e996bc7105e9806,-7.2304688,1,0.4741666666666666,0.00072365726
mendeley/extracted/Bangla Audio Dataset Original and DeepFake Voices for AI-Based Voice Analysis and Detection/Dataset/S2F01/Fake/17.wav,1,MEN,MEN-S2F01,TG:b14e52bf5954d16c,-3.8476562,1,0.4975,0.020884218
mendeley/extracted/Bangla Audio Dataset Original and DeepFake Voices for AI-Based Voice Analysis and Detection/Dataset/S2F01/Fake/18.wav,1,MEN,MEN-S2F01,TG:22a136bd91a94101,-17.734375,1,0.4675,1.9863638e-08
mendeley/extracted/Bangla Audio Dataset Original and DeepFake Voices for AI-Based Voice Analysis and Detection/Dataset/S2F01/Fake/19.wav,1,MEN,MEN-S2F01,TG:bdf52a53172256ba,-1.03125,1,0.4675,0.26284182
mendeley/extracted/Bangla Audio Dataset Original and DeepFake Voices for AI-Based Voice Analysis and Detection/Dataset/S2F01/Fake/2.wav,1,MEN,MEN-S2F01,TG:96efe46367590bfc,-2.2480469,1,0.4208333333333333,0.09551806
mendeley/extracted/Bangla Audio Dataset Original and DeepFake Voices for AI-Based Voice Analysis and Detection/Dataset/S2F01/Fake/20.wav,1,MEN,MEN-S2F01,TG:8679fd3194015daa,-12.09375,1,0.4208333333333333,5.594338e-06
mendeley/extracted/Bangla Audio Dataset Original and DeepFake Voices for AI-Based Voice Analysis and Detection/Dataset/S2F01/Fake/21.wav,1,MEN,MEN-S2F01,TG:8d69e5e5f763c90d,-14.0234375,1,0.4841666666666666,8.122657e-07
mendeley/extracted/Bangla Audio Dataset Original and DeepFake Voices for AI-Based Voice Analysis and Detection/Dataset/S2F01/Fake/22.wav,1,MEN,MEN-S2F01,TG:fd6d9ea4183989da,-11.40625,1,0.5241666666666667,1.1125608e-05
mendeley/extracted/Bangla Audio Dataset Original and DeepFake Voices for AI-Based Voice Analysis and Detection/Dataset/S2F01/Fake/23.wav,1,MEN,MEN-S2F01,TG:0853bab98c8f314f,-11.1640625,1,0.5258333333333334,1.4174349e-05
mendeley/extracted/Bangla Audio Dataset Original and DeepFake Voices for AI-Based Voice Analysis and Detection/Dataset/S2F01/Fake/24.wav,1,MEN,MEN-S2F01,TG:289fcb521c3b150a,-14.46875,1,0.4975,5.203571e-07
mendeley/extracted/Bangla Audio Dataset Original and DeepFake Voices for AI-Based Voice Analysis and Detection/Dataset/S2F01/Fake/25.wav,1,MEN,MEN-S2F01,TG:40b84a5f1cb3b6f7,-9.8984375,1,0.3874999999999999,5.025062e-05
mendeley/extracted/Bangla Audio Dataset Original and DeepFake Voices for AI-Based Voice Analysis and Detection/Dataset/S2F01/Fake/26.wav,1,MEN,MEN-S2F01,TG:0927b5e32fe2f3c3,-17.96875,1,0.4241666666666667,1.571343e-08
mendeley/extracted/Bangla Audio Dataset Original and DeepFake Voices for AI-Based Voice Analysis and Detection/Dataset/S2F01/Fake/27.wav,1,MEN,MEN-S2F01,TG:cc2b4377cdecc854,-7.8945312,1,0.2475,0.0003726377
mendeley/extracted/Bangla Audio Dataset Original and DeepFake Voices for AI-Based Voice Analysis and Detection/Dataset/S2F01/Fake/28.wav,1,MEN,MEN-S2F01,TG:9324b178591cabbc,-15.1015625,1,0.5108333333333333,2.7635966e-07
mendeley/extracted/Bangla Audio Dataset Original and DeepFake Voices for AI-Based Voice Analysis and Detection/Dataset/S2F01/Fake/29.wav,1,MEN,MEN-S2F01,TG:7fb328868f0ac39d,-5.7109375,1,0.4891666666666666,0.0032986512
mendeley/extracted/Bangla Audio Dataset Original and DeepFake Voices for AI-Based Voice Analysis and Detection/Dataset/S2F01/Fake/3.wav,1,MEN,MEN-S2F01,TG:f50e8049e973348f,-14.6015625,1,0.4741666666666666,4.5563993e-07
mendeley/extracted/Bangla Audio Dataset Original and DeepFake Voices for AI-Based Voice Analysis and Detection/Dataset/S2F01/Fake/30.wav,1,MEN,MEN-S2F01,TG:889385251133086d,-13.5546875,1,0.4391666666666667,1.2979963e-06
mendeley/extracted/Bangla Audio Dataset Original and DeepFake Voices for AI-Based Voice Analysis and Detection/Dataset/S2F01/Fake/4.wav,1,MEN,MEN-S2F01,TG:8ce64b152c444b3e,-7.4101562,1,0.4725,0.00060471025
mendeley/extracted/Bangla Audio Dataset Original and DeepFake Voices for AI-Based Voice Analysis and Detection/Dataset/S2F01/Fake/5.wav,1,MEN,MEN-S2F01,TG:df1971069cd078a3,-12.109375,1,0.4208333333333333,5.5076057e-06
mendeley/extracted/Bangla Audio Dataset Original and DeepFake Voices for AI-Based Voice Analysis and Detection/Dataset/S2F01/Fake/6.wav,1,MEN,MEN-S2F01,TG:97bbdf40bcf80ca3,-3.6054688,1,0.4841666666666666,0.026455777
mendeley/extracted/Bangla Audio Dataset Original and DeepFake Voices for AI-Based Voice Analysis and Detection/Dataset/S2F01/Fake/7.wav,1,MEN,MEN-S2F01,TG:ad21867e01875176,-8.15625,1,0.4691666666666666,0.0002868541
mendeley/extracted/Bangla Audio Dataset Original and DeepFake Voices for AI-Based Voice Analysis and Detection/Dataset/S2F01/Fake/8.wav,1,MEN,MEN-S2F01,TG:8a0169787fba87e5,-6.3789062,1,0.2441666666666666,0.0016941034
mendeley/extracted/Bangla Audio Dataset Original and DeepFake Voices for AI-Based Voice Analysis and Detection/Dataset/S2F01/Fake/9.wav,1,MEN,MEN-S2F01,TG:579044776182eb17,-10.8828125,1,0.4541666666666667,1.8777875e-05
mendeley/extracted/Bangla Audio Dataset Original and DeepFake Voices for AI-Based Voice Analysis and Detection/Dataset/S2F01/Real/1.wav,0,MEN,MEN-S2F01,TG:b20a3f0d02492dde,-17.109375,1,0.5208333333333333,3.7110162e-08
mendeley/extracted/Bangla Audio Dataset Original and DeepFake Voices for AI-Based Voice Analysis and Detection/Dataset/S2F01/Real/10.wav,0,MEN,MEN-S2F01,TG:33b1f33dae6afa07,-14.140625,1,0.5375,7.2244416e-07
mendeley/extracted/Bangla Audio Dataset Original and DeepFake Voices for AI-Based Voice Analysis and Detection/Dataset/S2F01/Real/11.wav,0,MEN,MEN-S2F01,TG:bbe30dd5ada268b4,-13.453125,1,0.4191666666666667,1.4367507e-06
mendeley/extracted/Bangla Audio Dataset Original and DeepFake Voices for AI-Based Voice Analysis and Detection/Dataset/S2F01/Real/12.wav,0,MEN,MEN-S2F01,TG:6074856ccebe1d75,-12.0703125,1,0.6041666666666667,5.727003e-06
mendeley/extracted/Bangla Audio Dataset Original and DeepFake Voices for AI-Based Voice Analysis and Detection/Dataset/S2F01/Real/13.wav,0,MEN,MEN-S2F01,TG:2cd01584e8b49dae,-9.8984375,1,0.4891666666666666,5.025062e-05
mendeley/extracted/Bangla Audio Dataset Original and DeepFake Voices for AI-Based Voice Analysis and Detection/Dataset/S2F01/Real/14.wav,0,MEN,MEN-S2F01,TG:9f0e2d6c08097dec,-19.1875,1,0.5541666666666667,4.6448814e-09
mendeley/extracted/Bangla Audio Dataset Original and DeepFake Voices for AI-Based Voice Analysis and Detection/Dataset/S2F01/Real/15.wav,0,MEN,MEN-S2F01,TG:1c625cb144c83a4e,-14.9453125,1,0.5725,3.2309717e-07
mendeley/extracted/Bangla Audio Dataset Original and DeepFake Voices for AI-Based Voice Analysis and Detection/Dataset/S2F01/Real/16.wav,0,MEN,MEN-S2F01,TG:8e996bc7105e9806,-7.4023438,1,0.6041666666666667,0.0006094501
mendeley/extracted/Bangla Audio Dataset Original and DeepFake Voices for AI-Based Voice Analysis and Detection/Dataset/S2F01/Real/17.wav,0,MEN,MEN-S2F01,TG:b14e52bf5954d16c,-13.40625,1,0.5875,1.5057017e-06
mendeley/extracted/Bangla Audio Dataset Original and DeepFake Voices for AI-Based Voice Analysis and Detection/Dataset/S2F01/Real/18.wav,0,MEN,MEN-S2F01,TG:22a136bd91a94101,-14.6640625,1,0.6375,4.2803413e-07
mendeley/extracted/Bangla Audio Dataset Original and DeepFake Voices for AI-Based Voice Analysis and Detection/Dataset/S2F01/Real/19.wav,0,MEN,MEN-S2F01,TG:bdf52a53172256ba,-11.296875,1,0.5358333333333334,1.2411497e-05
mendeley/extracted/Bangla Audio Dataset Original and DeepFake Voices for AI-Based Voice Analysis and Detection/Dataset/S2F01/Real/2.wav,0,MEN,MEN-S2F01,TG:96efe46367590bfc,-9.296875,1,0.6041666666666667,9.1701964e-05
mendeley/extracted/Bangla Audio Dataset Original and DeepFake Voices for AI-Based Voice Analysis and Detection/Dataset/S2F01/Real/20.wav,0,MEN,MEN-S2F01,TG:8679fd3194015daa,-10.6796875,1,0.6041666666666667,2.3007036e-05
mendeley/extracted/Bangla Audio Dataset Original and DeepFake Voices for AI-Based Voice Analysis and Detection/Dataset/S2F01/Real/21.wav,0,MEN,MEN-S2F01,TG:8d69e5e5f763c90d,-13.7890625,1,0.6208333333333333,1.0268e-06
mendeley/extracted/Bangla Audio Dataset Original and DeepFake Voices for AI-Based Voice Analysis and Detection/Dataset/S2F01/Real/22.wav,0,MEN,MEN-S2F01,TG:fd6d9ea4183989da,-14.8671875,1,0.6458333333333333,3.493513e-07
mendeley/extracted/Bangla Audio Dataset Original and DeepFake Voices for AI-Based Voice Analysis and Detection/Dataset/S2F01/Real/23.wav,0,MEN,MEN-S2F01,TG:0853bab98c8f314f,-17.046875,1,0.6025,3.9503565e-08
mendeley/extracted/Bangla Audio Dataset Original and DeepFake Voices for AI-Based Voice Analysis and Detection/Dataset/S2F01/Real/24.wav,0,MEN,MEN-S2F01,TG:289fcb521c3b150a,-15.2265625,1,0.5225,2.4388655e-07
mendeley/extracted/Bangla Audio Dataset Original and DeepFake Voices for AI-Based Voice Analysis and Detection/Dataset/S2F01/Real/25.wav,0,MEN,MEN-S2F01,TG:40b84a5f1cb3b6f7,-13.171875,1,0.4708333333333333,1.9033845e-06
mendeley/extracted/Bangla Audio Dataset Original and DeepFake Voices for AI-Based Voice Analysis and Detection/Dataset/S2F01/Real/26.wav,0,MEN,MEN-S2F01,TG:0927b5e32fe2f3c3,-5.9375,1,0.5191666666666667,0.002631674
mendeley/extracted/Bangla Audio Dataset Original and DeepFake Voices for AI-Based Voice Analysis and Detection/Dataset/S2F01/Real/27.wav,0,MEN,MEN-S2F01,TG:cc2b4377cdecc854,-2.1640625,1,0.4541666666666667,0.10302444
mendeley/extracted/Bangla Audio Dataset Original and DeepFake Voices for AI-Based Voice Analysis and Detection/Dataset/S2F01/Real/28.wav,0,MEN,MEN-S2F01,TG:9324b178591cabbc,-19.4375,1,0.5691666666666666,3.6174375e-09
mendeley/extracted/Bangla Audio Dataset Original and DeepFake Voices for AI-Based Voice Analysis and Detection/Dataset/S2F01/Real/29.wav,0,MEN,MEN-S2F01,TG:7fb328868f0ac39d,-7.96875,1,0.5375,0.0003459916
mendeley/extracted/Bangla Audio Dataset Original and DeepFake Voices for AI-Based Voice Analysis and Detection/Dataset/S2F01/Real/3.wav,0,MEN,MEN-S2F01,TG:f50e8049e973348f,-12.6640625,1,0.4858333333333333,3.1627599e-06
mendeley/extracted/Bangla Audio Dataset Original and DeepFake Voices for AI-Based Voice Analysis and Detection/Dataset/S2F01/Real/30.wav,0,MEN,MEN-S2F01,TG:889385251133086d,-17.609375,1,0.5375,2.250845e-08
mendeley/extracted/Bangla Audio Dataset Original and DeepFake Voices for AI-Based Voice Analysis and Detection/Dataset/S2F01/Real/4.wav,0,MEN,MEN-S2F01,TG:8ce64b152c444b3e,-9.90625,1,0.5358333333333334,4.9859584e-05
mendeley/extracted/Bangla Audio Dataset Original and DeepFake Voices for AI-Based Voice Analysis and Detection/Dataset/S2F01/Real/5.wav,0,MEN,MEN-S2F01,TG:df1971069cd078a3,-14.0703125,1,0.5708333333333333,7.7506934e-07
mendeley/extracted/Bangla Audio Dataset Original and DeepFake Voices for AI-Based Voice Analysis and Detection/Dataset/S2F01/Real/6.wav,0,MEN,MEN-S2F01,TG:97bbdf40bcf80ca3,-12.0625,1,0.5708333333333333,5.77192e-06
mendeley/extracted/Bangla Audio Dataset Original and DeepFake Voices for AI-Based Voice Analysis and Detection/Dataset/S2F01/Real/7.wav,0,MEN,MEN-S2F01,TG:ad21867e01875176,-11.4375,1,0.5691666666666666,1.0783312e-05
mendeley/extracted/Bangla Audio Dataset Original and DeepFake Voices for AI-Based Voice Analysis and Detection/Dataset/S2F01/Real/8.wav,0,MEN,MEN-S2F01,TG:8a0169787fba87e5,-11.53125,1,0.2691666666666666,9.818326e-06
mendeley/extracted/Bangla Audio Dataset Original and DeepFake Voices for AI-Based Voice Analysis and Detection/Dataset/S2F01/Real/9.wav,0,MEN,MEN-S2F01,TG:579044776182eb17,-14.6015625,1,0.5541666666666667,4.5563993e-07
mendeley/extracted/Bangla Audio Dataset Original and DeepFake Voices for AI-Based Voice Analysis and Detection/Dataset/S2M02/Fake/1.wav,1,MEN,MEN-S2M02,TG:b20a3f0d02492dde,-8.703125,1,0.3308333333333333,0.00016603847
mendeley/extracted/Bangla Audio Dataset Original and DeepFake Voices for AI-Based Voice Analysis and Detection/Dataset/S2M02/Fake/10.wav,1,MEN,MEN-S2M02,TG:33b1f33dae6afa07,-1.1738281,1,0.4691666666666666,0.23616375
mendeley/extracted/Bangla Audio Dataset Original and DeepFake Voices for AI-Based Voice Analysis and Detection/Dataset/S2M02/Fake/11.wav,1,MEN,MEN-S2M02,TG:bbe30dd5ada268b4,-5.9179688,1,0.4675,0.0026834398
mendeley/extracted/Bangla Audio Dataset Original and DeepFake Voices for AI-Based Voice Analysis and Detection/Dataset/S2M02/Fake/12.wav,1,MEN,MEN-S2M02,TG:6074856ccebe1d75,-4.4492188,1,0.4675,0.01155267
mendeley/extracted/Bangla Audio Dataset Original and DeepFake Voices for AI-Based Voice Analysis and Detection/Dataset/S2M02/Fake/13.wav,1,MEN,MEN-S2M02,TG:2cd01584e8b49dae,-5.8632812,1,0.4075,0.00283385
mendeley/extracted/Bangla Audio Dataset Original and DeepFake Voices for AI-Based Voice Analysis and Detection/Dataset/S2M02/Fake/14.wav,1,MEN,MEN-S2M02,TG:9f0e2d6c08097dec,-5.5859375,1,0.3158333333333333,0.0037362205
mendeley/extracted/Bangla Audio Dataset Original and DeepFake Voices for AI-Based Voice Analysis and Detection/Dataset/S2M02/Fake/15.wav,1,MEN,MEN-S2M02,TG:1c625cb144c83a4e,5.5351562,1,0.4725,0.9960699
mendeley/extracted/Bangla Audio Dataset Original and DeepFake Voices for AI-Based Voice Analysis and Detection/Dataset/S2M02/Fake/16.wav,1,MEN,MEN-S2M02,TG:8e996bc7105e9806,-8.0546875,1,0.4975,0.0003175088
mendeley/extracted/Bangla Audio Dataset Original and DeepFake Voices for AI-Based Voice Analysis and Detection/Dataset/S2M02/Fake/17.wav,1,MEN,MEN-S2M02,TG:b14e52bf5954d16c,-11.8515625,1,0.3908333333333333,7.12736e-06
mendeley/extracted/Bangla Audio Dataset Original and DeepFake Voices for AI-Based Voice Analysis and Detection/Dataset/S2M02/Fake/18.wav,1,MEN,MEN-S2M02,TG:22a136bd91a94101,-2.7753906,1,0.5275000000000001,0.0586686
mendeley/extracted/Bangla Audio Dataset Original and DeepFake Voices for AI-Based Voice Analysis and Detection/Dataset/S2M02/Fake/19.wav,1,MEN,MEN-S2M02,TG:bdf52a53172256ba,-7.7304688,1,0.4024999999999999,0.00043904537
mendeley/extracted/Bangla Audio Dataset Original and DeepFake Voices for AI-Based Voice Analysis and Detection/Dataset/S2M02/Fake/2.wav,1,MEN,MEN-S2M02,TG:96efe46367590bfc,5.5898438,1,0.4591666666666666,0.9962782
mendeley/extracted/Bangla Audio Dataset Original and DeepFake Voices for AI-Based Voice Analysis and Detection/Dataset/S2M02/Fake/20.wav,1,MEN,MEN-S2M02,TG:8679fd3194015daa,-10.0,1,0.5041666666666667,4.539787e-05
mendeley/extracted/Bangla Audio Dataset Original and DeepFake Voices for AI-Based Voice Analysis and Detection/Dataset/S2M02/Fake/21.wav,1,MEN,MEN-S2M02,TG:8d69e5e5f763c90d,-3.828125,1,0.4641666666666666,0.021287354
mendeley/extracted/Bangla Audio Dataset Original and DeepFake Voices for AI-Based Voice Analysis and Detection/Dataset/S2M02/Fake/22.wav,1,MEN,MEN-S2M02,TG:fd6d9ea4183989da,-5.859375,1,0.5541666666666667,0.0028449094
mendeley/extracted/Bangla Audio Dataset Original and DeepFake Voices for AI-Based Voice Analysis and Detection/Dataset/S2M02/Fake/23.wav,1,MEN,MEN-S2M02,TG:0853bab98c8f314f,-7.1132812,1,0.4608333333333333,0.00081355654
mendeley/extracted/Bangla Audio Dataset Original and DeepFake Voices for AI-Based Voice Analysis and Detection/Dataset/S2M02/Fake/24.wav,1,MEN,MEN-S2M02,TG:289fcb521c3b150a,-5.3125,1,0.4908333333333333,0.004905406
mendeley/extracted/Bangla Audio Dataset Original and DeepFake Voices for AI-Based Voice Analysis and Detection/Dataset/S2M02/Fake/25.wav,1,MEN,MEN-S2M02,TG:40b84a5f1cb3b6f7,-7.859375,1,0.2441666666666666,0.0003859661
mendeley/extracted/Bangla Audio Dataset Original and DeepFake Voices for AI-Based Voice Analysis and Detection/Dataset/S2M02/Fake/26.wav,1,MEN,MEN-S2M02,TG:0927b5e32fe2f3c3,-6.5039062,1,0.3758333333333333,0.0014953385
mendeley/extracted/Bangla Audio Dataset Original and DeepFake Voices for AI-Based Voice Analysis and Detection/Dataset/S2M02/Fake/27.wav,1,MEN,MEN-S2M02,TG:cc2b4377cdecc854,0.07537842,1,0.3341666666666666,0.51883566
mendeley/extracted/Bangla Audio Dataset Original and DeepFake Voices for AI-Based Voice Analysis and Detection/Dataset/S2M02/Fake/28.wav,1,MEN,MEN-S2M02,TG:9324b178591cabbc,-6.9140625,1,0.5191666666666667,0.0009927262
mendeley/extracted/Bangla Audio Dataset Original and DeepFake Voices for AI-Based Voice Analysis and Detection/Dataset/S2M02/Fake/29.wav,1,MEN,MEN-S2M02,TG:7fb328868f0ac39d,-7.34375,1,0.3625,0.00064620323
mendeley/extracted/Bangla Audio Dataset Original and DeepFake Voices for AI-Based Voice Analysis and Detection/Dataset/S2M02/Fake/3.wav,1,MEN,MEN-S2M02,TG:f50e8049e973348f,-5.5,1,0.3841666666666666,0.0040701376
mendeley/extracted/Bangla Audio Dataset Original and DeepFake Voices for AI-Based Voice Analysis and Detection/Dataset/S2M02/Fake/30.wav,1,MEN,MEN-S2M02,TG:889385251133086d,-4.2734375,1,0.5075000000000001,0.013742319
mendeley/extracted/Bangla Audio Dataset Original and DeepFake Voices for AI-Based Voice Analysis and Detection/Dataset/S2M02/Fake/4.wav,1,MEN,MEN-S2M02,TG:8ce64b152c444b3e,2.359375,1,0.4341666666666667,0.91367656
mendeley/extracted/Bangla Audio Dataset Original and DeepFake Voices for AI-Based Voice Analysis and Detection/Dataset/S2M02/Fake/5.wav,1,MEN,MEN-S2M02,TG:df1971069cd078a3,-5.640625,1,0.5258333333333334,0.0035380858
mendeley/extracted/Bangla Audio Dataset Original and DeepFake Voices for AI-Based Voice Analysis and Detection/Dataset/S2M02/Fake/6.wav,1,MEN,MEN-S2M02,TG:97bbdf40bcf80ca3,-5.3984375,1,0.3241666666666667,0.0045032725
mendeley/extracted/Bangla Audio Dataset Original and DeepFake Voices for AI-Based Voice Analysis and Detection/Dataset/S2M02/Fake/7.wav,1,MEN,MEN-S2M02,TG:ad21867e01875176,0.77734375,1,0.4641666666666666,0.68510735
mendeley/extracted/Bangla Audio Dataset Original and DeepFake Voices for AI-Based Voice Analysis and Detection/Dataset/S2M02/Fake/8.wav,1,MEN,MEN-S2M02,TG:8a0169787fba87e5,-7.4648438,1,0.2774999999999999,0.00057254656
mendeley/extracted/Bangla Audio Dataset Original and DeepFake Voices for AI-Based Voice Analysis and Detection/Dataset/S2M02/Fake/9.wav,1,MEN,MEN-S2M02,TG:579044776182eb17,-8.984375,1,0.5158333333333334,0.00012533751
mendeley/extracted/Bangla Audio Dataset Original and DeepFake Voices for AI-Based Voice Analysis and Detection/Dataset/S2M02/Real/1.wav,0,MEN,MEN-S2M02,TG:b20a3f0d02492dde,-18.296875,1,0.4008333333333334,1.131796e-08
mendeley/extracted/Bangla Audio Dataset Original and DeepFake Voices for AI-Based Voice Analysis and Detection/Dataset/S2M02/Real/10.wav,0,MEN,MEN-S2M02,TG:33b1f33dae6afa07,-11.6484375,1,0.5008333333333334,8.73261e-06
mendeley/extracted/Bangla Audio Dataset Original and DeepFake Voices for AI-Based Voice Analysis and Detection/Dataset/S2M02/Real/11.wav,0,MEN,MEN-S2M02,TG:bbe30dd5ada268b4,-11.6484375,1,0.4508333333333333,8.73261e-06
mendeley/extracted/Bangla Audio Dataset Original and DeepFake Voices for AI-Based Voice Analysis and Detection/Dataset/S2M02/Real/12.wav,0,MEN,MEN-S2M02,TG:6074856ccebe1d75,-12.53125,1,0.5341666666666667,3.6119832e-06
mendeley/extracted/Bangla Audio Dataset Original and DeepFake Voices for AI-Based Voice Analysis and Detection/Dataset/S2M02/Real/13.wav,0,MEN,MEN-S2M02,TG:2cd01584e8b49dae,-13.7265625,1,0.5175000000000001,1.0930228e-06
mendeley/extracted/Bangla Audio Dataset Original and DeepFake Voices for AI-Based Voice Analysis and Detection/Dataset/S2M02/Real/14.wav,0,MEN,MEN-S2M02,TG:9f0e2d6c08097dec,-12.5078125,1,0.4675,3.6976385e-06
mendeley/extracted/Bangla Audio Dataset Original and DeepFake Voices for AI-Based Voice Analysis and Detection/Dataset/S2M02/Real/15.wav,0,MEN,MEN-S2M02,TG:1c625cb144c83a4e,-10.5234375,1,0.5508333333333333,2.6897846e-05
mendeley/extracted/Bangla Audio Dataset Original and DeepFake Voices for AI-Based Voice Analysis and Detection/Dataset/S2M02/Real/16.wav,0,MEN,MEN-S2M02,TG:8e996bc7105e9806,-15.3515625,1,0.4841666666666666,2.1522912e-07
mendeley/extracted/Bangla Audio Dataset Original and DeepFake Voices for AI-Based Voice Analysis and Detection/Dataset/S2M02/Real/17.wav,0,MEN,MEN-S2M02,TG:b14e52bf5954d16c,-15.875,1,0.5175000000000001,1.2751904e-07
mendeley/extracted/Bangla Audio Dataset Original and DeepFake Voices for AI-Based Voice Analysis and Detection/Dataset/S2M02/Real/18.wav,0,MEN,MEN-S2M02,TG:22a136bd91a94101,-18.25,1,0.4841666666666666,1.186112e-08
mendeley/extracted/Bangla Audio Dataset Original and DeepFake Voices for AI-Based Voice Analysis and Detection/Dataset/S2M02/Real/19.wav,0,MEN,MEN-S2M02,TG:bdf52a53172256ba,-14.7265625,1,0.4508333333333333,4.0210085e-07
mendeley/extracted/Bangla Audio Dataset Original and DeepFake Voices for AI-Based Voice Analysis and Detection/Dataset/S2M02/Real/2.wav,0,MEN,MEN-S2M02,TG:96efe46367590bfc,-12.3359375,1,0.4008333333333334,4.391051e-06
mendeley/extracted/Bangla Audio Dataset Original and DeepFake Voices for AI-Based Voice Analysis and Detection/Dataset/S2M02/Real/20.wav,0,MEN,MEN-S2M02,TG:8679fd3194015daa,-17.578125,1,0.5841666666666667,2.3222947e-08
mendeley/extracted/Bangla Audio Dataset Original and DeepFake Voices for AI-Based Voice Analysis and Detection/Dataset/S2M02/Real/21.wav,0,MEN,MEN-S2M02,TG:8d69e5e5f763c90d,-15.1328125,1,0.5508333333333333,2.6785693e-07
mendeley/extracted/Bangla Audio Dataset Original and DeepFake Voices for AI-Based Voice Analysis and Detection/Dataset/S2M02/Real/22.wav,0,MEN,MEN-S2M02,TG:fd6d9ea4183989da,-15.890625,1,0.5341666666666667,1.2554203e-07
mendeley/extracted/Bangla Audio Dataset Original and DeepFake Voices for AI-Based Voice Analysis and Detection/Dataset/S2M02/Real/23.wav,0,MEN,MEN-S2M02,TG:0853bab98c8f314f,-18.8125,1,0.4675,6.7582624e-09
mendeley/extracted/Bangla Audio Dataset Original and DeepFake Voices for AI-Based Voice Analysis and Detection/Dataset/S2M02/Real/24.wav,0,MEN,MEN-S2M02,TG:289fcb521c3b150a,-12.6875,1,0.5841666666666667,3.0894944e-06
mendeley/extracted/Bangla Audio Dataset Original and DeepFake Voices for AI-Based Voice Analysis and Detection/Dataset/S2M02/Real/25.wav,0,MEN,MEN-S2M02,TG:40b84a5f1cb3b6f7,-16.90625,1,0.4175,4.546832e-08
mendeley/extracted/Bangla Audio Dataset Original and DeepFake Voices for AI-Based Voice Analysis and Detection/Dataset/S2M02/Real/26.wav,0,MEN,MEN-S2M02,TG:0927b5e32fe2f3c3,-13.1875,1,0.4675,1.8738755e-06
mendeley/extracted/Bangla Audio Dataset Original and DeepFake Voices for AI-Based Voice Analysis and Detection/Dataset/S2M02/Real/27.wav,0,MEN,MEN-S2M02,TG:cc2b4377cdecc854,-16.34375,1,0.4508333333333333,7.979938e-08
mendeley/extracted/Bangla Audio Dataset Original and DeepFake Voices for AI-Based Voice Analysis and Detection/Dataset/S2M02/Real/28.wav,0,MEN,MEN-S2M02,TG:9324b178591cabbc,-13.703125,1,0.5175000000000001,1.1189429e-06
mendeley/extracted/Bangla Audio Dataset Original and DeepFake Voices for AI-Based Voice Analysis and Detection/Dataset/S2M02/Real/29.wav,0,MEN,MEN-S2M02,TG:7fb328868f0ac39d,-16.890625,1,0.5841666666666667,4.6184343e-08
mendeley/extracted/Bangla Audio Dataset Original and DeepFake Voices for AI-Based Voice Analysis and Detection/Dataset/S2M02/Real/3.wav,0,MEN,MEN-S2M02,TG:f50e8049e973348f,-13.1640625,1,0.4341666666666667,1.918313e-06
mendeley/extracted/Bangla Audio Dataset Original and DeepFake Voices for AI-Based Voice Analysis and Detection/Dataset/S2M02/Real/30.wav,0,MEN,MEN-S2M02,TG:889385251133086d,-9.3046875,1,0.4341666666666667,9.0988404e-05
mendeley/extracted/Bangla Audio Dataset Original and DeepFake Voices for AI-Based Voice Analysis and Detection/Dataset/S2M02/Real/4.wav,0,MEN,MEN-S2M02,TG:8ce64b152c444b3e,-14.1875,1,0.4841666666666666,6.8936106e-07
mendeley/extracted/Bangla Audio Dataset Original and DeepFake Voices for AI-Based Voice Analysis and Detection/Dataset/S2M02/Real/5.wav,0,MEN,MEN-S2M02,TG:df1971069cd078a3,-18.46875,1,0.4508333333333333,9.530678e-09
mendeley/extracted/Bangla Audio Dataset Original and DeepFake Voices for AI-Based Voice Analysis and Detection/Dataset/S2M02/Real/6.wav,0,MEN,MEN-S2M02,TG:97bbdf40bcf80ca3,-8.6640625,1,0.4508333333333333,0.00017265156
mendeley/extracted/Bangla Audio Dataset Original and DeepFake Voices for AI-Based Voice Analysis and Detection/Dataset/S2M02/Real/7.wav,0,MEN,MEN-S2M02,TG:ad21867e01875176,-15.2265625,1,0.5508333333333333,2.4388655e-07
mendeley/extracted/Bangla Audio Dataset Original and DeepFake Voices for AI-Based Voice Analysis and Detection/Dataset/S2M02/Real/8.wav,0,MEN,MEN-S2M02,TG:8a0169787fba87e5,-16.109375,1,0.4841666666666666,1.0087587e-07
mendeley/extracted/Bangla Audio Dataset Original and DeepFake Voices for AI-Based Voice Analysis and Detection/Dataset/S2M02/Real/9.wav,0,MEN,MEN-S2M02,TG:579044776182eb17,-15.4609375,1,0.5175000000000001,1.9293013e-07
mendeley/extracted/Bangla Audio Dataset Original and DeepFake Voices for AI-Based Voice Analysis and Detection/Dataset/S2M03/Fake/1.wav,1,MEN,MEN-S2M03,TG:b20a3f0d02492dde,-9.234375,1,0.3175,9.761566e-05
mendeley/extracted/Bangla Audio Dataset Original and DeepFake Voices for AI-Based Voice Analysis and Detection/Dataset/S2M03/Fake/10.wav,1,MEN,MEN-S2M03,TG:33b1f33dae6afa07,-8.25,1,0.5041666666666667,0.00026119035
mendeley/extracted/Bangla Audio Dataset Original and DeepFake Voices for AI-Based Voice Analysis and Detection/Dataset/S2M03/Fake/11.wav,1,MEN,MEN-S2M03,TG:bbe30dd5ada268b4,-11.796875,1,0.4541666666666667,7.5279895e-06
mendeley/extracted/Bangla Audio Dataset Original and DeepFake Voices for AI-Based Voice Analysis and Detection/Dataset/S2M03/Fake/12.wav,1,MEN,MEN-S2M03,TG:6074856ccebe1d75,-7.1953125,1,0.4425,0.00074953143
mendeley/extracted/Bangla Audio Dataset Original and DeepFake Voices for AI-Based Voice Analysis and Detection/Dataset/S2M03/Fake/13.wav,1,MEN,MEN-S2M03,TG:2cd01584e8b49dae,-10.7578125,1,0.4775,2.1278067e-05
mendeley/extracted/Bangla Audio Dataset Original and DeepFake Voices for AI-Based Voice Analysis and Detection/Dataset/S2M03/Fake/14.wav,1,MEN,MEN-S2M03,TG:9f0e2d6c08097dec,-6.6835938,1,0.3575,0.0012497095
mendeley/extracted/Bangla Audio Dataset Original and DeepFake Voices for AI-Based Voice Analysis and Detection/Dataset/S2M03/Fake/15.wav,1,MEN,MEN-S2M03,TG:1c625cb144c83a4e,-12.5390625,1,0.4491666666666667,3.5838746e-06
mendeley/extracted/Bangla Audio Dataset Original and DeepFake Voices for AI-Based Voice Analysis and Detection/Dataset/S2M03/Fake/16.wav,1,MEN,MEN-S2M03,TG:8e996bc7105e9806,-7.0429688,1,0.5141666666666667,0.00087276695
mendeley/extracted/Bangla Audio Dataset Original and DeepFake Voices for AI-Based Voice Analysis and Detection/Dataset/S2M03/Fake/17.wav,1,MEN,MEN-S2M03,TG:b14e52bf5954d16c,-9.8515625,1,0.4758333333333333,5.266206e-05
mendeley/extracted/Bangla Audio Dataset Original and DeepFake Voices for AI-Based Voice Analysis and Detection/Dataset/S2M03/Fake/18.wav,1,MEN,MEN-S2M03,TG:22a136bd91a94101,-8.359375,1,0.5341666666666667,0.00023413583
mendeley/extracted/Bangla Audio Dataset Original and DeepFake Voices for AI-Based Voice Analysis and Detection/Dataset/S2M03/Fake/19.wav,1,MEN,MEN-S2M03,TG:bdf52a53172256ba,-9.375,1,0.3874999999999999,8.481104e-05
mendeley/extracted/Bangla Audio Dataset Original and DeepFake Voices for AI-Based Voice Analysis and Detection/Dataset/S2M03/Fake/2.wav,1,MEN,MEN-S2M03,TG:96efe46367590bfc,-9.46875,1,0.4175,7.722192e-05
mendeley/extracted/Bangla Audio Dataset Original and DeepFake Voices for AI-Based Voice Analysis and Detection/Dataset/S2M03/Fake/20.wav,1,MEN,MEN-S2M03,TG:8679fd3194015daa,-9.578125,1,0.5025,6.922184e-05
mendeley/extracted/Bangla Audio Dataset Original and DeepFake Voices for AI-Based Voice Analysis and Detection/Dataset/S2M03/Fake/21.wav,1,MEN,MEN-S2M03,TG:8d69e5e5f763c90d,-11.4140625,1,0.4441666666666667,1.1039027e-05
mendeley/extracted/Bangla Audio Dataset Original and DeepFake Voices for AI-Based Voice Analysis and Detection/Dataset/S2M03/Fake/22.wav,1,MEN,MEN-S2M03,TG:fd6d9ea4183989da,-12.234375,1,0.5491666666666667,4.8604484e-06
mendeley/extracted/Bangla Audio Dataset Original and DeepFake Voices for AI-Based Voice Analysis and Detection/Dataset/S2M03/Fake/23.wav,1,MEN,MEN-S2M03,TG:0853bab98c8f314f,-2.4882812,1,0.4975,0.076683804
mendeley/extracted/Bangla Audio Dataset Original and DeepFake Voices for AI-Based Voice Analysis and Detection/Dataset/S2M03/Fake/24.wav,1,MEN,MEN-S2M03,TG:289fcb521c3b150a,-8.9609375,1,0.4641666666666666,0.00012830943
mendeley/extracted/Bangla Audio Dataset Original and DeepFake Voices for AI-Based Voice Analysis and Detection/Dataset/S2M03/Fake/25.wav,1,MEN,MEN-S2M03,TG:40b84a5f1cb3b6f7,-7.8203125,1,0.2308333333333333,0.00040133507
mendeley/extracted/Bangla Audio Dataset Original and DeepFake Voices for AI-Based Voice Analysis and Detection/Dataset/S2M03/Fake/26.wav,1,MEN,MEN-S2M03,TG:0927b5e32fe2f3c3,-8.8671875,1,0.3924999999999999,0.00014091855
mendeley/extracted/Bangla Audio Dataset Original and DeepFake Voices for AI-Based Voice Analysis and Detection/Dataset/S2M03/Fake/27.wav,1,MEN,MEN-S2M03,TG:cc2b4377cdecc854,-12.0,1,0.3175,6.144175e-06
mendeley/extracted/Bangla Audio Dataset Original and DeepFake Voices for AI-Based Voice Analysis and Detection/Dataset/S2M03/Fake/28.wav,1,MEN,MEN-S2M03,TG:9324b178591cabbc,-10.828125,1,0.4908333333333333,1.9833367e-05
mendeley/extracted/Bangla Audio Dataset Original and DeepFake Voices for AI-Based Voice Analysis and Detection/Dataset/S2M03/Fake/29.wav,1,MEN,MEN-S2M03,TG:7fb328868f0ac39d,-6.3085938,1,0.4908333333333333,0.001817283
mendeley/extracted/Bangla Audio Dataset Original and DeepFake Voices for AI-Based Voice Analysis and Detection/Dataset/S2M03/Fake/3.wav,1,MEN,MEN-S2M03,TG:f50e8049e973348f,-8.0859375,1,0.3874999999999999,0.00030774306
mendeley/extracted/Bangla Audio Dataset Original and DeepFake Voices for AI-Based Voice Analysis and Detection/Dataset/S2M03/Fake/30.wav,1,MEN,MEN-S2M03,TG:889385251133086d,-3.6875,1,0.5041666666666667,0.02442309
mendeley/extracted/Bangla Audio Dataset Original and DeepFake Voices for AI-Based Voice Analysis and Detection/Dataset/S2M03/Fake/4.wav,1,MEN,MEN-S2M03,TG:8ce64b152c444b3e,-7.78125,1,0.4425,0.00041731578
mendeley/extracted/Bangla Audio Dataset Original and DeepFake Voices for AI-Based Voice Analysis and Detection/Dataset/S2M03/Fake/5.wav,1,MEN,MEN-S2M03,TG:df1971069cd078a3,-5.1054688,1,0.4241666666666667,0.006026951
mendeley/extracted/Bangla Audio Dataset Original and DeepFake Voices for AI-Based Voice Analysis and Detection/Dataset/S2M03/Fake/6.wav,1,MEN,MEN-S2M03,TG:97bbdf40bcf80ca3,-5.7539062,1,0.3275,0.003160353
mendeley/extracted/Bangla Audio Dataset Original and DeepFake Voices for AI-Based Voice Analysis and Detection/Dataset/S2M03/Fake/7.wav,1,MEN,MEN-S2M03,TG:ad21867e01875176,-10.171875,1,0.4308333333333333,3.822911e-05
mendeley/extracted/Bangla Audio Dataset Original and DeepFake Voices for AI-Based Voice Analysis and Detection/Dataset/S2M03/Fake/8.wav,1,MEN,MEN-S2M03,TG:8a0169787fba87e5,-11.25,1,0.2658333333333333,1.30071285e-05
mendeley/extracted/Bangla Audio Dataset Original and DeepFake Voices for AI-Based Voice Analysis and Detection/Dataset/S2M03/Fake/9.wav,1,MEN,MEN-S2M03,TG:579044776182eb17,-10.375,1,0.4991666666666666,3.120191e-05
mendeley/extracted/Bangla Audio Dataset Original and DeepFake Voices for AI-Based Voice Analysis and Detection/Dataset/S2M03/Real/1.wav,0,MEN,MEN-S2M03,TG:b20a3f0d02492dde,-8.09375,1,0.4175,0.00030534892
mendeley/extracted/Bangla Audio Dataset Original and DeepFake Voices for AI-Based Voice Analysis and Detection/Dataset/S2M03/Real/10.wav,0,MEN,MEN-S2M03,TG:33b1f33dae6afa07,-10.875,1,0.3508333333333333,1.8925148e-05
mendeley/extracted/Bangla Audio Dataset Original and DeepFake Voices for AI-Based Voice Analysis and Detection/Dataset/S2M03/Real/11.wav,0,MEN,MEN-S2M03,TG:bbe30dd5ada268b4,-7.46875,1,0.3008333333333333,0.0005703157
mendeley/extracted/Bangla Audio Dataset Original and DeepFake Voices for AI-Based Voice Analysis and Detection/Dataset/S2M03/Real/12.wav,0,MEN,MEN-S2M03,TG:6074856ccebe1d75,-9.359375,1,0.3841666666666666,8.6146516e-05
mendeley/extracted/Bangla Audio Dataset Original and DeepFake Voices for AI-Based Voice Analysis and Detection/Dataset/S2M03/Real/13.wav,0,MEN,MEN-S2M03,TG:2cd01584e8b49dae,-13.96875,1,0.3508333333333333,8.5792345e-07
mendeley/extracted/Bangla Audio Dataset Original and DeepFake Voices for AI-Based Voice Analysis and Detection/Dataset/S2M03/Real/14.wav,0,MEN,MEN-S2M03,TG:9f0e2d6c08097dec,-13.0546875,1,0.3175,2.1400322e-06
mendeley/extracted/Bangla Audio Dataset Original and DeepFake Voices for AI-Based Voice Analysis and Detection/Dataset/S2M03/Real/15.wav,0,MEN,MEN-S2M03,TG:1c625cb144c83a4e,-7.6914062,1,0.3841666666666666,0.0004565269
mendeley/extracted/Bangla Audio Dataset Original and DeepFake Voices for AI-Based Voice Analysis and Detection/Dataset/S2M03/Real/16.wav,0,MEN,MEN-S2M03,TG:8e996bc7105e9806,-12.015625,1,0.3341666666666666,6.0489183e-06
mendeley/extracted/Bangla Audio Dataset Original and DeepFake Voices for AI-Based Voice Analysis and Detection/Dataset/S2M03/Real/17.wav,0,MEN,MEN-S2M03,TG:b14e52bf5954d16c,-8.1484375,1,0.3341666666666666,0.00028910325
mendeley/extracted/Bangla Audio Dataset Original and DeepFake Voices for AI-Based Voice Analysis and Detection/Dataset/S2M03/Real/18.wav,0,MEN,MEN-S2M03,TG:22a136bd91a94101,-7.3164062,1,0.3341666666666666,0.0006641048
mendeley/extracted/Bangla Audio Dataset Original and DeepFake Voices for AI-Based Voice Analysis and Detection/Dataset/S2M03/Real/19.wav,0,MEN,MEN-S2M03,TG:bdf52a53172256ba,-10.6796875,1,0.3008333333333333,2.3007036e-05
mendeley/extracted/Bangla Audio Dataset Original and DeepFake Voices for AI-Based Voice Analysis and Detection/Dataset/S2M03/Real/2.wav,0,MEN,MEN-S2M03,TG:96efe46367590bfc,0.91845703,1,0.3675,0.71472764
mendeley/extracted/Bangla Audio Dataset Original and DeepFake Voices for AI-Based Voice Analysis and Detection/Dataset/S2M03/Real/20.wav,0,MEN,MEN-S2M03,TG:8679fd3194015daa,-11.578125,1,0.3175,9.368717e-06
mendeley/extracted/Bangla Audio Dataset Original and DeepFake Voices for AI-Based Voice Analysis and Detection/Dataset/S2M03/Real/21.wav,0,MEN,MEN-S2M03,TG:8d69e5e5f763c90d,-5.2421875,1,0.3841666666666666,0.005260852
mendeley/extracted/Bangla Audio Dataset Original and DeepFake Voices for AI-Based Voice Analysis and Detection/Dataset/S2M03/Real/22.wav,0,MEN,MEN-S2M03,TG:fd6d9ea4183989da,-12.2578125,1,0.3341666666666666,4.747857e-06
mendeley/extracted/Bangla Audio Dataset Original and DeepFake Voices for AI-Based Voice Analysis and Detection/Dataset/S2M03/Real/23.wav,0,MEN,MEN-S2M03,TG:0853bab98c8f314f,-7.8320312,1,0.3841666666666666,0.00039666123
mendeley/extracted/Bangla Audio Dataset Original and DeepFake Voices for AI-Based Voice Analysis and Detection/Dataset/S2M03/Real/24.wav,0,MEN,MEN-S2M03,TG:289fcb521c3b150a,-10.96875,1,0.3508333333333333,1.7231572e-05
mendeley/extracted/Bangla Audio Dataset Original and DeepFake Voices for AI-Based Voice Analysis and Detection/Dataset/S2M03/Real/25.wav,0,MEN,MEN-S2M03,TG:40b84a5f1cb3b6f7,-7.3789062,1,0.3341666666666666,0.00062389387
mendeley/extracted/Bangla Audio Dataset Original and DeepFake Voices for AI-Based Voice Analysis and Detection/Dataset/S2M03/Real/26.wav,0,MEN,MEN-S2M03,TG:0927b5e32fe2f3c3,-7.4414062,1,0.4175,0.00058611616
mendeley/extracted/Bangla Audio Dataset Original and DeepFake Voices for AI-Based Voice Analysis and Detection/Dataset/S2M03/Real/27.wav,0,MEN,MEN-S2M03,TG:cc2b4377cdecc854,-10.484375,1,0.3508333333333333,2.7969301e-05
mendeley/extracted/Bangla Audio Dataset Original and DeepFake Voices for AI-Based Voice Analysis and Detection/Dataset/S2M03/Real/28.wav,0,MEN,MEN-S2M03,TG:9324b178591cabbc,-11.4453125,1,0.4175,1.0699397e-05
mendeley/extracted/Bangla Audio Dataset Original and DeepFake Voices for AI-Based Voice Analysis and Detection/Dataset/S2M03/Real/29.wav,0,MEN,MEN-S2M03,TG:7fb328868f0ac39d,-10.9140625,1,0.3675,1.8200151e-05
mendeley/extracted/Bangla Audio Dataset Original and DeepFake Voices for AI-Based Voice Analysis and Detection/Dataset/S2M03/Real/3.wav,0,MEN,MEN-S2M03,TG:f50e8049e973348f,-9.8125,1,0.3341666666666666,5.4759774e-05
mendeley/extracted/Bangla Audio Dataset Original and DeepFake Voices for AI-Based Voice Analysis and Detection/Dataset/S2M03/Real/30.wav,0,MEN,MEN-S2M03,TG:889385251133086d,-8.5390625,1,0.4008333333333334,0.00019563532
mendeley/extracted/Bangla Audio Dataset Original and DeepFake Voices for AI-Based Voice Analysis and Detection/Dataset/S2M03/Real/4.wav,0,MEN,MEN-S2M03,TG:8ce64b152c444b3e,-9.84375,1,0.3841666666666666,5.307508e-05
mendeley/extracted/Bangla Audio Dataset Original and DeepFake Voices for AI-Based Voice Analysis and Detection/Dataset/S2M03/Real/5.wav,0,MEN,MEN-S2M03,TG:df1971069cd078a3,-11.125,1,0.3341666666666666,1.4738983e-05
mendeley/extracted/Bangla Audio Dataset Original and DeepFake Voices for AI-Based Voice Analysis and Detection/Dataset/S2M03/Real/6.wav,0,MEN,MEN-S2M03,TG:97bbdf40bcf80ca3,-10.5625,1,0.3508333333333333,2.586743e-05
mendeley/extracted/Bangla Audio Dataset Original and DeepFake Voices for AI-Based Voice Analysis and Detection/Dataset/S2M03/Real/7.wav,0,MEN,MEN-S2M03,TG:ad21867e01875176,-9.046875,1,0.3341666666666666,0.000117744596
mendeley/extracted/Bangla Audio Dataset Original and DeepFake Voices for AI-Based Voice Analysis and Detection/Dataset/S2M03/Real/8.wav,0,MEN,MEN-S2M03,TG:8a0169787fba87e5,-11.765625,1,0.3175,7.766952e-06
mendeley/extracted/Bangla Audio Dataset Original and DeepFake Voices for AI-Based Voice Analysis and Detection/Dataset/S2M03/Real/9.wav,0,MEN,MEN-S2M03,TG:579044776182eb17,-5.9882812,1,0.3508333333333333,0.0025016966
mendeley/extracted/Bangla Audio Dataset Original and DeepFake Voices for AI-Based Voice Analysis and Detection/Dataset/S2M04/Fake/1.wav,1,MEN,MEN-S2M04,TG:b20a3f0d02492dde,-6.4375,1,0.2691666666666666,0.0015978456
mendeley/extracted/Bangla Audio Dataset Original and DeepFake Voices for AI-Based Voice Analysis and Detection/Dataset/S2M04/Fake/10.wav,1,MEN,MEN-S2M04,TG:33b1f33dae6afa07,-8.1875,1,0.4575,0.00027803096
mendeley/extracted/Bangla Audio Dataset Original and DeepFake Voices for AI-Based Voice Analysis and Detection/Dataset/S2M04/Fake/11.wav,1,MEN,MEN-S2M04,TG:bbe30dd5ada268b4,-8.84375,1,0.4441666666666667,0.00014425987
mendeley/extracted/Bangla Audio Dataset Original and DeepFake Voices for AI-Based Voice Analysis and Detection/Dataset/S2M04/Fake/12.wav,1,MEN,MEN-S2M04,TG:6074856ccebe1d75,-8.9375,1,0.4808333333333333,0.0001313518
mendeley/extracted/Bangla Audio Dataset Original and DeepFake Voices for AI-Based Voice Analysis and Detection/Dataset/S2M04/Fake/13.wav,1,MEN,MEN-S2M04,TG:2cd01584e8b49dae,-11.578125,1,0.4341666666666667,9.368717e-06
mendeley/extracted/Bangla Audio Dataset Original and DeepFake Voices for AI-Based Voice Analysis and Detection/Dataset/S2M04/Fake/14.wav,1,MEN,MEN-S2M04,TG:9f0e2d6c08097dec,-4.203125,1,0.3375,0.014728614
mendeley/extracted/Bangla Audio Dataset Original and DeepFake Voices for AI-Based Voice Analysis and Detection/Dataset/S2M04/Fake/15.wav,1,MEN,MEN-S2M04,TG:1c625cb144c83a4e,-11.640625,1,0.4525,8.801101e-06
mendeley/extracted/Bangla Audio Dataset Original and DeepFake Voices for AI-Based Voice Analysis and Detection/Dataset/S2M04/Fake/16.wav,1,MEN,MEN-S2M04,TG:8e996bc7105e9806,-5.9804688,1,0.5058333333333334,0.002521268
mendeley/extracted/Bangla Audio Dataset Original and DeepFake Voices for AI-Based Voice Analysis and Detection/Dataset/S2M04/Fake/17.wav,1,MEN,MEN-S2M04,TG:b14e52bf5954d16c,-10.7265625,1,0.5058333333333334,2.1953489e-05
mendeley/extracted/Bangla Audio Dataset Original and DeepFake Voices for AI-Based Voice Analysis and Detection/Dataset/S2M04/Fake/18.wav,1,MEN,MEN-S2M04,TG:22a136bd91a94101,-9.078125,1,0.5141666666666667,0.00011412239
mendeley/extracted/Bangla Audio Dataset Original and DeepFake Voices for AI-Based Voice Analysis and Detection/Dataset/S2M04/Fake/19.wav,1,MEN,MEN-S2M04,TG:bdf52a53172256ba,-11.7265625,1,0.3408333333333333,8.076349e-06
mendeley/extracted/Bangla Audio Dataset Original and DeepFake Voices for AI-Based Voice Analysis and Detection/Dataset/S2M04/Fake/2.wav,1,MEN,MEN-S2M04,TG:96efe46367590bfc,-6.0664062,1,0.4575,0.0023141264
mendeley/extracted/Bangla Audio Dataset Original and DeepFake Voices for AI-Based Voice Analysis and Detection/Dataset/S2M04/Fake/20.wav,1,MEN,MEN-S2M04,TG:8679fd3194015daa,-9.84375,1,0.5141666666666667,5.307508e-05
mendeley/extracted/Bangla Audio Dataset Original and DeepFake Voices for AI-Based Voice Analysis and Detection/Dataset/S2M04/Fake/21.wav,1,MEN,MEN-S2M04,TG:8d69e5e5f763c90d,-14.8515625,1,0.4841666666666666,3.548528e-07
mendeley/extracted/Bangla Audio Dataset Original and DeepFake Voices for AI-Based Voice Analysis and Detection/Dataset/S2M04/Fake/22.wav,1,MEN,MEN-S2M04,TG:fd6d9ea4183989da,-11.78125,1,0.5375,7.646538e-06
mendeley/extracted/Bangla Audio Dataset Original and DeepFake Voices for AI-Based Voice Analysis and Detection/Dataset/S2M04/Fake/23.wav,1,MEN,MEN-S2M04,TG:0853bab98c8f314f,-12.40625,1,0.5508333333333333,4.0929112e-06
mendeley/extracted/Bangla Audio Dataset Original and DeepFake Voices for AI-Based Voice Analysis and Detection/Dataset/S2M04/Fake/24.wav,1,MEN,MEN-S2M04,TG:289fcb521c3b150a,-11.8203125,1,0.5175000000000001,7.353606e-06
mendeley/extracted/Bangla Audio Dataset Original and DeepFake Voices for AI-Based Voice Analysis and Detection/Dataset/S2M04/Fake/25.wav,1,MEN,MEN-S2M04,TG:40b84a5f1cb3b6f7,-15.6953125,1,0.2674999999999999,1.5262032e-07
mendeley/extracted/Bangla Audio Dataset Original and DeepFake Voices for AI-Based Voice Analysis and Detection/Dataset/S2M04/Fake/26.wav,1,MEN,MEN-S2M04,TG:0927b5e32fe2f3c3,-2.8378906,1,0.3874999999999999,0.05531065
mendeley/extracted/Bangla Audio Dataset Original and DeepFake Voices for AI-Based Voice Analysis and Detection/Dataset/S2M04/Fake/27.wav,1,MEN,MEN-S2M04,TG:cc2b4377cdecc854,-9.3203125,1,0.3008333333333333,8.957789e-05
mendeley/extracted/Bangla Audio Dataset Original and DeepFake Voices for AI-Based Voice Analysis and Detection/Dataset/S2M04/Fake/28.wav,1,MEN,MEN-S2M04,TG:9324b178591cabbc,-7.2734375,1,0.5208333333333333,0.00069324224
mendeley/extracted/Bangla Audio Dataset Original and DeepFake Voices for AI-Based Voice Analysis and Detection/Dataset/S2M04/Fake/29.wav,1,MEN,MEN-S2M04,TG:7fb328868f0ac39d,-9.1328125,1,0.3841666666666666,0.000108049564
mendeley/extracted/Bangla Audio Dataset Original and DeepFake Voices for AI-Based Voice Analysis and Detection/Dataset/S2M04/Fake/3.wav,1,MEN,MEN-S2M04,TG:f50e8049e973348f,-8.2890625,1,0.3675,0.00025118678
mendeley/extracted/Bangla Audio Dataset Original and DeepFake Voices for AI-Based Voice Analysis and Detection/Dataset/S2M04/Fake/30.wav,1,MEN,MEN-S2M04,TG:889385251133086d,-10.9609375,1,0.5241666666666667,1.736672e-05
mendeley/extracted/Bangla Audio Dataset Original and DeepFake Voices for AI-Based Voice Analysis and Detection/Dataset/S2M04/Fake/4.wav,1,MEN,MEN-S2M04,TG:8ce64b152c444b3e,-6.3710938,1,0.4075,0.0017073674
mendeley/extracted/Bangla Audio Dataset Original and DeepFake Voices for AI-Based Voice Analysis and Detection/Dataset/S2M04/Fake/5.wav,1,MEN,MEN-S2M04,TG:df1971069cd078a3,7.703125,1,0.4375,0.99954873
mendeley/extracted/Bangla Audio Dataset Original and DeepFake Voices for AI-Based Voice Analysis and Detection/Dataset/S2M04/Fake/6.wav,1,MEN,MEN-S2M04,TG:97bbdf40bcf80ca3,-9.953125,1,0.3375,4.7576454e-05
mendeley/extracted/Bangla Audio Dataset Original and DeepFake Voices for AI-Based Voice Analysis and Detection/Dataset/S2M04/Fake/7.wav,1,MEN,MEN-S2M04,TG:ad21867e01875176,-1.7099609,1,0.4158333333333334,0.15316878
mendeley/extracted/Bangla Audio Dataset Original and DeepFake Voices for AI-Based Voice Analysis and Detection/Dataset/S2M04/Fake/8.wav,1,MEN,MEN-S2M04,TG:8a0169787fba87e5,-11.2109375,1,0.2724999999999999,1.3525267e-05
mendeley/extracted/Bangla Audio Dataset Original and DeepFake Voices for AI-Based Voice Analysis and Detection/Dataset/S2M04/Fake/9.wav,1,MEN,MEN-S2M04,TG:579044776182eb17,-8.3515625,1,0.4841666666666666,0.00023597172
mendeley/extracted/Bangla Audio Dataset Original and DeepFake Voices for AI-Based Voice Analysis and Detection/Dataset/S2M04/Real/1.wav,0,MEN,MEN-S2M04,TG:b20a3f0d02492dde,-6.5507812,1,0.3841666666666666,0.0014269596
mendeley/extracted/Bangla Audio Dataset Original and DeepFake Voices for AI-Based Voice Analysis and Detection/Dataset/S2M04/Real/10.wav,0,MEN,MEN-S2M04,TG:33b1f33dae6afa07,-0.97265625,1,0.4175,0.2743514
mendeley/extracted/Bangla Audio Dataset Original and DeepFake Voices for AI-Based Voice Analysis and Detection/Dataset/S2M04/Real/11.wav,0,MEN,MEN-S2M04,TG:bbe30dd5ada268b4,-2.6699219,1,0.4008333333333334,0.0647717
mendeley/extracted/Bangla Audio Dataset Original and DeepFake Voices for AI-Based Voice Analysis and Detection/Dataset/S2M04/Real/12.wav,0,MEN,MEN-S2M04,TG:6074856ccebe1d75,-5.578125,1,0.4841666666666666,0.003765414
mendeley/extracted/Bangla Audio Dataset Original and DeepFake Voices for AI-Based Voice Analysis and Detection/Dataset/S2M04/Real/13.wav,0,MEN,MEN-S2M04,TG:2cd01584e8b49dae,-1.1972656,1,0.4175,0.23196203
mendeley/extracted/Bangla Audio Dataset Original and DeepFake Voices for AI-Based Voice Analysis and Detection/Dataset/S2M04/Real/14.wav,0,MEN,MEN-S2M04,TG:9f0e2d6c08097dec,-7.6484375,1,0.4008333333333334,0.00047656134
mendeley/extracted/Bangla Audio Dataset Original and DeepFake Voices for AI-Based Voice Analysis and Detection/Dataset/S2M04/Real/15.wav,0,MEN,MEN-S2M04,TG:1c625cb144c83a4e,-10.34375,1,0.4675,3.2192336e-05
mendeley/extracted/Bangla Audio Dataset Original and DeepFake Voices for AI-Based Voice Analysis and Detection/Dataset/S2M04/Real/16.wav,0,MEN,MEN-S2M04,TG:8e996bc7105e9806,-7.3046875,1,0.4341666666666667,0.0006719279
mendeley/extracted/Bangla Audio Dataset Original and DeepFake Voices for AI-Based Voice Analysis and Detection/Dataset/S2M04/Real/17.wav,0,MEN,MEN-S2M04,TG:b14e52bf5954d16c,-9.0546875,1,0.4841666666666666,0.0001168284
mendeley/extracted/Bangla Audio Dataset Original and DeepFake Voices for AI-Based Voice Analysis and Detection/Dataset/S2M04/Real/18.wav,0,MEN,MEN-S2M04,TG:22a136bd91a94101,-11.46875,1,0.4008333333333334,1.0451548e-05
mendeley/extracted/Bangla Audio Dataset Original and DeepFake Voices for AI-Based Voice Analysis and Detection/Dataset/S2M04/Real/19.wav,0,MEN,MEN-S2M04,TG:bdf52a53172256ba,-11.640625,1,0.3841666666666666,8.801101e-06
mendeley/extracted/Bangla Audio Dataset Original and DeepFake Voices for AI-Based Voice Analysis and Detection/Dataset/S2M04/Real/2.wav,0,MEN,MEN-S2M04,TG:96efe46367590bfc,5.296875,1,0.4341666666666667,0.9950177
mendeley/extracted/Bangla Audio Dataset Original and DeepFake Voices for AI-Based Voice Analysis and Detection/Dataset/S2M04/Real/20.wav,0,MEN,MEN-S2M04,TG:8679fd3194015daa,-12.3203125,1,0.4675,4.4602e-06
mendeley/extracted/Bangla Audio Dataset Original and DeepFake Voices for AI-Based Voice Analysis and Detection/Dataset/S2M04/Real/21.wav,0,MEN,MEN-S2M04,TG:8d69e5e5f763c90d,-12.671875,1,0.4508333333333333,3.138147e-06
mendeley/extracted/Bangla Audio Dataset Original and DeepFake Voices for AI-Based Voice Analysis and Detection/Dataset/S2M04/Real/22.wav,0,MEN,MEN-S2M04,TG:fd6d9ea4183989da,-9.4296875,1,0.4175,8.029784e-05
mendeley/extracted/Bangla Audio Dataset Original and DeepFake Voices for AI-Based Voice Analysis and Detection/Dataset/S2M04/Real/23.wav,0,MEN,MEN-S2M04,TG:0853bab98c8f314f,-10.9453125,1,0.4008333333333334,1.76402e-05
mendeley/extracted/Bangla Audio Dataset Original and DeepFake Voices for AI-Based Voice Analysis and Detection/Dataset/S2M04/Real/24.wav,0,MEN,MEN-S2M04,TG:289fcb521c3b150a,-10.6171875,1,0.4175,2.4490826e-05
mendeley/extracted/Bangla Audio Dataset Original and DeepFake Voices for AI-Based Voice Analysis and Detection/Dataset/S2M04/Real/25.wav,0,MEN,MEN-S2M04,TG:40b84a5f1cb3b6f7,-7.0,1,0.4008333333333334,0.0009110512
mendeley/extracted/Bangla Audio Dataset Original and DeepFake Voices for AI-Based Voice Analysis and Detection/Dataset/S2M04/Real/26.wav,0,MEN,MEN-S2M04,TG:0927b5e32fe2f3c3,-0.9033203,1,0.4008333333333334,0.28836864
mendeley/extracted/Bangla Audio Dataset Original and DeepFake Voices for AI-Based Voice Analysis and Detection/Dataset/S2M04/Real/27.wav,0,MEN,MEN-S2M04,TG:cc2b4377cdecc854,-1.2753906,1,0.3341666666666666,0.21833584
mendeley/extracted/Bangla Audio Dataset Original and DeepFake Voices for AI-Based Voice Analysis and Detection/Dataset/S2M04/Real/28.wav,0,MEN,MEN-S2M04,TG:9324b178591cabbc,-10.75,1,0.4675,2.1444948e-05
mendeley/extracted/Bangla Audio Dataset Original and DeepFake Voices for AI-Based Voice Analysis and Detection/Dataset/S2M04/Real/29.wav,0,MEN,MEN-S2M04,TG:7fb328868f0ac39d,-5.828125,1,0.4841666666666666,0.0029349516
mendeley/extracted/Bangla Audio Dataset Original and DeepFake Voices for AI-Based Voice Analysis and Detection/Dataset/S2M04/Real/3.wav,0,MEN,MEN-S2M04,TG:f50e8049e973348f,-1.6679688,1,0.4008333333333334,0.15869519
mendeley/extracted/Bangla Audio Dataset Original and DeepFake Voices for AI-Based Voice Analysis and Detection/Dataset/S2M04/Real/30.wav,0,MEN,MEN-S2M04,TG:889385251133086d,-6.0429688,1,0.4175,0.0023688744
mendeley/extracted/Bangla Audio Dataset Original and DeepFake Voices for AI-Based Voice Analysis and Detection/Dataset/S2M04/Real/4.wav,0,MEN,MEN-S2M04,TG:8ce64b152c444b3e,-6.4921875,1,0.5175000000000001,0.0015129384
mendeley/extracted/Bangla Audio Dataset Original and DeepFake Voices for AI-Based Voice Analysis and Detection/Dataset/S2M04/Real/5.wav,0,MEN,MEN-S2M04,TG:df1971069cd078a3,-4.4765625,1,0.4841666666666666,0.011244561
mendeley/extracted/Bangla Audio Dataset Original and DeepFake Voices for AI-Based Voice Analysis and Detection/Dataset/S2M04/Real/6.wav,0,MEN,MEN-S2M04,TG:97bbdf40bcf80ca3,-7.328125,1,0.5008333333333334,0.00065637287
mendeley/extracted/Bangla Audio Dataset Original and DeepFake Voices for AI-Based Voice Analysis and Detection/Dataset/S2M04/Real/7.wav,0,MEN,MEN-S2M04,TG:ad21867e01875176,-8.2109375,1,0.4841666666666666,0.00027159214
mendeley/extracted/Bangla Audio Dataset Original and DeepFake Voices for AI-Based Voice Analysis and Detection/Dataset/S2M04/Real/8.wav,0,MEN,MEN-S2M04,TG:8a0169787fba87e5,-8.6015625,1,0.4008333333333334,0.00018378458
mendeley/extracted/Bangla Audio Dataset Original and DeepFake Voices for AI-Based Voice Analysis and Detection/Dataset/S2M04/Real/9.wav,0,MEN,MEN-S2M04,TG:579044776182eb17,-9.1015625,1,0.4175,0.00011147904
mendeley/extracted/Bangla Audio Dataset Original and DeepFake Voices for AI-Based Voice Analysis and Detection/Dataset/S2M05/Fake/1.wav,1,MEN,MEN-S2M05,TG:b20a3f0d02492dde,-0.61328125,1,0.2958333333333333,0.35131106
mendeley/extracted/Bangla Audio Dataset Original and DeepFake Voices for AI-Based Voice Analysis and Detection/Dataset/S2M05/Fake/10.wav,1,MEN,MEN-S2M05,TG:33b1f33dae6afa07,-8.3828125,1,0.4775,0.0002287133
mendeley/extracted/Bangla Audio Dataset Original and DeepFake Voices for AI-Based Voice Analysis and Detection/Dataset/S2M05/Fake/11.wav,1,MEN,MEN-S2M05,TG:bbe30dd5ada268b4,-8.3359375,1,0.4675,0.00023968688
mendeley/extracted/Bangla Audio Dataset Original and DeepFake Voices for AI-Based Voice Analysis and Detection/Dataset/S2M05/Fake/12.wav,1,MEN,MEN-S2M05,TG:6074856ccebe1d75,-8.2265625,1,0.4608333333333333,0.00026738262
mendeley/extracted/Bangla Audio Dataset Original and DeepFake Voices for AI-Based Voice Analysis and Detection/Dataset/S2M05/Fake/13.wav,1,MEN,MEN-S2M05,TG:2cd01584e8b49dae,-8.921875,1,0.4675,0.00013342
mendeley/extracted/Bangla Audio Dataset Original and DeepFake Voices for AI-Based Voice Analysis and Detection/Dataset/S2M05/Fake/14.wav,1,MEN,MEN-S2M05,TG:9f0e2d6c08097dec,-0.2211914,1,0.3308333333333333,0.44492647
mendeley/extracted/Bangla Audio Dataset Original and DeepFake Voices for AI-Based Voice Analysis and Detection/Dataset/S2M05/Fake/15.wav,1,MEN,MEN-S2M05,TG:1c625cb144c83a4e,-14.3984375,1,0.4958333333333333,5.5826166e-07
mendeley/extracted/Bangla Audio Dataset Original and DeepFake Voices for AI-Based Voice Analysis and Detection/Dataset/S2M05/Fake/16.wav,1,MEN,MEN-S2M05,TG:8e996bc7105e9806,-10.34375,1,0.5375,3.2192336e-05
mendeley/extracted/Bangla Audio Dataset Original and DeepFake Voices for AI-Based Voice Analysis and Detection/Dataset/S2M05/Fake/17.wav,1,MEN,MEN-S2M05,TG:b14e52bf5954d16c,-8.0234375,1,0.4541666666666667,0.00032758433
mendeley/extracted/Bangla Audio Dataset Original and DeepFake Voices for AI-Based Voice Analysis and Detection/Dataset/S2M05/Fake/18.wav,1,MEN,MEN-S2M05,TG:22a136bd91a94101,-1.9169922,1,0.5175000000000001,0.12819736
mendeley/extracted/Bangla Audio Dataset Original and DeepFake Voices for AI-Based Voice Analysis and Detection/Dataset/S2M05/Fake/19.wav,1,MEN,MEN-S2M05,TG:bdf52a53172256ba,-11.6875,1,0.3774999999999999,8.398072e-06
mendeley/extracted/Bangla Audio Dataset Original and DeepFake Voices for AI-Based Voice Analysis and Detection/Dataset/S2M05/Fake/2.wav,1,MEN,MEN-S2M05,TG:96efe46367590bfc,-3.0722656,1,0.3941666666666666,0.044265877
mendeley/extracted/Bangla Audio Dataset Original and DeepFake Voices for AI-Based Voice Analysis and Detection/Dataset/S2M05/Fake/20.wav,1,MEN,MEN-S2M05,TG:8679fd3194015daa,-10.1953125,1,0.5175000000000001,3.7343565e-05
mendeley/extracted/Bangla Audio Dataset Original and DeepFake Voices for AI-Based Voice Analysis and Detection/Dataset/S2M05/Fake/21.wav,1,MEN,MEN-S2M05,TG:8d69e5e5f763c90d,-12.3125,1,0.4358333333333333,4.4951817e-06
mendeley/extracted/Bangla Audio Dataset Original and DeepFake Voices for AI-Based Voice Analysis and Detection/Dataset/S2M05/Fake/22.wav,1,MEN,MEN-S2M05,TG:fd6d9ea4183989da,-8.6953125,1,0.5425,0.00016734052
mendeley/extracted/Bangla Audio Dataset Original and DeepFake Voices for AI-Based Voice Analysis and Detection/Dataset/S2M05/Fake/23.wav,1,MEN,MEN-S2M05,TG:0853bab98c8f314f,-12.03125,1,0.4758333333333333,5.95514e-06
mendeley/extracted/Bangla Audio Dataset Original and DeepFake Voices for AI-Based Voice Analysis and Detection/Dataset/S2M05/Fake/24.wav,1,MEN,MEN-S2M05,TG:289fcb521c3b150a,-8.765625,1,0.5075000000000001,0.00015598028
mendeley/extracted/Bangla Audio Dataset Original and DeepFake Voices for AI-Based Voice Analysis and Detection/Dataset/S2M05/Fake/25.wav,1,MEN,MEN-S2M05,TG:40b84a5f1cb3b6f7,-6.5859375,1,0.2341666666666666,0.0013777327
mendeley/extracted/Bangla Audio Dataset Original and DeepFake Voices for AI-Based Voice Analysis and Detection/Dataset/S2M05/Fake/26.wav,1,MEN,MEN-S2M05,TG:0927b5e32fe2f3c3,-4.8398438,1,0.3575,0.007846239
mendeley/extracted/Bangla Audio Dataset Original and DeepFake Voices for AI-Based Voice Analysis and Detection/Dataset/S2M05/Fake/27.wav,1,MEN,MEN-S2M05,TG:cc2b4377cdecc854,-7.796875,1,0.2991666666666667,0.00041084853
mendeley/extracted/Bangla Audio Dataset Original and DeepFake Voices for AI-Based Voice Analysis and Detection/Dataset/S2M05/Fake/28.wav,1,MEN,MEN-S2M05,TG:9324b178591cabbc,-9.25,1,0.5225,9.610241e-05
mendeley/extracted/Bangla Audio Dataset Original and DeepFake Voices for AI-Based Voice Analysis and Detection/Dataset/S2M05/Fake/29.wav,1,MEN,MEN-S2M05,TG:7fb328868f0ac39d,-6.7695312,1,0.4091666666666667,0.001146916
mendeley/extracted/Bangla Audio Dataset Original and DeepFake Voices for AI-Based Voice Analysis and Detection/Dataset/S2M05/Fake/3.wav,1,MEN,MEN-S2M05,TG:f50e8049e973348f,0.93066406,1,0.4041666666666667,0.71720994
mendeley/extracted/Bangla Audio Dataset Original and DeepFake Voices for AI-Based Voice Analysis and Detection/Dataset/S2M05/Fake/30.wav,1,MEN,MEN-S2M05,TG:889385251133086d,-6.4453125,1,0.5958333333333333,0.0015854306
mendeley/extracted/Bangla Audio Dataset Original and DeepFake Voices for AI-Based Voice Analysis and Detection/Dataset/S2M05/Fake/4.wav,1,MEN,MEN-S2M05,TG:8ce64b152c444b3e,-8.9921875,1,0.3841666666666666,0.00012436225
mendeley/extracted/Bangla Audio Dataset Original and DeepFake Voices for AI-Based Voice Analysis and Detection/Dataset/S2M05/Fake/5.wav,1,MEN,MEN-S2M05,TG:df1971069cd078a3,-3.7324219,1,0.3824999999999999,0.023375316
mendeley/extracted/Bangla Audio Dataset Original and DeepFake Voices for AI-Based Voice Analysis and Detection/Dataset/S2M05/Fake/6.wav,1,MEN,MEN-S2M05,TG:97bbdf40bcf80ca3,-10.21875,1,0.3508333333333333,3.6478537e-05
mendeley/extracted/Bangla Audio Dataset Original and DeepFake Voices for AI-Based Voice Analysis and Detection/Dataset/S2M05/Fake/7.wav,1,MEN,MEN-S2M05,TG:ad21867e01875176,-11.46875,1,0.4091666666666667,1.0451548e-05
mendeley/extracted/Bangla Audio Dataset Original and DeepFake Voices for AI-Based Voice Analysis and Detection/Dataset/S2M05/Fake/8.wav,1,MEN,MEN-S2M05,TG:8a0169787fba87e5,-8.5625,1,0.2624999999999999,0.00019110431
mendeley/extracted/Bangla Audio Dataset Original and DeepFake Voices for AI-Based Voice Analysis and Detection/Dataset/S2M05/Fake/9.wav,1,MEN,MEN-S2M05,TG:579044776182eb17,-13.546875,1,0.5041666666666667,1.3081766e-06
mendeley/extracted/Bangla Audio Dataset Original and DeepFake Voices for AI-Based Voice Analysis and Detection/Dataset/S2M05/Real/1.wav,0,MEN,MEN-S2M05,TG:b20a3f0d02492dde,-21.546875,1,0.6508333333333334,4.3884493e-10
mendeley/extracted/Bangla Audio Dataset Original and DeepFake Voices for AI-Based Voice Analysis and Detection/Dataset/S2M05/Real/10.wav,0,MEN,MEN-S2M05,TG:33b1f33dae6afa07,-17.25,1,0.7008333333333333,3.2241868e-08
mendeley/extracted/Bangla Audio Dataset Original and DeepFake Voices for AI-Based Voice Analysis and Detection/Dataset/S2M05/Real/11.wav,0,MEN,MEN-S2M05,TG:bbe30dd5ada268b4,-20.640625,1,0.5841666666666667,1.0861516e-09
mendeley/extracted/Bangla Audio Dataset Original and DeepFake Voices for AI-Based Voice Analysis and Detection/Dataset/S2M05/Real/12.wav,0,MEN,MEN-S2M05,TG:6074856ccebe1d75,-22.984375,1,0.6841666666666666,1.0423481e-10
mendeley/extracted/Bangla Audio Dataset Original and DeepFake Voices for AI-Based Voice Analysis and Detection/Dataset/S2M05/Real/13.wav,0,MEN,MEN-S2M05,TG:2cd01584e8b49dae,-22.5625,1,0.6341666666666667,1.5893911e-10
mendeley/extracted/Bangla Audio Dataset Original and DeepFake Voices for AI-Based Voice Analysis and Detection/Dataset/S2M05/Real/14.wav,0,MEN,MEN-S2M05,TG:9f0e2d6c08097dec,-20.96875,1,0.5341666666666667,7.823257e-10
mendeley/extracted/Bangla Audio Dataset Original and DeepFake Voices for AI-Based Voice Analysis and Detection/Dataset/S2M05/Real/15.wav,0,MEN,MEN-S2M05,TG:1c625cb144c83a4e,-16.890625,1,0.7341666666666666,4.6184343e-08
mendeley/extracted/Bangla Audio Dataset Original and DeepFake Voices for AI-Based Voice Analysis and Detection/Dataset/S2M05/Real/16.wav,0,MEN,MEN-S2M05,TG:8e996bc7105e9806,-22.734375,1,0.7008333333333333,1.3384013e-10
mendeley/extracted/Bangla Audio Dataset Original and DeepFake Voices for AI-Based Voice Analysis and Detection/Dataset/S2M05/Real/17.wav,0,MEN,MEN-S2M05,TG:b14e52bf5954d16c,-21.265625,1,0.6675,5.813751e-10
mendeley/extracted/Bangla Audio Dataset Original and DeepFake Voices for AI-Based Voice Analysis and Detection/Dataset/S2M05/Real/18.wav,0,MEN,MEN-S2M05,TG:22a136bd91a94101,-25.546875,1,0.6841666666666666,8.037725e-12
mendeley/extracted/Bangla Audio Dataset Original and DeepFake Voices for AI-Based Voice Analysis and Detection/Dataset/S2M05/Real/19.wav,0,MEN,MEN-S2M05,TG:bdf52a53172256ba,-23.765625,1,0.6008333333333333,4.7722173e-11
mendeley/extracted/Bangla Audio Dataset Original and DeepFake Voices for AI-Based Voice Analysis and Detection/Dataset/S2M05/Real/2.wav,0,MEN,MEN-S2M05,TG:96efe46367590bfc,-12.4375,1,0.6008333333333333,3.966986e-06
mendeley/extracted/Bangla Audio Dataset Original and DeepFake Voices for AI-Based Voice Analysis and Detection/Dataset/S2M05/Real/20.wav,0,MEN,MEN-S2M05,TG:8679fd3194015daa,-25.921875,1,0.7175,5.5242425e-12
mendeley/extracted/Bangla Audio Dataset Original and DeepFake Voices for AI-Based Voice Analysis and Detection/Dataset/S2M05/Real/21.wav,0,MEN,MEN-S2M05,TG:8d69e5e5f763c90d,-23.609375,1,0.6675,5.579287e-11
mendeley/extracted/Bangla Audio Dataset Original and DeepFake Voices for AI-Based Voice Analysis and Detection/Dataset/S2M05/Real/22.wav,0,MEN,MEN-S2M05,TG:fd6d9ea4183989da,-22.359375,1,0.7175,1.9473625e-10
mendeley/extracted/Bangla Audio Dataset Original and DeepFake Voices for AI-Based Voice Analysis and Detection/Dataset/S2M05/Real/23.wav,0,MEN,MEN-S2M05,TG:0853bab98c8f314f,-21.890625,1,0.6675,3.1118766e-10
mendeley/extracted/Bangla Audio Dataset Original and DeepFake Voices for AI-Based Voice Analysis and Detection/Dataset/S2M05/Real/24.wav,0,MEN,MEN-S2M05,TG:289fcb521c3b150a,-26.296875,1,0.6675,3.7967524e-12
mendeley/extracted/Bangla Audio Dataset Original and DeepFake Voices for AI-Based Voice Analysis and Detection/Dataset/S2M05/Real/25.wav,0,MEN,MEN-S2M05,TG:40b84a5f1cb3b6f7,-18.21875,1,0.4841666666666666,1.2237632e-08
mendeley/extracted/Bangla Audio Dataset Original and DeepFake Voices for AI-Based Voice Analysis and Detection/Dataset/S2M05/Real/26.wav,0,MEN,MEN-S2M05,TG:0927b5e32fe2f3c3,-20.6875,1,0.5841666666666667,1.0364132e-09
mendeley/extracted/Bangla Audio Dataset Original and DeepFake Voices for AI-Based Voice Analysis and Detection/Dataset/S2M05/Real/27.wav,0,MEN,MEN-S2M05,TG:cc2b4377cdecc854,-18.125,1,0.5675,1.3440411e-08
mendeley/extracted/Bangla Audio Dataset Original and DeepFake Voices for AI-Based Voice Analysis and Detection/Dataset/S2M05/Real/28.wav,0,MEN,MEN-S2M05,TG:9324b178591cabbc,-29.8125,1,0.7008333333333333,1.1287448e-13
mendeley/extracted/Bangla Audio Dataset Original and DeepFake Voices for AI-Based Voice Analysis and Detection/Dataset/S2M05/Real/29.wav,0,MEN,MEN-S2M05,TG:7fb328868f0ac39d,-25.09375,1,0.7008333333333333,1.2645116e-11
mendeley/extracted/Bangla Audio Dataset Original and DeepFake Voices for AI-Based Voice Analysis and Detection/Dataset/S2M05/Real/3.wav,0,MEN,MEN-S2M05,TG:f50e8049e973348f,-18.734375,1,0.6341666666666667,7.3074236e-09
mendeley/extracted/Bangla Audio Dataset Original and DeepFake Voices for AI-Based Voice Analysis and Detection/Dataset/S2M05/Real/30.wav,0,MEN,MEN-S2M05,TG:889385251133086d,-25.375,1,0.7175,9.545036e-12
mendeley/extracted/Bangla Audio Dataset Original and DeepFake Voices for AI-Based Voice Analysis and Detection/Dataset/S2M05/Real/4.wav,0,MEN,MEN-S2M05,TG:8ce64b152c444b3e,-15.4296875,1,0.6675,1.9905441e-07
mendeley/extracted/Bangla Audio Dataset Original and DeepFake Voices for AI-Based Voice Analysis and Detection/Dataset/S2M05/Real/5.wav,0,MEN,MEN-S2M05,TG:df1971069cd078a3,-16.53125,1,0.7008333333333333,6.615601e-08
mendeley/extracted/Bangla Audio Dataset Original and DeepFake Voices for AI-Based Voice Analysis and Detection/Dataset/S2M05/Real/6.wav,0,MEN,MEN-S2M05,TG:97bbdf40bcf80ca3,-22.0,1,0.6508333333333334,2.789468e-10
mendeley/extracted/Bangla Audio Dataset Original and DeepFake Voices for AI-Based Voice Analysis and Detection/Dataset/S2M05/Real/7.wav,0,MEN,MEN-S2M05,TG:ad21867e01875176,-22.140625,1,0.7341666666666666,2.4235322e-10
mendeley/extracted/Bangla Audio Dataset Original and DeepFake Voices for AI-Based Voice Analysis and Detection/Dataset/S2M05/Real/8.wav,0,MEN,MEN-S2M05,TG:8a0169787fba87e5,-19.4375,1,0.5508333333333333,3.6174375e-09
mendeley/extracted/Bangla Audio Dataset Original and DeepFake Voices for AI-Based Voice Analysis and Detection/Dataset/S2M05/Real/9.wav,0,MEN,MEN-S2M05,TG:579044776182eb17,-20.671875,1,0.6174999999999999,1.0527342e-09
mendeley/extracted/Bangla Audio Dataset Original and DeepFake Voices for AI-Based Voice Analysis and Detection/Dataset/S3F01/Fake/1.wav,1,MEN,MEN-S3F01,TG:c64a37b6788eff47,-8.765625,1,0.4958333333333333,0.00015598028
mendeley/extracted/Bangla Audio Dataset Original and DeepFake Voices for AI-Based Voice Analysis and Detection/Dataset/S3F01/Fake/10.wav,1,MEN,MEN-S3F01,TG:e4f6f434932f766c,-14.5703125,1,0.4825,4.701035e-07
mendeley/extracted/Bangla Audio Dataset Original and DeepFake Voices for AI-Based Voice Analysis and Detection/Dataset/S3F01/Fake/11.wav,1,MEN,MEN-S3F01,TG:279416c756e06369,-7.2109375,1,0.4675,0.00073791965
mendeley/extracted/Bangla Audio Dataset Original and DeepFake Voices for AI-Based Voice Analysis and Detection/Dataset/S3F01/Fake/12.wav,1,MEN,MEN-S3F01,TG:29d9398f6eb46b4c,-8.828125,1,0.5075000000000001,0.0001465313
mendeley/extracted/Bangla Audio Dataset Original and DeepFake Voices for AI-Based Voice Analysis and Detection/Dataset/S3F01/Fake/13.wav,1,MEN,MEN-S3F01,TG:a654883aa77ef593,-6.8046875,1,0.3641666666666666,0.0011073389
mendeley/extracted/Bangla Audio Dataset Original and DeepFake Voices for AI-Based Voice Analysis and Detection/Dataset/S3F01/Fake/14.wav,1,MEN,MEN-S3F01,TG:da1b8fe7ea374f0b,-8.1953125,1,0.1274999999999999,0.0002758679
mendeley/extracted/Bangla Audio Dataset Original and DeepFake Voices for AI-Based Voice Analysis and Detection/Dataset/S3F01/Fake/15.wav,1,MEN,MEN-S3F01,TG:0024a0b4f77f02d4,0.68115234,1,0.4741666666666666,0.66399586
mendeley/extracted/Bangla Audio Dataset Original and DeepFake Voices for AI-Based Voice Analysis and Detection/Dataset/S3F01/Fake/16.wav,1,MEN,MEN-S3F01,TG:8f6e37cf38ec1a44,-9.7109375,1,0.4775,6.0613183e-05
mendeley/extracted/Bangla Audio Dataset Original and DeepFake Voices for AI-Based Voice Analysis and Detection/Dataset/S3F01/Fake/17.wav,1,MEN,MEN-S3F01,TG:3669c591dfbe7a55,-1.0410156,1,0.2808333333333334,0.26095408
mendeley/extracted/Bangla Audio Dataset Original and DeepFake Voices for AI-Based Voice Analysis and Detection/Dataset/S3F01/Fake/18.wav,1,MEN,MEN-S3F01,TG:8be6babbf81be123,-12.4296875,1,0.3641666666666666,3.998099e-06
mendeley/extracted/Bangla Audio Dataset Original and DeepFake Voices for AI-Based Voice Analysis and Detection/Dataset/S3F01/Fake/19.wav,1,MEN,MEN-S3F01,TG:7f247b87b49d5fb0,-8.125,1,0.0224999999999999,0.0002959571
mendeley/extracted/Bangla Audio Dataset Original and DeepFake Voices for AI-Based Voice Analysis and Detection/Dataset/S3F01/Fake/2.wav,1,MEN,MEN-S3F01,TG:e77eed1a0aa1b7cf,-12.1328125,1,0.4775,5.3800236e-06
mendeley/extracted/Bangla Audio Dataset Original and DeepFake Voices for AI-Based Voice Analysis and Detection/Dataset/S3F01/Fake/20.wav,1,MEN,MEN-S3F01,TG:567b144e9ae8bc8b,-8.09375,1,0.3308333333333333,0.00030534892
mendeley/extracted/Bangla Audio Dataset Original and DeepFake Voices for AI-Based Voice Analysis and Detection/Dataset/S3F01/Fake/21.wav,1,MEN,MEN-S3F01,TG:9e58a2d9515bce87,-2.9355469,1,0.4425,0.05042407
mendeley/extracted/Bangla Audio Dataset Original and DeepFake Voices for AI-Based Voice Analysis and Detection/Dataset/S3F01/Fake/22.wav,1,MEN,MEN-S3F01,TG:39deb4923c5e7c69,-7.4492188,1,0.2325,0.0005815577
mendeley/extracted/Bangla Audio Dataset Original and DeepFake Voices for AI-Based Voice Analysis and Detection/Dataset/S3F01/Fake/23.wav,1,MEN,MEN-S3F01,TG:7b7d4f0518a452ce,-9.53125,1,0.4008333333333334,7.254362e-05
mendeley/extracted/Bangla Audio Dataset Original and DeepFake Voices for AI-Based Voice Analysis and Detection/Dataset/S3F01/Fake/24.wav,1,MEN,MEN-S3F01,TG:ff2ff224c96a1888,-3.9355469,1,0.4491666666666667,0.019160708
mendeley/extracted/Bangla Audio Dataset Original and DeepFake Voices for AI-Based Voice Analysis and Detection/Dataset/S3F01/Fake/25.wav,1,MEN,MEN-S3F01,TG:9c6ff62d512d4446,-7.1015625,1,0.1674999999999999,0.00082313863
mendeley/extracted/Bangla Audio Dataset Original and DeepFake Voices for AI-Based Voice Analysis and Detection/Dataset/S3F01/Fake/26.wav,1,MEN,MEN-S3F01,TG:527411d819e34baa,-2.0957031,1,0.5241666666666667,0.109515145
mendeley/extracted/Bangla Audio Dataset Original and DeepFake Voices for AI-Based Voice Analysis and Detection/Dataset/S3F01/Fake/27.wav,1,MEN,MEN-S3F01,TG:b6a6a3b4c18cb76d,-9.578125,1,0.4541666666666667,6.922184e-05
mendeley/extracted/Bangla Audio Dataset Original and DeepFake Voices for AI-Based Voice Analysis and Detection/Dataset/S3F01/Fake/28.wav,1,MEN,MEN-S3F01,TG:143353d18a45fba7,-8.3671875,1,0.4125,0.0002323142
mendeley/extracted/Bangla Audio Dataset Original and DeepFake Voices for AI-Based Voice Analysis and Detection/Dataset/S3F01/Fake/29.wav,1,MEN,MEN-S3F01,TG:2939ab8429b75898,-9.1875,1,0.4558333333333333,0.00010229986
mendeley/extracted/Bangla Audio Dataset Original and DeepFake Voices for AI-Based Voice Analysis and Detection/Dataset/S3F01/Fake/3.wav,1,MEN,MEN-S3F01,TG:60894dee2b546c5f,1.0244141,1,0.3658333333333333,0.7358315
mendeley/extracted/Bangla Audio Dataset Original and DeepFake Voices for AI-Based Voice Analysis and Detection/Dataset/S3F01/Fake/30.wav,1,MEN,MEN-S3F01,TG:12ec84bfce694bf7,-7.1289062,1,0.2741666666666666,0.00080095365
mendeley/extracted/Bangla Audio Dataset Original and DeepFake Voices for AI-Based Voice Analysis and Detection/Dataset/S3F01/Fake/4.wav,1,MEN,MEN-S3F01,TG:ba3a3390e238eabe,-6.5507812,1,0.4891666666666666,0.0014269596
mendeley/extracted/Bangla Audio Dataset Original and DeepFake Voices for AI-Based Voice Analysis and Detection/Dataset/S3F01/Fake/5.wav,1,MEN,MEN-S3F01,TG:4d2279fbc9b21903,-9.03125,1,0.4908333333333333,0.000119598575
mendeley/extracted/Bangla Audio Dataset Original and DeepFake Voices for AI-Based Voice Analysis and Detection/Dataset/S3F01/Fake/6.wav,1,MEN,MEN-S3F01,TG:e1a6cf0ea369c47c,-9.8359375,1,0.5008333333333334,5.3491327e-05
mendeley/extracted/Bangla Audio Dataset Original and DeepFake Voices for AI-Based Voice Analysis and Detection/Dataset/S3F01/Fake/7.wav,1,MEN,MEN-S3F01,TG:b94c02a58d6767fd,9.1015625,1,0.4858333333333333,0.99988854
mendeley/extracted/Bangla Audio Dataset Original and DeepFake Voices for AI-Based Voice Analysis and Detection/Dataset/S3F01/Fake/8.wav,1,MEN,MEN-S3F01,TG:2c5c04ca3a814a2b,-7.203125,1,0.4275,0.00074370287
mendeley/extracted/Bangla Audio Dataset Original and DeepFake Voices for AI-Based Voice Analysis and Detection/Dataset/S3F01/Fake/9.wav,1,MEN,MEN-S3F01,TG:3183698e613eeb91,-8.140625,1,0.3841666666666666,0.0002913701
mendeley/extracted/Bangla Audio Dataset Original and DeepFake Voices for AI-Based Voice Analysis and Detection/Dataset/S3F01/Real/1.wav,0,MEN,MEN-S3F01,TG:c64a37b6788eff47,-22.328125,1,0.5908333333333333,2.0091785e-10
mendeley/extracted/Bangla Audio Dataset Original and DeepFake Voices for AI-Based Voice Analysis and Detection/Dataset/S3F01/Real/10.wav,0,MEN,MEN-S3F01,TG:e4f6f434932f766c,-23.953125,1,0.6775,3.956307e-11
mendeley/extracted/Bangla Audio Dataset Original and DeepFake Voices for AI-Based Voice Analysis and Detection/Dataset/S3F01/Real/11.wav,0,MEN,MEN-S3F01,TG:279416c756e06369,-18.5,1,0.5858333333333333,9.23745e-09
mendeley/extracted/Bangla Audio Dataset Original and DeepFake Voices for AI-Based Voice Analysis and Detection/Dataset/S3F01/Real/12.wav,0,MEN,MEN-S3F01,TG:29d9398f6eb46b4c,-20.734375,1,0.7224999999999999,9.889524e-10
mendeley/extracted/Bangla Audio Dataset Original and DeepFake Voices for AI-Based Voice Analysis and Detection/Dataset/S3F01/Real/13.wav,0,MEN,MEN-S3F01,TG:a654883aa77ef593,-18.34375,1,0.5958333333333333,1.0799672e-08
mendeley/extracted/Bangla Audio Dataset Original and DeepFake Voices for AI-Based Voice Analysis and Detection/Dataset/S3F01/Real/14.wav,0,MEN,MEN-S3F01,TG:da1b8fe7ea374f0b,-22.71875,1,0.4458333333333333,1.3594781e-10
mendeley/extracted/Bangla Audio Dataset Original and DeepFake Voices for AI-Based Voice Analysis and Detection/Dataset/S3F01/Real/15.wav,0,MEN,MEN-S3F01,TG:0024a0b4f77f02d4,-15.2265625,1,0.4325,2.4388655e-07
mendeley/extracted/Bangla Audio Dataset Original and DeepFake Voices for AI-Based Voice Analysis and Detection/Dataset/S3F01/Real/16.wav,0,MEN,MEN-S3F01,TG:8f6e37cf38ec1a44,-18.015625,1,0.6775,1.4993862e-08
mendeley/extracted/Bangla Audio Dataset Original and DeepFake Voices for AI-Based Voice Analysis and Detection/Dataset/S3F01/Real/17.wav,0,MEN,MEN-S3F01,TG:3669c591dfbe7a55,-12.4140625,1,0.3974999999999999,4.0610603e-06
mendeley/extracted/Bangla Audio Dataset Original and DeepFake Voices for AI-Based Voice Analysis and Detection/Dataset/S3F01/Real/18.wav,0,MEN,MEN-S3F01,TG:8be6babbf81be123,-15.6328125,1,0.6091666666666666,1.6246348e-07
mendeley/extracted/Bangla Audio Dataset Original and DeepFake Voices for AI-Based Voice Analysis and Detection/Dataset/S3F01/Real/19.wav,0,MEN,MEN-S3F01,TG:7f247b87b49d5fb0,-18.84375,1,0.4658333333333333,6.5503323e-09
mendeley/extracted/Bangla Audio Dataset Original and DeepFake Voices for AI-Based Voice Analysis and Detection/Dataset/S3F01/Real/2.wav,0,MEN,MEN-S3F01,TG:e77eed1a0aa1b7cf,-20.84375,1,0.6208333333333333,8.864911e-10
mendeley/extracted/Bangla Audio Dataset Original and DeepFake Voices for AI-Based Voice Analysis and Detection/Dataset/S3F01/Real/20.wav,0,MEN,MEN-S3F01,TG:567b144e9ae8bc8b,-30.9375,1,0.4891666666666666,3.6644976e-14
mendeley/extracted/Bangla Audio Dataset Original and DeepFake Voices for AI-Based Voice Analysis and Detection/Dataset/S3F01/Real/21.wav,0,MEN,MEN-S3F01,TG:9e58a2d9515bce87,-19.59375,1,0.5658333333333334,3.0941583e-09
mendeley/extracted/Bangla Audio Dataset Original and DeepFake Voices for AI-Based Voice Analysis and Detection/Dataset/S3F01/Real/22.wav,0,MEN,MEN-S3F01,TG:39deb4923c5e7c69,-25.875,1,0.4408333333333333,5.7893564e-12
mendeley/extracted/Bangla Audio Dataset Original and DeepFake Voices for AI-Based Voice Analysis and Detection/Dataset/S3F01/Real/23.wav,0,MEN,MEN-S3F01,TG:7b7d4f0518a452ce,-14.8359375,1,0.5441666666666667,3.6044088e-07
mendeley/extracted/Bangla Audio Dataset Original and DeepFake Voices for AI-Based Voice Analysis and Detection/Dataset/S3F01/Real/24.wav,0,MEN,MEN-S3F01,TG:ff2ff224c96a1888,-21.4375,1,0.5875,4.895669e-10
mendeley/extracted/Bangla Audio Dataset Original and DeepFake Voices for AI-Based Voice Analysis and Detection/Dataset/S3F01/Real/25.wav,0,MEN,MEN-S3F01,TG:9c6ff62d512d4446,-17.453125,1,0.4608333333333333,2.6315048e-08
mendeley/extracted/Bangla Audio Dataset Original and DeepFake Voices for AI-Based Voice Analysis and Detection/Dataset/S3F01/Real/26.wav,0,MEN,MEN-S3F01,TG:527411d819e34baa,-20.0,1,0.6608333333333334,2.0611535e-09
mendeley/extracted/Bangla Audio Dataset Original and DeepFake Voices for AI-Based Voice Analysis and Detection/Dataset/S3F01/Real/27.wav,0,MEN,MEN-S3F01,TG:b6a6a3b4c18cb76d,-15.4453125,1,0.6725,1.9596834e-07
mendeley/extracted/Bangla Audio Dataset Original and DeepFake Voices for AI-Based Voice Analysis and Detection/Dataset/S3F01/Real/28.wav,0,MEN,MEN-S3F01,TG:143353d18a45fba7,-17.25,1,0.4775,3.2241868e-08
mendeley/extracted/Bangla Audio Dataset Original and DeepFake Voices for AI-Based Voice Analysis and Detection/Dataset/S3F01/Real/29.wav,0,MEN,MEN-S3F01,TG:2939ab8429b75898,-20.5625,1,0.5058333333333334,1.1744099e-09
mendeley/extracted/Bangla Audio Dataset Original and DeepFake Voices for AI-Based Voice Analysis and Detection/Dataset/S3F01/Real/3.wav,0,MEN,MEN-S3F01,TG:60894dee2b546c5f,-19.90625,1,0.5491666666666667,2.2637345e-09
mendeley/extracted/Bangla Audio Dataset Original and DeepFake Voices for AI-Based Voice Analysis and Detection/Dataset/S3F01/Real/30.wav,0,MEN,MEN-S3F01,TG:12ec84bfce694bf7,-23.1875,1,0.6141666666666667,8.507397e-11
mendeley/extracted/Bangla Audio Dataset Original and DeepFake Voices for AI-Based Voice Analysis and Detection/Dataset/S3F01/Real/4.wav,0,MEN,MEN-S3F01,TG:ba3a3390e238eabe,-24.046875,1,0.6708333333333334,3.6022584e-11
mendeley/extracted/Bangla Audio Dataset Original and DeepFake Voices for AI-Based Voice Analysis and Detection/Dataset/S3F01/Real/5.wav,0,MEN,MEN-S3F01,TG:4d2279fbc9b21903,-20.359375,1,0.6391666666666667,1.438917e-09
mendeley/extracted/Bangla Audio Dataset Original and DeepFake Voices for AI-Based Voice Analysis and Detection/Dataset/S3F01/Real/6.wav,0,MEN,MEN-S3F01,TG:e1a6cf0ea369c47c,-26.40625,1,0.7258333333333333,3.403387e-12
mendeley/extracted/Bangla Audio Dataset Original and DeepFake Voices for AI-Based Voice Analysis and Detection/Dataset/S3F01/Real/7.wav,0,MEN,MEN-S3F01,TG:b94c02a58d6767fd,-31.28125,1,0.6558333333333333,2.598518e-14
mendeley/extracted/Bangla Audio Dataset Original and DeepFake Voices for AI-Based Voice Analysis and Detection/Dataset/S3F01/Real/8.wav,0,MEN,MEN-S3F01,TG:2c5c04ca3a814a2b,-19.0625,1,0.5941666666666667,5.2633404e-09
mendeley/extracted/Bangla Audio Dataset Original and DeepFake Voices for AI-Based Voice Analysis and Detection/Dataset/S3F01/Real/9.wav,0,MEN,MEN-S3F01,TG:3183698e613eeb91,-25.921875,1,0.5508333333333333,5.5242425e-12
mendeley/extracted/Bangla Audio Dataset Original and DeepFake Voices for AI-Based Voice Analysis and Detection/Dataset/S3F02/Fake/1.wav,1,MEN,MEN-S3F02,TG:c64a37b6788eff47,-12.703125,1,0.3891666666666666,3.0415963e-06
mendeley/extracted/Bangla Audio Dataset Original and DeepFake Voices for AI-Based Voice Analysis and Detection/Dataset/S3F02/Fake/10.wav,1,MEN,MEN-S3F02,TG:e4f6f434932f766c,-13.2421875,1,0.5025,1.7741496e-06
mendeley/extracted/Bangla Audio Dataset Original and DeepFake Voices for AI-Based Voice Analysis and Detection/Dataset/S3F02/Fake/11.wav,1,MEN,MEN-S3F02,TG:279416c756e06369,-12.1875,1,0.5408333333333333,5.0937056e-06
mendeley/extracted/Bangla Audio Dataset Original and DeepFake Voices for AI-Based Voice Analysis and Detection/Dataset/S3F02/Fake/12.wav,1,MEN,MEN-S3F02,TG:29d9398f6eb46b4c,-12.453125,1,0.4908333333333333,3.9054835e-06
mendeley/extracted/Bangla Audio Dataset Original and DeepFake Voices for AI-Based Voice Analysis and Detection/Dataset/S3F02/Fake/13.wav,1,MEN,MEN-S3F02,TG:a654883aa77ef593,-7.84375,1,0.3375,0.0003920418
mendeley/extracted/Bangla Audio Dataset Original and DeepFake Voices for AI-Based Voice Analysis and Detection/Dataset/S3F02/Fake/14.wav,1,MEN,MEN-S3F02,TG:da1b8fe7ea374f0b,-10.0234375,1,0.1125,4.434627e-05
mendeley/extracted/Bangla Audio Dataset Original and DeepFake Voices for AI-Based Voice Analysis and Detection/Dataset/S3F02/Fake/15.wav,1,MEN,MEN-S3F02,TG:0024a0b4f77f02d4,-4.9375,1,0.4508333333333333,0.0071214293
mendeley/extracted/Bangla Audio Dataset Original and DeepFake Voices for AI-Based Voice Analysis and Detection/Dataset/S3F02/Fake/16.wav,1,MEN,MEN-S3F02,TG:8f6e37cf38ec1a44,-9.046875,1,0.4541666666666667,0.000117744596
mendeley/extracted/Bangla Audio Dataset Original and DeepFake Voices for AI-Based Voice Analysis and Detection/Dataset/S3F02/Fake/17.wav,1,MEN,MEN-S3F02,TG:3669c591dfbe7a55,0.35107422,1,0.2891666666666667,0.586878
mendeley/extracted/Bangla Audio Dataset Original and DeepFake Voices for AI-Based Voice Analysis and Detection/Dataset/S3F02/Fake/18.wav,1,MEN,MEN-S3F02,TG:8be6babbf81be123,-8.34375,1,0.3874999999999999,0.00023782204
mendeley/extracted/Bangla Audio Dataset Original and DeepFake Voices for AI-Based Voice Analysis and Detection/Dataset/S3F02/Fake/19.wav,1,MEN,MEN-S3F02,TG:7f247b87b49d5fb0,-9.0859375,1,0.0158333333333333,0.000113234375
mendeley/extracted/Bangla Audio Dataset Original and DeepFake Voices for AI-Based Voice Analysis and Detection/Dataset/S3F02/Fake/2.wav,1,MEN,MEN-S3F02,TG:e77eed1a0aa1b7cf,-11.6953125,1,0.4341666666666667,8.332719e-06
mendeley/extracted/Bangla Audio Dataset Original and DeepFake Voices for AI-Based Voice Analysis and Detection/Dataset/S3F02/Fake/20.wav,1,MEN,MEN-S3F02,TG:567b144e9ae8bc8b,-7.671875,1,0.3258333333333333,0.00046552691
mendeley/extracted/Bangla Audio Dataset Original and DeepFake Voices for AI-Based Voice Analysis and Detection/Dataset/S3F02/Fake/21.wav,1,MEN,MEN-S3F02,TG:9e58a2d9515bce87,-6.7109375,1,0.4408333333333333,0.0012160416
mendeley/extracted/Bangla Audio Dataset Original and DeepFake Voices for AI-Based Voice Analysis and Detection/Dataset/S3F02/Fake/22.wav,1,MEN,MEN-S3F02,TG:39deb4923c5e7c69,-8.2890625,1,0.1991666666666667,0.00025118678
mendeley/extracted/Bangla Audio Dataset Original and DeepFake Voices for AI-Based Voice Analysis and Detection/Dataset/S3F02/Fake/23.wav,1,MEN,MEN-S3F02,TG:7b7d4f0518a452ce,-9.3203125,1,0.3525,8.957789e-05
mendeley/extracted/Bangla Audio Dataset Original and DeepFake Voices for AI-Based Voice Analysis and Detection/Dataset/S3F02/Fake/24.wav,1,MEN,MEN-S3F02,TG:ff2ff224c96a1888,-9.21875,1,0.4275,9.915273e-05
mendeley/extracted/Bangla Audio Dataset Original and DeepFake Voices for AI-Based Voice Analysis and Detection/Dataset/S3F02/Fake/25.wav,1,MEN,MEN-S3F02,TG:9c6ff62d512d4446,-9.7265625,1,0.1408333333333333,5.9673526e-05
mendeley/extracted/Bangla Audio Dataset Original and DeepFake Voices for AI-Based Voice Analysis and Detection/Dataset/S3F02/Fake/26.wav,1,MEN,MEN-S3F02,TG:527411d819e34baa,-8.7578125,1,0.5558333333333334,0.00015720345
mendeley/extracted/Bangla Audio Dataset Original and DeepFake Voices for AI-Based Voice Analysis and Detection/Dataset/S3F02/Fake/27.wav,1,MEN,MEN-S3F02,TG:b6a6a3b4c18cb76d,-9.765625,1,0.4575,5.7387595e-05
mendeley/extracted/Bangla Audio Dataset Original and DeepFake Voices for AI-Based Voice Analysis and Detection/Dataset/S3F02/Fake/28.wav,1,MEN,MEN-S3F02,TG:143353d18a45fba7,-8.96875,1,0.4075,0.00012731104
mendeley/extracted/Bangla Audio Dataset Original and DeepFake Voices for AI-Based Voice Analysis and Detection/Dataset/S3F02/Fake/29.wav,1,MEN,MEN-S3F02,TG:2939ab8429b75898,-12.953125,1,0.4875,2.3687994e-06
mendeley/extracted/Bangla Audio Dataset Original and DeepFake Voices for AI-Based Voice Analysis and Detection/Dataset/S3F02/Fake/3.wav,1,MEN,MEN-S3F02,TG:60894dee2b546c5f,-7.9921875,1,0.2891666666666667,0.00033797944
mendeley/extracted/Bangla Audio Dataset Original and DeepFake Voices for AI-Based Voice Analysis and Detection/Dataset/S3F02/Fake/30.wav,1,MEN,MEN-S3F02,TG:12ec84bfce694bf7,-11.5703125,1,0.2241666666666666,9.442197e-06
mendeley/extracted/Bangla Audio Dataset Original and DeepFake Voices for AI-Based Voice Analysis and Detection/Dataset/S3F02/Fake/4.wav,1,MEN,MEN-S3F02,TG:ba3a3390e238eabe,-11.21875,1,0.4908333333333333,1.3420014e-05
mendeley/extracted/Bangla Audio Dataset Original and DeepFake Voices for AI-Based Voice Analysis and Detection/Dataset/S3F02/Fake/5.wav,1,MEN,MEN-S3F02,TG:4d2279fbc9b21903,-8.8828125,1,0.4941666666666666,0.00013873413
mendeley/extracted/Bangla Audio Dataset Original and DeepFake Voices for AI-Based Voice Analysis and Detection/Dataset/S3F02/Fake/6.wav,1,MEN,MEN-S3F02,TG:e1a6cf0ea369c47c,-11.4375,1,0.5075000000000001,1.0783312e-05
mendeley/extracted/Bangla Audio Dataset Original and DeepFake Voices for AI-Based Voice Analysis and Detection/Dataset/S3F02/Fake/7.wav,1,MEN,MEN-S3F02,TG:b94c02a58d6767fd,-7.2148438,1,0.4608333333333333,0.00073504477
mendeley/extracted/Bangla Audio Dataset Original and DeepFake Voices for AI-Based Voice Analysis and Detection/Dataset/S3F02/Fake/8.wav,1,MEN,MEN-S3F02,TG:2c5c04ca3a814a2b,-10.6484375,1,0.4408333333333333,2.3737339e-05
mendeley/extracted/Bangla Audio Dataset Original and DeepFake Voices for AI-Based Voice Analysis and Detection/Dataset/S3F02/Fake/9.wav,1,MEN,MEN-S3F02,TG:3183698e613eeb91,-8.328125,1,0.3508333333333333,0.00024156632
mendeley/extracted/Bangla Audio Dataset Original and DeepFake Voices for AI-Based Voice Analysis and Detection/Dataset/S3F02/Real/1.wav,0,MEN,MEN-S3F02,TG:c64a37b6788eff47,-11.3671875,1,0.5175000000000001,1.1568795e-05
mendeley/extracted/Bangla Audio Dataset Original and DeepFake Voices for AI-Based Voice Analysis and Detection/Dataset/S3F02/Real/10.wav,0,MEN,MEN-S3F02,TG:e4f6f434932f766c,-10.265625,1,0.6675,3.4808123e-05
mendeley/extracted/Bangla Audio Dataset Original and DeepFake Voices for AI-Based Voice Analysis and Detection/Dataset/S3F02/Real/11.wav,0,MEN,MEN-S3F02,TG:279416c756e06369,-13.4140625,1,0.5675,1.4939843e-06
mendeley/extracted/Bangla Audio Dataset Original and DeepFake Voices for AI-Based Voice Analysis and Detection/Dataset/S3F02/Real/12.wav,0,MEN,MEN-S3F02,TG:29d9398f6eb46b4c,-12.859375,1,0.7008333333333333,2.6016164e-06
mendeley/extracted/Bangla Audio Dataset Original and DeepFake Voices for AI-Based Voice Analysis and Detection/Dataset/S3F02/Real/13.wav,0,MEN,MEN-S3F02,TG:a654883aa77ef593,-2.4277344,1,0.5675,0.08108212
mendeley/extracted/Bangla Audio Dataset Original and DeepFake Voices for AI-Based Voice Analysis and Detection/Dataset/S3F02/Real/14.wav,0,MEN,MEN-S3F02,TG:da1b8fe7ea374f0b,-11.0625,1,0.5175000000000001,1.568955e-05
mendeley/extracted/Bangla Audio Dataset Original and DeepFake Voices for AI-Based Voice Analysis and Detection/Dataset/S3F02/Real/15.wav,0,MEN,MEN-S3F02,TG:0024a0b4f77f02d4,-5.8515625,1,0.5341666666666667,0.0028671585
mendeley/extracted/Bangla Audio Dataset Original and DeepFake Voices for AI-Based Voice Analysis and Detection/Dataset/S3F02/Real/16.wav,0,MEN,MEN-S3F02,TG:8f6e37cf38ec1a44,-6.5195312,1,0.6675,0.0014721896
mendeley/extracted/Bangla Audio Dataset Original and DeepFake Voices for AI-Based Voice Analysis and Detection/Dataset/S3F02/Real/17.wav,0,MEN,MEN-S3F02,TG:3669c591dfbe7a55,-8.890625,1,0.4841666666666666,0.00013765464
mendeley/extracted/Bangla Audio Dataset Original and DeepFake Voices for AI-Based Voice Analysis and Detection/Dataset/S3F02/Real/18.wav,0,MEN,MEN-S3F02,TG:8be6babbf81be123,-8.9296875,1,0.5341666666666667,0.00013238186
mendeley/extracted/Bangla Audio Dataset Original and DeepFake Voices for AI-Based Voice Analysis and Detection/Dataset/S3F02/Real/19.wav,0,MEN,MEN-S3F02,TG:7f247b87b49d5fb0,-7.3710938,1,0.5008333333333334,0.00062878407
mendeley/extracted/Bangla Audio Dataset Original and DeepFake Voices for AI-Based Voice Analysis and Detection/Dataset/S3F02/Real/2.wav,0,MEN,MEN-S3F02,TG:e77eed1a0aa1b7cf,-10.71875,1,0.6675,2.2125669e-05
mendeley/extracted/Bangla Audio Dataset Original and DeepFake Voices for AI-Based Voice Analysis and Detection/Dataset/S3F02/Real/20.wav,0,MEN,MEN-S3F02,TG:567b144e9ae8bc8b,-6.1171875,1,0.4175,0.0021997981
mendeley/extracted/Bangla Audio Dataset Original and DeepFake Voices for AI-Based Voice Analysis and Detection/Dataset/S3F02/Real/21.wav,0,MEN,MEN-S3F02,TG:9e58a2d9515bce87,-7.2617188,1,0.5841666666666667,0.00070140825
mendeley/extracted/Bangla Audio Dataset Original and DeepFake Voices for AI-Based Voice Analysis and Detection/Dataset/S3F02/Real/22.wav,0,MEN,MEN-S3F02,TG:39deb4923c5e7c69,-8.375,1,0.5175000000000001,0.0002305067
mendeley/extracted/Bangla Audio Dataset Original and DeepFake Voices for AI-Based Voice Analysis and Detection/Dataset/S3F02/Real/23.wav,0,MEN,MEN-S3F02,TG:7b7d4f0518a452ce,-1.5507812,1,0.4675,0.17497347
mendeley/extracted/Bangla Audio Dataset Original and DeepFake Voices for AI-Based Voice Analysis and Detection/Dataset/S3F02/Real/24.wav,0,MEN,MEN-S3F02,TG:ff2ff224c96a1888,-9.625,1,0.6008333333333333,6.605214e-05
mendeley/extracted/Bangla Audio Dataset Original and DeepFake Voices for AI-Based Voice Analysis and Detection/Dataset/S3F02/Real/25.wav,0,MEN,MEN-S3F02,TG:9c6ff62d512d4446,-9.859375,1,0.4841666666666666,5.2252268e-05
mendeley/extracted/Bangla Audio Dataset Original and DeepFake Voices for AI-Based Voice Analysis and Detection/Dataset/S3F02/Real/26.wav,0,MEN,MEN-S3F02,TG:527411d819e34baa,-5.453125,1,0.6174999999999999,0.0042646346
mendeley/extracted/Bangla Audio Dataset Original and DeepFake Voices for AI-Based Voice Analysis and Detection/Dataset/S3F02/Real/27.wav,0,MEN,MEN-S3F02,TG:b6a6a3b4c18cb76d,-8.96875,1,0.5841666666666667,0.00012731104
mendeley/extracted/Bangla Audio Dataset Original and DeepFake Voices for AI-Based Voice Analysis and Detection/Dataset/S3F02/Real/28.wav,0,MEN,MEN-S3F02,TG:143353d18a45fba7,-10.171875,1,0.3841666666666666,3.822911e-05
mendeley/extracted/Bangla Audio Dataset Original and DeepFake Voices for AI-Based Voice Analysis and Detection/Dataset/S3F02/Real/29.wav,0,MEN,MEN-S3F02,TG:2939ab8429b75898,-8.4609375,1,0.4841666666666666,0.00021152887
mendeley/extracted/Bangla Audio Dataset Original and DeepFake Voices for AI-Based Voice Analysis and Detection/Dataset/S3F02/Real/3.wav,0,MEN,MEN-S3F02,TG:60894dee2b546c5f,-9.4296875,1,0.6008333333333333,8.029784e-05
mendeley/extracted/Bangla Audio Dataset Original and DeepFake Voices for AI-Based Voice Analysis and Detection/Dataset/S3F02/Real/30.wav,0,MEN,MEN-S3F02,TG:12ec84bfce694bf7,-8.5546875,1,0.5008333333333334,0.00019260288
mendeley/extracted/Bangla Audio Dataset Original and DeepFake Voices for AI-Based Voice Analysis and Detection/Dataset/S3F02/Real/4.wav,0,MEN,MEN-S3F02,TG:ba3a3390e238eabe,-9.625,1,0.7341666666666666,6.605214e-05
mendeley/extracted/Bangla Audio Dataset Original and DeepFake Voices for AI-Based Voice Analysis and Detection/Dataset/S3F02/Real/5.wav,0,MEN,MEN-S3F02,TG:4d2279fbc9b21903,-9.125,1,0.6841666666666666,0.00010889691
mendeley/extracted/Bangla Audio Dataset Original and DeepFake Voices for AI-Based Voice Analysis and Detection/Dataset/S3F02/Real/6.wav,0,MEN,MEN-S3F02,TG:e1a6cf0ea369c47c,-14.3359375,1,0.6841666666666666,5.9426645e-07
mendeley/extracted/Bangla Audio Dataset Original and DeepFake Voices for AI-Based Voice Analysis and Detection/Dataset/S3F02/Real/7.wav,0,MEN,MEN-S3F02,TG:b94c02a58d6767fd,-11.2734375,1,0.6174999999999999,1.2705822e-05
mendeley/extracted/Bangla Audio Dataset Original and DeepFake Voices for AI-Based Voice Analysis and Detection/Dataset/S3F02/Real/8.wav,0,MEN,MEN-S3F02,TG:2c5c04ca3a814a2b,-7.9101562,1,0.6508333333333334,0.0003668626
mendeley/extracted/Bangla Audio Dataset Original and DeepFake Voices for AI-Based Voice Analysis and Detection/Dataset/S3F02/Real/9.wav,0,MEN,MEN-S3F02,TG:3183698e613eeb91,-10.4921875,1,0.6174999999999999,2.7751652e-05
mendeley/extracted/Bangla Audio Dataset Original and DeepFake Voices for AI-Based Voice Analysis and Detection/Dataset/S3M03/Fake/1.wav,1,MEN,MEN-S3M03,TG:c64a37b6788eff47,-6.6289062,1,0.3758333333333333,0.0013198635
mendeley/extracted/Bangla Audio Dataset Original and DeepFake Voices for AI-Based Voice Analysis and Detection/Dataset/S3M03/Fake/10.wav,1,MEN,MEN-S3M03,TG:e4f6f434932f766c,5.984375,1,0.5341666666666667,0.9974885
mendeley/extracted/Bangla Audio Dataset Original and DeepFake Voices for AI-Based Voice Analysis and Detection/Dataset/S3M03/Fake/11.wav,1,MEN,MEN-S3M03,TG:279416c756e06369,7.4492188,1,0.4291666666666667,0.9994185
mendeley/extracted/Bangla Audio Dataset Original and DeepFake Voices for AI-Based Voice Analysis and Detection/Dataset/S3M03/Fake/12.wav,1,MEN,MEN-S3M03,TG:29d9398f6eb46b4c,6.0585938,1,0.5025,0.99766773
mendeley/extracted/Bangla Audio Dataset Original and DeepFake Voices for AI-Based Voice Analysis and Detection/Dataset/S3M03/Fake/13.wav,1,MEN,MEN-S3M03,TG:a654883aa77ef593,0.12384033,1,0.2275,0.53092057
mendeley/extracted/Bangla Audio Dataset Original and DeepFake Voices for AI-Based Voice Analysis and Detection/Dataset/S3M03/Fake/14.wav,1,MEN,MEN-S3M03,TG:da1b8fe7ea374f0b,-1.2314453,1,0.1925,0.22592856
mendeley/extracted/Bangla Audio Dataset Original and DeepFake Voices for AI-Based Voice Analysis and Detection/Dataset/S3M03/Fake/15.wav,1,MEN,MEN-S3M03,TG:0024a0b4f77f02d4,9.5078125,1,0.4341666666666667,0.99992573
mendeley/extracted/Bangla Audio Dataset Original and DeepFake Voices for AI-Based Voice Analysis and Detection/Dataset/S3M03/Fake/16.wav,1,MEN,MEN-S3M03,TG:8f6e37cf38ec1a44,1.2792969,1,0.4408333333333333,0.7823301
mendeley/extracted/Bangla Audio Dataset Original and DeepFake Voices for AI-Based Voice Analysis and Detection/Dataset/S3M03/Fake/17.wav,1,MEN,MEN-S3M03,TG:3669c591dfbe7a55,9.4765625,1,0.0524999999999999,0.99992335
mendeley/extracted/Bangla Audio Dataset Original and DeepFake Voices for AI-Based Voice Analysis and Detection/Dataset/S3M03/Fake/18.wav,1,MEN,MEN-S3M03,TG:8be6babbf81be123,3.71875,1,0.2608333333333333,0.9763105
mendeley/extracted/Bangla Audio Dataset Original and DeepFake Voices for AI-Based Voice Analysis and Detection/Dataset/S3M03/Fake/19.wav,1,MEN,MEN-S3M03,TG:7f247b87b49d5fb0,0.19652557,2,0.0,0.54897386
mendeley/extracted/Bangla Audio Dataset Original and DeepFake Voices for AI-Based Voice Analysis and Detection/Dataset/S3M03/Fake/2.wav,1,MEN,MEN-S3M03,TG:e77eed1a0aa1b7cf,-6.6132812,1,0.5491666666666667,0.0013406205
mendeley/extracted/Bangla Audio Dataset Original and DeepFake Voices for AI-Based Voice Analysis and Detection/Dataset/S3M03/Fake/20.wav,1,MEN,MEN-S3M03,TG:567b144e9ae8bc8b,11.2109375,1,0.1841666666666667,0.9999865
mendeley/extracted/Bangla Audio Dataset Original and DeepFake Voices for AI-Based Voice Analysis and Detection/Dataset/S3M03/Fake/21.wav,1,MEN,MEN-S3M03,TG:9e58a2d9515bce87,4.8164062,1,0.3508333333333333,0.99196917
mendeley/extracted/Bangla Audio Dataset Original and DeepFake Voices for AI-Based Voice Analysis and Detection/Dataset/S3M03/Fake/22.wav,1,MEN,MEN-S3M03,TG:39deb4923c5e7c69,-0.97753906,1,0.3091666666666667,0.27338037
mendeley/extracted/Bangla Audio Dataset Original and DeepFake Voices for AI-Based Voice Analysis and Detection/Dataset/S3M03/Fake/23.wav,1,MEN,MEN-S3M03,TG:7b7d4f0518a452ce,6.4570312,1,0.0741666666666667,0.99843305
mendeley/extracted/Bangla Audio Dataset Original and DeepFake Voices for AI-Based Voice Analysis and Detection/Dataset/S3M03/Fake/24.wav,1,MEN,MEN-S3M03,TG:ff2ff224c96a1888,0.8857422,1,0.5858333333333333,0.70801073
mendeley/extracted/Bangla Audio Dataset Original and DeepFake Voices for AI-Based Voice Analysis and Detection/Dataset/S3M03/Fake/25.wav,1,MEN,MEN-S3M03,TG:9c6ff62d512d4446,2.3574219,1,0.1591666666666666,0.91352236
mendeley/extracted/Bangla Audio Dataset Original and DeepFake Voices for AI-Based Voice Analysis and Detection/Dataset/S3M03/Fake/26.wav,1,MEN,MEN-S3M03,TG:527411d819e34baa,5.296875,1,0.4925,0.9950177
mendeley/extracted/Bangla Audio Dataset Original and DeepFake Voices for AI-Based Voice Analysis and Detection/Dataset/S3M03/Fake/27.wav,1,MEN,MEN-S3M03,TG:b6a6a3b4c18cb76d,1.3671875,1,0.5091666666666667,0.79692537
mendeley/extracted/Bangla Audio Dataset Original and DeepFake Voices for AI-Based Voice Analysis and Detection/Dataset/S3M03/Fake/28.wav,1,MEN,MEN-S3M03,TG:143353d18a45fba7,4.1132812,1,0.3008333333333333,0.9839091
mendeley/extracted/Bangla Audio Dataset Original and DeepFake Voices for AI-Based Voice Analysis and Detection/Dataset/S3M03/Fake/29.wav,1,MEN,MEN-S3M03,TG:2939ab8429b75898,8.5546875,1,0.5008333333333334,0.9998074
mendeley/extracted/Bangla Audio Dataset Original and DeepFake Voices for AI-Based Voice Analysis and Detection/Dataset/S3M03/Fake/3.wav,1,MEN,MEN-S3M03,TG:60894dee2b546c5f,-0.05178833,1,0.1524999999999999,0.4870558
mendeley/extracted/Bangla Audio Dataset Original and DeepFake Voices for AI-Based Voice Analysis and Detection/Dataset/S3M03/Fake/30.wav,1,MEN,MEN-S3M03,TG:12ec84bfce694bf7,-8.9453125,1,0.2075,0.00013032975
mendeley/extracted/Bangla Audio Dataset Original and DeepFake Voices for AI-Based Voice Analysis and Detection/Dataset/S3M03/Fake/4.wav,1,MEN,MEN-S3M03,TG:ba3a3390e238eabe,3.0917969,1,0.5375,0.9565531
mendeley/extracted/Bangla Audio Dataset Original and DeepFake Voices for AI-Based Voice Analysis and Detection/Dataset/S3M03/Fake/5.wav,1,MEN,MEN-S3M03,TG:4d2279fbc9b21903,2.8300781,1,0.4858333333333333,0.94427973
mendeley/extracted/Bangla Audio Dataset Original and DeepFake Voices for AI-Based Voice Analysis and Detection/Dataset/S3M03/Fake/6.wav,1,MEN,MEN-S3M03,TG:e1a6cf0ea369c47c,-1.0244141,1,0.4825,0.2641685
mendeley/extracted/Bangla Audio Dataset Original and DeepFake Voices for AI-Based Voice Analysis and Detection/Dataset/S3M03/Fake/7.wav,1,MEN,MEN-S3M03,TG:b94c02a58d6767fd,-5.09375,1,0.5141666666666667,0.006097562
mendeley/extracted/Bangla Audio Dataset Original and DeepFake Voices for AI-Based Voice Analysis and Detection/Dataset/S3M03/Fake/8.wav,1,MEN,MEN-S3M03,TG:2c5c04ca3a814a2b,-2.0214844,1,0.4941666666666666,0.116965584
mendeley/extracted/Bangla Audio Dataset Original and DeepFake Voices for AI-Based Voice Analysis and Detection/Dataset/S3M03/Fake/9.wav,1,MEN,MEN-S3M03,TG:3183698e613eeb91,7.6367188,1,0.3858333333333333,0.9995178
mendeley/extracted/Bangla Audio Dataset Original and DeepFake Voices for AI-Based Voice Analysis and Detection/Dataset/S3M03/Real/1.wav,0,MEN,MEN-S3M03,TG:c64a37b6788eff47,-21.671875,1,0.3508333333333333,3.872793e-10
mendeley/extracted/Bangla Audio Dataset Original and DeepFake Voices for AI-Based Voice Analysis and Detection/Dataset/S3M03/Real/10.wav,0,MEN,MEN-S3M03,TG:e4f6f434932f766c,-20.828125,1,0.4675,9.0045127e-10
mendeley/extracted/Bangla Audio Dataset Original and DeepFake Voices for AI-Based Voice Analysis and Detection/Dataset/S3M03/Real/11.wav,0,MEN,MEN-S3M03,TG:279416c756e06369,-18.703125,1,0.4675,7.539387e-09
mendeley/extracted/Bangla Audio Dataset Original and DeepFake Voices for AI-Based Voice Analysis and Detection/Dataset/S3M03/Real/12.wav,0,MEN,MEN-S3M03,TG:29d9398f6eb46b4c,-14.734375,1,0.6008333333333333,3.9897168e-07
mendeley/extracted/Bangla Audio Dataset Original and DeepFake Voices for AI-Based Voice Analysis and Detection/Dataset/S3M03/Real/13.wav,0,MEN,MEN-S3M03,TG:a654883aa77ef593,-10.4609375,1,0.4508333333333333,2.8632558e-05
mendeley/extracted/Bangla Audio Dataset Original and DeepFake Voices for AI-Based Voice Analysis and Detection/Dataset/S3M03/Real/14.wav,0,MEN,MEN-S3M03,TG:da1b8fe7ea374f0b,-14.375,1,0.4008333333333334,5.7150044e-07
mendeley/extracted/Bangla Audio Dataset Original and DeepFake Voices for AI-Based Voice Analysis and Detection/Dataset/S3M03/Real/15.wav,0,MEN,MEN-S3M03,TG:0024a0b4f77f02d4,-17.296875,1,0.4008333333333334,3.0765406e-08
mendeley/extracted/Bangla Audio Dataset Original and DeepFake Voices for AI-Based Voice Analysis and Detection/Dataset/S3M03/Real/16.wav,0,MEN,MEN-S3M03,TG:8f6e37cf38ec1a44,-16.3125,1,0.5341666666666667,8.2332484e-08
mendeley/extracted/Bangla Audio Dataset Original and DeepFake Voices for AI-Based Voice Analysis and Detection/Dataset/S3M03/Real/17.wav,0,MEN,MEN-S3M03,TG:3669c591dfbe7a55,-15.46875,1,0.4175,1.9142874e-07
mendeley/extracted/Bangla Audio Dataset Original and DeepFake Voices for AI-Based Voice Analysis and Detection/Dataset/S3M03/Real/18.wav,0,MEN,MEN-S3M03,TG:8be6babbf81be123,-16.359375,1,0.4341666666666667,7.856221e-08
mendeley/extracted/Bangla Audio Dataset Original and DeepFake Voices for AI-Based Voice Analysis and Detection/Dataset/S3M03/Real/19.wav,0,MEN,MEN-S3M03,TG:7f247b87b49d5fb0,-10.875,1,0.4175,1.8925148e-05
mendeley/extracted/Bangla Audio Dataset Original and DeepFake Voices for AI-Based Voice Analysis and Detection/Dataset/S3M03/Real/2.wav,0,MEN,MEN-S3M03,TG:e77eed1a0aa1b7cf,-13.703125,1,0.5175000000000001,1.1189429e-06
mendeley/extracted/Bangla Audio Dataset Original and DeepFake Voices for AI-Based Voice Analysis and Detection/Dataset/S3M03/Real/20.wav,0,MEN,MEN-S3M03,TG:567b144e9ae8bc8b,-13.765625,1,0.3675,1.0511496e-06
mendeley/extracted/Bangla Audio Dataset Original and DeepFake Voices for AI-Based Voice Analysis and Detection/Dataset/S3M03/Real/21.wav,0,MEN,MEN-S3M03,TG:9e58a2d9515bce87,-7.09375,1,0.5341666666666667,0.0008295891
mendeley/extracted/Bangla Audio Dataset Original and DeepFake Voices for AI-Based Voice Analysis and Detection/Dataset/S3M03/Real/22.wav,0,MEN,MEN-S3M03,TG:39deb4923c5e7c69,-20.578125,1,0.4508333333333333,1.1562024e-09
mendeley/extracted/Bangla Audio Dataset Original and DeepFake Voices for AI-Based Voice Analysis and Detection/Dataset/S3M03/Real/23.wav,0,MEN,MEN-S3M03,TG:7b7d4f0518a452ce,-13.921875,1,0.4175,8.990961e-07
mendeley/extracted/Bangla Audio Dataset Original and DeepFake Voices for AI-Based Voice Analysis and Detection/Dataset/S3M03/Real/24.wav,0,MEN,MEN-S3M03,TG:ff2ff224c96a1888,-12.2734375,1,0.5175000000000001,4.674249e-06
mendeley/extracted/Bangla Audio Dataset Original and DeepFake Voices for AI-Based Voice Analysis and Detection/Dataset/S3M03/Real/25.wav,0,MEN,MEN-S3M03,TG:9c6ff62d512d4446,-21.40625,1,0.4841666666666666,5.051074e-10
mendeley/extracted/Bangla Audio Dataset Original and DeepFake Voices for AI-Based Voice Analysis and Detection/Dataset/S3M03/Real/26.wav,0,MEN,MEN-S3M03,TG:527411d819e34baa,-19.046875,1,0.6174999999999999,5.3462252e-09
mendeley/extracted/Bangla Audio Dataset Original and DeepFake Voices for AI-Based Voice Analysis and Detection/Dataset/S3M03/Real/27.wav,0,MEN,MEN-S3M03,TG:b6a6a3b4c18cb76d,-16.609375,1,0.4841666666666666,6.11843e-08
mendeley/extracted/Bangla Audio Dataset Original and DeepFake Voices for AI-Based Voice Analysis and Detection/Dataset/S3M03/Real/28.wav,0,MEN,MEN-S3M03,TG:143353d18a45fba7,-12.03125,1,0.4175,5.95514e-06
mendeley/extracted/Bangla Audio Dataset Original and DeepFake Voices for AI-Based Voice Analysis and Detection/Dataset/S3M03/Real/29.wav,0,MEN,MEN-S3M03,TG:2939ab8429b75898,-18.921875,1,0.3508333333333333,6.058068e-09
mendeley/extracted/Bangla Audio Dataset Original and DeepFake Voices for AI-Based Voice Analysis and Detection/Dataset/S3M03/Real/3.wav,0,MEN,MEN-S3M03,TG:60894dee2b546c5f,-14.34375,1,0.4675,5.8964184e-07
mendeley/extracted/Bangla Audio Dataset Original and DeepFake Voices for AI-Based Voice Analysis and Detection/Dataset/S3M03/Real/30.wav,0,MEN,MEN-S3M03,TG:12ec84bfce694bf7,-16.53125,1,0.4175,6.615601e-08
mendeley/extracted/Bangla Audio Dataset Original and DeepFake Voices for AI-Based Voice Analysis and Detection/Dataset/S3M03/Real/4.wav,0,MEN,MEN-S3M03,TG:ba3a3390e238eabe,-12.6484375,1,0.5675,3.2125654e-06
mendeley/extracted/Bangla Audio Dataset Original and DeepFake Voices for AI-Based Voice Analysis and Detection/Dataset/S3M03/Real/5.wav,0,MEN,MEN-S3M03,TG:4d2279fbc9b21903,-10.9140625,1,0.5175000000000001,1.8200151e-05
mendeley/extracted/Bangla Audio Dataset Original and DeepFake Voices for AI-Based Voice Analysis and Detection/Dataset/S3M03/Real/6.wav,0,MEN,MEN-S3M03,TG:e1a6cf0ea369c47c,-13.8125,1,0.4341666666666667,1.0030141e-06
mendeley/extracted/Bangla Audio Dataset Original and DeepFake Voices for AI-Based Voice Analysis and Detection/Dataset/S3M03/Real/7.wav,0,MEN,MEN-S3M03,TG:b94c02a58d6767fd,-11.2734375,1,0.5341666666666667,1.2705822e-05
mendeley/extracted/Bangla Audio Dataset Original and DeepFake Voices for AI-Based Voice Analysis and Detection/Dataset/S3M03/Real/8.wav,0,MEN,MEN-S3M03,TG:2c5c04ca3a814a2b,-13.90625,1,0.5175000000000001,9.1325484e-07
mendeley/extracted/Bangla Audio Dataset Original and DeepFake Voices for AI-Based Voice Analysis and Detection/Dataset/S3M03/Real/9.wav,0,MEN,MEN-S3M03,TG:3183698e613eeb91,-14.6328125,1,0.5008333333333334,4.4162135e-07
mendeley/extracted/Bangla Audio Dataset Original and DeepFake Voices for AI-Based Voice Analysis and Detection/Dataset/S3M04/Fake/1.wav,1,MEN,MEN-S3M04,TG:c64a37b6788eff47,-4.9648438,1,0.3508333333333333,0.0069306716
mendeley/extracted/Bangla Audio Dataset Original and DeepFake Voices for AI-Based Voice Analysis and Detection/Dataset/S3M04/Fake/10.wav,1,MEN,MEN-S3M04,TG:e4f6f434932f766c,-11.140625,1,0.5425,1.4510478e-05
mendeley/extracted/Bangla Audio Dataset Original and DeepFake Voices for AI-Based Voice Analysis and Detection/Dataset/S3M04/Fake/11.wav,1,MEN,MEN-S3M04,TG:279416c756e06369,-7.4179688,1,0.3375,0.0006000072
mendeley/extracted/Bangla Audio Dataset Original and DeepFake Voices for AI-Based Voice Analysis and Detection/Dataset/S3M04/Fake/12.wav,1,MEN,MEN-S3M04,TG:29d9398f6eb46b4c,-2.9863281,1,0.4891666666666666,0.048047356
mendeley/extracted/Bangla Audio Dataset Original and DeepFake Voices for AI-Based Voice Analysis and Detection/Dataset/S3M04/Fake/13.wav,1,MEN,MEN-S3M04,TG:a654883aa77ef593,-5.5078125,1,0.2541666666666666,0.004038592
mendeley/extracted/Bangla Audio Dataset Original and DeepFake Voices for AI-Based Voice Analysis and Detection/Dataset/S3M04/Fake/14.wav,1,MEN,MEN-S3M04,TG:da1b8fe7ea374f0b,-1.3330078,1,0.2308333333333333,0.20866229
mendeley/extracted/Bangla Audio Dataset Original and DeepFake Voices for AI-Based Voice Analysis and Detection/Dataset/S3M04/Fake/15.wav,1,MEN,MEN-S3M04,TG:0024a0b4f77f02d4,-2.671875,1,0.4941666666666666,0.064653486
mendeley/extracted/Bangla Audio Dataset Original and DeepFake Voices for AI-Based Voice Analysis and Detection/Dataset/S3M04/Fake/16.wav,1,MEN,MEN-S3M04,TG:8f6e37cf38ec1a44,-4.6523438,1,0.4975,0.0094490815
mendeley/extracted/Bangla Audio Dataset Original and DeepFake Voices for AI-Based Voice Analysis and Detection/Dataset/S3M04/Fake/17.wav,1,MEN,MEN-S3M04,TG:3669c591dfbe7a55,-7.8359375,1,0.0291666666666666,0.00039511538
mendeley/extracted/Bangla Audio Dataset Original and DeepFake Voices for AI-Based Voice Analysis and Detection/Dataset/S3M04/Fake/18.wav,1,MEN,MEN-S3M04,TG:8be6babbf81be123,-9.75,1,0.2508333333333333,5.8291265e-05
mendeley/extracted/Bangla Audio Dataset Original and DeepFake Voices for AI-Based Voice Analysis and Detection/Dataset/S3M04/Fake/19.wav,1,MEN,MEN-S3M04,TG:7f247b87b49d5fb0,-9.6015625,1,0.0108333333333333,6.761842e-05
mendeley/extracted/Bangla Audio Dataset Original and DeepFake Voices for AI-Based Voice Analysis and Detection/Dataset/S3M04/Fake/2.wav,1,MEN,MEN-S3M04,TG:e77eed1a0aa1b7cf,8.5234375,1,0.5675,0.99980134
mendeley/extracted/Bangla Audio Dataset Original and DeepFake Voices for AI-Based Voice Analysis and Detection/Dataset/S3M04/Fake/20.wav,1,MEN,MEN-S3M04,TG:567b144e9ae8bc8b,-12.1328125,1,0.0358333333333333,5.3800236e-06
mendeley/extracted/Bangla Audio Dataset Original and DeepFake Voices for AI-Based Voice Analysis and Detection/Dataset/S3M04/Fake/21.wav,1,MEN,MEN-S3M04,TG:9e58a2d9515bce87,-13.5390625,1,0.2508333333333333,1.3184367e-06
mendeley/extracted/Bangla Audio Dataset Original and DeepFake Voices for AI-Based Voice Analysis and Detection/Dataset/S3M04/Fake/22.wav,1,MEN,MEN-S3M04,TG:39deb4923c5e7c69,-7.0625,1,0.2008333333333333,0.0008559006
mendeley/extracted/Bangla Audio Dataset Original and DeepFake Voices for AI-Based Voice Analysis and Detection/Dataset/S3M04/Fake/23.wav,1,MEN,MEN-S3M04,TG:7b7d4f0518a452ce,-3.8222656,1,0.1208333333333333,0.02140977
mendeley/extracted/Bangla Audio Dataset Original and DeepFake Voices for AI-Based Voice Analysis and Detection/Dataset/S3M04/Fake/24.wav,1,MEN,MEN-S3M04,TG:ff2ff224c96a1888,-11.2734375,1,0.4275,1.2705822e-05
mendeley/extracted/Bangla Audio Dataset Original and DeepFake Voices for AI-Based Voice Analysis and Detection/Dataset/S3M04/Fake/25.wav,1,MEN,MEN-S3M04,TG:9c6ff62d512d4446,-6.296875,1,0.1541666666666666,0.0018386652
mendeley/extracted/Bangla Audio Dataset Original and DeepFake Voices for AI-Based Voice Analysis and Detection/Dataset/S3M04/Fake/26.wav,1,MEN,MEN-S3M04,TG:527411d819e34baa,-6.578125,1,0.4775,0.0013885231
mendeley/extracted/Bangla Audio Dataset Original and DeepFake Voices for AI-Based Voice Analysis and Detection/Dataset/S3M04/Fake/27.wav,1,MEN,MEN-S3M04,TG:b6a6a3b4c18cb76d,-11.9296875,1,0.4341666666666667,6.5917343e-06
mendeley/extracted/Bangla Audio Dataset Original and DeepFake Voices for AI-Based Voice Analysis and Detection/Dataset/S3M04/Fake/28.wav,1,MEN,MEN-S3M04,TG:143353d18a45fba7,-8.5703125,1,0.2841666666666667,0.00018961739
mendeley/extracted/Bangla Audio Dataset Original and DeepFake Voices for AI-Based Voice Analysis and Detection/Dataset/S3M04/Fake/29.wav,1,MEN,MEN-S3M04,TG:2939ab8429b75898,-7.9375,1,0.4941666666666666,0.00035697065
mendeley/extracted/Bangla Audio Dataset Original and DeepFake Voices for AI-Based Voice Analysis and Detection/Dataset/S3M04/Fake/3.wav,1,MEN,MEN-S3M04,TG:60894dee2b546c5f,-7.484375,1,0.1958333333333333,0.00056147884
mendeley/extracted/Bangla Audio Dataset Original and DeepFake Voices for AI-Based Voice Analysis and Detection/Dataset/S3M04/Fake/30.wav,1,MEN,MEN-S3M04,TG:12ec84bfce694bf7,-8.2578125,1,0.1841666666666667,0.00025915826
mendeley/extracted/Bangla Audio Dataset Original and DeepFake Voices for AI-Based Voice Analysis and Detection/Dataset/S3M04/Fake/4.wav,1,MEN,MEN-S3M04,TG:ba3a3390e238eabe,-0.6557617,1,0.5608333333333333,0.34169233
mendeley/extracted/Bangla Audio Dataset Original and DeepFake Voices for AI-Based Voice Analysis and Detection/Dataset/S3M04/Fake/5.wav,1,MEN,MEN-S3M04,TG:4d2279fbc9b21903,-2.21875,1,0.4325,0.09807932
mendeley/extracted/Bangla Audio Dataset Original and DeepFake Voices for AI-Based Voice Analysis and Detection/Dataset/S3M04/Fake/6.wav,1,MEN,MEN-S3M04,TG:e1a6cf0ea369c47c,-5.71875,1,0.5275000000000001,0.0032730652
mendeley/extracted/Bangla Audio Dataset Original and DeepFake Voices for AI-Based Voice Analysis and Detection/Dataset/S3M04/Fake/7.wav,1,MEN,MEN-S3M04,TG:b94c02a58d6767fd,-2.1933594,1,0.3375,0.100348406
mendeley/extracted/Bangla Audio Dataset Original and DeepFake Voices for AI-Based Voice Analysis and Detection/Dataset/S3M04/Fake/8.wav,1,MEN,MEN-S3M04,TG:2c5c04ca3a814a2b,-7.9375,1,0.4408333333333333,0.00035697065
mendeley/extracted/Bangla Audio Dataset Original and DeepFake Voices for AI-Based Voice Analysis and Detection/Dataset/S3M04/Fake/9.wav,1,MEN,MEN-S3M04,TG:3183698e613eeb91,-3.5800781,1,0.2674999999999999,0.027117657
mendeley/extracted/Bangla Audio Dataset Original and DeepFake Voices for AI-Based Voice Analysis and Detection/Dataset/S3M04/Real/1.wav,0,MEN,MEN-S3M04,TG:c64a37b6788eff47,-13.5625,1,0.3675,1.2878953e-06
mendeley/extracted/Bangla Audio Dataset Original and DeepFake Voices for AI-Based Voice Analysis and Detection/Dataset/S3M04/Real/10.wav,0,MEN,MEN-S3M04,TG:e4f6f434932f766c,-6.0234375,1,0.5508333333333333,0.0024154831
mendeley/extracted/Bangla Audio Dataset Original and DeepFake Voices for AI-Based Voice Analysis and Detection/Dataset/S3M04/Real/11.wav,0,MEN,MEN-S3M04,TG:279416c756e06369,-13.8984375,1,0.5008333333333334,9.2041756e-07
mendeley/extracted/Bangla Audio Dataset Original and DeepFake Voices for AI-Based Voice Analysis and Detection/Dataset/S3M04/Real/12.wav,0,MEN,MEN-S3M04,TG:29d9398f6eb46b4c,-15.75,1,0.5341666666666667,1.4449802e-07
mendeley/extracted/Bangla Audio Dataset Original and DeepFake Voices for AI-Based Voice Analysis and Detection/Dataset/S3M04/Real/13.wav,0,MEN,MEN-S3M04,TG:a654883aa77ef593,-10.7109375,1,0.4508333333333333,2.2299198e-05
mendeley/extracted/Bangla Audio Dataset Original and DeepFake Voices for AI-Based Voice Analysis and Detection/Dataset/S3M04/Real/14.wav,0,MEN,MEN-S3M04,TG:da1b8fe7ea374f0b,-10.1875,1,0.4841666666666666,3.7636448e-05
mendeley/extracted/Bangla Audio Dataset Original and DeepFake Voices for AI-Based Voice Analysis and Detection/Dataset/S3M04/Real/15.wav,0,MEN,MEN-S3M04,TG:0024a0b4f77f02d4,-4.203125,1,0.4841666666666666,0.014728614
mendeley/extracted/Bangla Audio Dataset Original and DeepFake Voices for AI-Based Voice Analysis and Detection/Dataset/S3M04/Real/16.wav,0,MEN,MEN-S3M04,TG:8f6e37cf38ec1a44,-10.921875,1,0.5841666666666667,1.805852e-05
mendeley/extracted/Bangla Audio Dataset Original and DeepFake Voices for AI-Based Voice Analysis and Detection/Dataset/S3M04/Real/17.wav,0,MEN,MEN-S3M04,TG:3669c591dfbe7a55,-7.625,1,0.4508333333333333,0.00048785712
mendeley/extracted/Bangla Audio Dataset Original and DeepFake Voices for AI-Based Voice Analysis and Detection/Dataset/S3M04/Real/18.wav,0,MEN,MEN-S3M04,TG:8be6babbf81be123,-4.2617188,1,0.5008333333333334,0.013902059
mendeley/extracted/Bangla Audio Dataset Original and DeepFake Voices for AI-Based Voice Analysis and Detection/Dataset/S3M04/Real/19.wav,0,MEN,MEN-S3M04,TG:7f247b87b49d5fb0,-12.671875,1,0.4675,3.138147e-06
mendeley/extracted/Bangla Audio Dataset Original and DeepFake Voices for AI-Based Voice Analysis and Detection/Dataset/S3M04/Real/2.wav,0,MEN,MEN-S3M04,TG:e77eed1a0aa1b7cf,-9.0078125,1,0.5675,0.00012243443
mendeley/extracted/Bangla Audio Dataset Original and DeepFake Voices for AI-Based Voice Analysis and Detection/Dataset/S3M04/Real/20.wav,0,MEN,MEN-S3M04,TG:567b144e9ae8bc8b,-11.5625,1,0.4175,9.516251e-06
mendeley/extracted/Bangla Audio Dataset Original and DeepFake Voices for AI-Based Voice Analysis and Detection/Dataset/S3M04/Real/21.wav,0,MEN,MEN-S3M04,TG:9e58a2d9515bce87,-7.7773438,1,0.5341666666666667,0.00041894842
mendeley/extracted/Bangla Audio Dataset Original and DeepFake Voices for AI-Based Voice Analysis and Detection/Dataset/S3M04/Real/22.wav,0,MEN,MEN-S3M04,TG:39deb4923c5e7c69,-15.6640625,1,0.5341666666666667,1.57465e-07
mendeley/extracted/Bangla Audio Dataset Original and DeepFake Voices for AI-Based Voice Analysis and Detection/Dataset/S3M04/Real/23.wav,0,MEN,MEN-S3M04,TG:7b7d4f0518a452ce,-9.5703125,1,0.5341666666666667,6.976471e-05
mendeley/extracted/Bangla Audio Dataset Original and DeepFake Voices for AI-Based Voice Analysis and Detection/Dataset/S3M04/Real/24.wav,0,MEN,MEN-S3M04,TG:ff2ff224c96a1888,-3.8613281,1,0.6341666666666667,0.020606477
mendeley/extracted/Bangla Audio Dataset Original and DeepFake Voices for AI-Based Voice Analysis and Detection/Dataset/S3M04/Real/25.wav,0,MEN,MEN-S3M04,TG:9c6ff62d512d4446,-14.265625,1,0.5008333333333334,6.3755476e-07
mendeley/extracted/Bangla Audio Dataset Original and DeepFake Voices for AI-Based Voice Analysis and Detection/Dataset/S3M04/Real/26.wav,0,MEN,MEN-S3M04,TG:527411d819e34baa,-9.84375,1,0.5675,5.307508e-05
mendeley/extracted/Bangla Audio Dataset Original and DeepFake Voices for AI-Based Voice Analysis and Detection/Dataset/S3M04/Real/27.wav,0,MEN,MEN-S3M04,TG:b6a6a3b4c18cb76d,-6.609375,1,0.6174999999999999,0.0013458605
mendeley/extracted/Bangla Audio Dataset Original and DeepFake Voices for AI-Based Voice Analysis and Detection/Dataset/S3M04/Real/28.wav,0,MEN,MEN-S3M04,TG:143353d18a45fba7,-5.9882812,1,0.5508333333333333,0.0025016966
mendeley/extracted/Bangla Audio Dataset Original and DeepFake Voices for AI-Based Voice Analysis and Detection/Dataset/S3M04/Real/29.wav,0,MEN,MEN-S3M04,TG:2939ab8429b75898,-14.046875,1,0.5841666666666667,7.934496e-07
mendeley/extracted/Bangla Audio Dataset Original and DeepFake Voices for AI-Based Voice Analysis and Detection/Dataset/S3M04/Real/3.wav,0,MEN,MEN-S3M04,TG:60894dee2b546c5f,-10.4296875,1,0.4175,2.9541427e-05
mendeley/extracted/Bangla Audio Dataset Original and DeepFake Voices for AI-Based Voice Analysis and Detection/Dataset/S3M04/Real/30.wav,0,MEN,MEN-S3M04,TG:12ec84bfce694bf7,-11.8046875,1,0.5841666666666667,7.469407e-06
mendeley/extracted/Bangla Audio Dataset Original and DeepFake Voices for AI-Based Voice Analysis and Detection/Dataset/S3M04/Real/4.wav,0,MEN,MEN-S3M04,TG:ba3a3390e238eabe,-13.15625,1,0.6508333333333334,1.9333586e-06
mendeley/extracted/Bangla Audio Dataset Original and DeepFake Voices for AI-Based Voice Analysis and Detection/Dataset/S3M04/Real/5.wav,0,MEN,MEN-S3M04,TG:4d2279fbc9b21903,-16.921875,1,0.5841666666666667,4.47634e-08
mendeley/extracted/Bangla Audio Dataset Original and DeepFake Voices for AI-Based Voice Analysis and Detection/Dataset/S3M04/Real/6.wav,0,MEN,MEN-S3M04,TG:e1a6cf0ea369c47c,-12.2109375,1,0.5841666666666667,4.97571e-06
mendeley/extracted/Bangla Audio Dataset Original and DeepFake Voices for AI-Based Voice Analysis and Detection/Dataset/S3M04/Real/7.wav,0,MEN,MEN-S3M04,TG:b94c02a58d6767fd,-11.25,1,0.5341666666666667,1.30071285e-05
mendeley/extracted/Bangla Audio Dataset Original and DeepFake Voices for AI-Based Voice Analysis and Detection/Dataset/S3M04/Real/8.wav,0,MEN,MEN-S3M04,TG:2c5c04ca3a814a2b,-9.421875,1,0.6008333333333333,8.092757e-05
mendeley/extracted/Bangla Audio Dataset Original and DeepFake Voices for AI-Based Voice Analysis and Detection/Dataset/S3M04/Real/9.wav,0,MEN,MEN-S3M04,TG:3183698e613eeb91,-12.75,1,0.5175000000000001,2.902312e-06
mendeley/extracted/Bangla Audio Dataset Original and DeepFake Voices for AI-Based Voice Analysis and Detection/Dataset/S3M05/Fake/1.wav,1,MEN,MEN-S3M05,TG:c64a37b6788eff47,10.34375,1,0.3858333333333333,0.9999678
mendeley/extracted/Bangla Audio Dataset Original and DeepFake Voices for AI-Based Voice Analysis and Detection/Dataset/S3M05/Fake/10.wav,1,MEN,MEN-S3M05,TG:e4f6f434932f766c,-13.1484375,1,0.5475,1.9485221e-06
mendeley/extracted/Bangla Audio Dataset Original and DeepFake Voices for AI-Based Voice Analysis and Detection/Dataset/S3M05/Fake/11.wav,1,MEN,MEN-S3M05,TG:279416c756e06369,-1.4052734,1,0.3441666666666666,0.19698064
mendeley/extracted/Bangla Audio Dataset Original and DeepFake Voices for AI-Based Voice Analysis and Detection/Dataset/S3M05/Fake/12.wav,1,MEN,MEN-S3M05,TG:29d9398f6eb46b4c,-9.3203125,1,0.4775,8.957789e-05
mendeley/extracted/Bangla Audio Dataset Original and DeepFake Voices for AI-Based Voice Analysis and Detection/Dataset/S3M05/Fake/13.wav,1,MEN,MEN-S3M05,TG:a654883aa77ef593,-9.9140625,1,0.2875,4.947159e-05
mendeley/extracted/Bangla Audio Dataset Original and DeepFake Voices for AI-Based Voice Analysis and Detection/Dataset/S3M05/Fake/14.wav,1,MEN,MEN-S3M05,TG:da1b8fe7ea374f0b,-0.45703125,1,0.2075,0.38769034
mendeley/extracted/Bangla Audio Dataset Original and DeepFake Voices for AI-Based Voice Analysis and Detection/Dataset/S3M05/Fake/15.wav,1,MEN,MEN-S3M05,TG:0024a0b4f77f02d4,7.5078125,1,0.4275,0.99945146
mendeley/extracted/Bangla Audio Dataset Original and DeepFake Voices for AI-Based Voice Analysis and Detection/Dataset/S3M05/Fake/16.wav,1,MEN,MEN-S3M05,TG:8f6e37cf38ec1a44,-5.3710938,1,0.4741666666666666,0.0046275305
mendeley/extracted/Bangla Audio Dataset Original and DeepFake Voices for AI-Based Voice Analysis and Detection/Dataset/S3M05/Fake/17.wav,1,MEN,MEN-S3M05,TG:3669c591dfbe7a55,-6.5039062,1,0.0474999999999999,0.0014953385
mendeley/extracted/Bangla Audio Dataset Original and DeepFake Voices for AI-Based Voice Analysis and Detection/Dataset/S3M05/Fake/18.wav,1,MEN,MEN-S3M05,TG:8be6babbf81be123,-8.625,1,0.1558333333333333,0.00017952795
mendeley/extracted/Bangla Audio Dataset Original and DeepFake Voices for AI-Based Voice Analysis and Detection/Dataset/S3M05/Fake/19.wav,1,MEN,MEN-S3M05,TG:7f247b87b49d5fb0,-5.5742188,2,0.0,0.0037800956
mendeley/extracted/Bangla Audio Dataset Original and DeepFake Voices for AI-Based Voice Analysis and Detection/Dataset/S3M05/Fake/2.wav,1,MEN,MEN-S3M05,TG:e77eed1a0aa1b7cf,-8.0859375,1,0.4908333333333333,0.00030774306
mendeley/extracted/Bangla Audio Dataset Original and DeepFake Voices for AI-Based Voice Analysis and Detection/Dataset/S3M05/Fake/20.wav,1,MEN,MEN-S3M05,TG:567b144e9ae8bc8b,-11.015625,1,0.1508333333333333,1.6442495e-05
mendeley/extracted/Bangla Audio Dataset Original and DeepFake Voices for AI-Based Voice Analysis and Detection/Dataset/S3M05/Fake/21.wav,1,MEN,MEN-S3M05,TG:9e58a2d9515bce87,-6.0,1,0.3241666666666667,0.0024726233
mendeley/extracted/Bangla Audio Dataset Original and DeepFake Voices for AI-Based Voice Analysis and Detection/Dataset/S3M05/Fake/22.wav,1,MEN,MEN-S3M05,TG:39deb4923c5e7c69,-9.6640625,1,0.2008333333333333,6.352189e-05
mendeley/extracted/Bangla Audio Dataset Original and DeepFake Voices for AI-Based Voice Analysis and Detection/Dataset/S3M05/Fake/23.wav,1,MEN,MEN-S3M05,TG:7b7d4f0518a452ce,0.62353516,1,0.0558333333333332,0.65102214
mendeley/extracted/Bangla Audio Dataset Original and DeepFake Voices for AI-Based Voice Analysis and Detection/Dataset/S3M05/Fake/24.wav,1,MEN,MEN-S3M05,TG:ff2ff224c96a1888,-0.9003906,1,0.5141666666666667,0.28897023
mendeley/extracted/Bangla Audio Dataset Original and DeepFake Voices for AI-Based Voice Analysis and Detection/Dataset/S3M05/Fake/25.wav,1,MEN,MEN-S3M05,TG:9c6ff62d512d4446,-7.9453125,1,0.1274999999999999,0.00035419367
mendeley/extracted/Bangla Audio Dataset Original and DeepFake Voices for AI-Based Voice Analysis and Detection/Dataset/S3M05/Fake/26.wav,1,MEN,MEN-S3M05,TG:527411d819e34baa,-4.640625,1,0.4958333333333333,0.009559399
mendeley/extracted/Bangla Audio Dataset Original and DeepFake Voices for AI-Based Voice Analysis and Detection/Dataset/S3M05/Fake/27.wav,1,MEN,MEN-S3M05,TG:b6a6a3b4c18cb76d,4.4609375,1,0.4475,0.9885804
mendeley/extracted/Bangla Audio Dataset Original and DeepFake Voices for AI-Based Voice Analysis and Detection/Dataset/S3M05/Fake/28.wav,1,MEN,MEN-S3M05,TG:143353d18a45fba7,-1.3349609,1,0.2808333333333334,0.20833994
mendeley/extracted/Bangla Audio Dataset Original and DeepFake Voices for AI-Based Voice Analysis and Detection/Dataset/S3M05/Fake/29.wav,1,MEN,MEN-S3M05,TG:2939ab8429b75898,0.29370117,1,0.4141666666666667,0.572902
mendeley/extracted/Bangla Audio Dataset Original and DeepFake Voices for AI-Based Voice Analysis and Detection/Dataset/S3M05/Fake/3.wav,1,MEN,MEN-S3M05,TG:60894dee2b546c5f,-0.9345703,1,0.1658333333333334,0.28199843
mendeley/extracted/Bangla Audio Dataset Original and DeepFake Voices for AI-Based Voice Analysis and Detection/Dataset/S3M05/Fake/30.wav,1,MEN,MEN-S3M05,TG:12ec84bfce694bf7,-7.8828125,1,0.2208333333333333,0.00037702854
mendeley/extracted/Bangla Audio Dataset Original and DeepFake Voices for AI-Based Voice Analysis and Detection/Dataset/S3M05/Fake/4.wav,1,MEN,MEN-S3M05,TG:ba3a3390e238eabe,8.734375,1,0.5575,0.99983907
mendeley/extracted/Bangla Audio Dataset Original and DeepFake Voices for AI-Based Voice Analysis and Detection/Dataset/S3M05/Fake/5.wav,1,MEN,MEN-S3M05,TG:4d2279fbc9b21903,-6.65625,1,0.4675,0.0012843081
mendeley/extracted/Bangla Audio Dataset Original and DeepFake Voices for AI-Based Voice Analysis and Detection/Dataset/S3M05/Fake/6.wav,1,MEN,MEN-S3M05,TG:e1a6cf0ea369c47c,-3.5585938,1,0.5175000000000001,0.02769026
mendeley/extracted/Bangla Audio Dataset Original and DeepFake Voices for AI-Based Voice Analysis and Detection/Dataset/S3M05/Fake/7.wav,1,MEN,MEN-S3M05,TG:b94c02a58d6767fd,-2.5820312,1,0.3541666666666666,0.07030385
mendeley/extracted/Bangla Audio Dataset Original and DeepFake Voices for AI-Based Voice Analysis and Detection/Dataset/S3M05/Fake/8.wav,1,MEN,MEN-S3M05,TG:2c5c04ca3a814a2b,-10.34375,1,0.5108333333333333,3.2192336e-05
mendeley/extracted/Bangla Audio Dataset Original and DeepFake Voices for AI-Based Voice Analysis and Detection/Dataset/S3M05/Fake/9.wav,1,MEN,MEN-S3M05,TG:3183698e613eeb91,-3.5644531,1,0.2941666666666667,0.027532939
mendeley/extracted/Bangla Audio Dataset Original and DeepFake Voices for AI-Based Voice Analysis and Detection/Dataset/S3M05/Real/1.wav,0,MEN,MEN-S3M05,TG:c64a37b6788eff47,-9.484375,1,0.4341666666666667,7.60248e-05
mendeley/extracted/Bangla Audio Dataset Original and DeepFake Voices for AI-Based Voice Analysis and Detection/Dataset/S3M05/Real/10.wav,0,MEN,MEN-S3M05,TG:e4f6f434932f766c,-9.6328125,1,0.5341666666666667,6.553816e-05
mendeley/extracted/Bangla Audio Dataset Original and DeepFake Voices for AI-Based Voice Analysis and Detection/Dataset/S3M05/Real/11.wav,0,MEN,MEN-S3M05,TG:279416c756e06369,-11.0,1,0.5841666666666667,1.6701422e-05
mendeley/extracted/Bangla Audio Dataset Original and DeepFake Voices for AI-Based Voice Analysis and Detection/Dataset/S3M05/Real/12.wav,0,MEN,MEN-S3M05,TG:29d9398f6eb46b4c,-18.296875,1,0.5008333333333334,1.131796e-08
mendeley/extracted/Bangla Audio Dataset Original and DeepFake Voices for AI-Based Voice Analysis and Detection/Dataset/S3M05/Real/13.wav,0,MEN,MEN-S3M05,TG:a654883aa77ef593,-9.125,1,0.4341666666666667,0.00010889691
mendeley/extracted/Bangla Audio Dataset Original and DeepFake Voices for AI-Based Voice Analysis and Detection/Dataset/S3M05/Real/14.wav,0,MEN,MEN-S3M05,TG:da1b8fe7ea374f0b,-9.8359375,1,0.4008333333333334,5.3491327e-05
mendeley/extracted/Bangla Audio Dataset Original and DeepFake Voices for AI-Based Voice Analysis and Detection/Dataset/S3M05/Real/15.wav,0,MEN,MEN-S3M05,TG:0024a0b4f77f02d4,5.3632812,1,0.3841666666666666,0.99533635
mendeley/extracted/Bangla Audio Dataset Original and DeepFake Voices for AI-Based Voice Analysis and Detection/Dataset/S3M05/Real/16.wav,0,MEN,MEN-S3M05,TG:8f6e37cf38ec1a44,-12.3671875,1,0.5175000000000001,4.255953e-06
mendeley/extracted/Bangla Audio Dataset Original and DeepFake Voices for AI-Based Voice Analysis and Detection/Dataset/S3M05/Real/17.wav,0,MEN,MEN-S3M05,TG:3669c591dfbe7a55,-6.9257812,1,0.4008333333333334,0.000981172
mendeley/extracted/Bangla Audio Dataset Original and DeepFake Voices for AI-Based Voice Analysis and Detection/Dataset/S3M05/Real/18.wav,0,MEN,MEN-S3M05,TG:8be6babbf81be123,-12.5546875,1,0.4841666666666666,3.528312e-06
mendeley/extracted/Bangla Audio Dataset Original and DeepFake Voices for AI-Based Voice Analysis and Detection/Dataset/S3M05/Real/19.wav,0,MEN,MEN-S3M05,TG:7f247b87b49d5fb0,-10.046875,1,0.4341666666666667,4.3319036e-05
mendeley/extracted/Bangla Audio Dataset Original and DeepFake Voices for AI-Based Voice Analysis and Detection/Dataset/S3M05/Real/2.wav,0,MEN,MEN-S3M05,TG:e77eed1a0aa1b7cf,-5.4726562,1,0.6341666666666667,0.0041824942
mendeley/extracted/Bangla Audio Dataset Original and DeepFake Voices for AI-Based Voice Analysis and Detection/Dataset/S3M05/Real/20.wav,0,MEN,MEN-S3M05,TG:567b144e9ae8bc8b,-9.40625,1,0.5175000000000001,8.22019e-05
mendeley/extracted/Bangla Audio Dataset Original and DeepFake Voices for AI-Based Voice Analysis and Detection/Dataset/S3M05/Real/21.wav,0,MEN,MEN-S3M05,TG:9e58a2d9515bce87,-7.9101562,1,0.5341666666666667,0.0003668626
mendeley/extracted/Bangla Audio Dataset Original and DeepFake Voices for AI-Based Voice Analysis and Detection/Dataset/S3M05/Real/22.wav,0,MEN,MEN-S3M05,TG:39deb4923c5e7c69,-14.171875,1,0.5508333333333333,7.0021684e-07
mendeley/extracted/Bangla Audio Dataset Original and DeepFake Voices for AI-Based Voice Analysis and Detection/Dataset/S3M05/Real/23.wav,0,MEN,MEN-S3M05,TG:7b7d4f0518a452ce,-8.5625,1,0.4341666666666667,0.00019110431
mendeley/extracted/Bangla Audio Dataset Original and DeepFake Voices for AI-Based Voice Analysis and Detection/Dataset/S3M05/Real/24.wav,0,MEN,MEN-S3M05,TG:ff2ff224c96a1888,-9.8984375,1,0.5675,5.025062e-05
mendeley/extracted/Bangla Audio Dataset Original and DeepFake Voices for AI-Based Voice Analysis and Detection/Dataset/S3M05/Real/25.wav,0,MEN,MEN-S3M05,TG:9c6ff62d512d4446,-12.984375,1,0.4008333333333334,2.2959193e-06
mendeley/extracted/Bangla Audio Dataset Original and DeepFake Voices for AI-Based Voice Analysis and Detection/Dataset/S3M05/Real/26.wav,0,MEN,MEN-S3M05,TG:527411d819e34baa,-7.1054688,1,0.5008333333333334,0.00081993215
mendeley/extracted/Bangla Audio Dataset Original and DeepFake Voices for AI-Based Voice Analysis and Detection/Dataset/S3M05/Real/27.wav,0,MEN,MEN-S3M05,TG:b6a6a3b4c18cb76d,-8.265625,1,0.4008333333333334,0.00025714198
mendeley/extracted/Bangla Audio Dataset Original and DeepFake Voices for AI-Based Voice Analysis and Detection/Dataset/S3M05/Real/28.wav,0,MEN,MEN-S3M05,TG:143353d18a45fba7,-11.578125,1,0.4341666666666667,9.368717e-06
mendeley/extracted/Bangla Audio Dataset Original and DeepFake Voices for AI-Based Voice Analysis and Detection/Dataset/S3M05/Real/29.wav,0,MEN,MEN-S3M05,TG:2939ab8429b75898,-12.03125,1,0.4175,5.95514e-06
mendeley/extracted/Bangla Audio Dataset Original and DeepFake Voices for AI-Based Voice Analysis and Detection/Dataset/S3M05/Real/3.wav,0,MEN,MEN-S3M05,TG:60894dee2b546c5f,-11.59375,1,0.4841666666666666,9.2234695e-06
mendeley/extracted/Bangla Audio Dataset Original and DeepFake Voices for AI-Based Voice Analysis and Detection/Dataset/S3M05/Real/30.wav,0,MEN,MEN-S3M05,TG:12ec84bfce694bf7,-11.40625,1,0.4508333333333333,1.1125608e-05
mendeley/extracted/Bangla Audio Dataset Original and DeepFake Voices for AI-Based Voice Analysis and Detection/Dataset/S3M05/Real/4.wav,0,MEN,MEN-S3M05,TG:ba3a3390e238eabe,-18.5,1,0.4341666666666667,9.23745e-09
mendeley/extracted/Bangla Audio Dataset Original and DeepFake Voices for AI-Based Voice Analysis and Detection/Dataset/S3M05/Real/5.wav,0,MEN,MEN-S3M05,TG:4d2279fbc9b21903,-13.609375,1,0.6174999999999999,1.2289183e-06
mendeley/extracted/Bangla Audio Dataset Original and DeepFake Voices for AI-Based Voice Analysis and Detection/Dataset/S3M05/Real/6.wav,0,MEN,MEN-S3M05,TG:e1a6cf0ea369c47c,-13.03125,1,0.3675,2.1907817e-06
mendeley/extracted/Bangla Audio Dataset Original and DeepFake Voices for AI-Based Voice Analysis and Detection/Dataset/S3M05/Real/7.wav,0,MEN,MEN-S3M05,TG:b94c02a58d6767fd,-7.0585938,1,0.4008333333333334,0.00085924764
mendeley/extracted/Bangla Audio Dataset Original and DeepFake Voices for AI-Based Voice Analysis and Detection/Dataset/S3M05/Real/8.wav,0,MEN,MEN-S3M05,TG:2c5c04ca3a814a2b,-14.3984375,1,0.4508333333333333,5.5826166e-07
mendeley/extracted/Bangla Audio Dataset Original and DeepFake Voices for AI-Based Voice Analysis and Detection/Dataset/S3M05/Real/9.wav,0,MEN,MEN-S3M05,TG:3183698e613eeb91,-0.85302734,1,0.4508333333333333,0.2987982
mendeley/extracted/Bangla Audio Dataset Original and DeepFake Voices for AI-Based Voice Analysis and Detection/Dataset/S4F02/Fake/1.wav,1,MEN,MEN-S4F02,TG:b308cb94d5dfc4a0,-7.8867188,1,0.4375,0.00037555923
mendeley/extracted/Bangla Audio Dataset Original and DeepFake Voices for AI-Based Voice Analysis and Detection/Dataset/S4F02/Fake/10.wav,1,MEN,MEN-S4F02,TG:2020febfe4c8e0a6,-10.3046875,1,0.3675,3.347469e-05
mendeley/extracted/Bangla Audio Dataset Original and DeepFake Voices for AI-Based Voice Analysis and Detection/Dataset/S4F02/Fake/11.wav,1,MEN,MEN-S4F02,TG:a8be821a302d38cd,-9.2421875,1,0.3725,9.6856085e-05
mendeley/extracted/Bangla Audio Dataset Original and DeepFake Voices for AI-Based Voice Analysis and Detection/Dataset/S4F02/Fake/12.wav,1,MEN,MEN-S4F02,TG:0ff6798b7b8f0a2b,-5.6875,1,0.3408333333333333,0.0033766122
mendeley/extracted/Bangla Audio Dataset Original and DeepFake Voices for AI-Based Voice Analysis and Detection/Dataset/S4F02/Fake/13.wav,1,MEN,MEN-S4F02,TG:5d124e03b8cfc083,-7.6835938,1,0.3908333333333333,0.00046010586
mendeley/extracted/Bangla Audio Dataset Original and DeepFake Voices for AI-Based Voice Analysis and Detection/Dataset/S4F02/Fake/14.wav,1,MEN,MEN-S4F02,TG:f328dd5c0d5f4a2c,-10.109375,1,0.3908333333333333,4.0694576e-05
mendeley/extracted/Bangla Audio Dataset Original and DeepFake Voices for AI-Based Voice Analysis and Detection/Dataset/S4F02/Fake/15.wav,1,MEN,MEN-S4F02,TG:49d1daab6645e1e5,-13.65625,1,0.2875,1.1726421e-06
mendeley/extracted/Bangla Audio Dataset Original and DeepFake Voices for AI-Based Voice Analysis and Detection/Dataset/S4F02/Fake/16.wav,1,MEN,MEN-S4F02,TG:ce2c79da90b91549,-6.7109375,1,0.3091666666666667,0.0012160416
mendeley/extracted/Bangla Audio Dataset Original and DeepFake Voices for AI-Based Voice Analysis and Detection/Dataset/S4F02/Fake/17.wav,1,MEN,MEN-S4F02,TG:32f1c06cf5c594b1,-6.7695312,1,0.3941666666666666,0.001146916
mendeley/extracted/Bangla Audio Dataset Original and DeepFake Voices for AI-Based Voice Analysis and Detection/Dataset/S4F02/Fake/18.wav,1,MEN,MEN-S4F02,TG:6b67e0c353d9fbd4,-12.5546875,1,0.4508333333333333,3.528312e-06
mendeley/extracted/Bangla Audio Dataset Original and DeepFake Voices for AI-Based Voice Analysis and Detection/Dataset/S4F02/Fake/19.wav,1,MEN,MEN-S4F02,TG:f47297bbbcd1f91c,-9.5859375,1,0.3475,6.868318e-05
mendeley/extracted/Bangla Audio Dataset Original and DeepFake Voices for AI-Based Voice Analysis and Detection/Dataset/S4F02/Fake/2.wav,1,MEN,MEN-S4F02,TG:c92a6147c79f3f53,-7.3789062,1,0.5708333333333333,0.00062389387
mendeley/extracted/Bangla Audio Dataset Original and DeepFake Voices for AI-Based Voice Analysis and Detection/Dataset/S4F02/Fake/20.wav,1,MEN,MEN-S4F02,TG:47a50d8c770d6a39,-11.5234375,1,0.1674999999999999,9.895332e-06
mendeley/extracted/Bangla Audio Dataset Original and DeepFake Voices for AI-Based Voice Analysis and Detection/Dataset/S4F02/Fake/21.wav,1,MEN,MEN-S4F02,TG:893de1314b339a8c,-8.84375,1,0.5058333333333334,0.00014425987
mendeley/extracted/Bangla Audio Dataset Original and DeepFake Voices for AI-Based Voice Analysis and Detection/Dataset/S4F02/Fake/22.wav,1,MEN,MEN-S4F02,TG:864f70acdceec2a3,-11.2734375,1,0.3325,1.2705822e-05
mendeley/extracted/Bangla Audio Dataset Original and DeepFake Voices for AI-Based Voice Analysis and Detection/Dataset/S4F02/Fake/23.wav,1,MEN,MEN-S4F02,TG:31716f0cd84a61b8,-12.984375,1,0.1175,2.2959193e-06
mendeley/extracted/Bangla Audio Dataset Original and DeepFake Voices for AI-Based Voice Analysis and Detection/Dataset/S4F02/Fake/24.wav,1,MEN,MEN-S4F02,TG:0c684130198edb2b,-15.3046875,1,0.5475,2.2555818e-07
mendeley/extracted/Bangla Audio Dataset Original and DeepFake Voices for AI-Based Voice Analysis and Detection/Dataset/S4F02/Fake/25.wav,1,MEN,MEN-S4F02,TG:e59cd170ce121cab,-13.4765625,1,0.2524999999999999,1.4034684e-06
mendeley/extracted/Bangla Audio Dataset Original and DeepFake Voices for AI-Based Voice Analysis and Detection/Dataset/S4F02/Fake/26.wav,1,MEN,MEN-S4F02,TG:50530451ab5ea7d4,-11.203125,1,0.0224999999999999,1.3631346e-05
mendeley/extracted/Bangla Audio Dataset Original and DeepFake Voices for AI-Based Voice Analysis and Detection/Dataset/S4F02/Fake/27.wav,1,MEN,MEN-S4F02,TG:35816fd76b78f5ab,-10.9375,1,0.4808333333333333,1.7778553e-05
mendeley/extracted/Bangla Audio Dataset Original and DeepFake Voices for AI-Based Voice Analysis and Detection/Dataset/S4F02/Fake/28.wav,1,MEN,MEN-S4F02,TG:83303193a7470159,-16.0625,1,0.1975,1.0571699e-07
mendeley/extracted/Bangla Audio Dataset Original and DeepFake Voices for AI-Based Voice Analysis and Detection/Dataset/S4F02/Fake/29.wav,1,MEN,MEN-S4F02,TG:b6465a64cf8af192,-0.82421875,1,0.4108333333333334,0.30486888
mendeley/extracted/Bangla Audio Dataset Original and DeepFake Voices for AI-Based Voice Analysis and Detection/Dataset/S4F02/Fake/3.wav,1,MEN,MEN-S4F02,TG:4ade37a77542fb47,-9.671875,1,0.3991666666666666,6.302758e-05
mendeley/extracted/Bangla Audio Dataset Original and DeepFake Voices for AI-Based Voice Analysis and Detection/Dataset/S4F02/Fake/30.wav,1,MEN,MEN-S4F02,TG:145a60ed6795d62b,-9.1640625,1,0.4341666666666667,0.000104725565
mendeley/extracted/Bangla Audio Dataset Original and DeepFake Voices for AI-Based Voice Analysis and Detection/Dataset/S4F02/Fake/4.wav,1,MEN,MEN-S4F02,TG:0ca6d8c18f157003,-7.5507812,1,0.3525,0.00052542303
mendeley/extracted/Bangla Audio Dataset Original and DeepFake Voices for AI-Based Voice Analysis and Detection/Dataset/S4F02/Fake/5.wav,1,MEN,MEN-S4F02,TG:20ce12eea7577a2b,-6.6601562,1,0.1041666666666666,0.0012793075
mendeley/extracted/Bangla Audio Dataset Original and DeepFake Voices for AI-Based Voice Analysis and Detection/Dataset/S4F02/Fake/6.wav,1,MEN,MEN-S4F02,TG:cb4be92369f4fdeb,-8.71875,1,0.4024999999999999,0.0001634647
mendeley/extracted/Bangla Audio Dataset Original and DeepFake Voices for AI-Based Voice Analysis and Detection/Dataset/S4F02/Fake/7.wav,1,MEN,MEN-S4F02,TG:fd0ac6bb3657230d,-2.859375,1,0.2808333333333334,0.05419873
mendeley/extracted/Bangla Audio Dataset Original and DeepFake Voices for AI-Based Voice Analysis and Detection/Dataset/S4F02/Fake/8.wav,1,MEN,MEN-S4F02,TG:1afa540d605472d1,-9.4921875,1,0.0208333333333333,7.5433214e-05
mendeley/extracted/Bangla Audio Dataset Original and DeepFake Voices for AI-Based Voice Analysis and Detection/Dataset/S4F02/Fake/9.wav,1,MEN,MEN-S4F02,TG:e2452da62ea9a450,-7.3710938,1,0.2875,0.00062878407
mendeley/extracted/Bangla Audio Dataset Original and DeepFake Voices for AI-Based Voice Analysis and Detection/Dataset/S4F02/Real/1.wav,0,MEN,MEN-S4F02,TG:b308cb94d5dfc4a0,-3.9414062,1,0.4841666666666666,0.019050902
mendeley/extracted/Bangla Audio Dataset Original and DeepFake Voices for AI-Based Voice Analysis and Detection/Dataset/S4F02/Real/10.wav,0,MEN,MEN-S4F02,TG:2020febfe4c8e0a6,-8.90625,1,0.5675,0.0001355208
mendeley/extracted/Bangla Audio Dataset Original and DeepFake Voices for AI-Based Voice Analysis and Detection/Dataset/S4F02/Real/11.wav,0,MEN,MEN-S4F02,TG:a8be821a302d38cd,-5.5820312,1,0.3675,0.0037507887
mendeley/extracted/Bangla Audio Dataset Original and DeepFake Voices for AI-Based Voice Analysis and Detection/Dataset/S4F02/Real/12.wav,0,MEN,MEN-S4F02,TG:0ff6798b7b8f0a2b,-2.4804688,1,0.4008333333333334,0.07723878
mendeley/extracted/Bangla Audio Dataset Original and DeepFake Voices for AI-Based Voice Analysis and Detection/Dataset/S4F02/Real/13.wav,0,MEN,MEN-S4F02,TG:5d124e03b8cfc083,-6.5234375,1,0.5675,0.0014664584
mendeley/extracted/Bangla Audio Dataset Original and DeepFake Voices for AI-Based Voice Analysis and Detection/Dataset/S4F02/Real/14.wav,0,MEN,MEN-S4F02,TG:f328dd5c0d5f4a2c,-12.3359375,1,0.4508333333333333,4.391051e-06
mendeley/extracted/Bangla Audio Dataset Original and DeepFake Voices for AI-Based Voice Analysis and Detection/Dataset/S4F02/Real/15.wav,0,MEN,MEN-S4F02,TG:49d1daab6645e1e5,-9.84375,1,0.5675,5.307508e-05
mendeley/extracted/Bangla Audio Dataset Original and DeepFake Voices for AI-Based Voice Analysis and Detection/Dataset/S4F02/Real/16.wav,0,MEN,MEN-S4F02,TG:ce2c79da90b91549,-8.7265625,1,0.3508333333333333,0.00016219284
mendeley/extracted/Bangla Audio Dataset Original and DeepFake Voices for AI-Based Voice Analysis and Detection/Dataset/S4F02/Real/17.wav,0,MEN,MEN-S4F02,TG:32f1c06cf5c594b1,-9.1484375,1,0.4841666666666666,0.00010637458
mendeley/extracted/Bangla Audio Dataset Original and DeepFake Voices for AI-Based Voice Analysis and Detection/Dataset/S4F02/Real/18.wav,0,MEN,MEN-S4F02,TG:6b67e0c353d9fbd4,-17.453125,1,0.4675,2.6315048e-08
mendeley/extracted/Bangla Audio Dataset Original and DeepFake Voices for AI-Based Voice Analysis and Detection/Dataset/S4F02/Real/19.wav,0,MEN,MEN-S4F02,TG:f47297bbbcd1f91c,-8.4140625,1,0.3341666666666666,0.0002216781
mendeley/extracted/Bangla Audio Dataset Original and DeepFake Voices for AI-Based Voice Analysis and Detection/Dataset/S4F02/Real/2.wav,0,MEN,MEN-S4F02,TG:c92a6147c79f3f53,-6.0078125,1,0.5675,0.0024534285
mendeley/extracted/Bangla Audio Dataset Original and DeepFake Voices for AI-Based Voice Analysis and Detection/Dataset/S4F02/Real/20.wav,0,MEN,MEN-S4F02,TG:47a50d8c770d6a39,-10.9609375,1,0.4175,1.736672e-05
mendeley/extracted/Bangla Audio Dataset Original and DeepFake Voices for AI-Based Voice Analysis and Detection/Dataset/S4F02/Real/21.wav,0,MEN,MEN-S4F02,TG:893de1314b339a8c,-9.421875,1,0.5508333333333333,8.092757e-05
mendeley/extracted/Bangla Audio Dataset Original and DeepFake Voices for AI-Based Voice Analysis and Detection/Dataset/S4F02/Real/22.wav,0,MEN,MEN-S4F02,TG:864f70acdceec2a3,-10.390625,1,0.3175,3.0718187e-05
mendeley/extracted/Bangla Audio Dataset Original and DeepFake Voices for AI-Based Voice Analysis and Detection/Dataset/S4F02/Real/23.wav,0,MEN,MEN-S4F02,TG:31716f0cd84a61b8,-11.46875,1,0.4341666666666667,1.0451548e-05
mendeley/extracted/Bangla Audio Dataset Original and DeepFake Voices for AI-Based Voice Analysis and Detection/Dataset/S4F02/Real/24.wav,0,MEN,MEN-S4F02,TG:0c684130198edb2b,-7.7109375,1,0.5841666666666667,0.00044770082
mendeley/extracted/Bangla Audio Dataset Original and DeepFake Voices for AI-Based Voice Analysis and Detection/Dataset/S4F02/Real/25.wav,0,MEN,MEN-S4F02,TG:e59cd170ce121cab,-7.9882812,1,0.3508333333333333,0.0003393018
mendeley/extracted/Bangla Audio Dataset Original and DeepFake Voices for AI-Based Voice Analysis and Detection/Dataset/S4F02/Real/26.wav,0,MEN,MEN-S4F02,TG:50530451ab5ea7d4,-11.625,1,0.3508333333333333,8.939696e-06
mendeley/extracted/Bangla Audio Dataset Original and DeepFake Voices for AI-Based Voice Analysis and Detection/Dataset/S4F02/Real/27.wav,0,MEN,MEN-S4F02,TG:35816fd76b78f5ab,-17.015625,1,0.5008333333333334,4.0757534e-08
mendeley/extracted/Bangla Audio Dataset Original and DeepFake Voices for AI-Based Voice Analysis and Detection/Dataset/S4F02/Real/28.wav,0,MEN,MEN-S4F02,TG:83303193a7470159,-10.6953125,1,0.4008333333333334,2.2650353e-05
mendeley/extracted/Bangla Audio Dataset Original and DeepFake Voices for AI-Based Voice Analysis and Detection/Dataset/S4F02/Real/29.wav,0,MEN,MEN-S4F02,TG:b6465a64cf8af192,-11.125,1,0.4675,1.4738983e-05
mendeley/extracted/Bangla Audio Dataset Original and DeepFake Voices for AI-Based Voice Analysis and Detection/Dataset/S4F02/Real/3.wav,0,MEN,MEN-S4F02,TG:4ade37a77542fb47,-7.1640625,1,0.4841666666666666,0.0007733057
mendeley/extracted/Bangla Audio Dataset Original and DeepFake Voices for AI-Based Voice Analysis and Detection/Dataset/S4F02/Real/30.wav,0,MEN,MEN-S4F02,TG:145a60ed6795d62b,-9.828125,1,0.3675,5.391084e-05
mendeley/extracted/Bangla Audio Dataset Original and DeepFake Voices for AI-Based Voice Analysis and Detection/Dataset/S4F02/Real/4.wav,0,MEN,MEN-S4F02,TG:0ca6d8c18f157003,-5.5859375,1,0.4341666666666667,0.0037362205
mendeley/extracted/Bangla Audio Dataset Original and DeepFake Voices for AI-Based Voice Analysis and Detection/Dataset/S4F02/Real/5.wav,0,MEN,MEN-S4F02,TG:20ce12eea7577a2b,-5.9609375,1,0.4508333333333333,0.002570868
mendeley/extracted/Bangla Audio Dataset Original and DeepFake Voices for AI-Based Voice Analysis and Detection/Dataset/S4F02/Real/6.wav,0,MEN,MEN-S4F02,TG:cb4be92369f4fdeb,-4.3007812,1,0.4175,0.013376604
mendeley/extracted/Bangla Audio Dataset Original and DeepFake Voices for AI-Based Voice Analysis and Detection/Dataset/S4F02/Real/7.wav,0,MEN,MEN-S4F02,TG:fd0ac6bb3657230d,3.0234375,1,0.4175,0.95362186
mendeley/extracted/Bangla Audio Dataset Original and DeepFake Voices for AI-Based Voice Analysis and Detection/Dataset/S4F02/Real/8.wav,0,MEN,MEN-S4F02,TG:1afa540d605472d1,-3.5410156,1,0.4175,0.028167473
mendeley/extracted/Bangla Audio Dataset Original and DeepFake Voices for AI-Based Voice Analysis and Detection/Dataset/S4F02/Real/9.wav,0,MEN,MEN-S4F02,TG:e2452da62ea9a450,-2.28125,1,0.4008333333333334,0.09268778
mendeley/extracted/Bangla Audio Dataset Original and DeepFake Voices for AI-Based Voice Analysis and Detection/Dataset/S4F03/Fake/1.wav,1,MEN,MEN-S4F03,TG:b308cb94d5dfc4a0,-12.203125,1,0.4491666666666667,5.014735e-06
mendeley/extracted/Bangla Audio Dataset Original and DeepFake Voices for AI-Based Voice Analysis and Detection/Dataset/S4F03/Fake/10.wav,1,MEN,MEN-S4F03,TG:2020febfe4c8e0a6,-7.6914062,1,0.3908333333333333,0.0004565269
mendeley/extracted/Bangla Audio Dataset Original and DeepFake Voices for AI-Based Voice Analysis and Detection/Dataset/S4F03/Fake/11.wav,1,MEN,MEN-S4F03,TG:a8be821a302d38cd,4.9882812,1,0.3974999999999999,0.9932288
mendeley/extracted/Bangla Audio Dataset Original and DeepFake Voices for AI-Based Voice Analysis and Detection/Dataset/S4F03/Fake/12.wav,1,MEN,MEN-S4F03,TG:0ff6798b7b8f0a2b,-6.4179688,1,0.4175,0.0016293088
mendeley/extracted/Bangla Audio Dataset Original and DeepFake Voices for AI-Based Voice Analysis and Detection/Dataset/S4F03/Fake/13.wav,1,MEN,MEN-S4F03,TG:5d124e03b8cfc083,-10.3203125,1,0.4141666666666667,3.295573e-05
mendeley/extracted/Bangla Audio Dataset Original and DeepFake Voices for AI-Based Voice Analysis and Detection/Dataset/S4F03/Fake/14.wav,1,MEN,MEN-S4F03,TG:f328dd5c0d5f4a2c,-12.203125,1,0.3725,5.014735e-06
mendeley/extracted/Bangla Audio Dataset Original and DeepFake Voices for AI-Based Voice Analysis and Detection/Dataset/S4F03/Fake/15.wav,1,MEN,MEN-S4F03,TG:49d1daab6645e1e5,-7.2148438,1,0.2641666666666666,0.00073504477
mendeley/extracted/Bangla Audio Dataset Original and DeepFake Voices for AI-Based Voice Analysis and Detection/Dataset/S4F03/Fake/16.wav,1,MEN,MEN-S4F03,TG:ce2c79da90b91549,-8.375,1,0.2624999999999999,0.0002305067
mendeley/extracted/Bangla Audio Dataset Original and DeepFake Voices for AI-Based Voice Analysis and Detection/Dataset/S4F03/Fake/17.wav,1,MEN,MEN-S4F03,TG:32f1c06cf5c594b1,-3.4882812,1,0.4008333333333334,0.02964751
mendeley/extracted/Bangla Audio Dataset Original and DeepFake Voices for AI-Based Voice Analysis and Detection/Dataset/S4F03/Fake/18.wav,1,MEN,MEN-S4F03,TG:6b67e0c353d9fbd4,-9.5234375,1,0.4008333333333334,7.311254e-05
mendeley/extracted/Bangla Audio Dataset Original and DeepFake Voices for AI-Based Voice Analysis and Detection/Dataset/S4F03/Fake/19.wav,1,MEN,MEN-S4F03,TG:f47297bbbcd1f91c,-0.08178711,1,0.2408333333333333,0.47956464
mendeley/extracted/Bangla Audio Dataset Original and DeepFake Voices for AI-Based Voice Analysis and Detection/Dataset/S4F03/Fake/2.wav,1,MEN,MEN-S4F03,TG:c92a6147c79f3f53,-6.5664062,1,0.5208333333333333,0.0014048677
mendeley/extracted/Bangla Audio Dataset Original and DeepFake Voices for AI-Based Voice Analysis and Detection/Dataset/S4F03/Fake/20.wav,1,MEN,MEN-S4F03,TG:47a50d8c770d6a39,-9.375,1,0.1791666666666667,8.481104e-05
mendeley/extracted/Bangla Audio Dataset Original and DeepFake Voices for AI-Based Voice Analysis and Detection/Dataset/S4F03/Fake/21.wav,1,MEN,MEN-S4F03,TG:893de1314b339a8c,-4.6210938,1,0.2875,0.009746104
mendeley/extracted/Bangla Audio Dataset Original and DeepFake Voices for AI-Based Voice Analysis and Detection/Dataset/S4F03/Fake/22.wav,1,MEN,MEN-S4F03,TG:864f70acdceec2a3,-7.1015625,1,0.2941666666666667,0.00082313863
mendeley/extracted/Bangla Audio Dataset Original and DeepFake Voices for AI-Based Voice Analysis and Detection/Dataset/S4F03/Fake/23.wav,1,MEN,MEN-S4F03,TG:31716f0cd84a61b8,-9.7421875,1,0.0541666666666666,5.874842e-05
mendeley/extracted/Bangla Audio Dataset Original and DeepFake Voices for AI-Based Voice Analysis and Detection/Dataset/S4F03/Fake/24.wav,1,MEN,MEN-S4F03,TG:0c684130198edb2b,-8.4921875,1,0.3341666666666666,0.00020502214
mendeley/extracted/Bangla Audio Dataset Original and DeepFake Voices for AI-Based Voice Analysis and Detection/Dataset/S4F03/Fake/25.wav,1,MEN,MEN-S4F03,TG:e59cd170ce121cab,-4.7304688,1,0.2508333333333333,0.008745182
mendeley/extracted/Bangla Audio Dataset Original and DeepFake Voices for AI-Based Voice Analysis and Detection/Dataset/S4F03/Fake/26.wav,1,MEN,MEN-S4F03,TG:50530451ab5ea7d4,-10.203125,1,0.0124999999999999,3.705297e-05
mendeley/extracted/Bangla Audio Dataset Original and DeepFake Voices for AI-Based Voice Analysis and Detection/Dataset/S4F03/Fake/27.wav,1,MEN,MEN-S4F03,TG:35816fd76b78f5ab,-9.6640625,1,0.5175000000000001,6.352189e-05
mendeley/extracted/Bangla Audio Dataset Original and DeepFake Voices for AI-Based Voice Analysis and Detection/Dataset/S4F03/Fake/28.wav,1,MEN,MEN-S4F03,TG:83303193a7470159,-13.578125,1,0.2308333333333333,1.2679283e-06
mendeley/extracted/Bangla Audio Dataset Original and DeepFake Voices for AI-Based Voice Analysis and Detection/Dataset/S4F03/Fake/29.wav,1,MEN,MEN-S4F03,TG:b6465a64cf8af192,-2.3457031,1,0.5841666666666667,0.08740792
mendeley/extracted/Bangla Audio Dataset Original and DeepFake Voices for AI-Based Voice Analysis and Detection/Dataset/S4F03/Fake/3.wav,1,MEN,MEN-S4F03,TG:4ade37a77542fb47,-5.0039062,1,0.3741666666666666,0.0066669327
mendeley/extracted/Bangla Audio Dataset Original and DeepFake Voices for AI-Based Voice Analysis and Detection/Dataset/S4F03/Fake/30.wav,1,MEN,MEN-S4F03,TG:145a60ed6795d62b,-11.1875,1,0.4108333333333334,1.3846005e-05
mendeley/extracted/Bangla Audio Dataset Original and DeepFake Voices for AI-Based Voice Analysis and Detection/Dataset/S4F03/Fake/4.wav,1,MEN,MEN-S4F03,TG:0ca6d8c18f157003,4.9726562,1,0.3641666666666666,0.9931229
mendeley/extracted/Bangla Audio Dataset Original and DeepFake Voices for AI-Based Voice Analysis and Detection/Dataset/S4F03/Fake/5.wav,1,MEN,MEN-S4F03,TG:20ce12eea7577a2b,-3.3125,1,0.1274999999999999,0.035144843
mendeley/extracted/Bangla Audio Dataset Original and DeepFake Voices for AI-Based Voice Analysis and Detection/Dataset/S4F03/Fake/6.wav,1,MEN,MEN-S4F03,TG:cb4be92369f4fdeb,-7.109375,1,0.3891666666666666,0.000816738
mendeley/extracted/Bangla Audio Dataset Original and DeepFake Voices for AI-Based Voice Analysis and Detection/Dataset/S4F03/Fake/7.wav,1,MEN,MEN-S4F03,TG:fd0ac6bb3657230d,1.5644531,1,0.3508333333333333,0.8269914
mendeley/extracted/Bangla Audio Dataset Original and DeepFake Voices for AI-Based Voice Analysis and Detection/Dataset/S4F03/Fake/8.wav,1,MEN,MEN-S4F03,TG:1afa540d605472d1,-3.6074219,2,0.0,0.026405517
mendeley/extracted/Bangla Audio Dataset Original and DeepFake Voices for AI-Based Voice Analysis and Detection/Dataset/S4F03/Fake/9.wav,1,MEN,MEN-S4F03,TG:e2452da62ea9a450,-2.3105469,1,0.3375,0.090253234
mendeley/extracted/Bangla Audio Dataset Original and DeepFake Voices for AI-Based Voice Analysis and Detection/Dataset/S4F03/Real/1.wav,0,MEN,MEN-S4F03,TG:b308cb94d5dfc4a0,-8.6015625,1,0.5508333333333333,0.00018378458
mendeley/extracted/Bangla Audio Dataset Original and DeepFake Voices for AI-Based Voice Analysis and Detection/Dataset/S4F03/Real/10.wav,0,MEN,MEN-S4F03,TG:2020febfe4c8e0a6,-8.1796875,1,0.5341666666666667,0.00028021098
mendeley/extracted/Bangla Audio Dataset Original and DeepFake Voices for AI-Based Voice Analysis and Detection/Dataset/S4F03/Real/11.wav,0,MEN,MEN-S4F03,TG:a8be821a302d38cd,-8.9296875,1,0.5008333333333334,0.00013238186
mendeley/extracted/Bangla Audio Dataset Original and DeepFake Voices for AI-Based Voice Analysis and Detection/Dataset/S4F03/Real/12.wav,0,MEN,MEN-S4F03,TG:0ff6798b7b8f0a2b,-18.734375,1,0.5175000000000001,7.3074236e-09
mendeley/extracted/Bangla Audio Dataset Original and DeepFake Voices for AI-Based Voice Analysis and Detection/Dataset/S4F03/Real/13.wav,0,MEN,MEN-S4F03,TG:5d124e03b8cfc083,-8.8828125,1,0.5008333333333334,0.00013873413
mendeley/extracted/Bangla Audio Dataset Original and DeepFake Voices for AI-Based Voice Analysis and Detection/Dataset/S4F03/Real/14.wav,0,MEN,MEN-S4F03,TG:f328dd5c0d5f4a2c,-11.59375,1,0.5341666666666667,9.2234695e-06
mendeley/extracted/Bangla Audio Dataset Original and DeepFake Voices for AI-Based Voice Analysis and Detection/Dataset/S4F03/Real/15.wav,0,MEN,MEN-S4F03,TG:49d1daab6645e1e5,-8.3203125,1,0.3675,0.00024346048
mendeley/extracted/Bangla Audio Dataset Original and DeepFake Voices for AI-Based Voice Analysis and Detection/Dataset/S4F03/Real/16.wav,0,MEN,MEN-S4F03,TG:ce2c79da90b91549,-5.8125,1,0.4008333333333334,0.0029810327
mendeley/extracted/Bangla Audio Dataset Original and DeepFake Voices for AI-Based Voice Analysis and Detection/Dataset/S4F03/Real/17.wav,0,MEN,MEN-S4F03,TG:32f1c06cf5c594b1,-6.0664062,1,0.4675,0.0023141264
mendeley/extracted/Bangla Audio Dataset Original and DeepFake Voices for AI-Based Voice Analysis and Detection/Dataset/S4F03/Real/18.wav,0,MEN,MEN-S4F03,TG:6b67e0c353d9fbd4,-6.0976562,1,0.4508333333333333,0.0022430876
mendeley/extracted/Bangla Audio Dataset Original and DeepFake Voices for AI-Based Voice Analysis and Detection/Dataset/S4F03/Real/19.wav,0,MEN,MEN-S4F03,TG:f47297bbbcd1f91c,4.0273438,1,0.4175,0.9824905
mendeley/extracted/Bangla Audio Dataset Original and DeepFake Voices for AI-Based Voice Analysis and Detection/Dataset/S4F03/Real/2.wav,0,MEN,MEN-S4F03,TG:c92a6147c79f3f53,-10.2734375,1,0.5341666666666667,3.4537254e-05
mendeley/extracted/Bangla Audio Dataset Original and DeepFake Voices for AI-Based Voice Analysis and Detection/Dataset/S4F03/Real/20.wav,0,MEN,MEN-S4F03,TG:47a50d8c770d6a39,-12.3828125,1,0.3675,4.1899716e-06
mendeley/extracted/Bangla Audio Dataset Original and DeepFake Voices for AI-Based Voice Analysis and Detection/Dataset/S4F03/Real/21.wav,0,MEN,MEN-S4F03,TG:893de1314b339a8c,-3.2148438,1,0.4175,0.03861093
mendeley/extracted/Bangla Audio Dataset Original and DeepFake Voices for AI-Based Voice Analysis and Detection/Dataset/S4F03/Real/22.wav,0,MEN,MEN-S4F03,TG:864f70acdceec2a3,-9.46875,1,0.4175,7.722192e-05
mendeley/extracted/Bangla Audio Dataset Original and DeepFake Voices for AI-Based Voice Analysis and Detection/Dataset/S4F03/Real/23.wav,0,MEN,MEN-S4F03,TG:31716f0cd84a61b8,-10.203125,1,0.3675,3.705297e-05
mendeley/extracted/Bangla Audio Dataset Original and DeepFake Voices for AI-Based Voice Analysis and Detection/Dataset/S4F03/Real/24.wav,0,MEN,MEN-S4F03,TG:0c684130198edb2b,-6.5703125,1,0.3675,0.0013993983
mendeley/extracted/Bangla Audio Dataset Original and DeepFake Voices for AI-Based Voice Analysis and Detection/Dataset/S4F03/Real/25.wav,0,MEN,MEN-S4F03,TG:e59cd170ce121cab,-10.515625,1,0.4175,2.71088e-05
mendeley/extracted/Bangla Audio Dataset Original and DeepFake Voices for AI-Based Voice Analysis and Detection/Dataset/S4F03/Real/26.wav,0,MEN,MEN-S4F03,TG:50530451ab5ea7d4,-8.359375,1,0.4341666666666667,0.00023413583
mendeley/extracted/Bangla Audio Dataset Original and DeepFake Voices for AI-Based Voice Analysis and Detection/Dataset/S4F03/Real/27.wav,0,MEN,MEN-S4F03,TG:35816fd76b78f5ab,-15.8046875,1,0.4341666666666667,1.3680797e-07
mendeley/extracted/Bangla Audio Dataset Original and DeepFake Voices for AI-Based Voice Analysis and Detection/Dataset/S4F03/Real/28.wav,0,MEN,MEN-S4F03,TG:83303193a7470159,-13.0078125,1,0.4175,2.2427344e-06
mendeley/extracted/Bangla Audio Dataset Original and DeepFake Voices for AI-Based Voice Analysis and Detection/Dataset/S4F03/Real/29.wav,0,MEN,MEN-S4F03,TG:b6465a64cf8af192,-5.7695312,1,0.4341666666666667,0.0031115087
mendeley/extracted/Bangla Audio Dataset Original and DeepFake Voices for AI-Based Voice Analysis and Detection/Dataset/S4F03/Real/3.wav,0,MEN,MEN-S4F03,TG:4ade37a77542fb47,-10.671875,1,0.5341666666666667,2.3187478e-05
mendeley/extracted/Bangla Audio Dataset Original and DeepFake Voices for AI-Based Voice Analysis and Detection/Dataset/S4F03/Real/30.wav,0,MEN,MEN-S4F03,TG:145a60ed6795d62b,-8.3515625,1,0.4175,0.00023597172
mendeley/extracted/Bangla Audio Dataset Original and DeepFake Voices for AI-Based Voice Analysis and Detection/Dataset/S4F03/Real/4.wav,0,MEN,MEN-S4F03,TG:0ca6d8c18f157003,-9.4140625,1,0.4175,8.156225e-05
mendeley/extracted/Bangla Audio Dataset Original and DeepFake Voices for AI-Based Voice Analysis and Detection/Dataset/S4F03/Real/5.wav,0,MEN,MEN-S4F03,TG:20ce12eea7577a2b,-7.6289062,1,0.4841666666666666,0.00048595603
mendeley/extracted/Bangla Audio Dataset Original and DeepFake Voices for AI-Based Voice Analysis and Detection/Dataset/S4F03/Real/6.wav,0,MEN,MEN-S4F03,TG:cb4be92369f4fdeb,-12.7265625,1,0.5008333333333334,2.9711382e-06
mendeley/extracted/Bangla Audio Dataset Original and DeepFake Voices for AI-Based Voice Analysis and Detection/Dataset/S4F03/Real/7.wav,0,MEN,MEN-S4F03,TG:fd0ac6bb3657230d,-10.4765625,1,0.4841666666666666,2.8188664e-05
mendeley/extracted/Bangla Audio Dataset Original and DeepFake Voices for AI-Based Voice Analysis and Detection/Dataset/S4F03/Real/8.wav,0,MEN,MEN-S4F03,TG:1afa540d605472d1,-7.4765625,1,0.4675,0.00056588004
mendeley/extracted/Bangla Audio Dataset Original and DeepFake Voices for AI-Based Voice Analysis and Detection/Dataset/S4F03/Real/9.wav,0,MEN,MEN-S4F03,TG:e2452da62ea9a450,-6.5546875,1,0.4675,0.0014214043
mendeley/extracted/Bangla Audio Dataset Original and DeepFake Voices for AI-Based Voice Analysis and Detection/Dataset/S4F04/Fake/1.wav,1,MEN,MEN-S4F04,TG:b308cb94d5dfc4a0,-5.25,1,0.4491666666666667,0.005220126
mendeley/extracted/Bangla Audio Dataset Original and DeepFake Voices for AI-Based Voice Analysis and Detection/Dataset/S4F04/Fake/10.wav,1,MEN,MEN-S4F04,TG:2020febfe4c8e0a6,-11.484375,1,0.3175,1.0289513e-05
mendeley/extracted/Bangla Audio Dataset Original and DeepFake Voices for AI-Based Voice Analysis and Detection/Dataset/S4F04/Fake/11.wav,1,MEN,MEN-S4F04,TG:a8be821a302d38cd,-7.2109375,1,0.3841666666666666,0.00073791965
mendeley/extracted/Bangla Audio Dataset Original and DeepFake Voices for AI-Based Voice Analysis and Detection/Dataset/S4F04/Fake/12.wav,1,MEN,MEN-S4F04,TG:0ff6798b7b8f0a2b,-10.4296875,1,0.3941666666666666,2.9541427e-05
mendeley/extracted/Bangla Audio Dataset Original and DeepFake Voices for AI-Based Voice Analysis and Detection/Dataset/S4F04/Fake/13.wav,1,MEN,MEN-S4F04,TG:5d124e03b8cfc083,-3.7167969,1,0.3741666666666666,0.023734685
mendeley/extracted/Bangla Audio Dataset Original and DeepFake Voices for AI-Based Voice Analysis and Detection/Dataset/S4F04/Fake/14.wav,1,MEN,MEN-S4F04,TG:f328dd5c0d5f4a2c,-9.0703125,1,0.3591666666666666,0.000115017356
mendeley/extracted/Bangla Audio Dataset Original and DeepFake Voices for AI-Based Voice Analysis and Detection/Dataset/S4F04/Fake/15.wav,1,MEN,MEN-S4F04,TG:49d1daab6645e1e5,-13.203125,1,0.2358333333333333,1.8448236e-06
mendeley/extracted/Bangla Audio Dataset Original and DeepFake Voices for AI-Based Voice Analysis and Detection/Dataset/S4F04/Fake/16.wav,1,MEN,MEN-S4F04,TG:ce2c79da90b91549,-3.0058594,1,0.2875,0.047161866
mendeley/extracted/Bangla Audio Dataset Original and DeepFake Voices for AI-Based Voice Analysis and Detection/Dataset/S4F04/Fake/17.wav,1,MEN,MEN-S4F04,TG:32f1c06cf5c594b1,-4.6132812,1,0.3924999999999999,0.009821793
mendeley/extracted/Bangla Audio Dataset Original and DeepFake Voices for AI-Based Voice Analysis and Detection/Dataset/S4F04/Fake/18.wav,1,MEN,MEN-S4F04,TG:6b67e0c353d9fbd4,-13.0703125,1,0.3808333333333333,2.106854e-06
mendeley/extracted/Bangla Audio Dataset Original and DeepFake Voices for AI-Based Voice Analysis and Detection/Dataset/S4F04/Fake/19.wav,1,MEN,MEN-S4F04,TG:f47297bbbcd1f91c,-7.5117188,1,0.3625,0.00054634205
mendeley/extracted/Bangla Audio Dataset Original and DeepFake Voices for AI-Based Voice Analysis and Detection/Dataset/S4F04/Fake/2.wav,1,MEN,MEN-S4F04,TG:c92a6147c79f3f53,-7.3125,1,0.4925,0.00066670234
mendeley/extracted/Bangla Audio Dataset Original and DeepFake Voices for AI-Based Voice Analysis and Detection/Dataset/S4F04/Fake/20.wav,1,MEN,MEN-S4F04,TG:47a50d8c770d6a39,-7.84375,1,0.1274999999999999,0.0003920418
mendeley/extracted/Bangla Audio Dataset Original and DeepFake Voices for AI-Based Voice Analysis and Detection/Dataset/S4F04/Fake/21.wav,1,MEN,MEN-S4F04,TG:893de1314b339a8c,-0.29663086,1,0.5358333333333334,0.42638132
mendeley/extracted/Bangla Audio Dataset Original and DeepFake Voices for AI-Based Voice Analysis and Detection/Dataset/S4F04/Fake/22.wav,1,MEN,MEN-S4F04,TG:864f70acdceec2a3,-7.4570312,1,0.3758333333333333,0.00057703455
mendeley/extracted/Bangla Audio Dataset Original and DeepFake Voices for AI-Based Voice Analysis and Detection/Dataset/S4F04/Fake/23.wav,1,MEN,MEN-S4F04,TG:31716f0cd84a61b8,-9.4921875,1,0.0675,7.5433214e-05
mendeley/extracted/Bangla Audio Dataset Original and DeepFake Voices for AI-Based Voice Analysis and Detection/Dataset/S4F04/Fake/24.wav,1,MEN,MEN-S4F04,TG:0c684130198edb2b,-8.109375,1,0.5608333333333333,0.00030061635
mendeley/extracted/Bangla Audio Dataset Original and DeepFake Voices for AI-Based Voice Analysis and Detection/Dataset/S4F04/Fake/25.wav,1,MEN,MEN-S4F04,TG:e59cd170ce121cab,-3.8222656,1,0.2975,0.02140977
mendeley/extracted/Bangla Audio Dataset Original and DeepFake Voices for AI-Based Voice Analysis and Detection/Dataset/S4F04/Fake/26.wav,1,MEN,MEN-S4F04,TG:50530451ab5ea7d4,-10.066406,2,0.0,4.248121e-05
mendeley/extracted/Bangla Audio Dataset Original and DeepFake Voices for AI-Based Voice Analysis and Detection/Dataset/S4F04/Fake/27.wav,1,MEN,MEN-S4F04,TG:35816fd76b78f5ab,-7.2773438,1,0.4125,0.0006905414
mendeley/extracted/Bangla Audio Dataset Original and DeepFake Voices for AI-Based Voice Analysis and Detection/Dataset/S4F04/Fake/28.wav,1,MEN,MEN-S4F04,TG:83303193a7470159,-10.1171875,1,0.1725,4.037791e-05
mendeley/extracted/Bangla Audio Dataset Original and DeepFake Voices for AI-Based Voice Analysis and Detection/Dataset/S4F04/Fake/29.wav,1,MEN,MEN-S4F04,TG:b6465a64cf8af192,-1.3984375,1,0.4175,0.19806418
mendeley/extracted/Bangla Audio Dataset Original and DeepFake Voices for AI-Based Voice Analysis and Detection/Dataset/S4F04/Fake/3.wav,1,MEN,MEN-S4F04,TG:4ade37a77542fb47,-7.4453125,1,0.3541666666666666,0.0005838325
mendeley/extracted/Bangla Audio Dataset Original and DeepFake Voices for AI-Based Voice Analysis and Detection/Dataset/S4F04/Fake/30.wav,1,MEN,MEN-S4F04,TG:145a60ed6795d62b,-10.0234375,1,0.4058333333333334,4.434627e-05
mendeley/extracted/Bangla Audio Dataset Original and DeepFake Voices for AI-Based Voice Analysis and Detection/Dataset/S4F04/Fake/4.wav,1,MEN,MEN-S4F04,TG:0ca6d8c18f157003,-7.0976562,1,0.4275,0.0008263577
mendeley/extracted/Bangla Audio Dataset Original and DeepFake Voices for AI-Based Voice Analysis and Detection/Dataset/S4F04/Fake/5.wav,1,MEN,MEN-S4F04,TG:20ce12eea7577a2b,-11.1328125,1,0.1474999999999999,1.4624283e-05
mendeley/extracted/Bangla Audio Dataset Original and DeepFake Voices for AI-Based Voice Analysis and Detection/Dataset/S4F04/Fake/6.wav,1,MEN,MEN-S4F04,TG:cb4be92369f4fdeb,-3.6347656,1,0.3941666666666666,0.025711587
mendeley/extracted/Bangla Audio Dataset Original and DeepFake Voices for AI-Based Voice Analysis and Detection/Dataset/S4F04/Fake/7.wav,1,MEN,MEN-S4F04,TG:fd0ac6bb3657230d,-1.8896484,1,0.2608333333333333,0.13128456
mendeley/extracted/Bangla Audio Dataset Original and DeepFake Voices for AI-Based Voice Analysis and Detection/Dataset/S4F04/Fake/8.wav,1,MEN,MEN-S4F04,TG:1afa540d605472d1,-5.0390625,1,0.0708333333333333,0.0064381026
mendeley/extracted/Bangla Audio Dataset Original and DeepFake Voices for AI-Based Voice Analysis and Detection/Dataset/S4F04/Fake/9.wav,1,MEN,MEN-S4F04,TG:e2452da62ea9a450,-9.6328125,1,0.3191666666666667,6.553816e-05
mendeley/extracted/Bangla Audio Dataset Original and DeepFake Voices for AI-Based Voice Analysis and Detection/Dataset/S4F04/Real/1.wav,0,MEN,MEN-S4F04,TG:b308cb94d5dfc4a0,-12.7578125,1,0.3874999999999999,2.8797258e-06
mendeley/extracted/Bangla Audio Dataset Original and DeepFake Voices for AI-Based Voice Analysis and Detection/Dataset/S4F04/Real/10.wav,0,MEN,MEN-S4F04,TG:2020febfe4c8e0a6,-9.1875,1,0.3708333333333333,0.00010229986
mendeley/extracted/Bangla Audio Dataset Original and DeepFake Voices for AI-Based Voice Analysis and Detection/Dataset/S4F04/Real/11.wav,0,MEN,MEN-S4F04,TG:a8be821a302d38cd,-10.1015625,1,0.3525,4.1013736e-05
mendeley/extracted/Bangla Audio Dataset Original and DeepFake Voices for AI-Based Voice Analysis and Detection/Dataset/S4F04/Real/12.wav,0,MEN,MEN-S4F04,TG:0ff6798b7b8f0a2b,-6.6054688,1,0.3874999999999999,0.0013511209
mendeley/extracted/Bangla Audio Dataset Original and DeepFake Voices for AI-Based Voice Analysis and Detection/Dataset/S4F04/Real/13.wav,0,MEN,MEN-S4F04,TG:5d124e03b8cfc083,-9.640625,1,0.4691666666666666,6.5028165e-05
mendeley/extracted/Bangla Audio Dataset Original and DeepFake Voices for AI-Based Voice Analysis and Detection/Dataset/S4F04/Real/14.wav,0,MEN,MEN-S4F04,TG:f328dd5c0d5f4a2c,-13.9453125,1,0.3858333333333333,8.782687e-07
mendeley/extracted/Bangla Audio Dataset Original and DeepFake Voices for AI-Based Voice Analysis and Detection/Dataset/S4F04/Real/15.wav,0,MEN,MEN-S4F04,TG:49d1daab6645e1e5,-10.4609375,1,0.3525,2.8632558e-05
mendeley/extracted/Bangla Audio Dataset Original and DeepFake Voices for AI-Based Voice Analysis and Detection/Dataset/S4F04/Real/16.wav,0,MEN,MEN-S4F04,TG:ce2c79da90b91549,-11.8359375,1,0.4191666666666667,7.2395997e-06
mendeley/extracted/Bangla Audio Dataset Original and DeepFake Voices for AI-Based Voice Analysis and Detection/Dataset/S4F04/Real/17.wav,0,MEN,MEN-S4F04,TG:32f1c06cf5c594b1,-1.0449219,1,0.4191666666666667,0.26020145
mendeley/extracted/Bangla Audio Dataset Original and DeepFake Voices for AI-Based Voice Analysis and Detection/Dataset/S4F04/Real/18.wav,0,MEN,MEN-S4F04,TG:6b67e0c353d9fbd4,-10.4765625,1,0.4358333333333333,2.8188664e-05
mendeley/extracted/Bangla Audio Dataset Original and DeepFake Voices for AI-Based Voice Analysis and Detection/Dataset/S4F04/Real/19.wav,0,MEN,MEN-S4F04,TG:f47297bbbcd1f91c,-12.703125,1,0.4691666666666666,3.0415963e-06
mendeley/extracted/Bangla Audio Dataset Original and DeepFake Voices for AI-Based Voice Analysis and Detection/Dataset/S4F04/Real/2.wav,0,MEN,MEN-S4F04,TG:c92a6147c79f3f53,-7.8242188,1,0.5208333333333333,0.00039977106
mendeley/extracted/Bangla Audio Dataset Original and DeepFake Voices for AI-Based Voice Analysis and Detection/Dataset/S4F04/Real/20.wav,0,MEN,MEN-S4F04,TG:47a50d8c770d6a39,-9.421875,1,0.4525,8.092757e-05
mendeley/extracted/Bangla Audio Dataset Original and DeepFake Voices for AI-Based Voice Analysis and Detection/Dataset/S4F04/Real/21.wav,0,MEN,MEN-S4F04,TG:893de1314b339a8c,-6.390625,1,0.5525,0.0016743992
mendeley/extracted/Bangla Audio Dataset Original and DeepFake Voices for AI-Based Voice Analysis and Detection/Dataset/S4F04/Real/22.wav,0,MEN,MEN-S4F04,TG:864f70acdceec2a3,-6.0,1,0.4558333333333333,0.0024726233
mendeley/extracted/Bangla Audio Dataset Original and DeepFake Voices for AI-Based Voice Analysis and Detection/Dataset/S4F04/Real/23.wav,0,MEN,MEN-S4F04,TG:31716f0cd84a61b8,-12.3984375,1,0.4375,4.125012e-06
mendeley/extracted/Bangla Audio Dataset Original and DeepFake Voices for AI-Based Voice Analysis and Detection/Dataset/S4F04/Real/24.wav,0,MEN,MEN-S4F04,TG:0c684130198edb2b,-4.2539062,1,0.5708333333333333,0.014009568
mendeley/extracted/Bangla Audio Dataset Original and DeepFake Voices for AI-Based Voice Analysis and Detection/Dataset/S4F04/Real/25.wav,0,MEN,MEN-S4F04,TG:e59cd170ce121cab,-2.4550781,1,0.4375,0.07906799
mendeley/extracted/Bangla Audio Dataset Original and DeepFake Voices for AI-Based Voice Analysis and Detection/Dataset/S4F04/Real/26.wav,0,MEN,MEN-S4F04,TG:50530451ab5ea7d4,-6.9023438,1,0.4675,0.0010044164
mendeley/extracted/Bangla Audio Dataset Original and DeepFake Voices for AI-Based Voice Analysis and Detection/Dataset/S4F04/Real/27.wav,0,MEN,MEN-S4F04,TG:35816fd76b78f5ab,-11.6953125,1,0.5041666666666667,8.332719e-06
mendeley/extracted/Bangla Audio Dataset Original and DeepFake Voices for AI-Based Voice Analysis and Detection/Dataset/S4F04/Real/28.wav,0,MEN,MEN-S4F04,TG:83303193a7470159,-11.0546875,1,0.4858333333333333,1.5812602e-05
mendeley/extracted/Bangla Audio Dataset Original and DeepFake Voices for AI-Based Voice Analysis and Detection/Dataset/S4F04/Real/29.wav,0,MEN,MEN-S4F04,TG:b6465a64cf8af192,-2.8457031,1,0.4858333333333333,0.054903854
mendeley/extracted/Bangla Audio Dataset Original and DeepFake Voices for AI-Based Voice Analysis and Detection/Dataset/S4F04/Real/3.wav,0,MEN,MEN-S4F04,TG:4ade37a77542fb47,-6.078125,1,0.5375,0.0022872277
mendeley/extracted/Bangla Audio Dataset Original and DeepFake Voices for AI-Based Voice Analysis and Detection/Dataset/S4F04/Real/30.wav,0,MEN,MEN-S4F04,TG:145a60ed6795d62b,-8.0703125,1,0.4375,0.0003125878
mendeley/extracted/Bangla Audio Dataset Original and DeepFake Voices for AI-Based Voice Analysis and Detection/Dataset/S4F04/Real/4.wav,0,MEN,MEN-S4F04,TG:0ca6d8c18f157003,-6.4296875,1,0.4375,0.0016103574
mendeley/extracted/Bangla Audio Dataset Original and DeepFake Voices for AI-Based Voice Analysis and Detection/Dataset/S4F04/Real/5.wav,0,MEN,MEN-S4F04,TG:20ce12eea7577a2b,-8.9609375,1,0.4708333333333333,0.00012830943
mendeley/extracted/Bangla Audio Dataset Original and DeepFake Voices for AI-Based Voice Analysis and Detection/Dataset/S4F04/Real/6.wav,0,MEN,MEN-S4F04,TG:cb4be92369f4fdeb,-7.4570312,1,0.3708333333333333,0.00057703455
mendeley/extracted/Bangla Audio Dataset Original and DeepFake Voices for AI-Based Voice Analysis and Detection/Dataset/S4F04/Real/7.wav,0,MEN,MEN-S4F04,TG:fd0ac6bb3657230d,-8.1640625,1,0.3874999999999999,0.0002846224
mendeley/extracted/Bangla Audio Dataset Original and DeepFake Voices for AI-Based Voice Analysis and Detection/Dataset/S4F04/Real/8.wav,0,MEN,MEN-S4F04,TG:1afa540d605472d1,-14.21875,1,0.4375,6.681517e-07
mendeley/extracted/Bangla Audio Dataset Original and DeepFake Voices for AI-Based Voice Analysis and Detection/Dataset/S4F04/Real/9.wav,0,MEN,MEN-S4F04,TG:e2452da62ea9a450,-3.5605469,1,0.3874999999999999,0.02763772
mendeley/extracted/Bangla Audio Dataset Original and DeepFake Voices for AI-Based Voice Analysis and Detection/Dataset/S4F05/Fake/1.wav,1,MEN,MEN-S4F05,TG:b308cb94d5dfc4a0,-2.9453125,1,0.4508333333333333,0.04995852
mendeley/extracted/Bangla Audio Dataset Original and DeepFake Voices for AI-Based Voice Analysis and Detection/Dataset/S4F05/Fake/10.wav,1,MEN,MEN-S4F05,TG:2020febfe4c8e0a6,-9.6875,1,0.4508333333333333,6.2050494e-05
mendeley/extracted/Bangla Audio Dataset Original and DeepFake Voices for AI-Based Voice Analysis and Detection/Dataset/S4F05/Fake/11.wav,1,MEN,MEN-S4F05,TG:a8be821a302d38cd,-6.2578125,1,0.2941666666666667,0.0019117693
mendeley/extracted/Bangla Audio Dataset Original and DeepFake Voices for AI-Based Voice Analysis and Detection/Dataset/S4F05/Fake/12.wav,1,MEN,MEN-S4F05,TG:0ff6798b7b8f0a2b,5.703125,1,0.4308333333333333,0.9966756
mendeley/extracted/Bangla Audio Dataset Original and DeepFake Voices for AI-Based Voice Analysis and Detection/Dataset/S4F05/Fake/13.wav,1,MEN,MEN-S4F05,TG:5d124e03b8cfc083,-7.5898438,1,0.3908333333333333,0.00050530455
mendeley/extracted/Bangla Audio Dataset Original and DeepFake Voices for AI-Based Voice Analysis and Detection/Dataset/S4F05/Fake/14.wav,1,MEN,MEN-S4F05,TG:f328dd5c0d5f4a2c,-6.6953125,1,0.3675,0.0012351678
mendeley/extracted/Bangla Audio Dataset Original and DeepFake Voices for AI-Based Voice Analysis and Detection/Dataset/S4F05/Fake/15.wav,1,MEN,MEN-S4F05,TG:49d1daab6645e1e5,-5.0976562,1,0.2375,0.0060739345
mendeley/extracted/Bangla Audio Dataset Original and DeepFake Voices for AI-Based Voice Analysis and Detection/Dataset/S4F05/Fake/16.wav,1,MEN,MEN-S4F05,TG:ce2c79da90b91549,-0.6386719,1,0.2341666666666666,0.3455468
mendeley/extracted/Bangla Audio Dataset Original and DeepFake Voices for AI-Based Voice Analysis and Detection/Dataset/S4F05/Fake/17.wav,1,MEN,MEN-S4F05,TG:32f1c06cf5c594b1,-4.03125,1,0.4191666666666667,0.017442483
mendeley/extracted/Bangla Audio Dataset Original and DeepFake Voices for AI-Based Voice Analysis and Detection/Dataset/S4F05/Fake/18.wav,1,MEN,MEN-S4F05,TG:6b67e0c353d9fbd4,-6.53125,1,0.4041666666666667,0.001455063
mendeley/extracted/Bangla Audio Dataset Original and DeepFake Voices for AI-Based Voice Analysis and Detection/Dataset/S4F05/Fake/19.wav,1,MEN,MEN-S4F05,TG:f47297bbbcd1f91c,-7.6054688,1,0.3874999999999999,0.00049747445
mendeley/extracted/Bangla Audio Dataset Original and DeepFake Voices for AI-Based Voice Analysis and Detection/Dataset/S4F05/Fake/2.wav,1,MEN,MEN-S4F05,TG:c92a6147c79f3f53,0.0013799667,1,0.5141666666666667,0.500345
mendeley/extracted/Bangla Audio Dataset Original and DeepFake Voices for AI-Based Voice Analysis and Detection/Dataset/S4F05/Fake/20.wav,1,MEN,MEN-S4F05,TG:47a50d8c770d6a39,-6.7382812,1,0.2175,0.0011832797
mendeley/extracted/Bangla Audio Dataset Original and DeepFake Voices for AI-Based Voice Analysis and Detection/Dataset/S4F05/Fake/21.wav,1,MEN,MEN-S4F05,TG:893de1314b339a8c,-5.875,1,0.5075000000000001,0.0028009268
mendeley/extracted/Bangla Audio Dataset Original and DeepFake Voices for AI-Based Voice Analysis and Detection/Dataset/S4F05/Fake/22.wav,1,MEN,MEN-S4F05,TG:864f70acdceec2a3,-5.53125,1,0.3958333333333333,0.003945407
mendeley/extracted/Bangla Audio Dataset Original and DeepFake Voices for AI-Based Voice Analysis and Detection/Dataset/S4F05/Fake/23.wav,1,MEN,MEN-S4F05,TG:31716f0cd84a61b8,-9.3203125,1,0.0808333333333333,8.957789e-05
mendeley/extracted/Bangla Audio Dataset Original and DeepFake Voices for AI-Based Voice Analysis and Detection/Dataset/S4F05/Fake/24.wav,1,MEN,MEN-S4F05,TG:0c684130198edb2b,-9.1953125,1,0.5475,0.000101503836
mendeley/extracted/Bangla Audio Dataset Original and DeepFake Voices for AI-Based Voice Analysis and Detection/Dataset/S4F05/Fake/25.wav,1,MEN,MEN-S4F05,TG:e59cd170ce121cab,-3.9140625,1,0.2908333333333334,0.019568674
mendeley/extracted/Bangla Audio Dataset Original and DeepFake Voices for AI-Based Voice Analysis and Detection/Dataset/S4F05/Fake/26.wav,1,MEN,MEN-S4F05,TG:50530451ab5ea7d4,-9.1171875,1,0.0591666666666667,0.00010975091
mendeley/extracted/Bangla Audio Dataset Original and DeepFake Voices for AI-Based Voice Analysis and Detection/Dataset/S4F05/Fake/27.wav,1,MEN,MEN-S4F05,TG:35816fd76b78f5ab,-5.5898438,1,0.4558333333333333,0.0037217087
mendeley/extracted/Bangla Audio Dataset Original and DeepFake Voices for AI-Based Voice Analysis and Detection/Dataset/S4F05/Fake/28.wav,1,MEN,MEN-S4F05,TG:83303193a7470159,-9.5,1,0.1474999999999999,7.4846226e-05
mendeley/extracted/Bangla Audio Dataset Original and DeepFake Voices for AI-Based Voice Analysis and Detection/Dataset/S4F05/Fake/29.wav,1,MEN,MEN-S4F05,TG:b6465a64cf8af192,5.3085938,1,0.4508333333333333,0.9950755
mendeley/extracted/Bangla Audio Dataset Original and DeepFake Voices for AI-Based Voice Analysis and Detection/Dataset/S4F05/Fake/3.wav,1,MEN,MEN-S4F05,TG:4ade37a77542fb47,-0.95166016,1,0.4008333333333334,0.27855107
mendeley/extracted/Bangla Audio Dataset Original and DeepFake Voices for AI-Based Voice Analysis and Detection/Dataset/S4F05/Fake/30.wav,1,MEN,MEN-S4F05,TG:145a60ed6795d62b,-7.5546875,1,0.4408333333333333,0.0005233757
mendeley/extracted/Bangla Audio Dataset Original and DeepFake Voices for AI-Based Voice Analysis and Detection/Dataset/S4F05/Fake/4.wav,1,MEN,MEN-S4F05,TG:0ca6d8c18f157003,8.171875,1,0.3974999999999999,0.99971753
mendeley/extracted/Bangla Audio Dataset Original and DeepFake Voices for AI-Based Voice Analysis and Detection/Dataset/S4F05/Fake/5.wav,1,MEN,MEN-S4F05,TG:20ce12eea7577a2b,-6.8203125,1,0.1641666666666666,0.00109019
mendeley/extracted/Bangla Audio Dataset Original and DeepFake Voices for AI-Based Voice Analysis and Detection/Dataset/S4F05/Fake/6.wav,1,MEN,MEN-S4F05,TG:cb4be92369f4fdeb,0.7480469,1,0.3958333333333333,0.67875296
mendeley/extracted/Bangla Audio Dataset Original and DeepFake Voices for AI-Based Voice Analysis and Detection/Dataset/S4F05/Fake/7.wav,1,MEN,MEN-S4F05,TG:fd0ac6bb3657230d,3.9550781,1,0.3108333333333333,0.9812029
mendeley/extracted/Bangla Audio Dataset Original and DeepFake Voices for AI-Based Voice Analysis and Detection/Dataset/S4F05/Fake/8.wav,1,MEN,MEN-S4F05,TG:1afa540d605472d1,-6.234375,1,0.0474999999999999,0.001957017
mendeley/extracted/Bangla Audio Dataset Original and DeepFake Voices for AI-Based Voice Analysis and Detection/Dataset/S4F05/Fake/9.wav,1,MEN,MEN-S4F05,TG:e2452da62ea9a450,1.2753906,1,0.2841666666666667,0.7816641
mendeley/extracted/Bangla Audio Dataset Original and DeepFake Voices for AI-Based Voice Analysis and Detection/Dataset/S4F05/Real/1.wav,0,MEN,MEN-S4F05,TG:b308cb94d5dfc4a0,5.3867188,1,0.5175000000000001,0.99544394
mendeley/extracted/Bangla Audio Dataset Original and DeepFake Voices for AI-Based Voice Analysis and Detection/Dataset/S4F05/Real/10.wav,0,MEN,MEN-S4F05,TG:2020febfe4c8e0a6,-5.6992188,1,0.5508333333333333,0.003337405
mendeley/extracted/Bangla Audio Dataset Original and DeepFake Voices for AI-Based Voice Analysis and Detection/Dataset/S4F05/Real/11.wav,0,MEN,MEN-S4F05,TG:a8be821a302d38cd,-10.1953125,1,0.4008333333333334,3.7343565e-05
mendeley/extracted/Bangla Audio Dataset Original and DeepFake Voices for AI-Based Voice Analysis and Detection/Dataset/S4F05/Real/12.wav,0,MEN,MEN-S4F05,TG:0ff6798b7b8f0a2b,4.90625,1,0.4008333333333334,0.9926542
mendeley/extracted/Bangla Audio Dataset Original and DeepFake Voices for AI-Based Voice Analysis and Detection/Dataset/S4F05/Real/13.wav,0,MEN,MEN-S4F05,TG:5d124e03b8cfc083,-1.9287109,1,0.4175,0.12689333
mendeley/extracted/Bangla Audio Dataset Original and DeepFake Voices for AI-Based Voice Analysis and Detection/Dataset/S4F05/Real/14.wav,0,MEN,MEN-S4F05,TG:f328dd5c0d5f4a2c,-8.25,1,0.4508333333333333,0.00026119035
mendeley/extracted/Bangla Audio Dataset Original and DeepFake Voices for AI-Based Voice Analysis and Detection/Dataset/S4F05/Real/15.wav,0,MEN,MEN-S4F05,TG:49d1daab6645e1e5,-1.4628906,1,0.4508333333333333,0.18802562
mendeley/extracted/Bangla Audio Dataset Original and DeepFake Voices for AI-Based Voice Analysis and Detection/Dataset/S4F05/Real/16.wav,0,MEN,MEN-S4F05,TG:ce2c79da90b91549,-3.1015625,1,0.3508333333333333,0.04304285
mendeley/extracted/Bangla Audio Dataset Original and DeepFake Voices for AI-Based Voice Analysis and Detection/Dataset/S4F05/Real/17.wav,0,MEN,MEN-S4F05,TG:32f1c06cf5c594b1,1.6757812,1,0.5175000000000001,0.84234506
mendeley/extracted/Bangla Audio Dataset Original and DeepFake Voices for AI-Based Voice Analysis and Detection/Dataset/S4F05/Real/18.wav,0,MEN,MEN-S4F05,TG:6b67e0c353d9fbd4,-3.7382812,1,0.4841666666666666,0.023241926
mendeley/extracted/Bangla Audio Dataset Original and DeepFake Voices for AI-Based Voice Analysis and Detection/Dataset/S4F05/Real/19.wav,0,MEN,MEN-S4F05,TG:f47297bbbcd1f91c,-2.0683594,1,0.4841666666666666,0.11221038
mendeley/extracted/Bangla Audio Dataset Original and DeepFake Voices for AI-Based Voice Analysis and Detection/Dataset/S4F05/Real/2.wav,0,MEN,MEN-S4F05,TG:c92a6147c79f3f53,-9.171875,1,0.4008333333333334,0.00010391067
mendeley/extracted/Bangla Audio Dataset Original and DeepFake Voices for AI-Based Voice Analysis and Detection/Dataset/S4F05/Real/20.wav,0,MEN,MEN-S4F05,TG:47a50d8c770d6a39,-7.0585938,1,0.3508333333333333,0.00085924764
mendeley/extracted/Bangla Audio Dataset Original and DeepFake Voices for AI-Based Voice Analysis and Detection/Dataset/S4F05/Real/21.wav,0,MEN,MEN-S4F05,TG:893de1314b339a8c,-7.6367188,1,0.4841666666666666,0.00048217614
mendeley/extracted/Bangla Audio Dataset Original and DeepFake Voices for AI-Based Voice Analysis and Detection/Dataset/S4F05/Real/22.wav,0,MEN,MEN-S4F05,TG:864f70acdceec2a3,-6.8242188,1,0.3841666666666666,0.0010859445
mendeley/extracted/Bangla Audio Dataset Original and DeepFake Voices for AI-Based Voice Analysis and Detection/Dataset/S4F05/Real/23.wav,0,MEN,MEN-S4F05,TG:31716f0cd84a61b8,-4.8867188,1,0.4341666666666667,0.007489626
mendeley/extracted/Bangla Audio Dataset Original and DeepFake Voices for AI-Based Voice Analysis and Detection/Dataset/S4F05/Real/24.wav,0,MEN,MEN-S4F05,TG:0c684130198edb2b,-5.5078125,1,0.5675,0.004038592
mendeley/extracted/Bangla Audio Dataset Original and DeepFake Voices for AI-Based Voice Analysis and Detection/Dataset/S4F05/Real/25.wav,0,MEN,MEN-S4F05,TG:e59cd170ce121cab,-0.6411133,1,0.4008333333333334,0.34499493
mendeley/extracted/Bangla Audio Dataset Original and DeepFake Voices for AI-Based Voice Analysis and Detection/Dataset/S4F05/Real/26.wav,0,MEN,MEN-S4F05,TG:50530451ab5ea7d4,-4.4570312,1,0.4675,0.011463797
mendeley/extracted/Bangla Audio Dataset Original and DeepFake Voices for AI-Based Voice Analysis and Detection/Dataset/S4F05/Real/27.wav,0,MEN,MEN-S4F05,TG:35816fd76b78f5ab,-0.46484375,1,0.4841666666666666,0.38583738
mendeley/extracted/Bangla Audio Dataset Original and DeepFake Voices for AI-Based Voice Analysis and Detection/Dataset/S4F05/Real/28.wav,0,MEN,MEN-S4F05,TG:83303193a7470159,-0.8232422,1,0.4841666666666666,0.30507585
mendeley/extracted/Bangla Audio Dataset Original and DeepFake Voices for AI-Based Voice Analysis and Detection/Dataset/S4F05/Real/29.wav,0,MEN,MEN-S4F05,TG:b6465a64cf8af192,-6.6484375,1,0.5008333333333334,0.0012943682
mendeley/extracted/Bangla Audio Dataset Original and DeepFake Voices for AI-Based Voice Analysis and Detection/Dataset/S4F05/Real/3.wav,0,MEN,MEN-S4F05,TG:4ade37a77542fb47,-4.5703125,1,0.5341666666666667,0.010248602
mendeley/extracted/Bangla Audio Dataset Original and DeepFake Voices for AI-Based Voice Analysis and Detection/Dataset/S4F05/Real/30.wav,0,MEN,MEN-S4F05,TG:145a60ed6795d62b,-4.390625,1,0.5008333333333334,0.012241275
mendeley/extracted/Bangla Audio Dataset Original and DeepFake Voices for AI-Based Voice Analysis and Detection/Dataset/S4F05/Real/4.wav,0,MEN,MEN-S4F05,TG:0ca6d8c18f157003,0.6479492,1,0.3841666666666666,0.65654814
mendeley/extracted/Bangla Audio Dataset Original and DeepFake Voices for AI-Based Voice Analysis and Detection/Dataset/S4F05/Real/5.wav,0,MEN,MEN-S4F05,TG:20ce12eea7577a2b,-4.46875,1,0.3675,0.011331755
mendeley/extracted/Bangla Audio Dataset Original and DeepFake Voices for AI-Based Voice Analysis and Detection/Dataset/S4F05/Real/6.wav,0,MEN,MEN-S4F05,TG:cb4be92369f4fdeb,6.078125,1,0.4508333333333333,0.99771273
mendeley/extracted/Bangla Audio Dataset Original and DeepFake Voices for AI-Based Voice Analysis and Detection/Dataset/S4F05/Real/7.wav,0,MEN,MEN-S4F05,TG:fd0ac6bb3657230d,-0.33569336,1,0.4008333333333334,0.416856
mendeley/extracted/Bangla Audio Dataset Original and DeepFake Voices for AI-Based Voice Analysis and Detection/Dataset/S4F05/Real/8.wav,0,MEN,MEN-S4F05,TG:1afa540d605472d1,-4.2695312,1,0.4341666666666667,0.013795364
mendeley/extracted/Bangla Audio Dataset Original and DeepFake Voices for AI-Based Voice Analysis and Detection/Dataset/S4F05/Real/9.wav,0,MEN,MEN-S4F05,TG:e2452da62ea9a450,3.484375,1,0.4508333333333333,0.97023994
mendeley/extracted/Bangla Audio Dataset Original and DeepFake Voices for AI-Based Voice Analysis and Detection/Dataset/S4M01/Fake/1.wav,1,MEN,MEN-S4M01,TG:b308cb94d5dfc4a0,-9.0546875,1,0.2591666666666666,0.0001168284
mendeley/extracted/Bangla Audio Dataset Original and DeepFake Voices for AI-Based Voice Analysis and Detection/Dataset/S4M01/Fake/10.wav,1,MEN,MEN-S4M01,TG:2020febfe4c8e0a6,-11.1328125,1,0.4675,1.4624283e-05
mendeley/extracted/Bangla Audio Dataset Original and DeepFake Voices for AI-Based Voice Analysis and Detection/Dataset/S4M01/Fake/11.wav,1,MEN,MEN-S4M01,TG:a8be821a302d38cd,-2.9335938,1,0.2108333333333333,0.05051767
mendeley/extracted/Bangla Audio Dataset Original and DeepFake Voices for AI-Based Voice Analysis and Detection/Dataset/S4M01/Fake/12.wav,1,MEN,MEN-S4M01,TG:0ff6798b7b8f0a2b,-8.5859375,1,0.3958333333333333,0.00018667821
mendeley/extracted/Bangla Audio Dataset Original and DeepFake Voices for AI-Based Voice Analysis and Detection/Dataset/S4M01/Fake/13.wav,1,MEN,MEN-S4M01,TG:5d124e03b8cfc083,-2.4707031,1,0.4741666666666666,0.077937685
mendeley/extracted/Bangla Audio Dataset Original and DeepFake Voices for AI-Based Voice Analysis and Detection/Dataset/S4M01/Fake/14.wav,1,MEN,MEN-S4M01,TG:f328dd5c0d5f4a2c,-9.421875,1,0.2658333333333333,8.092757e-05
mendeley/extracted/Bangla Audio Dataset Original and DeepFake Voices for AI-Based Voice Analysis and Detection/Dataset/S4M01/Fake/15.wav,1,MEN,MEN-S4M01,TG:49d1daab6645e1e5,-9.71875,1,0.2241666666666666,6.0141523e-05
mendeley/extracted/Bangla Audio Dataset Original and DeepFake Voices for AI-Based Voice Analysis and Detection/Dataset/S4M01/Fake/16.wav,1,MEN,MEN-S4M01,TG:ce2c79da90b91549,-2.4960938,1,0.1041666666666666,0.076132484
mendeley/extracted/Bangla Audio Dataset Original and DeepFake Voices for AI-Based Voice Analysis and Detection/Dataset/S4M01/Fake/17.wav,1,MEN,MEN-S4M01,TG:32f1c06cf5c594b1,-7.6367188,1,0.3974999999999999,0.00048217614
mendeley/extracted/Bangla Audio Dataset Original and DeepFake Voices for AI-Based Voice Analysis and Detection/Dataset/S4M01/Fake/18.wav,1,MEN,MEN-S4M01,TG:6b67e0c353d9fbd4,-7.4179688,1,0.4308333333333333,0.0006000072
mendeley/extracted/Bangla Audio Dataset Original and DeepFake Voices for AI-Based Voice Analysis and Detection/Dataset/S4M01/Fake/19.wav,1,MEN,MEN-S4M01,TG:f47297bbbcd1f91c,-5.9414062,1,0.2075,0.0026214411
mendeley/extracted/Bangla Audio Dataset Original and DeepFake Voices for AI-Based Voice Analysis and Detection/Dataset/S4M01/Fake/2.wav,1,MEN,MEN-S4M01,TG:c92a6147c79f3f53,-7.46875,1,0.4975,0.0005703157
mendeley/extracted/Bangla Audio Dataset Original and DeepFake Voices for AI-Based Voice Analysis and Detection/Dataset/S4M01/Fake/20.wav,1,MEN,MEN-S4M01,TG:47a50d8c770d6a39,-9.265625,1,0.1775,9.4612624e-05
mendeley/extracted/Bangla Audio Dataset Original and DeepFake Voices for AI-Based Voice Analysis and Detection/Dataset/S4M01/Fake/21.wav,1,MEN,MEN-S4M01,TG:893de1314b339a8c,0.17944336,1,0.4291666666666667,0.54474086
mendeley/extracted/Bangla Audio Dataset Original and DeepFake Voices for AI-Based Voice Analysis and Detection/Dataset/S4M01/Fake/22.wav,1,MEN,MEN-S4M01,TG:864f70acdceec2a3,-6.21875,1,0.1808333333333333,0.0019877744
mendeley/extracted/Bangla Audio Dataset Original and DeepFake Voices for AI-Based Voice Analysis and Detection/Dataset/S4M01/Fake/23.wav,1,MEN,MEN-S4M01,TG:31716f0cd84a61b8,-8.4296875,1,0.1374999999999999,0.00021824206
mendeley/extracted/Bangla Audio Dataset Original and DeepFake Voices for AI-Based Voice Analysis and Detection/Dataset/S4M01/Fake/24.wav,1,MEN,MEN-S4M01,TG:0c684130198edb2b,-4.21875,1,0.4775,0.014503579
mendeley/extracted/Bangla Audio Dataset Original and DeepFake Voices for AI-Based Voice Analysis and Detection/Dataset/S4M01/Fake/25.wav,1,MEN,MEN-S4M01,TG:e59cd170ce121cab,-8.0078125,1,0.2341666666666666,0.0003327413
mendeley/extracted/Bangla Audio Dataset Original and DeepFake Voices for AI-Based Voice Analysis and Detection/Dataset/S4M01/Fake/26.wav,1,MEN,MEN-S4M01,TG:50530451ab5ea7d4,-8.4453125,1,0.1975,0.00021485923
mendeley/extracted/Bangla Audio Dataset Original and DeepFake Voices for AI-Based Voice Analysis and Detection/Dataset/S4M01/Fake/27.wav,1,MEN,MEN-S4M01,TG:35816fd76b78f5ab,-2.6015625,1,0.4575,0.06903793
mendeley/extracted/Bangla Audio Dataset Original and DeepFake Voices for AI-Based Voice Analysis and Detection/Dataset/S4M01/Fake/28.wav,1,MEN,MEN-S4M01,TG:83303193a7470159,-11.0546875,1,0.1458333333333333,1.5812602e-05
mendeley/extracted/Bangla Audio Dataset Original and DeepFake Voices for AI-Based Voice Analysis and Detection/Dataset/S4M01/Fake/29.wav,1,MEN,MEN-S4M01,TG:b6465a64cf8af192,-0.87646484,1,0.3874999999999999,0.2939109
mendeley/extracted/Bangla Audio Dataset Original and DeepFake Voices for AI-Based Voice Analysis and Detection/Dataset/S4M01/Fake/3.wav,1,MEN,MEN-S4M01,TG:4ade37a77542fb47,-8.53125,1,0.4208333333333333,0.00019716943
mendeley/extracted/Bangla Audio Dataset Original and DeepFake Voices for AI-Based Voice Analysis and Detection/Dataset/S4M01/Fake/30.wav,1,MEN,MEN-S4M01,TG:145a60ed6795d62b,-5.3398438,1,0.2674999999999999,0.0047737225
mendeley/extracted/Bangla Audio Dataset Original and DeepFake Voices for AI-Based Voice Analysis and Detection/Dataset/S4M01/Fake/4.wav,1,MEN,MEN-S4M01,TG:0ca6d8c18f157003,-1.7744141,1,0.0174999999999999,0.14499424
mendeley/extracted/Bangla Audio Dataset Original and DeepFake Voices for AI-Based Voice Analysis and Detection/Dataset/S4M01/Fake/5.wav,1,MEN,MEN-S4M01,TG:20ce12eea7577a2b,-5.8984375,2,0.0,0.0027362215
mendeley/extracted/Bangla Audio Dataset Original and DeepFake Voices for AI-Based Voice Analysis and Detection/Dataset/S4M01/Fake/6.wav,1,MEN,MEN-S4M01,TG:cb4be92369f4fdeb,-3.9921875,1,0.1591666666666666,0.018124722
mendeley/extracted/Bangla Audio Dataset Original and DeepFake Voices for AI-Based Voice Analysis and Detection/Dataset/S4M01/Fake/7.wav,1,MEN,MEN-S4M01,TG:fd0ac6bb3657230d,1.0498047,1,0.2108333333333333,0.7407374
mendeley/extracted/Bangla Audio Dataset Original and DeepFake Voices for AI-Based Voice Analysis and Detection/Dataset/S4M01/Fake/8.wav,1,MEN,MEN-S4M01,TG:1afa540d605472d1,-11.4765625,1,0.0808333333333333,1.0370214e-05
mendeley/extracted/Bangla Audio Dataset Original and DeepFake Voices for AI-Based Voice Analysis and Detection/Dataset/S4M01/Fake/9.wav,1,MEN,MEN-S4M01,TG:e2452da62ea9a450,-6.21875,1,0.2208333333333333,0.0019877744
mendeley/extracted/Bangla Audio Dataset Original and DeepFake Voices for AI-Based Voice Analysis and Detection/Dataset/S4M01/Real/1.wav,0,MEN,MEN-S4M01,TG:b308cb94d5dfc4a0,-11.9453125,1,0.5125,6.4895394e-06
mendeley/extracted/Bangla Audio Dataset Original and DeepFake Voices for AI-Based Voice Analysis and Detection/Dataset/S4M01/Real/10.wav,0,MEN,MEN-S4M01,TG:2020febfe4c8e0a6,-14.6796875,1,0.6375,4.2139806e-07
mendeley/extracted/Bangla Audio Dataset Original and DeepFake Voices for AI-Based Voice Analysis and Detection/Dataset/S4M01/Real/11.wav,0,MEN,MEN-S4M01,TG:a8be821a302d38cd,-17.125,1,0.3974999999999999,3.653482e-08
mendeley/extracted/Bangla Audio Dataset Original and DeepFake Voices for AI-Based Voice Analysis and Detection/Dataset/S4M01/Real/12.wav,0,MEN,MEN-S4M01,TG:0ff6798b7b8f0a2b,-20.546875,1,0.3725,1.1929042e-09
mendeley/extracted/Bangla Audio Dataset Original and DeepFake Voices for AI-Based Voice Analysis and Detection/Dataset/S4M01/Real/13.wav,0,MEN,MEN-S4M01,TG:5d124e03b8cfc083,-11.765625,1,0.6825,7.766952e-06
mendeley/extracted/Bangla Audio Dataset Original and DeepFake Voices for AI-Based Voice Analysis and Detection/Dataset/S4M01/Real/14.wav,0,MEN,MEN-S4M01,TG:f328dd5c0d5f4a2c,-13.2109375,1,0.5325,1.8304671e-06
mendeley/extracted/Bangla Audio Dataset Original and DeepFake Voices for AI-Based Voice Analysis and Detection/Dataset/S4M01/Real/15.wav,0,MEN,MEN-S4M01,TG:49d1daab6645e1e5,-18.90625,1,0.5808333333333333,6.153468e-09
mendeley/extracted/Bangla Audio Dataset Original and DeepFake Voices for AI-Based Voice Analysis and Detection/Dataset/S4M01/Real/16.wav,0,MEN,MEN-S4M01,TG:ce2c79da90b91549,-13.5390625,1,0.4375,1.3184367e-06
mendeley/extracted/Bangla Audio Dataset Original and DeepFake Voices for AI-Based Voice Analysis and Detection/Dataset/S4M01/Real/17.wav,0,MEN,MEN-S4M01,TG:32f1c06cf5c594b1,-9.765625,1,0.6375,5.7387595e-05
mendeley/extracted/Bangla Audio Dataset Original and DeepFake Voices for AI-Based Voice Analysis and Detection/Dataset/S4M01/Real/18.wav,0,MEN,MEN-S4M01,TG:6b67e0c353d9fbd4,-9.8515625,1,0.6191666666666666,5.266206e-05
mendeley/extracted/Bangla Audio Dataset Original and DeepFake Voices for AI-Based Voice Analysis and Detection/Dataset/S4M01/Real/19.wav,0,MEN,MEN-S4M01,TG:f47297bbbcd1f91c,-13.7734375,1,0.4875,1.0429696e-06
mendeley/extracted/Bangla Audio Dataset Original and DeepFake Voices for AI-Based Voice Analysis and Detection/Dataset/S4M01/Real/2.wav,0,MEN,MEN-S4M01,TG:c92a6147c79f3f53,-12.4921875,1,0.4825,3.7558677e-06
mendeley/extracted/Bangla Audio Dataset Original and DeepFake Voices for AI-Based Voice Analysis and Detection/Dataset/S4M01/Real/20.wav,0,MEN,MEN-S4M01,TG:47a50d8c770d6a39,-20.078125,1,0.4675,1.9062556e-09
mendeley/extracted/Bangla Audio Dataset Original and DeepFake Voices for AI-Based Voice Analysis and Detection/Dataset/S4M01/Real/21.wav,0,MEN,MEN-S4M01,TG:893de1314b339a8c,-11.578125,1,0.6591666666666667,9.368717e-06
mendeley/extracted/Bangla Audio Dataset Original and DeepFake Voices for AI-Based Voice Analysis and Detection/Dataset/S4M01/Real/22.wav,0,MEN,MEN-S4M01,TG:864f70acdceec2a3,-15.6484375,1,0.4508333333333333,1.599447e-07
mendeley/extracted/Bangla Audio Dataset Original and DeepFake Voices for AI-Based Voice Analysis and Detection/Dataset/S4M01/Real/23.wav,0,MEN,MEN-S4M01,TG:31716f0cd84a61b8,-19.328125,1,0.5008333333333334,4.0355426e-09
mendeley/extracted/Bangla Audio Dataset Original and DeepFake Voices for AI-Based Voice Analysis and Detection/Dataset/S4M01/Real/24.wav,0,MEN,MEN-S4M01,TG:0c684130198edb2b,-14.375,1,0.5675,5.7150044e-07
mendeley/extracted/Bangla Audio Dataset Original and DeepFake Voices for AI-Based Voice Analysis and Detection/Dataset/S4M01/Real/25.wav,0,MEN,MEN-S4M01,TG:e59cd170ce121cab,-11.0078125,1,0.4908333333333333,1.6571452e-05
mendeley/extracted/Bangla Audio Dataset Original and DeepFake Voices for AI-Based Voice Analysis and Detection/Dataset/S4M01/Real/26.wav,0,MEN,MEN-S4M01,TG:50530451ab5ea7d4,-18.46875,1,0.5275000000000001,9.530678e-09
mendeley/extracted/Bangla Audio Dataset Original and DeepFake Voices for AI-Based Voice Analysis and Detection/Dataset/S4M01/Real/27.wav,0,MEN,MEN-S4M01,TG:35816fd76b78f5ab,-14.9765625,1,0.5841666666666667,3.131565e-07
mendeley/extracted/Bangla Audio Dataset Original and DeepFake Voices for AI-Based Voice Analysis and Detection/Dataset/S4M01/Real/28.wav,0,MEN,MEN-S4M01,TG:83303193a7470159,-15.9921875,1,0.4975,1.1341779e-07
mendeley/extracted/Bangla Audio Dataset Original and DeepFake Voices for AI-Based Voice Analysis and Detection/Dataset/S4M01/Real/29.wav,0,MEN,MEN-S4M01,TG:b6465a64cf8af192,-11.765625,1,0.6158333333333333,7.766952e-06
mendeley/extracted/Bangla Audio Dataset Original and DeepFake Voices for AI-Based Voice Analysis and Detection/Dataset/S4M01/Real/3.wav,0,MEN,MEN-S4M01,TG:4ade37a77542fb47,-23.015625,1,0.4558333333333333,1.0102784e-10
mendeley/extracted/Bangla Audio Dataset Original and DeepFake Voices for AI-Based Voice Analysis and Detection/Dataset/S4M01/Real/30.wav,0,MEN,MEN-S4M01,TG:145a60ed6795d62b,-23.5,1,0.5358333333333334,6.224145e-11
mendeley/extracted/Bangla Audio Dataset Original and DeepFake Voices for AI-Based Voice Analysis and Detection/Dataset/S4M01/Real/4.wav,0,MEN,MEN-S4M01,TG:0ca6d8c18f157003,-14.921875,1,0.4241666666666667,3.3075918e-07
mendeley/extracted/Bangla Audio Dataset Original and DeepFake Voices for AI-Based Voice Analysis and Detection/Dataset/S4M01/Real/5.wav,0,MEN,MEN-S4M01,TG:20ce12eea7577a2b,-17.890625,1,0.4608333333333333,1.699027e-08
mendeley/extracted/Bangla Audio Dataset Original and DeepFake Voices for AI-Based Voice Analysis and Detection/Dataset/S4M01/Real/6.wav,0,MEN,MEN-S4M01,TG:cb4be92369f4fdeb,-8.21875,1,0.3591666666666666,0.00026947918
mendeley/extracted/Bangla Audio Dataset Original and DeepFake Voices for AI-Based Voice Analysis and Detection/Dataset/S4M01/Real/7.wav,0,MEN,MEN-S4M01,TG:fd0ac6bb3657230d,-14.8203125,1,0.5091666666666667,3.66117e-07
mendeley/extracted/Bangla Audio Dataset Original and DeepFake Voices for AI-Based Voice Analysis and Detection/Dataset/S4M01/Real/8.wav,0,MEN,MEN-S4M01,TG:1afa540d605472d1,-13.0390625,1,0.5125,2.1737328e-06
mendeley/extracted/Bangla Audio Dataset Original and DeepFake Voices for AI-Based Voice Analysis and Detection/Dataset/S4M01/Real/9.wav,0,MEN,MEN-S4M01,TG:e2452da62ea9a450,-11.3828125,1,0.4858333333333333,1.138944e-05
mendeley/extracted/Bangla Audio Dataset Original and DeepFake Voices for AI-Based Voice Analysis and Detection/Dataset/S5F01/Fake/1.wav,1,MEN,MEN-S5F01,TG:4947df796a9b11a7,-6.2460938,1,0.2275,0.0019342611
mendeley/extracted/Bangla Audio Dataset Original and DeepFake Voices for AI-Based Voice Analysis and Detection/Dataset/S5F01/Fake/10.wav,1,MEN,MEN-S5F01,TG:036cd5375cd345fc,-9.3671875,1,0.3808333333333333,8.5476175e-05
mendeley/extracted/Bangla Audio Dataset Original and DeepFake Voices for AI-Based Voice Analysis and Detection/Dataset/S5F01/Fake/11.wav,1,MEN,MEN-S5F01,TG:18828ca74cb29a2e,-10.3984375,1,0.2975,3.0479145e-05
mendeley/extracted/Bangla Audio Dataset Original and DeepFake Voices for AI-Based Voice Analysis and Detection/Dataset/S5F01/Fake/12.wav,1,MEN,MEN-S5F01,TG:61fa72b6eaa43ed3,-4.8828125,1,0.2141666666666666,0.0075187185
mendeley/extracted/Bangla Audio Dataset Original and DeepFake Voices for AI-Based Voice Analysis and Detection/Dataset/S5F01/Fake/13.wav,1,MEN,MEN-S5F01,TG:52639be95d4890ca,4.7421875,1,0.4125,0.99135584
mendeley/extracted/Bangla Audio Dataset Original and DeepFake Voices for AI-Based Voice Analysis and Detection/Dataset/S5F01/Fake/14.wav,1,MEN,MEN-S5F01,TG:8f5971aea28f10b7,-9.9296875,1,0.4308333333333333,4.870464e-05
mendeley/extracted/Bangla Audio Dataset Original and DeepFake Voices for AI-Based Voice Analysis and Detection/Dataset/S5F01/Fake/15.wav,1,MEN,MEN-S5F01,TG:9ee45c5ef51f9754,-10.6015625,1,0.3408333333333333,2.487649e-05
mendeley/extracted/Bangla Audio Dataset Original and DeepFake Voices for AI-Based Voice Analysis and Detection/Dataset/S5F01/Fake/16.wav,1,MEN,MEN-S5F01,TG:26a0237539c16b7f,-4.90625,1,0.2341666666666666,0.007345827
mendeley/extracted/Bangla Audio Dataset Original and DeepFake Voices for AI-Based Voice Analysis and Detection/Dataset/S5F01/Fake/17.wav,1,MEN,MEN-S5F01,TG:bcd6cfadd3d9fac9,-0.8432617,1,0.3125,0.30084825
mendeley/extracted/Bangla Audio Dataset Original and DeepFake Voices for AI-Based Voice Analysis and Detection/Dataset/S5F01/Fake/18.wav,1,MEN,MEN-S5F01,TG:1a16fd08ceff4f12,-6.8359375,1,0.4875,0.0010733063
mendeley/extracted/Bangla Audio Dataset Original and DeepFake Voices for AI-Based Voice Analysis and Detection/Dataset/S5F01/Fake/19.wav,1,MEN,MEN-S5F01,TG:c6a569cb1c42dd72,-5.3867188,1,0.3891666666666666,0.004556114
mendeley/extracted/Bangla Audio Dataset Original and DeepFake Voices for AI-Based Voice Analysis and Detection/Dataset/S5F01/Fake/2.wav,1,MEN,MEN-S5F01,TG:0248b16eb662828b,-10.1015625,1,0.4024999999999999,4.1013736e-05
mendeley/extracted/Bangla Audio Dataset Original and DeepFake Voices for AI-Based Voice Analysis and Detection/Dataset/S5F01/Fake/20.wav,1,MEN,MEN-S5F01,TG:f279b4c95db0b6cc,-8.984375,1,0.0558333333333332,0.00012533751
mendeley/extracted/Bangla Audio Dataset Original and DeepFake Voices for AI-Based Voice Analysis and Detection/Dataset/S5F01/Fake/21.wav,1,MEN,MEN-S5F01,TG:96c0436f4a426d67,4.5664062,1,0.3658333333333333,0.98971164
mendeley/extracted/Bangla Audio Dataset Original and DeepFake Voices for AI-Based Voice Analysis and Detection/Dataset/S5F01/Fake/22.wav,1,MEN,MEN-S5F01,TG:22d08af6ef894e28,-6.828125,1,0.2258333333333333,0.0010817152
mendeley/extracted/Bangla Audio Dataset Original and DeepFake Voices for AI-Based Voice Analysis and Detection/Dataset/S5F01/Fake/23.wav,1,MEN,MEN-S5F01,TG:bb2d38b4a96c681d,-8.4609375,1,0.2941666666666667,0.00021152887
mendeley/extracted/Bangla Audio Dataset Original and DeepFake Voices for AI-Based Voice Analysis and Detection/Dataset/S5F01/Fake/24.wav,1,MEN,MEN-S5F01,TG:fe8586f872b894ef,-1.0253906,1,0.5025,0.2639787
mendeley/extracted/Bangla Audio Dataset Original and DeepFake Voices for AI-Based Voice Analysis and Detection/Dataset/S5F01/Fake/25.wav,1,MEN,MEN-S5F01,TG:5dd170d234240c99,-8.9921875,1,0.4541666666666667,0.00012436225
mendeley/extracted/Bangla Audio Dataset Original and DeepFake Voices for AI-Based Voice Analysis and Detection/Dataset/S5F01/Fake/26.wav,1,MEN,MEN-S5F01,TG:2f3da6ae155e03e8,-12.40625,1,0.1225,4.0929112e-06
mendeley/extracted/Bangla Audio Dataset Original and DeepFake Voices for AI-Based Voice Analysis and Detection/Dataset/S5F01/Fake/27.wav,1,MEN,MEN-S5F01,TG:63c78e03d9938d12,-10.2109375,1,0.3991666666666666,3.6764628e-05
mendeley/extracted/Bangla Audio Dataset Original and DeepFake Voices for AI-Based Voice Analysis and Detection/Dataset/S5F01/Fake/28.wav,1,MEN,MEN-S5F01,TG:152e03b810936dfc,-11.296875,1,0.3525,1.2411497e-05
mendeley/extracted/Bangla Audio Dataset Original and DeepFake Voices for AI-Based Voice Analysis and Detection/Dataset/S5F01/Fake/29.wav,1,MEN,MEN-S5F01,TG:d4b270a54076f01c,-2.6269531,1,0.3175,0.06742378
mendeley/extracted/Bangla Audio Dataset Original and DeepFake Voices for AI-Based Voice Analysis and Detection/Dataset/S5F01/Fake/3.wav,1,MEN,MEN-S5F01,TG:d71a97a6a92d9631,3.2109375,1,0.5091666666666667,0.96124375
mendeley/extracted/Bangla Audio Dataset Original and DeepFake Voices for AI-Based Voice Analysis and Detection/Dataset/S5F01/Fake/30.wav,1,MEN,MEN-S5F01,TG:4d146ddad8824512,-7.5117188,1,0.5341666666666667,0.00054634205
mendeley/extracted/Bangla Audio Dataset Original and DeepFake Voices for AI-Based Voice Analysis and Detection/Dataset/S5F01/Fake/4.wav,1,MEN,MEN-S5F01,TG:d0f5a20088e8ff8d,-9.640625,1,0.3708333333333333,6.5028165e-05
mendeley/extracted/Bangla Audio Dataset Original and DeepFake Voices for AI-Based Voice Analysis and Detection/Dataset/S5F01/Fake/5.wav,1,MEN,MEN-S5F01,TG:c6a1ce68ac716363,-9.5703125,1,0.3491666666666666,6.976471e-05
mendeley/extracted/Bangla Audio Dataset Original and DeepFake Voices for AI-Based Voice Analysis and Detection/Dataset/S5F01/Fake/6.wav,1,MEN,MEN-S5F01,TG:5755dcb7f67d4970,-9.8515625,1,0.4358333333333333,5.266206e-05
mendeley/extracted/Bangla Audio Dataset Original and DeepFake Voices for AI-Based Voice Analysis and Detection/Dataset/S5F01/Fake/7.wav,1,MEN,MEN-S5F01,TG:5f5a81604cedcad9,-3.5488281,1,0.3391666666666666,0.0279544
mendeley/extracted/Bangla Audio Dataset Original and DeepFake Voices for AI-Based Voice Analysis and Detection/Dataset/S5F01/Fake/8.wav,1,MEN,MEN-S5F01,TG:24597b348972aafa,-8.8671875,1,0.0658333333333333,0.00014091855
mendeley/extracted/Bangla Audio Dataset Original and DeepFake Voices for AI-Based Voice Analysis and Detection/Dataset/S5F01/Fake/9.wav,1,MEN,MEN-S5F01,TG:f35afca6bb05cddb,2.2304688,1,0.4091666666666667,0.90295243
mendeley/extracted/Bangla Audio Dataset Original and DeepFake Voices for AI-Based Voice Analysis and Detection/Dataset/S5F01/Real/1.wav,0,MEN,MEN-S5F01,TG:4947df796a9b11a7,-8.53125,1,0.3924999999999999,0.00019716943
mendeley/extracted/Bangla Audio Dataset Original and DeepFake Voices for AI-Based Voice Analysis and Detection/Dataset/S5F01/Real/10.wav,0,MEN,MEN-S5F01,TG:036cd5375cd345fc,-12.96875,1,0.4991666666666666,2.3320747e-06
mendeley/extracted/Bangla Audio Dataset Original and DeepFake Voices for AI-Based Voice Analysis and Detection/Dataset/S5F01/Real/11.wav,0,MEN,MEN-S5F01,TG:18828ca74cb29a2e,-7.1914062,1,0.3458333333333333,0.0007524627
mendeley/extracted/Bangla Audio Dataset Original and DeepFake Voices for AI-Based Voice Analysis and Detection/Dataset/S5F01/Real/12.wav,0,MEN,MEN-S5F01,TG:61fa72b6eaa43ed3,-13.0859375,1,0.3625,2.0741907e-06
mendeley/extracted/Bangla Audio Dataset Original and DeepFake Voices for AI-Based Voice Analysis and Detection/Dataset/S5F01/Real/13.wav,0,MEN,MEN-S5F01,TG:52639be95d4890ca,-11.1796875,1,0.5358333333333334,1.3954598e-05
mendeley/extracted/Bangla Audio Dataset Original and DeepFake Voices for AI-Based Voice Analysis and Detection/Dataset/S5F01/Real/14.wav,0,MEN,MEN-S5F01,TG:8f5971aea28f10b7,-9.1015625,1,0.6525000000000001,0.00011147904
mendeley/extracted/Bangla Audio Dataset Original and DeepFake Voices for AI-Based Voice Analysis and Detection/Dataset/S5F01/Real/15.wav,0,MEN,MEN-S5F01,TG:9ee45c5ef51f9754,-11.7265625,1,0.3458333333333333,8.076349e-06
mendeley/extracted/Bangla Audio Dataset Original and DeepFake Voices for AI-Based Voice Analysis and Detection/Dataset/S5F01/Real/16.wav,0,MEN,MEN-S5F01,TG:26a0237539c16b7f,-14.125,1,0.4225,7.33821e-07
mendeley/extracted/Bangla Audio Dataset Original and DeepFake Voices for AI-Based Voice Analysis and Detection/Dataset/S5F01/Real/17.wav,0,MEN,MEN-S5F01,TG:bcd6cfadd3d9fac9,-9.515625,1,0.3641666666666666,7.368594e-05
mendeley/extracted/Bangla Audio Dataset Original and DeepFake Voices for AI-Based Voice Analysis and Detection/Dataset/S5F01/Real/18.wav,0,MEN,MEN-S5F01,TG:1a16fd08ceff4f12,-9.2421875,1,0.4725,9.6856085e-05
mendeley/extracted/Bangla Audio Dataset Original and DeepFake Voices for AI-Based Voice Analysis and Detection/Dataset/S5F01/Real/19.wav,0,MEN,MEN-S5F01,TG:c6a569cb1c42dd72,-7.4101562,1,0.3325,0.00060471025
mendeley/extracted/Bangla Audio Dataset Original and DeepFake Voices for AI-Based Voice Analysis and Detection/Dataset/S5F01/Real/2.wav,0,MEN,MEN-S5F01,TG:0248b16eb662828b,-10.7109375,1,0.5358333333333334,2.2299198e-05
mendeley/extracted/Bangla Audio Dataset Original and DeepFake Voices for AI-Based Voice Analysis and Detection/Dataset/S5F01/Real/20.wav,0,MEN,MEN-S5F01,TG:f279b4c95db0b6cc,-15.2265625,1,0.3091666666666667,2.4388655e-07
mendeley/extracted/Bangla Audio Dataset Original and DeepFake Voices for AI-Based Voice Analysis and Detection/Dataset/S5F01/Real/21.wav,0,MEN,MEN-S5F01,TG:96c0436f4a426d67,-9.65625,1,0.3191666666666667,6.402006e-05
mendeley/extracted/Bangla Audio Dataset Original and DeepFake Voices for AI-Based Voice Analysis and Detection/Dataset/S5F01/Real/22.wav,0,MEN,MEN-S5F01,TG:22d08af6ef894e28,-10.9296875,1,0.3491666666666666,1.791799e-05
mendeley/extracted/Bangla Audio Dataset Original and DeepFake Voices for AI-Based Voice Analysis and Detection/Dataset/S5F01/Real/23.wav,0,MEN,MEN-S5F01,TG:bb2d38b4a96c681d,-13.390625,1,0.4908333333333333,1.529413e-06
mendeley/extracted/Bangla Audio Dataset Original and DeepFake Voices for AI-Based Voice Analysis and Detection/Dataset/S5F01/Real/24.wav,0,MEN,MEN-S5F01,TG:fe8586f872b894ef,-11.7265625,1,0.5158333333333334,8.076349e-06
mendeley/extracted/Bangla Audio Dataset Original and DeepFake Voices for AI-Based Voice Analysis and Detection/Dataset/S5F01/Real/25.wav,0,MEN,MEN-S5F01,TG:5dd170d234240c99,-12.984375,1,0.5225,2.2959193e-06
mendeley/extracted/Bangla Audio Dataset Original and DeepFake Voices for AI-Based Voice Analysis and Detection/Dataset/S5F01/Real/26.wav,0,MEN,MEN-S5F01,TG:2f3da6ae155e03e8,-10.4609375,1,0.5008333333333334,2.8632558e-05
mendeley/extracted/Bangla Audio Dataset Original and DeepFake Voices for AI-Based Voice Analysis and Detection/Dataset/S5F01/Real/27.wav,0,MEN,MEN-S5F01,TG:63c78e03d9938d12,-11.5546875,1,0.5258333333333334,9.590887e-06
mendeley/extracted/Bangla Audio Dataset Original and DeepFake Voices for AI-Based Voice Analysis and Detection/Dataset/S5F01/Real/28.wav,0,MEN,MEN-S5F01,TG:152e03b810936dfc,-11.328125,1,0.5691666666666666,1.2029639e-05
mendeley/extracted/Bangla Audio Dataset Original and DeepFake Voices for AI-Based Voice Analysis and Detection/Dataset/S5F01/Real/29.wav,0,MEN,MEN-S5F01,TG:d4b270a54076f01c,-9.0859375,1,0.3991666666666666,0.000113234375
mendeley/extracted/Bangla Audio Dataset Original and DeepFake Voices for AI-Based Voice Analysis and Detection/Dataset/S5F01/Real/3.wav,0,MEN,MEN-S5F01,TG:d71a97a6a92d9631,-11.9609375,1,0.5708333333333333,6.3889293e-06
mendeley/extracted/Bangla Audio Dataset Original and DeepFake Voices for AI-Based Voice Analysis and Detection/Dataset/S5F01/Real/30.wav,0,MEN,MEN-S5F01,TG:4d146ddad8824512,-9.53125,1,0.6825,7.254362e-05
mendeley/extracted/Bangla Audio Dataset Original and DeepFake Voices for AI-Based Voice Analysis and Detection/Dataset/S5F01/Real/4.wav,0,MEN,MEN-S5F01,TG:d0f5a20088e8ff8d,-13.359375,1,0.6025,1.5779618e-06
mendeley/extracted/Bangla Audio Dataset Original and DeepFake Voices for AI-Based Voice Analysis and Detection/Dataset/S5F01/Real/5.wav,0,MEN,MEN-S5F01,TG:c6a1ce68ac716363,-11.671875,1,0.4658333333333333,8.530321e-06
mendeley/extracted/Bangla Audio Dataset Original and DeepFake Voices for AI-Based Voice Analysis and Detection/Dataset/S5F01/Real/6.wav,0,MEN,MEN-S5F01,TG:5755dcb7f67d4970,-8.9609375,1,0.5658333333333334,0.00012830943
mendeley/extracted/Bangla Audio Dataset Original and DeepFake Voices for AI-Based Voice Analysis and Detection/Dataset/S5F01/Real/7.wav,0,MEN,MEN-S5F01,TG:5f5a81604cedcad9,-7.578125,1,0.3408333333333333,0.00051125785
mendeley/extracted/Bangla Audio Dataset Original and DeepFake Voices for AI-Based Voice Analysis and Detection/Dataset/S5F01/Real/8.wav,0,MEN,MEN-S5F01,TG:24597b348972aafa,-8.1328125,1,0.3491666666666666,0.00029365462
mendeley/extracted/Bangla Audio Dataset Original and DeepFake Voices for AI-Based Voice Analysis and Detection/Dataset/S5F01/Real/9.wav,0,MEN,MEN-S5F01,TG:f35afca6bb05cddb,-7.828125,1,0.3058333333333333,0.0003982131
mendeley/extracted/Bangla Audio Dataset Original and DeepFake Voices for AI-Based Voice Analysis and Detection/Dataset/S5F03/Fake/1.wav,1,MEN,MEN-S5F03,TG:4947df796a9b11a7,-10.015625,1,0.2408333333333333,4.4694076e-05
mendeley/extracted/Bangla Audio Dataset Original and DeepFake Voices for AI-Based Voice Analysis and Detection/Dataset/S5F03/Fake/10.wav,1,MEN,MEN-S5F03,TG:036cd5375cd345fc,-8.21875,1,0.4591666666666666,0.00026947918
mendeley/extracted/Bangla Audio Dataset Original and DeepFake Voices for AI-Based Voice Analysis and Detection/Dataset/S5F03/Fake/11.wav,1,MEN,MEN-S5F03,TG:18828ca74cb29a2e,-8.6484375,1,0.3708333333333333,0.00017536993
mendeley/extracted/Bangla Audio Dataset Original and DeepFake Voices for AI-Based Voice Analysis and Detection/Dataset/S5F03/Fake/12.wav,1,MEN,MEN-S5F03,TG:61fa72b6eaa43ed3,-7.78125,1,0.1558333333333333,0.00041731578
mendeley/extracted/Bangla Audio Dataset Original and DeepFake Voices for AI-Based Voice Analysis and Detection/Dataset/S5F03/Fake/13.wav,1,MEN,MEN-S5F03,TG:52639be95d4890ca,6.0703125,1,0.4508333333333333,0.9976949
mendeley/extracted/Bangla Audio Dataset Original and DeepFake Voices for AI-Based Voice Analysis and Detection/Dataset/S5F03/Fake/14.wav,1,MEN,MEN-S5F03,TG:8f5971aea28f10b7,1.4052734,1,0.4275,0.8030194
mendeley/extracted/Bangla Audio Dataset Original and DeepFake Voices for AI-Based Voice Analysis and Detection/Dataset/S5F03/Fake/15.wav,1,MEN,MEN-S5F03,TG:9ee45c5ef51f9754,-9.3671875,1,0.4125,8.5476175e-05
mendeley/extracted/Bangla Audio Dataset Original and DeepFake Voices for AI-Based Voice Analysis and Detection/Dataset/S5F03/Fake/16.wav,1,MEN,MEN-S5F03,TG:26a0237539c16b7f,2.6386719,1,0.3108333333333333,0.9333094
mendeley/extracted/Bangla Audio Dataset Original and DeepFake Voices for AI-Based Voice Analysis and Detection/Dataset/S5F03/Fake/17.wav,1,MEN,MEN-S5F03,TG:bcd6cfadd3d9fac9,-11.203125,1,0.2791666666666667,1.3631346e-05
mendeley/extracted/Bangla Audio Dataset Original and DeepFake Voices for AI-Based Voice Analysis and Detection/Dataset/S5F03/Fake/18.wav,1,MEN,MEN-S5F03,TG:1a16fd08ceff4f12,-3.7382812,1,0.4591666666666666,0.023241926
mendeley/extracted/Bangla Audio Dataset Original and DeepFake Voices for AI-Based Voice Analysis and Detection/Dataset/S5F03/Fake/19.wav,1,MEN,MEN-S5F03,TG:c6a569cb1c42dd72,-8.046875,1,0.3508333333333333,0.00031999825
mendeley/extracted/Bangla Audio Dataset Original and DeepFake Voices for AI-Based Voice Analysis and Detection/Dataset/S5F03/Fake/2.wav,1,MEN,MEN-S5F03,TG:0248b16eb662828b,-5.3671875,1,0.3341666666666666,0.0046455576
mendeley/extracted/Bangla Audio Dataset Original and DeepFake Voices for AI-Based Voice Analysis and Detection/Dataset/S5F03/Fake/20.wav,1,MEN,MEN-S5F03,TG:f279b4c95db0b6cc,-13.7265625,1,0.0841666666666666,1.0930228e-06
mendeley/extracted/Bangla Audio Dataset Original and DeepFake Voices for AI-Based Voice Analysis and Detection/Dataset/S5F03/Fake/21.wav,1,MEN,MEN-S5F03,TG:96c0436f4a426d67,2.828125,1,0.4658333333333333,0.94417685
mendeley/extracted/Bangla Audio Dataset Original and DeepFake Voices for AI-Based Voice Analysis and Detection/Dataset/S5F03/Fake/22.wav,1,MEN,MEN-S5F03,TG:22d08af6ef894e28,-12.0,1,0.2441666666666666,6.144175e-06
mendeley/extracted/Bangla Audio Dataset Original and DeepFake Voices for AI-Based Voice Analysis and Detection/Dataset/S5F03/Fake/23.wav,1,MEN,MEN-S5F03,TG:bb2d38b4a96c681d,-10.34375,1,0.3291666666666667,3.2192336e-05
mendeley/extracted/Bangla Audio Dataset Original and DeepFake Voices for AI-Based Voice Analysis and Detection/Dataset/S5F03/Fake/24.wav,1,MEN,MEN-S5F03,TG:fe8586f872b894ef,-4.0546875,1,0.3641666666666666,0.017045317
mendeley/extracted/Bangla Audio Dataset Original and DeepFake Voices for AI-Based Voice Analysis and Detection/Dataset/S5F03/Fake/25.wav,1,MEN,MEN-S5F03,TG:5dd170d234240c99,-2.8554688,1,0.4708333333333333,0.05439932
mendeley/extracted/Bangla Audio Dataset Original and DeepFake Voices for AI-Based Voice Analysis and Detection/Dataset/S5F03/Fake/26.wav,1,MEN,MEN-S5F03,TG:2f3da6ae155e03e8,-13.390625,1,0.1524999999999999,1.529413e-06
mendeley/extracted/Bangla Audio Dataset Original and DeepFake Voices for AI-Based Voice Analysis and Detection/Dataset/S5F03/Fake/27.wav,1,MEN,MEN-S5F03,TG:63c78e03d9938d12,-7.046875,1,0.3658333333333333,0.0008693674
mendeley/extracted/Bangla Audio Dataset Original and DeepFake Voices for AI-Based Voice Analysis and Detection/Dataset/S5F03/Fake/28.wav,1,MEN,MEN-S5F03,TG:152e03b810936dfc,-9.8359375,1,0.4041666666666667,5.3491327e-05
mendeley/extracted/Bangla Audio Dataset Original and DeepFake Voices for AI-Based Voice Analysis and Detection/Dataset/S5F03/Fake/29.wav,1,MEN,MEN-S5F03,TG:d4b270a54076f01c,-0.05053711,1,0.1541666666666666,0.48736838
mendeley/extracted/Bangla Audio Dataset Original and DeepFake Voices for AI-Based Voice Analysis and Detection/Dataset/S5F03/Fake/3.wav,1,MEN,MEN-S5F03,TG:d71a97a6a92d9631,0.24816895,1,0.4491666666666667,0.56172574
mendeley/extracted/Bangla Audio Dataset Original and DeepFake Voices for AI-Based Voice Analysis and Detection/Dataset/S5F03/Fake/30.wav,1,MEN,MEN-S5F03,TG:4d146ddad8824512,-8.7578125,1,0.5558333333333334,0.00015720345
mendeley/extracted/Bangla Audio Dataset Original and DeepFake Voices for AI-Based Voice Analysis and Detection/Dataset/S5F03/Fake/4.wav,1,MEN,MEN-S5F03,TG:d0f5a20088e8ff8d,-12.9296875,1,0.4441666666666667,2.4249737e-06
mendeley/extracted/Bangla Audio Dataset Original and DeepFake Voices for AI-Based Voice Analysis and Detection/Dataset/S5F03/Fake/5.wav,1,MEN,MEN-S5F03,TG:c6a1ce68ac716363,-3.2265625,1,0.3741666666666666,0.038178273
mendeley/extracted/Bangla Audio Dataset Original and DeepFake Voices for AI-Based Voice Analysis and Detection/Dataset/S5F03/Fake/6.wav,1,MEN,MEN-S5F03,TG:5755dcb7f67d4970,-6.7890625,1,0.3958333333333333,0.0011247575
mendeley/extracted/Bangla Audio Dataset Original and DeepFake Voices for AI-Based Voice Analysis and Detection/Dataset/S5F03/Fake/7.wav,1,MEN,MEN-S5F03,TG:5f5a81604cedcad9,2.1777344,1,0.3558333333333333,0.89823216
mendeley/extracted/Bangla Audio Dataset Original and DeepFake Voices for AI-Based Voice Analysis and Detection/Dataset/S5F03/Fake/8.wav,1,MEN,MEN-S5F03,TG:24597b348972aafa,-8.15625,1,0.2008333333333333,0.0002868541
mendeley/extracted/Bangla Audio Dataset Original and DeepFake Voices for AI-Based Voice Analysis and Detection/Dataset/S5F03/Fake/9.wav,1,MEN,MEN-S5F03,TG:f35afca6bb05cddb,1.8505859,1,0.3841666666666666,0.8641959
mendeley/extracted/Bangla Audio Dataset Original and DeepFake Voices for AI-Based Voice Analysis and Detection/Dataset/S5F03/Real/1.wav,0,MEN,MEN-S5F03,TG:4947df796a9b11a7,-7.671875,1,0.4008333333333334,0.00046552691
mendeley/extracted/Bangla Audio Dataset Original and DeepFake Voices for AI-Based Voice Analysis and Detection/Dataset/S5F03/Real/10.wav,0,MEN,MEN-S5F03,TG:036cd5375cd345fc,-3.5820312,1,0.5175000000000001,0.027066175
mendeley/extracted/Bangla Audio Dataset Original and DeepFake Voices for AI-Based Voice Analysis and Detection/Dataset/S5F03/Real/11.wav,0,MEN,MEN-S5F03,TG:18828ca74cb29a2e,-6.7226562,1,0.4341666666666667,0.0012018913
mendeley/extracted/Bangla Audio Dataset Original and DeepFake Voices for AI-Based Voice Analysis and Detection/Dataset/S5F03/Real/12.wav,0,MEN,MEN-S5F03,TG:61fa72b6eaa43ed3,-2.9003906,1,0.4341666666666667,0.052134253
mendeley/extracted/Bangla Audio Dataset Original and DeepFake Voices for AI-Based Voice Analysis and Detection/Dataset/S5F03/Real/13.wav,0,MEN,MEN-S5F03,TG:52639be95d4890ca,-5.0664062,1,0.5341666666666667,0.006265533
mendeley/extracted/Bangla Audio Dataset Original and DeepFake Voices for AI-Based Voice Analysis and Detection/Dataset/S5F03/Real/14.wav,0,MEN,MEN-S5F03,TG:8f5971aea28f10b7,0.32617188,1,0.5508333333333333,0.58082765
mendeley/extracted/Bangla Audio Dataset Original and DeepFake Voices for AI-Based Voice Analysis and Detection/Dataset/S5F03/Real/15.wav,0,MEN,MEN-S5F03,TG:9ee45c5ef51f9754,-9.234375,1,0.4841666666666666,9.761566e-05
mendeley/extracted/Bangla Audio Dataset Original and DeepFake Voices for AI-Based Voice Analysis and Detection/Dataset/S5F03/Real/16.wav,0,MEN,MEN-S5F03,TG:26a0237539c16b7f,-2.0605469,1,0.4008333333333334,0.11299101
mendeley/extracted/Bangla Audio Dataset Original and DeepFake Voices for AI-Based Voice Analysis and Detection/Dataset/S5F03/Real/17.wav,0,MEN,MEN-S5F03,TG:bcd6cfadd3d9fac9,-9.65625,1,0.4341666666666667,6.402006e-05
mendeley/extracted/Bangla Audio Dataset Original and DeepFake Voices for AI-Based Voice Analysis and Detection/Dataset/S5F03/Real/18.wav,0,MEN,MEN-S5F03,TG:1a16fd08ceff4f12,-1.4560547,1,0.5675,0.18907149
mendeley/extracted/Bangla Audio Dataset Original and DeepFake Voices for AI-Based Voice Analysis and Detection/Dataset/S5F03/Real/19.wav,0,MEN,MEN-S5F03,TG:c6a569cb1c42dd72,-5.4648438,1,0.3508333333333333,0.0042151595
mendeley/extracted/Bangla Audio Dataset Original and DeepFake Voices for AI-Based Voice Analysis and Detection/Dataset/S5F03/Real/2.wav,0,MEN,MEN-S5F03,TG:0248b16eb662828b,-8.328125,1,0.3508333333333333,0.00024156632
mendeley/extracted/Bangla Audio Dataset Original and DeepFake Voices for AI-Based Voice Analysis and Detection/Dataset/S5F03/Real/20.wav,0,MEN,MEN-S5F03,TG:f279b4c95db0b6cc,-10.1328125,1,0.3675,3.9751925e-05
mendeley/extracted/Bangla Audio Dataset Original and DeepFake Voices for AI-Based Voice Analysis and Detection/Dataset/S5F03/Real/21.wav,0,MEN,MEN-S5F03,TG:96c0436f4a426d67,-4.3515625,1,0.3675,0.012722708
mendeley/extracted/Bangla Audio Dataset Original and DeepFake Voices for AI-Based Voice Analysis and Detection/Dataset/S5F03/Real/22.wav,0,MEN,MEN-S5F03,TG:22d08af6ef894e28,-7.8046875,1,0.4841666666666666,0.0004076526
mendeley/extracted/Bangla Audio Dataset Original and DeepFake Voices for AI-Based Voice Analysis and Detection/Dataset/S5F03/Real/23.wav,0,MEN,MEN-S5F03,TG:bb2d38b4a96c681d,-8.1796875,1,0.3508333333333333,0.00028021098
mendeley/extracted/Bangla Audio Dataset Original and DeepFake Voices for AI-Based Voice Analysis and Detection/Dataset/S5F03/Real/24.wav,0,MEN,MEN-S5F03,TG:fe8586f872b894ef,-3.6679688,1,0.3508333333333333,0.024892801
mendeley/extracted/Bangla Audio Dataset Original and DeepFake Voices for AI-Based Voice Analysis and Detection/Dataset/S5F03/Real/25.wav,0,MEN,MEN-S5F03,TG:5dd170d234240c99,-3.0214844,1,0.4675,0.046464663
mendeley/extracted/Bangla Audio Dataset Original and DeepFake Voices for AI-Based Voice Analysis and Detection/Dataset/S5F03/Real/26.wav,0,MEN,MEN-S5F03,TG:2f3da6ae155e03e8,2.1699219,1,0.4341666666666667,0.8975158
mendeley/extracted/Bangla Audio Dataset Original and DeepFake Voices for AI-Based Voice Analysis and Detection/Dataset/S5F03/Real/27.wav,0,MEN,MEN-S5F03,TG:63c78e03d9938d12,-2.8066406,1,0.4841666666666666,0.056966383
mendeley/extracted/Bangla Audio Dataset Original and DeepFake Voices for AI-Based Voice Analysis and Detection/Dataset/S5F03/Real/28.wav,0,MEN,MEN-S5F03,TG:152e03b810936dfc,-5.3515625,1,0.5508333333333333,0.0047183693
mendeley/extracted/Bangla Audio Dataset Original and DeepFake Voices for AI-Based Voice Analysis and Detection/Dataset/S5F03/Real/29.wav,0,MEN,MEN-S5F03,TG:d4b270a54076f01c,-5.6796875,1,0.4508333333333333,0.0034030057
mendeley/extracted/Bangla Audio Dataset Original and DeepFake Voices for AI-Based Voice Analysis and Detection/Dataset/S5F03/Real/3.wav,0,MEN,MEN-S5F03,TG:d71a97a6a92d9631,-7.234375,1,0.4675,0.00072083797
mendeley/extracted/Bangla Audio Dataset Original and DeepFake Voices for AI-Based Voice Analysis and Detection/Dataset/S5F03/Real/30.wav,0,MEN,MEN-S5F03,TG:4d146ddad8824512,-8.6640625,1,0.5175000000000001,0.00017265156
mendeley/extracted/Bangla Audio Dataset Original and DeepFake Voices for AI-Based Voice Analysis and Detection/Dataset/S5F03/Real/4.wav,0,MEN,MEN-S5F03,TG:d0f5a20088e8ff8d,-1.3339844,1,0.4508333333333333,0.20850106
mendeley/extracted/Bangla Audio Dataset Original and DeepFake Voices for AI-Based Voice Analysis and Detection/Dataset/S5F03/Real/5.wav,0,MEN,MEN-S5F03,TG:c6a1ce68ac716363,-9.375,1,0.3675,8.481104e-05
mendeley/extracted/Bangla Audio Dataset Original and DeepFake Voices for AI-Based Voice Analysis and Detection/Dataset/S5F03/Real/6.wav,0,MEN,MEN-S5F03,TG:5755dcb7f67d4970,-3.6113281,1,0.4341666666666667,0.026305279
mendeley/extracted/Bangla Audio Dataset Original and DeepFake Voices for AI-Based Voice Analysis and Detection/Dataset/S5F03/Real/7.wav,0,MEN,MEN-S5F03,TG:5f5a81604cedcad9,-2.0644531,1,0.4008333333333334,0.11260011
mendeley/extracted/Bangla Audio Dataset Original and DeepFake Voices for AI-Based Voice Analysis and Detection/Dataset/S5F03/Real/8.wav,0,MEN,MEN-S5F03,TG:24597b348972aafa,0.53125,1,0.3508333333333333,0.62977463
mendeley/extracted/Bangla Audio Dataset Original and DeepFake Voices for AI-Based Voice Analysis and Detection/Dataset/S5F03/Real/9.wav,0,MEN,MEN-S5F03,TG:f35afca6bb05cddb,-2.3613281,1,0.3675,0.086169556
mendeley/extracted/Bangla Audio Dataset Original and DeepFake Voices for AI-Based Voice Analysis and Detection/Dataset/S5F05/Fake/1.wav,1,MEN,MEN-S5F05,TG:4947df796a9b11a7,-13.7109375,1,0.2091666666666666,1.1102353e-06
mendeley/extracted/Bangla Audio Dataset Original and DeepFake Voices for AI-Based Voice Analysis and Detection/Dataset/S5F05/Fake/10.wav,1,MEN,MEN-S5F05,TG:036cd5375cd345fc,-10.375,1,0.3941666666666666,3.120191e-05
mendeley/extracted/Bangla Audio Dataset Original and DeepFake Voices for AI-Based Voice Analysis and Detection/Dataset/S5F05/Fake/11.wav,1,MEN,MEN-S5F05,TG:18828ca74cb29a2e,-9.7890625,1,0.3125,5.6058285e-05
mendeley/extracted/Bangla Audio Dataset Original and DeepFake Voices for AI-Based Voice Analysis and Detection/Dataset/S5F05/Fake/12.wav,1,MEN,MEN-S5F05,TG:61fa72b6eaa43ed3,-8.140625,1,0.2108333333333333,0.0002913701
mendeley/extracted/Bangla Audio Dataset Original and DeepFake Voices for AI-Based Voice Analysis and Detection/Dataset/S5F05/Fake/13.wav,1,MEN,MEN-S5F05,TG:52639be95d4890ca,-3.5878906,1,0.4375,0.026912306
mendeley/extracted/Bangla Audio Dataset Original and DeepFake Voices for AI-Based Voice Analysis and Detection/Dataset/S5F05/Fake/14.wav,1,MEN,MEN-S5F05,TG:8f5971aea28f10b7,-2.5214844,1,0.4108333333333334,0.074365705
mendeley/extracted/Bangla Audio Dataset Original and DeepFake Voices for AI-Based Voice Analysis and Detection/Dataset/S5F05/Fake/15.wav,1,MEN,MEN-S5F05,TG:9ee45c5ef51f9754,-9.9296875,1,0.3941666666666666,4.870464e-05
mendeley/extracted/Bangla Audio Dataset Original and DeepFake Voices for AI-Based Voice Analysis and Detection/Dataset/S5F05/Fake/16.wav,1,MEN,MEN-S5F05,TG:26a0237539c16b7f,-6.9804688,1,0.2475,0.00092900335
mendeley/extracted/Bangla Audio Dataset Original and DeepFake Voices for AI-Based Voice Analysis and Detection/Dataset/S5F05/Fake/17.wav,1,MEN,MEN-S5F05,TG:bcd6cfadd3d9fac9,-4.640625,1,0.2308333333333333,0.009559399
mendeley/extracted/Bangla Audio Dataset Original and DeepFake Voices for AI-Based Voice Analysis and Detection/Dataset/S5F05/Fake/18.wav,1,MEN,MEN-S5F05,TG:1a16fd08ceff4f12,-7.9882812,1,0.4875,0.0003393018
mendeley/extracted/Bangla Audio Dataset Original and DeepFake Voices for AI-Based Voice Analysis and Detection/Dataset/S5F05/Fake/19.wav,1,MEN,MEN-S5F05,TG:c6a569cb1c42dd72,-5.2539062,1,0.3858333333333333,0.0051998803
mendeley/extracted/Bangla Audio Dataset Original and DeepFake Voices for AI-Based Voice Analysis and Detection/Dataset/S5F05/Fake/2.wav,1,MEN,MEN-S5F05,TG:0248b16eb662828b,-13.15625,1,0.3774999999999999,1.9333586e-06
mendeley/extracted/Bangla Audio Dataset Original and DeepFake Voices for AI-Based Voice Analysis and Detection/Dataset/S5F05/Fake/20.wav,1,MEN,MEN-S5F05,TG:f279b4c95db0b6cc,-14.484375,1,0.1808333333333333,5.122897e-07
mendeley/extracted/Bangla Audio Dataset Original and DeepFake Voices for AI-Based Voice Analysis and Detection/Dataset/S5F05/Fake/21.wav,1,MEN,MEN-S5F05,TG:96c0436f4a426d67,-2.5195312,1,0.3991666666666666,0.07450026
mendeley/extracted/Bangla Audio Dataset Original and DeepFake Voices for AI-Based Voice Analysis and Detection/Dataset/S5F05/Fake/22.wav,1,MEN,MEN-S5F05,TG:22d08af6ef894e28,-14.0390625,1,0.2125,7.996727e-07
mendeley/extracted/Bangla Audio Dataset Original and DeepFake Voices for AI-Based Voice Analysis and Detection/Dataset/S5F05/Fake/23.wav,1,MEN,MEN-S5F05,TG:bb2d38b4a96c681d,-9.265625,1,0.3341666666666666,9.4612624e-05
mendeley/extracted/Bangla Audio Dataset Original and DeepFake Voices for AI-Based Voice Analysis and Detection/Dataset/S5F05/Fake/24.wav,1,MEN,MEN-S5F05,TG:fe8586f872b894ef,-7.7148438,1,0.3341666666666666,0.00044595622
mendeley/extracted/Bangla Audio Dataset Original and DeepFake Voices for AI-Based Voice Analysis and Detection/Dataset/S5F05/Fake/25.wav,1,MEN,MEN-S5F05,TG:5dd170d234240c99,-11.9296875,1,0.3841666666666666,6.5917343e-06
mendeley/extracted/Bangla Audio Dataset Original and DeepFake Voices for AI-Based Voice Analysis and Detection/Dataset/S5F05/Fake/26.wav,1,MEN,MEN-S5F05,TG:2f3da6ae155e03e8,-8.6875,1,0.1274999999999999,0.00016865275
mendeley/extracted/Bangla Audio Dataset Original and DeepFake Voices for AI-Based Voice Analysis and Detection/Dataset/S5F05/Fake/27.wav,1,MEN,MEN-S5F05,TG:63c78e03d9938d12,-12.4921875,1,0.2875,3.7558677e-06
mendeley/extracted/Bangla Audio Dataset Original and DeepFake Voices for AI-Based Voice Analysis and Detection/Dataset/S5F05/Fake/28.wav,1,MEN,MEN-S5F05,TG:152e03b810936dfc,-14.4765625,1,0.3508333333333333,5.163077e-07
mendeley/extracted/Bangla Audio Dataset Original and DeepFake Voices for AI-Based Voice Analysis and Detection/Dataset/S5F05/Fake/29.wav,1,MEN,MEN-S5F05,TG:d4b270a54076f01c,-1.7314453,1,0.3141666666666667,0.15040281
mendeley/extracted/Bangla Audio Dataset Original and DeepFake Voices for AI-Based Voice Analysis and Detection/Dataset/S5F05/Fake/3.wav,1,MEN,MEN-S5F05,TG:d71a97a6a92d9631,-11.734375,1,0.4358333333333333,8.0135e-06
mendeley/extracted/Bangla Audio Dataset Original and DeepFake Voices for AI-Based Voice Analysis and Detection/Dataset/S5F05/Fake/30.wav,1,MEN,MEN-S5F05,TG:4d146ddad8824512,-12.46875,1,0.5108333333333333,3.844935e-06
mendeley/extracted/Bangla Audio Dataset Original and DeepFake Voices for AI-Based Voice Analysis and Detection/Dataset/S5F05/Fake/4.wav,1,MEN,MEN-S5F05,TG:d0f5a20088e8ff8d,-8.796875,1,0.4408333333333333,0.00015118199
mendeley/extracted/Bangla Audio Dataset Original and DeepFake Voices for AI-Based Voice Analysis and Detection/Dataset/S5F05/Fake/5.wav,1,MEN,MEN-S5F05,TG:c6a1ce68ac716363,-10.2109375,1,0.3858333333333333,3.6764628e-05
mendeley/extracted/Bangla Audio Dataset Original and DeepFake Voices for AI-Based Voice Analysis and Detection/Dataset/S5F05/Fake/6.wav,1,MEN,MEN-S5F05,TG:5755dcb7f67d4970,-12.3359375,1,0.3741666666666666,4.391051e-06
mendeley/extracted/Bangla Audio Dataset Original and DeepFake Voices for AI-Based Voice Analysis and Detection/Dataset/S5F05/Fake/7.wav,1,MEN,MEN-S5F05,TG:5f5a81604cedcad9,-8.3359375,1,0.2341666666666666,0.00023968688
mendeley/extracted/Bangla Audio Dataset Original and DeepFake Voices for AI-Based Voice Analysis and Detection/Dataset/S5F05/Fake/8.wav,1,MEN,MEN-S5F05,TG:24597b348972aafa,-8.015625,1,0.1541666666666666,0.00033015275
mendeley/extracted/Bangla Audio Dataset Original and DeepFake Voices for AI-Based Voice Analysis and Detection/Dataset/S5F05/Fake/9.wav,1,MEN,MEN-S5F05,TG:f35afca6bb05cddb,4.5429688,1,0.2958333333333333,0.98947024
mendeley/extracted/Bangla Audio Dataset Original and DeepFake Voices for AI-Based Voice Analysis and Detection/Dataset/S5F05/Real/1.wav,0,MEN,MEN-S5F05,TG:4947df796a9b11a7,-11.5,1,0.3508333333333333,1.0129991e-05
mendeley/extracted/Bangla Audio Dataset Original and DeepFake Voices for AI-Based Voice Analysis and Detection/Dataset/S5F05/Real/10.wav,0,MEN,MEN-S5F05,TG:036cd5375cd345fc,-12.0859375,1,0.3841666666666666,5.638214e-06
mendeley/extracted/Bangla Audio Dataset Original and DeepFake Voices for AI-Based Voice Analysis and Detection/Dataset/S5F05/Real/11.wav,0,MEN,MEN-S5F05,TG:18828ca74cb29a2e,-13.6484375,1,0.3508333333333333,1.1818391e-06
mendeley/extracted/Bangla Audio Dataset Original and DeepFake Voices for AI-Based Voice Analysis and Detection/Dataset/S5F05/Real/12.wav,0,MEN,MEN-S5F05,TG:61fa72b6eaa43ed3,-11.9296875,1,0.3675,6.5917343e-06
mendeley/extracted/Bangla Audio Dataset Original and DeepFake Voices for AI-Based Voice Analysis and Detection/Dataset/S5F05/Real/13.wav,0,MEN,MEN-S5F05,TG:52639be95d4890ca,-13.125,1,0.3508333333333333,1.9947297e-06
mendeley/extracted/Bangla Audio Dataset Original and DeepFake Voices for AI-Based Voice Analysis and Detection/Dataset/S5F05/Real/14.wav,0,MEN,MEN-S5F05,TG:8f5971aea28f10b7,-9.9140625,1,0.3508333333333333,4.947159e-05
mendeley/extracted/Bangla Audio Dataset Original and DeepFake Voices for AI-Based Voice Analysis and Detection/Dataset/S5F05/Real/15.wav,0,MEN,MEN-S5F05,TG:9ee45c5ef51f9754,-9.4296875,1,0.3675,8.029784e-05
mendeley/extracted/Bangla Audio Dataset Original and DeepFake Voices for AI-Based Voice Analysis and Detection/Dataset/S5F05/Real/16.wav,0,MEN,MEN-S5F05,TG:26a0237539c16b7f,-8.8984375,1,0.3841666666666666,0.00013658353
mendeley/extracted/Bangla Audio Dataset Original and DeepFake Voices for AI-Based Voice Analysis and Detection/Dataset/S5F05/Real/17.wav,0,MEN,MEN-S5F05,TG:bcd6cfadd3d9fac9,-8.9609375,1,0.3675,0.00012830943
mendeley/extracted/Bangla Audio Dataset Original and DeepFake Voices for AI-Based Voice Analysis and Detection/Dataset/S5F05/Real/18.wav,0,MEN,MEN-S5F05,TG:1a16fd08ceff4f12,-6.90625,1,0.3508333333333333,0.0010005044
mendeley/extracted/Bangla Audio Dataset Original and DeepFake Voices for AI-Based Voice Analysis and Detection/Dataset/S5F05/Real/19.wav,0,MEN,MEN-S5F05,TG:c6a569cb1c42dd72,-14.7734375,1,0.3675,3.836873e-07
mendeley/extracted/Bangla Audio Dataset Original and DeepFake Voices for AI-Based Voice Analysis and Detection/Dataset/S5F05/Real/2.wav,0,MEN,MEN-S5F05,TG:0248b16eb662828b,-16.828125,1,0.3675,4.916298e-08
mendeley/extracted/Bangla Audio Dataset Original and DeepFake Voices for AI-Based Voice Analysis and Detection/Dataset/S5F05/Real/20.wav,0,MEN,MEN-S5F05,TG:f279b4c95db0b6cc,-13.28125,1,0.3508333333333333,1.7061831e-06
mendeley/extracted/Bangla Audio Dataset Original and DeepFake Voices for AI-Based Voice Analysis and Detection/Dataset/S5F05/Real/21.wav,0,MEN,MEN-S5F05,TG:96c0436f4a426d67,-11.140625,1,0.3841666666666666,1.4510478e-05
mendeley/extracted/Bangla Audio Dataset Original and DeepFake Voices for AI-Based Voice Analysis and Detection/Dataset/S5F05/Real/22.wav,0,MEN,MEN-S5F05,TG:22d08af6ef894e28,-9.578125,1,0.3841666666666666,6.922184e-05
mendeley/extracted/Bangla Audio Dataset Original and DeepFake Voices for AI-Based Voice Analysis and Detection/Dataset/S5F05/Real/23.wav,0,MEN,MEN-S5F05,TG:bb2d38b4a96c681d,-13.7421875,1,0.3841666666666666,1.076077e-06
mendeley/extracted/Bangla Audio Dataset Original and DeepFake Voices for AI-Based Voice Analysis and Detection/Dataset/S5F05/Real/24.wav,0,MEN,MEN-S5F05,TG:fe8586f872b894ef,-12.8046875,1,0.4008333333333334,2.7478543e-06
mendeley/extracted/Bangla Audio Dataset Original and DeepFake Voices for AI-Based Voice Analysis and Detection/Dataset/S5F05/Real/25.wav,0,MEN,MEN-S5F05,TG:5dd170d234240c99,-13.3125,1,0.4175,1.6536897e-06
mendeley/extracted/Bangla Audio Dataset Original and DeepFake Voices for AI-Based Voice Analysis and Detection/Dataset/S5F05/Real/26.wav,0,MEN,MEN-S5F05,TG:2f3da6ae155e03e8,-10.859375,1,0.3675,1.9223171e-05
mendeley/extracted/Bangla Audio Dataset Original and DeepFake Voices for AI-Based Voice Analysis and Detection/Dataset/S5F05/Real/27.wav,0,MEN,MEN-S5F05,TG:63c78e03d9938d12,-10.5234375,1,0.3675,2.6897846e-05
mendeley/extracted/Bangla Audio Dataset Original and DeepFake Voices for AI-Based Voice Analysis and Detection/Dataset/S5F05/Real/28.wav,0,MEN,MEN-S5F05,TG:152e03b810936dfc,-15.1640625,1,0.3675,2.5961586e-07
mendeley/extracted/Bangla Audio Dataset Original and DeepFake Voices for AI-Based Voice Analysis and Detection/Dataset/S5F05/Real/29.wav,0,MEN,MEN-S5F05,TG:d4b270a54076f01c,-8.1640625,1,0.3675,0.0002846224
mendeley/extracted/Bangla Audio Dataset Original and DeepFake Voices for AI-Based Voice Analysis and Detection/Dataset/S5F05/Real/3.wav,0,MEN,MEN-S5F05,TG:d71a97a6a92d9631,-19.234375,1,0.3508333333333333,4.4321773e-09
mendeley/extracted/Bangla Audio Dataset Original and DeepFake Voices for AI-Based Voice Analysis and Detection/Dataset/S5F05/Real/30.wav,0,MEN,MEN-S5F05,TG:4d146ddad8824512,-9.2421875,1,0.3675,9.6856085e-05
mendeley/extracted/Bangla Audio Dataset Original and DeepFake Voices for AI-Based Voice Analysis and Detection/Dataset/S5F05/Real/4.wav,0,MEN,MEN-S5F05,TG:d0f5a20088e8ff8d,-16.96875,1,0.3508333333333333,4.2713534e-08
mendeley/extracted/Bangla Audio Dataset Original and DeepFake Voices for AI-Based Voice Analysis and Detection/Dataset/S5F05/Real/5.wav,0,MEN,MEN-S5F05,TG:c6a1ce68ac716363,-23.296875,1,0.4175,7.625982e-11
mendeley/extracted/Bangla Audio Dataset Original and DeepFake Voices for AI-Based Voice Analysis and Detection/Dataset/S5F05/Real/6.wav,0,MEN,MEN-S5F05,TG:5755dcb7f67d4970,-9.15625,1,0.3675,0.00010554686
mendeley/extracted/Bangla Audio Dataset Original and DeepFake Voices for AI-Based Voice Analysis and Detection/Dataset/S5F05/Real/7.wav,0,MEN,MEN-S5F05,TG:5f5a81604cedcad9,-11.8828125,1,0.3675,6.908075e-06
mendeley/extracted/Bangla Audio Dataset Original and DeepFake Voices for AI-Based Voice Analysis and Detection/Dataset/S5F05/Real/8.wav,0,MEN,MEN-S5F05,TG:24597b348972aafa,-9.296875,1,0.3508333333333333,9.1701964e-05
mendeley/extracted/Bangla Audio Dataset Original and DeepFake Voices for AI-Based Voice Analysis and Detection/Dataset/S5F05/Real/9.wav,0,MEN,MEN-S5F05,TG:f35afca6bb05cddb,-10.921875,1,0.3508333333333333,1.805852e-05
mendeley/extracted/Bangla Audio Dataset Original and DeepFake Voices for AI-Based Voice Analysis and Detection/Dataset/S5M02/Fake/1.wav,1,MEN,MEN-S5M02,TG:4947df796a9b11a7,-12.8984375,1,0.2408333333333333,2.5019506e-06
mendeley/extracted/Bangla Audio Dataset Original and DeepFake Voices for AI-Based Voice Analysis and Detection/Dataset/S5M02/Fake/10.wav,1,MEN,MEN-S5M02,TG:036cd5375cd345fc,-8.171875,1,0.4691666666666666,0.00028240806
mendeley/extracted/Bangla Audio Dataset Original and DeepFake Voices for AI-Based Voice Analysis and Detection/Dataset/S5M02/Fake/11.wav,1,MEN,MEN-S5M02,TG:18828ca74cb29a2e,-6.4335938,1,0.1725,0.0016040893
mendeley/extracted/Bangla Audio Dataset Original and DeepFake Voices for AI-Based Voice Analysis and Detection/Dataset/S5M02/Fake/12.wav,1,MEN,MEN-S5M02,TG:61fa72b6eaa43ed3,-5.8164062,1,0.1858333333333333,0.0029694452
mendeley/extracted/Bangla Audio Dataset Original and DeepFake Voices for AI-Based Voice Analysis and Detection/Dataset/S5M02/Fake/13.wav,1,MEN,MEN-S5M02,TG:52639be95d4890ca,-8.3515625,1,0.4175,0.00023597172
mendeley/extracted/Bangla Audio Dataset Original and DeepFake Voices for AI-Based Voice Analysis and Detection/Dataset/S5M02/Fake/14.wav,1,MEN,MEN-S5M02,TG:8f5971aea28f10b7,8.3359375,1,0.4241666666666667,0.9997603
mendeley/extracted/Bangla Audio Dataset Original and DeepFake Voices for AI-Based Voice Analysis and Detection/Dataset/S5M02/Fake/15.wav,1,MEN,MEN-S5M02,TG:9ee45c5ef51f9754,-11.84375,1,0.4441666666666667,7.1832605e-06
mendeley/extracted/Bangla Audio Dataset Original and DeepFake Voices for AI-Based Voice Analysis and Detection/Dataset/S5M02/Fake/16.wav,1,MEN,MEN-S5M02,TG:26a0237539c16b7f,-1.8857422,1,0.2425,0.1317307
mendeley/extracted/Bangla Audio Dataset Original and DeepFake Voices for AI-Based Voice Analysis and Detection/Dataset/S5M02/Fake/17.wav,1,MEN,MEN-S5M02,TG:bcd6cfadd3d9fac9,-11.78125,1,0.2558333333333333,7.646538e-06
mendeley/extracted/Bangla Audio Dataset Original and DeepFake Voices for AI-Based Voice Analysis and Detection/Dataset/S5M02/Fake/18.wav,1,MEN,MEN-S5M02,TG:1a16fd08ceff4f12,-7.4335938,1,0.5008333333333334,0.0005907105
mendeley/extracted/Bangla Audio Dataset Original and DeepFake Voices for AI-Based Voice Analysis and Detection/Dataset/S5M02/Fake/19.wav,1,MEN,MEN-S5M02,TG:c6a569cb1c42dd72,-13.546875,1,0.2408333333333333,1.3081766e-06
mendeley/extracted/Bangla Audio Dataset Original and DeepFake Voices for AI-Based Voice Analysis and Detection/Dataset/S5M02/Fake/2.wav,1,MEN,MEN-S5M02,TG:0248b16eb662828b,-7.2226562,1,0.2941666666666667,0.00072932884
mendeley/extracted/Bangla Audio Dataset Original and DeepFake Voices for AI-Based Voice Analysis and Detection/Dataset/S5M02/Fake/20.wav,1,MEN,MEN-S5M02,TG:f279b4c95db0b6cc,-12.703125,1,0.1791666666666667,3.0415963e-06
mendeley/extracted/Bangla Audio Dataset Original and DeepFake Voices for AI-Based Voice Analysis and Detection/Dataset/S5M02/Fake/21.wav,1,MEN,MEN-S5M02,TG:96c0436f4a426d67,-7.3515625,1,0.2091666666666666,0.0006411777
mendeley/extracted/Bangla Audio Dataset Original and DeepFake Voices for AI-Based Voice Analysis and Detection/Dataset/S5M02/Fake/22.wav,1,MEN,MEN-S5M02,TG:22d08af6ef894e28,-9.5078125,1,0.1825,7.426381e-05
mendeley/extracted/Bangla Audio Dataset Original and DeepFake Voices for AI-Based Voice Analysis and Detection/Dataset/S5M02/Fake/23.wav,1,MEN,MEN-S5M02,TG:bb2d38b4a96c681d,-1.0048828,1,0.1541666666666666,0.2679825
mendeley/extracted/Bangla Audio Dataset Original and DeepFake Voices for AI-Based Voice Analysis and Detection/Dataset/S5M02/Fake/24.wav,1,MEN,MEN-S5M02,TG:fe8586f872b894ef,-4.140625,1,0.3291666666666667,0.015663648
mendeley/extracted/Bangla Audio Dataset Original and DeepFake Voices for AI-Based Voice Analysis and Detection/Dataset/S5M02/Fake/25.wav,1,MEN,MEN-S5M02,TG:5dd170d234240c99,-10.4296875,1,0.3958333333333333,2.9541427e-05
mendeley/extracted/Bangla Audio Dataset Original and DeepFake Voices for AI-Based Voice Analysis and Detection/Dataset/S5M02/Fake/26.wav,1,MEN,MEN-S5M02,TG:2f3da6ae155e03e8,-0.85253906,1,0.2708333333333333,0.29890049
mendeley/extracted/Bangla Audio Dataset Original and DeepFake Voices for AI-Based Voice Analysis and Detection/Dataset/S5M02/Fake/27.wav,1,MEN,MEN-S5M02,TG:63c78e03d9938d12,-3.1953125,1,0.3075,0.039342504
mendeley/extracted/Bangla Audio Dataset Original and DeepFake Voices for AI-Based Voice Analysis and Detection/Dataset/S5M02/Fake/28.wav,1,MEN,MEN-S5M02,TG:152e03b810936dfc,1.1376953,1,0.4541666666666667,0.7572562
mendeley/extracted/Bangla Audio Dataset Original and DeepFake Voices for AI-Based Voice Analysis and Detection/Dataset/S5M02/Fake/29.wav,1,MEN,MEN-S5M02,TG:d4b270a54076f01c,-5.0195312,1,0.2708333333333333,0.0065642493
mendeley/extracted/Bangla Audio Dataset Original and DeepFake Voices for AI-Based Voice Analysis and Detection/Dataset/S5M02/Fake/3.wav,1,MEN,MEN-S5M02,TG:d71a97a6a92d9631,-7.0273438,1,0.2391666666666666,0.0008864989
mendeley/extracted/Bangla Audio Dataset Original and DeepFake Voices for AI-Based Voice Analysis and Detection/Dataset/S5M02/Fake/30.wav,1,MEN,MEN-S5M02,TG:4d146ddad8824512,5.6757812,1,0.4875,0.9965837
mendeley/extracted/Bangla Audio Dataset Original and DeepFake Voices for AI-Based Voice Analysis and Detection/Dataset/S5M02/Fake/4.wav,1,MEN,MEN-S5M02,TG:d0f5a20088e8ff8d,-9.09375,1,0.5175000000000001,0.00011235328
mendeley/extracted/Bangla Audio Dataset Original and DeepFake Voices for AI-Based Voice Analysis and Detection/Dataset/S5M02/Fake/5.wav,1,MEN,MEN-S5M02,TG:c6a1ce68ac716363,-16.0625,1,0.2491666666666666,1.0571699e-07
mendeley/extracted/Bangla Audio Dataset Original and DeepFake Voices for AI-Based Voice Analysis and Detection/Dataset/S5M02/Fake/6.wav,1,MEN,MEN-S5M02,TG:5755dcb7f67d4970,-10.578125,1,0.4391666666666667,2.5466403e-05
mendeley/extracted/Bangla Audio Dataset Original and DeepFake Voices for AI-Based Voice Analysis and Detection/Dataset/S5M02/Fake/7.wav,1,MEN,MEN-S5M02,TG:5f5a81604cedcad9,-9.0859375,1,0.2674999999999999,0.000113234375
mendeley/extracted/Bangla Audio Dataset Original and DeepFake Voices for AI-Based Voice Analysis and Detection/Dataset/S5M02/Fake/8.wav,1,MEN,MEN-S5M02,TG:24597b348972aafa,1.3193359,1,0.0591666666666667,0.7890712
mendeley/extracted/Bangla Audio Dataset Original and DeepFake Voices for AI-Based Voice Analysis and Detection/Dataset/S5M02/Fake/9.wav,1,MEN,MEN-S5M02,TG:f35afca6bb05cddb,-3.9765625,1,0.2558333333333333,0.018404892
mendeley/extracted/Bangla Audio Dataset Original and DeepFake Voices for AI-Based Voice Analysis and Detection/Dataset/S5M02/Real/1.wav,0,MEN,MEN-S5M02,TG:4947df796a9b11a7,-10.609375,1,0.4175,2.4682904e-05
mendeley/extracted/Bangla Audio Dataset Original and DeepFake Voices for AI-Based Voice Analysis and Detection/Dataset/S5M02/Real/10.wav,0,MEN,MEN-S5M02,TG:036cd5375cd345fc,-6.296875,1,0.4841666666666666,0.0018386652
mendeley/extracted/Bangla Audio Dataset Original and DeepFake Voices for AI-Based Voice Analysis and Detection/Dataset/S5M02/Real/11.wav,0,MEN,MEN-S5M02,TG:18828ca74cb29a2e,2.7519531,1,0.3841666666666666,0.9400236
mendeley/extracted/Bangla Audio Dataset Original and DeepFake Voices for AI-Based Voice Analysis and Detection/Dataset/S5M02/Real/12.wav,0,MEN,MEN-S5M02,TG:61fa72b6eaa43ed3,-11.6015625,1,0.4508333333333333,9.151693e-06
mendeley/extracted/Bangla Audio Dataset Original and DeepFake Voices for AI-Based Voice Analysis and Detection/Dataset/S5M02/Real/13.wav,0,MEN,MEN-S5M02,TG:52639be95d4890ca,-3.3808594,1,0.5008333333333334,0.03289904
mendeley/extracted/Bangla Audio Dataset Original and DeepFake Voices for AI-Based Voice Analysis and Detection/Dataset/S5M02/Real/14.wav,0,MEN,MEN-S5M02,TG:8f5971aea28f10b7,-6.6015625,1,0.5008333333333334,0.0013564017
mendeley/extracted/Bangla Audio Dataset Original and DeepFake Voices for AI-Based Voice Analysis and Detection/Dataset/S5M02/Real/15.wav,0,MEN,MEN-S5M02,TG:9ee45c5ef51f9754,-7.1914062,1,0.5341666666666667,0.0007524627
mendeley/extracted/Bangla Audio Dataset Original and DeepFake Voices for AI-Based Voice Analysis and Detection/Dataset/S5M02/Real/16.wav,0,MEN,MEN-S5M02,TG:26a0237539c16b7f,-12.78125,1,0.4841666666666666,2.8130173e-06
mendeley/extracted/Bangla Audio Dataset Original and DeepFake Voices for AI-Based Voice Analysis and Detection/Dataset/S5M02/Real/17.wav,0,MEN,MEN-S5M02,TG:bcd6cfadd3d9fac9,-15.7734375,1,0.5341666666666667,1.4115071e-07
mendeley/extracted/Bangla Audio Dataset Original and DeepFake Voices for AI-Based Voice Analysis and Detection/Dataset/S5M02/Real/18.wav,0,MEN,MEN-S5M02,TG:1a16fd08ceff4f12,-4.6835938,1,0.5341666666666667,0.009161027
mendeley/extracted/Bangla Audio Dataset Original and DeepFake Voices for AI-Based Voice Analysis and Detection/Dataset/S5M02/Real/19.wav,0,MEN,MEN-S5M02,TG:c6a569cb1c42dd72,-5.7460938,1,0.5008333333333334,0.0031850608
mendeley/extracted/Bangla Audio Dataset Original and DeepFake Voices for AI-Based Voice Analysis and Detection/Dataset/S5M02/Real/2.wav,0,MEN,MEN-S5M02,TG:0248b16eb662828b,-10.3515625,1,0.5341666666666667,3.1941818e-05
mendeley/extracted/Bangla Audio Dataset Original and DeepFake Voices for AI-Based Voice Analysis and Detection/Dataset/S5M02/Real/20.wav,0,MEN,MEN-S5M02,TG:f279b4c95db0b6cc,-14.5859375,1,0.5008333333333334,4.6281522e-07
mendeley/extracted/Bangla Audio Dataset Original and DeepFake Voices for AI-Based Voice Analysis and Detection/Dataset/S5M02/Real/21.wav,0,MEN,MEN-S5M02,TG:96c0436f4a426d67,-5.1289062,1,0.4841666666666666,0.00588816
mendeley/extracted/Bangla Audio Dataset Original and DeepFake Voices for AI-Based Voice Analysis and Detection/Dataset/S5M02/Real/22.wav,0,MEN,MEN-S5M02,TG:22d08af6ef894e28,-11.625,1,0.4341666666666667,8.939696e-06
mendeley/extracted/Bangla Audio Dataset Original and DeepFake Voices for AI-Based Voice Analysis and Detection/Dataset/S5M02/Real/23.wav,0,MEN,MEN-S5M02,TG:bb2d38b4a96c681d,-10.890625,1,0.4341666666666667,1.8631747e-05
mendeley/extracted/Bangla Audio Dataset Original and DeepFake Voices for AI-Based Voice Analysis and Detection/Dataset/S5M02/Real/24.wav,0,MEN,MEN-S5M02,TG:fe8586f872b894ef,-8.1484375,1,0.5008333333333334,0.00028910325
mendeley/extracted/Bangla Audio Dataset Original and DeepFake Voices for AI-Based Voice Analysis and Detection/Dataset/S5M02/Real/25.wav,0,MEN,MEN-S5M02,TG:5dd170d234240c99,-12.4453125,1,0.5675,3.936115e-06
mendeley/extracted/Bangla Audio Dataset Original and DeepFake Voices for AI-Based Voice Analysis and Detection/Dataset/S5M02/Real/26.wav,0,MEN,MEN-S5M02,TG:2f3da6ae155e03e8,-11.0234375,1,0.4341666666666667,1.631454e-05
mendeley/extracted/Bangla Audio Dataset Original and DeepFake Voices for AI-Based Voice Analysis and Detection/Dataset/S5M02/Real/27.wav,0,MEN,MEN-S5M02,TG:63c78e03d9938d12,-7.3515625,1,0.4675,0.0006411777
mendeley/extracted/Bangla Audio Dataset Original and DeepFake Voices for AI-Based Voice Analysis and Detection/Dataset/S5M02/Real/28.wav,0,MEN,MEN-S5M02,TG:152e03b810936dfc,0.328125,1,0.4675,0.58130306
mendeley/extracted/Bangla Audio Dataset Original and DeepFake Voices for AI-Based Voice Analysis and Detection/Dataset/S5M02/Real/29.wav,0,MEN,MEN-S5M02,TG:d4b270a54076f01c,-6.6914062,1,0.4675,0.0012399962
mendeley/extracted/Bangla Audio Dataset Original and DeepFake Voices for AI-Based Voice Analysis and Detection/Dataset/S5M02/Real/3.wav,0,MEN,MEN-S5M02,TG:d71a97a6a92d9631,2.1914062,1,0.4675,0.89947516
mendeley/extracted/Bangla Audio Dataset Original and DeepFake Voices for AI-Based Voice Analysis and Detection/Dataset/S5M02/Real/30.wav,0,MEN,MEN-S5M02,TG:4d146ddad8824512,-4.9179688,1,0.4675,0.0072608655
mendeley/extracted/Bangla Audio Dataset Original and DeepFake Voices for AI-Based Voice Analysis and Detection/Dataset/S5M02/Real/4.wav,0,MEN,MEN-S5M02,TG:d0f5a20088e8ff8d,-8.7109375,1,0.5675,0.00016474657
mendeley/extracted/Bangla Audio Dataset Original and DeepFake Voices for AI-Based Voice Analysis and Detection/Dataset/S5M02/Real/5.wav,0,MEN,MEN-S5M02,TG:c6a1ce68ac716363,-4.75,1,0.4008333333333334,0.008577486
mendeley/extracted/Bangla Audio Dataset Original and DeepFake Voices for AI-Based Voice Analysis and Detection/Dataset/S5M02/Real/6.wav,0,MEN,MEN-S5M02,TG:5755dcb7f67d4970,-9.0,1,0.5341666666666667,0.00012339458
mendeley/extracted/Bangla Audio Dataset Original and DeepFake Voices for AI-Based Voice Analysis and Detection/Dataset/S5M02/Real/7.wav,0,MEN,MEN-S5M02,TG:5f5a81604cedcad9,-11.2578125,1,0.3841666666666666,1.2905907e-05
mendeley/extracted/Bangla Audio Dataset Original and DeepFake Voices for AI-Based Voice Analysis and Detection/Dataset/S5M02/Real/8.wav,0,MEN,MEN-S5M02,TG:24597b348972aafa,0.2602539,1,0.3175,0.5646987
mendeley/extracted/Bangla Audio Dataset Original and DeepFake Voices for AI-Based Voice Analysis and Detection/Dataset/S5M02/Real/9.wav,0,MEN,MEN-S5M02,TG:f35afca6bb05cddb,-5.1445312,1,0.4175,0.005797401
mendeley/extracted/Bangla Audio Dataset Original and DeepFake Voices for AI-Based Voice Analysis and Detection/Dataset/S5M04/Fake/1.wav,1,MEN,MEN-S5M04,TG:4947df796a9b11a7,-4.6640625,1,0.2125,0.0093400255
mendeley/extracted/Bangla Audio Dataset Original and DeepFake Voices for AI-Based Voice Analysis and Detection/Dataset/S5M04/Fake/10.wav,1,MEN,MEN-S5M04,TG:036cd5375cd345fc,0.11657715,1,0.4708333333333333,0.5291113
mendeley/extracted/Bangla Audio Dataset Original and DeepFake Voices for AI-Based Voice Analysis and Detection/Dataset/S5M04/Fake/11.wav,1,MEN,MEN-S5M04,TG:18828ca74cb29a2e,4.3710938,1,0.2574999999999999,0.98752034
mendeley/extracted/Bangla Audio Dataset Original and DeepFake Voices for AI-Based Voice Analysis and Detection/Dataset/S5M04/Fake/12.wav,1,MEN,MEN-S5M04,TG:61fa72b6eaa43ed3,-3.5058594,1,0.1741666666666667,0.029145971
mendeley/extracted/Bangla Audio Dataset Original and DeepFake Voices for AI-Based Voice Analysis and Detection/Dataset/S5M04/Fake/13.wav,1,MEN,MEN-S5M04,TG:52639be95d4890ca,6.5351562,1,0.4491666666666667,0.9985506
mendeley/extracted/Bangla Audio Dataset Original and DeepFake Voices for AI-Based Voice Analysis and Detection/Dataset/S5M04/Fake/14.wav,1,MEN,MEN-S5M04,TG:8f5971aea28f10b7,1.3662109,1,0.3874999999999999,0.7967673
mendeley/extracted/Bangla Audio Dataset Original and DeepFake Voices for AI-Based Voice Analysis and Detection/Dataset/S5M04/Fake/15.wav,1,MEN,MEN-S5M04,TG:9ee45c5ef51f9754,-2.4824219,1,0.4341666666666667,0.077099696
mendeley/extracted/Bangla Audio Dataset Original and DeepFake Voices for AI-Based Voice Analysis and Detection/Dataset/S5M04/Fake/16.wav,1,MEN,MEN-S5M04,TG:26a0237539c16b7f,6.7070312,1,0.2308333333333333,0.99877924
mendeley/extracted/Bangla Audio Dataset Original and DeepFake Voices for AI-Based Voice Analysis and Detection/Dataset/S5M04/Fake/17.wav,1,MEN,MEN-S5M04,TG:bcd6cfadd3d9fac9,4.0546875,1,0.2341666666666666,0.9829547
mendeley/extracted/Bangla Audio Dataset Original and DeepFake Voices for AI-Based Voice Analysis and Detection/Dataset/S5M04/Fake/18.wav,1,MEN,MEN-S5M04,TG:1a16fd08ceff4f12,3.9433594,1,0.5308333333333333,0.9809856
mendeley/extracted/Bangla Audio Dataset Original and DeepFake Voices for AI-Based Voice Analysis and Detection/Dataset/S5M04/Fake/19.wav,1,MEN,MEN-S5M04,TG:c6a569cb1c42dd72,0.99121094,1,0.2524999999999999,0.729327
mendeley/extracted/Bangla Audio Dataset Original and DeepFake Voices for AI-Based Voice Analysis and Detection/Dataset/S5M04/Fake/2.wav,1,MEN,MEN-S5M04,TG:0248b16eb662828b,-1.7373047,1,0.2624999999999999,0.14965561
mendeley/extracted/Bangla Audio Dataset Original and DeepFake Voices for AI-Based Voice Analysis and Detection/Dataset/S5M04/Fake/20.wav,1,MEN,MEN-S5M04,TG:f279b4c95db0b6cc,0.5908203,1,0.1608333333333333,0.6435533
mendeley/extracted/Bangla Audio Dataset Original and DeepFake Voices for AI-Based Voice Analysis and Detection/Dataset/S5M04/Fake/21.wav,1,MEN,MEN-S5M04,TG:96c0436f4a426d67,6.6679688,1,0.2908333333333334,0.9987306
mendeley/extracted/Bangla Audio Dataset Original and DeepFake Voices for AI-Based Voice Analysis and Detection/Dataset/S5M04/Fake/22.wav,1,MEN,MEN-S5M04,TG:22d08af6ef894e28,-7.421875,1,0.1875,0.00059766934
mendeley/extracted/Bangla Audio Dataset Original and DeepFake Voices for AI-Based Voice Analysis and Detection/Dataset/S5M04/Fake/23.wav,1,MEN,MEN-S5M04,TG:bb2d38b4a96c681d,2.0195312,1,0.1374999999999999,0.8828326
mendeley/extracted/Bangla Audio Dataset Original and DeepFake Voices for AI-Based Voice Analysis and Detection/Dataset/S5M04/Fake/24.wav,1,MEN,MEN-S5M04,TG:fe8586f872b894ef,4.1210938,1,0.4841666666666666,0.98403233
mendeley/extracted/Bangla Audio Dataset Original and DeepFake Voices for AI-Based Voice Analysis and Detection/Dataset/S5M04/Fake/25.wav,1,MEN,MEN-S5M04,TG:5dd170d234240c99,-0.28100586,1,0.3141666666666667,0.43020716
mendeley/extracted/Bangla Audio Dataset Original and DeepFake Voices for AI-Based Voice Analysis and Detection/Dataset/S5M04/Fake/26.wav,1,MEN,MEN-S5M04,TG:2f3da6ae155e03e8,-4.9726562,1,0.1908333333333333,0.0068771075
mendeley/extracted/Bangla Audio Dataset Original and DeepFake Voices for AI-Based Voice Analysis and Detection/Dataset/S5M04/Fake/27.wav,1,MEN,MEN-S5M04,TG:63c78e03d9938d12,-9.5546875,1,0.2341666666666666,7.0863265e-05
mendeley/extracted/Bangla Audio Dataset Original and DeepFake Voices for AI-Based Voice Analysis and Detection/Dataset/S5M04/Fake/28.wav,1,MEN,MEN-S5M04,TG:152e03b810936dfc,3.8671875,1,0.3841666666666666,0.9795115
mendeley/extracted/Bangla Audio Dataset Original and DeepFake Voices for AI-Based Voice Analysis and Detection/Dataset/S5M04/Fake/29.wav,1,MEN,MEN-S5M04,TG:d4b270a54076f01c,3.6601562,1,0.3758333333333333,0.9749169
mendeley/extracted/Bangla Audio Dataset Original and DeepFake Voices for AI-Based Voice Analysis and Detection/Dataset/S5M04/Fake/3.wav,1,MEN,MEN-S5M04,TG:d71a97a6a92d9631,-10.234375,1,0.2891666666666667,3.5913014e-05
mendeley/extracted/Bangla Audio Dataset Original and DeepFake Voices for AI-Based Voice Analysis and Detection/Dataset/S5M04/Fake/30.wav,1,MEN,MEN-S5M04,TG:4d146ddad8824512,-6.3671875,1,0.4825,0.0017140384
mendeley/extracted/Bangla Audio Dataset Original and DeepFake Voices for AI-Based Voice Analysis and Detection/Dataset/S5M04/Fake/4.wav,1,MEN,MEN-S5M04,TG:d0f5a20088e8ff8d,5.7695312,1,0.4791666666666666,0.99688846
mendeley/extracted/Bangla Audio Dataset Original and DeepFake Voices for AI-Based Voice Analysis and Detection/Dataset/S5M04/Fake/5.wav,1,MEN,MEN-S5M04,TG:c6a1ce68ac716363,-7.03125,1,0.3108333333333333,0.0008830458
mendeley/extracted/Bangla Audio Dataset Original and DeepFake Voices for AI-Based Voice Analysis and Detection/Dataset/S5M04/Fake/6.wav,1,MEN,MEN-S5M04,TG:5755dcb7f67d4970,1.9384766,1,0.3941666666666666,0.87418467
mendeley/extracted/Bangla Audio Dataset Original and DeepFake Voices for AI-Based Voice Analysis and Detection/Dataset/S5M04/Fake/7.wav,1,MEN,MEN-S5M04,TG:5f5a81604cedcad9,5.0351562,1,0.2975,0.9935369
mendeley/extracted/Bangla Audio Dataset Original and DeepFake Voices for AI-Based Voice Analysis and Detection/Dataset/S5M04/Fake/8.wav,1,MEN,MEN-S5M04,TG:24597b348972aafa,2.2675781,1,0.1841666666666667,0.906156
mendeley/extracted/Bangla Audio Dataset Original and DeepFake Voices for AI-Based Voice Analysis and Detection/Dataset/S5M04/Fake/9.wav,1,MEN,MEN-S5M04,TG:f35afca6bb05cddb,-1.4863281,1,0.2475,0.1844735
mendeley/extracted/Bangla Audio Dataset Original and DeepFake Voices for AI-Based Voice Analysis and Detection/Dataset/S5M04/Real/1.wav,0,MEN,MEN-S5M04,TG:4947df796a9b11a7,5.4414062,1,0.4341666666666667,0.99568534
mendeley/extracted/Bangla Audio Dataset Original and DeepFake Voices for AI-Based Voice Analysis and Detection/Dataset/S5M04/Real/10.wav,0,MEN,MEN-S5M04,TG:036cd5375cd345fc,-2.8515625,1,0.4341666666666667,0.054600604
mendeley/extracted/Bangla Audio Dataset Original and DeepFake Voices for AI-Based Voice Analysis and Detection/Dataset/S5M04/Real/11.wav,0,MEN,MEN-S5M04,TG:18828ca74cb29a2e,5.4335938,1,0.4008333333333334,0.99565166
mendeley/extracted/Bangla Audio Dataset Original and DeepFake Voices for AI-Based Voice Analysis and Detection/Dataset/S5M04/Real/12.wav,0,MEN,MEN-S5M04,TG:61fa72b6eaa43ed3,6.4453125,1,0.4175,0.9984145
mendeley/extracted/Bangla Audio Dataset Original and DeepFake Voices for AI-Based Voice Analysis and Detection/Dataset/S5M04/Real/13.wav,0,MEN,MEN-S5M04,TG:52639be95d4890ca,6.0625,1,0.4341666666666667,0.9976769
mendeley/extracted/Bangla Audio Dataset Original and DeepFake Voices for AI-Based Voice Analysis and Detection/Dataset/S5M04/Real/14.wav,0,MEN,MEN-S5M04,TG:8f5971aea28f10b7,5.8242188,1,0.4341666666666667,0.9970536
mendeley/extracted/Bangla Audio Dataset Original and DeepFake Voices for AI-Based Voice Analysis and Detection/Dataset/S5M04/Real/15.wav,0,MEN,MEN-S5M04,TG:9ee45c5ef51f9754,4.9765625,1,0.4341666666666667,0.9931496
mendeley/extracted/Bangla Audio Dataset Original and DeepFake Voices for AI-Based Voice Analysis and Detection/Dataset/S5M04/Real/16.wav,0,MEN,MEN-S5M04,TG:26a0237539c16b7f,-2.6953125,1,0.3675,0.06325052
mendeley/extracted/Bangla Audio Dataset Original and DeepFake Voices for AI-Based Voice Analysis and Detection/Dataset/S5M04/Real/17.wav,0,MEN,MEN-S5M04,TG:bcd6cfadd3d9fac9,4.9726562,1,0.3675,0.9931229
mendeley/extracted/Bangla Audio Dataset Original and DeepFake Voices for AI-Based Voice Analysis and Detection/Dataset/S5M04/Real/18.wav,0,MEN,MEN-S5M04,TG:1a16fd08ceff4f12,3.3359375,1,0.4841666666666666,0.9656413
mendeley/extracted/Bangla Audio Dataset Original and DeepFake Voices for AI-Based Voice Analysis and Detection/Dataset/S5M04/Real/19.wav,0,MEN,MEN-S5M04,TG:c6a569cb1c42dd72,7.03125,1,0.4175,0.99911696
mendeley/extracted/Bangla Audio Dataset Original and DeepFake Voices for AI-Based Voice Analysis and Detection/Dataset/S5M04/Real/2.wav,0,MEN,MEN-S5M04,TG:0248b16eb662828b,5.6835938,1,0.3508333333333333,0.9966102
mendeley/extracted/Bangla Audio Dataset Original and DeepFake Voices for AI-Based Voice Analysis and Detection/Dataset/S5M04/Real/20.wav,0,MEN,MEN-S5M04,TG:f279b4c95db0b6cc,5.3125,1,0.4008333333333334,0.99509466
mendeley/extracted/Bangla Audio Dataset Original and DeepFake Voices for AI-Based Voice Analysis and Detection/Dataset/S5M04/Real/21.wav,0,MEN,MEN-S5M04,TG:96c0436f4a426d67,5.828125,1,0.3508333333333333,0.997065
mendeley/extracted/Bangla Audio Dataset Original and DeepFake Voices for AI-Based Voice Analysis and Detection/Dataset/S5M04/Real/22.wav,0,MEN,MEN-S5M04,TG:22d08af6ef894e28,-2.3691406,1,0.4008333333333334,0.08555634
mendeley/extracted/Bangla Audio Dataset Original and DeepFake Voices for AI-Based Voice Analysis and Detection/Dataset/S5M04/Real/23.wav,0,MEN,MEN-S5M04,TG:bb2d38b4a96c681d,0.95166016,1,0.4341666666666667,0.7214489
mendeley/extracted/Bangla Audio Dataset Original and DeepFake Voices for AI-Based Voice Analysis and Detection/Dataset/S5M04/Real/24.wav,0,MEN,MEN-S5M04,TG:fe8586f872b894ef,3.90625,1,0.4841666666666666,0.9802808
mendeley/extracted/Bangla Audio Dataset Original and DeepFake Voices for AI-Based Voice Analysis and Detection/Dataset/S5M04/Real/25.wav,0,MEN,MEN-S5M04,TG:5dd170d234240c99,6.0351562,1,0.3508333333333333,0.9976126
mendeley/extracted/Bangla Audio Dataset Original and DeepFake Voices for AI-Based Voice Analysis and Detection/Dataset/S5M04/Real/26.wav,0,MEN,MEN-S5M04,TG:2f3da6ae155e03e8,4.8515625,1,0.4341666666666667,0.9922444
mendeley/extracted/Bangla Audio Dataset Original and DeepFake Voices for AI-Based Voice Analysis and Detection/Dataset/S5M04/Real/27.wav,0,MEN,MEN-S5M04,TG:63c78e03d9938d12,5.5898438,1,0.3841666666666666,0.9962782
mendeley/extracted/Bangla Audio Dataset Original and DeepFake Voices for AI-Based Voice Analysis and Detection/Dataset/S5M04/Real/28.wav,0,MEN,MEN-S5M04,TG:152e03b810936dfc,-0.2524414,1,0.4175,0.43722266
mendeley/extracted/Bangla Audio Dataset Original and DeepFake Voices for AI-Based Voice Analysis and Detection/Dataset/S5M04/Real/29.wav,0,MEN,MEN-S5M04,TG:d4b270a54076f01c,5.296875,1,0.4508333333333333,0.9950177
mendeley/extracted/Bangla Audio Dataset Original and DeepFake Voices for AI-Based Voice Analysis and Detection/Dataset/S5M04/Real/3.wav,0,MEN,MEN-S5M04,TG:d71a97a6a92d9631,-1.4345703,1,0.3508333333333333,0.19238758
mendeley/extracted/Bangla Audio Dataset Original and DeepFake Voices for AI-Based Voice Analysis and Detection/Dataset/S5M04/Real/30.wav,0,MEN,MEN-S5M04,TG:4d146ddad8824512,5.359375,1,0.5008333333333334,0.9953181
mendeley/extracted/Bangla Audio Dataset Original and DeepFake Voices for AI-Based Voice Analysis and Detection/Dataset/S5M04/Real/4.wav,0,MEN,MEN-S5M04,TG:d0f5a20088e8ff8d,4.6289062,1,0.5008333333333334,0.990329
mendeley/extracted/Bangla Audio Dataset Original and DeepFake Voices for AI-Based Voice Analysis and Detection/Dataset/S5M04/Real/5.wav,0,MEN,MEN-S5M04,TG:c6a1ce68ac716363,5.9492188,1,0.4175,0.997399
mendeley/extracted/Bangla Audio Dataset Original and DeepFake Voices for AI-Based Voice Analysis and Detection/Dataset/S5M04/Real/6.wav,0,MEN,MEN-S5M04,TG:5755dcb7f67d4970,4.3828125,1,0.4675,0.9876639
mendeley/extracted/Bangla Audio Dataset Original and DeepFake Voices for AI-Based Voice Analysis and Detection/Dataset/S5M04/Real/7.wav,0,MEN,MEN-S5M04,TG:5f5a81604cedcad9,4.7851562,1,0.4675,0.9917163
mendeley/extracted/Bangla Audio Dataset Original and DeepFake Voices for AI-Based Voice Analysis and Detection/Dataset/S5M04/Real/8.wav,0,MEN,MEN-S5M04,TG:24597b348972aafa,6.765625,1,0.3841666666666666,0.99884856
mendeley/extracted/Bangla Audio Dataset Original and DeepFake Voices for AI-Based Voice Analysis and Detection/Dataset/S5M04/Real/9.wav,0,MEN,MEN-S5M04,TG:f35afca6bb05cddb,8.8828125,1,0.3508333333333333,0.99986124
mendeley/extracted/Bangla Audio Dataset Original and DeepFake Voices for AI-Based Voice Analysis and Detection/Dataset/S6F03/Fake/1.wav,1,MEN,MEN-S6F03,TG:68335bcc60eb3cac,-13.171875,1,0.5175000000000001,1.9033845e-06
mendeley/extracted/Bangla Audio Dataset Original and DeepFake Voices for AI-Based Voice Analysis and Detection/Dataset/S6F03/Fake/10.wav,1,MEN,MEN-S6F03,TG:e15f93590e7860a4,-8.046875,1,0.3608333333333333,0.00031999825
mendeley/extracted/Bangla Audio Dataset Original and DeepFake Voices for AI-Based Voice Analysis and Detection/Dataset/S6F03/Fake/11.wav,1,MEN,MEN-S6F03,TG:d013e21519294471,1.0419922,1,0.4175,0.7392342
mendeley/extracted/Bangla Audio Dataset Original and DeepFake Voices for AI-Based Voice Analysis and Detection/Dataset/S6F03/Fake/12.wav,1,MEN,MEN-S6F03,TG:36bbea584b595983,-10.7890625,1,0.3874999999999999,2.0623424e-05
mendeley/extracted/Bangla Audio Dataset Original and DeepFake Voices for AI-Based Voice Analysis and Detection/Dataset/S6F03/Fake/13.wav,1,MEN,MEN-S6F03,TG:448ba8616f75dbd9,-8.0546875,1,0.4875,0.0003175088
mendeley/extracted/Bangla Audio Dataset Original and DeepFake Voices for AI-Based Voice Analysis and Detection/Dataset/S6F03/Fake/14.wav,1,MEN,MEN-S6F03,TG:fccde5258a724e5b,-12.3359375,1,0.2041666666666667,4.391051e-06
mendeley/extracted/Bangla Audio Dataset Original and DeepFake Voices for AI-Based Voice Analysis and Detection/Dataset/S6F03/Fake/15.wav,1,MEN,MEN-S6F03,TG:153cebedfe6b30fd,2.6171875,1,0.3874999999999999,0.93195957
mendeley/extracted/Bangla Audio Dataset Original and DeepFake Voices for AI-Based Voice Analysis and Detection/Dataset/S6F03/Fake/16.wav,1,MEN,MEN-S6F03,TG:5c7003922e4c7b58,-7.4882812,1,0.4325,0.000559291
mendeley/extracted/Bangla Audio Dataset Original and DeepFake Voices for AI-Based Voice Analysis and Detection/Dataset/S6F03/Fake/17.wav,1,MEN,MEN-S6F03,TG:80ca3c12226c16f7,-11.53125,1,0.3841666666666666,9.818326e-06
mendeley/extracted/Bangla Audio Dataset Original and DeepFake Voices for AI-Based Voice Analysis and Detection/Dataset/S6F03/Fake/18.wav,1,MEN,MEN-S6F03,TG:8a448ea3072baf86,-4.9023438,1,0.3991666666666666,0.0073743653
mendeley/extracted/Bangla Audio Dataset Original and DeepFake Voices for AI-Based Voice Analysis and Detection/Dataset/S6F03/Fake/19.wav,1,MEN,MEN-S6F03,TG:17da6e6a5329ede6,-11.109375,1,0.4208333333333333,1.4971084e-05
mendeley/extracted/Bangla Audio Dataset Original and DeepFake Voices for AI-Based Voice Analysis and Detection/Dataset/S6F03/Fake/2.wav,1,MEN,MEN-S6F03,TG:992df96e94bc9811,-7.203125,1,0.4508333333333333,0.00074370287
mendeley/extracted/Bangla Audio Dataset Original and DeepFake Voices for AI-Based Voice Analysis and Detection/Dataset/S6F03/Fake/20.wav,1,MEN,MEN-S6F03,TG:b9777a1fd57cb1c6,-9.8125,1,0.4325,5.4759774e-05
mendeley/extracted/Bangla Audio Dataset Original and DeepFake Voices for AI-Based Voice Analysis and Detection/Dataset/S6F03/Fake/21.wav,1,MEN,MEN-S6F03,TG:258e34608251b4c7,-13.0546875,1,0.3058333333333333,2.1400322e-06
mendeley/extracted/Bangla Audio Dataset Original and DeepFake Voices for AI-Based Voice Analysis and Detection/Dataset/S6F03/Fake/22.wav,1,MEN,MEN-S6F03,TG:29664288ed9e8509,-8.328125,1,0.4308333333333333,0.00024156632
mendeley/extracted/Bangla Audio Dataset Original and DeepFake Voices for AI-Based Voice Analysis and Detection/Dataset/S6F03/Fake/23.wav,1,MEN,MEN-S6F03,TG:fcbf9ed932b2fbe3,-5.8984375,1,0.4875,0.0027362215
mendeley/extracted/Bangla Audio Dataset Original and DeepFake Voices for AI-Based Voice Analysis and Detection/Dataset/S6F03/Fake/24.wav,1,MEN,MEN-S6F03,TG:836191849433d6d5,-10.5703125,1,0.3858333333333333,2.5666133e-05
mendeley/extracted/Bangla Audio Dataset Original and DeepFake Voices for AI-Based Voice Analysis and Detection/Dataset/S6F03/Fake/25.wav,1,MEN,MEN-S6F03,TG:ea4035e74b42874c,1.6865234,1,0.3241666666666667,0.84376645
mendeley/extracted/Bangla Audio Dataset Original and DeepFake Voices for AI-Based Voice Analysis and Detection/Dataset/S6F03/Fake/26.wav,1,MEN,MEN-S6F03,TG:0417b85de8b01bab,-11.65625,1,0.4341666666666667,8.664653e-06
mendeley/extracted/Bangla Audio Dataset Original and DeepFake Voices for AI-Based Voice Analysis and Detection/Dataset/S6F03/Fake/27.wav,1,MEN,MEN-S6F03,TG:3bf9109f0212e1a8,-8.6796875,1,0.3108333333333333,0.00016997529
mendeley/extracted/Bangla Audio Dataset Original and DeepFake Voices for AI-Based Voice Analysis and Detection/Dataset/S6F03/Fake/28.wav,1,MEN,MEN-S6F03,TG:f961d28234037075,-7.6796875,1,0.2458333333333333,0.00046190585
mendeley/extracted/Bangla Audio Dataset Original and DeepFake Voices for AI-Based Voice Analysis and Detection/Dataset/S6F03/Fake/29.wav,1,MEN,MEN-S6F03,TG:b9495a9ec9da5af9,-6.9375,1,0.4808333333333333,0.00096975197
mendeley/extracted/Bangla Audio Dataset Original and DeepFake Voices for AI-Based Voice Analysis and Detection/Dataset/S6F03/Fake/3.wav,1,MEN,MEN-S6F03,TG:e7e6ed6b7a4edc68,-11.3515625,1,0.1708333333333332,1.1750976e-05
mendeley/extracted/Bangla Audio Dataset Original and DeepFake Voices for AI-Based Voice Analysis and Detection/Dataset/S6F03/Fake/30.wav,1,MEN,MEN-S6F03,TG:0279e708e7bea563,-7.140625,1,0.5241666666666667,0.0007916296
mendeley/extracted/Bangla Audio Dataset Original and DeepFake Voices for AI-Based Voice Analysis and Detection/Dataset/S6F03/Fake/4.wav,1,MEN,MEN-S6F03,TG:bdf706ddf2da8f1f,-8.2578125,1,0.3541666666666666,0.00025915826
mendeley/extracted/Bangla Audio Dataset Original and DeepFake Voices for AI-Based Voice Analysis and Detection/Dataset/S6F03/Fake/5.wav,1,MEN,MEN-S6F03,TG:45be873ef4d69213,1.2939453,1,0.4158333333333334,0.78481424
mendeley/extracted/Bangla Audio Dataset Original and DeepFake Voices for AI-Based Voice Analysis and Detection/Dataset/S6F03/Fake/6.wav,1,MEN,MEN-S6F03,TG:a9fde75db394091a,-8.8515625,1,0.4758333333333333,0.00014313738
mendeley/extracted/Bangla Audio Dataset Original and DeepFake Voices for AI-Based Voice Analysis and Detection/Dataset/S6F03/Fake/7.wav,1,MEN,MEN-S6F03,TG:5be625d46c6a6e73,-4.3046875,1,0.3974999999999999,0.013325147
mendeley/extracted/Bangla Audio Dataset Original and DeepFake Voices for AI-Based Voice Analysis and Detection/Dataset/S6F03/Fake/8.wav,1,MEN,MEN-S6F03,TG:78ae5535499f2f6b,-13.390625,1,0.3008333333333333,1.529413e-06
mendeley/extracted/Bangla Audio Dataset Original and DeepFake Voices for AI-Based Voice Analysis and Detection/Dataset/S6F03/Fake/9.wav,1,MEN,MEN-S6F03,TG:ea1c20689c6cd1cb,-9.90625,1,0.0808333333333333,4.9859584e-05
mendeley/extracted/Bangla Audio Dataset Original and DeepFake Voices for AI-Based Voice Analysis and Detection/Dataset/S6F03/Real/1.wav,0,MEN,MEN-S6F03,TG:68335bcc60eb3cac,-1.7744141,1,0.6508333333333334,0.14499424
mendeley/extracted/Bangla Audio Dataset Original and DeepFake Voices for AI-Based Voice Analysis and Detection/Dataset/S6F03/Real/10.wav,0,MEN,MEN-S6F03,TG:e15f93590e7860a4,-9.796875,1,0.4841666666666666,5.562206e-05
mendeley/extracted/Bangla Audio Dataset Original and DeepFake Voices for AI-Based Voice Analysis and Detection/Dataset/S6F03/Real/11.wav,0,MEN,MEN-S6F03,TG:d013e21519294471,-11.7578125,1,0.5841666666666667,7.827869e-06
mendeley/extracted/Bangla Audio Dataset Original and DeepFake Voices for AI-Based Voice Analysis and Detection/Dataset/S6F03/Real/12.wav,0,MEN,MEN-S6F03,TG:36bbea584b595983,-3.2421875,1,0.6008333333333333,0.037608635
mendeley/extracted/Bangla Audio Dataset Original and DeepFake Voices for AI-Based Voice Analysis and Detection/Dataset/S6F03/Real/13.wav,0,MEN,MEN-S6F03,TG:448ba8616f75dbd9,-5.5351562,1,0.4008333333333334,0.0039300853
mendeley/extracted/Bangla Audio Dataset Original and DeepFake Voices for AI-Based Voice Analysis and Detection/Dataset/S6F03/Real/14.wav,0,MEN,MEN-S6F03,TG:fccde5258a724e5b,-7.8828125,1,0.5508333333333333,0.00037702854
mendeley/extracted/Bangla Audio Dataset Original and DeepFake Voices for AI-Based Voice Analysis and Detection/Dataset/S6F03/Real/15.wav,0,MEN,MEN-S6F03,TG:153cebedfe6b30fd,-5.0390625,1,0.4508333333333333,0.0064381026
mendeley/extracted/Bangla Audio Dataset Original and DeepFake Voices for AI-Based Voice Analysis and Detection/Dataset/S6F03/Real/16.wav,0,MEN,MEN-S6F03,TG:5c7003922e4c7b58,-8.3671875,1,0.6008333333333333,0.0002323142
mendeley/extracted/Bangla Audio Dataset Original and DeepFake Voices for AI-Based Voice Analysis and Detection/Dataset/S6F03/Real/17.wav,0,MEN,MEN-S6F03,TG:80ca3c12226c16f7,-11.75,1,0.5675,7.889263e-06
mendeley/extracted/Bangla Audio Dataset Original and DeepFake Voices for AI-Based Voice Analysis and Detection/Dataset/S6F03/Real/18.wav,0,MEN,MEN-S6F03,TG:8a448ea3072baf86,-5.0742188,1,0.6008333333333333,0.0062170783
mendeley/extracted/Bangla Audio Dataset Original and DeepFake Voices for AI-Based Voice Analysis and Detection/Dataset/S6F03/Real/19.wav,0,MEN,MEN-S6F03,TG:17da6e6a5329ede6,-7.5585938,1,0.6174999999999999,0.00052133633
mendeley/extracted/Bangla Audio Dataset Original and DeepFake Voices for AI-Based Voice Analysis and Detection/Dataset/S6F03/Real/2.wav,0,MEN,MEN-S6F03,TG:992df96e94bc9811,-10.8984375,1,0.5341666666666667,1.8486755e-05
mendeley/extracted/Bangla Audio Dataset Original and DeepFake Voices for AI-Based Voice Analysis and Detection/Dataset/S6F03/Real/20.wav,0,MEN,MEN-S6F03,TG:b9777a1fd57cb1c6,4.765625,1,0.5008333333333334,0.99155444
mendeley/extracted/Bangla Audio Dataset Original and DeepFake Voices for AI-Based Voice Analysis and Detection/Dataset/S6F03/Real/21.wav,0,MEN,MEN-S6F03,TG:258e34608251b4c7,-3.2890625,1,0.5675,0.035948325
mendeley/extracted/Bangla Audio Dataset Original and DeepFake Voices for AI-Based Voice Analysis and Detection/Dataset/S6F03/Real/22.wav,0,MEN,MEN-S6F03,TG:29664288ed9e8509,-12.3046875,1,0.5841666666666667,4.5304373e-06
mendeley/extracted/Bangla Audio Dataset Original and DeepFake Voices for AI-Based Voice Analysis and Detection/Dataset/S6F03/Real/23.wav,0,MEN,MEN-S6F03,TG:fcbf9ed932b2fbe3,-7.7460938,1,0.5675,0.0004322415
mendeley/extracted/Bangla Audio Dataset Original and DeepFake Voices for AI-Based Voice Analysis and Detection/Dataset/S6F03/Real/24.wav,0,MEN,MEN-S6F03,TG:836191849433d6d5,-7.4296875,1,0.5175000000000001,0.00059302105
mendeley/extracted/Bangla Audio Dataset Original and DeepFake Voices for AI-Based Voice Analysis and Detection/Dataset/S6F03/Real/25.wav,0,MEN,MEN-S6F03,TG:ea4035e74b42874c,-5.0546875,1,0.4175,0.006338922
mendeley/extracted/Bangla Audio Dataset Original and DeepFake Voices for AI-Based Voice Analysis and Detection/Dataset/S6F03/Real/26.wav,0,MEN,MEN-S6F03,TG:0417b85de8b01bab,-6.8164062,1,0.5841666666666667,0.0010944523
mendeley/extracted/Bangla Audio Dataset Original and DeepFake Voices for AI-Based Voice Analysis and Detection/Dataset/S6F03/Real/27.wav,0,MEN,MEN-S6F03,TG:3bf9109f0212e1a8,-6.7109375,1,0.5508333333333333,0.0012160416
mendeley/extracted/Bangla Audio Dataset Original and DeepFake Voices for AI-Based Voice Analysis and Detection/Dataset/S6F03/Real/28.wav,0,MEN,MEN-S6F03,TG:f961d28234037075,-8.4765625,1,0.5175000000000001,0.0002082501
mendeley/extracted/Bangla Audio Dataset Original and DeepFake Voices for AI-Based Voice Analysis and Detection/Dataset/S6F03/Real/29.wav,0,MEN,MEN-S6F03,TG:b9495a9ec9da5af9,-5.7851562,1,0.5841666666666667,0.0030634166
mendeley/extracted/Bangla Audio Dataset Original and DeepFake Voices for AI-Based Voice Analysis and Detection/Dataset/S6F03/Real/3.wav,0,MEN,MEN-S6F03,TG:e7e6ed6b7a4edc68,-11.3359375,1,0.4841666666666666,1.1936024e-05
mendeley/extracted/Bangla Audio Dataset Original and DeepFake Voices for AI-Based Voice Analysis and Detection/Dataset/S6F03/Real/30.wav,0,MEN,MEN-S6F03,TG:0279e708e7bea563,-11.53125,1,0.6675,9.818326e-06
mendeley/extracted/Bangla Audio Dataset Original and DeepFake Voices for AI-Based Voice Analysis and Detection/Dataset/S6F03/Real/4.wav,0,MEN,MEN-S6F03,TG:bdf706ddf2da8f1f,-9.1484375,1,0.5341666666666667,0.00010637458
mendeley/extracted/Bangla Audio Dataset Original and DeepFake Voices for AI-Based Voice Analysis and Detection/Dataset/S6F03/Real/5.wav,0,MEN,MEN-S6F03,TG:45be873ef4d69213,-0.08270264,1,0.5175000000000001,0.4793361
mendeley/extracted/Bangla Audio Dataset Original and DeepFake Voices for AI-Based Voice Analysis and Detection/Dataset/S6F03/Real/6.wav,0,MEN,MEN-S6F03,TG:a9fde75db394091a,-7.0585938,1,0.5175000000000001,0.00085924764
mendeley/extracted/Bangla Audio Dataset Original and DeepFake Voices for AI-Based Voice Analysis and Detection/Dataset/S6F03/Real/7.wav,0,MEN,MEN-S6F03,TG:5be625d46c6a6e73,-7.4101562,1,0.4675,0.00060471025
mendeley/extracted/Bangla Audio Dataset Original and DeepFake Voices for AI-Based Voice Analysis and Detection/Dataset/S6F03/Real/8.wav,0,MEN,MEN-S6F03,TG:78ae5535499f2f6b,-13.5390625,1,0.4508333333333333,1.3184367e-06
mendeley/extracted/Bangla Audio Dataset Original and DeepFake Voices for AI-Based Voice Analysis and Detection/Dataset/S6F03/Real/9.wav,0,MEN,MEN-S6F03,TG:ea1c20689c6cd1cb,-8.9453125,1,0.4841666666666666,0.00013032975
mendeley/extracted/Bangla Audio Dataset Original and DeepFake Voices for AI-Based Voice Analysis and Detection/Dataset/S6F04/Fake/1.wav,1,MEN,MEN-S6F04,TG:68335bcc60eb3cac,-15.953125,1,0.4975,1.1793583e-07
mendeley/extracted/Bangla Audio Dataset Original and DeepFake Voices for AI-Based Voice Analysis and Detection/Dataset/S6F04/Fake/10.wav,1,MEN,MEN-S6F04,TG:e15f93590e7860a4,-1.6464844,1,0.3558333333333333,0.16158466
mendeley/extracted/Bangla Audio Dataset Original and DeepFake Voices for AI-Based Voice Analysis and Detection/Dataset/S6F04/Fake/11.wav,1,MEN,MEN-S6F04,TG:d013e21519294471,-5.0546875,1,0.4341666666666667,0.006338922
mendeley/extracted/Bangla Audio Dataset Original and DeepFake Voices for AI-Based Voice Analysis and Detection/Dataset/S6F04/Fake/12.wav,1,MEN,MEN-S6F04,TG:36bbea584b595983,-13.734375,1,0.4125,1.0845166e-06
mendeley/extracted/Bangla Audio Dataset Original and DeepFake Voices for AI-Based Voice Analysis and Detection/Dataset/S6F04/Fake/13.wav,1,MEN,MEN-S6F04,TG:448ba8616f75dbd9,-8.8046875,1,0.4508333333333333,0.00015000567
mendeley/extracted/Bangla Audio Dataset Original and DeepFake Voices for AI-Based Voice Analysis and Detection/Dataset/S6F04/Fake/14.wav,1,MEN,MEN-S6F04,TG:fccde5258a724e5b,-10.4453125,1,0.2025,2.908344e-05
mendeley/extracted/Bangla Audio Dataset Original and DeepFake Voices for AI-Based Voice Analysis and Detection/Dataset/S6F04/Fake/15.wav,1,MEN,MEN-S6F04,TG:153cebedfe6b30fd,5.609375,1,0.4275,0.99635005
mendeley/extracted/Bangla Audio Dataset Original and DeepFake Voices for AI-Based Voice Analysis and Detection/Dataset/S6F04/Fake/16.wav,1,MEN,MEN-S6F04,TG:5c7003922e4c7b58,-6.34375,1,0.4641666666666666,0.0017546144
mendeley/extracted/Bangla Audio Dataset Original and DeepFake Voices for AI-Based Voice Analysis and Detection/Dataset/S6F04/Fake/17.wav,1,MEN,MEN-S6F04,TG:80ca3c12226c16f7,-10.96875,1,0.3741666666666666,1.7231572e-05
mendeley/extracted/Bangla Audio Dataset Original and DeepFake Voices for AI-Based Voice Analysis and Detection/Dataset/S6F04/Fake/18.wav,1,MEN,MEN-S6F04,TG:8a448ea3072baf86,-8.203125,1,0.5058333333333334,0.00027372167
mendeley/extracted/Bangla Audio Dataset Original and DeepFake Voices for AI-Based Voice Analysis and Detection/Dataset/S6F04/Fake/19.wav,1,MEN,MEN-S6F04,TG:17da6e6a5329ede6,-6.34375,1,0.4241666666666667,0.0017546144
mendeley/extracted/Bangla Audio Dataset Original and DeepFake Voices for AI-Based Voice Analysis and Detection/Dataset/S6F04/Fake/2.wav,1,MEN,MEN-S6F04,TG:992df96e94bc9811,-3.0683594,1,0.4191666666666667,0.04443143
mendeley/extracted/Bangla Audio Dataset Original and DeepFake Voices for AI-Based Voice Analysis and Detection/Dataset/S6F04/Fake/20.wav,1,MEN,MEN-S6F04,TG:b9777a1fd57cb1c6,-7.9296875,1,0.4191666666666667,0.00035976936
mendeley/extracted/Bangla Audio Dataset Original and DeepFake Voices for AI-Based Voice Analysis and Detection/Dataset/S6F04/Fake/21.wav,1,MEN,MEN-S6F04,TG:258e34608251b4c7,-11.21875,1,0.3675,1.3420014e-05
mendeley/extracted/Bangla Audio Dataset Original and DeepFake Voices for AI-Based Voice Analysis and Detection/Dataset/S6F04/Fake/22.wav,1,MEN,MEN-S6F04,TG:29664288ed9e8509,-5.0546875,1,0.4241666666666667,0.006338922
mendeley/extracted/Bangla Audio Dataset Original and DeepFake Voices for AI-Based Voice Analysis and Detection/Dataset/S6F04/Fake/23.wav,1,MEN,MEN-S6F04,TG:fcbf9ed932b2fbe3,5.5390625,1,0.5341666666666667,0.99608517
mendeley/extracted/Bangla Audio Dataset Original and DeepFake Voices for AI-Based Voice Analysis and Detection/Dataset/S6F04/Fake/24.wav,1,MEN,MEN-S6F04,TG:836191849433d6d5,-13.9375,1,0.4341666666666667,8.8515685e-07
mendeley/extracted/Bangla Audio Dataset Original and DeepFake Voices for AI-Based Voice Analysis and Detection/Dataset/S6F04/Fake/25.wav,1,MEN,MEN-S6F04,TG:ea4035e74b42874c,-5.234375,1,0.2708333333333333,0.005301895
mendeley/extracted/Bangla Audio Dataset Original and DeepFake Voices for AI-Based Voice Analysis and Detection/Dataset/S6F04/Fake/26.wav,1,MEN,MEN-S6F04,TG:0417b85de8b01bab,-7.2851562,1,0.4508333333333333,0.00068517134
mendeley/extracted/Bangla Audio Dataset Original and DeepFake Voices for AI-Based Voice Analysis and Detection/Dataset/S6F04/Fake/27.wav,1,MEN,MEN-S6F04,TG:3bf9109f0212e1a8,-8.1171875,1,0.3208333333333333,0.00029827765
mendeley/extracted/Bangla Audio Dataset Original and DeepFake Voices for AI-Based Voice Analysis and Detection/Dataset/S6F04/Fake/28.wav,1,MEN,MEN-S6F04,TG:f961d28234037075,-2.3496094,1,0.2341666666666666,0.087096825
mendeley/extracted/Bangla Audio Dataset Original and DeepFake Voices for AI-Based Voice Analysis and Detection/Dataset/S6F04/Fake/29.wav,1,MEN,MEN-S6F04,TG:b9495a9ec9da5af9,-7.3359375,1,0.4775,0.0006512683
mendeley/extracted/Bangla Audio Dataset Original and DeepFake Voices for AI-Based Voice Analysis and Detection/Dataset/S6F04/Fake/3.wav,1,MEN,MEN-S6F04,TG:e7e6ed6b7a4edc68,-7.3632812,1,0.2141666666666666,0.0006337125
mendeley/extracted/Bangla Audio Dataset Original and DeepFake Voices for AI-Based Voice Analysis and Detection/Dataset/S6F04/Fake/30.wav,1,MEN,MEN-S6F04,TG:0279e708e7bea563,-9.6640625,1,0.5241666666666667,6.352189e-05
mendeley/extracted/Bangla Audio Dataset Original and DeepFake Voices for AI-Based Voice Analysis and Detection/Dataset/S6F04/Fake/4.wav,1,MEN,MEN-S6F04,TG:bdf706ddf2da8f1f,0.30395508,1,0.3241666666666667,0.57540905
mendeley/extracted/Bangla Audio Dataset Original and DeepFake Voices for AI-Based Voice Analysis and Detection/Dataset/S6F04/Fake/5.wav,1,MEN,MEN-S6F04,TG:45be873ef4d69213,4.5429688,1,0.4291666666666667,0.98947024
mendeley/extracted/Bangla Audio Dataset Original and DeepFake Voices for AI-Based Voice Analysis and Detection/Dataset/S6F04/Fake/6.wav,1,MEN,MEN-S6F04,TG:a9fde75db394091a,-9.0,1,0.4775,0.00012339458
mendeley/extracted/Bangla Audio Dataset Original and DeepFake Voices for AI-Based Voice Analysis and Detection/Dataset/S6F04/Fake/7.wav,1,MEN,MEN-S6F04,TG:5be625d46c6a6e73,-2.46875,1,0.3991666666666666,0.07807817
mendeley/extracted/Bangla Audio Dataset Original and DeepFake Voices for AI-Based Voice Analysis and Detection/Dataset/S6F04/Fake/8.wav,1,MEN,MEN-S6F04,TG:78ae5535499f2f6b,-5.1484375,1,0.3241666666666667,0.0057749297
mendeley/extracted/Bangla Audio Dataset Original and DeepFake Voices for AI-Based Voice Analysis and Detection/Dataset/S6F04/Fake/9.wav,1,MEN,MEN-S6F04,TG:ea1c20689c6cd1cb,-9.3828125,1,0.2508333333333333,8.415109e-05
mendeley/extracted/Bangla Audio Dataset Original and DeepFake Voices for AI-Based Voice Analysis and Detection/Dataset/S6F04/Real/1.wav,0,MEN,MEN-S6F04,TG:68335bcc60eb3cac,-5.25,1,0.3841666666666666,0.005220126
mendeley/extracted/Bangla Audio Dataset Original and DeepFake Voices for AI-Based Voice Analysis and Detection/Dataset/S6F04/Real/10.wav,0,MEN,MEN-S6F04,TG:e15f93590e7860a4,7.8046875,1,0.2674999999999999,0.99959236
mendeley/extracted/Bangla Audio Dataset Original and DeepFake Voices for AI-Based Voice Analysis and Detection/Dataset/S6F04/Real/11.wav,0,MEN,MEN-S6F04,TG:d013e21519294471,-4.0,1,0.3341666666666666,0.01798621
mendeley/extracted/Bangla Audio Dataset Original and DeepFake Voices for AI-Based Voice Analysis and Detection/Dataset/S6F04/Real/12.wav,0,MEN,MEN-S6F04,TG:36bbea584b595983,-3.078125,1,0.2841666666666667,0.04401865
mendeley/extracted/Bangla Audio Dataset Original and DeepFake Voices for AI-Based Voice Analysis and Detection/Dataset/S6F04/Real/13.wav,0,MEN,MEN-S6F04,TG:448ba8616f75dbd9,-7.9101562,1,0.3175,0.0003668626
mendeley/extracted/Bangla Audio Dataset Original and DeepFake Voices for AI-Based Voice Analysis and Detection/Dataset/S6F04/Real/14.wav,0,MEN,MEN-S6F04,TG:fccde5258a724e5b,-3.4707031,1,0.2175,0.03015741
mendeley/extracted/Bangla Audio Dataset Original and DeepFake Voices for AI-Based Voice Analysis and Detection/Dataset/S6F04/Real/15.wav,0,MEN,MEN-S6F04,TG:153cebedfe6b30fd,1.9023438,1,0.2341666666666666,0.8701566
mendeley/extracted/Bangla Audio Dataset Original and DeepFake Voices for AI-Based Voice Analysis and Detection/Dataset/S6F04/Real/16.wav,0,MEN,MEN-S6F04,TG:5c7003922e4c7b58,-0.39746094,1,0.2674999999999999,0.40192252
mendeley/extracted/Bangla Audio Dataset Original and DeepFake Voices for AI-Based Voice Analysis and Detection/Dataset/S6F04/Real/17.wav,0,MEN,MEN-S6F04,TG:80ca3c12226c16f7,-7.4804688,1,0.3675,0.0005636751
mendeley/extracted/Bangla Audio Dataset Original and DeepFake Voices for AI-Based Voice Analysis and Detection/Dataset/S6F04/Real/18.wav,0,MEN,MEN-S6F04,TG:8a448ea3072baf86,-4.1328125,1,0.3675,0.015784562
mendeley/extracted/Bangla Audio Dataset Original and DeepFake Voices for AI-Based Voice Analysis and Detection/Dataset/S6F04/Real/19.wav,0,MEN,MEN-S6F04,TG:17da6e6a5329ede6,-4.6992188,1,0.3175,0.00902028
mendeley/extracted/Bangla Audio Dataset Original and DeepFake Voices for AI-Based Voice Analysis and Detection/Dataset/S6F04/Real/2.wav,0,MEN,MEN-S6F04,TG:992df96e94bc9811,2.078125,1,0.3175,0.88875884
mendeley/extracted/Bangla Audio Dataset Original and DeepFake Voices for AI-Based Voice Analysis and Detection/Dataset/S6F04/Real/20.wav,0,MEN,MEN-S6F04,TG:b9777a1fd57cb1c6,9.328125,1,0.2008333333333333,0.99991107
mendeley/extracted/Bangla Audio Dataset Original and DeepFake Voices for AI-Based Voice Analysis and Detection/Dataset/S6F04/Real/21.wav,0,MEN,MEN-S6F04,TG:258e34608251b4c7,-9.3515625,1,0.4175,8.68221e-05
mendeley/extracted/Bangla Audio Dataset Original and DeepFake Voices for AI-Based Voice Analysis and Detection/Dataset/S6F04/Real/22.wav,0,MEN,MEN-S6F04,TG:29664288ed9e8509,3.9453125,1,0.2674999999999999,0.98102194
mendeley/extracted/Bangla Audio Dataset Original and DeepFake Voices for AI-Based Voice Analysis and Detection/Dataset/S6F04/Real/23.wav,0,MEN,MEN-S6F04,TG:fcbf9ed932b2fbe3,2.7578125,1,0.1674999999999999,0.9403531
mendeley/extracted/Bangla Audio Dataset Original and DeepFake Voices for AI-Based Voice Analysis and Detection/Dataset/S6F04/Real/24.wav,0,MEN,MEN-S6F04,TG:836191849433d6d5,8.359375,1,0.2508333333333333,0.9997658
mendeley/extracted/Bangla Audio Dataset Original and DeepFake Voices for AI-Based Voice Analysis and Detection/Dataset/S6F04/Real/25.wav,0,MEN,MEN-S6F04,TG:ea4035e74b42874c,-6.2539062,1,0.1841666666666667,0.0019192374
mendeley/extracted/Bangla Audio Dataset Original and DeepFake Voices for AI-Based Voice Analysis and Detection/Dataset/S6F04/Real/26.wav,0,MEN,MEN-S6F04,TG:0417b85de8b01bab,-6.1054688,1,0.3508333333333333,0.002225671
mendeley/extracted/Bangla Audio Dataset Original and DeepFake Voices for AI-Based Voice Analysis and Detection/Dataset/S6F04/Real/27.wav,0,MEN,MEN-S6F04,TG:3bf9109f0212e1a8,-6.21875,1,0.3341666666666666,0.0019877744
mendeley/extracted/Bangla Audio Dataset Original and DeepFake Voices for AI-Based Voice Analysis and Detection/Dataset/S6F04/Real/28.wav,0,MEN,MEN-S6F04,TG:f961d28234037075,-6.3320312,1,0.2674999999999999,0.0017752605
mendeley/extracted/Bangla Audio Dataset Original and DeepFake Voices for AI-Based Voice Analysis and Detection/Dataset/S6F04/Real/29.wav,0,MEN,MEN-S6F04,TG:b9495a9ec9da5af9,-6.9492188,1,0.4175,0.000958465
mendeley/extracted/Bangla Audio Dataset Original and DeepFake Voices for AI-Based Voice Analysis and Detection/Dataset/S6F04/Real/3.wav,0,MEN,MEN-S6F04,TG:e7e6ed6b7a4edc68,4.8085938,1,0.3341666666666666,0.99190676
mendeley/extracted/Bangla Audio Dataset Original and DeepFake Voices for AI-Based Voice Analysis and Detection/Dataset/S6F04/Real/30.wav,0,MEN,MEN-S6F04,TG:0279e708e7bea563,6.6289062,1,0.3508333333333333,0.9986802
mendeley/extracted/Bangla Audio Dataset Original and DeepFake Voices for AI-Based Voice Analysis and Detection/Dataset/S6F04/Real/4.wav,0,MEN,MEN-S6F04,TG:bdf706ddf2da8f1f,-0.7441406,1,0.4175,0.3220994
mendeley/extracted/Bangla Audio Dataset Original and DeepFake Voices for AI-Based Voice Analysis and Detection/Dataset/S6F04/Real/5.wav,0,MEN,MEN-S6F04,TG:45be873ef4d69213,5.2460938,1,0.4175,0.9947595
mendeley/extracted/Bangla Audio Dataset Original and DeepFake Voices for AI-Based Voice Analysis and Detection/Dataset/S6F04/Real/6.wav,0,MEN,MEN-S6F04,TG:a9fde75db394091a,-2.7421875,1,0.3841666666666666,0.060529396
mendeley/extracted/Bangla Audio Dataset Original and DeepFake Voices for AI-Based Voice Analysis and Detection/Dataset/S6F04/Real/7.wav,0,MEN,MEN-S6F04,TG:5be625d46c6a6e73,4.8671875,1,0.3508333333333333,0.9923638
mendeley/extracted/Bangla Audio Dataset Original and DeepFake Voices for AI-Based Voice Analysis and Detection/Dataset/S6F04/Real/8.wav,0,MEN,MEN-S6F04,TG:78ae5535499f2f6b,-7.7382812,1,0.3341666666666666,0.00043563018
mendeley/extracted/Bangla Audio Dataset Original and DeepFake Voices for AI-Based Voice Analysis and Detection/Dataset/S6F04/Real/9.wav,0,MEN,MEN-S6F04,TG:ea1c20689c6cd1cb,-18.21875,1,0.2008333333333333,1.2237632e-08
mendeley/extracted/Bangla Audio Dataset Original and DeepFake Voices for AI-Based Voice Analysis and Detection/Dataset/S6M01/Fake/1.wav,1,MEN,MEN-S6M01,TG:68335bcc60eb3cac,-16.609375,1,0.5525,6.11843e-08
mendeley/extracted/Bangla Audio Dataset Original and DeepFake Voices for AI-Based Voice Analysis and Detection/Dataset/S6M01/Fake/10.wav,1,MEN,MEN-S6M01,TG:e15f93590e7860a4,1.9951172,1,0.2325,0.8802834
mendeley/extracted/Bangla Audio Dataset Original and DeepFake Voices for AI-Based Voice Analysis and Detection/Dataset/S6M01/Fake/11.wav,1,MEN,MEN-S6M01,TG:d013e21519294471,-8.6875,1,0.3808333333333333,0.00016865275
mendeley/extracted/Bangla Audio Dataset Original and DeepFake Voices for AI-Based Voice Analysis and Detection/Dataset/S6M01/Fake/12.wav,1,MEN,MEN-S6M01,TG:36bbea584b595983,-5.2070312,1,0.4775,0.0054480685
mendeley/extracted/Bangla Audio Dataset Original and DeepFake Voices for AI-Based Voice Analysis and Detection/Dataset/S6M01/Fake/13.wav,1,MEN,MEN-S6M01,TG:448ba8616f75dbd9,6.0703125,1,0.3741666666666666,0.9976949
mendeley/extracted/Bangla Audio Dataset Original and DeepFake Voices for AI-Based Voice Analysis and Detection/Dataset/S6M01/Fake/14.wav,1,MEN,MEN-S6M01,TG:fccde5258a724e5b,-5.3828125,1,0.3041666666666667,0.0045738644
mendeley/extracted/Bangla Audio Dataset Original and DeepFake Voices for AI-Based Voice Analysis and Detection/Dataset/S6M01/Fake/15.wav,1,MEN,MEN-S6M01,TG:153cebedfe6b30fd,-0.67822266,1,0.2758333333333334,0.3366581
mendeley/extracted/Bangla Audio Dataset Original and DeepFake Voices for AI-Based Voice Analysis and Detection/Dataset/S6M01/Fake/16.wav,1,MEN,MEN-S6M01,TG:5c7003922e4c7b58,8.3046875,1,0.3625,0.9997527
mendeley/extracted/Bangla Audio Dataset Original and DeepFake Voices for AI-Based Voice Analysis and Detection/Dataset/S6M01/Fake/17.wav,1,MEN,MEN-S6M01,TG:80ca3c12226c16f7,-10.7265625,1,0.4308333333333333,2.1953489e-05
mendeley/extracted/Bangla Audio Dataset Original and DeepFake Voices for AI-Based Voice Analysis and Detection/Dataset/S6M01/Fake/18.wav,1,MEN,MEN-S6M01,TG:8a448ea3072baf86,6.8945312,1,0.4341666666666667,0.99898773
mendeley/extracted/Bangla Audio Dataset Original and DeepFake Voices for AI-Based Voice Analysis and Detection/Dataset/S6M01/Fake/19.wav,1,MEN,MEN-S6M01,TG:17da6e6a5329ede6,-6.9648438,1,0.4708333333333333,0.00094361923
mendeley/extracted/Bangla Audio Dataset Original and DeepFake Voices for AI-Based Voice Analysis and Detection/Dataset/S6M01/Fake/2.wav,1,MEN,MEN-S6M01,TG:992df96e94bc9811,-1.7480469,1,0.3941666666666666,0.1482937
mendeley/extracted/Bangla Audio Dataset Original and DeepFake Voices for AI-Based Voice Analysis and Detection/Dataset/S6M01/Fake/20.wav,1,MEN,MEN-S6M01,TG:b9777a1fd57cb1c6,4.9882812,1,0.3175,0.9932288
mendeley/extracted/Bangla Audio Dataset Original and DeepFake Voices for AI-Based Voice Analysis and Detection/Dataset/S6M01/Fake/21.wav,1,MEN,MEN-S6M01,TG:258e34608251b4c7,-1.8046875,1,0.3541666666666666,0.14128143
mendeley/extracted/Bangla Audio Dataset Original and DeepFake Voices for AI-Based Voice Analysis and Detection/Dataset/S6M01/Fake/22.wav,1,MEN,MEN-S6M01,TG:29664288ed9e8509,-6.6367188,1,0.3824999999999999,0.0013096055
mendeley/extracted/Bangla Audio Dataset Original and DeepFake Voices for AI-Based Voice Analysis and Detection/Dataset/S6M01/Fake/23.wav,1,MEN,MEN-S6M01,TG:fcbf9ed932b2fbe3,12.0703125,1,0.5108333333333333,0.9999943
mendeley/extracted/Bangla Audio Dataset Original and DeepFake Voices for AI-Based Voice Analysis and Detection/Dataset/S6M01/Fake/24.wav,1,MEN,MEN-S6M01,TG:836191849433d6d5,8.15625,1,0.4441666666666667,0.9997131
mendeley/extracted/Bangla Audio Dataset Original and DeepFake Voices for AI-Based Voice Analysis and Detection/Dataset/S6M01/Fake/25.wav,1,MEN,MEN-S6M01,TG:ea4035e74b42874c,11.328125,1,0.3708333333333333,0.99998796
mendeley/extracted/Bangla Audio Dataset Original and DeepFake Voices for AI-Based Voice Analysis and Detection/Dataset/S6M01/Fake/26.wav,1,MEN,MEN-S6M01,TG:0417b85de8b01bab,-0.94189453,1,0.4775,0.28051782
mendeley/extracted/Bangla Audio Dataset Original and DeepFake Voices for AI-Based Voice Analysis and Detection/Dataset/S6M01/Fake/27.wav,1,MEN,MEN-S6M01,TG:3bf9109f0212e1a8,-5.6484375,1,0.3941666666666666,0.0035106489
mendeley/extracted/Bangla Audio Dataset Original and DeepFake Voices for AI-Based Voice Analysis and Detection/Dataset/S6M01/Fake/28.wav,1,MEN,MEN-S6M01,TG:f961d28234037075,2.8105469,1,0.3275,0.9432431
mendeley/extracted/Bangla Audio Dataset Original and DeepFake Voices for AI-Based Voice Analysis and Detection/Dataset/S6M01/Fake/29.wav,1,MEN,MEN-S6M01,TG:b9495a9ec9da5af9,-0.83447266,1,0.4408333333333333,0.30270016
mendeley/extracted/Bangla Audio Dataset Original and DeepFake Voices for AI-Based Voice Analysis and Detection/Dataset/S6M01/Fake/3.wav,1,MEN,MEN-S6M01,TG:e7e6ed6b7a4edc68,-7.1171875,1,0.1691666666666667,0.00081038737
mendeley/extracted/Bangla Audio Dataset Original and DeepFake Voices for AI-Based Voice Analysis and Detection/Dataset/S6M01/Fake/30.wav,1,MEN,MEN-S6M01,TG:0279e708e7bea563,-7.7578125,1,0.5308333333333333,0.00042720794
mendeley/extracted/Bangla Audio Dataset Original and DeepFake Voices for AI-Based Voice Analysis and Detection/Dataset/S6M01/Fake/4.wav,1,MEN,MEN-S6M01,TG:bdf706ddf2da8f1f,4.2851562,1,0.2908333333333334,0.9864157
mendeley/extracted/Bangla Audio Dataset Original and DeepFake Voices for AI-Based Voice Analysis and Detection/Dataset/S6M01/Fake/5.wav,1,MEN,MEN-S6M01,TG:45be873ef4d69213,1.0771484,1,0.3358333333333333,0.745954
mendeley/extracted/Bangla Audio Dataset Original and DeepFake Voices for AI-Based Voice Analysis and Detection/Dataset/S6M01/Fake/6.wav,1,MEN,MEN-S6M01,TG:a9fde75db394091a,-10.984375,1,0.2225,1.6964426e-05
mendeley/extracted/Bangla Audio Dataset Original and DeepFake Voices for AI-Based Voice Analysis and Detection/Dataset/S6M01/Fake/7.wav,1,MEN,MEN-S6M01,TG:5be625d46c6a6e73,7.1875,1,0.0308333333333333,0.9992446
mendeley/extracted/Bangla Audio Dataset Original and DeepFake Voices for AI-Based Voice Analysis and Detection/Dataset/S6M01/Fake/8.wav,1,MEN,MEN-S6M01,TG:78ae5535499f2f6b,4.4804688,1,0.2674999999999999,0.9887988
mendeley/extracted/Bangla Audio Dataset Original and DeepFake Voices for AI-Based Voice Analysis and Detection/Dataset/S6M01/Fake/9.wav,1,MEN,MEN-S6M01,TG:ea1c20689c6cd1cb,4.8476562,1,0.1541666666666666,0.9922144
mendeley/extracted/Bangla Audio Dataset Original and DeepFake Voices for AI-Based Voice Analysis and Detection/Dataset/S6M01/Real/1.wav,0,MEN,MEN-S6M01,TG:68335bcc60eb3cac,5.546875,1,0.4508333333333333,0.99611557
mendeley/extracted/Bangla Audio Dataset Original and DeepFake Voices for AI-Based Voice Analysis and Detection/Dataset/S6M01/Real/10.wav,0,MEN,MEN-S6M01,TG:e15f93590e7860a4,6.4453125,1,0.3008333333333333,0.9984145
mendeley/extracted/Bangla Audio Dataset Original and DeepFake Voices for AI-Based Voice Analysis and Detection/Dataset/S6M01/Real/11.wav,0,MEN,MEN-S6M01,TG:d013e21519294471,-6.2070312,1,0.3175,0.0020111583
mendeley/extracted/Bangla Audio Dataset Original and DeepFake Voices for AI-Based Voice Analysis and Detection/Dataset/S6M01/Real/12.wav,0,MEN,MEN-S6M01,TG:36bbea584b595983,4.4101562,1,0.3841666666666666,0.98799264
mendeley/extracted/Bangla Audio Dataset Original and DeepFake Voices for AI-Based Voice Analysis and Detection/Dataset/S6M01/Real/13.wav,0,MEN,MEN-S6M01,TG:448ba8616f75dbd9,-4.4921875,1,0.3508333333333333,0.01107216
mendeley/extracted/Bangla Audio Dataset Original and DeepFake Voices for AI-Based Voice Analysis and Detection/Dataset/S6M01/Real/14.wav,0,MEN,MEN-S6M01,TG:fccde5258a724e5b,4.546875,1,0.2175,0.98951083
mendeley/extracted/Bangla Audio Dataset Original and DeepFake Voices for AI-Based Voice Analysis and Detection/Dataset/S6M01/Real/15.wav,0,MEN,MEN-S6M01,TG:153cebedfe6b30fd,4.8125,1,0.3175,0.99193794
mendeley/extracted/Bangla Audio Dataset Original and DeepFake Voices for AI-Based Voice Analysis and Detection/Dataset/S6M01/Real/16.wav,0,MEN,MEN-S6M01,TG:5c7003922e4c7b58,-0.90722656,1,0.3341666666666666,0.2875677
mendeley/extracted/Bangla Audio Dataset Original and DeepFake Voices for AI-Based Voice Analysis and Detection/Dataset/S6M01/Real/17.wav,0,MEN,MEN-S6M01,TG:80ca3c12226c16f7,0.5722656,1,0.3508333333333333,0.63928574
mendeley/extracted/Bangla Audio Dataset Original and DeepFake Voices for AI-Based Voice Analysis and Detection/Dataset/S6M01/Real/18.wav,0,MEN,MEN-S6M01,TG:8a448ea3072baf86,4.234375,1,0.3675,0.98571813
mendeley/extracted/Bangla Audio Dataset Original and DeepFake Voices for AI-Based Voice Analysis and Detection/Dataset/S6M01/Real/19.wav,0,MEN,MEN-S6M01,TG:17da6e6a5329ede6,2.4726562,1,0.3841666666666666,0.9222025
mendeley/extracted/Bangla Audio Dataset Original and DeepFake Voices for AI-Based Voice Analysis and Detection/Dataset/S6M01/Real/2.wav,0,MEN,MEN-S6M01,TG:992df96e94bc9811,5.2382812,1,0.3175,0.9947187
mendeley/extracted/Bangla Audio Dataset Original and DeepFake Voices for AI-Based Voice Analysis and Detection/Dataset/S6M01/Real/20.wav,0,MEN,MEN-S6M01,TG:b9777a1fd57cb1c6,5.8789062,1,0.3675,0.99720997
mendeley/extracted/Bangla Audio Dataset Original and DeepFake Voices for AI-Based Voice Analysis and Detection/Dataset/S6M01/Real/21.wav,0,MEN,MEN-S6M01,TG:258e34608251b4c7,-9.5703125,1,0.4341666666666667,6.976471e-05
mendeley/extracted/Bangla Audio Dataset Original and DeepFake Voices for AI-Based Voice Analysis and Detection/Dataset/S6M01/Real/22.wav,0,MEN,MEN-S6M01,TG:29664288ed9e8509,-5.4179688,1,0.4008333333333334,0.0044165556
mendeley/extracted/Bangla Audio Dataset Original and DeepFake Voices for AI-Based Voice Analysis and Detection/Dataset/S6M01/Real/23.wav,0,MEN,MEN-S6M01,TG:fcbf9ed932b2fbe3,5.0664062,1,0.2841666666666667,0.99373454
mendeley/extracted/Bangla Audio Dataset Original and DeepFake Voices for AI-Based Voice Analysis and Detection/Dataset/S6M01/Real/24.wav,0,MEN,MEN-S6M01,TG:836191849433d6d5,5.8203125,1,0.2841666666666667,0.9970421
mendeley/extracted/Bangla Audio Dataset Original and DeepFake Voices for AI-Based Voice Analysis and Detection/Dataset/S6M01/Real/25.wav,0,MEN,MEN-S6M01,TG:ea4035e74b42874c,3.5253906,1,0.2674999999999999,0.97140163
mendeley/extracted/Bangla Audio Dataset Original and DeepFake Voices for AI-Based Voice Analysis and Detection/Dataset/S6M01/Real/26.wav,0,MEN,MEN-S6M01,TG:0417b85de8b01bab,6.2382812,1,0.3508333333333333,0.9980506
mendeley/extracted/Bangla Audio Dataset Original and DeepFake Voices for AI-Based Voice Analysis and Detection/Dataset/S6M01/Real/27.wav,0,MEN,MEN-S6M01,TG:3bf9109f0212e1a8,-8.5234375,1,0.4008333333333334,0.00019871553
mendeley/extracted/Bangla Audio Dataset Original and DeepFake Voices for AI-Based Voice Analysis and Detection/Dataset/S6M01/Real/28.wav,0,MEN,MEN-S6M01,TG:f961d28234037075,4.0976562,1,0.3508333333333333,0.98365986
mendeley/extracted/Bangla Audio Dataset Original and DeepFake Voices for AI-Based Voice Analysis and Detection/Dataset/S6M01/Real/29.wav,0,MEN,MEN-S6M01,TG:b9495a9ec9da5af9,2.1386719,1,0.3841666666666666,0.89460546
mendeley/extracted/Bangla Audio Dataset Original and DeepFake Voices for AI-Based Voice Analysis and Detection/Dataset/S6M01/Real/3.wav,0,MEN,MEN-S6M01,TG:e7e6ed6b7a4edc68,-7.0546875,1,0.3175,0.00086260773
mendeley/extracted/Bangla Audio Dataset Original and DeepFake Voices for AI-Based Voice Analysis and Detection/Dataset/S6M01/Real/30.wav,0,MEN,MEN-S6M01,TG:0279e708e7bea563,5.5625,1,0.4841666666666666,0.9961755
mendeley/extracted/Bangla Audio Dataset Original and DeepFake Voices for AI-Based Voice Analysis and Detection/Dataset/S6M01/Real/4.wav,0,MEN,MEN-S6M01,TG:bdf706ddf2da8f1f,2.1640625,1,0.2674999999999999,0.8969756
mendeley/extracted/Bangla Audio Dataset Original and DeepFake Voices for AI-Based Voice Analysis and Detection/Dataset/S6M01/Real/5.wav,0,MEN,MEN-S6M01,TG:45be873ef4d69213,5.125,1,0.3175,0.994089
mendeley/extracted/Bangla Audio Dataset Original and DeepFake Voices for AI-Based Voice Analysis and Detection/Dataset/S6M01/Real/6.wav,0,MEN,MEN-S6M01,TG:a9fde75db394091a,-6.8476562,1,0.3675,0.0010608152
mendeley/extracted/Bangla Audio Dataset Original and DeepFake Voices for AI-Based Voice Analysis and Detection/Dataset/S6M01/Real/7.wav,0,MEN,MEN-S6M01,TG:5be625d46c6a6e73,0.87841797,1,0.2341666666666666,0.7064943
mendeley/extracted/Bangla Audio Dataset Original and DeepFake Voices for AI-Based Voice Analysis and Detection/Dataset/S6M01/Real/8.wav,0,MEN,MEN-S6M01,TG:78ae5535499f2f6b,1.0078125,1,0.1841666666666667,0.7325918
mendeley/extracted/Bangla Audio Dataset Original and DeepFake Voices for AI-Based Voice Analysis and Detection/Dataset/S6M01/Real/9.wav,0,MEN,MEN-S6M01,TG:ea1c20689c6cd1cb,5.2226562,1,0.2841666666666667,0.9946359
mendeley/extracted/Bangla Audio Dataset Original and DeepFake Voices for AI-Based Voice Analysis and Detection/Dataset/S6M02/Fake/1.wav,1,MEN,MEN-S6M02,TG:68335bcc60eb3cac,-11.265625,1,0.5441666666666667,1.2805474e-05
mendeley/extracted/Bangla Audio Dataset Original and DeepFake Voices for AI-Based Voice Analysis and Detection/Dataset/S6M02/Fake/10.wav,1,MEN,MEN-S6M02,TG:e15f93590e7860a4,-7.4257812,1,0.1658333333333334,0.0005953407
mendeley/extracted/Bangla Audio Dataset Original and DeepFake Voices for AI-Based Voice Analysis and Detection/Dataset/S6M02/Fake/11.wav,1,MEN,MEN-S6M02,TG:d013e21519294471,0.059448242,1,0.3675,0.51485765
mendeley/extracted/Bangla Audio Dataset Original and DeepFake Voices for AI-Based Voice Analysis and Detection/Dataset/S6M02/Fake/12.wav,1,MEN,MEN-S6M02,TG:36bbea584b595983,-4.3359375,1,0.4441666666666667,0.012920474
mendeley/extracted/Bangla Audio Dataset Original and DeepFake Voices for AI-Based Voice Analysis and Detection/Dataset/S6M02/Fake/13.wav,1,MEN,MEN-S6M02,TG:448ba8616f75dbd9,-5.6523438,1,0.3924999999999999,0.0034970103
mendeley/extracted/Bangla Audio Dataset Original and DeepFake Voices for AI-Based Voice Analysis and Detection/Dataset/S6M02/Fake/14.wav,1,MEN,MEN-S6M02,TG:fccde5258a724e5b,-9.7890625,1,0.2341666666666666,5.6058285e-05
mendeley/extracted/Bangla Audio Dataset Original and DeepFake Voices for AI-Based Voice Analysis and Detection/Dataset/S6M02/Fake/15.wav,1,MEN,MEN-S6M02,TG:153cebedfe6b30fd,1.3447266,1,0.2941666666666667,0.7932662
mendeley/extracted/Bangla Audio Dataset Original and DeepFake Voices for AI-Based Voice Analysis and Detection/Dataset/S6M02/Fake/16.wav,1,MEN,MEN-S6M02,TG:5c7003922e4c7b58,8.59375,1,0.3325,0.9998148
mendeley/extracted/Bangla Audio Dataset Original and DeepFake Voices for AI-Based Voice Analysis and Detection/Dataset/S6M02/Fake/17.wav,1,MEN,MEN-S6M02,TG:80ca3c12226c16f7,-7.9726562,1,0.4691666666666666,0.0003446432
mendeley/extracted/Bangla Audio Dataset Original and DeepFake Voices for AI-Based Voice Analysis and Detection/Dataset/S6M02/Fake/18.wav,1,MEN,MEN-S6M02,TG:8a448ea3072baf86,-5.2226562,1,0.4041666666666667,0.0053640567
mendeley/extracted/Bangla Audio Dataset Original and DeepFake Voices for AI-Based Voice Analysis and Detection/Dataset/S6M02/Fake/19.wav,1,MEN,MEN-S6M02,TG:17da6e6a5329ede6,-7.8710938,1,0.4941666666666666,0.00038147118
mendeley/extracted/Bangla Audio Dataset Original and DeepFake Voices for AI-Based Voice Analysis and Detection/Dataset/S6M02/Fake/2.wav,1,MEN,MEN-S6M02,TG:992df96e94bc9811,-2.0800781,1,0.3641666666666666,0.11104827
mendeley/extracted/Bangla Audio Dataset Original and DeepFake Voices for AI-Based Voice Analysis and Detection/Dataset/S6M02/Fake/20.wav,1,MEN,MEN-S6M02,TG:b9777a1fd57cb1c6,-5.921875,1,0.3308333333333333,0.002673006
mendeley/extracted/Bangla Audio Dataset Original and DeepFake Voices for AI-Based Voice Analysis and Detection/Dataset/S6M02/Fake/21.wav,1,MEN,MEN-S6M02,TG:258e34608251b4c7,-4.0390625,1,0.3275,0.017309096
mendeley/extracted/Bangla Audio Dataset Original and DeepFake Voices for AI-Based Voice Analysis and Detection/Dataset/S6M02/Fake/22.wav,1,MEN,MEN-S6M02,TG:29664288ed9e8509,3.9335938,1,0.3508333333333333,0.98080254
mendeley/extracted/Bangla Audio Dataset Original and DeepFake Voices for AI-Based Voice Analysis and Detection/Dataset/S6M02/Fake/23.wav,1,MEN,MEN-S6M02,TG:fcbf9ed932b2fbe3,7.109375,1,0.4875,0.99918324
mendeley/extracted/Bangla Audio Dataset Original and DeepFake Voices for AI-Based Voice Analysis and Detection/Dataset/S6M02/Fake/24.wav,1,MEN,MEN-S6M02,TG:836191849433d6d5,-9.1171875,1,0.4041666666666667,0.00010975091
mendeley/extracted/Bangla Audio Dataset Original and DeepFake Voices for AI-Based Voice Analysis and Detection/Dataset/S6M02/Fake/25.wav,1,MEN,MEN-S6M02,TG:ea4035e74b42874c,-6.3945312,1,0.3275,0.0016678823
mendeley/extracted/Bangla Audio Dataset Original and DeepFake Voices for AI-Based Voice Analysis and Detection/Dataset/S6M02/Fake/26.wav,1,MEN,MEN-S6M02,TG:0417b85de8b01bab,-8.3515625,1,0.4308333333333333,0.00023597172
mendeley/extracted/Bangla Audio Dataset Original and DeepFake Voices for AI-Based Voice Analysis and Detection/Dataset/S6M02/Fake/27.wav,1,MEN,MEN-S6M02,TG:3bf9109f0212e1a8,-8.640625,1,0.3991666666666666,0.00017674513
mendeley/extracted/Bangla Audio Dataset Original and DeepFake Voices for AI-Based Voice Analysis and Detection/Dataset/S6M02/Fake/28.wav,1,MEN,MEN-S6M02,TG:f961d28234037075,-11.25,1,0.3675,1.30071285e-05
mendeley/extracted/Bangla Audio Dataset Original and DeepFake Voices for AI-Based Voice Analysis and Detection/Dataset/S6M02/Fake/29.wav,1,MEN,MEN-S6M02,TG:b9495a9ec9da5af9,-8.015625,1,0.5208333333333333,0.00033015275
mendeley/extracted/Bangla Audio Dataset Original and DeepFake Voices for AI-Based Voice Analysis and Detection/Dataset/S6M02/Fake/3.wav,1,MEN,MEN-S6M02,TG:e7e6ed6b7a4edc68,0.58203125,1,0.1541666666666666,0.6415346
mendeley/extracted/Bangla Audio Dataset Original and DeepFake Voices for AI-Based Voice Analysis and Detection/Dataset/S6M02/Fake/30.wav,1,MEN,MEN-S6M02,TG:0279e708e7bea563,-9.1484375,1,0.5341666666666667,0.00010637458
mendeley/extracted/Bangla Audio Dataset Original and DeepFake Voices for AI-Based Voice Analysis and Detection/Dataset/S6M02/Fake/4.wav,1,MEN,MEN-S6M02,TG:bdf706ddf2da8f1f,5.71875,1,0.3774999999999999,0.9967269
mendeley/extracted/Bangla Audio Dataset Original and DeepFake Voices for AI-Based Voice Analysis and Detection/Dataset/S6M02/Fake/5.wav,1,MEN,MEN-S6M02,TG:45be873ef4d69213,2.1523438,1,0.3525,0.8958876
mendeley/extracted/Bangla Audio Dataset Original and DeepFake Voices for AI-Based Voice Analysis and Detection/Dataset/S6M02/Fake/6.wav,1,MEN,MEN-S6M02,TG:a9fde75db394091a,-7.78125,1,0.4408333333333333,0.00041731578
mendeley/extracted/Bangla Audio Dataset Original and DeepFake Voices for AI-Based Voice Analysis and Detection/Dataset/S6M02/Fake/7.wav,1,MEN,MEN-S6M02,TG:5be625d46c6a6e73,-4.640625,1,0.0725,0.009559399
mendeley/extracted/Bangla Audio Dataset Original and DeepFake Voices for AI-Based Voice Analysis and Detection/Dataset/S6M02/Fake/8.wav,1,MEN,MEN-S6M02,TG:78ae5535499f2f6b,-4.2304688,1,0.2008333333333333,0.01433703
mendeley/extracted/Bangla Audio Dataset Original and DeepFake Voices for AI-Based Voice Analysis and Detection/Dataset/S6M02/Fake/9.wav,1,MEN,MEN-S6M02,TG:ea1c20689c6cd1cb,-3.8964844,1,0.1474999999999999,0.01990879
mendeley/extracted/Bangla Audio Dataset Original and DeepFake Voices for AI-Based Voice Analysis and Detection/Dataset/S6M02/Real/1.wav,0,MEN,MEN-S6M02,TG:68335bcc60eb3cac,-11.078125,1,0.5008333333333334,1.5446309e-05
mendeley/extracted/Bangla Audio Dataset Original and DeepFake Voices for AI-Based Voice Analysis and Detection/Dataset/S6M02/Real/10.wav,0,MEN,MEN-S6M02,TG:e15f93590e7860a4,-10.0234375,1,0.3841666666666666,4.434627e-05
mendeley/extracted/Bangla Audio Dataset Original and DeepFake Voices for AI-Based Voice Analysis and Detection/Dataset/S6M02/Real/11.wav,0,MEN,MEN-S6M02,TG:d013e21519294471,-18.078125,1,0.4341666666666667,1.4085428e-08
mendeley/extracted/Bangla Audio Dataset Original and DeepFake Voices for AI-Based Voice Analysis and Detection/Dataset/S6M02/Real/12.wav,0,MEN,MEN-S6M02,TG:36bbea584b595983,-10.546875,1,0.5341666666666667,2.6274773e-05
mendeley/extracted/Bangla Audio Dataset Original and DeepFake Voices for AI-Based Voice Analysis and Detection/Dataset/S6M02/Real/13.wav,0,MEN,MEN-S6M02,TG:448ba8616f75dbd9,-9.6953125,1,0.4008333333333334,6.156764e-05
mendeley/extracted/Bangla Audio Dataset Original and DeepFake Voices for AI-Based Voice Analysis and Detection/Dataset/S6M02/Real/14.wav,0,MEN,MEN-S6M02,TG:fccde5258a724e5b,-10.0703125,1,0.3675,4.2315598e-05
mendeley/extracted/Bangla Audio Dataset Original and DeepFake Voices for AI-Based Voice Analysis and Detection/Dataset/S6M02/Real/15.wav,0,MEN,MEN-S6M02,TG:153cebedfe6b30fd,-11.3828125,1,0.3675,1.138944e-05
mendeley/extracted/Bangla Audio Dataset Original and DeepFake Voices for AI-Based Voice Analysis and Detection/Dataset/S6M02/Real/16.wav,0,MEN,MEN-S6M02,TG:5c7003922e4c7b58,-6.9609375,1,0.4841666666666666,0.00094730896
mendeley/extracted/Bangla Audio Dataset Original and DeepFake Voices for AI-Based Voice Analysis and Detection/Dataset/S6M02/Real/17.wav,0,MEN,MEN-S6M02,TG:80ca3c12226c16f7,-14.75,1,0.4341666666666667,3.927862e-07
mendeley/extracted/Bangla Audio Dataset Original and DeepFake Voices for AI-Based Voice Analysis and Detection/Dataset/S6M02/Real/18.wav,0,MEN,MEN-S6M02,TG:8a448ea3072baf86,-10.234375,1,0.4841666666666666,3.5913014e-05
mendeley/extracted/Bangla Audio Dataset Original and DeepFake Voices for AI-Based Voice Analysis and Detection/Dataset/S6M02/Real/19.wav,0,MEN,MEN-S6M02,TG:17da6e6a5329ede6,-7.796875,1,0.5008333333333334,0.00041084853
mendeley/extracted/Bangla Audio Dataset Original and DeepFake Voices for AI-Based Voice Analysis and Detection/Dataset/S6M02/Real/2.wav,0,MEN,MEN-S6M02,TG:992df96e94bc9811,-13.59375,1,0.4341666666666667,1.2482709e-06
mendeley/extracted/Bangla Audio Dataset Original and DeepFake Voices for AI-Based Voice Analysis and Detection/Dataset/S6M02/Real/20.wav,0,MEN,MEN-S6M02,TG:b9777a1fd57cb1c6,-15.5234375,1,0.4508333333333333,1.8124108e-07
mendeley/extracted/Bangla Audio Dataset Original and DeepFake Voices for AI-Based Voice Analysis and Detection/Dataset/S6M02/Real/21.wav,0,MEN,MEN-S6M02,TG:258e34608251b4c7,-20.96875,1,0.5341666666666667,7.823257e-10
mendeley/extracted/Bangla Audio Dataset Original and DeepFake Voices for AI-Based Voice Analysis and Detection/Dataset/S6M02/Real/22.wav,0,MEN,MEN-S6M02,TG:29664288ed9e8509,-10.1875,1,0.6025,3.7636448e-05
mendeley/extracted/Bangla Audio Dataset Original and DeepFake Voices for AI-Based Voice Analysis and Detection/Dataset/S6M02/Real/23.wav,0,MEN,MEN-S6M02,TG:fcbf9ed932b2fbe3,-2.4492188,1,0.4508333333333333,0.079495706
mendeley/extracted/Bangla Audio Dataset Original and DeepFake Voices for AI-Based Voice Analysis and Detection/Dataset/S6M02/Real/24.wav,0,MEN,MEN-S6M02,TG:836191849433d6d5,-8.0390625,1,0.4341666666666667,0.00032250723
mendeley/extracted/Bangla Audio Dataset Original and DeepFake Voices for AI-Based Voice Analysis and Detection/Dataset/S6M02/Real/25.wav,0,MEN,MEN-S6M02,TG:ea4035e74b42874c,-16.65625,1,0.4175,5.8382472e-08
mendeley/extracted/Bangla Audio Dataset Original and DeepFake Voices for AI-Based Voice Analysis and Detection/Dataset/S6M02/Real/26.wav,0,MEN,MEN-S6M02,TG:0417b85de8b01bab,-8.6796875,1,0.4508333333333333,0.00016997529
mendeley/extracted/Bangla Audio Dataset Original and DeepFake Voices for AI-Based Voice Analysis and Detection/Dataset/S6M02/Real/27.wav,0,MEN,MEN-S6M02,TG:3bf9109f0212e1a8,-13.1796875,1,0.4341666666666667,1.8885723e-06
mendeley/extracted/Bangla Audio Dataset Original and DeepFake Voices for AI-Based Voice Analysis and Detection/Dataset/S6M02/Real/28.wav,0,MEN,MEN-S6M02,TG:f961d28234037075,-13.3984375,1,0.3508333333333333,1.517511e-06
mendeley/extracted/Bangla Audio Dataset Original and DeepFake Voices for AI-Based Voice Analysis and Detection/Dataset/S6M02/Real/29.wav,0,MEN,MEN-S6M02,TG:b9495a9ec9da5af9,-8.8984375,1,0.4908333333333333,0.00013658353
mendeley/extracted/Bangla Audio Dataset Original and DeepFake Voices for AI-Based Voice Analysis and Detection/Dataset/S6M02/Real/3.wav,0,MEN,MEN-S6M02,TG:e7e6ed6b7a4edc68,-14.8828125,1,0.3924999999999999,3.439351e-07
mendeley/extracted/Bangla Audio Dataset Original and DeepFake Voices for AI-Based Voice Analysis and Detection/Dataset/S6M02/Real/30.wav,0,MEN,MEN-S6M02,TG:0279e708e7bea563,-20.125,1,0.5508333333333333,1.8189618e-09
mendeley/extracted/Bangla Audio Dataset Original and DeepFake Voices for AI-Based Voice Analysis and Detection/Dataset/S6M02/Real/4.wav,0,MEN,MEN-S6M02,TG:bdf706ddf2da8f1f,-6.4726562,1,0.3508333333333333,0.0015427324
mendeley/extracted/Bangla Audio Dataset Original and DeepFake Voices for AI-Based Voice Analysis and Detection/Dataset/S6M02/Real/5.wav,0,MEN,MEN-S6M02,TG:45be873ef4d69213,-14.6015625,1,0.4508333333333333,4.5563993e-07
mendeley/extracted/Bangla Audio Dataset Original and DeepFake Voices for AI-Based Voice Analysis and Detection/Dataset/S6M02/Real/6.wav,0,MEN,MEN-S6M02,TG:a9fde75db394091a,-7.3789062,1,0.5825,0.00062389387
mendeley/extracted/Bangla Audio Dataset Original and DeepFake Voices for AI-Based Voice Analysis and Detection/Dataset/S6M02/Real/7.wav,0,MEN,MEN-S6M02,TG:5be625d46c6a6e73,-10.6875,1,0.5341666666666667,2.2827997e-05
mendeley/extracted/Bangla Audio Dataset Original and DeepFake Voices for AI-Based Voice Analysis and Detection/Dataset/S6M02/Real/8.wav,0,MEN,MEN-S6M02,TG:78ae5535499f2f6b,-10.2734375,1,0.5041666666666667,3.4537254e-05
mendeley/extracted/Bangla Audio Dataset Original and DeepFake Voices for AI-Based Voice Analysis and Detection/Dataset/S6M02/Real/9.wav,0,MEN,MEN-S6M02,TG:ea1c20689c6cd1cb,-19.8125,1,0.4508333333333333,2.486226e-09
mendeley/extracted/Bangla Audio Dataset Original and DeepFake Voices for AI-Based Voice Analysis and Detection/Dataset/S6M05/Fake/1.wav,1,MEN,MEN-S6M05,TG:68335bcc60eb3cac,-13.0,1,0.5291666666666667,2.2603244e-06
mendeley/extracted/Bangla Audio Dataset Original and DeepFake Voices for AI-Based Voice Analysis and Detection/Dataset/S6M05/Fake/10.wav,1,MEN,MEN-S6M05,TG:e15f93590e7860a4,0.42700195,1,0.2225,0.60515755
mendeley/extracted/Bangla Audio Dataset Original and DeepFake Voices for AI-Based Voice Analysis and Detection/Dataset/S6M05/Fake/11.wav,1,MEN,MEN-S6M05,TG:d013e21519294471,4.2539062,1,0.3625,0.9859904
mendeley/extracted/Bangla Audio Dataset Original and DeepFake Voices for AI-Based Voice Analysis and Detection/Dataset/S6M05/Fake/12.wav,1,MEN,MEN-S6M05,TG:36bbea584b595983,-7.5546875,1,0.4741666666666666,0.0005233757
mendeley/extracted/Bangla Audio Dataset Original and DeepFake Voices for AI-Based Voice Analysis and Detection/Dataset/S6M05/Fake/13.wav,1,MEN,MEN-S6M05,TG:448ba8616f75dbd9,-7.5742188,1,0.4225,0.0005132579
mendeley/extracted/Bangla Audio Dataset Original and DeepFake Voices for AI-Based Voice Analysis and Detection/Dataset/S6M05/Fake/14.wav,1,MEN,MEN-S6M05,TG:fccde5258a724e5b,-8.0234375,1,0.2674999999999999,0.00032758433
mendeley/extracted/Bangla Audio Dataset Original and DeepFake Voices for AI-Based Voice Analysis and Detection/Dataset/S6M05/Fake/15.wav,1,MEN,MEN-S6M05,TG:153cebedfe6b30fd,-8.109375,1,0.2508333333333333,0.00030061635
mendeley/extracted/Bangla Audio Dataset Original and DeepFake Voices for AI-Based Voice Analysis and Detection/Dataset/S6M05/Fake/16.wav,1,MEN,MEN-S6M05,TG:5c7003922e4c7b58,-3.0078125,1,0.3475,0.047074176
mendeley/extracted/Bangla Audio Dataset Original and DeepFake Voices for AI-Based Voice Analysis and Detection/Dataset/S6M05/Fake/17.wav,1,MEN,MEN-S6M05,TG:80ca3c12226c16f7,0.07476807,1,0.4108333333333334,0.5186833
mendeley/extracted/Bangla Audio Dataset Original and DeepFake Voices for AI-Based Voice Analysis and Detection/Dataset/S6M05/Fake/18.wav,1,MEN,MEN-S6M05,TG:8a448ea3072baf86,-5.8398438,1,0.3774999999999999,0.0029008575
mendeley/extracted/Bangla Audio Dataset Original and DeepFake Voices for AI-Based Voice Analysis and Detection/Dataset/S6M05/Fake/19.wav,1,MEN,MEN-S6M05,TG:17da6e6a5329ede6,0.071777344,1,0.5175000000000001,0.51793665
mendeley/extracted/Bangla Audio Dataset Original and DeepFake Voices for AI-Based Voice Analysis and Detection/Dataset/S6M05/Fake/2.wav,1,MEN,MEN-S6M05,TG:992df96e94bc9811,1.6230469,1,0.3675,0.8352149
mendeley/extracted/Bangla Audio Dataset Original and DeepFake Voices for AI-Based Voice Analysis and Detection/Dataset/S6M05/Fake/20.wav,1,MEN,MEN-S6M05,TG:b9777a1fd57cb1c6,3.109375,1,0.3558333333333333,0.9572778
mendeley/extracted/Bangla Audio Dataset Original and DeepFake Voices for AI-Based Voice Analysis and Detection/Dataset/S6M05/Fake/21.wav,1,MEN,MEN-S6M05,TG:258e34608251b4c7,-2.7558594,1,0.3858333333333333,0.05975659
mendeley/extracted/Bangla Audio Dataset Original and DeepFake Voices for AI-Based Voice Analysis and Detection/Dataset/S6M05/Fake/22.wav,1,MEN,MEN-S6M05,TG:29664288ed9e8509,-9.296875,1,0.3441666666666666,9.1701964e-05
mendeley/extracted/Bangla Audio Dataset Original and DeepFake Voices for AI-Based Voice Analysis and Detection/Dataset/S6M05/Fake/23.wav,1,MEN,MEN-S6M05,TG:fcbf9ed932b2fbe3,-4.109375,1,0.4925,0.016152835
mendeley/extracted/Bangla Audio Dataset Original and DeepFake Voices for AI-Based Voice Analysis and Detection/Dataset/S6M05/Fake/24.wav,1,MEN,MEN-S6M05,TG:836191849433d6d5,-6.6523438,1,0.4441666666666667,0.0012893284
mendeley/extracted/Bangla Audio Dataset Original and DeepFake Voices for AI-Based Voice Analysis and Detection/Dataset/S6M05/Fake/25.wav,1,MEN,MEN-S6M05,TG:ea4035e74b42874c,-2.1074219,1,0.3075,0.10837755
mendeley/extracted/Bangla Audio Dataset Original and DeepFake Voices for AI-Based Voice Analysis and Detection/Dataset/S6M05/Fake/26.wav,1,MEN,MEN-S6M05,TG:0417b85de8b01bab,-7.0234375,1,0.4408333333333333,0.0008899656
mendeley/extracted/Bangla Audio Dataset Original and DeepFake Voices for AI-Based Voice Analysis and Detection/Dataset/S6M05/Fake/27.wav,1,MEN,MEN-S6M05,TG:3bf9109f0212e1a8,-4.1210938,1,0.4008333333333334,0.015967654
mendeley/extracted/Bangla Audio Dataset Original and DeepFake Voices for AI-Based Voice Analysis and Detection/Dataset/S6M05/Fake/28.wav,1,MEN,MEN-S6M05,TG:f961d28234037075,-7.9765625,1,0.3391666666666666,0.00034330005
mendeley/extracted/Bangla Audio Dataset Original and DeepFake Voices for AI-Based Voice Analysis and Detection/Dataset/S6M05/Fake/29.wav,1,MEN,MEN-S6M05,TG:b9495a9ec9da5af9,-5.3320312,1,0.3874999999999999,0.0048109833
mendeley/extracted/Bangla Audio Dataset Original and DeepFake Voices for AI-Based Voice Analysis and Detection/Dataset/S6M05/Fake/3.wav,1,MEN,MEN-S6M05,TG:e7e6ed6b7a4edc68,-7.4257812,1,0.1308333333333333,0.0005953407
mendeley/extracted/Bangla Audio Dataset Original and DeepFake Voices for AI-Based Voice Analysis and Detection/Dataset/S6M05/Fake/30.wav,1,MEN,MEN-S6M05,TG:0279e708e7bea563,-11.0234375,1,0.5208333333333333,1.631454e-05
mendeley/extracted/Bangla Audio Dataset Original and DeepFake Voices for AI-Based Voice Analysis and Detection/Dataset/S6M05/Fake/4.wav,1,MEN,MEN-S6M05,TG:bdf706ddf2da8f1f,-10.9375,1,0.3325,1.7778553e-05
mendeley/extracted/Bangla Audio Dataset Original and DeepFake Voices for AI-Based Voice Analysis and Detection/Dataset/S6M05/Fake/5.wav,1,MEN,MEN-S6M05,TG:45be873ef4d69213,4.109375,1,0.3625,0.9838472
mendeley/extracted/Bangla Audio Dataset Original and DeepFake Voices for AI-Based Voice Analysis and Detection/Dataset/S6M05/Fake/6.wav,1,MEN,MEN-S6M05,TG:a9fde75db394091a,-7.6601562,1,0.4408333333333333,0.0004710118
mendeley/extracted/Bangla Audio Dataset Original and DeepFake Voices for AI-Based Voice Analysis and Detection/Dataset/S6M05/Fake/7.wav,1,MEN,MEN-S6M05,TG:5be625d46c6a6e73,-4.5585938,1,0.2041666666666667,0.010368157
mendeley/extracted/Bangla Audio Dataset Original and DeepFake Voices for AI-Based Voice Analysis and Detection/Dataset/S6M05/Fake/8.wav,1,MEN,MEN-S6M05,TG:78ae5535499f2f6b,-1.5078125,1,0.2458333333333333,0.18126321
mendeley/extracted/Bangla Audio Dataset Original and DeepFake Voices for AI-Based Voice Analysis and Detection/Dataset/S6M05/Fake/9.wav,1,MEN,MEN-S6M05,TG:ea1c20689c6cd1cb,-5.3164062,1,0.0875,0.004886375
mendeley/extracted/Bangla Audio Dataset Original and DeepFake Voices for AI-Based Voice Analysis and Detection/Dataset/S6M05/Real/1.wav,0,MEN,MEN-S6M05,TG:68335bcc60eb3cac,-13.46875,1,0.6008333333333333,1.414476e-06
mendeley/extracted/Bangla Audio Dataset Original and DeepFake Voices for AI-Based Voice Analysis and Detection/Dataset/S6M05/Real/10.wav,0,MEN,MEN-S6M05,TG:e15f93590e7860a4,-7.890625,1,0.4508333333333333,0.0003740956
mendeley/extracted/Bangla Audio Dataset Original and DeepFake Voices for AI-Based Voice Analysis and Detection/Dataset/S6M05/Real/11.wav,0,MEN,MEN-S6M05,TG:d013e21519294471,-5.8828125,1,0.5675,0.0027791904
mendeley/extracted/Bangla Audio Dataset Original and DeepFake Voices for AI-Based Voice Analysis and Detection/Dataset/S6M05/Real/12.wav,0,MEN,MEN-S6M05,TG:36bbea584b595983,-4.7773438,1,0.5008333333333334,0.008348054
mendeley/extracted/Bangla Audio Dataset Original and DeepFake Voices for AI-Based Voice Analysis and Detection/Dataset/S6M05/Real/13.wav,0,MEN,MEN-S6M05,TG:448ba8616f75dbd9,-6.6367188,1,0.4508333333333333,0.0013096055
mendeley/extracted/Bangla Audio Dataset Original and DeepFake Voices for AI-Based Voice Analysis and Detection/Dataset/S6M05/Real/14.wav,0,MEN,MEN-S6M05,TG:fccde5258a724e5b,-9.5390625,1,0.4675,7.197912e-05
mendeley/extracted/Bangla Audio Dataset Original and DeepFake Voices for AI-Based Voice Analysis and Detection/Dataset/S6M05/Real/15.wav,0,MEN,MEN-S6M05,TG:153cebedfe6b30fd,-2.7851562,1,0.3508333333333333,0.058131598
mendeley/extracted/Bangla Audio Dataset Original and DeepFake Voices for AI-Based Voice Analysis and Detection/Dataset/S6M05/Real/16.wav,0,MEN,MEN-S6M05,TG:5c7003922e4c7b58,-9.0,1,0.4675,0.00012339458
mendeley/extracted/Bangla Audio Dataset Original and DeepFake Voices for AI-Based Voice Analysis and Detection/Dataset/S6M05/Real/17.wav,0,MEN,MEN-S6M05,TG:80ca3c12226c16f7,-10.078125,1,0.3841666666666666,4.198631e-05
mendeley/extracted/Bangla Audio Dataset Original and DeepFake Voices for AI-Based Voice Analysis and Detection/Dataset/S6M05/Real/18.wav,0,MEN,MEN-S6M05,TG:8a448ea3072baf86,-5.6796875,1,0.4675,0.0034030057
mendeley/extracted/Bangla Audio Dataset Original and DeepFake Voices for AI-Based Voice Analysis and Detection/Dataset/S6M05/Real/19.wav,0,MEN,MEN-S6M05,TG:17da6e6a5329ede6,-12.8125,1,0.4175,2.7264705e-06
mendeley/extracted/Bangla Audio Dataset Original and DeepFake Voices for AI-Based Voice Analysis and Detection/Dataset/S6M05/Real/2.wav,0,MEN,MEN-S6M05,TG:992df96e94bc9811,-8.9921875,1,0.5175000000000001,0.00012436225
mendeley/extracted/Bangla Audio Dataset Original and DeepFake Voices for AI-Based Voice Analysis and Detection/Dataset/S6M05/Real/20.wav,0,MEN,MEN-S6M05,TG:b9777a1fd57cb1c6,-6.9453125,1,0.3675,0.0009622126
mendeley/extracted/Bangla Audio Dataset Original and DeepFake Voices for AI-Based Voice Analysis and Detection/Dataset/S6M05/Real/21.wav,0,MEN,MEN-S6M05,TG:258e34608251b4c7,-6.0585938,1,0.3841666666666666,0.002332234
mendeley/extracted/Bangla Audio Dataset Original and DeepFake Voices for AI-Based Voice Analysis and Detection/Dataset/S6M05/Real/22.wav,0,MEN,MEN-S6M05,TG:29664288ed9e8509,-4.0429688,1,0.3841666666666666,0.017242778
mendeley/extracted/Bangla Audio Dataset Original and DeepFake Voices for AI-Based Voice Analysis and Detection/Dataset/S6M05/Real/23.wav,0,MEN,MEN-S6M05,TG:fcbf9ed932b2fbe3,1.9248047,1,0.4675,0.8726732
mendeley/extracted/Bangla Audio Dataset Original and DeepFake Voices for AI-Based Voice Analysis and Detection/Dataset/S6M05/Real/24.wav,0,MEN,MEN-S6M05,TG:836191849433d6d5,-9.515625,1,0.3341666666666666,7.368594e-05
mendeley/extracted/Bangla Audio Dataset Original and DeepFake Voices for AI-Based Voice Analysis and Detection/Dataset/S6M05/Real/25.wav,0,MEN,MEN-S6M05,TG:ea4035e74b42874c,-8.0703125,1,0.3341666666666666,0.0003125878
mendeley/extracted/Bangla Audio Dataset Original and DeepFake Voices for AI-Based Voice Analysis and Detection/Dataset/S6M05/Real/26.wav,0,MEN,MEN-S6M05,TG:0417b85de8b01bab,-8.171875,1,0.3675,0.00028240806
mendeley/extracted/Bangla Audio Dataset Original and DeepFake Voices for AI-Based Voice Analysis and Detection/Dataset/S6M05/Real/27.wav,0,MEN,MEN-S6M05,TG:3bf9109f0212e1a8,-6.8164062,1,0.4341666666666667,0.0010944523
mendeley/extracted/Bangla Audio Dataset Original and DeepFake Voices for AI-Based Voice Analysis and Detection/Dataset/S6M05/Real/28.wav,0,MEN,MEN-S6M05,TG:f961d28234037075,-10.9140625,1,0.3508333333333333,1.8200151e-05
mendeley/extracted/Bangla Audio Dataset Original and DeepFake Voices for AI-Based Voice Analysis and Detection/Dataset/S6M05/Real/29.wav,0,MEN,MEN-S6M05,TG:b9495a9ec9da5af9,-5.0,1,0.5008333333333334,0.006692851
mendeley/extracted/Bangla Audio Dataset Original and DeepFake Voices for AI-Based Voice Analysis and Detection/Dataset/S6M05/Real/3.wav,0,MEN,MEN-S6M05,TG:e7e6ed6b7a4edc68,-8.625,1,0.4175,0.00017952795
mendeley/extracted/Bangla Audio Dataset Original and DeepFake Voices for AI-Based Voice Analysis and Detection/Dataset/S6M05/Real/30.wav,0,MEN,MEN-S6M05,TG:0279e708e7bea563,-12.3046875,1,0.5675,4.5304373e-06
mendeley/extracted/Bangla Audio Dataset Original and DeepFake Voices for AI-Based Voice Analysis and Detection/Dataset/S6M05/Real/4.wav,0,MEN,MEN-S6M05,TG:bdf706ddf2da8f1f,-10.484375,1,0.5508333333333333,2.7969301e-05
mendeley/extracted/Bangla Audio Dataset Original and DeepFake Voices for AI-Based Voice Analysis and Detection/Dataset/S6M05/Real/5.wav,0,MEN,MEN-S6M05,TG:45be873ef4d69213,-9.90625,1,0.5341666666666667,4.9859584e-05
mendeley/extracted/Bangla Audio Dataset Original and DeepFake Voices for AI-Based Voice Analysis and Detection/Dataset/S6M05/Real/6.wav,0,MEN,MEN-S6M05,TG:a9fde75db394091a,-9.734375,1,0.4675,5.9209164e-05
mendeley/extracted/Bangla Audio Dataset Original and DeepFake Voices for AI-Based Voice Analysis and Detection/Dataset/S6M05/Real/7.wav,0,MEN,MEN-S6M05,TG:5be625d46c6a6e73,-4.2265625,1,0.4008333333333334,0.014392336
mendeley/extracted/Bangla Audio Dataset Original and DeepFake Voices for AI-Based Voice Analysis and Detection/Dataset/S6M05/Real/8.wav,0,MEN,MEN-S6M05,TG:78ae5535499f2f6b,-9.59375,1,0.4175,6.814872e-05
mendeley/extracted/Bangla Audio Dataset Original and DeepFake Voices for AI-Based Voice Analysis and Detection/Dataset/S6M05/Real/9.wav,0,MEN,MEN-S6M05,TG:ea1c20689c6cd1cb,-7.03125,1,0.4841666666666666,0.0008830458
mendeley/extracted/Bangla Audio Dataset Original and DeepFake Voices for AI-Based Voice Analysis and Detection/Dataset/S7F04/Fake/1.wav,1,MEN,MEN-S7F04,TG:e7a787eae2aadd63,-7.7148438,1,0.4975,0.00044595622
mendeley/extracted/Bangla Audio Dataset Original and DeepFake Voices for AI-Based Voice Analysis and Detection/Dataset/S7F04/Fake/10.wav,1,MEN,MEN-S7F04,TG:b6cccc89a145b946,-8.765625,1,0.4008333333333334,0.00015598028
mendeley/extracted/Bangla Audio Dataset Original and DeepFake Voices for AI-Based Voice Analysis and Detection/Dataset/S7F04/Fake/11.wav,1,MEN,MEN-S7F04,TG:e3a0955d69b2e8ce,-12.2109375,1,0.6125,4.97571e-06
mendeley/extracted/Bangla Audio Dataset Original and DeepFake Voices for AI-Based Voice Analysis and Detection/Dataset/S7F04/Fake/12.wav,1,MEN,MEN-S7F04,TG:fbaa8ee664289e26,-11.1875,1,0.4458333333333333,1.3846005e-05
mendeley/extracted/Bangla Audio Dataset Original and DeepFake Voices for AI-Based Voice Analysis and Detection/Dataset/S7F04/Fake/13.wav,1,MEN,MEN-S7F04,TG:b315345b73c7782e,-2.0644531,1,0.5291666666666667,0.11260011
mendeley/extracted/Bangla Audio Dataset Original and DeepFake Voices for AI-Based Voice Analysis and Detection/Dataset/S7F04/Fake/14.wav,1,MEN,MEN-S7F04,TG:571ef3400a5435e2,-14.4921875,1,0.4608333333333333,5.0830306e-07
mendeley/extracted/Bangla Audio Dataset Original and DeepFake Voices for AI-Based Voice Analysis and Detection/Dataset/S7F04/Fake/15.wav,1,MEN,MEN-S7F04,TG:68cc478016d585cf,-18.84375,1,0.4608333333333333,6.5503323e-09
mendeley/extracted/Bangla Audio Dataset Original and DeepFake Voices for AI-Based Voice Analysis and Detection/Dataset/S7F04/Fake/16.wav,1,MEN,MEN-S7F04,TG:8a409d6261087b5b,-11.828125,1,0.5241666666666667,7.29638e-06
mendeley/extracted/Bangla Audio Dataset Original and DeepFake Voices for AI-Based Voice Analysis and Detection/Dataset/S7F04/Fake/17.wav,1,MEN,MEN-S7F04,TG:3895276c9cd52a4f,-8.734375,1,0.5141666666666667,0.00016093084
mendeley/extracted/Bangla Audio Dataset Original and DeepFake Voices for AI-Based Voice Analysis and Detection/Dataset/S7F04/Fake/18.wav,1,MEN,MEN-S7F04,TG:71e5c9ea38e22419,-12.8671875,1,0.4841666666666666,2.5813706e-06
mendeley/extracted/Bangla Audio Dataset Original and DeepFake Voices for AI-Based Voice Analysis and Detection/Dataset/S7F04/Fake/19.wav,1,MEN,MEN-S7F04,TG:b1cbde63bd64a611,-11.609375,1,0.1975,9.080475e-06
mendeley/extracted/Bangla Audio Dataset Original and DeepFake Voices for AI-Based Voice Analysis and Detection/Dataset/S7F04/Fake/2.wav,1,MEN,MEN-S7F04,TG:35e8d8c301bdd724,-10.4921875,1,0.3974999999999999,2.7751652e-05
mendeley/extracted/Bangla Audio Dataset Original and DeepFake Voices for AI-Based Voice Analysis and Detection/Dataset/S7F04/Fake/20.wav,1,MEN,MEN-S7F04,TG:4eede860135e46e0,-13.8828125,1,0.4941666666666666,9.34912e-07
mendeley/extracted/Bangla Audio Dataset Original and DeepFake Voices for AI-Based Voice Analysis and Detection/Dataset/S7F04/Fake/21.wav,1,MEN,MEN-S7F04,TG:4e327253a4899166,-13.765625,1,0.4291666666666667,1.0511496e-06
mendeley/extracted/Bangla Audio Dataset Original and DeepFake Voices for AI-Based Voice Analysis and Detection/Dataset/S7F04/Fake/22.wav,1,MEN,MEN-S7F04,TG:8e687e6d6eee3110,-11.7734375,1,0.4841666666666666,7.706509e-06
mendeley/extracted/Bangla Audio Dataset Original and DeepFake Voices for AI-Based Voice Analysis and Detection/Dataset/S7F04/Fake/23.wav,1,MEN,MEN-S7F04,TG:79f5ecabaa235f39,-11.953125,1,0.4541666666666667,6.439038e-06
mendeley/extracted/Bangla Audio Dataset Original and DeepFake Voices for AI-Based Voice Analysis and Detection/Dataset/S7F04/Fake/24.wav,1,MEN,MEN-S7F04,TG:56c4a127e94b529e,-10.8671875,1,0.4841666666666666,1.907358e-05
mendeley/extracted/Bangla Audio Dataset Original and DeepFake Voices for AI-Based Voice Analysis and Detection/Dataset/S7F04/Fake/25.wav,1,MEN,MEN-S7F04,TG:0c4b996c57ad3a91,-6.046875,1,0.4941666666666666,0.0023596608
mendeley/extracted/Bangla Audio Dataset Original and DeepFake Voices for AI-Based Voice Analysis and Detection/Dataset/S7F04/Fake/26.wav,1,MEN,MEN-S7F04,TG:623c9bc53763d833,-14.6171875,1,0.3974999999999999,4.4857592e-07
mendeley/extracted/Bangla Audio Dataset Original and DeepFake Voices for AI-Based Voice Analysis and Detection/Dataset/S7F04/Fake/27.wav,1,MEN,MEN-S7F04,TG:3b9d2469ed9fecdf,-11.6953125,1,0.5258333333333334,8.332719e-06
mendeley/extracted/Bangla Audio Dataset Original and DeepFake Voices for AI-Based Voice Analysis and Detection/Dataset/S7F04/Fake/28.wav,1,MEN,MEN-S7F04,TG:299dcf88a7bd7e02,-14.5859375,1,0.5341666666666667,4.6281522e-07
mendeley/extracted/Bangla Audio Dataset Original and DeepFake Voices for AI-Based Voice Analysis and Detection/Dataset/S7F04/Fake/29.wav,1,MEN,MEN-S7F04,TG:50986d508a0b6329,-11.8203125,1,0.5041666666666667,7.353606e-06
mendeley/extracted/Bangla Audio Dataset Original and DeepFake Voices for AI-Based Voice Analysis and Detection/Dataset/S7F04/Fake/3.wav,1,MEN,MEN-S7F04,TG:0482b7506606c32f,-14.0390625,1,0.5691666666666666,7.996727e-07
mendeley/extracted/Bangla Audio Dataset Original and DeepFake Voices for AI-Based Voice Analysis and Detection/Dataset/S7F04/Fake/30.wav,1,MEN,MEN-S7F04,TG:39761131a871177e,-16.4375,1,0.4658333333333333,7.265816e-08
mendeley/extracted/Bangla Audio Dataset Original and DeepFake Voices for AI-Based Voice Analysis and Detection/Dataset/S7F04/Fake/4.wav,1,MEN,MEN-S7F04,TG:b56423de78c5c27e,-13.40625,1,0.5141666666666667,1.5057017e-06
mendeley/extracted/Bangla Audio Dataset Original and DeepFake Voices for AI-Based Voice Analysis and Detection/Dataset/S7F04/Fake/5.wav,1,MEN,MEN-S7F04,TG:538c010dab2f3679,-9.7421875,1,0.4508333333333333,5.874842e-05
mendeley/extracted/Bangla Audio Dataset Original and DeepFake Voices for AI-Based Voice Analysis and Detection/Dataset/S7F04/Fake/6.wav,1,MEN,MEN-S7F04,TG:2c57d29c7fa122ba,-10.2734375,1,0.5941666666666667,3.4537254e-05
mendeley/extracted/Bangla Audio Dataset Original and DeepFake Voices for AI-Based Voice Analysis and Detection/Dataset/S7F04/Fake/7.wav,1,MEN,MEN-S7F04,TG:5403d84ab3fbd6ab,-17.90625,1,0.5075000000000001,1.6726862e-08
mendeley/extracted/Bangla Audio Dataset Original and DeepFake Voices for AI-Based Voice Analysis and Detection/Dataset/S7F04/Fake/8.wav,1,MEN,MEN-S7F04,TG:350a439fb9ac1017,-12.65625,1,0.4808333333333333,3.1875652e-06
mendeley/extracted/Bangla Audio Dataset Original and DeepFake Voices for AI-Based Voice Analysis and Detection/Dataset/S7F04/Fake/9.wav,1,MEN,MEN-S7F04,TG:fe872bec1d5fec5d,-10.0390625,1,0.4575,4.365878e-05
mendeley/extracted/Bangla Audio Dataset Original and DeepFake Voices for AI-Based Voice Analysis and Detection/Dataset/S7F04/Real/1.wav,0,MEN,MEN-S7F04,TG:e7a787eae2aadd63,-7.5507812,1,0.4675,0.00052542303
mendeley/extracted/Bangla Audio Dataset Original and DeepFake Voices for AI-Based Voice Analysis and Detection/Dataset/S7F04/Real/10.wav,0,MEN,MEN-S7F04,TG:b6cccc89a145b946,-5.0117188,1,0.5175000000000001,0.0066153924
mendeley/extracted/Bangla Audio Dataset Original and DeepFake Voices for AI-Based Voice Analysis and Detection/Dataset/S7F04/Real/11.wav,0,MEN,MEN-S7F04,TG:e3a0955d69b2e8ce,-10.09375,1,0.4341666666666667,4.13354e-05
mendeley/extracted/Bangla Audio Dataset Original and DeepFake Voices for AI-Based Voice Analysis and Detection/Dataset/S7F04/Real/12.wav,0,MEN,MEN-S7F04,TG:fbaa8ee664289e26,-5.3476562,1,0.4508333333333333,0.0047367495
mendeley/extracted/Bangla Audio Dataset Original and DeepFake Voices for AI-Based Voice Analysis and Detection/Dataset/S7F04/Real/13.wav,0,MEN,MEN-S7F04,TG:b315345b73c7782e,-7.8476562,1,0.4341666666666667,0.00039051395
mendeley/extracted/Bangla Audio Dataset Original and DeepFake Voices for AI-Based Voice Analysis and Detection/Dataset/S7F04/Real/14.wav,0,MEN,MEN-S7F04,TG:571ef3400a5435e2,-8.8359375,1,0.4841666666666666,0.00014539114
mendeley/extracted/Bangla Audio Dataset Original and DeepFake Voices for AI-Based Voice Analysis and Detection/Dataset/S7F04/Real/15.wav,0,MEN,MEN-S7F04,TG:68cc478016d585cf,-6.9882812,1,0.5008333333333334,0.0009217804
mendeley/extracted/Bangla Audio Dataset Original and DeepFake Voices for AI-Based Voice Analysis and Detection/Dataset/S7F04/Real/16.wav,0,MEN,MEN-S7F04,TG:8a409d6261087b5b,-1.7539062,1,0.3675,0.14755519
mendeley/extracted/Bangla Audio Dataset Original and DeepFake Voices for AI-Based Voice Analysis and Detection/Dataset/S7F04/Real/17.wav,0,MEN,MEN-S7F04,TG:3895276c9cd52a4f,-5.2304688,1,0.3841666666666666,0.0053225355
mendeley/extracted/Bangla Audio Dataset Original and DeepFake Voices for AI-Based Voice Analysis and Detection/Dataset/S7F04/Real/18.wav,0,MEN,MEN-S7F04,TG:71e5c9ea38e22419,-6.3125,1,0.5175000000000001,0.0018102111
mendeley/extracted/Bangla Audio Dataset Original and DeepFake Voices for AI-Based Voice Analysis and Detection/Dataset/S7F04/Real/19.wav,0,MEN,MEN-S7F04,TG:b1cbde63bd64a611,-8.9375,1,0.3508333333333333,0.0001313518
mendeley/extracted/Bangla Audio Dataset Original and DeepFake Voices for AI-Based Voice Analysis and Detection/Dataset/S7F04/Real/2.wav,0,MEN,MEN-S7F04,TG:35e8d8c301bdd724,-7.1445312,1,0.5008333333333334,0.0007885458
mendeley/extracted/Bangla Audio Dataset Original and DeepFake Voices for AI-Based Voice Analysis and Detection/Dataset/S7F04/Real/20.wav,0,MEN,MEN-S7F04,TG:4eede860135e46e0,0.4892578,1,0.5841666666666667,0.6199316
mendeley/extracted/Bangla Audio Dataset Original and DeepFake Voices for AI-Based Voice Analysis and Detection/Dataset/S7F04/Real/21.wav,0,MEN,MEN-S7F04,TG:4e327253a4899166,-11.7265625,1,0.4341666666666667,8.076349e-06
mendeley/extracted/Bangla Audio Dataset Original and DeepFake Voices for AI-Based Voice Analysis and Detection/Dataset/S7F04/Real/22.wav,0,MEN,MEN-S7F04,TG:8e687e6d6eee3110,-8.640625,1,0.4675,0.00017674513
mendeley/extracted/Bangla Audio Dataset Original and DeepFake Voices for AI-Based Voice Analysis and Detection/Dataset/S7F04/Real/23.wav,0,MEN,MEN-S7F04,TG:79f5ecabaa235f39,-6.328125,1,0.4508333333333333,0.0017821961
mendeley/extracted/Bangla Audio Dataset Original and DeepFake Voices for AI-Based Voice Analysis and Detection/Dataset/S7F04/Real/24.wav,0,MEN,MEN-S7F04,TG:56c4a127e94b529e,-5.9023438,1,0.5508333333333333,0.0027255828
mendeley/extracted/Bangla Audio Dataset Original and DeepFake Voices for AI-Based Voice Analysis and Detection/Dataset/S7F04/Real/25.wav,0,MEN,MEN-S7F04,TG:0c4b996c57ad3a91,-8.765625,1,0.5341666666666667,0.00015598028
mendeley/extracted/Bangla Audio Dataset Original and DeepFake Voices for AI-Based Voice Analysis and Detection/Dataset/S7F04/Real/26.wav,0,MEN,MEN-S7F04,TG:623c9bc53763d833,-8.25,1,0.4508333333333333,0.00026119035
mendeley/extracted/Bangla Audio Dataset Original and DeepFake Voices for AI-Based Voice Analysis and Detection/Dataset/S7F04/Real/27.wav,0,MEN,MEN-S7F04,TG:3b9d2469ed9fecdf,-7.1601562,1,0.3341666666666666,0.00077632995
mendeley/extracted/Bangla Audio Dataset Original and DeepFake Voices for AI-Based Voice Analysis and Detection/Dataset/S7F04/Real/28.wav,0,MEN,MEN-S7F04,TG:299dcf88a7bd7e02,-1.1923828,1,0.5008333333333334,0.23283306
mendeley/extracted/Bangla Audio Dataset Original and DeepFake Voices for AI-Based Voice Analysis and Detection/Dataset/S7F04/Real/29.wav,0,MEN,MEN-S7F04,TG:50986d508a0b6329,-2.4511719,1,0.5508333333333333,0.0793529
mendeley/extracted/Bangla Audio Dataset Original and DeepFake Voices for AI-Based Voice Analysis and Detection/Dataset/S7F04/Real/3.wav,0,MEN,MEN-S7F04,TG:0482b7506606c32f,-8.0234375,1,0.6008333333333333,0.00032758433
mendeley/extracted/Bangla Audio Dataset Original and DeepFake Voices for AI-Based Voice Analysis and Detection/Dataset/S7F04/Real/30.wav,0,MEN,MEN-S7F04,TG:39761131a871177e,-9.1640625,1,0.3841666666666666,0.000104725565
mendeley/extracted/Bangla Audio Dataset Original and DeepFake Voices for AI-Based Voice Analysis and Detection/Dataset/S7F04/Real/4.wav,0,MEN,MEN-S7F04,TG:b56423de78c5c27e,-5.6679688,1,0.6008333333333333,0.003442981
mendeley/extracted/Bangla Audio Dataset Original and DeepFake Voices for AI-Based Voice Analysis and Detection/Dataset/S7F04/Real/5.wav,0,MEN,MEN-S7F04,TG:538c010dab2f3679,-9.65625,1,0.6008333333333333,6.402006e-05
mendeley/extracted/Bangla Audio Dataset Original and DeepFake Voices for AI-Based Voice Analysis and Detection/Dataset/S7F04/Real/6.wav,0,MEN,MEN-S7F04,TG:2c57d29c7fa122ba,-9.0234375,1,0.5508333333333333,0.00012053649
mendeley/extracted/Bangla Audio Dataset Original and DeepFake Voices for AI-Based Voice Analysis and Detection/Dataset/S7F04/Real/7.wav,0,MEN,MEN-S7F04,TG:5403d84ab3fbd6ab,-8.265625,1,0.5841666666666667,0.00025714198
mendeley/extracted/Bangla Audio Dataset Original and DeepFake Voices for AI-Based Voice Analysis and Detection/Dataset/S7F04/Real/8.wav,0,MEN,MEN-S7F04,TG:350a439fb9ac1017,-8.9921875,1,0.4341666666666667,0.00012436225
mendeley/extracted/Bangla Audio Dataset Original and DeepFake Voices for AI-Based Voice Analysis and Detection/Dataset/S7F04/Real/9.wav,0,MEN,MEN-S7F04,TG:fe872bec1d5fec5d,-6.1367188,1,0.5175000000000001,0.002157342
mendeley/extracted/Bangla Audio Dataset Original and DeepFake Voices for AI-Based Voice Analysis and Detection/Dataset/S7F05/Fake/1.wav,1,MEN,MEN-S7F05,TG:e7a787eae2aadd63,-5.9375,1,0.5241666666666667,0.002631674
mendeley/extracted/Bangla Audio Dataset Original and DeepFake Voices for AI-Based Voice Analysis and Detection/Dataset/S7F05/Fake/10.wav,1,MEN,MEN-S7F05,TG:b6cccc89a145b946,-8.9765625,1,0.3941666666666666,0.00012632043
mendeley/extracted/Bangla Audio Dataset Original and DeepFake Voices for AI-Based Voice Analysis and Detection/Dataset/S7F05/Fake/11.wav,1,MEN,MEN-S7F05,TG:e3a0955d69b2e8ce,-7.65625,1,0.5974999999999999,0.0004728544
mendeley/extracted/Bangla Audio Dataset Original and DeepFake Voices for AI-Based Voice Analysis and Detection/Dataset/S7F05/Fake/12.wav,1,MEN,MEN-S7F05,TG:fbaa8ee664289e26,-8.171875,1,0.3641666666666666,0.00028240806
mendeley/extracted/Bangla Audio Dataset Original and DeepFake Voices for AI-Based Voice Analysis and Detection/Dataset/S7F05/Fake/13.wav,1,MEN,MEN-S7F05,TG:b315345b73c7782e,1.4267578,1,0.4791666666666666,0.80639565
mendeley/extracted/Bangla Audio Dataset Original and DeepFake Voices for AI-Based Voice Analysis and Detection/Dataset/S7F05/Fake/14.wav,1,MEN,MEN-S7F05,TG:571ef3400a5435e2,-8.3828125,1,0.4508333333333333,0.0002287133
mendeley/extracted/Bangla Audio Dataset Original and DeepFake Voices for AI-Based Voice Analysis and Detection/Dataset/S7F05/Fake/15.wav,1,MEN,MEN-S7F05,TG:68cc478016d585cf,-3.1113281,1,0.5241666666666667,0.042642392
mendeley/extracted/Bangla Audio Dataset Original and DeepFake Voices for AI-Based Voice Analysis and Detection/Dataset/S7F05/Fake/16.wav,1,MEN,MEN-S7F05,TG:8a409d6261087b5b,-1.0205078,1,0.5208333333333333,0.2649285
mendeley/extracted/Bangla Audio Dataset Original and DeepFake Voices for AI-Based Voice Analysis and Detection/Dataset/S7F05/Fake/17.wav,1,MEN,MEN-S7F05,TG:3895276c9cd52a4f,7.6835938,1,0.5225,0.99954
mendeley/extracted/Bangla Audio Dataset Original and DeepFake Voices for AI-Based Voice Analysis and Detection/Dataset/S7F05/Fake/18.wav,1,MEN,MEN-S7F05,TG:71e5c9ea38e22419,-12.2265625,1,0.4975,4.8985694e-06
mendeley/extracted/Bangla Audio Dataset Original and DeepFake Voices for AI-Based Voice Analysis and Detection/Dataset/S7F05/Fake/19.wav,1,MEN,MEN-S7F05,TG:b1cbde63bd64a611,-9.53125,1,0.2641666666666666,7.254362e-05
mendeley/extracted/Bangla Audio Dataset Original and DeepFake Voices for AI-Based Voice Analysis and Detection/Dataset/S7F05/Fake/2.wav,1,MEN,MEN-S7F05,TG:35e8d8c301bdd724,-10.4765625,1,0.3408333333333333,2.8188664e-05
mendeley/extracted/Bangla Audio Dataset Original and DeepFake Voices for AI-Based Voice Analysis and Detection/Dataset/S7F05/Fake/20.wav,1,MEN,MEN-S7F05,TG:4eede860135e46e0,-6.8085938,1,0.4541666666666667,0.0011030267
mendeley/extracted/Bangla Audio Dataset Original and DeepFake Voices for AI-Based Voice Analysis and Detection/Dataset/S7F05/Fake/21.wav,1,MEN,MEN-S7F05,TG:4e327253a4899166,-9.3125,1,0.3691666666666666,9.028039e-05
mendeley/extracted/Bangla Audio Dataset Original and DeepFake Voices for AI-Based Voice Analysis and Detection/Dataset/S7F05/Fake/22.wav,1,MEN,MEN-S7F05,TG:8e687e6d6eee3110,-11.59375,1,0.4775,9.2234695e-06
mendeley/extracted/Bangla Audio Dataset Original and DeepFake Voices for AI-Based Voice Analysis and Detection/Dataset/S7F05/Fake/23.wav,1,MEN,MEN-S7F05,TG:79f5ecabaa235f39,-8.5703125,1,0.4558333333333333,0.00018961739
mendeley/extracted/Bangla Audio Dataset Original and DeepFake Voices for AI-Based Voice Analysis and Detection/Dataset/S7F05/Fake/24.wav,1,MEN,MEN-S7F05,TG:56c4a127e94b529e,-8.6640625,1,0.4941666666666666,0.00017265156
mendeley/extracted/Bangla Audio Dataset Original and DeepFake Voices for AI-Based Voice Analysis and Detection/Dataset/S7F05/Fake/25.wav,1,MEN,MEN-S7F05,TG:0c4b996c57ad3a91,0.7216797,1,0.4691666666666666,0.6729768
mendeley/extracted/Bangla Audio Dataset Original and DeepFake Voices for AI-Based Voice Analysis and Detection/Dataset/S7F05/Fake/26.wav,1,MEN,MEN-S7F05,TG:623c9bc53763d833,-8.9765625,1,0.4691666666666666,0.00012632043
mendeley/extracted/Bangla Audio Dataset Original and DeepFake Voices for AI-Based Voice Analysis and Detection/Dataset/S7F05/Fake/27.wav,1,MEN,MEN-S7F05,TG:3b9d2469ed9fecdf,-5.8085938,1,0.4008333333333334,0.0029926654
mendeley/extracted/Bangla Audio Dataset Original and DeepFake Voices for AI-Based Voice Analysis and Detection/Dataset/S7F05/Fake/28.wav,1,MEN,MEN-S7F05,TG:299dcf88a7bd7e02,-7.6289062,1,0.5008333333333334,0.00048595603
mendeley/extracted/Bangla Audio Dataset Original and DeepFake Voices for AI-Based Voice Analysis and Detection/Dataset/S7F05/Fake/29.wav,1,MEN,MEN-S7F05,TG:50986d508a0b6329,-8.71875,1,0.4341666666666667,0.0001634647
mendeley/extracted/Bangla Audio Dataset Original and DeepFake Voices for AI-Based Voice Analysis and Detection/Dataset/S7F05/Fake/3.wav,1,MEN,MEN-S7F05,TG:0482b7506606c32f,-10.828125,1,0.5691666666666666,1.9833367e-05
mendeley/extracted/Bangla Audio Dataset Original and DeepFake Voices for AI-Based Voice Analysis and Detection/Dataset/S7F05/Fake/30.wav,1,MEN,MEN-S7F05,TG:39761131a871177e,-9.984375,1,0.3941666666666666,4.611275e-05
mendeley/extracted/Bangla Audio Dataset Original and DeepFake Voices for AI-Based Voice Analysis and Detection/Dataset/S7F05/Fake/4.wav,1,MEN,MEN-S7F05,TG:b56423de78c5c27e,-8.6171875,1,0.4841666666666666,0.00018093578
mendeley/extracted/Bangla Audio Dataset Original and DeepFake Voices for AI-Based Voice Analysis and Detection/Dataset/S7F05/Fake/5.wav,1,MEN,MEN-S7F05,TG:538c010dab2f3679,-1.1757812,1,0.5141666666666667,0.23581158
mendeley/extracted/Bangla Audio Dataset Original and DeepFake Voices for AI-Based Voice Analysis and Detection/Dataset/S7F05/Fake/6.wav,1,MEN,MEN-S7F05,TG:2c57d29c7fa122ba,-2.6113281,1,0.5575,0.068412915
mendeley/extracted/Bangla Audio Dataset Original and DeepFake Voices for AI-Based Voice Analysis and Detection/Dataset/S7F05/Fake/7.wav,1,MEN,MEN-S7F05,TG:5403d84ab3fbd6ab,-10.9375,1,0.5275000000000001,1.7778553e-05
mendeley/extracted/Bangla Audio Dataset Original and DeepFake Voices for AI-Based Voice Analysis and Detection/Dataset/S7F05/Fake/8.wav,1,MEN,MEN-S7F05,TG:350a439fb9ac1017,-6.859375,1,0.4508333333333333,0.0010484693
mendeley/extracted/Bangla Audio Dataset Original and DeepFake Voices for AI-Based Voice Analysis and Detection/Dataset/S7F05/Fake/9.wav,1,MEN,MEN-S7F05,TG:fe872bec1d5fec5d,1.4169922,1,0.4508333333333333,0.80486643
mendeley/extracted/Bangla Audio Dataset Original and DeepFake Voices for AI-Based Voice Analysis and Detection/Dataset/S7F05/Real/1.wav,0,MEN,MEN-S7F05,TG:e7a787eae2aadd63,-6.828125,1,0.5675,0.0010817152
mendeley/extracted/Bangla Audio Dataset Original and DeepFake Voices for AI-Based Voice Analysis and Detection/Dataset/S7F05/Real/10.wav,0,MEN,MEN-S7F05,TG:b6cccc89a145b946,-9.3671875,1,0.5508333333333333,8.5476175e-05
mendeley/extracted/Bangla Audio Dataset Original and DeepFake Voices for AI-Based Voice Analysis and Detection/Dataset/S7F05/Real/11.wav,0,MEN,MEN-S7F05,TG:e3a0955d69b2e8ce,-15.2109375,1,0.5841666666666667,2.477272e-07
mendeley/extracted/Bangla Audio Dataset Original and DeepFake Voices for AI-Based Voice Analysis and Detection/Dataset/S7F05/Real/12.wav,0,MEN,MEN-S7F05,TG:fbaa8ee664289e26,-7.8476562,1,0.5008333333333334,0.00039051395
mendeley/extracted/Bangla Audio Dataset Original and DeepFake Voices for AI-Based Voice Analysis and Detection/Dataset/S7F05/Real/13.wav,0,MEN,MEN-S7F05,TG:b315345b73c7782e,-5.5390625,1,0.5008333333333334,0.0039148238
mendeley/extracted/Bangla Audio Dataset Original and DeepFake Voices for AI-Based Voice Analysis and Detection/Dataset/S7F05/Real/14.wav,0,MEN,MEN-S7F05,TG:571ef3400a5435e2,-4.6757812,1,0.5341666666666667,0.009232214
mendeley/extracted/Bangla Audio Dataset Original and DeepFake Voices for AI-Based Voice Analysis and Detection/Dataset/S7F05/Real/15.wav,0,MEN,MEN-S7F05,TG:68cc478016d585cf,-8.3203125,1,0.5341666666666667,0.00024346048
mendeley/extracted/Bangla Audio Dataset Original and DeepFake Voices for AI-Based Voice Analysis and Detection/Dataset/S7F05/Real/16.wav,0,MEN,MEN-S7F05,TG:8a409d6261087b5b,-5.0507812,1,0.5175000000000001,0.0063635735
mendeley/extracted/Bangla Audio Dataset Original and DeepFake Voices for AI-Based Voice Analysis and Detection/Dataset/S7F05/Real/17.wav,0,MEN,MEN-S7F05,TG:3895276c9cd52a4f,-7.9140625,1,0.4675,0.00036543285
mendeley/extracted/Bangla Audio Dataset Original and DeepFake Voices for AI-Based Voice Analysis and Detection/Dataset/S7F05/Real/18.wav,0,MEN,MEN-S7F05,TG:71e5c9ea38e22419,-12.4453125,1,0.5508333333333333,3.936115e-06
mendeley/extracted/Bangla Audio Dataset Original and DeepFake Voices for AI-Based Voice Analysis and Detection/Dataset/S7F05/Real/19.wav,0,MEN,MEN-S7F05,TG:b1cbde63bd64a611,-7.6289062,1,0.4175,0.00048595603
mendeley/extracted/Bangla Audio Dataset Original and DeepFake Voices for AI-Based Voice Analysis and Detection/Dataset/S7F05/Real/2.wav,0,MEN,MEN-S7F05,TG:35e8d8c301bdd724,-10.65625,1,0.5008333333333334,2.3552619e-05
mendeley/extracted/Bangla Audio Dataset Original and DeepFake Voices for AI-Based Voice Analysis and Detection/Dataset/S7F05/Real/20.wav,0,MEN,MEN-S7F05,TG:4eede860135e46e0,-12.0234375,1,0.5508333333333333,6.001846e-06
mendeley/extracted/Bangla Audio Dataset Original and DeepFake Voices for AI-Based Voice Analysis and Detection/Dataset/S7F05/Real/21.wav,0,MEN,MEN-S7F05,TG:4e327253a4899166,-9.625,1,0.5008333333333334,6.605214e-05
mendeley/extracted/Bangla Audio Dataset Original and DeepFake Voices for AI-Based Voice Analysis and Detection/Dataset/S7F05/Real/22.wav,0,MEN,MEN-S7F05,TG:8e687e6d6eee3110,-10.3515625,1,0.4841666666666666,3.1941818e-05
mendeley/extracted/Bangla Audio Dataset Original and DeepFake Voices for AI-Based Voice Analysis and Detection/Dataset/S7F05/Real/23.wav,0,MEN,MEN-S7F05,TG:79f5ecabaa235f39,-9.015625,1,0.4341666666666667,0.00012148176
mendeley/extracted/Bangla Audio Dataset Original and DeepFake Voices for AI-Based Voice Analysis and Detection/Dataset/S7F05/Real/24.wav,0,MEN,MEN-S7F05,TG:56c4a127e94b529e,-1.0322266,1,0.5008333333333334,0.26265267
mendeley/extracted/Bangla Audio Dataset Original and DeepFake Voices for AI-Based Voice Analysis and Detection/Dataset/S7F05/Real/25.wav,0,MEN,MEN-S7F05,TG:0c4b996c57ad3a91,-4.953125,1,0.5008333333333334,0.0070117954
mendeley/extracted/Bangla Audio Dataset Original and DeepFake Voices for AI-Based Voice Analysis and Detection/Dataset/S7F05/Real/26.wav,0,MEN,MEN-S7F05,TG:623c9bc53763d833,-6.7421875,1,0.5008333333333334,0.001178672
mendeley/extracted/Bangla Audio Dataset Original and DeepFake Voices for AI-Based Voice Analysis and Detection/Dataset/S7F05/Real/27.wav,0,MEN,MEN-S7F05,TG:3b9d2469ed9fecdf,-6.640625,1,0.3675,0.0013045067
mendeley/extracted/Bangla Audio Dataset Original and DeepFake Voices for AI-Based Voice Analysis and Detection/Dataset/S7F05/Real/28.wav,0,MEN,MEN-S7F05,TG:299dcf88a7bd7e02,-8.1484375,1,0.6341666666666667,0.00028910325
mendeley/extracted/Bangla Audio Dataset Original and DeepFake Voices for AI-Based Voice Analysis and Detection/Dataset/S7F05/Real/29.wav,0,MEN,MEN-S7F05,TG:50986d508a0b6329,-11.609375,1,0.5175000000000001,9.080475e-06
mendeley/extracted/Bangla Audio Dataset Original and DeepFake Voices for AI-Based Voice Analysis and Detection/Dataset/S7F05/Real/3.wav,0,MEN,MEN-S7F05,TG:0482b7506606c32f,-7.1875,1,0.6174999999999999,0.00075540564
mendeley/extracted/Bangla Audio Dataset Original and DeepFake Voices for AI-Based Voice Analysis and Detection/Dataset/S7F05/Real/30.wav,0,MEN,MEN-S7F05,TG:39761131a871177e,-1.2089844,1,0.5008333333333334,0.22988081
mendeley/extracted/Bangla Audio Dataset Original and DeepFake Voices for AI-Based Voice Analysis and Detection/Dataset/S7F05/Real/4.wav,0,MEN,MEN-S7F05,TG:b56423de78c5c27e,-9.0625,1,0.6008333333333333,0.000115919334
mendeley/extracted/Bangla Audio Dataset Original and DeepFake Voices for AI-Based Voice Analysis and Detection/Dataset/S7F05/Real/5.wav,0,MEN,MEN-S7F05,TG:538c010dab2f3679,-7.9882812,1,0.5841666666666667,0.0003393018
mendeley/extracted/Bangla Audio Dataset Original and DeepFake Voices for AI-Based Voice Analysis and Detection/Dataset/S7F05/Real/6.wav,0,MEN,MEN-S7F05,TG:2c57d29c7fa122ba,-9.3671875,1,0.5341666666666667,8.5476175e-05
mendeley/extracted/Bangla Audio Dataset Original and DeepFake Voices for AI-Based Voice Analysis and Detection/Dataset/S7F05/Real/7.wav,0,MEN,MEN-S7F05,TG:5403d84ab3fbd6ab,-8.8828125,1,0.5508333333333333,0.00013873413
mendeley/extracted/Bangla Audio Dataset Original and DeepFake Voices for AI-Based Voice Analysis and Detection/Dataset/S7F05/Real/8.wav,0,MEN,MEN-S7F05,TG:350a439fb9ac1017,-7.4335938,1,0.4841666666666666,0.0005907105
mendeley/extracted/Bangla Audio Dataset Original and DeepFake Voices for AI-Based Voice Analysis and Detection/Dataset/S7F05/Real/9.wav,0,MEN,MEN-S7F05,TG:fe872bec1d5fec5d,-5.90625,1,0.5175000000000001,0.0027149855
mendeley/extracted/Bangla Audio Dataset Original and DeepFake Voices for AI-Based Voice Analysis and Detection/Dataset/S7M01/Fake/1.wav,1,MEN,MEN-S7M01,TG:e7a787eae2aadd63,-8.9140625,1,0.4675,0.0001344663
mendeley/extracted/Bangla Audio Dataset Original and DeepFake Voices for AI-Based Voice Analysis and Detection/Dataset/S7M01/Fake/10.wav,1,MEN,MEN-S7M01,TG:b6cccc89a145b946,-3.4492188,1,0.4408333333333333,0.030792167
mendeley/extracted/Bangla Audio Dataset Original and DeepFake Voices for AI-Based Voice Analysis and Detection/Dataset/S7M01/Fake/11.wav,1,MEN,MEN-S7M01,TG:e3a0955d69b2e8ce,-7.0664062,1,0.4108333333333334,0.0008525666
mendeley/extracted/Bangla Audio Dataset Original and DeepFake Voices for AI-Based Voice Analysis and Detection/Dataset/S7M01/Fake/12.wav,1,MEN,MEN-S7M01,TG:fbaa8ee664289e26,-9.90625,1,0.4925,4.9859584e-05
mendeley/extracted/Bangla Audio Dataset Original and DeepFake Voices for AI-Based Voice Analysis and Detection/Dataset/S7M01/Fake/13.wav,1,MEN,MEN-S7M01,TG:b315345b73c7782e,-6.1328125,1,0.5258333333333334,0.0021657674
mendeley/extracted/Bangla Audio Dataset Original and DeepFake Voices for AI-Based Voice Analysis and Detection/Dataset/S7M01/Fake/14.wav,1,MEN,MEN-S7M01,TG:571ef3400a5435e2,-8.96875,1,0.5141666666666667,0.00012731104
mendeley/extracted/Bangla Audio Dataset Original and DeepFake Voices for AI-Based Voice Analysis and Detection/Dataset/S7M01/Fake/15.wav,1,MEN,MEN-S7M01,TG:68cc478016d585cf,-1.3984375,1,0.4775,0.19806418
mendeley/extracted/Bangla Audio Dataset Original and DeepFake Voices for AI-Based Voice Analysis and Detection/Dataset/S7M01/Fake/16.wav,1,MEN,MEN-S7M01,TG:8a409d6261087b5b,-5.1601562,1,0.4475,0.005708034
mendeley/extracted/Bangla Audio Dataset Original and DeepFake Voices for AI-Based Voice Analysis and Detection/Dataset/S7M01/Fake/17.wav,1,MEN,MEN-S7M01,TG:3895276c9cd52a4f,-10.671875,1,0.4858333333333333,2.3187478e-05
mendeley/extracted/Bangla Audio Dataset Original and DeepFake Voices for AI-Based Voice Analysis and Detection/Dataset/S7M01/Fake/18.wav,1,MEN,MEN-S7M01,TG:71e5c9ea38e22419,-9.296875,1,0.5358333333333334,9.1701964e-05
mendeley/extracted/Bangla Audio Dataset Original and DeepFake Voices for AI-Based Voice Analysis and Detection/Dataset/S7M01/Fake/19.wav,1,MEN,MEN-S7M01,TG:b1cbde63bd64a611,-9.921875,1,0.4091666666666667,4.908662e-05
mendeley/extracted/Bangla Audio Dataset Original and DeepFake Voices for AI-Based Voice Analysis and Detection/Dataset/S7M01/Fake/2.wav,1,MEN,MEN-S7M01,TG:35e8d8c301bdd724,-10.7890625,1,0.2075,2.0623424e-05
mendeley/extracted/Bangla Audio Dataset Original and DeepFake Voices for AI-Based Voice Analysis and Detection/Dataset/S7M01/Fake/20.wav,1,MEN,MEN-S7M01,TG:4eede860135e46e0,-5.9140625,1,0.5758333333333333,0.002693914
mendeley/extracted/Bangla Audio Dataset Original and DeepFake Voices for AI-Based Voice Analysis and Detection/Dataset/S7M01/Fake/21.wav,1,MEN,MEN-S7M01,TG:4e327253a4899166,-10.7109375,1,0.4641666666666666,2.2299198e-05
mendeley/extracted/Bangla Audio Dataset Original and DeepFake Voices for AI-Based Voice Analysis and Detection/Dataset/S7M01/Fake/22.wav,1,MEN,MEN-S7M01,TG:8e687e6d6eee3110,-10.8515625,1,0.4908333333333333,1.9373938e-05
mendeley/extracted/Bangla Audio Dataset Original and DeepFake Voices for AI-Based Voice Analysis and Detection/Dataset/S7M01/Fake/23.wav,1,MEN,MEN-S7M01,TG:79f5ecabaa235f39,-7.5195312,1,0.4175,0.00054209266
mendeley/extracted/Bangla Audio Dataset Original and DeepFake Voices for AI-Based Voice Analysis and Detection/Dataset/S7M01/Fake/24.wav,1,MEN,MEN-S7M01,TG:56c4a127e94b529e,-12.078125,1,0.5508333333333333,5.682435e-06
mendeley/extracted/Bangla Audio Dataset Original and DeepFake Voices for AI-Based Voice Analysis and Detection/Dataset/S7M01/Fake/25.wav,1,MEN,MEN-S7M01,TG:0c4b996c57ad3a91,-4.6875,1,0.4024999999999999,0.009125637
mendeley/extracted/Bangla Audio Dataset Original and DeepFake Voices for AI-Based Voice Analysis and Detection/Dataset/S7M01/Fake/26.wav,1,MEN,MEN-S7M01,TG:623c9bc53763d833,-9.5078125,1,0.4541666666666667,7.426381e-05
mendeley/extracted/Bangla Audio Dataset Original and DeepFake Voices for AI-Based Voice Analysis and Detection/Dataset/S7M01/Fake/27.wav,1,MEN,MEN-S7M01,TG:3b9d2469ed9fecdf,-6.7851562,1,0.4024999999999999,0.0011291546
mendeley/extracted/Bangla Audio Dataset Original and DeepFake Voices for AI-Based Voice Analysis and Detection/Dataset/S7M01/Fake/28.wav,1,MEN,MEN-S7M01,TG:299dcf88a7bd7e02,-10.7734375,1,0.5658333333333334,2.094819e-05
mendeley/extracted/Bangla Audio Dataset Original and DeepFake Voices for AI-Based Voice Analysis and Detection/Dataset/S7M01/Fake/29.wav,1,MEN,MEN-S7M01,TG:50986d508a0b6329,-8.515625,1,0.4875,0.00020027377
mendeley/extracted/Bangla Audio Dataset Original and DeepFake Voices for AI-Based Voice Analysis and Detection/Dataset/S7M01/Fake/3.wav,1,MEN,MEN-S7M01,TG:0482b7506606c32f,-11.3046875,1,0.5408333333333333,1.2314909e-05
mendeley/extracted/Bangla Audio Dataset Original and DeepFake Voices for AI-Based Voice Analysis and Detection/Dataset/S7M01/Fake/30.wav,1,MEN,MEN-S7M01,TG:39761131a871177e,-11.84375,1,0.5341666666666667,7.1832605e-06
mendeley/extracted/Bangla Audio Dataset Original and DeepFake Voices for AI-Based Voice Analysis and Detection/Dataset/S7M01/Fake/4.wav,1,MEN,MEN-S7M01,TG:b56423de78c5c27e,-3.3515625,1,0.5458333333333334,0.033844035
mendeley/extracted/Bangla Audio Dataset Original and DeepFake Voices for AI-Based Voice Analysis and Detection/Dataset/S7M01/Fake/5.wav,1,MEN,MEN-S7M01,TG:538c010dab2f3679,0.7910156,1,0.4291666666666667,0.6880493
mendeley/extracted/Bangla Audio Dataset Original and DeepFake Voices for AI-Based Voice Analysis and Detection/Dataset/S7M01/Fake/6.wav,1,MEN,MEN-S7M01,TG:2c57d29c7fa122ba,-7.4804688,1,0.5808333333333333,0.0005636751
mendeley/extracted/Bangla Audio Dataset Original and DeepFake Voices for AI-Based Voice Analysis and Detection/Dataset/S7M01/Fake/7.wav,1,MEN,MEN-S7M01,TG:5403d84ab3fbd6ab,-9.6484375,1,0.5425,6.452215e-05
mendeley/extracted/Bangla Audio Dataset Original and DeepFake Voices for AI-Based Voice Analysis and Detection/Dataset/S7M01/Fake/8.wav,1,MEN,MEN-S7M01,TG:350a439fb9ac1017,-7.5351562,1,0.3508333333333333,0.00053369283
mendeley/extracted/Bangla Audio Dataset Original and DeepFake Voices for AI-Based Voice Analysis and Detection/Dataset/S7M01/Fake/9.wav,1,MEN,MEN-S7M01,TG:fe872bec1d5fec5d,-6.84375,1,0.4258333333333333,0.0010649627
mendeley/extracted/Bangla Audio Dataset Original and DeepFake Voices for AI-Based Voice Analysis and Detection/Dataset/S7M01/Real/1.wav,0,MEN,MEN-S7M01,TG:e7a787eae2aadd63,-13.4296875,1,0.5925,1.4708222e-06
mendeley/extracted/Bangla Audio Dataset Original and DeepFake Voices for AI-Based Voice Analysis and Detection/Dataset/S7M01/Real/10.wav,0,MEN,MEN-S7M01,TG:b6cccc89a145b946,-7.65625,1,0.6241666666666666,0.0004728544
mendeley/extracted/Bangla Audio Dataset Original and DeepFake Voices for AI-Based Voice Analysis and Detection/Dataset/S7M01/Real/11.wav,0,MEN,MEN-S7M01,TG:e3a0955d69b2e8ce,-16.8125,1,0.4691666666666666,4.9937178e-08
mendeley/extracted/Bangla Audio Dataset Original and DeepFake Voices for AI-Based Voice Analysis and Detection/Dataset/S7M01/Real/12.wav,0,MEN,MEN-S7M01,TG:fbaa8ee664289e26,-9.96875,1,0.5075000000000001,4.6838883e-05
mendeley/extracted/Bangla Audio Dataset Original and DeepFake Voices for AI-Based Voice Analysis and Detection/Dataset/S7M01/Real/13.wav,0,MEN,MEN-S7M01,TG:b315345b73c7782e,-15.046875,1,0.5358333333333334,2.9189394e-07
mendeley/extracted/Bangla Audio Dataset Original and DeepFake Voices for AI-Based Voice Analysis and Detection/Dataset/S7M01/Real/14.wav,0,MEN,MEN-S7M01,TG:571ef3400a5435e2,-10.0703125,1,0.6074999999999999,4.2315598e-05
mendeley/extracted/Bangla Audio Dataset Original and DeepFake Voices for AI-Based Voice Analysis and Detection/Dataset/S7M01/Real/15.wav,0,MEN,MEN-S7M01,TG:68cc478016d585cf,-11.90625,1,0.5808333333333333,6.748052e-06
mendeley/extracted/Bangla Audio Dataset Original and DeepFake Voices for AI-Based Voice Analysis and Detection/Dataset/S7M01/Real/16.wav,0,MEN,MEN-S7M01,TG:8a409d6261087b5b,-9.296875,1,0.6074999999999999,9.1701964e-05
mendeley/extracted/Bangla Audio Dataset Original and DeepFake Voices for AI-Based Voice Analysis and Detection/Dataset/S7M01/Real/17.wav,0,MEN,MEN-S7M01,TG:3895276c9cd52a4f,-7.5664062,1,0.5525,0.00051728135
mendeley/extracted/Bangla Audio Dataset Original and DeepFake Voices for AI-Based Voice Analysis and Detection/Dataset/S7M01/Real/18.wav,0,MEN,MEN-S7M01,TG:71e5c9ea38e22419,-15.8828125,1,0.6074999999999999,1.2652667e-07
mendeley/extracted/Bangla Audio Dataset Original and DeepFake Voices for AI-Based Voice Analysis and Detection/Dataset/S7M01/Real/19.wav,0,MEN,MEN-S7M01,TG:b1cbde63bd64a611,-14.953125,1,0.3908333333333333,3.205828e-07
mendeley/extracted/Bangla Audio Dataset Original and DeepFake Voices for AI-Based Voice Analysis and Detection/Dataset/S7M01/Real/2.wav,0,MEN,MEN-S7M01,TG:35e8d8c301bdd724,-12.0390625,1,0.5041666666666667,5.9087965e-06
mendeley/extracted/Bangla Audio Dataset Original and DeepFake Voices for AI-Based Voice Analysis and Detection/Dataset/S7M01/Real/20.wav,0,MEN,MEN-S7M01,TG:4eede860135e46e0,-13.5,1,0.5575,1.3709571e-06
mendeley/extracted/Bangla Audio Dataset Original and DeepFake Voices for AI-Based Voice Analysis and Detection/Dataset/S7M01/Real/21.wav,0,MEN,MEN-S7M01,TG:4e327253a4899166,-8.40625,1,0.4225,0.00022341634
mendeley/extracted/Bangla Audio Dataset Original and DeepFake Voices for AI-Based Voice Analysis and Detection/Dataset/S7M01/Real/22.wav,0,MEN,MEN-S7M01,TG:8e687e6d6eee3110,-16.984375,1,0.4091666666666667,4.2051322e-08
mendeley/extracted/Bangla Audio Dataset Original and DeepFake Voices for AI-Based Voice Analysis and Detection/Dataset/S7M01/Real/23.wav,0,MEN,MEN-S7M01,TG:79f5ecabaa235f39,-11.4453125,1,0.5541666666666667,1.0699397e-05
mendeley/extracted/Bangla Audio Dataset Original and DeepFake Voices for AI-Based Voice Analysis and Detection/Dataset/S7M01/Real/24.wav,0,MEN,MEN-S7M01,TG:56c4a127e94b529e,-14.296875,1,0.4825,6.179393e-07
mendeley/extracted/Bangla Audio Dataset Original and DeepFake Voices for AI-Based Voice Analysis and Detection/Dataset/S7M01/Real/25.wav,0,MEN,MEN-S7M01,TG:0c4b996c57ad3a91,-9.4140625,1,0.6408333333333334,8.156225e-05
mendeley/extracted/Bangla Audio Dataset Original and DeepFake Voices for AI-Based Voice Analysis and Detection/Dataset/S7M01/Real/26.wav,0,MEN,MEN-S7M01,TG:623c9bc53763d833,-18.703125,1,0.5725,7.539387e-09
mendeley/extracted/Bangla Audio Dataset Original and DeepFake Voices for AI-Based Voice Analysis and Detection/Dataset/S7M01/Real/27.wav,0,MEN,MEN-S7M01,TG:3b9d2469ed9fecdf,-8.8984375,1,0.4308333333333333,0.00013658353
mendeley/extracted/Bangla Audio Dataset Original and DeepFake Voices for AI-Based Voice Analysis and Detection/Dataset/S7M01/Real/28.wav,0,MEN,MEN-S7M01,TG:299dcf88a7bd7e02,-10.2421875,1,0.6725,3.5633544e-05
mendeley/extracted/Bangla Audio Dataset Original and DeepFake Voices for AI-Based Voice Analysis and Detection/Dataset/S7M01/Real/29.wav,0,MEN,MEN-S7M01,TG:50986d508a0b6329,-11.984375,1,0.5875,6.2409304e-06
mendeley/extracted/Bangla Audio Dataset Original and DeepFake Voices for AI-Based Voice Analysis and Detection/Dataset/S7M01/Real/3.wav,0,MEN,MEN-S7M01,TG:0482b7506606c32f,-12.1328125,1,0.5541666666666667,5.3800236e-06
mendeley/extracted/Bangla Audio Dataset Original and DeepFake Voices for AI-Based Voice Analysis and Detection/Dataset/S7M01/Real/30.wav,0,MEN,MEN-S7M01,TG:39761131a871177e,-15.1171875,1,0.5075000000000001,2.720751e-07
mendeley/extracted/Bangla Audio Dataset Original and DeepFake Voices for AI-Based Voice Analysis and Detection/Dataset/S7M01/Real/4.wav,0,MEN,MEN-S7M01,TG:b56423de78c5c27e,-23.078125,1,0.3791666666666666,9.4906874e-11
mendeley/extracted/Bangla Audio Dataset Original and DeepFake Voices for AI-Based Voice Analysis and Detection/Dataset/S7M01/Real/5.wav,0,MEN,MEN-S7M01,TG:538c010dab2f3679,-11.4765625,1,0.5225,1.0370214e-05
mendeley/extracted/Bangla Audio Dataset Original and DeepFake Voices for AI-Based Voice Analysis and Detection/Dataset/S7M01/Real/6.wav,0,MEN,MEN-S7M01,TG:2c57d29c7fa122ba,-16.328125,1,0.5475,8.1056044e-08
mendeley/extracted/Bangla Audio Dataset Original and DeepFake Voices for AI-Based Voice Analysis and Detection/Dataset/S7M01/Real/7.wav,0,MEN,MEN-S7M01,TG:5403d84ab3fbd6ab,-20.53125,1,0.6541666666666667,1.2116899e-09
mendeley/extracted/Bangla Audio Dataset Original and DeepFake Voices for AI-Based Voice Analysis and Detection/Dataset/S7M01/Real/8.wav,0,MEN,MEN-S7M01,TG:350a439fb9ac1017,-11.75,1,0.5025,7.889263e-06
mendeley/extracted/Bangla Audio Dataset Original and DeepFake Voices for AI-Based Voice Analysis and Detection/Dataset/S7M01/Real/9.wav,0,MEN,MEN-S7M01,TG:fe872bec1d5fec5d,-4.4765625,1,0.6458333333333333,0.011244561
mendeley/extracted/Bangla Audio Dataset Original and DeepFake Voices for AI-Based Voice Analysis and Detection/Dataset/S7M02/Fake/1.wav,1,MEN,MEN-S7M02,TG:e7a787eae2aadd63,-4.0117188,1,0.4441666666666667,0.017780391
mendeley/extracted/Bangla Audio Dataset Original and DeepFake Voices for AI-Based Voice Analysis and Detection/Dataset/S7M02/Fake/10.wav,1,MEN,MEN-S7M02,TG:b6cccc89a145b946,4.171875,1,0.5008333333333334,0.98481095
mendeley/extracted/Bangla Audio Dataset Original and DeepFake Voices for AI-Based Voice Analysis and Detection/Dataset/S7M02/Fake/11.wav,1,MEN,MEN-S7M02,TG:e3a0955d69b2e8ce,-5.0273438,1,0.4308333333333333,0.0065134983
mendeley/extracted/Bangla Audio Dataset Original and DeepFake Voices for AI-Based Voice Analysis and Detection/Dataset/S7M02/Fake/12.wav,1,MEN,MEN-S7M02,TG:fbaa8ee664289e26,-2.2773438,1,0.4475,0.0930168
mendeley/extracted/Bangla Audio Dataset Original and DeepFake Voices for AI-Based Voice Analysis and Detection/Dataset/S7M02/Fake/13.wav,1,MEN,MEN-S7M02,TG:b315345b73c7782e,2.2226562,1,0.4441666666666667,0.9022657
mendeley/extracted/Bangla Audio Dataset Original and DeepFake Voices for AI-Based Voice Analysis and Detection/Dataset/S7M02/Fake/14.wav,1,MEN,MEN-S7M02,TG:571ef3400a5435e2,4.1835938,1,0.4891666666666666,0.98498523
mendeley/extracted/Bangla Audio Dataset Original and DeepFake Voices for AI-Based Voice Analysis and Detection/Dataset/S7M02/Fake/15.wav,1,MEN,MEN-S7M02,TG:68cc478016d585cf,-0.0031528473,1,0.4741666666666666,0.4992118
mendeley/extracted/Bangla Audio Dataset Original and DeepFake Voices for AI-Based Voice Analysis and Detection/Dataset/S7M02/Fake/16.wav,1,MEN,MEN-S7M02,TG:8a409d6261087b5b,3.4375,1,0.4441666666666667,0.9688562
mendeley/extracted/Bangla Audio Dataset Original and DeepFake Voices for AI-Based Voice Analysis and Detection/Dataset/S7M02/Fake/17.wav,1,MEN,MEN-S7M02,TG:3895276c9cd52a4f,0.3737793,1,0.3425,0.5923719
mendeley/extracted/Bangla Audio Dataset Original and DeepFake Voices for AI-Based Voice Analysis and Detection/Dataset/S7M02/Fake/18.wav,1,MEN,MEN-S7M02,TG:71e5c9ea38e22419,-4.4960938,1,0.4691666666666666,0.011029471
mendeley/extracted/Bangla Audio Dataset Original and DeepFake Voices for AI-Based Voice Analysis and Detection/Dataset/S7M02/Fake/19.wav,1,MEN,MEN-S7M02,TG:b1cbde63bd64a611,-2.1289062,1,0.4108333333333334,0.10631887
mendeley/extracted/Bangla Audio Dataset Original and DeepFake Voices for AI-Based Voice Analysis and Detection/Dataset/S7M02/Fake/2.wav,1,MEN,MEN-S7M02,TG:35e8d8c301bdd724,-3.7050781,1,0.2658333333333333,0.024007745
mendeley/extracted/Bangla Audio Dataset Original and DeepFake Voices for AI-Based Voice Analysis and Detection/Dataset/S7M02/Fake/20.wav,1,MEN,MEN-S7M02,TG:4eede860135e46e0,-7.5507812,1,0.5191666666666667,0.00052542303
mendeley/extracted/Bangla Audio Dataset Original and DeepFake Voices for AI-Based Voice Analysis and Detection/Dataset/S7M02/Fake/21.wav,1,MEN,MEN-S7M02,TG:4e327253a4899166,-12.171875,1,0.3608333333333333,5.173919e-06
mendeley/extracted/Bangla Audio Dataset Original and DeepFake Voices for AI-Based Voice Analysis and Detection/Dataset/S7M02/Fake/22.wav,1,MEN,MEN-S7M02,TG:8e687e6d6eee3110,-5.0507812,1,0.4908333333333333,0.0063635735
mendeley/extracted/Bangla Audio Dataset Original and DeepFake Voices for AI-Based Voice Analysis and Detection/Dataset/S7M02/Fake/23.wav,1,MEN,MEN-S7M02,TG:79f5ecabaa235f39,-7.1757812,1,0.4275,0.0007643034
mendeley/extracted/Bangla Audio Dataset Original and DeepFake Voices for AI-Based Voice Analysis and Detection/Dataset/S7M02/Fake/24.wav,1,MEN,MEN-S7M02,TG:56c4a127e94b529e,-0.5073242,1,0.5041666666666667,0.375821
mendeley/extracted/Bangla Audio Dataset Original and DeepFake Voices for AI-Based Voice Analysis and Detection/Dataset/S7M02/Fake/25.wav,1,MEN,MEN-S7M02,TG:0c4b996c57ad3a91,4.0742188,1,0.4275,0.98327893
mendeley/extracted/Bangla Audio Dataset Original and DeepFake Voices for AI-Based Voice Analysis and Detection/Dataset/S7M02/Fake/26.wav,1,MEN,MEN-S7M02,TG:623c9bc53763d833,-6.7578125,1,0.4741666666666666,0.0011604197
mendeley/extracted/Bangla Audio Dataset Original and DeepFake Voices for AI-Based Voice Analysis and Detection/Dataset/S7M02/Fake/27.wav,1,MEN,MEN-S7M02,TG:3b9d2469ed9fecdf,7.7851562,1,0.3525,0.99958426
mendeley/extracted/Bangla Audio Dataset Original and DeepFake Voices for AI-Based Voice Analysis and Detection/Dataset/S7M02/Fake/28.wav,1,MEN,MEN-S7M02,TG:299dcf88a7bd7e02,1.4189453,1,0.5558333333333334,0.805173
mendeley/extracted/Bangla Audio Dataset Original and DeepFake Voices for AI-Based Voice Analysis and Detection/Dataset/S7M02/Fake/29.wav,1,MEN,MEN-S7M02,TG:50986d508a0b6329,5.0898438,1,0.4725,0.9938788
mendeley/extracted/Bangla Audio Dataset Original and DeepFake Voices for AI-Based Voice Analysis and Detection/Dataset/S7M02/Fake/3.wav,1,MEN,MEN-S7M02,TG:0482b7506606c32f,-3.9003906,1,0.5041666666666667,0.019832712
mendeley/extracted/Bangla Audio Dataset Original and DeepFake Voices for AI-Based Voice Analysis and Detection/Dataset/S7M02/Fake/30.wav,1,MEN,MEN-S7M02,TG:39761131a871177e,-0.46191406,1,0.5491666666666667,0.38653183
mendeley/extracted/Bangla Audio Dataset Original and DeepFake Voices for AI-Based Voice Analysis and Detection/Dataset/S7M02/Fake/4.wav,1,MEN,MEN-S7M02,TG:b56423de78c5c27e,5.8242188,1,0.5391666666666667,0.9970536
mendeley/extracted/Bangla Audio Dataset Original and DeepFake Voices for AI-Based Voice Analysis and Detection/Dataset/S7M02/Fake/5.wav,1,MEN,MEN-S7M02,TG:538c010dab2f3679,1.3662109,1,0.4675,0.7967673
mendeley/extracted/Bangla Audio Dataset Original and DeepFake Voices for AI-Based Voice Analysis and Detection/Dataset/S7M02/Fake/6.wav,1,MEN,MEN-S7M02,TG:2c57d29c7fa122ba,0.27514648,1,0.5691666666666666,0.5683559
mendeley/extracted/Bangla Audio Dataset Original and DeepFake Voices for AI-Based Voice Analysis and Detection/Dataset/S7M02/Fake/7.wav,1,MEN,MEN-S7M02,TG:5403d84ab3fbd6ab,-6.296875,1,0.5941666666666667,0.0018386652
mendeley/extracted/Bangla Audio Dataset Original and DeepFake Voices for AI-Based Voice Analysis and Detection/Dataset/S7M02/Fake/8.wav,1,MEN,MEN-S7M02,TG:350a439fb9ac1017,-4.9765625,1,0.3275,0.00685048
mendeley/extracted/Bangla Audio Dataset Original and DeepFake Voices for AI-Based Voice Analysis and Detection/Dataset/S7M02/Fake/9.wav,1,MEN,MEN-S7M02,TG:fe872bec1d5fec5d,-4.2304688,1,0.4341666666666667,0.01433703
mendeley/extracted/Bangla Audio Dataset Original and DeepFake Voices for AI-Based Voice Analysis and Detection/Dataset/S7M02/Real/1.wav,0,MEN,MEN-S7M02,TG:e7a787eae2aadd63,-0.17785645,1,0.3675,0.45565268
mendeley/extracted/Bangla Audio Dataset Original and DeepFake Voices for AI-Based Voice Analysis and Detection/Dataset/S7M02/Real/10.wav,0,MEN,MEN-S7M02,TG:b6cccc89a145b946,-11.4765625,1,0.5675,1.0370214e-05
mendeley/extracted/Bangla Audio Dataset Original and DeepFake Voices for AI-Based Voice Analysis and Detection/Dataset/S7M02/Real/11.wav,0,MEN,MEN-S7M02,TG:e3a0955d69b2e8ce,-11.8125,1,0.6008333333333333,7.4112795e-06
mendeley/extracted/Bangla Audio Dataset Original and DeepFake Voices for AI-Based Voice Analysis and Detection/Dataset/S7M02/Real/12.wav,0,MEN,MEN-S7M02,TG:fbaa8ee664289e26,-9.203125,1,0.3841666666666666,0.000100713994
mendeley/extracted/Bangla Audio Dataset Original and DeepFake Voices for AI-Based Voice Analysis and Detection/Dataset/S7M02/Real/13.wav,0,MEN,MEN-S7M02,TG:b315345b73c7782e,-5.8789062,1,0.5341666666666667,0.0027900375
mendeley/extracted/Bangla Audio Dataset Original and DeepFake Voices for AI-Based Voice Analysis and Detection/Dataset/S7M02/Real/14.wav,0,MEN,MEN-S7M02,TG:571ef3400a5435e2,0.85791016,1,0.5675,0.70222384
mendeley/extracted/Bangla Audio Dataset Original and DeepFake Voices for AI-Based Voice Analysis and Detection/Dataset/S7M02/Real/15.wav,0,MEN,MEN-S7M02,TG:68cc478016d585cf,-7.2695312,1,0.5675,0.0006959537
mendeley/extracted/Bangla Audio Dataset Original and DeepFake Voices for AI-Based Voice Analysis and Detection/Dataset/S7M02/Real/16.wav,0,MEN,MEN-S7M02,TG:8a409d6261087b5b,-1.0263672,1,0.5341666666666667,0.263789
mendeley/extracted/Bangla Audio Dataset Original and DeepFake Voices for AI-Based Voice Analysis and Detection/Dataset/S7M02/Real/17.wav,0,MEN,MEN-S7M02,TG:3895276c9cd52a4f,-4.453125,1,0.4675,0.011508148
mendeley/extracted/Bangla Audio Dataset Original and DeepFake Voices for AI-Based Voice Analysis and Detection/Dataset/S7M02/Real/18.wav,0,MEN,MEN-S7M02,TG:71e5c9ea38e22419,-8.7578125,1,0.5341666666666667,0.00015720345
mendeley/extracted/Bangla Audio Dataset Original and DeepFake Voices for AI-Based Voice Analysis and Detection/Dataset/S7M02/Real/19.wav,0,MEN,MEN-S7M02,TG:b1cbde63bd64a611,-5.5078125,1,0.4175,0.004038592
mendeley/extracted/Bangla Audio Dataset Original and DeepFake Voices for AI-Based Voice Analysis and Detection/Dataset/S7M02/Real/2.wav,0,MEN,MEN-S7M02,TG:35e8d8c301bdd724,-10.03125,1,0.4508333333333333,4.4001183e-05
mendeley/extracted/Bangla Audio Dataset Original and DeepFake Voices for AI-Based Voice Analysis and Detection/Dataset/S7M02/Real/20.wav,0,MEN,MEN-S7M02,TG:4eede860135e46e0,-10.6015625,1,0.6008333333333333,2.487649e-05
mendeley/extracted/Bangla Audio Dataset Original and DeepFake Voices for AI-Based Voice Analysis and Detection/Dataset/S7M02/Real/21.wav,0,MEN,MEN-S7M02,TG:4e327253a4899166,-8.8046875,1,0.5508333333333333,0.00015000567
mendeley/extracted/Bangla Audio Dataset Original and DeepFake Voices for AI-Based Voice Analysis and Detection/Dataset/S7M02/Real/22.wav,0,MEN,MEN-S7M02,TG:8e687e6d6eee3110,-8.796875,1,0.6008333333333333,0.00015118199
mendeley/extracted/Bangla Audio Dataset Original and DeepFake Voices for AI-Based Voice Analysis and Detection/Dataset/S7M02/Real/23.wav,0,MEN,MEN-S7M02,TG:79f5ecabaa235f39,-8.3828125,1,0.5008333333333334,0.0002287133
mendeley/extracted/Bangla Audio Dataset Original and DeepFake Voices for AI-Based Voice Analysis and Detection/Dataset/S7M02/Real/24.wav,0,MEN,MEN-S7M02,TG:56c4a127e94b529e,-0.8222656,1,0.6008333333333333,0.30528295
mendeley/extracted/Bangla Audio Dataset Original and DeepFake Voices for AI-Based Voice Analysis and Detection/Dataset/S7M02/Real/25.wav,0,MEN,MEN-S7M02,TG:0c4b996c57ad3a91,3.5800781,1,0.5341666666666667,0.97288233
mendeley/extracted/Bangla Audio Dataset Original and DeepFake Voices for AI-Based Voice Analysis and Detection/Dataset/S7M02/Real/26.wav,0,MEN,MEN-S7M02,TG:623c9bc53763d833,-6.6015625,1,0.5175000000000001,0.0013564017
mendeley/extracted/Bangla Audio Dataset Original and DeepFake Voices for AI-Based Voice Analysis and Detection/Dataset/S7M02/Real/27.wav,0,MEN,MEN-S7M02,TG:3b9d2469ed9fecdf,-5.6445312,1,0.4508333333333333,0.003524341
mendeley/extracted/Bangla Audio Dataset Original and DeepFake Voices for AI-Based Voice Analysis and Detection/Dataset/S7M02/Real/28.wav,0,MEN,MEN-S7M02,TG:299dcf88a7bd7e02,-10.015625,1,0.6008333333333333,4.4694076e-05
mendeley/extracted/Bangla Audio Dataset Original and DeepFake Voices for AI-Based Voice Analysis and Detection/Dataset/S7M02/Real/29.wav,0,MEN,MEN-S7M02,TG:50986d508a0b6329,-8.1171875,1,0.5508333333333333,0.00029827765
mendeley/extracted/Bangla Audio Dataset Original and DeepFake Voices for AI-Based Voice Analysis and Detection/Dataset/S7M02/Real/3.wav,0,MEN,MEN-S7M02,TG:0482b7506606c32f,-10.7578125,1,0.5175000000000001,2.1278067e-05
mendeley/extracted/Bangla Audio Dataset Original and DeepFake Voices for AI-Based Voice Analysis and Detection/Dataset/S7M02/Real/30.wav,0,MEN,MEN-S7M02,TG:39761131a871177e,-6.1796875,1,0.5008333333333334,0.0020667946
mendeley/extracted/Bangla Audio Dataset Original and DeepFake Voices for AI-Based Voice Analysis and Detection/Dataset/S7M02/Real/4.wav,0,MEN,MEN-S7M02,TG:b56423de78c5c27e,-8.625,1,0.4008333333333334,0.00017952795
mendeley/extracted/Bangla Audio Dataset Original and DeepFake Voices for AI-Based Voice Analysis and Detection/Dataset/S7M02/Real/5.wav,0,MEN,MEN-S7M02,TG:538c010dab2f3679,-14.296875,1,0.6841666666666666,6.179393e-07
mendeley/extracted/Bangla Audio Dataset Original and DeepFake Voices for AI-Based Voice Analysis and Detection/Dataset/S7M02/Real/6.wav,0,MEN,MEN-S7M02,TG:2c57d29c7fa122ba,-9.609375,1,0.6008333333333333,6.7092245e-05
mendeley/extracted/Bangla Audio Dataset Original and DeepFake Voices for AI-Based Voice Analysis and Detection/Dataset/S7M02/Real/7.wav,0,MEN,MEN-S7M02,TG:5403d84ab3fbd6ab,-16.25,1,0.5508333333333333,8.764247e-08
mendeley/extracted/Bangla Audio Dataset Original and DeepFake Voices for AI-Based Voice Analysis and Detection/Dataset/S7M02/Real/8.wav,0,MEN,MEN-S7M02,TG:350a439fb9ac1017,-9.0703125,1,0.4508333333333333,0.000115017356
mendeley/extracted/Bangla Audio Dataset Original and DeepFake Voices for AI-Based Voice Analysis and Detection/Dataset/S7M02/Real/9.wav,0,MEN,MEN-S7M02,TG:fe872bec1d5fec5d,-7.953125,1,0.5675,0.00035143827
mendeley/extracted/Bangla Audio Dataset Original and DeepFake Voices for AI-Based Voice Analysis and Detection/Dataset/S7M03/Fake/1.wav,1,MEN,MEN-S7M03,TG:e7a787eae2aadd63,0.67333984,1,0.4608333333333333,0.66225064
mendeley/extracted/Bangla Audio Dataset Original and DeepFake Voices for AI-Based Voice Analysis and Detection/Dataset/S7M03/Fake/10.wav,1,MEN,MEN-S7M03,TG:b6cccc89a145b946,-2.9726562,1,0.4708333333333333,0.048676573
mendeley/extracted/Bangla Audio Dataset Original and DeepFake Voices for AI-Based Voice Analysis and Detection/Dataset/S7M03/Fake/11.wav,1,MEN,MEN-S7M03,TG:e3a0955d69b2e8ce,-6.9257812,1,0.4408333333333333,0.000981172
mendeley/extracted/Bangla Audio Dataset Original and DeepFake Voices for AI-Based Voice Analysis and Detection/Dataset/S7M03/Fake/12.wav,1,MEN,MEN-S7M03,TG:fbaa8ee664289e26,-11.5390625,1,0.4408333333333333,9.7419215e-06
mendeley/extracted/Bangla Audio Dataset Original and DeepFake Voices for AI-Based Voice Analysis and Detection/Dataset/S7M03/Fake/13.wav,1,MEN,MEN-S7M03,TG:b315345b73c7782e,-6.5507812,1,0.4291666666666667,0.0014269596
mendeley/extracted/Bangla Audio Dataset Original and DeepFake Voices for AI-Based Voice Analysis and Detection/Dataset/S7M03/Fake/14.wav,1,MEN,MEN-S7M03,TG:571ef3400a5435e2,2.0917969,1,0.4475,0.89010334
mendeley/extracted/Bangla Audio Dataset Original and DeepFake Voices for AI-Based Voice Analysis and Detection/Dataset/S7M03/Fake/15.wav,1,MEN,MEN-S7M03,TG:68cc478016d585cf,5.171875,1,0.4725,0.9943581
mendeley/extracted/Bangla Audio Dataset Original and DeepFake Voices for AI-Based Voice Analysis and Detection/Dataset/S7M03/Fake/16.wav,1,MEN,MEN-S7M03,TG:8a409d6261087b5b,0.37524414,1,0.4475,0.5927255
mendeley/extracted/Bangla Audio Dataset Original and DeepFake Voices for AI-Based Voice Analysis and Detection/Dataset/S7M03/Fake/17.wav,1,MEN,MEN-S7M03,TG:3895276c9cd52a4f,-6.1875,1,0.4641666666666666,0.0020507437
mendeley/extracted/Bangla Audio Dataset Original and DeepFake Voices for AI-Based Voice Analysis and Detection/Dataset/S7M03/Fake/18.wav,1,MEN,MEN-S7M03,TG:71e5c9ea38e22419,-4.3945312,1,0.5125,0.012194133
mendeley/extracted/Bangla Audio Dataset Original and DeepFake Voices for AI-Based Voice Analysis and Detection/Dataset/S7M03/Fake/19.wav,1,MEN,MEN-S7M03,TG:b1cbde63bd64a611,-3.8964844,1,0.3108333333333333,0.01990879
mendeley/extracted/Bangla Audio Dataset Original and DeepFake Voices for AI-Based Voice Analysis and Detection/Dataset/S7M03/Fake/2.wav,1,MEN,MEN-S7M03,TG:35e8d8c301bdd724,-3.6757812,1,0.2275,0.02470387
mendeley/extracted/Bangla Audio Dataset Original and DeepFake Voices for AI-Based Voice Analysis and Detection/Dataset/S7M03/Fake/20.wav,1,MEN,MEN-S7M03,TG:4eede860135e46e0,-10.3515625,1,0.5508333333333333,3.1941818e-05
mendeley/extracted/Bangla Audio Dataset Original and DeepFake Voices for AI-Based Voice Analysis and Detection/Dataset/S7M03/Fake/21.wav,1,MEN,MEN-S7M03,TG:4e327253a4899166,-10.3046875,1,0.4058333333333334,3.347469e-05
mendeley/extracted/Bangla Audio Dataset Original and DeepFake Voices for AI-Based Voice Analysis and Detection/Dataset/S7M03/Fake/22.wav,1,MEN,MEN-S7M03,TG:8e687e6d6eee3110,-4.2773438,1,0.5275000000000001,0.013689476
mendeley/extracted/Bangla Audio Dataset Original and DeepFake Voices for AI-Based Voice Analysis and Detection/Dataset/S7M03/Fake/23.wav,1,MEN,MEN-S7M03,TG:79f5ecabaa235f39,-8.078125,1,0.4391666666666667,0.000310156
mendeley/extracted/Bangla Audio Dataset Original and DeepFake Voices for AI-Based Voice Analysis and Detection/Dataset/S7M03/Fake/24.wav,1,MEN,MEN-S7M03,TG:56c4a127e94b529e,-9.0625,1,0.5608333333333333,0.000115919334
mendeley/extracted/Bangla Audio Dataset Original and DeepFake Voices for AI-Based Voice Analysis and Detection/Dataset/S7M03/Fake/25.wav,1,MEN,MEN-S7M03,TG:0c4b996c57ad3a91,0.8300781,1,0.3891666666666666,0.69637144
mendeley/extracted/Bangla Audio Dataset Original and DeepFake Voices for AI-Based Voice Analysis and Detection/Dataset/S7M03/Fake/26.wav,1,MEN,MEN-S7M03,TG:623c9bc53763d833,-1.8701172,1,0.4775,0.13352817
mendeley/extracted/Bangla Audio Dataset Original and DeepFake Voices for AI-Based Voice Analysis and Detection/Dataset/S7M03/Fake/27.wav,1,MEN,MEN-S7M03,TG:3b9d2469ed9fecdf,-2.7285156,1,0.3125,0.061311536
mendeley/extracted/Bangla Audio Dataset Original and DeepFake Voices for AI-Based Voice Analysis and Detection/Dataset/S7M03/Fake/28.wav,1,MEN,MEN-S7M03,TG:299dcf88a7bd7e02,-0.7602539,1,0.5708333333333333,0.31859118
mendeley/extracted/Bangla Audio Dataset Original and DeepFake Voices for AI-Based Voice Analysis and Detection/Dataset/S7M03/Fake/29.wav,1,MEN,MEN-S7M03,TG:50986d508a0b6329,-6.3164062,1,0.3391666666666666,0.0018031665
mendeley/extracted/Bangla Audio Dataset Original and DeepFake Voices for AI-Based Voice Analysis and Detection/Dataset/S7M03/Fake/3.wav,1,MEN,MEN-S7M03,TG:0482b7506606c32f,-7.0507812,1,0.4641666666666666,0.000865981
mendeley/extracted/Bangla Audio Dataset Original and DeepFake Voices for AI-Based Voice Analysis and Detection/Dataset/S7M03/Fake/30.wav,1,MEN,MEN-S7M03,TG:39761131a871177e,-6.4375,1,0.5275000000000001,0.0015978456
mendeley/extracted/Bangla Audio Dataset Original and DeepFake Voices for AI-Based Voice Analysis and Detection/Dataset/S7M03/Fake/4.wav,1,MEN,MEN-S7M03,TG:b56423de78c5c27e,-0.68896484,1,0.5375,0.33426335
mendeley/extracted/Bangla Audio Dataset Original and DeepFake Voices for AI-Based Voice Analysis and Detection/Dataset/S7M03/Fake/5.wav,1,MEN,MEN-S7M03,TG:538c010dab2f3679,2.5,1,0.4024999999999999,0.9241418
mendeley/extracted/Bangla Audio Dataset Original and DeepFake Voices for AI-Based Voice Analysis and Detection/Dataset/S7M03/Fake/6.wav,1,MEN,MEN-S7M03,TG:2c57d29c7fa122ba,-7.5351562,1,0.5808333333333333,0.00053369283
mendeley/extracted/Bangla Audio Dataset Original and DeepFake Voices for AI-Based Voice Analysis and Detection/Dataset/S7M03/Fake/7.wav,1,MEN,MEN-S7M03,TG:5403d84ab3fbd6ab,-8.453125,1,0.5675,0.00021318757
mendeley/extracted/Bangla Audio Dataset Original and DeepFake Voices for AI-Based Voice Analysis and Detection/Dataset/S7M03/Fake/8.wav,1,MEN,MEN-S7M03,TG:350a439fb9ac1017,-1.6542969,1,0.3608333333333333,0.16052906
mendeley/extracted/Bangla Audio Dataset Original and DeepFake Voices for AI-Based Voice Analysis and Detection/Dataset/S7M03/Fake/9.wav,1,MEN,MEN-S7M03,TG:fe872bec1d5fec5d,-2.09375,1,0.4975,0.10970578
mendeley/extracted/Bangla Audio Dataset Original and DeepFake Voices for AI-Based Voice Analysis and Detection/Dataset/S7M03/Real/1.wav,0,MEN,MEN-S7M03,TG:e7a787eae2aadd63,-7.4882812,1,0.4675,0.000559291
mendeley/extracted/Bangla Audio Dataset Original and DeepFake Voices for AI-Based Voice Analysis and Detection/Dataset/S7M03/Real/10.wav,0,MEN,MEN-S7M03,TG:b6cccc89a145b946,-4.8984375,1,0.5675,0.0074030138
mendeley/extracted/Bangla Audio Dataset Original and DeepFake Voices for AI-Based Voice Analysis and Detection/Dataset/S7M03/Real/11.wav,0,MEN,MEN-S7M03,TG:e3a0955d69b2e8ce,-9.0703125,1,0.5841666666666667,0.000115017356
mendeley/extracted/Bangla Audio Dataset Original and DeepFake Voices for AI-Based Voice Analysis and Detection/Dataset/S7M03/Real/12.wav,0,MEN,MEN-S7M03,TG:fbaa8ee664289e26,2.3847656,1,0.5341666666666667,0.91565824
mendeley/extracted/Bangla Audio Dataset Original and DeepFake Voices for AI-Based Voice Analysis and Detection/Dataset/S7M03/Real/13.wav,0,MEN,MEN-S7M03,TG:b315345b73c7782e,0.55615234,1,0.5175000000000001,0.6355618
mendeley/extracted/Bangla Audio Dataset Original and DeepFake Voices for AI-Based Voice Analysis and Detection/Dataset/S7M03/Real/14.wav,0,MEN,MEN-S7M03,TG:571ef3400a5435e2,3.1894531,1,0.5341666666666667,0.9604354
mendeley/extracted/Bangla Audio Dataset Original and DeepFake Voices for AI-Based Voice Analysis and Detection/Dataset/S7M03/Real/15.wav,0,MEN,MEN-S7M03,TG:68cc478016d585cf,-11.46875,1,0.5175000000000001,1.0451548e-05
mendeley/extracted/Bangla Audio Dataset Original and DeepFake Voices for AI-Based Voice Analysis and Detection/Dataset/S7M03/Real/16.wav,0,MEN,MEN-S7M03,TG:8a409d6261087b5b,-3.4550781,1,0.5175000000000001,0.03061778
mendeley/extracted/Bangla Audio Dataset Original and DeepFake Voices for AI-Based Voice Analysis and Detection/Dataset/S7M03/Real/17.wav,0,MEN,MEN-S7M03,TG:3895276c9cd52a4f,-6.6679688,1,0.5175000000000001,0.0012693644
mendeley/extracted/Bangla Audio Dataset Original and DeepFake Voices for AI-Based Voice Analysis and Detection/Dataset/S7M03/Real/18.wav,0,MEN,MEN-S7M03,TG:71e5c9ea38e22419,-8.703125,1,0.5341666666666667,0.00016603847
mendeley/extracted/Bangla Audio Dataset Original and DeepFake Voices for AI-Based Voice Analysis and Detection/Dataset/S7M03/Real/19.wav,0,MEN,MEN-S7M03,TG:b1cbde63bd64a611,-6.1757812,1,0.4841666666666666,0.002074867
mendeley/extracted/Bangla Audio Dataset Original and DeepFake Voices for AI-Based Voice Analysis and Detection/Dataset/S7M03/Real/2.wav,0,MEN,MEN-S7M03,TG:35e8d8c301bdd724,1.1318359,1,0.5175000000000001,0.75617754
mendeley/extracted/Bangla Audio Dataset Original and DeepFake Voices for AI-Based Voice Analysis and Detection/Dataset/S7M03/Real/20.wav,0,MEN,MEN-S7M03,TG:4eede860135e46e0,-7.96875,1,0.5008333333333334,0.0003459916
mendeley/extracted/Bangla Audio Dataset Original and DeepFake Voices for AI-Based Voice Analysis and Detection/Dataset/S7M03/Real/21.wav,0,MEN,MEN-S7M03,TG:4e327253a4899166,-9.1875,1,0.5508333333333333,0.00010229986
mendeley/extracted/Bangla Audio Dataset Original and DeepFake Voices for AI-Based Voice Analysis and Detection/Dataset/S7M03/Real/22.wav,0,MEN,MEN-S7M03,TG:8e687e6d6eee3110,-1.1904297,1,0.5175000000000001,0.23318209
mendeley/extracted/Bangla Audio Dataset Original and DeepFake Voices for AI-Based Voice Analysis and Detection/Dataset/S7M03/Real/23.wav,0,MEN,MEN-S7M03,TG:79f5ecabaa235f39,-9.15625,1,0.4841666666666666,0.00010554686
mendeley/extracted/Bangla Audio Dataset Original and DeepFake Voices for AI-Based Voice Analysis and Detection/Dataset/S7M03/Real/24.wav,0,MEN,MEN-S7M03,TG:56c4a127e94b529e,-7.1523438,1,0.5008333333333334,0.00078241405
mendeley/extracted/Bangla Audio Dataset Original and DeepFake Voices for AI-Based Voice Analysis and Detection/Dataset/S7M03/Real/25.wav,0,MEN,MEN-S7M03,TG:0c4b996c57ad3a91,-6.9921875,1,0.5675,0.00091819005
mendeley/extracted/Bangla Audio Dataset Original and DeepFake Voices for AI-Based Voice Analysis and Detection/Dataset/S7M03/Real/26.wav,0,MEN,MEN-S7M03,TG:623c9bc53763d833,-10.7578125,1,0.5675,2.1278067e-05
mendeley/extracted/Bangla Audio Dataset Original and DeepFake Voices for AI-Based Voice Analysis and Detection/Dataset/S7M03/Real/27.wav,0,MEN,MEN-S7M03,TG:3b9d2469ed9fecdf,-9.1953125,1,0.4841666666666666,0.000101503836
mendeley/extracted/Bangla Audio Dataset Original and DeepFake Voices for AI-Based Voice Analysis and Detection/Dataset/S7M03/Real/28.wav,0,MEN,MEN-S7M03,TG:299dcf88a7bd7e02,-6.1523438,1,0.5341666666666667,0.0021239666
mendeley/extracted/Bangla Audio Dataset Original and DeepFake Voices for AI-Based Voice Analysis and Detection/Dataset/S7M03/Real/29.wav,0,MEN,MEN-S7M03,TG:50986d508a0b6329,-8.3671875,1,0.5508333333333333,0.0002323142
mendeley/extracted/Bangla Audio Dataset Original and DeepFake Voices for AI-Based Voice Analysis and Detection/Dataset/S7M03/Real/3.wav,0,MEN,MEN-S7M03,TG:0482b7506606c32f,-10.6015625,1,0.5508333333333333,2.487649e-05
mendeley/extracted/Bangla Audio Dataset Original and DeepFake Voices for AI-Based Voice Analysis and Detection/Dataset/S7M03/Real/30.wav,0,MEN,MEN-S7M03,TG:39761131a871177e,-6.203125,1,0.5175000000000001,0.002019014
mendeley/extracted/Bangla Audio Dataset Original and DeepFake Voices for AI-Based Voice Analysis and Detection/Dataset/S7M03/Real/4.wav,0,MEN,MEN-S7M03,TG:b56423de78c5c27e,-9.6953125,1,0.5341666666666667,6.156764e-05
mendeley/extracted/Bangla Audio Dataset Original and DeepFake Voices for AI-Based Voice Analysis and Detection/Dataset/S7M03/Real/5.wav,0,MEN,MEN-S7M03,TG:538c010dab2f3679,-7.609375,1,0.5341666666666667,0.00049553596
mendeley/extracted/Bangla Audio Dataset Original and DeepFake Voices for AI-Based Voice Analysis and Detection/Dataset/S7M03/Real/6.wav,0,MEN,MEN-S7M03,TG:2c57d29c7fa122ba,-9.8671875,1,0.5675,5.1845658e-05
mendeley/extracted/Bangla Audio Dataset Original and DeepFake Voices for AI-Based Voice Analysis and Detection/Dataset/S7M03/Real/7.wav,0,MEN,MEN-S7M03,TG:5403d84ab3fbd6ab,-2.8925781,1,0.5675,0.052521676
mendeley/extracted/Bangla Audio Dataset Original and DeepFake Voices for AI-Based Voice Analysis and Detection/Dataset/S7M03/Real/8.wav,0,MEN,MEN-S7M03,TG:350a439fb9ac1017,-8.1796875,1,0.5175000000000001,0.00028021098
mendeley/extracted/Bangla Audio Dataset Original and DeepFake Voices for AI-Based Voice Analysis and Detection/Dataset/S7M03/Real/9.wav,0,MEN,MEN-S7M03,TG:fe872bec1d5fec5d,-7.9296875,1,0.5675,0.00035976936
mendeley/extracted/Bangla Audio Dataset Original and DeepFake Voices for AI-Based Voice Analysis and Detection/Dataset/S8F01/Fake/1.wav,1,MEN,MEN-S8F01,TG:760e3ce681aa7630,-7.0390625,1,0.5208333333333333,0.00087618
mendeley/extracted/Bangla Audio Dataset Original and DeepFake Voices for AI-Based Voice Analysis and Detection/Dataset/S8F01/Fake/10.wav,1,MEN,MEN-S8F01,TG:7ccc8eca646a6e57,-5.328125,1,0.5541666666666667,0.0048297215
mendeley/extracted/Bangla Audio Dataset Original and DeepFake Voices for AI-Based Voice Analysis and Detection/Dataset/S8F01/Fake/11.wav,1,MEN,MEN-S8F01,TG:872f6260af58529e,-9.75,1,0.4541666666666667,5.8291265e-05
mendeley/extracted/Bangla Audio Dataset Original and DeepFake Voices for AI-Based Voice Analysis and Detection/Dataset/S8F01/Fake/12.wav,1,MEN,MEN-S8F01,TG:bbd38849c3dc44fa,-9.453125,1,0.4475,7.843789e-05
mendeley/extracted/Bangla Audio Dataset Original and DeepFake Voices for AI-Based Voice Analysis and Detection/Dataset/S8F01/Fake/13.wav,1,MEN,MEN-S8F01,TG:08c5075532646c3a,-4.8671875,1,0.4425,0.007636217
mendeley/extracted/Bangla Audio Dataset Original and DeepFake Voices for AI-Based Voice Analysis and Detection/Dataset/S8F01/Fake/14.wav,1,MEN,MEN-S8F01,TG:77bf98e46646f28d,-9.4296875,1,0.4075,8.029784e-05
mendeley/extracted/Bangla Audio Dataset Original and DeepFake Voices for AI-Based Voice Analysis and Detection/Dataset/S8F01/Fake/15.wav,1,MEN,MEN-S8F01,TG:3eb14b84f28303c8,-8.3515625,1,0.4575,0.00023597172
mendeley/extracted/Bangla Audio Dataset Original and DeepFake Voices for AI-Based Voice Analysis and Detection/Dataset/S8F01/Fake/16.wav,1,MEN,MEN-S8F01,TG:0ea8bc04161b1f2f,-14.3671875,1,0.4058333333333334,5.759828e-07
mendeley/extracted/Bangla Audio Dataset Original and DeepFake Voices for AI-Based Voice Analysis and Detection/Dataset/S8F01/Fake/17.wav,1,MEN,MEN-S8F01,TG:66c39665bb32ee30,-11.6484375,1,0.3991666666666666,8.73261e-06
mendeley/extracted/Bangla Audio Dataset Original and DeepFake Voices for AI-Based Voice Analysis and Detection/Dataset/S8F01/Fake/18.wav,1,MEN,MEN-S8F01,TG:b494f4a3b1edf8db,-7.1054688,1,0.4808333333333333,0.00081993215
mendeley/extracted/Bangla Audio Dataset Original and DeepFake Voices for AI-Based Voice Analysis and Detection/Dataset/S8F01/Fake/19.wav,1,MEN,MEN-S8F01,TG:2787a2a24a265664,-11.484375,1,0.4075,1.0289513e-05
mendeley/extracted/Bangla Audio Dataset Original and DeepFake Voices for AI-Based Voice Analysis and Detection/Dataset/S8F01/Fake/2.wav,1,MEN,MEN-S8F01,TG:bac6bd4d479b8a5b,-7.890625,1,0.5141666666666667,0.0003740956
mendeley/extracted/Bangla Audio Dataset Original and DeepFake Voices for AI-Based Voice Analysis and Detection/Dataset/S8F01/Fake/20.wav,1,MEN,MEN-S8F01,TG:c9b9b4cacb95876e,-10.6328125,1,0.3841666666666666,2.411114e-05
mendeley/extracted/Bangla Audio Dataset Original and DeepFake Voices for AI-Based Voice Analysis and Detection/Dataset/S8F01/Fake/21.wav,1,MEN,MEN-S8F01,TG:05910b36b882676c,-11.1171875,1,0.5008333333333334,1.4854579e-05
mendeley/extracted/Bangla Audio Dataset Original and DeepFake Voices for AI-Based Voice Analysis and Detection/Dataset/S8F01/Fake/22.wav,1,MEN,MEN-S8F01,TG:63d69875a36d8c5d,-6.5078125,1,0.3291666666666667,0.0014895173
mendeley/extracted/Bangla Audio Dataset Original and DeepFake Voices for AI-Based Voice Analysis and Detection/Dataset/S8F01/Fake/23.wav,1,MEN,MEN-S8F01,TG:59cb211849ea18dc,-13.0859375,1,0.5508333333333333,2.0741907e-06
mendeley/extracted/Bangla Audio Dataset Original and DeepFake Voices for AI-Based Voice Analysis and Detection/Dataset/S8F01/Fake/24.wav,1,MEN,MEN-S8F01,TG:e3ad4512efc8cbc6,-10.15625,1,0.5208333333333333,3.883111e-05
mendeley/extracted/Bangla Audio Dataset Original and DeepFake Voices for AI-Based Voice Analysis and Detection/Dataset/S8F01/Fake/25.wav,1,MEN,MEN-S8F01,TG:3b026d0aca15da29,-6.015625,1,0.4841666666666666,0.002434382
mendeley/extracted/Bangla Audio Dataset Original and DeepFake Voices for AI-Based Voice Analysis and Detection/Dataset/S8F01/Fake/26.wav,1,MEN,MEN-S8F01,TG:bc8efbdca8f6081a,-14.8046875,1,0.5041666666666667,3.718825e-07
mendeley/extracted/Bangla Audio Dataset Original and DeepFake Voices for AI-Based Voice Analysis and Detection/Dataset/S8F01/Fake/27.wav,1,MEN,MEN-S8F01,TG:52999faeaa2ecc2d,-10.3046875,1,0.4708333333333333,3.347469e-05
mendeley/extracted/Bangla Audio Dataset Original and DeepFake Voices for AI-Based Voice Analysis and Detection/Dataset/S8F01/Fake/28.wav,1,MEN,MEN-S8F01,TG:352d26f1389a8b5b,-11.03125,1,0.5208333333333333,1.6187581e-05
mendeley/extracted/Bangla Audio Dataset Original and DeepFake Voices for AI-Based Voice Analysis and Detection/Dataset/S8F01/Fake/29.wav,1,MEN,MEN-S8F01,TG:38d7ef05bbb12d77,-11.1171875,1,0.4975,1.4854579e-05
mendeley/extracted/Bangla Audio Dataset Original and DeepFake Voices for AI-Based Voice Analysis and Detection/Dataset/S8F01/Fake/3.wav,1,MEN,MEN-S8F01,TG:515be6f37ee9bb6b,-8.3671875,1,0.5691666666666666,0.0002323142
mendeley/extracted/Bangla Audio Dataset Original and DeepFake Voices for AI-Based Voice Analysis and Detection/Dataset/S8F01/Fake/30.wav,1,MEN,MEN-S8F01,TG:5d0a616d7540918c,-6.2421875,1,0.3841666666666666,0.0019418169
mendeley/extracted/Bangla Audio Dataset Original and DeepFake Voices for AI-Based Voice Analysis and Detection/Dataset/S8F01/Fake/4.wav,1,MEN,MEN-S8F01,TG:9171bfa0ce6f0284,-13.3359375,1,0.5008333333333334,1.615382e-06
mendeley/extracted/Bangla Audio Dataset Original and DeepFake Voices for AI-Based Voice Analysis and Detection/Dataset/S8F01/Fake/5.wav,1,MEN,MEN-S8F01,TG:c48f3edccc3e1864,-11.984375,1,0.5308333333333333,6.2409304e-06
mendeley/extracted/Bangla Audio Dataset Original and DeepFake Voices for AI-Based Voice Analysis and Detection/Dataset/S8F01/Fake/6.wav,1,MEN,MEN-S8F01,TG:2aa58a4fccd71627,-7.5078125,1,0.4758333333333333,0.00054847926
mendeley/extracted/Bangla Audio Dataset Original and DeepFake Voices for AI-Based Voice Analysis and Detection/Dataset/S8F01/Fake/7.wav,1,MEN,MEN-S8F01,TG:ea527d337528d827,-11.9609375,1,0.5541666666666667,6.3889293e-06
mendeley/extracted/Bangla Audio Dataset Original and DeepFake Voices for AI-Based Voice Analysis and Detection/Dataset/S8F01/Fake/8.wav,1,MEN,MEN-S8F01,TG:0a440d8d407106df,-9.609375,1,0.4675,6.7092245e-05
mendeley/extracted/Bangla Audio Dataset Original and DeepFake Voices for AI-Based Voice Analysis and Detection/Dataset/S8F01/Fake/9.wav,1,MEN,MEN-S8F01,TG:bf935363bd6823d1,-8.6640625,1,0.4541666666666667,0.00017265156
mendeley/extracted/Bangla Audio Dataset Original and DeepFake Voices for AI-Based Voice Analysis and Detection/Dataset/S8F01/Real/1.wav,0,MEN,MEN-S8F01,TG:760e3ce681aa7630,-2.0488281,1,0.5675,0.11417085
mendeley/extracted/Bangla Audio Dataset Original and DeepFake Voices for AI-Based Voice Analysis and Detection/Dataset/S8F01/Real/10.wav,0,MEN,MEN-S8F01,TG:7ccc8eca646a6e57,-9.5703125,1,0.5341666666666667,6.976471e-05
mendeley/extracted/Bangla Audio Dataset Original and DeepFake Voices for AI-Based Voice Analysis and Detection/Dataset/S8F01/Real/11.wav,0,MEN,MEN-S8F01,TG:872f6260af58529e,-9.4375,1,0.5841666666666667,7.967302e-05
mendeley/extracted/Bangla Audio Dataset Original and DeepFake Voices for AI-Based Voice Analysis and Detection/Dataset/S8F01/Real/12.wav,0,MEN,MEN-S8F01,TG:bbd38849c3dc44fa,-10.578125,1,0.5841666666666667,2.5466403e-05
mendeley/extracted/Bangla Audio Dataset Original and DeepFake Voices for AI-Based Voice Analysis and Detection/Dataset/S8F01/Real/13.wav,0,MEN,MEN-S8F01,TG:08c5075532646c3a,-9.3671875,1,0.5341666666666667,8.5476175e-05
mendeley/extracted/Bangla Audio Dataset Original and DeepFake Voices for AI-Based Voice Analysis and Detection/Dataset/S8F01/Real/14.wav,0,MEN,MEN-S8F01,TG:77bf98e46646f28d,-13.78125,1,0.4841666666666666,1.0348532e-06
mendeley/extracted/Bangla Audio Dataset Original and DeepFake Voices for AI-Based Voice Analysis and Detection/Dataset/S8F01/Real/15.wav,0,MEN,MEN-S8F01,TG:3eb14b84f28303c8,-5.53125,1,0.6008333333333333,0.003945407
mendeley/extracted/Bangla Audio Dataset Original and DeepFake Voices for AI-Based Voice Analysis and Detection/Dataset/S8F01/Real/16.wav,0,MEN,MEN-S8F01,TG:0ea8bc04161b1f2f,-7.1015625,1,0.6174999999999999,0.00082313863
mendeley/extracted/Bangla Audio Dataset Original and DeepFake Voices for AI-Based Voice Analysis and Detection/Dataset/S8F01/Real/17.wav,0,MEN,MEN-S8F01,TG:66c39665bb32ee30,-8.0859375,1,0.5341666666666667,0.00030774306
mendeley/extracted/Bangla Audio Dataset Original and DeepFake Voices for AI-Based Voice Analysis and Detection/Dataset/S8F01/Real/18.wav,0,MEN,MEN-S8F01,TG:b494f4a3b1edf8db,-8.9453125,1,0.5675,0.00013032975
mendeley/extracted/Bangla Audio Dataset Original and DeepFake Voices for AI-Based Voice Analysis and Detection/Dataset/S8F01/Real/19.wav,0,MEN,MEN-S8F01,TG:2787a2a24a265664,-6.9765625,1,0.4008333333333334,0.00093263603
mendeley/extracted/Bangla Audio Dataset Original and DeepFake Voices for AI-Based Voice Analysis and Detection/Dataset/S8F01/Real/2.wav,0,MEN,MEN-S8F01,TG:bac6bd4d479b8a5b,-5.8867188,1,0.5008333333333334,0.0027683855
mendeley/extracted/Bangla Audio Dataset Original and DeepFake Voices for AI-Based Voice Analysis and Detection/Dataset/S8F01/Real/20.wav,0,MEN,MEN-S8F01,TG:c9b9b4cacb95876e,-3.4179688,1,0.4841666666666666,0.031738594
mendeley/extracted/Bangla Audio Dataset Original and DeepFake Voices for AI-Based Voice Analysis and Detection/Dataset/S8F01/Real/21.wav,0,MEN,MEN-S8F01,TG:05910b36b882676c,-7.4609375,1,0.5508333333333333,0.00057478616
mendeley/extracted/Bangla Audio Dataset Original and DeepFake Voices for AI-Based Voice Analysis and Detection/Dataset/S8F01/Real/22.wav,0,MEN,MEN-S8F01,TG:63d69875a36d8c5d,-9.671875,1,0.3341666666666666,6.302758e-05
mendeley/extracted/Bangla Audio Dataset Original and DeepFake Voices for AI-Based Voice Analysis and Detection/Dataset/S8F01/Real/23.wav,0,MEN,MEN-S8F01,TG:59cb211849ea18dc,-9.15625,1,0.6008333333333333,0.00010554686
mendeley/extracted/Bangla Audio Dataset Original and DeepFake Voices for AI-Based Voice Analysis and Detection/Dataset/S8F01/Real/24.wav,0,MEN,MEN-S8F01,TG:e3ad4512efc8cbc6,-10.578125,1,0.6174999999999999,2.5466403e-05
mendeley/extracted/Bangla Audio Dataset Original and DeepFake Voices for AI-Based Voice Analysis and Detection/Dataset/S8F01/Real/25.wav,0,MEN,MEN-S8F01,TG:3b026d0aca15da29,-10.65625,1,0.5841666666666667,2.3552619e-05
mendeley/extracted/Bangla Audio Dataset Original and DeepFake Voices for AI-Based Voice Analysis and Detection/Dataset/S8F01/Real/26.wav,0,MEN,MEN-S8F01,TG:bc8efbdca8f6081a,-9.8125,1,0.6174999999999999,5.4759774e-05
mendeley/extracted/Bangla Audio Dataset Original and DeepFake Voices for AI-Based Voice Analysis and Detection/Dataset/S8F01/Real/27.wav,0,MEN,MEN-S8F01,TG:52999faeaa2ecc2d,-8.65625,1,0.5008333333333334,0.00017400544
mendeley/extracted/Bangla Audio Dataset Original and DeepFake Voices for AI-Based Voice Analysis and Detection/Dataset/S8F01/Real/28.wav,0,MEN,MEN-S8F01,TG:352d26f1389a8b5b,-7.6796875,1,0.5841666666666667,0.00046190585
mendeley/extracted/Bangla Audio Dataset Original and DeepFake Voices for AI-Based Voice Analysis and Detection/Dataset/S8F01/Real/29.wav,0,MEN,MEN-S8F01,TG:38d7ef05bbb12d77,-5.671875,1,0.6675,0.003429604
mendeley/extracted/Bangla Audio Dataset Original and DeepFake Voices for AI-Based Voice Analysis and Detection/Dataset/S8F01/Real/3.wav,0,MEN,MEN-S8F01,TG:515be6f37ee9bb6b,-9.25,1,0.5841666666666667,9.610241e-05
mendeley/extracted/Bangla Audio Dataset Original and DeepFake Voices for AI-Based Voice Analysis and Detection/Dataset/S8F01/Real/30.wav,0,MEN,MEN-S8F01,TG:5d0a616d7540918c,-6.1757812,1,0.5341666666666667,0.002074867
mendeley/extracted/Bangla Audio Dataset Original and DeepFake Voices for AI-Based Voice Analysis and Detection/Dataset/S8F01/Real/4.wav,0,MEN,MEN-S8F01,TG:9171bfa0ce6f0284,-8.5,1,0.5675,0.00020342699
mendeley/extracted/Bangla Audio Dataset Original and DeepFake Voices for AI-Based Voice Analysis and Detection/Dataset/S8F01/Real/5.wav,0,MEN,MEN-S8F01,TG:c48f3edccc3e1864,-7.4804688,1,0.4675,0.0005636751
mendeley/extracted/Bangla Audio Dataset Original and DeepFake Voices for AI-Based Voice Analysis and Detection/Dataset/S8F01/Real/6.wav,0,MEN,MEN-S8F01,TG:2aa58a4fccd71627,-8.609375,1,0.4675,0.0001823546
mendeley/extracted/Bangla Audio Dataset Original and DeepFake Voices for AI-Based Voice Analysis and Detection/Dataset/S8F01/Real/7.wav,0,MEN,MEN-S8F01,TG:ea527d337528d827,-8.34375,1,0.5175000000000001,0.00023782204
mendeley/extracted/Bangla Audio Dataset Original and DeepFake Voices for AI-Based Voice Analysis and Detection/Dataset/S8F01/Real/8.wav,0,MEN,MEN-S8F01,TG:0a440d8d407106df,-9.34375,1,0.5508333333333333,8.7502995e-05
mendeley/extracted/Bangla Audio Dataset Original and DeepFake Voices for AI-Based Voice Analysis and Detection/Dataset/S8F01/Real/9.wav,0,MEN,MEN-S8F01,TG:bf935363bd6823d1,-7.625,1,0.5175000000000001,0.00048785712
mendeley/extracted/Bangla Audio Dataset Original and DeepFake Voices for AI-Based Voice Analysis and Detection/Dataset/S8F02/Fake/1.wav,1,MEN,MEN-S8F02,TG:760e3ce681aa7630,-8.0078125,1,0.4941666666666666,0.0003327413
mendeley/extracted/Bangla Audio Dataset Original and DeepFake Voices for AI-Based Voice Analysis and Detection/Dataset/S8F02/Fake/10.wav,1,MEN,MEN-S8F02,TG:7ccc8eca646a6e57,-4.9179688,1,0.5308333333333333,0.0072608655
mendeley/extracted/Bangla Audio Dataset Original and DeepFake Voices for AI-Based Voice Analysis and Detection/Dataset/S8F02/Fake/11.wav,1,MEN,MEN-S8F02,TG:872f6260af58529e,-6.8476562,1,0.4741666666666666,0.0010608152
mendeley/extracted/Bangla Audio Dataset Original and DeepFake Voices for AI-Based Voice Analysis and Detection/Dataset/S8F02/Fake/12.wav,1,MEN,MEN-S8F02,TG:bbd38849c3dc44fa,-12.1328125,1,0.5441666666666667,5.3800236e-06
mendeley/extracted/Bangla Audio Dataset Original and DeepFake Voices for AI-Based Voice Analysis and Detection/Dataset/S8F02/Fake/13.wav,1,MEN,MEN-S8F02,TG:08c5075532646c3a,1.7929688,1,0.4275,0.85729086
mendeley/extracted/Bangla Audio Dataset Original and DeepFake Voices for AI-Based Voice Analysis and Detection/Dataset/S8F02/Fake/14.wav,1,MEN,MEN-S8F02,TG:77bf98e46646f28d,-8.15625,1,0.4975,0.0002868541
mendeley/extracted/Bangla Audio Dataset Original and DeepFake Voices for AI-Based Voice Analysis and Detection/Dataset/S8F02/Fake/15.wav,1,MEN,MEN-S8F02,TG:3eb14b84f28303c8,-6.7617188,1,0.4575,0.0011559008
mendeley/extracted/Bangla Audio Dataset Original and DeepFake Voices for AI-Based Voice Analysis and Detection/Dataset/S8F02/Fake/16.wav,1,MEN,MEN-S8F02,TG:0ea8bc04161b1f2f,-11.6875,1,0.4191666666666667,8.398072e-06
mendeley/extracted/Bangla Audio Dataset Original and DeepFake Voices for AI-Based Voice Analysis and Detection/Dataset/S8F02/Fake/17.wav,1,MEN,MEN-S8F02,TG:66c39665bb32ee30,1.8867188,1,0.3341666666666666,0.86838096
mendeley/extracted/Bangla Audio Dataset Original and DeepFake Voices for AI-Based Voice Analysis and Detection/Dataset/S8F02/Fake/18.wav,1,MEN,MEN-S8F02,TG:b494f4a3b1edf8db,-4.640625,1,0.4891666666666666,0.009559399
mendeley/extracted/Bangla Audio Dataset Original and DeepFake Voices for AI-Based Voice Analysis and Detection/Dataset/S8F02/Fake/19.wav,1,MEN,MEN-S8F02,TG:2787a2a24a265664,-9.2109375,1,0.4591666666666666,9.9930316e-05
mendeley/extracted/Bangla Audio Dataset Original and DeepFake Voices for AI-Based Voice Analysis and Detection/Dataset/S8F02/Fake/2.wav,1,MEN,MEN-S8F02,TG:bac6bd4d479b8a5b,-11.9453125,1,0.4775,6.4895394e-06
mendeley/extracted/Bangla Audio Dataset Original and DeepFake Voices for AI-Based Voice Analysis and Detection/Dataset/S8F02/Fake/20.wav,1,MEN,MEN-S8F02,TG:c9b9b4cacb95876e,-10.796875,1,0.4758333333333333,2.0462934e-05
mendeley/extracted/Bangla Audio Dataset Original and DeepFake Voices for AI-Based Voice Analysis and Detection/Dataset/S8F02/Fake/21.wav,1,MEN,MEN-S8F02,TG:05910b36b882676c,-8.15625,1,0.4775,0.0002868541
mendeley/extracted/Bangla Audio Dataset Original and DeepFake Voices for AI-Based Voice Analysis and Detection/Dataset/S8F02/Fake/22.wav,1,MEN,MEN-S8F02,TG:63d69875a36d8c5d,-2.671875,1,0.3175,0.064653486
mendeley/extracted/Bangla Audio Dataset Original and DeepFake Voices for AI-Based Voice Analysis and Detection/Dataset/S8F02/Fake/23.wav,1,MEN,MEN-S8F02,TG:59cb211849ea18dc,-5.6796875,1,0.5075000000000001,0.0034030057
mendeley/extracted/Bangla Audio Dataset Original and DeepFake Voices for AI-Based Voice Analysis and Detection/Dataset/S8F02/Fake/24.wav,1,MEN,MEN-S8F02,TG:e3ad4512efc8cbc6,-7.5195312,1,0.5175000000000001,0.00054209266
mendeley/extracted/Bangla Audio Dataset Original and DeepFake Voices for AI-Based Voice Analysis and Detection/Dataset/S8F02/Fake/25.wav,1,MEN,MEN-S8F02,TG:3b026d0aca15da29,-10.421875,1,0.5025,2.9773113e-05
mendeley/extracted/Bangla Audio Dataset Original and DeepFake Voices for AI-Based Voice Analysis and Detection/Dataset/S8F02/Fake/26.wav,1,MEN,MEN-S8F02,TG:bc8efbdca8f6081a,-10.6484375,1,0.5175000000000001,2.3737339e-05
mendeley/extracted/Bangla Audio Dataset Original and DeepFake Voices for AI-Based Voice Analysis and Detection/Dataset/S8F02/Fake/27.wav,1,MEN,MEN-S8F02,TG:52999faeaa2ecc2d,-7.859375,1,0.4308333333333333,0.0003859661
mendeley/extracted/Bangla Audio Dataset Original and DeepFake Voices for AI-Based Voice Analysis and Detection/Dataset/S8F02/Fake/28.wav,1,MEN,MEN-S8F02,TG:352d26f1389a8b5b,-9.8359375,1,0.5358333333333334,5.3491327e-05
mendeley/extracted/Bangla Audio Dataset Original and DeepFake Voices for AI-Based Voice Analysis and Detection/Dataset/S8F02/Fake/29.wav,1,MEN,MEN-S8F02,TG:38d7ef05bbb12d77,-12.203125,1,0.4675,5.014735e-06
mendeley/extracted/Bangla Audio Dataset Original and DeepFake Voices for AI-Based Voice Analysis and Detection/Dataset/S8F02/Fake/3.wav,1,MEN,MEN-S8F02,TG:515be6f37ee9bb6b,-10.21875,1,0.6308333333333334,3.6478537e-05
mendeley/extracted/Bangla Audio Dataset Original and DeepFake Voices for AI-Based Voice Analysis and Detection/Dataset/S8F02/Fake/30.wav,1,MEN,MEN-S8F02,TG:5d0a616d7540918c,-5.3945312,1,0.3508333333333333,0.0045208177
mendeley/extracted/Bangla Audio Dataset Original and DeepFake Voices for AI-Based Voice Analysis and Detection/Dataset/S8F02/Fake/4.wav,1,MEN,MEN-S8F02,TG:9171bfa0ce6f0284,-11.7890625,1,0.4841666666666666,7.587032e-06
mendeley/extracted/Bangla Audio Dataset Original and DeepFake Voices for AI-Based Voice Analysis and Detection/Dataset/S8F02/Fake/5.wav,1,MEN,MEN-S8F02,TG:c48f3edccc3e1864,-2.5722656,1,0.5375,0.07094482
mendeley/extracted/Bangla Audio Dataset Original and DeepFake Voices for AI-Based Voice Analysis and Detection/Dataset/S8F02/Fake/6.wav,1,MEN,MEN-S8F02,TG:2aa58a4fccd71627,-9.484375,1,0.3458333333333333,7.60248e-05
mendeley/extracted/Bangla Audio Dataset Original and DeepFake Voices for AI-Based Voice Analysis and Detection/Dataset/S8F02/Fake/7.wav,1,MEN,MEN-S8F02,TG:ea527d337528d827,-16.828125,1,0.5191666666666667,4.916298e-08
mendeley/extracted/Bangla Audio Dataset Original and DeepFake Voices for AI-Based Voice Analysis and Detection/Dataset/S8F02/Fake/8.wav,1,MEN,MEN-S8F02,TG:0a440d8d407106df,-9.6796875,1,0.4908333333333333,6.253713e-05
mendeley/extracted/Bangla Audio Dataset Original and DeepFake Voices for AI-Based Voice Analysis and Detection/Dataset/S8F02/Fake/9.wav,1,MEN,MEN-S8F02,TG:bf935363bd6823d1,-8.515625,1,0.4691666666666666,0.00020027377
mendeley/extracted/Bangla Audio Dataset Original and DeepFake Voices for AI-Based Voice Analysis and Detection/Dataset/S8F02/Real/1.wav,0,MEN,MEN-S8F02,TG:760e3ce681aa7630,-8.8125,1,0.5675,0.00014883849
mendeley/extracted/Bangla Audio Dataset Original and DeepFake Voices for AI-Based Voice Analysis and Detection/Dataset/S8F02/Real/10.wav,0,MEN,MEN-S8F02,TG:7ccc8eca646a6e57,-8.953125,1,0.4675,0.00012931564
mendeley/extracted/Bangla Audio Dataset Original and DeepFake Voices for AI-Based Voice Analysis and Detection/Dataset/S8F02/Real/11.wav,0,MEN,MEN-S8F02,TG:872f6260af58529e,-11.1015625,1,0.5008333333333334,1.5088502e-05
mendeley/extracted/Bangla Audio Dataset Original and DeepFake Voices for AI-Based Voice Analysis and Detection/Dataset/S8F02/Real/12.wav,0,MEN,MEN-S8F02,TG:bbd38849c3dc44fa,-17.578125,1,0.5675,2.3222947e-08
mendeley/extracted/Bangla Audio Dataset Original and DeepFake Voices for AI-Based Voice Analysis and Detection/Dataset/S8F02/Real/13.wav,0,MEN,MEN-S8F02,TG:08c5075532646c3a,-11.8671875,1,0.4675,7.016861e-06
mendeley/extracted/Bangla Audio Dataset Original and DeepFake Voices for AI-Based Voice Analysis and Detection/Dataset/S8F02/Real/14.wav,0,MEN,MEN-S8F02,TG:77bf98e46646f28d,-11.984375,1,0.4675,6.2409304e-06
mendeley/extracted/Bangla Audio Dataset Original and DeepFake Voices for AI-Based Voice Analysis and Detection/Dataset/S8F02/Real/15.wav,0,MEN,MEN-S8F02,TG:3eb14b84f28303c8,-10.34375,1,0.4841666666666666,3.2192336e-05
mendeley/extracted/Bangla Audio Dataset Original and DeepFake Voices for AI-Based Voice Analysis and Detection/Dataset/S8F02/Real/16.wav,0,MEN,MEN-S8F02,TG:0ea8bc04161b1f2f,-13.4375,1,0.4508333333333333,1.4593761e-06
mendeley/extracted/Bangla Audio Dataset Original and DeepFake Voices for AI-Based Voice Analysis and Detection/Dataset/S8F02/Real/17.wav,0,MEN,MEN-S8F02,TG:66c39665bb32ee30,-11.328125,1,0.4008333333333334,1.2029639e-05
mendeley/extracted/Bangla Audio Dataset Original and DeepFake Voices for AI-Based Voice Analysis and Detection/Dataset/S8F02/Real/18.wav,0,MEN,MEN-S8F02,TG:b494f4a3b1edf8db,-9.3203125,1,0.4341666666666667,8.957789e-05
mendeley/extracted/Bangla Audio Dataset Original and DeepFake Voices for AI-Based Voice Analysis and Detection/Dataset/S8F02/Real/19.wav,0,MEN,MEN-S8F02,TG:2787a2a24a265664,-10.1484375,1,0.5008333333333334,3.9135655e-05
mendeley/extracted/Bangla Audio Dataset Original and DeepFake Voices for AI-Based Voice Analysis and Detection/Dataset/S8F02/Real/2.wav,0,MEN,MEN-S8F02,TG:bac6bd4d479b8a5b,-9.9296875,1,0.4841666666666666,4.870464e-05
mendeley/extracted/Bangla Audio Dataset Original and DeepFake Voices for AI-Based Voice Analysis and Detection/Dataset/S8F02/Real/20.wav,0,MEN,MEN-S8F02,TG:c9b9b4cacb95876e,-12.890625,1,0.4341666666666667,2.5215734e-06
mendeley/extracted/Bangla Audio Dataset Original and DeepFake Voices for AI-Based Voice Analysis and Detection/Dataset/S8F02/Real/21.wav,0,MEN,MEN-S8F02,TG:05910b36b882676c,-13.7421875,1,0.3675,1.076077e-06
mendeley/extracted/Bangla Audio Dataset Original and DeepFake Voices for AI-Based Voice Analysis and Detection/Dataset/S8F02/Real/22.wav,0,MEN,MEN-S8F02,TG:63d69875a36d8c5d,-8.8671875,1,0.3675,0.00014091855
mendeley/extracted/Bangla Audio Dataset Original and DeepFake Voices for AI-Based Voice Analysis and Detection/Dataset/S8F02/Real/23.wav,0,MEN,MEN-S8F02,TG:59cb211849ea18dc,-8.59375,1,0.4841666666666666,0.00018522573
mendeley/extracted/Bangla Audio Dataset Original and DeepFake Voices for AI-Based Voice Analysis and Detection/Dataset/S8F02/Real/24.wav,0,MEN,MEN-S8F02,TG:e3ad4512efc8cbc6,-8.515625,1,0.5508333333333333,0.00020027377
mendeley/extracted/Bangla Audio Dataset Original and DeepFake Voices for AI-Based Voice Analysis and Detection/Dataset/S8F02/Real/25.wav,0,MEN,MEN-S8F02,TG:3b026d0aca15da29,-8.90625,1,0.4508333333333333,0.0001355208
mendeley/extracted/Bangla Audio Dataset Original and DeepFake Voices for AI-Based Voice Analysis and Detection/Dataset/S8F02/Real/26.wav,0,MEN,MEN-S8F02,TG:bc8efbdca8f6081a,-11.4140625,1,0.5175000000000001,1.1039027e-05
mendeley/extracted/Bangla Audio Dataset Original and DeepFake Voices for AI-Based Voice Analysis and Detection/Dataset/S8F02/Real/27.wav,0,MEN,MEN-S8F02,TG:52999faeaa2ecc2d,-10.890625,1,0.4175,1.8631747e-05
mendeley/extracted/Bangla Audio Dataset Original and DeepFake Voices for AI-Based Voice Analysis and Detection/Dataset/S8F02/Real/28.wav,0,MEN,MEN-S8F02,TG:352d26f1389a8b5b,-13.1328125,1,0.4341666666666667,1.9792067e-06
mendeley/extracted/Bangla Audio Dataset Original and DeepFake Voices for AI-Based Voice Analysis and Detection/Dataset/S8F02/Real/29.wav,0,MEN,MEN-S8F02,TG:38d7ef05bbb12d77,-14.75,1,0.4008333333333334,3.927862e-07
mendeley/extracted/Bangla Audio Dataset Original and DeepFake Voices for AI-Based Voice Analysis and Detection/Dataset/S8F02/Real/3.wav,0,MEN,MEN-S8F02,TG:515be6f37ee9bb6b,-10.1796875,1,0.5008333333333334,3.7931623e-05
mendeley/extracted/Bangla Audio Dataset Original and DeepFake Voices for AI-Based Voice Analysis and Detection/Dataset/S8F02/Real/30.wav,0,MEN,MEN-S8F02,TG:5d0a616d7540918c,-9.6953125,1,0.3841666666666666,6.156764e-05
mendeley/extracted/Bangla Audio Dataset Original and DeepFake Voices for AI-Based Voice Analysis and Detection/Dataset/S8F02/Real/4.wav,0,MEN,MEN-S8F02,TG:9171bfa0ce6f0284,-10.921875,1,0.4341666666666667,1.805852e-05
mendeley/extracted/Bangla Audio Dataset Original and DeepFake Voices for AI-Based Voice Analysis and Detection/Dataset/S8F02/Real/5.wav,0,MEN,MEN-S8F02,TG:c48f3edccc3e1864,-8.75,1,0.4341666666666667,0.00015843622
mendeley/extracted/Bangla Audio Dataset Original and DeepFake Voices for AI-Based Voice Analysis and Detection/Dataset/S8F02/Real/6.wav,0,MEN,MEN-S8F02,TG:2aa58a4fccd71627,-12.125,1,0.5008333333333334,5.4222187e-06
mendeley/extracted/Bangla Audio Dataset Original and DeepFake Voices for AI-Based Voice Analysis and Detection/Dataset/S8F02/Real/7.wav,0,MEN,MEN-S8F02,TG:ea527d337528d827,-10.65625,1,0.4675,2.3552619e-05
mendeley/extracted/Bangla Audio Dataset Original and DeepFake Voices for AI-Based Voice Analysis and Detection/Dataset/S8F02/Real/8.wav,0,MEN,MEN-S8F02,TG:0a440d8d407106df,-9.9609375,1,0.4675,4.720623e-05
mendeley/extracted/Bangla Audio Dataset Original and DeepFake Voices for AI-Based Voice Analysis and Detection/Dataset/S8F02/Real/9.wav,0,MEN,MEN-S8F02,TG:bf935363bd6823d1,-12.65625,1,0.5008333333333334,3.1875652e-06
mendeley/extracted/Bangla Audio Dataset Original and DeepFake Voices for AI-Based Voice Analysis and Detection/Dataset/S8F03/Fake/1.wav,1,MEN,MEN-S8F03,TG:760e3ce681aa7630,-11.1875,1,0.4841666666666666,1.3846005e-05
mendeley/extracted/Bangla Audio Dataset Original and DeepFake Voices for AI-Based Voice Analysis and Detection/Dataset/S8F03/Fake/10.wav,1,MEN,MEN-S8F03,TG:7ccc8eca646a6e57,-9.4765625,1,0.5325,7.662102e-05
mendeley/extracted/Bangla Audio Dataset Original and DeepFake Voices for AI-Based Voice Analysis and Detection/Dataset/S8F03/Fake/11.wav,1,MEN,MEN-S8F03,TG:872f6260af58529e,-7.8828125,1,0.4841666666666666,0.00037702854
mendeley/extracted/Bangla Audio Dataset Original and DeepFake Voices for AI-Based Voice Analysis and Detection/Dataset/S8F03/Fake/12.wav,1,MEN,MEN-S8F03,TG:bbd38849c3dc44fa,-10.375,1,0.5141666666666667,3.120191e-05
mendeley/extracted/Bangla Audio Dataset Original and DeepFake Voices for AI-Based Voice Analysis and Detection/Dataset/S8F03/Fake/13.wav,1,MEN,MEN-S8F03,TG:08c5075532646c3a,-7.9179688,1,0.4425,0.00036400868
mendeley/extracted/Bangla Audio Dataset Original and DeepFake Voices for AI-Based Voice Analysis and Detection/Dataset/S8F03/Fake/14.wav,1,MEN,MEN-S8F03,TG:77bf98e46646f28d,-7.3320312,1,0.3908333333333333,0.0006538155
mendeley/extracted/Bangla Audio Dataset Original and DeepFake Voices for AI-Based Voice Analysis and Detection/Dataset/S8F03/Fake/15.wav,1,MEN,MEN-S8F03,TG:3eb14b84f28303c8,-3.7597656,1,0.4625,0.022759154
mendeley/extracted/Bangla Audio Dataset Original and DeepFake Voices for AI-Based Voice Analysis and Detection/Dataset/S8F03/Fake/16.wav,1,MEN,MEN-S8F03,TG:0ea8bc04161b1f2f,-10.3046875,1,0.3675,3.347469e-05
mendeley/extracted/Bangla Audio Dataset Original and DeepFake Voices for AI-Based Voice Analysis and Detection/Dataset/S8F03/Fake/17.wav,1,MEN,MEN-S8F03,TG:66c39665bb32ee30,-2.2480469,1,0.4475,0.09551806
mendeley/extracted/Bangla Audio Dataset Original and DeepFake Voices for AI-Based Voice Analysis and Detection/Dataset/S8F03/Fake/18.wav,1,MEN,MEN-S8F03,TG:b494f4a3b1edf8db,-11.2734375,1,0.4775,1.2705822e-05
mendeley/extracted/Bangla Audio Dataset Original and DeepFake Voices for AI-Based Voice Analysis and Detection/Dataset/S8F03/Fake/19.wav,1,MEN,MEN-S8F03,TG:2787a2a24a265664,-6.9882812,1,0.4241666666666667,0.0009217804
mendeley/extracted/Bangla Audio Dataset Original and DeepFake Voices for AI-Based Voice Analysis and Detection/Dataset/S8F03/Fake/2.wav,1,MEN,MEN-S8F03,TG:bac6bd4d479b8a5b,-5.9335938,1,0.4775,0.0026419468
mendeley/extracted/Bangla Audio Dataset Original and DeepFake Voices for AI-Based Voice Analysis and Detection/Dataset/S8F03/Fake/20.wav,1,MEN,MEN-S8F03,TG:c9b9b4cacb95876e,-8.8828125,1,0.3908333333333333,0.00013873413
mendeley/extracted/Bangla Audio Dataset Original and DeepFake Voices for AI-Based Voice Analysis and Detection/Dataset/S8F03/Fake/21.wav,1,MEN,MEN-S8F03,TG:05910b36b882676c,-5.7617188,1,0.4858333333333333,0.003135836
mendeley/extracted/Bangla Audio Dataset Original and DeepFake Voices for AI-Based Voice Analysis and Detection/Dataset/S8F03/Fake/22.wav,1,MEN,MEN-S8F03,TG:63d69875a36d8c5d,-4.5429688,1,0.3558333333333333,0.010529713
mendeley/extracted/Bangla Audio Dataset Original and DeepFake Voices for AI-Based Voice Analysis and Detection/Dataset/S8F03/Fake/23.wav,1,MEN,MEN-S8F03,TG:59cb211849ea18dc,-5.7929688,1,0.5008333333333334,0.0030396497
mendeley/extracted/Bangla Audio Dataset Original and DeepFake Voices for AI-Based Voice Analysis and Detection/Dataset/S8F03/Fake/24.wav,1,MEN,MEN-S8F03,TG:e3ad4512efc8cbc6,-8.109375,1,0.4875,0.00030061635
mendeley/extracted/Bangla Audio Dataset Original and DeepFake Voices for AI-Based Voice Analysis and Detection/Dataset/S8F03/Fake/25.wav,1,MEN,MEN-S8F03,TG:3b026d0aca15da29,-8.96875,1,0.5075000000000001,0.00012731104
mendeley/extracted/Bangla Audio Dataset Original and DeepFake Voices for AI-Based Voice Analysis and Detection/Dataset/S8F03/Fake/26.wav,1,MEN,MEN-S8F03,TG:bc8efbdca8f6081a,-11.5390625,1,0.5441666666666667,9.7419215e-06
mendeley/extracted/Bangla Audio Dataset Original and DeepFake Voices for AI-Based Voice Analysis and Detection/Dataset/S8F03/Fake/27.wav,1,MEN,MEN-S8F03,TG:52999faeaa2ecc2d,-7.4179688,1,0.5208333333333333,0.0006000072
mendeley/extracted/Bangla Audio Dataset Original and DeepFake Voices for AI-Based Voice Analysis and Detection/Dataset/S8F03/Fake/28.wav,1,MEN,MEN-S8F03,TG:352d26f1389a8b5b,-12.4375,1,0.4841666666666666,3.966986e-06
mendeley/extracted/Bangla Audio Dataset Original and DeepFake Voices for AI-Based Voice Analysis and Detection/Dataset/S8F03/Fake/29.wav,1,MEN,MEN-S8F03,TG:38d7ef05bbb12d77,-7.34375,1,0.4608333333333333,0.00064620323
mendeley/extracted/Bangla Audio Dataset Original and DeepFake Voices for AI-Based Voice Analysis and Detection/Dataset/S8F03/Fake/3.wav,1,MEN,MEN-S8F03,TG:515be6f37ee9bb6b,-7.9453125,1,0.5708333333333333,0.00035419367
mendeley/extracted/Bangla Audio Dataset Original and DeepFake Voices for AI-Based Voice Analysis and Detection/Dataset/S8F03/Fake/30.wav,1,MEN,MEN-S8F03,TG:5d0a616d7540918c,-6.6484375,1,0.3608333333333333,0.0012943682
mendeley/extracted/Bangla Audio Dataset Original and DeepFake Voices for AI-Based Voice Analysis and Detection/Dataset/S8F03/Fake/4.wav,1,MEN,MEN-S8F03,TG:9171bfa0ce6f0284,-9.203125,1,0.4708333333333333,0.000100713994
mendeley/extracted/Bangla Audio Dataset Original and DeepFake Voices for AI-Based Voice Analysis and Detection/Dataset/S8F03/Fake/5.wav,1,MEN,MEN-S8F03,TG:c48f3edccc3e1864,-6.421875,1,0.4925,0.0016229671
mendeley/extracted/Bangla Audio Dataset Original and DeepFake Voices for AI-Based Voice Analysis and Detection/Dataset/S8F03/Fake/6.wav,1,MEN,MEN-S8F03,TG:2aa58a4fccd71627,-6.59375,1,0.4375,0.0013670258
mendeley/extracted/Bangla Audio Dataset Original and DeepFake Voices for AI-Based Voice Analysis and Detection/Dataset/S8F03/Fake/7.wav,1,MEN,MEN-S8F03,TG:ea527d337528d827,-6.5273438,1,0.5458333333333334,0.0014607495
mendeley/extracted/Bangla Audio Dataset Original and DeepFake Voices for AI-Based Voice Analysis and Detection/Dataset/S8F03/Fake/8.wav,1,MEN,MEN-S8F03,TG:0a440d8d407106df,-8.7421875,1,0.4575,0.00015967865
mendeley/extracted/Bangla Audio Dataset Original and DeepFake Voices for AI-Based Voice Analysis and Detection/Dataset/S8F03/Fake/9.wav,1,MEN,MEN-S8F03,TG:bf935363bd6823d1,-9.4296875,1,0.4208333333333333,8.029784e-05
mendeley/extracted/Bangla Audio Dataset Original and DeepFake Voices for AI-Based Voice Analysis and Detection/Dataset/S8F03/Real/1.wav,0,MEN,MEN-S8F03,TG:760e3ce681aa7630,0.53466797,1,0.4008333333333334,0.6305712
mendeley/extracted/Bangla Audio Dataset Original and DeepFake Voices for AI-Based Voice Analysis and Detection/Dataset/S8F03/Real/10.wav,0,MEN,MEN-S8F03,TG:7ccc8eca646a6e57,-8.46875,1,0.4341666666666667,0.0002098831
mendeley/extracted/Bangla Audio Dataset Original and DeepFake Voices for AI-Based Voice Analysis and Detection/Dataset/S8F03/Real/11.wav,0,MEN,MEN-S8F03,TG:872f6260af58529e,-3.8925781,1,0.4841666666666666,0.019985152
mendeley/extracted/Bangla Audio Dataset Original and DeepFake Voices for AI-Based Voice Analysis and Detection/Dataset/S8F03/Real/12.wav,0,MEN,MEN-S8F03,TG:bbd38849c3dc44fa,-8.171875,1,0.5841666666666667,0.00028240806
mendeley/extracted/Bangla Audio Dataset Original and DeepFake Voices for AI-Based Voice Analysis and Detection/Dataset/S8F03/Real/13.wav,0,MEN,MEN-S8F03,TG:08c5075532646c3a,-8.0859375,1,0.4341666666666667,0.00030774306
mendeley/extracted/Bangla Audio Dataset Original and DeepFake Voices for AI-Based Voice Analysis and Detection/Dataset/S8F03/Real/14.wav,0,MEN,MEN-S8F03,TG:77bf98e46646f28d,-11.4921875,1,0.5341666666666667,1.0209441e-05
mendeley/extracted/Bangla Audio Dataset Original and DeepFake Voices for AI-Based Voice Analysis and Detection/Dataset/S8F03/Real/15.wav,0,MEN,MEN-S8F03,TG:3eb14b84f28303c8,-8.8515625,1,0.4175,0.00014313738
mendeley/extracted/Bangla Audio Dataset Original and DeepFake Voices for AI-Based Voice Analysis and Detection/Dataset/S8F03/Real/16.wav,0,MEN,MEN-S8F03,TG:0ea8bc04161b1f2f,-9.34375,1,0.5508333333333333,8.7502995e-05
mendeley/extracted/Bangla Audio Dataset Original and DeepFake Voices for AI-Based Voice Analysis and Detection/Dataset/S8F03/Real/17.wav,0,MEN,MEN-S8F03,TG:66c39665bb32ee30,-1.8427734,1,0.4008333333333334,0.13672362
mendeley/extracted/Bangla Audio Dataset Original and DeepFake Voices for AI-Based Voice Analysis and Detection/Dataset/S8F03/Real/18.wav,0,MEN,MEN-S8F03,TG:b494f4a3b1edf8db,-9.3984375,1,0.5175000000000001,8.2846556e-05
mendeley/extracted/Bangla Audio Dataset Original and DeepFake Voices for AI-Based Voice Analysis and Detection/Dataset/S8F03/Real/19.wav,0,MEN,MEN-S8F03,TG:2787a2a24a265664,-11.0078125,1,0.5508333333333333,1.6571452e-05
mendeley/extracted/Bangla Audio Dataset Original and DeepFake Voices for AI-Based Voice Analysis and Detection/Dataset/S8F03/Real/2.wav,0,MEN,MEN-S8F03,TG:bac6bd4d479b8a5b,-3.0527344,1,0.4675,0.04509957
mendeley/extracted/Bangla Audio Dataset Original and DeepFake Voices for AI-Based Voice Analysis and Detection/Dataset/S8F03/Real/20.wav,0,MEN,MEN-S8F03,TG:c9b9b4cacb95876e,-8.3125,1,0.4675,0.0002453695
mendeley/extracted/Bangla Audio Dataset Original and DeepFake Voices for AI-Based Voice Analysis and Detection/Dataset/S8F03/Real/21.wav,0,MEN,MEN-S8F03,TG:05910b36b882676c,-6.6796875,1,0.4508333333333333,0.0012545944
mendeley/extracted/Bangla Audio Dataset Original and DeepFake Voices for AI-Based Voice Analysis and Detection/Dataset/S8F03/Real/22.wav,0,MEN,MEN-S8F03,TG:63d69875a36d8c5d,-1.7236328,1,0.4341666666666667,0.15140381
mendeley/extracted/Bangla Audio Dataset Original and DeepFake Voices for AI-Based Voice Analysis and Detection/Dataset/S8F03/Real/23.wav,0,MEN,MEN-S8F03,TG:59cb211849ea18dc,-8.171875,1,0.5675,0.00028240806
mendeley/extracted/Bangla Audio Dataset Original and DeepFake Voices for AI-Based Voice Analysis and Detection/Dataset/S8F03/Real/24.wav,0,MEN,MEN-S8F03,TG:e3ad4512efc8cbc6,-9.7578125,1,0.4675,5.7837664e-05
mendeley/extracted/Bangla Audio Dataset Original and DeepFake Voices for AI-Based Voice Analysis and Detection/Dataset/S8F03/Real/25.wav,0,MEN,MEN-S8F03,TG:3b026d0aca15da29,-5.390625,1,0.4175,0.0045384318
mendeley/extracted/Bangla Audio Dataset Original and DeepFake Voices for AI-Based Voice Analysis and Detection/Dataset/S8F03/Real/26.wav,0,MEN,MEN-S8F03,TG:bc8efbdca8f6081a,-5.625,1,0.5341666666666667,0.0035936027
mendeley/extracted/Bangla Audio Dataset Original and DeepFake Voices for AI-Based Voice Analysis and Detection/Dataset/S8F03/Real/27.wav,0,MEN,MEN-S8F03,TG:52999faeaa2ecc2d,-4.6132812,1,0.4341666666666667,0.009821793
mendeley/extracted/Bangla Audio Dataset Original and DeepFake Voices for AI-Based Voice Analysis and Detection/Dataset/S8F03/Real/28.wav,0,MEN,MEN-S8F03,TG:352d26f1389a8b5b,-5.9492188,1,0.4508333333333333,0.0026010938
mendeley/extracted/Bangla Audio Dataset Original and DeepFake Voices for AI-Based Voice Analysis and Detection/Dataset/S8F03/Real/29.wav,0,MEN,MEN-S8F03,TG:38d7ef05bbb12d77,-4.8867188,1,0.5175000000000001,0.007489626
mendeley/extracted/Bangla Audio Dataset Original and DeepFake Voices for AI-Based Voice Analysis and Detection/Dataset/S8F03/Real/3.wav,0,MEN,MEN-S8F03,TG:515be6f37ee9bb6b,-7.125,1,0.5675,0.0008040859
mendeley/extracted/Bangla Audio Dataset Original and DeepFake Voices for AI-Based Voice Analysis and Detection/Dataset/S8F03/Real/30.wav,0,MEN,MEN-S8F03,TG:5d0a616d7540918c,-8.671875,1,0.4841666666666666,0.00017130822
mendeley/extracted/Bangla Audio Dataset Original and DeepFake Voices for AI-Based Voice Analysis and Detection/Dataset/S8F03/Real/4.wav,0,MEN,MEN-S8F03,TG:9171bfa0ce6f0284,-0.06347656,1,0.4008333333333334,0.48413616
mendeley/extracted/Bangla Audio Dataset Original and DeepFake Voices for AI-Based Voice Analysis and Detection/Dataset/S8F03/Real/5.wav,0,MEN,MEN-S8F03,TG:c48f3edccc3e1864,-7.0820312,1,0.3508333333333333,0.00083935994
mendeley/extracted/Bangla Audio Dataset Original and DeepFake Voices for AI-Based Voice Analysis and Detection/Dataset/S8F03/Real/6.wav,0,MEN,MEN-S8F03,TG:2aa58a4fccd71627,-8.625,1,0.4675,0.00017952795
mendeley/extracted/Bangla Audio Dataset Original and DeepFake Voices for AI-Based Voice Analysis and Detection/Dataset/S8F03/Real/7.wav,0,MEN,MEN-S8F03,TG:ea527d337528d827,-8.078125,1,0.4508333333333333,0.000310156
mendeley/extracted/Bangla Audio Dataset Original and DeepFake Voices for AI-Based Voice Analysis and Detection/Dataset/S8F03/Real/8.wav,0,MEN,MEN-S8F03,TG:0a440d8d407106df,-8.1875,1,0.3508333333333333,0.00027803096
mendeley/extracted/Bangla Audio Dataset Original and DeepFake Voices for AI-Based Voice Analysis and Detection/Dataset/S8F03/Real/9.wav,0,MEN,MEN-S8F03,TG:bf935363bd6823d1,-5.8007812,1,0.4341666666666667,0.003016066
mendeley/extracted/Bangla Audio Dataset Original and DeepFake Voices for AI-Based Voice Analysis and Detection/Dataset/S8F04/Fake/1.wav,1,MEN,MEN-S8F04,TG:760e3ce681aa7630,-4.9648438,1,0.4941666666666666,0.0069306716
mendeley/extracted/Bangla Audio Dataset Original and DeepFake Voices for AI-Based Voice Analysis and Detection/Dataset/S8F04/Fake/10.wav,1,MEN,MEN-S8F04,TG:7ccc8eca646a6e57,-3.2558594,1,0.5875,0.03711691
mendeley/extracted/Bangla Audio Dataset Original and DeepFake Voices for AI-Based Voice Analysis and Detection/Dataset/S8F04/Fake/11.wav,1,MEN,MEN-S8F04,TG:872f6260af58529e,-4.1914062,1,0.4808333333333333,0.014899643
mendeley/extracted/Bangla Audio Dataset Original and DeepFake Voices for AI-Based Voice Analysis and Detection/Dataset/S8F04/Fake/12.wav,1,MEN,MEN-S8F04,TG:bbd38849c3dc44fa,-7.40625,1,0.5041666666666667,0.00060707564
mendeley/extracted/Bangla Audio Dataset Original and DeepFake Voices for AI-Based Voice Analysis and Detection/Dataset/S8F04/Fake/13.wav,1,MEN,MEN-S8F04,TG:08c5075532646c3a,0.2944336,1,0.4675,0.5730812
mendeley/extracted/Bangla Audio Dataset Original and DeepFake Voices for AI-Based Voice Analysis and Detection/Dataset/S8F04/Fake/14.wav,1,MEN,MEN-S8F04,TG:77bf98e46646f28d,-10.84375,1,0.3774999999999999,1.9525885e-05
mendeley/extracted/Bangla Audio Dataset Original and DeepFake Voices for AI-Based Voice Analysis and Detection/Dataset/S8F04/Fake/15.wav,1,MEN,MEN-S8F04,TG:3eb14b84f28303c8,-7.0234375,1,0.4425,0.0008899656
mendeley/extracted/Bangla Audio Dataset Original and DeepFake Voices for AI-Based Voice Analysis and Detection/Dataset/S8F04/Fake/16.wav,1,MEN,MEN-S8F04,TG:0ea8bc04161b1f2f,-14.2734375,1,0.4841666666666666,6.325933e-07
mendeley/extracted/Bangla Audio Dataset Original and DeepFake Voices for AI-Based Voice Analysis and Detection/Dataset/S8F04/Fake/17.wav,1,MEN,MEN-S8F04,TG:66c39665bb32ee30,0.8413086,1,0.2891666666666667,0.6987408
mendeley/extracted/Bangla Audio Dataset Original and DeepFake Voices for AI-Based Voice Analysis and Detection/Dataset/S8F04/Fake/18.wav,1,MEN,MEN-S8F04,TG:b494f4a3b1edf8db,-1.8535156,1,0.4425,0.13546064
mendeley/extracted/Bangla Audio Dataset Original and DeepFake Voices for AI-Based Voice Analysis and Detection/Dataset/S8F04/Fake/19.wav,1,MEN,MEN-S8F04,TG:2787a2a24a265664,-10.515625,1,0.4408333333333333,2.71088e-05
mendeley/extracted/Bangla Audio Dataset Original and DeepFake Voices for AI-Based Voice Analysis and Detection/Dataset/S8F04/Fake/2.wav,1,MEN,MEN-S8F04,TG:bac6bd4d479b8a5b,-10.265625,1,0.4775,3.4808123e-05
mendeley/extracted/Bangla Audio Dataset Original and DeepFake Voices for AI-Based Voice Analysis and Detection/Dataset/S8F04/Fake/20.wav,1,MEN,MEN-S8F04,TG:c9b9b4cacb95876e,-6.8515625,1,0.3608333333333333,0.0010566838
mendeley/extracted/Bangla Audio Dataset Original and DeepFake Voices for AI-Based Voice Analysis and Detection/Dataset/S8F04/Fake/21.wav,1,MEN,MEN-S8F04,TG:05910b36b882676c,-6.7265625,1,0.3874999999999999,0.0011972112
mendeley/extracted/Bangla Audio Dataset Original and DeepFake Voices for AI-Based Voice Analysis and Detection/Dataset/S8F04/Fake/22.wav,1,MEN,MEN-S8F04,TG:63d69875a36d8c5d,-2.3203125,1,0.2774999999999999,0.0894546
mendeley/extracted/Bangla Audio Dataset Original and DeepFake Voices for AI-Based Voice Analysis and Detection/Dataset/S8F04/Fake/23.wav,1,MEN,MEN-S8F04,TG:59cb211849ea18dc,-6.4882812,1,0.4875,0.0015188508
mendeley/extracted/Bangla Audio Dataset Original and DeepFake Voices for AI-Based Voice Analysis and Detection/Dataset/S8F04/Fake/24.wav,1,MEN,MEN-S8F04,TG:e3ad4512efc8cbc6,-9.734375,1,0.4941666666666666,5.9209164e-05
mendeley/extracted/Bangla Audio Dataset Original and DeepFake Voices for AI-Based Voice Analysis and Detection/Dataset/S8F04/Fake/25.wav,1,MEN,MEN-S8F04,TG:3b026d0aca15da29,-5.6445312,1,0.4841666666666666,0.003524341
mendeley/extracted/Bangla Audio Dataset Original and DeepFake Voices for AI-Based Voice Analysis and Detection/Dataset/S8F04/Fake/26.wav,1,MEN,MEN-S8F04,TG:bc8efbdca8f6081a,-9.4140625,1,0.4875,8.156225e-05
mendeley/extracted/Bangla Audio Dataset Original and DeepFake Voices for AI-Based Voice Analysis and Detection/Dataset/S8F04/Fake/27.wav,1,MEN,MEN-S8F04,TG:52999faeaa2ecc2d,-11.2578125,1,0.5308333333333333,1.2905907e-05
mendeley/extracted/Bangla Audio Dataset Original and DeepFake Voices for AI-Based Voice Analysis and Detection/Dataset/S8F04/Fake/28.wav,1,MEN,MEN-S8F04,TG:352d26f1389a8b5b,-9.1875,1,0.5058333333333334,0.00010229986
mendeley/extracted/Bangla Audio Dataset Original and DeepFake Voices for AI-Based Voice Analysis and Detection/Dataset/S8F04/Fake/29.wav,1,MEN,MEN-S8F04,TG:38d7ef05bbb12d77,-8.8046875,1,0.4775,0.00015000567
mendeley/extracted/Bangla Audio Dataset Original and DeepFake Voices for AI-Based Voice Analysis and Detection/Dataset/S8F04/Fake/3.wav,1,MEN,MEN-S8F04,TG:515be6f37ee9bb6b,-9.8671875,1,0.5475,5.1845658e-05
mendeley/extracted/Bangla Audio Dataset Original and DeepFake Voices for AI-Based Voice Analysis and Detection/Dataset/S8F04/Fake/30.wav,1,MEN,MEN-S8F04,TG:5d0a616d7540918c,-4.1875,1,0.3725,0.014957086
mendeley/extracted/Bangla Audio Dataset Original and DeepFake Voices for AI-Based Voice Analysis and Detection/Dataset/S8F04/Fake/4.wav,1,MEN,MEN-S8F04,TG:9171bfa0ce6f0284,-12.0546875,1,0.4775,5.8171895e-06
mendeley/extracted/Bangla Audio Dataset Original and DeepFake Voices for AI-Based Voice Analysis and Detection/Dataset/S8F04/Fake/5.wav,1,MEN,MEN-S8F04,TG:c48f3edccc3e1864,-6.2070312,1,0.4908333333333333,0.0020111583
mendeley/extracted/Bangla Audio Dataset Original and DeepFake Voices for AI-Based Voice Analysis and Detection/Dataset/S8F04/Fake/6.wav,1,MEN,MEN-S8F04,TG:2aa58a4fccd71627,-9.7578125,1,0.4875,5.7837664e-05
mendeley/extracted/Bangla Audio Dataset Original and DeepFake Voices for AI-Based Voice Analysis and Detection/Dataset/S8F04/Fake/7.wav,1,MEN,MEN-S8F04,TG:ea527d337528d827,-11.296875,1,0.5575,1.2411497e-05
mendeley/extracted/Bangla Audio Dataset Original and DeepFake Voices for AI-Based Voice Analysis and Detection/Dataset/S8F04/Fake/8.wav,1,MEN,MEN-S8F04,TG:0a440d8d407106df,-7.7890625,1,0.5208333333333333,0.0004140695
mendeley/extracted/Bangla Audio Dataset Original and DeepFake Voices for AI-Based Voice Analysis and Detection/Dataset/S8F04/Fake/9.wav,1,MEN,MEN-S8F04,TG:bf935363bd6823d1,-9.5703125,1,0.4708333333333333,6.976471e-05
mendeley/extracted/Bangla Audio Dataset Original and DeepFake Voices for AI-Based Voice Analysis and Detection/Dataset/S8F04/Real/1.wav,0,MEN,MEN-S8F04,TG:760e3ce681aa7630,5.4765625,1,0.5175000000000001,0.99583375
mendeley/extracted/Bangla Audio Dataset Original and DeepFake Voices for AI-Based Voice Analysis and Detection/Dataset/S8F04/Real/10.wav,0,MEN,MEN-S8F04,TG:7ccc8eca646a6e57,1.3564453,1,0.3341666666666666,0.79518133
mendeley/extracted/Bangla Audio Dataset Original and DeepFake Voices for AI-Based Voice Analysis and Detection/Dataset/S8F04/Real/11.wav,0,MEN,MEN-S8F04,TG:872f6260af58529e,4.828125,1,0.5175000000000001,0.992062
mendeley/extracted/Bangla Audio Dataset Original and DeepFake Voices for AI-Based Voice Analysis and Detection/Dataset/S8F04/Real/12.wav,0,MEN,MEN-S8F04,TG:bbd38849c3dc44fa,-0.9082031,1,0.5841666666666667,0.28736767
mendeley/extracted/Bangla Audio Dataset Original and DeepFake Voices for AI-Based Voice Analysis and Detection/Dataset/S8F04/Real/13.wav,0,MEN,MEN-S8F04,TG:08c5075532646c3a,5.9179688,1,0.5508333333333333,0.99731654
mendeley/extracted/Bangla Audio Dataset Original and DeepFake Voices for AI-Based Voice Analysis and Detection/Dataset/S8F04/Real/14.wav,0,MEN,MEN-S8F04,TG:77bf98e46646f28d,-9.0546875,1,0.4175,0.0001168284
mendeley/extracted/Bangla Audio Dataset Original and DeepFake Voices for AI-Based Voice Analysis and Detection/Dataset/S8F04/Real/15.wav,0,MEN,MEN-S8F04,TG:3eb14b84f28303c8,-3.015625,1,0.5175000000000001,0.046724956
mendeley/extracted/Bangla Audio Dataset Original and DeepFake Voices for AI-Based Voice Analysis and Detection/Dataset/S8F04/Real/16.wav,0,MEN,MEN-S8F04,TG:0ea8bc04161b1f2f,-8.8671875,1,0.5341666666666667,0.00014091855
mendeley/extracted/Bangla Audio Dataset Original and DeepFake Voices for AI-Based Voice Analysis and Detection/Dataset/S8F04/Real/17.wav,0,MEN,MEN-S8F04,TG:66c39665bb32ee30,3.6933594,1,0.5175000000000001,0.9757161
mendeley/extracted/Bangla Audio Dataset Original and DeepFake Voices for AI-Based Voice Analysis and Detection/Dataset/S8F04/Real/18.wav,0,MEN,MEN-S8F04,TG:b494f4a3b1edf8db,-7.2929688,1,0.5841666666666667,0.00067984295
mendeley/extracted/Bangla Audio Dataset Original and DeepFake Voices for AI-Based Voice Analysis and Detection/Dataset/S8F04/Real/19.wav,0,MEN,MEN-S8F04,TG:2787a2a24a265664,-5.9921875,1,0.5175000000000001,0.002491968
mendeley/extracted/Bangla Audio Dataset Original and DeepFake Voices for AI-Based Voice Analysis and Detection/Dataset/S8F04/Real/2.wav,0,MEN,MEN-S8F04,TG:bac6bd4d479b8a5b,-12.6015625,1,0.5841666666666667,3.366739e-06
mendeley/extracted/Bangla Audio Dataset Original and DeepFake Voices for AI-Based Voice Analysis and Detection/Dataset/S8F04/Real/20.wav,0,MEN,MEN-S8F04,TG:c9b9b4cacb95876e,-7.1953125,1,0.5675,0.00074953143
mendeley/extracted/Bangla Audio Dataset Original and DeepFake Voices for AI-Based Voice Analysis and Detection/Dataset/S8F04/Real/21.wav,0,MEN,MEN-S8F04,TG:05910b36b882676c,-7.3320312,1,0.5008333333333334,0.0006538155
mendeley/extracted/Bangla Audio Dataset Original and DeepFake Voices for AI-Based Voice Analysis and Detection/Dataset/S8F04/Real/22.wav,0,MEN,MEN-S8F04,TG:63d69875a36d8c5d,-4.9492188,1,0.4341666666666667,0.0070390454
mendeley/extracted/Bangla Audio Dataset Original and DeepFake Voices for AI-Based Voice Analysis and Detection/Dataset/S8F04/Real/23.wav,0,MEN,MEN-S8F04,TG:59cb211849ea18dc,-6.984375,1,0.5341666666666667,0.00092538487
mendeley/extracted/Bangla Audio Dataset Original and DeepFake Voices for AI-Based Voice Analysis and Detection/Dataset/S8F04/Real/24.wav,0,MEN,MEN-S8F04,TG:e3ad4512efc8cbc6,0.67089844,1,0.5508333333333333,0.6617043
mendeley/extracted/Bangla Audio Dataset Original and DeepFake Voices for AI-Based Voice Analysis and Detection/Dataset/S8F04/Real/25.wav,0,MEN,MEN-S8F04,TG:3b026d0aca15da29,4.9921875,1,0.5175000000000001,0.993255
mendeley/extracted/Bangla Audio Dataset Original and DeepFake Voices for AI-Based Voice Analysis and Detection/Dataset/S8F04/Real/26.wav,0,MEN,MEN-S8F04,TG:bc8efbdca8f6081a,-5.6054688,1,0.5008333333333334,0.0036642207
mendeley/extracted/Bangla Audio Dataset Original and DeepFake Voices for AI-Based Voice Analysis and Detection/Dataset/S8F04/Real/27.wav,0,MEN,MEN-S8F04,TG:52999faeaa2ecc2d,-2.5507812,1,0.5341666666666667,0.072374016
mendeley/extracted/Bangla Audio Dataset Original and DeepFake Voices for AI-Based Voice Analysis and Detection/Dataset/S8F04/Real/28.wav,0,MEN,MEN-S8F04,TG:352d26f1389a8b5b,-6.3671875,1,0.5508333333333333,0.0017140384
mendeley/extracted/Bangla Audio Dataset Original and DeepFake Voices for AI-Based Voice Analysis and Detection/Dataset/S8F04/Real/29.wav,0,MEN,MEN-S8F04,TG:38d7ef05bbb12d77,-5.4765625,1,0.5008333333333334,0.0041662557
mendeley/extracted/Bangla Audio Dataset Original and DeepFake Voices for AI-Based Voice Analysis and Detection/Dataset/S8F04/Real/3.wav,0,MEN,MEN-S8F04,TG:515be6f37ee9bb6b,-2.0878906,1,0.5841666666666667,0.110279374
mendeley/extracted/Bangla Audio Dataset Original and DeepFake Voices for AI-Based Voice Analysis and Detection/Dataset/S8F04/Real/30.wav,0,MEN,MEN-S8F04,TG:5d0a616d7540918c,5.578125,1,0.5175000000000001,0.9962346
mendeley/extracted/Bangla Audio Dataset Original and DeepFake Voices for AI-Based Voice Analysis and Detection/Dataset/S8F04/Real/4.wav,0,MEN,MEN-S8F04,TG:9171bfa0ce6f0284,-7.6992188,1,0.3175,0.00045297577
mendeley/extracted/Bangla Audio Dataset Original and DeepFake Voices for AI-Based Voice Analysis and Detection/Dataset/S8F04/Real/5.wav,0,MEN,MEN-S8F04,TG:c48f3edccc3e1864,-0.7885742,1,0.5841666666666667,0.3124749
mendeley/extracted/Bangla Audio Dataset Original and DeepFake Voices for AI-Based Voice Analysis and Detection/Dataset/S8F04/Real/6.wav,0,MEN,MEN-S8F04,TG:2aa58a4fccd71627,4.1328125,1,0.5341666666666667,0.98421544
mendeley/extracted/Bangla Audio Dataset Original and DeepFake Voices for AI-Based Voice Analysis and Detection/Dataset/S8F04/Real/7.wav,0,MEN,MEN-S8F04,TG:ea527d337528d827,-8.4609375,1,0.5675,0.00021152887
mendeley/extracted/Bangla Audio Dataset Original and DeepFake Voices for AI-Based Voice Analysis and Detection/Dataset/S8F04/Real/8.wav,0,MEN,MEN-S8F04,TG:0a440d8d407106df,-6.6015625,1,0.5175000000000001,0.0013564017
mendeley/extracted/Bangla Audio Dataset Original and DeepFake Voices for AI-Based Voice Analysis and Detection/Dataset/S8F04/Real/9.wav,0,MEN,MEN-S8F04,TG:bf935363bd6823d1,-8.15625,1,0.5841666666666667,0.0002868541
mendeley/extracted/Bangla Audio Dataset Original and DeepFake Voices for AI-Based Voice Analysis and Detection/Dataset/S8F05/Fake/1.wav,1,MEN,MEN-S8F05,TG:760e3ce681aa7630,-6.2109375,1,0.4708333333333333,0.0020033333
mendeley/extracted/Bangla Audio Dataset Original and DeepFake Voices for AI-Based Voice Analysis and Detection/Dataset/S8F05/Fake/10.wav,1,MEN,MEN-S8F05,TG:7ccc8eca646a6e57,-4.7382812,1,0.5441666666666667,0.008677716
mendeley/extracted/Bangla Audio Dataset Original and DeepFake Voices for AI-Based Voice Analysis and Detection/Dataset/S8F05/Fake/11.wav,1,MEN,MEN-S8F05,TG:872f6260af58529e,1.6328125,1,0.4441666666666667,0.8365546
mendeley/extracted/Bangla Audio Dataset Original and DeepFake Voices for AI-Based Voice Analysis and Detection/Dataset/S8F05/Fake/12.wav,1,MEN,MEN-S8F05,TG:bbd38849c3dc44fa,-8.921875,1,0.4875,0.00013342
mendeley/extracted/Bangla Audio Dataset Original and DeepFake Voices for AI-Based Voice Analysis and Detection/Dataset/S8F05/Fake/13.wav,1,MEN,MEN-S8F05,TG:08c5075532646c3a,-2.3535156,1,0.3824999999999999,0.08678673
mendeley/extracted/Bangla Audio Dataset Original and DeepFake Voices for AI-Based Voice Analysis and Detection/Dataset/S8F05/Fake/14.wav,1,MEN,MEN-S8F05,TG:77bf98e46646f28d,-8.796875,1,0.3908333333333333,0.00015118199
mendeley/extracted/Bangla Audio Dataset Original and DeepFake Voices for AI-Based Voice Analysis and Detection/Dataset/S8F05/Fake/15.wav,1,MEN,MEN-S8F05,TG:3eb14b84f28303c8,-3.5976562,1,0.4508333333333333,0.02665774
mendeley/extracted/Bangla Audio Dataset Original and DeepFake Voices for AI-Based Voice Analysis and Detection/Dataset/S8F05/Fake/16.wav,1,MEN,MEN-S8F05,TG:0ea8bc04161b1f2f,-14.515625,1,0.4575,4.9652823e-07
mendeley/extracted/Bangla Audio Dataset Original and DeepFake Voices for AI-Based Voice Analysis and Detection/Dataset/S8F05/Fake/17.wav,1,MEN,MEN-S8F05,TG:66c39665bb32ee30,-2.9707031,1,0.2608333333333333,0.048767097
mendeley/extracted/Bangla Audio Dataset Original and DeepFake Voices for AI-Based Voice Analysis and Detection/Dataset/S8F05/Fake/18.wav,1,MEN,MEN-S8F05,TG:b494f4a3b1edf8db,-3.390625,1,0.4708333333333333,0.032589745
mendeley/extracted/Bangla Audio Dataset Original and DeepFake Voices for AI-Based Voice Analysis and Detection/Dataset/S8F05/Fake/19.wav,1,MEN,MEN-S8F05,TG:2787a2a24a265664,-9.9609375,1,0.4558333333333333,4.720623e-05
mendeley/extracted/Bangla Audio Dataset Original and DeepFake Voices for AI-Based Voice Analysis and Detection/Dataset/S8F05/Fake/2.wav,1,MEN,MEN-S8F05,TG:bac6bd4d479b8a5b,-11.2734375,1,0.4508333333333333,1.2705822e-05
mendeley/extracted/Bangla Audio Dataset Original and DeepFake Voices for AI-Based Voice Analysis and Detection/Dataset/S8F05/Fake/20.wav,1,MEN,MEN-S8F05,TG:c9b9b4cacb95876e,-11.1484375,1,0.4141666666666667,1.4397558e-05
mendeley/extracted/Bangla Audio Dataset Original and DeepFake Voices for AI-Based Voice Analysis and Detection/Dataset/S8F05/Fake/21.wav,1,MEN,MEN-S8F05,TG:05910b36b882676c,-9.375,1,0.4175,8.481104e-05
mendeley/extracted/Bangla Audio Dataset Original and DeepFake Voices for AI-Based Voice Analysis and Detection/Dataset/S8F05/Fake/22.wav,1,MEN,MEN-S8F05,TG:63d69875a36d8c5d,-2.40625,1,0.4341666666666667,0.08269735
mendeley/extracted/Bangla Audio Dataset Original and DeepFake Voices for AI-Based Voice Analysis and Detection/Dataset/S8F05/Fake/23.wav,1,MEN,MEN-S8F05,TG:59cb211849ea18dc,-5.3476562,1,0.5141666666666667,0.0047367495
mendeley/extracted/Bangla Audio Dataset Original and DeepFake Voices for AI-Based Voice Analysis and Detection/Dataset/S8F05/Fake/24.wav,1,MEN,MEN-S8F05,TG:e3ad4512efc8cbc6,-11.6796875,1,0.4741666666666666,8.463938e-06
mendeley/extracted/Bangla Audio Dataset Original and DeepFake Voices for AI-Based Voice Analysis and Detection/Dataset/S8F05/Fake/25.wav,1,MEN,MEN-S8F05,TG:3b026d0aca15da29,5.1992188,1,0.5041666666666667,0.9945095
mendeley/extracted/Bangla Audio Dataset Original and DeepFake Voices for AI-Based Voice Analysis and Detection/Dataset/S8F05/Fake/26.wav,1,MEN,MEN-S8F05,TG:bc8efbdca8f6081a,-10.7421875,1,0.5441666666666667,2.1613141e-05
mendeley/extracted/Bangla Audio Dataset Original and DeepFake Voices for AI-Based Voice Analysis and Detection/Dataset/S8F05/Fake/27.wav,1,MEN,MEN-S8F05,TG:52999faeaa2ecc2d,-11.1015625,1,0.5475,1.5088502e-05
mendeley/extracted/Bangla Audio Dataset Original and DeepFake Voices for AI-Based Voice Analysis and Detection/Dataset/S8F05/Fake/28.wav,1,MEN,MEN-S8F05,TG:352d26f1389a8b5b,-7.9804688,1,0.5341666666666667,0.00034196206
mendeley/extracted/Bangla Audio Dataset Original and DeepFake Voices for AI-Based Voice Analysis and Detection/Dataset/S8F05/Fake/29.wav,1,MEN,MEN-S8F05,TG:38d7ef05bbb12d77,-8.15625,1,0.4591666666666666,0.0002868541
mendeley/extracted/Bangla Audio Dataset Original and DeepFake Voices for AI-Based Voice Analysis and Detection/Dataset/S8F05/Fake/3.wav,1,MEN,MEN-S8F05,TG:515be6f37ee9bb6b,-12.03125,1,0.5491666666666667,5.95514e-06
mendeley/extracted/Bangla Audio Dataset Original and DeepFake Voices for AI-Based Voice Analysis and Detection/Dataset/S8F05/Fake/30.wav,1,MEN,MEN-S8F05,TG:5d0a616d7540918c,-6.0820312,1,0.3541666666666666,0.0022783307
mendeley/extracted/Bangla Audio Dataset Original and DeepFake Voices for AI-Based Voice Analysis and Detection/Dataset/S8F05/Fake/4.wav,1,MEN,MEN-S8F05,TG:9171bfa0ce6f0284,-13.40625,1,0.5108333333333333,1.5057017e-06
mendeley/extracted/Bangla Audio Dataset Original and DeepFake Voices for AI-Based Voice Analysis and Detection/Dataset/S8F05/Fake/5.wav,1,MEN,MEN-S8F05,TG:c48f3edccc3e1864,-0.76416016,1,0.5575,0.31774372
mendeley/extracted/Bangla Audio Dataset Original and DeepFake Voices for AI-Based Voice Analysis and Detection/Dataset/S8F05/Fake/6.wav,1,MEN,MEN-S8F05,TG:2aa58a4fccd71627,-10.1328125,1,0.4675,3.9751925e-05
mendeley/extracted/Bangla Audio Dataset Original and DeepFake Voices for AI-Based Voice Analysis and Detection/Dataset/S8F05/Fake/7.wav,1,MEN,MEN-S8F05,TG:ea527d337528d827,-12.3046875,1,0.5408333333333333,4.5304373e-06
mendeley/extracted/Bangla Audio Dataset Original and DeepFake Voices for AI-Based Voice Analysis and Detection/Dataset/S8F05/Fake/8.wav,1,MEN,MEN-S8F05,TG:0a440d8d407106df,-13.03125,1,0.4841666666666666,2.1907817e-06
mendeley/extracted/Bangla Audio Dataset Original and DeepFake Voices for AI-Based Voice Analysis and Detection/Dataset/S8F05/Fake/9.wav,1,MEN,MEN-S8F05,TG:bf935363bd6823d1,-10.7265625,1,0.4408333333333333,2.1953489e-05
mendeley/extracted/Bangla Audio Dataset Original and DeepFake Voices for AI-Based Voice Analysis and Detection/Dataset/S8F05/Real/1.wav,0,MEN,MEN-S8F05,TG:760e3ce681aa7630,-1.9384766,1,0.3675,0.12581532
mendeley/extracted/Bangla Audio Dataset Original and DeepFake Voices for AI-Based Voice Analysis and Detection/Dataset/S8F05/Real/10.wav,0,MEN,MEN-S8F05,TG:7ccc8eca646a6e57,9.40625,1,0.3841666666666666,0.99991775
mendeley/extracted/Bangla Audio Dataset Original and DeepFake Voices for AI-Based Voice Analysis and Detection/Dataset/S8F05/Real/11.wav,0,MEN,MEN-S8F05,TG:872f6260af58529e,-8.25,1,0.3008333333333333,0.00026119035
mendeley/extracted/Bangla Audio Dataset Original and DeepFake Voices for AI-Based Voice Analysis and Detection/Dataset/S8F05/Real/12.wav,0,MEN,MEN-S8F05,TG:bbd38849c3dc44fa,-0.49316406,1,0.3508333333333333,0.37914848
mendeley/extracted/Bangla Audio Dataset Original and DeepFake Voices for AI-Based Voice Analysis and Detection/Dataset/S8F05/Real/13.wav,0,MEN,MEN-S8F05,TG:08c5075532646c3a,-3.8183594,1,0.4341666666666667,0.021491766
mendeley/extracted/Bangla Audio Dataset Original and DeepFake Voices for AI-Based Voice Analysis and Detection/Dataset/S8F05/Real/14.wav,0,MEN,MEN-S8F05,TG:77bf98e46646f28d,-6.5820312,1,0.3841666666666666,0.0013831174
mendeley/extracted/Bangla Audio Dataset Original and DeepFake Voices for AI-Based Voice Analysis and Detection/Dataset/S8F05/Real/15.wav,0,MEN,MEN-S8F05,TG:3eb14b84f28303c8,-2.8007812,1,0.3841666666666666,0.057281975
mendeley/extracted/Bangla Audio Dataset Original and DeepFake Voices for AI-Based Voice Analysis and Detection/Dataset/S8F05/Real/16.wav,0,MEN,MEN-S8F05,TG:0ea8bc04161b1f2f,-4.046875,1,0.3675,0.017176708
mendeley/extracted/Bangla Audio Dataset Original and DeepFake Voices for AI-Based Voice Analysis and Detection/Dataset/S8F05/Real/17.wav,0,MEN,MEN-S8F05,TG:66c39665bb32ee30,2.046875,1,0.3508333333333333,0.88563144
mendeley/extracted/Bangla Audio Dataset Original and DeepFake Voices for AI-Based Voice Analysis and Detection/Dataset/S8F05/Real/18.wav,0,MEN,MEN-S8F05,TG:b494f4a3b1edf8db,0.4387207,1,0.3841666666666666,0.6079541
mendeley/extracted/Bangla Audio Dataset Original and DeepFake Voices for AI-Based Voice Analysis and Detection/Dataset/S8F05/Real/19.wav,0,MEN,MEN-S8F05,TG:2787a2a24a265664,-5.5585938,1,0.4008333333333334,0.003839395
mendeley/extracted/Bangla Audio Dataset Original and DeepFake Voices for AI-Based Voice Analysis and Detection/Dataset/S8F05/Real/2.wav,0,MEN,MEN-S8F05,TG:bac6bd4d479b8a5b,-10.421875,1,0.3008333333333333,2.9773113e-05
mendeley/extracted/Bangla Audio Dataset Original and DeepFake Voices for AI-Based Voice Analysis and Detection/Dataset/S8F05/Real/20.wav,0,MEN,MEN-S8F05,TG:c9b9b4cacb95876e,2.9472656,1,0.3675,0.95013416
mendeley/extracted/Bangla Audio Dataset Original and DeepFake Voices for AI-Based Voice Analysis and Detection/Dataset/S8F05/Real/21.wav,0,MEN,MEN-S8F05,TG:05910b36b882676c,-4.375,1,0.3675,0.01243165
mendeley/extracted/Bangla Audio Dataset Original and DeepFake Voices for AI-Based Voice Analysis and Detection/Dataset/S8F05/Real/22.wav,0,MEN,MEN-S8F05,TG:63d69875a36d8c5d,0.5073242,1,0.4008333333333334,0.624179
mendeley/extracted/Bangla Audio Dataset Original and DeepFake Voices for AI-Based Voice Analysis and Detection/Dataset/S8F05/Real/23.wav,0,MEN,MEN-S8F05,TG:59cb211849ea18dc,0.80859375,1,0.3675,0.6918098
mendeley/extracted/Bangla Audio Dataset Original and DeepFake Voices for AI-Based Voice Analysis and Detection/Dataset/S8F05/Real/24.wav,0,MEN,MEN-S8F05,TG:e3ad4512efc8cbc6,-7.9179688,1,0.4175,0.00036400868
mendeley/extracted/Bangla Audio Dataset Original and DeepFake Voices for AI-Based Voice Analysis and Detection/Dataset/S8F05/Real/25.wav,0,MEN,MEN-S8F05,TG:3b026d0aca15da29,-1.734375,1,0.3508333333333333,0.15002882
mendeley/extracted/Bangla Audio Dataset Original and DeepFake Voices for AI-Based Voice Analysis and Detection/Dataset/S8F05/Real/26.wav,0,MEN,MEN-S8F05,TG:bc8efbdca8f6081a,-9.59375,1,0.4508333333333333,6.814872e-05
mendeley/extracted/Bangla Audio Dataset Original and DeepFake Voices for AI-Based Voice Analysis and Detection/Dataset/S8F05/Real/27.wav,0,MEN,MEN-S8F05,TG:52999faeaa2ecc2d,-3.6132812,1,0.4508333333333333,0.0262553
mendeley/extracted/Bangla Audio Dataset Original and DeepFake Voices for AI-Based Voice Analysis and Detection/Dataset/S8F05/Real/28.wav,0,MEN,MEN-S8F05,TG:352d26f1389a8b5b,-3.4902344,1,0.4675,0.02959137
mendeley/extracted/Bangla Audio Dataset Original and DeepFake Voices for AI-Based Voice Analysis and Detection/Dataset/S8F05/Real/29.wav,0,MEN,MEN-S8F05,TG:38d7ef05bbb12d77,-0.8339844,1,0.4508333333333333,0.30280328
mendeley/extracted/Bangla Audio Dataset Original and DeepFake Voices for AI-Based Voice Analysis and Detection/Dataset/S8F05/Real/3.wav,0,MEN,MEN-S8F05,TG:515be6f37ee9bb6b,4.046875,1,0.4341666666666667,0.98282325
mendeley/extracted/Bangla Audio Dataset Original and DeepFake Voices for AI-Based Voice Analysis and Detection/Dataset/S8F05/Real/30.wav,0,MEN,MEN-S8F05,TG:5d0a616d7540918c,-1.9160156,1,0.4341666666666667,0.12830652
mendeley/extracted/Bangla Audio Dataset Original and DeepFake Voices for AI-Based Voice Analysis and Detection/Dataset/S8F05/Real/4.wav,0,MEN,MEN-S8F05,TG:9171bfa0ce6f0284,-3.0351562,1,0.4341666666666667,0.045862664
mendeley/extracted/Bangla Audio Dataset Original and DeepFake Voices for AI-Based Voice Analysis and Detection/Dataset/S8F05/Real/5.wav,0,MEN,MEN-S8F05,TG:c48f3edccc3e1864,-6.4296875,1,0.4341666666666667,0.0016103574
mendeley/extracted/Bangla Audio Dataset Original and DeepFake Voices for AI-Based Voice Analysis and Detection/Dataset/S8F05/Real/6.wav,0,MEN,MEN-S8F05,TG:2aa58a4fccd71627,-5.0820312,1,0.4675,0.0061689946
mendeley/extracted/Bangla Audio Dataset Original and DeepFake Voices for AI-Based Voice Analysis and Detection/Dataset/S8F05/Real/7.wav,0,MEN,MEN-S8F05,TG:ea527d337528d827,2.5117188,1,0.4508333333333333,0.92495924
mendeley/extracted/Bangla Audio Dataset Original and DeepFake Voices for AI-Based Voice Analysis and Detection/Dataset/S8F05/Real/8.wav,0,MEN,MEN-S8F05,TG:0a440d8d407106df,-4.6523438,1,0.4508333333333333,0.0094490815
mendeley/extracted/Bangla Audio Dataset Original and DeepFake Voices for AI-Based Voice Analysis and Detection/Dataset/S8F05/Real/9.wav,0,MEN,MEN-S8F05,TG:bf935363bd6823d1,-1.875,1,0.4675,0.13296425
mendeley/extracted/Bangla Audio Dataset Original and DeepFake Voices for AI-Based Voice Analysis and Detection/Dataset/S9F01/Fake/1.wav,1,MEN,MEN-S9F01,TG:263ccbb0d9d4fa76,-11.34375,1,0.5375,1.184314e-05
mendeley/extracted/Bangla Audio Dataset Original and DeepFake Voices for AI-Based Voice Analysis and Detection/Dataset/S9F01/Fake/10.wav,1,MEN,MEN-S9F01,TG:3bfd340f76d8a679,-10.59375,1,0.2441666666666666,2.5071593e-05
mendeley/extracted/Bangla Audio Dataset Original and DeepFake Voices for AI-Based Voice Analysis and Detection/Dataset/S9F01/Fake/11.wav,1,MEN,MEN-S9F01,TG:de90edc1089c941d,-13.1875,1,0.4658333333333333,1.8738755e-06
mendeley/extracted/Bangla Audio Dataset Original and DeepFake Voices for AI-Based Voice Analysis and Detection/Dataset/S9F01/Fake/12.wav,1,MEN,MEN-S9F01,TG:a77af9be683053cc,-17.203125,1,0.4975,3.3789185e-08
mendeley/extracted/Bangla Audio Dataset Original and DeepFake Voices for AI-Based Voice Analysis and Detection/Dataset/S9F01/Fake/13.wav,1,MEN,MEN-S9F01,TG:d028db732b574cac,-12.609375,1,0.5508333333333333,3.3405393e-06
mendeley/extracted/Bangla Audio Dataset Original and DeepFake Voices for AI-Based Voice Analysis and Detection/Dataset/S9F01/Fake/14.wav,1,MEN,MEN-S9F01,TG:4a3012311f6f989c,-16.375,1,0.4641666666666666,7.734422e-08
mendeley/extracted/Bangla Audio Dataset Original and DeepFake Voices for AI-Based Voice Analysis and Detection/Dataset/S9F01/Fake/15.wav,1,MEN,MEN-S9F01,TG:25961d92ff260806,-1.3222656,1,0.4591666666666666,0.2104416
mendeley/extracted/Bangla Audio Dataset Original and DeepFake Voices for AI-Based Voice Analysis and Detection/Dataset/S9F01/Fake/16.wav,1,MEN,MEN-S9F01,TG:ad3b41d59e6fcb6e,-10.6953125,1,0.4741666666666666,2.2650353e-05
mendeley/extracted/Bangla Audio Dataset Original and DeepFake Voices for AI-Based Voice Analysis and Detection/Dataset/S9F01/Fake/17.wav,1,MEN,MEN-S9F01,TG:007c8f7195b13372,-13.3671875,1,0.3941666666666666,1.5656819e-06
mendeley/extracted/Bangla Audio Dataset Original and DeepFake Voices for AI-Based Voice Analysis and Detection/Dataset/S9F01/Fake/18.wav,1,MEN,MEN-S9F01,TG:128b166adf03cd84,-12.3203125,1,0.4525,4.4602e-06
mendeley/extracted/Bangla Audio Dataset Original and DeepFake Voices for AI-Based Voice Analysis and Detection/Dataset/S9F01/Fake/19.wav,1,MEN,MEN-S9F01,TG:f8229cad7945af39,-14.65625,1,0.4808333333333333,4.3139127e-07
mendeley/extracted/Bangla Audio Dataset Original and DeepFake Voices for AI-Based Voice Analysis and Detection/Dataset/S9F01/Fake/2.wav,1,MEN,MEN-S9F01,TG:9f5c75cf1e6d9913,-11.6640625,1,0.4308333333333333,8.597226e-06
mendeley/extracted/Bangla Audio Dataset Original and DeepFake Voices for AI-Based Voice Analysis and Detection/Dataset/S9F01/Fake/20.wav,1,MEN,MEN-S9F01,TG:0bf1b90fb03791fa,-9.0546875,1,0.5591666666666666,0.0001168284
mendeley/extracted/Bangla Audio Dataset Original and DeepFake Voices for AI-Based Voice Analysis and Detection/Dataset/S9F01/Fake/21.wav,1,MEN,MEN-S9F01,TG:70073d516c8e9f1d,-14.796875,1,0.5441666666666667,3.747992e-07
mendeley/extracted/Bangla Audio Dataset Original and DeepFake Voices for AI-Based Voice Analysis and Detection/Dataset/S9F01/Fake/22.wav,1,MEN,MEN-S9F01,TG:287fc53eca67ab9a,-11.140625,1,0.5008333333333334,1.4510478e-05
mendeley/extracted/Bangla Audio Dataset Original and DeepFake Voices for AI-Based Voice Analysis and Detection/Dataset/S9F01/Fake/23.wav,1,MEN,MEN-S9F01,TG:b17d3c4f6988bf6a,-7.6640625,1,0.3691666666666666,0.00046917633
mendeley/extracted/Bangla Audio Dataset Original and DeepFake Voices for AI-Based Voice Analysis and Detection/Dataset/S9F01/Fake/24.wav,1,MEN,MEN-S9F01,TG:a6e0eae4bc3f847b,-16.890625,1,0.5075000000000001,4.6184343e-08
mendeley/extracted/Bangla Audio Dataset Original and DeepFake Voices for AI-Based Voice Analysis and Detection/Dataset/S9F01/Fake/25.wav,1,MEN,MEN-S9F01,TG:6bab2734c92514f5,-8.9921875,1,0.5258333333333334,0.00012436225
mendeley/extracted/Bangla Audio Dataset Original and DeepFake Voices for AI-Based Voice Analysis and Detection/Dataset/S9F01/Fake/26.wav,1,MEN,MEN-S9F01,TG:ba75c4dd9af4fab6,-13.734375,1,0.4941666666666666,1.0845166e-06
mendeley/extracted/Bangla Audio Dataset Original and DeepFake Voices for AI-Based Voice Analysis and Detection/Dataset/S9F01/Fake/27.wav,1,MEN,MEN-S9F01,TG:caa343756463e508,-14.2109375,1,0.5025,6.733921e-07
mendeley/extracted/Bangla Audio Dataset Original and DeepFake Voices for AI-Based Voice Analysis and Detection/Dataset/S9F01/Fake/28.wav,1,MEN,MEN-S9F01,TG:b127dfcabbeceab8,-15.4765625,1,0.4841666666666666,1.8993904e-07
mendeley/extracted/Bangla Audio Dataset Original and DeepFake Voices for AI-Based Voice Analysis and Detection/Dataset/S9F01/Fake/29.wav,1,MEN,MEN-S9F01,TG:eda0f06ce0d96a61,-9.125,1,0.4908333333333333,0.00010889691
mendeley/extracted/Bangla Audio Dataset Original and DeepFake Voices for AI-Based Voice Analysis and Detection/Dataset/S9F01/Fake/3.wav,1,MEN,MEN-S9F01,TG:48c5e1f63ac9492d,-12.640625,1,0.4975,3.2377618e-06
mendeley/extracted/Bangla Audio Dataset Original and DeepFake Voices for AI-Based Voice Analysis and Detection/Dataset/S9F01/Fake/30.wav,1,MEN,MEN-S9F01,TG:3ac4acc156291aa7,-8.2890625,1,0.3675,0.00025118678
mendeley/extracted/Bangla Audio Dataset Original and DeepFake Voices for AI-Based Voice Analysis and Detection/Dataset/S9F01/Fake/4.wav,1,MEN,MEN-S9F01,TG:2d816275c7480a59,-17.640625,1,0.3225,2.181594e-08
mendeley/extracted/Bangla Audio Dataset Original and DeepFake Voices for AI-Based Voice Analysis and Detection/Dataset/S9F01/Fake/5.wav,1,MEN,MEN-S9F01,TG:db854ce88524c221,-13.671875,1,0.4775,1.1544621e-06
mendeley/extracted/Bangla Audio Dataset Original and DeepFake Voices for AI-Based Voice Analysis and Detection/Dataset/S9F01/Fake/6.wav,1,MEN,MEN-S9F01,TG:d4d0daa8b1ec3a55,-10.71875,1,0.6058333333333333,2.2125669e-05
mendeley/extracted/Bangla Audio Dataset Original and DeepFake Voices for AI-Based Voice Analysis and Detection/Dataset/S9F01/Fake/7.wav,1,MEN,MEN-S9F01,TG:eb6e2f32cb4ca057,-15.9609375,1,0.4725,1.17018054e-07
mendeley/extracted/Bangla Audio Dataset Original and DeepFake Voices for AI-Based Voice Analysis and Detection/Dataset/S9F01/Fake/8.wav,1,MEN,MEN-S9F01,TG:9e752019d89d3c25,-13.421875,1,0.5475,1.482358e-06
mendeley/extracted/Bangla Audio Dataset Original and DeepFake Voices for AI-Based Voice Analysis and Detection/Dataset/S9F01/Fake/9.wav,1,MEN,MEN-S9F01,TG:9d764b1f65847a64,-12.15625,1,0.4741666666666666,5.255396e-06
mendeley/extracted/Bangla Audio Dataset Original and DeepFake Voices for AI-Based Voice Analysis and Detection/Dataset/S9F01/Real/1.wav,0,MEN,MEN-S9F01,TG:263ccbb0d9d4fa76,-10.5234375,1,0.3441666666666666,2.6897846e-05
mendeley/extracted/Bangla Audio Dataset Original and DeepFake Voices for AI-Based Voice Analysis and Detection/Dataset/S9F01/Real/10.wav,0,MEN,MEN-S9F01,TG:3bfd340f76d8a679,-16.53125,1,0.5441666666666667,6.615601e-08
mendeley/extracted/Bangla Audio Dataset Original and DeepFake Voices for AI-Based Voice Analysis and Detection/Dataset/S9F01/Real/11.wav,0,MEN,MEN-S9F01,TG:de90edc1089c941d,-17.65625,1,0.4608333333333333,2.1477714e-08
mendeley/extracted/Bangla Audio Dataset Original and DeepFake Voices for AI-Based Voice Analysis and Detection/Dataset/S9F01/Real/12.wav,0,MEN,MEN-S9F01,TG:a77af9be683053cc,-24.109375,1,0.6608333333333334,3.384009e-11
mendeley/extracted/Bangla Audio Dataset Original and DeepFake Voices for AI-Based Voice Analysis and Detection/Dataset/S9F01/Real/13.wav,0,MEN,MEN-S9F01,TG:d028db732b574cac,-22.140625,1,0.5608333333333333,2.4235322e-10
mendeley/extracted/Bangla Audio Dataset Original and DeepFake Voices for AI-Based Voice Analysis and Detection/Dataset/S9F01/Real/14.wav,0,MEN,MEN-S9F01,TG:4a3012311f6f989c,-20.109375,1,0.6441666666666667,1.8476062e-09
mendeley/extracted/Bangla Audio Dataset Original and DeepFake Voices for AI-Based Voice Analysis and Detection/Dataset/S9F01/Real/15.wav,0,MEN,MEN-S9F01,TG:25961d92ff260806,-18.3125,1,0.5108333333333333,1.1142491e-08
mendeley/extracted/Bangla Audio Dataset Original and DeepFake Voices for AI-Based Voice Analysis and Detection/Dataset/S9F01/Real/16.wav,0,MEN,MEN-S9F01,TG:ad3b41d59e6fcb6e,-13.828125,1,0.4958333333333333,9.874639e-07
mendeley/extracted/Bangla Audio Dataset Original and DeepFake Voices for AI-Based Voice Analysis and Detection/Dataset/S9F01/Real/17.wav,0,MEN,MEN-S9F01,TG:007c8f7195b13372,-19.71875,1,0.5625,2.7305849e-09
mendeley/extracted/Bangla Audio Dataset Original and DeepFake Voices for AI-Based Voice Analysis and Detection/Dataset/S9F01/Real/18.wav,0,MEN,MEN-S9F01,TG:128b166adf03cd84,-22.953125,1,0.5625,1.0754357e-10
mendeley/extracted/Bangla Audio Dataset Original and DeepFake Voices for AI-Based Voice Analysis and Detection/Dataset/S9F01/Real/19.wav,0,MEN,MEN-S9F01,TG:f8229cad7945af39,-22.671875,1,0.5958333333333333,1.4247209e-10
mendeley/extracted/Bangla Audio Dataset Original and DeepFake Voices for AI-Based Voice Analysis and Detection/Dataset/S9F01/Real/2.wav,0,MEN,MEN-S9F01,TG:9f5c75cf1e6d9913,-17.734375,1,0.4941666666666666,1.9863638e-08
mendeley/extracted/Bangla Audio Dataset Original and DeepFake Voices for AI-Based Voice Analysis and Detection/Dataset/S9F01/Real/20.wav,0,MEN,MEN-S9F01,TG:0bf1b90fb03791fa,-16.078125,1,0.6441666666666667,1.04078005e-07
mendeley/extracted/Bangla Audio Dataset Original and DeepFake Voices for AI-Based Voice Analysis and Detection/Dataset/S9F01/Real/21.wav,0,MEN,MEN-S9F01,TG:70073d516c8e9f1d,-19.28125,1,0.6775,4.2292125e-09
mendeley/extracted/Bangla Audio Dataset Original and DeepFake Voices for AI-Based Voice Analysis and Detection/Dataset/S9F01/Real/22.wav,0,MEN,MEN-S9F01,TG:287fc53eca67ab9a,-14.765625,1,0.4441666666666667,3.866966e-07
mendeley/extracted/Bangla Audio Dataset Original and DeepFake Voices for AI-Based Voice Analysis and Detection/Dataset/S9F01/Real/23.wav,0,MEN,MEN-S9F01,TG:b17d3c4f6988bf6a,-15.4375,1,0.4441666666666667,1.9750534e-07
mendeley/extracted/Bangla Audio Dataset Original and DeepFake Voices for AI-Based Voice Analysis and Detection/Dataset/S9F01/Real/24.wav,0,MEN,MEN-S9F01,TG:a6e0eae4bc3f847b,-11.953125,1,0.5458333333333334,6.439038e-06
mendeley/extracted/Bangla Audio Dataset Original and DeepFake Voices for AI-Based Voice Analysis and Detection/Dataset/S9F01/Real/25.wav,0,MEN,MEN-S9F01,TG:6bab2734c92514f5,-21.015625,1,0.5608333333333333,7.4650036e-10
mendeley/extracted/Bangla Audio Dataset Original and DeepFake Voices for AI-Based Voice Analysis and Detection/Dataset/S9F01/Real/26.wav,0,MEN,MEN-S9F01,TG:ba75c4dd9af4fab6,-19.4375,1,0.6291666666666667,3.6174375e-09
mendeley/extracted/Bangla Audio Dataset Original and DeepFake Voices for AI-Based Voice Analysis and Detection/Dataset/S9F01/Real/27.wav,0,MEN,MEN-S9F01,TG:caa343756463e508,-13.8671875,1,0.5941666666666667,9.496347e-07
mendeley/extracted/Bangla Audio Dataset Original and DeepFake Voices for AI-Based Voice Analysis and Detection/Dataset/S9F01/Real/28.wav,0,MEN,MEN-S9F01,TG:b127dfcabbeceab8,-15.765625,1,0.6275,1.4225778e-07
mendeley/extracted/Bangla Audio Dataset Original and DeepFake Voices for AI-Based Voice Analysis and Detection/Dataset/S9F01/Real/29.wav,0,MEN,MEN-S9F01,TG:eda0f06ce0d96a61,-11.6171875,1,0.5441666666666667,9.00981e-06
mendeley/extracted/Bangla Audio Dataset Original and DeepFake Voices for AI-Based Voice Analysis and Detection/Dataset/S9F01/Real/3.wav,0,MEN,MEN-S9F01,TG:48c5e1f63ac9492d,-14.3984375,1,0.4608333333333333,5.5826166e-07
mendeley/extracted/Bangla Audio Dataset Original and DeepFake Voices for AI-Based Voice Analysis and Detection/Dataset/S9F01/Real/30.wav,0,MEN,MEN-S9F01,TG:3ac4acc156291aa7,-12.1875,1,0.5108333333333333,5.0937056e-06
mendeley/extracted/Bangla Audio Dataset Original and DeepFake Voices for AI-Based Voice Analysis and Detection/Dataset/S9F01/Real/4.wav,0,MEN,MEN-S9F01,TG:2d816275c7480a59,-23.40625,1,0.4958333333333333,6.835885e-11
mendeley/extracted/Bangla Audio Dataset Original and DeepFake Voices for AI-Based Voice Analysis and Detection/Dataset/S9F01/Real/5.wav,0,MEN,MEN-S9F01,TG:db854ce88524c221,-19.484375,1,0.5258333333333334,3.4517826e-09
mendeley/extracted/Bangla Audio Dataset Original and DeepFake Voices for AI-Based Voice Analysis and Detection/Dataset/S9F01/Real/6.wav,0,MEN,MEN-S9F01,TG:d4d0daa8b1ec3a55,-21.796875,1,0.5608333333333333,3.4177275e-10
mendeley/extracted/Bangla Audio Dataset Original and DeepFake Voices for AI-Based Voice Analysis and Detection/Dataset/S9F01/Real/7.wav,0,MEN,MEN-S9F01,TG:eb6e2f32cb4ca057,-18.28125,1,0.4941666666666666,1.1496192e-08
mendeley/extracted/Bangla Audio Dataset Original and DeepFake Voices for AI-Based Voice Analysis and Detection/Dataset/S9F01/Real/8.wav,0,MEN,MEN-S9F01,TG:9e752019d89d3c25,-17.046875,1,0.5425,3.9503565e-08
mendeley/extracted/Bangla Audio Dataset Original and DeepFake Voices for AI-Based Voice Analysis and Detection/Dataset/S9F01/Real/9.wav,0,MEN,MEN-S9F01,TG:9d764b1f65847a64,-19.703125,1,0.3791666666666666,2.7735854e-09
mendeley/extracted/Bangla Audio Dataset Original and DeepFake Voices for AI-Based Voice Analysis and Detection/Dataset/S9F03/Fake/1.wav,1,MEN,MEN-S9F03,TG:263ccbb0d9d4fa76,-7.53125,1,0.5341666666666667,0.00053578056
mendeley/extracted/Bangla Audio Dataset Original and DeepFake Voices for AI-Based Voice Analysis and Detection/Dataset/S9F03/Fake/10.wav,1,MEN,MEN-S9F03,TG:3bfd340f76d8a679,0.7319336,1,0.2741666666666666,0.67522943
mendeley/extracted/Bangla Audio Dataset Original and DeepFake Voices for AI-Based Voice Analysis and Detection/Dataset/S9F03/Fake/11.wav,1,MEN,MEN-S9F03,TG:de90edc1089c941d,-7.1054688,1,0.4458333333333333,0.00081993215
mendeley/extracted/Bangla Audio Dataset Original and DeepFake Voices for AI-Based Voice Analysis and Detection/Dataset/S9F03/Fake/12.wav,1,MEN,MEN-S9F03,TG:a77af9be683053cc,-11.53125,1,0.5508333333333333,9.818326e-06
mendeley/extracted/Bangla Audio Dataset Original and DeepFake Voices for AI-Based Voice Analysis and Detection/Dataset/S9F03/Fake/13.wav,1,MEN,MEN-S9F03,TG:d028db732b574cac,-10.28125,1,0.5075000000000001,3.426849e-05
mendeley/extracted/Bangla Audio Dataset Original and DeepFake Voices for AI-Based Voice Analysis and Detection/Dataset/S9F03/Fake/14.wav,1,MEN,MEN-S9F03,TG:4a3012311f6f989c,-4.578125,1,0.4575,0.010169659
mendeley/extracted/Bangla Audio Dataset Original and DeepFake Voices for AI-Based Voice Analysis and Detection/Dataset/S9F03/Fake/15.wav,1,MEN,MEN-S9F03,TG:25961d92ff260806,-3.203125,1,0.4425,0.03904829
mendeley/extracted/Bangla Audio Dataset Original and DeepFake Voices for AI-Based Voice Analysis and Detection/Dataset/S9F03/Fake/16.wav,1,MEN,MEN-S9F03,TG:ad3b41d59e6fcb6e,1.6005859,1,0.4275,0.8321002
mendeley/extracted/Bangla Audio Dataset Original and DeepFake Voices for AI-Based Voice Analysis and Detection/Dataset/S9F03/Fake/17.wav,1,MEN,MEN-S9F03,TG:007c8f7195b13372,-5.2734375,1,0.4508333333333333,0.0050998186
mendeley/extracted/Bangla Audio Dataset Original and DeepFake Voices for AI-Based Voice Analysis and Detection/Dataset/S9F03/Fake/18.wav,1,MEN,MEN-S9F03,TG:128b166adf03cd84,-4.28125,1,0.4425,0.013636836
mendeley/extracted/Bangla Audio Dataset Original and DeepFake Voices for AI-Based Voice Analysis and Detection/Dataset/S9F03/Fake/19.wav,1,MEN,MEN-S9F03,TG:f8229cad7945af39,-9.84375,1,0.4691666666666666,5.307508e-05
mendeley/extracted/Bangla Audio Dataset Original and DeepFake Voices for AI-Based Voice Analysis and Detection/Dataset/S9F03/Fake/2.wav,1,MEN,MEN-S9F03,TG:9f5c75cf1e6d9913,-9.6171875,1,0.3675,6.657017e-05
mendeley/extracted/Bangla Audio Dataset Original and DeepFake Voices for AI-Based Voice Analysis and Detection/Dataset/S9F03/Fake/20.wav,1,MEN,MEN-S9F03,TG:0bf1b90fb03791fa,-7.3125,1,0.5275000000000001,0.00066670234
mendeley/extracted/Bangla Audio Dataset Original and DeepFake Voices for AI-Based Voice Analysis and Detection/Dataset/S9F03/Fake/21.wav,1,MEN,MEN-S9F03,TG:70073d516c8e9f1d,-6.0976562,1,0.5341666666666667,0.0022430876
mendeley/extracted/Bangla Audio Dataset Original and DeepFake Voices for AI-Based Voice Analysis and Detection/Dataset/S9F03/Fake/22.wav,1,MEN,MEN-S9F03,TG:287fc53eca67ab9a,-2.9863281,1,0.5591666666666666,0.048047356
mendeley/extracted/Bangla Audio Dataset Original and DeepFake Voices for AI-Based Voice Analysis and Detection/Dataset/S9F03/Fake/23.wav,1,MEN,MEN-S9F03,TG:b17d3c4f6988bf6a,-6.7773438,1,0.4041666666666667,0.0011380005
mendeley/extracted/Bangla Audio Dataset Original and DeepFake Voices for AI-Based Voice Analysis and Detection/Dataset/S9F03/Fake/24.wav,1,MEN,MEN-S9F03,TG:a6e0eae4bc3f847b,-8.953125,1,0.4675,0.00012931564
mendeley/extracted/Bangla Audio Dataset Original and DeepFake Voices for AI-Based Voice Analysis and Detection/Dataset/S9F03/Fake/25.wav,1,MEN,MEN-S9F03,TG:6bab2734c92514f5,-3.2324219,1,0.4825,0.037963696
mendeley/extracted/Bangla Audio Dataset Original and DeepFake Voices for AI-Based Voice Analysis and Detection/Dataset/S9F03/Fake/26.wav,1,MEN,MEN-S9F03,TG:ba75c4dd9af4fab6,-9.75,1,0.5625,5.8291265e-05
mendeley/extracted/Bangla Audio Dataset Original and DeepFake Voices for AI-Based Voice Analysis and Detection/Dataset/S9F03/Fake/27.wav,1,MEN,MEN-S9F03,TG:caa343756463e508,-5.359375,1,0.5925,0.004681823
mendeley/extracted/Bangla Audio Dataset Original and DeepFake Voices for AI-Based Voice Analysis and Detection/Dataset/S9F03/Fake/28.wav,1,MEN,MEN-S9F03,TG:b127dfcabbeceab8,-8.7421875,1,0.4591666666666666,0.00015967865
mendeley/extracted/Bangla Audio Dataset Original and DeepFake Voices for AI-Based Voice Analysis and Detection/Dataset/S9F03/Fake/29.wav,1,MEN,MEN-S9F03,TG:eda0f06ce0d96a61,-9.8671875,1,0.4791666666666666,5.1845658e-05
mendeley/extracted/Bangla Audio Dataset Original and DeepFake Voices for AI-Based Voice Analysis and Detection/Dataset/S9F03/Fake/3.wav,1,MEN,MEN-S9F03,TG:48c5e1f63ac9492d,-4.9179688,1,0.4525,0.0072608655
mendeley/extracted/Bangla Audio Dataset Original and DeepFake Voices for AI-Based Voice Analysis and Detection/Dataset/S9F03/Fake/30.wav,1,MEN,MEN-S9F03,TG:3ac4acc156291aa7,4.2421875,1,0.3725,0.98582757
mendeley/extracted/Bangla Audio Dataset Original and DeepFake Voices for AI-Based Voice Analysis and Detection/Dataset/S9F03/Fake/4.wav,1,MEN,MEN-S9F03,TG:2d816275c7480a59,3.6308594,1,0.3425,0.97419035
mendeley/extracted/Bangla Audio Dataset Original and DeepFake Voices for AI-Based Voice Analysis and Detection/Dataset/S9F03/Fake/5.wav,1,MEN,MEN-S9F03,TG:db854ce88524c221,-7.6757812,1,0.4675,0.00046371284
mendeley/extracted/Bangla Audio Dataset Original and DeepFake Voices for AI-Based Voice Analysis and Detection/Dataset/S9F03/Fake/6.wav,1,MEN,MEN-S9F03,TG:d4d0daa8b1ec3a55,-7.765625,1,0.5708333333333333,0.00042388475
mendeley/extracted/Bangla Audio Dataset Original and DeepFake Voices for AI-Based Voice Analysis and Detection/Dataset/S9F03/Fake/7.wav,1,MEN,MEN-S9F03,TG:eb6e2f32cb4ca057,-8.7109375,1,0.4175,0.00016474657
mendeley/extracted/Bangla Audio Dataset Original and DeepFake Voices for AI-Based Voice Analysis and Detection/Dataset/S9F03/Fake/8.wav,1,MEN,MEN-S9F03,TG:9e752019d89d3c25,-7.6914062,1,0.5625,0.0004565269
mendeley/extracted/Bangla Audio Dataset Original and DeepFake Voices for AI-Based Voice Analysis and Detection/Dataset/S9F03/Fake/9.wav,1,MEN,MEN-S9F03,TG:9d764b1f65847a64,-6.0429688,1,0.4741666666666666,0.0023688744
mendeley/extracted/Bangla Audio Dataset Original and DeepFake Voices for AI-Based Voice Analysis and Detection/Dataset/S9F03/Real/1.wav,0,MEN,MEN-S9F03,TG:263ccbb0d9d4fa76,-9.0546875,1,0.4841666666666666,0.0001168284
mendeley/extracted/Bangla Audio Dataset Original and DeepFake Voices for AI-Based Voice Analysis and Detection/Dataset/S9F03/Real/10.wav,0,MEN,MEN-S9F03,TG:3bfd340f76d8a679,-4.8554688,1,0.4175,0.007725534
mendeley/extracted/Bangla Audio Dataset Original and DeepFake Voices for AI-Based Voice Analysis and Detection/Dataset/S9F03/Real/11.wav,0,MEN,MEN-S9F03,TG:de90edc1089c941d,-7.59375,1,0.4508333333333333,0.00050333556
mendeley/extracted/Bangla Audio Dataset Original and DeepFake Voices for AI-Based Voice Analysis and Detection/Dataset/S9F03/Real/12.wav,0,MEN,MEN-S9F03,TG:a77af9be683053cc,-8.59375,1,0.4341666666666667,0.00018522573
mendeley/extracted/Bangla Audio Dataset Original and DeepFake Voices for AI-Based Voice Analysis and Detection/Dataset/S9F03/Real/13.wav,0,MEN,MEN-S9F03,TG:d028db732b574cac,-9.484375,1,0.4675,7.60248e-05
mendeley/extracted/Bangla Audio Dataset Original and DeepFake Voices for AI-Based Voice Analysis and Detection/Dataset/S9F03/Real/14.wav,0,MEN,MEN-S9F03,TG:4a3012311f6f989c,-9.875,1,0.4341666666666667,5.1442217e-05
mendeley/extracted/Bangla Audio Dataset Original and DeepFake Voices for AI-Based Voice Analysis and Detection/Dataset/S9F03/Real/15.wav,0,MEN,MEN-S9F03,TG:25961d92ff260806,-9.375,1,0.4341666666666667,8.481104e-05
mendeley/extracted/Bangla Audio Dataset Original and DeepFake Voices for AI-Based Voice Analysis and Detection/Dataset/S9F03/Real/16.wav,0,MEN,MEN-S9F03,TG:ad3b41d59e6fcb6e,-10.703125,1,0.4008333333333334,2.247409e-05
mendeley/extracted/Bangla Audio Dataset Original and DeepFake Voices for AI-Based Voice Analysis and Detection/Dataset/S9F03/Real/17.wav,0,MEN,MEN-S9F03,TG:007c8f7195b13372,-12.5390625,1,0.4008333333333334,3.5838746e-06
mendeley/extracted/Bangla Audio Dataset Original and DeepFake Voices for AI-Based Voice Analysis and Detection/Dataset/S9F03/Real/18.wav,0,MEN,MEN-S9F03,TG:128b166adf03cd84,-11.7578125,1,0.3841666666666666,7.827869e-06
mendeley/extracted/Bangla Audio Dataset Original and DeepFake Voices for AI-Based Voice Analysis and Detection/Dataset/S9F03/Real/19.wav,0,MEN,MEN-S9F03,TG:f8229cad7945af39,-13.0234375,1,0.4508333333333333,2.207964e-06
mendeley/extracted/Bangla Audio Dataset Original and DeepFake Voices for AI-Based Voice Analysis and Detection/Dataset/S9F03/Real/2.wav,0,MEN,MEN-S9F03,TG:9f5c75cf1e6d9913,-9.2265625,1,0.4675,9.83812e-05
mendeley/extracted/Bangla Audio Dataset Original and DeepFake Voices for AI-Based Voice Analysis and Detection/Dataset/S9F03/Real/20.wav,0,MEN,MEN-S9F03,TG:0bf1b90fb03791fa,-12.5859375,1,0.4008333333333334,3.4197574e-06
mendeley/extracted/Bangla Audio Dataset Original and DeepFake Voices for AI-Based Voice Analysis and Detection/Dataset/S9F03/Real/21.wav,0,MEN,MEN-S9F03,TG:70073d516c8e9f1d,-10.8125,1,0.4675,2.014569e-05
mendeley/extracted/Bangla Audio Dataset Original and DeepFake Voices for AI-Based Voice Analysis and Detection/Dataset/S9F03/Real/22.wav,0,MEN,MEN-S9F03,TG:287fc53eca67ab9a,-10.6015625,1,0.3841666666666666,2.487649e-05
mendeley/extracted/Bangla Audio Dataset Original and DeepFake Voices for AI-Based Voice Analysis and Detection/Dataset/S9F03/Real/23.wav,0,MEN,MEN-S9F03,TG:b17d3c4f6988bf6a,-9.6171875,1,0.3508333333333333,6.657017e-05
mendeley/extracted/Bangla Audio Dataset Original and DeepFake Voices for AI-Based Voice Analysis and Detection/Dataset/S9F03/Real/24.wav,0,MEN,MEN-S9F03,TG:a6e0eae4bc3f847b,-12.34375,1,0.4508333333333333,4.35688e-06
mendeley/extracted/Bangla Audio Dataset Original and DeepFake Voices for AI-Based Voice Analysis and Detection/Dataset/S9F03/Real/25.wav,0,MEN,MEN-S9F03,TG:6bab2734c92514f5,-13.546875,1,0.4675,1.3081766e-06
mendeley/extracted/Bangla Audio Dataset Original and DeepFake Voices for AI-Based Voice Analysis and Detection/Dataset/S9F03/Real/26.wav,0,MEN,MEN-S9F03,TG:ba75c4dd9af4fab6,-13.75,1,0.4341666666666667,1.0677029e-06
mendeley/extracted/Bangla Audio Dataset Original and DeepFake Voices for AI-Based Voice Analysis and Detection/Dataset/S9F03/Real/27.wav,0,MEN,MEN-S9F03,TG:caa343756463e508,-18.015625,1,0.4508333333333333,1.4993862e-08
mendeley/extracted/Bangla Audio Dataset Original and DeepFake Voices for AI-Based Voice Analysis and Detection/Dataset/S9F03/Real/28.wav,0,MEN,MEN-S9F03,TG:b127dfcabbeceab8,-13.9140625,1,0.4341666666666667,9.0614776e-07
mendeley/extracted/Bangla Audio Dataset Original and DeepFake Voices for AI-Based Voice Analysis and Detection/Dataset/S9F03/Real/29.wav,0,MEN,MEN-S9F03,TG:eda0f06ce0d96a61,-8.578125,1,0.3675,0.00018814209
mendeley/extracted/Bangla Audio Dataset Original and DeepFake Voices for AI-Based Voice Analysis and Detection/Dataset/S9F03/Real/3.wav,0,MEN,MEN-S9F03,TG:48c5e1f63ac9492d,-9.2578125,1,0.4675,9.535461e-05
mendeley/extracted/Bangla Audio Dataset Original and DeepFake Voices for AI-Based Voice Analysis and Detection/Dataset/S9F03/Real/30.wav,0,MEN,MEN-S9F03,TG:3ac4acc156291aa7,-12.015625,1,0.3175,6.0489183e-06
mendeley/extracted/Bangla Audio Dataset Original and DeepFake Voices for AI-Based Voice Analysis and Detection/Dataset/S9F03/Real/4.wav,0,MEN,MEN-S9F03,TG:2d816275c7480a59,-1.2207031,1,0.4675,0.22781274
mendeley/extracted/Bangla Audio Dataset Original and DeepFake Voices for AI-Based Voice Analysis and Detection/Dataset/S9F03/Real/5.wav,0,MEN,MEN-S9F03,TG:db854ce88524c221,-8.4453125,1,0.5341666666666667,0.00021485923
mendeley/extracted/Bangla Audio Dataset Original and DeepFake Voices for AI-Based Voice Analysis and Detection/Dataset/S9F03/Real/6.wav,0,MEN,MEN-S9F03,TG:d4d0daa8b1ec3a55,-11.0625,1,0.5841666666666667,1.568955e-05
mendeley/extracted/Bangla Audio Dataset Original and DeepFake Voices for AI-Based Voice Analysis and Detection/Dataset/S9F03/Real/7.wav,0,MEN,MEN-S9F03,TG:eb6e2f32cb4ca057,-8.53125,1,0.5341666666666667,0.00019716943
mendeley/extracted/Bangla Audio Dataset Original and DeepFake Voices for AI-Based Voice Analysis and Detection/Dataset/S9F03/Real/8.wav,0,MEN,MEN-S9F03,TG:9e752019d89d3c25,-7.4648438,1,0.4675,0.00057254656
mendeley/extracted/Bangla Audio Dataset Original and DeepFake Voices for AI-Based Voice Analysis and Detection/Dataset/S9F03/Real/9.wav,0,MEN,MEN-S9F03,TG:9d764b1f65847a64,-5.2578125,1,0.5008333333333334,0.0051797125
mendeley/extracted/Bangla Audio Dataset Original and DeepFake Voices for AI-Based Voice Analysis and Detection/Dataset/S9M02/Fake/1.wav,1,MEN,MEN-S9M02,TG:263ccbb0d9d4fa76,-2.2421875,1,0.4358333333333333,0.09602549
mendeley/extracted/Bangla Audio Dataset Original and DeepFake Voices for AI-Based Voice Analysis and Detection/Dataset/S9M02/Fake/10.wav,1,MEN,MEN-S9M02,TG:3bfd340f76d8a679,1.6230469,1,0.1708333333333332,0.8352149
mendeley/extracted/Bangla Audio Dataset Original and DeepFake Voices for AI-Based Voice Analysis and Detection/Dataset/S9M02/Fake/11.wav,1,MEN,MEN-S9M02,TG:de90edc1089c941d,-1.9042969,1,0.4441666666666667,0.12962292
mendeley/extracted/Bangla Audio Dataset Original and DeepFake Voices for AI-Based Voice Analysis and Detection/Dataset/S9M02/Fake/12.wav,1,MEN,MEN-S9M02,TG:a77af9be683053cc,-13.7578125,1,0.4741666666666666,1.059394e-06
mendeley/extracted/Bangla Audio Dataset Original and DeepFake Voices for AI-Based Voice Analysis and Detection/Dataset/S9M02/Fake/13.wav,1,MEN,MEN-S9M02,TG:d028db732b574cac,-0.49560547,1,0.5125,0.37857395
mendeley/extracted/Bangla Audio Dataset Original and DeepFake Voices for AI-Based Voice Analysis and Detection/Dataset/S9M02/Fake/14.wav,1,MEN,MEN-S9M02,TG:4a3012311f6f989c,-3.0703125,1,0.5341666666666667,0.044348586
mendeley/extracted/Bangla Audio Dataset Original and DeepFake Voices for AI-Based Voice Analysis and Detection/Dataset/S9M02/Fake/15.wav,1,MEN,MEN-S9M02,TG:25961d92ff260806,2.8417969,1,0.2524999999999999,0.9448931
mendeley/extracted/Bangla Audio Dataset Original and DeepFake Voices for AI-Based Voice Analysis and Detection/Dataset/S9M02/Fake/16.wav,1,MEN,MEN-S9M02,TG:ad3b41d59e6fcb6e,5.296875,1,0.4841666666666666,0.9950177
mendeley/extracted/Bangla Audio Dataset Original and DeepFake Voices for AI-Based Voice Analysis and Detection/Dataset/S9M02/Fake/17.wav,1,MEN,MEN-S9M02,TG:007c8f7195b13372,-8.21875,1,0.4141666666666667,0.00026947918
mendeley/extracted/Bangla Audio Dataset Original and DeepFake Voices for AI-Based Voice Analysis and Detection/Dataset/S9M02/Fake/18.wav,1,MEN,MEN-S9M02,TG:128b166adf03cd84,-0.90234375,1,0.4975,0.2885691
mendeley/extracted/Bangla Audio Dataset Original and DeepFake Voices for AI-Based Voice Analysis and Detection/Dataset/S9M02/Fake/19.wav,1,MEN,MEN-S9M02,TG:f8229cad7945af39,-10.2265625,1,0.5275000000000001,3.619467e-05
mendeley/extracted/Bangla Audio Dataset Original and DeepFake Voices for AI-Based Voice Analysis and Detection/Dataset/S9M02/Fake/2.wav,1,MEN,MEN-S9M02,TG:9f5c75cf1e6d9913,-5.6210938,1,0.4441666666666667,0.003607617
mendeley/extracted/Bangla Audio Dataset Original and DeepFake Voices for AI-Based Voice Analysis and Detection/Dataset/S9M02/Fake/20.wav,1,MEN,MEN-S9M02,TG:0bf1b90fb03791fa,-0.12561035,1,0.5375,0.4686387
mendeley/extracted/Bangla Audio Dataset Original and DeepFake Voices for AI-Based Voice Analysis and Detection/Dataset/S9M02/Fake/21.wav,1,MEN,MEN-S9M02,TG:70073d516c8e9f1d,-6.9882812,1,0.5341666666666667,0.0009217804
mendeley/extracted/Bangla Audio Dataset Original and DeepFake Voices for AI-Based Voice Analysis and Detection/Dataset/S9M02/Fake/22.wav,1,MEN,MEN-S9M02,TG:287fc53eca67ab9a,5.3359375,1,0.4191666666666667,0.9952077
mendeley/extracted/Bangla Audio Dataset Original and DeepFake Voices for AI-Based Voice Analysis and Detection/Dataset/S9M02/Fake/23.wav,1,MEN,MEN-S9M02,TG:b17d3c4f6988bf6a,1.453125,1,0.3708333333333333,0.81047887
mendeley/extracted/Bangla Audio Dataset Original and DeepFake Voices for AI-Based Voice Analysis and Detection/Dataset/S9M02/Fake/24.wav,1,MEN,MEN-S9M02,TG:a6e0eae4bc3f847b,-4.5664062,1,0.4841666666666666,0.010288302
mendeley/extracted/Bangla Audio Dataset Original and DeepFake Voices for AI-Based Voice Analysis and Detection/Dataset/S9M02/Fake/25.wav,1,MEN,MEN-S9M02,TG:6bab2734c92514f5,1.9257812,1,0.3691666666666666,0.8727817
mendeley/extracted/Bangla Audio Dataset Original and DeepFake Voices for AI-Based Voice Analysis and Detection/Dataset/S9M02/Fake/26.wav,1,MEN,MEN-S9M02,TG:ba75c4dd9af4fab6,-6.5273438,1,0.5491666666666667,0.0014607495
mendeley/extracted/Bangla Audio Dataset Original and DeepFake Voices for AI-Based Voice Analysis and Detection/Dataset/S9M02/Fake/27.wav,1,MEN,MEN-S9M02,TG:caa343756463e508,-2.9570312,1,0.3808333333333333,0.049405243
mendeley/extracted/Bangla Audio Dataset Original and DeepFake Voices for AI-Based Voice Analysis and Detection/Dataset/S9M02/Fake/28.wav,1,MEN,MEN-S9M02,TG:b127dfcabbeceab8,-3.8515625,1,0.5275000000000001,0.02080449
mendeley/extracted/Bangla Audio Dataset Original and DeepFake Voices for AI-Based Voice Analysis and Detection/Dataset/S9M02/Fake/29.wav,1,MEN,MEN-S9M02,TG:eda0f06ce0d96a61,5.1523438,1,0.2791666666666667,0.99424744
mendeley/extracted/Bangla Audio Dataset Original and DeepFake Voices for AI-Based Voice Analysis and Detection/Dataset/S9M02/Fake/3.wav,1,MEN,MEN-S9M02,TG:48c5e1f63ac9492d,-7.265625,1,0.3908333333333333,0.00069867563
mendeley/extracted/Bangla Audio Dataset Original and DeepFake Voices for AI-Based Voice Analysis and Detection/Dataset/S9M02/Fake/30.wav,1,MEN,MEN-S9M02,TG:3ac4acc156291aa7,2.6894531,1,0.3375,0.9364014
mendeley/extracted/Bangla Audio Dataset Original and DeepFake Voices for AI-Based Voice Analysis and Detection/Dataset/S9M02/Fake/4.wav,1,MEN,MEN-S9M02,TG:2d816275c7480a59,7.1875,1,0.3958333333333333,0.9992446
mendeley/extracted/Bangla Audio Dataset Original and DeepFake Voices for AI-Based Voice Analysis and Detection/Dataset/S9M02/Fake/5.wav,1,MEN,MEN-S9M02,TG:db854ce88524c221,9.6171875,1,0.4458333333333333,0.9999335
mendeley/extracted/Bangla Audio Dataset Original and DeepFake Voices for AI-Based Voice Analysis and Detection/Dataset/S9M02/Fake/6.wav,1,MEN,MEN-S9M02,TG:d4d0daa8b1ec3a55,-6.0351562,1,0.5075000000000001,0.002387409
mendeley/extracted/Bangla Audio Dataset Original and DeepFake Voices for AI-Based Voice Analysis and Detection/Dataset/S9M02/Fake/7.wav,1,MEN,MEN-S9M02,TG:eb6e2f32cb4ca057,7.1171875,1,0.4775,0.99918956
mendeley/extracted/Bangla Audio Dataset Original and DeepFake Voices for AI-Based Voice Analysis and Detection/Dataset/S9M02/Fake/8.wav,1,MEN,MEN-S9M02,TG:9e752019d89d3c25,2.9492188,1,0.5091666666666667,0.9502266
mendeley/extracted/Bangla Audio Dataset Original and DeepFake Voices for AI-Based Voice Analysis and Detection/Dataset/S9M02/Fake/9.wav,1,MEN,MEN-S9M02,TG:9d764b1f65847a64,-5.4335938,1,0.4441666666666667,0.0043483814
mendeley/extracted/Bangla Audio Dataset Original and DeepFake Voices for AI-Based Voice Analysis and Detection/Dataset/S9M02/Real/1.wav,0,MEN,MEN-S9M02,TG:263ccbb0d9d4fa76,0.11187744,1,0.4175,0.5279402
mendeley/extracted/Bangla Audio Dataset Original and DeepFake Voices for AI-Based Voice Analysis and Detection/Dataset/S9M02/Real/10.wav,0,MEN,MEN-S9M02,TG:3bfd340f76d8a679,-4.0273438,1,0.3008333333333333,0.017509557
mendeley/extracted/Bangla Audio Dataset Original and DeepFake Voices for AI-Based Voice Analysis and Detection/Dataset/S9M02/Real/11.wav,0,MEN,MEN-S9M02,TG:de90edc1089c941d,-0.87402344,1,0.3175,0.29441777
mendeley/extracted/Bangla Audio Dataset Original and DeepFake Voices for AI-Based Voice Analysis and Detection/Dataset/S9M02/Real/12.wav,0,MEN,MEN-S9M02,TG:a77af9be683053cc,-12.21875,1,0.4341666666666667,4.936989e-06
mendeley/extracted/Bangla Audio Dataset Original and DeepFake Voices for AI-Based Voice Analysis and Detection/Dataset/S9M02/Real/13.wav,0,MEN,MEN-S9M02,TG:d028db732b574cac,6.7421875,1,0.3841666666666666,0.9988213
mendeley/extracted/Bangla Audio Dataset Original and DeepFake Voices for AI-Based Voice Analysis and Detection/Dataset/S9M02/Real/14.wav,0,MEN,MEN-S9M02,TG:4a3012311f6f989c,-9.7890625,1,0.4008333333333334,5.6058285e-05
mendeley/extracted/Bangla Audio Dataset Original and DeepFake Voices for AI-Based Voice Analysis and Detection/Dataset/S9M02/Real/15.wav,0,MEN,MEN-S9M02,TG:25961d92ff260806,5.6171875,1,0.3175,0.99637836
mendeley/extracted/Bangla Audio Dataset Original and DeepFake Voices for AI-Based Voice Analysis and Detection/Dataset/S9M02/Real/16.wav,0,MEN,MEN-S9M02,TG:ad3b41d59e6fcb6e,6.8398438,1,0.3675,0.9989309
mendeley/extracted/Bangla Audio Dataset Original and DeepFake Voices for AI-Based Voice Analysis and Detection/Dataset/S9M02/Real/17.wav,0,MEN,MEN-S9M02,TG:007c8f7195b13372,-6.5,1,0.3841666666666666,0.0015011822
mendeley/extracted/Bangla Audio Dataset Original and DeepFake Voices for AI-Based Voice Analysis and Detection/Dataset/S9M02/Real/18.wav,0,MEN,MEN-S9M02,TG:128b166adf03cd84,8.1171875,1,0.4175,0.9997017
mendeley/extracted/Bangla Audio Dataset Original and DeepFake Voices for AI-Based Voice Analysis and Detection/Dataset/S9M02/Real/19.wav,0,MEN,MEN-S9M02,TG:f8229cad7945af39,-3.3242188,1,0.4008333333333334,0.034749623
mendeley/extracted/Bangla Audio Dataset Original and DeepFake Voices for AI-Based Voice Analysis and Detection/Dataset/S9M02/Real/2.wav,0,MEN,MEN-S9M02,TG:9f5c75cf1e6d9913,-8.6953125,1,0.3508333333333333,0.00016734052
mendeley/extracted/Bangla Audio Dataset Original and DeepFake Voices for AI-Based Voice Analysis and Detection/Dataset/S9M02/Real/20.wav,0,MEN,MEN-S9M02,TG:0bf1b90fb03791fa,-3.7519531,1,0.3508333333333333,0.022933563
mendeley/extracted/Bangla Audio Dataset Original and DeepFake Voices for AI-Based Voice Analysis and Detection/Dataset/S9M02/Real/21.wav,0,MEN,MEN-S9M02,TG:70073d516c8e9f1d,1.7529297,1,0.4341666666666667,0.8523219
mendeley/extracted/Bangla Audio Dataset Original and DeepFake Voices for AI-Based Voice Analysis and Detection/Dataset/S9M02/Real/22.wav,0,MEN,MEN-S9M02,TG:287fc53eca67ab9a,6.0976562,1,0.3508333333333333,0.9977569
mendeley/extracted/Bangla Audio Dataset Original and DeepFake Voices for AI-Based Voice Analysis and Detection/Dataset/S9M02/Real/23.wav,0,MEN,MEN-S9M02,TG:b17d3c4f6988bf6a,-3.3125,1,0.3508333333333333,0.035144843
mendeley/extracted/Bangla Audio Dataset Original and DeepFake Voices for AI-Based Voice Analysis and Detection/Dataset/S9M02/Real/24.wav,0,MEN,MEN-S9M02,TG:a6e0eae4bc3f847b,-6.3203125,1,0.3841666666666666,0.0017961492
mendeley/extracted/Bangla Audio Dataset Original and DeepFake Voices for AI-Based Voice Analysis and Detection/Dataset/S9M02/Real/25.wav,0,MEN,MEN-S9M02,TG:6bab2734c92514f5,7.0507812,1,0.3008333333333333,0.999134
mendeley/extracted/Bangla Audio Dataset Original and DeepFake Voices for AI-Based Voice Analysis and Detection/Dataset/S9M02/Real/26.wav,0,MEN,MEN-S9M02,TG:ba75c4dd9af4fab6,-7.9570312,1,0.3841666666666666,0.0003500686
mendeley/extracted/Bangla Audio Dataset Original and DeepFake Voices for AI-Based Voice Analysis and Detection/Dataset/S9M02/Real/27.wav,0,MEN,MEN-S9M02,TG:caa343756463e508,2.0058594,1,0.3841666666666666,0.8814109
mendeley/extracted/Bangla Audio Dataset Original and DeepFake Voices for AI-Based Voice Analysis and Detection/Dataset/S9M02/Real/28.wav,0,MEN,MEN-S9M02,TG:b127dfcabbeceab8,-6.6132812,1,0.4175,0.0013406205
mendeley/extracted/Bangla Audio Dataset Original and DeepFake Voices for AI-Based Voice Analysis and Detection/Dataset/S9M02/Real/29.wav,0,MEN,MEN-S9M02,TG:eda0f06ce0d96a61,7.8867188,1,0.3341666666666666,0.9996244
mendeley/extracted/Bangla Audio Dataset Original and DeepFake Voices for AI-Based Voice Analysis and Detection/Dataset/S9M02/Real/3.wav,0,MEN,MEN-S9M02,TG:48c5e1f63ac9492d,6.7539062,1,0.3675,0.998835
mendeley/extracted/Bangla Audio Dataset Original and DeepFake Voices for AI-Based Voice Analysis and Detection/Dataset/S9M02/Real/30.wav,0,MEN,MEN-S9M02,TG:3ac4acc156291aa7,7.0585938,1,0.2508333333333333,0.99914074
mendeley/extracted/Bangla Audio Dataset Original and DeepFake Voices for AI-Based Voice Analysis and Detection/Dataset/S9M02/Real/4.wav,0,MEN,MEN-S9M02,TG:2d816275c7480a59,-5.8398438,1,0.3841666666666666,0.0029008575
mendeley/extracted/Bangla Audio Dataset Original and DeepFake Voices for AI-Based Voice Analysis and Detection/Dataset/S9M02/Real/5.wav,0,MEN,MEN-S9M02,TG:db854ce88524c221,1.9423828,1,0.3841666666666666,0.8746137
mendeley/extracted/Bangla Audio Dataset Original and DeepFake Voices for AI-Based Voice Analysis and Detection/Dataset/S9M02/Real/6.wav,0,MEN,MEN-S9M02,TG:d4d0daa8b1ec3a55,7.0703125,1,0.4508333333333333,0.99915075
mendeley/extracted/Bangla Audio Dataset Original and DeepFake Voices for AI-Based Voice Analysis and Detection/Dataset/S9M02/Real/7.wav,0,MEN,MEN-S9M02,TG:eb6e2f32cb4ca057,4.28125,1,0.4008333333333334,0.9863631
mendeley/extracted/Bangla Audio Dataset Original and DeepFake Voices for AI-Based Voice Analysis and Detection/Dataset/S9M02/Real/8.wav,0,MEN,MEN-S9M02,TG:9e752019d89d3c25,5.7578125,1,0.4008333333333334,0.996852
mendeley/extracted/Bangla Audio Dataset Original and DeepFake Voices for AI-Based Voice Analysis and Detection/Dataset/S9M02/Real/9.wav,0,MEN,MEN-S9M02,TG:9d764b1f65847a64,-4.765625,1,0.3841666666666666,0.008445627
mendeley/extracted/Bangla Audio Dataset Original and DeepFake Voices for AI-Based Voice Analysis and Detection/Dataset/S9M04/Fake/1.wav,1,MEN,MEN-S9M04,TG:263ccbb0d9d4fa76,7.4570312,1,0.5591666666666666,0.999423
mendeley/extracted/Bangla Audio Dataset Original and DeepFake Voices for AI-Based Voice Analysis and Detection/Dataset/S9M04/Fake/10.wav,1,MEN,MEN-S9M04,TG:3bfd340f76d8a679,6.7226562,1,0.3141666666666667,0.99879813
mendeley/extracted/Bangla Audio Dataset Original and DeepFake Voices for AI-Based Voice Analysis and Detection/Dataset/S9M04/Fake/11.wav,1,MEN,MEN-S9M04,TG:de90edc1089c941d,2.28125,1,0.4375,0.9073123
mendeley/extracted/Bangla Audio Dataset Original and DeepFake Voices for AI-Based Voice Analysis and Detection/Dataset/S9M04/Fake/12.wav,1,MEN,MEN-S9M04,TG:a77af9be683053cc,-13.578125,1,0.5475,1.2679283e-06
mendeley/extracted/Bangla Audio Dataset Original and DeepFake Voices for AI-Based Voice Analysis and Detection/Dataset/S9M04/Fake/13.wav,1,MEN,MEN-S9M04,TG:d028db732b574cac,1.3984375,1,0.5591666666666666,0.80193585
mendeley/extracted/Bangla Audio Dataset Original and DeepFake Voices for AI-Based Voice Analysis and Detection/Dataset/S9M04/Fake/14.wav,1,MEN,MEN-S9M04,TG:4a3012311f6f989c,-4.0390625,1,0.4875,0.017309096
mendeley/extracted/Bangla Audio Dataset Original and DeepFake Voices for AI-Based Voice Analysis and Detection/Dataset/S9M04/Fake/15.wav,1,MEN,MEN-S9M04,TG:25961d92ff260806,8.421875,1,0.4958333333333333,0.99978
mendeley/extracted/Bangla Audio Dataset Original and DeepFake Voices for AI-Based Voice Analysis and Detection/Dataset/S9M04/Fake/16.wav,1,MEN,MEN-S9M04,TG:ad3b41d59e6fcb6e,2.2304688,1,0.5608333333333333,0.90295243
mendeley/extracted/Bangla Audio Dataset Original and DeepFake Voices for AI-Based Voice Analysis and Detection/Dataset/S9M04/Fake/17.wav,1,MEN,MEN-S9M04,TG:007c8f7195b13372,-6.8789062,1,0.4008333333333334,0.0010282109
mendeley/extracted/Bangla Audio Dataset Original and DeepFake Voices for AI-Based Voice Analysis and Detection/Dataset/S9M04/Fake/18.wav,1,MEN,MEN-S9M04,TG:128b166adf03cd84,3.1699219,1,0.4625,0.9596866
mendeley/extracted/Bangla Audio Dataset Original and DeepFake Voices for AI-Based Voice Analysis and Detection/Dataset/S9M04/Fake/19.wav,1,MEN,MEN-S9M04,TG:f8229cad7945af39,-2.2792969,1,0.4841666666666666,0.09285216
mendeley/extracted/Bangla Audio Dataset Original and DeepFake Voices for AI-Based Voice Analysis and Detection/Dataset/S9M04/Fake/2.wav,1,MEN,MEN-S9M04,TG:9f5c75cf1e6d9913,-3.5976562,1,0.3641666666666666,0.02665774
mendeley/extracted/Bangla Audio Dataset Original and DeepFake Voices for AI-Based Voice Analysis and Detection/Dataset/S9M04/Fake/20.wav,1,MEN,MEN-S9M04,TG:0bf1b90fb03791fa,-6.2578125,1,0.6208333333333333,0.0019117693
mendeley/extracted/Bangla Audio Dataset Original and DeepFake Voices for AI-Based Voice Analysis and Detection/Dataset/S9M04/Fake/21.wav,1,MEN,MEN-S9M04,TG:70073d516c8e9f1d,7.6679688,1,0.5458333333333334,0.9995327
mendeley/extracted/Bangla Audio Dataset Original and DeepFake Voices for AI-Based Voice Analysis and Detection/Dataset/S9M04/Fake/22.wav,1,MEN,MEN-S9M04,TG:287fc53eca67ab9a,4.8242188,1,0.5325,0.9920312
mendeley/extracted/Bangla Audio Dataset Original and DeepFake Voices for AI-Based Voice Analysis and Detection/Dataset/S9M04/Fake/23.wav,1,MEN,MEN-S9M04,TG:b17d3c4f6988bf6a,-6.1328125,1,0.3541666666666666,0.0021657674
mendeley/extracted/Bangla Audio Dataset Original and DeepFake Voices for AI-Based Voice Analysis and Detection/Dataset/S9M04/Fake/24.wav,1,MEN,MEN-S9M04,TG:a6e0eae4bc3f847b,-5.9882812,1,0.5075000000000001,0.0025016966
mendeley/extracted/Bangla Audio Dataset Original and DeepFake Voices for AI-Based Voice Analysis and Detection/Dataset/S9M04/Fake/25.wav,1,MEN,MEN-S9M04,TG:6bab2734c92514f5,1.7158203,1,0.4825,0.84758973
mendeley/extracted/Bangla Audio Dataset Original and DeepFake Voices for AI-Based Voice Analysis and Detection/Dataset/S9M04/Fake/26.wav,1,MEN,MEN-S9M04,TG:ba75c4dd9af4fab6,-10.59375,1,0.5008333333333334,2.5071593e-05
mendeley/extracted/Bangla Audio Dataset Original and DeepFake Voices for AI-Based Voice Analysis and Detection/Dataset/S9M04/Fake/27.wav,1,MEN,MEN-S9M04,TG:caa343756463e508,6.390625,1,0.4625,0.99832565
mendeley/extracted/Bangla Audio Dataset Original and DeepFake Voices for AI-Based Voice Analysis and Detection/Dataset/S9M04/Fake/28.wav,1,MEN,MEN-S9M04,TG:b127dfcabbeceab8,0.4753418,1,0.5191666666666667,0.6166473
mendeley/extracted/Bangla Audio Dataset Original and DeepFake Voices for AI-Based Voice Analysis and Detection/Dataset/S9M04/Fake/29.wav,1,MEN,MEN-S9M04,TG:eda0f06ce0d96a61,-3.46875,1,0.4975,0.030214587
mendeley/extracted/Bangla Audio Dataset Original and DeepFake Voices for AI-Based Voice Analysis and Detection/Dataset/S9M04/Fake/3.wav,1,MEN,MEN-S9M04,TG:48c5e1f63ac9492d,5.7304688,1,0.5075000000000001,0.9967649
mendeley/extracted/Bangla Audio Dataset Original and DeepFake Voices for AI-Based Voice Analysis and Detection/Dataset/S9M04/Fake/30.wav,1,MEN,MEN-S9M04,TG:3ac4acc156291aa7,6.3007812,1,0.3758333333333333,0.99816847
mendeley/extracted/Bangla Audio Dataset Original and DeepFake Voices for AI-Based Voice Analysis and Detection/Dataset/S9M04/Fake/4.wav,1,MEN,MEN-S9M04,TG:2d816275c7480a59,4.6054688,1,0.3791666666666666,0.99010193
mendeley/extracted/Bangla Audio Dataset Original and DeepFake Voices for AI-Based Voice Analysis and Detection/Dataset/S9M04/Fake/5.wav,1,MEN,MEN-S9M04,TG:db854ce88524c221,-2.8085938,1,0.4575,0.05686155
mendeley/extracted/Bangla Audio Dataset Original and DeepFake Voices for AI-Based Voice Analysis and Detection/Dataset/S9M04/Fake/6.wav,1,MEN,MEN-S9M04,TG:d4d0daa8b1ec3a55,1.4052734,1,0.5341666666666667,0.8030194
mendeley/extracted/Bangla Audio Dataset Original and DeepFake Voices for AI-Based Voice Analysis and Detection/Dataset/S9M04/Fake/7.wav,1,MEN,MEN-S9M04,TG:eb6e2f32cb4ca057,-0.91748047,1,0.4575,0.28547156
mendeley/extracted/Bangla Audio Dataset Original and DeepFake Voices for AI-Based Voice Analysis and Detection/Dataset/S9M04/Fake/8.wav,1,MEN,MEN-S9M04,TG:9e752019d89d3c25,7.1054688,1,0.5408333333333333,0.99918
mendeley/extracted/Bangla Audio Dataset Original and DeepFake Voices for AI-Based Voice Analysis and Detection/Dataset/S9M04/Fake/9.wav,1,MEN,MEN-S9M04,TG:9d764b1f65847a64,5.8710938,1,0.4675,0.99718815
mendeley/extracted/Bangla Audio Dataset Original and DeepFake Voices for AI-Based Voice Analysis and Detection/Dataset/S9M04/Real/1.wav,0,MEN,MEN-S9M04,TG:263ccbb0d9d4fa76,-6.9726562,1,0.4341666666666667,0.0009362828
mendeley/extracted/Bangla Audio Dataset Original and DeepFake Voices for AI-Based Voice Analysis and Detection/Dataset/S9M04/Real/10.wav,0,MEN,MEN-S9M04,TG:3bfd340f76d8a679,-4.140625,1,0.3675,0.015663648
mendeley/extracted/Bangla Audio Dataset Original and DeepFake Voices for AI-Based Voice Analysis and Detection/Dataset/S9M04/Real/11.wav,0,MEN,MEN-S9M04,TG:de90edc1089c941d,-12.703125,1,0.4841666666666666,3.0415963e-06
mendeley/extracted/Bangla Audio Dataset Original and DeepFake Voices for AI-Based Voice Analysis and Detection/Dataset/S9M04/Real/12.wav,0,MEN,MEN-S9M04,TG:a77af9be683053cc,-10.6015625,1,0.5008333333333334,2.487649e-05
mendeley/extracted/Bangla Audio Dataset Original and DeepFake Voices for AI-Based Voice Analysis and Detection/Dataset/S9M04/Real/13.wav,0,MEN,MEN-S9M04,TG:d028db732b574cac,-12.390625,1,0.4841666666666666,4.157365e-06
mendeley/extracted/Bangla Audio Dataset Original and DeepFake Voices for AI-Based Voice Analysis and Detection/Dataset/S9M04/Real/14.wav,0,MEN,MEN-S9M04,TG:4a3012311f6f989c,-8.109375,1,0.4508333333333333,0.00030061635
mendeley/extracted/Bangla Audio Dataset Original and DeepFake Voices for AI-Based Voice Analysis and Detection/Dataset/S9M04/Real/15.wav,0,MEN,MEN-S9M04,TG:25961d92ff260806,-0.35620117,1,0.4175,0.4118795
mendeley/extracted/Bangla Audio Dataset Original and DeepFake Voices for AI-Based Voice Analysis and Detection/Dataset/S9M04/Real/16.wav,0,MEN,MEN-S9M04,TG:ad3b41d59e6fcb6e,-11.5234375,1,0.4008333333333334,9.895332e-06
mendeley/extracted/Bangla Audio Dataset Original and DeepFake Voices for AI-Based Voice Analysis and Detection/Dataset/S9M04/Real/17.wav,0,MEN,MEN-S9M04,TG:007c8f7195b13372,-10.109375,1,0.4175,4.0694576e-05
mendeley/extracted/Bangla Audio Dataset Original and DeepFake Voices for AI-Based Voice Analysis and Detection/Dataset/S9M04/Real/18.wav,0,MEN,MEN-S9M04,TG:128b166adf03cd84,-9.4453125,1,0.4508333333333333,7.905304e-05
mendeley/extracted/Bangla Audio Dataset Original and DeepFake Voices for AI-Based Voice Analysis and Detection/Dataset/S9M04/Real/19.wav,0,MEN,MEN-S9M04,TG:f8229cad7945af39,-10.7578125,1,0.4675,2.1278067e-05
mendeley/extracted/Bangla Audio Dataset Original and DeepFake Voices for AI-Based Voice Analysis and Detection/Dataset/S9M04/Real/2.wav,0,MEN,MEN-S9M04,TG:9f5c75cf1e6d9913,-12.1953125,1,0.4508333333333333,5.0540657e-06
mendeley/extracted/Bangla Audio Dataset Original and DeepFake Voices for AI-Based Voice Analysis and Detection/Dataset/S9M04/Real/20.wav,0,MEN,MEN-S9M04,TG:0bf1b90fb03791fa,-12.9609375,1,0.4508333333333333,2.350365e-06
mendeley/extracted/Bangla Audio Dataset Original and DeepFake Voices for AI-Based Voice Analysis and Detection/Dataset/S9M04/Real/21.wav,0,MEN,MEN-S9M04,TG:70073d516c8e9f1d,-14.390625,1,0.4841666666666666,5.6264014e-07
mendeley/extracted/Bangla Audio Dataset Original and DeepFake Voices for AI-Based Voice Analysis and Detection/Dataset/S9M04/Real/22.wav,0,MEN,MEN-S9M04,TG:287fc53eca67ab9a,-5.4726562,1,0.3675,0.0041824942
mendeley/extracted/Bangla Audio Dataset Original and DeepFake Voices for AI-Based Voice Analysis and Detection/Dataset/S9M04/Real/23.wav,0,MEN,MEN-S9M04,TG:b17d3c4f6988bf6a,-11.6171875,1,0.4008333333333334,9.00981e-06
mendeley/extracted/Bangla Audio Dataset Original and DeepFake Voices for AI-Based Voice Analysis and Detection/Dataset/S9M04/Real/24.wav,0,MEN,MEN-S9M04,TG:a6e0eae4bc3f847b,-10.59375,1,0.4841666666666666,2.5071593e-05
mendeley/extracted/Bangla Audio Dataset Original and DeepFake Voices for AI-Based Voice Analysis and Detection/Dataset/S9M04/Real/25.wav,0,MEN,MEN-S9M04,TG:6bab2734c92514f5,-10.0859375,1,0.4508333333333333,4.165958e-05
mendeley/extracted/Bangla Audio Dataset Original and DeepFake Voices for AI-Based Voice Analysis and Detection/Dataset/S9M04/Real/26.wav,0,MEN,MEN-S9M04,TG:ba75c4dd9af4fab6,-16.328125,1,0.5008333333333334,8.1056044e-08
mendeley/extracted/Bangla Audio Dataset Original and DeepFake Voices for AI-Based Voice Analysis and Detection/Dataset/S9M04/Real/27.wav,0,MEN,MEN-S9M04,TG:caa343756463e508,-20.0,1,0.4508333333333333,2.0611535e-09
mendeley/extracted/Bangla Audio Dataset Original and DeepFake Voices for AI-Based Voice Analysis and Detection/Dataset/S9M04/Real/28.wav,0,MEN,MEN-S9M04,TG:b127dfcabbeceab8,-7.5039062,1,0.4508333333333333,0.00055062474
mendeley/extracted/Bangla Audio Dataset Original and DeepFake Voices for AI-Based Voice Analysis and Detection/Dataset/S9M04/Real/29.wav,0,MEN,MEN-S9M04,TG:eda0f06ce0d96a61,-7.40625,1,0.3841666666666666,0.00060707564
mendeley/extracted/Bangla Audio Dataset Original and DeepFake Voices for AI-Based Voice Analysis and Detection/Dataset/S9M04/Real/3.wav,0,MEN,MEN-S9M04,TG:48c5e1f63ac9492d,-0.32861328,1,0.4675,0.4185781
mendeley/extracted/Bangla Audio Dataset Original and DeepFake Voices for AI-Based Voice Analysis and Detection/Dataset/S9M04/Real/30.wav,0,MEN,MEN-S9M04,TG:3ac4acc156291aa7,-17.46875,1,0.4341666666666667,2.5907072e-08
mendeley/extracted/Bangla Audio Dataset Original and DeepFake Voices for AI-Based Voice Analysis and Detection/Dataset/S9M04/Real/4.wav,0,MEN,MEN-S9M04,TG:2d816275c7480a59,-13.6484375,1,0.4508333333333333,1.1818391e-06
mendeley/extracted/Bangla Audio Dataset Original and DeepFake Voices for AI-Based Voice Analysis and Detection/Dataset/S9M04/Real/5.wav,0,MEN,MEN-S9M04,TG:db854ce88524c221,-8.328125,1,0.4341666666666667,0.00024156632
mendeley/extracted/Bangla Audio Dataset Original and DeepFake Voices for AI-Based Voice Analysis and Detection/Dataset/S9M04/Real/6.wav,0,MEN,MEN-S9M04,TG:d4d0daa8b1ec3a55,-10.0390625,1,0.5341666666666667,4.365878e-05
mendeley/extracted/Bangla Audio Dataset Original and DeepFake Voices for AI-Based Voice Analysis and Detection/Dataset/S9M04/Real/7.wav,0,MEN,MEN-S9M04,TG:eb6e2f32cb4ca057,-14.265625,1,0.5175000000000001,6.3755476e-07
mendeley/extracted/Bangla Audio Dataset Original and DeepFake Voices for AI-Based Voice Analysis and Detection/Dataset/S9M04/Real/8.wav,0,MEN,MEN-S9M04,TG:9e752019d89d3c25,-11.3828125,1,0.4841666666666666,1.138944e-05
mendeley/extracted/Bangla Audio Dataset Original and DeepFake Voices for AI-Based Voice Analysis and Detection/Dataset/S9M04/Real/9.wav,0,MEN,MEN-S9M04,TG:9d764b1f65847a64,-9.1328125,1,0.4841666666666666,0.000108049564
mendeley/extracted/Bangla Audio Dataset Original and DeepFake Voices for AI-Based Voice Analysis and Detection/Dataset/S9M05/Fake/1.wav,1,MEN,MEN-S9M05,TG:263ccbb0d9d4fa76,-6.2773438,1,0.3941666666666666,0.0018748617
mendeley/extracted/Bangla Audio Dataset Original and DeepFake Voices for AI-Based Voice Analysis and Detection/Dataset/S9M05/Fake/10.wav,1,MEN,MEN-S9M05,TG:3bfd340f76d8a679,-3.4492188,1,0.2841666666666667,0.030792167
mendeley/extracted/Bangla Audio Dataset Original and DeepFake Voices for AI-Based Voice Analysis and Detection/Dataset/S9M05/Fake/11.wav,1,MEN,MEN-S9M05,TG:de90edc1089c941d,-7.1601562,1,0.4375,0.00077632995
mendeley/extracted/Bangla Audio Dataset Original and DeepFake Voices for AI-Based Voice Analysis and Detection/Dataset/S9M05/Fake/12.wav,1,MEN,MEN-S9M05,TG:a77af9be683053cc,-7.4375,1,0.5241666666666667,0.00058840885
mendeley/extracted/Bangla Audio Dataset Original and DeepFake Voices for AI-Based Voice Analysis and Detection/Dataset/S9M05/Fake/13.wav,1,MEN,MEN-S9M05,TG:d028db732b574cac,-7.953125,1,0.4858333333333333,0.00035143827
mendeley/extracted/Bangla Audio Dataset Original and DeepFake Voices for AI-Based Voice Analysis and Detection/Dataset/S9M05/Fake/14.wav,1,MEN,MEN-S9M05,TG:4a3012311f6f989c,4.0117188,1,0.5541666666666667,0.9822196
mendeley/extracted/Bangla Audio Dataset Original and DeepFake Voices for AI-Based Voice Analysis and Detection/Dataset/S9M05/Fake/15.wav,1,MEN,MEN-S9M05,TG:25961d92ff260806,2.5390625,1,0.3558333333333333,0.92683524
mendeley/extracted/Bangla Audio Dataset Original and DeepFake Voices for AI-Based Voice Analysis and Detection/Dataset/S9M05/Fake/16.wav,1,MEN,MEN-S9M05,TG:ad3b41d59e6fcb6e,4.3984375,1,0.5058333333333334,0.9878528
mendeley/extracted/Bangla Audio Dataset Original and DeepFake Voices for AI-Based Voice Analysis and Detection/Dataset/S9M05/Fake/17.wav,1,MEN,MEN-S9M05,TG:007c8f7195b13372,-3.2558594,1,0.4608333333333333,0.03711691
mendeley/extracted/Bangla Audio Dataset Original and DeepFake Voices for AI-Based Voice Analysis and Detection/Dataset/S9M05/Fake/18.wav,1,MEN,MEN-S9M05,TG:128b166adf03cd84,-0.8720703,1,0.4875,0.2948237
mendeley/extracted/Bangla Audio Dataset Original and DeepFake Voices for AI-Based Voice Analysis and Detection/Dataset/S9M05/Fake/19.wav,1,MEN,MEN-S9M05,TG:f8229cad7945af39,-8.5625,1,0.5491666666666667,0.00019110431
mendeley/extracted/Bangla Audio Dataset Original and DeepFake Voices for AI-Based Voice Analysis and Detection/Dataset/S9M05/Fake/2.wav,1,MEN,MEN-S9M05,TG:9f5c75cf1e6d9913,-2.4550781,1,0.4475,0.07906799
mendeley/extracted/Bangla Audio Dataset Original and DeepFake Voices for AI-Based Voice Analysis and Detection/Dataset/S9M05/Fake/20.wav,1,MEN,MEN-S9M05,TG:0bf1b90fb03791fa,-6.3710938,1,0.4858333333333333,0.0017073674
mendeley/extracted/Bangla Audio Dataset Original and DeepFake Voices for AI-Based Voice Analysis and Detection/Dataset/S9M05/Fake/21.wav,1,MEN,MEN-S9M05,TG:70073d516c8e9f1d,2.6601562,1,0.5375,0.93463427
mendeley/extracted/Bangla Audio Dataset Original and DeepFake Voices for AI-Based Voice Analysis and Detection/Dataset/S9M05/Fake/22.wav,1,MEN,MEN-S9M05,TG:287fc53eca67ab9a,5.0703125,1,0.4391666666666667,0.9937588
mendeley/extracted/Bangla Audio Dataset Original and DeepFake Voices for AI-Based Voice Analysis and Detection/Dataset/S9M05/Fake/23.wav,1,MEN,MEN-S9M05,TG:b17d3c4f6988bf6a,-3.9453125,1,0.3991666666666666,0.018978039
mendeley/extracted/Bangla Audio Dataset Original and DeepFake Voices for AI-Based Voice Analysis and Detection/Dataset/S9M05/Fake/24.wav,1,MEN,MEN-S9M05,TG:a6e0eae4bc3f847b,-7.1015625,1,0.4575,0.00082313863
mendeley/extracted/Bangla Audio Dataset Original and DeepFake Voices for AI-Based Voice Analysis and Detection/Dataset/S9M05/Fake/25.wav,1,MEN,MEN-S9M05,TG:6bab2734c92514f5,-0.3713379,1,0.4024999999999999,0.4082178
mendeley/extracted/Bangla Audio Dataset Original and DeepFake Voices for AI-Based Voice Analysis and Detection/Dataset/S9M05/Fake/26.wav,1,MEN,MEN-S9M05,TG:ba75c4dd9af4fab6,0.26171875,1,0.4975,0.56505877
mendeley/extracted/Bangla Audio Dataset Original and DeepFake Voices for AI-Based Voice Analysis and Detection/Dataset/S9M05/Fake/27.wav,1,MEN,MEN-S9M05,TG:caa343756463e508,-11.0625,1,0.3824999999999999,1.568955e-05
mendeley/extracted/Bangla Audio Dataset Original and DeepFake Voices for AI-Based Voice Analysis and Detection/Dataset/S9M05/Fake/28.wav,1,MEN,MEN-S9M05,TG:b127dfcabbeceab8,-9.9140625,1,0.5608333333333333,4.947159e-05
mendeley/extracted/Bangla Audio Dataset Original and DeepFake Voices for AI-Based Voice Analysis and Detection/Dataset/S9M05/Fake/29.wav,1,MEN,MEN-S9M05,TG:eda0f06ce0d96a61,-0.7519531,1,0.3558333333333333,0.3203959
mendeley/extracted/Bangla Audio Dataset Original and DeepFake Voices for AI-Based Voice Analysis and Detection/Dataset/S9M05/Fake/3.wav,1,MEN,MEN-S9M05,TG:48c5e1f63ac9492d,-10.984375,1,0.3808333333333333,1.6964426e-05
mendeley/extracted/Bangla Audio Dataset Original and DeepFake Voices for AI-Based Voice Analysis and Detection/Dataset/S9M05/Fake/30.wav,1,MEN,MEN-S9M05,TG:3ac4acc156291aa7,-1.2216797,1,0.3341666666666666,0.227641
mendeley/extracted/Bangla Audio Dataset Original and DeepFake Voices for AI-Based Voice Analysis and Detection/Dataset/S9M05/Fake/4.wav,1,MEN,MEN-S9M05,TG:2d816275c7480a59,3.6308594,1,0.3508333333333333,0.97419035
mendeley/extracted/Bangla Audio Dataset Original and DeepFake Voices for AI-Based Voice Analysis and Detection/Dataset/S9M05/Fake/5.wav,1,MEN,MEN-S9M05,TG:db854ce88524c221,-3.671875,1,0.4275,0.024798157
mendeley/extracted/Bangla Audio Dataset Original and DeepFake Voices for AI-Based Voice Analysis and Detection/Dataset/S9M05/Fake/6.wav,1,MEN,MEN-S9M05,TG:d4d0daa8b1ec3a55,-5.234375,1,0.5425,0.005301895
mendeley/extracted/Bangla Audio Dataset Original and DeepFake Voices for AI-Based Voice Analysis and Detection/Dataset/S9M05/Fake/7.wav,1,MEN,MEN-S9M05,TG:eb6e2f32cb4ca057,-1.5439453,1,0.5308333333333333,0.17596248
mendeley/extracted/Bangla Audio Dataset Original and DeepFake Voices for AI-Based Voice Analysis and Detection/Dataset/S9M05/Fake/8.wav,1,MEN,MEN-S9M05,TG:9e752019d89d3c25,-5.890625,1,0.4175,0.0027576222
mendeley/extracted/Bangla Audio Dataset Original and DeepFake Voices for AI-Based Voice Analysis and Detection/Dataset/S9M05/Fake/9.wav,1,MEN,MEN-S9M05,TG:9d764b1f65847a64,-0.41430664,1,0.4358333333333333,0.39787996
mendeley/extracted/Bangla Audio Dataset Original and DeepFake Voices for AI-Based Voice Analysis and Detection/Dataset/S9M05/Real/1.wav,0,MEN,MEN-S9M05,TG:263ccbb0d9d4fa76,-5.0195312,1,0.4175,0.0065642493
mendeley/extracted/Bangla Audio Dataset Original and DeepFake Voices for AI-Based Voice Analysis and Detection/Dataset/S9M05/Real/10.wav,0,MEN,MEN-S9M05,TG:3bfd340f76d8a679,-6.0117188,1,0.4008333333333334,0.0024438868
mendeley/extracted/Bangla Audio Dataset Original and DeepFake Voices for AI-Based Voice Analysis and Detection/Dataset/S9M05/Real/11.wav,0,MEN,MEN-S9M05,TG:de90edc1089c941d,-8.8984375,1,0.4508333333333333,0.00013658353
mendeley/extracted/Bangla Audio Dataset Original and DeepFake Voices for AI-Based Voice Analysis and Detection/Dataset/S9M05/Real/12.wav,0,MEN,MEN-S9M05,TG:a77af9be683053cc,-11.3046875,1,0.5175000000000001,1.2314909e-05
mendeley/extracted/Bangla Audio Dataset Original and DeepFake Voices for AI-Based Voice Analysis and Detection/Dataset/S9M05/Real/13.wav,0,MEN,MEN-S9M05,TG:d028db732b574cac,-4.9492188,1,0.4175,0.0070390454
mendeley/extracted/Bangla Audio Dataset Original and DeepFake Voices for AI-Based Voice Analysis and Detection/Dataset/S9M05/Real/14.wav,0,MEN,MEN-S9M05,TG:4a3012311f6f989c,-10.1484375,1,0.5341666666666667,3.9135655e-05
mendeley/extracted/Bangla Audio Dataset Original and DeepFake Voices for AI-Based Voice Analysis and Detection/Dataset/S9M05/Real/15.wav,0,MEN,MEN-S9M05,TG:25961d92ff260806,-5.5976562,1,0.3675,0.003692853
mendeley/extracted/Bangla Audio Dataset Original and DeepFake Voices for AI-Based Voice Analysis and Detection/Dataset/S9M05/Real/16.wav,0,MEN,MEN-S9M05,TG:ad3b41d59e6fcb6e,-5.765625,1,0.4841666666666666,0.0031236485
mendeley/extracted/Bangla Audio Dataset Original and DeepFake Voices for AI-Based Voice Analysis and Detection/Dataset/S9M05/Real/17.wav,0,MEN,MEN-S9M05,TG:007c8f7195b13372,-5.6953125,1,0.5008333333333334,0.0033504236
mendeley/extracted/Bangla Audio Dataset Original and DeepFake Voices for AI-Based Voice Analysis and Detection/Dataset/S9M05/Real/18.wav,0,MEN,MEN-S9M05,TG:128b166adf03cd84,-3.7558594,1,0.4841666666666666,0.0228462
mendeley/extracted/Bangla Audio Dataset Original and DeepFake Voices for AI-Based Voice Analysis and Detection/Dataset/S9M05/Real/19.wav,0,MEN,MEN-S9M05,TG:f8229cad7945af39,-11.984375,1,0.4175,6.2409304e-06
mendeley/extracted/Bangla Audio Dataset Original and DeepFake Voices for AI-Based Voice Analysis and Detection/Dataset/S9M05/Real/2.wav,0,MEN,MEN-S9M05,TG:9f5c75cf1e6d9913,-5.8515625,1,0.4341666666666667,0.0028671585
mendeley/extracted/Bangla Audio Dataset Original and DeepFake Voices for AI-Based Voice Analysis and Detection/Dataset/S9M05/Real/20.wav,0,MEN,MEN-S9M05,TG:0bf1b90fb03791fa,-13.8671875,1,0.4175,9.496347e-07
mendeley/extracted/Bangla Audio Dataset Original and DeepFake Voices for AI-Based Voice Analysis and Detection/Dataset/S9M05/Real/21.wav,0,MEN,MEN-S9M05,TG:70073d516c8e9f1d,-11.4765625,1,0.4841666666666666,1.0370214e-05
mendeley/extracted/Bangla Audio Dataset Original and DeepFake Voices for AI-Based Voice Analysis and Detection/Dataset/S9M05/Real/22.wav,0,MEN,MEN-S9M05,TG:287fc53eca67ab9a,-6.3789062,1,0.3841666666666666,0.0016941034
mendeley/extracted/Bangla Audio Dataset Original and DeepFake Voices for AI-Based Voice Analysis and Detection/Dataset/S9M05/Real/23.wav,0,MEN,MEN-S9M05,TG:b17d3c4f6988bf6a,-11.6015625,1,0.3675,9.151693e-06
mendeley/extracted/Bangla Audio Dataset Original and DeepFake Voices for AI-Based Voice Analysis and Detection/Dataset/S9M05/Real/24.wav,0,MEN,MEN-S9M05,TG:a6e0eae4bc3f847b,-0.84277344,1,0.4508333333333333,0.300951
mendeley/extracted/Bangla Audio Dataset Original and DeepFake Voices for AI-Based Voice Analysis and Detection/Dataset/S9M05/Real/25.wav,0,MEN,MEN-S9M05,TG:6bab2734c92514f5,-9.7890625,1,0.3841666666666666,5.6058285e-05
mendeley/extracted/Bangla Audio Dataset Original and DeepFake Voices for AI-Based Voice Analysis and Detection/Dataset/S9M05/Real/26.wav,0,MEN,MEN-S9M05,TG:ba75c4dd9af4fab6,-11.578125,1,0.4508333333333333,9.368717e-06
mendeley/extracted/Bangla Audio Dataset Original and DeepFake Voices for AI-Based Voice Analysis and Detection/Dataset/S9M05/Real/27.wav,0,MEN,MEN-S9M05,TG:caa343756463e508,-6.296875,1,0.3841666666666666,0.0018386652
mendeley/extracted/Bangla Audio Dataset Original and DeepFake Voices for AI-Based Voice Analysis and Detection/Dataset/S9M05/Real/28.wav,0,MEN,MEN-S9M05,TG:b127dfcabbeceab8,-8.1328125,1,0.4341666666666667,0.00029365462
mendeley/extracted/Bangla Audio Dataset Original and DeepFake Voices for AI-Based Voice Analysis and Detection/Dataset/S9M05/Real/29.wav,0,MEN,MEN-S9M05,TG:eda0f06ce0d96a61,-6.6289062,1,0.4675,0.0013198635
mendeley/extracted/Bangla Audio Dataset Original and DeepFake Voices for AI-Based Voice Analysis and Detection/Dataset/S9M05/Real/3.wav,0,MEN,MEN-S9M05,TG:48c5e1f63ac9492d,-6.2695312,1,0.5008333333333334,0.0018895386
mendeley/extracted/Bangla Audio Dataset Original and DeepFake Voices for AI-Based Voice Analysis and Detection/Dataset/S9M05/Real/30.wav,0,MEN,MEN-S9M05,TG:3ac4acc156291aa7,-6.4765625,1,0.3841666666666666,0.0015367272
mendeley/extracted/Bangla Audio Dataset Original and DeepFake Voices for AI-Based Voice Analysis and Detection/Dataset/S9M05/Real/4.wav,0,MEN,MEN-S9M05,TG:2d816275c7480a59,-6.9765625,1,0.4341666666666667,0.00093263603
mendeley/extracted/Bangla Audio Dataset Original and DeepFake Voices for AI-Based Voice Analysis and Detection/Dataset/S9M05/Real/5.wav,0,MEN,MEN-S9M05,TG:db854ce88524c221,-7.8085938,1,0.4841666666666666,0.00040606395
mendeley/extracted/Bangla Audio Dataset Original and DeepFake Voices for AI-Based Voice Analysis and Detection/Dataset/S9M05/Real/6.wav,0,MEN,MEN-S9M05,TG:d4d0daa8b1ec3a55,-8.8359375,1,0.6008333333333333,0.00014539114
mendeley/extracted/Bangla Audio Dataset Original and DeepFake Voices for AI-Based Voice Analysis and Detection/Dataset/S9M05/Real/7.wav,0,MEN,MEN-S9M05,TG:eb6e2f32cb4ca057,-10.765625,1,0.4175,2.1112483e-05
mendeley/extracted/Bangla Audio Dataset Original and DeepFake Voices for AI-Based Voice Analysis and Detection/Dataset/S9M05/Real/8.wav,0,MEN,MEN-S9M05,TG:9e752019d89d3c25,-7.0703125,1,0.5341666666666667,0.00084924564
mendeley/extracted/Bangla Audio Dataset Original and DeepFake Voices for AI-Based Voice Analysis and Detection/Dataset/S9M05/Real/9.wav,0,MEN,MEN-S9M05,TG:9d764b1f65847a64,-8.8359375,1,0.4841666666666666,0.00014539114
