audio_path,label,dataset_id,speaker_id,text_group,score,n_windows,max_pad_fraction,prob_spoof
mendeley/extracted/Bangla Audio Dataset Original and DeepFake Voices for AI-Based Voice Analysis and Detection/Dataset/S10F03/Fake/1.wav,1,MEN,MEN-S10F03,TG:d3ce29150919b0bf,-7.7460938,1,0.1691666666666667,0.0004322415
mendeley/extracted/Bangla Audio Dataset Original and DeepFake Voices for AI-Based Voice Analysis and Detection/Dataset/S10F03/Fake/10.wav,1,MEN,MEN-S10F03,TG:2053513ab857e64b,15.0078125,1,0.3858333333333333,0.99999964
mendeley/extracted/Bangla Audio Dataset Original and DeepFake Voices for AI-Based Voice Analysis and Detection/Dataset/S10F03/Fake/11.wav,1,MEN,MEN-S10F03,TG:2557d7be6d06171f,8.8671875,1,0.3225,0.9998591
mendeley/extracted/Bangla Audio Dataset Original and DeepFake Voices for AI-Based Voice Analysis and Detection/Dataset/S10F03/Fake/12.wav,1,MEN,MEN-S10F03,TG:1ad78c16e9f1fa18,-2.6894531,1,0.4675,0.06359857
mendeley/extracted/Bangla Audio Dataset Original and DeepFake Voices for AI-Based Voice Analysis and Detection/Dataset/S10F03/Fake/13.wav,1,MEN,MEN-S10F03,TG:8755d96808d69cf8,5.8320312,1,0.4141666666666667,0.9970765
mendeley/extracted/Bangla Audio Dataset Original and DeepFake Voices for AI-Based Voice Analysis and Detection/Dataset/S10F03/Fake/14.wav,1,MEN,MEN-S10F03,TG:a752f9ff5f43a780,4.5390625,1,0.4508333333333333,0.98942953
mendeley/extracted/Bangla Audio Dataset Original and DeepFake Voices for AI-Based Voice Analysis and Detection/Dataset/S10F03/Fake/15.wav,1,MEN,MEN-S10F03,TG:87dc8ea01461476e,-2.0097656,1,0.4358333333333333,0.11818141
mendeley/extracted/Bangla Audio Dataset Original and DeepFake Voices for AI-Based Voice Analysis and Detection/Dataset/S10F03/Fake/16.wav,1,MEN,MEN-S10F03,TG:a161442acecd244f,10.3203125,1,0.2741666666666666,0.9999671
mendeley/extracted/Bangla Audio Dataset Original and DeepFake Voices for AI-Based Voice Analysis and Detection/Dataset/S10F03/Fake/17.wav,1,MEN,MEN-S10F03,TG:03f064fdfaf1ab36,9.015625,1,0.3974999999999999,0.9998785
mendeley/extracted/Bangla Audio Dataset Original and DeepFake Voices for AI-Based Voice Analysis and Detection/Dataset/S10F03/Fake/18.wav,1,MEN,MEN-S10F03,TG:b94d39ca30d8b003,-7.7070312,1,0.4141666666666667,0.00044945232
mendeley/extracted/Bangla Audio Dataset Original and DeepFake Voices for AI-Based Voice Analysis and Detection/Dataset/S10F03/Fake/19.wav,1,MEN,MEN-S10F03,TG:292f77d0836ad383,5.2773438,1,0.4875,0.99491996
mendeley/extracted/Bangla Audio Dataset Original and DeepFake Voices for AI-Based Voice Analysis and Detection/Dataset/S10F03/Fake/2.wav,1,MEN,MEN-S10F03,TG:777323a77bbfb0f1,10.8359375,1,0.4108333333333334,0.99998033
mendeley/extracted/Bangla Audio Dataset Original and DeepFake Voices for AI-Based Voice Analysis and Detection/Dataset/S10F03/Fake/20.wav,1,MEN,MEN-S10F03,TG:d7eb7bfa4ea54586,13.46875,1,0.3308333333333333,0.99999857
mendeley/extracted/Bangla Audio Dataset Original and DeepFake Voices for AI-Based Voice Analysis and Detection/Dataset/S10F03/Fake/21.wav,1,MEN,MEN-S10F03,TG:a76e4f06cf107f94,5.2617188,1,0.4508333333333333,0.9948403
mendeley/extracted/Bangla Audio Dataset Original and DeepFake Voices for AI-Based Voice Analysis and Detection/Dataset/S10F03/Fake/22.wav,1,MEN,MEN-S10F03,TG:0eb06cb4db7fa33d,17.65625,1,0.4541666666666667,1.0
mendeley/extracted/Bangla Audio Dataset Original and DeepFake Voices for AI-Based Voice Analysis and Detection/Dataset/S10F03/Fake/23.wav,1,MEN,MEN-S10F03,TG:411b82bee58b8a11,16.78125,1,0.4808333333333333,1.0
mendeley/extracted/Bangla Audio Dataset Original and DeepFake Voices for AI-Based Voice Analysis and Detection/Dataset/S10F03/Fake/24.wav,1,MEN,MEN-S10F03,TG:2d6549bed8663a0e,6.140625,1,0.4358333333333333,0.997851
mendeley/extracted/Bangla Audio Dataset Original and DeepFake Voices for AI-Based Voice Analysis and Detection/Dataset/S10F03/Fake/25.wav,1,MEN,MEN-S10F03,TG:f9f8fdb09d02dc4f,25.453125,1,0.5441666666666667,1.0
mendeley/extracted/Bangla Audio Dataset Original and DeepFake Voices for AI-Based Voice Analysis and Detection/Dataset/S10F03/Fake/26.wav,1,MEN,MEN-S10F03,TG:d21f1014c15ffac8,10.9375,1,0.4308333333333333,0.99998224
mendeley/extracted/Bangla Audio Dataset Original and DeepFake Voices for AI-Based Voice Analysis and Detection/Dataset/S10F03/Fake/27.wav,1,MEN,MEN-S10F03,TG:93a66da769492799,-5.296875,1,0.3874999999999999,0.00498227
mendeley/extracted/Bangla Audio Dataset Original and DeepFake Voices for AI-Based Voice Analysis and Detection/Dataset/S10F03/Fake/28.wav,1,MEN,MEN-S10F03,TG:65c7f26c8f16369d,3.6757812,1,0.2041666666666667,0.97529614
mendeley/extracted/Bangla Audio Dataset Original and DeepFake Voices for AI-Based Voice Analysis and Detection/Dataset/S10F03/Fake/29.wav,1,MEN,MEN-S10F03,TG:bcb64741cfa3e7b8,-1.3730469,1,0.4725,0.20212804
mendeley/extracted/Bangla Audio Dataset Original and DeepFake Voices for AI-Based Voice Analysis and Detection/Dataset/S10F03/Fake/3.wav,1,MEN,MEN-S10F03,TG:e3d1f199eb45a8bb,8.171875,1,0.4091666666666667,0.99971753
mendeley/extracted/Bangla Audio Dataset Original and DeepFake Voices for AI-Based Voice Analysis and Detection/Dataset/S10F03/Fake/30.wav,1,MEN,MEN-S10F03,TG:d1cbe39bd9b59ac2,19.546875,1,0.3658333333333333,1.0
mendeley/extracted/Bangla Audio Dataset Original and DeepFake Voices for AI-Based Voice Analysis and Detection/Dataset/S10F03/Fake/4.wav,1,MEN,MEN-S10F03,TG:4cfc5f39575a38c2,18.8125,1,0.5541666666666667,1.0
mendeley/extracted/Bangla Audio Dataset Original and DeepFake Voices for AI-Based Voice Analysis and Detection/Dataset/S10F03/Fake/5.wav,1,MEN,MEN-S10F03,TG:1599e574af42cfa4,1.9902344,1,0.4408333333333333,0.8797679
mendeley/extracted/Bangla Audio Dataset Original and DeepFake Voices for AI-Based Voice Analysis and Detection/Dataset/S10F03/Fake/6.wav,1,MEN,MEN-S10F03,TG:ab19869b4d329944,6.9726562,1,0.3641666666666666,0.9990638
mendeley/extracted/Bangla Audio Dataset Original and DeepFake Voices for AI-Based Voice Analysis and Detection/Dataset/S10F03/Fake/7.wav,1,MEN,MEN-S10F03,TG:ded1f5c9728375f6,16.796875,1,0.6291666666666667,1.0
mendeley/extracted/Bangla Audio Dataset Original and DeepFake Voices for AI-Based Voice Analysis and Detection/Dataset/S10F03/Fake/8.wav,1,MEN,MEN-S10F03,TG:caa70121004273c9,4.8476562,1,0.5575,0.9922144
mendeley/extracted/Bangla Audio Dataset Original and DeepFake Voices for AI-Based Voice Analysis and Detection/Dataset/S10F03/Fake/9.wav,1,MEN,MEN-S10F03,TG:e45efc4bac420645,-17.84375,1,0.3708333333333333,1.7805652e-08
mendeley/extracted/Bangla Audio Dataset Original and DeepFake Voices for AI-Based Voice Analysis and Detection/Dataset/S10F03/Real/1.wav,0,MEN,MEN-S10F03,TG:d3ce29150919b0bf,-4.359375,1,0.3675,0.012624949
mendeley/extracted/Bangla Audio Dataset Original and DeepFake Voices for AI-Based Voice Analysis and Detection/Dataset/S10F03/Real/10.wav,0,MEN,MEN-S10F03,TG:2053513ab857e64b,-10.3984375,1,0.3841666666666666,3.0479145e-05
mendeley/extracted/Bangla Audio Dataset Original and DeepFake Voices for AI-Based Voice Analysis and Detection/Dataset/S10F03/Real/11.wav,0,MEN,MEN-S10F03,TG:2557d7be6d06171f,-19.6875,1,0.4841666666666666,2.8172629e-09
mendeley/extracted/Bangla Audio Dataset Original and DeepFake Voices for AI-Based Voice Analysis and Detection/Dataset/S10F03/Real/12.wav,0,MEN,MEN-S10F03,TG:1ad78c16e9f1fa18,-6.2734375,1,0.4341666666666667,0.001882186
mendeley/extracted/Bangla Audio Dataset Original and DeepFake Voices for AI-Based Voice Analysis and Detection/Dataset/S10F03/Real/13.wav,0,MEN,MEN-S10F03,TG:8755d96808d69cf8,-0.039794922,1,0.4675,0.49005255
mendeley/extracted/Bangla Audio Dataset Original and DeepFake Voices for AI-Based Voice Analysis and Detection/Dataset/S10F03/Real/14.wav,0,MEN,MEN-S10F03,TG:a752f9ff5f43a780,14.390625,1,0.4508333333333333,0.9999994
mendeley/extracted/Bangla Audio Dataset Original and DeepFake Voices for AI-Based Voice Analysis and Detection/Dataset/S10F03/Real/15.wav,0,MEN,MEN-S10F03,TG:87dc8ea01461476e,-2.6445312,1,0.4008333333333334,0.06632687
mendeley/extracted/Bangla Audio Dataset Original and DeepFake Voices for AI-Based Voice Analysis and Detection/Dataset/S10F03/Real/16.wav,0,MEN,MEN-S10F03,TG:a161442acecd244f,-10.1640625,1,0.3675,3.8528935e-05
mendeley/extracted/Bangla Audio Dataset Original and DeepFake Voices for AI-Based Voice Analysis and Detection/Dataset/S10F03/Real/17.wav,0,MEN,MEN-S10F03,TG:03f064fdfaf1ab36,4.0742188,1,0.4341666666666667,0.98327893
mendeley/extracted/Bangla Audio Dataset Original and DeepFake Voices for AI-Based Voice Analysis and Detection/Dataset/S10F03/Real/18.wav,0,MEN,MEN-S10F03,TG:b94d39ca30d8b003,-27.828125,1,0.4008333333333334,8.2110534e-13
mendeley/extracted/Bangla Audio Dataset Original and DeepFake Voices for AI-Based Voice Analysis and Detection/Dataset/S10F03/Real/19.wav,0,MEN,MEN-S10F03,TG:292f77d0836ad383,-6.7421875,1,0.4841666666666666,0.001178672
mendeley/extracted/Bangla Audio Dataset Original and DeepFake Voices for AI-Based Voice Analysis and Detection/Dataset/S10F03/Real/2.wav,0,MEN,MEN-S10F03,TG:777323a77bbfb0f1,-4.4296875,1,0.4008333333333334,0.011777843
mendeley/extracted/Bangla Audio Dataset Original and DeepFake Voices for AI-Based Voice Analysis and Detection/Dataset/S10F03/Real/20.wav,0,MEN,MEN-S10F03,TG:d7eb7bfa4ea54586,21.765625,1,0.3841666666666666,1.0
mendeley/extracted/Bangla Audio Dataset Original and DeepFake Voices for AI-Based Voice Analysis and Detection/Dataset/S10F03/Real/21.wav,0,MEN,MEN-S10F03,TG:a76e4f06cf107f94,4.3710938,1,0.4341666666666667,0.98752034
mendeley/extracted/Bangla Audio Dataset Original and DeepFake Voices for AI-Based Voice Analysis and Detection/Dataset/S10F03/Real/22.wav,0,MEN,MEN-S10F03,TG:0eb06cb4db7fa33d,8.796875,1,0.4841666666666666,0.99984884
mendeley/extracted/Bangla Audio Dataset Original and DeepFake Voices for AI-Based Voice Analysis and Detection/Dataset/S10F03/Real/23.wav,0,MEN,MEN-S10F03,TG:411b82bee58b8a11,-12.4140625,1,0.4191666666666667,4.0610603e-06
mendeley/extracted/Bangla Audio Dataset Original and DeepFake Voices for AI-Based Voice Analysis and Detection/Dataset/S10F03/Real/24.wav,0,MEN,MEN-S10F03,TG:2d6549bed8663a0e,6.0703125,1,0.4508333333333333,0.9976949
mendeley/extracted/Bangla Audio Dataset Original and DeepFake Voices for AI-Based Voice Analysis and Detection/Dataset/S10F03/Real/25.wav,0,MEN,MEN-S10F03,TG:f9f8fdb09d02dc4f,5.5859375,1,0.4508333333333333,0.9962638
mendeley/extracted/Bangla Audio Dataset Original and DeepFake Voices for AI-Based Voice Analysis and Detection/Dataset/S10F03/Real/26.wav,0,MEN,MEN-S10F03,TG:d21f1014c15ffac8,-11.1484375,1,0.3675,1.4397558e-05
mendeley/extracted/Bangla Audio Dataset Original and DeepFake Voices for AI-Based Voice Analysis and Detection/Dataset/S10F03/Real/27.wav,0,MEN,MEN-S10F03,TG:93a66da769492799,-7.9375,1,0.4175,0.00035697065
mendeley/extracted/Bangla Audio Dataset Original and DeepFake Voices for AI-Based Voice Analysis and Detection/Dataset/S10F03/Real/28.wav,0,MEN,MEN-S10F03,TG:65c7f26c8f16369d,2.4238281,1,0.4508333333333333,0.9186264
mendeley/extracted/Bangla Audio Dataset Original and DeepFake Voices for AI-Based Voice Analysis and Detection/Dataset/S10F03/Real/29.wav,0,MEN,MEN-S10F03,TG:bcb64741cfa3e7b8,-12.265625,1,0.5008333333333334,4.710909e-06
mendeley/extracted/Bangla Audio Dataset Original and DeepFake Voices for AI-Based Voice Analysis and Detection/Dataset/S10F03/Real/3.wav,0,MEN,MEN-S10F03,TG:e3d1f199eb45a8bb,6.4882812,1,0.4008333333333334,0.9984812
mendeley/extracted/Bangla Audio Dataset Original and DeepFake Voices for AI-Based Voice Analysis and Detection/Dataset/S10F03/Real/30.wav,0,MEN,MEN-S10F03,TG:d1cbe39bd9b59ac2,1.921875,1,0.4008333333333334,0.87234735
mendeley/extracted/Bangla Audio Dataset Original and DeepFake Voices for AI-Based Voice Analysis and Detection/Dataset/S10F03/Real/4.wav,0,MEN,MEN-S10F03,TG:4cfc5f39575a38c2,-2.9902344,1,0.4175,0.047869008
mendeley/extracted/Bangla Audio Dataset Original and DeepFake Voices for AI-Based Voice Analysis and Detection/Dataset/S10F03/Real/5.wav,0,MEN,MEN-S10F03,TG:1599e574af42cfa4,14.03125,1,0.3841666666666666,0.99999917
mendeley/extracted/Bangla Audio Dataset Original and DeepFake Voices for AI-Based Voice Analysis and Detection/Dataset/S10F03/Real/6.wav,0,MEN,MEN-S10F03,TG:ab19869b4d329944,1.359375,1,0.3841666666666666,0.79565805
mendeley/extracted/Bangla Audio Dataset Original and DeepFake Voices for AI-Based Voice Analysis and Detection/Dataset/S10F03/Real/7.wav,0,MEN,MEN-S10F03,TG:ded1f5c9728375f6,7.8554688,1,0.4341666666666667,0.9996125
mendeley/extracted/Bangla Audio Dataset Original and DeepFake Voices for AI-Based Voice Analysis and Detection/Dataset/S10F03/Real/8.wav,0,MEN,MEN-S10F03,TG:caa70121004273c9,-3.3359375,1,0.3675,0.034358688
mendeley/extracted/Bangla Audio Dataset Original and DeepFake Voices for AI-Based Voice Analysis and Detection/Dataset/S10F03/Real/9.wav,0,MEN,MEN-S10F03,TG:e45efc4bac420645,0.53125,1,0.4341666666666667,0.62977463
mendeley/extracted/Bangla Audio Dataset Original and DeepFake Voices for AI-Based Voice Analysis and Detection/Dataset/S10F04/Fake/1.wav,1,MEN,MEN-S10F04,TG:d3ce29150919b0bf,3.3339844,1,0.0808333333333333,0.96557647
mendeley/extracted/Bangla Audio Dataset Original and DeepFake Voices for AI-Based Voice Analysis and Detection/Dataset/S10F04/Fake/10.wav,1,MEN,MEN-S10F04,TG:2053513ab857e64b,8.3671875,1,0.3741666666666666,0.9997677
mendeley/extracted/Bangla Audio Dataset Original and DeepFake Voices for AI-Based Voice Analysis and Detection/Dataset/S10F04/Fake/11.wav,1,MEN,MEN-S10F04,TG:2557d7be6d06171f,2.828125,1,0.3725,0.94417685
mendeley/extracted/Bangla Audio Dataset Original and DeepFake Voices for AI-Based Voice Analysis and Detection/Dataset/S10F04/Fake/12.wav,1,MEN,MEN-S10F04,TG:1ad78c16e9f1fa18,-10.328125,1,0.4541666666666667,3.2699274e-05
mendeley/extracted/Bangla Audio Dataset Original and DeepFake Voices for AI-Based Voice Analysis and Detection/Dataset/S10F04/Fake/13.wav,1,MEN,MEN-S10F04,TG:8755d96808d69cf8,-0.8227539,1,0.4408333333333333,0.30517942
mendeley/extracted/Bangla Audio Dataset Original and DeepFake Voices for AI-Based Voice Analysis and Detection/Dataset/S10F04/Fake/14.wav,1,MEN,MEN-S10F04,TG:a752f9ff5f43a780,-6.7109375,1,0.4841666666666666,0.0012160416
mendeley/extracted/Bangla Audio Dataset Original and DeepFake Voices for AI-Based Voice Analysis and Detection/Dataset/S10F04/Fake/15.wav,1,MEN,MEN-S10F04,TG:87dc8ea01461476e,6.4648438,1,0.4475,0.9984452
mendeley/extracted/Bangla Audio Dataset Original and DeepFake Voices for AI-Based Voice Analysis and Detection/Dataset/S10F04/Fake/16.wav,1,MEN,MEN-S10F04,TG:a161442acecd244f,6.7929688,1,0.2208333333333333,0.9988796
mendeley/extracted/Bangla Audio Dataset Original and DeepFake Voices for AI-Based Voice Analysis and Detection/Dataset/S10F04/Fake/17.wav,1,MEN,MEN-S10F04,TG:03f064fdfaf1ab36,-14.3671875,1,0.3675,5.759828e-07
mendeley/extracted/Bangla Audio Dataset Original and DeepFake Voices for AI-Based Voice Analysis and Detection/Dataset/S10F04/Fake/18.wav,1,MEN,MEN-S10F04,TG:b94d39ca30d8b003,-17.609375,1,0.4841666666666666,2.250845e-08
mendeley/extracted/Bangla Audio Dataset Original and DeepFake Voices for AI-Based Voice Analysis and Detection/Dataset/S10F04/Fake/19.wav,1,MEN,MEN-S10F04,TG:292f77d0836ad383,3.8222656,1,0.4641666666666666,0.9785903
mendeley/extracted/Bangla Audio Dataset Original and DeepFake Voices for AI-Based Voice Analysis and Detection/Dataset/S10F04/Fake/2.wav,1,MEN,MEN-S10F04,TG:777323a77bbfb0f1,-5.4570312,1,0.3858333333333333,0.004248079
mendeley/extracted/Bangla Audio Dataset Original and DeepFake Voices for AI-Based Voice Analysis and Detection/Dataset/S10F04/Fake/20.wav,1,MEN,MEN-S10F04,TG:d7eb7bfa4ea54586,13.6328125,1,0.3658333333333333,0.9999988
mendeley/extracted/Bangla Audio Dataset Original and DeepFake Voices for AI-Based Voice Analysis and Detection/Dataset/S10F04/Fake/21.wav,1,MEN,MEN-S10F04,TG:a76e4f06cf107f94,-11.6171875,1,0.3858333333333333,9.00981e-06
mendeley/extracted/Bangla Audio Dataset Original and DeepFake Voices for AI-Based Voice Analysis and Detection/Dataset/S10F04/Fake/22.wav,1,MEN,MEN-S10F04,TG:0eb06cb4db7fa33d,17.984375,1,0.5408333333333333,1.0
mendeley/extracted/Bangla Audio Dataset Original and DeepFake Voices for AI-Based Voice Analysis and Detection/Dataset/S10F04/Fake/23.wav,1,MEN,MEN-S10F04,TG:411b82bee58b8a11,-4.7695312,1,0.3774999999999999,0.008412978
mendeley/extracted/Bangla Audio Dataset Original and DeepFake Voices for AI-Based Voice Analysis and Detection/Dataset/S10F04/Fake/24.wav,1,MEN,MEN-S10F04,TG:2d6549bed8663a0e,-4.4140625,1,0.3941666666666666,0.011961097
mendeley/extracted/Bangla Audio Dataset Original and DeepFake Voices for AI-Based Voice Analysis and Detection/Dataset/S10F04/Fake/25.wav,1,MEN,MEN-S10F04,TG:f9f8fdb09d02dc4f,16.96875,1,0.5608333333333333,1.0
mendeley/extracted/Bangla Audio Dataset Original and DeepFake Voices for AI-Based Voice Analysis and Detection/Dataset/S10F04/Fake/26.wav,1,MEN,MEN-S10F04,TG:d21f1014c15ffac8,17.328125,1,0.4575,1.0
mendeley/extracted/Bangla Audio Dataset Original and DeepFake Voices for AI-Based Voice Analysis and Detection/Dataset/S10F04/Fake/27.wav,1,MEN,MEN-S10F04,TG:93a66da769492799,-0.2578125,1,0.4075,0.4359015
mendeley/extracted/Bangla Audio Dataset Original and DeepFake Voices for AI-Based Voice Analysis and Detection/Dataset/S10F04/Fake/28.wav,1,MEN,MEN-S10F04,TG:65c7f26c8f16369d,22.578125,1,0.2875,1.0
mendeley/extracted/Bangla Audio Dataset Original and DeepFake Voices for AI-Based Voice Analysis and Detection/Dataset/S10F04/Fake/29.wav,1,MEN,MEN-S10F04,TG:bcb64741cfa3e7b8,7.6484375,1,0.5141666666666667,0.9995234
mendeley/extracted/Bangla Audio Dataset Original and DeepFake Voices for AI-Based Voice Analysis and Detection/Dataset/S10F04/Fake/3.wav,1,MEN,MEN-S10F04,TG:e3d1f199eb45a8bb,11.3359375,1,0.4475,0.9999881
mendeley/extracted/Bangla Audio Dataset Original and DeepFake Voices for AI-Based Voice Analysis and Detection/Dataset/S10F04/Fake/30.wav,1,MEN,MEN-S10F04,TG:d1cbe39bd9b59ac2,1.3662109,1,0.4275,0.7967673
mendeley/extracted/Bangla Audio Dataset Original and DeepFake Voices for AI-Based Voice Analysis and Detection/Dataset/S10F04/Fake/4.wav,1,MEN,MEN-S10F04,TG:4cfc5f39575a38c2,23.9375,1,0.5241666666666667,1.0
mendeley/extracted/Bangla Audio Dataset Original and DeepFake Voices for AI-Based Voice Analysis and Detection/Dataset/S10F04/Fake/5.wav,1,MEN,MEN-S10F04,TG:1599e574af42cfa4,7.1015625,1,0.4175,0.9991768
mendeley/extracted/Bangla Audio Dataset Original and DeepFake Voices for AI-Based Voice Analysis and Detection/Dataset/S10F04/Fake/6.wav,1,MEN,MEN-S10F04,TG:ab19869b4d329944,10.0625,1,0.4525,0.9999573
mendeley/extracted/Bangla Audio Dataset Original and DeepFake Voices for AI-Based Voice Analysis and Detection/Dataset/S10F04/Fake/7.wav,1,MEN,MEN-S10F04,TG:ded1f5c9728375f6,-3.0585938,1,0.5875,0.044847906
mendeley/extracted/Bangla Audio Dataset Original and DeepFake Voices for AI-Based Voice Analysis and Detection/Dataset/S10F04/Fake/8.wav,1,MEN,MEN-S10F04,TG:caa70121004273c9,1.140625,1,0.5541666666666667,0.7577944
mendeley/extracted/Bangla Audio Dataset Original and DeepFake Voices for AI-Based Voice Analysis and Detection/Dataset/S10F04/Fake/9.wav,1,MEN,MEN-S10F04,TG:e45efc4bac420645,3.8164062,1,0.3874999999999999,0.9784671
mendeley/extracted/Bangla Audio Dataset Original and DeepFake Voices for AI-Based Voice Analysis and Detection/Dataset/S10F04/Real/1.wav,0,MEN,MEN-S10F04,TG:d3ce29150919b0bf,36.71875,1,0.3708333333333333,1.0
mendeley/extracted/Bangla Audio Dataset Original and DeepFake Voices for AI-Based Voice Analysis and Detection/Dataset/S10F04/Real/10.wav,0,MEN,MEN-S10F04,TG:2053513ab857e64b,-18.546875,1,0.4375,8.814436e-09
mendeley/extracted/Bangla Audio Dataset Original and DeepFake Voices for AI-Based Voice Analysis and Detection/Dataset/S10F04/Real/11.wav,0,MEN,MEN-S10F04,TG:2557d7be6d06171f,23.0625,1,0.3691666666666666,1.0
mendeley/extracted/Bangla Audio Dataset Original and DeepFake Voices for AI-Based Voice Analysis and Detection/Dataset/S10F04/Real/12.wav,0,MEN,MEN-S10F04,TG:1ad78c16e9f1fa18,1.9814453,1,0.4708333333333333,0.87883514
mendeley/extracted/Bangla Audio Dataset Original and DeepFake Voices for AI-Based Voice Analysis and Detection/Dataset/S10F04/Real/13.wav,0,MEN,MEN-S10F04,TG:8755d96808d69cf8,4.6289062,1,0.5191666666666667,0.990329
mendeley/extracted/Bangla Audio Dataset Original and DeepFake Voices for AI-Based Voice Analysis and Detection/Dataset/S10F04/Real/14.wav,0,MEN,MEN-S10F04,TG:a752f9ff5f43a780,-27.765625,1,0.5708333333333333,8.740621e-13
mendeley/extracted/Bangla Audio Dataset Original and DeepFake Voices for AI-Based Voice Analysis and Detection/Dataset/S10F04/Real/15.wav,0,MEN,MEN-S10F04,TG:87dc8ea01461476e,5.6796875,1,0.5191666666666667,0.996597
mendeley/extracted/Bangla Audio Dataset Original and DeepFake Voices for AI-Based Voice Analysis and Detection/Dataset/S10F04/Real/16.wav,0,MEN,MEN-S10F04,TG:a161442acecd244f,27.53125,1,0.4375,1.0
mendeley/extracted/Bangla Audio Dataset Original and DeepFake Voices for AI-Based Voice Analysis and Detection/Dataset/S10F04/Real/17.wav,0,MEN,MEN-S10F04,TG:03f064fdfaf1ab36,9.4921875,1,0.5525,0.99992454
mendeley/extracted/Bangla Audio Dataset Original and DeepFake Voices for AI-Based Voice Analysis and Detection/Dataset/S10F04/Real/18.wav,0,MEN,MEN-S10F04,TG:b94d39ca30d8b003,9.296875,1,0.5025,0.9999083
mendeley/extracted/Bangla Audio Dataset Original and DeepFake Voices for AI-Based Voice Analysis and Detection/Dataset/S10F04/Real/19.wav,0,MEN,MEN-S10F04,TG:292f77d0836ad383,10.25,1,0.4875,0.9999646
mendeley/extracted/Bangla Audio Dataset Original and DeepFake Voices for AI-Based Voice Analysis and Detection/Dataset/S10F04/Real/2.wav,0,MEN,MEN-S10F04,TG:777323a77bbfb0f1,21.703125,1,0.3375,1.0
mendeley/extracted/Bangla Audio Dataset Original and DeepFake Voices for AI-Based Voice Analysis and Detection/Dataset/S10F04/Real/20.wav,0,MEN,MEN-S10F04,TG:d7eb7bfa4ea54586,7.28125,1,0.5041666666666667,0.99931216
mendeley/extracted/Bangla Audio Dataset Original and DeepFake Voices for AI-Based Voice Analysis and Detection/Dataset/S10F04/Real/21.wav,0,MEN,MEN-S10F04,TG:a76e4f06cf107f94,-2.5097656,1,0.5708333333333333,0.07517641
mendeley/extracted/Bangla Audio Dataset Original and DeepFake Voices for AI-Based Voice Analysis and Detection/Dataset/S10F04/Real/22.wav,0,MEN,MEN-S10F04,TG:0eb06cb4db7fa33d,0.3461914,1,0.6041666666666667,0.5856937
mendeley/extracted/Bangla Audio Dataset Original and DeepFake Voices for AI-Based Voice Analysis and Detection/Dataset/S10F04/Real/23.wav,0,MEN,MEN-S10F04,TG:411b82bee58b8a11,1.6972656,1,0.5191666666666667,0.8451773
mendeley/extracted/Bangla Audio Dataset Original and DeepFake Voices for AI-Based Voice Analysis and Detection/Dataset/S10F04/Real/24.wav,0,MEN,MEN-S10F04,TG:2d6549bed8663a0e,9.109375,1,0.5025,0.9998894
mendeley/extracted/Bangla Audio Dataset Original and DeepFake Voices for AI-Based Voice Analysis and Detection/Dataset/S10F04/Real/25.wav,0,MEN,MEN-S10F04,TG:f9f8fdb09d02dc4f,-27.140625,1,0.6375,1.6329629e-12
mendeley/extracted/Bangla Audio Dataset Original and DeepFake Voices for AI-Based Voice Analysis and Detection/Dataset/S10F04/Real/26.wav,0,MEN,MEN-S10F04,TG:d21f1014c15ffac8,0.63964844,1,0.5208333333333333,0.654674
mendeley/extracted/Bangla Audio Dataset Original and DeepFake Voices for AI-Based Voice Analysis and Detection/Dataset/S10F04/Real/27.wav,0,MEN,MEN-S10F04,TG:93a66da769492799,10.8671875,1,0.5708333333333333,0.9999809
mendeley/extracted/Bangla Audio Dataset Original and DeepFake Voices for AI-Based Voice Analysis and Detection/Dataset/S10F04/Real/28.wav,0,MEN,MEN-S10F04,TG:65c7f26c8f16369d,21.75,1,0.4191666666666667,1.0
mendeley/extracted/Bangla Audio Dataset Original and DeepFake Voices for AI-Based Voice Analysis and Detection/Dataset/S10F04/Real/29.wav,0,MEN,MEN-S10F04,TG:bcb64741cfa3e7b8,11.109375,1,0.5708333333333333,0.999985
mendeley/extracted/Bangla Audio Dataset Original and DeepFake Voices for AI-Based Voice Analysis and Detection/Dataset/S10F04/Real/3.wav,0,MEN,MEN-S10F04,TG:e3d1f199eb45a8bb,31.5625,1,0.5708333333333333,1.0
mendeley/extracted/Bangla Audio Dataset Original and DeepFake Voices for AI-Based Voice Analysis and Detection/Dataset/S10F04/Real/30.wav,0,MEN,MEN-S10F04,TG:d1cbe39bd9b59ac2,2.1132812,1,0.5041666666666667,0.89218736
mendeley/extracted/Bangla Audio Dataset Original and DeepFake Voices for AI-Based Voice Analysis and Detection/Dataset/S10F04/Real/4.wav,0,MEN,MEN-S10F04,TG:4cfc5f39575a38c2,19.671875,1,0.3691666666666666,1.0
mendeley/extracted/Bangla Audio Dataset Original and DeepFake Voices for AI-Based Voice Analysis and Detection/Dataset/S10F04/Real/5.wav,0,MEN,MEN-S10F04,TG:1599e574af42cfa4,32.59375,1,0.4024999999999999,1.0
mendeley/extracted/Bangla Audio Dataset Original and DeepFake Voices for AI-Based Voice Analysis and Detection/Dataset/S10F04/Real/6.wav,0,MEN,MEN-S10F04,TG:ab19869b4d329944,8.4140625,1,0.4358333333333333,0.99977833
mendeley/extracted/Bangla Audio Dataset Original and DeepFake Voices for AI-Based Voice Analysis and Detection/Dataset/S10F04/Real/7.wav,0,MEN,MEN-S10F04,TG:ded1f5c9728375f6,24.515625,1,0.5875,1.0
mendeley/extracted/Bangla Audio Dataset Original and DeepFake Voices for AI-Based Voice Analysis and Detection/Dataset/S10F04/Real/8.wav,0,MEN,MEN-S10F04,TG:caa70121004273c9,22.578125,1,0.5525,1.0
mendeley/extracted/Bangla Audio Dataset Original and DeepFake Voices for AI-Based Voice Analysis and Detection/Dataset/S10F04/Real/9.wav,0,MEN,MEN-S10F04,TG:e45efc4bac420645,10.03125,1,0.5541666666666667,0.999956
mendeley/extracted/Bangla Audio Dataset Original and DeepFake Voices for AI-Based Voice Analysis and Detection/Dataset/S10F05/Fake/1.wav,1,MEN,MEN-S10F05,TG:d3ce29150919b0bf,-7.546875,1,0.1975,0.0005274784
mendeley/extracted/Bangla Audio Dataset Original and DeepFake Voices for AI-Based Voice Analysis and Detection/Dataset/S10F05/Fake/10.wav,1,MEN,MEN-S10F05,TG:2053513ab857e64b,4.0507812,1,0.3608333333333333,0.9828892
mendeley/extracted/Bangla Audio Dataset Original and DeepFake Voices for AI-Based Voice Analysis and Detection/Dataset/S10F05/Fake/11.wav,1,MEN,MEN-S10F05,TG:2557d7be6d06171f,-13.1640625,1,0.4108333333333334,1.918313e-06
mendeley/extracted/Bangla Audio Dataset Original and DeepFake Voices for AI-Based Voice Analysis and Detection/Dataset/S10F05/Fake/12.wav,1,MEN,MEN-S10F05,TG:1ad78c16e9f1fa18,-10.984375,1,0.4241666666666667,1.6964426e-05
mendeley/extracted/Bangla Audio Dataset Original and DeepFake Voices for AI-Based Voice Analysis and Detection/Dataset/S10F05/Fake/13.wav,1,MEN,MEN-S10F05,TG:8755d96808d69cf8,-7.9257812,1,0.3708333333333333,0.00036117696
mendeley/extracted/Bangla Audio Dataset Original and DeepFake Voices for AI-Based Voice Analysis and Detection/Dataset/S10F05/Fake/14.wav,1,MEN,MEN-S10F05,TG:a752f9ff5f43a780,3.7402344,1,0.4208333333333333,0.9768024
mendeley/extracted/Bangla Audio Dataset Original and DeepFake Voices for AI-Based Voice Analysis and Detection/Dataset/S10F05/Fake/15.wav,1,MEN,MEN-S10F05,TG:87dc8ea01461476e,-13.359375,1,0.4758333333333333,1.5779618e-06
mendeley/extracted/Bangla Audio Dataset Original and DeepFake Voices for AI-Based Voice Analysis and Detection/Dataset/S10F05/Fake/16.wav,1,MEN,MEN-S10F05,TG:a161442acecd244f,11.109375,1,0.2608333333333333,0.999985
mendeley/extracted/Bangla Audio Dataset Original and DeepFake Voices for AI-Based Voice Analysis and Detection/Dataset/S10F05/Fake/17.wav,1,MEN,MEN-S10F05,TG:03f064fdfaf1ab36,-14.0,1,0.3208333333333333,8.31528e-07
mendeley/extracted/Bangla Audio Dataset Original and DeepFake Voices for AI-Based Voice Analysis and Detection/Dataset/S10F05/Fake/18.wav,1,MEN,MEN-S10F05,TG:b94d39ca30d8b003,-12.2890625,1,0.4425,4.6017813e-06
mendeley/extracted/Bangla Audio Dataset Original and DeepFake Voices for AI-Based Voice Analysis and Detection/Dataset/S10F05/Fake/19.wav,1,MEN,MEN-S10F05,TG:292f77d0836ad383,8.921875,1,0.4075,0.9998666
mendeley/extracted/Bangla Audio Dataset Original and DeepFake Voices for AI-Based Voice Analysis and Detection/Dataset/S10F05/Fake/2.wav,1,MEN,MEN-S10F05,TG:777323a77bbfb0f1,5.0820312,1,0.4141666666666667,0.9938309
mendeley/extracted/Bangla Audio Dataset Original and DeepFake Voices for AI-Based Voice Analysis and Detection/Dataset/S10F05/Fake/20.wav,1,MEN,MEN-S10F05,TG:d7eb7bfa4ea54586,-3.5585938,1,0.3874999999999999,0.02769026
mendeley/extracted/Bangla Audio Dataset Original and DeepFake Voices for AI-Based Voice Analysis and Detection/Dataset/S10F05/Fake/21.wav,1,MEN,MEN-S10F05,TG:a76e4f06cf107f94,-15.28125,1,0.4241666666666667,2.3090713e-07
mendeley/extracted/Bangla Audio Dataset Original and DeepFake Voices for AI-Based Voice Analysis and Detection/Dataset/S10F05/Fake/22.wav,1,MEN,MEN-S10F05,TG:0eb06cb4db7fa33d,-9.921875,1,0.4808333333333333,4.908662e-05
mendeley/extracted/Bangla Audio Dataset Original and DeepFake Voices for AI-Based Voice Analysis and Detection/Dataset/S10F05/Fake/23.wav,1,MEN,MEN-S10F05,TG:411b82bee58b8a11,-8.4765625,1,0.3874999999999999,0.0002082501
mendeley/extracted/Bangla Audio Dataset Original and DeepFake Voices for AI-Based Voice Analysis and Detection/Dataset/S10F05/Fake/24.wav,1,MEN,MEN-S10F05,TG:2d6549bed8663a0e,7.7421875,1,0.4108333333333334,0.999566
mendeley/extracted/Bangla Audio Dataset Original and DeepFake Voices for AI-Based Voice Analysis and Detection/Dataset/S10F05/Fake/25.wav,1,MEN,MEN-S10F05,TG:f9f8fdb09d02dc4f,-5.9023438,1,0.5525,0.0027255828
mendeley/extracted/Bangla Audio Dataset Original and DeepFake Voices for AI-Based Voice Analysis and Detection/Dataset/S10F05/Fake/26.wav,1,MEN,MEN-S10F05,TG:d21f1014c15ffac8,7.390625,1,0.4458333333333333,0.99938333
mendeley/extracted/Bangla Audio Dataset Original and DeepFake Voices for AI-Based Voice Analysis and Detection/Dataset/S10F05/Fake/27.wav,1,MEN,MEN-S10F05,TG:93a66da769492799,-12.2109375,1,0.3641666666666666,4.97571e-06
mendeley/extracted/Bangla Audio Dataset Original and DeepFake Voices for AI-Based Voice Analysis and Detection/Dataset/S10F05/Fake/28.wav,1,MEN,MEN-S10F05,TG:65c7f26c8f16369d,0.8833008,1,0.2358333333333333,0.70750576
mendeley/extracted/Bangla Audio Dataset Original and DeepFake Voices for AI-Based Voice Analysis and Detection/Dataset/S10F05/Fake/29.wav,1,MEN,MEN-S10F05,TG:bcb64741cfa3e7b8,-5.140625,1,0.5191666666666667,0.0058199596
mendeley/extracted/Bangla Audio Dataset Original and DeepFake Voices for AI-Based Voice Analysis and Detection/Dataset/S10F05/Fake/3.wav,1,MEN,MEN-S10F05,TG:e3d1f199eb45a8bb,-11.03125,1,0.4208333333333333,1.6187581e-05
mendeley/extracted/Bangla Audio Dataset Original and DeepFake Voices for AI-Based Voice Analysis and Detection/Dataset/S10F05/Fake/30.wav,1,MEN,MEN-S10F05,TG:d1cbe39bd9b59ac2,-3.4804688,1,0.3675,0.029873092
mendeley/extracted/Bangla Audio Dataset Original and DeepFake Voices for AI-Based Voice Analysis and Detection/Dataset/S10F05/Fake/4.wav,1,MEN,MEN-S10F05,TG:4cfc5f39575a38c2,17.28125,1,0.5191666666666667,1.0
mendeley/extracted/Bangla Audio Dataset Original and DeepFake Voices for AI-Based Voice Analysis and Detection/Dataset/S10F05/Fake/5.wav,1,MEN,MEN-S10F05,TG:1599e574af42cfa4,0.625,1,0.4891666666666666,0.6513549
mendeley/extracted/Bangla Audio Dataset Original and DeepFake Voices for AI-Based Voice Analysis and Detection/Dataset/S10F05/Fake/6.wav,1,MEN,MEN-S10F05,TG:ab19869b4d329944,3.1035156,1,0.4008333333333334,0.9570375
mendeley/extracted/Bangla Audio Dataset Original and DeepFake Voices for AI-Based Voice Analysis and Detection/Dataset/S10F05/Fake/7.wav,1,MEN,MEN-S10F05,TG:ded1f5c9728375f6,16.40625,1,0.5808333333333333,0.9999999
mendeley/extracted/Bangla Audio Dataset Original and DeepFake Voices for AI-Based Voice Analysis and Detection/Dataset/S10F05/Fake/8.wav,1,MEN,MEN-S10F05,TG:caa70121004273c9,15.015625,1,0.5691666666666666,0.99999964
mendeley/extracted/Bangla Audio Dataset Original and DeepFake Voices for AI-Based Voice Analysis and Detection/Dataset/S10F05/Fake/9.wav,1,MEN,MEN-S10F05,TG:e45efc4bac420645,-16.046875,1,0.4008333333333334,1.073818e-07
mendeley/extracted/Bangla Audio Dataset Original and DeepFake Voices for AI-Based Voice Analysis and Detection/Dataset/S10F05/Real/1.wav,0,MEN,MEN-S10F05,TG:d3ce29150919b0bf,-1.140625,1,0.3008333333333333,0.24220563
mendeley/extracted/Bangla Audio Dataset Original and DeepFake Voices for AI-Based Voice Analysis and Detection/Dataset/S10F05/Real/10.wav,0,MEN,MEN-S10F05,TG:2053513ab857e64b,3.140625,1,0.3675,0.9585377
mendeley/extracted/Bangla Audio Dataset Original and DeepFake Voices for AI-Based Voice Analysis and Detection/Dataset/S10F05/Real/11.wav,0,MEN,MEN-S10F05,TG:2557d7be6d06171f,-5.6992188,1,0.3841666666666666,0.003337405
mendeley/extracted/Bangla Audio Dataset Original and DeepFake Voices for AI-Based Voice Analysis and Detection/Dataset/S10F05/Real/12.wav,0,MEN,MEN-S10F05,TG:1ad78c16e9f1fa18,1.2773438,1,0.4508333333333333,0.78199726
mendeley/extracted/Bangla Audio Dataset Original and DeepFake Voices for AI-Based Voice Analysis and Detection/Dataset/S10F05/Real/13.wav,0,MEN,MEN-S10F05,TG:8755d96808d69cf8,8.8125,1,0.4841666666666666,0.9998511
mendeley/extracted/Bangla Audio Dataset Original and DeepFake Voices for AI-Based Voice Analysis and Detection/Dataset/S10F05/Real/14.wav,0,MEN,MEN-S10F05,TG:a752f9ff5f43a780,-0.049743652,1,0.4508333333333333,0.48756668
mendeley/extracted/Bangla Audio Dataset Original and DeepFake Voices for AI-Based Voice Analysis and Detection/Dataset/S10F05/Real/15.wav,0,MEN,MEN-S10F05,TG:87dc8ea01461476e,-0.68847656,1,0.4508333333333333,0.33437204
mendeley/extracted/Bangla Audio Dataset Original and DeepFake Voices for AI-Based Voice Analysis and Detection/Dataset/S10F05/Real/16.wav,0,MEN,MEN-S10F05,TG:a161442acecd244f,-2.2929688,1,0.3508333333333333,0.09170696
mendeley/extracted/Bangla Audio Dataset Original and DeepFake Voices for AI-Based Voice Analysis and Detection/Dataset/S10F05/Real/17.wav,0,MEN,MEN-S10F05,TG:03f064fdfaf1ab36,0.51123047,1,0.4675,0.62509483
mendeley/extracted/Bangla Audio Dataset Original and DeepFake Voices for AI-Based Voice Analysis and Detection/Dataset/S10F05/Real/18.wav,0,MEN,MEN-S10F05,TG:b94d39ca30d8b003,-8.765625,1,0.4341666666666667,0.00015598028
mendeley/extracted/Bangla Audio Dataset Original and DeepFake Voices for AI-Based Voice Analysis and Detection/Dataset/S10F05/Real/19.wav,0,MEN,MEN-S10F05,TG:292f77d0836ad383,-0.6352539,1,0.3675,0.3463202
mendeley/extracted/Bangla Audio Dataset Original and DeepFake Voices for AI-Based Voice Analysis and Detection/Dataset/S10F05/Real/2.wav,0,MEN,MEN-S10F05,TG:777323a77bbfb0f1,-7.7695312,1,0.3175,0.00042223287
mendeley/extracted/Bangla Audio Dataset Original and DeepFake Voices for AI-Based Voice Analysis and Detection/Dataset/S10F05/Real/20.wav,0,MEN,MEN-S10F05,TG:d7eb7bfa4ea54586,-20.421875,1,0.3841666666666666,1.3517376e-09
mendeley/extracted/Bangla Audio Dataset Original and DeepFake Voices for AI-Based Voice Analysis and Detection/Dataset/S10F05/Real/21.wav,0,MEN,MEN-S10F05,TG:a76e4f06cf107f94,-3.9746094,1,0.4341666666666667,0.01844021
mendeley/extracted/Bangla Audio Dataset Original and DeepFake Voices for AI-Based Voice Analysis and Detection/Dataset/S10F05/Real/22.wav,0,MEN,MEN-S10F05,TG:0eb06cb4db7fa33d,-15.03125,1,0.4508333333333333,2.964906e-07
mendeley/extracted/Bangla Audio Dataset Original and DeepFake Voices for AI-Based Voice Analysis and Detection/Dataset/S10F05/Real/23.wav,0,MEN,MEN-S10F05,TG:411b82bee58b8a11,-17.671875,1,0.3841666666666666,2.1144734e-08
mendeley/extracted/Bangla Audio Dataset Original and DeepFake Voices for AI-Based Voice Analysis and Detection/Dataset/S10F05/Real/24.wav,0,MEN,MEN-S10F05,TG:2d6549bed8663a0e,6.296875,1,0.3841666666666666,0.9981614
mendeley/extracted/Bangla Audio Dataset Original and DeepFake Voices for AI-Based Voice Analysis and Detection/Dataset/S10F05/Real/25.wav,0,MEN,MEN-S10F05,TG:f9f8fdb09d02dc4f,-7.671875,1,0.5008333333333334,0.00046552691
mendeley/extracted/Bangla Audio Dataset Original and DeepFake Voices for AI-Based Voice Analysis and Detection/Dataset/S10F05/Real/26.wav,0,MEN,MEN-S10F05,TG:d21f1014c15ffac8,9.0625,1,0.4341666666666667,0.999884
mendeley/extracted/Bangla Audio Dataset Original and DeepFake Voices for AI-Based Voice Analysis and Detection/Dataset/S10F05/Real/27.wav,0,MEN,MEN-S10F05,TG:93a66da769492799,-17.75,1,0.4508333333333333,1.9555682e-08
mendeley/extracted/Bangla Audio Dataset Original and DeepFake Voices for AI-Based Voice Analysis and Detection/Dataset/S10F05/Real/28.wav,0,MEN,MEN-S10F05,TG:65c7f26c8f16369d,0.07281494,1,0.3341666666666666,0.5181957
mendeley/extracted/Bangla Audio Dataset Original and DeepFake Voices for AI-Based Voice Analysis and Detection/Dataset/S10F05/Real/29.wav,0,MEN,MEN-S10F05,TG:bcb64741cfa3e7b8,-10.828125,1,0.4675,1.9833367e-05
mendeley/extracted/Bangla Audio Dataset Original and DeepFake Voices for AI-Based Voice Analysis and Detection/Dataset/S10F05/Real/3.wav,0,MEN,MEN-S10F05,TG:e3d1f199eb45a8bb,-3.5742188,1,0.4008333333333334,0.027272666
mendeley/extracted/Bangla Audio Dataset Original and DeepFake Voices for AI-Based Voice Analysis and Detection/Dataset/S10F05/Real/30.wav,0,MEN,MEN-S10F05,TG:d1cbe39bd9b59ac2,8.5078125,1,0.4175,0.9997981
mendeley/extracted/Bangla Audio Dataset Original and DeepFake Voices for AI-Based Voice Analysis and Detection/Dataset/S10F05/Real/4.wav,0,MEN,MEN-S10F05,TG:4cfc5f39575a38c2,7.9414062,1,0.5008333333333334,0.9996444
mendeley/extracted/Bangla Audio Dataset Original and DeepFake Voices for AI-Based Voice Analysis and Detection/Dataset/S10F05/Real/5.wav,0,MEN,MEN-S10F05,TG:1599e574af42cfa4,25.140625,1,0.4841666666666666,1.0
mendeley/extracted/Bangla Audio Dataset Original and DeepFake Voices for AI-Based Voice Analysis and Detection/Dataset/S10F05/Real/6.wav,0,MEN,MEN-S10F05,TG:ab19869b4d329944,-13.7734375,1,0.4341666666666667,1.0429696e-06
mendeley/extracted/Bangla Audio Dataset Original and DeepFake Voices for AI-Based Voice Analysis and Detection/Dataset/S10F05/Real/7.wav,0,MEN,MEN-S10F05,TG:ded1f5c9728375f6,-4.125,1,0.4675,0.015906394
mendeley/extracted/Bangla Audio Dataset Original and DeepFake Voices for AI-Based Voice Analysis and Detection/Dataset/S10F05/Real/8.wav,0,MEN,MEN-S10F05,TG:caa70121004273c9,-7.9335938,1,0.4675,0.00035836728
mendeley/extracted/Bangla Audio Dataset Original and DeepFake Voices for AI-Based Voice Analysis and Detection/Dataset/S10F05/Real/9.wav,0,MEN,MEN-S10F05,TG:e45efc4bac420645,-2.6152344,1,0.4341666666666667,0.06816437
mendeley/extracted/Bangla Audio Dataset Original and DeepFake Voices for AI-Based Voice Analysis and Detection/Dataset/S10M01/Fake/1.wav,1,MEN,MEN-S10M01,TG:d3ce29150919b0bf,-35.46875,1,0.2358333333333333,3.9456415e-16
mendeley/extracted/Bangla Audio Dataset Original and DeepFake Voices for AI-Based Voice Analysis and Detection/Dataset/S10M01/Fake/10.wav,1,MEN,MEN-S10M01,TG:2053513ab857e64b,-27.109375,1,0.2841666666666667,1.6847987e-12
mendeley/extracted/Bangla Audio Dataset Original and DeepFake Voices for AI-Based Voice Analysis and Detection/Dataset/S10M01/Fake/11.wav,1,MEN,MEN-S10M01,TG:2557d7be6d06171f,-27.171875,1,0.2674999999999999,1.5827219e-12
mendeley/extracted/Bangla Audio Dataset Original and DeepFake Voices for AI-Based Voice Analysis and Detection/Dataset/S10M01/Fake/12.wav,1,MEN,MEN-S10M01,TG:1ad78c16e9f1fa18,-34.0,1,0.4558333333333333,1.7139083e-15
mendeley/extracted/Bangla Audio Dataset Original and DeepFake Voices for AI-Based Voice Analysis and Detection/Dataset/S10M01/Fake/13.wav,1,MEN,MEN-S10M01,TG:8755d96808d69cf8,-30.15625,1,0.5008333333333334,8.004e-14
mendeley/extracted/Bangla Audio Dataset Original and DeepFake Voices for AI-Based Voice Analysis and Detection/Dataset/S10M01/Fake/14.wav,1,MEN,MEN-S10M01,TG:a752f9ff5f43a780,-24.8125,1,0.4608333333333333,1.6752056e-11
mendeley/extracted/Bangla Audio Dataset Original and DeepFake Voices for AI-Based Voice Analysis and Detection/Dataset/S10M01/Fake/15.wav,1,MEN,MEN-S10M01,TG:87dc8ea01461476e,-38.6875,1,0.3575,1.5784552e-17
mendeley/extracted/Bangla Audio Dataset Original and DeepFake Voices for AI-Based Voice Analysis and Detection/Dataset/S10M01/Fake/16.wav,1,MEN,MEN-S10M01,TG:a161442acecd244f,-23.65625,1,0.1308333333333333,5.3237928e-11
mendeley/extracted/Bangla Audio Dataset Original and DeepFake Voices for AI-Based Voice Analysis and Detection/Dataset/S10M01/Fake/17.wav,1,MEN,MEN-S10M01,TG:03f064fdfaf1ab36,-39.96875,1,0.4141666666666667,4.3832115e-18
mendeley/extracted/Bangla Audio Dataset Original and DeepFake Voices for AI-Based Voice Analysis and Detection/Dataset/S10M01/Fake/18.wav,1,MEN,MEN-S10M01,TG:b94d39ca30d8b003,-28.609375,1,0.4975,3.7592943e-13
mendeley/extracted/Bangla Audio Dataset Original and DeepFake Voices for AI-Based Voice Analysis and Detection/Dataset/S10M01/Fake/19.wav,1,MEN,MEN-S10M01,TG:292f77d0836ad383,-27.421875,1,0.4241666666666667,1.2326251e-12
mendeley/extracted/Bangla Audio Dataset Original and DeepFake Voices for AI-Based Voice Analysis and Detection/Dataset/S10M01/Fake/2.wav,1,MEN,MEN-S10M01,TG:777323a77bbfb0f1,-23.203125,1,0.0775,8.375502e-11
mendeley/extracted/Bangla Audio Dataset Original and DeepFake Voices for AI-Based Voice Analysis and Detection/Dataset/S10M01/Fake/20.wav,1,MEN,MEN-S10M01,TG:d7eb7bfa4ea54586,-19.75,1,0.2541666666666666,2.6465736e-09
mendeley/extracted/Bangla Audio Dataset Original and DeepFake Voices for AI-Based Voice Analysis and Detection/Dataset/S10M01/Fake/21.wav,1,MEN,MEN-S10M01,TG:a76e4f06cf107f94,-25.140625,1,0.4625,1.2066054e-11
mendeley/extracted/Bangla Audio Dataset Original and DeepFake Voices for AI-Based Voice Analysis and Detection/Dataset/S10M01/Fake/22.wav,1,MEN,MEN-S10M01,TG:0eb06cb4db7fa33d,-34.3125,1,0.4091666666666667,1.2539223e-15
mendeley/extracted/Bangla Audio Dataset Original and DeepFake Voices for AI-Based Voice Analysis and Detection/Dataset/S10M01/Fake/23.wav,1,MEN,MEN-S10M01,TG:411b82bee58b8a11,-27.34375,1,0.4225,1.3327854e-12
mendeley/extracted/Bangla Audio Dataset Original and DeepFake Voices for AI-Based Voice Analysis and Detection/Dataset/S10M01/Fake/24.wav,1,MEN,MEN-S10M01,TG:2d6549bed8663a0e,-22.375,1,0.4241666666666667,1.9171713e-10
mendeley/extracted/Bangla Audio Dataset Original and DeepFake Voices for AI-Based Voice Analysis and Detection/Dataset/S10M01/Fake/25.wav,1,MEN,MEN-S10M01,TG:f9f8fdb09d02dc4f,-28.828125,1,0.5558333333333334,3.0206778e-13
mendeley/extracted/Bangla Audio Dataset Original and DeepFake Voices for AI-Based Voice Analysis and Detection/Dataset/S10M01/Fake/26.wav,1,MEN,MEN-S10M01,TG:d21f1014c15ffac8,-29.9375,1,0.3491666666666666,9.9611386e-14
mendeley/extracted/Bangla Audio Dataset Original and DeepFake Voices for AI-Based Voice Analysis and Detection/Dataset/S10M01/Fake/27.wav,1,MEN,MEN-S10M01,TG:93a66da769492799,-36.8125,1,0.4075,1.029282e-16
mendeley/extracted/Bangla Audio Dataset Original and DeepFake Voices for AI-Based Voice Analysis and Detection/Dataset/S10M01/Fake/28.wav,1,MEN,MEN-S10M01,TG:65c7f26c8f16369d,-24.953125,1,0.1374999999999999,1.455444e-11
mendeley/extracted/Bangla Audio Dataset Original and DeepFake Voices for AI-Based Voice Analysis and Detection/Dataset/S10M01/Fake/29.wav,1,MEN,MEN-S10M01,TG:bcb64741cfa3e7b8,-36.96875,1,0.4041666666666667,8.8039155e-17
mendeley/extracted/Bangla Audio Dataset Original and DeepFake Voices for AI-Based Voice Analysis and Detection/Dataset/S10M01/Fake/3.wav,1,MEN,MEN-S10M01,TG:e3d1f199eb45a8bb,-20.296875,1,0.4441666666666667,1.5317193e-09
mendeley/extracted/Bangla Audio Dataset Original and DeepFake Voices for AI-Based Voice Analysis and Detection/Dataset/S10M01/Fake/30.wav,1,MEN,MEN-S10M01,TG:d1cbe39bd9b59ac2,-23.203125,1,0.3941666666666666,8.375502e-11
mendeley/extracted/Bangla Audio Dataset Original and DeepFake Voices for AI-Based Voice Analysis and Detection/Dataset/S10M01/Fake/4.wav,1,MEN,MEN-S10M01,TG:4cfc5f39575a38c2,-23.75,1,0.4775,4.8473687e-11
mendeley/extracted/Bangla Audio Dataset Original and DeepFake Voices for AI-Based Voice Analysis and Detection/Dataset/S10M01/Fake/5.wav,1,MEN,MEN-S10M01,TG:1599e574af42cfa4,-34.0625,1,0.4758333333333333,1.610068e-15
mendeley/extracted/Bangla Audio Dataset Original and DeepFake Voices for AI-Based Voice Analysis and Detection/Dataset/S10M01/Fake/6.wav,1,MEN,MEN-S10M01,TG:ab19869b4d329944,-12.734375,1,0.2574999999999999,2.9480166e-06
mendeley/extracted/Bangla Audio Dataset Original and DeepFake Voices for AI-Based Voice Analysis and Detection/Dataset/S10M01/Fake/7.wav,1,MEN,MEN-S10M01,TG:ded1f5c9728375f6,-25.515625,1,0.6141666666666667,8.29287e-12
mendeley/extracted/Bangla Audio Dataset Original and DeepFake Voices for AI-Based Voice Analysis and Detection/Dataset/S10M01/Fake/8.wav,1,MEN,MEN-S10M01,TG:caa70121004273c9,-35.03125,1,0.5641666666666667,6.1111294e-16
mendeley/extracted/Bangla Audio Dataset Original and DeepFake Voices for AI-Based Voice Analysis and Detection/Dataset/S10M01/Fake/9.wav,1,MEN,MEN-S10M01,TG:e45efc4bac420645,-40.8125,1,0.4275,1.8851957e-18
mendeley/extracted/Bangla Audio Dataset Original and DeepFake Voices for AI-Based Voice Analysis and Detection/Dataset/S10M01/Real/1.wav,0,MEN,MEN-S10M01,TG:d3ce29150919b0bf,-19.6875,1,0.3491666666666666,2.8172629e-09
mendeley/extracted/Bangla Audio Dataset Original and DeepFake Voices for AI-Based Voice Analysis and Detection/Dataset/S10M01/Real/10.wav,0,MEN,MEN-S10M01,TG:2053513ab857e64b,-26.671875,1,0.3325,2.6094671e-12
mendeley/extracted/Bangla Audio Dataset Original and DeepFake Voices for AI-Based Voice Analysis and Detection/Dataset/S10M01/Real/11.wav,0,MEN,MEN-S10M01,TG:2557d7be6d06171f,-32.625,1,0.3375,6.7786395e-15
mendeley/extracted/Bangla Audio Dataset Original and DeepFake Voices for AI-Based Voice Analysis and Detection/Dataset/S10M01/Real/12.wav,0,MEN,MEN-S10M01,TG:1ad78c16e9f1fa18,-40.53125,1,0.4958333333333333,2.4974787e-18
mendeley/extracted/Bangla Audio Dataset Original and DeepFake Voices for AI-Based Voice Analysis and Detection/Dataset/S10M01/Real/13.wav,0,MEN,MEN-S10M01,TG:8755d96808d69cf8,-40.84375,1,0.5541666666666667,1.8271944e-18
mendeley/extracted/Bangla Audio Dataset Original and DeepFake Voices for AI-Based Voice Analysis and Detection/Dataset/S10M01/Real/14.wav,0,MEN,MEN-S10M01,TG:a752f9ff5f43a780,-30.296875,1,0.5625,6.953995e-14
mendeley/extracted/Bangla Audio Dataset Original and DeepFake Voices for AI-Based Voice Analysis and Detection/Dataset/S10M01/Real/15.wav,0,MEN,MEN-S10M01,TG:87dc8ea01461476e,-30.65625,1,0.4958333333333333,4.8546707e-14
mendeley/extracted/Bangla Audio Dataset Original and DeepFake Voices for AI-Based Voice Analysis and Detection/Dataset/S10M01/Real/16.wav,0,MEN,MEN-S10M01,TG:a161442acecd244f,-24.328125,1,0.3658333333333333,2.7191274e-11
mendeley/extracted/Bangla Audio Dataset Original and DeepFake Voices for AI-Based Voice Analysis and Detection/Dataset/S10M01/Real/17.wav,0,MEN,MEN-S10M01,TG:03f064fdfaf1ab36,-35.4375,1,0.5991666666666666,4.0708893e-16
mendeley/extracted/Bangla Audio Dataset Original and DeepFake Voices for AI-Based Voice Analysis and Detection/Dataset/S10M01/Real/18.wav,0,MEN,MEN-S10M01,TG:b94d39ca30d8b003,-25.171875,1,0.4875,1.1694821e-11
mendeley/extracted/Bangla Audio Dataset Original and DeepFake Voices for AI-Based Voice Analysis and Detection/Dataset/S10M01/Real/19.wav,0,MEN,MEN-S10M01,TG:292f77d0836ad383,-23.90625,1,0.3824999999999999,4.146174e-11
mendeley/extracted/Bangla Audio Dataset Original and DeepFake Voices for AI-Based Voice Analysis and Detection/Dataset/S10M01/Real/2.wav,0,MEN,MEN-S10M01,TG:777323a77bbfb0f1,-27.234375,1,0.4175,1.4868295e-12
mendeley/extracted/Bangla Audio Dataset Original and DeepFake Voices for AI-Based Voice Analysis and Detection/Dataset/S10M01/Real/20.wav,0,MEN,MEN-S10M01,TG:d7eb7bfa4ea54586,-20.4375,1,0.5425,1.3307808e-09
mendeley/extracted/Bangla Audio Dataset Original and DeepFake Voices for AI-Based Voice Analysis and Detection/Dataset/S10M01/Real/21.wav,0,MEN,MEN-S10M01,TG:a76e4f06cf107f94,-20.921875,1,0.5041666666666667,8.198702e-10
mendeley/extracted/Bangla Audio Dataset Original and DeepFake Voices for AI-Based Voice Analysis and Detection/Dataset/S10M01/Real/22.wav,0,MEN,MEN-S10M01,TG:0eb06cb4db7fa33d,-30.109375,1,0.4691666666666666,8.388119e-14
mendeley/extracted/Bangla Audio Dataset Original and DeepFake Voices for AI-Based Voice Analysis and Detection/Dataset/S10M01/Real/23.wav,0,MEN,MEN-S10M01,TG:411b82bee58b8a11,-23.78125,1,0.5025,4.6982307e-11
mendeley/extracted/Bangla Audio Dataset Original and DeepFake Voices for AI-Based Voice Analysis and Detection/Dataset/S10M01/Real/24.wav,0,MEN,MEN-S10M01,TG:2d6549bed8663a0e,-27.859375,1,0.4608333333333333,7.958425e-13
mendeley/extracted/Bangla Audio Dataset Original and DeepFake Voices for AI-Based Voice Analysis and Detection/Dataset/S10M01/Real/25.wav,0,MEN,MEN-S10M01,TG:f9f8fdb09d02dc4f,-33.375,1,0.7108333333333333,3.2020022e-15
mendeley/extracted/Bangla Audio Dataset Original and DeepFake Voices for AI-Based Voice Analysis and Detection/Dataset/S10M01/Real/26.wav,0,MEN,MEN-S10M01,TG:d21f1014c15ffac8,-38.78125,1,0.6174999999999999,1.4371997e-17
mendeley/extracted/Bangla Audio Dataset Original and DeepFake Voices for AI-Based Voice Analysis and Detection/Dataset/S10M01/Real/27.wav,0,MEN,MEN-S10M01,TG:93a66da769492799,-28.609375,1,0.6458333333333333,3.7592943e-13
mendeley/extracted/Bangla Audio Dataset Original and DeepFake Voices for AI-Based Voice Analysis and Detection/Dataset/S10M01/Real/28.wav,0,MEN,MEN-S10M01,TG:65c7f26c8f16369d,-21.625,1,0.3058333333333333,4.058652e-10
mendeley/extracted/Bangla Audio Dataset Original and DeepFake Voices for AI-Based Voice Analysis and Detection/Dataset/S10M01/Real/29.wav,0,MEN,MEN-S10M01,TG:bcb64741cfa3e7b8,-30.390625,1,0.6158333333333333,6.331685e-14
mendeley/extracted/Bangla Audio Dataset Original and DeepFake Voices for AI-Based Voice Analysis and Detection/Dataset/S10M01/Real/3.wav,0,MEN,MEN-S10M01,TG:e3d1f199eb45a8bb,-15.7890625,1,0.5391666666666667,1.3896238e-07
mendeley/extracted/Bangla Audio Dataset Original and DeepFake Voices for AI-Based Voice Analysis and Detection/Dataset/S10M01/Real/30.wav,0,MEN,MEN-S10M01,TG:d1cbe39bd9b59ac2,-19.265625,1,0.5525,4.295813e-09
mendeley/extracted/Bangla Audio Dataset Original and DeepFake Voices for AI-Based Voice Analysis and Detection/Dataset/S10M01/Real/4.wav,0,MEN,MEN-S10M01,TG:4cfc5f39575a38c2,-33.125,1,0.4758333333333333,4.111453e-15
mendeley/extracted/Bangla Audio Dataset Original and DeepFake Voices for AI-Based Voice Analysis and Detection/Dataset/S10M01/Real/5.wav,0,MEN,MEN-S10M01,TG:1599e574af42cfa4,-20.171875,1,0.5158333333333334,1.7356654e-09
mendeley/extracted/Bangla Audio Dataset Original and DeepFake Voices for AI-Based Voice Analysis and Detection/Dataset/S10M01/Real/6.wav,0,MEN,MEN-S10M01,TG:ab19869b4d329944,-8.2421875,1,0.4558333333333333,0.00026323833
mendeley/extracted/Bangla Audio Dataset Original and DeepFake Voices for AI-Based Voice Analysis and Detection/Dataset/S10M01/Real/7.wav,0,MEN,MEN-S10M01,TG:ded1f5c9728375f6,-19.515625,1,0.5141666666666667,3.3455827e-09
mendeley/extracted/Bangla Audio Dataset Original and DeepFake Voices for AI-Based Voice Analysis and Detection/Dataset/S10M01/Real/8.wav,0,MEN,MEN-S10M01,TG:caa70121004273c9,-28.375,1,0.5325,4.752193e-13
mendeley/extracted/Bangla Audio Dataset Original and DeepFake Voices for AI-Based Voice Analysis and Detection/Dataset/S10M01/Real/9.wav,0,MEN,MEN-S10M01,TG:e45efc4bac420645,-36.6875,1,0.3974999999999999,1.1663293e-16
mendeley/extracted/Bangla Audio Dataset Original and DeepFake Voices for AI-Based Voice Analysis and Detection/Dataset/S10M02/Fake/1.wav,1,MEN,MEN-S10M02,TG:d3ce29150919b0bf,-32.09375,1,0.2691666666666666,1.1530854e-14
mendeley/extracted/Bangla Audio Dataset Original and DeepFake Voices for AI-Based Voice Analysis and Detection/Dataset/S10M02/Fake/10.wav,1,MEN,MEN-S10M02,TG:2053513ab857e64b,-12.0078125,1,0.3575,6.0963603e-06
mendeley/extracted/Bangla Audio Dataset Original and DeepFake Voices for AI-Based Voice Analysis and Detection/Dataset/S10M02/Fake/11.wav,1,MEN,MEN-S10M02,TG:2557d7be6d06171f,10.65625,1,0.3241666666666667,0.9999764
mendeley/extracted/Bangla Audio Dataset Original and DeepFake Voices for AI-Based Voice Analysis and Detection/Dataset/S10M02/Fake/12.wav,1,MEN,MEN-S10M02,TG:1ad78c16e9f1fa18,-10.640625,1,0.4575,2.392351e-05
mendeley/extracted/Bangla Audio Dataset Original and DeepFake Voices for AI-Based Voice Analysis and Detection/Dataset/S10M02/Fake/13.wav,1,MEN,MEN-S10M02,TG:8755d96808d69cf8,0.66064453,1,0.5408333333333333,0.6594051
mendeley/extracted/Bangla Audio Dataset Original and DeepFake Voices for AI-Based Voice Analysis and Detection/Dataset/S10M02/Fake/14.wav,1,MEN,MEN-S10M02,TG:a752f9ff5f43a780,-13.7265625,1,0.5008333333333334,1.0930228e-06
mendeley/extracted/Bangla Audio Dataset Original and DeepFake Voices for AI-Based Voice Analysis and Detection/Dataset/S10M02/Fake/15.wav,1,MEN,MEN-S10M02,TG:87dc8ea01461476e,-9.390625,1,0.3675,8.3496285e-05
mendeley/extracted/Bangla Audio Dataset Original and DeepFake Voices for AI-Based Voice Analysis and Detection/Dataset/S10M02/Fake/16.wav,1,MEN,MEN-S10M02,TG:a161442acecd244f,-5.6757812,1,0.0825,0.0034162789
mendeley/extracted/Bangla Audio Dataset Original and DeepFake Voices for AI-Based Voice Analysis and Detection/Dataset/S10M02/Fake/17.wav,1,MEN,MEN-S10M02,TG:03f064fdfaf1ab36,-17.0,1,0.4341666666666667,4.1399378e-08
mendeley/extracted/Bangla Audio Dataset Original and DeepFake Voices for AI-Based Voice Analysis and Detection/Dataset/S10M02/Fake/18.wav,1,MEN,MEN-S10M02,TG:b94d39ca30d8b003,-5.7929688,1,0.4875,0.0030396497
mendeley/extracted/Bangla Audio Dataset Original and DeepFake Voices for AI-Based Voice Analysis and Detection/Dataset/S10M02/Fake/19.wav,1,MEN,MEN-S10M02,TG:292f77d0836ad383,-1.7294922,1,0.4808333333333333,0.15065256
mendeley/extracted/Bangla Audio Dataset Original and DeepFake Voices for AI-Based Voice Analysis and Detection/Dataset/S10M02/Fake/2.wav,1,MEN,MEN-S10M02,TG:777323a77bbfb0f1,-14.035156,2,0.0,8.028025e-07
mendeley/extracted/Bangla Audio Dataset Original and DeepFake Voices for AI-Based Voice Analysis and Detection/Dataset/S10M02/Fake/20.wav,1,MEN,MEN-S10M02,TG:d7eb7bfa4ea54586,-9.828125,1,0.3125,5.391084e-05
mendeley/extracted/Bangla Audio Dataset Original and DeepFake Voices for AI-Based Voice Analysis and Detection/Dataset/S10M02/Fake/21.wav,1,MEN,MEN-S10M02,TG:a76e4f06cf107f94,0.36450195,1,0.4441666666666667,0.5901298
mendeley/extracted/Bangla Audio Dataset Original and DeepFake Voices for AI-Based Voice Analysis and Detection/Dataset/S10M02/Fake/22.wav,1,MEN,MEN-S10M02,TG:0eb06cb4db7fa33d,-5.0664062,1,0.3758333333333333,0.006265533
mendeley/extracted/Bangla Audio Dataset Original and DeepFake Voices for AI-Based Voice Analysis and Detection/Dataset/S10M02/Fake/23.wav,1,MEN,MEN-S10M02,TG:411b82bee58b8a11,-7.1484375,1,0.4075,0.00078547397
mendeley/extracted/Bangla Audio Dataset Original and DeepFake Voices for AI-Based Voice Analysis and Detection/Dataset/S10M02/Fake/24.wav,1,MEN,MEN-S10M02,TG:2d6549bed8663a0e,-4.4804688,1,0.3991666666666666,0.011201213
mendeley/extracted/Bangla Audio Dataset Original and DeepFake Voices for AI-Based Voice Analysis and Detection/Dataset/S10M02/Fake/25.wav,1,MEN,MEN-S10M02,TG:f9f8fdb09d02dc4f,10.1328125,1,0.5175000000000001,0.9999603
mendeley/extracted/Bangla Audio Dataset Original and DeepFake Voices for AI-Based Voice Analysis and Detection/Dataset/S10M02/Fake/26.wav,1,MEN,MEN-S10M02,TG:d21f1014c15ffac8,10.421875,1,0.3408333333333333,0.9999702
mendeley/extracted/Bangla Audio Dataset Original and DeepFake Voices for AI-Based Voice Analysis and Detection/Dataset/S10M02/Fake/27.wav,1,MEN,MEN-S10M02,TG:93a66da769492799,-15.9765625,1,0.3858333333333333,1.1520384e-07
mendeley/extracted/Bangla Audio Dataset Original and DeepFake Voices for AI-Based Voice Analysis and Detection/Dataset/S10M02/Fake/28.wav,1,MEN,MEN-S10M02,TG:65c7f26c8f16369d,5.8710938,1,0.0825,0.99718815
mendeley/extracted/Bangla Audio Dataset Original and DeepFake Voices for AI-Based Voice Analysis and Detection/Dataset/S10M02/Fake/29.wav,1,MEN,MEN-S10M02,TG:bcb64741cfa3e7b8,-7.3125,1,0.3791666666666666,0.00066670234
mendeley/extracted/Bangla Audio Dataset Original and DeepFake Voices for AI-Based Voice Analysis and Detection/Dataset/S10M02/Fake/3.wav,1,MEN,MEN-S10M02,TG:e3d1f199eb45a8bb,-16.875,1,0.4525,4.6911637e-08
mendeley/extracted/Bangla Audio Dataset Original and DeepFake Voices for AI-Based Voice Analysis and Detection/Dataset/S10M02/Fake/30.wav,1,MEN,MEN-S10M02,TG:d1cbe39bd9b59ac2,-9.5390625,1,0.3708333333333333,7.197912e-05
mendeley/extracted/Bangla Audio Dataset Original and DeepFake Voices for AI-Based Voice Analysis and Detection/Dataset/S10M02/Fake/4.wav,1,MEN,MEN-S10M02,TG:4cfc5f39575a38c2,-13.859375,1,0.4958333333333333,9.570828e-07
mendeley/extracted/Bangla Audio Dataset Original and DeepFake Voices for AI-Based Voice Analysis and Detection/Dataset/S10M02/Fake/5.wav,1,MEN,MEN-S10M02,TG:1599e574af42cfa4,-17.734375,1,0.4708333333333333,1.9863638e-08
mendeley/extracted/Bangla Audio Dataset Original and DeepFake Voices for AI-Based Voice Analysis and Detection/Dataset/S10M02/Fake/6.wav,1,MEN,MEN-S10M02,TG:ab19869b4d329944,9.703125,1,0.2008333333333333,0.99993896
mendeley/extracted/Bangla Audio Dataset Original and DeepFake Voices for AI-Based Voice Analysis and Detection/Dataset/S10M02/Fake/7.wav,1,MEN,MEN-S10M02,TG:ded1f5c9728375f6,-6.578125,1,0.5958333333333333,0.0013885231
mendeley/extracted/Bangla Audio Dataset Original and DeepFake Voices for AI-Based Voice Analysis and Detection/Dataset/S10M02/Fake/8.wav,1,MEN,MEN-S10M02,TG:caa70121004273c9,-8.7890625,1,0.6325000000000001,0.00015236755
mendeley/extracted/Bangla Audio Dataset Original and DeepFake Voices for AI-Based Voice Analysis and Detection/Dataset/S10M02/Fake/9.wav,1,MEN,MEN-S10M02,TG:e45efc4bac420645,-0.75439453,1,0.4741666666666666,0.3198645
mendeley/extracted/Bangla Audio Dataset Original and DeepFake Voices for AI-Based Voice Analysis and Detection/Dataset/S10M02/Real/1.wav,0,MEN,MEN-S10M02,TG:d3ce29150919b0bf,-27.75,1,0.3991666666666666,8.8782654e-13
mendeley/extracted/Bangla Audio Dataset Original and DeepFake Voices for AI-Based Voice Analysis and Detection/Dataset/S10M02/Real/10.wav,0,MEN,MEN-S10M02,TG:2053513ab857e64b,-34.78125,1,0.5108333333333333,7.846845e-16
mendeley/extracted/Bangla Audio Dataset Original and DeepFake Voices for AI-Based Voice Analysis and Detection/Dataset/S10M02/Real/11.wav,0,MEN,MEN-S10M02,TG:2557d7be6d06171f,-20.859375,1,0.4758333333333333,8.727474e-10
mendeley/extracted/Bangla Audio Dataset Original and DeepFake Voices for AI-Based Voice Analysis and Detection/Dataset/S10M02/Real/12.wav,0,MEN,MEN-S10M02,TG:1ad78c16e9f1fa18,-49.84375,1,0.5008333333333334,2.254937e-22
mendeley/extracted/Bangla Audio Dataset Original and DeepFake Voices for AI-Based Voice Analysis and Detection/Dataset/S10M02/Real/13.wav,0,MEN,MEN-S10M02,TG:8755d96808d69cf8,-47.3125,1,0.6791666666666667,2.8342772e-21
mendeley/extracted/Bangla Audio Dataset Original and DeepFake Voices for AI-Based Voice Analysis and Detection/Dataset/S10M02/Real/14.wav,0,MEN,MEN-S10M02,TG:a752f9ff5f43a780,-29.9375,1,0.6325000000000001,9.9611386e-14
mendeley/extracted/Bangla Audio Dataset Original and DeepFake Voices for AI-Based Voice Analysis and Detection/Dataset/S10M02/Real/15.wav,0,MEN,MEN-S10M02,TG:87dc8ea01461476e,-39.375,1,0.5308333333333333,7.936971e-18
mendeley/extracted/Bangla Audio Dataset Original and DeepFake Voices for AI-Based Voice Analysis and Detection/Dataset/S10M02/Real/16.wav,0,MEN,MEN-S10M02,TG:a161442acecd244f,-23.125,1,0.4141666666666667,9.056077e-11
mendeley/extracted/Bangla Audio Dataset Original and DeepFake Voices for AI-Based Voice Analysis and Detection/Dataset/S10M02/Real/17.wav,0,MEN,MEN-S10M02,TG:03f064fdfaf1ab36,-41.71875,1,0.5241666666666667,7.616879e-19
mendeley/extracted/Bangla Audio Dataset Original and DeepFake Voices for AI-Based Voice Analysis and Detection/Dataset/S10M02/Real/18.wav,0,MEN,MEN-S10M02,TG:b94d39ca30d8b003,-26.921875,1,0.5608333333333333,2.0322552e-12
mendeley/extracted/Bangla Audio Dataset Original and DeepFake Voices for AI-Based Voice Analysis and Detection/Dataset/S10M02/Real/19.wav,0,MEN,MEN-S10M02,TG:292f77d0836ad383,-18.140625,1,0.4641666666666666,1.3232036e-08
mendeley/extracted/Bangla Audio Dataset Original and DeepFake Voices for AI-Based Voice Analysis and Detection/Dataset/S10M02/Real/2.wav,0,MEN,MEN-S10M02,TG:777323a77bbfb0f1,-34.59375,1,0.4841666666666666,9.465102e-16
mendeley/extracted/Bangla Audio Dataset Original and DeepFake Voices for AI-Based Voice Analysis and Detection/Dataset/S10M02/Real/20.wav,0,MEN,MEN-S10M02,TG:d7eb7bfa4ea54586,-32.8125,1,0.5308333333333333,5.619689e-15
mendeley/extracted/Bangla Audio Dataset Original and DeepFake Voices for AI-Based Voice Analysis and Detection/Dataset/S10M02/Real/21.wav,0,MEN,MEN-S10M02,TG:a76e4f06cf107f94,-35.21875,1,0.6808333333333334,5.066304e-16
mendeley/extracted/Bangla Audio Dataset Original and DeepFake Voices for AI-Based Voice Analysis and Detection/Dataset/S10M02/Real/22.wav,0,MEN,MEN-S10M02,TG:0eb06cb4db7fa33d,-17.515625,1,0.5325,2.4720698e-08
mendeley/extracted/Bangla Audio Dataset Original and DeepFake Voices for AI-Based Voice Analysis and Detection/Dataset/S10M02/Real/23.wav,0,MEN,MEN-S10M02,TG:411b82bee58b8a11,-32.8125,1,0.5558333333333334,5.619689e-15
mendeley/extracted/Bangla Audio Dataset Original and DeepFake Voices for AI-Based Voice Analysis and Detection/Dataset/S10M02/Real/24.wav,0,MEN,MEN-S10M02,TG:2d6549bed8663a0e,-30.828125,1,0.6375,4.088043e-14
mendeley/extracted/Bangla Audio Dataset Original and DeepFake Voices for AI-Based Voice Analysis and Detection/Dataset/S10M02/Real/25.wav,0,MEN,MEN-S10M02,TG:f9f8fdb09d02dc4f,-32.28125,1,0.6108333333333333,9.559414e-15
mendeley/extracted/Bangla Audio Dataset Original and DeepFake Voices for AI-Based Voice Analysis and Detection/Dataset/S10M02/Real/26.wav,0,MEN,MEN-S10M02,TG:d21f1014c15ffac8,-33.8125,1,0.6191666666666666,2.0673681e-15
mendeley/extracted/Bangla Audio Dataset Original and DeepFake Voices for AI-Based Voice Analysis and Detection/Dataset/S10M02/Real/27.wav,0,MEN,MEN-S10M02,TG:93a66da769492799,-47.5625,1,0.6741666666666667,2.2073373e-21
mendeley/extracted/Bangla Audio Dataset Original and DeepFake Voices for AI-Based Voice Analysis and Detection/Dataset/S10M02/Real/28.wav,0,MEN,MEN-S10M02,TG:65c7f26c8f16369d,-18.671875,1,0.4841666666666666,7.778713e-09
mendeley/extracted/Bangla Audio Dataset Original and DeepFake Voices for AI-Based Voice Analysis and Detection/Dataset/S10M02/Real/29.wav,0,MEN,MEN-S10M02,TG:bcb64741cfa3e7b8,-19.1875,1,0.4825,4.6448814e-09
mendeley/extracted/Bangla Audio Dataset Original and DeepFake Voices for AI-Based Voice Analysis and Detection/Dataset/S10M02/Real/3.wav,0,MEN,MEN-S10M02,TG:e3d1f199eb45a8bb,-38.3125,1,0.4591666666666666,2.2966385e-17
mendeley/extracted/Bangla Audio Dataset Original and DeepFake Voices for AI-Based Voice Analysis and Detection/Dataset/S10M02/Real/30.wav,0,MEN,MEN-S10M02,TG:d1cbe39bd9b59ac2,-26.59375,1,0.4875,2.8215071e-12
mendeley/extracted/Bangla Audio Dataset Original and DeepFake Voices for AI-Based Voice Analysis and Detection/Dataset/S10M02/Real/4.wav,0,MEN,MEN-S10M02,TG:4cfc5f39575a38c2,-31.890625,1,0.5941666666666667,1.4127897e-14
mendeley/extracted/Bangla Audio Dataset Original and DeepFake Voices for AI-Based Voice Analysis and Detection/Dataset/S10M02/Real/5.wav,0,MEN,MEN-S10M02,TG:1599e574af42cfa4,-38.71875,1,0.5775,1.529891e-17
mendeley/extracted/Bangla Audio Dataset Original and DeepFake Voices for AI-Based Voice Analysis and Detection/Dataset/S10M02/Real/6.wav,0,MEN,MEN-S10M02,TG:ab19869b4d329944,-38.78125,1,0.4908333333333333,1.4371997e-17
mendeley/extracted/Bangla Audio Dataset Original and DeepFake Voices for AI-Based Voice Analysis and Detection/Dataset/S10M02/Real/7.wav,0,MEN,MEN-S10M02,TG:ded1f5c9728375f6,-40.8125,1,0.6675,1.8851957e-18
mendeley/extracted/Bangla Audio Dataset Original and DeepFake Voices for AI-Based Voice Analysis and Detection/Dataset/S10M02/Real/8.wav,0,MEN,MEN-S10M02,TG:caa70121004273c9,-25.34375,1,0.6141666666666667,9.848028e-12
mendeley/extracted/Bangla Audio Dataset Original and DeepFake Voices for AI-Based Voice Analysis and Detection/Dataset/S10M02/Real/9.wav,0,MEN,MEN-S10M02,TG:e45efc4bac420645,-50.75,1,0.6941666666666666,9.1107685e-23
mendeley/extracted/Bangla Audio Dataset Original and DeepFake Voices for AI-Based Voice Analysis and Detection/Dataset/S11F02/Fake/1.wav,1,MEN,MEN-S11F02,TG:2cc4f4d2a83c1413,5.5,1,0.3408333333333333,0.9959299
mendeley/extracted/Bangla Audio Dataset Original and DeepFake Voices for AI-Based Voice Analysis and Detection/Dataset/S11F02/Fake/10.wav,1,MEN,MEN-S11F02,TG:a274fcdc210bc630,4.7460938,1,0.5941666666666667,0.9913892
mendeley/extracted/Bangla Audio Dataset Original and DeepFake Voices for AI-Based Voice Analysis and Detection/Dataset/S11F02/Fake/11.wav,1,MEN,MEN-S11F02,TG:3ff090a90db76715,-5.3007812,1,0.4625,0.004962942
mendeley/extracted/Bangla Audio Dataset Original and DeepFake Voices for AI-Based Voice Analysis and Detection/Dataset/S11F02/Fake/12.wav,1,MEN,MEN-S11F02,TG:71382ca3963bf670,15.515625,1,0.5125,0.99999976
mendeley/extracted/Bangla Audio Dataset Original and DeepFake Voices for AI-Based Voice Analysis and Detection/Dataset/S11F02/Fake/13.wav,1,MEN,MEN-S11F02,TG:452ffb045be62656,-2.9921875,1,0.4991666666666666,0.047780067
mendeley/extracted/Bangla Audio Dataset Original and DeepFake Voices for AI-Based Voice Analysis and Detection/Dataset/S11F02/Fake/14.wav,1,MEN,MEN-S11F02,TG:7eedeccecbd89970,5.46875,1,0.5408333333333333,0.99580115
mendeley/extracted/Bangla Audio Dataset Original and DeepFake Voices for AI-Based Voice Analysis and Detection/Dataset/S11F02/Fake/15.wav,1,MEN,MEN-S11F02,TG:d87b618675761d08,-6.8046875,1,0.3874999999999999,0.0011073389
mendeley/extracted/Bangla Audio Dataset Original and DeepFake Voices for AI-Based Voice Analysis and Detection/Dataset/S11F02/Fake/16.wav,1,MEN,MEN-S11F02,TG:bb75654add7236ae,9.453125,1,0.5041666666666667,0.99992156
mendeley/extracted/Bangla Audio Dataset Original and DeepFake Voices for AI-Based Voice Analysis and Detection/Dataset/S11F02/Fake/17.wav,1,MEN,MEN-S11F02,TG:89ee3dc6d83890bd,10.6875,1,0.4491666666666667,0.99997723
mendeley/extracted/Bangla Audio Dataset Original and DeepFake Voices for AI-Based Voice Analysis and Detection/Dataset/S11F02/Fake/18.wav,1,MEN,MEN-S11F02,TG:818304947fb7a25a,-18.078125,1,0.4908333333333333,1.4085428e-08
mendeley/extracted/Bangla Audio Dataset Original and DeepFake Voices for AI-Based Voice Analysis and Detection/Dataset/S11F02/Fake/19.wav,1,MEN,MEN-S11F02,TG:bc0f2c6a0e07b2a6,16.28125,1,0.4925,0.9999999
mendeley/extracted/Bangla Audio Dataset Original and DeepFake Voices for AI-Based Voice Analysis and Detection/Dataset/S11F02/Fake/2.wav,1,MEN,MEN-S11F02,TG:ea8971d60c8a3d84,-4.4140625,1,0.4041666666666667,0.011961097
mendeley/extracted/Bangla Audio Dataset Original and DeepFake Voices for AI-Based Voice Analysis and Detection/Dataset/S11F02/Fake/20.wav,1,MEN,MEN-S11F02,TG:39cfe8a6d823ad48,-0.5107422,1,0.5941666666666667,0.37501958
mendeley/extracted/Bangla Audio Dataset Original and DeepFake Voices for AI-Based Voice Analysis and Detection/Dataset/S11F02/Fake/21.wav,1,MEN,MEN-S11F02,TG:d51ff1fb9a1168b3,4.8515625,1,0.5141666666666667,0.9922444
mendeley/extracted/Bangla Audio Dataset Original and DeepFake Voices for AI-Based Voice Analysis and Detection/Dataset/S11F02/Fake/22.wav,1,MEN,MEN-S11F02,TG:6b10fe5360d0e7f0,15.71875,1,0.4158333333333334,0.9999999
mendeley/extracted/Bangla Audio Dataset Original and DeepFake Voices for AI-Based Voice Analysis and Detection/Dataset/S11F02/Fake/23.wav,1,MEN,MEN-S11F02,TG:e157bbeeb235cb6a,10.625,1,0.4608333333333333,0.9999757
mendeley/extracted/Bangla Audio Dataset Original and DeepFake Voices for AI-Based Voice Analysis and Detection/Dataset/S11F02/Fake/24.wav,1,MEN,MEN-S11F02,TG:2a9e487decd776c5,5.5859375,1,0.4024999999999999,0.9962638
mendeley/extracted/Bangla Audio Dataset Original and DeepFake Voices for AI-Based Voice Analysis and Detection/Dataset/S11F02/Fake/25.wav,1,MEN,MEN-S11F02,TG:4d4c34eabaac8b21,5.96875,1,0.4758333333333333,0.9974491
mendeley/extracted/Bangla Audio Dataset Original and DeepFake Voices for AI-Based Voice Analysis and Detection/Dataset/S11F02/Fake/26.wav,1,MEN,MEN-S11F02,TG:dbdf0c4b52c43061,-5.7851562,1,0.5075000000000001,0.0030634166
mendeley/extracted/Bangla Audio Dataset Original and DeepFake Voices for AI-Based Voice Analysis and Detection/Dataset/S11F02/Fake/27.wav,1,MEN,MEN-S11F02,TG:329dcc685ab1bc7b,3.2949219,1,0.6241666666666666,0.96425414
mendeley/extracted/Bangla Audio Dataset Original and DeepFake Voices for AI-Based Voice Analysis and Detection/Dataset/S11F02/Fake/28.wav,1,MEN,MEN-S11F02,TG:449f908bd492908d,7.1328125,1,0.4975,0.9992022
mendeley/extracted/Bangla Audio Dataset Original and DeepFake Voices for AI-Based Voice Analysis and Detection/Dataset/S11F02/Fake/29.wav,1,MEN,MEN-S11F02,TG:181c8cafbfc40722,8.15625,1,0.5275000000000001,0.9997131
mendeley/extracted/Bangla Audio Dataset Original and DeepFake Voices for AI-Based Voice Analysis and Detection/Dataset/S11F02/Fake/3.wav,1,MEN,MEN-S11F02,TG:017a83ba301f0b69,-12.859375,1,0.5658333333333334,2.6016164e-06
mendeley/extracted/Bangla Audio Dataset Original and DeepFake Voices for AI-Based Voice Analysis and Detection/Dataset/S11F02/Fake/30.wav,1,MEN,MEN-S11F02,TG:6a64af8cbace37e4,18.53125,1,0.2524999999999999,1.0
mendeley/extracted/Bangla Audio Dataset Original and DeepFake Voices for AI-Based Voice Analysis and Detection/Dataset/S11F02/Fake/4.wav,1,MEN,MEN-S11F02,TG:eebedcc2c0031aad,1.0019531,1,0.5725,0.7314424
mendeley/extracted/Bangla Audio Dataset Original and DeepFake Voices for AI-Based Voice Analysis and Detection/Dataset/S11F02/Fake/5.wav,1,MEN,MEN-S11F02,TG:d6de9b7770d9f7f2,14.46875,1,0.5675,0.9999995
mendeley/extracted/Bangla Audio Dataset Original and DeepFake Voices for AI-Based Voice Analysis and Detection/Dataset/S11F02/Fake/6.wav,1,MEN,MEN-S11F02,TG:31de86c32ec8fe13,10.1484375,1,0.4741666666666666,0.9999609
mendeley/extracted/Bangla Audio Dataset Original and DeepFake Voices for AI-Based Voice Analysis and Detection/Dataset/S11F02/Fake/7.wav,1,MEN,MEN-S11F02,TG:5b3673d2432ab3fb,-7.8828125,1,0.5375,0.00037702854
mendeley/extracted/Bangla Audio Dataset Original and DeepFake Voices for AI-Based Voice Analysis and Detection/Dataset/S11F02/Fake/8.wav,1,MEN,MEN-S11F02,TG:4f86653bb20c8a4c,1.2802734,1,0.3858333333333333,0.78249633
mendeley/extracted/Bangla Audio Dataset Original and DeepFake Voices for AI-Based Voice Analysis and Detection/Dataset/S11F02/Fake/9.wav,1,MEN,MEN-S11F02,TG:e90d11ccf74f6fd3,12.6640625,1,0.5025,0.9999968
mendeley/extracted/Bangla Audio Dataset Original and DeepFake Voices for AI-Based Voice Analysis and Detection/Dataset/S11F02/Real/1.wav,0,MEN,MEN-S11F02,TG:2cc4f4d2a83c1413,-30.828125,1,0.4225,4.088043e-14
mendeley/extracted/Bangla Audio Dataset Original and DeepFake Voices for AI-Based Voice Analysis and Detection/Dataset/S11F02/Real/10.wav,0,MEN,MEN-S11F02,TG:a274fcdc210bc630,-28.203125,1,0.6174999999999999,5.643369e-13
mendeley/extracted/Bangla Audio Dataset Original and DeepFake Voices for AI-Based Voice Analysis and Detection/Dataset/S11F02/Real/11.wav,0,MEN,MEN-S11F02,TG:3ff090a90db76715,-43.6875,1,0.6358333333333333,1.0635548e-19
mendeley/extracted/Bangla Audio Dataset Original and DeepFake Voices for AI-Based Voice Analysis and Detection/Dataset/S11F02/Real/12.wav,0,MEN,MEN-S11F02,TG:71382ca3963bf670,-22.703125,1,0.5708333333333333,1.380887e-10
mendeley/extracted/Bangla Audio Dataset Original and DeepFake Voices for AI-Based Voice Analysis and Detection/Dataset/S11F02/Real/13.wav,0,MEN,MEN-S11F02,TG:452ffb045be62656,-15.0625,1,0.5958333333333333,2.8736855e-07
mendeley/extracted/Bangla Audio Dataset Original and DeepFake Voices for AI-Based Voice Analysis and Detection/Dataset/S11F02/Real/14.wav,0,MEN,MEN-S11F02,TG:7eedeccecbd89970,-32.59375,1,0.6341666666666667,6.9938164e-15
mendeley/extracted/Bangla Audio Dataset Original and DeepFake Voices for AI-Based Voice Analysis and Detection/Dataset/S11F02/Real/15.wav,0,MEN,MEN-S11F02,TG:d87b618675761d08,-18.40625,1,0.4841666666666666,1.0145355e-08
mendeley/extracted/Bangla Audio Dataset Original and DeepFake Voices for AI-Based Voice Analysis and Detection/Dataset/S11F02/Real/16.wav,0,MEN,MEN-S11F02,TG:bb75654add7236ae,-35.5,1,0.4808333333333333,3.8242468e-16
mendeley/extracted/Bangla Audio Dataset Original and DeepFake Voices for AI-Based Voice Analysis and Detection/Dataset/S11F02/Real/17.wav,0,MEN,MEN-S11F02,TG:89ee3dc6d83890bd,-67.25,1,0.4825,6.21865e-30
mendeley/extracted/Bangla Audio Dataset Original and DeepFake Voices for AI-Based Voice Analysis and Detection/Dataset/S11F02/Real/18.wav,0,MEN,MEN-S11F02,TG:818304947fb7a25a,-56.375,1,0.4925,3.2858564e-25
mendeley/extracted/Bangla Audio Dataset Original and DeepFake Voices for AI-Based Voice Analysis and Detection/Dataset/S11F02/Real/19.wav,0,MEN,MEN-S11F02,TG:bc0f2c6a0e07b2a6,-20.359375,1,0.5508333333333333,1.438917e-09
mendeley/extracted/Bangla Audio Dataset Original and DeepFake Voices for AI-Based Voice Analysis and Detection/Dataset/S11F02/Real/2.wav,0,MEN,MEN-S11F02,TG:ea8971d60c8a3d84,-18.890625,1,0.6508333333333334,6.2503704e-09
mendeley/extracted/Bangla Audio Dataset Original and DeepFake Voices for AI-Based Voice Analysis and Detection/Dataset/S11F02/Real/20.wav,0,MEN,MEN-S11F02,TG:39cfe8a6d823ad48,-44.46875,1,0.5475,4.869308e-20
mendeley/extracted/Bangla Audio Dataset Original and DeepFake Voices for AI-Based Voice Analysis and Detection/Dataset/S11F02/Real/21.wav,0,MEN,MEN-S11F02,TG:d51ff1fb9a1168b3,-34.625,1,0.6191666666666666,9.173891e-16
mendeley/extracted/Bangla Audio Dataset Original and DeepFake Voices for AI-Based Voice Analysis and Detection/Dataset/S11F02/Real/22.wav,0,MEN,MEN-S11F02,TG:6b10fe5360d0e7f0,-23.125,1,0.4658333333333333,9.056077e-11
mendeley/extracted/Bangla Audio Dataset Original and DeepFake Voices for AI-Based Voice Analysis and Detection/Dataset/S11F02/Real/23.wav,0,MEN,MEN-S11F02,TG:e157bbeeb235cb6a,-34.03125,1,0.5575,1.6611772e-15
mendeley/extracted/Bangla Audio Dataset Original and DeepFake Voices for AI-Based Voice Analysis and Detection/Dataset/S11F02/Real/24.wav,0,MEN,MEN-S11F02,TG:2a9e487decd776c5,5.7851562,1,0.4858333333333333,0.99693656
mendeley/extracted/Bangla Audio Dataset Original and DeepFake Voices for AI-Based Voice Analysis and Detection/Dataset/S11F02/Real/25.wav,0,MEN,MEN-S11F02,TG:4d4c34eabaac8b21,-6.984375,1,0.5958333333333333,0.00092538487
mendeley/extracted/Bangla Audio Dataset Original and DeepFake Voices for AI-Based Voice Analysis and Detection/Dataset/S11F02/Real/26.wav,0,MEN,MEN-S11F02,TG:dbdf0c4b52c43061,-7.265625,1,0.6208333333333333,0.00069867563
mendeley/extracted/Bangla Audio Dataset Original and DeepFake Voices for AI-Based Voice Analysis and Detection/Dataset/S11F02/Real/27.wav,0,MEN,MEN-S11F02,TG:329dcc685ab1bc7b,-19.53125,1,0.6125,3.293714e-09
mendeley/extracted/Bangla Audio Dataset Original and DeepFake Voices for AI-Based Voice Analysis and Detection/Dataset/S11F02/Real/28.wav,0,MEN,MEN-S11F02,TG:449f908bd492908d,-28.8125,1,0.6475,3.0682463e-13
mendeley/extracted/Bangla Audio Dataset Original and DeepFake Voices for AI-Based Voice Analysis and Detection/Dataset/S11F02/Real/29.wav,0,MEN,MEN-S11F02,TG:181c8cafbfc40722,-29.078125,1,0.5708333333333333,2.352506e-13
mendeley/extracted/Bangla Audio Dataset Original and DeepFake Voices for AI-Based Voice Analysis and Detection/Dataset/S11F02/Real/3.wav,0,MEN,MEN-S11F02,TG:017a83ba301f0b69,-32.15625,1,0.4658333333333333,1.0832234e-14
mendeley/extracted/Bangla Audio Dataset Original and DeepFake Voices for AI-Based Voice Analysis and Detection/Dataset/S11F02/Real/30.wav,0,MEN,MEN-S11F02,TG:6a64af8cbace37e4,7.0625,1,0.4175,0.9991441
mendeley/extracted/Bangla Audio Dataset Original and DeepFake Voices for AI-Based Voice Analysis and Detection/Dataset/S11F02/Real/4.wav,0,MEN,MEN-S11F02,TG:eebedcc2c0031aad,-42.25,1,0.4341666666666667,4.4777323e-19
mendeley/extracted/Bangla Audio Dataset Original and DeepFake Voices for AI-Based Voice Analysis and Detection/Dataset/S11F02/Real/5.wav,0,MEN,MEN-S11F02,TG:d6de9b7770d9f7f2,-18.734375,1,0.4741666666666666,7.3074236e-09
mendeley/extracted/Bangla Audio Dataset Original and DeepFake Voices for AI-Based Voice Analysis and Detection/Dataset/S11F02/Real/6.wav,0,MEN,MEN-S11F02,TG:31de86c32ec8fe13,-11.0,1,0.6825,1.6701422e-05
mendeley/extracted/Bangla Audio Dataset Original and DeepFake Voices for AI-Based Voice Analysis and Detection/Dataset/S11F02/Real/7.wav,0,MEN,MEN-S11F02,TG:5b3673d2432ab3fb,-22.90625,1,0.6425000000000001,1.1270471e-10
mendeley/extracted/Bangla Audio Dataset Original and DeepFake Voices for AI-Based Voice Analysis and Detection/Dataset/S11F02/Real/8.wav,0,MEN,MEN-S11F02,TG:4f86653bb20c8a4c,-25.3125,1,0.6141666666666667,1.0160637e-11
mendeley/extracted/Bangla Audio Dataset Original and DeepFake Voices for AI-Based Voice Analysis and Detection/Dataset/S11F02/Real/9.wav,0,MEN,MEN-S11F02,TG:e90d11ccf74f6fd3,-25.109375,1,0.5241666666666667,1.2449072e-11
mendeley/extracted/Bangla Audio Dataset Original and DeepFake Voices for AI-Based Voice Analysis and Detection/Dataset/S11F04/Fake/1.wav,1,MEN,MEN-S11F04,TG:2cc4f4d2a83c1413,12.2421875,1,0.3991666666666666,0.99999523
mendeley/extracted/Bangla Audio Dataset Original and DeepFake Voices for AI-Based Voice Analysis and Detection/Dataset/S11F04/Fake/10.wav,1,MEN,MEN-S11F04,TG:a274fcdc210bc630,-27.703125,1,0.5958333333333333,9.304342e-13
mendeley/extracted/Bangla Audio Dataset Original and DeepFake Voices for AI-Based Voice Analysis and Detection/Dataset/S11F04/Fake/11.wav,1,MEN,MEN-S11F04,TG:3ff090a90db76715,-1.8007812,1,0.4291666666666667,0.14175598
mendeley/extracted/Bangla Audio Dataset Original and DeepFake Voices for AI-Based Voice Analysis and Detection/Dataset/S11F04/Fake/12.wav,1,MEN,MEN-S11F04,TG:71382ca3963bf670,-22.078125,1,0.4375,2.5798363e-10
mendeley/extracted/Bangla Audio Dataset Original and DeepFake Voices for AI-Based Voice Analysis and Detection/Dataset/S11F04/Fake/13.wav,1,MEN,MEN-S11F04,TG:452ffb045be62656,-2.6914062,1,0.4725,0.06348236
mendeley/extracted/Bangla Audio Dataset Original and DeepFake Voices for AI-Based Voice Analysis and Detection/Dataset/S11F04/Fake/14.wav,1,MEN,MEN-S11F04,TG:7eedeccecbd89970,2.0859375,1,0.5541666666666667,0.8895288
mendeley/extracted/Bangla Audio Dataset Original and DeepFake Voices for AI-Based Voice Analysis and Detection/Dataset/S11F04/Fake/15.wav,1,MEN,MEN-S11F04,TG:d87b618675761d08,-27.046875,1,0.4058333333333334,1.7934588e-12
mendeley/extracted/Bangla Audio Dataset Original and DeepFake Voices for AI-Based Voice Analysis and Detection/Dataset/S11F04/Fake/16.wav,1,MEN,MEN-S11F04,TG:bb75654add7236ae,10.8359375,1,0.5758333333333333,0.99998033
mendeley/extracted/Bangla Audio Dataset Original and DeepFake Voices for AI-Based Voice Analysis and Detection/Dataset/S11F04/Fake/17.wav,1,MEN,MEN-S11F04,TG:89ee3dc6d83890bd,1.1796875,1,0.5125,0.76489156
mendeley/extracted/Bangla Audio Dataset Original and DeepFake Voices for AI-Based Voice Analysis and Detection/Dataset/S11F04/Fake/18.wav,1,MEN,MEN-S11F04,TG:818304947fb7a25a,-3.9570312,1,0.4941666666666666,0.018761082
mendeley/extracted/Bangla Audio Dataset Original and DeepFake Voices for AI-Based Voice Analysis and Detection/Dataset/S11F04/Fake/19.wav,1,MEN,MEN-S11F04,TG:bc0f2c6a0e07b2a6,-16.984375,1,0.5241666666666667,4.2051322e-08
mendeley/extracted/Bangla Audio Dataset Original and DeepFake Voices for AI-Based Voice Analysis and Detection/Dataset/S11F04/Fake/2.wav,1,MEN,MEN-S11F04,TG:ea8971d60c8a3d84,-6.796875,1,0.3658333333333333,0.0011160142
mendeley/extracted/Bangla Audio Dataset Original and DeepFake Voices for AI-Based Voice Analysis and Detection/Dataset/S11F04/Fake/20.wav,1,MEN,MEN-S11F04,TG:39cfe8a6d823ad48,-6.7421875,1,0.5808333333333333,0.001178672
mendeley/extracted/Bangla Audio Dataset Original and DeepFake Voices for AI-Based Voice Analysis and Detection/Dataset/S11F04/Fake/21.wav,1,MEN,MEN-S11F04,TG:d51ff1fb9a1168b3,-2.3222656,1,0.5575,0.08929565
mendeley/extracted/Bangla Audio Dataset Original and DeepFake Voices for AI-Based Voice Analysis and Detection/Dataset/S11F04/Fake/22.wav,1,MEN,MEN-S11F04,TG:6b10fe5360d0e7f0,-7.8710938,1,0.4041666666666667,0.00038147118
mendeley/extracted/Bangla Audio Dataset Original and DeepFake Voices for AI-Based Voice Analysis and Detection/Dataset/S11F04/Fake/23.wav,1,MEN,MEN-S11F04,TG:e157bbeeb235cb6a,-13.9609375,1,0.4825,8.646522e-07
mendeley/extracted/Bangla Audio Dataset Original and DeepFake Voices for AI-Based Voice Analysis and Detection/Dataset/S11F04/Fake/24.wav,1,MEN,MEN-S11F04,TG:2a9e487decd776c5,-4.5820312,1,0.3991666666666666,0.010130413
mendeley/extracted/Bangla Audio Dataset Original and DeepFake Voices for AI-Based Voice Analysis and Detection/Dataset/S11F04/Fake/25.wav,1,MEN,MEN-S11F04,TG:4d4c34eabaac8b21,-9.90625,1,0.4408333333333333,4.9859584e-05
mendeley/extracted/Bangla Audio Dataset Original and DeepFake Voices for AI-Based Voice Analysis and Detection/Dataset/S11F04/Fake/26.wav,1,MEN,MEN-S11F04,TG:dbdf0c4b52c43061,-17.5625,1,0.5208333333333333,2.3588655e-08
mendeley/extracted/Bangla Audio Dataset Original and DeepFake Voices for AI-Based Voice Analysis and Detection/Dataset/S11F04/Fake/27.wav,1,MEN,MEN-S11F04,TG:329dcc685ab1bc7b,-6.1132812,1,0.5608333333333333,0.0022083889
mendeley/extracted/Bangla Audio Dataset Original and DeepFake Voices for AI-Based Voice Analysis and Detection/Dataset/S11F04/Fake/28.wav,1,MEN,MEN-S11F04,TG:449f908bd492908d,-18.46875,1,0.4741666666666666,9.530678e-09
mendeley/extracted/Bangla Audio Dataset Original and DeepFake Voices for AI-Based Voice Analysis and Detection/Dataset/S11F04/Fake/29.wav,1,MEN,MEN-S11F04,TG:181c8cafbfc40722,6.0390625,1,0.5025,0.99762183
mendeley/extracted/Bangla Audio Dataset Original and DeepFake Voices for AI-Based Voice Analysis and Detection/Dataset/S11F04/Fake/3.wav,1,MEN,MEN-S11F04,TG:017a83ba301f0b69,-10.046875,1,0.5475,4.3319036e-05
mendeley/extracted/Bangla Audio Dataset Original and DeepFake Voices for AI-Based Voice Analysis and Detection/Dataset/S11F04/Fake/30.wav,1,MEN,MEN-S11F04,TG:6a64af8cbace37e4,5.6328125,1,0.2691666666666666,0.9964342
mendeley/extracted/Bangla Audio Dataset Original and DeepFake Voices for AI-Based Voice Analysis and Detection/Dataset/S11F04/Fake/4.wav,1,MEN,MEN-S11F04,TG:eebedcc2c0031aad,10.765625,1,0.5358333333333334,0.9999789
mendeley/extracted/Bangla Audio Dataset Original and DeepFake Voices for AI-Based Voice Analysis and Detection/Dataset/S11F04/Fake/5.wav,1,MEN,MEN-S11F04,TG:d6de9b7770d9f7f2,-14.0234375,1,0.5258333333333334,8.122657e-07
mendeley/extracted/Bangla Audio Dataset Original and DeepFake Voices for AI-Based Voice Analysis and Detection/Dataset/S11F04/Fake/6.wav,1,MEN,MEN-S11F04,TG:31de86c32ec8fe13,-8.59375,1,0.5308333333333333,0.00018522573
mendeley/extracted/Bangla Audio Dataset Original and DeepFake Voices for AI-Based Voice Analysis and Detection/Dataset/S11F04/Fake/7.wav,1,MEN,MEN-S11F04,TG:5b3673d2432ab3fb,-8.9375,1,0.4708333333333333,0.0001313518
mendeley/extracted/Bangla Audio Dataset Original and DeepFake Voices for AI-Based Voice Analysis and Detection/Dataset/S11F04/Fake/8.wav,1,MEN,MEN-S11F04,TG:4f86653bb20c8a4c,-15.7890625,1,0.4008333333333334,1.3896238e-07
mendeley/extracted/Bangla Audio Dataset Original and DeepFake Voices for AI-Based Voice Analysis and Detection/Dataset/S11F04/Fake/9.wav,1,MEN,MEN-S11F04,TG:e90d11ccf74f6fd3,6.2109375,1,0.4475,0.9979966
mendeley/extracted/Bangla Audio Dataset Original and DeepFake Voices for AI-Based Voice Analysis and Detection/Dataset/S11F04/Real/1.wav,0,MEN,MEN-S11F04,TG:2cc4f4d2a83c1413,-15.5546875,1,0.4675,1.756649e-07
mendeley/extracted/Bangla Audio Dataset Original and DeepFake Voices for AI-Based Voice Analysis and Detection/Dataset/S11F04/Real/10.wav,0,MEN,MEN-S11F04,TG:a274fcdc210bc630,-5.4492188,1,0.3508333333333333,0.0042812545
mendeley/extracted/Bangla Audio Dataset Original and DeepFake Voices for AI-Based Voice Analysis and Detection/Dataset/S11F04/Real/11.wav,0,MEN,MEN-S11F04,TG:3ff090a90db76715,-44.4375,1,0.4508333333333333,5.0238766e-20
mendeley/extracted/Bangla Audio Dataset Original and DeepFake Voices for AI-Based Voice Analysis and Detection/Dataset/S11F04/Real/12.wav,0,MEN,MEN-S11F04,TG:71382ca3963bf670,-32.03125,1,0.4008333333333334,1.22745315e-14
mendeley/extracted/Bangla Audio Dataset Original and DeepFake Voices for AI-Based Voice Analysis and Detection/Dataset/S11F04/Real/13.wav,0,MEN,MEN-S11F04,TG:452ffb045be62656,4.2109375,1,0.3508333333333333,0.9853843
mendeley/extracted/Bangla Audio Dataset Original and DeepFake Voices for AI-Based Voice Analysis and Detection/Dataset/S11F04/Real/14.wav,0,MEN,MEN-S11F04,TG:7eedeccecbd89970,10.3828125,1,0.4841666666666666,0.999969
mendeley/extracted/Bangla Audio Dataset Original and DeepFake Voices for AI-Based Voice Analysis and Detection/Dataset/S11F04/Real/15.wav,0,MEN,MEN-S11F04,TG:d87b618675761d08,-32.375,1,0.3841666666666666,8.703945e-15
mendeley/extracted/Bangla Audio Dataset Original and DeepFake Voices for AI-Based Voice Analysis and Detection/Dataset/S11F04/Real/16.wav,0,MEN,MEN-S11F04,TG:bb75654add7236ae,-22.953125,1,0.4175,1.0754357e-10
mendeley/extracted/Bangla Audio Dataset Original and DeepFake Voices for AI-Based Voice Analysis and Detection/Dataset/S11F04/Real/17.wav,0,MEN,MEN-S11F04,TG:89ee3dc6d83890bd,-20.328125,1,0.3841666666666666,1.4845933e-09
mendeley/extracted/Bangla Audio Dataset Original and DeepFake Voices for AI-Based Voice Analysis and Detection/Dataset/S11F04/Real/18.wav,0,MEN,MEN-S11F04,TG:818304947fb7a25a,-15.5078125,1,0.4175,1.8409523e-07
mendeley/extracted/Bangla Audio Dataset Original and DeepFake Voices for AI-Based Voice Analysis and Detection/Dataset/S11F04/Real/19.wav,0,MEN,MEN-S11F04,TG:bc0f2c6a0e07b2a6,-22.203125,1,0.3675,2.2766974e-10
mendeley/extracted/Bangla Audio Dataset Original and DeepFake Voices for AI-Based Voice Analysis and Detection/Dataset/S11F04/Real/2.wav,0,MEN,MEN-S11F04,TG:ea8971d60c8a3d84,-1.8359375,1,0.4675,0.13753247
mendeley/extracted/Bangla Audio Dataset Original and DeepFake Voices for AI-Based Voice Analysis and Detection/Dataset/S11F04/Real/20.wav,0,MEN,MEN-S11F04,TG:39cfe8a6d823ad48,-1.3652344,1,0.4508333333333333,0.2033909
mendeley/extracted/Bangla Audio Dataset Original and DeepFake Voices for AI-Based Voice Analysis and Detection/Dataset/S11F04/Real/21.wav,0,MEN,MEN-S11F04,TG:d51ff1fb9a1168b3,-8.9296875,1,0.4841666666666666,0.00013238186
mendeley/extracted/Bangla Audio Dataset Original and DeepFake Voices for AI-Based Voice Analysis and Detection/Dataset/S11F04/Real/22.wav,0,MEN,MEN-S11F04,TG:6b10fe5360d0e7f0,-31.640625,1,0.4175,1.814058e-14
mendeley/extracted/Bangla Audio Dataset Original and DeepFake Voices for AI-Based Voice Analysis and Detection/Dataset/S11F04/Real/23.wav,0,MEN,MEN-S11F04,TG:e157bbeeb235cb6a,-10.15625,1,0.4008333333333334,3.883111e-05
mendeley/extracted/Bangla Audio Dataset Original and DeepFake Voices for AI-Based Voice Analysis and Detection/Dataset/S11F04/Real/24.wav,0,MEN,MEN-S11F04,TG:2a9e487decd776c5,14.546875,1,0.3841666666666666,0.9999995
mendeley/extracted/Bangla Audio Dataset Original and DeepFake Voices for AI-Based Voice Analysis and Detection/Dataset/S11F04/Real/25.wav,0,MEN,MEN-S11F04,TG:4d4c34eabaac8b21,-0.46435547,1,0.3841666666666666,0.38595313
mendeley/extracted/Bangla Audio Dataset Original and DeepFake Voices for AI-Based Voice Analysis and Detection/Dataset/S11F04/Real/26.wav,0,MEN,MEN-S11F04,TG:dbdf0c4b52c43061,-28.734375,1,0.4341666666666667,3.3175654e-13
mendeley/extracted/Bangla Audio Dataset Original and DeepFake Voices for AI-Based Voice Analysis and Detection/Dataset/S11F04/Real/27.wav,0,MEN,MEN-S11F04,TG:329dcc685ab1bc7b,-16.859375,1,0.3841666666666666,4.765039e-08
mendeley/extracted/Bangla Audio Dataset Original and DeepFake Voices for AI-Based Voice Analysis and Detection/Dataset/S11F04/Real/28.wav,0,MEN,MEN-S11F04,TG:449f908bd492908d,-29.203125,1,0.4841666666666666,2.0760792e-13
mendeley/extracted/Bangla Audio Dataset Original and DeepFake Voices for AI-Based Voice Analysis and Detection/Dataset/S11F04/Real/29.wav,0,MEN,MEN-S11F04,TG:181c8cafbfc40722,-34.5625,1,0.4675,9.765555e-16
mendeley/extracted/Bangla Audio Dataset Original and DeepFake Voices for AI-Based Voice Analysis and Detection/Dataset/S11F04/Real/3.wav,0,MEN,MEN-S11F04,TG:017a83ba301f0b69,-23.625,1,0.4341666666666667,5.492789e-11
mendeley/extracted/Bangla Audio Dataset Original and DeepFake Voices for AI-Based Voice Analysis and Detection/Dataset/S11F04/Real/30.wav,0,MEN,MEN-S11F04,TG:6a64af8cbace37e4,-2.8925781,1,0.3508333333333333,0.052521676
mendeley/extracted/Bangla Audio Dataset Original and DeepFake Voices for AI-Based Voice Analysis and Detection/Dataset/S11F04/Real/4.wav,0,MEN,MEN-S11F04,TG:eebedcc2c0031aad,-39.21875,1,0.4341666666666667,9.279259e-18
mendeley/extracted/Bangla Audio Dataset Original and DeepFake Voices for AI-Based Voice Analysis and Detection/Dataset/S11F04/Real/5.wav,0,MEN,MEN-S11F04,TG:d6de9b7770d9f7f2,-16.265625,1,0.4008333333333334,8.628371e-08
mendeley/extracted/Bangla Audio Dataset Original and DeepFake Voices for AI-Based Voice Analysis and Detection/Dataset/S11F04/Real/6.wav,0,MEN,MEN-S11F04,TG:31de86c32ec8fe13,-3.4472656,1,0.4024999999999999,0.03085051
mendeley/extracted/Bangla Audio Dataset Original and DeepFake Voices for AI-Based Voice Analysis and Detection/Dataset/S11F04/Real/7.wav,0,MEN,MEN-S11F04,TG:5b3673d2432ab3fb,-8.5703125,1,0.4191666666666667,0.00018961739
mendeley/extracted/Bangla Audio Dataset Original and DeepFake Voices for AI-Based Voice Analysis and Detection/Dataset/S11F04/Real/8.wav,0,MEN,MEN-S11F04,TG:4f86653bb20c8a4c,-30.5625,1,0.4675,5.3318125e-14
mendeley/extracted/Bangla Audio Dataset Original and DeepFake Voices for AI-Based Voice Analysis and Detection/Dataset/S11F04/Real/9.wav,0,MEN,MEN-S11F04,TG:e90d11ccf74f6fd3,10.0703125,1,0.3841666666666666,0.9999577
mendeley/extracted/Bangla Audio Dataset Original and DeepFake Voices for AI-Based Voice Analysis and Detection/Dataset/S11M01/Fake/1.wav,1,MEN,MEN-S11M01,TG:2cc4f4d2a83c1413,-11.5390625,1,0.3008333333333333,9.7419215e-06
mendeley/extracted/Bangla Audio Dataset Original and DeepFake Voices for AI-Based Voice Analysis and Detection/Dataset/S11M01/Fake/10.wav,1,MEN,MEN-S11M01,TG:a274fcdc210bc630,-19.78125,1,0.5325,2.5651472e-09
mendeley/extracted/Bangla Audio Dataset Original and DeepFake Voices for AI-Based Voice Analysis and Detection/Dataset/S11M01/Fake/11.wav,1,MEN,MEN-S11M01,TG:3ff090a90db76715,-13.0390625,1,0.3808333333333333,2.1737328e-06
mendeley/extracted/Bangla Audio Dataset Original and DeepFake Voices for AI-Based Voice Analysis and Detection/Dataset/S11M01/Fake/12.wav,1,MEN,MEN-S11M01,TG:71382ca3963bf670,-23.671875,1,0.5375,5.2412557e-11
mendeley/extracted/Bangla Audio Dataset Original and DeepFake Voices for AI-Based Voice Analysis and Detection/Dataset/S11M01/Fake/13.wav,1,MEN,MEN-S11M01,TG:452ffb045be62656,-12.46875,1,0.5241666666666667,3.844935e-06
mendeley/extracted/Bangla Audio Dataset Original and DeepFake Voices for AI-Based Voice Analysis and Detection/Dataset/S11M01/Fake/14.wav,1,MEN,MEN-S11M01,TG:7eedeccecbd89970,-19.90625,1,0.5775,2.2637345e-09
mendeley/extracted/Bangla Audio Dataset Original and DeepFake Voices for AI-Based Voice Analysis and Detection/Dataset/S11M01/Fake/15.wav,1,MEN,MEN-S11M01,TG:d87b618675761d08,-16.1875,1,0.3325,9.329492e-08
mendeley/extracted/Bangla Audio Dataset Original and DeepFake Voices for AI-Based Voice Analysis and Detection/Dataset/S11M01/Fake/16.wav,1,MEN,MEN-S11M01,TG:bb75654add7236ae,-24.796875,1,0.5141666666666667,1.7015864e-11
mendeley/extracted/Bangla Audio Dataset Original and DeepFake Voices for AI-Based Voice Analysis and Detection/Dataset/S11M01/Fake/17.wav,1,MEN,MEN-S11M01,TG:89ee3dc6d83890bd,-26.453125,1,0.4308333333333333,3.2475348e-12
mendeley/extracted/Bangla Audio Dataset Original and DeepFake Voices for AI-Based Voice Analysis and Detection/Dataset/S11M01/Fake/18.wav,1,MEN,MEN-S11M01,TG:818304947fb7a25a,-14.625,1,0.5125,4.4508508e-07
mendeley/extracted/Bangla Audio Dataset Original and DeepFake Voices for AI-Based Voice Analysis and Detection/Dataset/S11M01/Fake/19.wav,1,MEN,MEN-S11M01,TG:bc0f2c6a0e07b2a6,-16.390625,1,0.4125,7.6145106e-08
mendeley/extracted/Bangla Audio Dataset Original and DeepFake Voices for AI-Based Voice Analysis and Detection/Dataset/S11M01/Fake/2.wav,1,MEN,MEN-S11M01,TG:ea8971d60c8a3d84,-18.234375,1,0.4141666666666667,1.2047906e-08
mendeley/extracted/Bangla Audio Dataset Original and DeepFake Voices for AI-Based Voice Analysis and Detection/Dataset/S11M01/Fake/20.wav,1,MEN,MEN-S11M01,TG:39cfe8a6d823ad48,-21.1875,1,0.5341666666666667,6.286164e-10
mendeley/extracted/Bangla Audio Dataset Original and DeepFake Voices for AI-Based Voice Analysis and Detection/Dataset/S11M01/Fake/21.wav,1,MEN,MEN-S11M01,TG:d51ff1fb9a1168b3,-36.8125,1,0.5075000000000001,1.029282e-16
mendeley/extracted/Bangla Audio Dataset Original and DeepFake Voices for AI-Based Voice Analysis and Detection/Dataset/S11M01/Fake/22.wav,1,MEN,MEN-S11M01,TG:6b10fe5360d0e7f0,-20.203125,1,0.3058333333333333,1.6822647e-09
mendeley/extracted/Bangla Audio Dataset Original and DeepFake Voices for AI-Based Voice Analysis and Detection/Dataset/S11M01/Fake/23.wav,1,MEN,MEN-S11M01,TG:e157bbeeb235cb6a,-13.2578125,1,0.6191666666666666,1.746644e-06
mendeley/extracted/Bangla Audio Dataset Original and DeepFake Voices for AI-Based Voice Analysis and Detection/Dataset/S11M01/Fake/24.wav,1,MEN,MEN-S11M01,TG:2a9e487decd776c5,-22.578125,1,0.3941666666666666,1.5647499e-10
mendeley/extracted/Bangla Audio Dataset Original and DeepFake Voices for AI-Based Voice Analysis and Detection/Dataset/S11M01/Fake/25.wav,1,MEN,MEN-S11M01,TG:4d4c34eabaac8b21,-21.953125,1,0.4841666666666666,2.9233374e-10
mendeley/extracted/Bangla Audio Dataset Original and DeepFake Voices for AI-Based Voice Analysis and Detection/Dataset/S11M01/Fake/26.wav,1,MEN,MEN-S11M01,TG:dbdf0c4b52c43061,-9.6953125,1,0.4775,6.156764e-05
mendeley/extracted/Bangla Audio Dataset Original and DeepFake Voices for AI-Based Voice Analysis and Detection/Dataset/S11M01/Fake/27.wav,1,MEN,MEN-S11M01,TG:329dcc685ab1bc7b,-10.015625,1,0.5191666666666667,4.4694076e-05
mendeley/extracted/Bangla Audio Dataset Original and DeepFake Voices for AI-Based Voice Analysis and Detection/Dataset/S11M01/Fake/28.wav,1,MEN,MEN-S11M01,TG:449f908bd492908d,-7.03125,1,0.4725,0.0008830458
mendeley/extracted/Bangla Audio Dataset Original and DeepFake Voices for AI-Based Voice Analysis and Detection/Dataset/S11M01/Fake/29.wav,1,MEN,MEN-S11M01,TG:181c8cafbfc40722,-8.0078125,1,0.4125,0.0003327413
mendeley/extracted/Bangla Audio Dataset Original and DeepFake Voices for AI-Based Voice Analysis and Detection/Dataset/S11M01/Fake/3.wav,1,MEN,MEN-S11M01,TG:017a83ba301f0b69,-24.015625,1,0.3908333333333333,3.7166065e-11
mendeley/extracted/Bangla Audio Dataset Original and DeepFake Voices for AI-Based Voice Analysis and Detection/Dataset/S11M01/Fake/30.wav,1,MEN,MEN-S11M01,TG:6a64af8cbace37e4,-21.5,1,0.3908333333333333,4.5990553e-10
mendeley/extracted/Bangla Audio Dataset Original and DeepFake Voices for AI-Based Voice Analysis and Detection/Dataset/S11M01/Fake/4.wav,1,MEN,MEN-S11M01,TG:eebedcc2c0031aad,-7.1132812,1,0.5208333333333333,0.00081355654
mendeley/extracted/Bangla Audio Dataset Original and DeepFake Voices for AI-Based Voice Analysis and Detection/Dataset/S11M01/Fake/5.wav,1,MEN,MEN-S11M01,TG:d6de9b7770d9f7f2,-1.6474609,1,0.4408333333333333,0.16145241
mendeley/extracted/Bangla Audio Dataset Original and DeepFake Voices for AI-Based Voice Analysis and Detection/Dataset/S11M01/Fake/6.wav,1,MEN,MEN-S11M01,TG:31de86c32ec8fe13,-19.328125,1,0.5458333333333334,4.0355426e-09
mendeley/extracted/Bangla Audio Dataset Original and DeepFake Voices for AI-Based Voice Analysis and Detection/Dataset/S11M01/Fake/7.wav,1,MEN,MEN-S11M01,TG:5b3673d2432ab3fb,-25.875,1,0.4608333333333333,5.7893564e-12
mendeley/extracted/Bangla Audio Dataset Original and DeepFake Voices for AI-Based Voice Analysis and Detection/Dataset/S11M01/Fake/8.wav,1,MEN,MEN-S11M01,TG:4f86653bb20c8a4c,-17.015625,1,0.5741666666666667,4.0757534e-08
mendeley/extracted/Bangla Audio Dataset Original and DeepFake Voices for AI-Based Voice Analysis and Detection/Dataset/S11M01/Fake/9.wav,1,MEN,MEN-S11M01,TG:e90d11ccf74f6fd3,-14.8125,1,0.4991666666666666,3.6898848e-07
mendeley/extracted/Bangla Audio Dataset Original and DeepFake Voices for AI-Based Voice Analysis and Detection/Dataset/S11M01/Real/1.wav,0,MEN,MEN-S11M01,TG:2cc4f4d2a83c1413,-12.3515625,1,0.3508333333333333,4.3229747e-06
mendeley/extracted/Bangla Audio Dataset Original and DeepFake Voices for AI-Based Voice Analysis and Detection/Dataset/S11M01/Real/10.wav,0,MEN,MEN-S11M01,TG:a274fcdc210bc630,-25.8125,1,0.3508333333333333,6.162738e-12
mendeley/extracted/Bangla Audio Dataset Original and DeepFake Voices for AI-Based Voice Analysis and Detection/Dataset/S11M01/Real/11.wav,0,MEN,MEN-S11M01,TG:3ff090a90db76715,-20.078125,1,0.3275,1.9062556e-09
mendeley/extracted/Bangla Audio Dataset Original and DeepFake Voices for AI-Based Voice Analysis and Detection/Dataset/S11M01/Real/12.wav,0,MEN,MEN-S11M01,TG:71382ca3963bf670,-50.9375,1,0.3891666666666666,7.5530926e-23
mendeley/extracted/Bangla Audio Dataset Original and DeepFake Voices for AI-Based Voice Analysis and Detection/Dataset/S11M01/Real/13.wav,0,MEN,MEN-S11M01,TG:452ffb045be62656,-24.265625,1,0.3891666666666666,2.894496e-11
mendeley/extracted/Bangla Audio Dataset Original and DeepFake Voices for AI-Based Voice Analysis and Detection/Dataset/S11M01/Real/14.wav,0,MEN,MEN-S11M01,TG:7eedeccecbd89970,-32.96875,1,0.3675,4.806775e-15
mendeley/extracted/Bangla Audio Dataset Original and DeepFake Voices for AI-Based Voice Analysis and Detection/Dataset/S11M01/Real/15.wav,0,MEN,MEN-S11M01,TG:d87b618675761d08,-25.15625,1,0.2841666666666667,1.1878988e-11
mendeley/extracted/Bangla Audio Dataset Original and DeepFake Voices for AI-Based Voice Analysis and Detection/Dataset/S11M01/Real/16.wav,0,MEN,MEN-S11M01,TG:bb75654add7236ae,-33.34375,1,0.3874999999999999,3.303645e-15
mendeley/extracted/Bangla Audio Dataset Original and DeepFake Voices for AI-Based Voice Analysis and Detection/Dataset/S11M01/Real/17.wav,0,MEN,MEN-S11M01,TG:89ee3dc6d83890bd,-27.53125,1,0.3908333333333333,1.104918e-12
mendeley/extracted/Bangla Audio Dataset Original and DeepFake Voices for AI-Based Voice Analysis and Detection/Dataset/S11M01/Real/18.wav,0,MEN,MEN-S11M01,TG:818304947fb7a25a,-24.359375,1,0.3908333333333333,2.6354684e-11
mendeley/extracted/Bangla Audio Dataset Original and DeepFake Voices for AI-Based Voice Analysis and Detection/Dataset/S11M01/Real/19.wav,0,MEN,MEN-S11M01,TG:bc0f2c6a0e07b2a6,-26.53125,1,0.3208333333333333,3.0034783e-12
mendeley/extracted/Bangla Audio Dataset Original and DeepFake Voices for AI-Based Voice Analysis and Detection/Dataset/S11M01/Real/2.wav,0,MEN,MEN-S11M01,TG:ea8971d60c8a3d84,-22.765625,1,0.3675,1.2972232e-10
mendeley/extracted/Bangla Audio Dataset Original and DeepFake Voices for AI-Based Voice Analysis and Detection/Dataset/S11M01/Real/20.wav,0,MEN,MEN-S11M01,TG:39cfe8a6d823ad48,-35.03125,1,0.3874999999999999,6.1111294e-16
mendeley/extracted/Bangla Audio Dataset Original and DeepFake Voices for AI-Based Voice Analysis and Detection/Dataset/S11M01/Real/21.wav,0,MEN,MEN-S11M01,TG:d51ff1fb9a1168b3,-44.46875,1,0.3675,4.869308e-20
mendeley/extracted/Bangla Audio Dataset Original and DeepFake Voices for AI-Based Voice Analysis and Detection/Dataset/S11M01/Real/22.wav,0,MEN,MEN-S11M01,TG:6b10fe5360d0e7f0,-26.140625,1,0.2758333333333334,4.438854e-12
mendeley/extracted/Bangla Audio Dataset Original and DeepFake Voices for AI-Based Voice Analysis and Detection/Dataset/S11M01/Real/23.wav,0,MEN,MEN-S11M01,TG:e157bbeeb235cb6a,-32.15625,1,0.5041666666666667,1.0832234e-14
mendeley/extracted/Bangla Audio Dataset Original and DeepFake Voices for AI-Based Voice Analysis and Detection/Dataset/S11M01/Real/24.wav,0,MEN,MEN-S11M01,TG:2a9e487decd776c5,-28.765625,1,0.2908333333333334,3.2154948e-13
mendeley/extracted/Bangla Audio Dataset Original and DeepFake Voices for AI-Based Voice Analysis and Detection/Dataset/S11M01/Real/25.wav,0,MEN,MEN-S11M01,TG:4d4c34eabaac8b21,-21.4375,1,0.3525,4.895669e-10
mendeley/extracted/Bangla Audio Dataset Original and DeepFake Voices for AI-Based Voice Analysis and Detection/Dataset/S11M01/Real/26.wav,0,MEN,MEN-S11M01,TG:dbdf0c4b52c43061,-32.25,1,0.3175,9.862863e-15
mendeley/extracted/Bangla Audio Dataset Original and DeepFake Voices for AI-Based Voice Analysis and Detection/Dataset/S11M01/Real/27.wav,0,MEN,MEN-S11M01,TG:329dcc685ab1bc7b,-24.015625,1,0.3841666666666666,3.7166065e-11
mendeley/extracted/Bangla Audio Dataset Original and DeepFake Voices for AI-Based Voice Analysis and Detection/Dataset/S11M01/Real/28.wav,0,MEN,MEN-S11M01,TG:449f908bd492908d,-18.0,1,0.3125,1.5229979e-08
mendeley/extracted/Bangla Audio Dataset Original and DeepFake Voices for AI-Based Voice Analysis and Detection/Dataset/S11M01/Real/29.wav,0,MEN,MEN-S11M01,TG:181c8cafbfc40722,-35.9375,1,0.3225,2.4691193e-16
mendeley/extracted/Bangla Audio Dataset Original and DeepFake Voices for AI-Based Voice Analysis and Detection/Dataset/S11M01/Real/3.wav,0,MEN,MEN-S11M01,TG:017a83ba301f0b69,-25.125,1,0.2508333333333333,1.2256068e-11
mendeley/extracted/Bangla Audio Dataset Original and DeepFake Voices for AI-Based Voice Analysis and Detection/Dataset/S11M01/Real/30.wav,0,MEN,MEN-S11M01,TG:6a64af8cbace37e4,-27.078125,1,0.2508333333333333,1.7382801e-12
mendeley/extracted/Bangla Audio Dataset Original and DeepFake Voices for AI-Based Voice Analysis and Detection/Dataset/S11M01/Real/4.wav,0,MEN,MEN-S11M01,TG:eebedcc2c0031aad,-25.71875,1,0.3008333333333333,6.7684434e-12
mendeley/extracted/Bangla Audio Dataset Original and DeepFake Voices for AI-Based Voice Analysis and Detection/Dataset/S11M01/Real/5.wav,0,MEN,MEN-S11M01,TG:d6de9b7770d9f7f2,-25.6875,1,0.2958333333333333,6.9832963e-12
mendeley/extracted/Bangla Audio Dataset Original and DeepFake Voices for AI-Based Voice Analysis and Detection/Dataset/S11M01/Real/6.wav,0,MEN,MEN-S11M01,TG:31de86c32ec8fe13,-12.40625,1,0.3341666666666666,4.0929112e-06
mendeley/extracted/Bangla Audio Dataset Original and DeepFake Voices for AI-Based Voice Analysis and Detection/Dataset/S11M01/Real/7.wav,0,MEN,MEN-S11M01,TG:5b3673d2432ab3fb,-27.71875,1,0.4675,9.160091e-13
mendeley/extracted/Bangla Audio Dataset Original and DeepFake Voices for AI-Based Voice Analysis and Detection/Dataset/S11M01/Real/8.wav,0,MEN,MEN-S11M01,TG:4f86653bb20c8a4c,-25.234375,1,0.4058333333333334,1.0986268e-11
mendeley/extracted/Bangla Audio Dataset Original and DeepFake Voices for AI-Based Voice Analysis and Detection/Dataset/S11M01/Real/9.wav,0,MEN,MEN-S11M01,TG:e90d11ccf74f6fd3,-34.0,1,0.3558333333333333,1.7139083e-15
mendeley/extracted/Bangla Audio Dataset Original and DeepFake Voices for AI-Based Voice Analysis and Detection/Dataset/S11M03/Fake/1.wav,1,MEN,MEN-S11M03,TG:2cc4f4d2a83c1413,-21.625,1,0.2708333333333333,4.058652e-10
mendeley/extracted/Bangla Audio Dataset Original and DeepFake Voices for AI-Based Voice Analysis and Detection/Dataset/S11M03/Fake/10.wav,1,MEN,MEN-S11M03,TG:a274fcdc210bc630,6.4414062,1,0.4558333333333333,0.9984084
mendeley/extracted/Bangla Audio Dataset Original and DeepFake Voices for AI-Based Voice Analysis and Detection/Dataset/S11M03/Fake/11.wav,1,MEN,MEN-S11M03,TG:3ff090a90db76715,-10.1328125,1,0.3525,3.9751925e-05
mendeley/extracted/Bangla Audio Dataset Original and DeepFake Voices for AI-Based Voice Analysis and Detection/Dataset/S11M03/Fake/12.wav,1,MEN,MEN-S11M03,TG:71382ca3963bf670,-22.328125,1,0.4775,2.0091785e-10
mendeley/extracted/Bangla Audio Dataset Original and DeepFake Voices for AI-Based Voice Analysis and Detection/Dataset/S11M03/Fake/13.wav,1,MEN,MEN-S11M03,TG:452ffb045be62656,-0.11315918,1,0.4458333333333333,0.47174037
mendeley/extracted/Bangla Audio Dataset Original and DeepFake Voices for AI-Based Voice Analysis and Detection/Dataset/S11M03/Fake/14.wav,1,MEN,MEN-S11M03,TG:7eedeccecbd89970,4.5898438,1,0.5391666666666667,0.9899476
mendeley/extracted/Bangla Audio Dataset Original and DeepFake Voices for AI-Based Voice Analysis and Detection/Dataset/S11M03/Fake/15.wav,1,MEN,MEN-S11M03,TG:d87b618675761d08,-26.046875,1,0.3041666666666667,4.8751268e-12
mendeley/extracted/Bangla Audio Dataset Original and DeepFake Voices for AI-Based Voice Analysis and Detection/Dataset/S11M03/Fake/16.wav,1,MEN,MEN-S11M03,TG:bb75654add7236ae,-3.4960938,1,0.5591666666666666,0.02942358
mendeley/extracted/Bangla Audio Dataset Original and DeepFake Voices for AI-Based Voice Analysis and Detection/Dataset/S11M03/Fake/17.wav,1,MEN,MEN-S11M03,TG:89ee3dc6d83890bd,-10.609375,1,0.4158333333333334,2.4682904e-05
mendeley/extracted/Bangla Audio Dataset Original and DeepFake Voices for AI-Based Voice Analysis and Detection/Dataset/S11M03/Fake/18.wav,1,MEN,MEN-S11M03,TG:818304947fb7a25a,-13.8125,1,0.4691666666666666,1.0030141e-06
mendeley/extracted/Bangla Audio Dataset Original and DeepFake Voices for AI-Based Voice Analysis and Detection/Dataset/S11M03/Fake/19.wav,1,MEN,MEN-S11M03,TG:bc0f2c6a0e07b2a6,-16.3125,1,0.3924999999999999,8.2332484e-08
mendeley/extracted/Bangla Audio Dataset Original and DeepFake Voices for AI-Based Voice Analysis and Detection/Dataset/S11M03/Fake/2.wav,1,MEN,MEN-S11M03,TG:ea8971d60c8a3d84,-17.5,1,0.4841666666666666,2.5109992e-08
mendeley/extracted/Bangla Audio Dataset Original and DeepFake Voices for AI-Based Voice Analysis and Detection/Dataset/S11M03/Fake/20.wav,1,MEN,MEN-S11M03,TG:39cfe8a6d823ad48,-8.8828125,1,0.5125,0.00013873413
mendeley/extracted/Bangla Audio Dataset Original and DeepFake Voices for AI-Based Voice Analysis and Detection/Dataset/S11M03/Fake/21.wav,1,MEN,MEN-S11M03,TG:d51ff1fb9a1168b3,-19.953125,1,0.4841666666666666,2.1600706e-09
mendeley/extracted/Bangla Audio Dataset Original and DeepFake Voices for AI-Based Voice Analysis and Detection/Dataset/S11M03/Fake/22.wav,1,MEN,MEN-S11M03,TG:6b10fe5360d0e7f0,-14.484375,1,0.2541666666666666,5.122897e-07
mendeley/extracted/Bangla Audio Dataset Original and DeepFake Voices for AI-Based Voice Analysis and Detection/Dataset/S11M03/Fake/23.wav,1,MEN,MEN-S11M03,TG:e157bbeeb235cb6a,-16.203125,1,0.5391666666666667,9.184853e-08
mendeley/extracted/Bangla Audio Dataset Original and DeepFake Voices for AI-Based Voice Analysis and Detection/Dataset/S11M03/Fake/24.wav,1,MEN,MEN-S11M03,TG:2a9e487decd776c5,1.3339844,1,0.2941666666666667,0.7914989
mendeley/extracted/Bangla Audio Dataset Original and DeepFake Voices for AI-Based Voice Analysis and Detection/Dataset/S11M03/Fake/25.wav,1,MEN,MEN-S11M03,TG:4d4c34eabaac8b21,0.11871338,1,0.4275,0.52964354
mendeley/extracted/Bangla Audio Dataset Original and DeepFake Voices for AI-Based Voice Analysis and Detection/Dataset/S11M03/Fake/26.wav,1,MEN,MEN-S11M03,TG:dbdf0c4b52c43061,-7.3476562,1,0.4625,0.0006436856
mendeley/extracted/Bangla Audio Dataset Original and DeepFake Voices for AI-Based Voice Analysis and Detection/Dataset/S11M03/Fake/27.wav,1,MEN,MEN-S11M03,TG:329dcc685ab1bc7b,7.4960938,1,0.5258333333333334,0.999445
mendeley/extracted/Bangla Audio Dataset Original and DeepFake Voices for AI-Based Voice Analysis and Detection/Dataset/S11M03/Fake/28.wav,1,MEN,MEN-S11M03,TG:449f908bd492908d,-3.1914062,1,0.4508333333333333,0.039490405
mendeley/extracted/Bangla Audio Dataset Original and DeepFake Voices for AI-Based Voice Analysis and Detection/Dataset/S11M03/Fake/29.wav,1,MEN,MEN-S11M03,TG:181c8cafbfc40722,-13.4140625,1,0.4308333333333333,1.4939843e-06
mendeley/extracted/Bangla Audio Dataset Original and DeepFake Voices for AI-Based Voice Analysis and Detection/Dataset/S11M03/Fake/3.wav,1,MEN,MEN-S11M03,TG:017a83ba301f0b69,-17.28125,1,0.3974999999999999,3.1249886e-08
mendeley/extracted/Bangla Audio Dataset Original and DeepFake Voices for AI-Based Voice Analysis and Detection/Dataset/S11M03/Fake/30.wav,1,MEN,MEN-S11M03,TG:6a64af8cbace37e4,-12.203125,1,0.3558333333333333,5.014735e-06
mendeley/extracted/Bangla Audio Dataset Original and DeepFake Voices for AI-Based Voice Analysis and Detection/Dataset/S11M03/Fake/4.wav,1,MEN,MEN-S11M03,TG:eebedcc2c0031aad,4.7539062,1,0.4541666666666667,0.9914556
mendeley/extracted/Bangla Audio Dataset Original and DeepFake Voices for AI-Based Voice Analysis and Detection/Dataset/S11M03/Fake/5.wav,1,MEN,MEN-S11M03,TG:d6de9b7770d9f7f2,-12.796875,1,0.4008333333333334,2.769406e-06
mendeley/extracted/Bangla Audio Dataset Original and DeepFake Voices for AI-Based Voice Analysis and Detection/Dataset/S11M03/Fake/6.wav,1,MEN,MEN-S11M03,TG:31de86c32ec8fe13,-11.09375,1,0.5075000000000001,1.520684e-05
mendeley/extracted/Bangla Audio Dataset Original and DeepFake Voices for AI-Based Voice Analysis and Detection/Dataset/S11M03/Fake/7.wav,1,MEN,MEN-S11M03,TG:5b3673d2432ab3fb,-15.015625,1,0.5091666666666667,3.0115967e-07
mendeley/extracted/Bangla Audio Dataset Original and DeepFake Voices for AI-Based Voice Analysis and Detection/Dataset/S11M03/Fake/8.wav,1,MEN,MEN-S11M03,TG:4f86653bb20c8a4c,8.015625,1,0.5608333333333333,0.9996699
mendeley/extracted/Bangla Audio Dataset Original and DeepFake Voices for AI-Based Voice Analysis and Detection/Dataset/S11M03/Fake/9.wav,1,MEN,MEN-S11M03,TG:e90d11ccf74f6fd3,1.0625,1,0.4075,0.74316806
mendeley/extracted/Bangla Audio Dataset Original and DeepFake Voices for AI-Based Voice Analysis and Detection/Dataset/S11M03/Real/1.wav,0,MEN,MEN-S11M03,TG:2cc4f4d2a83c1413,5.6523438,1,0.4341666666666667,0.996503
mendeley/extracted/Bangla Audio Dataset Original and DeepFake Voices for AI-Based Voice Analysis and Detection/Dataset/S11M03/Real/10.wav,0,MEN,MEN-S11M03,TG:a274fcdc210bc630,-15.78125,1,0.3341666666666666,1.4005226e-07
mendeley/extracted/Bangla Audio Dataset Original and DeepFake Voices for AI-Based Voice Analysis and Detection/Dataset/S11M03/Real/11.wav,0,MEN,MEN-S11M03,TG:3ff090a90db76715,-5.765625,1,0.4508333333333333,0.0031236485
mendeley/extracted/Bangla Audio Dataset Original and DeepFake Voices for AI-Based Voice Analysis and Detection/Dataset/S11M03/Real/12.wav,0,MEN,MEN-S11M03,TG:71382ca3963bf670,1.7734375,1,0.3841666666666666,0.8548847
mendeley/extracted/Bangla Audio Dataset Original and DeepFake Voices for AI-Based Voice Analysis and Detection/Dataset/S11M03/Real/13.wav,0,MEN,MEN-S11M03,TG:452ffb045be62656,-0.0034008026,1,0.4024999999999999,0.49914983
mendeley/extracted/Bangla Audio Dataset Original and DeepFake Voices for AI-Based Voice Analysis and Detection/Dataset/S11M03/Real/14.wav,0,MEN,MEN-S11M03,TG:7eedeccecbd89970,-2.125,1,0.4841666666666666,0.1066906
mendeley/extracted/Bangla Audio Dataset Original and DeepFake Voices for AI-Based Voice Analysis and Detection/Dataset/S11M03/Real/15.wav,0,MEN,MEN-S11M03,TG:d87b618675761d08,-16.171875,1,0.3841666666666666,9.4764104e-08
mendeley/extracted/Bangla Audio Dataset Original and DeepFake Voices for AI-Based Voice Analysis and Detection/Dataset/S11M03/Real/16.wav,0,MEN,MEN-S11M03,TG:bb75654add7236ae,2.3242188,1,0.3525,0.91086304
mendeley/extracted/Bangla Audio Dataset Original and DeepFake Voices for AI-Based Voice Analysis and Detection/Dataset/S11M03/Real/17.wav,0,MEN,MEN-S11M03,TG:89ee3dc6d83890bd,6.1132812,1,0.4525,0.99779165
mendeley/extracted/Bangla Audio Dataset Original and DeepFake Voices for AI-Based Voice Analysis and Detection/Dataset/S11M03/Real/18.wav,0,MEN,MEN-S11M03,TG:818304947fb7a25a,-10.4296875,1,0.4508333333333333,2.9541427e-05
mendeley/extracted/Bangla Audio Dataset Original and DeepFake Voices for AI-Based Voice Analysis and Detection/Dataset/S11M03/Real/19.wav,0,MEN,MEN-S11M03,TG:bc0f2c6a0e07b2a6,3.625,1,0.4675,0.9740426
mendeley/extracted/Bangla Audio Dataset Original and DeepFake Voices for AI-Based Voice Analysis and Detection/Dataset/S11M03/Real/2.wav,0,MEN,MEN-S11M03,TG:ea8971d60c8a3d84,13.203125,1,0.5191666666666667,0.9999982
mendeley/extracted/Bangla Audio Dataset Original and DeepFake Voices for AI-Based Voice Analysis and Detection/Dataset/S11M03/Real/20.wav,0,MEN,MEN-S11M03,TG:39cfe8a6d823ad48,-5.3164062,1,0.4341666666666667,0.004886375
mendeley/extracted/Bangla Audio Dataset Original and DeepFake Voices for AI-Based Voice Analysis and Detection/Dataset/S11M03/Real/21.wav,0,MEN,MEN-S11M03,TG:d51ff1fb9a1168b3,-4.390625,1,0.4008333333333334,0.012241275
mendeley/extracted/Bangla Audio Dataset Original and DeepFake Voices for AI-Based Voice Analysis and Detection/Dataset/S11M03/Real/22.wav,0,MEN,MEN-S11M03,TG:6b10fe5360d0e7f0,-19.953125,1,0.3691666666666666,2.1600706e-09
mendeley/extracted/Bangla Audio Dataset Original and DeepFake Voices for AI-Based Voice Analysis and Detection/Dataset/S11M03/Real/23.wav,0,MEN,MEN-S11M03,TG:e157bbeeb235cb6a,2.3007812,1,0.5258333333333334,0.90894175
mendeley/extracted/Bangla Audio Dataset Original and DeepFake Voices for AI-Based Voice Analysis and Detection/Dataset/S11M03/Real/24.wav,0,MEN,MEN-S11M03,TG:2a9e487decd776c5,-8.765625,1,0.3691666666666666,0.00015598028
mendeley/extracted/Bangla Audio Dataset Original and DeepFake Voices for AI-Based Voice Analysis and Detection/Dataset/S11M03/Real/25.wav,0,MEN,MEN-S11M03,TG:4d4c34eabaac8b21,14.21875,1,0.3841666666666666,0.9999993
mendeley/extracted/Bangla Audio Dataset Original and DeepFake Voices for AI-Based Voice Analysis and Detection/Dataset/S11M03/Real/26.wav,0,MEN,MEN-S11M03,TG:dbdf0c4b52c43061,2.28125,1,0.3575,0.9073123
mendeley/extracted/Bangla Audio Dataset Original and DeepFake Voices for AI-Based Voice Analysis and Detection/Dataset/S11M03/Real/27.wav,0,MEN,MEN-S11M03,TG:329dcc685ab1bc7b,-4.4726562,1,0.4024999999999999,0.011288074
mendeley/extracted/Bangla Audio Dataset Original and DeepFake Voices for AI-Based Voice Analysis and Detection/Dataset/S11M03/Real/28.wav,0,MEN,MEN-S11M03,TG:449f908bd492908d,5.8203125,1,0.4008333333333334,0.9970421
mendeley/extracted/Bangla Audio Dataset Original and DeepFake Voices for AI-Based Voice Analysis and Detection/Dataset/S11M03/Real/29.wav,0,MEN,MEN-S11M03,TG:181c8cafbfc40722,10.765625,1,0.3675,0.9999789
mendeley/extracted/Bangla Audio Dataset Original and DeepFake Voices for AI-Based Voice Analysis and Detection/Dataset/S11M03/Real/3.wav,0,MEN,MEN-S11M03,TG:017a83ba301f0b69,-14.75,1,0.3691666666666666,3.927862e-07
mendeley/extracted/Bangla Audio Dataset Original and DeepFake Voices for AI-Based Voice Analysis and Detection/Dataset/S11M03/Real/30.wav,0,MEN,MEN-S11M03,TG:6a64af8cbace37e4,-14.3671875,1,0.4791666666666666,5.759828e-07
mendeley/extracted/Bangla Audio Dataset Original and DeepFake Voices for AI-Based Voice Analysis and Detection/Dataset/S11M03/Real/4.wav,0,MEN,MEN-S11M03,TG:eebedcc2c0031aad,-18.796875,1,0.5025,6.8646897e-09
mendeley/extracted/Bangla Audio Dataset Original and DeepFake Voices for AI-Based Voice Analysis and Detection/Dataset/S11M03/Real/5.wav,0,MEN,MEN-S11M03,TG:d6de9b7770d9f7f2,-3.5449219,1,0.4008333333333334,0.02806074
mendeley/extracted/Bangla Audio Dataset Original and DeepFake Voices for AI-Based Voice Analysis and Detection/Dataset/S11M03/Real/6.wav,0,MEN,MEN-S11M03,TG:31de86c32ec8fe13,-8.8046875,1,0.5391666666666667,0.00015000567
mendeley/extracted/Bangla Audio Dataset Original and DeepFake Voices for AI-Based Voice Analysis and Detection/Dataset/S11M03/Real/7.wav,0,MEN,MEN-S11M03,TG:5b3673d2432ab3fb,6.453125,1,0.5775,0.9984269
mendeley/extracted/Bangla Audio Dataset Original and DeepFake Voices for AI-Based Voice Analysis and Detection/Dataset/S11M03/Real/8.wav,0,MEN,MEN-S11M03,TG:4f86653bb20c8a4c,4.1875,1,0.3841666666666666,0.9850429
mendeley/extracted/Bangla Audio Dataset Original and DeepFake Voices for AI-Based Voice Analysis and Detection/Dataset/S11M03/Real/9.wav,0,MEN,MEN-S11M03,TG:e90d11ccf74f6fd3,6.3007812,1,0.3375,0.99816847
mendeley/extracted/Bangla Audio Dataset Original and DeepFake Voices for AI-Based Voice Analysis and Detection/Dataset/S11M05/Fake/1.wav,1,MEN,MEN-S11M05,TG:2cc4f4d2a83c1413,-27.171875,1,0.2741666666666666,1.5827219e-12
mendeley/extracted/Bangla Audio Dataset Original and DeepFake Voices for AI-Based Voice Analysis and Detection/Dataset/S11M05/Fake/10.wav,1,MEN,MEN-S11M05,TG:a274fcdc210bc630,4.7109375,1,0.5475,0.99108386
mendeley/extracted/Bangla Audio Dataset Original and DeepFake Voices for AI-Based Voice Analysis and Detection/Dataset/S11M05/Fake/11.wav,1,MEN,MEN-S11M05,TG:3ff090a90db76715,-21.625,1,0.4308333333333333,4.058652e-10
mendeley/extracted/Bangla Audio Dataset Original and DeepFake Voices for AI-Based Voice Analysis and Detection/Dataset/S11M05/Fake/12.wav,1,MEN,MEN-S11M05,TG:71382ca3963bf670,-23.015625,1,0.4175,1.0102784e-10
mendeley/extracted/Bangla Audio Dataset Original and DeepFake Voices for AI-Based Voice Analysis and Detection/Dataset/S11M05/Fake/13.wav,1,MEN,MEN-S11M05,TG:452ffb045be62656,-23.984375,1,0.5241666666666667,3.834584e-11
mendeley/extracted/Bangla Audio Dataset Original and DeepFake Voices for AI-Based Voice Analysis and Detection/Dataset/S11M05/Fake/14.wav,1,MEN,MEN-S11M05,TG:7eedeccecbd89970,-15.96875,1,0.5425,1.1610741e-07
mendeley/extracted/Bangla Audio Dataset Original and DeepFake Voices for AI-Based Voice Analysis and Detection/Dataset/S11M05/Fake/15.wav,1,MEN,MEN-S11M05,TG:d87b618675761d08,-24.625,1,0.2908333333333334,2.0206841e-11
mendeley/extracted/Bangla Audio Dataset Original and DeepFake Voices for AI-Based Voice Analysis and Detection/Dataset/S11M05/Fake/16.wav,1,MEN,MEN-S11M05,TG:bb75654add7236ae,-24.390625,1,0.5241666666666667,2.5543841e-11
mendeley/extracted/Bangla Audio Dataset Original and DeepFake Voices for AI-Based Voice Analysis and Detection/Dataset/S11M05/Fake/17.wav,1,MEN,MEN-S11M05,TG:89ee3dc6d83890bd,-28.109375,1,0.4241666666666667,6.198029e-13
mendeley/extracted/Bangla Audio Dataset Original and DeepFake Voices for AI-Based Voice Analysis and Detection/Dataset/S11M05/Fake/18.wav,1,MEN,MEN-S11M05,TG:818304947fb7a25a,-13.46875,1,0.5541666666666667,1.414476e-06
mendeley/extracted/Bangla Audio Dataset Original and DeepFake Voices for AI-Based Voice Analysis and Detection/Dataset/S11M05/Fake/19.wav,1,MEN,MEN-S11M05,TG:bc0f2c6a0e07b2a6,-29.765625,1,0.3625,1.1829144e-13
mendeley/extracted/Bangla Audio Dataset Original and DeepFake Voices for AI-Based Voice Analysis and Detection/Dataset/S11M05/Fake/2.wav,1,MEN,MEN-S11M05,TG:ea8971d60c8a3d84,-35.875,1,0.4591666666666666,2.6283636e-16
mendeley/extracted/Bangla Audio Dataset Original and DeepFake Voices for AI-Based Voice Analysis and Detection/Dataset/S11M05/Fake/20.wav,1,MEN,MEN-S11M05,TG:39cfe8a6d823ad48,-8.8828125,1,0.5208333333333333,0.00013873413
mendeley/extracted/Bangla Audio Dataset Original and DeepFake Voices for AI-Based Voice Analysis and Detection/Dataset/S11M05/Fake/21.wav,1,MEN,MEN-S11M05,TG:d51ff1fb9a1168b3,-17.640625,1,0.5525,2.181594e-08
mendeley/extracted/Bangla Audio Dataset Original and DeepFake Voices for AI-Based Voice Analysis and Detection/Dataset/S11M05/Fake/22.wav,1,MEN,MEN-S11M05,TG:6b10fe5360d0e7f0,-30.78125,1,0.3175,4.284232e-14
mendeley/extracted/Bangla Audio Dataset Original and DeepFake Voices for AI-Based Voice Analysis and Detection/Dataset/S11M05/Fake/23.wav,1,MEN,MEN-S11M05,TG:e157bbeeb235cb6a,-32.46875,1,0.4341666666666667,7.9250325e-15
mendeley/extracted/Bangla Audio Dataset Original and DeepFake Voices for AI-Based Voice Analysis and Detection/Dataset/S11M05/Fake/24.wav,1,MEN,MEN-S11M05,TG:2a9e487decd776c5,-7.4375,1,0.3425,0.00058840885
mendeley/extracted/Bangla Audio Dataset Original and DeepFake Voices for AI-Based Voice Analysis and Detection/Dataset/S11M05/Fake/25.wav,1,MEN,MEN-S11M05,TG:4d4c34eabaac8b21,-18.34375,1,0.4741666666666666,1.0799672e-08
mendeley/extracted/Bangla Audio Dataset Original and DeepFake Voices for AI-Based Voice Analysis and Detection/Dataset/S11M05/Fake/26.wav,1,MEN,MEN-S11M05,TG:dbdf0c4b52c43061,-5.0664062,1,0.4708333333333333,0.006265533
mendeley/extracted/Bangla Audio Dataset Original and DeepFake Voices for AI-Based Voice Analysis and Detection/Dataset/S11M05/Fake/27.wav,1,MEN,MEN-S11M05,TG:329dcc685ab1bc7b,-13.21875,1,0.5808333333333333,1.8162224e-06
mendeley/extracted/Bangla Audio Dataset Original and DeepFake Voices for AI-Based Voice Analysis and Detection/Dataset/S11M05/Fake/28.wav,1,MEN,MEN-S11M05,TG:449f908bd492908d,-16.703125,1,0.4575,5.570894e-08
mendeley/extracted/Bangla Audio Dataset Original and DeepFake Voices for AI-Based Voice Analysis and Detection/Dataset/S11M05/Fake/29.wav,1,MEN,MEN-S11M05,TG:181c8cafbfc40722,-26.3125,1,0.4091666666666667,3.7378893e-12
mendeley/extracted/Bangla Audio Dataset Original and DeepFake Voices for AI-Based Voice Analysis and Detection/Dataset/S11M05/Fake/3.wav,1,MEN,MEN-S11M05,TG:017a83ba301f0b69,-25.4375,1,0.3824999999999999,8.96673e-12
mendeley/extracted/Bangla Audio Dataset Original and DeepFake Voices for AI-Based Voice Analysis and Detection/Dataset/S11M05/Fake/30.wav,1,MEN,MEN-S11M05,TG:6a64af8cbace37e4,-24.578125,1,0.4008333333333334,2.1176585e-11
mendeley/extracted/Bangla Audio Dataset Original and DeepFake Voices for AI-Based Voice Analysis and Detection/Dataset/S11M05/Fake/4.wav,1,MEN,MEN-S11M05,TG:eebedcc2c0031aad,-10.9375,1,0.5141666666666667,1.7778553e-05
mendeley/extracted/Bangla Audio Dataset Original and DeepFake Voices for AI-Based Voice Analysis and Detection/Dataset/S11M05/Fake/5.wav,1,MEN,MEN-S11M05,TG:d6de9b7770d9f7f2,-20.265625,1,0.4775,1.5803413e-09
mendeley/extracted/Bangla Audio Dataset Original and DeepFake Voices for AI-Based Voice Analysis and Detection/Dataset/S11M05/Fake/6.wav,1,MEN,MEN-S11M05,TG:31de86c32ec8fe13,7.4375,1,0.5208333333333333,0.9994116
mendeley/extracted/Bangla Audio Dataset Original and DeepFake Voices for AI-Based Voice Analysis and Detection/Dataset/S11M05/Fake/7.wav,1,MEN,MEN-S11M05,TG:5b3673d2432ab3fb,-35.65625,1,0.4641666666666666,3.2710517e-16
mendeley/extracted/Bangla Audio Dataset Original and DeepFake Voices for AI-Based Voice Analysis and Detection/Dataset/S11M05/Fake/8.wav,1,MEN,MEN-S11M05,TG:4f86653bb20c8a4c,-15.1484375,1,0.5341666666666667,2.6370424e-07
mendeley/extracted/Bangla Audio Dataset Original and DeepFake Voices for AI-Based Voice Analysis and Detection/Dataset/S11M05/Fake/9.wav,1,MEN,MEN-S11M05,TG:e90d11ccf74f6fd3,-24.5625,1,0.4741666666666666,2.1510068e-11
mendeley/extracted/Bangla Audio Dataset Original and DeepFake Voices for AI-Based Voice Analysis and Detection/Dataset/S11M05/Real/1.wav,0,MEN,MEN-S11M05,TG:2cc4f4d2a83c1413,-25.484375,1,0.4175,8.556114e-12
mendeley/extracted/Bangla Audio Dataset Original and DeepFake Voices for AI-Based Voice Analysis and Detection/Dataset/S11M05/Real/10.wav,0,MEN,MEN-S11M05,TG:a274fcdc210bc630,-25.109375,1,0.5008333333333334,1.2449072e-11
mendeley/extracted/Bangla Audio Dataset Original and DeepFake Voices for AI-Based Voice Analysis and Detection/Dataset/S11M05/Real/11.wav,0,MEN,MEN-S11M05,TG:3ff090a90db76715,-18.296875,1,0.4508333333333333,1.131796e-08
mendeley/extracted/Bangla Audio Dataset Original and DeepFake Voices for AI-Based Voice Analysis and Detection/Dataset/S11M05/Real/12.wav,0,MEN,MEN-S11M05,TG:71382ca3963bf670,-6.0429688,1,0.5508333333333333,0.0023688744
mendeley/extracted/Bangla Audio Dataset Original and DeepFake Voices for AI-Based Voice Analysis and Detection/Dataset/S11M05/Real/13.wav,0,MEN,MEN-S11M05,TG:452ffb045be62656,-17.6875,1,0.5341666666666667,2.0816916e-08
mendeley/extracted/Bangla Audio Dataset Original and DeepFake Voices for AI-Based Voice Analysis and Detection/Dataset/S11M05/Real/14.wav,0,MEN,MEN-S11M05,TG:7eedeccecbd89970,-16.6875,1,0.5841666666666667,5.658623e-08
mendeley/extracted/Bangla Audio Dataset Original and DeepFake Voices for AI-Based Voice Analysis and Detection/Dataset/S11M05/Real/15.wav,0,MEN,MEN-S11M05,TG:d87b618675761d08,-34.03125,1,0.4508333333333333,1.6611772e-15
mendeley/extracted/Bangla Audio Dataset Original and DeepFake Voices for AI-Based Voice Analysis and Detection/Dataset/S11M05/Real/16.wav,0,MEN,MEN-S11M05,TG:bb75654add7236ae,-11.2578125,1,0.5508333333333333,1.2905907e-05
mendeley/extracted/Bangla Audio Dataset Original and DeepFake Voices for AI-Based Voice Analysis and Detection/Dataset/S11M05/Real/17.wav,0,MEN,MEN-S11M05,TG:89ee3dc6d83890bd,-17.140625,1,0.4675,3.59684e-08
mendeley/extracted/Bangla Audio Dataset Original and DeepFake Voices for AI-Based Voice Analysis and Detection/Dataset/S11M05/Real/18.wav,0,MEN,MEN-S11M05,TG:818304947fb7a25a,-31.046875,1,0.4841666666666666,3.2848348e-14
mendeley/extracted/Bangla Audio Dataset Original and DeepFake Voices for AI-Based Voice Analysis and Detection/Dataset/S11M05/Real/19.wav,0,MEN,MEN-S11M05,TG:bc0f2c6a0e07b2a6,-26.84375,1,0.4841666666666666,2.1973918e-12
mendeley/extracted/Bangla Audio Dataset Original and DeepFake Voices for AI-Based Voice Analysis and Detection/Dataset/S11M05/Real/2.wav,0,MEN,MEN-S11M05,TG:ea8971d60c8a3d84,-25.671875,1,0.5008333333333334,7.093268e-12
mendeley/extracted/Bangla Audio Dataset Original and DeepFake Voices for AI-Based Voice Analysis and Detection/Dataset/S11M05/Real/20.wav,0,MEN,MEN-S11M05,TG:39cfe8a6d823ad48,-20.859375,1,0.5508333333333333,8.727474e-10
mendeley/extracted/Bangla Audio Dataset Original and DeepFake Voices for AI-Based Voice Analysis and Detection/Dataset/S11M05/Real/21.wav,0,MEN,MEN-S11M05,TG:d51ff1fb9a1168b3,2.4042969,1,0.5508333333333333,0.91715443
mendeley/extracted/Bangla Audio Dataset Original and DeepFake Voices for AI-Based Voice Analysis and Detection/Dataset/S11M05/Real/22.wav,0,MEN,MEN-S11M05,TG:6b10fe5360d0e7f0,-21.03125,1,0.4341666666666667,7.34927e-10
mendeley/extracted/Bangla Audio Dataset Original and DeepFake Voices for AI-Based Voice Analysis and Detection/Dataset/S11M05/Real/23.wav,0,MEN,MEN-S11M05,TG:e157bbeeb235cb6a,-8.7578125,1,0.5508333333333333,0.00015720345
mendeley/extracted/Bangla Audio Dataset Original and DeepFake Voices for AI-Based Voice Analysis and Detection/Dataset/S11M05/Real/24.wav,0,MEN,MEN-S11M05,TG:2a9e487decd776c5,0.09881592,1,0.3841666666666666,0.5246839
mendeley/extracted/Bangla Audio Dataset Original and DeepFake Voices for AI-Based Voice Analysis and Detection/Dataset/S11M05/Real/25.wav,0,MEN,MEN-S11M05,TG:4d4c34eabaac8b21,4.4257812,1,0.5175000000000001,0.9881765
mendeley/extracted/Bangla Audio Dataset Original and DeepFake Voices for AI-Based Voice Analysis and Detection/Dataset/S11M05/Real/26.wav,0,MEN,MEN-S11M05,TG:dbdf0c4b52c43061,-15.5625,1,0.4508333333333333,1.7429785e-07
mendeley/extracted/Bangla Audio Dataset Original and DeepFake Voices for AI-Based Voice Analysis and Detection/Dataset/S11M05/Real/27.wav,0,MEN,MEN-S11M05,TG:329dcc685ab1bc7b,-20.015625,1,0.5508333333333333,2.0291986e-09
mendeley/extracted/Bangla Audio Dataset Original and DeepFake Voices for AI-Based Voice Analysis and Detection/Dataset/S11M05/Real/28.wav,0,MEN,MEN-S11M05,TG:449f908bd492908d,-23.359375,1,0.5175000000000001,7.1639465e-11
mendeley/extracted/Bangla Audio Dataset Original and DeepFake Voices for AI-Based Voice Analysis and Detection/Dataset/S11M05/Real/29.wav,0,MEN,MEN-S11M05,TG:181c8cafbfc40722,-6.6171875,1,0.3841666666666666,0.0013354009
mendeley/extracted/Bangla Audio Dataset Original and DeepFake Voices for AI-Based Voice Analysis and Detection/Dataset/S11M05/Real/3.wav,0,MEN,MEN-S11M05,TG:017a83ba301f0b69,-23.1875,1,0.4175,8.507397e-11
mendeley/extracted/Bangla Audio Dataset Original and DeepFake Voices for AI-Based Voice Analysis and Detection/Dataset/S11M05/Real/30.wav,0,MEN,MEN-S11M05,TG:6a64af8cbace37e4,-12.3125,1,0.4508333333333333,4.4951817e-06
mendeley/extracted/Bangla Audio Dataset Original and DeepFake Voices for AI-Based Voice Analysis and Detection/Dataset/S11M05/Real/4.wav,0,MEN,MEN-S11M05,TG:eebedcc2c0031aad,-23.46875,1,0.5341666666666667,6.42172e-11
mendeley/extracted/Bangla Audio Dataset Original and DeepFake Voices for AI-Based Voice Analysis and Detection/Dataset/S11M05/Real/5.wav,0,MEN,MEN-S11M05,TG:d6de9b7770d9f7f2,-29.484375,1,0.4341666666666667,1.567107e-13
mendeley/extracted/Bangla Audio Dataset Original and DeepFake Voices for AI-Based Voice Analysis and Detection/Dataset/S11M05/Real/6.wav,0,MEN,MEN-S11M05,TG:31de86c32ec8fe13,6.515625,1,0.5841666666666667,0.9985221
mendeley/extracted/Bangla Audio Dataset Original and DeepFake Voices for AI-Based Voice Analysis and Detection/Dataset/S11M05/Real/7.wav,0,MEN,MEN-S11M05,TG:5b3673d2432ab3fb,-5.640625,1,0.5175000000000001,0.0035380858
mendeley/extracted/Bangla Audio Dataset Original and DeepFake Voices for AI-Based Voice Analysis and Detection/Dataset/S11M05/Real/8.wav,0,MEN,MEN-S11M05,TG:4f86653bb20c8a4c,-14.2890625,1,0.5508333333333333,6.227859e-07
mendeley/extracted/Bangla Audio Dataset Original and DeepFake Voices for AI-Based Voice Analysis and Detection/Dataset/S11M05/Real/9.wav,0,MEN,MEN-S11M05,TG:e90d11ccf74f6fd3,-29.109375,1,0.5675,2.2801273e-13
mendeley/extracted/Bangla Audio Dataset Original and DeepFake Voices for AI-Based Voice Analysis and Detection/Dataset/S12F01/Fake/1.wav,1,MEN,MEN-S12F01,TG:781f1e8a983ae061,-0.62353516,1,0.4675,0.34897783
mendeley/extracted/Bangla Audio Dataset Original and DeepFake Voices for AI-Based Voice Analysis and Detection/Dataset/S12F01/Fake/10.wav,1,MEN,MEN-S12F01,TG:81189a7902f36c5d,-1.2832031,1,0.5141666666666667,0.21700548
mendeley/extracted/Bangla Audio Dataset Original and DeepFake Voices for AI-Based Voice Analysis and Detection/Dataset/S12F01/Fake/11.wav,1,MEN,MEN-S12F01,TG:dfc527c4d05b0227,-0.92285156,1,0.2441666666666666,0.28437725
mendeley/extracted/Bangla Audio Dataset Original and DeepFake Voices for AI-Based Voice Analysis and Detection/Dataset/S12F01/Fake/12.wav,1,MEN,MEN-S12F01,TG:04a2b30e0f9c53b1,-13.125,1,0.4991666666666666,1.9947297e-06
mendeley/extracted/Bangla Audio Dataset Original and DeepFake Voices for AI-Based Voice Analysis and Detection/Dataset/S12F01/Fake/13.wav,1,MEN,MEN-S12F01,TG:f665857f8f5852c9,1.2265625,1,0.3858333333333333,0.77321637
mendeley/extracted/Bangla Audio Dataset Original and DeepFake Voices for AI-Based Voice Analysis and Detection/Dataset/S12F01/Fake/14.wav,1,MEN,MEN-S12F01,TG:aa1dc341d60bbafe,-11.90625,1,0.4058333333333334,6.748052e-06
mendeley/extracted/Bangla Audio Dataset Original and DeepFake Voices for AI-Based Voice Analysis and Detection/Dataset/S12F01/Fake/15.wav,1,MEN,MEN-S12F01,TG:4d9f637d09e3ead5,-9.640625,1,0.4241666666666667,6.5028165e-05
mendeley/extracted/Bangla Audio Dataset Original and DeepFake Voices for AI-Based Voice Analysis and Detection/Dataset/S12F01/Fake/16.wav,1,MEN,MEN-S12F01,TG:8ba166c395040864,0.41870117,1,0.4508333333333333,0.6031724
mendeley/extracted/Bangla Audio Dataset Original and DeepFake Voices for AI-Based Voice Analysis and Detection/Dataset/S12F01/Fake/17.wav,1,MEN,MEN-S12F01,TG:25903432a5ed835d,-4.8203125,1,0.4675,0.0079997545
mendeley/extracted/Bangla Audio Dataset Original and DeepFake Voices for AI-Based Voice Analysis and Detection/Dataset/S12F01/Fake/18.wav,1,MEN,MEN-S12F01,TG:5e9246a5aa906c2c,3.1152344,1,0.5225,0.95751673
mendeley/extracted/Bangla Audio Dataset Original and DeepFake Voices for AI-Based Voice Analysis and Detection/Dataset/S12F01/Fake/19.wav,1,MEN,MEN-S12F01,TG:9935a7fc35fba276,-10.7890625,1,0.4608333333333333,2.0623424e-05
mendeley/extracted/Bangla Audio Dataset Original and DeepFake Voices for AI-Based Voice Analysis and Detection/Dataset/S12F01/Fake/2.wav,1,MEN,MEN-S12F01,TG:2e1a8037a5c7446d,-19.234375,1,0.4041666666666667,4.4321773e-09
mendeley/extracted/Bangla Audio Dataset Original and DeepFake Voices for AI-Based Voice Analysis and Detection/Dataset/S12F01/Fake/20.wav,1,MEN,MEN-S12F01,TG:d9a78a9fb8598e30,-11.1484375,1,0.5908333333333333,1.4397558e-05
mendeley/extracted/Bangla Audio Dataset Original and DeepFake Voices for AI-Based Voice Analysis and Detection/Dataset/S12F01/Fake/21.wav,1,MEN,MEN-S12F01,TG:f2bac89ac84087eb,10.6484375,1,0.4991666666666666,0.9999763
mendeley/extracted/Bangla Audio Dataset Original and DeepFake Voices for AI-Based Voice Analysis and Detection/Dataset/S12F01/Fake/22.wav,1,MEN,MEN-S12F01,TG:6fc67c2677ba9080,4.7890625,1,0.4541666666666667,0.99174845
mendeley/extracted/Bangla Audio Dataset Original and DeepFake Voices for AI-Based Voice Analysis and Detection/Dataset/S12F01/Fake/23.wav,1,MEN,MEN-S12F01,TG:ea4c21803da05315,-2.2871094,1,0.4675,0.0921962
mendeley/extracted/Bangla Audio Dataset Original and DeepFake Voices for AI-Based Voice Analysis and Detection/Dataset/S12F01/Fake/24.wav,1,MEN,MEN-S12F01,TG:3a260c6e53c12883,-8.8828125,1,0.5725,0.00013873413
mendeley/extracted/Bangla Audio Dataset Original and DeepFake Voices for AI-Based Voice Analysis and Detection/Dataset/S12F01/Fake/25.wav,1,MEN,MEN-S12F01,TG:30420959ee16d7c0,3.4277344,1,0.3958333333333333,0.9685601
mendeley/extracted/Bangla Audio Dataset Original and DeepFake Voices for AI-Based Voice Analysis and Detection/Dataset/S12F01/Fake/26.wav,1,MEN,MEN-S12F01,TG:66dffd8647175de0,3.9277344,1,0.4958333333333333,0.9806919
mendeley/extracted/Bangla Audio Dataset Original and DeepFake Voices for AI-Based Voice Analysis and Detection/Dataset/S12F01/Fake/27.wav,1,MEN,MEN-S12F01,TG:aa8a2f8197d47eac,9.75,1,0.5808333333333333,0.9999417
mendeley/extracted/Bangla Audio Dataset Original and DeepFake Voices for AI-Based Voice Analysis and Detection/Dataset/S12F01/Fake/28.wav,1,MEN,MEN-S12F01,TG:4085c5d5ac867da6,-4.7578125,1,0.4391666666666667,0.008511303
mendeley/extracted/Bangla Audio Dataset Original and DeepFake Voices for AI-Based Voice Analysis and Detection/Dataset/S12F01/Fake/29.wav,1,MEN,MEN-S12F01,TG:ee81e3d281fac89c,-6.359375,1,0.3708333333333333,0.0017274586
mendeley/extracted/Bangla Audio Dataset Original and DeepFake Voices for AI-Based Voice Analysis and Detection/Dataset/S12F01/Fake/3.wav,1,MEN,MEN-S12F01,TG:098f61fd8fd691da,-16.671875,1,0.3991666666666666,5.7477344e-08
mendeley/extracted/Bangla Audio Dataset Original and DeepFake Voices for AI-Based Voice Analysis and Detection/Dataset/S12F01/Fake/30.wav,1,MEN,MEN-S12F01,TG:51ee2c8cc64ff845,17.328125,1,0.4941666666666666,1.0
mendeley/extracted/Bangla Audio Dataset Original and DeepFake Voices for AI-Based Voice Analysis and Detection/Dataset/S12F01/Fake/4.wav,1,MEN,MEN-S12F01,TG:6da3c24672ce555f,22.203125,1,0.5258333333333334,1.0
mendeley/extracted/Bangla Audio Dataset Original and DeepFake Voices for AI-Based Voice Analysis and Detection/Dataset/S12F01/Fake/5.wav,1,MEN,MEN-S12F01,TG:6a89c260f0594f99,-0.58496094,1,0.4108333333333334,0.35779187
mendeley/extracted/Bangla Audio Dataset Original and DeepFake Voices for AI-Based Voice Analysis and Detection/Dataset/S12F01/Fake/6.wav,1,MEN,MEN-S12F01,TG:702bdb4b4754428b,-17.765625,1,0.4691666666666666,1.92525e-08
mendeley/extracted/Bangla Audio Dataset Original and DeepFake Voices for AI-Based Voice Analysis and Detection/Dataset/S12F01/Fake/7.wav,1,MEN,MEN-S12F01,TG:eb1075bf1ced697e,6.2304688,1,0.4591666666666666,0.9980354
mendeley/extracted/Bangla Audio Dataset Original and DeepFake Voices for AI-Based Voice Analysis and Detection/Dataset/S12F01/Fake/8.wav,1,MEN,MEN-S12F01,TG:3bb8d4c65ccd17ea,-6.3242188,1,0.4275,0.0017891593
mendeley/extracted/Bangla Audio Dataset Original and DeepFake Voices for AI-Based Voice Analysis and Detection/Dataset/S12F01/Fake/9.wav,1,MEN,MEN-S12F01,TG:313ef8a63b157972,-9.578125,1,0.3575,6.922184e-05
mendeley/extracted/Bangla Audio Dataset Original and DeepFake Voices for AI-Based Voice Analysis and Detection/Dataset/S12F01/Real/1.wav,0,MEN,MEN-S12F01,TG:781f1e8a983ae061,-31.140625,1,0.4008333333333334,2.9908757e-14
mendeley/extracted/Bangla Audio Dataset Original and DeepFake Voices for AI-Based Voice Analysis and Detection/Dataset/S12F01/Real/10.wav,0,MEN,MEN-S12F01,TG:81189a7902f36c5d,-31.375,1,0.3525,2.3659777e-14
mendeley/extracted/Bangla Audio Dataset Original and DeepFake Voices for AI-Based Voice Analysis and Detection/Dataset/S12F01/Real/11.wav,0,MEN,MEN-S12F01,TG:dfc527c4d05b0227,-26.515625,1,0.4108333333333334,3.0507764e-12
mendeley/extracted/Bangla Audio Dataset Original and DeepFake Voices for AI-Based Voice Analysis and Detection/Dataset/S12F01/Real/12.wav,0,MEN,MEN-S12F01,TG:04a2b30e0f9c53b1,-48.46875,1,0.4325,8.918449e-22
mendeley/extracted/Bangla Audio Dataset Original and DeepFake Voices for AI-Based Voice Analysis and Detection/Dataset/S12F01/Real/13.wav,0,MEN,MEN-S12F01,TG:f665857f8f5852c9,-47.65625,1,0.4024999999999999,2.0098035e-21
mendeley/extracted/Bangla Audio Dataset Original and DeepFake Voices for AI-Based Voice Analysis and Detection/Dataset/S12F01/Real/14.wav,0,MEN,MEN-S12F01,TG:aa1dc341d60bbafe,-48.21875,1,0.4108333333333334,1.1451516e-21
mendeley/extracted/Bangla Audio Dataset Original and DeepFake Voices for AI-Based Voice Analysis and Detection/Dataset/S12F01/Real/15.wav,0,MEN,MEN-S12F01,TG:4d9f637d09e3ead5,-38.375,1,0.5208333333333333,2.1574922e-17
mendeley/extracted/Bangla Audio Dataset Original and DeepFake Voices for AI-Based Voice Analysis and Detection/Dataset/S12F01/Real/16.wav,0,MEN,MEN-S12F01,TG:8ba166c395040864,-24.84375,1,0.4008333333333334,1.6236651e-11
mendeley/extracted/Bangla Audio Dataset Original and DeepFake Voices for AI-Based Voice Analysis and Detection/Dataset/S12F01/Real/17.wav,0,MEN,MEN-S12F01,TG:25903432a5ed835d,-31.203125,1,0.4725,2.809668e-14
mendeley/extracted/Bangla Audio Dataset Original and DeepFake Voices for AI-Based Voice Analysis and Detection/Dataset/S12F01/Real/18.wav,0,MEN,MEN-S12F01,TG:5e9246a5aa906c2c,-38.34375,1,0.3558333333333333,2.2259784e-17
mendeley/extracted/Bangla Audio Dataset Original and DeepFake Voices for AI-Based Voice Analysis and Detection/Dataset/S12F01/Real/19.wav,0,MEN,MEN-S12F01,TG:9935a7fc35fba276,-27.875,1,0.4908333333333333,7.835042e-13
mendeley/extracted/Bangla Audio Dataset Original and DeepFake Voices for AI-Based Voice Analysis and Detection/Dataset/S12F01/Real/2.wav,0,MEN,MEN-S12F01,TG:2e1a8037a5c7446d,-49.15625,1,0.3741666666666666,4.4844776e-22
mendeley/extracted/Bangla Audio Dataset Original and DeepFake Voices for AI-Based Voice Analysis and Detection/Dataset/S12F01/Real/20.wav,0,MEN,MEN-S12F01,TG:d9a78a9fb8598e30,-47.96875,1,0.4958333333333333,1.4704035e-21
mendeley/extracted/Bangla Audio Dataset Original and DeepFake Voices for AI-Based Voice Analysis and Detection/Dataset/S12F01/Real/21.wav,0,MEN,MEN-S12F01,TG:f2bac89ac84087eb,-36.09375,1,0.5208333333333333,2.1119493e-16
mendeley/extracted/Bangla Audio Dataset Original and DeepFake Voices for AI-Based Voice Analysis and Detection/Dataset/S12F01/Real/22.wav,0,MEN,MEN-S12F01,TG:6fc67c2677ba9080,-31.875,1,0.4408333333333333,1.435038e-14
mendeley/extracted/Bangla Audio Dataset Original and DeepFake Voices for AI-Based Voice Analysis and Detection/Dataset/S12F01/Real/23.wav,0,MEN,MEN-S12F01,TG:ea4c21803da05315,-38.75,1,0.4675,1.4828213e-17
mendeley/extracted/Bangla Audio Dataset Original and DeepFake Voices for AI-Based Voice Analysis and Detection/Dataset/S12F01/Real/24.wav,0,MEN,MEN-S12F01,TG:3a260c6e53c12883,-23.78125,1,0.4675,4.6982307e-11
mendeley/extracted/Bangla Audio Dataset Original and DeepFake Voices for AI-Based Voice Analysis and Detection/Dataset/S12F01/Real/25.wav,0,MEN,MEN-S12F01,TG:30420959ee16d7c0,-40.5,1,0.5041666666666667,2.5767572e-18
mendeley/extracted/Bangla Audio Dataset Original and DeepFake Voices for AI-Based Voice Analysis and Detection/Dataset/S12F01/Real/26.wav,0,MEN,MEN-S12F01,TG:66dffd8647175de0,-26.34375,1,0.4841666666666666,3.6228867e-12
mendeley/extracted/Bangla Audio Dataset Original and DeepFake Voices for AI-Based Voice Analysis and Detection/Dataset/S12F01/Real/27.wav,0,MEN,MEN-S12F01,TG:aa8a2f8197d47eac,-24.515625,1,0.6708333333333334,2.2542357e-11
mendeley/extracted/Bangla Audio Dataset Original and DeepFake Voices for AI-Based Voice Analysis and Detection/Dataset/S12F01/Real/28.wav,0,MEN,MEN-S12F01,TG:4085c5d5ac867da6,-26.703125,1,0.6174999999999999,2.5291826e-12
mendeley/extracted/Bangla Audio Dataset Original and DeepFake Voices for AI-Based Voice Analysis and Detection/Dataset/S12F01/Real/29.wav,0,MEN,MEN-S12F01,TG:ee81e3d281fac89c,-26.96875,1,0.4675,1.9391914e-12
mendeley/extracted/Bangla Audio Dataset Original and DeepFake Voices for AI-Based Voice Analysis and Detection/Dataset/S12F01/Real/3.wav,0,MEN,MEN-S12F01,TG:098f61fd8fd691da,-38.21875,1,0.3841666666666666,2.522364e-17
mendeley/extracted/Bangla Audio Dataset Original and DeepFake Voices for AI-Based Voice Analysis and Detection/Dataset/S12F01/Real/30.wav,0,MEN,MEN-S12F01,TG:51ee2c8cc64ff845,-22.0,1,0.5175000000000001,2.789468e-10
mendeley/extracted/Bangla Audio Dataset Original and DeepFake Voices for AI-Based Voice Analysis and Detection/Dataset/S12F01/Real/4.wav,0,MEN,MEN-S12F01,TG:6da3c24672ce555f,-14.5,1,0.4208333333333333,5.043474e-07
mendeley/extracted/Bangla Audio Dataset Original and DeepFake Voices for AI-Based Voice Analysis and Detection/Dataset/S12F01/Real/5.wav,0,MEN,MEN-S12F01,TG:6a89c260f0594f99,-30.765625,1,0.3791666666666666,4.3516985e-14
mendeley/extracted/Bangla Audio Dataset Original and DeepFake Voices for AI-Based Voice Analysis and Detection/Dataset/S12F01/Real/6.wav,0,MEN,MEN-S12F01,TG:702bdb4b4754428b,-29.796875,1,0.3525,1.1465198e-13
mendeley/extracted/Bangla Audio Dataset Original and DeepFake Voices for AI-Based Voice Analysis and Detection/Dataset/S12F01/Real/7.wav,0,MEN,MEN-S12F01,TG:eb1075bf1ced697e,-31.359375,1,0.4008333333333334,2.4032364e-14
mendeley/extracted/Bangla Audio Dataset Original and DeepFake Voices for AI-Based Voice Analysis and Detection/Dataset/S12F01/Real/8.wav,0,MEN,MEN-S12F01,TG:3bb8d4c65ccd17ea,-35.03125,1,0.3508333333333333,6.1111294e-16
mendeley/extracted/Bangla Audio Dataset Original and DeepFake Voices for AI-Based Voice Analysis and Detection/Dataset/S12F01/Real/9.wav,0,MEN,MEN-S12F01,TG:313ef8a63b157972,-31.5625,1,0.3841666666666666,1.9614645e-14
mendeley/extracted/Bangla Audio Dataset Original and DeepFake Voices for AI-Based Voice Analysis and Detection/Dataset/S12F02/Fake/1.wav,1,MEN,MEN-S12F02,TG:781f1e8a983ae061,-27.421875,1,0.4108333333333334,1.2326251e-12
mendeley/extracted/Bangla Audio Dataset Original and DeepFake Voices for AI-Based Voice Analysis and Detection/Dataset/S12F02/Fake/10.wav,1,MEN,MEN-S12F02,TG:81189a7902f36c5d,16.796875,1,0.4408333333333333,1.0
mendeley/extracted/Bangla Audio Dataset Original and DeepFake Voices for AI-Based Voice Analysis and Detection/Dataset/S12F02/Fake/11.wav,1,MEN,MEN-S12F02,TG:dfc527c4d05b0227,-10.59375,1,0.1708333333333332,2.5071593e-05
mendeley/extracted/Bangla Audio Dataset Original and DeepFake Voices for AI-Based Voice Analysis and Detection/Dataset/S12F02/Fake/12.wav,1,MEN,MEN-S12F02,TG:04a2b30e0f9c53b1,-8.109375,1,0.4775,0.00030061635
mendeley/extracted/Bangla Audio Dataset Original and DeepFake Voices for AI-Based Voice Analysis and Detection/Dataset/S12F02/Fake/13.wav,1,MEN,MEN-S12F02,TG:f665857f8f5852c9,-0.10473633,1,0.3375,0.47383982
mendeley/extracted/Bangla Audio Dataset Original and DeepFake Voices for AI-Based Voice Analysis and Detection/Dataset/S12F02/Fake/14.wav,1,MEN,MEN-S12F02,TG:aa1dc341d60bbafe,-2.8964844,1,0.4391666666666667,0.05232763
mendeley/extracted/Bangla Audio Dataset Original and DeepFake Voices for AI-Based Voice Analysis and Detection/Dataset/S12F02/Fake/15.wav,1,MEN,MEN-S12F02,TG:4d9f637d09e3ead5,-20.546875,1,0.4375,1.1929042e-09
mendeley/extracted/Bangla Audio Dataset Original and DeepFake Voices for AI-Based Voice Analysis and Detection/Dataset/S12F02/Fake/16.wav,1,MEN,MEN-S12F02,TG:8ba166c395040864,-6.953125,1,0.4208333333333333,0.0009547317
mendeley/extracted/Bangla Audio Dataset Original and DeepFake Voices for AI-Based Voice Analysis and Detection/Dataset/S12F02/Fake/17.wav,1,MEN,MEN-S12F02,TG:25903432a5ed835d,3.1914062,1,0.5291666666666667,0.96050966
mendeley/extracted/Bangla Audio Dataset Original and DeepFake Voices for AI-Based Voice Analysis and Detection/Dataset/S12F02/Fake/18.wav,1,MEN,MEN-S12F02,TG:5e9246a5aa906c2c,7.9101562,1,0.5175000000000001,0.9996331
mendeley/extracted/Bangla Audio Dataset Original and DeepFake Voices for AI-Based Voice Analysis and Detection/Dataset/S12F02/Fake/19.wav,1,MEN,MEN-S12F02,TG:9935a7fc35fba276,-0.079711914,1,0.4841666666666666,0.4800826
mendeley/extracted/Bangla Audio Dataset Original and DeepFake Voices for AI-Based Voice Analysis and Detection/Dataset/S12F02/Fake/2.wav,1,MEN,MEN-S12F02,TG:2e1a8037a5c7446d,3.546875,1,0.4408333333333333,0.9719925
mendeley/extracted/Bangla Audio Dataset Original and DeepFake Voices for AI-Based Voice Analysis and Detection/Dataset/S12F02/Fake/20.wav,1,MEN,MEN-S12F02,TG:d9a78a9fb8598e30,-3.8730469,1,0.5541666666666667,0.020371296
mendeley/extracted/Bangla Audio Dataset Original and DeepFake Voices for AI-Based Voice Analysis and Detection/Dataset/S12F02/Fake/21.wav,1,MEN,MEN-S12F02,TG:f2bac89ac84087eb,11.4765625,1,0.4558333333333333,0.9999896
mendeley/extracted/Bangla Audio Dataset Original and DeepFake Voices for AI-Based Voice Analysis and Detection/Dataset/S12F02/Fake/22.wav,1,MEN,MEN-S12F02,TG:6fc67c2677ba9080,4.1210938,1,0.5391666666666667,0.98403233
mendeley/extracted/Bangla Audio Dataset Original and DeepFake Voices for AI-Based Voice Analysis and Detection/Dataset/S12F02/Fake/23.wav,1,MEN,MEN-S12F02,TG:ea4c21803da05315,-2.328125,1,0.4608333333333333,0.08882029
mendeley/extracted/Bangla Audio Dataset Original and DeepFake Voices for AI-Based Voice Analysis and Detection/Dataset/S12F02/Fake/24.wav,1,MEN,MEN-S12F02,TG:3a260c6e53c12883,-20.609375,1,0.5141666666666667,1.1206299e-09
mendeley/extracted/Bangla Audio Dataset Original and DeepFake Voices for AI-Based Voice Analysis and Detection/Dataset/S12F02/Fake/25.wav,1,MEN,MEN-S12F02,TG:30420959ee16d7c0,8.1015625,1,0.4375,0.9996971
mendeley/extracted/Bangla Audio Dataset Original and DeepFake Voices for AI-Based Voice Analysis and Detection/Dataset/S12F02/Fake/26.wav,1,MEN,MEN-S12F02,TG:66dffd8647175de0,6.4765625,1,0.4575,0.9984633
mendeley/extracted/Bangla Audio Dataset Original and DeepFake Voices for AI-Based Voice Analysis and Detection/Dataset/S12F02/Fake/27.wav,1,MEN,MEN-S12F02,TG:aa8a2f8197d47eac,36.09375,1,0.5708333333333333,1.0
mendeley/extracted/Bangla Audio Dataset Original and DeepFake Voices for AI-Based Voice Analysis and Detection/Dataset/S12F02/Fake/28.wav,1,MEN,MEN-S12F02,TG:4085c5d5ac867da6,10.828125,1,0.4675,0.9999802
mendeley/extracted/Bangla Audio Dataset Original and DeepFake Voices for AI-Based Voice Analysis and Detection/Dataset/S12F02/Fake/29.wav,1,MEN,MEN-S12F02,TG:ee81e3d281fac89c,-13.0234375,1,0.4208333333333333,2.207964e-06
mendeley/extracted/Bangla Audio Dataset Original and DeepFake Voices for AI-Based Voice Analysis and Detection/Dataset/S12F02/Fake/3.wav,1,MEN,MEN-S12F02,TG:098f61fd8fd691da,-7.4140625,1,0.3958333333333333,0.0006023541
mendeley/extracted/Bangla Audio Dataset Original and DeepFake Voices for AI-Based Voice Analysis and Detection/Dataset/S12F02/Fake/30.wav,1,MEN,MEN-S12F02,TG:51ee2c8cc64ff845,-2.9023438,1,0.4941666666666666,0.052037824
mendeley/extracted/Bangla Audio Dataset Original and DeepFake Voices for AI-Based Voice Analysis and Detection/Dataset/S12F02/Fake/4.wav,1,MEN,MEN-S12F02,TG:6da3c24672ce555f,9.6640625,1,0.5241666666666667,0.99993646
mendeley/extracted/Bangla Audio Dataset Original and DeepFake Voices for AI-Based Voice Analysis and Detection/Dataset/S12F02/Fake/5.wav,1,MEN,MEN-S12F02,TG:6a89c260f0594f99,-3.5683594,1,0.3075,0.027428543
mendeley/extracted/Bangla Audio Dataset Original and DeepFake Voices for AI-Based Voice Analysis and Detection/Dataset/S12F02/Fake/6.wav,1,MEN,MEN-S12F02,TG:702bdb4b4754428b,-15.1640625,1,0.5025,2.5961586e-07
mendeley/extracted/Bangla Audio Dataset Original and DeepFake Voices for AI-Based Voice Analysis and Detection/Dataset/S12F02/Fake/7.wav,1,MEN,MEN-S12F02,TG:eb1075bf1ced697e,-5.59375,1,0.4608333333333333,0.003707253
mendeley/extracted/Bangla Audio Dataset Original and DeepFake Voices for AI-Based Voice Analysis and Detection/Dataset/S12F02/Fake/8.wav,1,MEN,MEN-S12F02,TG:3bb8d4c65ccd17ea,-6.9140625,1,0.3591666666666666,0.0009927262
mendeley/extracted/Bangla Audio Dataset Original and DeepFake Voices for AI-Based Voice Analysis and Detection/Dataset/S12F02/Fake/9.wav,1,MEN,MEN-S12F02,TG:313ef8a63b157972,1.2304688,1,0.4225,0.77390057
mendeley/extracted/Bangla Audio Dataset Original and DeepFake Voices for AI-Based Voice Analysis and Detection/Dataset/S12F02/Real/1.wav,0,MEN,MEN-S12F02,TG:781f1e8a983ae061,-19.484375,1,0.4675,3.4517826e-09
mendeley/extracted/Bangla Audio Dataset Original and DeepFake Voices for AI-Based Voice Analysis and Detection/Dataset/S12F02/Real/10.wav,0,MEN,MEN-S12F02,TG:81189a7902f36c5d,5.0507812,1,0.4841666666666666,0.9936365
mendeley/extracted/Bangla Audio Dataset Original and DeepFake Voices for AI-Based Voice Analysis and Detection/Dataset/S12F02/Real/11.wav,0,MEN,MEN-S12F02,TG:dfc527c4d05b0227,-8.2890625,1,0.4508333333333333,0.00025118678
mendeley/extracted/Bangla Audio Dataset Original and DeepFake Voices for AI-Based Voice Analysis and Detection/Dataset/S12F02/Real/12.wav,0,MEN,MEN-S12F02,TG:04a2b30e0f9c53b1,-15.8125,1,0.4175,1.357433e-07
mendeley/extracted/Bangla Audio Dataset Original and DeepFake Voices for AI-Based Voice Analysis and Detection/Dataset/S12F02/Real/13.wav,0,MEN,MEN-S12F02,TG:f665857f8f5852c9,-20.125,1,0.2674999999999999,1.8189618e-09
mendeley/extracted/Bangla Audio Dataset Original and DeepFake Voices for AI-Based Voice Analysis and Detection/Dataset/S12F02/Real/14.wav,0,MEN,MEN-S12F02,TG:aa1dc341d60bbafe,-14.3515625,1,0.2674999999999999,5.850533e-07
mendeley/extracted/Bangla Audio Dataset Original and DeepFake Voices for AI-Based Voice Analysis and Detection/Dataset/S12F02/Real/15.wav,0,MEN,MEN-S12F02,TG:4d9f637d09e3ead5,-2.6796875,1,0.3175,0.06418265
mendeley/extracted/Bangla Audio Dataset Original and DeepFake Voices for AI-Based Voice Analysis and Detection/Dataset/S12F02/Real/16.wav,0,MEN,MEN-S12F02,TG:8ba166c395040864,-3.734375,1,0.4008333333333334,0.02333077
mendeley/extracted/Bangla Audio Dataset Original and DeepFake Voices for AI-Based Voice Analysis and Detection/Dataset/S12F02/Real/17.wav,0,MEN,MEN-S12F02,TG:25903432a5ed835d,-7.71875,1,0.5175000000000001,0.00044421834
mendeley/extracted/Bangla Audio Dataset Original and DeepFake Voices for AI-Based Voice Analysis and Detection/Dataset/S12F02/Real/18.wav,0,MEN,MEN-S12F02,TG:5e9246a5aa906c2c,-20.234375,1,0.4841666666666666,1.6305068e-09
mendeley/extracted/Bangla Audio Dataset Original and DeepFake Voices for AI-Based Voice Analysis and Detection/Dataset/S12F02/Real/19.wav,0,MEN,MEN-S12F02,TG:9935a7fc35fba276,-2.3535156,1,0.4008333333333334,0.08678673
mendeley/extracted/Bangla Audio Dataset Original and DeepFake Voices for AI-Based Voice Analysis and Detection/Dataset/S12F02/Real/2.wav,0,MEN,MEN-S12F02,TG:2e1a8037a5c7446d,-17.5,1,0.4341666666666667,2.5109992e-08
mendeley/extracted/Bangla Audio Dataset Original and DeepFake Voices for AI-Based Voice Analysis and Detection/Dataset/S12F02/Real/20.wav,0,MEN,MEN-S12F02,TG:d9a78a9fb8598e30,-14.65625,1,0.5341666666666667,4.3139127e-07
mendeley/extracted/Bangla Audio Dataset Original and DeepFake Voices for AI-Based Voice Analysis and Detection/Dataset/S12F02/Real/21.wav,0,MEN,MEN-S12F02,TG:f2bac89ac84087eb,15.7421875,1,0.5341666666666667,0.9999999
mendeley/extracted/Bangla Audio Dataset Original and DeepFake Voices for AI-Based Voice Analysis and Detection/Dataset/S12F02/Real/22.wav,0,MEN,MEN-S12F02,TG:6fc67c2677ba9080,-7.7148438,1,0.4508333333333333,0.00044595622
mendeley/extracted/Bangla Audio Dataset Original and DeepFake Voices for AI-Based Voice Analysis and Detection/Dataset/S12F02/Real/23.wav,0,MEN,MEN-S12F02,TG:ea4c21803da05315,-3.6308594,1,0.4841666666666666,0.025809623
mendeley/extracted/Bangla Audio Dataset Original and DeepFake Voices for AI-Based Voice Analysis and Detection/Dataset/S12F02/Real/24.wav,0,MEN,MEN-S12F02,TG:3a260c6e53c12883,-12.375,1,0.5675,4.2228335e-06
mendeley/extracted/Bangla Audio Dataset Original and DeepFake Voices for AI-Based Voice Analysis and Detection/Dataset/S12F02/Real/25.wav,0,MEN,MEN-S12F02,TG:30420959ee16d7c0,1.546875,1,0.4341666666666667,0.8244619
mendeley/extracted/Bangla Audio Dataset Original and DeepFake Voices for AI-Based Voice Analysis and Detection/Dataset/S12F02/Real/26.wav,0,MEN,MEN-S12F02,TG:66dffd8647175de0,-13.2265625,1,0.5175000000000001,1.8020886e-06
mendeley/extracted/Bangla Audio Dataset Original and DeepFake Voices for AI-Based Voice Analysis and Detection/Dataset/S12F02/Real/27.wav,0,MEN,MEN-S12F02,TG:aa8a2f8197d47eac,9.0390625,1,0.5841666666666667,0.99988127
mendeley/extracted/Bangla Audio Dataset Original and DeepFake Voices for AI-Based Voice Analysis and Detection/Dataset/S12F02/Real/28.wav,0,MEN,MEN-S12F02,TG:4085c5d5ac867da6,0.6040039,1,0.5508333333333333,0.64657176
mendeley/extracted/Bangla Audio Dataset Original and DeepFake Voices for AI-Based Voice Analysis and Detection/Dataset/S12F02/Real/29.wav,0,MEN,MEN-S12F02,TG:ee81e3d281fac89c,-19.421875,1,0.5008333333333334,3.6744034e-09
mendeley/extracted/Bangla Audio Dataset Original and DeepFake Voices for AI-Based Voice Analysis and Detection/Dataset/S12F02/Real/3.wav,0,MEN,MEN-S12F02,TG:098f61fd8fd691da,-13.2109375,1,0.4341666666666667,1.8304671e-06
mendeley/extracted/Bangla Audio Dataset Original and DeepFake Voices for AI-Based Voice Analysis and Detection/Dataset/S12F02/Real/30.wav,0,MEN,MEN-S12F02,TG:51ee2c8cc64ff845,-12.609375,1,0.4341666666666667,3.3405393e-06
mendeley/extracted/Bangla Audio Dataset Original and DeepFake Voices for AI-Based Voice Analysis and Detection/Dataset/S12F02/Real/4.wav,0,MEN,MEN-S12F02,TG:6da3c24672ce555f,-10.1328125,1,0.4341666666666667,3.9751925e-05
mendeley/extracted/Bangla Audio Dataset Original and DeepFake Voices for AI-Based Voice Analysis and Detection/Dataset/S12F02/Real/5.wav,0,MEN,MEN-S12F02,TG:6a89c260f0594f99,-13.453125,1,0.3841666666666666,1.4367507e-06
mendeley/extracted/Bangla Audio Dataset Original and DeepFake Voices for AI-Based Voice Analysis and Detection/Dataset/S12F02/Real/6.wav,0,MEN,MEN-S12F02,TG:702bdb4b4754428b,-9.921875,1,0.4841666666666666,4.908662e-05
mendeley/extracted/Bangla Audio Dataset Original and DeepFake Voices for AI-Based Voice Analysis and Detection/Dataset/S12F02/Real/7.wav,0,MEN,MEN-S12F02,TG:eb1075bf1ced697e,-14.1328125,1,0.4841666666666666,7.281103e-07
mendeley/extracted/Bangla Audio Dataset Original and DeepFake Voices for AI-Based Voice Analysis and Detection/Dataset/S12F02/Real/8.wav,0,MEN,MEN-S12F02,TG:3bb8d4c65ccd17ea,-9.9375,1,0.4008333333333334,4.832564e-05
mendeley/extracted/Bangla Audio Dataset Original and DeepFake Voices for AI-Based Voice Analysis and Detection/Dataset/S12F02/Real/9.wav,0,MEN,MEN-S12F02,TG:313ef8a63b157972,-9.5625,1,0.5008333333333334,7.031184e-05
mendeley/extracted/Bangla Audio Dataset Original and DeepFake Voices for AI-Based Voice Analysis and Detection/Dataset/S12F04/Fake/1.wav,1,MEN,MEN-S12F04,TG:781f1e8a983ae061,-16.0,1,0.4341666666666667,1.12535155e-07
mendeley/extracted/Bangla Audio Dataset Original and DeepFake Voices for AI-Based Voice Analysis and Detection/Dataset/S12F04/Fake/10.wav,1,MEN,MEN-S12F04,TG:81189a7902f36c5d,13.8671875,1,0.4108333333333334,0.99999905
mendeley/extracted/Bangla Audio Dataset Original and DeepFake Voices for AI-Based Voice Analysis and Detection/Dataset/S12F04/Fake/11.wav,1,MEN,MEN-S12F04,TG:dfc527c4d05b0227,1.3085938,1,0.1541666666666666,0.78727776
mendeley/extracted/Bangla Audio Dataset Original and DeepFake Voices for AI-Based Voice Analysis and Detection/Dataset/S12F04/Fake/12.wav,1,MEN,MEN-S12F04,TG:04a2b30e0f9c53b1,-24.453125,1,0.4708333333333333,2.3996215e-11
mendeley/extracted/Bangla Audio Dataset Original and DeepFake Voices for AI-Based Voice Analysis and Detection/Dataset/S12F04/Fake/13.wav,1,MEN,MEN-S12F04,TG:f665857f8f5852c9,-20.890625,1,0.2941666666666667,8.4589574e-10
mendeley/extracted/Bangla Audio Dataset Original and DeepFake Voices for AI-Based Voice Analysis and Detection/Dataset/S12F04/Fake/14.wav,1,MEN,MEN-S12F04,TG:aa1dc341d60bbafe,-0.15209961,1,0.4641666666666666,0.46204826
mendeley/extracted/Bangla Audio Dataset Original and DeepFake Voices for AI-Based Voice Analysis and Detection/Dataset/S12F04/Fake/15.wav,1,MEN,MEN-S12F04,TG:4d9f637d09e3ead5,-17.234375,1,0.4608333333333333,3.2749604e-08
mendeley/extracted/Bangla Audio Dataset Original and DeepFake Voices for AI-Based Voice Analysis and Detection/Dataset/S12F04/Fake/16.wav,1,MEN,MEN-S12F04,TG:8ba166c395040864,2.5058594,1,0.4541666666666667,0.92455155
mendeley/extracted/Bangla Audio Dataset Original and DeepFake Voices for AI-Based Voice Analysis and Detection/Dataset/S12F04/Fake/17.wav,1,MEN,MEN-S12F04,TG:25903432a5ed835d,-8.6171875,1,0.4941666666666666,0.00018093578
mendeley/extracted/Bangla Audio Dataset Original and DeepFake Voices for AI-Based Voice Analysis and Detection/Dataset/S12F04/Fake/18.wav,1,MEN,MEN-S12F04,TG:5e9246a5aa906c2c,5.4453125,1,0.4858333333333333,0.9957021
mendeley/extracted/Bangla Audio Dataset Original and DeepFake Voices for AI-Based Voice Analysis and Detection/Dataset/S12F04/Fake/19.wav,1,MEN,MEN-S12F04,TG:9935a7fc35fba276,-12.078125,1,0.4041666666666667,5.682435e-06
mendeley/extracted/Bangla Audio Dataset Original and DeepFake Voices for AI-Based Voice Analysis and Detection/Dataset/S12F04/Fake/2.wav,1,MEN,MEN-S12F04,TG:2e1a8037a5c7446d,-10.2890625,1,0.4508333333333333,3.400182e-05
mendeley/extracted/Bangla Audio Dataset Original and DeepFake Voices for AI-Based Voice Analysis and Detection/Dataset/S12F04/Fake/20.wav,1,MEN,MEN-S12F04,TG:d9a78a9fb8598e30,-0.20129395,1,0.5275000000000001,0.44984573
mendeley/extracted/Bangla Audio Dataset Original and DeepFake Voices for AI-Based Voice Analysis and Detection/Dataset/S12F04/Fake/21.wav,1,MEN,MEN-S12F04,TG:f2bac89ac84087eb,-2.5507812,1,0.4541666666666667,0.072374016
mendeley/extracted/Bangla Audio Dataset Original and DeepFake Voices for AI-Based Voice Analysis and Detection/Dataset/S12F04/Fake/22.wav,1,MEN,MEN-S12F04,TG:6fc67c2677ba9080,16.078125,1,0.4791666666666666,0.9999999
mendeley/extracted/Bangla Audio Dataset Original and DeepFake Voices for AI-Based Voice Analysis and Detection/Dataset/S12F04/Fake/23.wav,1,MEN,MEN-S12F04,TG:ea4c21803da05315,9.171875,1,0.4508333333333333,0.99989605
mendeley/extracted/Bangla Audio Dataset Original and DeepFake Voices for AI-Based Voice Analysis and Detection/Dataset/S12F04/Fake/24.wav,1,MEN,MEN-S12F04,TG:3a260c6e53c12883,-12.1796875,1,0.5541666666666667,5.133655e-06
mendeley/extracted/Bangla Audio Dataset Original and DeepFake Voices for AI-Based Voice Analysis and Detection/Dataset/S12F04/Fake/25.wav,1,MEN,MEN-S12F04,TG:30420959ee16d7c0,5.671875,1,0.3874999999999999,0.99657035
mendeley/extracted/Bangla Audio Dataset Original and DeepFake Voices for AI-Based Voice Analysis and Detection/Dataset/S12F04/Fake/26.wav,1,MEN,MEN-S12F04,TG:66dffd8647175de0,4.6289062,1,0.4375,0.990329
mendeley/extracted/Bangla Audio Dataset Original and DeepFake Voices for AI-Based Voice Analysis and Detection/Dataset/S12F04/Fake/27.wav,1,MEN,MEN-S12F04,TG:aa8a2f8197d47eac,6.4179688,1,0.5858333333333333,0.9983707
mendeley/extracted/Bangla Audio Dataset Original and DeepFake Voices for AI-Based Voice Analysis and Detection/Dataset/S12F04/Fake/28.wav,1,MEN,MEN-S12F04,TG:4085c5d5ac867da6,-11.390625,1,0.4641666666666666,1.1300809e-05
mendeley/extracted/Bangla Audio Dataset Original and DeepFake Voices for AI-Based Voice Analysis and Detection/Dataset/S12F04/Fake/29.wav,1,MEN,MEN-S12F04,TG:ee81e3d281fac89c,-25.078125,1,0.4541666666666667,1.2844247e-11
mendeley/extracted/Bangla Audio Dataset Original and DeepFake Voices for AI-Based Voice Analysis and Detection/Dataset/S12F04/Fake/3.wav,1,MEN,MEN-S12F04,TG:098f61fd8fd691da,-16.671875,1,0.3874999999999999,5.7477344e-08
mendeley/extracted/Bangla Audio Dataset Original and DeepFake Voices for AI-Based Voice Analysis and Detection/Dataset/S12F04/Fake/30.wav,1,MEN,MEN-S12F04,TG:51ee2c8cc64ff845,12.578125,1,0.4625,0.99999654
mendeley/extracted/Bangla Audio Dataset Original and DeepFake Voices for AI-Based Voice Analysis and Detection/Dataset/S12F04/Fake/4.wav,1,MEN,MEN-S12F04,TG:6da3c24672ce555f,-3.6171875,1,0.4975,0.026155617
mendeley/extracted/Bangla Audio Dataset Original and DeepFake Voices for AI-Based Voice Analysis and Detection/Dataset/S12F04/Fake/5.wav,1,MEN,MEN-S12F04,TG:6a89c260f0594f99,-2.4179688,1,0.3158333333333333,0.08181271
mendeley/extracted/Bangla Audio Dataset Original and DeepFake Voices for AI-Based Voice Analysis and Detection/Dataset/S12F04/Fake/6.wav,1,MEN,MEN-S12F04,TG:702bdb4b4754428b,-15.4140625,1,0.4591666666666666,2.0218904e-07
mendeley/extracted/Bangla Audio Dataset Original and DeepFake Voices for AI-Based Voice Analysis and Detection/Dataset/S12F04/Fake/7.wav,1,MEN,MEN-S12F04,TG:eb1075bf1ced697e,-9.8984375,1,0.4675,5.025062e-05
mendeley/extracted/Bangla Audio Dataset Original and DeepFake Voices for AI-Based Voice Analysis and Detection/Dataset/S12F04/Fake/8.wav,1,MEN,MEN-S12F04,TG:3bb8d4c65ccd17ea,-9.3125,1,0.3908333333333333,9.028039e-05
mendeley/extracted/Bangla Audio Dataset Original and DeepFake Voices for AI-Based Voice Analysis and Detection/Dataset/S12F04/Fake/9.wav,1,MEN,MEN-S12F04,TG:313ef8a63b157972,-16.625,1,0.3774999999999999,6.0235735e-08
mendeley/extracted/Bangla Audio Dataset Original and DeepFake Voices for AI-Based Voice Analysis and Detection/Dataset/S12F04/Real/1.wav,0,MEN,MEN-S12F04,TG:781f1e8a983ae061,3.1308594,1,0.3841666666666666,0.95814794
mendeley/extracted/Bangla Audio Dataset Original and DeepFake Voices for AI-Based Voice Analysis and Detection/Dataset/S12F04/Real/10.wav,0,MEN,MEN-S12F04,TG:81189a7902f36c5d,-17.484375,1,0.4675,2.5505418e-08
mendeley/extracted/Bangla Audio Dataset Original and DeepFake Voices for AI-Based Voice Analysis and Detection/Dataset/S12F04/Real/11.wav,0,MEN,MEN-S12F04,TG:dfc527c4d05b0227,-14.203125,1,0.3508333333333333,6.786735e-07
mendeley/extracted/Bangla Audio Dataset Original and DeepFake Voices for AI-Based Voice Analysis and Detection/Dataset/S12F04/Real/12.wav,0,MEN,MEN-S12F04,TG:04a2b30e0f9c53b1,-12.5078125,1,0.4008333333333334,3.6976385e-06
mendeley/extracted/Bangla Audio Dataset Original and DeepFake Voices for AI-Based Voice Analysis and Detection/Dataset/S12F04/Real/13.wav,0,MEN,MEN-S12F04,TG:f665857f8f5852c9,-19.90625,1,0.3841666666666666,2.2637345e-09
mendeley/extracted/Bangla Audio Dataset Original and DeepFake Voices for AI-Based Voice Analysis and Detection/Dataset/S12F04/Real/14.wav,0,MEN,MEN-S12F04,TG:aa1dc341d60bbafe,-16.125,1,0.3675,9.931194e-08
mendeley/extracted/Bangla Audio Dataset Original and DeepFake Voices for AI-Based Voice Analysis and Detection/Dataset/S12F04/Real/15.wav,0,MEN,MEN-S12F04,TG:4d9f637d09e3ead5,-21.515625,1,0.4841666666666666,4.527754e-10
mendeley/extracted/Bangla Audio Dataset Original and DeepFake Voices for AI-Based Voice Analysis and Detection/Dataset/S12F04/Real/16.wav,0,MEN,MEN-S12F04,TG:8ba166c395040864,-12.046875,1,0.4675,5.862814e-06
mendeley/extracted/Bangla Audio Dataset Original and DeepFake Voices for AI-Based Voice Analysis and Detection/Dataset/S12F04/Real/17.wav,0,MEN,MEN-S12F04,TG:25903432a5ed835d,-6.2265625,1,0.4341666666666667,0.0019723359
mendeley/extracted/Bangla Audio Dataset Original and DeepFake Voices for AI-Based Voice Analysis and Detection/Dataset/S12F04/Real/18.wav,0,MEN,MEN-S12F04,TG:5e9246a5aa906c2c,-10.1953125,1,0.4841666666666666,3.7343565e-05
mendeley/extracted/Bangla Audio Dataset Original and DeepFake Voices for AI-Based Voice Analysis and Detection/Dataset/S12F04/Real/19.wav,0,MEN,MEN-S12F04,TG:9935a7fc35fba276,-8.03125,1,0.4675,0.00032503586
mendeley/extracted/Bangla Audio Dataset Original and DeepFake Voices for AI-Based Voice Analysis and Detection/Dataset/S12F04/Real/2.wav,0,MEN,MEN-S12F04,TG:2e1a8037a5c7446d,-6.4296875,1,0.3341666666666666,0.0016103574
mendeley/extracted/Bangla Audio Dataset Original and DeepFake Voices for AI-Based Voice Analysis and Detection/Dataset/S12F04/Real/20.wav,0,MEN,MEN-S12F04,TG:d9a78a9fb8598e30,-10.4296875,1,0.4841666666666666,2.9541427e-05
mendeley/extracted/Bangla Audio Dataset Original and DeepFake Voices for AI-Based Voice Analysis and Detection/Dataset/S12F04/Real/21.wav,0,MEN,MEN-S12F04,TG:f2bac89ac84087eb,0.4350586,1,0.4675,0.60708094
mendeley/extracted/Bangla Audio Dataset Original and DeepFake Voices for AI-Based Voice Analysis and Detection/Dataset/S12F04/Real/22.wav,0,MEN,MEN-S12F04,TG:6fc67c2677ba9080,-2.5332031,1,0.4175,0.073563054
mendeley/extracted/Bangla Audio Dataset Original and DeepFake Voices for AI-Based Voice Analysis and Detection/Dataset/S12F04/Real/23.wav,0,MEN,MEN-S12F04,TG:ea4c21803da05315,-11.5546875,1,0.4175,9.590887e-06
mendeley/extracted/Bangla Audio Dataset Original and DeepFake Voices for AI-Based Voice Analysis and Detection/Dataset/S12F04/Real/24.wav,0,MEN,MEN-S12F04,TG:3a260c6e53c12883,-19.5,1,0.4841666666666666,3.398268e-09
mendeley/extracted/Bangla Audio Dataset Original and DeepFake Voices for AI-Based Voice Analysis and Detection/Dataset/S12F04/Real/25.wav,0,MEN,MEN-S12F04,TG:30420959ee16d7c0,4.859375,1,0.4008333333333334,0.9923044
mendeley/extracted/Bangla Audio Dataset Original and DeepFake Voices for AI-Based Voice Analysis and Detection/Dataset/S12F04/Real/26.wav,0,MEN,MEN-S12F04,TG:66dffd8647175de0,-5.5898438,1,0.4508333333333333,0.0037217087
mendeley/extracted/Bangla Audio Dataset Original and DeepFake Voices for AI-Based Voice Analysis and Detection/Dataset/S12F04/Real/27.wav,0,MEN,MEN-S12F04,TG:aa8a2f8197d47eac,2.1835938,1,0.4675,0.8987666
mendeley/extracted/Bangla Audio Dataset Original and DeepFake Voices for AI-Based Voice Analysis and Detection/Dataset/S12F04/Real/28.wav,0,MEN,MEN-S12F04,TG:4085c5d5ac867da6,-1.4746094,1,0.5008333333333334,0.18624301
mendeley/extracted/Bangla Audio Dataset Original and DeepFake Voices for AI-Based Voice Analysis and Detection/Dataset/S12F04/Real/29.wav,0,MEN,MEN-S12F04,TG:ee81e3d281fac89c,-12.9375,1,0.3675,2.4061026e-06
mendeley/extracted/Bangla Audio Dataset Original and DeepFake Voices for AI-Based Voice Analysis and Detection/Dataset/S12F04/Real/3.wav,0,MEN,MEN-S12F04,TG:098f61fd8fd691da,-19.1875,1,0.3675,4.6448814e-09
mendeley/extracted/Bangla Audio Dataset Original and DeepFake Voices for AI-Based Voice Analysis and Detection/Dataset/S12F04/Real/30.wav,0,MEN,MEN-S12F04,TG:51ee2c8cc64ff845,-13.1953125,1,0.4008333333333334,1.8592929e-06
mendeley/extracted/Bangla Audio Dataset Original and DeepFake Voices for AI-Based Voice Analysis and Detection/Dataset/S12F04/Real/4.wav,0,MEN,MEN-S12F04,TG:6da3c24672ce555f,-7.625,1,0.3841666666666666,0.00048785712
mendeley/extracted/Bangla Audio Dataset Original and DeepFake Voices for AI-Based Voice Analysis and Detection/Dataset/S12F04/Real/5.wav,0,MEN,MEN-S12F04,TG:6a89c260f0594f99,-6.46875,1,0.3675,0.0015487609
mendeley/extracted/Bangla Audio Dataset Original and DeepFake Voices for AI-Based Voice Analysis and Detection/Dataset/S12F04/Real/6.wav,0,MEN,MEN-S12F04,TG:702bdb4b4754428b,-5.2265625,1,0.3841666666666666,0.005343256
mendeley/extracted/Bangla Audio Dataset Original and DeepFake Voices for AI-Based Voice Analysis and Detection/Dataset/S12F04/Real/7.wav,0,MEN,MEN-S12F04,TG:eb1075bf1ced697e,-11.265625,1,0.3841666666666666,1.2805474e-05
mendeley/extracted/Bangla Audio Dataset Original and DeepFake Voices for AI-Based Voice Analysis and Detection/Dataset/S12F04/Real/8.wav,0,MEN,MEN-S12F04,TG:3bb8d4c65ccd17ea,7.1328125,1,0.4008333333333334,0.9992022
mendeley/extracted/Bangla Audio Dataset Original and DeepFake Voices for AI-Based Voice Analysis and Detection/Dataset/S12F04/Real/9.wav,0,MEN,MEN-S12F04,TG:313ef8a63b157972,-24.734375,1,0.4341666666666667,1.8113294e-11
mendeley/extracted/Bangla Audio Dataset Original and DeepFake Voices for AI-Based Voice Analysis and Detection/Dataset/S12M03/Fake/1.wav,1,MEN,MEN-S12M03,TG:781f1e8a983ae061,-21.015625,1,0.3808333333333333,7.4650036e-10
mendeley/extracted/Bangla Audio Dataset Original and DeepFake Voices for AI-Based Voice Analysis and Detection/Dataset/S12M03/Fake/10.wav,1,MEN,MEN-S12M03,TG:81189a7902f36c5d,2.0488281,1,0.4808333333333333,0.88582915
mendeley/extracted/Bangla Audio Dataset Original and DeepFake Voices for AI-Based Voice Analysis and Detection/Dataset/S12M03/Fake/11.wav,1,MEN,MEN-S12M03,TG:dfc527c4d05b0227,4.3515625,1,0.1374999999999999,0.9872773
mendeley/extracted/Bangla Audio Dataset Original and DeepFake Voices for AI-Based Voice Analysis and Detection/Dataset/S12M03/Fake/12.wav,1,MEN,MEN-S12M03,TG:04a2b30e0f9c53b1,-26.453125,1,0.4691666666666666,3.2475348e-12
mendeley/extracted/Bangla Audio Dataset Original and DeepFake Voices for AI-Based Voice Analysis and Detection/Dataset/S12M03/Fake/13.wav,1,MEN,MEN-S12M03,TG:f665857f8f5852c9,-12.3984375,1,0.3575,4.125012e-06
mendeley/extracted/Bangla Audio Dataset Original and DeepFake Voices for AI-Based Voice Analysis and Detection/Dataset/S12M03/Fake/14.wav,1,MEN,MEN-S12M03,TG:aa1dc341d60bbafe,-13.0234375,1,0.2541666666666666,2.207964e-06
mendeley/extracted/Bangla Audio Dataset Original and DeepFake Voices for AI-Based Voice Analysis and Detection/Dataset/S12M03/Fake/15.wav,1,MEN,MEN-S12M03,TG:4d9f637d09e3ead5,-4.8632812,1,0.3974999999999999,0.007665875
mendeley/extracted/Bangla Audio Dataset Original and DeepFake Voices for AI-Based Voice Analysis and Detection/Dataset/S12M03/Fake/16.wav,1,MEN,MEN-S12M03,TG:8ba166c395040864,-0.875,1,0.3408333333333333,0.29421496
mendeley/extracted/Bangla Audio Dataset Original and DeepFake Voices for AI-Based Voice Analysis and Detection/Dataset/S12M03/Fake/17.wav,1,MEN,MEN-S12M03,TG:25903432a5ed835d,3.6894531,1,0.4541666666666667,0.97562337
mendeley/extracted/Bangla Audio Dataset Original and DeepFake Voices for AI-Based Voice Analysis and Detection/Dataset/S12M03/Fake/18.wav,1,MEN,MEN-S12M03,TG:5e9246a5aa906c2c,-3.7207031,1,0.5208333333333333,0.023644341
mendeley/extracted/Bangla Audio Dataset Original and DeepFake Voices for AI-Based Voice Analysis and Detection/Dataset/S12M03/Fake/19.wav,1,MEN,MEN-S12M03,TG:9935a7fc35fba276,-8.015625,1,0.5375,0.00033015275
mendeley/extracted/Bangla Audio Dataset Original and DeepFake Voices for AI-Based Voice Analysis and Detection/Dataset/S12M03/Fake/2.wav,1,MEN,MEN-S12M03,TG:2e1a8037a5c7446d,-19.84375,1,0.3158333333333333,2.4097329e-09
mendeley/extracted/Bangla Audio Dataset Original and DeepFake Voices for AI-Based Voice Analysis and Detection/Dataset/S12M03/Fake/20.wav,1,MEN,MEN-S12M03,TG:d9a78a9fb8598e30,-7.3007812,1,0.5075000000000001,0.0006745559
mendeley/extracted/Bangla Audio Dataset Original and DeepFake Voices for AI-Based Voice Analysis and Detection/Dataset/S12M03/Fake/21.wav,1,MEN,MEN-S12M03,TG:f2bac89ac84087eb,-13.2421875,1,0.4341666666666667,1.7741496e-06
mendeley/extracted/Bangla Audio Dataset Original and DeepFake Voices for AI-Based Voice Analysis and Detection/Dataset/S12M03/Fake/22.wav,1,MEN,MEN-S12M03,TG:6fc67c2677ba9080,-5.8789062,1,0.4024999999999999,0.0027900375
mendeley/extracted/Bangla Audio Dataset Original and DeepFake Voices for AI-Based Voice Analysis and Detection/Dataset/S12M03/Fake/23.wav,1,MEN,MEN-S12M03,TG:ea4c21803da05315,14.640625,1,0.4441666666666667,0.9999995
mendeley/extracted/Bangla Audio Dataset Original and DeepFake Voices for AI-Based Voice Analysis and Detection/Dataset/S12M03/Fake/24.wav,1,MEN,MEN-S12M03,TG:3a260c6e53c12883,-22.53125,1,0.4891666666666666,1.6398438e-10
mendeley/extracted/Bangla Audio Dataset Original and DeepFake Voices for AI-Based Voice Analysis and Detection/Dataset/S12M03/Fake/25.wav,1,MEN,MEN-S12M03,TG:30420959ee16d7c0,13.0859375,1,0.3358333333333333,0.999998
mendeley/extracted/Bangla Audio Dataset Original and DeepFake Voices for AI-Based Voice Analysis and Detection/Dataset/S12M03/Fake/26.wav,1,MEN,MEN-S12M03,TG:66dffd8647175de0,-0.005207062,1,0.4841666666666666,0.49869823
mendeley/extracted/Bangla Audio Dataset Original and DeepFake Voices for AI-Based Voice Analysis and Detection/Dataset/S12M03/Fake/27.wav,1,MEN,MEN-S12M03,TG:aa8a2f8197d47eac,-4.5429688,1,0.5158333333333334,0.010529713
mendeley/extracted/Bangla Audio Dataset Original and DeepFake Voices for AI-Based Voice Analysis and Detection/Dataset/S12M03/Fake/28.wav,1,MEN,MEN-S12M03,TG:4085c5d5ac867da6,-0.27441406,1,0.4375,0.43182373
mendeley/extracted/Bangla Audio Dataset Original and DeepFake Voices for AI-Based Voice Analysis and Detection/Dataset/S12M03/Fake/29.wav,1,MEN,MEN-S12M03,TG:ee81e3d281fac89c,-24.40625,1,0.3824999999999999,2.5147818e-11
mendeley/extracted/Bangla Audio Dataset Original and DeepFake Voices for AI-Based Voice Analysis and Detection/Dataset/S12M03/Fake/3.wav,1,MEN,MEN-S12M03,TG:098f61fd8fd691da,3.3789062,1,0.2991666666666667,0.9670388
mendeley/extracted/Bangla Audio Dataset Original and DeepFake Voices for AI-Based Voice Analysis and Detection/Dataset/S12M03/Fake/30.wav,1,MEN,MEN-S12M03,TG:51ee2c8cc64ff845,-14.671875,1,0.4625,4.247031e-07
mendeley/extracted/Bangla Audio Dataset Original and DeepFake Voices for AI-Based Voice Analysis and Detection/Dataset/S12M03/Fake/4.wav,1,MEN,MEN-S12M03,TG:6da3c24672ce555f,-25.140625,1,0.4041666666666667,1.2066054e-11
mendeley/extracted/Bangla Audio Dataset Original and DeepFake Voices for AI-Based Voice Analysis and Detection/Dataset/S12M03/Fake/5.wav,1,MEN,MEN-S12M03,TG:6a89c260f0594f99,-23.671875,1,0.3308333333333333,5.2412557e-11
mendeley/extracted/Bangla Audio Dataset Original and DeepFake Voices for AI-Based Voice Analysis and Detection/Dataset/S12M03/Fake/6.wav,1,MEN,MEN-S12M03,TG:702bdb4b4754428b,-17.875,1,0.4558333333333333,1.7257827e-08
mendeley/extracted/Bangla Audio Dataset Original and DeepFake Voices for AI-Based Voice Analysis and Detection/Dataset/S12M03/Fake/7.wav,1,MEN,MEN-S12M03,TG:eb1075bf1ced697e,-4.1914062,1,0.4841666666666666,0.014899643
mendeley/extracted/Bangla Audio Dataset Original and DeepFake Voices for AI-Based Voice Analysis and Detection/Dataset/S12M03/Fake/8.wav,1,MEN,MEN-S12M03,TG:3bb8d4c65ccd17ea,-7.0234375,1,0.3741666666666666,0.0008899656
mendeley/extracted/Bangla Audio Dataset Original and DeepFake Voices for AI-Based Voice Analysis and Detection/Dataset/S12M03/Fake/9.wav,1,MEN,MEN-S12M03,TG:313ef8a63b157972,-13.34375,1,0.3808333333333333,1.602811e-06
mendeley/extracted/Bangla Audio Dataset Original and DeepFake Voices for AI-Based Voice Analysis and Detection/Dataset/S12M03/Real/1.wav,0,MEN,MEN-S12M03,TG:781f1e8a983ae061,-6.9726562,1,0.4508333333333333,0.0009362828
mendeley/extracted/Bangla Audio Dataset Original and DeepFake Voices for AI-Based Voice Analysis and Detection/Dataset/S12M03/Real/10.wav,0,MEN,MEN-S12M03,TG:81189a7902f36c5d,-15.7421875,1,0.5175000000000001,1.4563133e-07
mendeley/extracted/Bangla Audio Dataset Original and DeepFake Voices for AI-Based Voice Analysis and Detection/Dataset/S12M03/Real/11.wav,0,MEN,MEN-S12M03,TG:dfc527c4d05b0227,-20.296875,1,0.4341666666666667,1.5317193e-09
mendeley/extracted/Bangla Audio Dataset Original and DeepFake Voices for AI-Based Voice Analysis and Detection/Dataset/S12M03/Real/12.wav,0,MEN,MEN-S12M03,TG:04a2b30e0f9c53b1,-0.79248047,1,0.5008333333333334,0.3116363
mendeley/extracted/Bangla Audio Dataset Original and DeepFake Voices for AI-Based Voice Analysis and Detection/Dataset/S12M03/Real/13.wav,0,MEN,MEN-S12M03,TG:f665857f8f5852c9,5.2382812,1,0.4175,0.9947187
mendeley/extracted/Bangla Audio Dataset Original and DeepFake Voices for AI-Based Voice Analysis and Detection/Dataset/S12M03/Real/14.wav,0,MEN,MEN-S12M03,TG:aa1dc341d60bbafe,-8.0703125,1,0.4008333333333334,0.0003125878
mendeley/extracted/Bangla Audio Dataset Original and DeepFake Voices for AI-Based Voice Analysis and Detection/Dataset/S12M03/Real/15.wav,0,MEN,MEN-S12M03,TG:4d9f637d09e3ead5,-0.09893799,1,0.5675,0.47528568
mendeley/extracted/Bangla Audio Dataset Original and DeepFake Voices for AI-Based Voice Analysis and Detection/Dataset/S12M03/Real/16.wav,0,MEN,MEN-S12M03,TG:8ba166c395040864,2.53125,1,0.4841666666666666,0.9263037
mendeley/extracted/Bangla Audio Dataset Original and DeepFake Voices for AI-Based Voice Analysis and Detection/Dataset/S12M03/Real/17.wav,0,MEN,MEN-S12M03,TG:25903432a5ed835d,3.3945312,1,0.5008333333333334,0.96753323
mendeley/extracted/Bangla Audio Dataset Original and DeepFake Voices for AI-Based Voice Analysis and Detection/Dataset/S12M03/Real/18.wav,0,MEN,MEN-S12M03,TG:5e9246a5aa906c2c,4.2539062,1,0.4675,0.9859904
mendeley/extracted/Bangla Audio Dataset Original and DeepFake Voices for AI-Based Voice Analysis and Detection/Dataset/S12M03/Real/19.wav,0,MEN,MEN-S12M03,TG:9935a7fc35fba276,-11.1328125,1,0.4841666666666666,1.4624283e-05
mendeley/extracted/Bangla Audio Dataset Original and DeepFake Voices for AI-Based Voice Analysis and Detection/Dataset/S12M03/Real/2.wav,0,MEN,MEN-S12M03,TG:2e1a8037a5c7446d,-7.578125,1,0.5008333333333334,0.00051125785
mendeley/extracted/Bangla Audio Dataset Original and DeepFake Voices for AI-Based Voice Analysis and Detection/Dataset/S12M03/Real/20.wav,0,MEN,MEN-S12M03,TG:d9a78a9fb8598e30,-4.609375,1,0.6174999999999999,0.009859855
mendeley/extracted/Bangla Audio Dataset Original and DeepFake Voices for AI-Based Voice Analysis and Detection/Dataset/S12M03/Real/21.wav,0,MEN,MEN-S12M03,TG:f2bac89ac84087eb,10.3046875,1,0.5341666666666667,0.9999665
mendeley/extracted/Bangla Audio Dataset Original and DeepFake Voices for AI-Based Voice Analysis and Detection/Dataset/S12M03/Real/22.wav,0,MEN,MEN-S12M03,TG:6fc67c2677ba9080,2.703125,1,0.3341666666666666,0.93721074
mendeley/extracted/Bangla Audio Dataset Original and DeepFake Voices for AI-Based Voice Analysis and Detection/Dataset/S12M03/Real/23.wav,0,MEN,MEN-S12M03,TG:ea4c21803da05315,-10.203125,1,0.4841666666666666,3.705297e-05
mendeley/extracted/Bangla Audio Dataset Original and DeepFake Voices for AI-Based Voice Analysis and Detection/Dataset/S12M03/Real/24.wav,0,MEN,MEN-S12M03,TG:3a260c6e53c12883,-15.0234375,1,0.5508333333333333,2.98816e-07
mendeley/extracted/Bangla Audio Dataset Original and DeepFake Voices for AI-Based Voice Analysis and Detection/Dataset/S12M03/Real/25.wav,0,MEN,MEN-S12M03,TG:30420959ee16d7c0,-11.1875,1,0.4175,1.3846005e-05
mendeley/extracted/Bangla Audio Dataset Original and DeepFake Voices for AI-Based Voice Analysis and Detection/Dataset/S12M03/Real/26.wav,0,MEN,MEN-S12M03,TG:66dffd8647175de0,-1.5068359,1,0.5175000000000001,0.18140818
mendeley/extracted/Bangla Audio Dataset Original and DeepFake Voices for AI-Based Voice Analysis and Detection/Dataset/S12M03/Real/27.wav,0,MEN,MEN-S12M03,TG:aa8a2f8197d47eac,16.640625,1,0.5675,1.0
mendeley/extracted/Bangla Audio Dataset Original and DeepFake Voices for AI-Based Voice Analysis and Detection/Dataset/S12M03/Real/28.wav,0,MEN,MEN-S12M03,TG:4085c5d5ac867da6,-15.40625,1,0.5508333333333333,2.0377483e-07
mendeley/extracted/Bangla Audio Dataset Original and DeepFake Voices for AI-Based Voice Analysis and Detection/Dataset/S12M03/Real/29.wav,0,MEN,MEN-S12M03,TG:ee81e3d281fac89c,-7.3710938,1,0.5175000000000001,0.00062878407
mendeley/extracted/Bangla Audio Dataset Original and DeepFake Voices for AI-Based Voice Analysis and Detection/Dataset/S12M03/Real/3.wav,0,MEN,MEN-S12M03,TG:098f61fd8fd691da,-22.546875,1,0.4175,1.6144203e-10
mendeley/extracted/Bangla Audio Dataset Original and DeepFake Voices for AI-Based Voice Analysis and Detection/Dataset/S12M03/Real/30.wav,0,MEN,MEN-S12M03,TG:51ee2c8cc64ff845,-0.88916016,1,0.5175000000000001,0.29128316
mendeley/extracted/Bangla Audio Dataset Original and DeepFake Voices for AI-Based Voice Analysis and Detection/Dataset/S12M03/Real/4.wav,0,MEN,MEN-S12M03,TG:6da3c24672ce555f,-7.8164062,1,0.4008333333333334,0.0004029052
mendeley/extracted/Bangla Audio Dataset Original and DeepFake Voices for AI-Based Voice Analysis and Detection/Dataset/S12M03/Real/5.wav,0,MEN,MEN-S12M03,TG:6a89c260f0594f99,-13.578125,1,0.4008333333333334,1.2679283e-06
mendeley/extracted/Bangla Audio Dataset Original and DeepFake Voices for AI-Based Voice Analysis and Detection/Dataset/S12M03/Real/6.wav,0,MEN,MEN-S12M03,TG:702bdb4b4754428b,-22.25,1,0.4341666666666667,2.17244e-10
mendeley/extracted/Bangla Audio Dataset Original and DeepFake Voices for AI-Based Voice Analysis and Detection/Dataset/S12M03/Real/7.wav,0,MEN,MEN-S12M03,TG:eb1075bf1ced697e,1.9267578,1,0.5341666666666667,0.8728902
mendeley/extracted/Bangla Audio Dataset Original and DeepFake Voices for AI-Based Voice Analysis and Detection/Dataset/S12M03/Real/8.wav,0,MEN,MEN-S12M03,TG:3bb8d4c65ccd17ea,-10.0390625,1,0.4341666666666667,4.365878e-05
mendeley/extracted/Bangla Audio Dataset Original and DeepFake Voices for AI-Based Voice Analysis and Detection/Dataset/S12M03/Real/9.wav,0,MEN,MEN-S12M03,TG:313ef8a63b157972,-4.4101562,1,0.5008333333333334,0.012007351
mendeley/extracted/Bangla Audio Dataset Original and DeepFake Voices for AI-Based Voice Analysis and Detection/Dataset/S12M05/Fake/1.wav,1,MEN,MEN-S12M05,TG:781f1e8a983ae061,-18.234375,1,0.4091666666666667,1.2047906e-08
mendeley/extracted/Bangla Audio Dataset Original and DeepFake Voices for AI-Based Voice Analysis and Detection/Dataset/S12M05/Fake/10.wav,1,MEN,MEN-S12M05,TG:81189a7902f36c5d,-17.609375,1,0.4975,2.250845e-08
mendeley/extracted/Bangla Audio Dataset Original and DeepFake Voices for AI-Based Voice Analysis and Detection/Dataset/S12M05/Fake/11.wav,1,MEN,MEN-S12M05,TG:dfc527c4d05b0227,-7.3984375,1,0.1991666666666667,0.00061183405
mendeley/extracted/Bangla Audio Dataset Original and DeepFake Voices for AI-Based Voice Analysis and Detection/Dataset/S12M05/Fake/12.wav,1,MEN,MEN-S12M05,TG:04a2b30e0f9c53b1,-12.9140625,1,0.4775,2.463161e-06
mendeley/extracted/Bangla Audio Dataset Original and DeepFake Voices for AI-Based Voice Analysis and Detection/Dataset/S12M05/Fake/13.wav,1,MEN,MEN-S12M05,TG:f665857f8f5852c9,-21.3125,1,0.3791666666666666,5.5475197e-10
mendeley/extracted/Bangla Audio Dataset Original and DeepFake Voices for AI-Based Voice Analysis and Detection/Dataset/S12M05/Fake/14.wav,1,MEN,MEN-S12M05,TG:aa1dc341d60bbafe,-15.609375,1,0.3258333333333333,1.663162e-07
mendeley/extracted/Bangla Audio Dataset Original and DeepFake Voices for AI-Based Voice Analysis and Detection/Dataset/S12M05/Fake/15.wav,1,MEN,MEN-S12M05,TG:4d9f637d09e3ead5,-15.5703125,1,0.3641666666666666,1.7294147e-07
mendeley/extracted/Bangla Audio Dataset Original and DeepFake Voices for AI-Based Voice Analysis and Detection/Dataset/S12M05/Fake/16.wav,1,MEN,MEN-S12M05,TG:8ba166c395040864,2.34375,1,0.3625,0.9124362
mendeley/extracted/Bangla Audio Dataset Original and DeepFake Voices for AI-Based Voice Analysis and Detection/Dataset/S12M05/Fake/17.wav,1,MEN,MEN-S12M05,TG:25903432a5ed835d,-30.625,1,0.4508333333333333,5.008775e-14
mendeley/extracted/Bangla Audio Dataset Original and DeepFake Voices for AI-Based Voice Analysis and Detection/Dataset/S12M05/Fake/18.wav,1,MEN,MEN-S12M05,TG:5e9246a5aa906c2c,4.171875,1,0.5425,0.98481095
mendeley/extracted/Bangla Audio Dataset Original and DeepFake Voices for AI-Based Voice Analysis and Detection/Dataset/S12M05/Fake/19.wav,1,MEN,MEN-S12M05,TG:9935a7fc35fba276,-10.828125,1,0.5191666666666667,1.9833367e-05
mendeley/extracted/Bangla Audio Dataset Original and DeepFake Voices for AI-Based Voice Analysis and Detection/Dataset/S12M05/Fake/2.wav,1,MEN,MEN-S12M05,TG:2e1a8037a5c7446d,-5.1445312,1,0.3541666666666666,0.005797401
mendeley/extracted/Bangla Audio Dataset Original and DeepFake Voices for AI-Based Voice Analysis and Detection/Dataset/S12M05/Fake/20.wav,1,MEN,MEN-S12M05,TG:d9a78a9fb8598e30,-20.40625,1,0.5375,1.3730242e-09
mendeley/extracted/Bangla Audio Dataset Original and DeepFake Voices for AI-Based Voice Analysis and Detection/Dataset/S12M05/Fake/21.wav,1,MEN,MEN-S12M05,TG:f2bac89ac84087eb,-13.2109375,1,0.4358333333333333,1.8304671e-06
mendeley/extracted/Bangla Audio Dataset Original and DeepFake Voices for AI-Based Voice Analysis and Detection/Dataset/S12M05/Fake/22.wav,1,MEN,MEN-S12M05,TG:6fc67c2677ba9080,-10.0078125,1,0.4908333333333333,4.5044595e-05
mendeley/extracted/Bangla Audio Dataset Original and DeepFake Voices for AI-Based Voice Analysis and Detection/Dataset/S12M05/Fake/23.wav,1,MEN,MEN-S12M05,TG:ea4c21803da05315,2.9941406,1,0.4408333333333333,0.95230865
mendeley/extracted/Bangla Audio Dataset Original and DeepFake Voices for AI-Based Voice Analysis and Detection/Dataset/S12M05/Fake/24.wav,1,MEN,MEN-S12M05,TG:3a260c6e53c12883,-7.9492188,1,0.3575,0.00035281322
mendeley/extracted/Bangla Audio Dataset Original and DeepFake Voices for AI-Based Voice Analysis and Detection/Dataset/S12M05/Fake/25.wav,1,MEN,MEN-S12M05,TG:30420959ee16d7c0,1.4570312,1,0.3641666666666666,0.8110782
mendeley/extracted/Bangla Audio Dataset Original and DeepFake Voices for AI-Based Voice Analysis and Detection/Dataset/S12M05/Fake/26.wav,1,MEN,MEN-S12M05,TG:66dffd8647175de0,6.6796875,1,0.3874999999999999,0.9987453
mendeley/extracted/Bangla Audio Dataset Original and DeepFake Voices for AI-Based Voice Analysis and Detection/Dataset/S12M05/Fake/27.wav,1,MEN,MEN-S12M05,TG:aa8a2f8197d47eac,-18.046875,1,0.4558333333333333,1.45325485e-08
mendeley/extracted/Bangla Audio Dataset Original and DeepFake Voices for AI-Based Voice Analysis and Detection/Dataset/S12M05/Fake/28.wav,1,MEN,MEN-S12M05,TG:4085c5d5ac867da6,-12.4921875,1,0.4908333333333333,3.7558677e-06
mendeley/extracted/Bangla Audio Dataset Original and DeepFake Voices for AI-Based Voice Analysis and Detection/Dataset/S12M05/Fake/29.wav,1,MEN,MEN-S12M05,TG:ee81e3d281fac89c,-24.796875,1,0.3874999999999999,1.7015864e-11
mendeley/extracted/Bangla Audio Dataset Original and DeepFake Voices for AI-Based Voice Analysis and Detection/Dataset/S12M05/Fake/3.wav,1,MEN,MEN-S12M05,TG:098f61fd8fd691da,-19.203125,1,0.2508333333333333,4.572869e-09
mendeley/extracted/Bangla Audio Dataset Original and DeepFake Voices for AI-Based Voice Analysis and Detection/Dataset/S12M05/Fake/30.wav,1,MEN,MEN-S12M05,TG:51ee2c8cc64ff845,-16.59375,1,0.4208333333333333,6.2147826e-08
mendeley/extracted/Bangla Audio Dataset Original and DeepFake Voices for AI-Based Voice Analysis and Detection/Dataset/S12M05/Fake/4.wav,1,MEN,MEN-S12M05,TG:6da3c24672ce555f,-8.9921875,1,0.3541666666666666,0.00012436225
mendeley/extracted/Bangla Audio Dataset Original and DeepFake Voices for AI-Based Voice Analysis and Detection/Dataset/S12M05/Fake/5.wav,1,MEN,MEN-S12M05,TG:6a89c260f0594f99,-16.703125,1,0.3208333333333333,5.570894e-08
mendeley/extracted/Bangla Audio Dataset Original and DeepFake Voices for AI-Based Voice Analysis and Detection/Dataset/S12M05/Fake/6.wav,1,MEN,MEN-S12M05,TG:702bdb4b4754428b,-21.1875,1,0.4708333333333333,6.286164e-10
mendeley/extracted/Bangla Audio Dataset Original and DeepFake Voices for AI-Based Voice Analysis and Detection/Dataset/S12M05/Fake/7.wav,1,MEN,MEN-S12M05,TG:eb1075bf1ced697e,-5.5117188,1,0.5008333333333334,0.00402291
mendeley/extracted/Bangla Audio Dataset Original and DeepFake Voices for AI-Based Voice Analysis and Detection/Dataset/S12M05/Fake/8.wav,1,MEN,MEN-S12M05,TG:3bb8d4c65ccd17ea,-8.6953125,1,0.3641666666666666,0.00016734052
mendeley/extracted/Bangla Audio Dataset Original and DeepFake Voices for AI-Based Voice Analysis and Detection/Dataset/S12M05/Fake/9.wav,1,MEN,MEN-S12M05,TG:313ef8a63b157972,-24.328125,1,0.4241666666666667,2.7191274e-11
mendeley/extracted/Bangla Audio Dataset Original and DeepFake Voices for AI-Based Voice Analysis and Detection/Dataset/S12M05/Real/1.wav,0,MEN,MEN-S12M05,TG:781f1e8a983ae061,-14.0234375,1,0.4341666666666667,8.122657e-07
mendeley/extracted/Bangla Audio Dataset Original and DeepFake Voices for AI-Based Voice Analysis and Detection/Dataset/S12M05/Real/10.wav,0,MEN,MEN-S12M05,TG:81189a7902f36c5d,-10.859375,1,0.5175000000000001,1.9223171e-05
mendeley/extracted/Bangla Audio Dataset Original and DeepFake Voices for AI-Based Voice Analysis and Detection/Dataset/S12M05/Real/11.wav,0,MEN,MEN-S12M05,TG:dfc527c4d05b0227,-21.828125,1,0.4008333333333334,3.3125752e-10
mendeley/extracted/Bangla Audio Dataset Original and DeepFake Voices for AI-Based Voice Analysis and Detection/Dataset/S12M05/Real/12.wav,0,MEN,MEN-S12M05,TG:04a2b30e0f9c53b1,-5.4570312,1,0.5175000000000001,0.004248079
mendeley/extracted/Bangla Audio Dataset Original and DeepFake Voices for AI-Based Voice Analysis and Detection/Dataset/S12M05/Real/13.wav,0,MEN,MEN-S12M05,TG:f665857f8f5852c9,-0.10656738,1,0.4175,0.4733833
mendeley/extracted/Bangla Audio Dataset Original and DeepFake Voices for AI-Based Voice Analysis and Detection/Dataset/S12M05/Real/14.wav,0,MEN,MEN-S12M05,TG:aa1dc341d60bbafe,-17.84375,1,0.3841666666666666,1.7805652e-08
mendeley/extracted/Bangla Audio Dataset Original and DeepFake Voices for AI-Based Voice Analysis and Detection/Dataset/S12M05/Real/15.wav,0,MEN,MEN-S12M05,TG:4d9f637d09e3ead5,-19.109375,1,0.4508333333333333,5.0223146e-09
mendeley/extracted/Bangla Audio Dataset Original and DeepFake Voices for AI-Based Voice Analysis and Detection/Dataset/S12M05/Real/16.wav,0,MEN,MEN-S12M05,TG:8ba166c395040864,5.6015625,1,0.3841666666666666,0.99632144
mendeley/extracted/Bangla Audio Dataset Original and DeepFake Voices for AI-Based Voice Analysis and Detection/Dataset/S12M05/Real/17.wav,0,MEN,MEN-S12M05,TG:25903432a5ed835d,-18.75,1,0.4008333333333334,7.1941337e-09
mendeley/extracted/Bangla Audio Dataset Original and DeepFake Voices for AI-Based Voice Analysis and Detection/Dataset/S12M05/Real/18.wav,0,MEN,MEN-S12M05,TG:5e9246a5aa906c2c,-8.0546875,1,0.4841666666666666,0.0003175088
mendeley/extracted/Bangla Audio Dataset Original and DeepFake Voices for AI-Based Voice Analysis and Detection/Dataset/S12M05/Real/19.wav,0,MEN,MEN-S12M05,TG:9935a7fc35fba276,-3.9550781,1,0.3675,0.018797074
mendeley/extracted/Bangla Audio Dataset Original and DeepFake Voices for AI-Based Voice Analysis and Detection/Dataset/S12M05/Real/2.wav,0,MEN,MEN-S12M05,TG:2e1a8037a5c7446d,-21.953125,1,0.3508333333333333,2.9233374e-10
mendeley/extracted/Bangla Audio Dataset Original and DeepFake Voices for AI-Based Voice Analysis and Detection/Dataset/S12M05/Real/20.wav,0,MEN,MEN-S12M05,TG:d9a78a9fb8598e30,-9.8203125,1,0.5341666666666667,5.433365e-05
mendeley/extracted/Bangla Audio Dataset Original and DeepFake Voices for AI-Based Voice Analysis and Detection/Dataset/S12M05/Real/21.wav,0,MEN,MEN-S12M05,TG:f2bac89ac84087eb,1.9033203,1,0.4508333333333333,0.8702668
mendeley/extracted/Bangla Audio Dataset Original and DeepFake Voices for AI-Based Voice Analysis and Detection/Dataset/S12M05/Real/22.wav,0,MEN,MEN-S12M05,TG:6fc67c2677ba9080,-15.9375,1,0.3841666666666666,1.1979304e-07
mendeley/extracted/Bangla Audio Dataset Original and DeepFake Voices for AI-Based Voice Analysis and Detection/Dataset/S12M05/Real/23.wav,0,MEN,MEN-S12M05,TG:ea4c21803da05315,-2.9980469,1,0.4508333333333333,0.047514185
mendeley/extracted/Bangla Audio Dataset Original and DeepFake Voices for AI-Based Voice Analysis and Detection/Dataset/S12M05/Real/24.wav,0,MEN,MEN-S12M05,TG:3a260c6e53c12883,4.21875,1,0.4008333333333334,0.98549646
mendeley/extracted/Bangla Audio Dataset Original and DeepFake Voices for AI-Based Voice Analysis and Detection/Dataset/S12M05/Real/25.wav,0,MEN,MEN-S12M05,TG:30420959ee16d7c0,-8.8984375,1,0.3508333333333333,0.00013658353
mendeley/extracted/Bangla Audio Dataset Original and DeepFake Voices for AI-Based Voice Analysis and Detection/Dataset/S12M05/Real/26.wav,0,MEN,MEN-S12M05,TG:66dffd8647175de0,-15.3359375,1,0.4508333333333333,2.186185e-07
mendeley/extracted/Bangla Audio Dataset Original and DeepFake Voices for AI-Based Voice Analysis and Detection/Dataset/S12M05/Real/27.wav,0,MEN,MEN-S12M05,TG:aa8a2f8197d47eac,5.734375,1,0.5175000000000001,0.9967775
mendeley/extracted/Bangla Audio Dataset Original and DeepFake Voices for AI-Based Voice Analysis and Detection/Dataset/S12M05/Real/28.wav,0,MEN,MEN-S12M05,TG:4085c5d5ac867da6,-4.09375,1,0.4175,0.016403032
mendeley/extracted/Bangla Audio Dataset Original and DeepFake Voices for AI-Based Voice Analysis and Detection/Dataset/S12M05/Real/29.wav,0,MEN,MEN-S12M05,TG:ee81e3d281fac89c,-16.03125,1,0.3841666666666666,1.0907282e-07
mendeley/extracted/Bangla Audio Dataset Original and DeepFake Voices for AI-Based Voice Analysis and Detection/Dataset/S12M05/Real/3.wav,0,MEN,MEN-S12M05,TG:098f61fd8fd691da,-18.8125,1,0.4008333333333334,6.7582624e-09
mendeley/extracted/Bangla Audio Dataset Original and DeepFake Voices for AI-Based Voice Analysis and Detection/Dataset/S12M05/Real/30.wav,0,MEN,MEN-S12M05,TG:51ee2c8cc64ff845,3.7871094,1,0.4341666666666667,0.9778412
mendeley/extracted/Bangla Audio Dataset Original and DeepFake Voices for AI-Based Voice Analysis and Detection/Dataset/S12M05/Real/4.wav,0,MEN,MEN-S12M05,TG:6da3c24672ce555f,-15.09375,1,0.4175,2.7852715e-07
mendeley/extracted/Bangla Audio Dataset Original and DeepFake Voices for AI-Based Voice Analysis and Detection/Dataset/S12M05/Real/5.wav,0,MEN,MEN-S12M05,TG:6a89c260f0594f99,-13.328125,1,0.3675,1.6280515e-06
mendeley/extracted/Bangla Audio Dataset Original and DeepFake Voices for AI-Based Voice Analysis and Detection/Dataset/S12M05/Real/6.wav,0,MEN,MEN-S12M05,TG:702bdb4b4754428b,-1.5839844,1,0.3841666666666666,0.17023192
mendeley/extracted/Bangla Audio Dataset Original and DeepFake Voices for AI-Based Voice Analysis and Detection/Dataset/S12M05/Real/7.wav,0,MEN,MEN-S12M05,TG:eb1075bf1ced697e,-18.265625,1,0.3841666666666666,1.1677231e-08
mendeley/extracted/Bangla Audio Dataset Original and DeepFake Voices for AI-Based Voice Analysis and Detection/Dataset/S12M05/Real/8.wav,0,MEN,MEN-S12M05,TG:3bb8d4c65ccd17ea,-14.375,1,0.3508333333333333,5.7150044e-07
mendeley/extracted/Bangla Audio Dataset Original and DeepFake Voices for AI-Based Voice Analysis and Detection/Dataset/S12M05/Real/9.wav,0,MEN,MEN-S12M05,TG:313ef8a63b157972,-14.234375,1,0.4841666666666666,6.57793e-07
mendeley/extracted/Bangla Audio Dataset Original and DeepFake Voices for AI-Based Voice Analysis and Detection/Dataset/S13F02/Fake/1.wav,1,MEN,MEN-S13F02,TG:59a9f15bf4c1e1f9,-10.671875,1,0.4308333333333333,2.3187478e-05
mendeley/extracted/Bangla Audio Dataset Original and DeepFake Voices for AI-Based Voice Analysis and Detection/Dataset/S13F02/Fake/10.wav,1,MEN,MEN-S13F02,TG:af46530c8e94f66a,11.1875,1,0.5341666666666667,0.9999862
mendeley/extracted/Bangla Audio Dataset Original and DeepFake Voices for AI-Based Voice Analysis and Detection/Dataset/S13F02/Fake/11.wav,1,MEN,MEN-S13F02,TG:206cd06074b026d5,-15.2265625,1,0.5258333333333334,2.4388655e-07
mendeley/extracted/Bangla Audio Dataset Original and DeepFake Voices for AI-Based Voice Analysis and Detection/Dataset/S13F02/Fake/12.wav,1,MEN,MEN-S13F02,TG:fc8142f1666481b5,11.6484375,1,0.4441666666666667,0.9999913
mendeley/extracted/Bangla Audio Dataset Original and DeepFake Voices for AI-Based Voice Analysis and Detection/Dataset/S13F02/Fake/13.wav,1,MEN,MEN-S13F02,TG:8b9d7fe36d313ffb,-16.71875,1,0.5958333333333333,5.484526e-08
mendeley/extracted/Bangla Audio Dataset Original and DeepFake Voices for AI-Based Voice Analysis and Detection/Dataset/S13F02/Fake/14.wav,1,MEN,MEN-S13F02,TG:373cb328e6d0029c,14.5078125,1,0.4775,0.9999995
mendeley/extracted/Bangla Audio Dataset Original and DeepFake Voices for AI-Based Voice Analysis and Detection/Dataset/S13F02/Fake/15.wav,1,MEN,MEN-S13F02,TG:725e597ccf136c7b,-12.5234375,1,0.4008333333333334,3.6403117e-06
mendeley/extracted/Bangla Audio Dataset Original and DeepFake Voices for AI-Based Voice Analysis and Detection/Dataset/S13F02/Fake/16.wav,1,MEN,MEN-S13F02,TG:19493fcae8d03fba,13.328125,1,0.3858333333333333,0.99999833
mendeley/extracted/Bangla Audio Dataset Original and DeepFake Voices for AI-Based Voice Analysis and Detection/Dataset/S13F02/Fake/17.wav,1,MEN,MEN-S13F02,TG:6c80d161a68feef8,-11.078125,1,0.4508333333333333,1.5446309e-05
mendeley/extracted/Bangla Audio Dataset Original and DeepFake Voices for AI-Based Voice Analysis and Detection/Dataset/S13F02/Fake/18.wav,1,MEN,MEN-S13F02,TG:c628bfabacea3ccb,-4.8320312,1,0.4775,0.007907292
mendeley/extracted/Bangla Audio Dataset Original and DeepFake Voices for AI-Based Voice Analysis and Detection/Dataset/S13F02/Fake/19.wav,1,MEN,MEN-S13F02,TG:8dee1cb04b557d42,-2.265625,1,0.3774999999999999,0.09401018
mendeley/extracted/Bangla Audio Dataset Original and DeepFake Voices for AI-Based Voice Analysis and Detection/Dataset/S13F02/Fake/2.wav,1,MEN,MEN-S13F02,TG:b50c656187dba8e6,-4.59375,1,0.5275000000000001,0.01001357
mendeley/extracted/Bangla Audio Dataset Original and DeepFake Voices for AI-Based Voice Analysis and Detection/Dataset/S13F02/Fake/20.wav,1,MEN,MEN-S13F02,TG:b2cf028254ed88e1,14.875,1,0.3691666666666666,0.99999964
mendeley/extracted/Bangla Audio Dataset Original and DeepFake Voices for AI-Based Voice Analysis and Detection/Dataset/S13F02/Fake/21.wav,1,MEN,MEN-S13F02,TG:b16e2afabc8b744f,-10.375,1,0.4641666666666666,3.120191e-05
mendeley/extracted/Bangla Audio Dataset Original and DeepFake Voices for AI-Based Voice Analysis and Detection/Dataset/S13F02/Fake/22.wav,1,MEN,MEN-S13F02,TG:3ea4c2ab6bd8c696,22.640625,1,0.5208333333333333,1.0
mendeley/extracted/Bangla Audio Dataset Original and DeepFake Voices for AI-Based Voice Analysis and Detection/Dataset/S13F02/Fake/23.wav,1,MEN,MEN-S13F02,TG:1aea278e72d15d0c,-13.5,1,0.4608333333333333,1.3709571e-06
mendeley/extracted/Bangla Audio Dataset Original and DeepFake Voices for AI-Based Voice Analysis and Detection/Dataset/S13F02/Fake/24.wav,1,MEN,MEN-S13F02,TG:308b7809dcd529fe,23.984375,1,0.5241666666666667,1.0
mendeley/extracted/Bangla Audio Dataset Original and DeepFake Voices for AI-Based Voice Analysis and Detection/Dataset/S13F02/Fake/25.wav,1,MEN,MEN-S13F02,TG:d1b72b1834bf1ba9,-12.4375,1,0.2774999999999999,3.966986e-06
mendeley/extracted/Bangla Audio Dataset Original and DeepFake Voices for AI-Based Voice Analysis and Detection/Dataset/S13F02/Fake/26.wav,1,MEN,MEN-S13F02,TG:b30ab81ebf25d425,-3.0429688,1,0.4608333333333333,0.045522004
mendeley/extracted/Bangla Audio Dataset Original and DeepFake Voices for AI-Based Voice Analysis and Detection/Dataset/S13F02/Fake/27.wav,1,MEN,MEN-S13F02,TG:4801945c778274b7,-17.4375,1,0.4775,2.6729445e-08
mendeley/extracted/Bangla Audio Dataset Original and DeepFake Voices for AI-Based Voice Analysis and Detection/Dataset/S13F02/Fake/28.wav,1,MEN,MEN-S13F02,TG:20d29da1528cd788,-4.9570312,1,0.4075,0.00698465
mendeley/extracted/Bangla Audio Dataset Original and DeepFake Voices for AI-Based Voice Analysis and Detection/Dataset/S13F02/Fake/29.wav,1,MEN,MEN-S13F02,TG:39ba0547eb0a9549,-1.7548828,1,0.3708333333333333,0.1474324
mendeley/extracted/Bangla Audio Dataset Original and DeepFake Voices for AI-Based Voice Analysis and Detection/Dataset/S13F02/Fake/3.wav,1,MEN,MEN-S13F02,TG:e921a431e5a8d0f2,12.8046875,1,0.5991666666666666,0.99999726
mendeley/extracted/Bangla Audio Dataset Original and DeepFake Voices for AI-Based Voice Analysis and Detection/Dataset/S13F02/Fake/30.wav,1,MEN,MEN-S13F02,TG:83175214af1cd3cc,4.828125,1,0.5108333333333333,0.992062
mendeley/extracted/Bangla Audio Dataset Original and DeepFake Voices for AI-Based Voice Analysis and Detection/Dataset/S13F02/Fake/4.wav,1,MEN,MEN-S13F02,TG:7b4edaf138d43c24,-0.67871094,1,0.5291666666666667,0.33654907
mendeley/extracted/Bangla Audio Dataset Original and DeepFake Voices for AI-Based Voice Analysis and Detection/Dataset/S13F02/Fake/5.wav,1,MEN,MEN-S13F02,TG:4365e0fcdb4baa7c,-9.53125,1,0.3341666666666666,7.254362e-05
mendeley/extracted/Bangla Audio Dataset Original and DeepFake Voices for AI-Based Voice Analysis and Detection/Dataset/S13F02/Fake/6.wav,1,MEN,MEN-S13F02,TG:0d8af69205969b08,18.046875,1,0.4558333333333333,1.0
mendeley/extracted/Bangla Audio Dataset Original and DeepFake Voices for AI-Based Voice Analysis and Detection/Dataset/S13F02/Fake/7.wav,1,MEN,MEN-S13F02,TG:40a9df8903c6d06d,1.2871094,1,0.4691666666666666,0.78365755
mendeley/extracted/Bangla Audio Dataset Original and DeepFake Voices for AI-Based Voice Analysis and Detection/Dataset/S13F02/Fake/8.wav,1,MEN,MEN-S13F02,TG:ec3afa02296104d2,0.39111328,1,0.5225,0.5965507
mendeley/extracted/Bangla Audio Dataset Original and DeepFake Voices for AI-Based Voice Analysis and Detection/Dataset/S13F02/Fake/9.wav,1,MEN,MEN-S13F02,TG:44ef37911c97b339,-7.7578125,1,0.6291666666666667,0.00042720794
mendeley/extracted/Bangla Audio Dataset Original and DeepFake Voices for AI-Based Voice Analysis and Detection/Dataset/S13F02/Real/1.wav,0,MEN,MEN-S13F02,TG:59a9f15bf4c1e1f9,2.671875,1,0.5841666666666667,0.9353465
mendeley/extracted/Bangla Audio Dataset Original and DeepFake Voices for AI-Based Voice Analysis and Detection/Dataset/S13F02/Real/10.wav,0,MEN,MEN-S13F02,TG:af46530c8e94f66a,-0.9321289,1,0.6008333333333333,0.282493
mendeley/extracted/Bangla Audio Dataset Original and DeepFake Voices for AI-Based Voice Analysis and Detection/Dataset/S13F02/Real/11.wav,0,MEN,MEN-S13F02,TG:206cd06074b026d5,-2.9335938,1,0.5508333333333333,0.05051767
mendeley/extracted/Bangla Audio Dataset Original and DeepFake Voices for AI-Based Voice Analysis and Detection/Dataset/S13F02/Real/12.wav,0,MEN,MEN-S13F02,TG:fc8142f1666481b5,8.390625,1,0.5341666666666667,0.9997731
mendeley/extracted/Bangla Audio Dataset Original and DeepFake Voices for AI-Based Voice Analysis and Detection/Dataset/S13F02/Real/13.wav,0,MEN,MEN-S13F02,TG:8b9d7fe36d313ffb,0.057373047,1,0.4841666666666666,0.5143393
mendeley/extracted/Bangla Audio Dataset Original and DeepFake Voices for AI-Based Voice Analysis and Detection/Dataset/S13F02/Real/14.wav,0,MEN,MEN-S13F02,TG:373cb328e6d0029c,19.90625,1,0.5008333333333334,1.0
mendeley/extracted/Bangla Audio Dataset Original and DeepFake Voices for AI-Based Voice Analysis and Detection/Dataset/S13F02/Real/15.wav,0,MEN,MEN-S13F02,TG:725e597ccf136c7b,16.984375,1,0.4508333333333333,1.0
mendeley/extracted/Bangla Audio Dataset Original and DeepFake Voices for AI-Based Voice Analysis and Detection/Dataset/S13F02/Real/16.wav,0,MEN,MEN-S13F02,TG:19493fcae8d03fba,5.40625,1,0.5341666666666667,0.99553156
mendeley/extracted/Bangla Audio Dataset Original and DeepFake Voices for AI-Based Voice Analysis and Detection/Dataset/S13F02/Real/17.wav,0,MEN,MEN-S13F02,TG:6c80d161a68feef8,-0.034576416,1,0.3841666666666666,0.4913568
mendeley/extracted/Bangla Audio Dataset Original and DeepFake Voices for AI-Based Voice Analysis and Detection/Dataset/S13F02/Real/18.wav,0,MEN,MEN-S13F02,TG:c628bfabacea3ccb,-2.21875,1,0.4675,0.09807932
mendeley/extracted/Bangla Audio Dataset Original and DeepFake Voices for AI-Based Voice Analysis and Detection/Dataset/S13F02/Real/19.wav,0,MEN,MEN-S13F02,TG:8dee1cb04b557d42,-9.984375,1,0.5508333333333333,4.611275e-05
mendeley/extracted/Bangla Audio Dataset Original and DeepFake Voices for AI-Based Voice Analysis and Detection/Dataset/S13F02/Real/2.wav,0,MEN,MEN-S13F02,TG:b50c656187dba8e6,-6.9882812,1,0.5341666666666667,0.0009217804
mendeley/extracted/Bangla Audio Dataset Original and DeepFake Voices for AI-Based Voice Analysis and Detection/Dataset/S13F02/Real/20.wav,0,MEN,MEN-S13F02,TG:b2cf028254ed88e1,5.0234375,1,0.4508333333333333,0.99346113
mendeley/extracted/Bangla Audio Dataset Original and DeepFake Voices for AI-Based Voice Analysis and Detection/Dataset/S13F02/Real/21.wav,0,MEN,MEN-S13F02,TG:b16e2afabc8b744f,16.765625,1,0.5175000000000001,1.0
mendeley/extracted/Bangla Audio Dataset Original and DeepFake Voices for AI-Based Voice Analysis and Detection/Dataset/S13F02/Real/22.wav,0,MEN,MEN-S13F02,TG:3ea4c2ab6bd8c696,10.5703125,1,0.5341666666666667,0.99997437
mendeley/extracted/Bangla Audio Dataset Original and DeepFake Voices for AI-Based Voice Analysis and Detection/Dataset/S13F02/Real/23.wav,0,MEN,MEN-S13F02,TG:1aea278e72d15d0c,-8.1796875,1,0.4841666666666666,0.00028021098
mendeley/extracted/Bangla Audio Dataset Original and DeepFake Voices for AI-Based Voice Analysis and Detection/Dataset/S13F02/Real/24.wav,0,MEN,MEN-S13F02,TG:308b7809dcd529fe,-15.171875,1,0.4341666666666667,2.575955e-07
mendeley/extracted/Bangla Audio Dataset Original and DeepFake Voices for AI-Based Voice Analysis and Detection/Dataset/S13F02/Real/25.wav,0,MEN,MEN-S13F02,TG:d1b72b1834bf1ba9,4.71875,1,0.3508333333333333,0.9911527
mendeley/extracted/Bangla Audio Dataset Original and DeepFake Voices for AI-Based Voice Analysis and Detection/Dataset/S13F02/Real/26.wav,0,MEN,MEN-S13F02,TG:b30ab81ebf25d425,-3.2363281,1,0.3841666666666666,0.037821285
mendeley/extracted/Bangla Audio Dataset Original and DeepFake Voices for AI-Based Voice Analysis and Detection/Dataset/S13F02/Real/27.wav,0,MEN,MEN-S13F02,TG:4801945c778274b7,-2.9257812,1,0.4841666666666666,0.050893717
mendeley/extracted/Bangla Audio Dataset Original and DeepFake Voices for AI-Based Voice Analysis and Detection/Dataset/S13F02/Real/28.wav,0,MEN,MEN-S13F02,TG:20d29da1528cd788,7.9375,1,0.4008333333333334,0.99964297
mendeley/extracted/Bangla Audio Dataset Original and DeepFake Voices for AI-Based Voice Analysis and Detection/Dataset/S13F02/Real/29.wav,0,MEN,MEN-S13F02,TG:39ba0547eb0a9549,7.953125,1,0.5175000000000001,0.9996486
mendeley/extracted/Bangla Audio Dataset Original and DeepFake Voices for AI-Based Voice Analysis and Detection/Dataset/S13F02/Real/3.wav,0,MEN,MEN-S13F02,TG:e921a431e5a8d0f2,-30.390625,1,0.6008333333333333,6.331685e-14
mendeley/extracted/Bangla Audio Dataset Original and DeepFake Voices for AI-Based Voice Analysis and Detection/Dataset/S13F02/Real/30.wav,0,MEN,MEN-S13F02,TG:83175214af1cd3cc,-5.9726562,1,0.5841666666666667,0.0025409926
mendeley/extracted/Bangla Audio Dataset Original and DeepFake Voices for AI-Based Voice Analysis and Detection/Dataset/S13F02/Real/4.wav,0,MEN,MEN-S13F02,TG:7b4edaf138d43c24,-26.609375,1,0.6008333333333333,2.7777635e-12
mendeley/extracted/Bangla Audio Dataset Original and DeepFake Voices for AI-Based Voice Analysis and Detection/Dataset/S13F02/Real/5.wav,0,MEN,MEN-S13F02,TG:4365e0fcdb4baa7c,-24.28125,1,0.5008333333333334,2.849621e-11
mendeley/extracted/Bangla Audio Dataset Original and DeepFake Voices for AI-Based Voice Analysis and Detection/Dataset/S13F02/Real/6.wav,0,MEN,MEN-S13F02,TG:0d8af69205969b08,-25.3125,1,0.4508333333333333,1.0160637e-11
mendeley/extracted/Bangla Audio Dataset Original and DeepFake Voices for AI-Based Voice Analysis and Detection/Dataset/S13F02/Real/7.wav,0,MEN,MEN-S13F02,TG:40a9df8903c6d06d,-17.359375,1,0.5175000000000001,2.8901423e-08
mendeley/extracted/Bangla Audio Dataset Original and DeepFake Voices for AI-Based Voice Analysis and Detection/Dataset/S13F02/Real/8.wav,0,MEN,MEN-S13F02,TG:ec3afa02296104d2,-3.1816406,1,0.6008333333333333,0.03986249
mendeley/extracted/Bangla Audio Dataset Original and DeepFake Voices for AI-Based Voice Analysis and Detection/Dataset/S13F02/Real/9.wav,0,MEN,MEN-S13F02,TG:44ef37911c97b339,2.5273438,1,0.5841666666666667,0.9260366
mendeley/extracted/Bangla Audio Dataset Original and DeepFake Voices for AI-Based Voice Analysis and Detection/Dataset/S13F03/Fake/1.wav,1,MEN,MEN-S13F03,TG:59a9f15bf4c1e1f9,-3.5253906,1,0.4308333333333333,0.028598359
mendeley/extracted/Bangla Audio Dataset Original and DeepFake Voices for AI-Based Voice Analysis and Detection/Dataset/S13F03/Fake/10.wav,1,MEN,MEN-S13F03,TG:af46530c8e94f66a,-10.90625,1,0.5508333333333333,1.8342893e-05
mendeley/extracted/Bangla Audio Dataset Original and DeepFake Voices for AI-Based Voice Analysis and Detection/Dataset/S13F03/Fake/11.wav,1,MEN,MEN-S13F03,TG:206cd06074b026d5,-15.734375,1,0.5225,1.4677353e-07
mendeley/extracted/Bangla Audio Dataset Original and DeepFake Voices for AI-Based Voice Analysis and Detection/Dataset/S13F03/Fake/12.wav,1,MEN,MEN-S13F03,TG:fc8142f1666481b5,-5.7265625,1,0.4691666666666666,0.0032476764
mendeley/extracted/Bangla Audio Dataset Original and DeepFake Voices for AI-Based Voice Analysis and Detection/Dataset/S13F03/Fake/13.wav,1,MEN,MEN-S13F03,TG:8b9d7fe36d313ffb,-20.390625,1,0.6041666666666667,1.3946464e-09
mendeley/extracted/Bangla Audio Dataset Original and DeepFake Voices for AI-Based Voice Analysis and Detection/Dataset/S13F03/Fake/14.wav,1,MEN,MEN-S13F03,TG:373cb328e6d0029c,7.1328125,1,0.4258333333333333,0.9992022
mendeley/extracted/Bangla Audio Dataset Original and DeepFake Voices for AI-Based Voice Analysis and Detection/Dataset/S13F03/Fake/15.wav,1,MEN,MEN-S13F03,TG:725e597ccf136c7b,-10.625,1,0.5008333333333334,2.4300241e-05
mendeley/extracted/Bangla Audio Dataset Original and DeepFake Voices for AI-Based Voice Analysis and Detection/Dataset/S13F03/Fake/16.wav,1,MEN,MEN-S13F03,TG:19493fcae8d03fba,-8.5703125,1,0.4408333333333333,0.00018961739
mendeley/extracted/Bangla Audio Dataset Original and DeepFake Voices for AI-Based Voice Analysis and Detection/Dataset/S13F03/Fake/17.wav,1,MEN,MEN-S13F03,TG:6c80d161a68feef8,-18.0,1,0.4358333333333333,1.5229979e-08
mendeley/extracted/Bangla Audio Dataset Original and DeepFake Voices for AI-Based Voice Analysis and Detection/Dataset/S13F03/Fake/18.wav,1,MEN,MEN-S13F03,TG:c628bfabacea3ccb,-3.78125,1,0.4241666666666667,0.022286186
mendeley/extracted/Bangla Audio Dataset Original and DeepFake Voices for AI-Based Voice Analysis and Detection/Dataset/S13F03/Fake/19.wav,1,MEN,MEN-S13F03,TG:8dee1cb04b557d42,-4.234375,1,0.3708333333333333,0.014281933
mendeley/extracted/Bangla Audio Dataset Original and DeepFake Voices for AI-Based Voice Analysis and Detection/Dataset/S13F03/Fake/2.wav,1,MEN,MEN-S13F03,TG:b50c656187dba8e6,1.2226562,1,0.5508333333333333,0.7725306
mendeley/extracted/Bangla Audio Dataset Original and DeepFake Voices for AI-Based Voice Analysis and Detection/Dataset/S13F03/Fake/20.wav,1,MEN,MEN-S13F03,TG:b2cf028254ed88e1,-16.34375,1,0.3774999999999999,7.979938e-08
mendeley/extracted/Bangla Audio Dataset Original and DeepFake Voices for AI-Based Voice Analysis and Detection/Dataset/S13F03/Fake/21.wav,1,MEN,MEN-S13F03,TG:b16e2afabc8b744f,-21.125,1,0.4308333333333333,6.691586e-10
mendeley/extracted/Bangla Audio Dataset Original and DeepFake Voices for AI-Based Voice Analysis and Detection/Dataset/S13F03/Fake/22.wav,1,MEN,MEN-S13F03,TG:3ea4c2ab6bd8c696,21.953125,1,0.5525,1.0
mendeley/extracted/Bangla Audio Dataset Original and DeepFake Voices for AI-Based Voice Analysis and Detection/Dataset/S13F03/Fake/23.wav,1,MEN,MEN-S13F03,TG:1aea278e72d15d0c,0.30029297,1,0.4841666666666666,0.57451415
mendeley/extracted/Bangla Audio Dataset Original and DeepFake Voices for AI-Based Voice Analysis and Detection/Dataset/S13F03/Fake/24.wav,1,MEN,MEN-S13F03,TG:308b7809dcd529fe,5.0703125,1,0.5341666666666667,0.9937588
mendeley/extracted/Bangla Audio Dataset Original and DeepFake Voices for AI-Based Voice Analysis and Detection/Dataset/S13F03/Fake/25.wav,1,MEN,MEN-S13F03,TG:d1b72b1834bf1ba9,-5.453125,1,0.3808333333333333,0.0042646346
mendeley/extracted/Bangla Audio Dataset Original and DeepFake Voices for AI-Based Voice Analysis and Detection/Dataset/S13F03/Fake/26.wav,1,MEN,MEN-S13F03,TG:b30ab81ebf25d425,-3.7675781,1,0.4375,0.022586042
mendeley/extracted/Bangla Audio Dataset Original and DeepFake Voices for AI-Based Voice Analysis and Detection/Dataset/S13F03/Fake/27.wav,1,MEN,MEN-S13F03,TG:4801945c778274b7,-19.015625,1,0.4708333333333333,5.515933e-09
mendeley/extracted/Bangla Audio Dataset Original and DeepFake Voices for AI-Based Voice Analysis and Detection/Dataset/S13F03/Fake/28.wav,1,MEN,MEN-S13F03,TG:20d29da1528cd788,-7.5820312,1,0.3908333333333333,0.0005092657
mendeley/extracted/Bangla Audio Dataset Original and DeepFake Voices for AI-Based Voice Analysis and Detection/Dataset/S13F03/Fake/29.wav,1,MEN,MEN-S13F03,TG:39ba0547eb0a9549,-6.75,1,0.3808333333333333,0.0011695103
mendeley/extracted/Bangla Audio Dataset Original and DeepFake Voices for AI-Based Voice Analysis and Detection/Dataset/S13F03/Fake/3.wav,1,MEN,MEN-S13F03,TG:e921a431e5a8d0f2,-11.0859375,1,0.5991666666666666,1.5326106e-05
mendeley/extracted/Bangla Audio Dataset Original and DeepFake Voices for AI-Based Voice Analysis and Detection/Dataset/S13F03/Fake/30.wav,1,MEN,MEN-S13F03,TG:83175214af1cd3cc,8.8515625,1,0.5408333333333333,0.9998568
mendeley/extracted/Bangla Audio Dataset Original and DeepFake Voices for AI-Based Voice Analysis and Detection/Dataset/S13F03/Fake/4.wav,1,MEN,MEN-S13F03,TG:7b4edaf138d43c24,-10.828125,1,0.4508333333333333,1.9833367e-05
mendeley/extracted/Bangla Audio Dataset Original and DeepFake Voices for AI-Based Voice Analysis and Detection/Dataset/S13F03/Fake/5.wav,1,MEN,MEN-S13F03,TG:4365e0fcdb4baa7c,-0.7480469,1,0.3325,0.32124704
mendeley/extracted/Bangla Audio Dataset Original and DeepFake Voices for AI-Based Voice Analysis and Detection/Dataset/S13F03/Fake/6.wav,1,MEN,MEN-S13F03,TG:0d8af69205969b08,17.765625,1,0.4941666666666666,1.0
mendeley/extracted/Bangla Audio Dataset Original and DeepFake Voices for AI-Based Voice Analysis and Detection/Dataset/S13F03/Fake/7.wav,1,MEN,MEN-S13F03,TG:40a9df8903c6d06d,-0.9160156,1,0.3841666666666666,0.28577042
mendeley/extracted/Bangla Audio Dataset Original and DeepFake Voices for AI-Based Voice Analysis and Detection/Dataset/S13F03/Fake/8.wav,1,MEN,MEN-S13F03,TG:ec3afa02296104d2,-3.3828125,1,0.5175000000000001,0.03283696
mendeley/extracted/Bangla Audio Dataset Original and DeepFake Voices for AI-Based Voice Analysis and Detection/Dataset/S13F03/Fake/9.wav,1,MEN,MEN-S13F03,TG:44ef37911c97b339,-2.7402344,1,0.5974999999999999,0.060640547
mendeley/extracted/Bangla Audio Dataset Original and DeepFake Voices for AI-Based Voice Analysis and Detection/Dataset/S13F03/Real/1.wav,0,MEN,MEN-S13F03,TG:59a9f15bf4c1e1f9,4.53125,1,0.5008333333333334,0.98934746
mendeley/extracted/Bangla Audio Dataset Original and DeepFake Voices for AI-Based Voice Analysis and Detection/Dataset/S13F03/Real/10.wav,0,MEN,MEN-S13F03,TG:af46530c8e94f66a,-6.9648438,1,0.4508333333333333,0.00094361923
mendeley/extracted/Bangla Audio Dataset Original and DeepFake Voices for AI-Based Voice Analysis and Detection/Dataset/S13F03/Real/11.wav,0,MEN,MEN-S13F03,TG:206cd06074b026d5,-6.4804688,1,0.4841666666666666,0.001530745
mendeley/extracted/Bangla Audio Dataset Original and DeepFake Voices for AI-Based Voice Analysis and Detection/Dataset/S13F03/Real/12.wav,0,MEN,MEN-S13F03,TG:fc8142f1666481b5,-10.109375,1,0.4508333333333333,4.0694576e-05
mendeley/extracted/Bangla Audio Dataset Original and DeepFake Voices for AI-Based Voice Analysis and Detection/Dataset/S13F03/Real/13.wav,0,MEN,MEN-S13F03,TG:8b9d7fe36d313ffb,5.6640625,1,0.5841666666666667,0.9965436
mendeley/extracted/Bangla Audio Dataset Original and DeepFake Voices for AI-Based Voice Analysis and Detection/Dataset/S13F03/Real/14.wav,0,MEN,MEN-S13F03,TG:373cb328e6d0029c,-7.34375,1,0.4508333333333333,0.00064620323
mendeley/extracted/Bangla Audio Dataset Original and DeepFake Voices for AI-Based Voice Analysis and Detection/Dataset/S13F03/Real/15.wav,0,MEN,MEN-S13F03,TG:725e597ccf136c7b,-19.5,1,0.5008333333333334,3.398268e-09
mendeley/extracted/Bangla Audio Dataset Original and DeepFake Voices for AI-Based Voice Analysis and Detection/Dataset/S13F03/Real/16.wav,0,MEN,MEN-S13F03,TG:19493fcae8d03fba,-0.89453125,1,0.5341666666666667,0.29017562
mendeley/extracted/Bangla Audio Dataset Original and DeepFake Voices for AI-Based Voice Analysis and Detection/Dataset/S13F03/Real/17.wav,0,MEN,MEN-S13F03,TG:6c80d161a68feef8,-14.4609375,1,0.4341666666666667,5.244383e-07
mendeley/extracted/Bangla Audio Dataset Original and DeepFake Voices for AI-Based Voice Analysis and Detection/Dataset/S13F03/Real/18.wav,0,MEN,MEN-S13F03,TG:c628bfabacea3ccb,-9.125,1,0.5175000000000001,0.00010889691
mendeley/extracted/Bangla Audio Dataset Original and DeepFake Voices for AI-Based Voice Analysis and Detection/Dataset/S13F03/Real/19.wav,0,MEN,MEN-S13F03,TG:8dee1cb04b557d42,-5.640625,1,0.4841666666666666,0.0035380858
mendeley/extracted/Bangla Audio Dataset Original and DeepFake Voices for AI-Based Voice Analysis and Detection/Dataset/S13F03/Real/2.wav,0,MEN,MEN-S13F03,TG:b50c656187dba8e6,1.4013672,1,0.4341666666666667,0.80240077
mendeley/extracted/Bangla Audio Dataset Original and DeepFake Voices for AI-Based Voice Analysis and Detection/Dataset/S13F03/Real/20.wav,0,MEN,MEN-S13F03,TG:b2cf028254ed88e1,-22.5,1,0.4175,1.691898e-10
mendeley/extracted/Bangla Audio Dataset Original and DeepFake Voices for AI-Based Voice Analysis and Detection/Dataset/S13F03/Real/21.wav,0,MEN,MEN-S13F03,TG:b16e2afabc8b744f,-6.515625,1,0.4508333333333333,0.001477943
mendeley/extracted/Bangla Audio Dataset Original and DeepFake Voices for AI-Based Voice Analysis and Detection/Dataset/S13F03/Real/22.wav,0,MEN,MEN-S13F03,TG:3ea4c2ab6bd8c696,-4.6367188,1,0.5008333333333334,0.009596455
mendeley/extracted/Bangla Audio Dataset Original and DeepFake Voices for AI-Based Voice Analysis and Detection/Dataset/S13F03/Real/23.wav,0,MEN,MEN-S13F03,TG:1aea278e72d15d0c,-14.4765625,1,0.4675,5.163077e-07
mendeley/extracted/Bangla Audio Dataset Original and DeepFake Voices for AI-Based Voice Analysis and Detection/Dataset/S13F03/Real/24.wav,0,MEN,MEN-S13F03,TG:308b7809dcd529fe,-8.5703125,1,0.5175000000000001,0.00018961739
mendeley/extracted/Bangla Audio Dataset Original and DeepFake Voices for AI-Based Voice Analysis and Detection/Dataset/S13F03/Real/25.wav,0,MEN,MEN-S13F03,TG:d1b72b1834bf1ba9,-19.3125,1,0.4175,4.0990935e-09
mendeley/extracted/Bangla Audio Dataset Original and DeepFake Voices for AI-Based Voice Analysis and Detection/Dataset/S13F03/Real/26.wav,0,MEN,MEN-S13F03,TG:b30ab81ebf25d425,-2.0351562,1,0.4675,0.115560874
mendeley/extracted/Bangla Audio Dataset Original and DeepFake Voices for AI-Based Voice Analysis and Detection/Dataset/S13F03/Real/27.wav,0,MEN,MEN-S13F03,TG:4801945c778274b7,-12.15625,1,0.5341666666666667,5.255396e-06
mendeley/extracted/Bangla Audio Dataset Original and DeepFake Voices for AI-Based Voice Analysis and Detection/Dataset/S13F03/Real/28.wav,0,MEN,MEN-S13F03,TG:20d29da1528cd788,3.8144531,1,0.4341666666666667,0.9784259
mendeley/extracted/Bangla Audio Dataset Original and DeepFake Voices for AI-Based Voice Analysis and Detection/Dataset/S13F03/Real/29.wav,0,MEN,MEN-S13F03,TG:39ba0547eb0a9549,4.3984375,1,0.4675,0.9878528
mendeley/extracted/Bangla Audio Dataset Original and DeepFake Voices for AI-Based Voice Analysis and Detection/Dataset/S13F03/Real/3.wav,0,MEN,MEN-S13F03,TG:e921a431e5a8d0f2,-10.9609375,1,0.4508333333333333,1.736672e-05
mendeley/extracted/Bangla Audio Dataset Original and DeepFake Voices for AI-Based Voice Analysis and Detection/Dataset/S13F03/Real/30.wav,0,MEN,MEN-S13F03,TG:83175214af1cd3cc,-4.3632812,1,0.5508333333333333,0.012576347
mendeley/extracted/Bangla Audio Dataset Original and DeepFake Voices for AI-Based Voice Analysis and Detection/Dataset/S13F03/Real/4.wav,0,MEN,MEN-S13F03,TG:7b4edaf138d43c24,-7.1328125,1,0.4841666666666666,0.00079783355
mendeley/extracted/Bangla Audio Dataset Original and DeepFake Voices for AI-Based Voice Analysis and Detection/Dataset/S13F03/Real/5.wav,0,MEN,MEN-S13F03,TG:4365e0fcdb4baa7c,-5.8085938,1,0.5008333333333334,0.0029926654
mendeley/extracted/Bangla Audio Dataset Original and DeepFake Voices for AI-Based Voice Analysis and Detection/Dataset/S13F03/Real/6.wav,0,MEN,MEN-S13F03,TG:0d8af69205969b08,-6.03125,1,0.4008333333333334,0.002396731
mendeley/extracted/Bangla Audio Dataset Original and DeepFake Voices for AI-Based Voice Analysis and Detection/Dataset/S13F03/Real/7.wav,0,MEN,MEN-S13F03,TG:40a9df8903c6d06d,-0.37426758,1,0.5175000000000001,0.40751025
mendeley/extracted/Bangla Audio Dataset Original and DeepFake Voices for AI-Based Voice Analysis and Detection/Dataset/S13F03/Real/8.wav,0,MEN,MEN-S13F03,TG:ec3afa02296104d2,-14.203125,1,0.5341666666666667,6.786735e-07
mendeley/extracted/Bangla Audio Dataset Original and DeepFake Voices for AI-Based Voice Analysis and Detection/Dataset/S13F03/Real/9.wav,0,MEN,MEN-S13F03,TG:44ef37911c97b339,-0.17663574,1,0.5175000000000001,0.45595554
mendeley/extracted/Bangla Audio Dataset Original and DeepFake Voices for AI-Based Voice Analysis and Detection/Dataset/S13F05/Fake/1.wav,1,MEN,MEN-S13F05,TG:59a9f15bf4c1e1f9,-12.765625,1,0.4641666666666666,2.857316e-06
mendeley/extracted/Bangla Audio Dataset Original and DeepFake Voices for AI-Based Voice Analysis and Detection/Dataset/S13F05/Fake/10.wav,1,MEN,MEN-S13F05,TG:af46530c8e94f66a,6.7734375,1,0.5341666666666667,0.9988575
mendeley/extracted/Bangla Audio Dataset Original and DeepFake Voices for AI-Based Voice Analysis and Detection/Dataset/S13F05/Fake/11.wav,1,MEN,MEN-S13F05,TG:206cd06074b026d5,-10.625,1,0.5208333333333333,2.4300241e-05
mendeley/extracted/Bangla Audio Dataset Original and DeepFake Voices for AI-Based Voice Analysis and Detection/Dataset/S13F05/Fake/12.wav,1,MEN,MEN-S13F05,TG:fc8142f1666481b5,1.6962891,1,0.4575,0.84504944
mendeley/extracted/Bangla Audio Dataset Original and DeepFake Voices for AI-Based Voice Analysis and Detection/Dataset/S13F05/Fake/13.wav,1,MEN,MEN-S13F05,TG:8b9d7fe36d313ffb,-10.1796875,1,0.5841666666666667,3.7931623e-05
mendeley/extracted/Bangla Audio Dataset Original and DeepFake Voices for AI-Based Voice Analysis and Detection/Dataset/S13F05/Fake/14.wav,1,MEN,MEN-S13F05,TG:373cb328e6d0029c,-1.7421875,1,0.4175,0.1490353
mendeley/extracted/Bangla Audio Dataset Original and DeepFake Voices for AI-Based Voice Analysis and Detection/Dataset/S13F05/Fake/15.wav,1,MEN,MEN-S13F05,TG:725e597ccf136c7b,-22.75,1,0.4908333333333333,1.3176514e-10
mendeley/extracted/Bangla Audio Dataset Original and DeepFake Voices for AI-Based Voice Analysis and Detection/Dataset/S13F05/Fake/16.wav,1,MEN,MEN-S13F05,TG:19493fcae8d03fba,-3.7246094,1,0.4541666666666667,0.02355433
mendeley/extracted/Bangla Audio Dataset Original and DeepFake Voices for AI-Based Voice Analysis and Detection/Dataset/S13F05/Fake/17.wav,1,MEN,MEN-S13F05,TG:6c80d161a68feef8,-13.890625,1,0.4141666666666667,9.2763645e-07
mendeley/extracted/Bangla Audio Dataset Original and DeepFake Voices for AI-Based Voice Analysis and Detection/Dataset/S13F05/Fake/18.wav,1,MEN,MEN-S13F05,TG:c628bfabacea3ccb,-14.7109375,1,0.4375,4.08433e-07
mendeley/extracted/Bangla Audio Dataset Original and DeepFake Voices for AI-Based Voice Analysis and Detection/Dataset/S13F05/Fake/19.wav,1,MEN,MEN-S13F05,TG:8dee1cb04b557d42,-2.3515625,1,0.3941666666666666,0.08694165
mendeley/extracted/Bangla Audio Dataset Original and DeepFake Voices for AI-Based Voice Analysis and Detection/Dataset/S13F05/Fake/2.wav,1,MEN,MEN-S13F05,TG:b50c656187dba8e6,2.6425781,1,0.4808333333333333,0.9335521
mendeley/extracted/Bangla Audio Dataset Original and DeepFake Voices for AI-Based Voice Analysis and Detection/Dataset/S13F05/Fake/20.wav,1,MEN,MEN-S13F05,TG:b2cf028254ed88e1,-9.1796875,1,0.3241666666666667,0.000103102124
mendeley/extracted/Bangla Audio Dataset Original and DeepFake Voices for AI-Based Voice Analysis and Detection/Dataset/S13F05/Fake/21.wav,1,MEN,MEN-S13F05,TG:b16e2afabc8b744f,-8.484375,1,0.3941666666666666,0.00020662983
mendeley/extracted/Bangla Audio Dataset Original and DeepFake Voices for AI-Based Voice Analysis and Detection/Dataset/S13F05/Fake/22.wav,1,MEN,MEN-S13F05,TG:3ea4c2ab6bd8c696,-7.0976562,1,0.4275,0.0008263577
mendeley/extracted/Bangla Audio Dataset Original and DeepFake Voices for AI-Based Voice Analysis and Detection/Dataset/S13F05/Fake/23.wav,1,MEN,MEN-S13F05,TG:1aea278e72d15d0c,5.53125,1,0.4608333333333333,0.99605453
mendeley/extracted/Bangla Audio Dataset Original and DeepFake Voices for AI-Based Voice Analysis and Detection/Dataset/S13F05/Fake/24.wav,1,MEN,MEN-S13F05,TG:308b7809dcd529fe,9.5390625,1,0.5325,0.999928
mendeley/extracted/Bangla Audio Dataset Original and DeepFake Voices for AI-Based Voice Analysis and Detection/Dataset/S13F05/Fake/25.wav,1,MEN,MEN-S13F05,TG:d1b72b1834bf1ba9,-7.1679688,1,0.3575,0.0007702932
mendeley/extracted/Bangla Audio Dataset Original and DeepFake Voices for AI-Based Voice Analysis and Detection/Dataset/S13F05/Fake/26.wav,1,MEN,MEN-S13F05,TG:b30ab81ebf25d425,-9.21875,1,0.3924999999999999,9.915273e-05
mendeley/extracted/Bangla Audio Dataset Original and DeepFake Voices for AI-Based Voice Analysis and Detection/Dataset/S13F05/Fake/27.wav,1,MEN,MEN-S13F05,TG:4801945c778274b7,-7.8046875,1,0.4375,0.0004076526
mendeley/extracted/Bangla Audio Dataset Original and DeepFake Voices for AI-Based Voice Analysis and Detection/Dataset/S13F05/Fake/28.wav,1,MEN,MEN-S13F05,TG:20d29da1528cd788,-6.0742188,1,0.3791666666666666,0.002296159
mendeley/extracted/Bangla Audio Dataset Original and DeepFake Voices for AI-Based Voice Analysis and Detection/Dataset/S13F05/Fake/29.wav,1,MEN,MEN-S13F05,TG:39ba0547eb0a9549,-14.8515625,1,0.3908333333333333,3.548528e-07
mendeley/extracted/Bangla Audio Dataset Original and DeepFake Voices for AI-Based Voice Analysis and Detection/Dataset/S13F05/Fake/3.wav,1,MEN,MEN-S13F05,TG:e921a431e5a8d0f2,-18.40625,1,0.6174999999999999,1.0145355e-08
mendeley/extracted/Bangla Audio Dataset Original and DeepFake Voices for AI-Based Voice Analysis and Detection/Dataset/S13F05/Fake/30.wav,1,MEN,MEN-S13F05,TG:83175214af1cd3cc,6.5664062,1,0.5308333333333333,0.9985952
mendeley/extracted/Bangla Audio Dataset Original and DeepFake Voices for AI-Based Voice Analysis and Detection/Dataset/S13F05/Fake/4.wav,1,MEN,MEN-S13F05,TG:7b4edaf138d43c24,-21.734375,1,0.4841666666666666,3.6381523e-10
mendeley/extracted/Bangla Audio Dataset Original and DeepFake Voices for AI-Based Voice Analysis and Detection/Dataset/S13F05/Fake/5.wav,1,MEN,MEN-S13F05,TG:4365e0fcdb4baa7c,-11.453125,1,0.3958333333333333,1.0616136e-05
mendeley/extracted/Bangla Audio Dataset Original and DeepFake Voices for AI-Based Voice Analysis and Detection/Dataset/S13F05/Fake/6.wav,1,MEN,MEN-S13F05,TG:0d8af69205969b08,18.609375,1,0.4808333333333333,1.0
mendeley/extracted/Bangla Audio Dataset Original and DeepFake Voices for AI-Based Voice Analysis and Detection/Dataset/S13F05/Fake/7.wav,1,MEN,MEN-S13F05,TG:40a9df8903c6d06d,5.1367188,1,0.4741666666666666,0.99415743
mendeley/extracted/Bangla Audio Dataset Original and DeepFake Voices for AI-Based Voice Analysis and Detection/Dataset/S13F05/Fake/8.wav,1,MEN,MEN-S13F05,TG:ec3afa02296104d2,-6.6601562,1,0.5858333333333333,0.0012793075
mendeley/extracted/Bangla Audio Dataset Original and DeepFake Voices for AI-Based Voice Analysis and Detection/Dataset/S13F05/Fake/9.wav,1,MEN,MEN-S13F05,TG:44ef37911c97b339,2.640625,1,0.5491666666666667,0.9334308
mendeley/extracted/Bangla Audio Dataset Original and DeepFake Voices for AI-Based Voice Analysis and Detection/Dataset/S13F05/Real/1.wav,0,MEN,MEN-S13F05,TG:59a9f15bf4c1e1f9,11.671875,1,0.6341666666666667,0.9999914
mendeley/extracted/Bangla Audio Dataset Original and DeepFake Voices for AI-Based Voice Analysis and Detection/Dataset/S13F05/Real/10.wav,0,MEN,MEN-S13F05,TG:af46530c8e94f66a,7.7148438,1,0.6508333333333334,0.999554
mendeley/extracted/Bangla Audio Dataset Original and DeepFake Voices for AI-Based Voice Analysis and Detection/Dataset/S13F05/Real/11.wav,0,MEN,MEN-S13F05,TG:206cd06074b026d5,-1.3710938,1,0.6341666666666667,0.2024432
mendeley/extracted/Bangla Audio Dataset Original and DeepFake Voices for AI-Based Voice Analysis and Detection/Dataset/S13F05/Real/12.wav,0,MEN,MEN-S13F05,TG:fc8142f1666481b5,9.171875,1,0.5841666666666667,0.99989605
mendeley/extracted/Bangla Audio Dataset Original and DeepFake Voices for AI-Based Voice Analysis and Detection/Dataset/S13F05/Real/13.wav,0,MEN,MEN-S13F05,TG:8b9d7fe36d313ffb,-3.9785156,1,0.6508333333333334,0.018369637
mendeley/extracted/Bangla Audio Dataset Original and DeepFake Voices for AI-Based Voice Analysis and Detection/Dataset/S13F05/Real/14.wav,0,MEN,MEN-S13F05,TG:373cb328e6d0029c,5.34375,1,0.6008333333333333,0.9952448
mendeley/extracted/Bangla Audio Dataset Original and DeepFake Voices for AI-Based Voice Analysis and Detection/Dataset/S13F05/Real/15.wav,0,MEN,MEN-S13F05,TG:725e597ccf136c7b,0.46362305,1,0.6675,0.6138733
mendeley/extracted/Bangla Audio Dataset Original and DeepFake Voices for AI-Based Voice Analysis and Detection/Dataset/S13F05/Real/16.wav,0,MEN,MEN-S13F05,TG:19493fcae8d03fba,4.2578125,1,0.5841666666666667,0.9860443
mendeley/extracted/Bangla Audio Dataset Original and DeepFake Voices for AI-Based Voice Analysis and Detection/Dataset/S13F05/Real/17.wav,0,MEN,MEN-S13F05,TG:6c80d161a68feef8,1.375,1,0.5841666666666667,0.7981868
mendeley/extracted/Bangla Audio Dataset Original and DeepFake Voices for AI-Based Voice Analysis and Detection/Dataset/S13F05/Real/18.wav,0,MEN,MEN-S13F05,TG:c628bfabacea3ccb,1.4941406,1,0.6675,0.81669897
mendeley/extracted/Bangla Audio Dataset Original and DeepFake Voices for AI-Based Voice Analysis and Detection/Dataset/S13F05/Real/19.wav,0,MEN,MEN-S13F05,TG:8dee1cb04b557d42,4.953125,1,0.6508333333333334,0.99298817
mendeley/extracted/Bangla Audio Dataset Original and DeepFake Voices for AI-Based Voice Analysis and Detection/Dataset/S13F05/Real/2.wav,0,MEN,MEN-S13F05,TG:b50c656187dba8e6,-4.34375,1,0.6174999999999999,0.012821215
mendeley/extracted/Bangla Audio Dataset Original and DeepFake Voices for AI-Based Voice Analysis and Detection/Dataset/S13F05/Real/20.wav,0,MEN,MEN-S13F05,TG:b2cf028254ed88e1,5.75,1,0.5508333333333333,0.9968273
mendeley/extracted/Bangla Audio Dataset Original and DeepFake Voices for AI-Based Voice Analysis and Detection/Dataset/S13F05/Real/21.wav,0,MEN,MEN-S13F05,TG:b16e2afabc8b744f,-0.13549805,1,0.5841666666666667,0.4661772
mendeley/extracted/Bangla Audio Dataset Original and DeepFake Voices for AI-Based Voice Analysis and Detection/Dataset/S13F05/Real/22.wav,0,MEN,MEN-S13F05,TG:3ea4c2ab6bd8c696,-15.125,1,0.6174999999999999,2.6995778e-07
mendeley/extracted/Bangla Audio Dataset Original and DeepFake Voices for AI-Based Voice Analysis and Detection/Dataset/S13F05/Real/23.wav,0,MEN,MEN-S13F05,TG:1aea278e72d15d0c,20.171875,1,0.5508333333333333,1.0
mendeley/extracted/Bangla Audio Dataset Original and DeepFake Voices for AI-Based Voice Analysis and Detection/Dataset/S13F05/Real/24.wav,0,MEN,MEN-S13F05,TG:308b7809dcd529fe,-10.4609375,1,0.5675,2.8632558e-05
mendeley/extracted/Bangla Audio Dataset Original and DeepFake Voices for AI-Based Voice Analysis and Detection/Dataset/S13F05/Real/25.wav,0,MEN,MEN-S13F05,TG:d1b72b1834bf1ba9,4.484375,1,0.5508333333333333,0.9888419
mendeley/extracted/Bangla Audio Dataset Original and DeepFake Voices for AI-Based Voice Analysis and Detection/Dataset/S13F05/Real/26.wav,0,MEN,MEN-S13F05,TG:b30ab81ebf25d425,2.1054688,1,0.6174999999999999,0.89143354
mendeley/extracted/Bangla Audio Dataset Original and DeepFake Voices for AI-Based Voice Analysis and Detection/Dataset/S13F05/Real/27.wav,0,MEN,MEN-S13F05,TG:4801945c778274b7,19.703125,1,0.6508333333333334,1.0
mendeley/extracted/Bangla Audio Dataset Original and DeepFake Voices for AI-Based Voice Analysis and Detection/Dataset/S13F05/Real/28.wav,0,MEN,MEN-S13F05,TG:20d29da1528cd788,-5.8125,1,0.5841666666666667,0.0029810327
mendeley/extracted/Bangla Audio Dataset Original and DeepFake Voices for AI-Based Voice Analysis and Detection/Dataset/S13F05/Real/29.wav,0,MEN,MEN-S13F05,TG:39ba0547eb0a9549,-12.9296875,1,0.6341666666666667,2.4249737e-06
mendeley/extracted/Bangla Audio Dataset Original and DeepFake Voices for AI-Based Voice Analysis and Detection/Dataset/S13F05/Real/3.wav,0,MEN,MEN-S13F05,TG:e921a431e5a8d0f2,17.03125,1,0.6174999999999999,1.0
mendeley/extracted/Bangla Audio Dataset Original and DeepFake Voices for AI-Based Voice Analysis and Detection/Dataset/S13F05/Real/30.wav,0,MEN,MEN-S13F05,TG:83175214af1cd3cc,-14.6015625,1,0.7008333333333333,4.5563993e-07
mendeley/extracted/Bangla Audio Dataset Original and DeepFake Voices for AI-Based Voice Analysis and Detection/Dataset/S13F05/Real/4.wav,0,MEN,MEN-S13F05,TG:7b4edaf138d43c24,11.46875,1,0.6008333333333333,0.9999895
mendeley/extracted/Bangla Audio Dataset Original and DeepFake Voices for AI-Based Voice Analysis and Detection/Dataset/S13F05/Real/5.wav,0,MEN,MEN-S13F05,TG:4365e0fcdb4baa7c,9.828125,1,0.5008333333333334,0.9999461
mendeley/extracted/Bangla Audio Dataset Original and DeepFake Voices for AI-Based Voice Analysis and Detection/Dataset/S13F05/Real/6.wav,0,MEN,MEN-S13F05,TG:0d8af69205969b08,23.03125,1,0.5008333333333334,1.0
mendeley/extracted/Bangla Audio Dataset Original and DeepFake Voices for AI-Based Voice Analysis and Detection/Dataset/S13F05/Real/7.wav,0,MEN,MEN-S13F05,TG:40a9df8903c6d06d,14.6953125,1,0.6174999999999999,0.99999964
mendeley/extracted/Bangla Audio Dataset Original and DeepFake Voices for AI-Based Voice Analysis and Detection/Dataset/S13F05/Real/8.wav,0,MEN,MEN-S13F05,TG:ec3afa02296104d2,-2.8105469,1,0.6174999999999999,0.056756895
mendeley/extracted/Bangla Audio Dataset Original and DeepFake Voices for AI-Based Voice Analysis and Detection/Dataset/S13F05/Real/9.wav,0,MEN,MEN-S13F05,TG:44ef37911c97b339,17.234375,1,0.6341666666666667,1.0
mendeley/extracted/Bangla Audio Dataset Original and DeepFake Voices for AI-Based Voice Analysis and Detection/Dataset/S13M01/Fake/1.wav,1,MEN,MEN-S13M01,TG:59a9f15bf4c1e1f9,-15.0234375,1,0.5541666666666667,2.98816e-07
mendeley/extracted/Bangla Audio Dataset Original and DeepFake Voices for AI-Based Voice Analysis and Detection/Dataset/S13M01/Fake/10.wav,1,MEN,MEN-S13M01,TG:af46530c8e94f66a,-6.46875,1,0.4541666666666667,0.0015487609
mendeley/extracted/Bangla Audio Dataset Original and DeepFake Voices for AI-Based Voice Analysis and Detection/Dataset/S13M01/Fake/11.wav,1,MEN,MEN-S13M01,TG:206cd06074b026d5,-15.5,1,0.5341666666666667,1.8553911e-07
mendeley/extracted/Bangla Audio Dataset Original and DeepFake Voices for AI-Based Voice Analysis and Detection/Dataset/S13M01/Fake/12.wav,1,MEN,MEN-S13M01,TG:fc8142f1666481b5,-25.21875,1,0.3225,1.1159277e-11
mendeley/extracted/Bangla Audio Dataset Original and DeepFake Voices for AI-Based Voice Analysis and Detection/Dataset/S13M01/Fake/13.wav,1,MEN,MEN-S13M01,TG:8b9d7fe36d313ffb,-8.953125,1,0.4541666666666667,0.00012931564
mendeley/extracted/Bangla Audio Dataset Original and DeepFake Voices for AI-Based Voice Analysis and Detection/Dataset/S13M01/Fake/14.wav,1,MEN,MEN-S13M01,TG:373cb328e6d0029c,-26.140625,1,0.4875,4.438854e-12
mendeley/extracted/Bangla Audio Dataset Original and DeepFake Voices for AI-Based Voice Analysis and Detection/Dataset/S13M01/Fake/15.wav,1,MEN,MEN-S13M01,TG:725e597ccf136c7b,-20.03125,1,0.5625,1.9977386e-09
mendeley/extracted/Bangla Audio Dataset Original and DeepFake Voices for AI-Based Voice Analysis and Detection/Dataset/S13M01/Fake/16.wav,1,MEN,MEN-S13M01,TG:19493fcae8d03fba,-16.671875,1,0.4675,5.7477344e-08
mendeley/extracted/Bangla Audio Dataset Original and DeepFake Voices for AI-Based Voice Analysis and Detection/Dataset/S13M01/Fake/17.wav,1,MEN,MEN-S13M01,TG:6c80d161a68feef8,-29.609375,1,0.3874999999999999,1.382967e-13
mendeley/extracted/Bangla Audio Dataset Original and DeepFake Voices for AI-Based Voice Analysis and Detection/Dataset/S13M01/Fake/18.wav,1,MEN,MEN-S13M01,TG:c628bfabacea3ccb,-23.09375,1,0.3508333333333333,9.343548e-11
mendeley/extracted/Bangla Audio Dataset Original and DeepFake Voices for AI-Based Voice Analysis and Detection/Dataset/S13M01/Fake/19.wav,1,MEN,MEN-S13M01,TG:8dee1cb04b557d42,-28.484375,1,0.5325,4.2598385e-13
mendeley/extracted/Bangla Audio Dataset Original and DeepFake Voices for AI-Based Voice Analysis and Detection/Dataset/S13M01/Fake/2.wav,1,MEN,MEN-S13M01,TG:b50c656187dba8e6,-11.2890625,1,0.5608333333333333,1.2508841e-05
mendeley/extracted/Bangla Audio Dataset Original and DeepFake Voices for AI-Based Voice Analysis and Detection/Dataset/S13M01/Fake/20.wav,1,MEN,MEN-S13M01,TG:b2cf028254ed88e1,-35.59375,1,0.3575,3.482016e-16
mendeley/extracted/Bangla Audio Dataset Original and DeepFake Voices for AI-Based Voice Analysis and Detection/Dataset/S13M01/Fake/21.wav,1,MEN,MEN-S13M01,TG:b16e2afabc8b744f,-26.0625,1,0.3475,4.7995453e-12
mendeley/extracted/Bangla Audio Dataset Original and DeepFake Voices for AI-Based Voice Analysis and Detection/Dataset/S13M01/Fake/22.wav,1,MEN,MEN-S13M01,TG:3ea4c2ab6bd8c696,-17.421875,1,0.5925,2.7150374e-08
mendeley/extracted/Bangla Audio Dataset Original and DeepFake Voices for AI-Based Voice Analysis and Detection/Dataset/S13M01/Fake/23.wav,1,MEN,MEN-S13M01,TG:1aea278e72d15d0c,-23.484375,1,0.4408333333333333,6.322161e-11
mendeley/extracted/Bangla Audio Dataset Original and DeepFake Voices for AI-Based Voice Analysis and Detection/Dataset/S13M01/Fake/24.wav,1,MEN,MEN-S13M01,TG:308b7809dcd529fe,-11.7890625,1,0.5341666666666667,7.587032e-06
mendeley/extracted/Bangla Audio Dataset Original and DeepFake Voices for AI-Based Voice Analysis and Detection/Dataset/S13M01/Fake/25.wav,1,MEN,MEN-S13M01,TG:d1b72b1834bf1ba9,-20.484375,1,0.2925,1.26984e-09
mendeley/extracted/Bangla Audio Dataset Original and DeepFake Voices for AI-Based Voice Analysis and Detection/Dataset/S13M01/Fake/26.wav,1,MEN,MEN-S13M01,TG:b30ab81ebf25d425,-21.90625,1,0.4608333333333333,3.0636316e-10
mendeley/extracted/Bangla Audio Dataset Original and DeepFake Voices for AI-Based Voice Analysis and Detection/Dataset/S13M01/Fake/27.wav,1,MEN,MEN-S13M01,TG:4801945c778274b7,6.765625,1,0.5308333333333333,0.99884856
mendeley/extracted/Bangla Audio Dataset Original and DeepFake Voices for AI-Based Voice Analysis and Detection/Dataset/S13M01/Fake/28.wav,1,MEN,MEN-S13M01,TG:20d29da1528cd788,-2.8613281,1,0.3675,0.054098696
mendeley/extracted/Bangla Audio Dataset Original and DeepFake Voices for AI-Based Voice Analysis and Detection/Dataset/S13M01/Fake/29.wav,1,MEN,MEN-S13M01,TG:39ba0547eb0a9549,-19.09375,1,0.4041666666666667,5.1014046e-09
mendeley/extracted/Bangla Audio Dataset Original and DeepFake Voices for AI-Based Voice Analysis and Detection/Dataset/S13M01/Fake/3.wav,1,MEN,MEN-S13M01,TG:e921a431e5a8d0f2,-15.96875,1,0.4075,1.1610741e-07
mendeley/extracted/Bangla Audio Dataset Original and DeepFake Voices for AI-Based Voice Analysis and Detection/Dataset/S13M01/Fake/30.wav,1,MEN,MEN-S13M01,TG:83175214af1cd3cc,-13.5546875,1,0.4225,1.2979963e-06
mendeley/extracted/Bangla Audio Dataset Original and DeepFake Voices for AI-Based Voice Analysis and Detection/Dataset/S13M01/Fake/4.wav,1,MEN,MEN-S13M01,TG:7b4edaf138d43c24,-25.25,1,0.4191666666666667,1.0815942e-11
mendeley/extracted/Bangla Audio Dataset Original and DeepFake Voices for AI-Based Voice Analysis and Detection/Dataset/S13M01/Fake/5.wav,1,MEN,MEN-S13M01,TG:4365e0fcdb4baa7c,-17.890625,1,0.4141666666666667,1.699027e-08
mendeley/extracted/Bangla Audio Dataset Original and DeepFake Voices for AI-Based Voice Analysis and Detection/Dataset/S13M01/Fake/6.wav,1,MEN,MEN-S13M01,TG:0d8af69205969b08,-5.4648438,1,0.3675,0.0042151595
mendeley/extracted/Bangla Audio Dataset Original and DeepFake Voices for AI-Based Voice Analysis and Detection/Dataset/S13M01/Fake/7.wav,1,MEN,MEN-S13M01,TG:40a9df8903c6d06d,-13.609375,1,0.4908333333333333,1.2289183e-06
mendeley/extracted/Bangla Audio Dataset Original and DeepFake Voices for AI-Based Voice Analysis and Detection/Dataset/S13M01/Fake/8.wav,1,MEN,MEN-S13M01,TG:ec3afa02296104d2,-20.765625,1,0.5525,9.585255e-10
mendeley/extracted/Bangla Audio Dataset Original and DeepFake Voices for AI-Based Voice Analysis and Detection/Dataset/S13M01/Fake/9.wav,1,MEN,MEN-S13M01,TG:44ef37911c97b339,-7.9179688,1,0.5308333333333333,0.00036400868
mendeley/extracted/Bangla Audio Dataset Original and DeepFake Voices for AI-Based Voice Analysis and Detection/Dataset/S13M01/Real/1.wav,0,MEN,MEN-S13M01,TG:59a9f15bf4c1e1f9,-7.140625,1,0.5508333333333333,0.0007916296
mendeley/extracted/Bangla Audio Dataset Original and DeepFake Voices for AI-Based Voice Analysis and Detection/Dataset/S13M01/Real/10.wav,0,MEN,MEN-S13M01,TG:af46530c8e94f66a,-16.84375,1,0.5675,4.840077e-08
mendeley/extracted/Bangla Audio Dataset Original and DeepFake Voices for AI-Based Voice Analysis and Detection/Dataset/S13M01/Real/11.wav,0,MEN,MEN-S13M01,TG:206cd06074b026d5,-15.6484375,1,0.5341666666666667,1.599447e-07
mendeley/extracted/Bangla Audio Dataset Original and DeepFake Voices for AI-Based Voice Analysis and Detection/Dataset/S13M01/Real/12.wav,0,MEN,MEN-S13M01,TG:fc8142f1666481b5,-13.8984375,1,0.5341666666666667,9.2041756e-07
mendeley/extracted/Bangla Audio Dataset Original and DeepFake Voices for AI-Based Voice Analysis and Detection/Dataset/S13M01/Real/13.wav,0,MEN,MEN-S13M01,TG:8b9d7fe36d313ffb,-33.625,1,0.5841666666666667,2.4937222e-15
mendeley/extracted/Bangla Audio Dataset Original and DeepFake Voices for AI-Based Voice Analysis and Detection/Dataset/S13M01/Real/14.wav,0,MEN,MEN-S13M01,TG:373cb328e6d0029c,-24.578125,1,0.5175000000000001,2.1176585e-11
mendeley/extracted/Bangla Audio Dataset Original and DeepFake Voices for AI-Based Voice Analysis and Detection/Dataset/S13M01/Real/15.wav,0,MEN,MEN-S13M01,TG:725e597ccf136c7b,-17.375,1,0.5841666666666667,2.8453348e-08
mendeley/extracted/Bangla Audio Dataset Original and DeepFake Voices for AI-Based Voice Analysis and Detection/Dataset/S13M01/Real/16.wav,0,MEN,MEN-S13M01,TG:19493fcae8d03fba,-14.3515625,1,0.5341666666666667,5.850533e-07
mendeley/extracted/Bangla Audio Dataset Original and DeepFake Voices for AI-Based Voice Analysis and Detection/Dataset/S13M01/Real/17.wav,0,MEN,MEN-S13M01,TG:6c80d161a68feef8,-33.6875,1,0.4508333333333333,2.342635e-15
mendeley/extracted/Bangla Audio Dataset Original and DeepFake Voices for AI-Based Voice Analysis and Detection/Dataset/S13M01/Real/18.wav,0,MEN,MEN-S13M01,TG:c628bfabacea3ccb,-23.3125,1,0.5508333333333333,7.507752e-11
mendeley/extracted/Bangla Audio Dataset Original and DeepFake Voices for AI-Based Voice Analysis and Detection/Dataset/S13M01/Real/19.wav,0,MEN,MEN-S13M01,TG:8dee1cb04b557d42,-13.8671875,1,0.5175000000000001,9.496347e-07
mendeley/extracted/Bangla Audio Dataset Original and DeepFake Voices for AI-Based Voice Analysis and Detection/Dataset/S13M01/Real/2.wav,0,MEN,MEN-S13M01,TG:b50c656187dba8e6,-11.6171875,1,0.5508333333333333,9.00981e-06
mendeley/extracted/Bangla Audio Dataset Original and DeepFake Voices for AI-Based Voice Analysis and Detection/Dataset/S13M01/Real/20.wav,0,MEN,MEN-S13M01,TG:b2cf028254ed88e1,-20.71875,1,0.4675,1.004526e-09
mendeley/extracted/Bangla Audio Dataset Original and DeepFake Voices for AI-Based Voice Analysis and Detection/Dataset/S13M01/Real/21.wav,0,MEN,MEN-S13M01,TG:b16e2afabc8b744f,-18.1875,1,0.5008333333333334,1.2626097e-08
mendeley/extracted/Bangla Audio Dataset Original and DeepFake Voices for AI-Based Voice Analysis and Detection/Dataset/S13M01/Real/22.wav,0,MEN,MEN-S13M01,TG:3ea4c2ab6bd8c696,-8.0078125,1,0.5841666666666667,0.0003327413
mendeley/extracted/Bangla Audio Dataset Original and DeepFake Voices for AI-Based Voice Analysis and Detection/Dataset/S13M01/Real/23.wav,0,MEN,MEN-S13M01,TG:1aea278e72d15d0c,-11.953125,1,0.5508333333333333,6.439038e-06
mendeley/extracted/Bangla Audio Dataset Original and DeepFake Voices for AI-Based Voice Analysis and Detection/Dataset/S13M01/Real/24.wav,0,MEN,MEN-S13M01,TG:308b7809dcd529fe,-7.1835938,1,0.5675,0.00075835997
mendeley/extracted/Bangla Audio Dataset Original and DeepFake Voices for AI-Based Voice Analysis and Detection/Dataset/S13M01/Real/25.wav,0,MEN,MEN-S13M01,TG:d1b72b1834bf1ba9,-25.203125,1,0.4341666666666667,1.13350085e-11
mendeley/extracted/Bangla Audio Dataset Original and DeepFake Voices for AI-Based Voice Analysis and Detection/Dataset/S13M01/Real/26.wav,0,MEN,MEN-S13M01,TG:b30ab81ebf25d425,-13.6171875,1,0.5508333333333333,1.2193549e-06
mendeley/extracted/Bangla Audio Dataset Original and DeepFake Voices for AI-Based Voice Analysis and Detection/Dataset/S13M01/Real/27.wav,0,MEN,MEN-S13M01,TG:4801945c778274b7,-9.078125,1,0.5675,0.00011412239
mendeley/extracted/Bangla Audio Dataset Original and DeepFake Voices for AI-Based Voice Analysis and Detection/Dataset/S13M01/Real/28.wav,0,MEN,MEN-S13M01,TG:20d29da1528cd788,-19.140625,1,0.4841666666666666,4.8677937e-09
mendeley/extracted/Bangla Audio Dataset Original and DeepFake Voices for AI-Based Voice Analysis and Detection/Dataset/S13M01/Real/29.wav,0,MEN,MEN-S13M01,TG:39ba0547eb0a9549,-30.5,1,0.5341666666666667,5.675685e-14
mendeley/extracted/Bangla Audio Dataset Original and DeepFake Voices for AI-Based Voice Analysis and Detection/Dataset/S13M01/Real/3.wav,0,MEN,MEN-S13M01,TG:e921a431e5a8d0f2,-26.859375,1,0.5008333333333334,2.1633244e-12
mendeley/extracted/Bangla Audio Dataset Original and DeepFake Voices for AI-Based Voice Analysis and Detection/Dataset/S13M01/Real/30.wav,0,MEN,MEN-S13M01,TG:83175214af1cd3cc,-19.875,1,0.6174999999999999,2.335593e-09
mendeley/extracted/Bangla Audio Dataset Original and DeepFake Voices for AI-Based Voice Analysis and Detection/Dataset/S13M01/Real/4.wav,0,MEN,MEN-S13M01,TG:7b4edaf138d43c24,-18.96875,1,0.4675,5.7806484e-09
mendeley/extracted/Bangla Audio Dataset Original and DeepFake Voices for AI-Based Voice Analysis and Detection/Dataset/S13M01/Real/5.wav,0,MEN,MEN-S13M01,TG:4365e0fcdb4baa7c,-30.75,1,0.4841666666666666,4.4202282e-14
mendeley/extracted/Bangla Audio Dataset Original and DeepFake Voices for AI-Based Voice Analysis and Detection/Dataset/S13M01/Real/6.wav,0,MEN,MEN-S13M01,TG:0d8af69205969b08,-8.5703125,1,0.4675,0.00018961739
mendeley/extracted/Bangla Audio Dataset Original and DeepFake Voices for AI-Based Voice Analysis and Detection/Dataset/S13M01/Real/7.wav,0,MEN,MEN-S13M01,TG:40a9df8903c6d06d,-25.9375,1,0.5341666666666667,5.4385966e-12
mendeley/extracted/Bangla Audio Dataset Original and DeepFake Voices for AI-Based Voice Analysis and Detection/Dataset/S13M01/Real/8.wav,0,MEN,MEN-S13M01,TG:ec3afa02296104d2,-15.71875,1,0.6008333333333333,1.4908488e-07
mendeley/extracted/Bangla Audio Dataset Original and DeepFake Voices for AI-Based Voice Analysis and Detection/Dataset/S13M01/Real/9.wav,0,MEN,MEN-S13M01,TG:44ef37911c97b339,-29.21875,1,0.6008333333333333,2.0438927e-13
mendeley/extracted/Bangla Audio Dataset Original and DeepFake Voices for AI-Based Voice Analysis and Detection/Dataset/S13M04/Fake/1.wav,1,MEN,MEN-S13M04,TG:59a9f15bf4c1e1f9,-32.90625,1,0.5541666666666667,5.1167854e-15
mendeley/extracted/Bangla Audio Dataset Original and DeepFake Voices for AI-Based Voice Analysis and Detection/Dataset/S13M04/Fake/10.wav,1,MEN,MEN-S13M04,TG:af46530c8e94f66a,-18.75,1,0.4408333333333333,7.1941337e-09
mendeley/extracted/Bangla Audio Dataset Original and DeepFake Voices for AI-Based Voice Analysis and Detection/Dataset/S13M04/Fake/11.wav,1,MEN,MEN-S13M04,TG:206cd06074b026d5,-30.578125,1,0.5025,5.2491506e-14
mendeley/extracted/Bangla Audio Dataset Original and DeepFake Voices for AI-Based Voice Analysis and Detection/Dataset/S13M04/Fake/12.wav,1,MEN,MEN-S13M04,TG:fc8142f1666481b5,-30.25,1,0.2975,7.2877244e-14
mendeley/extracted/Bangla Audio Dataset Original and DeepFake Voices for AI-Based Voice Analysis and Detection/Dataset/S13M04/Fake/13.wav,1,MEN,MEN-S13M04,TG:8b9d7fe36d313ffb,-13.5,1,0.4658333333333333,1.3709571e-06
mendeley/extracted/Bangla Audio Dataset Original and DeepFake Voices for AI-Based Voice Analysis and Detection/Dataset/S13M04/Fake/14.wav,1,MEN,MEN-S13M04,TG:373cb328e6d0029c,-26.53125,1,0.4375,3.0034783e-12
mendeley/extracted/Bangla Audio Dataset Original and DeepFake Voices for AI-Based Voice Analysis and Detection/Dataset/S13M04/Fake/15.wav,1,MEN,MEN-S13M04,TG:725e597ccf136c7b,-18.015625,1,0.5175000000000001,1.4993862e-08
mendeley/extracted/Bangla Audio Dataset Original and DeepFake Voices for AI-Based Voice Analysis and Detection/Dataset/S13M04/Fake/16.wav,1,MEN,MEN-S13M04,TG:19493fcae8d03fba,-8.6015625,1,0.4975,0.00018378458
mendeley/extracted/Bangla Audio Dataset Original and DeepFake Voices for AI-Based Voice Analysis and Detection/Dataset/S13M04/Fake/17.wav,1,MEN,MEN-S13M04,TG:6c80d161a68feef8,-17.515625,1,0.3541666666666666,2.4720698e-08
mendeley/extracted/Bangla Audio Dataset Original and DeepFake Voices for AI-Based Voice Analysis and Detection/Dataset/S13M04/Fake/18.wav,1,MEN,MEN-S13M04,TG:c628bfabacea3ccb,-16.625,1,0.3575,6.0235735e-08
mendeley/extracted/Bangla Audio Dataset Original and DeepFake Voices for AI-Based Voice Analysis and Detection/Dataset/S13M04/Fake/19.wav,1,MEN,MEN-S13M04,TG:8dee1cb04b557d42,-23.875,1,0.5141666666666667,4.2777875e-11
mendeley/extracted/Bangla Audio Dataset Original and DeepFake Voices for AI-Based Voice Analysis and Detection/Dataset/S13M04/Fake/2.wav,1,MEN,MEN-S13M04,TG:b50c656187dba8e6,-13.5234375,1,0.4675,1.3391991e-06
mendeley/extracted/Bangla Audio Dataset Original and DeepFake Voices for AI-Based Voice Analysis and Detection/Dataset/S13M04/Fake/20.wav,1,MEN,MEN-S13M04,TG:b2cf028254ed88e1,-27.984375,1,0.3974999999999999,7.0232866e-13
mendeley/extracted/Bangla Audio Dataset Original and DeepFake Voices for AI-Based Voice Analysis and Detection/Dataset/S13M04/Fake/21.wav,1,MEN,MEN-S13M04,TG:b16e2afabc8b744f,-26.84375,1,0.3941666666666666,2.1973918e-12
mendeley/extracted/Bangla Audio Dataset Original and DeepFake Voices for AI-Based Voice Analysis and Detection/Dataset/S13M04/Fake/22.wav,1,MEN,MEN-S13M04,TG:3ea4c2ab6bd8c696,-20.109375,1,0.4875,1.8476062e-09
mendeley/extracted/Bangla Audio Dataset Original and DeepFake Voices for AI-Based Voice Analysis and Detection/Dataset/S13M04/Fake/23.wav,1,MEN,MEN-S13M04,TG:1aea278e72d15d0c,-13.9453125,1,0.4841666666666666,8.782687e-07
mendeley/extracted/Bangla Audio Dataset Original and DeepFake Voices for AI-Based Voice Analysis and Detection/Dataset/S13M04/Fake/24.wav,1,MEN,MEN-S13M04,TG:308b7809dcd529fe,-22.21875,1,0.5108333333333333,2.2414005e-10
mendeley/extracted/Bangla Audio Dataset Original and DeepFake Voices for AI-Based Voice Analysis and Detection/Dataset/S13M04/Fake/25.wav,1,MEN,MEN-S13M04,TG:d1b72b1834bf1ba9,-26.265625,1,0.3341666666666666,3.917275e-12
mendeley/extracted/Bangla Audio Dataset Original and DeepFake Voices for AI-Based Voice Analysis and Detection/Dataset/S13M04/Fake/26.wav,1,MEN,MEN-S13M04,TG:b30ab81ebf25d425,-27.09375,1,0.4575,1.7113305e-12
mendeley/extracted/Bangla Audio Dataset Original and DeepFake Voices for AI-Based Voice Analysis and Detection/Dataset/S13M04/Fake/27.wav,1,MEN,MEN-S13M04,TG:4801945c778274b7,-29.75,1,0.5291666666666667,1.2015425e-13
mendeley/extracted/Bangla Audio Dataset Original and DeepFake Voices for AI-Based Voice Analysis and Detection/Dataset/S13M04/Fake/28.wav,1,MEN,MEN-S13M04,TG:20d29da1528cd788,-17.46875,1,0.3841666666666666,2.5907072e-08
mendeley/extracted/Bangla Audio Dataset Original and DeepFake Voices for AI-Based Voice Analysis and Detection/Dataset/S13M04/Fake/29.wav,1,MEN,MEN-S13M04,TG:39ba0547eb0a9549,-42.53125,1,0.4175,3.3799698e-19
mendeley/extracted/Bangla Audio Dataset Original and DeepFake Voices for AI-Based Voice Analysis and Detection/Dataset/S13M04/Fake/3.wav,1,MEN,MEN-S13M04,TG:e921a431e5a8d0f2,-24.265625,1,0.3408333333333333,2.894496e-11
mendeley/extracted/Bangla Audio Dataset Original and DeepFake Voices for AI-Based Voice Analysis and Detection/Dataset/S13M04/Fake/30.wav,1,MEN,MEN-S13M04,TG:83175214af1cd3cc,-11.9296875,1,0.5691666666666666,6.5917343e-06
mendeley/extracted/Bangla Audio Dataset Original and DeepFake Voices for AI-Based Voice Analysis and Detection/Dataset/S13M04/Fake/4.wav,1,MEN,MEN-S13M04,TG:7b4edaf138d43c24,-11.8046875,1,0.4675,7.469407e-06
mendeley/extracted/Bangla Audio Dataset Original and DeepFake Voices for AI-Based Voice Analysis and Detection/Dataset/S13M04/Fake/5.wav,1,MEN,MEN-S13M04,TG:4365e0fcdb4baa7c,-22.359375,1,0.4341666666666667,1.9473625e-10
mendeley/extracted/Bangla Audio Dataset Original and DeepFake Voices for AI-Based Voice Analysis and Detection/Dataset/S13M04/Fake/6.wav,1,MEN,MEN-S13M04,TG:0d8af69205969b08,-7.5507812,1,0.3791666666666666,0.00052542303
mendeley/extracted/Bangla Audio Dataset Original and DeepFake Voices for AI-Based Voice Analysis and Detection/Dataset/S13M04/Fake/7.wav,1,MEN,MEN-S13M04,TG:40a9df8903c6d06d,-9.046875,1,0.5241666666666667,0.000117744596
mendeley/extracted/Bangla Audio Dataset Original and DeepFake Voices for AI-Based Voice Analysis and Detection/Dataset/S13M04/Fake/8.wav,1,MEN,MEN-S13M04,TG:ec3afa02296104d2,-5.6601562,1,0.5708333333333333,0.0034698907
mendeley/extracted/Bangla Audio Dataset Original and DeepFake Voices for AI-Based Voice Analysis and Detection/Dataset/S13M04/Fake/9.wav,1,MEN,MEN-S13M04,TG:44ef37911c97b339,-5.28125,1,0.5208333333333333,0.0050603314
mendeley/extracted/Bangla Audio Dataset Original and DeepFake Voices for AI-Based Voice Analysis and Detection/Dataset/S13M04/Real/1.wav,0,MEN,MEN-S13M04,TG:59a9f15bf4c1e1f9,3.2988281,1,0.4675,0.9643886
mendeley/extracted/Bangla Audio Dataset Original and DeepFake Voices for AI-Based Voice Analysis and Detection/Dataset/S13M04/Real/10.wav,0,MEN,MEN-S13M04,TG:af46530c8e94f66a,-27.71875,1,0.5175000000000001,9.160091e-13
mendeley/extracted/Bangla Audio Dataset Original and DeepFake Voices for AI-Based Voice Analysis and Detection/Dataset/S13M04/Real/11.wav,0,MEN,MEN-S13M04,TG:206cd06074b026d5,-11.1875,1,0.5508333333333333,1.3846005e-05
mendeley/extracted/Bangla Audio Dataset Original and DeepFake Voices for AI-Based Voice Analysis and Detection/Dataset/S13M04/Real/12.wav,0,MEN,MEN-S13M04,TG:fc8142f1666481b5,-36.4375,1,0.5175000000000001,1.4975966e-16
mendeley/extracted/Bangla Audio Dataset Original and DeepFake Voices for AI-Based Voice Analysis and Detection/Dataset/S13M04/Real/13.wav,0,MEN,MEN-S13M04,TG:8b9d7fe36d313ffb,-12.328125,1,0.5008333333333334,4.4254903e-06
mendeley/extracted/Bangla Audio Dataset Original and DeepFake Voices for AI-Based Voice Analysis and Detection/Dataset/S13M04/Real/14.wav,0,MEN,MEN-S13M04,TG:373cb328e6d0029c,-29.1875,1,0.5175000000000001,2.108773e-13
mendeley/extracted/Bangla Audio Dataset Original and DeepFake Voices for AI-Based Voice Analysis and Detection/Dataset/S13M04/Real/15.wav,0,MEN,MEN-S13M04,TG:725e597ccf136c7b,-31.265625,1,0.5675,2.6394389e-14
mendeley/extracted/Bangla Audio Dataset Original and DeepFake Voices for AI-Based Voice Analysis and Detection/Dataset/S13M04/Real/16.wav,0,MEN,MEN-S13M04,TG:19493fcae8d03fba,-46.90625,1,0.5675,4.254754e-21
mendeley/extracted/Bangla Audio Dataset Original and DeepFake Voices for AI-Based Voice Analysis and Detection/Dataset/S13M04/Real/17.wav,0,MEN,MEN-S13M04,TG:6c80d161a68feef8,-19.140625,1,0.5341666666666667,4.8677937e-09
mendeley/extracted/Bangla Audio Dataset Original and DeepFake Voices for AI-Based Voice Analysis and Detection/Dataset/S13M04/Real/18.wav,0,MEN,MEN-S13M04,TG:c628bfabacea3ccb,-17.921875,1,0.6008333333333333,1.6467533e-08
mendeley/extracted/Bangla Audio Dataset Original and DeepFake Voices for AI-Based Voice Analysis and Detection/Dataset/S13M04/Real/19.wav,0,MEN,MEN-S13M04,TG:8dee1cb04b557d42,-10.078125,1,0.5341666666666667,4.198631e-05
mendeley/extracted/Bangla Audio Dataset Original and DeepFake Voices for AI-Based Voice Analysis and Detection/Dataset/S13M04/Real/2.wav,0,MEN,MEN-S13M04,TG:b50c656187dba8e6,-14.890625,1,0.5175000000000001,3.4125858e-07
mendeley/extracted/Bangla Audio Dataset Original and DeepFake Voices for AI-Based Voice Analysis and Detection/Dataset/S13M04/Real/20.wav,0,MEN,MEN-S13M04,TG:b2cf028254ed88e1,-31.875,1,0.4508333333333333,1.435038e-14
mendeley/extracted/Bangla Audio Dataset Original and DeepFake Voices for AI-Based Voice Analysis and Detection/Dataset/S13M04/Real/21.wav,0,MEN,MEN-S13M04,TG:b16e2afabc8b744f,-22.109375,1,0.5341666666666667,2.500463e-10
mendeley/extracted/Bangla Audio Dataset Original and DeepFake Voices for AI-Based Voice Analysis and Detection/Dataset/S13M04/Real/22.wav,0,MEN,MEN-S13M04,TG:3ea4c2ab6bd8c696,8.453125,1,0.5841666666666667,0.9997868
mendeley/extracted/Bangla Audio Dataset Original and DeepFake Voices for AI-Based Voice Analysis and Detection/Dataset/S13M04/Real/23.wav,0,MEN,MEN-S13M04,TG:1aea278e72d15d0c,-6.6875,1,0.5008333333333334,0.0012448434
mendeley/extracted/Bangla Audio Dataset Original and DeepFake Voices for AI-Based Voice Analysis and Detection/Dataset/S13M04/Real/24.wav,0,MEN,MEN-S13M04,TG:308b7809dcd529fe,-26.96875,1,0.4841666666666666,1.9391914e-12
mendeley/extracted/Bangla Audio Dataset Original and DeepFake Voices for AI-Based Voice Analysis and Detection/Dataset/S13M04/Real/25.wav,0,MEN,MEN-S13M04,TG:d1b72b1834bf1ba9,-17.5625,1,0.5175000000000001,2.3588655e-08
mendeley/extracted/Bangla Audio Dataset Original and DeepFake Voices for AI-Based Voice Analysis and Detection/Dataset/S13M04/Real/26.wav,0,MEN,MEN-S13M04,TG:b30ab81ebf25d425,-23.671875,1,0.4675,5.2412557e-11
mendeley/extracted/Bangla Audio Dataset Original and DeepFake Voices for AI-Based Voice Analysis and Detection/Dataset/S13M04/Real/27.wav,0,MEN,MEN-S13M04,TG:4801945c778274b7,-27.140625,1,0.5508333333333333,1.6329629e-12
mendeley/extracted/Bangla Audio Dataset Original and DeepFake Voices for AI-Based Voice Analysis and Detection/Dataset/S13M04/Real/28.wav,0,MEN,MEN-S13M04,TG:20d29da1528cd788,-20.046875,1,0.5175000000000001,1.9667665e-09
mendeley/extracted/Bangla Audio Dataset Original and DeepFake Voices for AI-Based Voice Analysis and Detection/Dataset/S13M04/Real/29.wav,0,MEN,MEN-S13M04,TG:39ba0547eb0a9549,-35.75,1,0.5008333333333334,2.9783264e-16
mendeley/extracted/Bangla Audio Dataset Original and DeepFake Voices for AI-Based Voice Analysis and Detection/Dataset/S13M04/Real/3.wav,0,MEN,MEN-S13M04,TG:e921a431e5a8d0f2,1.9208984,1,0.5008333333333334,0.8722386
mendeley/extracted/Bangla Audio Dataset Original and DeepFake Voices for AI-Based Voice Analysis and Detection/Dataset/S13M04/Real/30.wav,0,MEN,MEN-S13M04,TG:83175214af1cd3cc,-18.046875,1,0.5175000000000001,1.45325485e-08
mendeley/extracted/Bangla Audio Dataset Original and DeepFake Voices for AI-Based Voice Analysis and Detection/Dataset/S13M04/Real/4.wav,0,MEN,MEN-S13M04,TG:7b4edaf138d43c24,-19.875,1,0.4841666666666666,2.335593e-09
mendeley/extracted/Bangla Audio Dataset Original and DeepFake Voices for AI-Based Voice Analysis and Detection/Dataset/S13M04/Real/5.wav,0,MEN,MEN-S13M04,TG:4365e0fcdb4baa7c,-9.9765625,1,0.5175000000000001,4.6474393e-05
mendeley/extracted/Bangla Audio Dataset Original and DeepFake Voices for AI-Based Voice Analysis and Detection/Dataset/S13M04/Real/6.wav,0,MEN,MEN-S13M04,TG:0d8af69205969b08,0.64208984,1,0.5508333333333333,0.6552257
mendeley/extracted/Bangla Audio Dataset Original and DeepFake Voices for AI-Based Voice Analysis and Detection/Dataset/S13M04/Real/7.wav,0,MEN,MEN-S13M04,TG:40a9df8903c6d06d,-8.265625,1,0.4841666666666666,0.00025714198
mendeley/extracted/Bangla Audio Dataset Original and DeepFake Voices for AI-Based Voice Analysis and Detection/Dataset/S13M04/Real/8.wav,0,MEN,MEN-S13M04,TG:ec3afa02296104d2,-19.5,1,0.5841666666666667,3.398268e-09
mendeley/extracted/Bangla Audio Dataset Original and DeepFake Voices for AI-Based Voice Analysis and Detection/Dataset/S13M04/Real/9.wav,0,MEN,MEN-S13M04,TG:44ef37911c97b339,-13.3046875,1,0.5341666666666667,1.6666595e-06
mendeley/extracted/Bangla Audio Dataset Original and DeepFake Voices for AI-Based Voice Analysis and Detection/Dataset/S14F02/Fake/1.wav,1,MEN,MEN-S14F02,TG:554ac7bf8ebb78f9,2.75,1,0.4075,0.93991333
mendeley/extracted/Bangla Audio Dataset Original and DeepFake Voices for AI-Based Voice Analysis and Detection/Dataset/S14F02/Fake/10.wav,1,MEN,MEN-S14F02,TG:8b54a89dd6208789,-17.953125,1,0.5341666666666667,1.5960882e-08
mendeley/extracted/Bangla Audio Dataset Original and DeepFake Voices for AI-Based Voice Analysis and Detection/Dataset/S14F02/Fake/11.wav,1,MEN,MEN-S14F02,TG:187c8b79a216637f,-8.8828125,1,0.5791666666666666,0.00013873413
mendeley/extracted/Bangla Audio Dataset Original and DeepFake Voices for AI-Based Voice Analysis and Detection/Dataset/S14F02/Fake/12.wav,1,MEN,MEN-S14F02,TG:a3f48c98819c7992,-5.9609375,1,0.5175000000000001,0.002570868
mendeley/extracted/Bangla Audio Dataset Original and DeepFake Voices for AI-Based Voice Analysis and Detection/Dataset/S14F02/Fake/13.wav,1,MEN,MEN-S14F02,TG:1ca2e7b216e9ad9c,-22.234375,1,0.5141666666666667,2.2066508e-10
mendeley/extracted/Bangla Audio Dataset Original and DeepFake Voices for AI-Based Voice Analysis and Detection/Dataset/S14F02/Fake/14.wav,1,MEN,MEN-S14F02,TG:d596eeae600d9af9,-20.609375,1,0.3774999999999999,1.1206299e-09
mendeley/extracted/Bangla Audio Dataset Original and DeepFake Voices for AI-Based Voice Analysis and Detection/Dataset/S14F02/Fake/15.wav,1,MEN,MEN-S14F02,TG:6ce41462058809da,-36.0,1,0.6041666666666667,2.319523e-16
mendeley/extracted/Bangla Audio Dataset Original and DeepFake Voices for AI-Based Voice Analysis and Detection/Dataset/S14F02/Fake/16.wav,1,MEN,MEN-S14F02,TG:0314a002a6d89cd5,-9.90625,1,0.3924999999999999,4.9859584e-05
mendeley/extracted/Bangla Audio Dataset Original and DeepFake Voices for AI-Based Voice Analysis and Detection/Dataset/S14F02/Fake/17.wav,1,MEN,MEN-S14F02,TG:ba557f5c9351a956,-29.96875,1,0.4575,9.6546665e-14
mendeley/extracted/Bangla Audio Dataset Original and DeepFake Voices for AI-Based Voice Analysis and Detection/Dataset/S14F02/Fake/18.wav,1,MEN,MEN-S14F02,TG:819cb431f0380259,-9.5859375,1,0.4541666666666667,6.868318e-05
mendeley/extracted/Bangla Audio Dataset Original and DeepFake Voices for AI-Based Voice Analysis and Detection/Dataset/S14F02/Fake/19.wav,1,MEN,MEN-S14F02,TG:e146e568c1caae0e,-25.09375,1,0.3924999999999999,1.2645116e-11
mendeley/extracted/Bangla Audio Dataset Original and DeepFake Voices for AI-Based Voice Analysis and Detection/Dataset/S14F02/Fake/2.wav,1,MEN,MEN-S14F02,TG:11aa99bdc903f9ab,-9.71875,1,0.4841666666666666,6.0141523e-05
mendeley/extracted/Bangla Audio Dataset Original and DeepFake Voices for AI-Based Voice Analysis and Detection/Dataset/S14F02/Fake/20.wav,1,MEN,MEN-S14F02,TG:3c3b71398788e916,-7.9453125,1,0.5325,0.00035419367
mendeley/extracted/Bangla Audio Dataset Original and DeepFake Voices for AI-Based Voice Analysis and Detection/Dataset/S14F02/Fake/21.wav,1,MEN,MEN-S14F02,TG:cfaf18d164b6d815,-24.296875,1,0.5041666666666667,2.8054418e-11
mendeley/extracted/Bangla Audio Dataset Original and DeepFake Voices for AI-Based Voice Analysis and Detection/Dataset/S14F02/Fake/22.wav,1,MEN,MEN-S14F02,TG:3e4341aa023d4a7a,-4.3984375,1,0.5175000000000001,0.01214717
mendeley/extracted/Bangla Audio Dataset Original and DeepFake Voices for AI-Based Voice Analysis and Detection/Dataset/S14F02/Fake/23.wav,1,MEN,MEN-S14F02,TG:7a8d04572a454b40,-29.03125,1,0.6041666666666667,2.4654053e-13
mendeley/extracted/Bangla Audio Dataset Original and DeepFake Voices for AI-Based Voice Analysis and Detection/Dataset/S14F02/Fake/24.wav,1,MEN,MEN-S14F02,TG:1b34ee3dbf78ac83,-19.84375,1,0.4741666666666666,2.4097329e-09
mendeley/extracted/Bangla Audio Dataset Original and DeepFake Voices for AI-Based Voice Analysis and Detection/Dataset/S14F02/Fake/25.wav,1,MEN,MEN-S14F02,TG:bfab293024be8394,-17.53125,1,0.3891666666666666,2.4337437e-08
mendeley/extracted/Bangla Audio Dataset Original and DeepFake Voices for AI-Based Voice Analysis and Detection/Dataset/S14F02/Fake/26.wav,1,MEN,MEN-S14F02,TG:e4f3081165f64146,-5.0390625,1,0.5974999999999999,0.0064381026
mendeley/extracted/Bangla Audio Dataset Original and DeepFake Voices for AI-Based Voice Analysis and Detection/Dataset/S14F02/Fake/27.wav,1,MEN,MEN-S14F02,TG:48f08dcc529ee60c,3.4042969,1,0.4175,0.9678385
mendeley/extracted/Bangla Audio Dataset Original and DeepFake Voices for AI-Based Voice Analysis and Detection/Dataset/S14F02/Fake/28.wav,1,MEN,MEN-S14F02,TG:c52489fd7002d612,-19.515625,1,0.5591666666666666,3.3455827e-09
mendeley/extracted/Bangla Audio Dataset Original and DeepFake Voices for AI-Based Voice Analysis and Detection/Dataset/S14F02/Fake/29.wav,1,MEN,MEN-S14F02,TG:f0d66e66e0df7a92,-15.328125,1,0.5025,2.203331e-07
mendeley/extracted/Bangla Audio Dataset Original and DeepFake Voices for AI-Based Voice Analysis and Detection/Dataset/S14F02/Fake/3.wav,1,MEN,MEN-S14F02,TG:1713efff55beeeec,-8.078125,1,0.4925,0.000310156
mendeley/extracted/Bangla Audio Dataset Original and DeepFake Voices for AI-Based Voice Analysis and Detection/Dataset/S14F02/Fake/30.wav,1,MEN,MEN-S14F02,TG:15ee6219b5d4aefc,-2.8027344,1,0.5341666666666667,0.057176597
mendeley/extracted/Bangla Audio Dataset Original and DeepFake Voices for AI-Based Voice Analysis and Detection/Dataset/S14F02/Fake/4.wav,1,MEN,MEN-S14F02,TG:6a90890ed8f3955f,-8.1875,1,0.5641666666666667,0.00027803096
mendeley/extracted/Bangla Audio Dataset Original and DeepFake Voices for AI-Based Voice Analysis and Detection/Dataset/S14F02/Fake/5.wav,1,MEN,MEN-S14F02,TG:0f6bba26ba2da7d1,-10.5390625,1,0.4408333333333333,2.6480842e-05
mendeley/extracted/Bangla Audio Dataset Original and DeepFake Voices for AI-Based Voice Analysis and Detection/Dataset/S14F02/Fake/6.wav,1,MEN,MEN-S14F02,TG:30600448e8f6a33e,-15.828125,1,0.3675,1.336388e-07
mendeley/extracted/Bangla Audio Dataset Original and DeepFake Voices for AI-Based Voice Analysis and Detection/Dataset/S14F02/Fake/7.wav,1,MEN,MEN-S14F02,TG:5008d9f4bdd80229,-11.2578125,1,0.5008333333333334,1.2905907e-05
mendeley/extracted/Bangla Audio Dataset Original and DeepFake Voices for AI-Based Voice Analysis and Detection/Dataset/S14F02/Fake/8.wav,1,MEN,MEN-S14F02,TG:33180cdc592d15ff,5.7109375,1,0.3741666666666666,0.9967013
mendeley/extracted/Bangla Audio Dataset Original and DeepFake Voices for AI-Based Voice Analysis and Detection/Dataset/S14F02/Fake/9.wav,1,MEN,MEN-S14F02,TG:c3296e2a9dc3f70a,-8.9296875,1,0.4208333333333333,0.00013238186
mendeley/extracted/Bangla Audio Dataset Original and DeepFake Voices for AI-Based Voice Analysis and Detection/Dataset/S14F02/Real/1.wav,0,MEN,MEN-S14F02,TG:554ac7bf8ebb78f9,5.2851562,1,0.3675,0.99495924
mendeley/extracted/Bangla Audio Dataset Original and DeepFake Voices for AI-Based Voice Analysis and Detection/Dataset/S14F02/Real/10.wav,0,MEN,MEN-S14F02,TG:8b54a89dd6208789,-23.453125,1,0.3841666666666666,6.5228475e-11
mendeley/extracted/Bangla Audio Dataset Original and DeepFake Voices for AI-Based Voice Analysis and Detection/Dataset/S14F02/Real/11.wav,0,MEN,MEN-S14F02,TG:187c8b79a216637f,-27.09375,1,0.3675,1.7113305e-12
mendeley/extracted/Bangla Audio Dataset Original and DeepFake Voices for AI-Based Voice Analysis and Detection/Dataset/S14F02/Real/12.wav,0,MEN,MEN-S14F02,TG:a3f48c98819c7992,-25.78125,1,0.3508333333333333,6.358364e-12
mendeley/extracted/Bangla Audio Dataset Original and DeepFake Voices for AI-Based Voice Analysis and Detection/Dataset/S14F02/Real/13.wav,0,MEN,MEN-S14F02,TG:1ca2e7b216e9ad9c,-22.078125,1,0.2508333333333333,2.5798363e-10
mendeley/extracted/Bangla Audio Dataset Original and DeepFake Voices for AI-Based Voice Analysis and Detection/Dataset/S14F02/Real/14.wav,0,MEN,MEN-S14F02,TG:d596eeae600d9af9,-31.234375,1,0.3508333333333333,2.7232236e-14
mendeley/extracted/Bangla Audio Dataset Original and DeepFake Voices for AI-Based Voice Analysis and Detection/Dataset/S14F02/Real/15.wav,0,MEN,MEN-S14F02,TG:6ce41462058809da,-29.28125,1,0.3341666666666666,1.9200596e-13
mendeley/extracted/Bangla Audio Dataset Original and DeepFake Voices for AI-Based Voice Analysis and Detection/Dataset/S14F02/Real/16.wav,0,MEN,MEN-S14F02,TG:0314a002a6d89cd5,-35.25,1,0.3508333333333333,4.91043e-16
mendeley/extracted/Bangla Audio Dataset Original and DeepFake Voices for AI-Based Voice Analysis and Detection/Dataset/S14F02/Real/17.wav,0,MEN,MEN-S14F02,TG:ba557f5c9351a956,-24.796875,1,0.3675,1.7015864e-11
mendeley/extracted/Bangla Audio Dataset Original and DeepFake Voices for AI-Based Voice Analysis and Detection/Dataset/S14F02/Real/18.wav,0,MEN,MEN-S14F02,TG:819cb431f0380259,-26.65625,1,0.3508333333333333,2.6505603e-12
mendeley/extracted/Bangla Audio Dataset Original and DeepFake Voices for AI-Based Voice Analysis and Detection/Dataset/S14F02/Real/19.wav,0,MEN,MEN-S14F02,TG:e146e568c1caae0e,-30.84375,1,0.2175,4.0246635e-14
mendeley/extracted/Bangla Audio Dataset Original and DeepFake Voices for AI-Based Voice Analysis and Detection/Dataset/S14F02/Real/2.wav,0,MEN,MEN-S14F02,TG:11aa99bdc903f9ab,-30.265625,1,0.5175000000000001,7.1747384e-14
mendeley/extracted/Bangla Audio Dataset Original and DeepFake Voices for AI-Based Voice Analysis and Detection/Dataset/S14F02/Real/20.wav,0,MEN,MEN-S14F02,TG:3c3b71398788e916,-16.546875,1,0.3341666666666666,6.5130365e-08
mendeley/extracted/Bangla Audio Dataset Original and DeepFake Voices for AI-Based Voice Analysis and Detection/Dataset/S14F02/Real/21.wav,0,MEN,MEN-S14F02,TG:cfaf18d164b6d815,-18.828125,1,0.3675,6.6534853e-09
mendeley/extracted/Bangla Audio Dataset Original and DeepFake Voices for AI-Based Voice Analysis and Detection/Dataset/S14F02/Real/22.wav,0,MEN,MEN-S14F02,TG:3e4341aa023d4a7a,-19.40625,1,0.3675,3.732267e-09
mendeley/extracted/Bangla Audio Dataset Original and DeepFake Voices for AI-Based Voice Analysis and Detection/Dataset/S14F02/Real/23.wav,0,MEN,MEN-S14F02,TG:7a8d04572a454b40,-38.5625,1,0.3175,1.7886239e-17
mendeley/extracted/Bangla Audio Dataset Original and DeepFake Voices for AI-Based Voice Analysis and Detection/Dataset/S14F02/Real/24.wav,0,MEN,MEN-S14F02,TG:1b34ee3dbf78ac83,-37.5625,1,0.3841666666666666,4.8619837e-17
mendeley/extracted/Bangla Audio Dataset Original and DeepFake Voices for AI-Based Voice Analysis and Detection/Dataset/S14F02/Real/25.wav,0,MEN,MEN-S14F02,TG:bfab293024be8394,-31.125,1,0.2341666666666666,3.037975e-14
mendeley/extracted/Bangla Audio Dataset Original and DeepFake Voices for AI-Based Voice Analysis and Detection/Dataset/S14F02/Real/26.wav,0,MEN,MEN-S14F02,TG:e4f3081165f64146,-20.25,1,0.4508333333333333,1.605228e-09
mendeley/extracted/Bangla Audio Dataset Original and DeepFake Voices for AI-Based Voice Analysis and Detection/Dataset/S14F02/Real/27.wav,0,MEN,MEN-S14F02,TG:48f08dcc529ee60c,-20.421875,1,0.3841666666666666,1.3517376e-09
mendeley/extracted/Bangla Audio Dataset Original and DeepFake Voices for AI-Based Voice Analysis and Detection/Dataset/S14F02/Real/28.wav,0,MEN,MEN-S14F02,TG:c52489fd7002d612,-35.125,1,0.4508333333333333,5.5642457e-16
mendeley/extracted/Bangla Audio Dataset Original and DeepFake Voices for AI-Based Voice Analysis and Detection/Dataset/S14F02/Real/29.wav,0,MEN,MEN-S14F02,TG:f0d66e66e0df7a92,-14.546875,1,0.3508333333333333,4.812517e-07
mendeley/extracted/Bangla Audio Dataset Original and DeepFake Voices for AI-Based Voice Analysis and Detection/Dataset/S14F02/Real/3.wav,0,MEN,MEN-S14F02,TG:1713efff55beeeec,-18.109375,1,0.3508333333333333,1.3652065e-08
mendeley/extracted/Bangla Audio Dataset Original and DeepFake Voices for AI-Based Voice Analysis and Detection/Dataset/S14F02/Real/30.wav,0,MEN,MEN-S14F02,TG:15ee6219b5d4aefc,-20.359375,1,0.3841666666666666,1.438917e-09
mendeley/extracted/Bangla Audio Dataset Original and DeepFake Voices for AI-Based Voice Analysis and Detection/Dataset/S14F02/Real/4.wav,0,MEN,MEN-S14F02,TG:6a90890ed8f3955f,-26.640625,1,0.2674999999999999,2.6923006e-12
mendeley/extracted/Bangla Audio Dataset Original and DeepFake Voices for AI-Based Voice Analysis and Detection/Dataset/S14F02/Real/5.wav,0,MEN,MEN-S14F02,TG:0f6bba26ba2da7d1,-31.34375,1,0.2841666666666667,2.4410819e-14
mendeley/extracted/Bangla Audio Dataset Original and DeepFake Voices for AI-Based Voice Analysis and Detection/Dataset/S14F02/Real/6.wav,0,MEN,MEN-S14F02,TG:30600448e8f6a33e,-26.515625,1,0.3008333333333333,3.0507764e-12
mendeley/extracted/Bangla Audio Dataset Original and DeepFake Voices for AI-Based Voice Analysis and Detection/Dataset/S14F02/Real/7.wav,0,MEN,MEN-S14F02,TG:5008d9f4bdd80229,-27.21875,1,0.3341666666666666,1.510244e-12
mendeley/extracted/Bangla Audio Dataset Original and DeepFake Voices for AI-Based Voice Analysis and Detection/Dataset/S14F02/Real/8.wav,0,MEN,MEN-S14F02,TG:33180cdc592d15ff,-15.9296875,1,0.2508333333333333,1.207326e-07
mendeley/extracted/Bangla Audio Dataset Original and DeepFake Voices for AI-Based Voice Analysis and Detection/Dataset/S14F02/Real/9.wav,0,MEN,MEN-S14F02,TG:c3296e2a9dc3f70a,-24.875,1,0.3841666666666666,1.57371e-11
mendeley/extracted/Bangla Audio Dataset Original and DeepFake Voices for AI-Based Voice Analysis and Detection/Dataset/S14M01/Fake/1.wav,1,MEN,MEN-S14M01,TG:554ac7bf8ebb78f9,-29.015625,1,0.5508333333333333,2.5042297e-13
mendeley/extracted/Bangla Audio Dataset Original and DeepFake Voices for AI-Based Voice Analysis and Detection/Dataset/S14M01/Fake/10.wav,1,MEN,MEN-S14M01,TG:8b54a89dd6208789,-15.125,1,0.5208333333333333,2.6995778e-07
mendeley/extracted/Bangla Audio Dataset Original and DeepFake Voices for AI-Based Voice Analysis and Detection/Dataset/S14M01/Fake/11.wav,1,MEN,MEN-S14M01,TG:187c8b79a216637f,-22.765625,1,0.5408333333333333,1.2972232e-10
mendeley/extracted/Bangla Audio Dataset Original and DeepFake Voices for AI-Based Voice Analysis and Detection/Dataset/S14M01/Fake/12.wav,1,MEN,MEN-S14M01,TG:a3f48c98819c7992,-32.15625,1,0.5141666666666667,1.0832234e-14
mendeley/extracted/Bangla Audio Dataset Original and DeepFake Voices for AI-Based Voice Analysis and Detection/Dataset/S14M01/Fake/13.wav,1,MEN,MEN-S14M01,TG:1ca2e7b216e9ad9c,-43.4375,1,0.5375,1.3656312e-19
mendeley/extracted/Bangla Audio Dataset Original and DeepFake Voices for AI-Based Voice Analysis and Detection/Dataset/S14M01/Fake/14.wav,1,MEN,MEN-S14M01,TG:d596eeae600d9af9,-23.625,1,0.4791666666666666,5.492789e-11
mendeley/extracted/Bangla Audio Dataset Original and DeepFake Voices for AI-Based Voice Analysis and Detection/Dataset/S14M01/Fake/15.wav,1,MEN,MEN-S14M01,TG:6ce41462058809da,-43.6875,1,0.4558333333333333,1.0635548e-19
mendeley/extracted/Bangla Audio Dataset Original and DeepFake Voices for AI-Based Voice Analysis and Detection/Dataset/S14M01/Fake/16.wav,1,MEN,MEN-S14M01,TG:0314a002a6d89cd5,-24.34375,1,0.4641666666666666,2.6769715e-11
mendeley/extracted/Bangla Audio Dataset Original and DeepFake Voices for AI-Based Voice Analysis and Detection/Dataset/S14M01/Fake/17.wav,1,MEN,MEN-S14M01,TG:ba557f5c9351a956,-15.3515625,1,0.5108333333333333,2.1522912e-07
mendeley/extracted/Bangla Audio Dataset Original and DeepFake Voices for AI-Based Voice Analysis and Detection/Dataset/S14M01/Fake/18.wav,1,MEN,MEN-S14M01,TG:819cb431f0380259,-25.5625,1,0.4775,7.913111e-12
mendeley/extracted/Bangla Audio Dataset Original and DeepFake Voices for AI-Based Voice Analysis and Detection/Dataset/S14M01/Fake/19.wav,1,MEN,MEN-S14M01,TG:e146e568c1caae0e,-33.34375,1,0.3874999999999999,3.303645e-15
mendeley/extracted/Bangla Audio Dataset Original and DeepFake Voices for AI-Based Voice Analysis and Detection/Dataset/S14M01/Fake/2.wav,1,MEN,MEN-S14M01,TG:11aa99bdc903f9ab,-29.921875,1,0.4141666666666667,1.0118003e-13
mendeley/extracted/Bangla Audio Dataset Original and DeepFake Voices for AI-Based Voice Analysis and Detection/Dataset/S14M01/Fake/20.wav,1,MEN,MEN-S14M01,TG:3c3b71398788e916,-11.1484375,1,0.4925,1.4397558e-05
mendeley/extracted/Bangla Audio Dataset Original and DeepFake Voices for AI-Based Voice Analysis and Detection/Dataset/S14M01/Fake/21.wav,1,MEN,MEN-S14M01,TG:cfaf18d164b6d815,-39.3125,1,0.5108333333333333,8.448862e-18
mendeley/extracted/Bangla Audio Dataset Original and DeepFake Voices for AI-Based Voice Analysis and Detection/Dataset/S14M01/Fake/22.wav,1,MEN,MEN-S14M01,TG:3e4341aa023d4a7a,-27.25,1,0.5441666666666667,1.4637784e-12
mendeley/extracted/Bangla Audio Dataset Original and DeepFake Voices for AI-Based Voice Analysis and Detection/Dataset/S14M01/Fake/23.wav,1,MEN,MEN-S14M01,TG:7a8d04572a454b40,-32.53125,1,0.4175,7.444878e-15
mendeley/extracted/Bangla Audio Dataset Original and DeepFake Voices for AI-Based Voice Analysis and Detection/Dataset/S14M01/Fake/24.wav,1,MEN,MEN-S14M01,TG:1b34ee3dbf78ac83,-22.875,1,0.3441666666666666,1.1628232e-10
mendeley/extracted/Bangla Audio Dataset Original and DeepFake Voices for AI-Based Voice Analysis and Detection/Dataset/S14M01/Fake/25.wav,1,MEN,MEN-S14M01,TG:bfab293024be8394,-40.09375,1,0.3675,3.8681703e-18
mendeley/extracted/Bangla Audio Dataset Original and DeepFake Voices for AI-Based Voice Analysis and Detection/Dataset/S14M01/Fake/26.wav,1,MEN,MEN-S14M01,TG:e4f3081165f64146,-35.625,1,0.5708333333333333,3.3748858e-16
mendeley/extracted/Bangla Audio Dataset Original and DeepFake Voices for AI-Based Voice Analysis and Detection/Dataset/S14M01/Fake/27.wav,1,MEN,MEN-S14M01,TG:48f08dcc529ee60c,-26.859375,1,0.5325,2.1633244e-12
mendeley/extracted/Bangla Audio Dataset Original and DeepFake Voices for AI-Based Voice Analysis and Detection/Dataset/S14M01/Fake/28.wav,1,MEN,MEN-S14M01,TG:c52489fd7002d612,-13.625,1,0.5641666666666667,1.2098657e-06
mendeley/extracted/Bangla Audio Dataset Original and DeepFake Voices for AI-Based Voice Analysis and Detection/Dataset/S14M01/Fake/29.wav,1,MEN,MEN-S14M01,TG:f0d66e66e0df7a92,-36.625,1,0.5075000000000001,1.2415512e-16
mendeley/extracted/Bangla Audio Dataset Original and DeepFake Voices for AI-Based Voice Analysis and Detection/Dataset/S14M01/Fake/3.wav,1,MEN,MEN-S14M01,TG:1713efff55beeeec,-37.5625,1,0.4708333333333333,4.8619837e-17
mendeley/extracted/Bangla Audio Dataset Original and DeepFake Voices for AI-Based Voice Analysis and Detection/Dataset/S14M01/Fake/30.wav,1,MEN,MEN-S14M01,TG:15ee6219b5d4aefc,-36.21875,1,0.4225,1.8637889e-16
mendeley/extracted/Bangla Audio Dataset Original and DeepFake Voices for AI-Based Voice Analysis and Detection/Dataset/S14M01/Fake/4.wav,1,MEN,MEN-S14M01,TG:6a90890ed8f3955f,-22.484375,1,0.5575,1.7185416e-10
mendeley/extracted/Bangla Audio Dataset Original and DeepFake Voices for AI-Based Voice Analysis and Detection/Dataset/S14M01/Fake/5.wav,1,MEN,MEN-S14M01,TG:0f6bba26ba2da7d1,-43.25,1,0.3708333333333333,1.6472657e-19
mendeley/extracted/Bangla Audio Dataset Original and DeepFake Voices for AI-Based Voice Analysis and Detection/Dataset/S14M01/Fake/6.wav,1,MEN,MEN-S14M01,TG:30600448e8f6a33e,-29.5,1,0.2708333333333333,1.5428113e-13
mendeley/extracted/Bangla Audio Dataset Original and DeepFake Voices for AI-Based Voice Analysis and Detection/Dataset/S14M01/Fake/7.wav,1,MEN,MEN-S14M01,TG:5008d9f4bdd80229,-23.890625,1,0.5525,4.211467e-11
mendeley/extracted/Bangla Audio Dataset Original and DeepFake Voices for AI-Based Voice Analysis and Detection/Dataset/S14M01/Fake/8.wav,1,MEN,MEN-S14M01,TG:33180cdc592d15ff,-51.875,1,0.4441666666666667,2.957834e-23
mendeley/extracted/Bangla Audio Dataset Original and DeepFake Voices for AI-Based Voice Analysis and Detection/Dataset/S14M01/Fake/9.wav,1,MEN,MEN-S14M01,TG:c3296e2a9dc3f70a,-33.1875,1,0.5108333333333333,3.862352e-15
mendeley/extracted/Bangla Audio Dataset Original and DeepFake Voices for AI-Based Voice Analysis and Detection/Dataset/S14M01/Real/1.wav,0,MEN,MEN-S14M01,TG:554ac7bf8ebb78f9,-61.625,1,0.4841666666666666,1.7242593e-27
mendeley/extracted/Bangla Audio Dataset Original and DeepFake Voices for AI-Based Voice Analysis and Detection/Dataset/S14M01/Real/10.wav,0,MEN,MEN-S14M01,TG:8b54a89dd6208789,-60.28125,1,0.6008333333333333,6.6097615e-27
mendeley/extracted/Bangla Audio Dataset Original and DeepFake Voices for AI-Based Voice Analysis and Detection/Dataset/S14M01/Real/11.wav,0,MEN,MEN-S14M01,TG:187c8b79a216637f,-54.25,1,0.6675,2.7512137e-24
mendeley/extracted/Bangla Audio Dataset Original and DeepFake Voices for AI-Based Voice Analysis and Detection/Dataset/S14M01/Real/12.wav,0,MEN,MEN-S14M01,TG:a3f48c98819c7992,-59.09375,1,0.6008333333333333,2.1672573e-26
mendeley/extracted/Bangla Audio Dataset Original and DeepFake Voices for AI-Based Voice Analysis and Detection/Dataset/S14M01/Real/13.wav,0,MEN,MEN-S14M01,TG:1ca2e7b216e9ad9c,-22.5,1,0.5675,1.691898e-10
mendeley/extracted/Bangla Audio Dataset Original and DeepFake Voices for AI-Based Voice Analysis and Detection/Dataset/S14M01/Real/14.wav,0,MEN,MEN-S14M01,TG:d596eeae600d9af9,-50.03125,1,0.5675,1.8694085e-22
mendeley/extracted/Bangla Audio Dataset Original and DeepFake Voices for AI-Based Voice Analysis and Detection/Dataset/S14M01/Real/15.wav,0,MEN,MEN-S14M01,TG:6ce41462058809da,-62.59375,1,0.5508333333333333,6.5445492e-28
mendeley/extracted/Bangla Audio Dataset Original and DeepFake Voices for AI-Based Voice Analysis and Detection/Dataset/S14M01/Real/16.wav,0,MEN,MEN-S14M01,TG:0314a002a6d89cd5,-80.875,1,0.6008333333333333,7.523739e-36
mendeley/extracted/Bangla Audio Dataset Original and DeepFake Voices for AI-Based Voice Analysis and Detection/Dataset/S14M01/Real/17.wav,0,MEN,MEN-S14M01,TG:ba557f5c9351a956,-48.46875,1,0.6341666666666667,8.918449e-22
mendeley/extracted/Bangla Audio Dataset Original and DeepFake Voices for AI-Based Voice Analysis and Detection/Dataset/S14M01/Real/18.wav,0,MEN,MEN-S14M01,TG:819cb431f0380259,-66.75,1,0.5675,1.025282e-29
mendeley/extracted/Bangla Audio Dataset Original and DeepFake Voices for AI-Based Voice Analysis and Detection/Dataset/S14M01/Real/19.wav,0,MEN,MEN-S14M01,TG:e146e568c1caae0e,-57.4375,1,0.4341666666666667,1.1355617e-25
mendeley/extracted/Bangla Audio Dataset Original and DeepFake Voices for AI-Based Voice Analysis and Detection/Dataset/S14M01/Real/2.wav,0,MEN,MEN-S14M01,TG:11aa99bdc903f9ab,-58.6875,1,0.6174999999999999,3.2534383e-26
mendeley/extracted/Bangla Audio Dataset Original and DeepFake Voices for AI-Based Voice Analysis and Detection/Dataset/S14M01/Real/20.wav,0,MEN,MEN-S14M01,TG:3c3b71398788e916,-53.9375,1,0.6291666666666667,3.7604636e-24
mendeley/extracted/Bangla Audio Dataset Original and DeepFake Voices for AI-Based Voice Analysis and Detection/Dataset/S14M01/Real/21.wav,0,MEN,MEN-S14M01,TG:cfaf18d164b6d815,-47.28125,1,0.5841666666666667,2.9242466e-21
mendeley/extracted/Bangla Audio Dataset Original and DeepFake Voices for AI-Based Voice Analysis and Detection/Dataset/S14M01/Real/22.wav,0,MEN,MEN-S14M01,TG:3e4341aa023d4a7a,-43.09375,1,0.5675,1.9258486e-19
mendeley/extracted/Bangla Audio Dataset Original and DeepFake Voices for AI-Based Voice Analysis and Detection/Dataset/S14M01/Real/23.wav,0,MEN,MEN-S14M01,TG:7a8d04572a454b40,-57.03125,1,0.5541666666666667,1.7046799e-25
mendeley/extracted/Bangla Audio Dataset Original and DeepFake Voices for AI-Based Voice Analysis and Detection/Dataset/S14M01/Real/24.wav,0,MEN,MEN-S14M01,TG:1b34ee3dbf78ac83,-44.09375,1,0.5508333333333333,7.084802e-20
mendeley/extracted/Bangla Audio Dataset Original and DeepFake Voices for AI-Based Voice Analysis and Detection/Dataset/S14M01/Real/25.wav,0,MEN,MEN-S14M01,TG:bfab293024be8394,-51.1875,1,0.4841666666666666,5.8823546e-23
mendeley/extracted/Bangla Audio Dataset Original and DeepFake Voices for AI-Based Voice Analysis and Detection/Dataset/S14M01/Real/26.wav,0,MEN,MEN-S14M01,TG:e4f3081165f64146,-69.0,1,0.6508333333333334,1.0806394e-30
mendeley/extracted/Bangla Audio Dataset Original and DeepFake Voices for AI-Based Voice Analysis and Detection/Dataset/S14M01/Real/27.wav,0,MEN,MEN-S14M01,TG:48f08dcc529ee60c,-39.625,1,0.6008333333333333,6.1813193e-18
mendeley/extracted/Bangla Audio Dataset Original and DeepFake Voices for AI-Based Voice Analysis and Detection/Dataset/S14M01/Real/28.wav,0,MEN,MEN-S14M01,TG:c52489fd7002d612,-27.875,1,0.6008333333333333,7.835042e-13
mendeley/extracted/Bangla Audio Dataset Original and DeepFake Voices for AI-Based Voice Analysis and Detection/Dataset/S14M01/Real/29.wav,0,MEN,MEN-S14M01,TG:f0d66e66e0df7a92,-39.5,1,0.5008333333333334,7.004352e-18
mendeley/extracted/Bangla Audio Dataset Original and DeepFake Voices for AI-Based Voice Analysis and Detection/Dataset/S14M01/Real/3.wav,0,MEN,MEN-S14M01,TG:1713efff55beeeec,-49.59375,1,0.6675,2.8953964e-22
mendeley/extracted/Bangla Audio Dataset Original and DeepFake Voices for AI-Based Voice Analysis and Detection/Dataset/S14M01/Real/30.wav,0,MEN,MEN-S14M01,TG:15ee6219b5d4aefc,-58.40625,1,0.5191666666666667,4.3101055e-26
mendeley/extracted/Bangla Audio Dataset Original and DeepFake Voices for AI-Based Voice Analysis and Detection/Dataset/S14M01/Real/4.wav,0,MEN,MEN-S14M01,TG:6a90890ed8f3955f,-43.9375,1,0.6841666666666666,8.282972e-20
mendeley/extracted/Bangla Audio Dataset Original and DeepFake Voices for AI-Based Voice Analysis and Detection/Dataset/S14M01/Real/5.wav,0,MEN,MEN-S14M01,TG:0f6bba26ba2da7d1,-42.125,1,0.5675,5.0739357e-19
mendeley/extracted/Bangla Audio Dataset Original and DeepFake Voices for AI-Based Voice Analysis and Detection/Dataset/S14M01/Real/6.wav,0,MEN,MEN-S14M01,TG:30600448e8f6a33e,-48.3125,1,0.5841666666666667,1.0426725e-21
mendeley/extracted/Bangla Audio Dataset Original and DeepFake Voices for AI-Based Voice Analysis and Detection/Dataset/S14M01/Real/7.wav,0,MEN,MEN-S14M01,TG:5008d9f4bdd80229,-49.0,1,0.5841666666666667,5.2428857e-22
mendeley/extracted/Bangla Audio Dataset Original and DeepFake Voices for AI-Based Voice Analysis and Detection/Dataset/S14M01/Real/8.wav,0,MEN,MEN-S14M01,TG:33180cdc592d15ff,-60.96875,1,0.4508333333333333,3.3235966e-27
mendeley/extracted/Bangla Audio Dataset Original and DeepFake Voices for AI-Based Voice Analysis and Detection/Dataset/S14M01/Real/9.wav,0,MEN,MEN-S14M01,TG:c3296e2a9dc3f70a,-87.3125,1,0.6341666666666667,1.2041014e-38
mendeley/extracted/Bangla Audio Dataset Original and DeepFake Voices for AI-Based Voice Analysis and Detection/Dataset/S14M03/Fake/1.wav,1,MEN,MEN-S14M03,TG:554ac7bf8ebb78f9,-18.6875,1,0.5275000000000001,7.658115e-09
mendeley/extracted/Bangla Audio Dataset Original and DeepFake Voices for AI-Based Voice Analysis and Detection/Dataset/S14M03/Fake/10.wav,1,MEN,MEN-S14M03,TG:8b54a89dd6208789,-5.265625,1,0.4925,0.0051396107
mendeley/extracted/Bangla Audio Dataset Original and DeepFake Voices for AI-Based Voice Analysis and Detection/Dataset/S14M03/Fake/11.wav,1,MEN,MEN-S14M03,TG:187c8b79a216637f,-4.40625,1,0.4908333333333333,0.012053778
mendeley/extracted/Bangla Audio Dataset Original and DeepFake Voices for AI-Based Voice Analysis and Detection/Dataset/S14M03/Fake/12.wav,1,MEN,MEN-S14M03,TG:a3f48c98819c7992,-1.0195312,1,0.4791666666666666,0.26511872
mendeley/extracted/Bangla Audio Dataset Original and DeepFake Voices for AI-Based Voice Analysis and Detection/Dataset/S14M03/Fake/13.wav,1,MEN,MEN-S14M03,TG:1ca2e7b216e9ad9c,-16.984375,1,0.5408333333333333,4.2051322e-08
mendeley/extracted/Bangla Audio Dataset Original and DeepFake Voices for AI-Based Voice Analysis and Detection/Dataset/S14M03/Fake/14.wav,1,MEN,MEN-S14M03,TG:d596eeae600d9af9,-18.125,1,0.4058333333333334,1.3440411e-08
mendeley/extracted/Bangla Audio Dataset Original and DeepFake Voices for AI-Based Voice Analysis and Detection/Dataset/S14M03/Fake/15.wav,1,MEN,MEN-S14M03,TG:6ce41462058809da,-9.4140625,1,0.4741666666666666,8.156225e-05
mendeley/extracted/Bangla Audio Dataset Original and DeepFake Voices for AI-Based Voice Analysis and Detection/Dataset/S14M03/Fake/16.wav,1,MEN,MEN-S14M03,TG:0314a002a6d89cd5,-17.53125,1,0.4508333333333333,2.4337437e-08
mendeley/extracted/Bangla Audio Dataset Original and DeepFake Voices for AI-Based Voice Analysis and Detection/Dataset/S14M03/Fake/17.wav,1,MEN,MEN-S14M03,TG:ba557f5c9351a956,-13.703125,1,0.5041666666666667,1.1189429e-06
mendeley/extracted/Bangla Audio Dataset Original and DeepFake Voices for AI-Based Voice Analysis and Detection/Dataset/S14M03/Fake/18.wav,1,MEN,MEN-S14M03,TG:819cb431f0380259,-5.109375,1,0.3958333333333333,0.0060035954
mendeley/extracted/Bangla Audio Dataset Original and DeepFake Voices for AI-Based Voice Analysis and Detection/Dataset/S14M03/Fake/19.wav,1,MEN,MEN-S14M03,TG:e146e568c1caae0e,-22.296875,1,0.3358333333333333,2.0729567e-10
mendeley/extracted/Bangla Audio Dataset Original and DeepFake Voices for AI-Based Voice Analysis and Detection/Dataset/S14M03/Fake/2.wav,1,MEN,MEN-S14M03,TG:11aa99bdc903f9ab,-1.75,1,0.4375,0.14804721
mendeley/extracted/Bangla Audio Dataset Original and DeepFake Voices for AI-Based Voice Analysis and Detection/Dataset/S14M03/Fake/20.wav,1,MEN,MEN-S14M03,TG:3c3b71398788e916,-14.7421875,1,0.5408333333333333,3.9586683e-07
mendeley/extracted/Bangla Audio Dataset Original and DeepFake Voices for AI-Based Voice Analysis and Detection/Dataset/S14M03/Fake/21.wav,1,MEN,MEN-S14M03,TG:cfaf18d164b6d815,-19.78125,1,0.5558333333333334,2.5651472e-09
mendeley/extracted/Bangla Audio Dataset Original and DeepFake Voices for AI-Based Voice Analysis and Detection/Dataset/S14M03/Fake/22.wav,1,MEN,MEN-S14M03,TG:3e4341aa023d4a7a,-15.6640625,1,0.5441666666666667,1.57465e-07
mendeley/extracted/Bangla Audio Dataset Original and DeepFake Voices for AI-Based Voice Analysis and Detection/Dataset/S14M03/Fake/23.wav,1,MEN,MEN-S14M03,TG:7a8d04572a454b40,-8.8671875,1,0.3158333333333333,0.00014091855
mendeley/extracted/Bangla Audio Dataset Original and DeepFake Voices for AI-Based Voice Analysis and Detection/Dataset/S14M03/Fake/24.wav,1,MEN,MEN-S14M03,TG:1b34ee3dbf78ac83,-20.03125,1,0.4375,1.9977386e-09
mendeley/extracted/Bangla Audio Dataset Original and DeepFake Voices for AI-Based Voice Analysis and Detection/Dataset/S14M03/Fake/25.wav,1,MEN,MEN-S14M03,TG:bfab293024be8394,-9.0703125,1,0.4125,0.000115017356
mendeley/extracted/Bangla Audio Dataset Original and DeepFake Voices for AI-Based Voice Analysis and Detection/Dataset/S14M03/Fake/26.wav,1,MEN,MEN-S14M03,TG:e4f3081165f64146,6.3671875,1,0.6091666666666666,0.99828595
mendeley/extracted/Bangla Audio Dataset Original and DeepFake Voices for AI-Based Voice Analysis and Detection/Dataset/S14M03/Fake/27.wav,1,MEN,MEN-S14M03,TG:48f08dcc529ee60c,-19.5,1,0.5575,3.398268e-09
mendeley/extracted/Bangla Audio Dataset Original and DeepFake Voices for AI-Based Voice Analysis and Detection/Dataset/S14M03/Fake/28.wav,1,MEN,MEN-S14M03,TG:c52489fd7002d612,-15.453125,1,0.5691666666666666,1.9444332e-07
mendeley/extracted/Bangla Audio Dataset Original and DeepFake Voices for AI-Based Voice Analysis and Detection/Dataset/S14M03/Fake/29.wav,1,MEN,MEN-S14M03,TG:f0d66e66e0df7a92,-27.53125,1,0.5325,1.104918e-12
mendeley/extracted/Bangla Audio Dataset Original and DeepFake Voices for AI-Based Voice Analysis and Detection/Dataset/S14M03/Fake/3.wav,1,MEN,MEN-S14M03,TG:1713efff55beeeec,-13.5546875,1,0.5275000000000001,1.2979963e-06
mendeley/extracted/Bangla Audio Dataset Original and DeepFake Voices for AI-Based Voice Analysis and Detection/Dataset/S14M03/Fake/30.wav,1,MEN,MEN-S14M03,TG:15ee6219b5d4aefc,-15.9453125,1,0.3641666666666666,1.18860825e-07
mendeley/extracted/Bangla Audio Dataset Original and DeepFake Voices for AI-Based Voice Analysis and Detection/Dataset/S14M03/Fake/4.wav,1,MEN,MEN-S14M03,TG:6a90890ed8f3955f,-30.78125,1,0.5341666666666667,4.284232e-14
mendeley/extracted/Bangla Audio Dataset Original and DeepFake Voices for AI-Based Voice Analysis and Detection/Dataset/S14M03/Fake/5.wav,1,MEN,MEN-S14M03,TG:0f6bba26ba2da7d1,-8.484375,1,0.3691666666666666,0.00020662983
mendeley/extracted/Bangla Audio Dataset Original and DeepFake Voices for AI-Based Voice Analysis and Detection/Dataset/S14M03/Fake/6.wav,1,MEN,MEN-S14M03,TG:30600448e8f6a33e,-12.7421875,1,0.3741666666666666,2.925075e-06
mendeley/extracted/Bangla Audio Dataset Original and DeepFake Voices for AI-Based Voice Analysis and Detection/Dataset/S14M03/Fake/7.wav,1,MEN,MEN-S14M03,TG:5008d9f4bdd80229,-15.0078125,1,0.5808333333333333,3.035217e-07
mendeley/extracted/Bangla Audio Dataset Original and DeepFake Voices for AI-Based Voice Analysis and Detection/Dataset/S14M03/Fake/8.wav,1,MEN,MEN-S14M03,TG:33180cdc592d15ff,-8.5,1,0.4575,0.00020342699
mendeley/extracted/Bangla Audio Dataset Original and DeepFake Voices for AI-Based Voice Analysis and Detection/Dataset/S14M03/Fake/9.wav,1,MEN,MEN-S14M03,TG:c3296e2a9dc3f70a,-13.8125,1,0.5058333333333334,1.0030141e-06
mendeley/extracted/Bangla Audio Dataset Original and DeepFake Voices for AI-Based Voice Analysis and Detection/Dataset/S14M03/Real/1.wav,0,MEN,MEN-S14M03,TG:554ac7bf8ebb78f9,-3.6015625,1,0.3675,0.02655657
mendeley/extracted/Bangla Audio Dataset Original and DeepFake Voices for AI-Based Voice Analysis and Detection/Dataset/S14M03/Real/10.wav,0,MEN,MEN-S14M03,TG:8b54a89dd6208789,-23.765625,1,0.6008333333333333,4.7722173e-11
mendeley/extracted/Bangla Audio Dataset Original and DeepFake Voices for AI-Based Voice Analysis and Detection/Dataset/S14M03/Real/11.wav,0,MEN,MEN-S14M03,TG:187c8b79a216637f,-7.390625,1,0.5341666666666667,0.00061662967
mendeley/extracted/Bangla Audio Dataset Original and DeepFake Voices for AI-Based Voice Analysis and Detection/Dataset/S14M03/Real/12.wav,0,MEN,MEN-S14M03,TG:a3f48c98819c7992,-32.875,1,0.5841666666666667,5.2792095e-15
mendeley/extracted/Bangla Audio Dataset Original and DeepFake Voices for AI-Based Voice Analysis and Detection/Dataset/S14M03/Real/13.wav,0,MEN,MEN-S14M03,TG:1ca2e7b216e9ad9c,-16.3125,1,0.5008333333333334,8.2332484e-08
mendeley/extracted/Bangla Audio Dataset Original and DeepFake Voices for AI-Based Voice Analysis and Detection/Dataset/S14M03/Real/14.wav,0,MEN,MEN-S14M03,TG:d596eeae600d9af9,-22.359375,1,0.6174999999999999,1.9473625e-10
mendeley/extracted/Bangla Audio Dataset Original and DeepFake Voices for AI-Based Voice Analysis and Detection/Dataset/S14M03/Real/15.wav,0,MEN,MEN-S14M03,TG:6ce41462058809da,-19.65625,1,0.6008333333333333,2.9066927e-09
mendeley/extracted/Bangla Audio Dataset Original and DeepFake Voices for AI-Based Voice Analysis and Detection/Dataset/S14M03/Real/16.wav,0,MEN,MEN-S14M03,TG:0314a002a6d89cd5,-18.9375,1,0.6008333333333333,5.964146e-09
mendeley/extracted/Bangla Audio Dataset Original and DeepFake Voices for AI-Based Voice Analysis and Detection/Dataset/S14M03/Real/17.wav,0,MEN,MEN-S14M03,TG:ba557f5c9351a956,-21.65625,1,0.5508333333333333,3.9337805e-10
mendeley/extracted/Bangla Audio Dataset Original and DeepFake Voices for AI-Based Voice Analysis and Detection/Dataset/S14M03/Real/18.wav,0,MEN,MEN-S14M03,TG:819cb431f0380259,-22.234375,1,0.5175000000000001,2.2066508e-10
mendeley/extracted/Bangla Audio Dataset Original and DeepFake Voices for AI-Based Voice Analysis and Detection/Dataset/S14M03/Real/19.wav,0,MEN,MEN-S14M03,TG:e146e568c1caae0e,-19.765625,1,0.3508333333333333,2.6055422e-09
mendeley/extracted/Bangla Audio Dataset Original and DeepFake Voices for AI-Based Voice Analysis and Detection/Dataset/S14M03/Real/2.wav,0,MEN,MEN-S14M03,TG:11aa99bdc903f9ab,-10.921875,1,0.5508333333333333,1.805852e-05
mendeley/extracted/Bangla Audio Dataset Original and DeepFake Voices for AI-Based Voice Analysis and Detection/Dataset/S14M03/Real/20.wav,0,MEN,MEN-S14M03,TG:3c3b71398788e916,-18.546875,1,0.5675,8.814436e-09
mendeley/extracted/Bangla Audio Dataset Original and DeepFake Voices for AI-Based Voice Analysis and Detection/Dataset/S14M03/Real/21.wav,0,MEN,MEN-S14M03,TG:cfaf18d164b6d815,-14.359375,1,0.6174999999999999,5.805003e-07
mendeley/extracted/Bangla Audio Dataset Original and DeepFake Voices for AI-Based Voice Analysis and Detection/Dataset/S14M03/Real/22.wav,0,MEN,MEN-S14M03,TG:3e4341aa023d4a7a,-11.59375,1,0.6008333333333333,9.2234695e-06
mendeley/extracted/Bangla Audio Dataset Original and DeepFake Voices for AI-Based Voice Analysis and Detection/Dataset/S14M03/Real/23.wav,0,MEN,MEN-S14M03,TG:7a8d04572a454b40,-12.125,1,0.5675,5.4222187e-06
mendeley/extracted/Bangla Audio Dataset Original and DeepFake Voices for AI-Based Voice Analysis and Detection/Dataset/S14M03/Real/24.wav,0,MEN,MEN-S14M03,TG:1b34ee3dbf78ac83,-22.40625,1,0.5175000000000001,1.8581862e-10
mendeley/extracted/Bangla Audio Dataset Original and DeepFake Voices for AI-Based Voice Analysis and Detection/Dataset/S14M03/Real/25.wav,0,MEN,MEN-S14M03,TG:bfab293024be8394,-25.03125,1,0.4675,1.3460656e-11
mendeley/extracted/Bangla Audio Dataset Original and DeepFake Voices for AI-Based Voice Analysis and Detection/Dataset/S14M03/Real/26.wav,0,MEN,MEN-S14M03,TG:e4f3081165f64146,-26.734375,1,0.5508333333333333,2.4513679e-12
mendeley/extracted/Bangla Audio Dataset Original and DeepFake Voices for AI-Based Voice Analysis and Detection/Dataset/S14M03/Real/27.wav,0,MEN,MEN-S14M03,TG:48f08dcc529ee60c,-14.296875,1,0.5675,6.179393e-07
mendeley/extracted/Bangla Audio Dataset Original and DeepFake Voices for AI-Based Voice Analysis and Detection/Dataset/S14M03/Real/28.wav,0,MEN,MEN-S14M03,TG:c52489fd7002d612,-34.375,1,0.6341666666666667,1.1779509e-15
mendeley/extracted/Bangla Audio Dataset Original and DeepFake Voices for AI-Based Voice Analysis and Detection/Dataset/S14M03/Real/29.wav,0,MEN,MEN-S14M03,TG:f0d66e66e0df7a92,-26.15625,1,0.5008333333333334,4.370035e-12
mendeley/extracted/Bangla Audio Dataset Original and DeepFake Voices for AI-Based Voice Analysis and Detection/Dataset/S14M03/Real/3.wav,0,MEN,MEN-S14M03,TG:1713efff55beeeec,-12.7421875,1,0.4508333333333333,2.925075e-06
mendeley/extracted/Bangla Audio Dataset Original and DeepFake Voices for AI-Based Voice Analysis and Detection/Dataset/S14M03/Real/30.wav,0,MEN,MEN-S14M03,TG:15ee6219b5d4aefc,-22.609375,1,0.4841666666666666,1.5166075e-10
mendeley/extracted/Bangla Audio Dataset Original and DeepFake Voices for AI-Based Voice Analysis and Detection/Dataset/S14M03/Real/4.wav,0,MEN,MEN-S14M03,TG:6a90890ed8f3955f,-13.4453125,1,0.4675,1.4480192e-06
mendeley/extracted/Bangla Audio Dataset Original and DeepFake Voices for AI-Based Voice Analysis and Detection/Dataset/S14M03/Real/5.wav,0,MEN,MEN-S14M03,TG:0f6bba26ba2da7d1,-15.2890625,1,0.3841666666666666,2.2911019e-07
mendeley/extracted/Bangla Audio Dataset Original and DeepFake Voices for AI-Based Voice Analysis and Detection/Dataset/S14M03/Real/6.wav,0,MEN,MEN-S14M03,TG:30600448e8f6a33e,-20.390625,1,0.4841666666666666,1.3946464e-09
mendeley/extracted/Bangla Audio Dataset Original and DeepFake Voices for AI-Based Voice Analysis and Detection/Dataset/S14M03/Real/7.wav,0,MEN,MEN-S14M03,TG:5008d9f4bdd80229,-14.953125,1,0.5341666666666667,3.205828e-07
mendeley/extracted/Bangla Audio Dataset Original and DeepFake Voices for AI-Based Voice Analysis and Detection/Dataset/S14M03/Real/8.wav,0,MEN,MEN-S14M03,TG:33180cdc592d15ff,-9.015625,1,0.3841666666666666,0.00012148176
mendeley/extracted/Bangla Audio Dataset Original and DeepFake Voices for AI-Based Voice Analysis and Detection/Dataset/S14M03/Real/9.wav,0,MEN,MEN-S14M03,TG:c3296e2a9dc3f70a,-11.9921875,1,0.5675,6.192364e-06
mendeley/extracted/Bangla Audio Dataset Original and DeepFake Voices for AI-Based Voice Analysis and Detection/Dataset/S14M04/Fake/1.wav,1,MEN,MEN-S14M04,TG:554ac7bf8ebb78f9,-19.71875,1,0.4908333333333333,2.7305849e-09
mendeley/extracted/Bangla Audio Dataset Original and DeepFake Voices for AI-Based Voice Analysis and Detection/Dataset/S14M04/Fake/10.wav,1,MEN,MEN-S14M04,TG:8b54a89dd6208789,-12.9765625,1,0.5308333333333333,2.3139264e-06
mendeley/extracted/Bangla Audio Dataset Original and DeepFake Voices for AI-Based Voice Analysis and Detection/Dataset/S14M04/Fake/11.wav,1,MEN,MEN-S14M04,TG:187c8b79a216637f,1.2021484,1,0.5475,0.7689067
mendeley/extracted/Bangla Audio Dataset Original and DeepFake Voices for AI-Based Voice Analysis and Detection/Dataset/S14M04/Fake/12.wav,1,MEN,MEN-S14M04,TG:a3f48c98819c7992,-0.010787964,1,0.4241666666666667,0.49730304
mendeley/extracted/Bangla Audio Dataset Original and DeepFake Voices for AI-Based Voice Analysis and Detection/Dataset/S14M04/Fake/13.wav,1,MEN,MEN-S14M04,TG:1ca2e7b216e9ad9c,-25.515625,1,0.5625,8.29287e-12
mendeley/extracted/Bangla Audio Dataset Original and DeepFake Voices for AI-Based Voice Analysis and Detection/Dataset/S14M04/Fake/14.wav,1,MEN,MEN-S14M04,TG:d596eeae600d9af9,-13.921875,1,0.4841666666666666,8.990961e-07
mendeley/extracted/Bangla Audio Dataset Original and DeepFake Voices for AI-Based Voice Analysis and Detection/Dataset/S14M04/Fake/15.wav,1,MEN,MEN-S14M04,TG:6ce41462058809da,-11.953125,1,0.4841666666666666,6.439038e-06
mendeley/extracted/Bangla Audio Dataset Original and DeepFake Voices for AI-Based Voice Analysis and Detection/Dataset/S14M04/Fake/16.wav,1,MEN,MEN-S14M04,TG:0314a002a6d89cd5,-8.0078125,1,0.4708333333333333,0.0003327413
mendeley/extracted/Bangla Audio Dataset Original and DeepFake Voices for AI-Based Voice Analysis and Detection/Dataset/S14M04/Fake/17.wav,1,MEN,MEN-S14M04,TG:ba557f5c9351a956,-15.625,1,0.4825,1.637377e-07
mendeley/extracted/Bangla Audio Dataset Original and DeepFake Voices for AI-Based Voice Analysis and Detection/Dataset/S14M04/Fake/18.wav,1,MEN,MEN-S14M04,TG:819cb431f0380259,-9.5234375,1,0.3558333333333333,7.311254e-05
mendeley/extracted/Bangla Audio Dataset Original and DeepFake Voices for AI-Based Voice Analysis and Detection/Dataset/S14M04/Fake/19.wav,1,MEN,MEN-S14M04,TG:e146e568c1caae0e,-22.09375,1,0.3625,2.5398394e-10
mendeley/extracted/Bangla Audio Dataset Original and DeepFake Voices for AI-Based Voice Analysis and Detection/Dataset/S14M04/Fake/2.wav,1,MEN,MEN-S14M04,TG:11aa99bdc903f9ab,-8.1171875,1,0.4475,0.00029827765
mendeley/extracted/Bangla Audio Dataset Original and DeepFake Voices for AI-Based Voice Analysis and Detection/Dataset/S14M04/Fake/20.wav,1,MEN,MEN-S14M04,TG:3c3b71398788e916,8.109375,1,0.4708333333333333,0.99969935
mendeley/extracted/Bangla Audio Dataset Original and DeepFake Voices for AI-Based Voice Analysis and Detection/Dataset/S14M04/Fake/21.wav,1,MEN,MEN-S14M04,TG:cfaf18d164b6d815,-18.828125,1,0.5275000000000001,6.6534853e-09
mendeley/extracted/Bangla Audio Dataset Original and DeepFake Voices for AI-Based Voice Analysis and Detection/Dataset/S14M04/Fake/22.wav,1,MEN,MEN-S14M04,TG:3e4341aa023d4a7a,-6.2109375,1,0.4941666666666666,0.0020033333
mendeley/extracted/Bangla Audio Dataset Original and DeepFake Voices for AI-Based Voice Analysis and Detection/Dataset/S14M04/Fake/23.wav,1,MEN,MEN-S14M04,TG:7a8d04572a454b40,-6.0898438,1,0.2441666666666666,0.0022606407
mendeley/extracted/Bangla Audio Dataset Original and DeepFake Voices for AI-Based Voice Analysis and Detection/Dataset/S14M04/Fake/24.wav,1,MEN,MEN-S14M04,TG:1b34ee3dbf78ac83,1.1865234,1,0.4125,0.76611876
mendeley/extracted/Bangla Audio Dataset Original and DeepFake Voices for AI-Based Voice Analysis and Detection/Dataset/S14M04/Fake/25.wav,1,MEN,MEN-S14M04,TG:bfab293024be8394,-3.5605469,1,0.4175,0.02763772
mendeley/extracted/Bangla Audio Dataset Original and DeepFake Voices for AI-Based Voice Analysis and Detection/Dataset/S14M04/Fake/26.wav,1,MEN,MEN-S14M04,TG:e4f3081165f64146,-14.6875,1,0.5775,4.181187e-07
mendeley/extracted/Bangla Audio Dataset Original and DeepFake Voices for AI-Based Voice Analysis and Detection/Dataset/S14M04/Fake/27.wav,1,MEN,MEN-S14M04,TG:48f08dcc529ee60c,-17.921875,1,0.4641666666666666,1.6467533e-08
mendeley/extracted/Bangla Audio Dataset Original and DeepFake Voices for AI-Based Voice Analysis and Detection/Dataset/S14M04/Fake/28.wav,1,MEN,MEN-S14M04,TG:c52489fd7002d612,0.7661133,1,0.5974999999999999,0.6826795
mendeley/extracted/Bangla Audio Dataset Original and DeepFake Voices for AI-Based Voice Analysis and Detection/Dataset/S14M04/Fake/29.wav,1,MEN,MEN-S14M04,TG:f0d66e66e0df7a92,-7.5390625,1,0.5275000000000001,0.00053161324
mendeley/extracted/Bangla Audio Dataset Original and DeepFake Voices for AI-Based Voice Analysis and Detection/Dataset/S14M04/Fake/3.wav,1,MEN,MEN-S14M04,TG:1713efff55beeeec,-1.7207031,1,0.4991666666666666,0.15178062
mendeley/extracted/Bangla Audio Dataset Original and DeepFake Voices for AI-Based Voice Analysis and Detection/Dataset/S14M04/Fake/30.wav,1,MEN,MEN-S14M04,TG:15ee6219b5d4aefc,-13.9296875,1,0.3974999999999999,8.9209925e-07
mendeley/extracted/Bangla Audio Dataset Original and DeepFake Voices for AI-Based Voice Analysis and Detection/Dataset/S14M04/Fake/4.wav,1,MEN,MEN-S14M04,TG:6a90890ed8f3955f,-17.65625,1,0.4758333333333333,2.1477714e-08
mendeley/extracted/Bangla Audio Dataset Original and DeepFake Voices for AI-Based Voice Analysis and Detection/Dataset/S14M04/Fake/5.wav,1,MEN,MEN-S14M04,TG:0f6bba26ba2da7d1,-10.8359375,1,0.3874999999999999,1.9679026e-05
mendeley/extracted/Bangla Audio Dataset Original and DeepFake Voices for AI-Based Voice Analysis and Detection/Dataset/S14M04/Fake/6.wav,1,MEN,MEN-S14M04,TG:30600448e8f6a33e,-11.7734375,1,0.3808333333333333,7.706509e-06
mendeley/extracted/Bangla Audio Dataset Original and DeepFake Voices for AI-Based Voice Analysis and Detection/Dataset/S14M04/Fake/7.wav,1,MEN,MEN-S14M04,TG:5008d9f4bdd80229,1.5263672,1,0.5241666666666667,0.82147413
mendeley/extracted/Bangla Audio Dataset Original and DeepFake Voices for AI-Based Voice Analysis and Detection/Dataset/S14M04/Fake/8.wav,1,MEN,MEN-S14M04,TG:33180cdc592d15ff,-12.2109375,1,0.3208333333333333,4.97571e-06
mendeley/extracted/Bangla Audio Dataset Original and DeepFake Voices for AI-Based Voice Analysis and Detection/Dataset/S14M04/Fake/9.wav,1,MEN,MEN-S14M04,TG:c3296e2a9dc3f70a,-11.625,1,0.5108333333333333,8.939696e-06
mendeley/extracted/Bangla Audio Dataset Original and DeepFake Voices for AI-Based Voice Analysis and Detection/Dataset/S14M04/Real/1.wav,0,MEN,MEN-S14M04,TG:554ac7bf8ebb78f9,-9.7265625,1,0.3841666666666666,5.9673526e-05
mendeley/extracted/Bangla Audio Dataset Original and DeepFake Voices for AI-Based Voice Analysis and Detection/Dataset/S14M04/Real/10.wav,0,MEN,MEN-S14M04,TG:8b54a89dd6208789,-6.0859375,1,0.4008333333333334,0.0022694687
mendeley/extracted/Bangla Audio Dataset Original and DeepFake Voices for AI-Based Voice Analysis and Detection/Dataset/S14M04/Real/11.wav,0,MEN,MEN-S14M04,TG:187c8b79a216637f,-27.171875,1,0.3508333333333333,1.5827219e-12
mendeley/extracted/Bangla Audio Dataset Original and DeepFake Voices for AI-Based Voice Analysis and Detection/Dataset/S14M04/Real/12.wav,0,MEN,MEN-S14M04,TG:a3f48c98819c7992,-31.90625,1,0.4175,1.3908865e-14
mendeley/extracted/Bangla Audio Dataset Original and DeepFake Voices for AI-Based Voice Analysis and Detection/Dataset/S14M04/Real/13.wav,0,MEN,MEN-S14M04,TG:1ca2e7b216e9ad9c,-32.90625,1,0.3841666666666666,5.1167854e-15
mendeley/extracted/Bangla Audio Dataset Original and DeepFake Voices for AI-Based Voice Analysis and Detection/Dataset/S14M04/Real/14.wav,0,MEN,MEN-S14M04,TG:d596eeae600d9af9,-17.359375,1,0.4175,2.8901423e-08
mendeley/extracted/Bangla Audio Dataset Original and DeepFake Voices for AI-Based Voice Analysis and Detection/Dataset/S14M04/Real/15.wav,0,MEN,MEN-S14M04,TG:6ce41462058809da,-33.21875,1,0.4508333333333333,3.7435197e-15
mendeley/extracted/Bangla Audio Dataset Original and DeepFake Voices for AI-Based Voice Analysis and Detection/Dataset/S14M04/Real/16.wav,0,MEN,MEN-S14M04,TG:0314a002a6d89cd5,-23.546875,1,0.3508333333333333,5.939121e-11
mendeley/extracted/Bangla Audio Dataset Original and DeepFake Voices for AI-Based Voice Analysis and Detection/Dataset/S14M04/Real/17.wav,0,MEN,MEN-S14M04,TG:ba557f5c9351a956,-18.828125,1,0.4008333333333334,6.6534853e-09
mendeley/extracted/Bangla Audio Dataset Original and DeepFake Voices for AI-Based Voice Analysis and Detection/Dataset/S14M04/Real/18.wav,0,MEN,MEN-S14M04,TG:819cb431f0380259,-20.28125,1,0.3841666666666666,1.5558406e-09
mendeley/extracted/Bangla Audio Dataset Original and DeepFake Voices for AI-Based Voice Analysis and Detection/Dataset/S14M04/Real/19.wav,0,MEN,MEN-S14M04,TG:e146e568c1caae0e,-33.875,1,0.3508333333333333,1.9421127e-15
mendeley/extracted/Bangla Audio Dataset Original and DeepFake Voices for AI-Based Voice Analysis and Detection/Dataset/S14M04/Real/2.wav,0,MEN,MEN-S14M04,TG:11aa99bdc903f9ab,-15.828125,1,0.3508333333333333,1.336388e-07
mendeley/extracted/Bangla Audio Dataset Original and DeepFake Voices for AI-Based Voice Analysis and Detection/Dataset/S14M04/Real/20.wav,0,MEN,MEN-S14M04,TG:3c3b71398788e916,-18.03125,1,0.3675,1.4761403e-08
mendeley/extracted/Bangla Audio Dataset Original and DeepFake Voices for AI-Based Voice Analysis and Detection/Dataset/S14M04/Real/21.wav,0,MEN,MEN-S14M04,TG:cfaf18d164b6d815,-25.71875,1,0.3341666666666666,6.7684434e-12
mendeley/extracted/Bangla Audio Dataset Original and DeepFake Voices for AI-Based Voice Analysis and Detection/Dataset/S14M04/Real/22.wav,0,MEN,MEN-S14M04,TG:3e4341aa023d4a7a,-21.421875,1,0.3675,4.9727644e-10
mendeley/extracted/Bangla Audio Dataset Original and DeepFake Voices for AI-Based Voice Analysis and Detection/Dataset/S14M04/Real/23.wav,0,MEN,MEN-S14M04,TG:7a8d04572a454b40,-20.140625,1,0.4341666666666667,1.7907613e-09
mendeley/extracted/Bangla Audio Dataset Original and DeepFake Voices for AI-Based Voice Analysis and Detection/Dataset/S14M04/Real/24.wav,0,MEN,MEN-S14M04,TG:1b34ee3dbf78ac83,-25.859375,1,0.3841666666666666,5.8805257e-12
mendeley/extracted/Bangla Audio Dataset Original and DeepFake Voices for AI-Based Voice Analysis and Detection/Dataset/S14M04/Real/25.wav,0,MEN,MEN-S14M04,TG:bfab293024be8394,-20.859375,1,0.3341666666666666,8.727474e-10
mendeley/extracted/Bangla Audio Dataset Original and DeepFake Voices for AI-Based Voice Analysis and Detection/Dataset/S14M04/Real/26.wav,0,MEN,MEN-S14M04,TG:e4f3081165f64146,-26.859375,1,0.4675,2.1633244e-12
mendeley/extracted/Bangla Audio Dataset Original and DeepFake Voices for AI-Based Voice Analysis and Detection/Dataset/S14M04/Real/27.wav,0,MEN,MEN-S14M04,TG:48f08dcc529ee60c,-15.59375,1,0.3841666666666666,1.6893529e-07
mendeley/extracted/Bangla Audio Dataset Original and DeepFake Voices for AI-Based Voice Analysis and Detection/Dataset/S14M04/Real/28.wav,0,MEN,MEN-S14M04,TG:c52489fd7002d612,-23.921875,1,0.3841666666666666,4.081894e-11
mendeley/extracted/Bangla Audio Dataset Original and DeepFake Voices for AI-Based Voice Analysis and Detection/Dataset/S14M04/Real/29.wav,0,MEN,MEN-S14M04,TG:f0d66e66e0df7a92,-14.5546875,1,0.3508333333333333,4.775066e-07
mendeley/extracted/Bangla Audio Dataset Original and DeepFake Voices for AI-Based Voice Analysis and Detection/Dataset/S14M04/Real/3.wav,0,MEN,MEN-S14M04,TG:1713efff55beeeec,-0.5991211,1,0.3841666666666666,0.3545448
mendeley/extracted/Bangla Audio Dataset Original and DeepFake Voices for AI-Based Voice Analysis and Detection/Dataset/S14M04/Real/30.wav,0,MEN,MEN-S14M04,TG:15ee6219b5d4aefc,-40.28125,1,0.4508333333333333,3.2068262e-18
mendeley/extracted/Bangla Audio Dataset Original and DeepFake Voices for AI-Based Voice Analysis and Detection/Dataset/S14M04/Real/4.wav,0,MEN,MEN-S14M04,TG:6a90890ed8f3955f,-6.9257812,1,0.3675,0.000981172
mendeley/extracted/Bangla Audio Dataset Original and DeepFake Voices for AI-Based Voice Analysis and Detection/Dataset/S14M04/Real/5.wav,0,MEN,MEN-S14M04,TG:0f6bba26ba2da7d1,-13.921875,1,0.3675,8.990961e-07
mendeley/extracted/Bangla Audio Dataset Original and DeepFake Voices for AI-Based Voice Analysis and Detection/Dataset/S14M04/Real/6.wav,0,MEN,MEN-S14M04,TG:30600448e8f6a33e,-4.0195312,1,0.3008333333333333,0.017644463
mendeley/extracted/Bangla Audio Dataset Original and DeepFake Voices for AI-Based Voice Analysis and Detection/Dataset/S14M04/Real/7.wav,0,MEN,MEN-S14M04,TG:5008d9f4bdd80229,12.734375,1,0.4175,0.999997
mendeley/extracted/Bangla Audio Dataset Original and DeepFake Voices for AI-Based Voice Analysis and Detection/Dataset/S14M04/Real/8.wav,0,MEN,MEN-S14M04,TG:33180cdc592d15ff,-7.6445312,1,0.3341666666666666,0.00047842565
mendeley/extracted/Bangla Audio Dataset Original and DeepFake Voices for AI-Based Voice Analysis and Detection/Dataset/S14M04/Real/9.wav,0,MEN,MEN-S14M04,TG:c3296e2a9dc3f70a,-9.7265625,1,0.3675,5.9673526e-05
mendeley/extracted/Bangla Audio Dataset Original and DeepFake Voices for AI-Based Voice Analysis and Detection/Dataset/S14M05/Fake/1.wav,1,MEN,MEN-S14M05,TG:554ac7bf8ebb78f9,-30.03125,1,0.4941666666666666,9.06972e-14
mendeley/extracted/Bangla Audio Dataset Original and DeepFake Voices for AI-Based Voice Analysis and Detection/Dataset/S14M05/Fake/10.wav,1,MEN,MEN-S14M05,TG:8b54a89dd6208789,-24.875,1,0.5375,1.57371e-11
mendeley/extracted/Bangla Audio Dataset Original and DeepFake Voices for AI-Based Voice Analysis and Detection/Dataset/S14M05/Fake/11.wav,1,MEN,MEN-S14M05,TG:187c8b79a216637f,-15.203125,1,0.5041666666666667,2.4967014e-07
mendeley/extracted/Bangla Audio Dataset Original and DeepFake Voices for AI-Based Voice Analysis and Detection/Dataset/S14M05/Fake/12.wav,1,MEN,MEN-S14M05,TG:a3f48c98819c7992,-23.640625,1,0.4208333333333333,5.4076306e-11
mendeley/extracted/Bangla Audio Dataset Original and DeepFake Voices for AI-Based Voice Analysis and Detection/Dataset/S14M05/Fake/13.wav,1,MEN,MEN-S14M05,TG:1ca2e7b216e9ad9c,-19.21875,1,0.5375,4.5019735e-09
mendeley/extracted/Bangla Audio Dataset Original and DeepFake Voices for AI-Based Voice Analysis and Detection/Dataset/S14M05/Fake/14.wav,1,MEN,MEN-S14M05,TG:d596eeae600d9af9,-6.703125,1,0.4358333333333333,0.0012255674
mendeley/extracted/Bangla Audio Dataset Original and DeepFake Voices for AI-Based Voice Analysis and Detection/Dataset/S14M05/Fake/15.wav,1,MEN,MEN-S14M05,TG:6ce41462058809da,-14.3828125,1,0.4591666666666666,5.67053e-07
mendeley/extracted/Bangla Audio Dataset Original and DeepFake Voices for AI-Based Voice Analysis and Detection/Dataset/S14M05/Fake/16.wav,1,MEN,MEN-S14M05,TG:0314a002a6d89cd5,-25.53125,1,0.4041666666666667,8.164301e-12
mendeley/extracted/Bangla Audio Dataset Original and DeepFake Voices for AI-Based Voice Analysis and Detection/Dataset/S14M05/Fake/17.wav,1,MEN,MEN-S14M05,TG:ba557f5c9351a956,-15.921875,1,0.4941666666666666,1.2167952e-07
mendeley/extracted/Bangla Audio Dataset Original and DeepFake Voices for AI-Based Voice Analysis and Detection/Dataset/S14M05/Fake/18.wav,1,MEN,MEN-S14M05,TG:819cb431f0380259,-19.34375,1,0.4441666666666667,3.9729775e-09
mendeley/extracted/Bangla Audio Dataset Original and DeepFake Voices for AI-Based Voice Analysis and Detection/Dataset/S14M05/Fake/19.wav,1,MEN,MEN-S14M05,TG:e146e568c1caae0e,-17.171875,1,0.3708333333333333,3.486177e-08
mendeley/extracted/Bangla Audio Dataset Original and DeepFake Voices for AI-Based Voice Analysis and Detection/Dataset/S14M05/Fake/2.wav,1,MEN,MEN-S14M05,TG:11aa99bdc903f9ab,-27.8125,1,0.4525,8.3403586e-13
mendeley/extracted/Bangla Audio Dataset Original and DeepFake Voices for AI-Based Voice Analysis and Detection/Dataset/S14M05/Fake/20.wav,1,MEN,MEN-S14M05,TG:3c3b71398788e916,-18.96875,1,0.4691666666666666,5.7806484e-09
mendeley/extracted/Bangla Audio Dataset Original and DeepFake Voices for AI-Based Voice Analysis and Detection/Dataset/S14M05/Fake/21.wav,1,MEN,MEN-S14M05,TG:cfaf18d164b6d815,-18.25,1,0.5341666666666667,1.186112e-08
mendeley/extracted/Bangla Audio Dataset Original and DeepFake Voices for AI-Based Voice Analysis and Detection/Dataset/S14M05/Fake/22.wav,1,MEN,MEN-S14M05,TG:3e4341aa023d4a7a,-25.171875,1,0.5125,1.1694821e-11
mendeley/extracted/Bangla Audio Dataset Original and DeepFake Voices for AI-Based Voice Analysis and Detection/Dataset/S14M05/Fake/23.wav,1,MEN,MEN-S14M05,TG:7a8d04572a454b40,-18.21875,1,0.2925,1.2237632e-08
mendeley/extracted/Bangla Audio Dataset Original and DeepFake Voices for AI-Based Voice Analysis and Detection/Dataset/S14M05/Fake/24.wav,1,MEN,MEN-S14M05,TG:1b34ee3dbf78ac83,-23.953125,1,0.4325,3.956307e-11
mendeley/extracted/Bangla Audio Dataset Original and DeepFake Voices for AI-Based Voice Analysis and Detection/Dataset/S14M05/Fake/25.wav,1,MEN,MEN-S14M05,TG:bfab293024be8394,-23.75,1,0.4308333333333333,4.8473687e-11
mendeley/extracted/Bangla Audio Dataset Original and DeepFake Voices for AI-Based Voice Analysis and Detection/Dataset/S14M05/Fake/26.wav,1,MEN,MEN-S14M05,TG:e4f3081165f64146,-22.265625,1,0.5508333333333333,2.1387594e-10
mendeley/extracted/Bangla Audio Dataset Original and DeepFake Voices for AI-Based Voice Analysis and Detection/Dataset/S14M05/Fake/27.wav,1,MEN,MEN-S14M05,TG:48f08dcc529ee60c,-25.21875,1,0.4758333333333333,1.1159277e-11
mendeley/extracted/Bangla Audio Dataset Original and DeepFake Voices for AI-Based Voice Analysis and Detection/Dataset/S14M05/Fake/28.wav,1,MEN,MEN-S14M05,TG:c52489fd7002d612,-3.7539062,1,0.5525,0.02288984
mendeley/extracted/Bangla Audio Dataset Original and DeepFake Voices for AI-Based Voice Analysis and Detection/Dataset/S14M05/Fake/29.wav,1,MEN,MEN-S14M05,TG:f0d66e66e0df7a92,-21.15625,1,0.5108333333333333,6.485708e-10
mendeley/extracted/Bangla Audio Dataset Original and DeepFake Voices for AI-Based Voice Analysis and Detection/Dataset/S14M05/Fake/3.wav,1,MEN,MEN-S14M05,TG:1713efff55beeeec,-21.203125,1,0.5108333333333333,6.1887057e-10
mendeley/extracted/Bangla Audio Dataset Original and DeepFake Voices for AI-Based Voice Analysis and Detection/Dataset/S14M05/Fake/30.wav,1,MEN,MEN-S14M05,TG:15ee6219b5d4aefc,-19.65625,1,0.3441666666666666,2.9066927e-09
mendeley/extracted/Bangla Audio Dataset Original and DeepFake Voices for AI-Based Voice Analysis and Detection/Dataset/S14M05/Fake/4.wav,1,MEN,MEN-S14M05,TG:6a90890ed8f3955f,-27.34375,1,0.5441666666666667,1.3327854e-12
mendeley/extracted/Bangla Audio Dataset Original and DeepFake Voices for AI-Based Voice Analysis and Detection/Dataset/S14M05/Fake/5.wav,1,MEN,MEN-S14M05,TG:0f6bba26ba2da7d1,-16.15625,1,0.3774999999999999,9.625642e-08
mendeley/extracted/Bangla Audio Dataset Original and DeepFake Voices for AI-Based Voice Analysis and Detection/Dataset/S14M05/Fake/6.wav,1,MEN,MEN-S14M05,TG:30600448e8f6a33e,-17.375,1,0.3874999999999999,2.8453348e-08
mendeley/extracted/Bangla Audio Dataset Original and DeepFake Voices for AI-Based Voice Analysis and Detection/Dataset/S14M05/Fake/7.wav,1,MEN,MEN-S14M05,TG:5008d9f4bdd80229,-12.390625,1,0.5708333333333333,4.157365e-06
mendeley/extracted/Bangla Audio Dataset Original and DeepFake Voices for AI-Based Voice Analysis and Detection/Dataset/S14M05/Fake/8.wav,1,MEN,MEN-S14M05,TG:33180cdc592d15ff,-22.28125,1,0.4041666666666667,2.1056008e-10
mendeley/extracted/Bangla Audio Dataset Original and DeepFake Voices for AI-Based Voice Analysis and Detection/Dataset/S14M05/Fake/9.wav,1,MEN,MEN-S14M05,TG:c3296e2a9dc3f70a,-20.1875,1,0.5358333333333334,1.7087562e-09
mendeley/extracted/Bangla Audio Dataset Original and DeepFake Voices for AI-Based Voice Analysis and Detection/Dataset/S14M05/Real/1.wav,0,MEN,MEN-S14M05,TG:554ac7bf8ebb78f9,-0.49316406,1,0.4675,0.37914848
mendeley/extracted/Bangla Audio Dataset Original and DeepFake Voices for AI-Based Voice Analysis and Detection/Dataset/S14M05/Real/10.wav,0,MEN,MEN-S14M05,TG:8b54a89dd6208789,-29.65625,1,0.5008333333333334,1.3196363e-13
mendeley/extracted/Bangla Audio Dataset Original and DeepFake Voices for AI-Based Voice Analysis and Detection/Dataset/S14M05/Real/11.wav,0,MEN,MEN-S14M05,TG:187c8b79a216637f,-28.53125,1,0.5175000000000001,4.064766e-13
mendeley/extracted/Bangla Audio Dataset Original and DeepFake Voices for AI-Based Voice Analysis and Detection/Dataset/S14M05/Real/12.wav,0,MEN,MEN-S14M05,TG:a3f48c98819c7992,-33.6875,1,0.5175000000000001,2.342635e-15
mendeley/extracted/Bangla Audio Dataset Original and DeepFake Voices for AI-Based Voice Analysis and Detection/Dataset/S14M05/Real/13.wav,0,MEN,MEN-S14M05,TG:1ca2e7b216e9ad9c,-23.234375,1,0.4508333333333333,8.1178154e-11
mendeley/extracted/Bangla Audio Dataset Original and DeepFake Voices for AI-Based Voice Analysis and Detection/Dataset/S14M05/Real/14.wav,0,MEN,MEN-S14M05,TG:d596eeae600d9af9,-22.546875,1,0.4175,1.6144203e-10
mendeley/extracted/Bangla Audio Dataset Original and DeepFake Voices for AI-Based Voice Analysis and Detection/Dataset/S14M05/Real/15.wav,0,MEN,MEN-S14M05,TG:6ce41462058809da,-39.84375,1,0.4675,4.9668296e-18
mendeley/extracted/Bangla Audio Dataset Original and DeepFake Voices for AI-Based Voice Analysis and Detection/Dataset/S14M05/Real/16.wav,0,MEN,MEN-S14M05,TG:0314a002a6d89cd5,-37.09375,1,0.4508333333333333,7.7694296e-17
mendeley/extracted/Bangla Audio Dataset Original and DeepFake Voices for AI-Based Voice Analysis and Detection/Dataset/S14M05/Real/17.wav,0,MEN,MEN-S14M05,TG:ba557f5c9351a956,-19.53125,1,0.5175000000000001,3.293714e-09
mendeley/extracted/Bangla Audio Dataset Original and DeepFake Voices for AI-Based Voice Analysis and Detection/Dataset/S14M05/Real/18.wav,0,MEN,MEN-S14M05,TG:819cb431f0380259,-33.25,1,0.4508333333333333,3.628344e-15
mendeley/extracted/Bangla Audio Dataset Original and DeepFake Voices for AI-Based Voice Analysis and Detection/Dataset/S14M05/Real/19.wav,0,MEN,MEN-S14M05,TG:e146e568c1caae0e,-28.6875,1,0.3841666666666666,3.4767786e-13
mendeley/extracted/Bangla Audio Dataset Original and DeepFake Voices for AI-Based Voice Analysis and Detection/Dataset/S14M05/Real/2.wav,0,MEN,MEN-S14M05,TG:11aa99bdc903f9ab,-27.15625,1,0.5175000000000001,1.6076462e-12
mendeley/extracted/Bangla Audio Dataset Original and DeepFake Voices for AI-Based Voice Analysis and Detection/Dataset/S14M05/Real/20.wav,0,MEN,MEN-S14M05,TG:3c3b71398788e916,-24.25,1,0.5008333333333334,2.9400777e-11
mendeley/extracted/Bangla Audio Dataset Original and DeepFake Voices for AI-Based Voice Analysis and Detection/Dataset/S14M05/Real/21.wav,0,MEN,MEN-S14M05,TG:cfaf18d164b6d815,-11.7890625,1,0.5008333333333334,7.587032e-06
mendeley/extracted/Bangla Audio Dataset Original and DeepFake Voices for AI-Based Voice Analysis and Detection/Dataset/S14M05/Real/22.wav,0,MEN,MEN-S14M05,TG:3e4341aa023d4a7a,-23.609375,1,0.4675,5.579287e-11
mendeley/extracted/Bangla Audio Dataset Original and DeepFake Voices for AI-Based Voice Analysis and Detection/Dataset/S14M05/Real/23.wav,0,MEN,MEN-S14M05,TG:7a8d04572a454b40,-32.25,1,0.5008333333333334,9.862863e-15
mendeley/extracted/Bangla Audio Dataset Original and DeepFake Voices for AI-Based Voice Analysis and Detection/Dataset/S14M05/Real/24.wav,0,MEN,MEN-S14M05,TG:1b34ee3dbf78ac83,-36.03125,1,0.3675,2.2481586e-16
mendeley/extracted/Bangla Audio Dataset Original and DeepFake Voices for AI-Based Voice Analysis and Detection/Dataset/S14M05/Real/25.wav,0,MEN,MEN-S14M05,TG:bfab293024be8394,-36.71875,1,0.3508333333333333,1.1304451e-16
mendeley/extracted/Bangla Audio Dataset Original and DeepFake Voices for AI-Based Voice Analysis and Detection/Dataset/S14M05/Real/26.wav,0,MEN,MEN-S14M05,TG:e4f3081165f64146,-27.6875,1,0.5008333333333334,9.450865e-13
mendeley/extracted/Bangla Audio Dataset Original and DeepFake Voices for AI-Based Voice Analysis and Detection/Dataset/S14M05/Real/27.wav,0,MEN,MEN-S14M05,TG:48f08dcc529ee60c,-23.28125,1,0.4341666666666667,7.746074e-11
mendeley/extracted/Bangla Audio Dataset Original and DeepFake Voices for AI-Based Voice Analysis and Detection/Dataset/S14M05/Real/28.wav,0,MEN,MEN-S14M05,TG:c52489fd7002d612,-25.171875,1,0.5008333333333334,1.1694821e-11
mendeley/extracted/Bangla Audio Dataset Original and DeepFake Voices for AI-Based Voice Analysis and Detection/Dataset/S14M05/Real/29.wav,0,MEN,MEN-S14M05,TG:f0d66e66e0df7a92,-16.265625,1,0.3675,8.628371e-08
mendeley/extracted/Bangla Audio Dataset Original and DeepFake Voices for AI-Based Voice Analysis and Detection/Dataset/S14M05/Real/3.wav,0,MEN,MEN-S14M05,TG:1713efff55beeeec,-38.1875,1,0.6008333333333333,2.6024323e-17
mendeley/extracted/Bangla Audio Dataset Original and DeepFake Voices for AI-Based Voice Analysis and Detection/Dataset/S14M05/Real/30.wav,0,MEN,MEN-S14M05,TG:15ee6219b5d4aefc,-35.5625,1,0.3675,3.592547e-16
mendeley/extracted/Bangla Audio Dataset Original and DeepFake Voices for AI-Based Voice Analysis and Detection/Dataset/S14M05/Real/4.wav,0,MEN,MEN-S14M05,TG:6a90890ed8f3955f,-24.21875,1,0.5008333333333334,3.033406e-11
mendeley/extracted/Bangla Audio Dataset Original and DeepFake Voices for AI-Based Voice Analysis and Detection/Dataset/S14M05/Real/5.wav,0,MEN,MEN-S14M05,TG:0f6bba26ba2da7d1,-31.640625,1,0.4841666666666666,1.814058e-14
mendeley/extracted/Bangla Audio Dataset Original and DeepFake Voices for AI-Based Voice Analysis and Detection/Dataset/S14M05/Real/6.wav,0,MEN,MEN-S14M05,TG:30600448e8f6a33e,-33.84375,1,0.3508333333333333,2.0037619e-15
mendeley/extracted/Bangla Audio Dataset Original and DeepFake Voices for AI-Based Voice Analysis and Detection/Dataset/S14M05/Real/7.wav,0,MEN,MEN-S14M05,TG:5008d9f4bdd80229,-28.328125,1,0.5008333333333334,4.980256e-13
mendeley/extracted/Bangla Audio Dataset Original and DeepFake Voices for AI-Based Voice Analysis and Detection/Dataset/S14M05/Real/8.wav,0,MEN,MEN-S14M05,TG:33180cdc592d15ff,-19.578125,1,0.4008333333333334,3.142884e-09
mendeley/extracted/Bangla Audio Dataset Original and DeepFake Voices for AI-Based Voice Analysis and Detection/Dataset/S14M05/Real/9.wav,0,MEN,MEN-S14M05,TG:c3296e2a9dc3f70a,-28.875,1,0.4841666666666666,2.8823507e-13
mendeley/extracted/Bangla Audio Dataset Original and DeepFake Voices for AI-Based Voice Analysis and Detection/Dataset/S15F01/Fake/1.wav,1,MEN,MEN-S15F01,TG:7cde72383f2577d5,-17.765625,1,0.5408333333333333,1.92525e-08
mendeley/extracted/Bangla Audio Dataset Original and DeepFake Voices for AI-Based Voice Analysis and Detection/Dataset/S15F01/Fake/10.wav,1,MEN,MEN-S15F01,TG:e0e70a0638fc6f97,17.75,1,0.5275000000000001,1.0
mendeley/extracted/Bangla Audio Dataset Original and DeepFake Voices for AI-Based Voice Analysis and Detection/Dataset/S15F01/Fake/11.wav,1,MEN,MEN-S15F01,TG:57413348d842a70d,3.4667969,1,0.4925,0.9697281
mendeley/extracted/Bangla Audio Dataset Original and DeepFake Voices for AI-Based Voice Analysis and Detection/Dataset/S15F01/Fake/12.wav,1,MEN,MEN-S15F01,TG:2a803e07ad46d5c2,-2.3691406,1,0.4775,0.08555634
mendeley/extracted/Bangla Audio Dataset Original and DeepFake Voices for AI-Based Voice Analysis and Detection/Dataset/S15F01/Fake/13.wav,1,MEN,MEN-S15F01,TG:5c21d947a8657c9f,-23.15625,1,0.5458333333333334,8.777451e-11
mendeley/extracted/Bangla Audio Dataset Original and DeepFake Voices for AI-Based Voice Analysis and Detection/Dataset/S15F01/Fake/14.wav,1,MEN,MEN-S15F01,TG:2d3ba8e149e931db,-4.7929688,1,0.5341666666666667,0.008219693
mendeley/extracted/Bangla Audio Dataset Original and DeepFake Voices for AI-Based Voice Analysis and Detection/Dataset/S15F01/Fake/15.wav,1,MEN,MEN-S15F01,TG:3d0c9b90dd636b05,-16.171875,1,0.3941666666666666,9.4764104e-08
mendeley/extracted/Bangla Audio Dataset Original and DeepFake Voices for AI-Based Voice Analysis and Detection/Dataset/S15F01/Fake/16.wav,1,MEN,MEN-S15F01,TG:835a2229be98dadf,-13.796875,1,0.4558333333333333,1.0188091e-06
mendeley/extracted/Bangla Audio Dataset Original and DeepFake Voices for AI-Based Voice Analysis and Detection/Dataset/S15F01/Fake/17.wav,1,MEN,MEN-S15F01,TG:feba50ba85a1ba08,-5.84375,1,0.5158333333333334,0.002889581
mendeley/extracted/Bangla Audio Dataset Original and DeepFake Voices for AI-Based Voice Analysis and Detection/Dataset/S15F01/Fake/18.wav,1,MEN,MEN-S15F01,TG:d8eb3171b7a6a33b,-15.59375,1,0.6225,1.6893529e-07
mendeley/extracted/Bangla Audio Dataset Original and DeepFake Voices for AI-Based Voice Analysis and Detection/Dataset/S15F01/Fake/19.wav,1,MEN,MEN-S15F01,TG:a5e8c7f1e51636dc,-17.5,1,0.4141666666666667,2.5109992e-08
mendeley/extracted/Bangla Audio Dataset Original and DeepFake Voices for AI-Based Voice Analysis and Detection/Dataset/S15F01/Fake/2.wav,1,MEN,MEN-S15F01,TG:a6f69864408b9071,-4.875,1,0.4008333333333334,0.0075772405
mendeley/extracted/Bangla Audio Dataset Original and DeepFake Voices for AI-Based Voice Analysis and Detection/Dataset/S15F01/Fake/20.wav,1,MEN,MEN-S15F01,TG:9426037c3514ba5e,-6.2265625,1,0.4925,0.0019723359
mendeley/extracted/Bangla Audio Dataset Original and DeepFake Voices for AI-Based Voice Analysis and Detection/Dataset/S15F01/Fake/21.wav,1,MEN,MEN-S15F01,TG:e0ce6b84c16d1ca7,-15.4453125,1,0.5875,1.9596834e-07
mendeley/extracted/Bangla Audio Dataset Original and DeepFake Voices for AI-Based Voice Analysis and Detection/Dataset/S15F01/Fake/22.wav,1,MEN,MEN-S15F01,TG:d8d1aa4cc233d982,-19.375,1,0.5275000000000001,3.8507424e-09
mendeley/extracted/Bangla Audio Dataset Original and DeepFake Voices for AI-Based Voice Analysis and Detection/Dataset/S15F01/Fake/23.wav,1,MEN,MEN-S15F01,TG:6c85555d30e57a51,-6.3359375,1,0.4041666666666667,0.0017683518
mendeley/extracted/Bangla Audio Dataset Original and DeepFake Voices for AI-Based Voice Analysis and Detection/Dataset/S15F01/Fake/24.wav,1,MEN,MEN-S15F01,TG:64d212587b02f93b,7.078125,1,0.4908333333333333,0.9991573
mendeley/extracted/Bangla Audio Dataset Original and DeepFake Voices for AI-Based Voice Analysis and Detection/Dataset/S15F01/Fake/25.wav,1,MEN,MEN-S15F01,TG:5797f71db21fe749,-0.14086914,1,0.4191666666666667,0.46484083
mendeley/extracted/Bangla Audio Dataset Original and DeepFake Voices for AI-Based Voice Analysis and Detection/Dataset/S15F01/Fake/26.wav,1,MEN,MEN-S15F01,TG:d3dc3aa303de9710,16.53125,1,0.6425000000000001,0.9999999
mendeley/extracted/Bangla Audio Dataset Original and DeepFake Voices for AI-Based Voice Analysis and Detection/Dataset/S15F01/Fake/27.wav,1,MEN,MEN-S15F01,TG:3c2f522a40b2526e,13.8046875,1,0.5791666666666666,0.99999905
mendeley/extracted/Bangla Audio Dataset Original and DeepFake Voices for AI-Based Voice Analysis and Detection/Dataset/S15F01/Fake/28.wav,1,MEN,MEN-S15F01,TG:4f9d2742e8afd15d,2.1777344,1,0.5458333333333334,0.89823216
mendeley/extracted/Bangla Audio Dataset Original and DeepFake Voices for AI-Based Voice Analysis and Detection/Dataset/S15F01/Fake/29.wav,1,MEN,MEN-S15F01,TG:f7be3e37759f090e,1.9541016,1,0.4641666666666666,0.87589324
mendeley/extracted/Bangla Audio Dataset Original and DeepFake Voices for AI-Based Voice Analysis and Detection/Dataset/S15F01/Fake/3.wav,1,MEN,MEN-S15F01,TG:62cf48bac7954805,-14.453125,1,0.5825,5.2855154e-07
mendeley/extracted/Bangla Audio Dataset Original and DeepFake Voices for AI-Based Voice Analysis and Detection/Dataset/S15F01/Fake/30.wav,1,MEN,MEN-S15F01,TG:88f39ecf44831133,4.53125,1,0.5225,0.98934746
mendeley/extracted/Bangla Audio Dataset Original and DeepFake Voices for AI-Based Voice Analysis and Detection/Dataset/S15F01/Fake/4.wav,1,MEN,MEN-S15F01,TG:439556f39c264ae7,-15.4296875,1,0.3758333333333333,1.9905441e-07
mendeley/extracted/Bangla Audio Dataset Original and DeepFake Voices for AI-Based Voice Analysis and Detection/Dataset/S15F01/Fake/5.wav,1,MEN,MEN-S15F01,TG:b27516115fd20a37,12.5625,1,0.5341666666666667,0.99999654
mendeley/extracted/Bangla Audio Dataset Original and DeepFake Voices for AI-Based Voice Analysis and Detection/Dataset/S15F01/Fake/6.wav,1,MEN,MEN-S15F01,TG:b639ce41aa1cab36,16.71875,1,0.5158333333333334,1.0
mendeley/extracted/Bangla Audio Dataset Original and DeepFake Voices for AI-Based Voice Analysis and Detection/Dataset/S15F01/Fake/7.wav,1,MEN,MEN-S15F01,TG:88f1ee35a861b6a6,4.1875,1,0.5258333333333334,0.9850429
mendeley/extracted/Bangla Audio Dataset Original and DeepFake Voices for AI-Based Voice Analysis and Detection/Dataset/S15F01/Fake/8.wav,1,MEN,MEN-S15F01,TG:be9f02f19ba8fc75,-13.3515625,1,0.4541666666666667,1.5903379e-06
mendeley/extracted/Bangla Audio Dataset Original and DeepFake Voices for AI-Based Voice Analysis and Detection/Dataset/S15F01/Fake/9.wav,1,MEN,MEN-S15F01,TG:c88f5e1ef15aa62a,-1.609375,1,0.3408333333333333,0.1666754
mendeley/extracted/Bangla Audio Dataset Original and DeepFake Voices for AI-Based Voice Analysis and Detection/Dataset/S15F01/Real/1.wav,0,MEN,MEN-S15F01,TG:7cde72383f2577d5,-40.6875,1,0.6908333333333334,2.1362068e-18
mendeley/extracted/Bangla Audio Dataset Original and DeepFake Voices for AI-Based Voice Analysis and Detection/Dataset/S15F01/Real/10.wav,0,MEN,MEN-S15F01,TG:e0e70a0638fc6f97,-11.5859375,1,0.6241666666666666,9.295811e-06
mendeley/extracted/Bangla Audio Dataset Original and DeepFake Voices for AI-Based Voice Analysis and Detection/Dataset/S15F01/Real/11.wav,0,MEN,MEN-S15F01,TG:57413348d842a70d,-32.1875,1,0.6125,1.04989615e-14
mendeley/extracted/Bangla Audio Dataset Original and DeepFake Voices for AI-Based Voice Analysis and Detection/Dataset/S15F01/Real/12.wav,0,MEN,MEN-S15F01,TG:2a803e07ad46d5c2,-29.8125,1,0.6141666666666667,1.1287448e-13
mendeley/extracted/Bangla Audio Dataset Original and DeepFake Voices for AI-Based Voice Analysis and Detection/Dataset/S15F01/Real/13.wav,0,MEN,MEN-S15F01,TG:5c21d947a8657c9f,-27.078125,1,0.6675,1.7382801e-12
mendeley/extracted/Bangla Audio Dataset Original and DeepFake Voices for AI-Based Voice Analysis and Detection/Dataset/S15F01/Real/14.wav,0,MEN,MEN-S15F01,TG:2d3ba8e149e931db,-41.21875,1,0.6408333333333334,1.255811e-18
mendeley/extracted/Bangla Audio Dataset Original and DeepFake Voices for AI-Based Voice Analysis and Detection/Dataset/S15F01/Real/15.wav,0,MEN,MEN-S15F01,TG:3d0c9b90dd636b05,-29.890625,1,0.5358333333333334,1.0439184e-13
mendeley/extracted/Bangla Audio Dataset Original and DeepFake Voices for AI-Based Voice Analysis and Detection/Dataset/S15F01/Real/16.wav,0,MEN,MEN-S15F01,TG:835a2229be98dadf,-20.40625,1,0.5691666666666666,1.3730242e-09
mendeley/extracted/Bangla Audio Dataset Original and DeepFake Voices for AI-Based Voice Analysis and Detection/Dataset/S15F01/Real/17.wav,0,MEN,MEN-S15F01,TG:feba50ba85a1ba08,1.6162109,1,0.6491666666666667,0.8342719
mendeley/extracted/Bangla Audio Dataset Original and DeepFake Voices for AI-Based Voice Analysis and Detection/Dataset/S15F01/Real/18.wav,0,MEN,MEN-S15F01,TG:d8eb3171b7a6a33b,-7.1054688,1,0.6725,0.00081993215
mendeley/extracted/Bangla Audio Dataset Original and DeepFake Voices for AI-Based Voice Analysis and Detection/Dataset/S15F01/Real/19.wav,0,MEN,MEN-S15F01,TG:a5e8c7f1e51636dc,-40.4375,1,0.5525,2.7429435e-18
mendeley/extracted/Bangla Audio Dataset Original and DeepFake Voices for AI-Based Voice Analysis and Detection/Dataset/S15F01/Real/2.wav,0,MEN,MEN-S15F01,TG:a6f69864408b9071,-37.09375,1,0.6491666666666667,7.7694296e-17
mendeley/extracted/Bangla Audio Dataset Original and DeepFake Voices for AI-Based Voice Analysis and Detection/Dataset/S15F01/Real/20.wav,0,MEN,MEN-S15F01,TG:9426037c3514ba5e,-28.234375,1,0.6408333333333334,5.469741e-13
mendeley/extracted/Bangla Audio Dataset Original and DeepFake Voices for AI-Based Voice Analysis and Detection/Dataset/S15F01/Real/21.wav,0,MEN,MEN-S15F01,TG:e0ce6b84c16d1ca7,-33.40625,1,0.6708333333333334,3.103487e-15
mendeley/extracted/Bangla Audio Dataset Original and DeepFake Voices for AI-Based Voice Analysis and Detection/Dataset/S15F01/Real/22.wav,0,MEN,MEN-S15F01,TG:d8d1aa4cc233d982,-30.3125,1,0.6308333333333334,6.846184e-14
mendeley/extracted/Bangla Audio Dataset Original and DeepFake Voices for AI-Based Voice Analysis and Detection/Dataset/S15F01/Real/23.wav,0,MEN,MEN-S15F01,TG:6c85555d30e57a51,-33.84375,1,0.6341666666666667,2.0037619e-15
mendeley/extracted/Bangla Audio Dataset Original and DeepFake Voices for AI-Based Voice Analysis and Detection/Dataset/S15F01/Real/24.wav,0,MEN,MEN-S15F01,TG:64d212587b02f93b,-22.71875,1,0.6358333333333333,1.3594781e-10
mendeley/extracted/Bangla Audio Dataset Original and DeepFake Voices for AI-Based Voice Analysis and Detection/Dataset/S15F01/Real/25.wav,0,MEN,MEN-S15F01,TG:5797f71db21fe749,-23.265625,1,0.5608333333333333,7.868057e-11
mendeley/extracted/Bangla Audio Dataset Original and DeepFake Voices for AI-Based Voice Analysis and Detection/Dataset/S15F01/Real/26.wav,0,MEN,MEN-S15F01,TG:d3dc3aa303de9710,-4.78125,1,0.6491666666666667,0.008315778
mendeley/extracted/Bangla Audio Dataset Original and DeepFake Voices for AI-Based Voice Analysis and Detection/Dataset/S15F01/Real/27.wav,0,MEN,MEN-S15F01,TG:3c2f522a40b2526e,0.87646484,1,0.6441666666666667,0.70608914
mendeley/extracted/Bangla Audio Dataset Original and DeepFake Voices for AI-Based Voice Analysis and Detection/Dataset/S15F01/Real/28.wav,0,MEN,MEN-S15F01,TG:4f9d2742e8afd15d,-42.09375,1,0.6608333333333334,5.2349997e-19
mendeley/extracted/Bangla Audio Dataset Original and DeepFake Voices for AI-Based Voice Analysis and Detection/Dataset/S15F01/Real/29.wav,0,MEN,MEN-S15F01,TG:f7be3e37759f090e,-20.765625,1,0.6258333333333334,9.585255e-10
mendeley/extracted/Bangla Audio Dataset Original and DeepFake Voices for AI-Based Voice Analysis and Detection/Dataset/S15F01/Real/3.wav,0,MEN,MEN-S15F01,TG:62cf48bac7954805,-37.8125,1,0.7241666666666666,3.7865172e-17
mendeley/extracted/Bangla Audio Dataset Original and DeepFake Voices for AI-Based Voice Analysis and Detection/Dataset/S15F01/Real/30.wav,0,MEN,MEN-S15F01,TG:88f39ecf44831133,-18.328125,1,0.6225,1.0969743e-08
mendeley/extracted/Bangla Audio Dataset Original and DeepFake Voices for AI-Based Voice Analysis and Detection/Dataset/S15F01/Real/4.wav,0,MEN,MEN-S15F01,TG:439556f39c264ae7,-23.203125,1,0.5925,8.375502e-11
mendeley/extracted/Bangla Audio Dataset Original and DeepFake Voices for AI-Based Voice Analysis and Detection/Dataset/S15F01/Real/5.wav,0,MEN,MEN-S15F01,TG:b27516115fd20a37,-28.9375,1,0.7141666666666666,2.707718e-13
mendeley/extracted/Bangla Audio Dataset Original and DeepFake Voices for AI-Based Voice Analysis and Detection/Dataset/S15F01/Real/6.wav,0,MEN,MEN-S15F01,TG:b639ce41aa1cab36,4.4570312,1,0.6675,0.9885361
mendeley/extracted/Bangla Audio Dataset Original and DeepFake Voices for AI-Based Voice Analysis and Detection/Dataset/S15F01/Real/7.wav,0,MEN,MEN-S15F01,TG:88f1ee35a861b6a6,15.8828125,1,0.6825,0.9999999
mendeley/extracted/Bangla Audio Dataset Original and DeepFake Voices for AI-Based Voice Analysis and Detection/Dataset/S15F01/Real/8.wav,0,MEN,MEN-S15F01,TG:be9f02f19ba8fc75,-3.0625,1,0.6675,0.044680875
mendeley/extracted/Bangla Audio Dataset Original and DeepFake Voices for AI-Based Voice Analysis and Detection/Dataset/S15F01/Real/9.wav,0,MEN,MEN-S15F01,TG:c88f5e1ef15aa62a,-30.609375,1,0.6525000000000001,5.0876512e-14
mendeley/extracted/Bangla Audio Dataset Original and DeepFake Voices for AI-Based Voice Analysis and Detection/Dataset/S15M02/Fake/1.wav,1,MEN,MEN-S15M02,TG:7cde72383f2577d5,-14.3125,1,0.5308333333333333,6.08359e-07
mendeley/extracted/Bangla Audio Dataset Original and DeepFake Voices for AI-Based Voice Analysis and Detection/Dataset/S15M02/Fake/10.wav,1,MEN,MEN-S15M02,TG:e0e70a0638fc6f97,-20.90625,1,0.4375,8.3278134e-10
mendeley/extracted/Bangla Audio Dataset Original and DeepFake Voices for AI-Based Voice Analysis and Detection/Dataset/S15M02/Fake/11.wav,1,MEN,MEN-S15M02,TG:57413348d842a70d,-27.03125,1,0.4675,1.8217019e-12
mendeley/extracted/Bangla Audio Dataset Original and DeepFake Voices for AI-Based Voice Analysis and Detection/Dataset/S15M02/Fake/12.wav,1,MEN,MEN-S15M02,TG:2a803e07ad46d5c2,-21.546875,1,0.4158333333333334,4.3884493e-10
mendeley/extracted/Bangla Audio Dataset Original and DeepFake Voices for AI-Based Voice Analysis and Detection/Dataset/S15M02/Fake/13.wav,1,MEN,MEN-S15M02,TG:5c21d947a8657c9f,-18.0625,1,0.5208333333333333,1.43072425e-08
mendeley/extracted/Bangla Audio Dataset Original and DeepFake Voices for AI-Based Voice Analysis and Detection/Dataset/S15M02/Fake/14.wav,1,MEN,MEN-S15M02,TG:2d3ba8e149e931db,-23.4375,1,0.5241666666666667,6.6255675e-11
mendeley/extracted/Bangla Audio Dataset Original and DeepFake Voices for AI-Based Voice Analysis and Detection/Dataset/S15M02/Fake/15.wav,1,MEN,MEN-S15M02,TG:3d0c9b90dd636b05,-29.4375,1,0.3008333333333333,1.642314e-13
mendeley/extracted/Bangla Audio Dataset Original and DeepFake Voices for AI-Based Voice Analysis and Detection/Dataset/S15M02/Fake/16.wav,1,MEN,MEN-S15M02,TG:835a2229be98dadf,-25.46875,1,0.4508333333333333,8.690854e-12
mendeley/extracted/Bangla Audio Dataset Original and DeepFake Voices for AI-Based Voice Analysis and Detection/Dataset/S15M02/Fake/17.wav,1,MEN,MEN-S15M02,TG:feba50ba85a1ba08,-22.15625,1,0.4875,2.3859587e-10
mendeley/extracted/Bangla Audio Dataset Original and DeepFake Voices for AI-Based Voice Analysis and Detection/Dataset/S15M02/Fake/18.wav,1,MEN,MEN-S15M02,TG:d8eb3171b7a6a33b,-12.3125,1,0.5575,4.4951817e-06
mendeley/extracted/Bangla Audio Dataset Original and DeepFake Voices for AI-Based Voice Analysis and Detection/Dataset/S15M02/Fake/19.wav,1,MEN,MEN-S15M02,TG:a5e8c7f1e51636dc,-13.5390625,1,0.4024999999999999,1.3184367e-06
mendeley/extracted/Bangla Audio Dataset Original and DeepFake Voices for AI-Based Voice Analysis and Detection/Dataset/S15M02/Fake/2.wav,1,MEN,MEN-S15M02,TG:a6f69864408b9071,-16.328125,1,0.3408333333333333,8.1056044e-08
mendeley/extracted/Bangla Audio Dataset Original and DeepFake Voices for AI-Based Voice Analysis and Detection/Dataset/S15M02/Fake/20.wav,1,MEN,MEN-S15M02,TG:9426037c3514ba5e,-28.390625,1,0.4841666666666666,4.678517e-13
mendeley/extracted/Bangla Audio Dataset Original and DeepFake Voices for AI-Based Voice Analysis and Detection/Dataset/S15M02/Fake/21.wav,1,MEN,MEN-S15M02,TG:e0ce6b84c16d1ca7,-24.484375,1,0.3508333333333333,2.3257929e-11
mendeley/extracted/Bangla Audio Dataset Original and DeepFake Voices for AI-Based Voice Analysis and Detection/Dataset/S15M02/Fake/22.wav,1,MEN,MEN-S15M02,TG:d8d1aa4cc233d982,-18.4375,1,0.4975,9.833214e-09
mendeley/extracted/Bangla Audio Dataset Original and DeepFake Voices for AI-Based Voice Analysis and Detection/Dataset/S15M02/Fake/23.wav,1,MEN,MEN-S15M02,TG:6c85555d30e57a51,-32.1875,1,0.5341666666666667,1.04989615e-14
mendeley/extracted/Bangla Audio Dataset Original and DeepFake Voices for AI-Based Voice Analysis and Detection/Dataset/S15M02/Fake/24.wav,1,MEN,MEN-S15M02,TG:64d212587b02f93b,-20.109375,1,0.5325,1.8476062e-09
mendeley/extracted/Bangla Audio Dataset Original and DeepFake Voices for AI-Based Voice Analysis and Detection/Dataset/S15M02/Fake/25.wav,1,MEN,MEN-S15M02,TG:5797f71db21fe749,-20.90625,1,0.3641666666666666,8.3278134e-10
mendeley/extracted/Bangla Audio Dataset Original and DeepFake Voices for AI-Based Voice Analysis and Detection/Dataset/S15M02/Fake/26.wav,1,MEN,MEN-S15M02,TG:d3dc3aa303de9710,-20.3125,1,0.5341666666666667,1.5079723e-09
mendeley/extracted/Bangla Audio Dataset Original and DeepFake Voices for AI-Based Voice Analysis and Detection/Dataset/S15M02/Fake/27.wav,1,MEN,MEN-S15M02,TG:3c2f522a40b2526e,-20.625,1,0.5375,1.103256e-09
mendeley/extracted/Bangla Audio Dataset Original and DeepFake Voices for AI-Based Voice Analysis and Detection/Dataset/S15M02/Fake/28.wav,1,MEN,MEN-S15M02,TG:4f9d2742e8afd15d,-23.0625,1,0.4758333333333333,9.640144e-11
mendeley/extracted/Bangla Audio Dataset Original and DeepFake Voices for AI-Based Voice Analysis and Detection/Dataset/S15M02/Fake/29.wav,1,MEN,MEN-S15M02,TG:f7be3e37759f090e,-17.71875,1,0.5075000000000001,2.0176445e-08
mendeley/extracted/Bangla Audio Dataset Original and DeepFake Voices for AI-Based Voice Analysis and Detection/Dataset/S15M02/Fake/3.wav,1,MEN,MEN-S15M02,TG:62cf48bac7954805,-25.421875,1,0.4741666666666666,9.107937e-12
mendeley/extracted/Bangla Audio Dataset Original and DeepFake Voices for AI-Based Voice Analysis and Detection/Dataset/S15M02/Fake/30.wav,1,MEN,MEN-S15M02,TG:88f39ecf44831133,-17.3125,1,0.4024999999999999,3.028843e-08
mendeley/extracted/Bangla Audio Dataset Original and DeepFake Voices for AI-Based Voice Analysis and Detection/Dataset/S15M02/Fake/4.wav,1,MEN,MEN-S15M02,TG:439556f39c264ae7,-13.5,1,0.3008333333333333,1.3709571e-06
mendeley/extracted/Bangla Audio Dataset Original and DeepFake Voices for AI-Based Voice Analysis and Detection/Dataset/S15M02/Fake/5.wav,1,MEN,MEN-S15M02,TG:b27516115fd20a37,-16.484375,1,0.5258333333333334,6.93309e-08
mendeley/extracted/Bangla Audio Dataset Original and DeepFake Voices for AI-Based Voice Analysis and Detection/Dataset/S15M02/Fake/6.wav,1,MEN,MEN-S15M02,TG:b639ce41aa1cab36,-10.6328125,1,0.5241666666666667,2.411114e-05
mendeley/extracted/Bangla Audio Dataset Original and DeepFake Voices for AI-Based Voice Analysis and Detection/Dataset/S15M02/Fake/7.wav,1,MEN,MEN-S15M02,TG:88f1ee35a861b6a6,-31.609375,1,0.3874999999999999,1.8716423e-14
mendeley/extracted/Bangla Audio Dataset Original and DeepFake Voices for AI-Based Voice Analysis and Detection/Dataset/S15M02/Fake/8.wav,1,MEN,MEN-S15M02,TG:be9f02f19ba8fc75,-21.125,1,0.4225,6.691586e-10
mendeley/extracted/Bangla Audio Dataset Original and DeepFake Voices for AI-Based Voice Analysis and Detection/Dataset/S15M02/Fake/9.wav,1,MEN,MEN-S15M02,TG:c88f5e1ef15aa62a,-22.9375,1,0.5275000000000001,1.0923715e-10
mendeley/extracted/Bangla Audio Dataset Original and DeepFake Voices for AI-Based Voice Analysis and Detection/Dataset/S15M02/Real/1.wav,0,MEN,MEN-S15M02,TG:7cde72383f2577d5,-2.9785156,1,0.3175,0.04840596
mendeley/extracted/Bangla Audio Dataset Original and DeepFake Voices for AI-Based Voice Analysis and Detection/Dataset/S15M02/Real/10.wav,0,MEN,MEN-S15M02,TG:e0e70a0638fc6f97,-6.6757812,1,0.3675,0.0012594988
mendeley/extracted/Bangla Audio Dataset Original and DeepFake Voices for AI-Based Voice Analysis and Detection/Dataset/S15M02/Real/11.wav,0,MEN,MEN-S15M02,TG:57413348d842a70d,-19.796875,1,0.3675,2.5253781e-09
mendeley/extracted/Bangla Audio Dataset Original and DeepFake Voices for AI-Based Voice Analysis and Detection/Dataset/S15M02/Real/12.wav,0,MEN,MEN-S15M02,TG:2a803e07ad46d5c2,-17.8125,1,0.3508333333333333,1.8370862e-08
mendeley/extracted/Bangla Audio Dataset Original and DeepFake Voices for AI-Based Voice Analysis and Detection/Dataset/S15M02/Real/13.wav,0,MEN,MEN-S15M02,TG:5c21d947a8657c9f,-27.046875,1,0.4175,1.7934588e-12
mendeley/extracted/Bangla Audio Dataset Original and DeepFake Voices for AI-Based Voice Analysis and Detection/Dataset/S15M02/Real/14.wav,0,MEN,MEN-S15M02,TG:2d3ba8e149e931db,-18.109375,1,0.3675,1.3652065e-08
mendeley/extracted/Bangla Audio Dataset Original and DeepFake Voices for AI-Based Voice Analysis and Detection/Dataset/S15M02/Real/15.wav,0,MEN,MEN-S15M02,TG:3d0c9b90dd636b05,-26.703125,1,0.2674999999999999,2.5291826e-12
mendeley/extracted/Bangla Audio Dataset Original and DeepFake Voices for AI-Based Voice Analysis and Detection/Dataset/S15M02/Real/16.wav,0,MEN,MEN-S15M02,TG:835a2229be98dadf,-18.9375,1,0.3508333333333333,5.964146e-09
mendeley/extracted/Bangla Audio Dataset Original and DeepFake Voices for AI-Based Voice Analysis and Detection/Dataset/S15M02/Real/17.wav,0,MEN,MEN-S15M02,TG:feba50ba85a1ba08,-8.0859375,1,0.3841666666666666,0.00030774306
mendeley/extracted/Bangla Audio Dataset Original and DeepFake Voices for AI-Based Voice Analysis and Detection/Dataset/S15M02/Real/18.wav,0,MEN,MEN-S15M02,TG:d8eb3171b7a6a33b,-25.296875,1,0.4175,1.03206445e-11
mendeley/extracted/Bangla Audio Dataset Original and DeepFake Voices for AI-Based Voice Analysis and Detection/Dataset/S15M02/Real/19.wav,0,MEN,MEN-S15M02,TG:a5e8c7f1e51636dc,-21.96875,1,0.3508333333333333,2.8780153e-10
mendeley/extracted/Bangla Audio Dataset Original and DeepFake Voices for AI-Based Voice Analysis and Detection/Dataset/S15M02/Real/2.wav,0,MEN,MEN-S15M02,TG:a6f69864408b9071,-14.59375,1,0.3341666666666666,4.592135e-07
mendeley/extracted/Bangla Audio Dataset Original and DeepFake Voices for AI-Based Voice Analysis and Detection/Dataset/S15M02/Real/20.wav,0,MEN,MEN-S15M02,TG:9426037c3514ba5e,-18.65625,1,0.4008333333333334,7.9012095e-09
mendeley/extracted/Bangla Audio Dataset Original and DeepFake Voices for AI-Based Voice Analysis and Detection/Dataset/S15M02/Real/21.wav,0,MEN,MEN-S15M02,TG:e0ce6b84c16d1ca7,-21.65625,1,0.4508333333333333,3.9337805e-10
mendeley/extracted/Bangla Audio Dataset Original and DeepFake Voices for AI-Based Voice Analysis and Detection/Dataset/S15M02/Real/22.wav,0,MEN,MEN-S15M02,TG:d8d1aa4cc233d982,-16.8125,1,0.2674999999999999,4.9937178e-08
mendeley/extracted/Bangla Audio Dataset Original and DeepFake Voices for AI-Based Voice Analysis and Detection/Dataset/S15M02/Real/23.wav,0,MEN,MEN-S15M02,TG:6c85555d30e57a51,-15.6875,1,0.4341666666666667,1.5381733e-07
mendeley/extracted/Bangla Audio Dataset Original and DeepFake Voices for AI-Based Voice Analysis and Detection/Dataset/S15M02/Real/24.wav,0,MEN,MEN-S15M02,TG:64d212587b02f93b,2.40625,1,0.3841666666666666,0.91730267
mendeley/extracted/Bangla Audio Dataset Original and DeepFake Voices for AI-Based Voice Analysis and Detection/Dataset/S15M02/Real/25.wav,0,MEN,MEN-S15M02,TG:5797f71db21fe749,-23.875,1,0.3841666666666666,4.2777875e-11
mendeley/extracted/Bangla Audio Dataset Original and DeepFake Voices for AI-Based Voice Analysis and Detection/Dataset/S15M02/Real/26.wav,0,MEN,MEN-S15M02,TG:d3dc3aa303de9710,-15.5078125,1,0.3675,1.8409523e-07
mendeley/extracted/Bangla Audio Dataset Original and DeepFake Voices for AI-Based Voice Analysis and Detection/Dataset/S15M02/Real/27.wav,0,MEN,MEN-S15M02,TG:3c2f522a40b2526e,-22.5625,1,0.3841666666666666,1.5893911e-10
mendeley/extracted/Bangla Audio Dataset Original and DeepFake Voices for AI-Based Voice Analysis and Detection/Dataset/S15M02/Real/28.wav,0,MEN,MEN-S15M02,TG:4f9d2742e8afd15d,-23.515625,1,0.3675,6.1276484e-11
mendeley/extracted/Bangla Audio Dataset Original and DeepFake Voices for AI-Based Voice Analysis and Detection/Dataset/S15M02/Real/29.wav,0,MEN,MEN-S15M02,TG:f7be3e37759f090e,-15.9609375,1,0.4341666666666667,1.17018054e-07
mendeley/extracted/Bangla Audio Dataset Original and DeepFake Voices for AI-Based Voice Analysis and Detection/Dataset/S15M02/Real/3.wav,0,MEN,MEN-S15M02,TG:62cf48bac7954805,-11.8515625,1,0.3341666666666666,7.12736e-06
mendeley/extracted/Bangla Audio Dataset Original and DeepFake Voices for AI-Based Voice Analysis and Detection/Dataset/S15M02/Real/30.wav,0,MEN,MEN-S15M02,TG:88f39ecf44831133,-23.390625,1,0.4008333333333334,6.943535e-11
mendeley/extracted/Bangla Audio Dataset Original and DeepFake Voices for AI-Based Voice Analysis and Detection/Dataset/S15M02/Real/4.wav,0,MEN,MEN-S15M02,TG:439556f39c264ae7,-11.7265625,1,0.2674999999999999,8.076349e-06
mendeley/extracted/Bangla Audio Dataset Original and DeepFake Voices for AI-Based Voice Analysis and Detection/Dataset/S15M02/Real/5.wav,0,MEN,MEN-S15M02,TG:b27516115fd20a37,-15.8828125,1,0.3841666666666666,1.2652667e-07
mendeley/extracted/Bangla Audio Dataset Original and DeepFake Voices for AI-Based Voice Analysis and Detection/Dataset/S15M02/Real/6.wav,0,MEN,MEN-S15M02,TG:b639ce41aa1cab36,-12.703125,1,0.3508333333333333,3.0415963e-06
mendeley/extracted/Bangla Audio Dataset Original and DeepFake Voices for AI-Based Voice Analysis and Detection/Dataset/S15M02/Real/7.wav,0,MEN,MEN-S15M02,TG:88f1ee35a861b6a6,-18.75,1,0.3675,7.1941337e-09
mendeley/extracted/Bangla Audio Dataset Original and DeepFake Voices for AI-Based Voice Analysis and Detection/Dataset/S15M02/Real/8.wav,0,MEN,MEN-S15M02,TG:be9f02f19ba8fc75,-21.328125,1,0.3675,5.461513e-10
mendeley/extracted/Bangla Audio Dataset Original and DeepFake Voices for AI-Based Voice Analysis and Detection/Dataset/S15M02/Real/9.wav,0,MEN,MEN-S15M02,TG:c88f5e1ef15aa62a,-17.1875,1,0.3341666666666666,3.432129e-08
mendeley/extracted/Bangla Audio Dataset Original and DeepFake Voices for AI-Based Voice Analysis and Detection/Dataset/S15M03/Fake/1.wav,1,MEN,MEN-S15M03,TG:7cde72383f2577d5,-5.53125,1,0.5158333333333334,0.003945407
mendeley/extracted/Bangla Audio Dataset Original and DeepFake Voices for AI-Based Voice Analysis and Detection/Dataset/S15M03/Fake/10.wav,1,MEN,MEN-S15M03,TG:e0e70a0638fc6f97,-11.75,1,0.4375,7.889263e-06
mendeley/extracted/Bangla Audio Dataset Original and DeepFake Voices for AI-Based Voice Analysis and Detection/Dataset/S15M03/Fake/11.wav,1,MEN,MEN-S15M03,TG:57413348d842a70d,-24.15625,1,0.4808333333333333,3.2290438e-11
mendeley/extracted/Bangla Audio Dataset Original and DeepFake Voices for AI-Based Voice Analysis and Detection/Dataset/S15M03/Fake/12.wav,1,MEN,MEN-S15M03,TG:2a803e07ad46d5c2,-17.75,1,0.3958333333333333,1.9555682e-08
mendeley/extracted/Bangla Audio Dataset Original and DeepFake Voices for AI-Based Voice Analysis and Detection/Dataset/S15M03/Fake/13.wav,1,MEN,MEN-S15M03,TG:5c21d947a8657c9f,-8.0234375,1,0.5241666666666667,0.00032758433
mendeley/extracted/Bangla Audio Dataset Original and DeepFake Voices for AI-Based Voice Analysis and Detection/Dataset/S15M03/Fake/14.wav,1,MEN,MEN-S15M03,TG:2d3ba8e149e931db,-11.625,1,0.4091666666666667,8.939696e-06
mendeley/extracted/Bangla Audio Dataset Original and DeepFake Voices for AI-Based Voice Analysis and Detection/Dataset/S15M03/Fake/15.wav,1,MEN,MEN-S15M03,TG:3d0c9b90dd636b05,-19.703125,1,0.3208333333333333,2.7735854e-09
mendeley/extracted/Bangla Audio Dataset Original and DeepFake Voices for AI-Based Voice Analysis and Detection/Dataset/S15M03/Fake/16.wav,1,MEN,MEN-S15M03,TG:835a2229be98dadf,-26.859375,1,0.4725,2.1633244e-12
mendeley/extracted/Bangla Audio Dataset Original and DeepFake Voices for AI-Based Voice Analysis and Detection/Dataset/S15M03/Fake/17.wav,1,MEN,MEN-S15M03,TG:feba50ba85a1ba08,-6.0859375,1,0.5108333333333333,0.0022694687
mendeley/extracted/Bangla Audio Dataset Original and DeepFake Voices for AI-Based Voice Analysis and Detection/Dataset/S15M03/Fake/18.wav,1,MEN,MEN-S15M03,TG:d8eb3171b7a6a33b,-28.15625,1,0.5675,5.9142003e-13
mendeley/extracted/Bangla Audio Dataset Original and DeepFake Voices for AI-Based Voice Analysis and Detection/Dataset/S15M03/Fake/19.wav,1,MEN,MEN-S15M03,TG:a5e8c7f1e51636dc,-14.6015625,1,0.4275,4.5563993e-07
mendeley/extracted/Bangla Audio Dataset Original and DeepFake Voices for AI-Based Voice Analysis and Detection/Dataset/S15M03/Fake/2.wav,1,MEN,MEN-S15M03,TG:a6f69864408b9071,-16.609375,1,0.3725,6.11843e-08
mendeley/extracted/Bangla Audio Dataset Original and DeepFake Voices for AI-Based Voice Analysis and Detection/Dataset/S15M03/Fake/20.wav,1,MEN,MEN-S15M03,TG:9426037c3514ba5e,-9.6015625,1,0.5158333333333334,6.761842e-05
mendeley/extracted/Bangla Audio Dataset Original and DeepFake Voices for AI-Based Voice Analysis and Detection/Dataset/S15M03/Fake/21.wav,1,MEN,MEN-S15M03,TG:e0ce6b84c16d1ca7,-22.015625,1,0.3341666666666666,2.7462213e-10
mendeley/extracted/Bangla Audio Dataset Original and DeepFake Voices for AI-Based Voice Analysis and Detection/Dataset/S15M03/Fake/22.wav,1,MEN,MEN-S15M03,TG:d8d1aa4cc233d982,-22.953125,1,0.4608333333333333,1.0754357e-10
mendeley/extracted/Bangla Audio Dataset Original and DeepFake Voices for AI-Based Voice Analysis and Detection/Dataset/S15M03/Fake/23.wav,1,MEN,MEN-S15M03,TG:6c85555d30e57a51,-16.8125,1,0.4908333333333333,4.9937178e-08
mendeley/extracted/Bangla Audio Dataset Original and DeepFake Voices for AI-Based Voice Analysis and Detection/Dataset/S15M03/Fake/24.wav,1,MEN,MEN-S15M03,TG:64d212587b02f93b,-22.796875,1,0.5508333333333333,1.2573118e-10
mendeley/extracted/Bangla Audio Dataset Original and DeepFake Voices for AI-Based Voice Analysis and Detection/Dataset/S15M03/Fake/25.wav,1,MEN,MEN-S15M03,TG:5797f71db21fe749,-16.734375,1,0.3325,5.399497e-08
mendeley/extracted/Bangla Audio Dataset Original and DeepFake Voices for AI-Based Voice Analysis and Detection/Dataset/S15M03/Fake/26.wav,1,MEN,MEN-S15M03,TG:d3dc3aa303de9710,-17.765625,1,0.5441666666666667,1.92525e-08
mendeley/extracted/Bangla Audio Dataset Original and DeepFake Voices for AI-Based Voice Analysis and Detection/Dataset/S15M03/Fake/27.wav,1,MEN,MEN-S15M03,TG:3c2f522a40b2526e,-23.421875,1,0.5125,6.729905e-11
mendeley/extracted/Bangla Audio Dataset Original and DeepFake Voices for AI-Based Voice Analysis and Detection/Dataset/S15M03/Fake/28.wav,1,MEN,MEN-S15M03,TG:4f9d2742e8afd15d,-18.203125,1,0.4641666666666666,1.24303465e-08
mendeley/extracted/Bangla Audio Dataset Original and DeepFake Voices for AI-Based Voice Analysis and Detection/Dataset/S15M03/Fake/29.wav,1,MEN,MEN-S15M03,TG:f7be3e37759f090e,-11.4765625,1,0.4875,1.0370214e-05
mendeley/extracted/Bangla Audio Dataset Original and DeepFake Voices for AI-Based Voice Analysis and Detection/Dataset/S15M03/Fake/3.wav,1,MEN,MEN-S15M03,TG:62cf48bac7954805,-21.671875,1,0.3991666666666666,3.872793e-10
mendeley/extracted/Bangla Audio Dataset Original and DeepFake Voices for AI-Based Voice Analysis and Detection/Dataset/S15M03/Fake/30.wav,1,MEN,MEN-S15M03,TG:88f39ecf44831133,-13.125,1,0.4341666666666667,1.9947297e-06
mendeley/extracted/Bangla Audio Dataset Original and DeepFake Voices for AI-Based Voice Analysis and Detection/Dataset/S15M03/Fake/4.wav,1,MEN,MEN-S15M03,TG:439556f39c264ae7,-0.515625,1,0.2941666666666667,0.37387583
mendeley/extracted/Bangla Audio Dataset Original and DeepFake Voices for AI-Based Voice Analysis and Detection/Dataset/S15M03/Fake/5.wav,1,MEN,MEN-S15M03,TG:b27516115fd20a37,-2.4609375,1,0.5141666666666667,0.07864238
mendeley/extracted/Bangla Audio Dataset Original and DeepFake Voices for AI-Based Voice Analysis and Detection/Dataset/S15M03/Fake/6.wav,1,MEN,MEN-S15M03,TG:b639ce41aa1cab36,-12.0390625,1,0.3874999999999999,5.9087965e-06
mendeley/extracted/Bangla Audio Dataset Original and DeepFake Voices for AI-Based Voice Analysis and Detection/Dataset/S15M03/Fake/7.wav,1,MEN,MEN-S15M03,TG:88f1ee35a861b6a6,-19.859375,1,0.4008333333333334,2.3723734e-09
mendeley/extracted/Bangla Audio Dataset Original and DeepFake Voices for AI-Based Voice Analysis and Detection/Dataset/S15M03/Fake/8.wav,1,MEN,MEN-S15M03,TG:be9f02f19ba8fc75,-12.8515625,1,0.3658333333333333,2.6220212e-06
mendeley/extracted/Bangla Audio Dataset Original and DeepFake Voices for AI-Based Voice Analysis and Detection/Dataset/S15M03/Fake/9.wav,1,MEN,MEN-S15M03,TG:c88f5e1ef15aa62a,-8.5859375,1,0.4841666666666666,0.00018667821
mendeley/extracted/Bangla Audio Dataset Original and DeepFake Voices for AI-Based Voice Analysis and Detection/Dataset/S15M03/Real/1.wav,0,MEN,MEN-S15M03,TG:7cde72383f2577d5,-4.2382812,1,0.4691666666666666,0.014227045
mendeley/extracted/Bangla Audio Dataset Original and DeepFake Voices for AI-Based Voice Analysis and Detection/Dataset/S15M03/Real/10.wav,0,MEN,MEN-S15M03,TG:e0e70a0638fc6f97,-3.3339844,1,0.4858333333333333,0.034423552
mendeley/extracted/Bangla Audio Dataset Original and DeepFake Voices for AI-Based Voice Analysis and Detection/Dataset/S15M03/Real/11.wav,0,MEN,MEN-S15M03,TG:57413348d842a70d,8.625,1,0.4858333333333333,0.99982053
mendeley/extracted/Bangla Audio Dataset Original and DeepFake Voices for AI-Based Voice Analysis and Detection/Dataset/S15M03/Real/12.wav,0,MEN,MEN-S15M03,TG:2a803e07ad46d5c2,12.2109375,1,0.4541666666666667,0.999995
mendeley/extracted/Bangla Audio Dataset Original and DeepFake Voices for AI-Based Voice Analysis and Detection/Dataset/S15M03/Real/13.wav,0,MEN,MEN-S15M03,TG:5c21d947a8657c9f,14.96875,1,0.4875,0.99999964
mendeley/extracted/Bangla Audio Dataset Original and DeepFake Voices for AI-Based Voice Analysis and Detection/Dataset/S15M03/Real/14.wav,0,MEN,MEN-S15M03,TG:2d3ba8e149e931db,-13.203125,1,0.4691666666666666,1.8448236e-06
mendeley/extracted/Bangla Audio Dataset Original and DeepFake Voices for AI-Based Voice Analysis and Detection/Dataset/S15M03/Real/15.wav,0,MEN,MEN-S15M03,TG:3d0c9b90dd636b05,10.078125,1,0.3708333333333333,0.99995804
mendeley/extracted/Bangla Audio Dataset Original and DeepFake Voices for AI-Based Voice Analysis and Detection/Dataset/S15M03/Real/16.wav,0,MEN,MEN-S15M03,TG:835a2229be98dadf,7.9140625,1,0.4358333333333333,0.9996345
mendeley/extracted/Bangla Audio Dataset Original and DeepFake Voices for AI-Based Voice Analysis and Detection/Dataset/S15M03/Real/17.wav,0,MEN,MEN-S15M03,TG:feba50ba85a1ba08,14.2421875,1,0.5025,0.9999994
mendeley/extracted/Bangla Audio Dataset Original and DeepFake Voices for AI-Based Voice Analysis and Detection/Dataset/S15M03/Real/18.wav,0,MEN,MEN-S15M03,TG:d8eb3171b7a6a33b,16.3125,1,0.5025,0.9999999
mendeley/extracted/Bangla Audio Dataset Original and DeepFake Voices for AI-Based Voice Analysis and Detection/Dataset/S15M03/Real/19.wav,0,MEN,MEN-S15M03,TG:a5e8c7f1e51636dc,12.484375,1,0.5025,0.9999962
mendeley/extracted/Bangla Audio Dataset Original and DeepFake Voices for AI-Based Voice Analysis and Detection/Dataset/S15M03/Real/2.wav,0,MEN,MEN-S15M03,TG:a6f69864408b9071,14.21875,1,0.4875,0.9999993
mendeley/extracted/Bangla Audio Dataset Original and DeepFake Voices for AI-Based Voice Analysis and Detection/Dataset/S15M03/Real/20.wav,0,MEN,MEN-S15M03,TG:9426037c3514ba5e,22.546875,1,0.5375,1.0
mendeley/extracted/Bangla Audio Dataset Original and DeepFake Voices for AI-Based Voice Analysis and Detection/Dataset/S15M03/Real/21.wav,0,MEN,MEN-S15M03,TG:e0ce6b84c16d1ca7,-7.4921875,1,0.4691666666666666,0.0005571117
mendeley/extracted/Bangla Audio Dataset Original and DeepFake Voices for AI-Based Voice Analysis and Detection/Dataset/S15M03/Real/22.wav,0,MEN,MEN-S15M03,TG:d8d1aa4cc233d982,4.703125,1,0.5025,0.99101454
mendeley/extracted/Bangla Audio Dataset Original and DeepFake Voices for AI-Based Voice Analysis and Detection/Dataset/S15M03/Real/23.wav,0,MEN,MEN-S15M03,TG:6c85555d30e57a51,21.65625,1,0.5708333333333333,1.0
mendeley/extracted/Bangla Audio Dataset Original and DeepFake Voices for AI-Based Voice Analysis and Detection/Dataset/S15M03/Real/24.wav,0,MEN,MEN-S15M03,TG:64d212587b02f93b,8.9140625,1,0.4708333333333333,0.99986553
mendeley/extracted/Bangla Audio Dataset Original and DeepFake Voices for AI-Based Voice Analysis and Detection/Dataset/S15M03/Real/25.wav,0,MEN,MEN-S15M03,TG:5797f71db21fe749,1.3710938,1,0.4375,0.79755676
mendeley/extracted/Bangla Audio Dataset Original and DeepFake Voices for AI-Based Voice Analysis and Detection/Dataset/S15M03/Real/26.wav,0,MEN,MEN-S15M03,TG:d3dc3aa303de9710,25.03125,1,0.5525,1.0
mendeley/extracted/Bangla Audio Dataset Original and DeepFake Voices for AI-Based Voice Analysis and Detection/Dataset/S15M03/Real/27.wav,0,MEN,MEN-S15M03,TG:3c2f522a40b2526e,1.5615234,1,0.5525,0.8265718
mendeley/extracted/Bangla Audio Dataset Original and DeepFake Voices for AI-Based Voice Analysis and Detection/Dataset/S15M03/Real/28.wav,0,MEN,MEN-S15M03,TG:4f9d2742e8afd15d,4.9453125,1,0.4858333333333333,0.99293363
mendeley/extracted/Bangla Audio Dataset Original and DeepFake Voices for AI-Based Voice Analysis and Detection/Dataset/S15M03/Real/29.wav,0,MEN,MEN-S15M03,TG:f7be3e37759f090e,32.21875,1,0.4875,1.0
mendeley/extracted/Bangla Audio Dataset Original and DeepFake Voices for AI-Based Voice Analysis and Detection/Dataset/S15M03/Real/3.wav,0,MEN,MEN-S15M03,TG:62cf48bac7954805,23.328125,1,0.5208333333333333,1.0
mendeley/extracted/Bangla Audio Dataset Original and DeepFake Voices for AI-Based Voice Analysis and Detection/Dataset/S15M03/Real/30.wav,0,MEN,MEN-S15M03,TG:88f39ecf44831133,19.140625,1,0.5041666666666667,1.0
mendeley/extracted/Bangla Audio Dataset Original and DeepFake Voices for AI-Based Voice Analysis and Detection/Dataset/S15M03/Real/4.wav,0,MEN,MEN-S15M03,TG:439556f39c264ae7,26.609375,1,0.3858333333333333,1.0
mendeley/extracted/Bangla Audio Dataset Original and DeepFake Voices for AI-Based Voice Analysis and Detection/Dataset/S15M03/Real/5.wav,0,MEN,MEN-S15M03,TG:b27516115fd20a37,-7.2226562,1,0.5208333333333333,0.00072932884
mendeley/extracted/Bangla Audio Dataset Original and DeepFake Voices for AI-Based Voice Analysis and Detection/Dataset/S15M03/Real/6.wav,0,MEN,MEN-S15M03,TG:b639ce41aa1cab36,12.625,1,0.4875,0.99999666
mendeley/extracted/Bangla Audio Dataset Original and DeepFake Voices for AI-Based Voice Analysis and Detection/Dataset/S15M03/Real/7.wav,0,MEN,MEN-S15M03,TG:88f1ee35a861b6a6,-17.46875,1,0.4708333333333333,2.5907072e-08
mendeley/extracted/Bangla Audio Dataset Original and DeepFake Voices for AI-Based Voice Analysis and Detection/Dataset/S15M03/Real/8.wav,0,MEN,MEN-S15M03,TG:be9f02f19ba8fc75,21.453125,1,0.4691666666666666,1.0
mendeley/extracted/Bangla Audio Dataset Original and DeepFake Voices for AI-Based Voice Analysis and Detection/Dataset/S15M03/Real/9.wav,0,MEN,MEN-S15M03,TG:c88f5e1ef15aa62a,5.0585938,1,0.4541666666666667,0.99368566
mendeley/extracted/Bangla Audio Dataset Original and DeepFake Voices for AI-Based Voice Analysis and Detection/Dataset/S15M04/Fake/1.wav,1,MEN,MEN-S15M04,TG:7cde72383f2577d5,-33.21875,1,0.5341666666666667,3.7435197e-15
mendeley/extracted/Bangla Audio Dataset Original and DeepFake Voices for AI-Based Voice Analysis and Detection/Dataset/S15M04/Fake/10.wav,1,MEN,MEN-S15M04,TG:e0e70a0638fc6f97,-19.5625,1,0.4775,3.192377e-09
mendeley/extracted/Bangla Audio Dataset Original and DeepFake Voices for AI-Based Voice Analysis and Detection/Dataset/S15M04/Fake/11.wav,1,MEN,MEN-S15M04,TG:57413348d842a70d,-23.453125,1,0.4441666666666667,6.5228475e-11
mendeley/extracted/Bangla Audio Dataset Original and DeepFake Voices for AI-Based Voice Analysis and Detection/Dataset/S15M04/Fake/12.wav,1,MEN,MEN-S15M04,TG:2a803e07ad46d5c2,-18.34375,1,0.3941666666666666,1.0799672e-08
mendeley/extracted/Bangla Audio Dataset Original and DeepFake Voices for AI-Based Voice Analysis and Detection/Dataset/S15M04/Fake/13.wav,1,MEN,MEN-S15M04,TG:5c21d947a8657c9f,-6.4726562,1,0.5608333333333333,0.0015427324
mendeley/extracted/Bangla Audio Dataset Original and DeepFake Voices for AI-Based Voice Analysis and Detection/Dataset/S15M04/Fake/14.wav,1,MEN,MEN-S15M04,TG:2d3ba8e149e931db,-17.78125,1,0.3725,1.8954015e-08
mendeley/extracted/Bangla Audio Dataset Original and DeepFake Voices for AI-Based Voice Analysis and Detection/Dataset/S15M04/Fake/15.wav,1,MEN,MEN-S15M04,TG:3d0c9b90dd636b05,-24.171875,1,0.2791666666666667,3.178982e-11
mendeley/extracted/Bangla Audio Dataset Original and DeepFake Voices for AI-Based Voice Analysis and Detection/Dataset/S15M04/Fake/16.wav,1,MEN,MEN-S15M04,TG:835a2229be98dadf,-12.96875,1,0.3758333333333333,2.3320747e-06
mendeley/extracted/Bangla Audio Dataset Original and DeepFake Voices for AI-Based Voice Analysis and Detection/Dataset/S15M04/Fake/17.wav,1,MEN,MEN-S15M04,TG:feba50ba85a1ba08,-13.140625,1,0.4858333333333333,1.9638042e-06
mendeley/extracted/Bangla Audio Dataset Original and DeepFake Voices for AI-Based Voice Analysis and Detection/Dataset/S15M04/Fake/18.wav,1,MEN,MEN-S15M04,TG:d8eb3171b7a6a33b,-25.234375,1,0.5325,1.0986268e-11
mendeley/extracted/Bangla Audio Dataset Original and DeepFake Voices for AI-Based Voice Analysis and Detection/Dataset/S15M04/Fake/19.wav,1,MEN,MEN-S15M04,TG:a5e8c7f1e51636dc,-13.9765625,1,0.4075,8.5124714e-07
mendeley/extracted/Bangla Audio Dataset Original and DeepFake Voices for AI-Based Voice Analysis and Detection/Dataset/S15M04/Fake/2.wav,1,MEN,MEN-S15M04,TG:a6f69864408b9071,-24.96875,1,0.3824999999999999,1.4328795e-11
mendeley/extracted/Bangla Audio Dataset Original and DeepFake Voices for AI-Based Voice Analysis and Detection/Dataset/S15M04/Fake/20.wav,1,MEN,MEN-S15M04,TG:9426037c3514ba5e,-9.4375,1,0.5475,7.967302e-05
mendeley/extracted/Bangla Audio Dataset Original and DeepFake Voices for AI-Based Voice Analysis and Detection/Dataset/S15M04/Fake/21.wav,1,MEN,MEN-S15M04,TG:e0ce6b84c16d1ca7,-8.9375,1,0.3575,0.0001313518
mendeley/extracted/Bangla Audio Dataset Original and DeepFake Voices for AI-Based Voice Analysis and Detection/Dataset/S15M04/Fake/22.wav,1,MEN,MEN-S15M04,TG:d8d1aa4cc233d982,-21.90625,1,0.4275,3.0636316e-10
mendeley/extracted/Bangla Audio Dataset Original and DeepFake Voices for AI-Based Voice Analysis and Detection/Dataset/S15M04/Fake/23.wav,1,MEN,MEN-S15M04,TG:6c85555d30e57a51,-27.015625,1,0.5175000000000001,1.8503894e-12
mendeley/extracted/Bangla Audio Dataset Original and DeepFake Voices for AI-Based Voice Analysis and Detection/Dataset/S15M04/Fake/24.wav,1,MEN,MEN-S15M04,TG:64d212587b02f93b,-22.828125,1,0.5575,1.2186284e-10
mendeley/extracted/Bangla Audio Dataset Original and DeepFake Voices for AI-Based Voice Analysis and Detection/Dataset/S15M04/Fake/25.wav,1,MEN,MEN-S15M04,TG:5797f71db21fe749,-31.703125,1,0.4058333333333334,1.7041498e-14
mendeley/extracted/Bangla Audio Dataset Original and DeepFake Voices for AI-Based Voice Analysis and Detection/Dataset/S15M04/Fake/26.wav,1,MEN,MEN-S15M04,TG:d3dc3aa303de9710,-27.640625,1,0.5341666666666667,9.904421e-13
mendeley/extracted/Bangla Audio Dataset Original and DeepFake Voices for AI-Based Voice Analysis and Detection/Dataset/S15M04/Fake/27.wav,1,MEN,MEN-S15M04,TG:3c2f522a40b2526e,3.0859375,1,0.5308333333333333,0.9563089
mendeley/extracted/Bangla Audio Dataset Original and DeepFake Voices for AI-Based Voice Analysis and Detection/Dataset/S15M04/Fake/28.wav,1,MEN,MEN-S15M04,TG:4f9d2742e8afd15d,-18.890625,1,0.4208333333333333,6.2503704e-09
mendeley/extracted/Bangla Audio Dataset Original and DeepFake Voices for AI-Based Voice Analysis and Detection/Dataset/S15M04/Fake/29.wav,1,MEN,MEN-S15M04,TG:f7be3e37759f090e,-12.7578125,1,0.5041666666666667,2.8797258e-06
mendeley/extracted/Bangla Audio Dataset Original and DeepFake Voices for AI-Based Voice Analysis and Detection/Dataset/S15M04/Fake/3.wav,1,MEN,MEN-S15M04,TG:62cf48bac7954805,-33.28125,1,0.4641666666666666,3.5167116e-15
mendeley/extracted/Bangla Audio Dataset Original and DeepFake Voices for AI-Based Voice Analysis and Detection/Dataset/S15M04/Fake/30.wav,1,MEN,MEN-S15M04,TG:88f39ecf44831133,-11.7109375,1,0.4408333333333333,8.203532e-06
mendeley/extracted/Bangla Audio Dataset Original and DeepFake Voices for AI-Based Voice Analysis and Detection/Dataset/S15M04/Fake/4.wav,1,MEN,MEN-S15M04,TG:439556f39c264ae7,-32.65625,1,0.2991666666666667,6.5700826e-15
mendeley/extracted/Bangla Audio Dataset Original and DeepFake Voices for AI-Based Voice Analysis and Detection/Dataset/S15M04/Fake/5.wav,1,MEN,MEN-S15M04,TG:b27516115fd20a37,3.9101562,1,0.5075000000000001,0.9803562
mendeley/extracted/Bangla Audio Dataset Original and DeepFake Voices for AI-Based Voice Analysis and Detection/Dataset/S15M04/Fake/6.wav,1,MEN,MEN-S15M04,TG:b639ce41aa1cab36,-18.1875,1,0.4391666666666667,1.2626097e-08
mendeley/extracted/Bangla Audio Dataset Original and DeepFake Voices for AI-Based Voice Analysis and Detection/Dataset/S15M04/Fake/7.wav,1,MEN,MEN-S15M04,TG:88f1ee35a861b6a6,-12.2578125,1,0.3958333333333333,4.747857e-06
mendeley/extracted/Bangla Audio Dataset Original and DeepFake Voices for AI-Based Voice Analysis and Detection/Dataset/S15M04/Fake/8.wav,1,MEN,MEN-S15M04,TG:be9f02f19ba8fc75,-26.0625,1,0.3541666666666666,4.7995453e-12
mendeley/extracted/Bangla Audio Dataset Original and DeepFake Voices for AI-Based Voice Analysis and Detection/Dataset/S15M04/Fake/9.wav,1,MEN,MEN-S15M04,TG:c88f5e1ef15aa62a,-4.9726562,1,0.4825,0.0068771075
mendeley/extracted/Bangla Audio Dataset Original and DeepFake Voices for AI-Based Voice Analysis and Detection/Dataset/S15M04/Real/1.wav,0,MEN,MEN-S15M04,TG:7cde72383f2577d5,-13.15625,1,0.4608333333333333,1.9333586e-06
mendeley/extracted/Bangla Audio Dataset Original and DeepFake Voices for AI-Based Voice Analysis and Detection/Dataset/S15M04/Real/10.wav,0,MEN,MEN-S15M04,TG:e0e70a0638fc6f97,6.0351562,1,0.3941666666666666,0.9976126
mendeley/extracted/Bangla Audio Dataset Original and DeepFake Voices for AI-Based Voice Analysis and Detection/Dataset/S15M04/Real/11.wav,0,MEN,MEN-S15M04,TG:57413348d842a70d,0.40966797,1,0.3275,0.60100824
mendeley/extracted/Bangla Audio Dataset Original and DeepFake Voices for AI-Based Voice Analysis and Detection/Dataset/S15M04/Real/12.wav,0,MEN,MEN-S15M04,TG:2a803e07ad46d5c2,0.8129883,1,0.3941666666666666,0.6927459
mendeley/extracted/Bangla Audio Dataset Original and DeepFake Voices for AI-Based Voice Analysis and Detection/Dataset/S15M04/Real/13.wav,0,MEN,MEN-S15M04,TG:5c21d947a8657c9f,-6.3242188,1,0.3941666666666666,0.0017891593
mendeley/extracted/Bangla Audio Dataset Original and DeepFake Voices for AI-Based Voice Analysis and Detection/Dataset/S15M04/Real/14.wav,0,MEN,MEN-S15M04,TG:2d3ba8e149e931db,-14.953125,1,0.4275,3.205828e-07
mendeley/extracted/Bangla Audio Dataset Original and DeepFake Voices for AI-Based Voice Analysis and Detection/Dataset/S15M04/Real/15.wav,0,MEN,MEN-S15M04,TG:3d0c9b90dd636b05,0.049438477,1,0.2774999999999999,0.5123571
mendeley/extracted/Bangla Audio Dataset Original and DeepFake Voices for AI-Based Voice Analysis and Detection/Dataset/S15M04/Real/16.wav,0,MEN,MEN-S15M04,TG:835a2229be98dadf,-0.7973633,1,0.3841666666666666,0.31058982
mendeley/extracted/Bangla Audio Dataset Original and DeepFake Voices for AI-Based Voice Analysis and Detection/Dataset/S15M04/Real/17.wav,0,MEN,MEN-S15M04,TG:feba50ba85a1ba08,14.375,1,0.3774999999999999,0.9999994
mendeley/extracted/Bangla Audio Dataset Original and DeepFake Voices for AI-Based Voice Analysis and Detection/Dataset/S15M04/Real/18.wav,0,MEN,MEN-S15M04,TG:d8eb3171b7a6a33b,8.6953125,1,0.4108333333333334,0.99983263
mendeley/extracted/Bangla Audio Dataset Original and DeepFake Voices for AI-Based Voice Analysis and Detection/Dataset/S15M04/Real/19.wav,0,MEN,MEN-S15M04,TG:a5e8c7f1e51636dc,-15.3515625,1,0.3941666666666666,2.1522912e-07
mendeley/extracted/Bangla Audio Dataset Original and DeepFake Voices for AI-Based Voice Analysis and Detection/Dataset/S15M04/Real/2.wav,0,MEN,MEN-S15M04,TG:a6f69864408b9071,-9.703125,1,0.3941666666666666,6.108855e-05
mendeley/extracted/Bangla Audio Dataset Original and DeepFake Voices for AI-Based Voice Analysis and Detection/Dataset/S15M04/Real/20.wav,0,MEN,MEN-S15M04,TG:9426037c3514ba5e,8.046875,1,0.4791666666666666,0.99968004
mendeley/extracted/Bangla Audio Dataset Original and DeepFake Voices for AI-Based Voice Analysis and Detection/Dataset/S15M04/Real/21.wav,0,MEN,MEN-S15M04,TG:e0ce6b84c16d1ca7,-16.953125,1,0.4625,4.338617e-08
mendeley/extracted/Bangla Audio Dataset Original and DeepFake Voices for AI-Based Voice Analysis and Detection/Dataset/S15M04/Real/22.wav,0,MEN,MEN-S15M04,TG:d8d1aa4cc233d982,-31.171875,1,0.3941666666666666,2.8988564e-14
mendeley/extracted/Bangla Audio Dataset Original and DeepFake Voices for AI-Based Voice Analysis and Detection/Dataset/S15M04/Real/23.wav,0,MEN,MEN-S15M04,TG:6c85555d30e57a51,-23.6875,1,0.4825,5.159997e-11
mendeley/extracted/Bangla Audio Dataset Original and DeepFake Voices for AI-Based Voice Analysis and Detection/Dataset/S15M04/Real/24.wav,0,MEN,MEN-S15M04,TG:64d212587b02f93b,-17.359375,1,0.4425,2.8901423e-08
mendeley/extracted/Bangla Audio Dataset Original and DeepFake Voices for AI-Based Voice Analysis and Detection/Dataset/S15M04/Real/25.wav,0,MEN,MEN-S15M04,TG:5797f71db21fe749,-25.015625,1,0.3608333333333333,1.3672631e-11
mendeley/extracted/Bangla Audio Dataset Original and DeepFake Voices for AI-Based Voice Analysis and Detection/Dataset/S15M04/Real/26.wav,0,MEN,MEN-S15M04,TG:d3dc3aa303de9710,-15.4296875,1,0.4608333333333333,1.9905441e-07
mendeley/extracted/Bangla Audio Dataset Original and DeepFake Voices for AI-Based Voice Analysis and Detection/Dataset/S15M04/Real/27.wav,0,MEN,MEN-S15M04,TG:3c2f522a40b2526e,-0.33813477,1,0.5108333333333333,0.41626263
mendeley/extracted/Bangla Audio Dataset Original and DeepFake Voices for AI-Based Voice Analysis and Detection/Dataset/S15M04/Real/28.wav,0,MEN,MEN-S15M04,TG:4f9d2742e8afd15d,-16.015625,1,0.3791666666666666,1.10790474e-07
mendeley/extracted/Bangla Audio Dataset Original and DeepFake Voices for AI-Based Voice Analysis and Detection/Dataset/S15M04/Real/29.wav,0,MEN,MEN-S15M04,TG:f7be3e37759f090e,-19.171875,1,0.4625,4.7180277e-09
mendeley/extracted/Bangla Audio Dataset Original and DeepFake Voices for AI-Based Voice Analysis and Detection/Dataset/S15M04/Real/3.wav,0,MEN,MEN-S15M04,TG:62cf48bac7954805,3.5507812,1,0.3941666666666666,0.9720986
mendeley/extracted/Bangla Audio Dataset Original and DeepFake Voices for AI-Based Voice Analysis and Detection/Dataset/S15M04/Real/30.wav,0,MEN,MEN-S15M04,TG:88f39ecf44831133,-12.46875,1,0.4775,3.844935e-06
mendeley/extracted/Bangla Audio Dataset Original and DeepFake Voices for AI-Based Voice Analysis and Detection/Dataset/S15M04/Real/4.wav,0,MEN,MEN-S15M04,TG:439556f39c264ae7,7.6289062,1,0.3774999999999999,0.9995141
mendeley/extracted/Bangla Audio Dataset Original and DeepFake Voices for AI-Based Voice Analysis and Detection/Dataset/S15M04/Real/5.wav,0,MEN,MEN-S15M04,TG:b27516115fd20a37,-16.703125,1,0.4108333333333334,5.570894e-08
mendeley/extracted/Bangla Audio Dataset Original and DeepFake Voices for AI-Based Voice Analysis and Detection/Dataset/S15M04/Real/6.wav,0,MEN,MEN-S15M04,TG:b639ce41aa1cab36,-9.2265625,1,0.3774999999999999,9.83812e-05
mendeley/extracted/Bangla Audio Dataset Original and DeepFake Voices for AI-Based Voice Analysis and Detection/Dataset/S15M04/Real/7.wav,0,MEN,MEN-S15M04,TG:88f1ee35a861b6a6,-17.359375,1,0.3458333333333333,2.8901423e-08
mendeley/extracted/Bangla Audio Dataset Original and DeepFake Voices for AI-Based Voice Analysis and Detection/Dataset/S15M04/Real/8.wav,0,MEN,MEN-S15M04,TG:be9f02f19ba8fc75,-14.1953125,1,0.3774999999999999,6.839964e-07
mendeley/extracted/Bangla Audio Dataset Original and DeepFake Voices for AI-Based Voice Analysis and Detection/Dataset/S15M04/Real/9.wav,0,MEN,MEN-S15M04,TG:c88f5e1ef15aa62a,1.3212891,1,0.3641666666666666,0.7893961
mendeley/extracted/Bangla Audio Dataset Original and DeepFake Voices for AI-Based Voice Analysis and Detection/Dataset/S15M05/Fake/1.wav,1,MEN,MEN-S15M05,TG:7cde72383f2577d5,-24.4375,1,0.5425,2.4374098e-11
mendeley/extracted/Bangla Audio Dataset Original and DeepFake Voices for AI-Based Voice Analysis and Detection/Dataset/S15M05/Fake/10.wav,1,MEN,MEN-S15M05,TG:e0e70a0638fc6f97,-9.21875,1,0.4791666666666666,9.915273e-05
mendeley/extracted/Bangla Audio Dataset Original and DeepFake Voices for AI-Based Voice Analysis and Detection/Dataset/S15M05/Fake/11.wav,1,MEN,MEN-S15M05,TG:57413348d842a70d,-15.8984375,1,0.4558333333333333,1.2456508e-07
mendeley/extracted/Bangla Audio Dataset Original and DeepFake Voices for AI-Based Voice Analysis and Detection/Dataset/S15M05/Fake/12.wav,1,MEN,MEN-S15M05,TG:2a803e07ad46d5c2,-16.046875,1,0.3891666666666666,1.073818e-07
mendeley/extracted/Bangla Audio Dataset Original and DeepFake Voices for AI-Based Voice Analysis and Detection/Dataset/S15M05/Fake/13.wav,1,MEN,MEN-S15M05,TG:5c21d947a8657c9f,-17.0625,1,0.5375,3.8891113e-08
mendeley/extracted/Bangla Audio Dataset Original and DeepFake Voices for AI-Based Voice Analysis and Detection/Dataset/S15M05/Fake/14.wav,1,MEN,MEN-S15M05,TG:2d3ba8e149e931db,-20.8125,1,0.3858333333333333,9.146314e-10
mendeley/extracted/Bangla Audio Dataset Original and DeepFake Voices for AI-Based Voice Analysis and Detection/Dataset/S15M05/Fake/15.wav,1,MEN,MEN-S15M05,TG:3d0c9b90dd636b05,-18.546875,1,0.3125,8.814436e-09
mendeley/extracted/Bangla Audio Dataset Original and DeepFake Voices for AI-Based Voice Analysis and Detection/Dataset/S15M05/Fake/16.wav,1,MEN,MEN-S15M05,TG:835a2229be98dadf,-20.03125,1,0.4591666666666666,1.9977386e-09
mendeley/extracted/Bangla Audio Dataset Original and DeepFake Voices for AI-Based Voice Analysis and Detection/Dataset/S15M05/Fake/17.wav,1,MEN,MEN-S15M05,TG:feba50ba85a1ba08,-21.359375,1,0.4908333333333333,5.29348e-10
mendeley/extracted/Bangla Audio Dataset Original and DeepFake Voices for AI-Based Voice Analysis and Detection/Dataset/S15M05/Fake/18.wav,1,MEN,MEN-S15M05,TG:d8eb3171b7a6a33b,-25.03125,1,0.5841666666666667,1.3460656e-11
mendeley/extracted/Bangla Audio Dataset Original and DeepFake Voices for AI-Based Voice Analysis and Detection/Dataset/S15M05/Fake/19.wav,1,MEN,MEN-S15M05,TG:a5e8c7f1e51636dc,-23.0625,1,0.3791666666666666,9.640144e-11
mendeley/extracted/Bangla Audio Dataset Original and DeepFake Voices for AI-Based Voice Analysis and Detection/Dataset/S15M05/Fake/2.wav,1,MEN,MEN-S15M05,TG:a6f69864408b9071,-19.828125,1,0.4075,2.4476803e-09
mendeley/extracted/Bangla Audio Dataset Original and DeepFake Voices for AI-Based Voice Analysis and Detection/Dataset/S15M05/Fake/20.wav,1,MEN,MEN-S15M05,TG:9426037c3514ba5e,-13.59375,1,0.5141666666666667,1.2482709e-06
mendeley/extracted/Bangla Audio Dataset Original and DeepFake Voices for AI-Based Voice Analysis and Detection/Dataset/S15M05/Fake/21.wav,1,MEN,MEN-S15M05,TG:e0ce6b84c16d1ca7,-16.515625,1,0.4024999999999999,6.719782e-08
mendeley/extracted/Bangla Audio Dataset Original and DeepFake Voices for AI-Based Voice Analysis and Detection/Dataset/S15M05/Fake/22.wav,1,MEN,MEN-S15M05,TG:d8d1aa4cc233d982,-19.484375,1,0.4991666666666666,3.4517826e-09
mendeley/extracted/Bangla Audio Dataset Original and DeepFake Voices for AI-Based Voice Analysis and Detection/Dataset/S15M05/Fake/23.wav,1,MEN,MEN-S15M05,TG:6c85555d30e57a51,-5.90625,1,0.5375,0.0027149855
mendeley/extracted/Bangla Audio Dataset Original and DeepFake Voices for AI-Based Voice Analysis and Detection/Dataset/S15M05/Fake/24.wav,1,MEN,MEN-S15M05,TG:64d212587b02f93b,-25.203125,1,0.5425,1.13350085e-11
mendeley/extracted/Bangla Audio Dataset Original and DeepFake Voices for AI-Based Voice Analysis and Detection/Dataset/S15M05/Fake/25.wav,1,MEN,MEN-S15M05,TG:5797f71db21fe749,-19.828125,1,0.4175,2.4476803e-09
mendeley/extracted/Bangla Audio Dataset Original and DeepFake Voices for AI-Based Voice Analysis and Detection/Dataset/S15M05/Fake/26.wav,1,MEN,MEN-S15M05,TG:d3dc3aa303de9710,-21.109375,1,0.5141666666666667,6.7969635e-10
mendeley/extracted/Bangla Audio Dataset Original and DeepFake Voices for AI-Based Voice Analysis and Detection/Dataset/S15M05/Fake/27.wav,1,MEN,MEN-S15M05,TG:3c2f522a40b2526e,-28.5625,1,0.5258333333333334,3.9397066e-13
mendeley/extracted/Bangla Audio Dataset Original and DeepFake Voices for AI-Based Voice Analysis and Detection/Dataset/S15M05/Fake/28.wav,1,MEN,MEN-S15M05,TG:4f9d2742e8afd15d,-29.875,1,0.4908333333333333,1.06035765e-13
mendeley/extracted/Bangla Audio Dataset Original and DeepFake Voices for AI-Based Voice Analysis and Detection/Dataset/S15M05/Fake/29.wav,1,MEN,MEN-S15M05,TG:f7be3e37759f090e,-6.2734375,1,0.4875,0.001882186
mendeley/extracted/Bangla Audio Dataset Original and DeepFake Voices for AI-Based Voice Analysis and Detection/Dataset/S15M05/Fake/3.wav,1,MEN,MEN-S15M05,TG:62cf48bac7954805,-17.875,1,0.4691666666666666,1.7257827e-08
mendeley/extracted/Bangla Audio Dataset Original and DeepFake Voices for AI-Based Voice Analysis and Detection/Dataset/S15M05/Fake/30.wav,1,MEN,MEN-S15M05,TG:88f39ecf44831133,-24.65625,1,0.4408333333333333,1.9585143e-11
mendeley/extracted/Bangla Audio Dataset Original and DeepFake Voices for AI-Based Voice Analysis and Detection/Dataset/S15M05/Fake/4.wav,1,MEN,MEN-S15M05,TG:439556f39c264ae7,-17.65625,1,0.3325,2.1477714e-08
mendeley/extracted/Bangla Audio Dataset Original and DeepFake Voices for AI-Based Voice Analysis and Detection/Dataset/S15M05/Fake/5.wav,1,MEN,MEN-S15M05,TG:b27516115fd20a37,-5.0390625,1,0.5241666666666667,0.0064381026
mendeley/extracted/Bangla Audio Dataset Original and DeepFake Voices for AI-Based Voice Analysis and Detection/Dataset/S15M05/Fake/6.wav,1,MEN,MEN-S15M05,TG:b639ce41aa1cab36,-17.671875,1,0.4808333333333333,2.1144734e-08
mendeley/extracted/Bangla Audio Dataset Original and DeepFake Voices for AI-Based Voice Analysis and Detection/Dataset/S15M05/Fake/7.wav,1,MEN,MEN-S15M05,TG:88f1ee35a861b6a6,-12.703125,1,0.4225,3.0415963e-06
mendeley/extracted/Bangla Audio Dataset Original and DeepFake Voices for AI-Based Voice Analysis and Detection/Dataset/S15M05/Fake/8.wav,1,MEN,MEN-S15M05,TG:be9f02f19ba8fc75,-8.2265625,1,0.3158333333333333,0.00026738262
mendeley/extracted/Bangla Audio Dataset Original and DeepFake Voices for AI-Based Voice Analysis and Detection/Dataset/S15M05/Fake/9.wav,1,MEN,MEN-S15M05,TG:c88f5e1ef15aa62a,-4.4453125,1,0.5075000000000001,0.011597361
mendeley/extracted/Bangla Audio Dataset Original and DeepFake Voices for AI-Based Voice Analysis and Detection/Dataset/S15M05/Real/1.wav,0,MEN,MEN-S15M05,TG:7cde72383f2577d5,-4.7304688,1,0.4341666666666667,0.008745182
mendeley/extracted/Bangla Audio Dataset Original and DeepFake Voices for AI-Based Voice Analysis and Detection/Dataset/S15M05/Real/10.wav,0,MEN,MEN-S15M05,TG:e0e70a0638fc6f97,-10.390625,1,0.4008333333333334,3.0718187e-05
mendeley/extracted/Bangla Audio Dataset Original and DeepFake Voices for AI-Based Voice Analysis and Detection/Dataset/S15M05/Real/11.wav,0,MEN,MEN-S15M05,TG:57413348d842a70d,-8.7109375,1,0.3508333333333333,0.00016474657
mendeley/extracted/Bangla Audio Dataset Original and DeepFake Voices for AI-Based Voice Analysis and Detection/Dataset/S15M05/Real/12.wav,0,MEN,MEN-S15M05,TG:2a803e07ad46d5c2,-14.5078125,1,0.3675,5.004225e-07
mendeley/extracted/Bangla Audio Dataset Original and DeepFake Voices for AI-Based Voice Analysis and Detection/Dataset/S15M05/Real/13.wav,0,MEN,MEN-S15M05,TG:5c21d947a8657c9f,-25.609375,1,0.4675,7.550745e-12
mendeley/extracted/Bangla Audio Dataset Original and DeepFake Voices for AI-Based Voice Analysis and Detection/Dataset/S15M05/Real/14.wav,0,MEN,MEN-S15M05,TG:2d3ba8e149e931db,-25.890625,1,0.4341666666666667,5.6996005e-12
mendeley/extracted/Bangla Audio Dataset Original and DeepFake Voices for AI-Based Voice Analysis and Detection/Dataset/S15M05/Real/15.wav,0,MEN,MEN-S15M05,TG:3d0c9b90dd636b05,-14.578125,1,0.3008333333333333,4.664451e-07
mendeley/extracted/Bangla Audio Dataset Original and DeepFake Voices for AI-Based Voice Analysis and Detection/Dataset/S15M05/Real/16.wav,0,MEN,MEN-S15M05,TG:835a2229be98dadf,-23.765625,1,0.3675,4.7722173e-11
mendeley/extracted/Bangla Audio Dataset Original and DeepFake Voices for AI-Based Voice Analysis and Detection/Dataset/S15M05/Real/17.wav,0,MEN,MEN-S15M05,TG:feba50ba85a1ba08,-14.4453125,1,0.4175,5.32697e-07
mendeley/extracted/Bangla Audio Dataset Original and DeepFake Voices for AI-Based Voice Analysis and Detection/Dataset/S15M05/Real/18.wav,0,MEN,MEN-S15M05,TG:d8eb3171b7a6a33b,-25.3125,1,0.5008333333333334,1.0160637e-11
mendeley/extracted/Bangla Audio Dataset Original and DeepFake Voices for AI-Based Voice Analysis and Detection/Dataset/S15M05/Real/19.wav,0,MEN,MEN-S15M05,TG:a5e8c7f1e51636dc,-13.25,1,0.3008333333333333,1.7603434e-06
mendeley/extracted/Bangla Audio Dataset Original and DeepFake Voices for AI-Based Voice Analysis and Detection/Dataset/S15M05/Real/2.wav,0,MEN,MEN-S15M05,TG:a6f69864408b9071,-0.20043945,1,0.3841666666666666,0.45005724
mendeley/extracted/Bangla Audio Dataset Original and DeepFake Voices for AI-Based Voice Analysis and Detection/Dataset/S15M05/Real/20.wav,0,MEN,MEN-S15M05,TG:9426037c3514ba5e,-23.5,1,0.5008333333333334,6.224145e-11
mendeley/extracted/Bangla Audio Dataset Original and DeepFake Voices for AI-Based Voice Analysis and Detection/Dataset/S15M05/Real/21.wav,0,MEN,MEN-S15M05,TG:e0ce6b84c16d1ca7,-16.734375,1,0.4508333333333333,5.399497e-08
mendeley/extracted/Bangla Audio Dataset Original and DeepFake Voices for AI-Based Voice Analysis and Detection/Dataset/S15M05/Real/22.wav,0,MEN,MEN-S15M05,TG:d8d1aa4cc233d982,-22.953125,1,0.4341666666666667,1.0754357e-10
mendeley/extracted/Bangla Audio Dataset Original and DeepFake Voices for AI-Based Voice Analysis and Detection/Dataset/S15M05/Real/23.wav,0,MEN,MEN-S15M05,TG:6c85555d30e57a51,-19.921875,1,0.4675,2.2286384e-09
mendeley/extracted/Bangla Audio Dataset Original and DeepFake Voices for AI-Based Voice Analysis and Detection/Dataset/S15M05/Real/24.wav,0,MEN,MEN-S15M05,TG:64d212587b02f93b,18.671875,1,0.4508333333333333,1.0
mendeley/extracted/Bangla Audio Dataset Original and DeepFake Voices for AI-Based Voice Analysis and Detection/Dataset/S15M05/Real/25.wav,0,MEN,MEN-S15M05,TG:5797f71db21fe749,-38.75,1,0.4008333333333334,1.4828213e-17
mendeley/extracted/Bangla Audio Dataset Original and DeepFake Voices for AI-Based Voice Analysis and Detection/Dataset/S15M05/Real/26.wav,0,MEN,MEN-S15M05,TG:d3dc3aa303de9710,-17.390625,1,0.4841666666666666,2.8012218e-08
mendeley/extracted/Bangla Audio Dataset Original and DeepFake Voices for AI-Based Voice Analysis and Detection/Dataset/S15M05/Real/27.wav,0,MEN,MEN-S15M05,TG:3c2f522a40b2526e,-2.2402344,1,0.4675,0.09619517
mendeley/extracted/Bangla Audio Dataset Original and DeepFake Voices for AI-Based Voice Analysis and Detection/Dataset/S15M05/Real/28.wav,0,MEN,MEN-S15M05,TG:4f9d2742e8afd15d,-4.59375,1,0.3341666666666666,0.01001357
mendeley/extracted/Bangla Audio Dataset Original and DeepFake Voices for AI-Based Voice Analysis and Detection/Dataset/S15M05/Real/29.wav,0,MEN,MEN-S15M05,TG:f7be3e37759f090e,-3.6875,1,0.4341666666666667,0.02442309
mendeley/extracted/Bangla Audio Dataset Original and DeepFake Voices for AI-Based Voice Analysis and Detection/Dataset/S15M05/Real/3.wav,0,MEN,MEN-S15M05,TG:62cf48bac7954805,-24.140625,1,0.4175,3.279894e-11
mendeley/extracted/Bangla Audio Dataset Original and DeepFake Voices for AI-Based Voice Analysis and Detection/Dataset/S15M05/Real/30.wav,0,MEN,MEN-S15M05,TG:88f39ecf44831133,-20.359375,1,0.3841666666666666,1.438917e-09
mendeley/extracted/Bangla Audio Dataset Original and DeepFake Voices for AI-Based Voice Analysis and Detection/Dataset/S15M05/Real/4.wav,0,MEN,MEN-S15M05,TG:439556f39c264ae7,-14.2265625,1,0.3675,6.629521e-07
mendeley/extracted/Bangla Audio Dataset Original and DeepFake Voices for AI-Based Voice Analysis and Detection/Dataset/S15M05/Real/5.wav,0,MEN,MEN-S15M05,TG:b27516115fd20a37,-4.625,1,0.4175,0.009708476
mendeley/extracted/Bangla Audio Dataset Original and DeepFake Voices for AI-Based Voice Analysis and Detection/Dataset/S15M05/Real/6.wav,0,MEN,MEN-S15M05,TG:b639ce41aa1cab36,-21.15625,1,0.3841666666666666,6.485708e-10
mendeley/extracted/Bangla Audio Dataset Original and DeepFake Voices for AI-Based Voice Analysis and Detection/Dataset/S15M05/Real/7.wav,0,MEN,MEN-S15M05,TG:88f1ee35a861b6a6,-23.34375,1,0.3508333333333333,7.276762e-11
mendeley/extracted/Bangla Audio Dataset Original and DeepFake Voices for AI-Based Voice Analysis and Detection/Dataset/S15M05/Real/8.wav,0,MEN,MEN-S15M05,TG:be9f02f19ba8fc75,-16.546875,1,0.4175,6.5130365e-08
mendeley/extracted/Bangla Audio Dataset Original and DeepFake Voices for AI-Based Voice Analysis and Detection/Dataset/S15M05/Real/9.wav,0,MEN,MEN-S15M05,TG:c88f5e1ef15aa62a,-12.34375,1,0.4008333333333334,4.35688e-06
mendeley/extracted/Bangla Audio Dataset Original and DeepFake Voices for AI-Based Voice Analysis and Detection/Dataset/S1F03/Fake/1.wav,1,MEN,MEN-S1F03,TG:8388d9ee191bd954,-15.8359375,1,0.4841666666666666,1.3259883e-07
mendeley/extracted/Bangla Audio Dataset Original and DeepFake Voices for AI-Based Voice Analysis and Detection/Dataset/S1F03/Fake/10.wav,1,MEN,MEN-S1F03,TG:388cb19343cb520a,-18.75,1,0.4808333333333333,7.1941337e-09
mendeley/extracted/Bangla Audio Dataset Original and DeepFake Voices for AI-Based Voice Analysis and Detection/Dataset/S1F03/Fake/11.wav,1,MEN,MEN-S1F03,TG:6663f3ce55d8ec7f,-13.5390625,1,0.2458333333333333,1.3184367e-06
mendeley/extracted/Bangla Audio Dataset Original and DeepFake Voices for AI-Based Voice Analysis and Detection/Dataset/S1F03/Fake/12.wav,1,MEN,MEN-S1F03,TG:d3ff909607e60de8,-11.359375,1,0.2225,1.1659531e-05
mendeley/extracted/Bangla Audio Dataset Original and DeepFake Voices for AI-Based Voice Analysis and Detection/Dataset/S1F03/Fake/13.wav,1,MEN,MEN-S1F03,TG:713c2af6f394806f,16.5,1,0.4341666666666667,0.9999999
mendeley/extracted/Bangla Audio Dataset Original and DeepFake Voices for AI-Based Voice Analysis and Detection/Dataset/S1F03/Fake/14.wav,1,MEN,MEN-S1F03,TG:40c1016845dcdc60,-16.046875,1,0.3375,1.073818e-07
mendeley/extracted/Bangla Audio Dataset Original and DeepFake Voices for AI-Based Voice Analysis and Detection/Dataset/S1F03/Fake/15.wav,1,MEN,MEN-S1F03,TG:210364c8aadbef3a,-16.453125,1,0.4875,7.15317e-08
mendeley/extracted/Bangla Audio Dataset Original and DeepFake Voices for AI-Based Voice Analysis and Detection/Dataset/S1F03/Fake/16.wav,1,MEN,MEN-S1F03,TG:f263a794fb5b64e5,2.125,1,0.4608333333333333,0.8933094
mendeley/extracted/Bangla Audio Dataset Original and DeepFake Voices for AI-Based Voice Analysis and Detection/Dataset/S1F03/Fake/17.wav,1,MEN,MEN-S1F03,TG:ba06269e11aa0648,-15.2890625,1,0.4525,2.2911019e-07
mendeley/extracted/Bangla Audio Dataset Original and DeepFake Voices for AI-Based Voice Analysis and Detection/Dataset/S1F03/Fake/18.wav,1,MEN,MEN-S1F03,TG:a06e050050b3f438,0.11004639,1,0.5341666666666667,0.5274839
mendeley/extracted/Bangla Audio Dataset Original and DeepFake Voices for AI-Based Voice Analysis and Detection/Dataset/S1F03/Fake/19.wav,1,MEN,MEN-S1F03,TG:9a7eea3d42c2dfa3,-11.6953125,1,0.4591666666666666,8.332719e-06
mendeley/extracted/Bangla Audio Dataset Original and DeepFake Voices for AI-Based Voice Analysis and Detection/Dataset/S1F03/Fake/2.wav,1,MEN,MEN-S1F03,TG:4ff8497e59c46949,-0.19580078,1,0.4491666666666667,0.45120555
mendeley/extracted/Bangla Audio Dataset Original and DeepFake Voices for AI-Based Voice Analysis and Detection/Dataset/S1F03/Fake/20.wav,1,MEN,MEN-S1F03,TG:9f86ecadb4b2b5e8,-19.28125,1,0.3041666666666667,4.2292125e-09
mendeley/extracted/Bangla Audio Dataset Original and DeepFake Voices for AI-Based Voice Analysis and Detection/Dataset/S1F03/Fake/21.wav,1,MEN,MEN-S1F03,TG:224581f07ca68840,-12.5234375,1,0.2141666666666666,3.6403117e-06
mendeley/extracted/Bangla Audio Dataset Original and DeepFake Voices for AI-Based Voice Analysis and Detection/Dataset/S1F03/Fake/22.wav,1,MEN,MEN-S1F03,TG:cdf2b766d6b5e166,20.09375,1,0.3525,1.0
mendeley/extracted/Bangla Audio Dataset Original and DeepFake Voices for AI-Based Voice Analysis and Detection/Dataset/S1F03/Fake/23.wav,1,MEN,MEN-S1F03,TG:33b99dc1f5f3c11d,-5.390625,1,0.1741666666666667,0.0045384318
mendeley/extracted/Bangla Audio Dataset Original and DeepFake Voices for AI-Based Voice Analysis and Detection/Dataset/S1F03/Fake/24.wav,1,MEN,MEN-S1F03,TG:eea9ea1fd2041b22,-6.4882812,1,0.4225,0.0015188508
mendeley/extracted/Bangla Audio Dataset Original and DeepFake Voices for AI-Based Voice Analysis and Detection/Dataset/S1F03/Fake/25.wav,1,MEN,MEN-S1F03,TG:a7e7a70438f10a1d,-11.171875,1,0.4024999999999999,1.4064044e-05
mendeley/extracted/Bangla Audio Dataset Original and DeepFake Voices for AI-Based Voice Analysis and Detection/Dataset/S1F03/Fake/26.wav,1,MEN,MEN-S1F03,TG:6fe89ab891f32c4e,-18.171875,1,0.1591666666666666,1.282493e-08
mendeley/extracted/Bangla Audio Dataset Original and DeepFake Voices for AI-Based Voice Analysis and Detection/Dataset/S1F03/Fake/27.wav,1,MEN,MEN-S1F03,TG:2c5f8f2f6f8c1b98,8.7421875,1,0.4775,0.99984026
mendeley/extracted/Bangla Audio Dataset Original and DeepFake Voices for AI-Based Voice Analysis and Detection/Dataset/S1F03/Fake/28.wav,1,MEN,MEN-S1F03,TG:6283d6f65cda971a,-5.140625,1,0.4891666666666666,0.0058199596
mendeley/extracted/Bangla Audio Dataset Original and DeepFake Voices for AI-Based Voice Analysis and Detection/Dataset/S1F03/Fake/29.wav,1,MEN,MEN-S1F03,TG:8544d87f606d70e6,2.8339844,1,0.0991666666666666,0.9444849
mendeley/extracted/Bangla Audio Dataset Original and DeepFake Voices for AI-Based Voice Analysis and Detection/Dataset/S1F03/Fake/3.wav,1,MEN,MEN-S1F03,TG:79dd086d061de522,-19.828125,1,0.5675,2.4476803e-09
mendeley/extracted/Bangla Audio Dataset Original and DeepFake Voices for AI-Based Voice Analysis and Detection/Dataset/S1F03/Fake/30.wav,1,MEN,MEN-S1F03,TG:c7b089fc1ba419ab,30.640625,1,0.4758333333333333,1.0
mendeley/extracted/Bangla Audio Dataset Original and DeepFake Voices for AI-Based Voice Analysis and Detection/Dataset/S1F03/Fake/4.wav,1,MEN,MEN-S1F03,TG:4d5fe26cc7778810,-2.1855469,1,0.6641666666666667,0.10105592
mendeley/extracted/Bangla Audio Dataset Original and DeepFake Voices for AI-Based Voice Analysis and Detection/Dataset/S1F03/Fake/5.wav,1,MEN,MEN-S1F03,TG:5adc5ae46d5a5744,-20.140625,1,0.3891666666666666,1.7907613e-09
mendeley/extracted/Bangla Audio Dataset Original and DeepFake Voices for AI-Based Voice Analysis and Detection/Dataset/S1F03/Fake/6.wav,1,MEN,MEN-S1F03,TG:ceba938af43c06ae,4.2695312,1,0.5108333333333333,0.9862046
mendeley/extracted/Bangla Audio Dataset Original and DeepFake Voices for AI-Based Voice Analysis and Detection/Dataset/S1F03/Fake/7.wav,1,MEN,MEN-S1F03,TG:4c7966295caf20ad,9.8671875,1,0.4925,0.99994814
mendeley/extracted/Bangla Audio Dataset Original and DeepFake Voices for AI-Based Voice Analysis and Detection/Dataset/S1F03/Fake/8.wav,1,MEN,MEN-S1F03,TG:a108bfb385dd7acb,-18.09375,1,0.4325,1.3867053e-08
mendeley/extracted/Bangla Audio Dataset Original and DeepFake Voices for AI-Based Voice Analysis and Detection/Dataset/S1F03/Fake/9.wav,1,MEN,MEN-S1F03,TG:2a9989c6f851b5a4,-7.0625,1,0.3508333333333333,0.0008559006
mendeley/extracted/Bangla Audio Dataset Original and DeepFake Voices for AI-Based Voice Analysis and Detection/Dataset/S1F03/Real/1.wav,0,MEN,MEN-S1F03,TG:8388d9ee191bd954,23.4375,1,0.3675,1.0
mendeley/extracted/Bangla Audio Dataset Original and DeepFake Voices for AI-Based Voice Analysis and Detection/Dataset/S1F03/Real/10.wav,0,MEN,MEN-S1F03,TG:388cb19343cb520a,1.6933594,1,0.3675,0.8446654
mendeley/extracted/Bangla Audio Dataset Original and DeepFake Voices for AI-Based Voice Analysis and Detection/Dataset/S1F03/Real/11.wav,0,MEN,MEN-S1F03,TG:6663f3ce55d8ec7f,-8.765625,1,0.3841666666666666,0.00015598028
mendeley/extracted/Bangla Audio Dataset Original and DeepFake Voices for AI-Based Voice Analysis and Detection/Dataset/S1F03/Real/12.wav,0,MEN,MEN-S1F03,TG:d3ff909607e60de8,5.2226562,1,0.3175,0.9946359
mendeley/extracted/Bangla Audio Dataset Original and DeepFake Voices for AI-Based Voice Analysis and Detection/Dataset/S1F03/Real/13.wav,0,MEN,MEN-S1F03,TG:713c2af6f394806f,8.8125,1,0.3508333333333333,0.9998511
mendeley/extracted/Bangla Audio Dataset Original and DeepFake Voices for AI-Based Voice Analysis and Detection/Dataset/S1F03/Real/14.wav,0,MEN,MEN-S1F03,TG:40c1016845dcdc60,0.14770508,1,0.3175,0.5368593
mendeley/extracted/Bangla Audio Dataset Original and DeepFake Voices for AI-Based Voice Analysis and Detection/Dataset/S1F03/Real/15.wav,0,MEN,MEN-S1F03,TG:210364c8aadbef3a,-25.4375,1,0.4008333333333334,8.96673e-12
mendeley/extracted/Bangla Audio Dataset Original and DeepFake Voices for AI-Based Voice Analysis and Detection/Dataset/S1F03/Real/16.wav,0,MEN,MEN-S1F03,TG:f263a794fb5b64e5,9.8828125,1,0.3341666666666666,0.999949
mendeley/extracted/Bangla Audio Dataset Original and DeepFake Voices for AI-Based Voice Analysis and Detection/Dataset/S1F03/Real/17.wav,0,MEN,MEN-S1F03,TG:ba06269e11aa0648,-15.0625,1,0.4175,2.8736855e-07
mendeley/extracted/Bangla Audio Dataset Original and DeepFake Voices for AI-Based Voice Analysis and Detection/Dataset/S1F03/Real/18.wav,0,MEN,MEN-S1F03,TG:a06e050050b3f438,10.21875,1,0.4841666666666666,0.9999635
mendeley/extracted/Bangla Audio Dataset Original and DeepFake Voices for AI-Based Voice Analysis and Detection/Dataset/S1F03/Real/19.wav,0,MEN,MEN-S1F03,TG:9a7eea3d42c2dfa3,6.3476562,1,0.5175000000000001,0.9982522
mendeley/extracted/Bangla Audio Dataset Original and DeepFake Voices for AI-Based Voice Analysis and Detection/Dataset/S1F03/Real/2.wav,0,MEN,MEN-S1F03,TG:4ff8497e59c46949,4.0039062,1,0.3341666666666666,0.9820826
mendeley/extracted/Bangla Audio Dataset Original and DeepFake Voices for AI-Based Voice Analysis and Detection/Dataset/S1F03/Real/20.wav,0,MEN,MEN-S1F03,TG:9f86ecadb4b2b5e8,6.3125,1,0.4341666666666667,0.99818975
mendeley/extracted/Bangla Audio Dataset Original and DeepFake Voices for AI-Based Voice Analysis and Detection/Dataset/S1F03/Real/21.wav,0,MEN,MEN-S1F03,TG:224581f07ca68840,7.953125,1,0.3675,0.9996486
mendeley/extracted/Bangla Audio Dataset Original and DeepFake Voices for AI-Based Voice Analysis and Detection/Dataset/S1F03/Real/22.wav,0,MEN,MEN-S1F03,TG:cdf2b766d6b5e166,7.6484375,1,0.4341666666666667,0.9995234
mendeley/extracted/Bangla Audio Dataset Original and DeepFake Voices for AI-Based Voice Analysis and Detection/Dataset/S1F03/Real/23.wav,0,MEN,MEN-S1F03,TG:33b99dc1f5f3c11d,2.1855469,1,0.4008333333333334,0.8989441
mendeley/extracted/Bangla Audio Dataset Original and DeepFake Voices for AI-Based Voice Analysis and Detection/Dataset/S1F03/Real/24.wav,0,MEN,MEN-S1F03,TG:eea9ea1fd2041b22,17.203125,1,0.4508333333333333,1.0
mendeley/extracted/Bangla Audio Dataset Original and DeepFake Voices for AI-Based Voice Analysis and Detection/Dataset/S1F03/Real/25.wav,0,MEN,MEN-S1F03,TG:a7e7a70438f10a1d,-2.3769531,1,0.4341666666666667,0.0849471
mendeley/extracted/Bangla Audio Dataset Original and DeepFake Voices for AI-Based Voice Analysis and Detection/Dataset/S1F03/Real/26.wav,0,MEN,MEN-S1F03,TG:6fe89ab891f32c4e,-6.8007812,1,0.4675,0.0011116682
mendeley/extracted/Bangla Audio Dataset Original and DeepFake Voices for AI-Based Voice Analysis and Detection/Dataset/S1F03/Real/27.wav,0,MEN,MEN-S1F03,TG:2c5f8f2f6f8c1b98,-3.8378906,1,0.5591666666666666,0.021084843
mendeley/extracted/Bangla Audio Dataset Original and DeepFake Voices for AI-Based Voice Analysis and Detection/Dataset/S1F03/Real/28.wav,0,MEN,MEN-S1F03,TG:6283d6f65cda971a,-2.2753906,1,0.4508333333333333,0.09318171
mendeley/extracted/Bangla Audio Dataset Original and DeepFake Voices for AI-Based Voice Analysis and Detection/Dataset/S1F03/Real/29.wav,0,MEN,MEN-S1F03,TG:8544d87f606d70e6,9.21875,1,0.5008333333333334,0.9999008
mendeley/extracted/Bangla Audio Dataset Original and DeepFake Voices for AI-Based Voice Analysis and Detection/Dataset/S1F03/Real/3.wav,0,MEN,MEN-S1F03,TG:79dd086d061de522,18.0,1,0.2674999999999999,1.0
mendeley/extracted/Bangla Audio Dataset Original and DeepFake Voices for AI-Based Voice Analysis and Detection/Dataset/S1F03/Real/30.wav,0,MEN,MEN-S1F03,TG:c7b089fc1ba419ab,12.421875,1,0.4508333333333333,0.99999595
mendeley/extracted/Bangla Audio Dataset Original and DeepFake Voices for AI-Based Voice Analysis and Detection/Dataset/S1F03/Real/4.wav,0,MEN,MEN-S1F03,TG:4d5fe26cc7778810,-12.46875,1,0.3675,3.844935e-06
mendeley/extracted/Bangla Audio Dataset Original and DeepFake Voices for AI-Based Voice Analysis and Detection/Dataset/S1F03/Real/5.wav,0,MEN,MEN-S1F03,TG:5adc5ae46d5a5744,-4.3945312,1,0.3841666666666666,0.012194133
mendeley/extracted/Bangla Audio Dataset Original and DeepFake Voices for AI-Based Voice Analysis and Detection/Dataset/S1F03/Real/6.wav,0,MEN,MEN-S1F03,TG:ceba938af43c06ae,-20.625,1,0.4191666666666667,1.103256e-09
mendeley/extracted/Bangla Audio Dataset Original and DeepFake Voices for AI-Based Voice Analysis and Detection/Dataset/S1F03/Real/7.wav,0,MEN,MEN-S1F03,TG:4c7966295caf20ad,7.5039062,1,0.4341666666666667,0.9994493
mendeley/extracted/Bangla Audio Dataset Original and DeepFake Voices for AI-Based Voice Analysis and Detection/Dataset/S1F03/Real/8.wav,0,MEN,MEN-S1F03,TG:a108bfb385dd7acb,14.3125,1,0.3841666666666666,0.9999994
mendeley/extracted/Bangla Audio Dataset Original and DeepFake Voices for AI-Based Voice Analysis and Detection/Dataset/S1F03/Real/9.wav,0,MEN,MEN-S1F03,TG:2a9989c6f851b5a4,-10.1015625,1,0.4341666666666667,4.1013736e-05
mendeley/extracted/Bangla Audio Dataset Original and DeepFake Voices for AI-Based Voice Analysis and Detection/Dataset/S1F04/Fake/1.wav,1,MEN,MEN-S1F04,TG:8388d9ee191bd954,10.796875,1,0.5391666666666667,0.9999795
mendeley/extracted/Bangla Audio Dataset Original and DeepFake Voices for AI-Based Voice Analysis and Detection/Dataset/S1F04/Fake/10.wav,1,MEN,MEN-S1F04,TG:388cb19343cb520a,12.171875,1,0.5091666666666667,0.9999949
mendeley/extracted/Bangla Audio Dataset Original and DeepFake Voices for AI-Based Voice Analysis and Detection/Dataset/S1F04/Fake/11.wav,1,MEN,MEN-S1F04,TG:6663f3ce55d8ec7f,8.6484375,1,0.3108333333333333,0.9998247
mendeley/extracted/Bangla Audio Dataset Original and DeepFake Voices for AI-Based Voice Analysis and Detection/Dataset/S1F04/Fake/12.wav,1,MEN,MEN-S1F04,TG:d3ff909607e60de8,15.6015625,1,0.3758333333333333,0.9999999
mendeley/extracted/Bangla Audio Dataset Original and DeepFake Voices for AI-Based Voice Analysis and Detection/Dataset/S1F04/Fake/13.wav,1,MEN,MEN-S1F04,TG:713c2af6f394806f,18.203125,1,0.4241666666666667,1.0
mendeley/extracted/Bangla Audio Dataset Original and DeepFake Voices for AI-Based Voice Analysis and Detection/Dataset/S1F04/Fake/14.wav,1,MEN,MEN-S1F04,TG:40c1016845dcdc60,2.5546875,1,0.3158333333333333,0.92788786
mendeley/extracted/Bangla Audio Dataset Original and DeepFake Voices for AI-Based Voice Analysis and Detection/Dataset/S1F04/Fake/15.wav,1,MEN,MEN-S1F04,TG:210364c8aadbef3a,7.1289062,1,0.4575,0.9991991
mendeley/extracted/Bangla Audio Dataset Original and DeepFake Voices for AI-Based Voice Analysis and Detection/Dataset/S1F04/Fake/16.wav,1,MEN,MEN-S1F04,TG:f263a794fb5b64e5,9.2578125,1,0.4675,0.99990463
mendeley/extracted/Bangla Audio Dataset Original and DeepFake Voices for AI-Based Voice Analysis and Detection/Dataset/S1F04/Fake/17.wav,1,MEN,MEN-S1F04,TG:ba06269e11aa0648,3.484375,1,0.3641666666666666,0.97023994
mendeley/extracted/Bangla Audio Dataset Original and DeepFake Voices for AI-Based Voice Analysis and Detection/Dataset/S1F04/Fake/18.wav,1,MEN,MEN-S1F04,TG:a06e050050b3f438,20.875,1,0.5175000000000001,1.0
mendeley/extracted/Bangla Audio Dataset Original and DeepFake Voices for AI-Based Voice Analysis and Detection/Dataset/S1F04/Fake/19.wav,1,MEN,MEN-S1F04,TG:9a7eea3d42c2dfa3,11.40625,1,0.5325,0.9999889
mendeley/extracted/Bangla Audio Dataset Original and DeepFake Voices for AI-Based Voice Analysis and Detection/Dataset/S1F04/Fake/2.wav,1,MEN,MEN-S1F04,TG:4ff8497e59c46949,-10.859375,1,0.4875,1.9223171e-05
mendeley/extracted/Bangla Audio Dataset Original and DeepFake Voices for AI-Based Voice Analysis and Detection/Dataset/S1F04/Fake/20.wav,1,MEN,MEN-S1F04,TG:9f86ecadb4b2b5e8,-1.1884766,1,0.2724999999999999,0.23353152
mendeley/extracted/Bangla Audio Dataset Original and DeepFake Voices for AI-Based Voice Analysis and Detection/Dataset/S1F04/Fake/21.wav,1,MEN,MEN-S1F04,TG:224581f07ca68840,10.2578125,1,0.2858333333333334,0.99996495
mendeley/extracted/Bangla Audio Dataset Original and DeepFake Voices for AI-Based Voice Analysis and Detection/Dataset/S1F04/Fake/22.wav,1,MEN,MEN-S1F04,TG:cdf2b766d6b5e166,19.984375,1,0.3291666666666667,1.0
mendeley/extracted/Bangla Audio Dataset Original and DeepFake Voices for AI-Based Voice Analysis and Detection/Dataset/S1F04/Fake/23.wav,1,MEN,MEN-S1F04,TG:33b99dc1f5f3c11d,11.8984375,1,0.2808333333333334,0.9999932
mendeley/extracted/Bangla Audio Dataset Original and DeepFake Voices for AI-Based Voice Analysis and Detection/Dataset/S1F04/Fake/24.wav,1,MEN,MEN-S1F04,TG:eea9ea1fd2041b22,5.9921875,1,0.4291666666666667,0.99750805
mendeley/extracted/Bangla Audio Dataset Original and DeepFake Voices for AI-Based Voice Analysis and Detection/Dataset/S1F04/Fake/25.wav,1,MEN,MEN-S1F04,TG:a7e7a70438f10a1d,7.9882812,1,0.3708333333333333,0.99966073
mendeley/extracted/Bangla Audio Dataset Original and DeepFake Voices for AI-Based Voice Analysis and Detection/Dataset/S1F04/Fake/26.wav,1,MEN,MEN-S1F04,TG:6fe89ab891f32c4e,-6.59375,1,0.1758333333333332,0.0013670258
mendeley/extracted/Bangla Audio Dataset Original and DeepFake Voices for AI-Based Voice Analysis and Detection/Dataset/S1F04/Fake/27.wav,1,MEN,MEN-S1F04,TG:2c5f8f2f6f8c1b98,13.828125,1,0.4258333333333333,0.99999905
mendeley/extracted/Bangla Audio Dataset Original and DeepFake Voices for AI-Based Voice Analysis and Detection/Dataset/S1F04/Fake/28.wav,1,MEN,MEN-S1F04,TG:6283d6f65cda971a,-12.2421875,1,0.4641666666666666,4.8226243e-06
mendeley/extracted/Bangla Audio Dataset Original and DeepFake Voices for AI-Based Voice Analysis and Detection/Dataset/S1F04/Fake/29.wav,1,MEN,MEN-S1F04,TG:8544d87f606d70e6,1.4892578,1,0.0908333333333333,0.8159668
mendeley/extracted/Bangla Audio Dataset Original and DeepFake Voices for AI-Based Voice Analysis and Detection/Dataset/S1F04/Fake/3.wav,1,MEN,MEN-S1F04,TG:79dd086d061de522,-8.96875,1,0.5541666666666667,0.00012731104
mendeley/extracted/Bangla Audio Dataset Original and DeepFake Voices for AI-Based Voice Analysis and Detection/Dataset/S1F04/Fake/30.wav,1,MEN,MEN-S1F04,TG:c7b089fc1ba419ab,16.71875,1,0.3675,1.0
mendeley/extracted/Bangla Audio Dataset Original and DeepFake Voices for AI-Based Voice Analysis and Detection/Dataset/S1F04/Fake/4.wav,1,MEN,MEN-S1F04,TG:4d5fe26cc7778810,-9.765625,1,0.5541666666666667,5.7387595e-05
mendeley/extracted/Bangla Audio Dataset Original and DeepFake Voices for AI-Based Voice Analysis and Detection/Dataset/S1F04/Fake/5.wav,1,MEN,MEN-S1F04,TG:5adc5ae46d5a5744,-13.3515625,1,0.3425,1.5903379e-06
mendeley/extracted/Bangla Audio Dataset Original and DeepFake Voices for AI-Based Voice Analysis and Detection/Dataset/S1F04/Fake/6.wav,1,MEN,MEN-S1F04,TG:ceba938af43c06ae,1.53125,1,0.5575,0.8221891
mendeley/extracted/Bangla Audio Dataset Original and DeepFake Voices for AI-Based Voice Analysis and Detection/Dataset/S1F04/Fake/7.wav,1,MEN,MEN-S1F04,TG:4c7966295caf20ad,2.5332031,1,0.4675,0.92643696
mendeley/extracted/Bangla Audio Dataset Original and DeepFake Voices for AI-Based Voice Analysis and Detection/Dataset/S1F04/Fake/8.wav,1,MEN,MEN-S1F04,TG:a108bfb385dd7acb,7.1171875,1,0.4024999999999999,0.99918956
mendeley/extracted/Bangla Audio Dataset Original and DeepFake Voices for AI-Based Voice Analysis and Detection/Dataset/S1F04/Fake/9.wav,1,MEN,MEN-S1F04,TG:2a9989c6f851b5a4,8.34375,1,0.3708333333333333,0.99976224
mendeley/extracted/Bangla Audio Dataset Original and DeepFake Voices for AI-Based Voice Analysis and Detection/Dataset/S1F04/Real/1.wav,0,MEN,MEN-S1F04,TG:8388d9ee191bd954,-11.65625,1,0.5508333333333333,8.664653e-06
mendeley/extracted/Bangla Audio Dataset Original and DeepFake Voices for AI-Based Voice Analysis and Detection/Dataset/S1F04/Real/10.wav,0,MEN,MEN-S1F04,TG:388cb19343cb520a,-6.0,1,0.3175,0.0024726233
mendeley/extracted/Bangla Audio Dataset Original and DeepFake Voices for AI-Based Voice Analysis and Detection/Dataset/S1F04/Real/11.wav,0,MEN,MEN-S1F04,TG:6663f3ce55d8ec7f,3.6191406,1,0.3341666666666666,0.97389406
mendeley/extracted/Bangla Audio Dataset Original and DeepFake Voices for AI-Based Voice Analysis and Detection/Dataset/S1F04/Real/12.wav,0,MEN,MEN-S1F04,TG:d3ff909607e60de8,-23.21875,1,0.3508333333333333,8.245652e-11
mendeley/extracted/Bangla Audio Dataset Original and DeepFake Voices for AI-Based Voice Analysis and Detection/Dataset/S1F04/Real/13.wav,0,MEN,MEN-S1F04,TG:713c2af6f394806f,-18.34375,1,0.3508333333333333,1.0799672e-08
mendeley/extracted/Bangla Audio Dataset Original and DeepFake Voices for AI-Based Voice Analysis and Detection/Dataset/S1F04/Real/14.wav,0,MEN,MEN-S1F04,TG:40c1016845dcdc60,-14.328125,1,0.3675,5.989273e-07
mendeley/extracted/Bangla Audio Dataset Original and DeepFake Voices for AI-Based Voice Analysis and Detection/Dataset/S1F04/Real/15.wav,0,MEN,MEN-S1F04,TG:210364c8aadbef3a,-5.6953125,1,0.3675,0.0033504236
mendeley/extracted/Bangla Audio Dataset Original and DeepFake Voices for AI-Based Voice Analysis and Detection/Dataset/S1F04/Real/16.wav,0,MEN,MEN-S1F04,TG:f263a794fb5b64e5,-6.3203125,1,0.3175,0.0017961492
mendeley/extracted/Bangla Audio Dataset Original and DeepFake Voices for AI-Based Voice Analysis and Detection/Dataset/S1F04/Real/17.wav,0,MEN,MEN-S1F04,TG:ba06269e11aa0648,-11.34375,1,0.3675,1.184314e-05
mendeley/extracted/Bangla Audio Dataset Original and DeepFake Voices for AI-Based Voice Analysis and Detection/Dataset/S1F04/Real/18.wav,0,MEN,MEN-S1F04,TG:a06e050050b3f438,6.8710938,1,0.5508333333333333,0.9989637
mendeley/extracted/Bangla Audio Dataset Original and DeepFake Voices for AI-Based Voice Analysis and Detection/Dataset/S1F04/Real/19.wav,0,MEN,MEN-S1F04,TG:9a7eea3d42c2dfa3,-15.7421875,1,0.3508333333333333,1.4563133e-07
mendeley/extracted/Bangla Audio Dataset Original and DeepFake Voices for AI-Based Voice Analysis and Detection/Dataset/S1F04/Real/2.wav,0,MEN,MEN-S1F04,TG:4ff8497e59c46949,2.25,1,0.5508333333333333,0.9046505
mendeley/extracted/Bangla Audio Dataset Original and DeepFake Voices for AI-Based Voice Analysis and Detection/Dataset/S1F04/Real/20.wav,0,MEN,MEN-S1F04,TG:9f86ecadb4b2b5e8,-15.421875,1,0.3341666666666666,2.006156e-07
mendeley/extracted/Bangla Audio Dataset Original and DeepFake Voices for AI-Based Voice Analysis and Detection/Dataset/S1F04/Real/21.wav,0,MEN,MEN-S1F04,TG:224581f07ca68840,-5.53125,1,0.3341666666666666,0.003945407
mendeley/extracted/Bangla Audio Dataset Original and DeepFake Voices for AI-Based Voice Analysis and Detection/Dataset/S1F04/Real/22.wav,0,MEN,MEN-S1F04,TG:cdf2b766d6b5e166,-1.5205078,1,0.3341666666666666,0.17938675
mendeley/extracted/Bangla Audio Dataset Original and DeepFake Voices for AI-Based Voice Analysis and Detection/Dataset/S1F04/Real/23.wav,0,MEN,MEN-S1F04,TG:33b99dc1f5f3c11d,-16.609375,1,0.4008333333333334,6.11843e-08
mendeley/extracted/Bangla Audio Dataset Original and DeepFake Voices for AI-Based Voice Analysis and Detection/Dataset/S1F04/Real/24.wav,0,MEN,MEN-S1F04,TG:eea9ea1fd2041b22,-7.6601562,1,0.4008333333333334,0.0004710118
mendeley/extracted/Bangla Audio Dataset Original and DeepFake Voices for AI-Based Voice Analysis and Detection/Dataset/S1F04/Real/25.wav,0,MEN,MEN-S1F04,TG:a7e7a70438f10a1d,2.5996094,1,0.3841666666666666,0.9308365
mendeley/extracted/Bangla Audio Dataset Original and DeepFake Voices for AI-Based Voice Analysis and Detection/Dataset/S1F04/Real/26.wav,0,MEN,MEN-S1F04,TG:6fe89ab891f32c4e,0.9526367,1,0.3841666666666666,0.7216451
mendeley/extracted/Bangla Audio Dataset Original and DeepFake Voices for AI-Based Voice Analysis and Detection/Dataset/S1F04/Real/27.wav,0,MEN,MEN-S1F04,TG:2c5f8f2f6f8c1b98,-10.328125,1,0.4341666666666667,3.2699274e-05
mendeley/extracted/Bangla Audio Dataset Original and DeepFake Voices for AI-Based Voice Analysis and Detection/Dataset/S1F04/Real/28.wav,0,MEN,MEN-S1F04,TG:6283d6f65cda971a,-15.109375,1,0.4675,2.7420901e-07
mendeley/extracted/Bangla Audio Dataset Original and DeepFake Voices for AI-Based Voice Analysis and Detection/Dataset/S1F04/Real/29.wav,0,MEN,MEN-S1F04,TG:8544d87f606d70e6,-17.859375,1,0.3675,1.7529599e-08
mendeley/extracted/Bangla Audio Dataset Original and DeepFake Voices for AI-Based Voice Analysis and Detection/Dataset/S1F04/Real/3.wav,0,MEN,MEN-S1F04,TG:79dd086d061de522,-1.3037109,1,0.4508333333333333,0.21354114
mendeley/extracted/Bangla Audio Dataset Original and DeepFake Voices for AI-Based Voice Analysis and Detection/Dataset/S1F04/Real/30.wav,0,MEN,MEN-S1F04,TG:c7b089fc1ba419ab,-3.3945312,1,0.3341666666666666,0.032466814
mendeley/extracted/Bangla Audio Dataset Original and DeepFake Voices for AI-Based Voice Analysis and Detection/Dataset/S1F04/Real/4.wav,0,MEN,MEN-S1F04,TG:4d5fe26cc7778810,-16.78125,1,0.4341666666666667,5.1522353e-08
mendeley/extracted/Bangla Audio Dataset Original and DeepFake Voices for AI-Based Voice Analysis and Detection/Dataset/S1F04/Real/5.wav,0,MEN,MEN-S1F04,TG:5adc5ae46d5a5744,-12.234375,1,0.3508333333333333,4.8604484e-06
mendeley/extracted/Bangla Audio Dataset Original and DeepFake Voices for AI-Based Voice Analysis and Detection/Dataset/S1F04/Real/6.wav,0,MEN,MEN-S1F04,TG:ceba938af43c06ae,-17.5625,1,0.3675,2.3588655e-08
mendeley/extracted/Bangla Audio Dataset Original and DeepFake Voices for AI-Based Voice Analysis and Detection/Dataset/S1F04/Real/7.wav,0,MEN,MEN-S1F04,TG:4c7966295caf20ad,-1.2646484,1,0.3675,0.22017473
mendeley/extracted/Bangla Audio Dataset Original and DeepFake Voices for AI-Based Voice Analysis and Detection/Dataset/S1F04/Real/8.wav,0,MEN,MEN-S1F04,TG:a108bfb385dd7acb,9.2421875,1,0.3508333333333333,0.9999031
mendeley/extracted/Bangla Audio Dataset Original and DeepFake Voices for AI-Based Voice Analysis and Detection/Dataset/S1F04/Real/9.wav,0,MEN,MEN-S1F04,TG:2a9989c6f851b5a4,0.5913086,1,0.3841666666666666,0.6436654
mendeley/extracted/Bangla Audio Dataset Original and DeepFake Voices for AI-Based Voice Analysis and Detection/Dataset/S1F05/Fake/1.wav,1,MEN,MEN-S1F05,TG:8388d9ee191bd954,1.6220703,1,0.6258333333333334,0.83508044
mendeley/extracted/Bangla Audio Dataset Original and DeepFake Voices for AI-Based Voice Analysis and Detection/Dataset/S1F05/Fake/10.wav,1,MEN,MEN-S1F05,TG:388cb19343cb520a,-3.953125,1,0.4508333333333333,0.01883313
mendeley/extracted/Bangla Audio Dataset Original and DeepFake Voices for AI-Based Voice Analysis and Detection/Dataset/S1F05/Fake/11.wav,1,MEN,MEN-S1F05,TG:6663f3ce55d8ec7f,4.6132812,1,0.2941666666666667,0.9901782
mendeley/extracted/Bangla Audio Dataset Original and DeepFake Voices for AI-Based Voice Analysis and Detection/Dataset/S1F05/Fake/12.wav,1,MEN,MEN-S1F05,TG:d3ff909607e60de8,8.8125,1,0.3225,0.9998511
mendeley/extracted/Bangla Audio Dataset Original and DeepFake Voices for AI-Based Voice Analysis and Detection/Dataset/S1F05/Fake/13.wav,1,MEN,MEN-S1F05,TG:713c2af6f394806f,5.9492188,1,0.4408333333333333,0.997399
mendeley/extracted/Bangla Audio Dataset Original and DeepFake Voices for AI-Based Voice Analysis and Detection/Dataset/S1F05/Fake/14.wav,1,MEN,MEN-S1F05,TG:40c1016845dcdc60,-14.234375,1,0.4091666666666667,6.57793e-07
mendeley/extracted/Bangla Audio Dataset Original and DeepFake Voices for AI-Based Voice Analysis and Detection/Dataset/S1F05/Fake/15.wav,1,MEN,MEN-S1F05,TG:210364c8aadbef3a,-6.9257812,1,0.4525,0.000981172
mendeley/extracted/Bangla Audio Dataset Original and DeepFake Voices for AI-Based Voice Analysis and Detection/Dataset/S1F05/Fake/16.wav,1,MEN,MEN-S1F05,TG:f263a794fb5b64e5,21.71875,1,0.4775,1.0
mendeley/extracted/Bangla Audio Dataset Original and DeepFake Voices for AI-Based Voice Analysis and Detection/Dataset/S1F05/Fake/17.wav,1,MEN,MEN-S1F05,TG:ba06269e11aa0648,-11.5078125,1,0.4008333333333334,1.005116e-05
mendeley/extracted/Bangla Audio Dataset Original and DeepFake Voices for AI-Based Voice Analysis and Detection/Dataset/S1F05/Fake/18.wav,1,MEN,MEN-S1F05,TG:a06e050050b3f438,-9.2734375,1,0.4725,9.387641e-05
mendeley/extracted/Bangla Audio Dataset Original and DeepFake Voices for AI-Based Voice Analysis and Detection/Dataset/S1F05/Fake/19.wav,1,MEN,MEN-S1F05,TG:9a7eea3d42c2dfa3,-0.4794922,1,0.5275000000000001,0.38237205
mendeley/extracted/Bangla Audio Dataset Original and DeepFake Voices for AI-Based Voice Analysis and Detection/Dataset/S1F05/Fake/2.wav,1,MEN,MEN-S1F05,TG:4ff8497e59c46949,-12.1953125,1,0.5075000000000001,5.0540657e-06
mendeley/extracted/Bangla Audio Dataset Original and DeepFake Voices for AI-Based Voice Analysis and Detection/Dataset/S1F05/Fake/20.wav,1,MEN,MEN-S1F05,TG:9f86ecadb4b2b5e8,-12.3671875,1,0.3508333333333333,4.255953e-06
mendeley/extracted/Bangla Audio Dataset Original and DeepFake Voices for AI-Based Voice Analysis and Detection/Dataset/S1F05/Fake/21.wav,1,MEN,MEN-S1F05,TG:224581f07ca68840,7.859375,1,0.3075,0.99961406
mendeley/extracted/Bangla Audio Dataset Original and DeepFake Voices for AI-Based Voice Analysis and Detection/Dataset/S1F05/Fake/22.wav,1,MEN,MEN-S1F05,TG:cdf2b766d6b5e166,26.140625,1,0.2991666666666667,1.0
mendeley/extracted/Bangla Audio Dataset Original and DeepFake Voices for AI-Based Voice Analysis and Detection/Dataset/S1F05/Fake/23.wav,1,MEN,MEN-S1F05,TG:33b99dc1f5f3c11d,7.109375,1,0.2008333333333333,0.99918324
mendeley/extracted/Bangla Audio Dataset Original and DeepFake Voices for AI-Based Voice Analysis and Detection/Dataset/S1F05/Fake/24.wav,1,MEN,MEN-S1F05,TG:eea9ea1fd2041b22,17.390625,1,0.4475,1.0
mendeley/extracted/Bangla Audio Dataset Original and DeepFake Voices for AI-Based Voice Analysis and Detection/Dataset/S1F05/Fake/25.wav,1,MEN,MEN-S1F05,TG:a7e7a70438f10a1d,-2.5273438,1,0.4191666666666667,0.073963374
mendeley/extracted/Bangla Audio Dataset Original and DeepFake Voices for AI-Based Voice Analysis and Detection/Dataset/S1F05/Fake/26.wav,1,MEN,MEN-S1F05,TG:6fe89ab891f32c4e,-5.75,1,0.2141666666666666,0.0031726826
mendeley/extracted/Bangla Audio Dataset Original and DeepFake Voices for AI-Based Voice Analysis and Detection/Dataset/S1F05/Fake/27.wav,1,MEN,MEN-S1F05,TG:2c5f8f2f6f8c1b98,4.4101562,1,0.4958333333333333,0.98799264
mendeley/extracted/Bangla Audio Dataset Original and DeepFake Voices for AI-Based Voice Analysis and Detection/Dataset/S1F05/Fake/28.wav,1,MEN,MEN-S1F05,TG:6283d6f65cda971a,-2.5253906,1,0.4708333333333333,0.07409726
mendeley/extracted/Bangla Audio Dataset Original and DeepFake Voices for AI-Based Voice Analysis and Detection/Dataset/S1F05/Fake/29.wav,1,MEN,MEN-S1F05,TG:8544d87f606d70e6,4.671875,1,0.2658333333333333,0.990732
mendeley/extracted/Bangla Audio Dataset Original and DeepFake Voices for AI-Based Voice Analysis and Detection/Dataset/S1F05/Fake/3.wav,1,MEN,MEN-S1F05,TG:79dd086d061de522,-5.953125,1,0.5391666666666667,0.0025909794
mendeley/extracted/Bangla Audio Dataset Original and DeepFake Voices for AI-Based Voice Analysis and Detection/Dataset/S1F05/Fake/30.wav,1,MEN,MEN-S1F05,TG:c7b089fc1ba419ab,14.3671875,1,0.3675,0.9999994
mendeley/extracted/Bangla Audio Dataset Original and DeepFake Voices for AI-Based Voice Analysis and Detection/Dataset/S1F05/Fake/4.wav,1,MEN,MEN-S1F05,TG:4d5fe26cc7778810,13.515625,1,0.5441666666666667,0.9999987
mendeley/extracted/Bangla Audio Dataset Original and DeepFake Voices for AI-Based Voice Analysis and Detection/Dataset/S1F05/Fake/5.wav,1,MEN,MEN-S1F05,TG:5adc5ae46d5a5744,1.6757812,1,0.3791666666666666,0.84234506
mendeley/extracted/Bangla Audio Dataset Original and DeepFake Voices for AI-Based Voice Analysis and Detection/Dataset/S1F05/Fake/6.wav,1,MEN,MEN-S1F05,TG:ceba938af43c06ae,7.0546875,1,0.5125,0.9991374
mendeley/extracted/Bangla Audio Dataset Original and DeepFake Voices for AI-Based Voice Analysis and Detection/Dataset/S1F05/Fake/7.wav,1,MEN,MEN-S1F05,TG:4c7966295caf20ad,1.59375,1,0.4158333333333334,0.8311431
mendeley/extracted/Bangla Audio Dataset Original and DeepFake Voices for AI-Based Voice Analysis and Detection/Dataset/S1F05/Fake/8.wav,1,MEN,MEN-S1F05,TG:a108bfb385dd7acb,11.765625,1,0.4291666666666667,0.99999225
mendeley/extracted/Bangla Audio Dataset Original and DeepFake Voices for AI-Based Voice Analysis and Detection/Dataset/S1F05/Fake/9.wav,1,MEN,MEN-S1F05,TG:2a9989c6f851b5a4,-10.7421875,1,0.4591666666666666,2.1613141e-05
mendeley/extracted/Bangla Audio Dataset Original and DeepFake Voices for AI-Based Voice Analysis and Detection/Dataset/S1F05/Real/1.wav,0,MEN,MEN-S1F05,TG:8388d9ee191bd954,-15.140625,1,0.5008333333333334,2.6577246e-07
mendeley/extracted/Bangla Audio Dataset Original and DeepFake Voices for AI-Based Voice Analysis and Detection/Dataset/S1F05/Real/10.wav,0,MEN,MEN-S1F05,TG:388cb19343cb520a,8.734375,1,0.4508333333333333,0.99983907
mendeley/extracted/Bangla Audio Dataset Original and DeepFake Voices for AI-Based Voice Analysis and Detection/Dataset/S1F05/Real/11.wav,0,MEN,MEN-S1F05,TG:6663f3ce55d8ec7f,2.9804688,1,0.3508333333333333,0.9516839
mendeley/extracted/Bangla Audio Dataset Original and DeepFake Voices for AI-Based Voice Analysis and Detection/Dataset/S1F05/Real/12.wav,0,MEN,MEN-S1F05,TG:d3ff909607e60de8,-3.6777344,1,0.4008333333333334,0.024656856
mendeley/extracted/Bangla Audio Dataset Original and DeepFake Voices for AI-Based Voice Analysis and Detection/Dataset/S1F05/Real/13.wav,0,MEN,MEN-S1F05,TG:713c2af6f394806f,-16.640625,1,0.4008333333333334,5.9301865e-08
mendeley/extracted/Bangla Audio Dataset Original and DeepFake Voices for AI-Based Voice Analysis and Detection/Dataset/S1F05/Real/14.wav,0,MEN,MEN-S1F05,TG:40c1016845dcdc60,-12.328125,1,0.4341666666666667,4.4254903e-06
mendeley/extracted/Bangla Audio Dataset Original and DeepFake Voices for AI-Based Voice Analysis and Detection/Dataset/S1F05/Real/15.wav,0,MEN,MEN-S1F05,TG:210364c8aadbef3a,-2.9355469,1,0.4675,0.05042407
mendeley/extracted/Bangla Audio Dataset Original and DeepFake Voices for AI-Based Voice Analysis and Detection/Dataset/S1F05/Real/16.wav,0,MEN,MEN-S1F05,TG:f263a794fb5b64e5,24.828125,1,0.4508333333333333,1.0
mendeley/extracted/Bangla Audio Dataset Original and DeepFake Voices for AI-Based Voice Analysis and Detection/Dataset/S1F05/Real/17.wav,0,MEN,MEN-S1F05,TG:ba06269e11aa0648,-9.578125,1,0.4175,6.922184e-05
mendeley/extracted/Bangla Audio Dataset Original and DeepFake Voices for AI-Based Voice Analysis and Detection/Dataset/S1F05/Real/18.wav,0,MEN,MEN-S1F05,TG:a06e050050b3f438,-24.03125,1,0.5341666666666667,3.658986e-11
mendeley/extracted/Bangla Audio Dataset Original and DeepFake Voices for AI-Based Voice Analysis and Detection/Dataset/S1F05/Real/19.wav,0,MEN,MEN-S1F05,TG:9a7eea3d42c2dfa3,4.1171875,1,0.4508333333333333,0.9839708
mendeley/extracted/Bangla Audio Dataset Original and DeepFake Voices for AI-Based Voice Analysis and Detection/Dataset/S1F05/Real/2.wav,0,MEN,MEN-S1F05,TG:4ff8497e59c46949,-17.578125,1,0.4841666666666666,2.3222947e-08
mendeley/extracted/Bangla Audio Dataset Original and DeepFake Voices for AI-Based Voice Analysis and Detection/Dataset/S1F05/Real/20.wav,0,MEN,MEN-S1F05,TG:9f86ecadb4b2b5e8,4.1445312,1,0.3508333333333333,0.98439646
mendeley/extracted/Bangla Audio Dataset Original and DeepFake Voices for AI-Based Voice Analysis and Detection/Dataset/S1F05/Real/21.wav,0,MEN,MEN-S1F05,TG:224581f07ca68840,6.6640625,1,0.4008333333333334,0.9987257
mendeley/extracted/Bangla Audio Dataset Original and DeepFake Voices for AI-Based Voice Analysis and Detection/Dataset/S1F05/Real/22.wav,0,MEN,MEN-S1F05,TG:cdf2b766d6b5e166,-0.3347168,1,0.4008333333333334,0.41709343
mendeley/extracted/Bangla Audio Dataset Original and DeepFake Voices for AI-Based Voice Analysis and Detection/Dataset/S1F05/Real/23.wav,0,MEN,MEN-S1F05,TG:33b99dc1f5f3c11d,-5.2695312,1,0.4508333333333333,0.0051196762
mendeley/extracted/Bangla Audio Dataset Original and DeepFake Voices for AI-Based Voice Analysis and Detection/Dataset/S1F05/Real/24.wav,0,MEN,MEN-S1F05,TG:eea9ea1fd2041b22,13.40625,1,0.4008333333333334,0.99999845
mendeley/extracted/Bangla Audio Dataset Original and DeepFake Voices for AI-Based Voice Analysis and Detection/Dataset/S1F05/Real/25.wav,0,MEN,MEN-S1F05,TG:a7e7a70438f10a1d,14.546875,1,0.3841666666666666,0.9999995
mendeley/extracted/Bangla Audio Dataset Original and DeepFake Voices for AI-Based Voice Analysis and Detection/Dataset/S1F05/Real/26.wav,0,MEN,MEN-S1F05,TG:6fe89ab891f32c4e,2.0664062,1,0.4675,0.88759494
mendeley/extracted/Bangla Audio Dataset Original and DeepFake Voices for AI-Based Voice Analysis and Detection/Dataset/S1F05/Real/27.wav,0,MEN,MEN-S1F05,TG:2c5f8f2f6f8c1b98,1.4785156,1,0.5008333333333334,0.8143483
mendeley/extracted/Bangla Audio Dataset Original and DeepFake Voices for AI-Based Voice Analysis and Detection/Dataset/S1F05/Real/28.wav,0,MEN,MEN-S1F05,TG:6283d6f65cda971a,-15.78125,1,0.5175000000000001,1.4005226e-07
mendeley/extracted/Bangla Audio Dataset Original and DeepFake Voices for AI-Based Voice Analysis and Detection/Dataset/S1F05/Real/29.wav,0,MEN,MEN-S1F05,TG:8544d87f606d70e6,0.066833496,1,0.4008333333333334,0.5167021
mendeley/extracted/Bangla Audio Dataset Original and DeepFake Voices for AI-Based Voice Analysis and Detection/Dataset/S1F05/Real/3.wav,0,MEN,MEN-S1F05,TG:79dd086d061de522,-16.21875,1,0.4175,9.042455e-08
mendeley/extracted/Bangla Audio Dataset Original and DeepFake Voices for AI-Based Voice Analysis and Detection/Dataset/S1F05/Real/30.wav,0,MEN,MEN-S1F05,TG:c7b089fc1ba419ab,18.5625,1,0.4175,1.0
mendeley/extracted/Bangla Audio Dataset Original and DeepFake Voices for AI-Based Voice Analysis and Detection/Dataset/S1F05/Real/4.wav,0,MEN,MEN-S1F05,TG:4d5fe26cc7778810,-3.7851562,1,0.4508333333333333,0.02220123
mendeley/extracted/Bangla Audio Dataset Original and DeepFake Voices for AI-Based Voice Analysis and Detection/Dataset/S1F05/Real/5.wav,0,MEN,MEN-S1F05,TG:5adc5ae46d5a5744,-14.375,1,0.3675,5.7150044e-07
mendeley/extracted/Bangla Audio Dataset Original and DeepFake Voices for AI-Based Voice Analysis and Detection/Dataset/S1F05/Real/6.wav,0,MEN,MEN-S1F05,TG:ceba938af43c06ae,-17.359375,1,0.4841666666666666,2.8901423e-08
mendeley/extracted/Bangla Audio Dataset Original and DeepFake Voices for AI-Based Voice Analysis and Detection/Dataset/S1F05/Real/7.wav,0,MEN,MEN-S1F05,TG:4c7966295caf20ad,-6.3320312,1,0.4175,0.0017752605
mendeley/extracted/Bangla Audio Dataset Original and DeepFake Voices for AI-Based Voice Analysis and Detection/Dataset/S1F05/Real/8.wav,0,MEN,MEN-S1F05,TG:a108bfb385dd7acb,2.7929688,1,0.4175,0.9422947
mendeley/extracted/Bangla Audio Dataset Original and DeepFake Voices for AI-Based Voice Analysis and Detection/Dataset/S1F05/Real/9.wav,0,MEN,MEN-S1F05,TG:2a9989c6f851b5a4,-11.1484375,1,0.4341666666666667,1.4397558e-05
mendeley/extracted/Bangla Audio Dataset Original and DeepFake Voices for AI-Based Voice Analysis and Detection/Dataset/S1M01/Fake/1.wav,1,MEN,MEN-S1M01,TG:8388d9ee191bd954,-24.796875,1,0.5391666666666667,1.7015864e-11
mendeley/extracted/Bangla Audio Dataset Original and DeepFake Voices for AI-Based Voice Analysis and Detection/Dataset/S1M01/Fake/10.wav,1,MEN,MEN-S1M01,TG:388cb19343cb520a,-52.0625,1,0.3508333333333333,2.4521304e-23
mendeley/extracted/Bangla Audio Dataset Original and DeepFake Voices for AI-Based Voice Analysis and Detection/Dataset/S1M01/Fake/11.wav,1,MEN,MEN-S1M01,TG:6663f3ce55d8ec7f,-34.34375,1,0.2658333333333333,1.2153432e-15
mendeley/extracted/Bangla Audio Dataset Original and DeepFake Voices for AI-Based Voice Analysis and Detection/Dataset/S1M01/Fake/12.wav,1,MEN,MEN-S1M01,TG:d3ff909607e60de8,-16.28125,1,0.2891666666666667,8.4945995e-08
mendeley/extracted/Bangla Audio Dataset Original and DeepFake Voices for AI-Based Voice Analysis and Detection/Dataset/S1M01/Fake/13.wav,1,MEN,MEN-S1M01,TG:713c2af6f394806f,-25.96875,1,0.3458333333333333,5.2712687e-12
mendeley/extracted/Bangla Audio Dataset Original and DeepFake Voices for AI-Based Voice Analysis and Detection/Dataset/S1M01/Fake/14.wav,1,MEN,MEN-S1M01,TG:40c1016845dcdc60,-22.140625,1,0.2891666666666667,2.4235322e-10
mendeley/extracted/Bangla Audio Dataset Original and DeepFake Voices for AI-Based Voice Analysis and Detection/Dataset/S1M01/Fake/15.wav,1,MEN,MEN-S1M01,TG:210364c8aadbef3a,-30.203125,1,0.3708333333333333,7.63747e-14
mendeley/extracted/Bangla Audio Dataset Original and DeepFake Voices for AI-Based Voice Analysis and Detection/Dataset/S1M01/Fake/16.wav,1,MEN,MEN-S1M01,TG:f263a794fb5b64e5,-18.53125,1,0.3758333333333333,8.9532435e-09
mendeley/extracted/Bangla Audio Dataset Original and DeepFake Voices for AI-Based Voice Analysis and Detection/Dataset/S1M01/Fake/17.wav,1,MEN,MEN-S1M01,TG:ba06269e11aa0648,-30.75,1,0.3891666666666666,4.4202282e-14
mendeley/extracted/Bangla Audio Dataset Original and DeepFake Voices for AI-Based Voice Analysis and Detection/Dataset/S1M01/Fake/18.wav,1,MEN,MEN-S1M01,TG:a06e050050b3f438,-38.90625,1,0.4408333333333333,1.2683242e-17
mendeley/extracted/Bangla Audio Dataset Original and DeepFake Voices for AI-Based Voice Analysis and Detection/Dataset/S1M01/Fake/19.wav,1,MEN,MEN-S1M01,TG:9a7eea3d42c2dfa3,-29.203125,1,0.4408333333333333,2.0760792e-13
mendeley/extracted/Bangla Audio Dataset Original and DeepFake Voices for AI-Based Voice Analysis and Detection/Dataset/S1M01/Fake/2.wav,1,MEN,MEN-S1M01,TG:4ff8497e59c46949,-33.875,1,0.4041666666666667,1.9421127e-15
mendeley/extracted/Bangla Audio Dataset Original and DeepFake Voices for AI-Based Voice Analysis and Detection/Dataset/S1M01/Fake/20.wav,1,MEN,MEN-S1M01,TG:9f86ecadb4b2b5e8,-36.84375,1,0.3175,9.9761436e-17
mendeley/extracted/Bangla Audio Dataset Original and DeepFake Voices for AI-Based Voice Analysis and Detection/Dataset/S1M01/Fake/21.wav,1,MEN,MEN-S1M01,TG:224581f07ca68840,-21.578125,1,0.2908333333333334,4.2534307e-10
mendeley/extracted/Bangla Audio Dataset Original and DeepFake Voices for AI-Based Voice Analysis and Detection/Dataset/S1M01/Fake/22.wav,1,MEN,MEN-S1M01,TG:cdf2b766d6b5e166,-36.9375,1,0.3941666666666666,9.083383e-17
mendeley/extracted/Bangla Audio Dataset Original and DeepFake Voices for AI-Based Voice Analysis and Detection/Dataset/S1M01/Fake/23.wav,1,MEN,MEN-S1M01,TG:33b99dc1f5f3c11d,-24.09375,1,0.1308333333333333,3.4372994e-11
mendeley/extracted/Bangla Audio Dataset Original and DeepFake Voices for AI-Based Voice Analysis and Detection/Dataset/S1M01/Fake/24.wav,1,MEN,MEN-S1M01,TG:eea9ea1fd2041b22,-23.296875,1,0.0891666666666666,7.625982e-11
mendeley/extracted/Bangla Audio Dataset Original and DeepFake Voices for AI-Based Voice Analysis and Detection/Dataset/S1M01/Fake/25.wav,1,MEN,MEN-S1M01,TG:a7e7a70438f10a1d,-20.09375,1,0.3241666666666667,1.8767017e-09
mendeley/extracted/Bangla Audio Dataset Original and DeepFake Voices for AI-Based Voice Analysis and Detection/Dataset/S1M01/Fake/26.wav,1,MEN,MEN-S1M01,TG:6fe89ab891f32c4e,-27.484375,1,0.0608333333333332,1.1579441e-12
mendeley/extracted/Bangla Audio Dataset Original and DeepFake Voices for AI-Based Voice Analysis and Detection/Dataset/S1M01/Fake/27.wav,1,MEN,MEN-S1M01,TG:2c5f8f2f6f8c1b98,-27.0,1,0.2708333333333333,1.8795289e-12
mendeley/extracted/Bangla Audio Dataset Original and DeepFake Voices for AI-Based Voice Analysis and Detection/Dataset/S1M01/Fake/28.wav,1,MEN,MEN-S1M01,TG:6283d6f65cda971a,-32.09375,1,0.4791666666666666,1.1530854e-14
mendeley/extracted/Bangla Audio Dataset Original and DeepFake Voices for AI-Based Voice Analysis and Detection/Dataset/S1M01/Fake/29.wav,1,MEN,MEN-S1M01,TG:8544d87f606d70e6,-32.0,1,0.1825,1.2664166e-14
mendeley/extracted/Bangla Audio Dataset Original and DeepFake Voices for AI-Based Voice Analysis and Detection/Dataset/S1M01/Fake/3.wav,1,MEN,MEN-S1M01,TG:79dd086d061de522,-28.015625,1,0.5141666666666667,6.8072024e-13
mendeley/extracted/Bangla Audio Dataset Original and DeepFake Voices for AI-Based Voice Analysis and Detection/Dataset/S1M01/Fake/30.wav,1,MEN,MEN-S1M01,TG:c7b089fc1ba419ab,-15.609375,1,0.2441666666666666,1.663162e-07
mendeley/extracted/Bangla Audio Dataset Original and DeepFake Voices for AI-Based Voice Analysis and Detection/Dataset/S1M01/Fake/4.wav,1,MEN,MEN-S1M01,TG:4d5fe26cc7778810,-32.3125,1,0.5108333333333333,9.265302e-15
mendeley/extracted/Bangla Audio Dataset Original and DeepFake Voices for AI-Based Voice Analysis and Detection/Dataset/S1M01/Fake/5.wav,1,MEN,MEN-S1M01,TG:5adc5ae46d5a5744,-27.515625,1,0.4675,1.122318e-12
mendeley/extracted/Bangla Audio Dataset Original and DeepFake Voices for AI-Based Voice Analysis and Detection/Dataset/S1M01/Fake/6.wav,1,MEN,MEN-S1M01,TG:ceba938af43c06ae,-29.09375,1,0.4791666666666666,2.316034e-13
mendeley/extracted/Bangla Audio Dataset Original and DeepFake Voices for AI-Based Voice Analysis and Detection/Dataset/S1M01/Fake/7.wav,1,MEN,MEN-S1M01,TG:4c7966295caf20ad,-32.1875,1,0.3941666666666666,1.04989615e-14
mendeley/extracted/Bangla Audio Dataset Original and DeepFake Voices for AI-Based Voice Analysis and Detection/Dataset/S1M01/Fake/8.wav,1,MEN,MEN-S1M01,TG:a108bfb385dd7acb,-33.5,1,0.2574999999999999,2.8257574e-15
mendeley/extracted/Bangla Audio Dataset Original and DeepFake Voices for AI-Based Voice Analysis and Detection/Dataset/S1M01/Fake/9.wav,1,MEN,MEN-S1M01,TG:2a9989c6f851b5a4,-27.703125,1,0.4558333333333333,9.304342e-13
mendeley/extracted/Bangla Audio Dataset Original and DeepFake Voices for AI-Based Voice Analysis and Detection/Dataset/S1M01/Real/1.wav,0,MEN,MEN-S1M01,TG:8388d9ee191bd954,-25.703125,1,0.5008333333333334,6.875031e-12
mendeley/extracted/Bangla Audio Dataset Original and DeepFake Voices for AI-Based Voice Analysis and Detection/Dataset/S1M01/Real/10.wav,0,MEN,MEN-S1M01,TG:388cb19343cb520a,-44.3125,1,0.5008333333333334,5.692798e-20
mendeley/extracted/Bangla Audio Dataset Original and DeepFake Voices for AI-Based Voice Analysis and Detection/Dataset/S1M01/Real/11.wav,0,MEN,MEN-S1M01,TG:6663f3ce55d8ec7f,-43.875,1,0.5341666666666667,8.8171786e-20
mendeley/extracted/Bangla Audio Dataset Original and DeepFake Voices for AI-Based Voice Analysis and Detection/Dataset/S1M01/Real/12.wav,0,MEN,MEN-S1M01,TG:d3ff909607e60de8,-44.125,1,0.5225,6.866825e-20
mendeley/extracted/Bangla Audio Dataset Original and DeepFake Voices for AI-Based Voice Analysis and Detection/Dataset/S1M01/Real/13.wav,0,MEN,MEN-S1M01,TG:713c2af6f394806f,-38.28125,1,0.4475,2.3695417e-17
mendeley/extracted/Bangla Audio Dataset Original and DeepFake Voices for AI-Based Voice Analysis and Detection/Dataset/S1M01/Real/14.wav,0,MEN,MEN-S1M01,TG:40c1016845dcdc60,-31.296875,1,0.5208333333333333,2.5582318e-14
mendeley/extracted/Bangla Audio Dataset Original and DeepFake Voices for AI-Based Voice Analysis and Detection/Dataset/S1M01/Real/15.wav,0,MEN,MEN-S1M01,TG:210364c8aadbef3a,-45.65625,1,0.5308333333333333,1.4850551e-20
mendeley/extracted/Bangla Audio Dataset Original and DeepFake Voices for AI-Based Voice Analysis and Detection/Dataset/S1M01/Real/16.wav,0,MEN,MEN-S1M01,TG:f263a794fb5b64e5,-35.84375,1,0.4991666666666666,2.711797e-16
mendeley/extracted/Bangla Audio Dataset Original and DeepFake Voices for AI-Based Voice Analysis and Detection/Dataset/S1M01/Real/17.wav,0,MEN,MEN-S1M01,TG:ba06269e11aa0648,-40.46875,1,0.4891666666666666,2.6585523e-18
mendeley/extracted/Bangla Audio Dataset Original and DeepFake Voices for AI-Based Voice Analysis and Detection/Dataset/S1M01/Real/18.wav,0,MEN,MEN-S1M01,TG:a06e050050b3f438,-47.1875,1,0.6225,3.211657e-21
mendeley/extracted/Bangla Audio Dataset Original and DeepFake Voices for AI-Based Voice Analysis and Detection/Dataset/S1M01/Real/19.wav,0,MEN,MEN-S1M01,TG:9a7eea3d42c2dfa3,-69.6875,1,0.5675,5.4337955e-31
mendeley/extracted/Bangla Audio Dataset Original and DeepFake Voices for AI-Based Voice Analysis and Detection/Dataset/S1M01/Real/2.wav,0,MEN,MEN-S1M01,TG:4ff8497e59c46949,-28.53125,1,0.4841666666666666,4.064766e-13
mendeley/extracted/Bangla Audio Dataset Original and DeepFake Voices for AI-Based Voice Analysis and Detection/Dataset/S1M01/Real/20.wav,0,MEN,MEN-S1M01,TG:9f86ecadb4b2b5e8,-57.34375,1,0.4041666666666667,1.2471704e-25
mendeley/extracted/Bangla Audio Dataset Original and DeepFake Voices for AI-Based Voice Analysis and Detection/Dataset/S1M01/Real/21.wav,0,MEN,MEN-S1M01,TG:224581f07ca68840,-43.8125,1,0.4658333333333333,9.385837e-20
mendeley/extracted/Bangla Audio Dataset Original and DeepFake Voices for AI-Based Voice Analysis and Detection/Dataset/S1M01/Real/22.wav,0,MEN,MEN-S1M01,TG:cdf2b766d6b5e166,-53.46875,1,0.4841666666666666,6.009204e-24
mendeley/extracted/Bangla Audio Dataset Original and DeepFake Voices for AI-Based Voice Analysis and Detection/Dataset/S1M01/Real/23.wav,0,MEN,MEN-S1M01,TG:33b99dc1f5f3c11d,-39.1875,1,0.4575,9.573815e-18
mendeley/extracted/Bangla Audio Dataset Original and DeepFake Voices for AI-Based Voice Analysis and Detection/Dataset/S1M01/Real/24.wav,0,MEN,MEN-S1M01,TG:eea9ea1fd2041b22,-39.46875,1,0.5558333333333334,7.226694e-18
mendeley/extracted/Bangla Audio Dataset Original and DeepFake Voices for AI-Based Voice Analysis and Detection/Dataset/S1M01/Real/25.wav,0,MEN,MEN-S1M01,TG:a7e7a70438f10a1d,-39.3125,1,0.4175,8.448862e-18
mendeley/extracted/Bangla Audio Dataset Original and DeepFake Voices for AI-Based Voice Analysis and Detection/Dataset/S1M01/Real/26.wav,0,MEN,MEN-S1M01,TG:6fe89ab891f32c4e,-23.734375,1,0.5008333333333334,4.9237038e-11
mendeley/extracted/Bangla Audio Dataset Original and DeepFake Voices for AI-Based Voice Analysis and Detection/Dataset/S1M01/Real/27.wav,0,MEN,MEN-S1M01,TG:2c5f8f2f6f8c1b98,-32.125,1,0.4675,1.11760864e-14
mendeley/extracted/Bangla Audio Dataset Original and DeepFake Voices for AI-Based Voice Analysis and Detection/Dataset/S1M01/Real/28.wav,0,MEN,MEN-S1M01,TG:6283d6f65cda971a,-35.6875,1,0.4175,3.1704118e-16
mendeley/extracted/Bangla Audio Dataset Original and DeepFake Voices for AI-Based Voice Analysis and Detection/Dataset/S1M01/Real/29.wav,0,MEN,MEN-S1M01,TG:8544d87f606d70e6,-47.9375,1,0.3941666666666666,1.5170792e-21
mendeley/extracted/Bangla Audio Dataset Original and DeepFake Voices for AI-Based Voice Analysis and Detection/Dataset/S1M01/Real/3.wav,0,MEN,MEN-S1M01,TG:79dd086d061de522,-26.4375,1,0.5341666666666667,3.2986756e-12
mendeley/extracted/Bangla Audio Dataset Original and DeepFake Voices for AI-Based Voice Analysis and Detection/Dataset/S1M01/Real/30.wav,0,MEN,MEN-S1M01,TG:c7b089fc1ba419ab,-44.0,1,0.4675,7.781132e-20
mendeley/extracted/Bangla Audio Dataset Original and DeepFake Voices for AI-Based Voice Analysis and Detection/Dataset/S1M01/Real/4.wav,0,MEN,MEN-S1M01,TG:4d5fe26cc7778810,-39.1875,1,0.5175000000000001,9.573815e-18
mendeley/extracted/Bangla Audio Dataset Original and DeepFake Voices for AI-Based Voice Analysis and Detection/Dataset/S1M01/Real/5.wav,0,MEN,MEN-S1M01,TG:5adc5ae46d5a5744,-33.90625,1,0.5375,1.8823603e-15
mendeley/extracted/Bangla Audio Dataset Original and DeepFake Voices for AI-Based Voice Analysis and Detection/Dataset/S1M01/Real/6.wav,0,MEN,MEN-S1M01,TG:ceba938af43c06ae,-43.53125,1,0.5158333333333334,1.2434215e-19
mendeley/extracted/Bangla Audio Dataset Original and DeepFake Voices for AI-Based Voice Analysis and Detection/Dataset/S1M01/Real/7.wav,0,MEN,MEN-S1M01,TG:4c7966295caf20ad,-28.25,1,0.5325,5.38494e-13
mendeley/extracted/Bangla Audio Dataset Original and DeepFake Voices for AI-Based Voice Analysis and Detection/Dataset/S1M01/Real/8.wav,0,MEN,MEN-S1M01,TG:a108bfb385dd7acb,-24.640625,1,0.5441666666666667,1.989356e-11
mendeley/extracted/Bangla Audio Dataset Original and DeepFake Voices for AI-Based Voice Analysis and Detection/Dataset/S1M01/Real/9.wav,0,MEN,MEN-S1M01,TG:2a9989c6f851b5a4,-37.84375,1,0.5325,3.670018e-17
mendeley/extracted/Bangla Audio Dataset Original and DeepFake Voices for AI-Based Voice Analysis and Detection/Dataset/S1M02/Fake/1.wav,1,MEN,MEN-S1M02,TG:8388d9ee191bd954,-23.015625,1,0.4875,1.0102784e-10
mendeley/extracted/Bangla Audio Dataset Original and DeepFake Voices for AI-Based Voice Analysis and Detection/Dataset/S1M02/Fake/10.wav,1,MEN,MEN-S1M02,TG:388cb19343cb520a,-34.21875,1,0.3575,1.3771642e-15
mendeley/extracted/Bangla Audio Dataset Original and DeepFake Voices for AI-Based Voice Analysis and Detection/Dataset/S1M02/Fake/11.wav,1,MEN,MEN-S1M02,TG:6663f3ce55d8ec7f,-27.421875,1,0.2875,1.2326251e-12
mendeley/extracted/Bangla Audio Dataset Original and DeepFake Voices for AI-Based Voice Analysis and Detection/Dataset/S1M02/Fake/12.wav,1,MEN,MEN-S1M02,TG:d3ff909607e60de8,-23.71875,1,0.2574999999999999,5.0012407e-11
mendeley/extracted/Bangla Audio Dataset Original and DeepFake Voices for AI-Based Voice Analysis and Detection/Dataset/S1M02/Fake/13.wav,1,MEN,MEN-S1M02,TG:713c2af6f394806f,-31.984375,1,0.2941666666666667,1.2863598e-14
mendeley/extracted/Bangla Audio Dataset Original and DeepFake Voices for AI-Based Voice Analysis and Detection/Dataset/S1M02/Fake/14.wav,1,MEN,MEN-S1M02,TG:40c1016845dcdc60,-16.875,1,0.3108333333333333,4.6911637e-08
mendeley/extracted/Bangla Audio Dataset Original and DeepFake Voices for AI-Based Voice Analysis and Detection/Dataset/S1M02/Fake/15.wav,1,MEN,MEN-S1M02,TG:210364c8aadbef3a,-22.265625,1,0.4225,2.1387594e-10
mendeley/extracted/Bangla Audio Dataset Original and DeepFake Voices for AI-Based Voice Analysis and Detection/Dataset/S1M02/Fake/16.wav,1,MEN,MEN-S1M02,TG:f263a794fb5b64e5,0.8803711,1,0.4358333333333333,0.7068991
mendeley/extracted/Bangla Audio Dataset Original and DeepFake Voices for AI-Based Voice Analysis and Detection/Dataset/S1M02/Fake/17.wav,1,MEN,MEN-S1M02,TG:ba06269e11aa0648,-26.609375,1,0.3708333333333333,2.7777635e-12
mendeley/extracted/Bangla Audio Dataset Original and DeepFake Voices for AI-Based Voice Analysis and Detection/Dataset/S1M02/Fake/18.wav,1,MEN,MEN-S1M02,TG:a06e050050b3f438,-22.03125,1,0.4525,2.7036454e-10
mendeley/extracted/Bangla Audio Dataset Original and DeepFake Voices for AI-Based Voice Analysis and Detection/Dataset/S1M02/Fake/19.wav,1,MEN,MEN-S1M02,TG:9a7eea3d42c2dfa3,-25.359375,1,0.3908333333333333,9.695348e-12
mendeley/extracted/Bangla Audio Dataset Original and DeepFake Voices for AI-Based Voice Analysis and Detection/Dataset/S1M02/Fake/2.wav,1,MEN,MEN-S1M02,TG:4ff8497e59c46949,-21.09375,1,0.3641666666666666,6.903999e-10
mendeley/extracted/Bangla Audio Dataset Original and DeepFake Voices for AI-Based Voice Analysis and Detection/Dataset/S1M02/Fake/20.wav,1,MEN,MEN-S1M02,TG:9f86ecadb4b2b5e8,-28.265625,1,0.3441666666666666,5.301454e-13
mendeley/extracted/Bangla Audio Dataset Original and DeepFake Voices for AI-Based Voice Analysis and Detection/Dataset/S1M02/Fake/21.wav,1,MEN,MEN-S1M02,TG:224581f07ca68840,-22.953125,1,0.2341666666666666,1.0754357e-10
mendeley/extracted/Bangla Audio Dataset Original and DeepFake Voices for AI-Based Voice Analysis and Detection/Dataset/S1M02/Fake/22.wav,1,MEN,MEN-S1M02,TG:cdf2b766d6b5e166,-15.8671875,1,0.4275,1.2851919e-07
mendeley/extracted/Bangla Audio Dataset Original and DeepFake Voices for AI-Based Voice Analysis and Detection/Dataset/S1M02/Fake/23.wav,1,MEN,MEN-S1M02,TG:33b99dc1f5f3c11d,-17.65625,1,0.1875,2.1477714e-08
mendeley/extracted/Bangla Audio Dataset Original and DeepFake Voices for AI-Based Voice Analysis and Detection/Dataset/S1M02/Fake/24.wav,1,MEN,MEN-S1M02,TG:eea9ea1fd2041b22,-26.703125,1,0.2075,2.5291826e-12
mendeley/extracted/Bangla Audio Dataset Original and DeepFake Voices for AI-Based Voice Analysis and Detection/Dataset/S1M02/Fake/25.wav,1,MEN,MEN-S1M02,TG:a7e7a70438f10a1d,-21.515625,1,0.2941666666666667,4.527754e-10
mendeley/extracted/Bangla Audio Dataset Original and DeepFake Voices for AI-Based Voice Analysis and Detection/Dataset/S1M02/Fake/26.wav,1,MEN,MEN-S1M02,TG:6fe89ab891f32c4e,-15.4375,1,0.0891666666666666,1.9750534e-07
mendeley/extracted/Bangla Audio Dataset Original and DeepFake Voices for AI-Based Voice Analysis and Detection/Dataset/S1M02/Fake/27.wav,1,MEN,MEN-S1M02,TG:2c5f8f2f6f8c1b98,-22.0625,1,0.4125,2.6204627e-10
mendeley/extracted/Bangla Audio Dataset Original and DeepFake Voices for AI-Based Voice Analysis and Detection/Dataset/S1M02/Fake/28.wav,1,MEN,MEN-S1M02,TG:6283d6f65cda971a,-21.375,1,0.3808333333333333,5.211413e-10
mendeley/extracted/Bangla Audio Dataset Original and DeepFake Voices for AI-Based Voice Analysis and Detection/Dataset/S1M02/Fake/29.wav,1,MEN,MEN-S1M02,TG:8544d87f606d70e6,-27.765625,1,0.1391666666666666,8.740621e-13
mendeley/extracted/Bangla Audio Dataset Original and DeepFake Voices for AI-Based Voice Analysis and Detection/Dataset/S1M02/Fake/3.wav,1,MEN,MEN-S1M02,TG:79dd086d061de522,-29.828125,1,0.5175000000000001,1.1112452e-13
mendeley/extracted/Bangla Audio Dataset Original and DeepFake Voices for AI-Based Voice Analysis and Detection/Dataset/S1M02/Fake/30.wav,1,MEN,MEN-S1M02,TG:c7b089fc1ba419ab,-12.453125,1,0.2758333333333334,3.9054835e-06
mendeley/extracted/Bangla Audio Dataset Original and DeepFake Voices for AI-Based Voice Analysis and Detection/Dataset/S1M02/Fake/4.wav,1,MEN,MEN-S1M02,TG:4d5fe26cc7778810,-30.53125,1,0.5241666666666667,5.5010633e-14
mendeley/extracted/Bangla Audio Dataset Original and DeepFake Voices for AI-Based Voice Analysis and Detection/Dataset/S1M02/Fake/5.wav,1,MEN,MEN-S1M02,TG:5adc5ae46d5a5744,-34.78125,1,0.4375,7.846845e-16
mendeley/extracted/Bangla Audio Dataset Original and DeepFake Voices for AI-Based Voice Analysis and Detection/Dataset/S1M02/Fake/6.wav,1,MEN,MEN-S1M02,TG:ceba938af43c06ae,-27.625,1,0.4225,1.0060393e-12
mendeley/extracted/Bangla Audio Dataset Original and DeepFake Voices for AI-Based Voice Analysis and Detection/Dataset/S1M02/Fake/7.wav,1,MEN,MEN-S1M02,TG:4c7966295caf20ad,-19.21875,1,0.2925,4.5019735e-09
mendeley/extracted/Bangla Audio Dataset Original and DeepFake Voices for AI-Based Voice Analysis and Detection/Dataset/S1M02/Fake/8.wav,1,MEN,MEN-S1M02,TG:a108bfb385dd7acb,-27.875,1,0.2624999999999999,7.835042e-13
mendeley/extracted/Bangla Audio Dataset Original and DeepFake Voices for AI-Based Voice Analysis and Detection/Dataset/S1M02/Fake/9.wav,1,MEN,MEN-S1M02,TG:2a9989c6f851b5a4,-15.953125,1,0.4225,1.1793583e-07
mendeley/extracted/Bangla Audio Dataset Original and DeepFake Voices for AI-Based Voice Analysis and Detection/Dataset/S1M02/Real/1.wav,0,MEN,MEN-S1M02,TG:8388d9ee191bd954,-9.765625,1,0.6174999999999999,5.7387595e-05
mendeley/extracted/Bangla Audio Dataset Original and DeepFake Voices for AI-Based Voice Analysis and Detection/Dataset/S1M02/Real/10.wav,0,MEN,MEN-S1M02,TG:388cb19343cb520a,-1.1591797,1,0.3675,0.23881637
mendeley/extracted/Bangla Audio Dataset Original and DeepFake Voices for AI-Based Voice Analysis and Detection/Dataset/S1M02/Real/11.wav,0,MEN,MEN-S1M02,TG:6663f3ce55d8ec7f,-6.6484375,1,0.3508333333333333,0.0012943682
mendeley/extracted/Bangla Audio Dataset Original and DeepFake Voices for AI-Based Voice Analysis and Detection/Dataset/S1M02/Real/12.wav,0,MEN,MEN-S1M02,TG:d3ff909607e60de8,-16.546875,1,0.4008333333333334,6.5130365e-08
mendeley/extracted/Bangla Audio Dataset Original and DeepFake Voices for AI-Based Voice Analysis and Detection/Dataset/S1M02/Real/13.wav,0,MEN,MEN-S1M02,TG:713c2af6f394806f,-7.0859375,1,0.3675,0.0008360903
mendeley/extracted/Bangla Audio Dataset Original and DeepFake Voices for AI-Based Voice Analysis and Detection/Dataset/S1M02/Real/14.wav,0,MEN,MEN-S1M02,TG:40c1016845dcdc60,-16.90625,1,0.4008333333333334,4.546832e-08
mendeley/extracted/Bangla Audio Dataset Original and DeepFake Voices for AI-Based Voice Analysis and Detection/Dataset/S1M02/Real/15.wav,0,MEN,MEN-S1M02,TG:210364c8aadbef3a,-7.5234375,1,0.5008333333333334,0.0005399804
mendeley/extracted/Bangla Audio Dataset Original and DeepFake Voices for AI-Based Voice Analysis and Detection/Dataset/S1M02/Real/16.wav,0,MEN,MEN-S1M02,TG:f263a794fb5b64e5,-4.1210938,1,0.4508333333333333,0.015967654
mendeley/extracted/Bangla Audio Dataset Original and DeepFake Voices for AI-Based Voice Analysis and Detection/Dataset/S1M02/Real/17.wav,0,MEN,MEN-S1M02,TG:ba06269e11aa0648,-11.296875,1,0.5341666666666667,1.2411497e-05
mendeley/extracted/Bangla Audio Dataset Original and DeepFake Voices for AI-Based Voice Analysis and Detection/Dataset/S1M02/Real/18.wav,0,MEN,MEN-S1M02,TG:a06e050050b3f438,-2.2910156,1,0.4675,0.09186979
mendeley/extracted/Bangla Audio Dataset Original and DeepFake Voices for AI-Based Voice Analysis and Detection/Dataset/S1M02/Real/19.wav,0,MEN,MEN-S1M02,TG:9a7eea3d42c2dfa3,-17.9375,1,0.4008333333333334,1.6212228e-08
mendeley/extracted/Bangla Audio Dataset Original and DeepFake Voices for AI-Based Voice Analysis and Detection/Dataset/S1M02/Real/2.wav,0,MEN,MEN-S1M02,TG:4ff8497e59c46949,-26.703125,1,0.5508333333333333,2.5291826e-12
mendeley/extracted/Bangla Audio Dataset Original and DeepFake Voices for AI-Based Voice Analysis and Detection/Dataset/S1M02/Real/20.wav,0,MEN,MEN-S1M02,TG:9f86ecadb4b2b5e8,-5.9101562,1,0.3675,0.0027044294
mendeley/extracted/Bangla Audio Dataset Original and DeepFake Voices for AI-Based Voice Analysis and Detection/Dataset/S1M02/Real/21.wav,0,MEN,MEN-S1M02,TG:224581f07ca68840,-13.515625,1,0.4508333333333333,1.3497025e-06
mendeley/extracted/Bangla Audio Dataset Original and DeepFake Voices for AI-Based Voice Analysis and Detection/Dataset/S1M02/Real/22.wav,0,MEN,MEN-S1M02,TG:cdf2b766d6b5e166,6.515625,1,0.4675,0.9985221
mendeley/extracted/Bangla Audio Dataset Original and DeepFake Voices for AI-Based Voice Analysis and Detection/Dataset/S1M02/Real/23.wav,0,MEN,MEN-S1M02,TG:33b99dc1f5f3c11d,-12.6640625,1,0.3508333333333333,3.1627599e-06
mendeley/extracted/Bangla Audio Dataset Original and DeepFake Voices for AI-Based Voice Analysis and Detection/Dataset/S1M02/Real/24.wav,0,MEN,MEN-S1M02,TG:eea9ea1fd2041b22,-3.2265625,1,0.3508333333333333,0.038178273
mendeley/extracted/Bangla Audio Dataset Original and DeepFake Voices for AI-Based Voice Analysis and Detection/Dataset/S1M02/Real/25.wav,0,MEN,MEN-S1M02,TG:a7e7a70438f10a1d,2.2714844,1,0.3841666666666666,0.9064877
mendeley/extracted/Bangla Audio Dataset Original and DeepFake Voices for AI-Based Voice Analysis and Detection/Dataset/S1M02/Real/26.wav,0,MEN,MEN-S1M02,TG:6fe89ab891f32c4e,-5.4023438,1,0.4341666666666667,0.004485795
mendeley/extracted/Bangla Audio Dataset Original and DeepFake Voices for AI-Based Voice Analysis and Detection/Dataset/S1M02/Real/27.wav,0,MEN,MEN-S1M02,TG:2c5f8f2f6f8c1b98,-10.4609375,1,0.4341666666666667,2.8632558e-05
mendeley/extracted/Bangla Audio Dataset Original and DeepFake Voices for AI-Based Voice Analysis and Detection/Dataset/S1M02/Real/28.wav,0,MEN,MEN-S1M02,TG:6283d6f65cda971a,-7.2578125,1,0.4508333333333333,0.0007041516
mendeley/extracted/Bangla Audio Dataset Original and DeepFake Voices for AI-Based Voice Analysis and Detection/Dataset/S1M02/Real/29.wav,0,MEN,MEN-S1M02,TG:8544d87f606d70e6,-15.6953125,1,0.3508333333333333,1.5262032e-07
mendeley/extracted/Bangla Audio Dataset Original and DeepFake Voices for AI-Based Voice Analysis and Detection/Dataset/S1M02/Real/3.wav,0,MEN,MEN-S1M02,TG:79dd086d061de522,-11.3515625,1,0.4675,1.1750976e-05
mendeley/extracted/Bangla Audio Dataset Original and DeepFake Voices for AI-Based Voice Analysis and Detection/Dataset/S1M02/Real/30.wav,0,MEN,MEN-S1M02,TG:c7b089fc1ba419ab,12.2421875,1,0.3508333333333333,0.99999523
mendeley/extracted/Bangla Audio Dataset Original and DeepFake Voices for AI-Based Voice Analysis and Detection/Dataset/S1M02/Real/4.wav,0,MEN,MEN-S1M02,TG:4d5fe26cc7778810,-12.59375,1,0.5008333333333334,3.3931447e-06
mendeley/extracted/Bangla Audio Dataset Original and DeepFake Voices for AI-Based Voice Analysis and Detection/Dataset/S1M02/Real/5.wav,0,MEN,MEN-S1M02,TG:5adc5ae46d5a5744,-28.703125,1,0.4008333333333334,3.422876e-13
mendeley/extracted/Bangla Audio Dataset Original and DeepFake Voices for AI-Based Voice Analysis and Detection/Dataset/S1M02/Real/6.wav,0,MEN,MEN-S1M02,TG:ceba938af43c06ae,-14.28125,1,0.4508333333333333,6.2767043e-07
mendeley/extracted/Bangla Audio Dataset Original and DeepFake Voices for AI-Based Voice Analysis and Detection/Dataset/S1M02/Real/7.wav,0,MEN,MEN-S1M02,TG:4c7966295caf20ad,-11.875,1,0.4175,6.9622565e-06
mendeley/extracted/Bangla Audio Dataset Original and DeepFake Voices for AI-Based Voice Analysis and Detection/Dataset/S1M02/Real/8.wav,0,MEN,MEN-S1M02,TG:a108bfb385dd7acb,2.6582031,1,0.4341666666666667,0.93451476
mendeley/extracted/Bangla Audio Dataset Original and DeepFake Voices for AI-Based Voice Analysis and Detection/Dataset/S1M02/Real/9.wav,0,MEN,MEN-S1M02,TG:2a9989c6f851b5a4,-9.90625,1,0.4675,4.9859584e-05
mendeley/extracted/Bangla Audio Dataset Original and DeepFake Voices for AI-Based Voice Analysis and Detection/Dataset/S2F01/Fake/1.wav,1,MEN,MEN-S2F01,TG:b20a3f0d02492dde,-1.1416016,1,0.3675,0.24202646
mendeley/extracted/Bangla Audio Dataset Original and DeepFake Voices for AI-Based Voice Analysis and Detection/Dataset/S2F01/Fake/10.wav,1,MEN,MEN-S2F01,TG:33b1f33dae6afa07,-11.9375,1,0.4375,6.540437e-06
mendeley/extracted/Bangla Audio Dataset Original and DeepFake Voices for AI-Based Voice Analysis and Detection/Dataset/S2F01/Fake/11.wav,1,MEN,MEN-S2F01,TG:bbe30dd5ada268b4,0.19702148,1,0.3375,0.54909664
mendeley/extracted/Bangla Audio Dataset Original and DeepFake Voices for AI-Based Voice Analysis and Detection/Dataset/S2F01/Fake/12.wav,1,MEN,MEN-S2F01,TG:6074856ccebe1d75,-0.084228516,1,0.5208333333333333,0.4789553
mendeley/extracted/Bangla Audio Dataset Original and DeepFake Voices for AI-Based Voice Analysis and Detection/Dataset/S2F01/Fake/13.wav,1,MEN,MEN-S2F01,TG:2cd01584e8b49dae,-23.609375,1,0.4541666666666667,5.579287e-11
mendeley/extracted/Bangla Audio Dataset Original and DeepFake Voices for AI-Based Voice Analysis and Detection/Dataset/S2F01/Fake/14.wav,1,MEN,MEN-S2F01,TG:9f0e2d6c08097dec,-21.46875,1,0.4475,4.745045e-10
mendeley/extracted/Bangla Audio Dataset Original and DeepFake Voices for AI-Based Voice Analysis and Detection/Dataset/S2F01/Fake/15.wav,1,MEN,MEN-S2F01,TG:1c625cb144c83a4e,-10.9296875,1,0.5241666666666667,1.791799e-05
mendeley/extracted/Bangla Audio Dataset Original and DeepFake Voices for AI-Based Voice Analysis and Detection/Dataset/S2F01/Fake/16.wav,1,MEN,MEN-S2F01,TG:8e996bc7105e9806,15.296875,1,0.4741666666666666,0.99999976
mendeley/extracted/Bangla Audio Dataset Original and DeepFake Voices for AI-Based Voice Analysis and Detection/Dataset/S2F01/Fake/17.wav,1,MEN,MEN-S2F01,TG:b14e52bf5954d16c,10.78125,1,0.4975,0.99997926
mendeley/extracted/Bangla Audio Dataset Original and DeepFake Voices for AI-Based Voice Analysis and Detection/Dataset/S2F01/Fake/18.wav,1,MEN,MEN-S2F01,TG:22a136bd91a94101,-40.8125,1,0.4675,1.8851957e-18
mendeley/extracted/Bangla Audio Dataset Original and DeepFake Voices for AI-Based Voice Analysis and Detection/Dataset/S2F01/Fake/19.wav,1,MEN,MEN-S2F01,TG:bdf52a53172256ba,8.4375,1,0.4675,0.99978346
mendeley/extracted/Bangla Audio Dataset Original and DeepFake Voices for AI-Based Voice Analysis and Detection/Dataset/S2F01/Fake/2.wav,1,MEN,MEN-S2F01,TG:96efe46367590bfc,14.5234375,1,0.4208333333333333,0.9999995
mendeley/extracted/Bangla Audio Dataset Original and DeepFake Voices for AI-Based Voice Analysis and Detection/Dataset/S2F01/Fake/20.wav,1,MEN,MEN-S2F01,TG:8679fd3194015daa,-24.578125,1,0.4208333333333333,2.1176585e-11
mendeley/extracted/Bangla Audio Dataset Original and DeepFake Voices for AI-Based Voice Analysis and Detection/Dataset/S2F01/Fake/21.wav,1,MEN,MEN-S2F01,TG:8d69e5e5f763c90d,-0.9892578,1,0.4841666666666666,0.27105868
mendeley/extracted/Bangla Audio Dataset Original and DeepFake Voices for AI-Based Voice Analysis and Detection/Dataset/S2F01/Fake/22.wav,1,MEN,MEN-S2F01,TG:fd6d9ea4183989da,-11.4296875,1,0.5241666666666667,1.0867886e-05
mendeley/extracted/Bangla Audio Dataset Original and DeepFake Voices for AI-Based Voice Analysis and Detection/Dataset/S2F01/Fake/23.wav,1,MEN,MEN-S2F01,TG:0853bab98c8f314f,-7.4570312,1,0.5258333333333334,0.00057703455
mendeley/extracted/Bangla Audio Dataset Original and DeepFake Voices for AI-Based Voice Analysis and Detection/Dataset/S2F01/Fake/24.wav,1,MEN,MEN-S2F01,TG:289fcb521c3b150a,-29.515625,1,0.4975,1.5188922e-13
mendeley/extracted/Bangla Audio Dataset Original and DeepFake Voices for AI-Based Voice Analysis and Detection/Dataset/S2F01/Fake/25.wav,1,MEN,MEN-S2F01,TG:40b84a5f1cb3b6f7,0.3864746,1,0.3874999999999999,0.5954337
mendeley/extracted/Bangla Audio Dataset Original and DeepFake Voices for AI-Based Voice Analysis and Detection/Dataset/S2F01/Fake/26.wav,1,MEN,MEN-S2F01,TG:0927b5e32fe2f3c3,-4.2539062,1,0.4241666666666667,0.014009568
mendeley/extracted/Bangla Audio Dataset Original and DeepFake Voices for AI-Based Voice Analysis and Detection/Dataset/S2F01/Fake/27.wav,1,MEN,MEN-S2F01,TG:cc2b4377cdecc854,-5.2734375,1,0.2475,0.0050998186
mendeley/extracted/Bangla Audio Dataset Original and DeepFake Voices for AI-Based Voice Analysis and Detection/Dataset/S2F01/Fake/28.wav,1,MEN,MEN-S2F01,TG:9324b178591cabbc,-26.390625,1,0.5108333333333333,3.4569825e-12
mendeley/extracted/Bangla Audio Dataset Original and DeepFake Voices for AI-Based Voice Analysis and Detection/Dataset/S2F01/Fake/29.wav,1,MEN,MEN-S2F01,TG:7fb328868f0ac39d,0.22070312,1,0.4891666666666666,0.5549529
mendeley/extracted/Bangla Audio Dataset Original and DeepFake Voices for AI-Based Voice Analysis and Detection/Dataset/S2F01/Fake/3.wav,1,MEN,MEN-S2F01,TG:f50e8049e973348f,-5.6835938,1,0.4741666666666666,0.0033897832
mendeley/extracted/Bangla Audio Dataset Original and DeepFake Voices for AI-Based Voice Analysis and Detection/Dataset/S2F01/Fake/30.wav,1,MEN,MEN-S2F01,TG:889385251133086d,-21.609375,1,0.4391666666666667,4.1225667e-10
mendeley/extracted/Bangla Audio Dataset Original and DeepFake Voices for AI-Based Voice Analysis and Detection/Dataset/S2F01/Fake/4.wav,1,MEN,MEN-S2F01,TG:8ce64b152c444b3e,10.71875,1,0.4725,0.9999778
mendeley/extracted/Bangla Audio Dataset Original and DeepFake Voices for AI-Based Voice Analysis and Detection/Dataset/S2F01/Fake/5.wav,1,MEN,MEN-S2F01,TG:df1971069cd078a3,-8.5390625,1,0.4208333333333333,0.00019563532
mendeley/extracted/Bangla Audio Dataset Original and DeepFake Voices for AI-Based Voice Analysis and Detection/Dataset/S2F01/Fake/6.wav,1,MEN,MEN-S2F01,TG:97bbdf40bcf80ca3,7.3828125,1,0.4841666666666666,0.99937856
mendeley/extracted/Bangla Audio Dataset Original and DeepFake Voices for AI-Based Voice Analysis and Detection/Dataset/S2F01/Fake/7.wav,1,MEN,MEN-S2F01,TG:ad21867e01875176,1.1064453,1,0.4691666666666666,0.7514658
mendeley/extracted/Bangla Audio Dataset Original and DeepFake Voices for AI-Based Voice Analysis and Detection/Dataset/S2F01/Fake/8.wav,1,MEN,MEN-S2F01,TG:8a0169787fba87e5,-6.2226562,1,0.2441666666666666,0.00198004
mendeley/extracted/Bangla Audio Dataset Original and DeepFake Voices for AI-Based Voice Analysis and Detection/Dataset/S2F01/Fake/9.wav,1,MEN,MEN-S2F01,TG:579044776182eb17,4.953125,1,0.4541666666666667,0.99298817
mendeley/extracted/Bangla Audio Dataset Original and DeepFake Voices for AI-Based Voice Analysis and Detection/Dataset/S2F01/Real/1.wav,0,MEN,MEN-S2F01,TG:b20a3f0d02492dde,-35.34375,1,0.5208333333333333,4.470998e-16
mendeley/extracted/Bangla Audio Dataset Original and DeepFake Voices for AI-Based Voice Analysis and Detection/Dataset/S2F01/Real/10.wav,0,MEN,MEN-S2F01,TG:33b1f33dae6afa07,-25.28125,1,0.5375,1.0483171e-11
mendeley/extracted/Bangla Audio Dataset Original and DeepFake Voices for AI-Based Voice Analysis and Detection/Dataset/S2F01/Real/11.wav,0,MEN,MEN-S2F01,TG:bbe30dd5ada268b4,-37.28125,1,0.4191666666666667,6.4410814e-17
mendeley/extracted/Bangla Audio Dataset Original and DeepFake Voices for AI-Based Voice Analysis and Detection/Dataset/S2F01/Real/12.wav,0,MEN,MEN-S2F01,TG:6074856ccebe1d75,-16.515625,1,0.6041666666666667,6.719782e-08
mendeley/extracted/Bangla Audio Dataset Original and DeepFake Voices for AI-Based Voice Analysis and Detection/Dataset/S2F01/Real/13.wav,0,MEN,MEN-S2F01,TG:2cd01584e8b49dae,-38.0625,1,0.4891666666666666,2.9489422e-17
mendeley/extracted/Bangla Audio Dataset Original and DeepFake Voices for AI-Based Voice Analysis and Detection/Dataset/S2F01/Real/14.wav,0,MEN,MEN-S2F01,TG:9f0e2d6c08097dec,-50.34375,1,0.5541666666666667,1.3676884e-22
mendeley/extracted/Bangla Audio Dataset Original and DeepFake Voices for AI-Based Voice Analysis and Detection/Dataset/S2F01/Real/15.wav,0,MEN,MEN-S2F01,TG:1c625cb144c83a4e,-22.734375,1,0.5725,1.3384013e-10
mendeley/extracted/Bangla Audio Dataset Original and DeepFake Voices for AI-Based Voice Analysis and Detection/Dataset/S2F01/Real/16.wav,0,MEN,MEN-S2F01,TG:8e996bc7105e9806,-17.890625,1,0.6041666666666667,1.699027e-08
mendeley/extracted/Bangla Audio Dataset Original and DeepFake Voices for AI-Based Voice Analysis and Detection/Dataset/S2F01/Real/17.wav,0,MEN,MEN-S2F01,TG:b14e52bf5954d16c,-41.78125,1,0.5875,7.155396e-19
mendeley/extracted/Bangla Audio Dataset Original and DeepFake Voices for AI-Based Voice Analysis and Detection/Dataset/S2F01/Real/18.wav,0,MEN,MEN-S2F01,TG:22a136bd91a94101,-40.15625,1,0.6375,3.63381e-18
mendeley/extracted/Bangla Audio Dataset Original and DeepFake Voices for AI-Based Voice Analysis and Detection/Dataset/S2F01/Real/19.wav,0,MEN,MEN-S2F01,TG:bdf52a53172256ba,-21.890625,1,0.5358333333333334,3.1118766e-10
mendeley/extracted/Bangla Audio Dataset Original and DeepFake Voices for AI-Based Voice Analysis and Detection/Dataset/S2F01/Real/2.wav,0,MEN,MEN-S2F01,TG:96efe46367590bfc,-24.859375,1,0.6041666666666667,1.5984925e-11
mendeley/extracted/Bangla Audio Dataset Original and DeepFake Voices for AI-Based Voice Analysis and Detection/Dataset/S2F01/Real/20.wav,0,MEN,MEN-S2F01,TG:8679fd3194015daa,-34.96875,1,0.6041666666666667,6.5052623e-16
mendeley/extracted/Bangla Audio Dataset Original and DeepFake Voices for AI-Based Voice Analysis and Detection/Dataset/S2F01/Real/21.wav,0,MEN,MEN-S2F01,TG:8d69e5e5f763c90d,-43.5,1,0.6208333333333333,1.282892e-19
mendeley/extracted/Bangla Audio Dataset Original and DeepFake Voices for AI-Based Voice Analysis and Detection/Dataset/S2F01/Real/22.wav,0,MEN,MEN-S2F01,TG:fd6d9ea4183989da,-31.46875,1,0.6458333333333333,2.1542472e-14
mendeley/extracted/Bangla Audio Dataset Original and DeepFake Voices for AI-Based Voice Analysis and Detection/Dataset/S2F01/Real/23.wav,0,MEN,MEN-S2F01,TG:0853bab98c8f314f,-56.71875,1,0.6025,2.3300212e-25
mendeley/extracted/Bangla Audio Dataset Original and DeepFake Voices for AI-Based Voice Analysis and Detection/Dataset/S2F01/Real/24.wav,0,MEN,MEN-S2F01,TG:289fcb521c3b150a,-43.5,1,0.5225,1.282892e-19
mendeley/extracted/Bangla Audio Dataset Original and DeepFake Voices for AI-Based Voice Analysis and Detection/Dataset/S2F01/Real/25.wav,0,MEN,MEN-S2F01,TG:40b84a5f1cb3b6f7,-29.578125,1,0.4708333333333333,1.426867e-13
mendeley/extracted/Bangla Audio Dataset Original and DeepFake Voices for AI-Based Voice Analysis and Detection/Dataset/S2F01/Real/26.wav,0,MEN,MEN-S2F01,TG:0927b5e32fe2f3c3,5.8125,1,0.5191666666666667,0.99701905
mendeley/extracted/Bangla Audio Dataset Original and DeepFake Voices for AI-Based Voice Analysis and Detection/Dataset/S2F01/Real/27.wav,0,MEN,MEN-S2F01,TG:cc2b4377cdecc854,2.8242188,1,0.4541666666666667,0.9439706
mendeley/extracted/Bangla Audio Dataset Original and DeepFake Voices for AI-Based Voice Analysis and Detection/Dataset/S2F01/Real/28.wav,0,MEN,MEN-S2F01,TG:9324b178591cabbc,-23.703125,1,0.5691666666666666,5.0799986e-11
mendeley/extracted/Bangla Audio Dataset Original and DeepFake Voices for AI-Based Voice Analysis and Detection/Dataset/S2F01/Real/29.wav,0,MEN,MEN-S2F01,TG:7fb328868f0ac39d,-14.734375,1,0.5375,3.9897168e-07
mendeley/extracted/Bangla Audio Dataset Original and DeepFake Voices for AI-Based Voice Analysis and Detection/Dataset/S2F01/Real/3.wav,0,MEN,MEN-S2F01,TG:f50e8049e973348f,-41.78125,1,0.4858333333333333,7.155396e-19
mendeley/extracted/Bangla Audio Dataset Original and DeepFake Voices for AI-Based Voice Analysis and Detection/Dataset/S2F01/Real/30.wav,0,MEN,MEN-S2F01,TG:889385251133086d,-24.28125,1,0.5375,2.849621e-11
mendeley/extracted/Bangla Audio Dataset Original and DeepFake Voices for AI-Based Voice Analysis and Detection/Dataset/S2F01/Real/4.wav,0,MEN,MEN-S2F01,TG:8ce64b152c444b3e,-19.265625,1,0.5358333333333334,4.295813e-09
mendeley/extracted/Bangla Audio Dataset Original and DeepFake Voices for AI-Based Voice Analysis and Detection/Dataset/S2F01/Real/5.wav,0,MEN,MEN-S2F01,TG:df1971069cd078a3,-22.796875,1,0.5708333333333333,1.2573118e-10
mendeley/extracted/Bangla Audio Dataset Original and DeepFake Voices for AI-Based Voice Analysis and Detection/Dataset/S2F01/Real/6.wav,0,MEN,MEN-S2F01,TG:97bbdf40bcf80ca3,-43.90625,1,0.5708333333333333,8.545902e-20
mendeley/extracted/Bangla Audio Dataset Original and DeepFake Voices for AI-Based Voice Analysis and Detection/Dataset/S2F01/Real/7.wav,0,MEN,MEN-S2F01,TG:ad21867e01875176,-21.453125,1,0.5691666666666666,4.8197685e-10
mendeley/extracted/Bangla Audio Dataset Original and DeepFake Voices for AI-Based Voice Analysis and Detection/Dataset/S2F01/Real/8.wav,0,MEN,MEN-S2F01,TG:8a0169787fba87e5,-29.953125,1,0.2691666666666666,9.806705e-14
mendeley/extracted/Bangla Audio Dataset Original and DeepFake Voices for AI-Based Voice Analysis and Detection/Dataset/S2F01/Real/9.wav,0,MEN,MEN-S2F01,TG:579044776182eb17,-39.84375,1,0.5541666666666667,4.9668296e-18
mendeley/extracted/Bangla Audio Dataset Original and DeepFake Voices for AI-Based Voice Analysis and Detection/Dataset/S2M02/Fake/1.wav,1,MEN,MEN-S2M02,TG:b20a3f0d02492dde,-8.2109375,1,0.3308333333333333,0.00027159214
mendeley/extracted/Bangla Audio Dataset Original and DeepFake Voices for AI-Based Voice Analysis and Detection/Dataset/S2M02/Fake/10.wav,1,MEN,MEN-S2M02,TG:33b1f33dae6afa07,-16.796875,1,0.4691666666666666,5.072357e-08
mendeley/extracted/Bangla Audio Dataset Original and DeepFake Voices for AI-Based Voice Analysis and Detection/Dataset/S2M02/Fake/11.wav,1,MEN,MEN-S2M02,TG:bbe30dd5ada268b4,-20.765625,1,0.4675,9.585255e-10
mendeley/extracted/Bangla Audio Dataset Original and DeepFake Voices for AI-Based Voice Analysis and Detection/Dataset/S2M02/Fake/12.wav,1,MEN,MEN-S2M02,TG:6074856ccebe1d75,-15.9921875,1,0.4675,1.1341779e-07
mendeley/extracted/Bangla Audio Dataset Original and DeepFake Voices for AI-Based Voice Analysis and Detection/Dataset/S2M02/Fake/13.wav,1,MEN,MEN-S2M02,TG:2cd01584e8b49dae,-21.703125,1,0.4075,3.75364e-10
mendeley/extracted/Bangla Audio Dataset Original and DeepFake Voices for AI-Based Voice Analysis and Detection/Dataset/S2M02/Fake/14.wav,1,MEN,MEN-S2M02,TG:9f0e2d6c08097dec,-8.8359375,1,0.3158333333333333,0.00014539114
mendeley/extracted/Bangla Audio Dataset Original and DeepFake Voices for AI-Based Voice Analysis and Detection/Dataset/S2M02/Fake/15.wav,1,MEN,MEN-S2M02,TG:1c625cb144c83a4e,-10.3125,1,0.4725,3.3214194e-05
mendeley/extracted/Bangla Audio Dataset Original and DeepFake Voices for AI-Based Voice Analysis and Detection/Dataset/S2M02/Fake/16.wav,1,MEN,MEN-S2M02,TG:8e996bc7105e9806,-25.421875,1,0.4975,9.107937e-12
mendeley/extracted/Bangla Audio Dataset Original and DeepFake Voices for AI-Based Voice Analysis and Detection/Dataset/S2M02/Fake/17.wav,1,MEN,MEN-S2M02,TG:b14e52bf5954d16c,-16.28125,1,0.3908333333333333,8.4945995e-08
mendeley/extracted/Bangla Audio Dataset Original and DeepFake Voices for AI-Based Voice Analysis and Detection/Dataset/S2M02/Fake/18.wav,1,MEN,MEN-S2M02,TG:22a136bd91a94101,-25.453125,1,0.5275000000000001,8.827714e-12
mendeley/extracted/Bangla Audio Dataset Original and DeepFake Voices for AI-Based Voice Analysis and Detection/Dataset/S2M02/Fake/19.wav,1,MEN,MEN-S2M02,TG:bdf52a53172256ba,-15.84375,1,0.4024999999999999,1.3156692e-07
mendeley/extracted/Bangla Audio Dataset Original and DeepFake Voices for AI-Based Voice Analysis and Detection/Dataset/S2M02/Fake/2.wav,1,MEN,MEN-S2M02,TG:96efe46367590bfc,3.8671875,1,0.4591666666666666,0.9795115
mendeley/extracted/Bangla Audio Dataset Original and DeepFake Voices for AI-Based Voice Analysis and Detection/Dataset/S2M02/Fake/20.wav,1,MEN,MEN-S2M02,TG:8679fd3194015daa,-19.234375,1,0.5041666666666667,4.4321773e-09
mendeley/extracted/Bangla Audio Dataset Original and DeepFake Voices for AI-Based Voice Analysis and Detection/Dataset/S2M02/Fake/21.wav,1,MEN,MEN-S2M02,TG:8d69e5e5f763c90d,-17.75,1,0.4641666666666666,1.9555682e-08
mendeley/extracted/Bangla Audio Dataset Original and DeepFake Voices for AI-Based Voice Analysis and Detection/Dataset/S2M02/Fake/22.wav,1,MEN,MEN-S2M02,TG:fd6d9ea4183989da,-12.015625,1,0.5541666666666667,6.0489183e-06
mendeley/extracted/Bangla Audio Dataset Original and DeepFake Voices for AI-Based Voice Analysis and Detection/Dataset/S2M02/Fake/23.wav,1,MEN,MEN-S2M02,TG:0853bab98c8f314f,-17.46875,1,0.4608333333333333,2.5907072e-08
mendeley/extracted/Bangla Audio Dataset Original and DeepFake Voices for AI-Based Voice Analysis and Detection/Dataset/S2M02/Fake/24.wav,1,MEN,MEN-S2M02,TG:289fcb521c3b150a,-17.46875,1,0.4908333333333333,2.5907072e-08
mendeley/extracted/Bangla Audio Dataset Original and DeepFake Voices for AI-Based Voice Analysis and Detection/Dataset/S2M02/Fake/25.wav,1,MEN,MEN-S2M02,TG:40b84a5f1cb3b6f7,-19.09375,1,0.2441666666666666,5.1014046e-09
mendeley/extracted/Bangla Audio Dataset Original and DeepFake Voices for AI-Based Voice Analysis and Detection/Dataset/S2M02/Fake/26.wav,1,MEN,MEN-S2M02,TG:0927b5e32fe2f3c3,-9.53125,1,0.3758333333333333,7.254362e-05
mendeley/extracted/Bangla Audio Dataset Original and DeepFake Voices for AI-Based Voice Analysis and Detection/Dataset/S2M02/Fake/27.wav,1,MEN,MEN-S2M02,TG:cc2b4377cdecc854,-11.859375,1,0.3341666666666666,7.071895e-06
mendeley/extracted/Bangla Audio Dataset Original and DeepFake Voices for AI-Based Voice Analysis and Detection/Dataset/S2M02/Fake/28.wav,1,MEN,MEN-S2M02,TG:9324b178591cabbc,-23.546875,1,0.5191666666666667,5.939121e-11
mendeley/extracted/Bangla Audio Dataset Original and DeepFake Voices for AI-Based Voice Analysis and Detection/Dataset/S2M02/Fake/29.wav,1,MEN,MEN-S2M02,TG:7fb328868f0ac39d,5.2929688,1,0.3625,0.99499834
mendeley/extracted/Bangla Audio Dataset Original and DeepFake Voices for AI-Based Voice Analysis and Detection/Dataset/S2M02/Fake/3.wav,1,MEN,MEN-S2M02,TG:f50e8049e973348f,-11.2421875,1,0.3841666666666666,1.3109143e-05
mendeley/extracted/Bangla Audio Dataset Original and DeepFake Voices for AI-Based Voice Analysis and Detection/Dataset/S2M02/Fake/30.wav,1,MEN,MEN-S2M02,TG:889385251133086d,-14.09375,1,0.5075000000000001,7.5711495e-07
mendeley/extracted/Bangla Audio Dataset Original and DeepFake Voices for AI-Based Voice Analysis and Detection/Dataset/S2M02/Fake/4.wav,1,MEN,MEN-S2M02,TG:8ce64b152c444b3e,12.1796875,1,0.4341666666666667,0.9999949
mendeley/extracted/Bangla Audio Dataset Original and DeepFake Voices for AI-Based Voice Analysis and Detection/Dataset/S2M02/Fake/5.wav,1,MEN,MEN-S2M02,TG:df1971069cd078a3,-18.421875,1,0.5258333333333334,9.988065e-09
mendeley/extracted/Bangla Audio Dataset Original and DeepFake Voices for AI-Based Voice Analysis and Detection/Dataset/S2M02/Fake/6.wav,1,MEN,MEN-S2M02,TG:97bbdf40bcf80ca3,-14.296875,1,0.3241666666666667,6.179393e-07
mendeley/extracted/Bangla Audio Dataset Original and DeepFake Voices for AI-Based Voice Analysis and Detection/Dataset/S2M02/Fake/7.wav,1,MEN,MEN-S2M02,TG:ad21867e01875176,-13.1015625,1,0.4641666666666666,2.0420332e-06
mendeley/extracted/Bangla Audio Dataset Original and DeepFake Voices for AI-Based Voice Analysis and Detection/Dataset/S2M02/Fake/8.wav,1,MEN,MEN-S2M02,TG:8a0169787fba87e5,-21.546875,1,0.2774999999999999,4.3884493e-10
mendeley/extracted/Bangla Audio Dataset Original and DeepFake Voices for AI-Based Voice Analysis and Detection/Dataset/S2M02/Fake/9.wav,1,MEN,MEN-S2M02,TG:579044776182eb17,-24.53125,1,0.5158333333333334,2.219287e-11
mendeley/extracted/Bangla Audio Dataset Original and DeepFake Voices for AI-Based Voice Analysis and Detection/Dataset/S2M02/Real/1.wav,0,MEN,MEN-S2M02,TG:b20a3f0d02492dde,-33.5625,1,0.4008333333333334,2.6545534e-15
mendeley/extracted/Bangla Audio Dataset Original and DeepFake Voices for AI-Based Voice Analysis and Detection/Dataset/S2M02/Real/10.wav,0,MEN,MEN-S2M02,TG:33b1f33dae6afa07,8.21875,1,0.5008333333333334,0.9997305
mendeley/extracted/Bangla Audio Dataset Original and DeepFake Voices for AI-Based Voice Analysis and Detection/Dataset/S2M02/Real/11.wav,0,MEN,MEN-S2M02,TG:bbe30dd5ada268b4,-21.578125,1,0.4508333333333333,4.2534307e-10
mendeley/extracted/Bangla Audio Dataset Original and DeepFake Voices for AI-Based Voice Analysis and Detection/Dataset/S2M02/Real/12.wav,0,MEN,MEN-S2M02,TG:6074856ccebe1d75,-18.15625,1,0.5341666666666667,1.30268925e-08
mendeley/extracted/Bangla Audio Dataset Original and DeepFake Voices for AI-Based Voice Analysis and Detection/Dataset/S2M02/Real/13.wav,0,MEN,MEN-S2M02,TG:2cd01584e8b49dae,-27.96875,1,0.5175000000000001,7.133887e-13
mendeley/extracted/Bangla Audio Dataset Original and DeepFake Voices for AI-Based Voice Analysis and Detection/Dataset/S2M02/Real/14.wav,0,MEN,MEN-S2M02,TG:9f0e2d6c08097dec,-2.484375,1,0.4675,0.07696084
mendeley/extracted/Bangla Audio Dataset Original and DeepFake Voices for AI-Based Voice Analysis and Detection/Dataset/S2M02/Real/15.wav,0,MEN,MEN-S2M02,TG:1c625cb144c83a4e,-25.953125,1,0.5508333333333333,5.3542795e-12
mendeley/extracted/Bangla Audio Dataset Original and DeepFake Voices for AI-Based Voice Analysis and Detection/Dataset/S2M02/Real/16.wav,0,MEN,MEN-S2M02,TG:8e996bc7105e9806,-21.203125,1,0.4841666666666666,6.1887057e-10
mendeley/extracted/Bangla Audio Dataset Original and DeepFake Voices for AI-Based Voice Analysis and Detection/Dataset/S2M02/Real/17.wav,0,MEN,MEN-S2M02,TG:b14e52bf5954d16c,-22.859375,1,0.5175000000000001,1.181135e-10
mendeley/extracted/Bangla Audio Dataset Original and DeepFake Voices for AI-Based Voice Analysis and Detection/Dataset/S2M02/Real/18.wav,0,MEN,MEN-S2M02,TG:22a136bd91a94101,-13.5546875,1,0.4841666666666666,1.2979963e-06
mendeley/extracted/Bangla Audio Dataset Original and DeepFake Voices for AI-Based Voice Analysis and Detection/Dataset/S2M02/Real/19.wav,0,MEN,MEN-S2M02,TG:bdf52a53172256ba,-33.53125,1,0.4508333333333333,2.7388177e-15
mendeley/extracted/Bangla Audio Dataset Original and DeepFake Voices for AI-Based Voice Analysis and Detection/Dataset/S2M02/Real/2.wav,0,MEN,MEN-S2M02,TG:96efe46367590bfc,-21.34375,1,0.4008333333333334,5.3768406e-10
mendeley/extracted/Bangla Audio Dataset Original and DeepFake Voices for AI-Based Voice Analysis and Detection/Dataset/S2M02/Real/20.wav,0,MEN,MEN-S2M02,TG:8679fd3194015daa,-38.53125,1,0.5841666666666667,1.8454009e-17
mendeley/extracted/Bangla Audio Dataset Original and DeepFake Voices for AI-Based Voice Analysis and Detection/Dataset/S2M02/Real/21.wav,0,MEN,MEN-S2M02,TG:8d69e5e5f763c90d,-14.328125,1,0.5508333333333333,5.989273e-07
mendeley/extracted/Bangla Audio Dataset Original and DeepFake Voices for AI-Based Voice Analysis and Detection/Dataset/S2M02/Real/22.wav,0,MEN,MEN-S2M02,TG:fd6d9ea4183989da,-38.21875,1,0.5341666666666667,2.522364e-17
mendeley/extracted/Bangla Audio Dataset Original and DeepFake Voices for AI-Based Voice Analysis and Detection/Dataset/S2M02/Real/23.wav,0,MEN,MEN-S2M02,TG:0853bab98c8f314f,-28.046875,1,0.4675,6.5977665e-13
mendeley/extracted/Bangla Audio Dataset Original and DeepFake Voices for AI-Based Voice Analysis and Detection/Dataset/S2M02/Real/24.wav,0,MEN,MEN-S2M02,TG:289fcb521c3b150a,-35.59375,1,0.5841666666666667,3.482016e-16
mendeley/extracted/Bangla Audio Dataset Original and DeepFake Voices for AI-Based Voice Analysis and Detection/Dataset/S2M02/Real/25.wav,0,MEN,MEN-S2M02,TG:40b84a5f1cb3b6f7,-19.5625,1,0.4175,3.192377e-09
mendeley/extracted/Bangla Audio Dataset Original and DeepFake Voices for AI-Based Voice Analysis and Detection/Dataset/S2M02/Real/26.wav,0,MEN,MEN-S2M02,TG:0927b5e32fe2f3c3,-26.5625,1,0.4675,2.911071e-12
mendeley/extracted/Bangla Audio Dataset Original and DeepFake Voices for AI-Based Voice Analysis and Detection/Dataset/S2M02/Real/27.wav,0,MEN,MEN-S2M02,TG:cc2b4377cdecc854,-30.078125,1,0.4508333333333333,8.6543863e-14
mendeley/extracted/Bangla Audio Dataset Original and DeepFake Voices for AI-Based Voice Analysis and Detection/Dataset/S2M02/Real/28.wav,0,MEN,MEN-S2M02,TG:9324b178591cabbc,-31.59375,1,0.5175000000000001,1.9011165e-14
mendeley/extracted/Bangla Audio Dataset Original and DeepFake Voices for AI-Based Voice Analysis and Detection/Dataset/S2M02/Real/29.wav,0,MEN,MEN-S2M02,TG:7fb328868f0ac39d,-16.765625,1,0.5841666666666667,5.2333718e-08
mendeley/extracted/Bangla Audio Dataset Original and DeepFake Voices for AI-Based Voice Analysis and Detection/Dataset/S2M02/Real/3.wav,0,MEN,MEN-S2M02,TG:f50e8049e973348f,-30.296875,1,0.4341666666666667,6.953995e-14
mendeley/extracted/Bangla Audio Dataset Original and DeepFake Voices for AI-Based Voice Analysis and Detection/Dataset/S2M02/Real/30.wav,0,MEN,MEN-S2M02,TG:889385251133086d,-19.90625,1,0.4341666666666667,2.2637345e-09
mendeley/extracted/Bangla Audio Dataset Original and DeepFake Voices for AI-Based Voice Analysis and Detection/Dataset/S2M02/Real/4.wav,0,MEN,MEN-S2M02,TG:8ce64b152c444b3e,-20.515625,1,0.4841666666666666,1.2307712e-09
mendeley/extracted/Bangla Audio Dataset Original and DeepFake Voices for AI-Based Voice Analysis and Detection/Dataset/S2M02/Real/5.wav,0,MEN,MEN-S2M02,TG:df1971069cd078a3,-24.015625,1,0.4508333333333333,3.7166065e-11
mendeley/extracted/Bangla Audio Dataset Original and DeepFake Voices for AI-Based Voice Analysis and Detection/Dataset/S2M02/Real/6.wav,0,MEN,MEN-S2M02,TG:97bbdf40bcf80ca3,-10.5859375,1,0.4508333333333333,2.5268228e-05
mendeley/extracted/Bangla Audio Dataset Original and DeepFake Voices for AI-Based Voice Analysis and Detection/Dataset/S2M02/Real/7.wav,0,MEN,MEN-S2M02,TG:ad21867e01875176,-15.828125,1,0.5508333333333333,1.336388e-07
mendeley/extracted/Bangla Audio Dataset Original and DeepFake Voices for AI-Based Voice Analysis and Detection/Dataset/S2M02/Real/8.wav,0,MEN,MEN-S2M02,TG:8a0169787fba87e5,-36.75,1,0.4841666666666666,1.095665e-16
mendeley/extracted/Bangla Audio Dataset Original and DeepFake Voices for AI-Based Voice Analysis and Detection/Dataset/S2M02/Real/9.wav,0,MEN,MEN-S2M02,TG:579044776182eb17,-38.9375,1,0.5175000000000001,1.2293021e-17
mendeley/extracted/Bangla Audio Dataset Original and DeepFake Voices for AI-Based Voice Analysis and Detection/Dataset/S2M03/Fake/1.wav,1,MEN,MEN-S2M03,TG:b20a3f0d02492dde,-29.515625,1,0.3175,1.5188922e-13
mendeley/extracted/Bangla Audio Dataset Original and DeepFake Voices for AI-Based Voice Analysis and Detection/Dataset/S2M03/Fake/10.wav,1,MEN,MEN-S2M03,TG:33b1f33dae6afa07,-17.484375,1,0.5041666666666667,2.5505418e-08
mendeley/extracted/Bangla Audio Dataset Original and DeepFake Voices for AI-Based Voice Analysis and Detection/Dataset/S2M03/Fake/11.wav,1,MEN,MEN-S2M03,TG:bbe30dd5ada268b4,-31.96875,1,0.4541666666666667,1.3066169e-14
mendeley/extracted/Bangla Audio Dataset Original and DeepFake Voices for AI-Based Voice Analysis and Detection/Dataset/S2M03/Fake/12.wav,1,MEN,MEN-S2M03,TG:6074856ccebe1d75,-16.28125,1,0.4425,8.4945995e-08
mendeley/extracted/Bangla Audio Dataset Original and DeepFake Voices for AI-Based Voice Analysis and Detection/Dataset/S2M03/Fake/13.wav,1,MEN,MEN-S2M03,TG:2cd01584e8b49dae,-26.046875,1,0.4775,4.8751268e-12
mendeley/extracted/Bangla Audio Dataset Original and DeepFake Voices for AI-Based Voice Analysis and Detection/Dataset/S2M03/Fake/14.wav,1,MEN,MEN-S2M03,TG:9f0e2d6c08097dec,-18.921875,1,0.3575,6.058068e-09
mendeley/extracted/Bangla Audio Dataset Original and DeepFake Voices for AI-Based Voice Analysis and Detection/Dataset/S2M03/Fake/15.wav,1,MEN,MEN-S2M03,TG:1c625cb144c83a4e,-25.015625,1,0.4491666666666667,1.3672631e-11
mendeley/extracted/Bangla Audio Dataset Original and DeepFake Voices for AI-Based Voice Analysis and Detection/Dataset/S2M03/Fake/16.wav,1,MEN,MEN-S2M03,TG:8e996bc7105e9806,-22.828125,1,0.5141666666666667,1.2186284e-10
mendeley/extracted/Bangla Audio Dataset Original and DeepFake Voices for AI-Based Voice Analysis and Detection/Dataset/S2M03/Fake/17.wav,1,MEN,MEN-S2M03,TG:b14e52bf5954d16c,-15.4609375,1,0.4758333333333333,1.9293013e-07
mendeley/extracted/Bangla Audio Dataset Original and DeepFake Voices for AI-Based Voice Analysis and Detection/Dataset/S2M03/Fake/18.wav,1,MEN,MEN-S2M03,TG:22a136bd91a94101,-18.625,1,0.5341666666666667,8.152021e-09
mendeley/extracted/Bangla Audio Dataset Original and DeepFake Voices for AI-Based Voice Analysis and Detection/Dataset/S2M03/Fake/19.wav,1,MEN,MEN-S2M03,TG:bdf52a53172256ba,-21.75,1,0.3874999999999999,3.581748e-10
mendeley/extracted/Bangla Audio Dataset Original and DeepFake Voices for AI-Based Voice Analysis and Detection/Dataset/S2M03/Fake/2.wav,1,MEN,MEN-S2M03,TG:96efe46367590bfc,-28.90625,1,0.4175,2.7936702e-13
mendeley/extracted/Bangla Audio Dataset Original and DeepFake Voices for AI-Based Voice Analysis and Detection/Dataset/S2M03/Fake/20.wav,1,MEN,MEN-S2M03,TG:8679fd3194015daa,-18.453125,1,0.5025,9.680764e-09
mendeley/extracted/Bangla Audio Dataset Original and DeepFake Voices for AI-Based Voice Analysis and Detection/Dataset/S2M03/Fake/21.wav,1,MEN,MEN-S2M03,TG:8d69e5e5f763c90d,-24.796875,1,0.4441666666666667,1.7015864e-11
mendeley/extracted/Bangla Audio Dataset Original and DeepFake Voices for AI-Based Voice Analysis and Detection/Dataset/S2M03/Fake/22.wav,1,MEN,MEN-S2M03,TG:fd6d9ea4183989da,-20.4375,1,0.5491666666666667,1.3307808e-09
mendeley/extracted/Bangla Audio Dataset Original and DeepFake Voices for AI-Based Voice Analysis and Detection/Dataset/S2M03/Fake/23.wav,1,MEN,MEN-S2M03,TG:0853bab98c8f314f,-7.7109375,1,0.4975,0.00044770082
mendeley/extracted/Bangla Audio Dataset Original and DeepFake Voices for AI-Based Voice Analysis and Detection/Dataset/S2M03/Fake/24.wav,1,MEN,MEN-S2M03,TG:289fcb521c3b150a,-23.8125,1,0.4641666666666666,4.5536814e-11
mendeley/extracted/Bangla Audio Dataset Original and DeepFake Voices for AI-Based Voice Analysis and Detection/Dataset/S2M03/Fake/25.wav,1,MEN,MEN-S2M03,TG:40b84a5f1cb3b6f7,-7.0117188,1,0.2308333333333333,0.0009004468
mendeley/extracted/Bangla Audio Dataset Original and DeepFake Voices for AI-Based Voice Analysis and Detection/Dataset/S2M03/Fake/26.wav,1,MEN,MEN-S2M03,TG:0927b5e32fe2f3c3,-7.984375,1,0.3924999999999999,0.00034062934
mendeley/extracted/Bangla Audio Dataset Original and DeepFake Voices for AI-Based Voice Analysis and Detection/Dataset/S2M03/Fake/27.wav,1,MEN,MEN-S2M03,TG:cc2b4377cdecc854,-15.71875,1,0.3175,1.4908488e-07
mendeley/extracted/Bangla Audio Dataset Original and DeepFake Voices for AI-Based Voice Analysis and Detection/Dataset/S2M03/Fake/28.wav,1,MEN,MEN-S2M03,TG:9324b178591cabbc,-31.96875,1,0.4908333333333333,1.3066169e-14
mendeley/extracted/Bangla Audio Dataset Original and DeepFake Voices for AI-Based Voice Analysis and Detection/Dataset/S2M03/Fake/29.wav,1,MEN,MEN-S2M03,TG:7fb328868f0ac39d,-8.5546875,1,0.4908333333333333,0.00019260288
mendeley/extracted/Bangla Audio Dataset Original and DeepFake Voices for AI-Based Voice Analysis and Detection/Dataset/S2M03/Fake/3.wav,1,MEN,MEN-S2M03,TG:f50e8049e973348f,-4.0507812,1,0.3874999999999999,0.017110888
mendeley/extracted/Bangla Audio Dataset Original and DeepFake Voices for AI-Based Voice Analysis and Detection/Dataset/S2M03/Fake/30.wav,1,MEN,MEN-S2M03,TG:889385251133086d,-7.859375,1,0.5041666666666667,0.0003859661
mendeley/extracted/Bangla Audio Dataset Original and DeepFake Voices for AI-Based Voice Analysis and Detection/Dataset/S2M03/Fake/4.wav,1,MEN,MEN-S2M03,TG:8ce64b152c444b3e,-8.0703125,1,0.4425,0.0003125878
mendeley/extracted/Bangla Audio Dataset Original and DeepFake Voices for AI-Based Voice Analysis and Detection/Dataset/S2M03/Fake/5.wav,1,MEN,MEN-S2M03,TG:df1971069cd078a3,-18.96875,1,0.4241666666666667,5.7806484e-09
mendeley/extracted/Bangla Audio Dataset Original and DeepFake Voices for AI-Based Voice Analysis and Detection/Dataset/S2M03/Fake/6.wav,1,MEN,MEN-S2M03,TG:97bbdf40bcf80ca3,-15.328125,1,0.3275,2.203331e-07
mendeley/extracted/Bangla Audio Dataset Original and DeepFake Voices for AI-Based Voice Analysis and Detection/Dataset/S2M03/Fake/7.wav,1,MEN,MEN-S2M03,TG:ad21867e01875176,-4.21875,1,0.4308333333333333,0.014503579
mendeley/extracted/Bangla Audio Dataset Original and DeepFake Voices for AI-Based Voice Analysis and Detection/Dataset/S2M03/Fake/8.wav,1,MEN,MEN-S2M03,TG:8a0169787fba87e5,-24.0,1,0.2658333333333333,3.7751347e-11
mendeley/extracted/Bangla Audio Dataset Original and DeepFake Voices for AI-Based Voice Analysis and Detection/Dataset/S2M03/Fake/9.wav,1,MEN,MEN-S2M03,TG:579044776182eb17,-16.875,1,0.4991666666666666,4.6911637e-08
mendeley/extracted/Bangla Audio Dataset Original and DeepFake Voices for AI-Based Voice Analysis and Detection/Dataset/S2M03/Real/1.wav,0,MEN,MEN-S2M03,TG:b20a3f0d02492dde,-13.1328125,1,0.4175,1.9792067e-06
mendeley/extracted/Bangla Audio Dataset Original and DeepFake Voices for AI-Based Voice Analysis and Detection/Dataset/S2M03/Real/10.wav,0,MEN,MEN-S2M03,TG:33b1f33dae6afa07,-30.34375,1,0.3508333333333333,6.6355484e-14
mendeley/extracted/Bangla Audio Dataset Original and DeepFake Voices for AI-Based Voice Analysis and Detection/Dataset/S2M03/Real/11.wav,0,MEN,MEN-S2M03,TG:bbe30dd5ada268b4,-30.140625,1,0.3008333333333333,8.130043e-14
mendeley/extracted/Bangla Audio Dataset Original and DeepFake Voices for AI-Based Voice Analysis and Detection/Dataset/S2M03/Real/12.wav,0,MEN,MEN-S2M03,TG:6074856ccebe1d75,-20.140625,1,0.3841666666666666,1.7907613e-09
mendeley/extracted/Bangla Audio Dataset Original and DeepFake Voices for AI-Based Voice Analysis and Detection/Dataset/S2M03/Real/13.wav,0,MEN,MEN-S2M03,TG:2cd01584e8b49dae,-44.53125,1,0.3508333333333333,4.5742917e-20
mendeley/extracted/Bangla Audio Dataset Original and DeepFake Voices for AI-Based Voice Analysis and Detection/Dataset/S2M03/Real/14.wav,0,MEN,MEN-S2M03,TG:9f0e2d6c08097dec,-35.6875,1,0.3175,3.1704118e-16
mendeley/extracted/Bangla Audio Dataset Original and DeepFake Voices for AI-Based Voice Analysis and Detection/Dataset/S2M03/Real/15.wav,0,MEN,MEN-S2M03,TG:1c625cb144c83a4e,-21.15625,1,0.3841666666666666,6.485708e-10
mendeley/extracted/Bangla Audio Dataset Original and DeepFake Voices for AI-Based Voice Analysis and Detection/Dataset/S2M03/Real/16.wav,0,MEN,MEN-S2M03,TG:8e996bc7105e9806,-34.84375,1,0.3341666666666666,7.3714286e-16
mendeley/extracted/Bangla Audio Dataset Original and DeepFake Voices for AI-Based Voice Analysis and Detection/Dataset/S2M03/Real/17.wav,0,MEN,MEN-S2M03,TG:b14e52bf5954d16c,-8.203125,1,0.3341666666666666,0.00027372167
mendeley/extracted/Bangla Audio Dataset Original and DeepFake Voices for AI-Based Voice Analysis and Detection/Dataset/S2M03/Real/18.wav,0,MEN,MEN-S2M03,TG:22a136bd91a94101,-13.8671875,1,0.3341666666666666,9.496347e-07
mendeley/extracted/Bangla Audio Dataset Original and DeepFake Voices for AI-Based Voice Analysis and Detection/Dataset/S2M03/Real/19.wav,0,MEN,MEN-S2M03,TG:bdf52a53172256ba,-37.59375,1,0.3008333333333333,4.7123963e-17
mendeley/extracted/Bangla Audio Dataset Original and DeepFake Voices for AI-Based Voice Analysis and Detection/Dataset/S2M03/Real/2.wav,0,MEN,MEN-S2M03,TG:96efe46367590bfc,14.515625,1,0.3675,0.9999995
mendeley/extracted/Bangla Audio Dataset Original and DeepFake Voices for AI-Based Voice Analysis and Detection/Dataset/S2M03/Real/20.wav,0,MEN,MEN-S2M03,TG:8679fd3194015daa,-25.125,1,0.3175,1.2256068e-11
mendeley/extracted/Bangla Audio Dataset Original and DeepFake Voices for AI-Based Voice Analysis and Detection/Dataset/S2M03/Real/21.wav,0,MEN,MEN-S2M03,TG:8d69e5e5f763c90d,-21.671875,1,0.3841666666666666,3.872793e-10
mendeley/extracted/Bangla Audio Dataset Original and DeepFake Voices for AI-Based Voice Analysis and Detection/Dataset/S2M03/Real/22.wav,0,MEN,MEN-S2M03,TG:fd6d9ea4183989da,-26.046875,1,0.3341666666666666,4.8751268e-12
mendeley/extracted/Bangla Audio Dataset Original and DeepFake Voices for AI-Based Voice Analysis and Detection/Dataset/S2M03/Real/23.wav,0,MEN,MEN-S2M03,TG:0853bab98c8f314f,-23.65625,1,0.3841666666666666,5.3237928e-11
mendeley/extracted/Bangla Audio Dataset Original and DeepFake Voices for AI-Based Voice Analysis and Detection/Dataset/S2M03/Real/24.wav,0,MEN,MEN-S2M03,TG:289fcb521c3b150a,-16.5,1,0.3508333333333333,6.825603e-08
mendeley/extracted/Bangla Audio Dataset Original and DeepFake Voices for AI-Based Voice Analysis and Detection/Dataset/S2M03/Real/25.wav,0,MEN,MEN-S2M03,TG:40b84a5f1cb3b6f7,-10.0,1,0.3341666666666666,4.539787e-05
mendeley/extracted/Bangla Audio Dataset Original and DeepFake Voices for AI-Based Voice Analysis and Detection/Dataset/S2M03/Real/26.wav,0,MEN,MEN-S2M03,TG:0927b5e32fe2f3c3,-3.8203125,1,0.4175,0.02145073
mendeley/extracted/Bangla Audio Dataset Original and DeepFake Voices for AI-Based Voice Analysis and Detection/Dataset/S2M03/Real/27.wav,0,MEN,MEN-S2M03,TG:cc2b4377cdecc854,-15.234375,1,0.3508333333333333,2.419886e-07
mendeley/extracted/Bangla Audio Dataset Original and DeepFake Voices for AI-Based Voice Analysis and Detection/Dataset/S2M03/Real/28.wav,0,MEN,MEN-S2M03,TG:9324b178591cabbc,-19.984375,1,0.4175,2.0936122e-09
mendeley/extracted/Bangla Audio Dataset Original and DeepFake Voices for AI-Based Voice Analysis and Detection/Dataset/S2M03/Real/29.wav,0,MEN,MEN-S2M03,TG:7fb328868f0ac39d,-12.140625,1,0.3675,5.338156e-06
mendeley/extracted/Bangla Audio Dataset Original and DeepFake Voices for AI-Based Voice Analysis and Detection/Dataset/S2M03/Real/3.wav,0,MEN,MEN-S2M03,TG:f50e8049e973348f,-21.546875,1,0.3341666666666666,4.3884493e-10
mendeley/extracted/Bangla Audio Dataset Original and DeepFake Voices for AI-Based Voice Analysis and Detection/Dataset/S2M03/Real/30.wav,0,MEN,MEN-S2M03,TG:889385251133086d,-23.609375,1,0.4008333333333334,5.579287e-11
mendeley/extracted/Bangla Audio Dataset Original and DeepFake Voices for AI-Based Voice Analysis and Detection/Dataset/S2M03/Real/4.wav,0,MEN,MEN-S2M03,TG:8ce64b152c444b3e,-30.75,1,0.3841666666666666,4.4202282e-14
mendeley/extracted/Bangla Audio Dataset Original and DeepFake Voices for AI-Based Voice Analysis and Detection/Dataset/S2M03/Real/5.wav,0,MEN,MEN-S2M03,TG:df1971069cd078a3,-14.1640625,1,0.3341666666666666,7.0570877e-07
mendeley/extracted/Bangla Audio Dataset Original and DeepFake Voices for AI-Based Voice Analysis and Detection/Dataset/S2M03/Real/6.wav,0,MEN,MEN-S2M03,TG:97bbdf40bcf80ca3,-17.3125,1,0.3508333333333333,3.028843e-08
mendeley/extracted/Bangla Audio Dataset Original and DeepFake Voices for AI-Based Voice Analysis and Detection/Dataset/S2M03/Real/7.wav,0,MEN,MEN-S2M03,TG:ad21867e01875176,-31.53125,1,0.3341666666666666,2.0237279e-14
mendeley/extracted/Bangla Audio Dataset Original and DeepFake Voices for AI-Based Voice Analysis and Detection/Dataset/S2M03/Real/8.wav,0,MEN,MEN-S2M03,TG:8a0169787fba87e5,-20.515625,1,0.3175,1.2307712e-09
mendeley/extracted/Bangla Audio Dataset Original and DeepFake Voices for AI-Based Voice Analysis and Detection/Dataset/S2M03/Real/9.wav,0,MEN,MEN-S2M03,TG:579044776182eb17,-5.8046875,1,0.3508333333333333,0.003004343
mendeley/extracted/Bangla Audio Dataset Original and DeepFake Voices for AI-Based Voice Analysis and Detection/Dataset/S2M04/Fake/1.wav,1,MEN,MEN-S2M04,TG:b20a3f0d02492dde,-23.03125,1,0.2691666666666666,9.946155e-11
mendeley/extracted/Bangla Audio Dataset Original and DeepFake Voices for AI-Based Voice Analysis and Detection/Dataset/S2M04/Fake/10.wav,1,MEN,MEN-S2M04,TG:33b1f33dae6afa07,-30.6875,1,0.4575,4.7053083e-14
mendeley/extracted/Bangla Audio Dataset Original and DeepFake Voices for AI-Based Voice Analysis and Detection/Dataset/S2M04/Fake/11.wav,1,MEN,MEN-S2M04,TG:bbe30dd5ada268b4,-25.84375,1,0.4441666666666667,5.9731304e-12
mendeley/extracted/Bangla Audio Dataset Original and DeepFake Voices for AI-Based Voice Analysis and Detection/Dataset/S2M04/Fake/12.wav,1,MEN,MEN-S2M04,TG:6074856ccebe1d75,-21.875,1,0.4808333333333333,3.1608818e-10
mendeley/extracted/Bangla Audio Dataset Original and DeepFake Voices for AI-Based Voice Analysis and Detection/Dataset/S2M04/Fake/13.wav,1,MEN,MEN-S2M04,TG:2cd01584e8b49dae,-28.859375,1,0.4341666666666667,2.927741e-13
mendeley/extracted/Bangla Audio Dataset Original and DeepFake Voices for AI-Based Voice Analysis and Detection/Dataset/S2M04/Fake/14.wav,1,MEN,MEN-S2M04,TG:9f0e2d6c08097dec,-24.359375,1,0.3375,2.6354684e-11
mendeley/extracted/Bangla Audio Dataset Original and DeepFake Voices for AI-Based Voice Analysis and Detection/Dataset/S2M04/Fake/15.wav,1,MEN,MEN-S2M04,TG:1c625cb144c83a4e,-21.59375,1,0.4525,4.1874876e-10
mendeley/extracted/Bangla Audio Dataset Original and DeepFake Voices for AI-Based Voice Analysis and Detection/Dataset/S2M04/Fake/16.wav,1,MEN,MEN-S2M04,TG:8e996bc7105e9806,-17.5625,1,0.5058333333333334,2.3588655e-08
mendeley/extracted/Bangla Audio Dataset Original and DeepFake Voices for AI-Based Voice Analysis and Detection/Dataset/S2M04/Fake/17.wav,1,MEN,MEN-S2M04,TG:b14e52bf5954d16c,-14.265625,1,0.5058333333333334,6.3755476e-07
mendeley/extracted/Bangla Audio Dataset Original and DeepFake Voices for AI-Based Voice Analysis and Detection/Dataset/S2M04/Fake/18.wav,1,MEN,MEN-S2M04,TG:22a136bd91a94101,-28.859375,1,0.5141666666666667,2.927741e-13
mendeley/extracted/Bangla Audio Dataset Original and DeepFake Voices for AI-Based Voice Analysis and Detection/Dataset/S2M04/Fake/19.wav,1,MEN,MEN-S2M04,TG:bdf52a53172256ba,-24.046875,1,0.3408333333333333,3.6022584e-11
mendeley/extracted/Bangla Audio Dataset Original and DeepFake Voices for AI-Based Voice Analysis and Detection/Dataset/S2M04/Fake/2.wav,1,MEN,MEN-S2M04,TG:96efe46367590bfc,-23.296875,1,0.4575,7.625982e-11
mendeley/extracted/Bangla Audio Dataset Original and DeepFake Voices for AI-Based Voice Analysis and Detection/Dataset/S2M04/Fake/20.wav,1,MEN,MEN-S2M04,TG:8679fd3194015daa,-23.640625,1,0.5141666666666667,5.4076306e-11
mendeley/extracted/Bangla Audio Dataset Original and DeepFake Voices for AI-Based Voice Analysis and Detection/Dataset/S2M04/Fake/21.wav,1,MEN,MEN-S2M04,TG:8d69e5e5f763c90d,-38.15625,1,0.4841666666666666,2.6850428e-17
mendeley/extracted/Bangla Audio Dataset Original and DeepFake Voices for AI-Based Voice Analysis and Detection/Dataset/S2M04/Fake/22.wav,1,MEN,MEN-S2M04,TG:fd6d9ea4183989da,-26.90625,1,0.5375,2.0642587e-12
mendeley/extracted/Bangla Audio Dataset Original and DeepFake Voices for AI-Based Voice Analysis and Detection/Dataset/S2M04/Fake/23.wav,1,MEN,MEN-S2M04,TG:0853bab98c8f314f,-38.46875,1,0.5508333333333333,1.964419e-17
mendeley/extracted/Bangla Audio Dataset Original and DeepFake Voices for AI-Based Voice Analysis and Detection/Dataset/S2M04/Fake/24.wav,1,MEN,MEN-S2M04,TG:289fcb521c3b150a,-18.703125,1,0.5175000000000001,7.539387e-09
mendeley/extracted/Bangla Audio Dataset Original and DeepFake Voices for AI-Based Voice Analysis and Detection/Dataset/S2M04/Fake/25.wav,1,MEN,MEN-S2M04,TG:40b84a5f1cb3b6f7,-24.421875,1,0.2674999999999999,2.4757937e-11
mendeley/extracted/Bangla Audio Dataset Original and DeepFake Voices for AI-Based Voice Analysis and Detection/Dataset/S2M04/Fake/26.wav,1,MEN,MEN-S2M04,TG:0927b5e32fe2f3c3,-8.375,1,0.3874999999999999,0.0002305067
mendeley/extracted/Bangla Audio Dataset Original and DeepFake Voices for AI-Based Voice Analysis and Detection/Dataset/S2M04/Fake/27.wav,1,MEN,MEN-S2M04,TG:cc2b4377cdecc854,-20.734375,1,0.3008333333333333,9.889524e-10
mendeley/extracted/Bangla Audio Dataset Original and DeepFake Voices for AI-Based Voice Analysis and Detection/Dataset/S2M04/Fake/28.wav,1,MEN,MEN-S2M04,TG:9324b178591cabbc,-22.328125,1,0.5208333333333333,2.0091785e-10
mendeley/extracted/Bangla Audio Dataset Original and DeepFake Voices for AI-Based Voice Analysis and Detection/Dataset/S2M04/Fake/29.wav,1,MEN,MEN-S2M04,TG:7fb328868f0ac39d,-18.359375,1,0.3841666666666666,1.063224e-08
mendeley/extracted/Bangla Audio Dataset Original and DeepFake Voices for AI-Based Voice Analysis and Detection/Dataset/S2M04/Fake/3.wav,1,MEN,MEN-S2M04,TG:f50e8049e973348f,-26.1875,1,0.3675,4.2355837e-12
mendeley/extracted/Bangla Audio Dataset Original and DeepFake Voices for AI-Based Voice Analysis and Detection/Dataset/S2M04/Fake/30.wav,1,MEN,MEN-S2M04,TG:889385251133086d,-26.703125,1,0.5241666666666667,2.5291826e-12
mendeley/extracted/Bangla Audio Dataset Original and DeepFake Voices for AI-Based Voice Analysis and Detection/Dataset/S2M04/Fake/4.wav,1,MEN,MEN-S2M04,TG:8ce64b152c444b3e,-20.15625,1,0.4075,1.7629982e-09
mendeley/extracted/Bangla Audio Dataset Original and DeepFake Voices for AI-Based Voice Analysis and Detection/Dataset/S2M04/Fake/5.wav,1,MEN,MEN-S2M04,TG:df1971069cd078a3,-15.8203125,1,0.4375,1.3468694e-07
mendeley/extracted/Bangla Audio Dataset Original and DeepFake Voices for AI-Based Voice Analysis and Detection/Dataset/S2M04/Fake/6.wav,1,MEN,MEN-S2M04,TG:97bbdf40bcf80ca3,-25.390625,1,0.3375,9.3970534e-12
mendeley/extracted/Bangla Audio Dataset Original and DeepFake Voices for AI-Based Voice Analysis and Detection/Dataset/S2M04/Fake/7.wav,1,MEN,MEN-S2M04,TG:ad21867e01875176,-20.78125,1,0.4158333333333334,9.436649e-10
mendeley/extracted/Bangla Audio Dataset Original and DeepFake Voices for AI-Based Voice Analysis and Detection/Dataset/S2M04/Fake/8.wav,1,MEN,MEN-S2M04,TG:8a0169787fba87e5,-22.078125,1,0.2724999999999999,2.5798363e-10
mendeley/extracted/Bangla Audio Dataset Original and DeepFake Voices for AI-Based Voice Analysis and Detection/Dataset/S2M04/Fake/9.wav,1,MEN,MEN-S2M04,TG:579044776182eb17,-26.625,1,0.4841666666666666,2.7346985e-12
mendeley/extracted/Bangla Audio Dataset Original and DeepFake Voices for AI-Based Voice Analysis and Detection/Dataset/S2M04/Real/1.wav,0,MEN,MEN-S2M04,TG:b20a3f0d02492dde,-18.0625,1,0.3841666666666666,1.43072425e-08
mendeley/extracted/Bangla Audio Dataset Original and DeepFake Voices for AI-Based Voice Analysis and Detection/Dataset/S2M04/Real/10.wav,0,MEN,MEN-S2M04,TG:33b1f33dae6afa07,-16.421875,1,0.4175,7.380237e-08
mendeley/extracted/Bangla Audio Dataset Original and DeepFake Voices for AI-Based Voice Analysis and Detection/Dataset/S2M04/Real/11.wav,0,MEN,MEN-S2M04,TG:bbe30dd5ada268b4,-10.609375,1,0.4008333333333334,2.4682904e-05
mendeley/extracted/Bangla Audio Dataset Original and DeepFake Voices for AI-Based Voice Analysis and Detection/Dataset/S2M04/Real/12.wav,0,MEN,MEN-S2M04,TG:6074856ccebe1d75,-2.03125,1,0.4841666666666666,0.115960725
mendeley/extracted/Bangla Audio Dataset Original and DeepFake Voices for AI-Based Voice Analysis and Detection/Dataset/S2M04/Real/13.wav,0,MEN,MEN-S2M04,TG:2cd01584e8b49dae,-5.5742188,1,0.4175,0.0037800956
mendeley/extracted/Bangla Audio Dataset Original and DeepFake Voices for AI-Based Voice Analysis and Detection/Dataset/S2M04/Real/14.wav,0,MEN,MEN-S2M04,TG:9f0e2d6c08097dec,-20.90625,1,0.4008333333333334,8.3278134e-10
mendeley/extracted/Bangla Audio Dataset Original and DeepFake Voices for AI-Based Voice Analysis and Detection/Dataset/S2M04/Real/15.wav,0,MEN,MEN-S2M04,TG:1c625cb144c83a4e,-29.671875,1,0.4675,1.2991772e-13
mendeley/extracted/Bangla Audio Dataset Original and DeepFake Voices for AI-Based Voice Analysis and Detection/Dataset/S2M04/Real/16.wav,0,MEN,MEN-S2M04,TG:8e996bc7105e9806,-24.34375,1,0.4341666666666667,2.6769715e-11
mendeley/extracted/Bangla Audio Dataset Original and DeepFake Voices for AI-Based Voice Analysis and Detection/Dataset/S2M04/Real/17.wav,0,MEN,MEN-S2M04,TG:b14e52bf5954d16c,-2.4257812,1,0.4841666666666666,0.08122776
mendeley/extracted/Bangla Audio Dataset Original and DeepFake Voices for AI-Based Voice Analysis and Detection/Dataset/S2M04/Real/18.wav,0,MEN,MEN-S2M04,TG:22a136bd91a94101,-18.359375,1,0.4008333333333334,1.063224e-08
mendeley/extracted/Bangla Audio Dataset Original and DeepFake Voices for AI-Based Voice Analysis and Detection/Dataset/S2M04/Real/19.wav,0,MEN,MEN-S2M04,TG:bdf52a53172256ba,-41.09375,1,0.3841666666666666,1.4230203e-18
mendeley/extracted/Bangla Audio Dataset Original and DeepFake Voices for AI-Based Voice Analysis and Detection/Dataset/S2M04/Real/2.wav,0,MEN,MEN-S2M04,TG:96efe46367590bfc,2.546875,1,0.4341666666666667,0.92736334
mendeley/extracted/Bangla Audio Dataset Original and DeepFake Voices for AI-Based Voice Analysis and Detection/Dataset/S2M04/Real/20.wav,0,MEN,MEN-S2M04,TG:8679fd3194015daa,-33.90625,1,0.4675,1.8823603e-15
mendeley/extracted/Bangla Audio Dataset Original and DeepFake Voices for AI-Based Voice Analysis and Detection/Dataset/S2M04/Real/21.wav,0,MEN,MEN-S2M04,TG:8d69e5e5f763c90d,-38.125,1,0.4508333333333333,2.770275e-17
mendeley/extracted/Bangla Audio Dataset Original and DeepFake Voices for AI-Based Voice Analysis and Detection/Dataset/S2M04/Real/22.wav,0,MEN,MEN-S2M04,TG:fd6d9ea4183989da,-8.1484375,1,0.4175,0.00028910325
mendeley/extracted/Bangla Audio Dataset Original and DeepFake Voices for AI-Based Voice Analysis and Detection/Dataset/S2M04/Real/23.wav,0,MEN,MEN-S2M04,TG:0853bab98c8f314f,-35.78125,1,0.4008333333333334,2.886693e-16
mendeley/extracted/Bangla Audio Dataset Original and DeepFake Voices for AI-Based Voice Analysis and Detection/Dataset/S2M04/Real/24.wav,0,MEN,MEN-S2M04,TG:289fcb521c3b150a,-31.5,1,0.4175,2.0879679e-14
mendeley/extracted/Bangla Audio Dataset Original and DeepFake Voices for AI-Based Voice Analysis and Detection/Dataset/S2M04/Real/25.wav,0,MEN,MEN-S2M04,TG:40b84a5f1cb3b6f7,-8.0078125,1,0.4008333333333334,0.0003327413
mendeley/extracted/Bangla Audio Dataset Original and DeepFake Voices for AI-Based Voice Analysis and Detection/Dataset/S2M04/Real/26.wav,0,MEN,MEN-S2M04,TG:0927b5e32fe2f3c3,-10.3671875,1,0.4008333333333334,3.1446623e-05
mendeley/extracted/Bangla Audio Dataset Original and DeepFake Voices for AI-Based Voice Analysis and Detection/Dataset/S2M04/Real/27.wav,0,MEN,MEN-S2M04,TG:cc2b4377cdecc854,-3.4160156,1,0.3341666666666666,0.03179867
mendeley/extracted/Bangla Audio Dataset Original and DeepFake Voices for AI-Based Voice Analysis and Detection/Dataset/S2M04/Real/28.wav,0,MEN,MEN-S2M04,TG:9324b178591cabbc,-53.28125,1,0.4675,7.248483e-24
mendeley/extracted/Bangla Audio Dataset Original and DeepFake Voices for AI-Based Voice Analysis and Detection/Dataset/S2M04/Real/29.wav,0,MEN,MEN-S2M04,TG:7fb328868f0ac39d,-9.046875,1,0.4841666666666666,0.000117744596
mendeley/extracted/Bangla Audio Dataset Original and DeepFake Voices for AI-Based Voice Analysis and Detection/Dataset/S2M04/Real/3.wav,0,MEN,MEN-S2M04,TG:f50e8049e973348f,-15.4453125,1,0.4008333333333334,1.9596834e-07
mendeley/extracted/Bangla Audio Dataset Original and DeepFake Voices for AI-Based Voice Analysis and Detection/Dataset/S2M04/Real/30.wav,0,MEN,MEN-S2M04,TG:889385251133086d,-15.5625,1,0.4175,1.7429785e-07
mendeley/extracted/Bangla Audio Dataset Original and DeepFake Voices for AI-Based Voice Analysis and Detection/Dataset/S2M04/Real/4.wav,0,MEN,MEN-S2M04,TG:8ce64b152c444b3e,-21.0625,1,0.5175000000000001,7.1231565e-10
mendeley/extracted/Bangla Audio Dataset Original and DeepFake Voices for AI-Based Voice Analysis and Detection/Dataset/S2M04/Real/5.wav,0,MEN,MEN-S2M04,TG:df1971069cd078a3,-21.9375,1,0.4841666666666666,2.9693734e-10
mendeley/extracted/Bangla Audio Dataset Original and DeepFake Voices for AI-Based Voice Analysis and Detection/Dataset/S2M04/Real/6.wav,0,MEN,MEN-S2M04,TG:97bbdf40bcf80ca3,-8.2109375,1,0.5008333333333334,0.00027159214
mendeley/extracted/Bangla Audio Dataset Original and DeepFake Voices for AI-Based Voice Analysis and Detection/Dataset/S2M04/Real/7.wav,0,MEN,MEN-S2M04,TG:ad21867e01875176,-15.65625,1,0.4841666666666666,1.5870002e-07
mendeley/extracted/Bangla Audio Dataset Original and DeepFake Voices for AI-Based Voice Analysis and Detection/Dataset/S2M04/Real/8.wav,0,MEN,MEN-S2M04,TG:8a0169787fba87e5,-25.765625,1,0.4008333333333334,6.458494e-12
mendeley/extracted/Bangla Audio Dataset Original and DeepFake Voices for AI-Based Voice Analysis and Detection/Dataset/S2M04/Real/9.wav,0,MEN,MEN-S2M04,TG:579044776182eb17,-22.96875,1,0.4175,1.0587626e-10
mendeley/extracted/Bangla Audio Dataset Original and DeepFake Voices for AI-Based Voice Analysis and Detection/Dataset/S2M05/Fake/1.wav,1,MEN,MEN-S2M05,TG:b20a3f0d02492dde,5.4882812,1,0.2958333333333333,0.99588215
mendeley/extracted/Bangla Audio Dataset Original and DeepFake Voices for AI-Based Voice Analysis and Detection/Dataset/S2M05/Fake/10.wav,1,MEN,MEN-S2M05,TG:33b1f33dae6afa07,-20.265625,1,0.4775,1.5803413e-09
mendeley/extracted/Bangla Audio Dataset Original and DeepFake Voices for AI-Based Voice Analysis and Detection/Dataset/S2M05/Fake/11.wav,1,MEN,MEN-S2M05,TG:bbe30dd5ada268b4,-15.90625,1,0.4675,1.235957e-07
mendeley/extracted/Bangla Audio Dataset Original and DeepFake Voices for AI-Based Voice Analysis and Detection/Dataset/S2M05/Fake/12.wav,1,MEN,MEN-S2M05,TG:6074856ccebe1d75,6.4648438,1,0.4608333333333333,0.9984452
mendeley/extracted/Bangla Audio Dataset Original and DeepFake Voices for AI-Based Voice Analysis and Detection/Dataset/S2M05/Fake/13.wav,1,MEN,MEN-S2M05,TG:2cd01584e8b49dae,-7.5742188,1,0.4675,0.0005132579
mendeley/extracted/Bangla Audio Dataset Original and DeepFake Voices for AI-Based Voice Analysis and Detection/Dataset/S2M05/Fake/14.wav,1,MEN,MEN-S2M05,TG:9f0e2d6c08097dec,12.734375,1,0.3308333333333333,0.999997
mendeley/extracted/Bangla Audio Dataset Original and DeepFake Voices for AI-Based Voice Analysis and Detection/Dataset/S2M05/Fake/15.wav,1,MEN,MEN-S2M05,TG:1c625cb144c83a4e,-13.7421875,1,0.4958333333333333,1.076077e-06
mendeley/extracted/Bangla Audio Dataset Original and DeepFake Voices for AI-Based Voice Analysis and Detection/Dataset/S2M05/Fake/16.wav,1,MEN,MEN-S2M05,TG:8e996bc7105e9806,-17.703125,1,0.5375,2.0494179e-08
mendeley/extracted/Bangla Audio Dataset Original and DeepFake Voices for AI-Based Voice Analysis and Detection/Dataset/S2M05/Fake/17.wav,1,MEN,MEN-S2M05,TG:b14e52bf5954d16c,-5.6015625,1,0.4541666666666667,0.003678509
mendeley/extracted/Bangla Audio Dataset Original and DeepFake Voices for AI-Based Voice Analysis and Detection/Dataset/S2M05/Fake/18.wav,1,MEN,MEN-S2M05,TG:22a136bd91a94101,-0.35107422,1,0.5175000000000001,0.41312194
mendeley/extracted/Bangla Audio Dataset Original and DeepFake Voices for AI-Based Voice Analysis and Detection/Dataset/S2M05/Fake/19.wav,1,MEN,MEN-S2M05,TG:bdf52a53172256ba,-16.09375,1,0.3774999999999999,1.0246443e-07
mendeley/extracted/Bangla Audio Dataset Original and DeepFake Voices for AI-Based Voice Analysis and Detection/Dataset/S2M05/Fake/2.wav,1,MEN,MEN-S2M05,TG:96efe46367590bfc,-17.890625,1,0.3941666666666666,1.699027e-08
mendeley/extracted/Bangla Audio Dataset Original and DeepFake Voices for AI-Based Voice Analysis and Detection/Dataset/S2M05/Fake/20.wav,1,MEN,MEN-S2M05,TG:8679fd3194015daa,-18.890625,1,0.5175000000000001,6.2503704e-09
mendeley/extracted/Bangla Audio Dataset Original and DeepFake Voices for AI-Based Voice Analysis and Detection/Dataset/S2M05/Fake/21.wav,1,MEN,MEN-S2M05,TG:8d69e5e5f763c90d,0.59228516,1,0.4358333333333333,0.6438893
mendeley/extracted/Bangla Audio Dataset Original and DeepFake Voices for AI-Based Voice Analysis and Detection/Dataset/S2M05/Fake/22.wav,1,MEN,MEN-S2M05,TG:fd6d9ea4183989da,-16.046875,1,0.5425,1.073818e-07
mendeley/extracted/Bangla Audio Dataset Original and DeepFake Voices for AI-Based Voice Analysis and Detection/Dataset/S2M05/Fake/23.wav,1,MEN,MEN-S2M05,TG:0853bab98c8f314f,-11.5859375,1,0.4758333333333333,9.295811e-06
mendeley/extracted/Bangla Audio Dataset Original and DeepFake Voices for AI-Based Voice Analysis and Detection/Dataset/S2M05/Fake/24.wav,1,MEN,MEN-S2M05,TG:289fcb521c3b150a,-19.234375,1,0.5075000000000001,4.4321773e-09
mendeley/extracted/Bangla Audio Dataset Original and DeepFake Voices for AI-Based Voice Analysis and Detection/Dataset/S2M05/Fake/25.wav,1,MEN,MEN-S2M05,TG:40b84a5f1cb3b6f7,3.2636719,1,0.2341666666666666,0.9631613
mendeley/extracted/Bangla Audio Dataset Original and DeepFake Voices for AI-Based Voice Analysis and Detection/Dataset/S2M05/Fake/26.wav,1,MEN,MEN-S2M05,TG:0927b5e32fe2f3c3,-16.578125,1,0.3575,6.3126514e-08
mendeley/extracted/Bangla Audio Dataset Original and DeepFake Voices for AI-Based Voice Analysis and Detection/Dataset/S2M05/Fake/27.wav,1,MEN,MEN-S2M05,TG:cc2b4377cdecc854,-12.265625,1,0.2991666666666667,4.710909e-06
mendeley/extracted/Bangla Audio Dataset Original and DeepFake Voices for AI-Based Voice Analysis and Detection/Dataset/S2M05/Fake/28.wav,1,MEN,MEN-S2M05,TG:9324b178591cabbc,-17.03125,1,0.5225,4.0125656e-08
mendeley/extracted/Bangla Audio Dataset Original and DeepFake Voices for AI-Based Voice Analysis and Detection/Dataset/S2M05/Fake/29.wav,1,MEN,MEN-S2M05,TG:7fb328868f0ac39d,13.2578125,1,0.4091666666666667,0.9999982
mendeley/extracted/Bangla Audio Dataset Original and DeepFake Voices for AI-Based Voice Analysis and Detection/Dataset/S2M05/Fake/3.wav,1,MEN,MEN-S2M05,TG:f50e8049e973348f,-17.0625,1,0.4041666666666667,3.8891113e-08
mendeley/extracted/Bangla Audio Dataset Original and DeepFake Voices for AI-Based Voice Analysis and Detection/Dataset/S2M05/Fake/30.wav,1,MEN,MEN-S2M05,TG:889385251133086d,-24.21875,1,0.5958333333333333,3.033406e-11
mendeley/extracted/Bangla Audio Dataset Original and DeepFake Voices for AI-Based Voice Analysis and Detection/Dataset/S2M05/Fake/4.wav,1,MEN,MEN-S2M05,TG:8ce64b152c444b3e,-12.015625,1,0.3841666666666666,6.0489183e-06
mendeley/extracted/Bangla Audio Dataset Original and DeepFake Voices for AI-Based Voice Analysis and Detection/Dataset/S2M05/Fake/5.wav,1,MEN,MEN-S2M05,TG:df1971069cd078a3,-2.3066406,1,0.3824999999999999,0.09057447
mendeley/extracted/Bangla Audio Dataset Original and DeepFake Voices for AI-Based Voice Analysis and Detection/Dataset/S2M05/Fake/6.wav,1,MEN,MEN-S2M05,TG:97bbdf40bcf80ca3,-5.8554688,1,0.3508333333333333,0.0028560122
mendeley/extracted/Bangla Audio Dataset Original and DeepFake Voices for AI-Based Voice Analysis and Detection/Dataset/S2M05/Fake/7.wav,1,MEN,MEN-S2M05,TG:ad21867e01875176,-3.2519531,1,0.4091666666666667,0.037256766
mendeley/extracted/Bangla Audio Dataset Original and DeepFake Voices for AI-Based Voice Analysis and Detection/Dataset/S2M05/Fake/8.wav,1,MEN,MEN-S2M05,TG:8a0169787fba87e5,-8.5234375,1,0.2624999999999999,0.00019871553
mendeley/extracted/Bangla Audio Dataset Original and DeepFake Voices for AI-Based Voice Analysis and Detection/Dataset/S2M05/Fake/9.wav,1,MEN,MEN-S2M05,TG:579044776182eb17,-13.1328125,1,0.5041666666666667,1.9792067e-06
mendeley/extracted/Bangla Audio Dataset Original and DeepFake Voices for AI-Based Voice Analysis and Detection/Dataset/S2M05/Real/1.wav,0,MEN,MEN-S2M05,TG:b20a3f0d02492dde,-21.34375,1,0.6508333333333334,5.3768406e-10
mendeley/extracted/Bangla Audio Dataset Original and DeepFake Voices for AI-Based Voice Analysis and Detection/Dataset/S2M05/Real/10.wav,0,MEN,MEN-S2M05,TG:33b1f33dae6afa07,-57.8125,1,0.7008333333333333,7.804593e-26
mendeley/extracted/Bangla Audio Dataset Original and DeepFake Voices for AI-Based Voice Analysis and Detection/Dataset/S2M05/Real/11.wav,0,MEN,MEN-S2M05,TG:bbe30dd5ada268b4,-53.4375,1,0.5841666666666667,6.199957e-24
mendeley/extracted/Bangla Audio Dataset Original and DeepFake Voices for AI-Based Voice Analysis and Detection/Dataset/S2M05/Real/12.wav,0,MEN,MEN-S2M05,TG:6074856ccebe1d75,-62.21875,1,0.6841666666666666,9.522264e-28
mendeley/extracted/Bangla Audio Dataset Original and DeepFake Voices for AI-Based Voice Analysis and Detection/Dataset/S2M05/Real/13.wav,0,MEN,MEN-S2M05,TG:2cd01584e8b49dae,-63.125,1,0.6341666666666667,3.8473426e-28
mendeley/extracted/Bangla Audio Dataset Original and DeepFake Voices for AI-Based Voice Analysis and Detection/Dataset/S2M05/Real/14.wav,0,MEN,MEN-S2M05,TG:9f0e2d6c08097dec,-34.90625,1,0.5341666666666667,6.924816e-16
mendeley/extracted/Bangla Audio Dataset Original and DeepFake Voices for AI-Based Voice Analysis and Detection/Dataset/S2M05/Real/15.wav,0,MEN,MEN-S2M05,TG:1c625cb144c83a4e,-18.5,1,0.7341666666666666,9.23745e-09
mendeley/extracted/Bangla Audio Dataset Original and DeepFake Voices for AI-Based Voice Analysis and Detection/Dataset/S2M05/Real/16.wav,0,MEN,MEN-S2M05,TG:8e996bc7105e9806,-40.875,1,0.7008333333333333,1.7709776e-18
mendeley/extracted/Bangla Audio Dataset Original and DeepFake Voices for AI-Based Voice Analysis and Detection/Dataset/S2M05/Real/17.wav,0,MEN,MEN-S2M05,TG:b14e52bf5954d16c,-48.125,1,0.6675,1.257703e-21
mendeley/extracted/Bangla Audio Dataset Original and DeepFake Voices for AI-Based Voice Analysis and Detection/Dataset/S2M05/Real/18.wav,0,MEN,MEN-S2M05,TG:22a136bd91a94101,-42.28125,1,0.6841666666666666,4.339967e-19
mendeley/extracted/Bangla Audio Dataset Original and DeepFake Voices for AI-Based Voice Analysis and Detection/Dataset/S2M05/Real/19.wav,0,MEN,MEN-S2M05,TG:bdf52a53172256ba,-54.625,1,0.6008333333333333,1.8908799e-24
mendeley/extracted/Bangla Audio Dataset Original and DeepFake Voices for AI-Based Voice Analysis and Detection/Dataset/S2M05/Real/2.wav,0,MEN,MEN-S2M05,TG:96efe46367590bfc,-16.78125,1,0.6008333333333333,5.1522353e-08
mendeley/extracted/Bangla Audio Dataset Original and DeepFake Voices for AI-Based Voice Analysis and Detection/Dataset/S2M05/Real/20.wav,0,MEN,MEN-S2M05,TG:8679fd3194015daa,-49.9375,1,0.7175,2.0531435e-22
mendeley/extracted/Bangla Audio Dataset Original and DeepFake Voices for AI-Based Voice Analysis and Detection/Dataset/S2M05/Real/21.wav,0,MEN,MEN-S2M05,TG:8d69e5e5f763c90d,-36.4375,1,0.6675,1.4975966e-16
mendeley/extracted/Bangla Audio Dataset Original and DeepFake Voices for AI-Based Voice Analysis and Detection/Dataset/S2M05/Real/22.wav,0,MEN,MEN-S2M05,TG:fd6d9ea4183989da,-50.15625,1,0.7175,1.6497472e-22
mendeley/extracted/Bangla Audio Dataset Original and DeepFake Voices for AI-Based Voice Analysis and Detection/Dataset/S2M05/Real/23.wav,0,MEN,MEN-S2M05,TG:0853bab98c8f314f,-43.25,1,0.6675,1.6472657e-19
mendeley/extracted/Bangla Audio Dataset Original and DeepFake Voices for AI-Based Voice Analysis and Detection/Dataset/S2M05/Real/24.wav,0,MEN,MEN-S2M05,TG:289fcb521c3b150a,-35.0,1,0.6675,6.305117e-16
mendeley/extracted/Bangla Audio Dataset Original and DeepFake Voices for AI-Based Voice Analysis and Detection/Dataset/S2M05/Real/25.wav,0,MEN,MEN-S2M05,TG:40b84a5f1cb3b6f7,-35.875,1,0.4841666666666666,2.6283636e-16
mendeley/extracted/Bangla Audio Dataset Original and DeepFake Voices for AI-Based Voice Analysis and Detection/Dataset/S2M05/Real/26.wav,0,MEN,MEN-S2M05,TG:0927b5e32fe2f3c3,-39.46875,1,0.5841666666666667,7.226694e-18
mendeley/extracted/Bangla Audio Dataset Original and DeepFake Voices for AI-Based Voice Analysis and Detection/Dataset/S2M05/Real/27.wav,0,MEN,MEN-S2M05,TG:cc2b4377cdecc854,-43.53125,1,0.5675,1.2434215e-19
mendeley/extracted/Bangla Audio Dataset Original and DeepFake Voices for AI-Based Voice Analysis and Detection/Dataset/S2M05/Real/28.wav,0,MEN,MEN-S2M05,TG:9324b178591cabbc,-28.46875,1,0.7008333333333333,4.3269208e-13
mendeley/extracted/Bangla Audio Dataset Original and DeepFake Voices for AI-Based Voice Analysis and Detection/Dataset/S2M05/Real/29.wav,0,MEN,MEN-S2M05,TG:7fb328868f0ac39d,-31.609375,1,0.7008333333333333,1.8716423e-14
mendeley/extracted/Bangla Audio Dataset Original and DeepFake Voices for AI-Based Voice Analysis and Detection/Dataset/S2M05/Real/3.wav,0,MEN,MEN-S2M05,TG:f50e8049e973348f,-53.96875,1,0.6341666666666667,3.6447665e-24
mendeley/extracted/Bangla Audio Dataset Original and DeepFake Voices for AI-Based Voice Analysis and Detection/Dataset/S2M05/Real/30.wav,0,MEN,MEN-S2M05,TG:889385251133086d,-39.28125,1,0.7175,8.717058e-18
mendeley/extracted/Bangla Audio Dataset Original and DeepFake Voices for AI-Based Voice Analysis and Detection/Dataset/S2M05/Real/4.wav,0,MEN,MEN-S2M05,TG:8ce64b152c444b3e,-26.734375,1,0.6675,2.4513679e-12
mendeley/extracted/Bangla Audio Dataset Original and DeepFake Voices for AI-Based Voice Analysis and Detection/Dataset/S2M05/Real/5.wav,0,MEN,MEN-S2M05,TG:df1971069cd078a3,-55.1875,1,0.7008333333333333,1.0773909e-24
mendeley/extracted/Bangla Audio Dataset Original and DeepFake Voices for AI-Based Voice Analysis and Detection/Dataset/S2M05/Real/6.wav,0,MEN,MEN-S2M05,TG:97bbdf40bcf80ca3,-39.75,1,0.6508333333333334,5.4549943e-18
mendeley/extracted/Bangla Audio Dataset Original and DeepFake Voices for AI-Based Voice Analysis and Detection/Dataset/S2M05/Real/7.wav,0,MEN,MEN-S2M05,TG:ad21867e01875176,-52.46875,1,0.7341666666666666,1.6334708e-23
mendeley/extracted/Bangla Audio Dataset Original and DeepFake Voices for AI-Based Voice Analysis and Detection/Dataset/S2M05/Real/8.wav,0,MEN,MEN-S2M05,TG:8a0169787fba87e5,-29.3125,1,0.5508333333333333,1.8609856e-13
mendeley/extracted/Bangla Audio Dataset Original and DeepFake Voices for AI-Based Voice Analysis and Detection/Dataset/S2M05/Real/9.wav,0,MEN,MEN-S2M05,TG:579044776182eb17,-64.0,1,0.6174999999999999,1.6038108e-28
mendeley/extracted/Bangla Audio Dataset Original and DeepFake Voices for AI-Based Voice Analysis and Detection/Dataset/S3F01/Fake/1.wav,1,MEN,MEN-S3F01,TG:c64a37b6788eff47,-3.046875,1,0.4958333333333333,0.045352582
mendeley/extracted/Bangla Audio Dataset Original and DeepFake Voices for AI-Based Voice Analysis and Detection/Dataset/S3F01/Fake/10.wav,1,MEN,MEN-S3F01,TG:e4f6f434932f766c,-10.9453125,1,0.4825,1.76402e-05
mendeley/extracted/Bangla Audio Dataset Original and DeepFake Voices for AI-Based Voice Analysis and Detection/Dataset/S3F01/Fake/11.wav,1,MEN,MEN-S3F01,TG:279416c756e06369,-12.3671875,1,0.4675,4.255953e-06
mendeley/extracted/Bangla Audio Dataset Original and DeepFake Voices for AI-Based Voice Analysis and Detection/Dataset/S3F01/Fake/12.wav,1,MEN,MEN-S3F01,TG:29d9398f6eb46b4c,-21.265625,1,0.5075000000000001,5.813751e-10
mendeley/extracted/Bangla Audio Dataset Original and DeepFake Voices for AI-Based Voice Analysis and Detection/Dataset/S3F01/Fake/13.wav,1,MEN,MEN-S3F01,TG:a654883aa77ef593,-1.5908203,1,0.3641666666666666,0.16926852
mendeley/extracted/Bangla Audio Dataset Original and DeepFake Voices for AI-Based Voice Analysis and Detection/Dataset/S3F01/Fake/14.wav,1,MEN,MEN-S3F01,TG:da1b8fe7ea374f0b,-9.328125,1,0.1274999999999999,8.888084e-05
mendeley/extracted/Bangla Audio Dataset Original and DeepFake Voices for AI-Based Voice Analysis and Detection/Dataset/S3F01/Fake/15.wav,1,MEN,MEN-S3F01,TG:0024a0b4f77f02d4,22.171875,1,0.4741666666666666,1.0
mendeley/extracted/Bangla Audio Dataset Original and DeepFake Voices for AI-Based Voice Analysis and Detection/Dataset/S3F01/Fake/16.wav,1,MEN,MEN-S3F01,TG:8f6e37cf38ec1a44,-7.140625,1,0.4775,0.0007916296
mendeley/extracted/Bangla Audio Dataset Original and DeepFake Voices for AI-Based Voice Analysis and Detection/Dataset/S3F01/Fake/17.wav,1,MEN,MEN-S3F01,TG:3669c591dfbe7a55,6.6875,1,0.2808333333333334,0.9987551
mendeley/extracted/Bangla Audio Dataset Original and DeepFake Voices for AI-Based Voice Analysis and Detection/Dataset/S3F01/Fake/18.wav,1,MEN,MEN-S3F01,TG:8be6babbf81be123,-0.68896484,1,0.3641666666666666,0.33426335
mendeley/extracted/Bangla Audio Dataset Original and DeepFake Voices for AI-Based Voice Analysis and Detection/Dataset/S3F01/Fake/19.wav,1,MEN,MEN-S3F01,TG:7f247b87b49d5fb0,0.86816406,1,0.0224999999999999,0.7043636
mendeley/extracted/Bangla Audio Dataset Original and DeepFake Voices for AI-Based Voice Analysis and Detection/Dataset/S3F01/Fake/2.wav,1,MEN,MEN-S3F01,TG:e77eed1a0aa1b7cf,-19.453125,1,0.4775,3.5613539e-09
mendeley/extracted/Bangla Audio Dataset Original and DeepFake Voices for AI-Based Voice Analysis and Detection/Dataset/S3F01/Fake/20.wav,1,MEN,MEN-S3F01,TG:567b144e9ae8bc8b,5.3828125,1,0.3308333333333333,0.9954261
mendeley/extracted/Bangla Audio Dataset Original and DeepFake Voices for AI-Based Voice Analysis and Detection/Dataset/S3F01/Fake/21.wav,1,MEN,MEN-S3F01,TG:9e58a2d9515bce87,2.4492188,1,0.4425,0.9205043
mendeley/extracted/Bangla Audio Dataset Original and DeepFake Voices for AI-Based Voice Analysis and Detection/Dataset/S3F01/Fake/22.wav,1,MEN,MEN-S3F01,TG:39deb4923c5e7c69,9.0546875,1,0.2325,0.9998832
mendeley/extracted/Bangla Audio Dataset Original and DeepFake Voices for AI-Based Voice Analysis and Detection/Dataset/S3F01/Fake/23.wav,1,MEN,MEN-S3F01,TG:7b7d4f0518a452ce,-27.390625,1,0.4008333333333334,1.2717529e-12
mendeley/extracted/Bangla Audio Dataset Original and DeepFake Voices for AI-Based Voice Analysis and Detection/Dataset/S3F01/Fake/24.wav,1,MEN,MEN-S3F01,TG:ff2ff224c96a1888,2.6015625,1,0.4491666666666667,0.9309621
mendeley/extracted/Bangla Audio Dataset Original and DeepFake Voices for AI-Based Voice Analysis and Detection/Dataset/S3F01/Fake/25.wav,1,MEN,MEN-S3F01,TG:9c6ff62d512d4446,-4.75,1,0.1674999999999999,0.008577486
mendeley/extracted/Bangla Audio Dataset Original and DeepFake Voices for AI-Based Voice Analysis and Detection/Dataset/S3F01/Fake/26.wav,1,MEN,MEN-S3F01,TG:527411d819e34baa,8.71875,1,0.5241666666666667,0.99983656
mendeley/extracted/Bangla Audio Dataset Original and DeepFake Voices for AI-Based Voice Analysis and Detection/Dataset/S3F01/Fake/27.wav,1,MEN,MEN-S3F01,TG:b6a6a3b4c18cb76d,-8.0390625,1,0.4541666666666667,0.00032250723
mendeley/extracted/Bangla Audio Dataset Original and DeepFake Voices for AI-Based Voice Analysis and Detection/Dataset/S3F01/Fake/28.wav,1,MEN,MEN-S3F01,TG:143353d18a45fba7,0.054107666,1,0.4125,0.51352364
mendeley/extracted/Bangla Audio Dataset Original and DeepFake Voices for AI-Based Voice Analysis and Detection/Dataset/S3F01/Fake/29.wav,1,MEN,MEN-S3F01,TG:2939ab8429b75898,0.0949707,1,0.4558333333333333,0.52372485
mendeley/extracted/Bangla Audio Dataset Original and DeepFake Voices for AI-Based Voice Analysis and Detection/Dataset/S3F01/Fake/3.wav,1,MEN,MEN-S3F01,TG:60894dee2b546c5f,20.046875,1,0.3658333333333333,1.0
mendeley/extracted/Bangla Audio Dataset Original and DeepFake Voices for AI-Based Voice Analysis and Detection/Dataset/S3F01/Fake/30.wav,1,MEN,MEN-S3F01,TG:12ec84bfce694bf7,-11.578125,1,0.2741666666666666,9.368717e-06
mendeley/extracted/Bangla Audio Dataset Original and DeepFake Voices for AI-Based Voice Analysis and Detection/Dataset/S3F01/Fake/4.wav,1,MEN,MEN-S3F01,TG:ba3a3390e238eabe,10.4375,1,0.4891666666666666,0.9999707
mendeley/extracted/Bangla Audio Dataset Original and DeepFake Voices for AI-Based Voice Analysis and Detection/Dataset/S3F01/Fake/5.wav,1,MEN,MEN-S3F01,TG:4d2279fbc9b21903,-8.4921875,1,0.4908333333333333,0.00020502214
mendeley/extracted/Bangla Audio Dataset Original and DeepFake Voices for AI-Based Voice Analysis and Detection/Dataset/S3F01/Fake/6.wav,1,MEN,MEN-S3F01,TG:e1a6cf0ea369c47c,-20.546875,1,0.5008333333333334,1.1929042e-09
mendeley/extracted/Bangla Audio Dataset Original and DeepFake Voices for AI-Based Voice Analysis and Detection/Dataset/S3F01/Fake/7.wav,1,MEN,MEN-S3F01,TG:b94c02a58d6767fd,3.234375,1,0.4858333333333333,0.96210754
mendeley/extracted/Bangla Audio Dataset Original and DeepFake Voices for AI-Based Voice Analysis and Detection/Dataset/S3F01/Fake/8.wav,1,MEN,MEN-S3F01,TG:2c5c04ca3a814a2b,0.78515625,1,0.4275,0.6867903
mendeley/extracted/Bangla Audio Dataset Original and DeepFake Voices for AI-Based Voice Analysis and Detection/Dataset/S3F01/Fake/9.wav,1,MEN,MEN-S3F01,TG:3183698e613eeb91,0.80029297,1,0.3841666666666666,0.6900372
mendeley/extracted/Bangla Audio Dataset Original and DeepFake Voices for AI-Based Voice Analysis and Detection/Dataset/S3F01/Real/1.wav,0,MEN,MEN-S3F01,TG:c64a37b6788eff47,-62.03125,1,0.5908333333333333,1.1486043e-27
mendeley/extracted/Bangla Audio Dataset Original and DeepFake Voices for AI-Based Voice Analysis and Detection/Dataset/S3F01/Real/10.wav,0,MEN,MEN-S3F01,TG:e4f6f434932f766c,-48.21875,1,0.6775,1.1451516e-21
mendeley/extracted/Bangla Audio Dataset Original and DeepFake Voices for AI-Based Voice Analysis and Detection/Dataset/S3F01/Real/11.wav,0,MEN,MEN-S3F01,TG:279416c756e06369,-35.46875,1,0.5858333333333333,3.9456415e-16
mendeley/extracted/Bangla Audio Dataset Original and DeepFake Voices for AI-Based Voice Analysis and Detection/Dataset/S3F01/Real/12.wav,0,MEN,MEN-S3F01,TG:29d9398f6eb46b4c,-66.3125,1,0.7224999999999999,1.5879878e-29
mendeley/extracted/Bangla Audio Dataset Original and DeepFake Voices for AI-Based Voice Analysis and Detection/Dataset/S3F01/Real/13.wav,0,MEN,MEN-S3F01,TG:a654883aa77ef593,-42.46875,1,0.5958333333333333,3.5979593e-19
mendeley/extracted/Bangla Audio Dataset Original and DeepFake Voices for AI-Based Voice Analysis and Detection/Dataset/S3F01/Real/14.wav,0,MEN,MEN-S3F01,TG:da1b8fe7ea374f0b,-35.25,1,0.4458333333333333,4.91043e-16
mendeley/extracted/Bangla Audio Dataset Original and DeepFake Voices for AI-Based Voice Analysis and Detection/Dataset/S3F01/Real/15.wav,0,MEN,MEN-S3F01,TG:0024a0b4f77f02d4,-44.65625,1,0.4325,4.0367984e-20
mendeley/extracted/Bangla Audio Dataset Original and DeepFake Voices for AI-Based Voice Analysis and Detection/Dataset/S3F01/Real/16.wav,0,MEN,MEN-S3F01,TG:8f6e37cf38ec1a44,-45.71875,1,0.6775,1.3950802e-20
mendeley/extracted/Bangla Audio Dataset Original and DeepFake Voices for AI-Based Voice Analysis and Detection/Dataset/S3F01/Real/17.wav,0,MEN,MEN-S3F01,TG:3669c591dfbe7a55,-41.5,1,0.3974999999999999,9.47936e-19
mendeley/extracted/Bangla Audio Dataset Original and DeepFake Voices for AI-Based Voice Analysis and Detection/Dataset/S3F01/Real/18.wav,0,MEN,MEN-S3F01,TG:8be6babbf81be123,-49.96875,1,0.6091666666666666,1.9899748e-22
mendeley/extracted/Bangla Audio Dataset Original and DeepFake Voices for AI-Based Voice Analysis and Detection/Dataset/S3F01/Real/19.wav,0,MEN,MEN-S3F01,TG:7f247b87b49d5fb0,-47.4375,1,0.4658333333333333,2.5012409e-21
mendeley/extracted/Bangla Audio Dataset Original and DeepFake Voices for AI-Based Voice Analysis and Detection/Dataset/S3F01/Real/2.wav,0,MEN,MEN-S3F01,TG:e77eed1a0aa1b7cf,-64.8125,1,0.6208333333333333,7.1168685e-29
mendeley/extracted/Bangla Audio Dataset Original and DeepFake Voices for AI-Based Voice Analysis and Detection/Dataset/S3F01/Real/20.wav,0,MEN,MEN-S3F01,TG:567b144e9ae8bc8b,-67.125,1,0.4891666666666666,7.046653e-30
mendeley/extracted/Bangla Audio Dataset Original and DeepFake Voices for AI-Based Voice Analysis and Detection/Dataset/S3F01/Real/21.wav,0,MEN,MEN-S3F01,TG:9e58a2d9515bce87,-46.125,1,0.5658333333333334,9.293237e-21
mendeley/extracted/Bangla Audio Dataset Original and DeepFake Voices for AI-Based Voice Analysis and Detection/Dataset/S3F01/Real/22.wav,0,MEN,MEN-S3F01,TG:39deb4923c5e7c69,-49.5625,1,0.4408333333333333,2.9873064e-22
mendeley/extracted/Bangla Audio Dataset Original and DeepFake Voices for AI-Based Voice Analysis and Detection/Dataset/S3F01/Real/23.wav,0,MEN,MEN-S3F01,TG:7b7d4f0518a452ce,-32.125,1,0.5441666666666667,1.11760864e-14
mendeley/extracted/Bangla Audio Dataset Original and DeepFake Voices for AI-Based Voice Analysis and Detection/Dataset/S3F01/Real/24.wav,0,MEN,MEN-S3F01,TG:ff2ff224c96a1888,-59.34375,1,0.5875,1.6878616e-26
mendeley/extracted/Bangla Audio Dataset Original and DeepFake Voices for AI-Based Voice Analysis and Detection/Dataset/S3F01/Real/25.wav,0,MEN,MEN-S3F01,TG:9c6ff62d512d4446,-48.21875,1,0.4608333333333333,1.1451516e-21
mendeley/extracted/Bangla Audio Dataset Original and DeepFake Voices for AI-Based Voice Analysis and Detection/Dataset/S3F01/Real/26.wav,0,MEN,MEN-S3F01,TG:527411d819e34baa,-45.09375,1,0.6608333333333334,2.606353e-20
mendeley/extracted/Bangla Audio Dataset Original and DeepFake Voices for AI-Based Voice Analysis and Detection/Dataset/S3F01/Real/27.wav,0,MEN,MEN-S3F01,TG:b6a6a3b4c18cb76d,-45.21875,1,0.6725,2.3000982e-20
mendeley/extracted/Bangla Audio Dataset Original and DeepFake Voices for AI-Based Voice Analysis and Detection/Dataset/S3F01/Real/28.wav,0,MEN,MEN-S3F01,TG:143353d18a45fba7,-24.5,1,0.4775,2.2897349e-11
mendeley/extracted/Bangla Audio Dataset Original and DeepFake Voices for AI-Based Voice Analysis and Detection/Dataset/S3F01/Real/29.wav,0,MEN,MEN-S3F01,TG:2939ab8429b75898,-48.78125,1,0.5058333333333334,6.5248763e-22
mendeley/extracted/Bangla Audio Dataset Original and DeepFake Voices for AI-Based Voice Analysis and Detection/Dataset/S3F01/Real/3.wav,0,MEN,MEN-S3F01,TG:60894dee2b546c5f,-50.1875,1,0.5491666666666667,1.5989898e-22
mendeley/extracted/Bangla Audio Dataset Original and DeepFake Voices for AI-Based Voice Analysis and Detection/Dataset/S3F01/Real/30.wav,0,MEN,MEN-S3F01,TG:12ec84bfce694bf7,-55.25,1,0.6141666666666667,1.01211505e-24
mendeley/extracted/Bangla Audio Dataset Original and DeepFake Voices for AI-Based Voice Analysis and Detection/Dataset/S3F01/Real/4.wav,0,MEN,MEN-S3F01,TG:ba3a3390e238eabe,-30.921875,1,0.6708333333333334,3.7222053e-14
mendeley/extracted/Bangla Audio Dataset Original and DeepFake Voices for AI-Based Voice Analysis and Detection/Dataset/S3F01/Real/5.wav,0,MEN,MEN-S3F01,TG:4d2279fbc9b21903,-61.46875,1,0.6391666666666667,2.0158632e-27
mendeley/extracted/Bangla Audio Dataset Original and DeepFake Voices for AI-Based Voice Analysis and Detection/Dataset/S3F01/Real/6.wav,0,MEN,MEN-S3F01,TG:e1a6cf0ea369c47c,-55.3125,1,0.7258333333333333,9.50794e-25
mendeley/extracted/Bangla Audio Dataset Original and DeepFake Voices for AI-Based Voice Analysis and Detection/Dataset/S3F01/Real/7.wav,0,MEN,MEN-S3F01,TG:b94c02a58d6767fd,-59.34375,1,0.6558333333333333,1.6878616e-26
mendeley/extracted/Bangla Audio Dataset Original and DeepFake Voices for AI-Based Voice Analysis and Detection/Dataset/S3F01/Real/8.wav,0,MEN,MEN-S3F01,TG:2c5c04ca3a814a2b,-30.453125,1,0.5941666666666667,5.948067e-14
mendeley/extracted/Bangla Audio Dataset Original and DeepFake Voices for AI-Based Voice Analysis and Detection/Dataset/S3F01/Real/9.wav,0,MEN,MEN-S3F01,TG:3183698e613eeb91,-67.0625,1,0.5508333333333333,7.501123e-30
mendeley/extracted/Bangla Audio Dataset Original and DeepFake Voices for AI-Based Voice Analysis and Detection/Dataset/S3F02/Fake/1.wav,1,MEN,MEN-S3F02,TG:c64a37b6788eff47,-11.453125,1,0.3891666666666666,1.0616136e-05
mendeley/extracted/Bangla Audio Dataset Original and DeepFake Voices for AI-Based Voice Analysis and Detection/Dataset/S3F02/Fake/10.wav,1,MEN,MEN-S3F02,TG:e4f6f434932f766c,-10.9921875,1,0.5025,1.6832411e-05
mendeley/extracted/Bangla Audio Dataset Original and DeepFake Voices for AI-Based Voice Analysis and Detection/Dataset/S3F02/Fake/11.wav,1,MEN,MEN-S3F02,TG:279416c756e06369,-17.484375,1,0.5408333333333333,2.5505418e-08
mendeley/extracted/Bangla Audio Dataset Original and DeepFake Voices for AI-Based Voice Analysis and Detection/Dataset/S3F02/Fake/12.wav,1,MEN,MEN-S3F02,TG:29d9398f6eb46b4c,-19.359375,1,0.4908333333333333,3.9113823e-09
mendeley/extracted/Bangla Audio Dataset Original and DeepFake Voices for AI-Based Voice Analysis and Detection/Dataset/S3F02/Fake/13.wav,1,MEN,MEN-S3F02,TG:a654883aa77ef593,-1.6523438,1,0.3375,0.16079243
mendeley/extracted/Bangla Audio Dataset Original and DeepFake Voices for AI-Based Voice Analysis and Detection/Dataset/S3F02/Fake/14.wav,1,MEN,MEN-S3F02,TG:da1b8fe7ea374f0b,2.4140625,1,0.1125,0.91789335
mendeley/extracted/Bangla Audio Dataset Original and DeepFake Voices for AI-Based Voice Analysis and Detection/Dataset/S3F02/Fake/15.wav,1,MEN,MEN-S3F02,TG:0024a0b4f77f02d4,-10.9296875,1,0.4508333333333333,1.791799e-05
mendeley/extracted/Bangla Audio Dataset Original and DeepFake Voices for AI-Based Voice Analysis and Detection/Dataset/S3F02/Fake/16.wav,1,MEN,MEN-S3F02,TG:8f6e37cf38ec1a44,-29.875,1,0.4541666666666667,1.06035765e-13
mendeley/extracted/Bangla Audio Dataset Original and DeepFake Voices for AI-Based Voice Analysis and Detection/Dataset/S3F02/Fake/17.wav,1,MEN,MEN-S3F02,TG:3669c591dfbe7a55,6.4101562,1,0.2891666666666667,0.99835795
mendeley/extracted/Bangla Audio Dataset Original and DeepFake Voices for AI-Based Voice Analysis and Detection/Dataset/S3F02/Fake/18.wav,1,MEN,MEN-S3F02,TG:8be6babbf81be123,-11.3046875,1,0.3874999999999999,1.2314909e-05
mendeley/extracted/Bangla Audio Dataset Original and DeepFake Voices for AI-Based Voice Analysis and Detection/Dataset/S3F02/Fake/19.wav,1,MEN,MEN-S3F02,TG:7f247b87b49d5fb0,-21.953125,1,0.0158333333333333,2.9233374e-10
mendeley/extracted/Bangla Audio Dataset Original and DeepFake Voices for AI-Based Voice Analysis and Detection/Dataset/S3F02/Fake/2.wav,1,MEN,MEN-S3F02,TG:e77eed1a0aa1b7cf,-30.453125,1,0.4341666666666667,5.948067e-14
mendeley/extracted/Bangla Audio Dataset Original and DeepFake Voices for AI-Based Voice Analysis and Detection/Dataset/S3F02/Fake/20.wav,1,MEN,MEN-S3F02,TG:567b144e9ae8bc8b,-19.15625,1,0.3258333333333333,4.792326e-09
mendeley/extracted/Bangla Audio Dataset Original and DeepFake Voices for AI-Based Voice Analysis and Detection/Dataset/S3F02/Fake/21.wav,1,MEN,MEN-S3F02,TG:9e58a2d9515bce87,-11.6875,1,0.4408333333333333,8.398072e-06
mendeley/extracted/Bangla Audio Dataset Original and DeepFake Voices for AI-Based Voice Analysis and Detection/Dataset/S3F02/Fake/22.wav,1,MEN,MEN-S3F02,TG:39deb4923c5e7c69,-2.0,1,0.1991666666666667,0.119202934
mendeley/extracted/Bangla Audio Dataset Original and DeepFake Voices for AI-Based Voice Analysis and Detection/Dataset/S3F02/Fake/23.wav,1,MEN,MEN-S3F02,TG:7b7d4f0518a452ce,-16.1875,1,0.3525,9.329492e-08
mendeley/extracted/Bangla Audio Dataset Original and DeepFake Voices for AI-Based Voice Analysis and Detection/Dataset/S3F02/Fake/24.wav,1,MEN,MEN-S3F02,TG:ff2ff224c96a1888,0.36816406,1,0.4275,0.5910153
mendeley/extracted/Bangla Audio Dataset Original and DeepFake Voices for AI-Based Voice Analysis and Detection/Dataset/S3F02/Fake/25.wav,1,MEN,MEN-S3F02,TG:9c6ff62d512d4446,-14.9296875,1,0.1408333333333333,3.281852e-07
mendeley/extracted/Bangla Audio Dataset Original and DeepFake Voices for AI-Based Voice Analysis and Detection/Dataset/S3F02/Fake/26.wav,1,MEN,MEN-S3F02,TG:527411d819e34baa,-11.1171875,1,0.5558333333333334,1.4854579e-05
mendeley/extracted/Bangla Audio Dataset Original and DeepFake Voices for AI-Based Voice Analysis and Detection/Dataset/S3F02/Fake/27.wav,1,MEN,MEN-S3F02,TG:b6a6a3b4c18cb76d,-0.63720703,1,0.4575,0.34587815
mendeley/extracted/Bangla Audio Dataset Original and DeepFake Voices for AI-Based Voice Analysis and Detection/Dataset/S3F02/Fake/28.wav,1,MEN,MEN-S3F02,TG:143353d18a45fba7,-8.2890625,1,0.4075,0.00025118678
mendeley/extracted/Bangla Audio Dataset Original and DeepFake Voices for AI-Based Voice Analysis and Detection/Dataset/S3F02/Fake/29.wav,1,MEN,MEN-S3F02,TG:2939ab8429b75898,-14.9140625,1,0.4875,3.3335337e-07
mendeley/extracted/Bangla Audio Dataset Original and DeepFake Voices for AI-Based Voice Analysis and Detection/Dataset/S3F02/Fake/3.wav,1,MEN,MEN-S3F02,TG:60894dee2b546c5f,3.7226562,1,0.2891666666666667,0.97640073
mendeley/extracted/Bangla Audio Dataset Original and DeepFake Voices for AI-Based Voice Analysis and Detection/Dataset/S3F02/Fake/30.wav,1,MEN,MEN-S3F02,TG:12ec84bfce694bf7,-6.2382812,1,0.2241666666666666,0.0019494022
mendeley/extracted/Bangla Audio Dataset Original and DeepFake Voices for AI-Based Voice Analysis and Detection/Dataset/S3F02/Fake/4.wav,1,MEN,MEN-S3F02,TG:ba3a3390e238eabe,-14.6796875,1,0.4908333333333333,4.2139806e-07
mendeley/extracted/Bangla Audio Dataset Original and DeepFake Voices for AI-Based Voice Analysis and Detection/Dataset/S3F02/Fake/5.wav,1,MEN,MEN-S3F02,TG:4d2279fbc9b21903,-26.140625,1,0.4941666666666666,4.438854e-12
mendeley/extracted/Bangla Audio Dataset Original and DeepFake Voices for AI-Based Voice Analysis and Detection/Dataset/S3F02/Fake/6.wav,1,MEN,MEN-S3F02,TG:e1a6cf0ea369c47c,-28.46875,1,0.5075000000000001,4.3269208e-13
mendeley/extracted/Bangla Audio Dataset Original and DeepFake Voices for AI-Based Voice Analysis and Detection/Dataset/S3F02/Fake/7.wav,1,MEN,MEN-S3F02,TG:b94c02a58d6767fd,-9.5234375,1,0.4608333333333333,7.311254e-05
mendeley/extracted/Bangla Audio Dataset Original and DeepFake Voices for AI-Based Voice Analysis and Detection/Dataset/S3F02/Fake/8.wav,1,MEN,MEN-S3F02,TG:2c5c04ca3a814a2b,-10.765625,1,0.4408333333333333,2.1112483e-05
mendeley/extracted/Bangla Audio Dataset Original and DeepFake Voices for AI-Based Voice Analysis and Detection/Dataset/S3F02/Fake/9.wav,1,MEN,MEN-S3F02,TG:3183698e613eeb91,-21.296875,1,0.3508333333333333,5.6348803e-10
mendeley/extracted/Bangla Audio Dataset Original and DeepFake Voices for AI-Based Voice Analysis and Detection/Dataset/S3F02/Real/1.wav,0,MEN,MEN-S3F02,TG:c64a37b6788eff47,-15.96875,1,0.5175000000000001,1.1610741e-07
mendeley/extracted/Bangla Audio Dataset Original and DeepFake Voices for AI-Based Voice Analysis and Detection/Dataset/S3F02/Real/10.wav,0,MEN,MEN-S3F02,TG:e4f6f434932f766c,-12.2578125,1,0.6675,4.747857e-06
mendeley/extracted/Bangla Audio Dataset Original and DeepFake Voices for AI-Based Voice Analysis and Detection/Dataset/S3F02/Real/11.wav,0,MEN,MEN-S3F02,TG:279416c756e06369,-25.171875,1,0.5675,1.1694821e-11
mendeley/extracted/Bangla Audio Dataset Original and DeepFake Voices for AI-Based Voice Analysis and Detection/Dataset/S3F02/Real/12.wav,0,MEN,MEN-S3F02,TG:29d9398f6eb46b4c,-22.078125,1,0.7008333333333333,2.5798363e-10
mendeley/extracted/Bangla Audio Dataset Original and DeepFake Voices for AI-Based Voice Analysis and Detection/Dataset/S3F02/Real/13.wav,0,MEN,MEN-S3F02,TG:a654883aa77ef593,0.043701172,1,0.5675,0.51092356
mendeley/extracted/Bangla Audio Dataset Original and DeepFake Voices for AI-Based Voice Analysis and Detection/Dataset/S3F02/Real/14.wav,0,MEN,MEN-S3F02,TG:da1b8fe7ea374f0b,-24.171875,1,0.5175000000000001,3.178982e-11
mendeley/extracted/Bangla Audio Dataset Original and DeepFake Voices for AI-Based Voice Analysis and Detection/Dataset/S3F02/Real/15.wav,0,MEN,MEN-S3F02,TG:0024a0b4f77f02d4,-7.9375,1,0.5341666666666667,0.00035697065
mendeley/extracted/Bangla Audio Dataset Original and DeepFake Voices for AI-Based Voice Analysis and Detection/Dataset/S3F02/Real/16.wav,0,MEN,MEN-S3F02,TG:8f6e37cf38ec1a44,-25.203125,1,0.6675,1.13350085e-11
mendeley/extracted/Bangla Audio Dataset Original and DeepFake Voices for AI-Based Voice Analysis and Detection/Dataset/S3F02/Real/17.wav,0,MEN,MEN-S3F02,TG:3669c591dfbe7a55,-26.78125,1,0.4841666666666666,2.3391118e-12
mendeley/extracted/Bangla Audio Dataset Original and DeepFake Voices for AI-Based Voice Analysis and Detection/Dataset/S3F02/Real/18.wav,0,MEN,MEN-S3F02,TG:8be6babbf81be123,-10.3671875,1,0.5341666666666667,3.1446623e-05
mendeley/extracted/Bangla Audio Dataset Original and DeepFake Voices for AI-Based Voice Analysis and Detection/Dataset/S3F02/Real/19.wav,0,MEN,MEN-S3F02,TG:7f247b87b49d5fb0,-16.015625,1,0.5008333333333334,1.10790474e-07
mendeley/extracted/Bangla Audio Dataset Original and DeepFake Voices for AI-Based Voice Analysis and Detection/Dataset/S3F02/Real/2.wav,0,MEN,MEN-S3F02,TG:e77eed1a0aa1b7cf,-20.765625,1,0.6675,9.585255e-10
mendeley/extracted/Bangla Audio Dataset Original and DeepFake Voices for AI-Based Voice Analysis and Detection/Dataset/S3F02/Real/20.wav,0,MEN,MEN-S3F02,TG:567b144e9ae8bc8b,-14.4453125,1,0.4175,5.32697e-07
mendeley/extracted/Bangla Audio Dataset Original and DeepFake Voices for AI-Based Voice Analysis and Detection/Dataset/S3F02/Real/21.wav,0,MEN,MEN-S3F02,TG:9e58a2d9515bce87,-2.2734375,1,0.5841666666666667,0.09334689
mendeley/extracted/Bangla Audio Dataset Original and DeepFake Voices for AI-Based Voice Analysis and Detection/Dataset/S3F02/Real/22.wav,0,MEN,MEN-S3F02,TG:39deb4923c5e7c69,-27.3125,1,0.5175000000000001,1.3750927e-12
mendeley/extracted/Bangla Audio Dataset Original and DeepFake Voices for AI-Based Voice Analysis and Detection/Dataset/S3F02/Real/23.wav,0,MEN,MEN-S3F02,TG:7b7d4f0518a452ce,-2.5507812,1,0.4675,0.072374016
mendeley/extracted/Bangla Audio Dataset Original and DeepFake Voices for AI-Based Voice Analysis and Detection/Dataset/S3F02/Real/24.wav,0,MEN,MEN-S3F02,TG:ff2ff224c96a1888,-2.15625,1,0.6008333333333333,0.10374862
mendeley/extracted/Bangla Audio Dataset Original and DeepFake Voices for AI-Based Voice Analysis and Detection/Dataset/S3F02/Real/25.wav,0,MEN,MEN-S3F02,TG:9c6ff62d512d4446,-32.15625,1,0.4841666666666666,1.0832234e-14
mendeley/extracted/Bangla Audio Dataset Original and DeepFake Voices for AI-Based Voice Analysis and Detection/Dataset/S3F02/Real/26.wav,0,MEN,MEN-S3F02,TG:527411d819e34baa,-1.1230469,1,0.6174999999999999,0.24544658
mendeley/extracted/Bangla Audio Dataset Original and DeepFake Voices for AI-Based Voice Analysis and Detection/Dataset/S3F02/Real/27.wav,0,MEN,MEN-S3F02,TG:b6a6a3b4c18cb76d,-17.96875,1,0.5841666666666667,1.571343e-08
mendeley/extracted/Bangla Audio Dataset Original and DeepFake Voices for AI-Based Voice Analysis and Detection/Dataset/S3F02/Real/28.wav,0,MEN,MEN-S3F02,TG:143353d18a45fba7,-26.125,1,0.3841666666666666,4.5087553e-12
mendeley/extracted/Bangla Audio Dataset Original and DeepFake Voices for AI-Based Voice Analysis and Detection/Dataset/S3F02/Real/29.wav,0,MEN,MEN-S3F02,TG:2939ab8429b75898,-21.546875,1,0.4841666666666666,4.3884493e-10
mendeley/extracted/Bangla Audio Dataset Original and DeepFake Voices for AI-Based Voice Analysis and Detection/Dataset/S3F02/Real/3.wav,0,MEN,MEN-S3F02,TG:60894dee2b546c5f,-19.5625,1,0.6008333333333333,3.192377e-09
mendeley/extracted/Bangla Audio Dataset Original and DeepFake Voices for AI-Based Voice Analysis and Detection/Dataset/S3F02/Real/30.wav,0,MEN,MEN-S3F02,TG:12ec84bfce694bf7,-21.578125,1,0.5008333333333334,4.2534307e-10
mendeley/extracted/Bangla Audio Dataset Original and DeepFake Voices for AI-Based Voice Analysis and Detection/Dataset/S3F02/Real/4.wav,0,MEN,MEN-S3F02,TG:ba3a3390e238eabe,-21.59375,1,0.7341666666666666,4.1874876e-10
mendeley/extracted/Bangla Audio Dataset Original and DeepFake Voices for AI-Based Voice Analysis and Detection/Dataset/S3F02/Real/5.wav,0,MEN,MEN-S3F02,TG:4d2279fbc9b21903,-23.984375,1,0.6841666666666666,3.834584e-11
mendeley/extracted/Bangla Audio Dataset Original and DeepFake Voices for AI-Based Voice Analysis and Detection/Dataset/S3F02/Real/6.wav,0,MEN,MEN-S3F02,TG:e1a6cf0ea369c47c,-28.6875,1,0.6841666666666666,3.4767786e-13
mendeley/extracted/Bangla Audio Dataset Original and DeepFake Voices for AI-Based Voice Analysis and Detection/Dataset/S3F02/Real/7.wav,0,MEN,MEN-S3F02,TG:b94c02a58d6767fd,-29.421875,1,0.6174999999999999,1.6681766e-13
mendeley/extracted/Bangla Audio Dataset Original and DeepFake Voices for AI-Based Voice Analysis and Detection/Dataset/S3F02/Real/8.wav,0,MEN,MEN-S3F02,TG:2c5c04ca3a814a2b,-20.34375,1,0.6508333333333334,1.4615766e-09
mendeley/extracted/Bangla Audio Dataset Original and DeepFake Voices for AI-Based Voice Analysis and Detection/Dataset/S3F02/Real/9.wav,0,MEN,MEN-S3F02,TG:3183698e613eeb91,-26.078125,1,0.6174999999999999,4.725135e-12
mendeley/extracted/Bangla Audio Dataset Original and DeepFake Voices for AI-Based Voice Analysis and Detection/Dataset/S3M03/Fake/1.wav,1,MEN,MEN-S3M03,TG:c64a37b6788eff47,-14.4921875,1,0.3758333333333333,5.0830306e-07
mendeley/extracted/Bangla Audio Dataset Original and DeepFake Voices for AI-Based Voice Analysis and Detection/Dataset/S3M03/Fake/10.wav,1,MEN,MEN-S3M03,TG:e4f6f434932f766c,-19.9375,1,0.5341666666666667,2.1940867e-09
mendeley/extracted/Bangla Audio Dataset Original and DeepFake Voices for AI-Based Voice Analysis and Detection/Dataset/S3M03/Fake/11.wav,1,MEN,MEN-S3M03,TG:279416c756e06369,-0.52734375,1,0.4291666666666667,0.37113667
mendeley/extracted/Bangla Audio Dataset Original and DeepFake Voices for AI-Based Voice Analysis and Detection/Dataset/S3M03/Fake/12.wav,1,MEN,MEN-S3M03,TG:29d9398f6eb46b4c,-8.890625,1,0.5025,0.00013765464
mendeley/extracted/Bangla Audio Dataset Original and DeepFake Voices for AI-Based Voice Analysis and Detection/Dataset/S3M03/Fake/13.wav,1,MEN,MEN-S3M03,TG:a654883aa77ef593,-10.5078125,1,0.2275,2.7321414e-05
mendeley/extracted/Bangla Audio Dataset Original and DeepFake Voices for AI-Based Voice Analysis and Detection/Dataset/S3M03/Fake/14.wav,1,MEN,MEN-S3M03,TG:da1b8fe7ea374f0b,4.4140625,1,0.1925,0.98803884
mendeley/extracted/Bangla Audio Dataset Original and DeepFake Voices for AI-Based Voice Analysis and Detection/Dataset/S3M03/Fake/15.wav,1,MEN,MEN-S3M03,TG:0024a0b4f77f02d4,17.5,1,0.4341666666666667,1.0
mendeley/extracted/Bangla Audio Dataset Original and DeepFake Voices for AI-Based Voice Analysis and Detection/Dataset/S3M03/Fake/16.wav,1,MEN,MEN-S3M03,TG:8f6e37cf38ec1a44,0.39868164,1,0.4408333333333333,0.59837085
mendeley/extracted/Bangla Audio Dataset Original and DeepFake Voices for AI-Based Voice Analysis and Detection/Dataset/S3M03/Fake/17.wav,1,MEN,MEN-S3M03,TG:3669c591dfbe7a55,9.8046875,1,0.0524999999999999,0.9999448
mendeley/extracted/Bangla Audio Dataset Original and DeepFake Voices for AI-Based Voice Analysis and Detection/Dataset/S3M03/Fake/18.wav,1,MEN,MEN-S3M03,TG:8be6babbf81be123,10.9453125,1,0.2608333333333333,0.99998236
mendeley/extracted/Bangla Audio Dataset Original and DeepFake Voices for AI-Based Voice Analysis and Detection/Dataset/S3M03/Fake/19.wav,1,MEN,MEN-S3M03,TG:7f247b87b49d5fb0,-9.3125,2,0.0,9.028039e-05
mendeley/extracted/Bangla Audio Dataset Original and DeepFake Voices for AI-Based Voice Analysis and Detection/Dataset/S3M03/Fake/2.wav,1,MEN,MEN-S3M03,TG:e77eed1a0aa1b7cf,-15.484375,1,0.5491666666666667,1.8846092e-07
mendeley/extracted/Bangla Audio Dataset Original and DeepFake Voices for AI-Based Voice Analysis and Detection/Dataset/S3M03/Fake/20.wav,1,MEN,MEN-S3M03,TG:567b144e9ae8bc8b,-0.053894043,1,0.1841666666666667,0.48652977
mendeley/extracted/Bangla Audio Dataset Original and DeepFake Voices for AI-Based Voice Analysis and Detection/Dataset/S3M03/Fake/21.wav,1,MEN,MEN-S3M03,TG:9e58a2d9515bce87,3.4492188,1,0.3508333333333333,0.9692078
mendeley/extracted/Bangla Audio Dataset Original and DeepFake Voices for AI-Based Voice Analysis and Detection/Dataset/S3M03/Fake/22.wav,1,MEN,MEN-S3M03,TG:39deb4923c5e7c69,-2.9824219,1,0.3091666666666667,0.048226338
mendeley/extracted/Bangla Audio Dataset Original and DeepFake Voices for AI-Based Voice Analysis and Detection/Dataset/S3M03/Fake/23.wav,1,MEN,MEN-S3M03,TG:7b7d4f0518a452ce,-3.3144531,1,0.0741666666666667,0.03507868
mendeley/extracted/Bangla Audio Dataset Original and DeepFake Voices for AI-Based Voice Analysis and Detection/Dataset/S3M03/Fake/24.wav,1,MEN,MEN-S3M03,TG:ff2ff224c96a1888,-22.53125,1,0.5858333333333333,1.6398438e-10
mendeley/extracted/Bangla Audio Dataset Original and DeepFake Voices for AI-Based Voice Analysis and Detection/Dataset/S3M03/Fake/25.wav,1,MEN,MEN-S3M03,TG:9c6ff62d512d4446,-1.9707031,1,0.1591666666666666,0.12231338
mendeley/extracted/Bangla Audio Dataset Original and DeepFake Voices for AI-Based Voice Analysis and Detection/Dataset/S3M03/Fake/26.wav,1,MEN,MEN-S3M03,TG:527411d819e34baa,-13.0234375,1,0.4925,2.207964e-06
mendeley/extracted/Bangla Audio Dataset Original and DeepFake Voices for AI-Based Voice Analysis and Detection/Dataset/S3M03/Fake/27.wav,1,MEN,MEN-S3M03,TG:b6a6a3b4c18cb76d,-19.734375,1,0.5091666666666667,2.6882512e-09
mendeley/extracted/Bangla Audio Dataset Original and DeepFake Voices for AI-Based Voice Analysis and Detection/Dataset/S3M03/Fake/28.wav,1,MEN,MEN-S3M03,TG:143353d18a45fba7,1.1113281,1,0.3008333333333333,0.7523766
mendeley/extracted/Bangla Audio Dataset Original and DeepFake Voices for AI-Based Voice Analysis and Detection/Dataset/S3M03/Fake/29.wav,1,MEN,MEN-S3M03,TG:2939ab8429b75898,9.921875,1,0.5008333333333334,0.9999509
mendeley/extracted/Bangla Audio Dataset Original and DeepFake Voices for AI-Based Voice Analysis and Detection/Dataset/S3M03/Fake/3.wav,1,MEN,MEN-S3M03,TG:60894dee2b546c5f,-2.3144531,1,0.1524999999999999,0.08993301
mendeley/extracted/Bangla Audio Dataset Original and DeepFake Voices for AI-Based Voice Analysis and Detection/Dataset/S3M03/Fake/30.wav,1,MEN,MEN-S3M03,TG:12ec84bfce694bf7,-6.6835938,1,0.2075,0.0012497095
mendeley/extracted/Bangla Audio Dataset Original and DeepFake Voices for AI-Based Voice Analysis and Detection/Dataset/S3M03/Fake/4.wav,1,MEN,MEN-S3M03,TG:ba3a3390e238eabe,11.2265625,1,0.5375,0.99998665
mendeley/extracted/Bangla Audio Dataset Original and DeepFake Voices for AI-Based Voice Analysis and Detection/Dataset/S3M03/Fake/5.wav,1,MEN,MEN-S3M03,TG:4d2279fbc9b21903,-15.5703125,1,0.4858333333333333,1.7294147e-07
mendeley/extracted/Bangla Audio Dataset Original and DeepFake Voices for AI-Based Voice Analysis and Detection/Dataset/S3M03/Fake/6.wav,1,MEN,MEN-S3M03,TG:e1a6cf0ea369c47c,-20.53125,1,0.4825,1.2116899e-09
mendeley/extracted/Bangla Audio Dataset Original and DeepFake Voices for AI-Based Voice Analysis and Detection/Dataset/S3M03/Fake/7.wav,1,MEN,MEN-S3M03,TG:b94c02a58d6767fd,0.4482422,1,0.5141666666666667,0.61022115
mendeley/extracted/Bangla Audio Dataset Original and DeepFake Voices for AI-Based Voice Analysis and Detection/Dataset/S3M03/Fake/8.wav,1,MEN,MEN-S3M03,TG:2c5c04ca3a814a2b,-14.078125,1,0.4941666666666666,7.690378e-07
mendeley/extracted/Bangla Audio Dataset Original and DeepFake Voices for AI-Based Voice Analysis and Detection/Dataset/S3M03/Fake/9.wav,1,MEN,MEN-S3M03,TG:3183698e613eeb91,-12.1796875,1,0.3858333333333333,5.133655e-06
mendeley/extracted/Bangla Audio Dataset Original and DeepFake Voices for AI-Based Voice Analysis and Detection/Dataset/S3M03/Real/1.wav,0,MEN,MEN-S3M03,TG:c64a37b6788eff47,-24.53125,1,0.3508333333333333,2.219287e-11
mendeley/extracted/Bangla Audio Dataset Original and DeepFake Voices for AI-Based Voice Analysis and Detection/Dataset/S3M03/Real/10.wav,0,MEN,MEN-S3M03,TG:e4f6f434932f766c,-29.25,1,0.4675,1.981009e-13
mendeley/extracted/Bangla Audio Dataset Original and DeepFake Voices for AI-Based Voice Analysis and Detection/Dataset/S3M03/Real/11.wav,0,MEN,MEN-S3M03,TG:279416c756e06369,-34.96875,1,0.4675,6.5052623e-16
mendeley/extracted/Bangla Audio Dataset Original and DeepFake Voices for AI-Based Voice Analysis and Detection/Dataset/S3M03/Real/12.wav,0,MEN,MEN-S3M03,TG:29d9398f6eb46b4c,-36.9375,1,0.6008333333333333,9.083383e-17
mendeley/extracted/Bangla Audio Dataset Original and DeepFake Voices for AI-Based Voice Analysis and Detection/Dataset/S3M03/Real/13.wav,0,MEN,MEN-S3M03,TG:a654883aa77ef593,-16.890625,1,0.4508333333333333,4.6184343e-08
mendeley/extracted/Bangla Audio Dataset Original and DeepFake Voices for AI-Based Voice Analysis and Detection/Dataset/S3M03/Real/14.wav,0,MEN,MEN-S3M03,TG:da1b8fe7ea374f0b,-24.1875,1,0.4008333333333334,3.1296965e-11
mendeley/extracted/Bangla Audio Dataset Original and DeepFake Voices for AI-Based Voice Analysis and Detection/Dataset/S3M03/Real/15.wav,0,MEN,MEN-S3M03,TG:0024a0b4f77f02d4,-32.1875,1,0.4008333333333334,1.04989615e-14
mendeley/extracted/Bangla Audio Dataset Original and DeepFake Voices for AI-Based Voice Analysis and Detection/Dataset/S3M03/Real/16.wav,0,MEN,MEN-S3M03,TG:8f6e37cf38ec1a44,-25.4375,1,0.5341666666666667,8.96673e-12
mendeley/extracted/Bangla Audio Dataset Original and DeepFake Voices for AI-Based Voice Analysis and Detection/Dataset/S3M03/Real/17.wav,0,MEN,MEN-S3M03,TG:3669c591dfbe7a55,-14.34375,1,0.4175,5.8964184e-07
mendeley/extracted/Bangla Audio Dataset Original and DeepFake Voices for AI-Based Voice Analysis and Detection/Dataset/S3M03/Real/18.wav,0,MEN,MEN-S3M03,TG:8be6babbf81be123,-50.3125,1,0.4341666666666667,1.4111035e-22
mendeley/extracted/Bangla Audio Dataset Original and DeepFake Voices for AI-Based Voice Analysis and Detection/Dataset/S3M03/Real/19.wav,0,MEN,MEN-S3M03,TG:7f247b87b49d5fb0,-19.71875,1,0.4175,2.7305849e-09
mendeley/extracted/Bangla Audio Dataset Original and DeepFake Voices for AI-Based Voice Analysis and Detection/Dataset/S3M03/Real/2.wav,0,MEN,MEN-S3M03,TG:e77eed1a0aa1b7cf,-28.84375,1,0.5175000000000001,2.9738465e-13
mendeley/extracted/Bangla Audio Dataset Original and DeepFake Voices for AI-Based Voice Analysis and Detection/Dataset/S3M03/Real/20.wav,0,MEN,MEN-S3M03,TG:567b144e9ae8bc8b,-44.03125,1,0.3675,7.5417326e-20
mendeley/extracted/Bangla Audio Dataset Original and DeepFake Voices for AI-Based Voice Analysis and Detection/Dataset/S3M03/Real/21.wav,0,MEN,MEN-S3M03,TG:9e58a2d9515bce87,-3.359375,1,0.5341666666666667,0.03358951
mendeley/extracted/Bangla Audio Dataset Original and DeepFake Voices for AI-Based Voice Analysis and Detection/Dataset/S3M03/Real/22.wav,0,MEN,MEN-S3M03,TG:39deb4923c5e7c69,-27.921875,1,0.4508333333333333,7.476249e-13
mendeley/extracted/Bangla Audio Dataset Original and DeepFake Voices for AI-Based Voice Analysis and Detection/Dataset/S3M03/Real/23.wav,0,MEN,MEN-S3M03,TG:7b7d4f0518a452ce,-19.765625,1,0.4175,2.6055422e-09
mendeley/extracted/Bangla Audio Dataset Original and DeepFake Voices for AI-Based Voice Analysis and Detection/Dataset/S3M03/Real/24.wav,0,MEN,MEN-S3M03,TG:ff2ff224c96a1888,-25.296875,1,0.5175000000000001,1.03206445e-11
mendeley/extracted/Bangla Audio Dataset Original and DeepFake Voices for AI-Based Voice Analysis and Detection/Dataset/S3M03/Real/25.wav,0,MEN,MEN-S3M03,TG:9c6ff62d512d4446,-36.40625,1,0.4841666666666666,1.5451354e-16
mendeley/extracted/Bangla Audio Dataset Original and DeepFake Voices for AI-Based Voice Analysis and Detection/Dataset/S3M03/Real/26.wav,0,MEN,MEN-S3M03,TG:527411d819e34baa,-28.5625,1,0.6174999999999999,3.9397066e-13
mendeley/extracted/Bangla Audio Dataset Original and DeepFake Voices for AI-Based Voice Analysis and Detection/Dataset/S3M03/Real/27.wav,0,MEN,MEN-S3M03,TG:b6a6a3b4c18cb76d,-34.78125,1,0.4841666666666666,7.846845e-16
mendeley/extracted/Bangla Audio Dataset Original and DeepFake Voices for AI-Based Voice Analysis and Detection/Dataset/S3M03/Real/28.wav,0,MEN,MEN-S3M03,TG:143353d18a45fba7,-9.3671875,1,0.4175,8.5476175e-05
mendeley/extracted/Bangla Audio Dataset Original and DeepFake Voices for AI-Based Voice Analysis and Detection/Dataset/S3M03/Real/29.wav,0,MEN,MEN-S3M03,TG:2939ab8429b75898,-57.46875,1,0.3508333333333333,1.100624e-25
mendeley/extracted/Bangla Audio Dataset Original and DeepFake Voices for AI-Based Voice Analysis and Detection/Dataset/S3M03/Real/3.wav,0,MEN,MEN-S3M03,TG:60894dee2b546c5f,-19.140625,1,0.4675,4.8677937e-09
mendeley/extracted/Bangla Audio Dataset Original and DeepFake Voices for AI-Based Voice Analysis and Detection/Dataset/S3M03/Real/30.wav,0,MEN,MEN-S3M03,TG:12ec84bfce694bf7,-38.125,1,0.4175,2.770275e-17
mendeley/extracted/Bangla Audio Dataset Original and DeepFake Voices for AI-Based Voice Analysis and Detection/Dataset/S3M03/Real/4.wav,0,MEN,MEN-S3M03,TG:ba3a3390e238eabe,-20.421875,1,0.5675,1.3517376e-09
mendeley/extracted/Bangla Audio Dataset Original and DeepFake Voices for AI-Based Voice Analysis and Detection/Dataset/S3M03/Real/5.wav,0,MEN,MEN-S3M03,TG:4d2279fbc9b21903,-35.40625,1,0.5175000000000001,4.2001135e-16
mendeley/extracted/Bangla Audio Dataset Original and DeepFake Voices for AI-Based Voice Analysis and Detection/Dataset/S3M03/Real/6.wav,0,MEN,MEN-S3M03,TG:e1a6cf0ea369c47c,-7.5507812,1,0.4341666666666667,0.00052542303
mendeley/extracted/Bangla Audio Dataset Original and DeepFake Voices for AI-Based Voice Analysis and Detection/Dataset/S3M03/Real/7.wav,0,MEN,MEN-S3M03,TG:b94c02a58d6767fd,-5.6445312,1,0.5341666666666667,0.003524341
mendeley/extracted/Bangla Audio Dataset Original and DeepFake Voices for AI-Based Voice Analysis and Detection/Dataset/S3M03/Real/8.wav,0,MEN,MEN-S3M03,TG:2c5c04ca3a814a2b,-17.828125,1,0.5175000000000001,1.8086048e-08
mendeley/extracted/Bangla Audio Dataset Original and DeepFake Voices for AI-Based Voice Analysis and Detection/Dataset/S3M03/Real/9.wav,0,MEN,MEN-S3M03,TG:3183698e613eeb91,-27.015625,1,0.5008333333333334,1.8503894e-12
mendeley/extracted/Bangla Audio Dataset Original and DeepFake Voices for AI-Based Voice Analysis and Detection/Dataset/S3M04/Fake/1.wav,1,MEN,MEN-S3M04,TG:c64a37b6788eff47,-29.046875,1,0.3508333333333333,2.4271825e-13
mendeley/extracted/Bangla Audio Dataset Original and DeepFake Voices for AI-Based Voice Analysis and Detection/Dataset/S3M04/Fake/10.wav,1,MEN,MEN-S3M04,TG:e4f6f434932f766c,-27.828125,1,0.5425,8.2110534e-13
mendeley/extracted/Bangla Audio Dataset Original and DeepFake Voices for AI-Based Voice Analysis and Detection/Dataset/S3M04/Fake/11.wav,1,MEN,MEN-S3M04,TG:279416c756e06369,-21.0625,1,0.3375,7.1231565e-10
mendeley/extracted/Bangla Audio Dataset Original and DeepFake Voices for AI-Based Voice Analysis and Detection/Dataset/S3M04/Fake/12.wav,1,MEN,MEN-S3M04,TG:29d9398f6eb46b4c,-14.71875,1,0.4891666666666666,4.0525453e-07
mendeley/extracted/Bangla Audio Dataset Original and DeepFake Voices for AI-Based Voice Analysis and Detection/Dataset/S3M04/Fake/13.wav,1,MEN,MEN-S3M04,TG:a654883aa77ef593,-28.15625,1,0.2541666666666666,5.9142003e-13
mendeley/extracted/Bangla Audio Dataset Original and DeepFake Voices for AI-Based Voice Analysis and Detection/Dataset/S3M04/Fake/14.wav,1,MEN,MEN-S3M04,TG:da1b8fe7ea374f0b,-16.03125,1,0.2308333333333333,1.0907282e-07
mendeley/extracted/Bangla Audio Dataset Original and DeepFake Voices for AI-Based Voice Analysis and Detection/Dataset/S3M04/Fake/15.wav,1,MEN,MEN-S3M04,TG:0024a0b4f77f02d4,-29.015625,1,0.4941666666666666,2.5042297e-13
mendeley/extracted/Bangla Audio Dataset Original and DeepFake Voices for AI-Based Voice Analysis and Detection/Dataset/S3M04/Fake/16.wav,1,MEN,MEN-S3M04,TG:8f6e37cf38ec1a44,-11.78125,1,0.4975,7.646538e-06
mendeley/extracted/Bangla Audio Dataset Original and DeepFake Voices for AI-Based Voice Analysis and Detection/Dataset/S3M04/Fake/17.wav,1,MEN,MEN-S3M04,TG:3669c591dfbe7a55,-17.078125,1,0.0291666666666666,3.8288164e-08
mendeley/extracted/Bangla Audio Dataset Original and DeepFake Voices for AI-Based Voice Analysis and Detection/Dataset/S3M04/Fake/18.wav,1,MEN,MEN-S3M04,TG:8be6babbf81be123,-21.921875,1,0.2508333333333333,3.0161346e-10
mendeley/extracted/Bangla Audio Dataset Original and DeepFake Voices for AI-Based Voice Analysis and Detection/Dataset/S3M04/Fake/19.wav,1,MEN,MEN-S3M04,TG:7f247b87b49d5fb0,-21.421875,1,0.0108333333333333,4.9727644e-10
mendeley/extracted/Bangla Audio Dataset Original and DeepFake Voices for AI-Based Voice Analysis and Detection/Dataset/S3M04/Fake/2.wav,1,MEN,MEN-S3M04,TG:e77eed1a0aa1b7cf,-4.5273438,1,0.5675,0.010693758
mendeley/extracted/Bangla Audio Dataset Original and DeepFake Voices for AI-Based Voice Analysis and Detection/Dataset/S3M04/Fake/20.wav,1,MEN,MEN-S3M04,TG:567b144e9ae8bc8b,-21.671875,1,0.0358333333333333,3.872793e-10
mendeley/extracted/Bangla Audio Dataset Original and DeepFake Voices for AI-Based Voice Analysis and Detection/Dataset/S3M04/Fake/21.wav,1,MEN,MEN-S3M04,TG:9e58a2d9515bce87,-20.4375,1,0.2508333333333333,1.3307808e-09
mendeley/extracted/Bangla Audio Dataset Original and DeepFake Voices for AI-Based Voice Analysis and Detection/Dataset/S3M04/Fake/22.wav,1,MEN,MEN-S3M04,TG:39deb4923c5e7c69,-21.265625,1,0.2008333333333333,5.813751e-10
mendeley/extracted/Bangla Audio Dataset Original and DeepFake Voices for AI-Based Voice Analysis and Detection/Dataset/S3M04/Fake/23.wav,1,MEN,MEN-S3M04,TG:7b7d4f0518a452ce,-18.390625,1,0.1208333333333333,1.030512e-08
mendeley/extracted/Bangla Audio Dataset Original and DeepFake Voices for AI-Based Voice Analysis and Detection/Dataset/S3M04/Fake/24.wav,1,MEN,MEN-S3M04,TG:ff2ff224c96a1888,-30.296875,1,0.4275,6.953995e-14
mendeley/extracted/Bangla Audio Dataset Original and DeepFake Voices for AI-Based Voice Analysis and Detection/Dataset/S3M04/Fake/25.wav,1,MEN,MEN-S3M04,TG:9c6ff62d512d4446,-16.375,1,0.1541666666666666,7.734422e-08
mendeley/extracted/Bangla Audio Dataset Original and DeepFake Voices for AI-Based Voice Analysis and Detection/Dataset/S3M04/Fake/26.wav,1,MEN,MEN-S3M04,TG:527411d819e34baa,-18.125,1,0.4775,1.3440411e-08
mendeley/extracted/Bangla Audio Dataset Original and DeepFake Voices for AI-Based Voice Analysis and Detection/Dataset/S3M04/Fake/27.wav,1,MEN,MEN-S3M04,TG:b6a6a3b4c18cb76d,-34.625,1,0.4341666666666667,9.173891e-16
mendeley/extracted/Bangla Audio Dataset Original and DeepFake Voices for AI-Based Voice Analysis and Detection/Dataset/S3M04/Fake/28.wav,1,MEN,MEN-S3M04,TG:143353d18a45fba7,-19.5,1,0.2841666666666667,3.398268e-09
mendeley/extracted/Bangla Audio Dataset Original and DeepFake Voices for AI-Based Voice Analysis and Detection/Dataset/S3M04/Fake/29.wav,1,MEN,MEN-S3M04,TG:2939ab8429b75898,-24.671875,1,0.4941666666666666,1.92815e-11
mendeley/extracted/Bangla Audio Dataset Original and DeepFake Voices for AI-Based Voice Analysis and Detection/Dataset/S3M04/Fake/3.wav,1,MEN,MEN-S3M04,TG:60894dee2b546c5f,-21.953125,1,0.1958333333333333,2.9233374e-10
mendeley/extracted/Bangla Audio Dataset Original and DeepFake Voices for AI-Based Voice Analysis and Detection/Dataset/S3M04/Fake/30.wav,1,MEN,MEN-S3M04,TG:12ec84bfce694bf7,-23.953125,1,0.1841666666666667,3.956307e-11
mendeley/extracted/Bangla Audio Dataset Original and DeepFake Voices for AI-Based Voice Analysis and Detection/Dataset/S3M04/Fake/4.wav,1,MEN,MEN-S3M04,TG:ba3a3390e238eabe,-12.09375,1,0.5608333333333333,5.594338e-06
mendeley/extracted/Bangla Audio Dataset Original and DeepFake Voices for AI-Based Voice Analysis and Detection/Dataset/S3M04/Fake/5.wav,1,MEN,MEN-S3M04,TG:4d2279fbc9b21903,-30.78125,1,0.4325,4.284232e-14
mendeley/extracted/Bangla Audio Dataset Original and DeepFake Voices for AI-Based Voice Analysis and Detection/Dataset/S3M04/Fake/6.wav,1,MEN,MEN-S3M04,TG:e1a6cf0ea369c47c,-21.140625,1,0.5275000000000001,6.587843e-10
mendeley/extracted/Bangla Audio Dataset Original and DeepFake Voices for AI-Based Voice Analysis and Detection/Dataset/S3M04/Fake/7.wav,1,MEN,MEN-S3M04,TG:b94c02a58d6767fd,-26.421875,1,0.3375,3.3506223e-12
mendeley/extracted/Bangla Audio Dataset Original and DeepFake Voices for AI-Based Voice Analysis and Detection/Dataset/S3M04/Fake/8.wav,1,MEN,MEN-S3M04,TG:2c5c04ca3a814a2b,-29.65625,1,0.4408333333333333,1.3196363e-13
mendeley/extracted/Bangla Audio Dataset Original and DeepFake Voices for AI-Based Voice Analysis and Detection/Dataset/S3M04/Fake/9.wav,1,MEN,MEN-S3M04,TG:3183698e613eeb91,-21.421875,1,0.2674999999999999,4.9727644e-10
mendeley/extracted/Bangla Audio Dataset Original and DeepFake Voices for AI-Based Voice Analysis and Detection/Dataset/S3M04/Real/1.wav,0,MEN,MEN-S3M04,TG:c64a37b6788eff47,-34.6875,1,0.3675,8.6180727e-16
mendeley/extracted/Bangla Audio Dataset Original and DeepFake Voices for AI-Based Voice Analysis and Detection/Dataset/S3M04/Real/10.wav,0,MEN,MEN-S3M04,TG:e4f6f434932f766c,-16.75,1,0.5508333333333333,5.315785e-08
mendeley/extracted/Bangla Audio Dataset Original and DeepFake Voices for AI-Based Voice Analysis and Detection/Dataset/S3M04/Real/11.wav,0,MEN,MEN-S3M04,TG:279416c756e06369,-31.5,1,0.5008333333333334,2.0879679e-14
mendeley/extracted/Bangla Audio Dataset Original and DeepFake Voices for AI-Based Voice Analysis and Detection/Dataset/S3M04/Real/12.wav,0,MEN,MEN-S3M04,TG:29d9398f6eb46b4c,-38.96875,1,0.5341666666666667,1.1914804e-17
mendeley/extracted/Bangla Audio Dataset Original and DeepFake Voices for AI-Based Voice Analysis and Detection/Dataset/S3M04/Real/13.wav,0,MEN,MEN-S3M04,TG:a654883aa77ef593,-28.859375,1,0.4508333333333333,2.927741e-13
mendeley/extracted/Bangla Audio Dataset Original and DeepFake Voices for AI-Based Voice Analysis and Detection/Dataset/S3M04/Real/14.wav,0,MEN,MEN-S3M04,TG:da1b8fe7ea374f0b,-18.890625,1,0.4841666666666666,6.2503704e-09
mendeley/extracted/Bangla Audio Dataset Original and DeepFake Voices for AI-Based Voice Analysis and Detection/Dataset/S3M04/Real/15.wav,0,MEN,MEN-S3M04,TG:0024a0b4f77f02d4,-21.25,1,0.4841666666666666,5.905304e-10
mendeley/extracted/Bangla Audio Dataset Original and DeepFake Voices for AI-Based Voice Analysis and Detection/Dataset/S3M04/Real/16.wav,0,MEN,MEN-S3M04,TG:8f6e37cf38ec1a44,-37.09375,1,0.5841666666666667,7.7694296e-17
mendeley/extracted/Bangla Audio Dataset Original and DeepFake Voices for AI-Based Voice Analysis and Detection/Dataset/S3M04/Real/17.wav,0,MEN,MEN-S3M04,TG:3669c591dfbe7a55,-20.25,1,0.4508333333333333,1.605228e-09
mendeley/extracted/Bangla Audio Dataset Original and DeepFake Voices for AI-Based Voice Analysis and Detection/Dataset/S3M04/Real/18.wav,0,MEN,MEN-S3M04,TG:8be6babbf81be123,-17.046875,1,0.5008333333333334,3.9503565e-08
mendeley/extracted/Bangla Audio Dataset Original and DeepFake Voices for AI-Based Voice Analysis and Detection/Dataset/S3M04/Real/19.wav,0,MEN,MEN-S3M04,TG:7f247b87b49d5fb0,-40.46875,1,0.4675,2.6585523e-18
mendeley/extracted/Bangla Audio Dataset Original and DeepFake Voices for AI-Based Voice Analysis and Detection/Dataset/S3M04/Real/2.wav,0,MEN,MEN-S3M04,TG:e77eed1a0aa1b7cf,-24.28125,1,0.5675,2.849621e-11
mendeley/extracted/Bangla Audio Dataset Original and DeepFake Voices for AI-Based Voice Analysis and Detection/Dataset/S3M04/Real/20.wav,0,MEN,MEN-S3M04,TG:567b144e9ae8bc8b,-31.859375,1,0.4175,1.4576365e-14
mendeley/extracted/Bangla Audio Dataset Original and DeepFake Voices for AI-Based Voice Analysis and Detection/Dataset/S3M04/Real/21.wav,0,MEN,MEN-S3M04,TG:9e58a2d9515bce87,-24.3125,1,0.5341666666666667,2.7619474e-11
mendeley/extracted/Bangla Audio Dataset Original and DeepFake Voices for AI-Based Voice Analysis and Detection/Dataset/S3M04/Real/22.wav,0,MEN,MEN-S3M04,TG:39deb4923c5e7c69,-26.90625,1,0.5341666666666667,2.0642587e-12
mendeley/extracted/Bangla Audio Dataset Original and DeepFake Voices for AI-Based Voice Analysis and Detection/Dataset/S3M04/Real/23.wav,0,MEN,MEN-S3M04,TG:7b7d4f0518a452ce,-26.203125,1,0.5341666666666667,4.169917e-12
mendeley/extracted/Bangla Audio Dataset Original and DeepFake Voices for AI-Based Voice Analysis and Detection/Dataset/S3M04/Real/24.wav,0,MEN,MEN-S3M04,TG:ff2ff224c96a1888,-29.25,1,0.6341666666666667,1.981009e-13
mendeley/extracted/Bangla Audio Dataset Original and DeepFake Voices for AI-Based Voice Analysis and Detection/Dataset/S3M04/Real/25.wav,0,MEN,MEN-S3M04,TG:9c6ff62d512d4446,-36.0625,1,0.5008333333333334,2.17899e-16
mendeley/extracted/Bangla Audio Dataset Original and DeepFake Voices for AI-Based Voice Analysis and Detection/Dataset/S3M04/Real/26.wav,0,MEN,MEN-S3M04,TG:527411d819e34baa,-19.34375,1,0.5675,3.9729775e-09
mendeley/extracted/Bangla Audio Dataset Original and DeepFake Voices for AI-Based Voice Analysis and Detection/Dataset/S3M04/Real/27.wav,0,MEN,MEN-S3M04,TG:b6a6a3b4c18cb76d,-18.734375,1,0.6174999999999999,7.3074236e-09
mendeley/extracted/Bangla Audio Dataset Original and DeepFake Voices for AI-Based Voice Analysis and Detection/Dataset/S3M04/Real/28.wav,0,MEN,MEN-S3M04,TG:143353d18a45fba7,-23.203125,1,0.5508333333333333,8.375502e-11
mendeley/extracted/Bangla Audio Dataset Original and DeepFake Voices for AI-Based Voice Analysis and Detection/Dataset/S3M04/Real/29.wav,0,MEN,MEN-S3M04,TG:2939ab8429b75898,-29.703125,1,0.5841666666666667,1.259206e-13
mendeley/extracted/Bangla Audio Dataset Original and DeepFake Voices for AI-Based Voice Analysis and Detection/Dataset/S3M04/Real/3.wav,0,MEN,MEN-S3M04,TG:60894dee2b546c5f,-21.015625,1,0.4175,7.4650036e-10
mendeley/extracted/Bangla Audio Dataset Original and DeepFake Voices for AI-Based Voice Analysis and Detection/Dataset/S3M04/Real/30.wav,0,MEN,MEN-S3M04,TG:12ec84bfce694bf7,-17.703125,1,0.5841666666666667,2.0494179e-08
mendeley/extracted/Bangla Audio Dataset Original and DeepFake Voices for AI-Based Voice Analysis and Detection/Dataset/S3M04/Real/4.wav,0,MEN,MEN-S3M04,TG:ba3a3390e238eabe,-38.21875,1,0.6508333333333334,2.522364e-17
mendeley/extracted/Bangla Audio Dataset Original and DeepFake Voices for AI-Based Voice Analysis and Detection/Dataset/S3M04/Real/5.wav,0,MEN,MEN-S3M04,TG:4d2279fbc9b21903,-32.375,1,0.5841666666666667,8.703945e-15
mendeley/extracted/Bangla Audio Dataset Original and DeepFake Voices for AI-Based Voice Analysis and Detection/Dataset/S3M04/Real/6.wav,0,MEN,MEN-S3M04,TG:e1a6cf0ea369c47c,-23.140625,1,0.5841666666666667,8.915676e-11
mendeley/extracted/Bangla Audio Dataset Original and DeepFake Voices for AI-Based Voice Analysis and Detection/Dataset/S3M04/Real/7.wav,0,MEN,MEN-S3M04,TG:b94c02a58d6767fd,-23.78125,1,0.5341666666666667,4.6982307e-11
mendeley/extracted/Bangla Audio Dataset Original and DeepFake Voices for AI-Based Voice Analysis and Detection/Dataset/S3M04/Real/8.wav,0,MEN,MEN-S3M04,TG:2c5c04ca3a814a2b,-14.984375,1,0.6008333333333333,3.107195e-07
mendeley/extracted/Bangla Audio Dataset Original and DeepFake Voices for AI-Based Voice Analysis and Detection/Dataset/S3M04/Real/9.wav,0,MEN,MEN-S3M04,TG:3183698e613eeb91,-26.390625,1,0.5175000000000001,3.4569825e-12
mendeley/extracted/Bangla Audio Dataset Original and DeepFake Voices for AI-Based Voice Analysis and Detection/Dataset/S3M05/Fake/1.wav,1,MEN,MEN-S3M05,TG:c64a37b6788eff47,14.4140625,1,0.3858333333333333,0.9999994
mendeley/extracted/Bangla Audio Dataset Original and DeepFake Voices for AI-Based Voice Analysis and Detection/Dataset/S3M05/Fake/10.wav,1,MEN,MEN-S3M05,TG:e4f6f434932f766c,-22.03125,1,0.5475,2.7036454e-10
mendeley/extracted/Bangla Audio Dataset Original and DeepFake Voices for AI-Based Voice Analysis and Detection/Dataset/S3M05/Fake/11.wav,1,MEN,MEN-S3M05,TG:279416c756e06369,-11.515625,1,0.3441666666666666,9.972942e-06
mendeley/extracted/Bangla Audio Dataset Original and DeepFake Voices for AI-Based Voice Analysis and Detection/Dataset/S3M05/Fake/12.wav,1,MEN,MEN-S3M05,TG:29d9398f6eb46b4c,-27.4375,1,0.4775,1.2135151e-12
mendeley/extracted/Bangla Audio Dataset Original and DeepFake Voices for AI-Based Voice Analysis and Detection/Dataset/S3M05/Fake/13.wav,1,MEN,MEN-S3M05,TG:a654883aa77ef593,-23.0,1,0.2875,1.02618795e-10
mendeley/extracted/Bangla Audio Dataset Original and DeepFake Voices for AI-Based Voice Analysis and Detection/Dataset/S3M05/Fake/14.wav,1,MEN,MEN-S3M05,TG:da1b8fe7ea374f0b,-5.6953125,1,0.2075,0.0033504236
mendeley/extracted/Bangla Audio Dataset Original and DeepFake Voices for AI-Based Voice Analysis and Detection/Dataset/S3M05/Fake/15.wav,1,MEN,MEN-S3M05,TG:0024a0b4f77f02d4,11.671875,1,0.4275,0.9999914
mendeley/extracted/Bangla Audio Dataset Original and DeepFake Voices for AI-Based Voice Analysis and Detection/Dataset/S3M05/Fake/16.wav,1,MEN,MEN-S3M05,TG:8f6e37cf38ec1a44,10.578125,1,0.4741666666666666,0.9999745
mendeley/extracted/Bangla Audio Dataset Original and DeepFake Voices for AI-Based Voice Analysis and Detection/Dataset/S3M05/Fake/17.wav,1,MEN,MEN-S3M05,TG:3669c591dfbe7a55,-7.4648438,1,0.0474999999999999,0.00057254656
mendeley/extracted/Bangla Audio Dataset Original and DeepFake Voices for AI-Based Voice Analysis and Detection/Dataset/S3M05/Fake/18.wav,1,MEN,MEN-S3M05,TG:8be6babbf81be123,-9.84375,1,0.1558333333333333,5.307508e-05
mendeley/extracted/Bangla Audio Dataset Original and DeepFake Voices for AI-Based Voice Analysis and Detection/Dataset/S3M05/Fake/19.wav,1,MEN,MEN-S3M05,TG:7f247b87b49d5fb0,-3.4667969,2,0.0,0.03027187
mendeley/extracted/Bangla Audio Dataset Original and DeepFake Voices for AI-Based Voice Analysis and Detection/Dataset/S3M05/Fake/2.wav,1,MEN,MEN-S3M05,TG:e77eed1a0aa1b7cf,-3.1972656,1,0.4908333333333333,0.039268754
mendeley/extracted/Bangla Audio Dataset Original and DeepFake Voices for AI-Based Voice Analysis and Detection/Dataset/S3M05/Fake/20.wav,1,MEN,MEN-S3M05,TG:567b144e9ae8bc8b,-25.203125,1,0.1508333333333333,1.13350085e-11
mendeley/extracted/Bangla Audio Dataset Original and DeepFake Voices for AI-Based Voice Analysis and Detection/Dataset/S3M05/Fake/21.wav,1,MEN,MEN-S3M05,TG:9e58a2d9515bce87,-12.125,1,0.3241666666666667,5.4222187e-06
mendeley/extracted/Bangla Audio Dataset Original and DeepFake Voices for AI-Based Voice Analysis and Detection/Dataset/S3M05/Fake/22.wav,1,MEN,MEN-S3M05,TG:39deb4923c5e7c69,-15.1640625,1,0.2008333333333333,2.5961586e-07
mendeley/extracted/Bangla Audio Dataset Original and DeepFake Voices for AI-Based Voice Analysis and Detection/Dataset/S3M05/Fake/23.wav,1,MEN,MEN-S3M05,TG:7b7d4f0518a452ce,0.06365967,1,0.0558333333333332,0.51590955
mendeley/extracted/Bangla Audio Dataset Original and DeepFake Voices for AI-Based Voice Analysis and Detection/Dataset/S3M05/Fake/24.wav,1,MEN,MEN-S3M05,TG:ff2ff224c96a1888,-19.5,1,0.5141666666666667,3.398268e-09
mendeley/extracted/Bangla Audio Dataset Original and DeepFake Voices for AI-Based Voice Analysis and Detection/Dataset/S3M05/Fake/25.wav,1,MEN,MEN-S3M05,TG:9c6ff62d512d4446,-18.453125,1,0.1274999999999999,9.680764e-09
mendeley/extracted/Bangla Audio Dataset Original and DeepFake Voices for AI-Based Voice Analysis and Detection/Dataset/S3M05/Fake/26.wav,1,MEN,MEN-S3M05,TG:527411d819e34baa,0.121398926,1,0.4958333333333333,0.53031254
mendeley/extracted/Bangla Audio Dataset Original and DeepFake Voices for AI-Based Voice Analysis and Detection/Dataset/S3M05/Fake/27.wav,1,MEN,MEN-S3M05,TG:b6a6a3b4c18cb76d,-1.8183594,1,0.4475,0.13963085
mendeley/extracted/Bangla Audio Dataset Original and DeepFake Voices for AI-Based Voice Analysis and Detection/Dataset/S3M05/Fake/28.wav,1,MEN,MEN-S3M05,TG:143353d18a45fba7,-2.9394531,1,0.2808333333333334,0.05023736
mendeley/extracted/Bangla Audio Dataset Original and DeepFake Voices for AI-Based Voice Analysis and Detection/Dataset/S3M05/Fake/29.wav,1,MEN,MEN-S3M05,TG:2939ab8429b75898,-8.7890625,1,0.4141666666666667,0.00015236755
mendeley/extracted/Bangla Audio Dataset Original and DeepFake Voices for AI-Based Voice Analysis and Detection/Dataset/S3M05/Fake/3.wav,1,MEN,MEN-S3M05,TG:60894dee2b546c5f,-10.984375,1,0.1658333333333334,1.6964426e-05
mendeley/extracted/Bangla Audio Dataset Original and DeepFake Voices for AI-Based Voice Analysis and Detection/Dataset/S3M05/Fake/30.wav,1,MEN,MEN-S3M05,TG:12ec84bfce694bf7,-14.1875,1,0.2208333333333333,6.8936106e-07
mendeley/extracted/Bangla Audio Dataset Original and DeepFake Voices for AI-Based Voice Analysis and Detection/Dataset/S3M05/Fake/4.wav,1,MEN,MEN-S3M05,TG:ba3a3390e238eabe,-2.7792969,1,0.5575,0.058453243
mendeley/extracted/Bangla Audio Dataset Original and DeepFake Voices for AI-Based Voice Analysis and Detection/Dataset/S3M05/Fake/5.wav,1,MEN,MEN-S3M05,TG:4d2279fbc9b21903,-23.453125,1,0.4675,6.5228475e-11
mendeley/extracted/Bangla Audio Dataset Original and DeepFake Voices for AI-Based Voice Analysis and Detection/Dataset/S3M05/Fake/6.wav,1,MEN,MEN-S3M05,TG:e1a6cf0ea369c47c,-15.796875,1,0.5175000000000001,1.3788097e-07
mendeley/extracted/Bangla Audio Dataset Original and DeepFake Voices for AI-Based Voice Analysis and Detection/Dataset/S3M05/Fake/7.wav,1,MEN,MEN-S3M05,TG:b94c02a58d6767fd,-15.1953125,1,0.3541666666666666,2.516283e-07
mendeley/extracted/Bangla Audio Dataset Original and DeepFake Voices for AI-Based Voice Analysis and Detection/Dataset/S3M05/Fake/8.wav,1,MEN,MEN-S3M05,TG:2c5c04ca3a814a2b,-20.21875,1,0.5108333333333333,1.6561835e-09
mendeley/extracted/Bangla Audio Dataset Original and DeepFake Voices for AI-Based Voice Analysis and Detection/Dataset/S3M05/Fake/9.wav,1,MEN,MEN-S3M05,TG:3183698e613eeb91,-18.0625,1,0.2941666666666667,1.43072425e-08
mendeley/extracted/Bangla Audio Dataset Original and DeepFake Voices for AI-Based Voice Analysis and Detection/Dataset/S3M05/Real/1.wav,0,MEN,MEN-S3M05,TG:c64a37b6788eff47,-24.71875,1,0.4341666666666667,1.8398536e-11
mendeley/extracted/Bangla Audio Dataset Original and DeepFake Voices for AI-Based Voice Analysis and Detection/Dataset/S3M05/Real/10.wav,0,MEN,MEN-S3M05,TG:e4f6f434932f766c,-17.09375,1,0.5341666666666667,3.769456e-08
mendeley/extracted/Bangla Audio Dataset Original and DeepFake Voices for AI-Based Voice Analysis and Detection/Dataset/S3M05/Real/11.wav,0,MEN,MEN-S3M05,TG:279416c756e06369,-32.9375,1,0.5841666666666667,4.959359e-15
mendeley/extracted/Bangla Audio Dataset Original and DeepFake Voices for AI-Based Voice Analysis and Detection/Dataset/S3M05/Real/12.wav,0,MEN,MEN-S3M05,TG:29d9398f6eb46b4c,-35.40625,1,0.5008333333333334,4.2001135e-16
mendeley/extracted/Bangla Audio Dataset Original and DeepFake Voices for AI-Based Voice Analysis and Detection/Dataset/S3M05/Real/13.wav,0,MEN,MEN-S3M05,TG:a654883aa77ef593,-25.796875,1,0.4341666666666667,6.259787e-12
mendeley/extracted/Bangla Audio Dataset Original and DeepFake Voices for AI-Based Voice Analysis and Detection/Dataset/S3M05/Real/14.wav,0,MEN,MEN-S3M05,TG:da1b8fe7ea374f0b,-21.296875,1,0.4008333333333334,5.6348803e-10
mendeley/extracted/Bangla Audio Dataset Original and DeepFake Voices for AI-Based Voice Analysis and Detection/Dataset/S3M05/Real/15.wav,0,MEN,MEN-S3M05,TG:0024a0b4f77f02d4,-0.29785156,1,0.3841666666666666,0.42608273
mendeley/extracted/Bangla Audio Dataset Original and DeepFake Voices for AI-Based Voice Analysis and Detection/Dataset/S3M05/Real/16.wav,0,MEN,MEN-S3M05,TG:8f6e37cf38ec1a44,-28.515625,1,0.5175000000000001,4.128777e-13
mendeley/extracted/Bangla Audio Dataset Original and DeepFake Voices for AI-Based Voice Analysis and Detection/Dataset/S3M05/Real/17.wav,0,MEN,MEN-S3M05,TG:3669c591dfbe7a55,-31.21875,1,0.4008333333333334,2.7661079e-14
mendeley/extracted/Bangla Audio Dataset Original and DeepFake Voices for AI-Based Voice Analysis and Detection/Dataset/S3M05/Real/18.wav,0,MEN,MEN-S3M05,TG:8be6babbf81be123,-31.078125,1,0.4841666666666666,3.183771e-14
mendeley/extracted/Bangla Audio Dataset Original and DeepFake Voices for AI-Based Voice Analysis and Detection/Dataset/S3M05/Real/19.wav,0,MEN,MEN-S3M05,TG:7f247b87b49d5fb0,-22.15625,1,0.4341666666666667,2.3859587e-10
mendeley/extracted/Bangla Audio Dataset Original and DeepFake Voices for AI-Based Voice Analysis and Detection/Dataset/S3M05/Real/2.wav,0,MEN,MEN-S3M05,TG:e77eed1a0aa1b7cf,-24.390625,1,0.6341666666666667,2.5543841e-11
mendeley/extracted/Bangla Audio Dataset Original and DeepFake Voices for AI-Based Voice Analysis and Detection/Dataset/S3M05/Real/20.wav,0,MEN,MEN-S3M05,TG:567b144e9ae8bc8b,-27.65625,1,0.5175000000000001,9.750868e-13
mendeley/extracted/Bangla Audio Dataset Original and DeepFake Voices for AI-Based Voice Analysis and Detection/Dataset/S3M05/Real/21.wav,0,MEN,MEN-S3M05,TG:9e58a2d9515bce87,-24.578125,1,0.5341666666666667,2.1176585e-11
mendeley/extracted/Bangla Audio Dataset Original and DeepFake Voices for AI-Based Voice Analysis and Detection/Dataset/S3M05/Real/22.wav,0,MEN,MEN-S3M05,TG:39deb4923c5e7c69,-22.671875,1,0.5508333333333333,1.4247209e-10
mendeley/extracted/Bangla Audio Dataset Original and DeepFake Voices for AI-Based Voice Analysis and Detection/Dataset/S3M05/Real/23.wav,0,MEN,MEN-S3M05,TG:7b7d4f0518a452ce,-16.46875,1,0.4341666666666667,7.04227e-08
mendeley/extracted/Bangla Audio Dataset Original and DeepFake Voices for AI-Based Voice Analysis and Detection/Dataset/S3M05/Real/24.wav,0,MEN,MEN-S3M05,TG:ff2ff224c96a1888,-22.984375,1,0.5675,1.0423481e-10
mendeley/extracted/Bangla Audio Dataset Original and DeepFake Voices for AI-Based Voice Analysis and Detection/Dataset/S3M05/Real/25.wav,0,MEN,MEN-S3M05,TG:9c6ff62d512d4446,-22.828125,1,0.4008333333333334,1.2186284e-10
mendeley/extracted/Bangla Audio Dataset Original and DeepFake Voices for AI-Based Voice Analysis and Detection/Dataset/S3M05/Real/26.wav,0,MEN,MEN-S3M05,TG:527411d819e34baa,-22.390625,1,0.5008333333333334,1.8874485e-10
mendeley/extracted/Bangla Audio Dataset Original and DeepFake Voices for AI-Based Voice Analysis and Detection/Dataset/S3M05/Real/27.wav,0,MEN,MEN-S3M05,TG:b6a6a3b4c18cb76d,-24.1875,1,0.4008333333333334,3.1296965e-11
mendeley/extracted/Bangla Audio Dataset Original and DeepFake Voices for AI-Based Voice Analysis and Detection/Dataset/S3M05/Real/28.wav,0,MEN,MEN-S3M05,TG:143353d18a45fba7,-26.5625,1,0.4341666666666667,2.911071e-12
mendeley/extracted/Bangla Audio Dataset Original and DeepFake Voices for AI-Based Voice Analysis and Detection/Dataset/S3M05/Real/29.wav,0,MEN,MEN-S3M05,TG:2939ab8429b75898,-30.34375,1,0.4175,6.6355484e-14
mendeley/extracted/Bangla Audio Dataset Original and DeepFake Voices for AI-Based Voice Analysis and Detection/Dataset/S3M05/Real/3.wav,0,MEN,MEN-S3M05,TG:60894dee2b546c5f,-26.453125,1,0.4841666666666666,3.2475348e-12
mendeley/extracted/Bangla Audio Dataset Original and DeepFake Voices for AI-Based Voice Analysis and Detection/Dataset/S3M05/Real/30.wav,0,MEN,MEN-S3M05,TG:12ec84bfce694bf7,-33.4375,1,0.4508333333333333,3.008003e-15
mendeley/extracted/Bangla Audio Dataset Original and DeepFake Voices for AI-Based Voice Analysis and Detection/Dataset/S3M05/Real/4.wav,0,MEN,MEN-S3M05,TG:ba3a3390e238eabe,-13.4921875,1,0.4341666666666667,1.3817098e-06
mendeley/extracted/Bangla Audio Dataset Original and DeepFake Voices for AI-Based Voice Analysis and Detection/Dataset/S3M05/Real/5.wav,0,MEN,MEN-S3M05,TG:4d2279fbc9b21903,-28.078125,1,0.6174999999999999,6.394775e-13
mendeley/extracted/Bangla Audio Dataset Original and DeepFake Voices for AI-Based Voice Analysis and Detection/Dataset/S3M05/Real/6.wav,0,MEN,MEN-S3M05,TG:e1a6cf0ea369c47c,-23.171875,1,0.3675,8.641369e-11
mendeley/extracted/Bangla Audio Dataset Original and DeepFake Voices for AI-Based Voice Analysis and Detection/Dataset/S3M05/Real/7.wav,0,MEN,MEN-S3M05,TG:b94c02a58d6767fd,-15.5390625,1,0.4008333333333334,1.7843122e-07
mendeley/extracted/Bangla Audio Dataset Original and DeepFake Voices for AI-Based Voice Analysis and Detection/Dataset/S3M05/Real/8.wav,0,MEN,MEN-S3M05,TG:2c5c04ca3a814a2b,-21.359375,1,0.4508333333333333,5.29348e-10
mendeley/extracted/Bangla Audio Dataset Original and DeepFake Voices for AI-Based Voice Analysis and Detection/Dataset/S3M05/Real/9.wav,0,MEN,MEN-S3M05,TG:3183698e613eeb91,-26.796875,1,0.4508333333333333,2.3028471e-12
mendeley/extracted/Bangla Audio Dataset Original and DeepFake Voices for AI-Based Voice Analysis and Detection/Dataset/S4F02/Fake/1.wav,1,MEN,MEN-S4F02,TG:b308cb94d5dfc4a0,18.4375,1,0.4375,1.0
mendeley/extracted/Bangla Audio Dataset Original and DeepFake Voices for AI-Based Voice Analysis and Detection/Dataset/S4F02/Fake/10.wav,1,MEN,MEN-S4F02,TG:2020febfe4c8e0a6,-17.78125,1,0.3675,1.8954015e-08
mendeley/extracted/Bangla Audio Dataset Original and DeepFake Voices for AI-Based Voice Analysis and Detection/Dataset/S4F02/Fake/11.wav,1,MEN,MEN-S4F02,TG:a8be821a302d38cd,-7.2578125,1,0.3725,0.0007041516
mendeley/extracted/Bangla Audio Dataset Original and DeepFake Voices for AI-Based Voice Analysis and Detection/Dataset/S4F02/Fake/12.wav,1,MEN,MEN-S4F02,TG:0ff6798b7b8f0a2b,3.09375,1,0.3408333333333333,0.9566342
mendeley/extracted/Bangla Audio Dataset Original and DeepFake Voices for AI-Based Voice Analysis and Detection/Dataset/S4F02/Fake/13.wav,1,MEN,MEN-S4F02,TG:5d124e03b8cfc083,-12.6328125,1,0.3908333333333333,3.2631558e-06
mendeley/extracted/Bangla Audio Dataset Original and DeepFake Voices for AI-Based Voice Analysis and Detection/Dataset/S4F02/Fake/14.wav,1,MEN,MEN-S4F02,TG:f328dd5c0d5f4a2c,-6.3671875,1,0.3908333333333333,0.0017140384
mendeley/extracted/Bangla Audio Dataset Original and DeepFake Voices for AI-Based Voice Analysis and Detection/Dataset/S4F02/Fake/15.wav,1,MEN,MEN-S4F02,TG:49d1daab6645e1e5,-15.9609375,1,0.2875,1.17018054e-07
mendeley/extracted/Bangla Audio Dataset Original and DeepFake Voices for AI-Based Voice Analysis and Detection/Dataset/S4F02/Fake/16.wav,1,MEN,MEN-S4F02,TG:ce2c79da90b91549,6.765625,1,0.3091666666666667,0.99884856
mendeley/extracted/Bangla Audio Dataset Original and DeepFake Voices for AI-Based Voice Analysis and Detection/Dataset/S4F02/Fake/17.wav,1,MEN,MEN-S4F02,TG:32f1c06cf5c594b1,-5.359375,1,0.3941666666666666,0.004681823
mendeley/extracted/Bangla Audio Dataset Original and DeepFake Voices for AI-Based Voice Analysis and Detection/Dataset/S4F02/Fake/18.wav,1,MEN,MEN-S4F02,TG:6b67e0c353d9fbd4,-18.09375,1,0.4508333333333333,1.3867053e-08
mendeley/extracted/Bangla Audio Dataset Original and DeepFake Voices for AI-Based Voice Analysis and Detection/Dataset/S4F02/Fake/19.wav,1,MEN,MEN-S4F02,TG:f47297bbbcd1f91c,3.0371094,1,0.3475,0.9542227
mendeley/extracted/Bangla Audio Dataset Original and DeepFake Voices for AI-Based Voice Analysis and Detection/Dataset/S4F02/Fake/2.wav,1,MEN,MEN-S4F02,TG:c92a6147c79f3f53,5.2695312,1,0.5708333333333333,0.9948803
mendeley/extracted/Bangla Audio Dataset Original and DeepFake Voices for AI-Based Voice Analysis and Detection/Dataset/S4F02/Fake/20.wav,1,MEN,MEN-S4F02,TG:47a50d8c770d6a39,-10.3203125,1,0.1674999999999999,3.295573e-05
mendeley/extracted/Bangla Audio Dataset Original and DeepFake Voices for AI-Based Voice Analysis and Detection/Dataset/S4F02/Fake/21.wav,1,MEN,MEN-S4F02,TG:893de1314b339a8c,-6.8046875,1,0.5058333333333334,0.0011073389
mendeley/extracted/Bangla Audio Dataset Original and DeepFake Voices for AI-Based Voice Analysis and Detection/Dataset/S4F02/Fake/22.wav,1,MEN,MEN-S4F02,TG:864f70acdceec2a3,1.3964844,1,0.3325,0.8016254
mendeley/extracted/Bangla Audio Dataset Original and DeepFake Voices for AI-Based Voice Analysis and Detection/Dataset/S4F02/Fake/23.wav,1,MEN,MEN-S4F02,TG:31716f0cd84a61b8,-5.8085938,1,0.1175,0.0029926654
mendeley/extracted/Bangla Audio Dataset Original and DeepFake Voices for AI-Based Voice Analysis and Detection/Dataset/S4F02/Fake/24.wav,1,MEN,MEN-S4F02,TG:0c684130198edb2b,-16.703125,1,0.5475,5.570894e-08
mendeley/extracted/Bangla Audio Dataset Original and DeepFake Voices for AI-Based Voice Analysis and Detection/Dataset/S4F02/Fake/25.wav,1,MEN,MEN-S4F02,TG:e59cd170ce121cab,-8.9765625,1,0.2524999999999999,0.00012632043
mendeley/extracted/Bangla Audio Dataset Original and DeepFake Voices for AI-Based Voice Analysis and Detection/Dataset/S4F02/Fake/26.wav,1,MEN,MEN-S4F02,TG:50530451ab5ea7d4,-11.75,1,0.0224999999999999,7.889263e-06
mendeley/extracted/Bangla Audio Dataset Original and DeepFake Voices for AI-Based Voice Analysis and Detection/Dataset/S4F02/Fake/27.wav,1,MEN,MEN-S4F02,TG:35816fd76b78f5ab,-14.25,1,0.4808333333333333,6.475948e-07
mendeley/extracted/Bangla Audio Dataset Original and DeepFake Voices for AI-Based Voice Analysis and Detection/Dataset/S4F02/Fake/28.wav,1,MEN,MEN-S4F02,TG:83303193a7470159,-28.84375,1,0.1975,2.9738465e-13
mendeley/extracted/Bangla Audio Dataset Original and DeepFake Voices for AI-Based Voice Analysis and Detection/Dataset/S4F02/Fake/29.wav,1,MEN,MEN-S4F02,TG:b6465a64cf8af192,7.5585938,1,0.4108333333333334,0.99947864
mendeley/extracted/Bangla Audio Dataset Original and DeepFake Voices for AI-Based Voice Analysis and Detection/Dataset/S4F02/Fake/3.wav,1,MEN,MEN-S4F02,TG:4ade37a77542fb47,-14.4609375,1,0.3991666666666666,5.244383e-07
mendeley/extracted/Bangla Audio Dataset Original and DeepFake Voices for AI-Based Voice Analysis and Detection/Dataset/S4F02/Fake/30.wav,1,MEN,MEN-S4F02,TG:145a60ed6795d62b,-7.1132812,1,0.4341666666666667,0.00081355654
mendeley/extracted/Bangla Audio Dataset Original and DeepFake Voices for AI-Based Voice Analysis and Detection/Dataset/S4F02/Fake/4.wav,1,MEN,MEN-S4F02,TG:0ca6d8c18f157003,1.7597656,1,0.3525,0.85318035
mendeley/extracted/Bangla Audio Dataset Original and DeepFake Voices for AI-Based Voice Analysis and Detection/Dataset/S4F02/Fake/5.wav,1,MEN,MEN-S4F02,TG:20ce12eea7577a2b,15.484375,1,0.1041666666666666,0.99999976
mendeley/extracted/Bangla Audio Dataset Original and DeepFake Voices for AI-Based Voice Analysis and Detection/Dataset/S4F02/Fake/6.wav,1,MEN,MEN-S4F02,TG:cb4be92369f4fdeb,0.2644043,1,0.4024999999999999,0.56571865
mendeley/extracted/Bangla Audio Dataset Original and DeepFake Voices for AI-Based Voice Analysis and Detection/Dataset/S4F02/Fake/7.wav,1,MEN,MEN-S4F02,TG:fd0ac6bb3657230d,9.34375,1,0.2808333333333334,0.9999125
mendeley/extracted/Bangla Audio Dataset Original and DeepFake Voices for AI-Based Voice Analysis and Detection/Dataset/S4F02/Fake/8.wav,1,MEN,MEN-S4F02,TG:1afa540d605472d1,-12.3203125,1,0.0208333333333333,4.4602e-06
mendeley/extracted/Bangla Audio Dataset Original and DeepFake Voices for AI-Based Voice Analysis and Detection/Dataset/S4F02/Fake/9.wav,1,MEN,MEN-S4F02,TG:e2452da62ea9a450,6.0742188,1,0.2875,0.99770385
mendeley/extracted/Bangla Audio Dataset Original and DeepFake Voices for AI-Based Voice Analysis and Detection/Dataset/S4F02/Real/1.wav,0,MEN,MEN-S4F02,TG:b308cb94d5dfc4a0,15.3125,1,0.4841666666666666,0.99999976
mendeley/extracted/Bangla Audio Dataset Original and DeepFake Voices for AI-Based Voice Analysis and Detection/Dataset/S4F02/Real/10.wav,0,MEN,MEN-S4F02,TG:2020febfe4c8e0a6,-4.9570312,1,0.5675,0.00698465
mendeley/extracted/Bangla Audio Dataset Original and DeepFake Voices for AI-Based Voice Analysis and Detection/Dataset/S4F02/Real/11.wav,0,MEN,MEN-S4F02,TG:a8be821a302d38cd,-7.640625,1,0.3675,0.0004802972
mendeley/extracted/Bangla Audio Dataset Original and DeepFake Voices for AI-Based Voice Analysis and Detection/Dataset/S4F02/Real/12.wav,0,MEN,MEN-S4F02,TG:0ff6798b7b8f0a2b,4.4804688,1,0.4008333333333334,0.9887988
mendeley/extracted/Bangla Audio Dataset Original and DeepFake Voices for AI-Based Voice Analysis and Detection/Dataset/S4F02/Real/13.wav,0,MEN,MEN-S4F02,TG:5d124e03b8cfc083,-4.9648438,1,0.5675,0.0069306716
mendeley/extracted/Bangla Audio Dataset Original and DeepFake Voices for AI-Based Voice Analysis and Detection/Dataset/S4F02/Real/14.wav,0,MEN,MEN-S4F02,TG:f328dd5c0d5f4a2c,-12.0390625,1,0.4508333333333333,5.9087965e-06
mendeley/extracted/Bangla Audio Dataset Original and DeepFake Voices for AI-Based Voice Analysis and Detection/Dataset/S4F02/Real/15.wav,0,MEN,MEN-S4F02,TG:49d1daab6645e1e5,-24.6875,1,0.5675,1.8982569e-11
mendeley/extracted/Bangla Audio Dataset Original and DeepFake Voices for AI-Based Voice Analysis and Detection/Dataset/S4F02/Real/16.wav,0,MEN,MEN-S4F02,TG:ce2c79da90b91549,-23.4375,1,0.3508333333333333,6.6255675e-11
mendeley/extracted/Bangla Audio Dataset Original and DeepFake Voices for AI-Based Voice Analysis and Detection/Dataset/S4F02/Real/17.wav,0,MEN,MEN-S4F02,TG:32f1c06cf5c594b1,-27.796875,1,0.4841666666666666,8.4717e-13
mendeley/extracted/Bangla Audio Dataset Original and DeepFake Voices for AI-Based Voice Analysis and Detection/Dataset/S4F02/Real/18.wav,0,MEN,MEN-S4F02,TG:6b67e0c353d9fbd4,-32.46875,1,0.4675,7.9250325e-15
mendeley/extracted/Bangla Audio Dataset Original and DeepFake Voices for AI-Based Voice Analysis and Detection/Dataset/S4F02/Real/19.wav,0,MEN,MEN-S4F02,TG:f47297bbbcd1f91c,-17.203125,1,0.3341666666666666,3.3789185e-08
mendeley/extracted/Bangla Audio Dataset Original and DeepFake Voices for AI-Based Voice Analysis and Detection/Dataset/S4F02/Real/2.wav,0,MEN,MEN-S4F02,TG:c92a6147c79f3f53,-3.0761719,1,0.5675,0.04410091
mendeley/extracted/Bangla Audio Dataset Original and DeepFake Voices for AI-Based Voice Analysis and Detection/Dataset/S4F02/Real/20.wav,0,MEN,MEN-S4F02,TG:47a50d8c770d6a39,-31.0625,1,0.4175,3.233908e-14
mendeley/extracted/Bangla Audio Dataset Original and DeepFake Voices for AI-Based Voice Analysis and Detection/Dataset/S4F02/Real/21.wav,0,MEN,MEN-S4F02,TG:893de1314b339a8c,-22.3125,1,0.5508333333333333,2.0408183e-10
mendeley/extracted/Bangla Audio Dataset Original and DeepFake Voices for AI-Based Voice Analysis and Detection/Dataset/S4F02/Real/22.wav,0,MEN,MEN-S4F02,TG:864f70acdceec2a3,-29.75,1,0.3175,1.2015425e-13
mendeley/extracted/Bangla Audio Dataset Original and DeepFake Voices for AI-Based Voice Analysis and Detection/Dataset/S4F02/Real/23.wav,0,MEN,MEN-S4F02,TG:31716f0cd84a61b8,-36.40625,1,0.4341666666666667,1.5451354e-16
mendeley/extracted/Bangla Audio Dataset Original and DeepFake Voices for AI-Based Voice Analysis and Detection/Dataset/S4F02/Real/24.wav,0,MEN,MEN-S4F02,TG:0c684130198edb2b,-21.890625,1,0.5841666666666667,3.1118766e-10
mendeley/extracted/Bangla Audio Dataset Original and DeepFake Voices for AI-Based Voice Analysis and Detection/Dataset/S4F02/Real/25.wav,0,MEN,MEN-S4F02,TG:e59cd170ce121cab,-24.0625,1,0.3508333333333333,3.5464107e-11
mendeley/extracted/Bangla Audio Dataset Original and DeepFake Voices for AI-Based Voice Analysis and Detection/Dataset/S4F02/Real/26.wav,0,MEN,MEN-S4F02,TG:50530451ab5ea7d4,-40.4375,1,0.3508333333333333,2.7429435e-18
mendeley/extracted/Bangla Audio Dataset Original and DeepFake Voices for AI-Based Voice Analysis and Detection/Dataset/S4F02/Real/27.wav,0,MEN,MEN-S4F02,TG:35816fd76b78f5ab,-45.40625,1,0.5008333333333334,1.9068487e-20
mendeley/extracted/Bangla Audio Dataset Original and DeepFake Voices for AI-Based Voice Analysis and Detection/Dataset/S4F02/Real/28.wav,0,MEN,MEN-S4F02,TG:83303193a7470159,-25.484375,1,0.4008333333333334,8.556114e-12
mendeley/extracted/Bangla Audio Dataset Original and DeepFake Voices for AI-Based Voice Analysis and Detection/Dataset/S4F02/Real/29.wav,0,MEN,MEN-S4F02,TG:b6465a64cf8af192,-32.0625,1,0.4675,1.1896882e-14
mendeley/extracted/Bangla Audio Dataset Original and DeepFake Voices for AI-Based Voice Analysis and Detection/Dataset/S4F02/Real/3.wav,0,MEN,MEN-S4F02,TG:4ade37a77542fb47,-11.5625,1,0.4841666666666666,9.516251e-06
mendeley/extracted/Bangla Audio Dataset Original and DeepFake Voices for AI-Based Voice Analysis and Detection/Dataset/S4F02/Real/30.wav,0,MEN,MEN-S4F02,TG:145a60ed6795d62b,-23.09375,1,0.3675,9.343548e-11
mendeley/extracted/Bangla Audio Dataset Original and DeepFake Voices for AI-Based Voice Analysis and Detection/Dataset/S4F02/Real/4.wav,0,MEN,MEN-S4F02,TG:0ca6d8c18f157003,1.4208984,1,0.4341666666666667,0.8054792
mendeley/extracted/Bangla Audio Dataset Original and DeepFake Voices for AI-Based Voice Analysis and Detection/Dataset/S4F02/Real/5.wav,0,MEN,MEN-S4F02,TG:20ce12eea7577a2b,-5.1835938,1,0.4508333333333333,0.0055765454
mendeley/extracted/Bangla Audio Dataset Original and DeepFake Voices for AI-Based Voice Analysis and Detection/Dataset/S4F02/Real/6.wav,0,MEN,MEN-S4F02,TG:cb4be92369f4fdeb,-0.9038086,1,0.4175,0.28826845
mendeley/extracted/Bangla Audio Dataset Original and DeepFake Voices for AI-Based Voice Analysis and Detection/Dataset/S4F02/Real/7.wav,0,MEN,MEN-S4F02,TG:fd0ac6bb3657230d,14.515625,1,0.4175,0.9999995
mendeley/extracted/Bangla Audio Dataset Original and DeepFake Voices for AI-Based Voice Analysis and Detection/Dataset/S4F02/Real/8.wav,0,MEN,MEN-S4F02,TG:1afa540d605472d1,-11.953125,1,0.4175,6.439038e-06
mendeley/extracted/Bangla Audio Dataset Original and DeepFake Voices for AI-Based Voice Analysis and Detection/Dataset/S4F02/Real/9.wav,0,MEN,MEN-S4F02,TG:e2452da62ea9a450,5.3203125,1,0.4008333333333334,0.9951325
mendeley/extracted/Bangla Audio Dataset Original and DeepFake Voices for AI-Based Voice Analysis and Detection/Dataset/S4F03/Fake/1.wav,1,MEN,MEN-S4F03,TG:b308cb94d5dfc4a0,-10.0078125,1,0.4491666666666667,4.5044595e-05
mendeley/extracted/Bangla Audio Dataset Original and DeepFake Voices for AI-Based Voice Analysis and Detection/Dataset/S4F03/Fake/10.wav,1,MEN,MEN-S4F03,TG:2020febfe4c8e0a6,-16.828125,1,0.3908333333333333,4.916298e-08
mendeley/extracted/Bangla Audio Dataset Original and DeepFake Voices for AI-Based Voice Analysis and Detection/Dataset/S4F03/Fake/11.wav,1,MEN,MEN-S4F03,TG:a8be821a302d38cd,-0.89160156,1,0.3974999999999999,0.2907794
mendeley/extracted/Bangla Audio Dataset Original and DeepFake Voices for AI-Based Voice Analysis and Detection/Dataset/S4F03/Fake/12.wav,1,MEN,MEN-S4F03,TG:0ff6798b7b8f0a2b,-3.7265625,1,0.4175,0.023509452
mendeley/extracted/Bangla Audio Dataset Original and DeepFake Voices for AI-Based Voice Analysis and Detection/Dataset/S4F03/Fake/13.wav,1,MEN,MEN-S4F03,TG:5d124e03b8cfc083,-17.125,1,0.4141666666666667,3.653482e-08
mendeley/extracted/Bangla Audio Dataset Original and DeepFake Voices for AI-Based Voice Analysis and Detection/Dataset/S4F03/Fake/14.wav,1,MEN,MEN-S4F03,TG:f328dd5c0d5f4a2c,-10.15625,1,0.3725,3.883111e-05
mendeley/extracted/Bangla Audio Dataset Original and DeepFake Voices for AI-Based Voice Analysis and Detection/Dataset/S4F03/Fake/15.wav,1,MEN,MEN-S4F03,TG:49d1daab6645e1e5,3.4980469,1,0.2641666666666666,0.9706322
mendeley/extracted/Bangla Audio Dataset Original and DeepFake Voices for AI-Based Voice Analysis and Detection/Dataset/S4F03/Fake/16.wav,1,MEN,MEN-S4F03,TG:ce2c79da90b91549,13.109375,1,0.2624999999999999,0.999998
mendeley/extracted/Bangla Audio Dataset Original and DeepFake Voices for AI-Based Voice Analysis and Detection/Dataset/S4F03/Fake/17.wav,1,MEN,MEN-S4F03,TG:32f1c06cf5c594b1,-2.9550781,1,0.4008333333333334,0.049497053
mendeley/extracted/Bangla Audio Dataset Original and DeepFake Voices for AI-Based Voice Analysis and Detection/Dataset/S4F03/Fake/18.wav,1,MEN,MEN-S4F03,TG:6b67e0c353d9fbd4,-8.8046875,1,0.4008333333333334,0.00015000567
mendeley/extracted/Bangla Audio Dataset Original and DeepFake Voices for AI-Based Voice Analysis and Detection/Dataset/S4F03/Fake/19.wav,1,MEN,MEN-S4F03,TG:f47297bbbcd1f91c,15.4765625,1,0.2408333333333333,0.99999976
mendeley/extracted/Bangla Audio Dataset Original and DeepFake Voices for AI-Based Voice Analysis and Detection/Dataset/S4F03/Fake/2.wav,1,MEN,MEN-S4F03,TG:c92a6147c79f3f53,-2.7167969,1,0.5208333333333333,0.06198946
mendeley/extracted/Bangla Audio Dataset Original and DeepFake Voices for AI-Based Voice Analysis and Detection/Dataset/S4F03/Fake/20.wav,1,MEN,MEN-S4F03,TG:47a50d8c770d6a39,4.4609375,1,0.1791666666666667,0.9885804
mendeley/extracted/Bangla Audio Dataset Original and DeepFake Voices for AI-Based Voice Analysis and Detection/Dataset/S4F03/Fake/21.wav,1,MEN,MEN-S4F03,TG:893de1314b339a8c,8.7109375,1,0.2875,0.99983525
mendeley/extracted/Bangla Audio Dataset Original and DeepFake Voices for AI-Based Voice Analysis and Detection/Dataset/S4F03/Fake/22.wav,1,MEN,MEN-S4F03,TG:864f70acdceec2a3,-4.5976562,1,0.2941666666666667,0.009974921
mendeley/extracted/Bangla Audio Dataset Original and DeepFake Voices for AI-Based Voice Analysis and Detection/Dataset/S4F03/Fake/23.wav,1,MEN,MEN-S4F03,TG:31716f0cd84a61b8,2.2539062,1,0.0541666666666666,0.9049869
mendeley/extracted/Bangla Audio Dataset Original and DeepFake Voices for AI-Based Voice Analysis and Detection/Dataset/S4F03/Fake/24.wav,1,MEN,MEN-S4F03,TG:0c684130198edb2b,-11.1875,1,0.3341666666666666,1.3846005e-05
mendeley/extracted/Bangla Audio Dataset Original and DeepFake Voices for AI-Based Voice Analysis and Detection/Dataset/S4F03/Fake/25.wav,1,MEN,MEN-S4F03,TG:e59cd170ce121cab,-2.1191406,1,0.2508333333333333,0.107250325
mendeley/extracted/Bangla Audio Dataset Original and DeepFake Voices for AI-Based Voice Analysis and Detection/Dataset/S4F03/Fake/26.wav,1,MEN,MEN-S4F03,TG:50530451ab5ea7d4,-1.1035156,1,0.0124999999999999,0.24908178
mendeley/extracted/Bangla Audio Dataset Original and DeepFake Voices for AI-Based Voice Analysis and Detection/Dataset/S4F03/Fake/27.wav,1,MEN,MEN-S4F03,TG:35816fd76b78f5ab,-2.7363281,1,0.5175000000000001,0.060863446
mendeley/extracted/Bangla Audio Dataset Original and DeepFake Voices for AI-Based Voice Analysis and Detection/Dataset/S4F03/Fake/28.wav,1,MEN,MEN-S4F03,TG:83303193a7470159,-7.0117188,1,0.2308333333333333,0.0009004468
mendeley/extracted/Bangla Audio Dataset Original and DeepFake Voices for AI-Based Voice Analysis and Detection/Dataset/S4F03/Fake/29.wav,1,MEN,MEN-S4F03,TG:b6465a64cf8af192,9.765625,1,0.5841666666666667,0.99994266
mendeley/extracted/Bangla Audio Dataset Original and DeepFake Voices for AI-Based Voice Analysis and Detection/Dataset/S4F03/Fake/3.wav,1,MEN,MEN-S4F03,TG:4ade37a77542fb47,6.3945312,1,0.3741666666666666,0.9983321
mendeley/extracted/Bangla Audio Dataset Original and DeepFake Voices for AI-Based Voice Analysis and Detection/Dataset/S4F03/Fake/30.wav,1,MEN,MEN-S4F03,TG:145a60ed6795d62b,-3.1425781,1,0.4108333333333334,0.04138472
mendeley/extracted/Bangla Audio Dataset Original and DeepFake Voices for AI-Based Voice Analysis and Detection/Dataset/S4F03/Fake/4.wav,1,MEN,MEN-S4F03,TG:0ca6d8c18f157003,8.7734375,1,0.3641666666666666,0.99984527
mendeley/extracted/Bangla Audio Dataset Original and DeepFake Voices for AI-Based Voice Analysis and Detection/Dataset/S4F03/Fake/5.wav,1,MEN,MEN-S4F03,TG:20ce12eea7577a2b,8.78125,1,0.1274999999999999,0.99984646
mendeley/extracted/Bangla Audio Dataset Original and DeepFake Voices for AI-Based Voice Analysis and Detection/Dataset/S4F03/Fake/6.wav,1,MEN,MEN-S4F03,TG:cb4be92369f4fdeb,-0.9003906,1,0.3891666666666666,0.28897023
mendeley/extracted/Bangla Audio Dataset Original and DeepFake Voices for AI-Based Voice Analysis and Detection/Dataset/S4F03/Fake/7.wav,1,MEN,MEN-S4F03,TG:fd0ac6bb3657230d,12.53125,1,0.3508333333333333,0.9999964
mendeley/extracted/Bangla Audio Dataset Original and DeepFake Voices for AI-Based Voice Analysis and Detection/Dataset/S4F03/Fake/8.wav,1,MEN,MEN-S4F03,TG:1afa540d605472d1,-5.3984375,2,0.0,0.0045032725
mendeley/extracted/Bangla Audio Dataset Original and DeepFake Voices for AI-Based Voice Analysis and Detection/Dataset/S4F03/Fake/9.wav,1,MEN,MEN-S4F03,TG:e2452da62ea9a450,11.734375,1,0.3375,0.999992
mendeley/extracted/Bangla Audio Dataset Original and DeepFake Voices for AI-Based Voice Analysis and Detection/Dataset/S4F03/Real/1.wav,0,MEN,MEN-S4F03,TG:b308cb94d5dfc4a0,-11.234375,1,0.5508333333333333,1.32119585e-05
mendeley/extracted/Bangla Audio Dataset Original and DeepFake Voices for AI-Based Voice Analysis and Detection/Dataset/S4F03/Real/10.wav,0,MEN,MEN-S4F03,TG:2020febfe4c8e0a6,-15.0546875,1,0.5341666666666667,2.8962242e-07
mendeley/extracted/Bangla Audio Dataset Original and DeepFake Voices for AI-Based Voice Analysis and Detection/Dataset/S4F03/Real/11.wav,0,MEN,MEN-S4F03,TG:a8be821a302d38cd,-24.484375,1,0.5008333333333334,2.3257929e-11
mendeley/extracted/Bangla Audio Dataset Original and DeepFake Voices for AI-Based Voice Analysis and Detection/Dataset/S4F03/Real/12.wav,0,MEN,MEN-S4F03,TG:0ff6798b7b8f0a2b,-26.359375,1,0.5175000000000001,3.5667194e-12
mendeley/extracted/Bangla Audio Dataset Original and DeepFake Voices for AI-Based Voice Analysis and Detection/Dataset/S4F03/Real/13.wav,0,MEN,MEN-S4F03,TG:5d124e03b8cfc083,-13.15625,1,0.5008333333333334,1.9333586e-06
mendeley/extracted/Bangla Audio Dataset Original and DeepFake Voices for AI-Based Voice Analysis and Detection/Dataset/S4F03/Real/14.wav,0,MEN,MEN-S4F03,TG:f328dd5c0d5f4a2c,-30.3125,1,0.5341666666666667,6.846184e-14
mendeley/extracted/Bangla Audio Dataset Original and DeepFake Voices for AI-Based Voice Analysis and Detection/Dataset/S4F03/Real/15.wav,0,MEN,MEN-S4F03,TG:49d1daab6645e1e5,1.0332031,1,0.3675,0.73753643
mendeley/extracted/Bangla Audio Dataset Original and DeepFake Voices for AI-Based Voice Analysis and Detection/Dataset/S4F03/Real/16.wav,0,MEN,MEN-S4F03,TG:ce2c79da90b91549,0.8613281,1,0.4008333333333334,0.7029381
mendeley/extracted/Bangla Audio Dataset Original and DeepFake Voices for AI-Based Voice Analysis and Detection/Dataset/S4F03/Real/17.wav,0,MEN,MEN-S4F03,TG:32f1c06cf5c594b1,-15.234375,1,0.4675,2.419886e-07
mendeley/extracted/Bangla Audio Dataset Original and DeepFake Voices for AI-Based Voice Analysis and Detection/Dataset/S4F03/Real/18.wav,0,MEN,MEN-S4F03,TG:6b67e0c353d9fbd4,-7.3085938,1,0.4508333333333333,0.00066931
mendeley/extracted/Bangla Audio Dataset Original and DeepFake Voices for AI-Based Voice Analysis and Detection/Dataset/S4F03/Real/19.wav,0,MEN,MEN-S4F03,TG:f47297bbbcd1f91c,5.4101562,1,0.4175,0.99554896
mendeley/extracted/Bangla Audio Dataset Original and DeepFake Voices for AI-Based Voice Analysis and Detection/Dataset/S4F03/Real/2.wav,0,MEN,MEN-S4F03,TG:c92a6147c79f3f53,-1.7285156,1,0.5341666666666667,0.15077753
mendeley/extracted/Bangla Audio Dataset Original and DeepFake Voices for AI-Based Voice Analysis and Detection/Dataset/S4F03/Real/20.wav,0,MEN,MEN-S4F03,TG:47a50d8c770d6a39,-27.828125,1,0.3675,8.2110534e-13
mendeley/extracted/Bangla Audio Dataset Original and DeepFake Voices for AI-Based Voice Analysis and Detection/Dataset/S4F03/Real/21.wav,0,MEN,MEN-S4F03,TG:893de1314b339a8c,-12.21875,1,0.4175,4.936989e-06
mendeley/extracted/Bangla Audio Dataset Original and DeepFake Voices for AI-Based Voice Analysis and Detection/Dataset/S4F03/Real/22.wav,0,MEN,MEN-S4F03,TG:864f70acdceec2a3,-27.796875,1,0.4175,8.4717e-13
mendeley/extracted/Bangla Audio Dataset Original and DeepFake Voices for AI-Based Voice Analysis and Detection/Dataset/S4F03/Real/23.wav,0,MEN,MEN-S4F03,TG:31716f0cd84a61b8,-23.96875,1,0.3675,3.89497e-11
mendeley/extracted/Bangla Audio Dataset Original and DeepFake Voices for AI-Based Voice Analysis and Detection/Dataset/S4F03/Real/24.wav,0,MEN,MEN-S4F03,TG:0c684130198edb2b,-12.359375,1,0.3675,4.289333e-06
mendeley/extracted/Bangla Audio Dataset Original and DeepFake Voices for AI-Based Voice Analysis and Detection/Dataset/S4F03/Real/25.wav,0,MEN,MEN-S4F03,TG:e59cd170ce121cab,-19.84375,1,0.4175,2.4097329e-09
mendeley/extracted/Bangla Audio Dataset Original and DeepFake Voices for AI-Based Voice Analysis and Detection/Dataset/S4F03/Real/26.wav,0,MEN,MEN-S4F03,TG:50530451ab5ea7d4,-24.65625,1,0.4341666666666667,1.9585143e-11
mendeley/extracted/Bangla Audio Dataset Original and DeepFake Voices for AI-Based Voice Analysis and Detection/Dataset/S4F03/Real/27.wav,0,MEN,MEN-S4F03,TG:35816fd76b78f5ab,-28.640625,1,0.4341666666666667,3.6436327e-13
mendeley/extracted/Bangla Audio Dataset Original and DeepFake Voices for AI-Based Voice Analysis and Detection/Dataset/S4F03/Real/28.wav,0,MEN,MEN-S4F03,TG:83303193a7470159,-17.9375,1,0.4175,1.6212228e-08
mendeley/extracted/Bangla Audio Dataset Original and DeepFake Voices for AI-Based Voice Analysis and Detection/Dataset/S4F03/Real/29.wav,0,MEN,MEN-S4F03,TG:b6465a64cf8af192,-9.2578125,1,0.4341666666666667,9.535461e-05
mendeley/extracted/Bangla Audio Dataset Original and DeepFake Voices for AI-Based Voice Analysis and Detection/Dataset/S4F03/Real/3.wav,0,MEN,MEN-S4F03,TG:4ade37a77542fb47,-14.0859375,1,0.5341666666666667,7.6305304e-07
mendeley/extracted/Bangla Audio Dataset Original and DeepFake Voices for AI-Based Voice Analysis and Detection/Dataset/S4F03/Real/30.wav,0,MEN,MEN-S4F03,TG:145a60ed6795d62b,-20.71875,1,0.4175,1.004526e-09
mendeley/extracted/Bangla Audio Dataset Original and DeepFake Voices for AI-Based Voice Analysis and Detection/Dataset/S4F03/Real/4.wav,0,MEN,MEN-S4F03,TG:0ca6d8c18f157003,-25.8125,1,0.4175,6.162738e-12
mendeley/extracted/Bangla Audio Dataset Original and DeepFake Voices for AI-Based Voice Analysis and Detection/Dataset/S4F03/Real/5.wav,0,MEN,MEN-S4F03,TG:20ce12eea7577a2b,-5.8789062,1,0.4841666666666666,0.0027900375
mendeley/extracted/Bangla Audio Dataset Original and DeepFake Voices for AI-Based Voice Analysis and Detection/Dataset/S4F03/Real/6.wav,0,MEN,MEN-S4F03,TG:cb4be92369f4fdeb,-18.875,1,0.5008333333333334,6.3488e-09
mendeley/extracted/Bangla Audio Dataset Original and DeepFake Voices for AI-Based Voice Analysis and Detection/Dataset/S4F03/Real/7.wav,0,MEN,MEN-S4F03,TG:fd0ac6bb3657230d,-11.5703125,1,0.4841666666666666,9.442197e-06
mendeley/extracted/Bangla Audio Dataset Original and DeepFake Voices for AI-Based Voice Analysis and Detection/Dataset/S4F03/Real/8.wav,0,MEN,MEN-S4F03,TG:1afa540d605472d1,-14.6953125,1,0.4675,4.148649e-07
mendeley/extracted/Bangla Audio Dataset Original and DeepFake Voices for AI-Based Voice Analysis and Detection/Dataset/S4F03/Real/9.wav,0,MEN,MEN-S4F03,TG:e2452da62ea9a450,-8.4921875,1,0.4675,0.00020502214
mendeley/extracted/Bangla Audio Dataset Original and DeepFake Voices for AI-Based Voice Analysis and Detection/Dataset/S4F04/Fake/1.wav,1,MEN,MEN-S4F04,TG:b308cb94d5dfc4a0,7.9570312,1,0.4491666666666667,0.9996499
mendeley/extracted/Bangla Audio Dataset Original and DeepFake Voices for AI-Based Voice Analysis and Detection/Dataset/S4F04/Fake/10.wav,1,MEN,MEN-S4F04,TG:2020febfe4c8e0a6,-19.9375,1,0.3175,2.1940867e-09
mendeley/extracted/Bangla Audio Dataset Original and DeepFake Voices for AI-Based Voice Analysis and Detection/Dataset/S4F04/Fake/11.wav,1,MEN,MEN-S4F04,TG:a8be821a302d38cd,-16.390625,1,0.3841666666666666,7.6145106e-08
mendeley/extracted/Bangla Audio Dataset Original and DeepFake Voices for AI-Based Voice Analysis and Detection/Dataset/S4F04/Fake/12.wav,1,MEN,MEN-S4F04,TG:0ff6798b7b8f0a2b,-4.6328125,1,0.3941666666666666,0.009633652
mendeley/extracted/Bangla Audio Dataset Original and DeepFake Voices for AI-Based Voice Analysis and Detection/Dataset/S4F04/Fake/13.wav,1,MEN,MEN-S4F04,TG:5d124e03b8cfc083,-7.5273438,1,0.3741666666666666,0.00053787645
mendeley/extracted/Bangla Audio Dataset Original and DeepFake Voices for AI-Based Voice Analysis and Detection/Dataset/S4F04/Fake/14.wav,1,MEN,MEN-S4F04,TG:f328dd5c0d5f4a2c,4.0742188,1,0.3591666666666666,0.98327893
mendeley/extracted/Bangla Audio Dataset Original and DeepFake Voices for AI-Based Voice Analysis and Detection/Dataset/S4F04/Fake/15.wav,1,MEN,MEN-S4F04,TG:49d1daab6645e1e5,-10.0703125,1,0.2358333333333333,4.2315598e-05
mendeley/extracted/Bangla Audio Dataset Original and DeepFake Voices for AI-Based Voice Analysis and Detection/Dataset/S4F04/Fake/16.wav,1,MEN,MEN-S4F04,TG:ce2c79da90b91549,13.65625,1,0.2875,0.9999988
mendeley/extracted/Bangla Audio Dataset Original and DeepFake Voices for AI-Based Voice Analysis and Detection/Dataset/S4F04/Fake/17.wav,1,MEN,MEN-S4F04,TG:32f1c06cf5c594b1,-4.9726562,1,0.3924999999999999,0.0068771075
mendeley/extracted/Bangla Audio Dataset Original and DeepFake Voices for AI-Based Voice Analysis and Detection/Dataset/S4F04/Fake/18.wav,1,MEN,MEN-S4F04,TG:6b67e0c353d9fbd4,-26.71875,1,0.3808333333333333,2.4899713e-12
mendeley/extracted/Bangla Audio Dataset Original and DeepFake Voices for AI-Based Voice Analysis and Detection/Dataset/S4F04/Fake/19.wav,1,MEN,MEN-S4F04,TG:f47297bbbcd1f91c,2.4804688,1,0.3625,0.9227612
mendeley/extracted/Bangla Audio Dataset Original and DeepFake Voices for AI-Based Voice Analysis and Detection/Dataset/S4F04/Fake/2.wav,1,MEN,MEN-S4F04,TG:c92a6147c79f3f53,-11.6875,1,0.4925,8.398072e-06
mendeley/extracted/Bangla Audio Dataset Original and DeepFake Voices for AI-Based Voice Analysis and Detection/Dataset/S4F04/Fake/20.wav,1,MEN,MEN-S4F04,TG:47a50d8c770d6a39,1.8183594,1,0.1274999999999999,0.86036915
mendeley/extracted/Bangla Audio Dataset Original and DeepFake Voices for AI-Based Voice Analysis and Detection/Dataset/S4F04/Fake/21.wav,1,MEN,MEN-S4F04,TG:893de1314b339a8c,13.46875,1,0.5358333333333334,0.99999857
mendeley/extracted/Bangla Audio Dataset Original and DeepFake Voices for AI-Based Voice Analysis and Detection/Dataset/S4F04/Fake/22.wav,1,MEN,MEN-S4F04,TG:864f70acdceec2a3,-1.3105469,1,0.3758333333333333,0.21239536
mendeley/extracted/Bangla Audio Dataset Original and DeepFake Voices for AI-Based Voice Analysis and Detection/Dataset/S4F04/Fake/23.wav,1,MEN,MEN-S4F04,TG:31716f0cd84a61b8,-9.4453125,1,0.0675,7.905304e-05
mendeley/extracted/Bangla Audio Dataset Original and DeepFake Voices for AI-Based Voice Analysis and Detection/Dataset/S4F04/Fake/24.wav,1,MEN,MEN-S4F04,TG:0c684130198edb2b,-12.1171875,1,0.5608333333333333,5.4647453e-06
mendeley/extracted/Bangla Audio Dataset Original and DeepFake Voices for AI-Based Voice Analysis and Detection/Dataset/S4F04/Fake/25.wav,1,MEN,MEN-S4F04,TG:e59cd170ce121cab,-4.2226562,1,0.2975,0.014447852
mendeley/extracted/Bangla Audio Dataset Original and DeepFake Voices for AI-Based Voice Analysis and Detection/Dataset/S4F04/Fake/26.wav,1,MEN,MEN-S4F04,TG:50530451ab5ea7d4,-17.21875,2,0.0,3.3265334e-08
mendeley/extracted/Bangla Audio Dataset Original and DeepFake Voices for AI-Based Voice Analysis and Detection/Dataset/S4F04/Fake/27.wav,1,MEN,MEN-S4F04,TG:35816fd76b78f5ab,-12.21875,1,0.4125,4.936989e-06
mendeley/extracted/Bangla Audio Dataset Original and DeepFake Voices for AI-Based Voice Analysis and Detection/Dataset/S4F04/Fake/28.wav,1,MEN,MEN-S4F04,TG:83303193a7470159,-11.859375,1,0.1725,7.071895e-06
mendeley/extracted/Bangla Audio Dataset Original and DeepFake Voices for AI-Based Voice Analysis and Detection/Dataset/S4F04/Fake/29.wav,1,MEN,MEN-S4F04,TG:b6465a64cf8af192,11.7734375,1,0.4175,0.99999225
mendeley/extracted/Bangla Audio Dataset Original and DeepFake Voices for AI-Based Voice Analysis and Detection/Dataset/S4F04/Fake/3.wav,1,MEN,MEN-S4F04,TG:4ade37a77542fb47,3.453125,1,0.3541666666666666,0.9693242
mendeley/extracted/Bangla Audio Dataset Original and DeepFake Voices for AI-Based Voice Analysis and Detection/Dataset/S4F04/Fake/30.wav,1,MEN,MEN-S4F04,TG:145a60ed6795d62b,-11.984375,1,0.4058333333333334,6.2409304e-06
mendeley/extracted/Bangla Audio Dataset Original and DeepFake Voices for AI-Based Voice Analysis and Detection/Dataset/S4F04/Fake/4.wav,1,MEN,MEN-S4F04,TG:0ca6d8c18f157003,-11.609375,1,0.4275,9.080475e-06
mendeley/extracted/Bangla Audio Dataset Original and DeepFake Voices for AI-Based Voice Analysis and Detection/Dataset/S4F04/Fake/5.wav,1,MEN,MEN-S4F04,TG:20ce12eea7577a2b,-1.9541016,1,0.1474999999999999,0.12410682
mendeley/extracted/Bangla Audio Dataset Original and DeepFake Voices for AI-Based Voice Analysis and Detection/Dataset/S4F04/Fake/6.wav,1,MEN,MEN-S4F04,TG:cb4be92369f4fdeb,2.8242188,1,0.3941666666666666,0.9439706
mendeley/extracted/Bangla Audio Dataset Original and DeepFake Voices for AI-Based Voice Analysis and Detection/Dataset/S4F04/Fake/7.wav,1,MEN,MEN-S4F04,TG:fd0ac6bb3657230d,3.9160156,1,0.2608333333333333,0.98046875
mendeley/extracted/Bangla Audio Dataset Original and DeepFake Voices for AI-Based Voice Analysis and Detection/Dataset/S4F04/Fake/8.wav,1,MEN,MEN-S4F04,TG:1afa540d605472d1,0.73876953,1,0.0708333333333333,0.6767267
mendeley/extracted/Bangla Audio Dataset Original and DeepFake Voices for AI-Based Voice Analysis and Detection/Dataset/S4F04/Fake/9.wav,1,MEN,MEN-S4F04,TG:e2452da62ea9a450,1.0410156,1,0.3191666666666667,0.7390459
mendeley/extracted/Bangla Audio Dataset Original and DeepFake Voices for AI-Based Voice Analysis and Detection/Dataset/S4F04/Real/1.wav,0,MEN,MEN-S4F04,TG:b308cb94d5dfc4a0,-13.9296875,1,0.3874999999999999,8.9209925e-07
mendeley/extracted/Bangla Audio Dataset Original and DeepFake Voices for AI-Based Voice Analysis and Detection/Dataset/S4F04/Real/10.wav,0,MEN,MEN-S4F04,TG:2020febfe4c8e0a6,-31.71875,1,0.3708333333333333,1.6777292e-14
mendeley/extracted/Bangla Audio Dataset Original and DeepFake Voices for AI-Based Voice Analysis and Detection/Dataset/S4F04/Real/11.wav,0,MEN,MEN-S4F04,TG:a8be821a302d38cd,-15.2109375,1,0.3525,2.477272e-07
mendeley/extracted/Bangla Audio Dataset Original and DeepFake Voices for AI-Based Voice Analysis and Detection/Dataset/S4F04/Real/12.wav,0,MEN,MEN-S4F04,TG:0ff6798b7b8f0a2b,-7.8398438,1,0.3874999999999999,0.0003935756
mendeley/extracted/Bangla Audio Dataset Original and DeepFake Voices for AI-Based Voice Analysis and Detection/Dataset/S4F04/Real/13.wav,0,MEN,MEN-S4F04,TG:5d124e03b8cfc083,-19.5625,1,0.4691666666666666,3.192377e-09
mendeley/extracted/Bangla Audio Dataset Original and DeepFake Voices for AI-Based Voice Analysis and Detection/Dataset/S4F04/Real/14.wav,0,MEN,MEN-S4F04,TG:f328dd5c0d5f4a2c,-34.5625,1,0.3858333333333333,9.765555e-16
mendeley/extracted/Bangla Audio Dataset Original and DeepFake Voices for AI-Based Voice Analysis and Detection/Dataset/S4F04/Real/15.wav,0,MEN,MEN-S4F04,TG:49d1daab6645e1e5,-23.984375,1,0.3525,3.834584e-11
mendeley/extracted/Bangla Audio Dataset Original and DeepFake Voices for AI-Based Voice Analysis and Detection/Dataset/S4F04/Real/16.wav,0,MEN,MEN-S4F04,TG:ce2c79da90b91549,-16.5625,1,0.4191666666666667,6.412061e-08
mendeley/extracted/Bangla Audio Dataset Original and DeepFake Voices for AI-Based Voice Analysis and Detection/Dataset/S4F04/Real/17.wav,0,MEN,MEN-S4F04,TG:32f1c06cf5c594b1,-21.5625,1,0.4191666666666667,4.3204126e-10
mendeley/extracted/Bangla Audio Dataset Original and DeepFake Voices for AI-Based Voice Analysis and Detection/Dataset/S4F04/Real/18.wav,0,MEN,MEN-S4F04,TG:6b67e0c353d9fbd4,-34.34375,1,0.4358333333333333,1.2153432e-15
mendeley/extracted/Bangla Audio Dataset Original and DeepFake Voices for AI-Based Voice Analysis and Detection/Dataset/S4F04/Real/19.wav,0,MEN,MEN-S4F04,TG:f47297bbbcd1f91c,-28.109375,1,0.4691666666666666,6.198029e-13
mendeley/extracted/Bangla Audio Dataset Original and DeepFake Voices for AI-Based Voice Analysis and Detection/Dataset/S4F04/Real/2.wav,0,MEN,MEN-S4F04,TG:c92a6147c79f3f53,-11.2578125,1,0.5208333333333333,1.2905907e-05
mendeley/extracted/Bangla Audio Dataset Original and DeepFake Voices for AI-Based Voice Analysis and Detection/Dataset/S4F04/Real/20.wav,0,MEN,MEN-S4F04,TG:47a50d8c770d6a39,-23.453125,1,0.4525,6.5228475e-11
mendeley/extracted/Bangla Audio Dataset Original and DeepFake Voices for AI-Based Voice Analysis and Detection/Dataset/S4F04/Real/21.wav,0,MEN,MEN-S4F04,TG:893de1314b339a8c,-3.9335938,1,0.5525,0.01919745
mendeley/extracted/Bangla Audio Dataset Original and DeepFake Voices for AI-Based Voice Analysis and Detection/Dataset/S4F04/Real/22.wav,0,MEN,MEN-S4F04,TG:864f70acdceec2a3,-21.8125,1,0.4558333333333333,3.3647407e-10
mendeley/extracted/Bangla Audio Dataset Original and DeepFake Voices for AI-Based Voice Analysis and Detection/Dataset/S4F04/Real/23.wav,0,MEN,MEN-S4F04,TG:31716f0cd84a61b8,-28.296875,1,0.4375,5.138346e-13
mendeley/extracted/Bangla Audio Dataset Original and DeepFake Voices for AI-Based Voice Analysis and Detection/Dataset/S4F04/Real/24.wav,0,MEN,MEN-S4F04,TG:0c684130198edb2b,-13.9375,1,0.5708333333333333,8.8515685e-07
mendeley/extracted/Bangla Audio Dataset Original and DeepFake Voices for AI-Based Voice Analysis and Detection/Dataset/S4F04/Real/25.wav,0,MEN,MEN-S4F04,TG:e59cd170ce121cab,-11.3046875,1,0.4375,1.2314909e-05
mendeley/extracted/Bangla Audio Dataset Original and DeepFake Voices for AI-Based Voice Analysis and Detection/Dataset/S4F04/Real/26.wav,0,MEN,MEN-S4F04,TG:50530451ab5ea7d4,-23.328125,1,0.4675,7.391355e-11
mendeley/extracted/Bangla Audio Dataset Original and DeepFake Voices for AI-Based Voice Analysis and Detection/Dataset/S4F04/Real/27.wav,0,MEN,MEN-S4F04,TG:35816fd76b78f5ab,-32.90625,1,0.5041666666666667,5.1167854e-15
mendeley/extracted/Bangla Audio Dataset Original and DeepFake Voices for AI-Based Voice Analysis and Detection/Dataset/S4F04/Real/28.wav,0,MEN,MEN-S4F04,TG:83303193a7470159,-26.234375,1,0.4858333333333333,4.041622e-12
mendeley/extracted/Bangla Audio Dataset Original and DeepFake Voices for AI-Based Voice Analysis and Detection/Dataset/S4F04/Real/29.wav,0,MEN,MEN-S4F04,TG:b6465a64cf8af192,3.1132812,1,0.4858333333333333,0.9574373
mendeley/extracted/Bangla Audio Dataset Original and DeepFake Voices for AI-Based Voice Analysis and Detection/Dataset/S4F04/Real/3.wav,0,MEN,MEN-S4F04,TG:4ade37a77542fb47,-8.234375,1,0.5375,0.00026530237
mendeley/extracted/Bangla Audio Dataset Original and DeepFake Voices for AI-Based Voice Analysis and Detection/Dataset/S4F04/Real/30.wav,0,MEN,MEN-S4F04,TG:145a60ed6795d62b,-21.859375,1,0.4375,3.2106584e-10
mendeley/extracted/Bangla Audio Dataset Original and DeepFake Voices for AI-Based Voice Analysis and Detection/Dataset/S4F04/Real/4.wav,0,MEN,MEN-S4F04,TG:0ca6d8c18f157003,-18.078125,1,0.4375,1.4085428e-08
mendeley/extracted/Bangla Audio Dataset Original and DeepFake Voices for AI-Based Voice Analysis and Detection/Dataset/S4F04/Real/5.wav,0,MEN,MEN-S4F04,TG:20ce12eea7577a2b,-0.6791992,1,0.4708333333333333,0.33644006
mendeley/extracted/Bangla Audio Dataset Original and DeepFake Voices for AI-Based Voice Analysis and Detection/Dataset/S4F04/Real/6.wav,0,MEN,MEN-S4F04,TG:cb4be92369f4fdeb,-0.3017578,1,0.3708333333333333,0.42512783
mendeley/extracted/Bangla Audio Dataset Original and DeepFake Voices for AI-Based Voice Analysis and Detection/Dataset/S4F04/Real/7.wav,0,MEN,MEN-S4F04,TG:fd0ac6bb3657230d,-27.0625,1,0.3874999999999999,1.7656538e-12
mendeley/extracted/Bangla Audio Dataset Original and DeepFake Voices for AI-Based Voice Analysis and Detection/Dataset/S4F04/Real/8.wav,0,MEN,MEN-S4F04,TG:1afa540d605472d1,-21.203125,1,0.4375,6.1887057e-10
mendeley/extracted/Bangla Audio Dataset Original and DeepFake Voices for AI-Based Voice Analysis and Detection/Dataset/S4F04/Real/9.wav,0,MEN,MEN-S4F04,TG:e2452da62ea9a450,17.625,1,0.3874999999999999,1.0
mendeley/extracted/Bangla Audio Dataset Original and DeepFake Voices for AI-Based Voice Analysis and Detection/Dataset/S4F05/Fake/1.wav,1,MEN,MEN-S4F05,TG:b308cb94d5dfc4a0,10.1953125,1,0.4508333333333333,0.9999627
mendeley/extracted/Bangla Audio Dataset Original and DeepFake Voices for AI-Based Voice Analysis and Detection/Dataset/S4F05/Fake/10.wav,1,MEN,MEN-S4F05,TG:2020febfe4c8e0a6,-7.8945312,1,0.4508333333333333,0.0003726377
mendeley/extracted/Bangla Audio Dataset Original and DeepFake Voices for AI-Based Voice Analysis and Detection/Dataset/S4F05/Fake/11.wav,1,MEN,MEN-S4F05,TG:a8be821a302d38cd,-1.7060547,1,0.2941666666666667,0.15367614
mendeley/extracted/Bangla Audio Dataset Original and DeepFake Voices for AI-Based Voice Analysis and Detection/Dataset/S4F05/Fake/12.wav,1,MEN,MEN-S4F05,TG:0ff6798b7b8f0a2b,12.3671875,1,0.4308333333333333,0.9999957
mendeley/extracted/Bangla Audio Dataset Original and DeepFake Voices for AI-Based Voice Analysis and Detection/Dataset/S4F05/Fake/13.wav,1,MEN,MEN-S4F05,TG:5d124e03b8cfc083,-7.5859375,1,0.3908333333333333,0.0005072813
mendeley/extracted/Bangla Audio Dataset Original and DeepFake Voices for AI-Based Voice Analysis and Detection/Dataset/S4F05/Fake/14.wav,1,MEN,MEN-S4F05,TG:f328dd5c0d5f4a2c,-2.0429688,1,0.3675,0.11476479
mendeley/extracted/Bangla Audio Dataset Original and DeepFake Voices for AI-Based Voice Analysis and Detection/Dataset/S4F05/Fake/15.wav,1,MEN,MEN-S4F05,TG:49d1daab6645e1e5,14.171875,1,0.2375,0.9999993
mendeley/extracted/Bangla Audio Dataset Original and DeepFake Voices for AI-Based Voice Analysis and Detection/Dataset/S4F05/Fake/16.wav,1,MEN,MEN-S4F05,TG:ce2c79da90b91549,12.4921875,1,0.2341666666666666,0.9999962
mendeley/extracted/Bangla Audio Dataset Original and DeepFake Voices for AI-Based Voice Analysis and Detection/Dataset/S4F05/Fake/17.wav,1,MEN,MEN-S4F05,TG:32f1c06cf5c594b1,13.71875,1,0.4191666666666667,0.9999989
mendeley/extracted/Bangla Audio Dataset Original and DeepFake Voices for AI-Based Voice Analysis and Detection/Dataset/S4F05/Fake/18.wav,1,MEN,MEN-S4F05,TG:6b67e0c353d9fbd4,25.71875,1,0.4041666666666667,1.0
mendeley/extracted/Bangla Audio Dataset Original and DeepFake Voices for AI-Based Voice Analysis and Detection/Dataset/S4F05/Fake/19.wav,1,MEN,MEN-S4F05,TG:f47297bbbcd1f91c,-6.9296875,1,0.3874999999999999,0.0009773503
mendeley/extracted/Bangla Audio Dataset Original and DeepFake Voices for AI-Based Voice Analysis and Detection/Dataset/S4F05/Fake/2.wav,1,MEN,MEN-S4F05,TG:c92a6147c79f3f53,13.7734375,1,0.5141666666666667,0.9999989
mendeley/extracted/Bangla Audio Dataset Original and DeepFake Voices for AI-Based Voice Analysis and Detection/Dataset/S4F05/Fake/20.wav,1,MEN,MEN-S4F05,TG:47a50d8c770d6a39,3.7578125,1,0.2175,0.97719735
mendeley/extracted/Bangla Audio Dataset Original and DeepFake Voices for AI-Based Voice Analysis and Detection/Dataset/S4F05/Fake/21.wav,1,MEN,MEN-S4F05,TG:893de1314b339a8c,-8.078125,1,0.5075000000000001,0.000310156
mendeley/extracted/Bangla Audio Dataset Original and DeepFake Voices for AI-Based Voice Analysis and Detection/Dataset/S4F05/Fake/22.wav,1,MEN,MEN-S4F05,TG:864f70acdceec2a3,10.15625,1,0.3958333333333333,0.99996114
mendeley/extracted/Bangla Audio Dataset Original and DeepFake Voices for AI-Based Voice Analysis and Detection/Dataset/S4F05/Fake/23.wav,1,MEN,MEN-S4F05,TG:31716f0cd84a61b8,9.1328125,1,0.0808333333333333,0.999892
mendeley/extracted/Bangla Audio Dataset Original and DeepFake Voices for AI-Based Voice Analysis and Detection/Dataset/S4F05/Fake/24.wav,1,MEN,MEN-S4F05,TG:0c684130198edb2b,-17.140625,1,0.5475,3.59684e-08
mendeley/extracted/Bangla Audio Dataset Original and DeepFake Voices for AI-Based Voice Analysis and Detection/Dataset/S4F05/Fake/25.wav,1,MEN,MEN-S4F05,TG:e59cd170ce121cab,4.2265625,1,0.2908333333333334,0.9856076
mendeley/extracted/Bangla Audio Dataset Original and DeepFake Voices for AI-Based Voice Analysis and Detection/Dataset/S4F05/Fake/26.wav,1,MEN,MEN-S4F05,TG:50530451ab5ea7d4,6.1289062,1,0.0591666666666667,0.9978258
mendeley/extracted/Bangla Audio Dataset Original and DeepFake Voices for AI-Based Voice Analysis and Detection/Dataset/S4F05/Fake/27.wav,1,MEN,MEN-S4F05,TG:35816fd76b78f5ab,0.85791016,1,0.4558333333333333,0.70222384
mendeley/extracted/Bangla Audio Dataset Original and DeepFake Voices for AI-Based Voice Analysis and Detection/Dataset/S4F05/Fake/28.wav,1,MEN,MEN-S4F05,TG:83303193a7470159,3.3398438,1,0.1474999999999999,0.9657707
mendeley/extracted/Bangla Audio Dataset Original and DeepFake Voices for AI-Based Voice Analysis and Detection/Dataset/S4F05/Fake/29.wav,1,MEN,MEN-S4F05,TG:b6465a64cf8af192,8.0390625,1,0.4508333333333333,0.99967754
mendeley/extracted/Bangla Audio Dataset Original and DeepFake Voices for AI-Based Voice Analysis and Detection/Dataset/S4F05/Fake/3.wav,1,MEN,MEN-S4F05,TG:4ade37a77542fb47,13.8515625,1,0.4008333333333334,0.99999905
mendeley/extracted/Bangla Audio Dataset Original and DeepFake Voices for AI-Based Voice Analysis and Detection/Dataset/S4F05/Fake/30.wav,1,MEN,MEN-S4F05,TG:145a60ed6795d62b,1.3779297,1,0.4408333333333333,0.79865825
mendeley/extracted/Bangla Audio Dataset Original and DeepFake Voices for AI-Based Voice Analysis and Detection/Dataset/S4F05/Fake/4.wav,1,MEN,MEN-S4F05,TG:0ca6d8c18f157003,26.59375,1,0.3974999999999999,1.0
mendeley/extracted/Bangla Audio Dataset Original and DeepFake Voices for AI-Based Voice Analysis and Detection/Dataset/S4F05/Fake/5.wav,1,MEN,MEN-S4F05,TG:20ce12eea7577a2b,11.1328125,1,0.1641666666666666,0.99998534
mendeley/extracted/Bangla Audio Dataset Original and DeepFake Voices for AI-Based Voice Analysis and Detection/Dataset/S4F05/Fake/6.wav,1,MEN,MEN-S4F05,TG:cb4be92369f4fdeb,18.4375,1,0.3958333333333333,1.0
mendeley/extracted/Bangla Audio Dataset Original and DeepFake Voices for AI-Based Voice Analysis and Detection/Dataset/S4F05/Fake/7.wav,1,MEN,MEN-S4F05,TG:fd0ac6bb3657230d,13.5703125,1,0.3108333333333333,0.9999987
mendeley/extracted/Bangla Audio Dataset Original and DeepFake Voices for AI-Based Voice Analysis and Detection/Dataset/S4F05/Fake/8.wav,1,MEN,MEN-S4F05,TG:1afa540d605472d1,5.8632812,1,0.0474999999999999,0.9971661
mendeley/extracted/Bangla Audio Dataset Original and DeepFake Voices for AI-Based Voice Analysis and Detection/Dataset/S4F05/Fake/9.wav,1,MEN,MEN-S4F05,TG:e2452da62ea9a450,22.234375,1,0.2841666666666667,1.0
mendeley/extracted/Bangla Audio Dataset Original and DeepFake Voices for AI-Based Voice Analysis and Detection/Dataset/S4F05/Real/1.wav,0,MEN,MEN-S4F05,TG:b308cb94d5dfc4a0,20.171875,1,0.5175000000000001,1.0
mendeley/extracted/Bangla Audio Dataset Original and DeepFake Voices for AI-Based Voice Analysis and Detection/Dataset/S4F05/Real/10.wav,0,MEN,MEN-S4F05,TG:2020febfe4c8e0a6,-10.765625,1,0.5508333333333333,2.1112483e-05
mendeley/extracted/Bangla Audio Dataset Original and DeepFake Voices for AI-Based Voice Analysis and Detection/Dataset/S4F05/Real/11.wav,0,MEN,MEN-S4F05,TG:a8be821a302d38cd,-15.9609375,1,0.4008333333333334,1.17018054e-07
mendeley/extracted/Bangla Audio Dataset Original and DeepFake Voices for AI-Based Voice Analysis and Detection/Dataset/S4F05/Real/12.wav,0,MEN,MEN-S4F05,TG:0ff6798b7b8f0a2b,12.7421875,1,0.4008333333333334,0.999997
mendeley/extracted/Bangla Audio Dataset Original and DeepFake Voices for AI-Based Voice Analysis and Detection/Dataset/S4F05/Real/13.wav,0,MEN,MEN-S4F05,TG:5d124e03b8cfc083,10.2578125,1,0.4175,0.99996495
mendeley/extracted/Bangla Audio Dataset Original and DeepFake Voices for AI-Based Voice Analysis and Detection/Dataset/S4F05/Real/14.wav,0,MEN,MEN-S4F05,TG:f328dd5c0d5f4a2c,-17.953125,1,0.4508333333333333,1.5960882e-08
mendeley/extracted/Bangla Audio Dataset Original and DeepFake Voices for AI-Based Voice Analysis and Detection/Dataset/S4F05/Real/15.wav,0,MEN,MEN-S4F05,TG:49d1daab6645e1e5,6.1523438,1,0.4508333333333333,0.99787605
mendeley/extracted/Bangla Audio Dataset Original and DeepFake Voices for AI-Based Voice Analysis and Detection/Dataset/S4F05/Real/16.wav,0,MEN,MEN-S4F05,TG:ce2c79da90b91549,3.9746094,1,0.3508333333333333,0.98155975
mendeley/extracted/Bangla Audio Dataset Original and DeepFake Voices for AI-Based Voice Analysis and Detection/Dataset/S4F05/Real/17.wav,0,MEN,MEN-S4F05,TG:32f1c06cf5c594b1,7.4335938,1,0.5175000000000001,0.9994093
mendeley/extracted/Bangla Audio Dataset Original and DeepFake Voices for AI-Based Voice Analysis and Detection/Dataset/S4F05/Real/18.wav,0,MEN,MEN-S4F05,TG:6b67e0c353d9fbd4,5.921875,1,0.4841666666666666,0.99732697
mendeley/extracted/Bangla Audio Dataset Original and DeepFake Voices for AI-Based Voice Analysis and Detection/Dataset/S4F05/Real/19.wav,0,MEN,MEN-S4F05,TG:f47297bbbcd1f91c,6.5664062,1,0.4841666666666666,0.9985952
mendeley/extracted/Bangla Audio Dataset Original and DeepFake Voices for AI-Based Voice Analysis and Detection/Dataset/S4F05/Real/2.wav,0,MEN,MEN-S4F05,TG:c92a6147c79f3f53,-18.09375,1,0.4008333333333334,1.3867053e-08
mendeley/extracted/Bangla Audio Dataset Original and DeepFake Voices for AI-Based Voice Analysis and Detection/Dataset/S4F05/Real/20.wav,0,MEN,MEN-S4F05,TG:47a50d8c770d6a39,-15.40625,1,0.3508333333333333,2.0377483e-07
mendeley/extracted/Bangla Audio Dataset Original and DeepFake Voices for AI-Based Voice Analysis and Detection/Dataset/S4F05/Real/21.wav,0,MEN,MEN-S4F05,TG:893de1314b339a8c,-21.0625,1,0.4841666666666666,7.1231565e-10
mendeley/extracted/Bangla Audio Dataset Original and DeepFake Voices for AI-Based Voice Analysis and Detection/Dataset/S4F05/Real/22.wav,0,MEN,MEN-S4F05,TG:864f70acdceec2a3,1.1435547,1,0.3841666666666666,0.75833166
mendeley/extracted/Bangla Audio Dataset Original and DeepFake Voices for AI-Based Voice Analysis and Detection/Dataset/S4F05/Real/23.wav,0,MEN,MEN-S4F05,TG:31716f0cd84a61b8,-7.8085938,1,0.4341666666666667,0.00040606395
mendeley/extracted/Bangla Audio Dataset Original and DeepFake Voices for AI-Based Voice Analysis and Detection/Dataset/S4F05/Real/24.wav,0,MEN,MEN-S4F05,TG:0c684130198edb2b,6.4257812,1,0.5675,0.9983834
mendeley/extracted/Bangla Audio Dataset Original and DeepFake Voices for AI-Based Voice Analysis and Detection/Dataset/S4F05/Real/25.wav,0,MEN,MEN-S4F05,TG:e59cd170ce121cab,4.8359375,1,0.4008333333333334,0.9921233
mendeley/extracted/Bangla Audio Dataset Original and DeepFake Voices for AI-Based Voice Analysis and Detection/Dataset/S4F05/Real/26.wav,0,MEN,MEN-S4F05,TG:50530451ab5ea7d4,2.8242188,1,0.4675,0.9439706
mendeley/extracted/Bangla Audio Dataset Original and DeepFake Voices for AI-Based Voice Analysis and Detection/Dataset/S4F05/Real/27.wav,0,MEN,MEN-S4F05,TG:35816fd76b78f5ab,5.5351562,1,0.4841666666666666,0.9960699
mendeley/extracted/Bangla Audio Dataset Original and DeepFake Voices for AI-Based Voice Analysis and Detection/Dataset/S4F05/Real/28.wav,0,MEN,MEN-S4F05,TG:83303193a7470159,13.75,1,0.4841666666666666,0.9999989
mendeley/extracted/Bangla Audio Dataset Original and DeepFake Voices for AI-Based Voice Analysis and Detection/Dataset/S4F05/Real/29.wav,0,MEN,MEN-S4F05,TG:b6465a64cf8af192,-19.21875,1,0.5008333333333334,4.5019735e-09
mendeley/extracted/Bangla Audio Dataset Original and DeepFake Voices for AI-Based Voice Analysis and Detection/Dataset/S4F05/Real/3.wav,0,MEN,MEN-S4F05,TG:4ade37a77542fb47,1.7597656,1,0.5341666666666667,0.85318035
mendeley/extracted/Bangla Audio Dataset Original and DeepFake Voices for AI-Based Voice Analysis and Detection/Dataset/S4F05/Real/30.wav,0,MEN,MEN-S4F05,TG:145a60ed6795d62b,-11.5,1,0.5008333333333334,1.0129991e-05
mendeley/extracted/Bangla Audio Dataset Original and DeepFake Voices for AI-Based Voice Analysis and Detection/Dataset/S4F05/Real/4.wav,0,MEN,MEN-S4F05,TG:0ca6d8c18f157003,8.75,1,0.3841666666666666,0.9998416
mendeley/extracted/Bangla Audio Dataset Original and DeepFake Voices for AI-Based Voice Analysis and Detection/Dataset/S4F05/Real/5.wav,0,MEN,MEN-S4F05,TG:20ce12eea7577a2b,-22.625,1,0.3675,1.4930947e-10
mendeley/extracted/Bangla Audio Dataset Original and DeepFake Voices for AI-Based Voice Analysis and Detection/Dataset/S4F05/Real/6.wav,0,MEN,MEN-S4F05,TG:cb4be92369f4fdeb,0.24316406,1,0.4508333333333333,0.56049323
mendeley/extracted/Bangla Audio Dataset Original and DeepFake Voices for AI-Based Voice Analysis and Detection/Dataset/S4F05/Real/7.wav,0,MEN,MEN-S4F05,TG:fd0ac6bb3657230d,12.34375,1,0.4008333333333334,0.9999956
mendeley/extracted/Bangla Audio Dataset Original and DeepFake Voices for AI-Based Voice Analysis and Detection/Dataset/S4F05/Real/8.wav,0,MEN,MEN-S4F05,TG:1afa540d605472d1,13.8671875,1,0.4341666666666667,0.99999905
mendeley/extracted/Bangla Audio Dataset Original and DeepFake Voices for AI-Based Voice Analysis and Detection/Dataset/S4F05/Real/9.wav,0,MEN,MEN-S4F05,TG:e2452da62ea9a450,12.6953125,1,0.4508333333333333,0.9999969
mendeley/extracted/Bangla Audio Dataset Original and DeepFake Voices for AI-Based Voice Analysis and Detection/Dataset/S4M01/Fake/1.wav,1,MEN,MEN-S4M01,TG:b308cb94d5dfc4a0,-12.359375,1,0.2591666666666666,4.289333e-06
mendeley/extracted/Bangla Audio Dataset Original and DeepFake Voices for AI-Based Voice Analysis and Detection/Dataset/S4M01/Fake/10.wav,1,MEN,MEN-S4M01,TG:2020febfe4c8e0a6,-28.828125,1,0.4675,3.0206778e-13
mendeley/extracted/Bangla Audio Dataset Original and DeepFake Voices for AI-Based Voice Analysis and Detection/Dataset/S4M01/Fake/11.wav,1,MEN,MEN-S4M01,TG:a8be821a302d38cd,-17.671875,1,0.2108333333333333,2.1144734e-08
mendeley/extracted/Bangla Audio Dataset Original and DeepFake Voices for AI-Based Voice Analysis and Detection/Dataset/S4M01/Fake/12.wav,1,MEN,MEN-S4M01,TG:0ff6798b7b8f0a2b,-29.40625,1,0.3958333333333333,1.6944467e-13
mendeley/extracted/Bangla Audio Dataset Original and DeepFake Voices for AI-Based Voice Analysis and Detection/Dataset/S4M01/Fake/13.wav,1,MEN,MEN-S4M01,TG:5d124e03b8cfc083,-21.875,1,0.4741666666666666,3.1608818e-10
mendeley/extracted/Bangla Audio Dataset Original and DeepFake Voices for AI-Based Voice Analysis and Detection/Dataset/S4M01/Fake/14.wav,1,MEN,MEN-S4M01,TG:f328dd5c0d5f4a2c,-30.84375,1,0.2658333333333333,4.0246635e-14
mendeley/extracted/Bangla Audio Dataset Original and DeepFake Voices for AI-Based Voice Analysis and Detection/Dataset/S4M01/Fake/15.wav,1,MEN,MEN-S4M01,TG:49d1daab6645e1e5,-24.609375,1,0.2241666666666666,2.0525052e-11
mendeley/extracted/Bangla Audio Dataset Original and DeepFake Voices for AI-Based Voice Analysis and Detection/Dataset/S4M01/Fake/16.wav,1,MEN,MEN-S4M01,TG:ce2c79da90b91549,-21.296875,1,0.1041666666666666,5.6348803e-10
mendeley/extracted/Bangla Audio Dataset Original and DeepFake Voices for AI-Based Voice Analysis and Detection/Dataset/S4M01/Fake/17.wav,1,MEN,MEN-S4M01,TG:32f1c06cf5c594b1,-29.171875,1,0.3974999999999999,2.141981e-13
mendeley/extracted/Bangla Audio Dataset Original and DeepFake Voices for AI-Based Voice Analysis and Detection/Dataset/S4M01/Fake/18.wav,1,MEN,MEN-S4M01,TG:6b67e0c353d9fbd4,-23.375,1,0.4308333333333333,7.05288e-11
mendeley/extracted/Bangla Audio Dataset Original and DeepFake Voices for AI-Based Voice Analysis and Detection/Dataset/S4M01/Fake/19.wav,1,MEN,MEN-S4M01,TG:f47297bbbcd1f91c,-23.96875,1,0.2075,3.89497e-11
mendeley/extracted/Bangla Audio Dataset Original and DeepFake Voices for AI-Based Voice Analysis and Detection/Dataset/S4M01/Fake/2.wav,1,MEN,MEN-S4M01,TG:c92a6147c79f3f53,-27.953125,1,0.4975,7.246229e-13
mendeley/extracted/Bangla Audio Dataset Original and DeepFake Voices for AI-Based Voice Analysis and Detection/Dataset/S4M01/Fake/20.wav,1,MEN,MEN-S4M01,TG:47a50d8c770d6a39,-32.65625,1,0.1775,6.5700826e-15
mendeley/extracted/Bangla Audio Dataset Original and DeepFake Voices for AI-Based Voice Analysis and Detection/Dataset/S4M01/Fake/21.wav,1,MEN,MEN-S4M01,TG:893de1314b339a8c,-24.703125,1,0.4291666666666667,1.8688271e-11
mendeley/extracted/Bangla Audio Dataset Original and DeepFake Voices for AI-Based Voice Analysis and Detection/Dataset/S4M01/Fake/22.wav,1,MEN,MEN-S4M01,TG:864f70acdceec2a3,-23.875,1,0.1808333333333333,4.2777875e-11
mendeley/extracted/Bangla Audio Dataset Original and DeepFake Voices for AI-Based Voice Analysis and Detection/Dataset/S4M01/Fake/23.wav,1,MEN,MEN-S4M01,TG:31716f0cd84a61b8,-28.53125,1,0.1374999999999999,4.064766e-13
mendeley/extracted/Bangla Audio Dataset Original and DeepFake Voices for AI-Based Voice Analysis and Detection/Dataset/S4M01/Fake/24.wav,1,MEN,MEN-S4M01,TG:0c684130198edb2b,-25.828125,1,0.4775,6.067193e-12
mendeley/extracted/Bangla Audio Dataset Original and DeepFake Voices for AI-Based Voice Analysis and Detection/Dataset/S4M01/Fake/25.wav,1,MEN,MEN-S4M01,TG:e59cd170ce121cab,-34.0625,1,0.2341666666666666,1.610068e-15
mendeley/extracted/Bangla Audio Dataset Original and DeepFake Voices for AI-Based Voice Analysis and Detection/Dataset/S4M01/Fake/26.wav,1,MEN,MEN-S4M01,TG:50530451ab5ea7d4,-31.03125,1,0.1975,3.3365634e-14
mendeley/extracted/Bangla Audio Dataset Original and DeepFake Voices for AI-Based Voice Analysis and Detection/Dataset/S4M01/Fake/27.wav,1,MEN,MEN-S4M01,TG:35816fd76b78f5ab,-27.9375,1,0.4575,7.36034e-13
mendeley/extracted/Bangla Audio Dataset Original and DeepFake Voices for AI-Based Voice Analysis and Detection/Dataset/S4M01/Fake/28.wav,1,MEN,MEN-S4M01,TG:83303193a7470159,-34.59375,1,0.1458333333333333,9.465102e-16
mendeley/extracted/Bangla Audio Dataset Original and DeepFake Voices for AI-Based Voice Analysis and Detection/Dataset/S4M01/Fake/29.wav,1,MEN,MEN-S4M01,TG:b6465a64cf8af192,-19.46875,1,0.3874999999999999,3.5061407e-09
mendeley/extracted/Bangla Audio Dataset Original and DeepFake Voices for AI-Based Voice Analysis and Detection/Dataset/S4M01/Fake/3.wav,1,MEN,MEN-S4M01,TG:4ade37a77542fb47,-28.046875,1,0.4208333333333333,6.5977665e-13
mendeley/extracted/Bangla Audio Dataset Original and DeepFake Voices for AI-Based Voice Analysis and Detection/Dataset/S4M01/Fake/30.wav,1,MEN,MEN-S4M01,TG:145a60ed6795d62b,-30.046875,1,0.2674999999999999,8.929106e-14
mendeley/extracted/Bangla Audio Dataset Original and DeepFake Voices for AI-Based Voice Analysis and Detection/Dataset/S4M01/Fake/4.wav,1,MEN,MEN-S4M01,TG:0ca6d8c18f157003,-25.65625,1,0.0174999999999999,7.2049706e-12
mendeley/extracted/Bangla Audio Dataset Original and DeepFake Voices for AI-Based Voice Analysis and Detection/Dataset/S4M01/Fake/5.wav,1,MEN,MEN-S4M01,TG:20ce12eea7577a2b,-19.289062,2,0.0,4.196301e-09
mendeley/extracted/Bangla Audio Dataset Original and DeepFake Voices for AI-Based Voice Analysis and Detection/Dataset/S4M01/Fake/6.wav,1,MEN,MEN-S4M01,TG:cb4be92369f4fdeb,-24.984375,1,0.1591666666666666,1.4106646e-11
mendeley/extracted/Bangla Audio Dataset Original and DeepFake Voices for AI-Based Voice Analysis and Detection/Dataset/S4M01/Fake/7.wav,1,MEN,MEN-S4M01,TG:fd0ac6bb3657230d,-9.4921875,1,0.2108333333333333,7.5433214e-05
mendeley/extracted/Bangla Audio Dataset Original and DeepFake Voices for AI-Based Voice Analysis and Detection/Dataset/S4M01/Fake/8.wav,1,MEN,MEN-S4M01,TG:1afa540d605472d1,-31.921875,1,0.0808333333333333,1.3693227e-14
mendeley/extracted/Bangla Audio Dataset Original and DeepFake Voices for AI-Based Voice Analysis and Detection/Dataset/S4M01/Fake/9.wav,1,MEN,MEN-S4M01,TG:e2452da62ea9a450,-25.71875,1,0.2208333333333333,6.7684434e-12
mendeley/extracted/Bangla Audio Dataset Original and DeepFake Voices for AI-Based Voice Analysis and Detection/Dataset/S4M01/Real/1.wav,0,MEN,MEN-S4M01,TG:b308cb94d5dfc4a0,-21.234375,1,0.5125,5.9982996e-10
mendeley/extracted/Bangla Audio Dataset Original and DeepFake Voices for AI-Based Voice Analysis and Detection/Dataset/S4M01/Real/10.wav,0,MEN,MEN-S4M01,TG:2020febfe4c8e0a6,-37.125,1,0.6375,7.530388e-17
mendeley/extracted/Bangla Audio Dataset Original and DeepFake Voices for AI-Based Voice Analysis and Detection/Dataset/S4M01/Real/11.wav,0,MEN,MEN-S4M01,TG:a8be821a302d38cd,-45.28125,1,0.3974999999999999,2.1607423e-20
mendeley/extracted/Bangla Audio Dataset Original and DeepFake Voices for AI-Based Voice Analysis and Detection/Dataset/S4M01/Real/12.wav,0,MEN,MEN-S4M01,TG:0ff6798b7b8f0a2b,-48.625,1,0.3725,7.628354e-22
mendeley/extracted/Bangla Audio Dataset Original and DeepFake Voices for AI-Based Voice Analysis and Detection/Dataset/S4M01/Real/13.wav,0,MEN,MEN-S4M01,TG:5d124e03b8cfc083,-35.9375,1,0.6825,2.4691193e-16
mendeley/extracted/Bangla Audio Dataset Original and DeepFake Voices for AI-Based Voice Analysis and Detection/Dataset/S4M01/Real/14.wav,0,MEN,MEN-S4M01,TG:f328dd5c0d5f4a2c,-32.71875,1,0.5325,6.172021e-15
mendeley/extracted/Bangla Audio Dataset Original and DeepFake Voices for AI-Based Voice Analysis and Detection/Dataset/S4M01/Real/15.wav,0,MEN,MEN-S4M01,TG:49d1daab6645e1e5,-38.8125,1,0.5808333333333333,1.3929817e-17
mendeley/extracted/Bangla Audio Dataset Original and DeepFake Voices for AI-Based Voice Analysis and Detection/Dataset/S4M01/Real/16.wav,0,MEN,MEN-S4M01,TG:ce2c79da90b91549,-32.78125,1,0.4375,5.7980777e-15
mendeley/extracted/Bangla Audio Dataset Original and DeepFake Voices for AI-Based Voice Analysis and Detection/Dataset/S4M01/Real/17.wav,0,MEN,MEN-S4M01,TG:32f1c06cf5c594b1,-41.625,1,0.6375,8.3655055e-19
mendeley/extracted/Bangla Audio Dataset Original and DeepFake Voices for AI-Based Voice Analysis and Detection/Dataset/S4M01/Real/18.wav,0,MEN,MEN-S4M01,TG:6b67e0c353d9fbd4,-27.609375,1,0.6191666666666666,1.0218821e-12
mendeley/extracted/Bangla Audio Dataset Original and DeepFake Voices for AI-Based Voice Analysis and Detection/Dataset/S4M01/Real/19.wav,0,MEN,MEN-S4M01,TG:f47297bbbcd1f91c,-26.734375,1,0.4875,2.4513679e-12
mendeley/extracted/Bangla Audio Dataset Original and DeepFake Voices for AI-Based Voice Analysis and Detection/Dataset/S4M01/Real/2.wav,0,MEN,MEN-S4M01,TG:c92a6147c79f3f53,-32.8125,1,0.4825,5.619689e-15
mendeley/extracted/Bangla Audio Dataset Original and DeepFake Voices for AI-Based Voice Analysis and Detection/Dataset/S4M01/Real/20.wav,0,MEN,MEN-S4M01,TG:47a50d8c770d6a39,-38.75,1,0.4675,1.4828213e-17
mendeley/extracted/Bangla Audio Dataset Original and DeepFake Voices for AI-Based Voice Analysis and Detection/Dataset/S4M01/Real/21.wav,0,MEN,MEN-S4M01,TG:893de1314b339a8c,-38.625,1,0.6591666666666667,1.6802568e-17
mendeley/extracted/Bangla Audio Dataset Original and DeepFake Voices for AI-Based Voice Analysis and Detection/Dataset/S4M01/Real/22.wav,0,MEN,MEN-S4M01,TG:864f70acdceec2a3,-38.15625,1,0.4508333333333333,2.6850428e-17
mendeley/extracted/Bangla Audio Dataset Original and DeepFake Voices for AI-Based Voice Analysis and Detection/Dataset/S4M01/Real/23.wav,0,MEN,MEN-S4M01,TG:31716f0cd84a61b8,-35.8125,1,0.5008333333333334,2.7978785e-16
mendeley/extracted/Bangla Audio Dataset Original and DeepFake Voices for AI-Based Voice Analysis and Detection/Dataset/S4M01/Real/24.wav,0,MEN,MEN-S4M01,TG:0c684130198edb2b,-31.328125,1,0.5675,2.4795233e-14
mendeley/extracted/Bangla Audio Dataset Original and DeepFake Voices for AI-Based Voice Analysis and Detection/Dataset/S4M01/Real/25.wav,0,MEN,MEN-S4M01,TG:e59cd170ce121cab,-34.90625,1,0.4908333333333333,6.924816e-16
mendeley/extracted/Bangla Audio Dataset Original and DeepFake Voices for AI-Based Voice Analysis and Detection/Dataset/S4M01/Real/26.wav,0,MEN,MEN-S4M01,TG:50530451ab5ea7d4,-27.921875,1,0.5275000000000001,7.476249e-13
mendeley/extracted/Bangla Audio Dataset Original and DeepFake Voices for AI-Based Voice Analysis and Detection/Dataset/S4M01/Real/27.wav,0,MEN,MEN-S4M01,TG:35816fd76b78f5ab,-43.59375,1,0.5841666666666667,1.1680863e-19
mendeley/extracted/Bangla Audio Dataset Original and DeepFake Voices for AI-Based Voice Analysis and Detection/Dataset/S4M01/Real/28.wav,0,MEN,MEN-S4M01,TG:83303193a7470159,-44.8125,1,0.4975,3.4528564e-20
mendeley/extracted/Bangla Audio Dataset Original and DeepFake Voices for AI-Based Voice Analysis and Detection/Dataset/S4M01/Real/29.wav,0,MEN,MEN-S4M01,TG:b6465a64cf8af192,-20.984375,1,0.6158333333333333,7.7019685e-10
mendeley/extracted/Bangla Audio Dataset Original and DeepFake Voices for AI-Based Voice Analysis and Detection/Dataset/S4M01/Real/3.wav,0,MEN,MEN-S4M01,TG:4ade37a77542fb47,-44.1875,1,0.4558333333333333,6.4507855e-20
mendeley/extracted/Bangla Audio Dataset Original and DeepFake Voices for AI-Based Voice Analysis and Detection/Dataset/S4M01/Real/30.wav,0,MEN,MEN-S4M01,TG:145a60ed6795d62b,-46.28125,1,0.5358333333333334,7.948927e-21
mendeley/extracted/Bangla Audio Dataset Original and DeepFake Voices for AI-Based Voice Analysis and Detection/Dataset/S4M01/Real/4.wav,0,MEN,MEN-S4M01,TG:0ca6d8c18f157003,-45.15625,1,0.4241666666666667,2.4484419e-20
mendeley/extracted/Bangla Audio Dataset Original and DeepFake Voices for AI-Based Voice Analysis and Detection/Dataset/S4M01/Real/5.wav,0,MEN,MEN-S4M01,TG:20ce12eea7577a2b,-43.21875,1,0.4608333333333333,1.6995557e-19
mendeley/extracted/Bangla Audio Dataset Original and DeepFake Voices for AI-Based Voice Analysis and Detection/Dataset/S4M01/Real/6.wav,0,MEN,MEN-S4M01,TG:cb4be92369f4fdeb,-38.65625,1,0.3591666666666666,1.6285606e-17
mendeley/extracted/Bangla Audio Dataset Original and DeepFake Voices for AI-Based Voice Analysis and Detection/Dataset/S4M01/Real/7.wav,0,MEN,MEN-S4M01,TG:fd0ac6bb3657230d,-38.125,1,0.5091666666666667,2.770275e-17
mendeley/extracted/Bangla Audio Dataset Original and DeepFake Voices for AI-Based Voice Analysis and Detection/Dataset/S4M01/Real/8.wav,0,MEN,MEN-S4M01,TG:1afa540d605472d1,-41.1875,1,0.5125,1.2956749e-18
mendeley/extracted/Bangla Audio Dataset Original and DeepFake Voices for AI-Based Voice Analysis and Detection/Dataset/S4M01/Real/9.wav,0,MEN,MEN-S4M01,TG:e2452da62ea9a450,-31.25,1,0.4858333333333333,2.6810038e-14
mendeley/extracted/Bangla Audio Dataset Original and DeepFake Voices for AI-Based Voice Analysis and Detection/Dataset/S5F01/Fake/1.wav,1,MEN,MEN-S5F01,TG:4947df796a9b11a7,4.5351562,1,0.2275,0.9893885
mendeley/extracted/Bangla Audio Dataset Original and DeepFake Voices for AI-Based Voice Analysis and Detection/Dataset/S5F01/Fake/10.wav,1,MEN,MEN-S5F01,TG:036cd5375cd345fc,4.0117188,1,0.3808333333333333,0.9822196
mendeley/extracted/Bangla Audio Dataset Original and DeepFake Voices for AI-Based Voice Analysis and Detection/Dataset/S5F01/Fake/11.wav,1,MEN,MEN-S5F01,TG:18828ca74cb29a2e,-9.125,1,0.2975,0.00010889691
mendeley/extracted/Bangla Audio Dataset Original and DeepFake Voices for AI-Based Voice Analysis and Detection/Dataset/S5F01/Fake/12.wav,1,MEN,MEN-S5F01,TG:61fa72b6eaa43ed3,12.484375,1,0.2141666666666666,0.9999962
mendeley/extracted/Bangla Audio Dataset Original and DeepFake Voices for AI-Based Voice Analysis and Detection/Dataset/S5F01/Fake/13.wav,1,MEN,MEN-S5F01,TG:52639be95d4890ca,14.8203125,1,0.4125,0.99999964
mendeley/extracted/Bangla Audio Dataset Original and DeepFake Voices for AI-Based Voice Analysis and Detection/Dataset/S5F01/Fake/14.wav,1,MEN,MEN-S5F01,TG:8f5971aea28f10b7,-16.859375,1,0.4308333333333333,4.765039e-08
mendeley/extracted/Bangla Audio Dataset Original and DeepFake Voices for AI-Based Voice Analysis and Detection/Dataset/S5F01/Fake/15.wav,1,MEN,MEN-S5F01,TG:9ee45c5ef51f9754,-12.203125,1,0.3408333333333333,5.014735e-06
mendeley/extracted/Bangla Audio Dataset Original and DeepFake Voices for AI-Based Voice Analysis and Detection/Dataset/S5F01/Fake/16.wav,1,MEN,MEN-S5F01,TG:26a0237539c16b7f,-3.9101562,1,0.2341666666666666,0.019643761
mendeley/extracted/Bangla Audio Dataset Original and DeepFake Voices for AI-Based Voice Analysis and Detection/Dataset/S5F01/Fake/17.wav,1,MEN,MEN-S5F01,TG:bcd6cfadd3d9fac9,7.453125,1,0.3125,0.99942076
mendeley/extracted/Bangla Audio Dataset Original and DeepFake Voices for AI-Based Voice Analysis and Detection/Dataset/S5F01/Fake/18.wav,1,MEN,MEN-S5F01,TG:1a16fd08ceff4f12,-14.515625,1,0.4875,4.9652823e-07
mendeley/extracted/Bangla Audio Dataset Original and DeepFake Voices for AI-Based Voice Analysis and Detection/Dataset/S5F01/Fake/19.wav,1,MEN,MEN-S5F01,TG:c6a569cb1c42dd72,4.359375,1,0.3891666666666666,0.987375
mendeley/extracted/Bangla Audio Dataset Original and DeepFake Voices for AI-Based Voice Analysis and Detection/Dataset/S5F01/Fake/2.wav,1,MEN,MEN-S5F01,TG:0248b16eb662828b,-14.6875,1,0.4024999999999999,4.181187e-07
mendeley/extracted/Bangla Audio Dataset Original and DeepFake Voices for AI-Based Voice Analysis and Detection/Dataset/S5F01/Fake/20.wav,1,MEN,MEN-S5F01,TG:f279b4c95db0b6cc,-8.4765625,1,0.0558333333333332,0.0002082501
mendeley/extracted/Bangla Audio Dataset Original and DeepFake Voices for AI-Based Voice Analysis and Detection/Dataset/S5F01/Fake/21.wav,1,MEN,MEN-S5F01,TG:96c0436f4a426d67,0.93310547,1,0.3658333333333333,0.7177049
mendeley/extracted/Bangla Audio Dataset Original and DeepFake Voices for AI-Based Voice Analysis and Detection/Dataset/S5F01/Fake/22.wav,1,MEN,MEN-S5F01,TG:22d08af6ef894e28,-12.046875,1,0.2258333333333333,5.862814e-06
mendeley/extracted/Bangla Audio Dataset Original and DeepFake Voices for AI-Based Voice Analysis and Detection/Dataset/S5F01/Fake/23.wav,1,MEN,MEN-S5F01,TG:bb2d38b4a96c681d,14.1875,1,0.2941666666666667,0.9999993
mendeley/extracted/Bangla Audio Dataset Original and DeepFake Voices for AI-Based Voice Analysis and Detection/Dataset/S5F01/Fake/24.wav,1,MEN,MEN-S5F01,TG:fe8586f872b894ef,0.09020996,1,0.5025,0.52253723
mendeley/extracted/Bangla Audio Dataset Original and DeepFake Voices for AI-Based Voice Analysis and Detection/Dataset/S5F01/Fake/25.wav,1,MEN,MEN-S5F01,TG:5dd170d234240c99,9.390625,1,0.4541666666666667,0.99991655
mendeley/extracted/Bangla Audio Dataset Original and DeepFake Voices for AI-Based Voice Analysis and Detection/Dataset/S5F01/Fake/26.wav,1,MEN,MEN-S5F01,TG:2f3da6ae155e03e8,-4.6679688,1,0.1225,0.00930395
mendeley/extracted/Bangla Audio Dataset Original and DeepFake Voices for AI-Based Voice Analysis and Detection/Dataset/S5F01/Fake/27.wav,1,MEN,MEN-S5F01,TG:63c78e03d9938d12,-8.7578125,1,0.3991666666666666,0.00015720345
mendeley/extracted/Bangla Audio Dataset Original and DeepFake Voices for AI-Based Voice Analysis and Detection/Dataset/S5F01/Fake/28.wav,1,MEN,MEN-S5F01,TG:152e03b810936dfc,-11.984375,1,0.3525,6.2409304e-06
mendeley/extracted/Bangla Audio Dataset Original and DeepFake Voices for AI-Based Voice Analysis and Detection/Dataset/S5F01/Fake/29.wav,1,MEN,MEN-S5F01,TG:d4b270a54076f01c,1.7099609,1,0.3175,0.8468312
mendeley/extracted/Bangla Audio Dataset Original and DeepFake Voices for AI-Based Voice Analysis and Detection/Dataset/S5F01/Fake/3.wav,1,MEN,MEN-S5F01,TG:d71a97a6a92d9631,16.46875,1,0.5091666666666667,0.9999999
mendeley/extracted/Bangla Audio Dataset Original and DeepFake Voices for AI-Based Voice Analysis and Detection/Dataset/S5F01/Fake/30.wav,1,MEN,MEN-S5F01,TG:4d146ddad8824512,7.5546875,1,0.5341666666666667,0.9994766
mendeley/extracted/Bangla Audio Dataset Original and DeepFake Voices for AI-Based Voice Analysis and Detection/Dataset/S5F01/Fake/4.wav,1,MEN,MEN-S5F01,TG:d0f5a20088e8ff8d,-3.5234375,1,0.3708333333333333,0.028652668
mendeley/extracted/Bangla Audio Dataset Original and DeepFake Voices for AI-Based Voice Analysis and Detection/Dataset/S5F01/Fake/5.wav,1,MEN,MEN-S5F01,TG:c6a1ce68ac716363,-18.28125,1,0.3491666666666666,1.1496192e-08
mendeley/extracted/Bangla Audio Dataset Original and DeepFake Voices for AI-Based Voice Analysis and Detection/Dataset/S5F01/Fake/6.wav,1,MEN,MEN-S5F01,TG:5755dcb7f67d4970,-1.1123047,1,0.4358333333333333,0.24744146
mendeley/extracted/Bangla Audio Dataset Original and DeepFake Voices for AI-Based Voice Analysis and Detection/Dataset/S5F01/Fake/7.wav,1,MEN,MEN-S5F01,TG:5f5a81604cedcad9,-5.375,1,0.3391666666666666,0.0046095722
mendeley/extracted/Bangla Audio Dataset Original and DeepFake Voices for AI-Based Voice Analysis and Detection/Dataset/S5F01/Fake/8.wav,1,MEN,MEN-S5F01,TG:24597b348972aafa,10.4765625,1,0.0658333333333333,0.99997187
mendeley/extracted/Bangla Audio Dataset Original and DeepFake Voices for AI-Based Voice Analysis and Detection/Dataset/S5F01/Fake/9.wav,1,MEN,MEN-S5F01,TG:f35afca6bb05cddb,9.6328125,1,0.4091666666666667,0.99993443
mendeley/extracted/Bangla Audio Dataset Original and DeepFake Voices for AI-Based Voice Analysis and Detection/Dataset/S5F01/Real/1.wav,0,MEN,MEN-S5F01,TG:4947df796a9b11a7,-14.171875,1,0.3924999999999999,7.0021684e-07
mendeley/extracted/Bangla Audio Dataset Original and DeepFake Voices for AI-Based Voice Analysis and Detection/Dataset/S5F01/Real/10.wav,0,MEN,MEN-S5F01,TG:036cd5375cd345fc,-18.515625,1,0.4991666666666666,9.0942365e-09
mendeley/extracted/Bangla Audio Dataset Original and DeepFake Voices for AI-Based Voice Analysis and Detection/Dataset/S5F01/Real/11.wav,0,MEN,MEN-S5F01,TG:18828ca74cb29a2e,-5.3046875,1,0.3458333333333333,0.0049436893
mendeley/extracted/Bangla Audio Dataset Original and DeepFake Voices for AI-Based Voice Analysis and Detection/Dataset/S5F01/Real/12.wav,0,MEN,MEN-S5F01,TG:61fa72b6eaa43ed3,-11.328125,1,0.3625,1.2029639e-05
mendeley/extracted/Bangla Audio Dataset Original and DeepFake Voices for AI-Based Voice Analysis and Detection/Dataset/S5F01/Real/13.wav,0,MEN,MEN-S5F01,TG:52639be95d4890ca,-18.1875,1,0.5358333333333334,1.2626097e-08
mendeley/extracted/Bangla Audio Dataset Original and DeepFake Voices for AI-Based Voice Analysis and Detection/Dataset/S5F01/Real/14.wav,0,MEN,MEN-S5F01,TG:8f5971aea28f10b7,-28.390625,1,0.6525000000000001,4.678517e-13
mendeley/extracted/Bangla Audio Dataset Original and DeepFake Voices for AI-Based Voice Analysis and Detection/Dataset/S5F01/Real/15.wav,0,MEN,MEN-S5F01,TG:9ee45c5ef51f9754,-8.375,1,0.3458333333333333,0.0002305067
mendeley/extracted/Bangla Audio Dataset Original and DeepFake Voices for AI-Based Voice Analysis and Detection/Dataset/S5F01/Real/16.wav,0,MEN,MEN-S5F01,TG:26a0237539c16b7f,-15.0234375,1,0.4225,2.98816e-07
mendeley/extracted/Bangla Audio Dataset Original and DeepFake Voices for AI-Based Voice Analysis and Detection/Dataset/S5F01/Real/17.wav,0,MEN,MEN-S5F01,TG:bcd6cfadd3d9fac9,-19.84375,1,0.3641666666666666,2.4097329e-09
mendeley/extracted/Bangla Audio Dataset Original and DeepFake Voices for AI-Based Voice Analysis and Detection/Dataset/S5F01/Real/18.wav,0,MEN,MEN-S5F01,TG:1a16fd08ceff4f12,-13.25,1,0.4725,1.7603434e-06
mendeley/extracted/Bangla Audio Dataset Original and DeepFake Voices for AI-Based Voice Analysis and Detection/Dataset/S5F01/Real/19.wav,0,MEN,MEN-S5F01,TG:c6a569cb1c42dd72,-14.34375,1,0.3325,5.8964184e-07
mendeley/extracted/Bangla Audio Dataset Original and DeepFake Voices for AI-Based Voice Analysis and Detection/Dataset/S5F01/Real/2.wav,0,MEN,MEN-S5F01,TG:0248b16eb662828b,-14.1484375,1,0.5358333333333334,7.1682206e-07
mendeley/extracted/Bangla Audio Dataset Original and DeepFake Voices for AI-Based Voice Analysis and Detection/Dataset/S5F01/Real/20.wav,0,MEN,MEN-S5F01,TG:f279b4c95db0b6cc,-28.96875,1,0.3091666666666667,2.6244103e-13
mendeley/extracted/Bangla Audio Dataset Original and DeepFake Voices for AI-Based Voice Analysis and Detection/Dataset/S5F01/Real/21.wav,0,MEN,MEN-S5F01,TG:96c0436f4a426d67,-7.8398438,1,0.3191666666666667,0.0003935756
mendeley/extracted/Bangla Audio Dataset Original and DeepFake Voices for AI-Based Voice Analysis and Detection/Dataset/S5F01/Real/22.wav,0,MEN,MEN-S5F01,TG:22d08af6ef894e28,-17.890625,1,0.3491666666666666,1.699027e-08
mendeley/extracted/Bangla Audio Dataset Original and DeepFake Voices for AI-Based Voice Analysis and Detection/Dataset/S5F01/Real/23.wav,0,MEN,MEN-S5F01,TG:bb2d38b4a96c681d,-23.28125,1,0.4908333333333333,7.746074e-11
mendeley/extracted/Bangla Audio Dataset Original and DeepFake Voices for AI-Based Voice Analysis and Detection/Dataset/S5F01/Real/24.wav,0,MEN,MEN-S5F01,TG:fe8586f872b894ef,-28.25,1,0.5158333333333334,5.38494e-13
mendeley/extracted/Bangla Audio Dataset Original and DeepFake Voices for AI-Based Voice Analysis and Detection/Dataset/S5F01/Real/25.wav,0,MEN,MEN-S5F01,TG:5dd170d234240c99,-23.46875,1,0.5225,6.42172e-11
mendeley/extracted/Bangla Audio Dataset Original and DeepFake Voices for AI-Based Voice Analysis and Detection/Dataset/S5F01/Real/26.wav,0,MEN,MEN-S5F01,TG:2f3da6ae155e03e8,-19.765625,1,0.5008333333333334,2.6055422e-09
mendeley/extracted/Bangla Audio Dataset Original and DeepFake Voices for AI-Based Voice Analysis and Detection/Dataset/S5F01/Real/27.wav,0,MEN,MEN-S5F01,TG:63c78e03d9938d12,-28.5625,1,0.5258333333333334,3.9397066e-13
mendeley/extracted/Bangla Audio Dataset Original and DeepFake Voices for AI-Based Voice Analysis and Detection/Dataset/S5F01/Real/28.wav,0,MEN,MEN-S5F01,TG:152e03b810936dfc,-32.65625,1,0.5691666666666666,6.5700826e-15
mendeley/extracted/Bangla Audio Dataset Original and DeepFake Voices for AI-Based Voice Analysis and Detection/Dataset/S5F01/Real/29.wav,0,MEN,MEN-S5F01,TG:d4b270a54076f01c,-17.8125,1,0.3991666666666666,1.8370862e-08
mendeley/extracted/Bangla Audio Dataset Original and DeepFake Voices for AI-Based Voice Analysis and Detection/Dataset/S5F01/Real/3.wav,0,MEN,MEN-S5F01,TG:d71a97a6a92d9631,-16.984375,1,0.5708333333333333,4.2051322e-08
mendeley/extracted/Bangla Audio Dataset Original and DeepFake Voices for AI-Based Voice Analysis and Detection/Dataset/S5F01/Real/30.wav,0,MEN,MEN-S5F01,TG:4d146ddad8824512,-23.65625,1,0.6825,5.3237928e-11
mendeley/extracted/Bangla Audio Dataset Original and DeepFake Voices for AI-Based Voice Analysis and Detection/Dataset/S5F01/Real/4.wav,0,MEN,MEN-S5F01,TG:d0f5a20088e8ff8d,-34.25,1,0.6025,1.3347932e-15
mendeley/extracted/Bangla Audio Dataset Original and DeepFake Voices for AI-Based Voice Analysis and Detection/Dataset/S5F01/Real/5.wav,0,MEN,MEN-S5F01,TG:c6a1ce68ac716363,-6.9335938,1,0.4658333333333333,0.0009735438
mendeley/extracted/Bangla Audio Dataset Original and DeepFake Voices for AI-Based Voice Analysis and Detection/Dataset/S5F01/Real/6.wav,0,MEN,MEN-S5F01,TG:5755dcb7f67d4970,-17.296875,1,0.5658333333333334,3.0765406e-08
mendeley/extracted/Bangla Audio Dataset Original and DeepFake Voices for AI-Based Voice Analysis and Detection/Dataset/S5F01/Real/7.wav,0,MEN,MEN-S5F01,TG:5f5a81604cedcad9,-7.1210938,1,0.3408333333333333,0.0008072305
mendeley/extracted/Bangla Audio Dataset Original and DeepFake Voices for AI-Based Voice Analysis and Detection/Dataset/S5F01/Real/8.wav,0,MEN,MEN-S5F01,TG:24597b348972aafa,-16.796875,1,0.3491666666666666,5.072357e-08
mendeley/extracted/Bangla Audio Dataset Original and DeepFake Voices for AI-Based Voice Analysis and Detection/Dataset/S5F01/Real/9.wav,0,MEN,MEN-S5F01,TG:f35afca6bb05cddb,14.8125,1,0.3058333333333333,0.99999964
mendeley/extracted/Bangla Audio Dataset Original and DeepFake Voices for AI-Based Voice Analysis and Detection/Dataset/S5F03/Fake/1.wav,1,MEN,MEN-S5F03,TG:4947df796a9b11a7,-18.9375,1,0.2408333333333333,5.964146e-09
mendeley/extracted/Bangla Audio Dataset Original and DeepFake Voices for AI-Based Voice Analysis and Detection/Dataset/S5F03/Fake/10.wav,1,MEN,MEN-S5F03,TG:036cd5375cd345fc,-20.9375,1,0.4591666666666666,8.071594e-10
mendeley/extracted/Bangla Audio Dataset Original and DeepFake Voices for AI-Based Voice Analysis and Detection/Dataset/S5F03/Fake/11.wav,1,MEN,MEN-S5F03,TG:18828ca74cb29a2e,7.515625,1,0.3708333333333333,0.99945575
mendeley/extracted/Bangla Audio Dataset Original and DeepFake Voices for AI-Based Voice Analysis and Detection/Dataset/S5F03/Fake/12.wav,1,MEN,MEN-S5F03,TG:61fa72b6eaa43ed3,6.234375,1,0.1558333333333333,0.99804294
mendeley/extracted/Bangla Audio Dataset Original and DeepFake Voices for AI-Based Voice Analysis and Detection/Dataset/S5F03/Fake/13.wav,1,MEN,MEN-S5F03,TG:52639be95d4890ca,10.125,1,0.4508333333333333,0.99995995
mendeley/extracted/Bangla Audio Dataset Original and DeepFake Voices for AI-Based Voice Analysis and Detection/Dataset/S5F03/Fake/14.wav,1,MEN,MEN-S5F03,TG:8f5971aea28f10b7,1.0380859,1,0.4275,0.73848057
mendeley/extracted/Bangla Audio Dataset Original and DeepFake Voices for AI-Based Voice Analysis and Detection/Dataset/S5F03/Fake/15.wav,1,MEN,MEN-S5F03,TG:9ee45c5ef51f9754,-20.0625,1,0.4125,1.9362747e-09
mendeley/extracted/Bangla Audio Dataset Original and DeepFake Voices for AI-Based Voice Analysis and Detection/Dataset/S5F03/Fake/16.wav,1,MEN,MEN-S5F03,TG:26a0237539c16b7f,13.234375,1,0.3108333333333333,0.9999982
mendeley/extracted/Bangla Audio Dataset Original and DeepFake Voices for AI-Based Voice Analysis and Detection/Dataset/S5F03/Fake/17.wav,1,MEN,MEN-S5F03,TG:bcd6cfadd3d9fac9,-18.859375,1,0.2791666666666667,6.4487793e-09
mendeley/extracted/Bangla Audio Dataset Original and DeepFake Voices for AI-Based Voice Analysis and Detection/Dataset/S5F03/Fake/18.wav,1,MEN,MEN-S5F03,TG:1a16fd08ceff4f12,-0.55078125,1,0.4591666666666666,0.36568317
mendeley/extracted/Bangla Audio Dataset Original and DeepFake Voices for AI-Based Voice Analysis and Detection/Dataset/S5F03/Fake/19.wav,1,MEN,MEN-S5F03,TG:c6a569cb1c42dd72,-6.2460938,1,0.3508333333333333,0.0019342611
mendeley/extracted/Bangla Audio Dataset Original and DeepFake Voices for AI-Based Voice Analysis and Detection/Dataset/S5F03/Fake/2.wav,1,MEN,MEN-S5F03,TG:0248b16eb662828b,7.0390625,1,0.3341666666666666,0.9991239
mendeley/extracted/Bangla Audio Dataset Original and DeepFake Voices for AI-Based Voice Analysis and Detection/Dataset/S5F03/Fake/20.wav,1,MEN,MEN-S5F03,TG:f279b4c95db0b6cc,-15.40625,1,0.0841666666666666,2.0377483e-07
mendeley/extracted/Bangla Audio Dataset Original and DeepFake Voices for AI-Based Voice Analysis and Detection/Dataset/S5F03/Fake/21.wav,1,MEN,MEN-S5F03,TG:96c0436f4a426d67,5.890625,1,0.4658333333333333,0.99724233
mendeley/extracted/Bangla Audio Dataset Original and DeepFake Voices for AI-Based Voice Analysis and Detection/Dataset/S5F03/Fake/22.wav,1,MEN,MEN-S5F03,TG:22d08af6ef894e28,-4.6757812,1,0.2441666666666666,0.009232214
mendeley/extracted/Bangla Audio Dataset Original and DeepFake Voices for AI-Based Voice Analysis and Detection/Dataset/S5F03/Fake/23.wav,1,MEN,MEN-S5F03,TG:bb2d38b4a96c681d,-15.3359375,1,0.3291666666666667,2.186185e-07
mendeley/extracted/Bangla Audio Dataset Original and DeepFake Voices for AI-Based Voice Analysis and Detection/Dataset/S5F03/Fake/24.wav,1,MEN,MEN-S5F03,TG:fe8586f872b894ef,-1.1865234,1,0.3641666666666666,0.23388131
mendeley/extracted/Bangla Audio Dataset Original and DeepFake Voices for AI-Based Voice Analysis and Detection/Dataset/S5F03/Fake/25.wav,1,MEN,MEN-S5F03,TG:5dd170d234240c99,11.140625,1,0.4708333333333333,0.99998546
mendeley/extracted/Bangla Audio Dataset Original and DeepFake Voices for AI-Based Voice Analysis and Detection/Dataset/S5F03/Fake/26.wav,1,MEN,MEN-S5F03,TG:2f3da6ae155e03e8,0.86816406,1,0.1524999999999999,0.7043636
mendeley/extracted/Bangla Audio Dataset Original and DeepFake Voices for AI-Based Voice Analysis and Detection/Dataset/S5F03/Fake/27.wav,1,MEN,MEN-S5F03,TG:63c78e03d9938d12,-4.734375,1,0.3658333333333333,0.008711385
mendeley/extracted/Bangla Audio Dataset Original and DeepFake Voices for AI-Based Voice Analysis and Detection/Dataset/S5F03/Fake/28.wav,1,MEN,MEN-S5F03,TG:152e03b810936dfc,-15.3828125,1,0.4041666666666667,2.0860722e-07
mendeley/extracted/Bangla Audio Dataset Original and DeepFake Voices for AI-Based Voice Analysis and Detection/Dataset/S5F03/Fake/29.wav,1,MEN,MEN-S5F03,TG:d4b270a54076f01c,6.8242188,1,0.1541666666666666,0.9989141
mendeley/extracted/Bangla Audio Dataset Original and DeepFake Voices for AI-Based Voice Analysis and Detection/Dataset/S5F03/Fake/3.wav,1,MEN,MEN-S5F03,TG:d71a97a6a92d9631,13.125,1,0.4491666666666667,0.999998
mendeley/extracted/Bangla Audio Dataset Original and DeepFake Voices for AI-Based Voice Analysis and Detection/Dataset/S5F03/Fake/30.wav,1,MEN,MEN-S5F03,TG:4d146ddad8824512,-0.41186523,1,0.5558333333333334,0.39846498
mendeley/extracted/Bangla Audio Dataset Original and DeepFake Voices for AI-Based Voice Analysis and Detection/Dataset/S5F03/Fake/4.wav,1,MEN,MEN-S5F03,TG:d0f5a20088e8ff8d,-16.390625,1,0.4441666666666667,7.6145106e-08
mendeley/extracted/Bangla Audio Dataset Original and DeepFake Voices for AI-Based Voice Analysis and Detection/Dataset/S5F03/Fake/5.wav,1,MEN,MEN-S5F03,TG:c6a1ce68ac716363,12.828125,1,0.3741666666666666,0.99999726
mendeley/extracted/Bangla Audio Dataset Original and DeepFake Voices for AI-Based Voice Analysis and Detection/Dataset/S5F03/Fake/6.wav,1,MEN,MEN-S5F03,TG:5755dcb7f67d4970,-4.7539062,1,0.3958333333333333,0.0085443305
mendeley/extracted/Bangla Audio Dataset Original and DeepFake Voices for AI-Based Voice Analysis and Detection/Dataset/S5F03/Fake/7.wav,1,MEN,MEN-S5F03,TG:5f5a81604cedcad9,21.34375,1,0.3558333333333333,1.0
mendeley/extracted/Bangla Audio Dataset Original and DeepFake Voices for AI-Based Voice Analysis and Detection/Dataset/S5F03/Fake/8.wav,1,MEN,MEN-S5F03,TG:24597b348972aafa,5.1601562,1,0.2008333333333333,0.994292
mendeley/extracted/Bangla Audio Dataset Original and DeepFake Voices for AI-Based Voice Analysis and Detection/Dataset/S5F03/Fake/9.wav,1,MEN,MEN-S5F03,TG:f35afca6bb05cddb,11.359375,1,0.3841666666666666,0.9999883
mendeley/extracted/Bangla Audio Dataset Original and DeepFake Voices for AI-Based Voice Analysis and Detection/Dataset/S5F03/Real/1.wav,0,MEN,MEN-S5F03,TG:4947df796a9b11a7,-26.625,1,0.4008333333333334,2.7346985e-12
mendeley/extracted/Bangla Audio Dataset Original and DeepFake Voices for AI-Based Voice Analysis and Detection/Dataset/S5F03/Real/10.wav,0,MEN,MEN-S5F03,TG:036cd5375cd345fc,-6.140625,1,0.5175000000000001,0.0021489493
mendeley/extracted/Bangla Audio Dataset Original and DeepFake Voices for AI-Based Voice Analysis and Detection/Dataset/S5F03/Real/11.wav,0,MEN,MEN-S5F03,TG:18828ca74cb29a2e,-20.078125,1,0.4341666666666667,1.9062556e-09
mendeley/extracted/Bangla Audio Dataset Original and DeepFake Voices for AI-Based Voice Analysis and Detection/Dataset/S5F03/Real/12.wav,0,MEN,MEN-S5F03,TG:61fa72b6eaa43ed3,-8.6015625,1,0.4341666666666667,0.00018378458
mendeley/extracted/Bangla Audio Dataset Original and DeepFake Voices for AI-Based Voice Analysis and Detection/Dataset/S5F03/Real/13.wav,0,MEN,MEN-S5F03,TG:52639be95d4890ca,-7.6015625,1,0.5341666666666667,0.0004994205
mendeley/extracted/Bangla Audio Dataset Original and DeepFake Voices for AI-Based Voice Analysis and Detection/Dataset/S5F03/Real/14.wav,0,MEN,MEN-S5F03,TG:8f5971aea28f10b7,5.3984375,1,0.5508333333333333,0.99549675
mendeley/extracted/Bangla Audio Dataset Original and DeepFake Voices for AI-Based Voice Analysis and Detection/Dataset/S5F03/Real/15.wav,0,MEN,MEN-S5F03,TG:9ee45c5ef51f9754,-13.5390625,1,0.4841666666666666,1.3184367e-06
mendeley/extracted/Bangla Audio Dataset Original and DeepFake Voices for AI-Based Voice Analysis and Detection/Dataset/S5F03/Real/16.wav,0,MEN,MEN-S5F03,TG:26a0237539c16b7f,-17.984375,1,0.4008333333333334,1.5469816e-08
mendeley/extracted/Bangla Audio Dataset Original and DeepFake Voices for AI-Based Voice Analysis and Detection/Dataset/S5F03/Real/17.wav,0,MEN,MEN-S5F03,TG:bcd6cfadd3d9fac9,-14.859375,1,0.4341666666666667,3.520913e-07
mendeley/extracted/Bangla Audio Dataset Original and DeepFake Voices for AI-Based Voice Analysis and Detection/Dataset/S5F03/Real/18.wav,0,MEN,MEN-S5F03,TG:1a16fd08ceff4f12,-16.546875,1,0.5675,6.5130365e-08
mendeley/extracted/Bangla Audio Dataset Original and DeepFake Voices for AI-Based Voice Analysis and Detection/Dataset/S5F03/Real/19.wav,0,MEN,MEN-S5F03,TG:c6a569cb1c42dd72,-13.4375,1,0.3508333333333333,1.4593761e-06
mendeley/extracted/Bangla Audio Dataset Original and DeepFake Voices for AI-Based Voice Analysis and Detection/Dataset/S5F03/Real/2.wav,0,MEN,MEN-S5F03,TG:0248b16eb662828b,-8.5625,1,0.3508333333333333,0.00019110431
mendeley/extracted/Bangla Audio Dataset Original and DeepFake Voices for AI-Based Voice Analysis and Detection/Dataset/S5F03/Real/20.wav,0,MEN,MEN-S5F03,TG:f279b4c95db0b6cc,-17.34375,1,0.3675,2.9356556e-08
mendeley/extracted/Bangla Audio Dataset Original and DeepFake Voices for AI-Based Voice Analysis and Detection/Dataset/S5F03/Real/21.wav,0,MEN,MEN-S5F03,TG:96c0436f4a426d67,-10.953125,1,0.3675,1.7502925e-05
mendeley/extracted/Bangla Audio Dataset Original and DeepFake Voices for AI-Based Voice Analysis and Detection/Dataset/S5F03/Real/22.wav,0,MEN,MEN-S5F03,TG:22d08af6ef894e28,-12.359375,1,0.4841666666666666,4.289333e-06
mendeley/extracted/Bangla Audio Dataset Original and DeepFake Voices for AI-Based Voice Analysis and Detection/Dataset/S5F03/Real/23.wav,0,MEN,MEN-S5F03,TG:bb2d38b4a96c681d,-12.6875,1,0.3508333333333333,3.0894944e-06
mendeley/extracted/Bangla Audio Dataset Original and DeepFake Voices for AI-Based Voice Analysis and Detection/Dataset/S5F03/Real/24.wav,0,MEN,MEN-S5F03,TG:fe8586f872b894ef,-6.4609375,1,0.3508333333333333,0.0015608893
mendeley/extracted/Bangla Audio Dataset Original and DeepFake Voices for AI-Based Voice Analysis and Detection/Dataset/S5F03/Real/25.wav,0,MEN,MEN-S5F03,TG:5dd170d234240c99,4.4960938,1,0.4675,0.9889705
mendeley/extracted/Bangla Audio Dataset Original and DeepFake Voices for AI-Based Voice Analysis and Detection/Dataset/S5F03/Real/26.wav,0,MEN,MEN-S5F03,TG:2f3da6ae155e03e8,-4.0703125,1,0.4341666666666667,0.01678549
mendeley/extracted/Bangla Audio Dataset Original and DeepFake Voices for AI-Based Voice Analysis and Detection/Dataset/S5F03/Real/27.wav,0,MEN,MEN-S5F03,TG:63c78e03d9938d12,-13.28125,1,0.4841666666666666,1.7061831e-06
mendeley/extracted/Bangla Audio Dataset Original and DeepFake Voices for AI-Based Voice Analysis and Detection/Dataset/S5F03/Real/28.wav,0,MEN,MEN-S5F03,TG:152e03b810936dfc,-11.3671875,1,0.5508333333333333,1.1568795e-05
mendeley/extracted/Bangla Audio Dataset Original and DeepFake Voices for AI-Based Voice Analysis and Detection/Dataset/S5F03/Real/29.wav,0,MEN,MEN-S5F03,TG:d4b270a54076f01c,-9.765625,1,0.4508333333333333,5.7387595e-05
mendeley/extracted/Bangla Audio Dataset Original and DeepFake Voices for AI-Based Voice Analysis and Detection/Dataset/S5F03/Real/3.wav,0,MEN,MEN-S5F03,TG:d71a97a6a92d9631,-7.265625,1,0.4675,0.00069867563
mendeley/extracted/Bangla Audio Dataset Original and DeepFake Voices for AI-Based Voice Analysis and Detection/Dataset/S5F03/Real/30.wav,0,MEN,MEN-S5F03,TG:4d146ddad8824512,-17.734375,1,0.5175000000000001,1.9863638e-08
mendeley/extracted/Bangla Audio Dataset Original and DeepFake Voices for AI-Based Voice Analysis and Detection/Dataset/S5F03/Real/4.wav,0,MEN,MEN-S5F03,TG:d0f5a20088e8ff8d,-6.4335938,1,0.4508333333333333,0.0016040893
mendeley/extracted/Bangla Audio Dataset Original and DeepFake Voices for AI-Based Voice Analysis and Detection/Dataset/S5F03/Real/5.wav,0,MEN,MEN-S5F03,TG:c6a1ce68ac716363,-6.3476562,1,0.3675,0.0017477858
mendeley/extracted/Bangla Audio Dataset Original and DeepFake Voices for AI-Based Voice Analysis and Detection/Dataset/S5F03/Real/6.wav,0,MEN,MEN-S5F03,TG:5755dcb7f67d4970,-6.9804688,1,0.4341666666666667,0.00092900335
mendeley/extracted/Bangla Audio Dataset Original and DeepFake Voices for AI-Based Voice Analysis and Detection/Dataset/S5F03/Real/7.wav,0,MEN,MEN-S5F03,TG:5f5a81604cedcad9,-8.0546875,1,0.4008333333333334,0.0003175088
mendeley/extracted/Bangla Audio Dataset Original and DeepFake Voices for AI-Based Voice Analysis and Detection/Dataset/S5F03/Real/8.wav,0,MEN,MEN-S5F03,TG:24597b348972aafa,-1.2529297,1,0.3508333333333333,0.2221934
mendeley/extracted/Bangla Audio Dataset Original and DeepFake Voices for AI-Based Voice Analysis and Detection/Dataset/S5F03/Real/9.wav,0,MEN,MEN-S5F03,TG:f35afca6bb05cddb,0.6459961,1,0.3675,0.65610766
mendeley/extracted/Bangla Audio Dataset Original and DeepFake Voices for AI-Based Voice Analysis and Detection/Dataset/S5F05/Fake/1.wav,1,MEN,MEN-S5F05,TG:4947df796a9b11a7,-4.7851562,1,0.2091666666666666,0.008283627
mendeley/extracted/Bangla Audio Dataset Original and DeepFake Voices for AI-Based Voice Analysis and Detection/Dataset/S5F05/Fake/10.wav,1,MEN,MEN-S5F05,TG:036cd5375cd345fc,-27.109375,1,0.3941666666666666,1.6847987e-12
mendeley/extracted/Bangla Audio Dataset Original and DeepFake Voices for AI-Based Voice Analysis and Detection/Dataset/S5F05/Fake/11.wav,1,MEN,MEN-S5F05,TG:18828ca74cb29a2e,-13.9609375,1,0.3125,8.646522e-07
mendeley/extracted/Bangla Audio Dataset Original and DeepFake Voices for AI-Based Voice Analysis and Detection/Dataset/S5F05/Fake/12.wav,1,MEN,MEN-S5F05,TG:61fa72b6eaa43ed3,-4.390625,1,0.2108333333333333,0.012241275
mendeley/extracted/Bangla Audio Dataset Original and DeepFake Voices for AI-Based Voice Analysis and Detection/Dataset/S5F05/Fake/13.wav,1,MEN,MEN-S5F05,TG:52639be95d4890ca,9.578125,1,0.4375,0.99993074
mendeley/extracted/Bangla Audio Dataset Original and DeepFake Voices for AI-Based Voice Analysis and Detection/Dataset/S5F05/Fake/14.wav,1,MEN,MEN-S5F05,TG:8f5971aea28f10b7,-4.8867188,1,0.4108333333333334,0.007489626
mendeley/extracted/Bangla Audio Dataset Original and DeepFake Voices for AI-Based Voice Analysis and Detection/Dataset/S5F05/Fake/15.wav,1,MEN,MEN-S5F05,TG:9ee45c5ef51f9754,-12.4921875,1,0.3941666666666666,3.7558677e-06
mendeley/extracted/Bangla Audio Dataset Original and DeepFake Voices for AI-Based Voice Analysis and Detection/Dataset/S5F05/Fake/16.wav,1,MEN,MEN-S5F05,TG:26a0237539c16b7f,2.0449219,1,0.2475,0.88543355
mendeley/extracted/Bangla Audio Dataset Original and DeepFake Voices for AI-Based Voice Analysis and Detection/Dataset/S5F05/Fake/17.wav,1,MEN,MEN-S5F05,TG:bcd6cfadd3d9fac9,-2.5644531,1,0.2308333333333333,0.0714615
mendeley/extracted/Bangla Audio Dataset Original and DeepFake Voices for AI-Based Voice Analysis and Detection/Dataset/S5F05/Fake/18.wav,1,MEN,MEN-S5F05,TG:1a16fd08ceff4f12,0.28320312,1,0.4875,0.57033134
mendeley/extracted/Bangla Audio Dataset Original and DeepFake Voices for AI-Based Voice Analysis and Detection/Dataset/S5F05/Fake/19.wav,1,MEN,MEN-S5F05,TG:c6a569cb1c42dd72,-4.359375,1,0.3858333333333333,0.012624949
mendeley/extracted/Bangla Audio Dataset Original and DeepFake Voices for AI-Based Voice Analysis and Detection/Dataset/S5F05/Fake/2.wav,1,MEN,MEN-S5F05,TG:0248b16eb662828b,-13.171875,1,0.3774999999999999,1.9033845e-06
mendeley/extracted/Bangla Audio Dataset Original and DeepFake Voices for AI-Based Voice Analysis and Detection/Dataset/S5F05/Fake/20.wav,1,MEN,MEN-S5F05,TG:f279b4c95db0b6cc,-24.046875,1,0.1808333333333333,3.6022584e-11
mendeley/extracted/Bangla Audio Dataset Original and DeepFake Voices for AI-Based Voice Analysis and Detection/Dataset/S5F05/Fake/21.wav,1,MEN,MEN-S5F05,TG:96c0436f4a426d67,4.3203125,1,0.3991666666666666,0.9868787
mendeley/extracted/Bangla Audio Dataset Original and DeepFake Voices for AI-Based Voice Analysis and Detection/Dataset/S5F05/Fake/22.wav,1,MEN,MEN-S5F05,TG:22d08af6ef894e28,-13.5,1,0.2125,1.3709571e-06
mendeley/extracted/Bangla Audio Dataset Original and DeepFake Voices for AI-Based Voice Analysis and Detection/Dataset/S5F05/Fake/23.wav,1,MEN,MEN-S5F05,TG:bb2d38b4a96c681d,-13.15625,1,0.3341666666666666,1.9333586e-06
mendeley/extracted/Bangla Audio Dataset Original and DeepFake Voices for AI-Based Voice Analysis and Detection/Dataset/S5F05/Fake/24.wav,1,MEN,MEN-S5F05,TG:fe8586f872b894ef,-14.1328125,1,0.3341666666666666,7.281103e-07
mendeley/extracted/Bangla Audio Dataset Original and DeepFake Voices for AI-Based Voice Analysis and Detection/Dataset/S5F05/Fake/25.wav,1,MEN,MEN-S5F05,TG:5dd170d234240c99,-8.2421875,1,0.3841666666666666,0.00026323833
mendeley/extracted/Bangla Audio Dataset Original and DeepFake Voices for AI-Based Voice Analysis and Detection/Dataset/S5F05/Fake/26.wav,1,MEN,MEN-S5F05,TG:2f3da6ae155e03e8,4.7929688,1,0.1274999999999999,0.99178034
mendeley/extracted/Bangla Audio Dataset Original and DeepFake Voices for AI-Based Voice Analysis and Detection/Dataset/S5F05/Fake/27.wav,1,MEN,MEN-S5F05,TG:63c78e03d9938d12,-21.21875,1,0.2875,6.092759e-10
mendeley/extracted/Bangla Audio Dataset Original and DeepFake Voices for AI-Based Voice Analysis and Detection/Dataset/S5F05/Fake/28.wav,1,MEN,MEN-S5F05,TG:152e03b810936dfc,-7.6289062,1,0.3508333333333333,0.00048595603
mendeley/extracted/Bangla Audio Dataset Original and DeepFake Voices for AI-Based Voice Analysis and Detection/Dataset/S5F05/Fake/29.wav,1,MEN,MEN-S5F05,TG:d4b270a54076f01c,5.3359375,1,0.3141666666666667,0.9952077
mendeley/extracted/Bangla Audio Dataset Original and DeepFake Voices for AI-Based Voice Analysis and Detection/Dataset/S5F05/Fake/3.wav,1,MEN,MEN-S5F05,TG:d71a97a6a92d9631,6.96875,1,0.4358333333333333,0.9990601
mendeley/extracted/Bangla Audio Dataset Original and DeepFake Voices for AI-Based Voice Analysis and Detection/Dataset/S5F05/Fake/30.wav,1,MEN,MEN-S5F05,TG:4d146ddad8824512,5.0234375,1,0.5108333333333333,0.99346113
mendeley/extracted/Bangla Audio Dataset Original and DeepFake Voices for AI-Based Voice Analysis and Detection/Dataset/S5F05/Fake/4.wav,1,MEN,MEN-S5F05,TG:d0f5a20088e8ff8d,-11.9921875,1,0.4408333333333333,6.192364e-06
mendeley/extracted/Bangla Audio Dataset Original and DeepFake Voices for AI-Based Voice Analysis and Detection/Dataset/S5F05/Fake/5.wav,1,MEN,MEN-S5F05,TG:c6a1ce68ac716363,-14.9296875,1,0.3858333333333333,3.281852e-07
mendeley/extracted/Bangla Audio Dataset Original and DeepFake Voices for AI-Based Voice Analysis and Detection/Dataset/S5F05/Fake/6.wav,1,MEN,MEN-S5F05,TG:5755dcb7f67d4970,-23.75,1,0.3741666666666666,4.8473687e-11
mendeley/extracted/Bangla Audio Dataset Original and DeepFake Voices for AI-Based Voice Analysis and Detection/Dataset/S5F05/Fake/7.wav,1,MEN,MEN-S5F05,TG:5f5a81604cedcad9,4.7460938,1,0.2341666666666666,0.9913892
mendeley/extracted/Bangla Audio Dataset Original and DeepFake Voices for AI-Based Voice Analysis and Detection/Dataset/S5F05/Fake/8.wav,1,MEN,MEN-S5F05,TG:24597b348972aafa,-3.8261719,1,0.1541666666666666,0.021328082
mendeley/extracted/Bangla Audio Dataset Original and DeepFake Voices for AI-Based Voice Analysis and Detection/Dataset/S5F05/Fake/9.wav,1,MEN,MEN-S5F05,TG:f35afca6bb05cddb,12.4921875,1,0.2958333333333333,0.9999962
mendeley/extracted/Bangla Audio Dataset Original and DeepFake Voices for AI-Based Voice Analysis and Detection/Dataset/S5F05/Real/1.wav,0,MEN,MEN-S5F05,TG:4947df796a9b11a7,-25.75,1,0.3508333333333333,6.5602e-12
mendeley/extracted/Bangla Audio Dataset Original and DeepFake Voices for AI-Based Voice Analysis and Detection/Dataset/S5F05/Real/10.wav,0,MEN,MEN-S5F05,TG:036cd5375cd345fc,-20.984375,1,0.3841666666666666,7.7019685e-10
mendeley/extracted/Bangla Audio Dataset Original and DeepFake Voices for AI-Based Voice Analysis and Detection/Dataset/S5F05/Real/11.wav,0,MEN,MEN-S5F05,TG:18828ca74cb29a2e,-44.25,1,0.3508333333333333,6.059952e-20
mendeley/extracted/Bangla Audio Dataset Original and DeepFake Voices for AI-Based Voice Analysis and Detection/Dataset/S5F05/Real/12.wav,0,MEN,MEN-S5F05,TG:61fa72b6eaa43ed3,-32.21875,1,0.3675,1.0175942e-14
mendeley/extracted/Bangla Audio Dataset Original and DeepFake Voices for AI-Based Voice Analysis and Detection/Dataset/S5F05/Real/13.wav,0,MEN,MEN-S5F05,TG:52639be95d4890ca,-32.6875,1,0.3508333333333333,6.367943e-15
mendeley/extracted/Bangla Audio Dataset Original and DeepFake Voices for AI-Based Voice Analysis and Detection/Dataset/S5F05/Real/14.wav,0,MEN,MEN-S5F05,TG:8f5971aea28f10b7,-16.796875,1,0.3508333333333333,5.072357e-08
mendeley/extracted/Bangla Audio Dataset Original and DeepFake Voices for AI-Based Voice Analysis and Detection/Dataset/S5F05/Real/15.wav,0,MEN,MEN-S5F05,TG:9ee45c5ef51f9754,-16.890625,1,0.3675,4.6184343e-08
mendeley/extracted/Bangla Audio Dataset Original and DeepFake Voices for AI-Based Voice Analysis and Detection/Dataset/S5F05/Real/16.wav,0,MEN,MEN-S5F05,TG:26a0237539c16b7f,-11.65625,1,0.3841666666666666,8.664653e-06
mendeley/extracted/Bangla Audio Dataset Original and DeepFake Voices for AI-Based Voice Analysis and Detection/Dataset/S5F05/Real/17.wav,0,MEN,MEN-S5F05,TG:bcd6cfadd3d9fac9,-10.484375,1,0.3675,2.7969301e-05
mendeley/extracted/Bangla Audio Dataset Original and DeepFake Voices for AI-Based Voice Analysis and Detection/Dataset/S5F05/Real/18.wav,0,MEN,MEN-S5F05,TG:1a16fd08ceff4f12,-19.046875,1,0.3508333333333333,5.3462252e-09
mendeley/extracted/Bangla Audio Dataset Original and DeepFake Voices for AI-Based Voice Analysis and Detection/Dataset/S5F05/Real/19.wav,0,MEN,MEN-S5F05,TG:c6a569cb1c42dd72,-20.734375,1,0.3675,9.889524e-10
mendeley/extracted/Bangla Audio Dataset Original and DeepFake Voices for AI-Based Voice Analysis and Detection/Dataset/S5F05/Real/2.wav,0,MEN,MEN-S5F05,TG:0248b16eb662828b,-38.90625,1,0.3675,1.2683242e-17
mendeley/extracted/Bangla Audio Dataset Original and DeepFake Voices for AI-Based Voice Analysis and Detection/Dataset/S5F05/Real/20.wav,0,MEN,MEN-S5F05,TG:f279b4c95db0b6cc,-15.3046875,1,0.3508333333333333,2.2555818e-07
mendeley/extracted/Bangla Audio Dataset Original and DeepFake Voices for AI-Based Voice Analysis and Detection/Dataset/S5F05/Real/21.wav,0,MEN,MEN-S5F05,TG:96c0436f4a426d67,-19.046875,1,0.3841666666666666,5.3462252e-09
mendeley/extracted/Bangla Audio Dataset Original and DeepFake Voices for AI-Based Voice Analysis and Detection/Dataset/S5F05/Real/22.wav,0,MEN,MEN-S5F05,TG:22d08af6ef894e28,-22.96875,1,0.3841666666666666,1.0587626e-10
mendeley/extracted/Bangla Audio Dataset Original and DeepFake Voices for AI-Based Voice Analysis and Detection/Dataset/S5F05/Real/23.wav,0,MEN,MEN-S5F05,TG:bb2d38b4a96c681d,-21.546875,1,0.3841666666666666,4.3884493e-10
mendeley/extracted/Bangla Audio Dataset Original and DeepFake Voices for AI-Based Voice Analysis and Detection/Dataset/S5F05/Real/24.wav,0,MEN,MEN-S5F05,TG:fe8586f872b894ef,-24.3125,1,0.4008333333333334,2.7619474e-11
mendeley/extracted/Bangla Audio Dataset Original and DeepFake Voices for AI-Based Voice Analysis and Detection/Dataset/S5F05/Real/25.wav,0,MEN,MEN-S5F05,TG:5dd170d234240c99,-25.609375,1,0.4175,7.550745e-12
mendeley/extracted/Bangla Audio Dataset Original and DeepFake Voices for AI-Based Voice Analysis and Detection/Dataset/S5F05/Real/26.wav,0,MEN,MEN-S5F05,TG:2f3da6ae155e03e8,-23.890625,1,0.3675,4.211467e-11
mendeley/extracted/Bangla Audio Dataset Original and DeepFake Voices for AI-Based Voice Analysis and Detection/Dataset/S5F05/Real/27.wav,0,MEN,MEN-S5F05,TG:63c78e03d9938d12,-24.265625,1,0.3675,2.894496e-11
mendeley/extracted/Bangla Audio Dataset Original and DeepFake Voices for AI-Based Voice Analysis and Detection/Dataset/S5F05/Real/28.wav,0,MEN,MEN-S5F05,TG:152e03b810936dfc,-13.390625,1,0.3675,1.529413e-06
mendeley/extracted/Bangla Audio Dataset Original and DeepFake Voices for AI-Based Voice Analysis and Detection/Dataset/S5F05/Real/29.wav,0,MEN,MEN-S5F05,TG:d4b270a54076f01c,-0.68408203,1,0.3675,0.33535084
mendeley/extracted/Bangla Audio Dataset Original and DeepFake Voices for AI-Based Voice Analysis and Detection/Dataset/S5F05/Real/3.wav,0,MEN,MEN-S5F05,TG:d71a97a6a92d9631,-25.84375,1,0.3508333333333333,5.9731304e-12
mendeley/extracted/Bangla Audio Dataset Original and DeepFake Voices for AI-Based Voice Analysis and Detection/Dataset/S5F05/Real/30.wav,0,MEN,MEN-S5F05,TG:4d146ddad8824512,-22.1875,1,0.3675,2.3125504e-10
mendeley/extracted/Bangla Audio Dataset Original and DeepFake Voices for AI-Based Voice Analysis and Detection/Dataset/S5F05/Real/4.wav,0,MEN,MEN-S5F05,TG:d0f5a20088e8ff8d,-20.734375,1,0.3508333333333333,9.889524e-10
mendeley/extracted/Bangla Audio Dataset Original and DeepFake Voices for AI-Based Voice Analysis and Detection/Dataset/S5F05/Real/5.wav,0,MEN,MEN-S5F05,TG:c6a1ce68ac716363,-27.15625,1,0.4175,1.6076462e-12
mendeley/extracted/Bangla Audio Dataset Original and DeepFake Voices for AI-Based Voice Analysis and Detection/Dataset/S5F05/Real/6.wav,0,MEN,MEN-S5F05,TG:5755dcb7f67d4970,-7.9335938,1,0.3675,0.00035836728
mendeley/extracted/Bangla Audio Dataset Original and DeepFake Voices for AI-Based Voice Analysis and Detection/Dataset/S5F05/Real/7.wav,0,MEN,MEN-S5F05,TG:5f5a81604cedcad9,-25.96875,1,0.3675,5.2712687e-12
mendeley/extracted/Bangla Audio Dataset Original and DeepFake Voices for AI-Based Voice Analysis and Detection/Dataset/S5F05/Real/8.wav,0,MEN,MEN-S5F05,TG:24597b348972aafa,-19.625,1,0.3508333333333333,2.9989609e-09
mendeley/extracted/Bangla Audio Dataset Original and DeepFake Voices for AI-Based Voice Analysis and Detection/Dataset/S5F05/Real/9.wav,0,MEN,MEN-S5F05,TG:f35afca6bb05cddb,-22.21875,1,0.3508333333333333,2.2414005e-10
mendeley/extracted/Bangla Audio Dataset Original and DeepFake Voices for AI-Based Voice Analysis and Detection/Dataset/S5M02/Fake/1.wav,1,MEN,MEN-S5M02,TG:4947df796a9b11a7,-22.0,1,0.2408333333333333,2.789468e-10
mendeley/extracted/Bangla Audio Dataset Original and DeepFake Voices for AI-Based Voice Analysis and Detection/Dataset/S5M02/Fake/10.wav,1,MEN,MEN-S5M02,TG:036cd5375cd345fc,-19.640625,1,0.4691666666666666,2.9524665e-09
mendeley/extracted/Bangla Audio Dataset Original and DeepFake Voices for AI-Based Voice Analysis and Detection/Dataset/S5M02/Fake/11.wav,1,MEN,MEN-S5M02,TG:18828ca74cb29a2e,-21.015625,1,0.1725,7.4650036e-10
mendeley/extracted/Bangla Audio Dataset Original and DeepFake Voices for AI-Based Voice Analysis and Detection/Dataset/S5M02/Fake/12.wav,1,MEN,MEN-S5M02,TG:61fa72b6eaa43ed3,-15.34375,1,0.1858333333333333,2.1691717e-07
mendeley/extracted/Bangla Audio Dataset Original and DeepFake Voices for AI-Based Voice Analysis and Detection/Dataset/S5M02/Fake/13.wav,1,MEN,MEN-S5M02,TG:52639be95d4890ca,-20.390625,1,0.4175,1.3946464e-09
mendeley/extracted/Bangla Audio Dataset Original and DeepFake Voices for AI-Based Voice Analysis and Detection/Dataset/S5M02/Fake/14.wav,1,MEN,MEN-S5M02,TG:8f5971aea28f10b7,0.7270508,1,0.4241666666666667,0.67415774
mendeley/extracted/Bangla Audio Dataset Original and DeepFake Voices for AI-Based Voice Analysis and Detection/Dataset/S5M02/Fake/15.wav,1,MEN,MEN-S5M02,TG:9ee45c5ef51f9754,-20.28125,1,0.4441666666666667,1.5558406e-09
mendeley/extracted/Bangla Audio Dataset Original and DeepFake Voices for AI-Based Voice Analysis and Detection/Dataset/S5M02/Fake/16.wav,1,MEN,MEN-S5M02,TG:26a0237539c16b7f,-0.23205566,1,0.2425,0.44224504
mendeley/extracted/Bangla Audio Dataset Original and DeepFake Voices for AI-Based Voice Analysis and Detection/Dataset/S5M02/Fake/17.wav,1,MEN,MEN-S5M02,TG:bcd6cfadd3d9fac9,-25.640625,1,0.2558333333333333,7.318432e-12
mendeley/extracted/Bangla Audio Dataset Original and DeepFake Voices for AI-Based Voice Analysis and Detection/Dataset/S5M02/Fake/18.wav,1,MEN,MEN-S5M02,TG:1a16fd08ceff4f12,-24.40625,1,0.5008333333333334,2.5147818e-11
mendeley/extracted/Bangla Audio Dataset Original and DeepFake Voices for AI-Based Voice Analysis and Detection/Dataset/S5M02/Fake/19.wav,1,MEN,MEN-S5M02,TG:c6a569cb1c42dd72,-20.015625,1,0.2408333333333333,2.0291986e-09
mendeley/extracted/Bangla Audio Dataset Original and DeepFake Voices for AI-Based Voice Analysis and Detection/Dataset/S5M02/Fake/2.wav,1,MEN,MEN-S5M02,TG:0248b16eb662828b,-16.421875,1,0.2941666666666667,7.380237e-08
mendeley/extracted/Bangla Audio Dataset Original and DeepFake Voices for AI-Based Voice Analysis and Detection/Dataset/S5M02/Fake/20.wav,1,MEN,MEN-S5M02,TG:f279b4c95db0b6cc,-22.53125,1,0.1791666666666667,1.6398438e-10
mendeley/extracted/Bangla Audio Dataset Original and DeepFake Voices for AI-Based Voice Analysis and Detection/Dataset/S5M02/Fake/21.wav,1,MEN,MEN-S5M02,TG:96c0436f4a426d67,-17.609375,1,0.2091666666666666,2.250845e-08
mendeley/extracted/Bangla Audio Dataset Original and DeepFake Voices for AI-Based Voice Analysis and Detection/Dataset/S5M02/Fake/22.wav,1,MEN,MEN-S5M02,TG:22d08af6ef894e28,-13.359375,1,0.1825,1.5779618e-06
mendeley/extracted/Bangla Audio Dataset Original and DeepFake Voices for AI-Based Voice Analysis and Detection/Dataset/S5M02/Fake/23.wav,1,MEN,MEN-S5M02,TG:bb2d38b4a96c681d,-9.515625,1,0.1541666666666666,7.368594e-05
mendeley/extracted/Bangla Audio Dataset Original and DeepFake Voices for AI-Based Voice Analysis and Detection/Dataset/S5M02/Fake/24.wav,1,MEN,MEN-S5M02,TG:fe8586f872b894ef,-21.109375,1,0.3291666666666667,6.7969635e-10
mendeley/extracted/Bangla Audio Dataset Original and DeepFake Voices for AI-Based Voice Analysis and Detection/Dataset/S5M02/Fake/25.wav,1,MEN,MEN-S5M02,TG:5dd170d234240c99,-19.34375,1,0.3958333333333333,3.9729775e-09
mendeley/extracted/Bangla Audio Dataset Original and DeepFake Voices for AI-Based Voice Analysis and Detection/Dataset/S5M02/Fake/26.wav,1,MEN,MEN-S5M02,TG:2f3da6ae155e03e8,-11.3984375,1,0.2708333333333333,1.1212865e-05
mendeley/extracted/Bangla Audio Dataset Original and DeepFake Voices for AI-Based Voice Analysis and Detection/Dataset/S5M02/Fake/27.wav,1,MEN,MEN-S5M02,TG:63c78e03d9938d12,-14.0078125,1,0.3075,8.25057e-07
mendeley/extracted/Bangla Audio Dataset Original and DeepFake Voices for AI-Based Voice Analysis and Detection/Dataset/S5M02/Fake/28.wav,1,MEN,MEN-S5M02,TG:152e03b810936dfc,-15.796875,1,0.4541666666666667,1.3788097e-07
mendeley/extracted/Bangla Audio Dataset Original and DeepFake Voices for AI-Based Voice Analysis and Detection/Dataset/S5M02/Fake/29.wav,1,MEN,MEN-S5M02,TG:d4b270a54076f01c,-9.9453125,1,0.2708333333333333,4.7949583e-05
mendeley/extracted/Bangla Audio Dataset Original and DeepFake Voices for AI-Based Voice Analysis and Detection/Dataset/S5M02/Fake/3.wav,1,MEN,MEN-S5M02,TG:d71a97a6a92d9631,-23.4375,1,0.2391666666666666,6.6255675e-11
mendeley/extracted/Bangla Audio Dataset Original and DeepFake Voices for AI-Based Voice Analysis and Detection/Dataset/S5M02/Fake/30.wav,1,MEN,MEN-S5M02,TG:4d146ddad8824512,-5.8515625,1,0.4875,0.0028671585
mendeley/extracted/Bangla Audio Dataset Original and DeepFake Voices for AI-Based Voice Analysis and Detection/Dataset/S5M02/Fake/4.wav,1,MEN,MEN-S5M02,TG:d0f5a20088e8ff8d,-21.953125,1,0.5175000000000001,2.9233374e-10
mendeley/extracted/Bangla Audio Dataset Original and DeepFake Voices for AI-Based Voice Analysis and Detection/Dataset/S5M02/Fake/5.wav,1,MEN,MEN-S5M02,TG:c6a1ce68ac716363,-30.265625,1,0.2491666666666666,7.1747384e-14
mendeley/extracted/Bangla Audio Dataset Original and DeepFake Voices for AI-Based Voice Analysis and Detection/Dataset/S5M02/Fake/6.wav,1,MEN,MEN-S5M02,TG:5755dcb7f67d4970,-19.515625,1,0.4391666666666667,3.3455827e-09
mendeley/extracted/Bangla Audio Dataset Original and DeepFake Voices for AI-Based Voice Analysis and Detection/Dataset/S5M02/Fake/7.wav,1,MEN,MEN-S5M02,TG:5f5a81604cedcad9,-16.671875,1,0.2674999999999999,5.7477344e-08
mendeley/extracted/Bangla Audio Dataset Original and DeepFake Voices for AI-Based Voice Analysis and Detection/Dataset/S5M02/Fake/8.wav,1,MEN,MEN-S5M02,TG:24597b348972aafa,-15.1015625,1,0.0591666666666667,2.7635966e-07
mendeley/extracted/Bangla Audio Dataset Original and DeepFake Voices for AI-Based Voice Analysis and Detection/Dataset/S5M02/Fake/9.wav,1,MEN,MEN-S5M02,TG:f35afca6bb05cddb,-14.3203125,1,0.2558333333333333,6.0362476e-07
mendeley/extracted/Bangla Audio Dataset Original and DeepFake Voices for AI-Based Voice Analysis and Detection/Dataset/S5M02/Real/1.wav,0,MEN,MEN-S5M02,TG:4947df796a9b11a7,-11.53125,1,0.4175,9.818326e-06
mendeley/extracted/Bangla Audio Dataset Original and DeepFake Voices for AI-Based Voice Analysis and Detection/Dataset/S5M02/Real/10.wav,0,MEN,MEN-S5M02,TG:036cd5375cd345fc,-5.890625,1,0.4841666666666666,0.0027576222
mendeley/extracted/Bangla Audio Dataset Original and DeepFake Voices for AI-Based Voice Analysis and Detection/Dataset/S5M02/Real/11.wav,0,MEN,MEN-S5M02,TG:18828ca74cb29a2e,-0.2244873,1,0.3841666666666666,0.44411266
mendeley/extracted/Bangla Audio Dataset Original and DeepFake Voices for AI-Based Voice Analysis and Detection/Dataset/S5M02/Real/12.wav,0,MEN,MEN-S5M02,TG:61fa72b6eaa43ed3,-16.03125,1,0.4508333333333333,1.0907282e-07
mendeley/extracted/Bangla Audio Dataset Original and DeepFake Voices for AI-Based Voice Analysis and Detection/Dataset/S5M02/Real/13.wav,0,MEN,MEN-S5M02,TG:52639be95d4890ca,-2.0097656,1,0.5008333333333334,0.11818141
mendeley/extracted/Bangla Audio Dataset Original and DeepFake Voices for AI-Based Voice Analysis and Detection/Dataset/S5M02/Real/14.wav,0,MEN,MEN-S5M02,TG:8f5971aea28f10b7,-22.28125,1,0.5008333333333334,2.1056008e-10
mendeley/extracted/Bangla Audio Dataset Original and DeepFake Voices for AI-Based Voice Analysis and Detection/Dataset/S5M02/Real/15.wav,0,MEN,MEN-S5M02,TG:9ee45c5ef51f9754,-11.8359375,1,0.5341666666666667,7.2395997e-06
mendeley/extracted/Bangla Audio Dataset Original and DeepFake Voices for AI-Based Voice Analysis and Detection/Dataset/S5M02/Real/16.wav,0,MEN,MEN-S5M02,TG:26a0237539c16b7f,-13.25,1,0.4841666666666666,1.7603434e-06
mendeley/extracted/Bangla Audio Dataset Original and DeepFake Voices for AI-Based Voice Analysis and Detection/Dataset/S5M02/Real/17.wav,0,MEN,MEN-S5M02,TG:bcd6cfadd3d9fac9,-16.25,1,0.5341666666666667,8.764247e-08
mendeley/extracted/Bangla Audio Dataset Original and DeepFake Voices for AI-Based Voice Analysis and Detection/Dataset/S5M02/Real/18.wav,0,MEN,MEN-S5M02,TG:1a16fd08ceff4f12,-8.3984375,1,0.5341666666666667,0.00022516825
mendeley/extracted/Bangla Audio Dataset Original and DeepFake Voices for AI-Based Voice Analysis and Detection/Dataset/S5M02/Real/19.wav,0,MEN,MEN-S5M02,TG:c6a569cb1c42dd72,-15.8671875,1,0.5008333333333334,1.2851919e-07
mendeley/extracted/Bangla Audio Dataset Original and DeepFake Voices for AI-Based Voice Analysis and Detection/Dataset/S5M02/Real/2.wav,0,MEN,MEN-S5M02,TG:0248b16eb662828b,-22.203125,1,0.5341666666666667,2.2766974e-10
mendeley/extracted/Bangla Audio Dataset Original and DeepFake Voices for AI-Based Voice Analysis and Detection/Dataset/S5M02/Real/20.wav,0,MEN,MEN-S5M02,TG:f279b4c95db0b6cc,-21.359375,1,0.5008333333333334,5.29348e-10
mendeley/extracted/Bangla Audio Dataset Original and DeepFake Voices for AI-Based Voice Analysis and Detection/Dataset/S5M02/Real/21.wav,0,MEN,MEN-S5M02,TG:96c0436f4a426d67,-12.859375,1,0.4841666666666666,2.6016164e-06
mendeley/extracted/Bangla Audio Dataset Original and DeepFake Voices for AI-Based Voice Analysis and Detection/Dataset/S5M02/Real/22.wav,0,MEN,MEN-S5M02,TG:22d08af6ef894e28,-28.390625,1,0.4341666666666667,4.678517e-13
mendeley/extracted/Bangla Audio Dataset Original and DeepFake Voices for AI-Based Voice Analysis and Detection/Dataset/S5M02/Real/23.wav,0,MEN,MEN-S5M02,TG:bb2d38b4a96c681d,-18.046875,1,0.4341666666666667,1.45325485e-08
mendeley/extracted/Bangla Audio Dataset Original and DeepFake Voices for AI-Based Voice Analysis and Detection/Dataset/S5M02/Real/24.wav,0,MEN,MEN-S5M02,TG:fe8586f872b894ef,-28.96875,1,0.5008333333333334,2.6244103e-13
mendeley/extracted/Bangla Audio Dataset Original and DeepFake Voices for AI-Based Voice Analysis and Detection/Dataset/S5M02/Real/25.wav,0,MEN,MEN-S5M02,TG:5dd170d234240c99,-29.03125,1,0.5675,2.4654053e-13
mendeley/extracted/Bangla Audio Dataset Original and DeepFake Voices for AI-Based Voice Analysis and Detection/Dataset/S5M02/Real/26.wav,0,MEN,MEN-S5M02,TG:2f3da6ae155e03e8,-22.296875,1,0.4341666666666667,2.0729567e-10
mendeley/extracted/Bangla Audio Dataset Original and DeepFake Voices for AI-Based Voice Analysis and Detection/Dataset/S5M02/Real/27.wav,0,MEN,MEN-S5M02,TG:63c78e03d9938d12,-22.734375,1,0.4675,1.3384013e-10
mendeley/extracted/Bangla Audio Dataset Original and DeepFake Voices for AI-Based Voice Analysis and Detection/Dataset/S5M02/Real/28.wav,0,MEN,MEN-S5M02,TG:152e03b810936dfc,-6.1953125,1,0.4675,0.002034817
mendeley/extracted/Bangla Audio Dataset Original and DeepFake Voices for AI-Based Voice Analysis and Detection/Dataset/S5M02/Real/29.wav,0,MEN,MEN-S5M02,TG:d4b270a54076f01c,-22.171875,1,0.4675,2.3489677e-10
mendeley/extracted/Bangla Audio Dataset Original and DeepFake Voices for AI-Based Voice Analysis and Detection/Dataset/S5M02/Real/3.wav,0,MEN,MEN-S5M02,TG:d71a97a6a92d9631,-10.21875,1,0.4675,3.6478537e-05
mendeley/extracted/Bangla Audio Dataset Original and DeepFake Voices for AI-Based Voice Analysis and Detection/Dataset/S5M02/Real/30.wav,0,MEN,MEN-S5M02,TG:4d146ddad8824512,-19.0625,1,0.4675,5.2633404e-09
mendeley/extracted/Bangla Audio Dataset Original and DeepFake Voices for AI-Based Voice Analysis and Detection/Dataset/S5M02/Real/4.wav,0,MEN,MEN-S5M02,TG:d0f5a20088e8ff8d,-14.8828125,1,0.5675,3.439351e-07
mendeley/extracted/Bangla Audio Dataset Original and DeepFake Voices for AI-Based Voice Analysis and Detection/Dataset/S5M02/Real/5.wav,0,MEN,MEN-S5M02,TG:c6a1ce68ac716363,-6.921875,1,0.4008333333333334,0.0009850084
mendeley/extracted/Bangla Audio Dataset Original and DeepFake Voices for AI-Based Voice Analysis and Detection/Dataset/S5M02/Real/6.wav,0,MEN,MEN-S5M02,TG:5755dcb7f67d4970,-12.3125,1,0.5341666666666667,4.4951817e-06
mendeley/extracted/Bangla Audio Dataset Original and DeepFake Voices for AI-Based Voice Analysis and Detection/Dataset/S5M02/Real/7.wav,0,MEN,MEN-S5M02,TG:5f5a81604cedcad9,-23.359375,1,0.3841666666666666,7.1639465e-11
mendeley/extracted/Bangla Audio Dataset Original and DeepFake Voices for AI-Based Voice Analysis and Detection/Dataset/S5M02/Real/8.wav,0,MEN,MEN-S5M02,TG:24597b348972aafa,-9.8046875,1,0.3175,5.5189234e-05
mendeley/extracted/Bangla Audio Dataset Original and DeepFake Voices for AI-Based Voice Analysis and Detection/Dataset/S5M02/Real/9.wav,0,MEN,MEN-S5M02,TG:f35afca6bb05cddb,-1.234375,1,0.4175,0.22541662
mendeley/extracted/Bangla Audio Dataset Original and DeepFake Voices for AI-Based Voice Analysis and Detection/Dataset/S5M04/Fake/1.wav,1,MEN,MEN-S5M04,TG:4947df796a9b11a7,-7.2578125,1,0.2125,0.0007041516
mendeley/extracted/Bangla Audio Dataset Original and DeepFake Voices for AI-Based Voice Analysis and Detection/Dataset/S5M04/Fake/10.wav,1,MEN,MEN-S5M04,TG:036cd5375cd345fc,-13.7421875,1,0.4708333333333333,1.076077e-06
mendeley/extracted/Bangla Audio Dataset Original and DeepFake Voices for AI-Based Voice Analysis and Detection/Dataset/S5M04/Fake/11.wav,1,MEN,MEN-S5M04,TG:18828ca74cb29a2e,2.1835938,1,0.2574999999999999,0.8987666
mendeley/extracted/Bangla Audio Dataset Original and DeepFake Voices for AI-Based Voice Analysis and Detection/Dataset/S5M04/Fake/12.wav,1,MEN,MEN-S5M04,TG:61fa72b6eaa43ed3,-3.6699219,1,0.1741666666666667,0.024845436
mendeley/extracted/Bangla Audio Dataset Original and DeepFake Voices for AI-Based Voice Analysis and Detection/Dataset/S5M04/Fake/13.wav,1,MEN,MEN-S5M04,TG:52639be95d4890ca,-7.1523438,1,0.4491666666666667,0.00078241405
mendeley/extracted/Bangla Audio Dataset Original and DeepFake Voices for AI-Based Voice Analysis and Detection/Dataset/S5M04/Fake/14.wav,1,MEN,MEN-S5M04,TG:8f5971aea28f10b7,-18.40625,1,0.3874999999999999,1.0145355e-08
mendeley/extracted/Bangla Audio Dataset Original and DeepFake Voices for AI-Based Voice Analysis and Detection/Dataset/S5M04/Fake/15.wav,1,MEN,MEN-S5M04,TG:9ee45c5ef51f9754,-24.421875,1,0.4341666666666667,2.4757937e-11
mendeley/extracted/Bangla Audio Dataset Original and DeepFake Voices for AI-Based Voice Analysis and Detection/Dataset/S5M04/Fake/16.wav,1,MEN,MEN-S5M04,TG:26a0237539c16b7f,8.2265625,1,0.2308333333333333,0.99973255
mendeley/extracted/Bangla Audio Dataset Original and DeepFake Voices for AI-Based Voice Analysis and Detection/Dataset/S5M04/Fake/17.wav,1,MEN,MEN-S5M04,TG:bcd6cfadd3d9fac9,-6.1054688,1,0.2341666666666666,0.002225671
mendeley/extracted/Bangla Audio Dataset Original and DeepFake Voices for AI-Based Voice Analysis and Detection/Dataset/S5M04/Fake/18.wav,1,MEN,MEN-S5M04,TG:1a16fd08ceff4f12,3.859375,1,0.5308333333333333,0.979354
mendeley/extracted/Bangla Audio Dataset Original and DeepFake Voices for AI-Based Voice Analysis and Detection/Dataset/S5M04/Fake/19.wav,1,MEN,MEN-S5M04,TG:c6a569cb1c42dd72,-9.7890625,1,0.2524999999999999,5.6058285e-05
mendeley/extracted/Bangla Audio Dataset Original and DeepFake Voices for AI-Based Voice Analysis and Detection/Dataset/S5M04/Fake/2.wav,1,MEN,MEN-S5M04,TG:0248b16eb662828b,2.9863281,1,0.2624999999999999,0.9519527
mendeley/extracted/Bangla Audio Dataset Original and DeepFake Voices for AI-Based Voice Analysis and Detection/Dataset/S5M04/Fake/20.wav,1,MEN,MEN-S5M04,TG:f279b4c95db0b6cc,-15.2109375,1,0.1608333333333333,2.477272e-07
mendeley/extracted/Bangla Audio Dataset Original and DeepFake Voices for AI-Based Voice Analysis and Detection/Dataset/S5M04/Fake/21.wav,1,MEN,MEN-S5M04,TG:96c0436f4a426d67,-10.328125,1,0.2908333333333334,3.2699274e-05
mendeley/extracted/Bangla Audio Dataset Original and DeepFake Voices for AI-Based Voice Analysis and Detection/Dataset/S5M04/Fake/22.wav,1,MEN,MEN-S5M04,TG:22d08af6ef894e28,-22.203125,1,0.1875,2.2766974e-10
mendeley/extracted/Bangla Audio Dataset Original and DeepFake Voices for AI-Based Voice Analysis and Detection/Dataset/S5M04/Fake/23.wav,1,MEN,MEN-S5M04,TG:bb2d38b4a96c681d,9.7734375,1,0.1374999999999999,0.999943
mendeley/extracted/Bangla Audio Dataset Original and DeepFake Voices for AI-Based Voice Analysis and Detection/Dataset/S5M04/Fake/24.wav,1,MEN,MEN-S5M04,TG:fe8586f872b894ef,8.3671875,1,0.4841666666666666,0.9997677
mendeley/extracted/Bangla Audio Dataset Original and DeepFake Voices for AI-Based Voice Analysis and Detection/Dataset/S5M04/Fake/25.wav,1,MEN,MEN-S5M04,TG:5dd170d234240c99,-13.6484375,1,0.3141666666666667,1.1818391e-06
mendeley/extracted/Bangla Audio Dataset Original and DeepFake Voices for AI-Based Voice Analysis and Detection/Dataset/S5M04/Fake/26.wav,1,MEN,MEN-S5M04,TG:2f3da6ae155e03e8,-4.75,1,0.1908333333333333,0.008577486
mendeley/extracted/Bangla Audio Dataset Original and DeepFake Voices for AI-Based Voice Analysis and Detection/Dataset/S5M04/Fake/27.wav,1,MEN,MEN-S5M04,TG:63c78e03d9938d12,-23.90625,1,0.2341666666666666,4.146174e-11
mendeley/extracted/Bangla Audio Dataset Original and DeepFake Voices for AI-Based Voice Analysis and Detection/Dataset/S5M04/Fake/28.wav,1,MEN,MEN-S5M04,TG:152e03b810936dfc,-24.3125,1,0.3841666666666666,2.7619474e-11
mendeley/extracted/Bangla Audio Dataset Original and DeepFake Voices for AI-Based Voice Analysis and Detection/Dataset/S5M04/Fake/29.wav,1,MEN,MEN-S5M04,TG:d4b270a54076f01c,-10.03125,1,0.3758333333333333,4.4001183e-05
mendeley/extracted/Bangla Audio Dataset Original and DeepFake Voices for AI-Based Voice Analysis and Detection/Dataset/S5M04/Fake/3.wav,1,MEN,MEN-S5M04,TG:d71a97a6a92d9631,-15.46875,1,0.2891666666666667,1.9142874e-07
mendeley/extracted/Bangla Audio Dataset Original and DeepFake Voices for AI-Based Voice Analysis and Detection/Dataset/S5M04/Fake/30.wav,1,MEN,MEN-S5M04,TG:4d146ddad8824512,-16.21875,1,0.4825,9.042455e-08
mendeley/extracted/Bangla Audio Dataset Original and DeepFake Voices for AI-Based Voice Analysis and Detection/Dataset/S5M04/Fake/4.wav,1,MEN,MEN-S5M04,TG:d0f5a20088e8ff8d,-16.546875,1,0.4791666666666666,6.5130365e-08
mendeley/extracted/Bangla Audio Dataset Original and DeepFake Voices for AI-Based Voice Analysis and Detection/Dataset/S5M04/Fake/5.wav,1,MEN,MEN-S5M04,TG:c6a1ce68ac716363,-7.7890625,1,0.3108333333333333,0.0004140695
mendeley/extracted/Bangla Audio Dataset Original and DeepFake Voices for AI-Based Voice Analysis and Detection/Dataset/S5M04/Fake/6.wav,1,MEN,MEN-S5M04,TG:5755dcb7f67d4970,-13.71875,1,0.3941666666666666,1.1015954e-06
mendeley/extracted/Bangla Audio Dataset Original and DeepFake Voices for AI-Based Voice Analysis and Detection/Dataset/S5M04/Fake/7.wav,1,MEN,MEN-S5M04,TG:5f5a81604cedcad9,3.5507812,1,0.2975,0.9720986
mendeley/extracted/Bangla Audio Dataset Original and DeepFake Voices for AI-Based Voice Analysis and Detection/Dataset/S5M04/Fake/8.wav,1,MEN,MEN-S5M04,TG:24597b348972aafa,-15.4765625,1,0.1841666666666667,1.8993904e-07
mendeley/extracted/Bangla Audio Dataset Original and DeepFake Voices for AI-Based Voice Analysis and Detection/Dataset/S5M04/Fake/9.wav,1,MEN,MEN-S5M04,TG:f35afca6bb05cddb,-1.8222656,1,0.2475,0.13916224
mendeley/extracted/Bangla Audio Dataset Original and DeepFake Voices for AI-Based Voice Analysis and Detection/Dataset/S5M04/Real/1.wav,0,MEN,MEN-S5M04,TG:4947df796a9b11a7,0.19787598,1,0.4341666666666667,0.5493082
mendeley/extracted/Bangla Audio Dataset Original and DeepFake Voices for AI-Based Voice Analysis and Detection/Dataset/S5M04/Real/10.wav,0,MEN,MEN-S5M04,TG:036cd5375cd345fc,4.1171875,1,0.4341666666666667,0.9839708
mendeley/extracted/Bangla Audio Dataset Original and DeepFake Voices for AI-Based Voice Analysis and Detection/Dataset/S5M04/Real/11.wav,0,MEN,MEN-S5M04,TG:18828ca74cb29a2e,-15.015625,1,0.4008333333333334,3.0115967e-07
mendeley/extracted/Bangla Audio Dataset Original and DeepFake Voices for AI-Based Voice Analysis and Detection/Dataset/S5M04/Real/12.wav,0,MEN,MEN-S5M04,TG:61fa72b6eaa43ed3,13.84375,1,0.4175,0.99999905
mendeley/extracted/Bangla Audio Dataset Original and DeepFake Voices for AI-Based Voice Analysis and Detection/Dataset/S5M04/Real/13.wav,0,MEN,MEN-S5M04,TG:52639be95d4890ca,19.25,1,0.4341666666666667,1.0
mendeley/extracted/Bangla Audio Dataset Original and DeepFake Voices for AI-Based Voice Analysis and Detection/Dataset/S5M04/Real/14.wav,0,MEN,MEN-S5M04,TG:8f5971aea28f10b7,19.3125,1,0.4341666666666667,1.0
mendeley/extracted/Bangla Audio Dataset Original and DeepFake Voices for AI-Based Voice Analysis and Detection/Dataset/S5M04/Real/15.wav,0,MEN,MEN-S5M04,TG:9ee45c5ef51f9754,18.046875,1,0.4341666666666667,1.0
mendeley/extracted/Bangla Audio Dataset Original and DeepFake Voices for AI-Based Voice Analysis and Detection/Dataset/S5M04/Real/16.wav,0,MEN,MEN-S5M04,TG:26a0237539c16b7f,-23.265625,1,0.3675,7.868057e-11
mendeley/extracted/Bangla Audio Dataset Original and DeepFake Voices for AI-Based Voice Analysis and Detection/Dataset/S5M04/Real/17.wav,0,MEN,MEN-S5M04,TG:bcd6cfadd3d9fac9,9.4453125,1,0.3675,0.99992096
mendeley/extracted/Bangla Audio Dataset Original and DeepFake Voices for AI-Based Voice Analysis and Detection/Dataset/S5M04/Real/18.wav,0,MEN,MEN-S5M04,TG:1a16fd08ceff4f12,12.9765625,1,0.4841666666666666,0.99999774
mendeley/extracted/Bangla Audio Dataset Original and DeepFake Voices for AI-Based Voice Analysis and Detection/Dataset/S5M04/Real/19.wav,0,MEN,MEN-S5M04,TG:c6a569cb1c42dd72,18.484375,1,0.4175,1.0
mendeley/extracted/Bangla Audio Dataset Original and DeepFake Voices for AI-Based Voice Analysis and Detection/Dataset/S5M04/Real/2.wav,0,MEN,MEN-S5M04,TG:0248b16eb662828b,-1.9472656,1,0.3508333333333333,0.12485182
mendeley/extracted/Bangla Audio Dataset Original and DeepFake Voices for AI-Based Voice Analysis and Detection/Dataset/S5M04/Real/20.wav,0,MEN,MEN-S5M04,TG:f279b4c95db0b6cc,18.765625,1,0.4008333333333334,1.0
mendeley/extracted/Bangla Audio Dataset Original and DeepFake Voices for AI-Based Voice Analysis and Detection/Dataset/S5M04/Real/21.wav,0,MEN,MEN-S5M04,TG:96c0436f4a426d67,16.65625,1,0.3508333333333333,1.0
mendeley/extracted/Bangla Audio Dataset Original and DeepFake Voices for AI-Based Voice Analysis and Detection/Dataset/S5M04/Real/22.wav,0,MEN,MEN-S5M04,TG:22d08af6ef894e28,-1.2099609,1,0.4008333333333334,0.22970797
mendeley/extracted/Bangla Audio Dataset Original and DeepFake Voices for AI-Based Voice Analysis and Detection/Dataset/S5M04/Real/23.wav,0,MEN,MEN-S5M04,TG:bb2d38b4a96c681d,-1.7109375,1,0.4341666666666667,0.15304215
mendeley/extracted/Bangla Audio Dataset Original and DeepFake Voices for AI-Based Voice Analysis and Detection/Dataset/S5M04/Real/24.wav,0,MEN,MEN-S5M04,TG:fe8586f872b894ef,1.3261719,1,0.4841666666666666,0.7902067
mendeley/extracted/Bangla Audio Dataset Original and DeepFake Voices for AI-Based Voice Analysis and Detection/Dataset/S5M04/Real/25.wav,0,MEN,MEN-S5M04,TG:5dd170d234240c99,11.7734375,1,0.3508333333333333,0.99999225
mendeley/extracted/Bangla Audio Dataset Original and DeepFake Voices for AI-Based Voice Analysis and Detection/Dataset/S5M04/Real/26.wav,0,MEN,MEN-S5M04,TG:2f3da6ae155e03e8,14.7734375,1,0.4341666666666667,0.99999964
mendeley/extracted/Bangla Audio Dataset Original and DeepFake Voices for AI-Based Voice Analysis and Detection/Dataset/S5M04/Real/27.wav,0,MEN,MEN-S5M04,TG:63c78e03d9938d12,15.0390625,1,0.3841666666666666,0.99999976
mendeley/extracted/Bangla Audio Dataset Original and DeepFake Voices for AI-Based Voice Analysis and Detection/Dataset/S5M04/Real/28.wav,0,MEN,MEN-S5M04,TG:152e03b810936dfc,-2.5625,1,0.4175,0.0715912
mendeley/extracted/Bangla Audio Dataset Original and DeepFake Voices for AI-Based Voice Analysis and Detection/Dataset/S5M04/Real/29.wav,0,MEN,MEN-S5M04,TG:d4b270a54076f01c,24.25,1,0.4508333333333333,1.0
mendeley/extracted/Bangla Audio Dataset Original and DeepFake Voices for AI-Based Voice Analysis and Detection/Dataset/S5M04/Real/3.wav,0,MEN,MEN-S5M04,TG:d71a97a6a92d9631,-10.0703125,1,0.3508333333333333,4.2315598e-05
mendeley/extracted/Bangla Audio Dataset Original and DeepFake Voices for AI-Based Voice Analysis and Detection/Dataset/S5M04/Real/30.wav,0,MEN,MEN-S5M04,TG:4d146ddad8824512,-0.87841797,1,0.5008333333333334,0.2935057
mendeley/extracted/Bangla Audio Dataset Original and DeepFake Voices for AI-Based Voice Analysis and Detection/Dataset/S5M04/Real/4.wav,0,MEN,MEN-S5M04,TG:d0f5a20088e8ff8d,-0.043792725,1,0.5008333333333334,0.48905358
mendeley/extracted/Bangla Audio Dataset Original and DeepFake Voices for AI-Based Voice Analysis and Detection/Dataset/S5M04/Real/5.wav,0,MEN,MEN-S5M04,TG:c6a1ce68ac716363,23.03125,1,0.4175,1.0
mendeley/extracted/Bangla Audio Dataset Original and DeepFake Voices for AI-Based Voice Analysis and Detection/Dataset/S5M04/Real/6.wav,0,MEN,MEN-S5M04,TG:5755dcb7f67d4970,13.453125,1,0.4675,0.99999857
mendeley/extracted/Bangla Audio Dataset Original and DeepFake Voices for AI-Based Voice Analysis and Detection/Dataset/S5M04/Real/7.wav,0,MEN,MEN-S5M04,TG:5f5a81604cedcad9,9.65625,1,0.4675,0.999936
mendeley/extracted/Bangla Audio Dataset Original and DeepFake Voices for AI-Based Voice Analysis and Detection/Dataset/S5M04/Real/8.wav,0,MEN,MEN-S5M04,TG:24597b348972aafa,-24.40625,1,0.3841666666666666,2.5147818e-11
mendeley/extracted/Bangla Audio Dataset Original and DeepFake Voices for AI-Based Voice Analysis and Detection/Dataset/S5M04/Real/9.wav,0,MEN,MEN-S5M04,TG:f35afca6bb05cddb,31.265625,1,0.3508333333333333,1.0
mendeley/extracted/Bangla Audio Dataset Original and DeepFake Voices for AI-Based Voice Analysis and Detection/Dataset/S6F03/Fake/1.wav,1,MEN,MEN-S6F03,TG:68335bcc60eb3cac,-16.25,1,0.5175000000000001,8.764247e-08
mendeley/extracted/Bangla Audio Dataset Original and DeepFake Voices for AI-Based Voice Analysis and Detection/Dataset/S6F03/Fake/10.wav,1,MEN,MEN-S6F03,TG:e15f93590e7860a4,-11.1328125,1,0.3608333333333333,1.4624283e-05
mendeley/extracted/Bangla Audio Dataset Original and DeepFake Voices for AI-Based Voice Analysis and Detection/Dataset/S6F03/Fake/11.wav,1,MEN,MEN-S6F03,TG:d013e21519294471,8.5703125,1,0.4175,0.9998104
mendeley/extracted/Bangla Audio Dataset Original and DeepFake Voices for AI-Based Voice Analysis and Detection/Dataset/S6F03/Fake/12.wav,1,MEN,MEN-S6F03,TG:36bbea584b595983,-11.2109375,1,0.3874999999999999,1.3525267e-05
mendeley/extracted/Bangla Audio Dataset Original and DeepFake Voices for AI-Based Voice Analysis and Detection/Dataset/S6F03/Fake/13.wav,1,MEN,MEN-S6F03,TG:448ba8616f75dbd9,-11.4296875,1,0.4875,1.0867886e-05
mendeley/extracted/Bangla Audio Dataset Original and DeepFake Voices for AI-Based Voice Analysis and Detection/Dataset/S6F03/Fake/14.wav,1,MEN,MEN-S6F03,TG:fccde5258a724e5b,-9.2578125,1,0.2041666666666667,9.535461e-05
mendeley/extracted/Bangla Audio Dataset Original and DeepFake Voices for AI-Based Voice Analysis and Detection/Dataset/S6F03/Fake/15.wav,1,MEN,MEN-S6F03,TG:153cebedfe6b30fd,-0.7104492,1,0.3874999999999999,0.32949957
mendeley/extracted/Bangla Audio Dataset Original and DeepFake Voices for AI-Based Voice Analysis and Detection/Dataset/S6F03/Fake/16.wav,1,MEN,MEN-S6F03,TG:5c7003922e4c7b58,-20.65625,1,0.4325,1.0693124e-09
mendeley/extracted/Bangla Audio Dataset Original and DeepFake Voices for AI-Based Voice Analysis and Detection/Dataset/S6F03/Fake/17.wav,1,MEN,MEN-S6F03,TG:80ca3c12226c16f7,-23.984375,1,0.3841666666666666,3.834584e-11
mendeley/extracted/Bangla Audio Dataset Original and DeepFake Voices for AI-Based Voice Analysis and Detection/Dataset/S6F03/Fake/18.wav,1,MEN,MEN-S6F03,TG:8a448ea3072baf86,5.3242188,1,0.3991666666666666,0.9951514
mendeley/extracted/Bangla Audio Dataset Original and DeepFake Voices for AI-Based Voice Analysis and Detection/Dataset/S6F03/Fake/19.wav,1,MEN,MEN-S6F03,TG:17da6e6a5329ede6,-6.2109375,1,0.4208333333333333,0.0020033333
mendeley/extracted/Bangla Audio Dataset Original and DeepFake Voices for AI-Based Voice Analysis and Detection/Dataset/S6F03/Fake/2.wav,1,MEN,MEN-S6F03,TG:992df96e94bc9811,9.8359375,1,0.4508333333333333,0.9999465
mendeley/extracted/Bangla Audio Dataset Original and DeepFake Voices for AI-Based Voice Analysis and Detection/Dataset/S6F03/Fake/20.wav,1,MEN,MEN-S6F03,TG:b9777a1fd57cb1c6,-7.9023438,1,0.4325,0.00036973887
mendeley/extracted/Bangla Audio Dataset Original and DeepFake Voices for AI-Based Voice Analysis and Detection/Dataset/S6F03/Fake/21.wav,1,MEN,MEN-S6F03,TG:258e34608251b4c7,-12.6484375,1,0.3058333333333333,3.2125654e-06
mendeley/extracted/Bangla Audio Dataset Original and DeepFake Voices for AI-Based Voice Analysis and Detection/Dataset/S6F03/Fake/22.wav,1,MEN,MEN-S6F03,TG:29664288ed9e8509,-13.1640625,1,0.4308333333333333,1.918313e-06
mendeley/extracted/Bangla Audio Dataset Original and DeepFake Voices for AI-Based Voice Analysis and Detection/Dataset/S6F03/Fake/23.wav,1,MEN,MEN-S6F03,TG:fcbf9ed932b2fbe3,2.1367188,1,0.4875,0.89442116
mendeley/extracted/Bangla Audio Dataset Original and DeepFake Voices for AI-Based Voice Analysis and Detection/Dataset/S6F03/Fake/24.wav,1,MEN,MEN-S6F03,TG:836191849433d6d5,-14.859375,1,0.3858333333333333,3.520913e-07
mendeley/extracted/Bangla Audio Dataset Original and DeepFake Voices for AI-Based Voice Analysis and Detection/Dataset/S6F03/Fake/25.wav,1,MEN,MEN-S6F03,TG:ea4035e74b42874c,17.03125,1,0.3241666666666667,1.0
mendeley/extracted/Bangla Audio Dataset Original and DeepFake Voices for AI-Based Voice Analysis and Detection/Dataset/S6F03/Fake/26.wav,1,MEN,MEN-S6F03,TG:0417b85de8b01bab,4.9804688,1,0.4341666666666667,0.99317604
mendeley/extracted/Bangla Audio Dataset Original and DeepFake Voices for AI-Based Voice Analysis and Detection/Dataset/S6F03/Fake/27.wav,1,MEN,MEN-S6F03,TG:3bf9109f0212e1a8,-14.140625,1,0.3108333333333333,7.2244416e-07
mendeley/extracted/Bangla Audio Dataset Original and DeepFake Voices for AI-Based Voice Analysis and Detection/Dataset/S6F03/Fake/28.wav,1,MEN,MEN-S6F03,TG:f961d28234037075,3.3242188,1,0.2458333333333333,0.9652504
mendeley/extracted/Bangla Audio Dataset Original and DeepFake Voices for AI-Based Voice Analysis and Detection/Dataset/S6F03/Fake/29.wav,1,MEN,MEN-S6F03,TG:b9495a9ec9da5af9,3.1972656,1,0.4808333333333333,0.96073127
mendeley/extracted/Bangla Audio Dataset Original and DeepFake Voices for AI-Based Voice Analysis and Detection/Dataset/S6F03/Fake/3.wav,1,MEN,MEN-S6F03,TG:e7e6ed6b7a4edc68,9.2890625,1,0.1708333333333332,0.9999076
mendeley/extracted/Bangla Audio Dataset Original and DeepFake Voices for AI-Based Voice Analysis and Detection/Dataset/S6F03/Fake/30.wav,1,MEN,MEN-S6F03,TG:0279e708e7bea563,-21.890625,1,0.5241666666666667,3.1118766e-10
mendeley/extracted/Bangla Audio Dataset Original and DeepFake Voices for AI-Based Voice Analysis and Detection/Dataset/S6F03/Fake/4.wav,1,MEN,MEN-S6F03,TG:bdf706ddf2da8f1f,7.1835938,1,0.3541666666666666,0.9992417
mendeley/extracted/Bangla Audio Dataset Original and DeepFake Voices for AI-Based Voice Analysis and Detection/Dataset/S6F03/Fake/5.wav,1,MEN,MEN-S6F03,TG:45be873ef4d69213,10.109375,1,0.4158333333333334,0.99995935
mendeley/extracted/Bangla Audio Dataset Original and DeepFake Voices for AI-Based Voice Analysis and Detection/Dataset/S6F03/Fake/6.wav,1,MEN,MEN-S6F03,TG:a9fde75db394091a,-1.4541016,1,0.4758333333333333,0.18937114
mendeley/extracted/Bangla Audio Dataset Original and DeepFake Voices for AI-Based Voice Analysis and Detection/Dataset/S6F03/Fake/7.wav,1,MEN,MEN-S6F03,TG:5be625d46c6a6e73,2.0117188,1,0.3974999999999999,0.882022
mendeley/extracted/Bangla Audio Dataset Original and DeepFake Voices for AI-Based Voice Analysis and Detection/Dataset/S6F03/Fake/8.wav,1,MEN,MEN-S6F03,TG:78ae5535499f2f6b,-20.203125,1,0.3008333333333333,1.6822647e-09
mendeley/extracted/Bangla Audio Dataset Original and DeepFake Voices for AI-Based Voice Analysis and Detection/Dataset/S6F03/Fake/9.wav,1,MEN,MEN-S6F03,TG:ea1c20689c6cd1cb,3.9042969,1,0.0808333333333333,0.98024315
mendeley/extracted/Bangla Audio Dataset Original and DeepFake Voices for AI-Based Voice Analysis and Detection/Dataset/S6F03/Real/1.wav,0,MEN,MEN-S6F03,TG:68335bcc60eb3cac,-4.5117188,1,0.6508333333333334,0.010860332
mendeley/extracted/Bangla Audio Dataset Original and DeepFake Voices for AI-Based Voice Analysis and Detection/Dataset/S6F03/Real/10.wav,0,MEN,MEN-S6F03,TG:e15f93590e7860a4,-22.96875,1,0.4841666666666666,1.0587626e-10
mendeley/extracted/Bangla Audio Dataset Original and DeepFake Voices for AI-Based Voice Analysis and Detection/Dataset/S6F03/Real/11.wav,0,MEN,MEN-S6F03,TG:d013e21519294471,-20.234375,1,0.5841666666666667,1.6305068e-09
mendeley/extracted/Bangla Audio Dataset Original and DeepFake Voices for AI-Based Voice Analysis and Detection/Dataset/S6F03/Real/12.wav,0,MEN,MEN-S6F03,TG:36bbea584b595983,13.65625,1,0.6008333333333333,0.9999988
mendeley/extracted/Bangla Audio Dataset Original and DeepFake Voices for AI-Based Voice Analysis and Detection/Dataset/S6F03/Real/13.wav,0,MEN,MEN-S6F03,TG:448ba8616f75dbd9,-8.25,1,0.4008333333333334,0.00026119035
mendeley/extracted/Bangla Audio Dataset Original and DeepFake Voices for AI-Based Voice Analysis and Detection/Dataset/S6F03/Real/14.wav,0,MEN,MEN-S6F03,TG:fccde5258a724e5b,-1.4453125,1,0.5508333333333333,0.19072403
mendeley/extracted/Bangla Audio Dataset Original and DeepFake Voices for AI-Based Voice Analysis and Detection/Dataset/S6F03/Real/15.wav,0,MEN,MEN-S6F03,TG:153cebedfe6b30fd,2.2753906,1,0.4508333333333333,0.90681833
mendeley/extracted/Bangla Audio Dataset Original and DeepFake Voices for AI-Based Voice Analysis and Detection/Dataset/S6F03/Real/16.wav,0,MEN,MEN-S6F03,TG:5c7003922e4c7b58,5.1757812,1,0.6008333333333333,0.99437994
mendeley/extracted/Bangla Audio Dataset Original and DeepFake Voices for AI-Based Voice Analysis and Detection/Dataset/S6F03/Real/17.wav,0,MEN,MEN-S6F03,TG:80ca3c12226c16f7,2.1738281,1,0.5675,0.8978745
mendeley/extracted/Bangla Audio Dataset Original and DeepFake Voices for AI-Based Voice Analysis and Detection/Dataset/S6F03/Real/18.wav,0,MEN,MEN-S6F03,TG:8a448ea3072baf86,7.4609375,1,0.6008333333333333,0.9994253
mendeley/extracted/Bangla Audio Dataset Original and DeepFake Voices for AI-Based Voice Analysis and Detection/Dataset/S6F03/Real/19.wav,0,MEN,MEN-S6F03,TG:17da6e6a5329ede6,-14.4921875,1,0.6174999999999999,5.0830306e-07
mendeley/extracted/Bangla Audio Dataset Original and DeepFake Voices for AI-Based Voice Analysis and Detection/Dataset/S6F03/Real/2.wav,0,MEN,MEN-S6F03,TG:992df96e94bc9811,-1.0263672,1,0.5341666666666667,0.263789
mendeley/extracted/Bangla Audio Dataset Original and DeepFake Voices for AI-Based Voice Analysis and Detection/Dataset/S6F03/Real/20.wav,0,MEN,MEN-S6F03,TG:b9777a1fd57cb1c6,17.84375,1,0.5008333333333334,1.0
mendeley/extracted/Bangla Audio Dataset Original and DeepFake Voices for AI-Based Voice Analysis and Detection/Dataset/S6F03/Real/21.wav,0,MEN,MEN-S6F03,TG:258e34608251b4c7,20.03125,1,0.5675,1.0
mendeley/extracted/Bangla Audio Dataset Original and DeepFake Voices for AI-Based Voice Analysis and Detection/Dataset/S6F03/Real/22.wav,0,MEN,MEN-S6F03,TG:29664288ed9e8509,-12.6875,1,0.5841666666666667,3.0894944e-06
mendeley/extracted/Bangla Audio Dataset Original and DeepFake Voices for AI-Based Voice Analysis and Detection/Dataset/S6F03/Real/23.wav,0,MEN,MEN-S6F03,TG:fcbf9ed932b2fbe3,-10.8828125,1,0.5675,1.8777875e-05
mendeley/extracted/Bangla Audio Dataset Original and DeepFake Voices for AI-Based Voice Analysis and Detection/Dataset/S6F03/Real/24.wav,0,MEN,MEN-S6F03,TG:836191849433d6d5,-15.0390625,1,0.5175000000000001,2.941833e-07
mendeley/extracted/Bangla Audio Dataset Original and DeepFake Voices for AI-Based Voice Analysis and Detection/Dataset/S6F03/Real/25.wav,0,MEN,MEN-S6F03,TG:ea4035e74b42874c,15.2265625,1,0.4175,0.99999976
mendeley/extracted/Bangla Audio Dataset Original and DeepFake Voices for AI-Based Voice Analysis and Detection/Dataset/S6F03/Real/26.wav,0,MEN,MEN-S6F03,TG:0417b85de8b01bab,9.75,1,0.5841666666666667,0.9999417
mendeley/extracted/Bangla Audio Dataset Original and DeepFake Voices for AI-Based Voice Analysis and Detection/Dataset/S6F03/Real/27.wav,0,MEN,MEN-S6F03,TG:3bf9109f0212e1a8,-1.3183594,1,0.5508333333333333,0.21109138
mendeley/extracted/Bangla Audio Dataset Original and DeepFake Voices for AI-Based Voice Analysis and Detection/Dataset/S6F03/Real/28.wav,0,MEN,MEN-S6F03,TG:f961d28234037075,7.5234375,1,0.5175000000000001,0.99946004
mendeley/extracted/Bangla Audio Dataset Original and DeepFake Voices for AI-Based Voice Analysis and Detection/Dataset/S6F03/Real/29.wav,0,MEN,MEN-S6F03,TG:b9495a9ec9da5af9,-3.8945312,1,0.5841666666666667,0.019946935
mendeley/extracted/Bangla Audio Dataset Original and DeepFake Voices for AI-Based Voice Analysis and Detection/Dataset/S6F03/Real/3.wav,0,MEN,MEN-S6F03,TG:e7e6ed6b7a4edc68,-16.6875,1,0.4841666666666666,5.658623e-08
mendeley/extracted/Bangla Audio Dataset Original and DeepFake Voices for AI-Based Voice Analysis and Detection/Dataset/S6F03/Real/30.wav,0,MEN,MEN-S6F03,TG:0279e708e7bea563,-18.140625,1,0.6675,1.3232036e-08
mendeley/extracted/Bangla Audio Dataset Original and DeepFake Voices for AI-Based Voice Analysis and Detection/Dataset/S6F03/Real/4.wav,0,MEN,MEN-S6F03,TG:bdf706ddf2da8f1f,-12.3984375,1,0.5341666666666667,4.125012e-06
mendeley/extracted/Bangla Audio Dataset Original and DeepFake Voices for AI-Based Voice Analysis and Detection/Dataset/S6F03/Real/5.wav,0,MEN,MEN-S6F03,TG:45be873ef4d69213,24.15625,1,0.5175000000000001,1.0
mendeley/extracted/Bangla Audio Dataset Original and DeepFake Voices for AI-Based Voice Analysis and Detection/Dataset/S6F03/Real/6.wav,0,MEN,MEN-S6F03,TG:a9fde75db394091a,-17.046875,1,0.5175000000000001,3.9503565e-08
mendeley/extracted/Bangla Audio Dataset Original and DeepFake Voices for AI-Based Voice Analysis and Detection/Dataset/S6F03/Real/7.wav,0,MEN,MEN-S6F03,TG:5be625d46c6a6e73,-20.34375,1,0.4675,1.4615766e-09
mendeley/extracted/Bangla Audio Dataset Original and DeepFake Voices for AI-Based Voice Analysis and Detection/Dataset/S6F03/Real/8.wav,0,MEN,MEN-S6F03,TG:78ae5535499f2f6b,-5.578125,1,0.4508333333333333,0.003765414
mendeley/extracted/Bangla Audio Dataset Original and DeepFake Voices for AI-Based Voice Analysis and Detection/Dataset/S6F03/Real/9.wav,0,MEN,MEN-S6F03,TG:ea1c20689c6cd1cb,11.890625,1,0.4841666666666666,0.9999932
mendeley/extracted/Bangla Audio Dataset Original and DeepFake Voices for AI-Based Voice Analysis and Detection/Dataset/S6F04/Fake/1.wav,1,MEN,MEN-S6F04,TG:68335bcc60eb3cac,-21.921875,1,0.4975,3.0161346e-10
mendeley/extracted/Bangla Audio Dataset Original and DeepFake Voices for AI-Based Voice Analysis and Detection/Dataset/S6F04/Fake/10.wav,1,MEN,MEN-S6F04,TG:e15f93590e7860a4,13.1796875,1,0.3558333333333333,0.9999981
mendeley/extracted/Bangla Audio Dataset Original and DeepFake Voices for AI-Based Voice Analysis and Detection/Dataset/S6F04/Fake/11.wav,1,MEN,MEN-S6F04,TG:d013e21519294471,6.640625,1,0.4341666666666667,0.99869555
mendeley/extracted/Bangla Audio Dataset Original and DeepFake Voices for AI-Based Voice Analysis and Detection/Dataset/S6F04/Fake/12.wav,1,MEN,MEN-S6F04,TG:36bbea584b595983,-11.4453125,1,0.4125,1.0699397e-05
mendeley/extracted/Bangla Audio Dataset Original and DeepFake Voices for AI-Based Voice Analysis and Detection/Dataset/S6F04/Fake/13.wav,1,MEN,MEN-S6F04,TG:448ba8616f75dbd9,-2.1210938,1,0.4508333333333333,0.10706346
mendeley/extracted/Bangla Audio Dataset Original and DeepFake Voices for AI-Based Voice Analysis and Detection/Dataset/S6F04/Fake/14.wav,1,MEN,MEN-S6F04,TG:fccde5258a724e5b,-1.2617188,1,0.2025,0.22067817
mendeley/extracted/Bangla Audio Dataset Original and DeepFake Voices for AI-Based Voice Analysis and Detection/Dataset/S6F04/Fake/15.wav,1,MEN,MEN-S6F04,TG:153cebedfe6b30fd,-2.546875,1,0.4275,0.07263671
mendeley/extracted/Bangla Audio Dataset Original and DeepFake Voices for AI-Based Voice Analysis and Detection/Dataset/S6F04/Fake/16.wav,1,MEN,MEN-S6F04,TG:5c7003922e4c7b58,0.7001953,1,0.4641666666666666,0.66823107
mendeley/extracted/Bangla Audio Dataset Original and DeepFake Voices for AI-Based Voice Analysis and Detection/Dataset/S6F04/Fake/17.wav,1,MEN,MEN-S6F04,TG:80ca3c12226c16f7,-18.140625,1,0.3741666666666666,1.3232036e-08
mendeley/extracted/Bangla Audio Dataset Original and DeepFake Voices for AI-Based Voice Analysis and Detection/Dataset/S6F04/Fake/18.wav,1,MEN,MEN-S6F04,TG:8a448ea3072baf86,1.8046875,1,0.5058333333333334,0.8587186
mendeley/extracted/Bangla Audio Dataset Original and DeepFake Voices for AI-Based Voice Analysis and Detection/Dataset/S6F04/Fake/19.wav,1,MEN,MEN-S6F04,TG:17da6e6a5329ede6,4.3984375,1,0.4241666666666667,0.9878528
mendeley/extracted/Bangla Audio Dataset Original and DeepFake Voices for AI-Based Voice Analysis and Detection/Dataset/S6F04/Fake/2.wav,1,MEN,MEN-S6F04,TG:992df96e94bc9811,12.375,1,0.4191666666666667,0.9999958
mendeley/extracted/Bangla Audio Dataset Original and DeepFake Voices for AI-Based Voice Analysis and Detection/Dataset/S6F04/Fake/20.wav,1,MEN,MEN-S6F04,TG:b9777a1fd57cb1c6,10.0390625,1,0.4191666666666667,0.99995637
mendeley/extracted/Bangla Audio Dataset Original and DeepFake Voices for AI-Based Voice Analysis and Detection/Dataset/S6F04/Fake/21.wav,1,MEN,MEN-S6F04,TG:258e34608251b4c7,-18.0,1,0.3675,1.5229979e-08
mendeley/extracted/Bangla Audio Dataset Original and DeepFake Voices for AI-Based Voice Analysis and Detection/Dataset/S6F04/Fake/22.wav,1,MEN,MEN-S6F04,TG:29664288ed9e8509,-0.91552734,1,0.4241666666666667,0.2858701
mendeley/extracted/Bangla Audio Dataset Original and DeepFake Voices for AI-Based Voice Analysis and Detection/Dataset/S6F04/Fake/23.wav,1,MEN,MEN-S6F04,TG:fcbf9ed932b2fbe3,20.140625,1,0.5341666666666667,1.0
mendeley/extracted/Bangla Audio Dataset Original and DeepFake Voices for AI-Based Voice Analysis and Detection/Dataset/S6F04/Fake/24.wav,1,MEN,MEN-S6F04,TG:836191849433d6d5,-16.203125,1,0.4341666666666667,9.184853e-08
mendeley/extracted/Bangla Audio Dataset Original and DeepFake Voices for AI-Based Voice Analysis and Detection/Dataset/S6F04/Fake/25.wav,1,MEN,MEN-S6F04,TG:ea4035e74b42874c,10.4375,1,0.2708333333333333,0.9999707
mendeley/extracted/Bangla Audio Dataset Original and DeepFake Voices for AI-Based Voice Analysis and Detection/Dataset/S6F04/Fake/26.wav,1,MEN,MEN-S6F04,TG:0417b85de8b01bab,15.0078125,1,0.4508333333333333,0.99999964
mendeley/extracted/Bangla Audio Dataset Original and DeepFake Voices for AI-Based Voice Analysis and Detection/Dataset/S6F04/Fake/27.wav,1,MEN,MEN-S6F04,TG:3bf9109f0212e1a8,-3.0097656,1,0.3208333333333333,0.04698664
mendeley/extracted/Bangla Audio Dataset Original and DeepFake Voices for AI-Based Voice Analysis and Detection/Dataset/S6F04/Fake/28.wav,1,MEN,MEN-S6F04,TG:f961d28234037075,6.7890625,1,0.2341666666666666,0.9988752
mendeley/extracted/Bangla Audio Dataset Original and DeepFake Voices for AI-Based Voice Analysis and Detection/Dataset/S6F04/Fake/29.wav,1,MEN,MEN-S6F04,TG:b9495a9ec9da5af9,1.8007812,1,0.4775,0.858244
mendeley/extracted/Bangla Audio Dataset Original and DeepFake Voices for AI-Based Voice Analysis and Detection/Dataset/S6F04/Fake/3.wav,1,MEN,MEN-S6F04,TG:e7e6ed6b7a4edc68,7.1289062,1,0.2141666666666666,0.9991991
mendeley/extracted/Bangla Audio Dataset Original and DeepFake Voices for AI-Based Voice Analysis and Detection/Dataset/S6F04/Fake/30.wav,1,MEN,MEN-S6F04,TG:0279e708e7bea563,-22.390625,1,0.5241666666666667,1.8874485e-10
mendeley/extracted/Bangla Audio Dataset Original and DeepFake Voices for AI-Based Voice Analysis and Detection/Dataset/S6F04/Fake/4.wav,1,MEN,MEN-S6F04,TG:bdf706ddf2da8f1f,11.2109375,1,0.3241666666666667,0.9999865
mendeley/extracted/Bangla Audio Dataset Original and DeepFake Voices for AI-Based Voice Analysis and Detection/Dataset/S6F04/Fake/5.wav,1,MEN,MEN-S6F04,TG:45be873ef4d69213,8.1953125,1,0.4291666666666667,0.9997241
mendeley/extracted/Bangla Audio Dataset Original and DeepFake Voices for AI-Based Voice Analysis and Detection/Dataset/S6F04/Fake/6.wav,1,MEN,MEN-S6F04,TG:a9fde75db394091a,-7.828125,1,0.4775,0.0003982131
mendeley/extracted/Bangla Audio Dataset Original and DeepFake Voices for AI-Based Voice Analysis and Detection/Dataset/S6F04/Fake/7.wav,1,MEN,MEN-S6F04,TG:5be625d46c6a6e73,5.2070312,1,0.3991666666666666,0.99455196
mendeley/extracted/Bangla Audio Dataset Original and DeepFake Voices for AI-Based Voice Analysis and Detection/Dataset/S6F04/Fake/8.wav,1,MEN,MEN-S6F04,TG:78ae5535499f2f6b,12.7421875,1,0.3241666666666667,0.999997
mendeley/extracted/Bangla Audio Dataset Original and DeepFake Voices for AI-Based Voice Analysis and Detection/Dataset/S6F04/Fake/9.wav,1,MEN,MEN-S6F04,TG:ea1c20689c6cd1cb,-6.7382812,1,0.2508333333333333,0.0011832797
mendeley/extracted/Bangla Audio Dataset Original and DeepFake Voices for AI-Based Voice Analysis and Detection/Dataset/S6F04/Real/1.wav,0,MEN,MEN-S6F04,TG:68335bcc60eb3cac,16.453125,1,0.3841666666666666,0.9999999
mendeley/extracted/Bangla Audio Dataset Original and DeepFake Voices for AI-Based Voice Analysis and Detection/Dataset/S6F04/Real/10.wav,0,MEN,MEN-S6F04,TG:e15f93590e7860a4,24.609375,1,0.2674999999999999,1.0
mendeley/extracted/Bangla Audio Dataset Original and DeepFake Voices for AI-Based Voice Analysis and Detection/Dataset/S6F04/Real/11.wav,0,MEN,MEN-S6F04,TG:d013e21519294471,-4.9804688,1,0.3341666666666666,0.0068239546
mendeley/extracted/Bangla Audio Dataset Original and DeepFake Voices for AI-Based Voice Analysis and Detection/Dataset/S6F04/Real/12.wav,0,MEN,MEN-S6F04,TG:36bbea584b595983,16.0,1,0.2841666666666667,0.9999999
mendeley/extracted/Bangla Audio Dataset Original and DeepFake Voices for AI-Based Voice Analysis and Detection/Dataset/S6F04/Real/13.wav,0,MEN,MEN-S6F04,TG:448ba8616f75dbd9,-16.125,1,0.3175,9.931194e-08
mendeley/extracted/Bangla Audio Dataset Original and DeepFake Voices for AI-Based Voice Analysis and Detection/Dataset/S6F04/Real/14.wav,0,MEN,MEN-S6F04,TG:fccde5258a724e5b,-2.9726562,1,0.2175,0.048676573
mendeley/extracted/Bangla Audio Dataset Original and DeepFake Voices for AI-Based Voice Analysis and Detection/Dataset/S6F04/Real/15.wav,0,MEN,MEN-S6F04,TG:153cebedfe6b30fd,8.671875,1,0.2341666666666666,0.9998287
mendeley/extracted/Bangla Audio Dataset Original and DeepFake Voices for AI-Based Voice Analysis and Detection/Dataset/S6F04/Real/16.wav,0,MEN,MEN-S6F04,TG:5c7003922e4c7b58,7.390625,1,0.2674999999999999,0.99938333
mendeley/extracted/Bangla Audio Dataset Original and DeepFake Voices for AI-Based Voice Analysis and Detection/Dataset/S6F04/Real/17.wav,0,MEN,MEN-S6F04,TG:80ca3c12226c16f7,-8.5703125,1,0.3675,0.00018961739
mendeley/extracted/Bangla Audio Dataset Original and DeepFake Voices for AI-Based Voice Analysis and Detection/Dataset/S6F04/Real/18.wav,0,MEN,MEN-S6F04,TG:8a448ea3072baf86,2.6347656,1,0.3675,0.93306583
mendeley/extracted/Bangla Audio Dataset Original and DeepFake Voices for AI-Based Voice Analysis and Detection/Dataset/S6F04/Real/19.wav,0,MEN,MEN-S6F04,TG:17da6e6a5329ede6,8.625,1,0.3175,0.99982053
mendeley/extracted/Bangla Audio Dataset Original and DeepFake Voices for AI-Based Voice Analysis and Detection/Dataset/S6F04/Real/2.wav,0,MEN,MEN-S6F04,TG:992df96e94bc9811,10.46875,1,0.3175,0.9999716
mendeley/extracted/Bangla Audio Dataset Original and DeepFake Voices for AI-Based Voice Analysis and Detection/Dataset/S6F04/Real/20.wav,0,MEN,MEN-S6F04,TG:b9777a1fd57cb1c6,19.25,1,0.2008333333333333,1.0
mendeley/extracted/Bangla Audio Dataset Original and DeepFake Voices for AI-Based Voice Analysis and Detection/Dataset/S6F04/Real/21.wav,0,MEN,MEN-S6F04,TG:258e34608251b4c7,-17.421875,1,0.4175,2.7150374e-08
mendeley/extracted/Bangla Audio Dataset Original and DeepFake Voices for AI-Based Voice Analysis and Detection/Dataset/S6F04/Real/22.wav,0,MEN,MEN-S6F04,TG:29664288ed9e8509,8.9296875,1,0.2674999999999999,0.99986756
mendeley/extracted/Bangla Audio Dataset Original and DeepFake Voices for AI-Based Voice Analysis and Detection/Dataset/S6F04/Real/23.wav,0,MEN,MEN-S6F04,TG:fcbf9ed932b2fbe3,17.0625,1,0.1674999999999999,1.0
mendeley/extracted/Bangla Audio Dataset Original and DeepFake Voices for AI-Based Voice Analysis and Detection/Dataset/S6F04/Real/24.wav,0,MEN,MEN-S6F04,TG:836191849433d6d5,22.84375,1,0.2508333333333333,1.0
mendeley/extracted/Bangla Audio Dataset Original and DeepFake Voices for AI-Based Voice Analysis and Detection/Dataset/S6F04/Real/25.wav,0,MEN,MEN-S6F04,TG:ea4035e74b42874c,9.640625,1,0.1841666666666667,0.9999349
mendeley/extracted/Bangla Audio Dataset Original and DeepFake Voices for AI-Based Voice Analysis and Detection/Dataset/S6F04/Real/26.wav,0,MEN,MEN-S6F04,TG:0417b85de8b01bab,7.2265625,1,0.3508333333333333,0.9992735
mendeley/extracted/Bangla Audio Dataset Original and DeepFake Voices for AI-Based Voice Analysis and Detection/Dataset/S6F04/Real/27.wav,0,MEN,MEN-S6F04,TG:3bf9109f0212e1a8,5.5039062,1,0.3341666666666666,0.99594563
mendeley/extracted/Bangla Audio Dataset Original and DeepFake Voices for AI-Based Voice Analysis and Detection/Dataset/S6F04/Real/28.wav,0,MEN,MEN-S6F04,TG:f961d28234037075,3.9746094,1,0.2674999999999999,0.98155975
mendeley/extracted/Bangla Audio Dataset Original and DeepFake Voices for AI-Based Voice Analysis and Detection/Dataset/S6F04/Real/29.wav,0,MEN,MEN-S6F04,TG:b9495a9ec9da5af9,-4.4023438,1,0.4175,0.012100386
mendeley/extracted/Bangla Audio Dataset Original and DeepFake Voices for AI-Based Voice Analysis and Detection/Dataset/S6F04/Real/3.wav,0,MEN,MEN-S6F04,TG:e7e6ed6b7a4edc68,8.0390625,1,0.3341666666666666,0.99967754
mendeley/extracted/Bangla Audio Dataset Original and DeepFake Voices for AI-Based Voice Analysis and Detection/Dataset/S6F04/Real/30.wav,0,MEN,MEN-S6F04,TG:0279e708e7bea563,3.0039062,1,0.3508333333333333,0.95275027
mendeley/extracted/Bangla Audio Dataset Original and DeepFake Voices for AI-Based Voice Analysis and Detection/Dataset/S6F04/Real/4.wav,0,MEN,MEN-S6F04,TG:bdf706ddf2da8f1f,8.4453125,1,0.4175,0.9997851
mendeley/extracted/Bangla Audio Dataset Original and DeepFake Voices for AI-Based Voice Analysis and Detection/Dataset/S6F04/Real/5.wav,0,MEN,MEN-S6F04,TG:45be873ef4d69213,22.75,1,0.4175,1.0
mendeley/extracted/Bangla Audio Dataset Original and DeepFake Voices for AI-Based Voice Analysis and Detection/Dataset/S6F04/Real/6.wav,0,MEN,MEN-S6F04,TG:a9fde75db394091a,26.109375,1,0.3841666666666666,1.0
mendeley/extracted/Bangla Audio Dataset Original and DeepFake Voices for AI-Based Voice Analysis and Detection/Dataset/S6F04/Real/7.wav,0,MEN,MEN-S6F04,TG:5be625d46c6a6e73,6.7460938,1,0.3508333333333333,0.99882597
mendeley/extracted/Bangla Audio Dataset Original and DeepFake Voices for AI-Based Voice Analysis and Detection/Dataset/S6F04/Real/8.wav,0,MEN,MEN-S6F04,TG:78ae5535499f2f6b,-3.7207031,1,0.3341666666666666,0.023644341
mendeley/extracted/Bangla Audio Dataset Original and DeepFake Voices for AI-Based Voice Analysis and Detection/Dataset/S6F04/Real/9.wav,0,MEN,MEN-S6F04,TG:ea1c20689c6cd1cb,3.9824219,1,0.2008333333333333,0.9817007
mendeley/extracted/Bangla Audio Dataset Original and DeepFake Voices for AI-Based Voice Analysis and Detection/Dataset/S6M01/Fake/1.wav,1,MEN,MEN-S6M01,TG:68335bcc60eb3cac,-19.875,1,0.5525,2.335593e-09
mendeley/extracted/Bangla Audio Dataset Original and DeepFake Voices for AI-Based Voice Analysis and Detection/Dataset/S6M01/Fake/10.wav,1,MEN,MEN-S6M01,TG:e15f93590e7860a4,-8.8828125,1,0.2325,0.00013873413
mendeley/extracted/Bangla Audio Dataset Original and DeepFake Voices for AI-Based Voice Analysis and Detection/Dataset/S6M01/Fake/11.wav,1,MEN,MEN-S6M01,TG:d013e21519294471,-20.953125,1,0.3808333333333333,7.946455e-10
mendeley/extracted/Bangla Audio Dataset Original and DeepFake Voices for AI-Based Voice Analysis and Detection/Dataset/S6M01/Fake/12.wav,1,MEN,MEN-S6M01,TG:36bbea584b595983,-6.6796875,1,0.4775,0.0012545944
mendeley/extracted/Bangla Audio Dataset Original and DeepFake Voices for AI-Based Voice Analysis and Detection/Dataset/S6M01/Fake/13.wav,1,MEN,MEN-S6M01,TG:448ba8616f75dbd9,-11.109375,1,0.3741666666666666,1.4971084e-05
mendeley/extracted/Bangla Audio Dataset Original and DeepFake Voices for AI-Based Voice Analysis and Detection/Dataset/S6M01/Fake/14.wav,1,MEN,MEN-S6M01,TG:fccde5258a724e5b,-4.1328125,1,0.3041666666666667,0.015784562
mendeley/extracted/Bangla Audio Dataset Original and DeepFake Voices for AI-Based Voice Analysis and Detection/Dataset/S6M01/Fake/15.wav,1,MEN,MEN-S6M01,TG:153cebedfe6b30fd,-5.6289062,1,0.2758333333333334,0.0035796424
mendeley/extracted/Bangla Audio Dataset Original and DeepFake Voices for AI-Based Voice Analysis and Detection/Dataset/S6M01/Fake/16.wav,1,MEN,MEN-S6M01,TG:5c7003922e4c7b58,10.421875,1,0.3625,0.9999702
mendeley/extracted/Bangla Audio Dataset Original and DeepFake Voices for AI-Based Voice Analysis and Detection/Dataset/S6M01/Fake/17.wav,1,MEN,MEN-S6M01,TG:80ca3c12226c16f7,-26.109375,1,0.4308333333333333,4.579758e-12
mendeley/extracted/Bangla Audio Dataset Original and DeepFake Voices for AI-Based Voice Analysis and Detection/Dataset/S6M01/Fake/18.wav,1,MEN,MEN-S6M01,TG:8a448ea3072baf86,1.2919922,1,0.4341666666666667,0.7844842
mendeley/extracted/Bangla Audio Dataset Original and DeepFake Voices for AI-Based Voice Analysis and Detection/Dataset/S6M01/Fake/19.wav,1,MEN,MEN-S6M01,TG:17da6e6a5329ede6,-3.4726562,1,0.4708333333333333,0.030100338
mendeley/extracted/Bangla Audio Dataset Original and DeepFake Voices for AI-Based Voice Analysis and Detection/Dataset/S6M01/Fake/2.wav,1,MEN,MEN-S6M01,TG:992df96e94bc9811,4.3476562,1,0.3941666666666666,0.98722816
mendeley/extracted/Bangla Audio Dataset Original and DeepFake Voices for AI-Based Voice Analysis and Detection/Dataset/S6M01/Fake/20.wav,1,MEN,MEN-S6M01,TG:b9777a1fd57cb1c6,0.3623047,1,0.3175,0.58959824
mendeley/extracted/Bangla Audio Dataset Original and DeepFake Voices for AI-Based Voice Analysis and Detection/Dataset/S6M01/Fake/21.wav,1,MEN,MEN-S6M01,TG:258e34608251b4c7,-2.3125,1,0.3541666666666666,0.090092994
mendeley/extracted/Bangla Audio Dataset Original and DeepFake Voices for AI-Based Voice Analysis and Detection/Dataset/S6M01/Fake/22.wav,1,MEN,MEN-S6M01,TG:29664288ed9e8509,-18.421875,1,0.3824999999999999,9.988065e-09
mendeley/extracted/Bangla Audio Dataset Original and DeepFake Voices for AI-Based Voice Analysis and Detection/Dataset/S6M01/Fake/23.wav,1,MEN,MEN-S6M01,TG:fcbf9ed932b2fbe3,16.59375,1,0.5108333333333333,0.9999999
mendeley/extracted/Bangla Audio Dataset Original and DeepFake Voices for AI-Based Voice Analysis and Detection/Dataset/S6M01/Fake/24.wav,1,MEN,MEN-S6M01,TG:836191849433d6d5,5.2617188,1,0.4441666666666667,0.9948403
mendeley/extracted/Bangla Audio Dataset Original and DeepFake Voices for AI-Based Voice Analysis and Detection/Dataset/S6M01/Fake/25.wav,1,MEN,MEN-S6M01,TG:ea4035e74b42874c,9.3203125,1,0.3708333333333333,0.99991035
mendeley/extracted/Bangla Audio Dataset Original and DeepFake Voices for AI-Based Voice Analysis and Detection/Dataset/S6M01/Fake/26.wav,1,MEN,MEN-S6M01,TG:0417b85de8b01bab,-19.53125,1,0.4775,3.293714e-09
mendeley/extracted/Bangla Audio Dataset Original and DeepFake Voices for AI-Based Voice Analysis and Detection/Dataset/S6M01/Fake/27.wav,1,MEN,MEN-S6M01,TG:3bf9109f0212e1a8,-1.5878906,1,0.3941666666666666,0.16968086
mendeley/extracted/Bangla Audio Dataset Original and DeepFake Voices for AI-Based Voice Analysis and Detection/Dataset/S6M01/Fake/28.wav,1,MEN,MEN-S6M01,TG:f961d28234037075,-17.890625,1,0.3275,1.699027e-08
mendeley/extracted/Bangla Audio Dataset Original and DeepFake Voices for AI-Based Voice Analysis and Detection/Dataset/S6M01/Fake/29.wav,1,MEN,MEN-S6M01,TG:b9495a9ec9da5af9,-15.953125,1,0.4408333333333333,1.1793583e-07
mendeley/extracted/Bangla Audio Dataset Original and DeepFake Voices for AI-Based Voice Analysis and Detection/Dataset/S6M01/Fake/3.wav,1,MEN,MEN-S6M01,TG:e7e6ed6b7a4edc68,14.9921875,1,0.1691666666666667,0.99999964
mendeley/extracted/Bangla Audio Dataset Original and DeepFake Voices for AI-Based Voice Analysis and Detection/Dataset/S6M01/Fake/30.wav,1,MEN,MEN-S6M01,TG:0279e708e7bea563,-8.3671875,1,0.5308333333333333,0.0002323142
mendeley/extracted/Bangla Audio Dataset Original and DeepFake Voices for AI-Based Voice Analysis and Detection/Dataset/S6M01/Fake/4.wav,1,MEN,MEN-S6M01,TG:bdf706ddf2da8f1f,-5.6289062,1,0.2908333333333334,0.0035796424
mendeley/extracted/Bangla Audio Dataset Original and DeepFake Voices for AI-Based Voice Analysis and Detection/Dataset/S6M01/Fake/5.wav,1,MEN,MEN-S6M01,TG:45be873ef4d69213,-1.0507812,1,0.3358333333333333,0.2590751
mendeley/extracted/Bangla Audio Dataset Original and DeepFake Voices for AI-Based Voice Analysis and Detection/Dataset/S6M01/Fake/6.wav,1,MEN,MEN-S6M01,TG:a9fde75db394091a,-10.3046875,1,0.2225,3.347469e-05
mendeley/extracted/Bangla Audio Dataset Original and DeepFake Voices for AI-Based Voice Analysis and Detection/Dataset/S6M01/Fake/7.wav,1,MEN,MEN-S6M01,TG:5be625d46c6a6e73,1.7841797,1,0.0308333333333333,0.8562122
mendeley/extracted/Bangla Audio Dataset Original and DeepFake Voices for AI-Based Voice Analysis and Detection/Dataset/S6M01/Fake/8.wav,1,MEN,MEN-S6M01,TG:78ae5535499f2f6b,-3.1503906,1,0.2674999999999999,0.041075893
mendeley/extracted/Bangla Audio Dataset Original and DeepFake Voices for AI-Based Voice Analysis and Detection/Dataset/S6M01/Fake/9.wav,1,MEN,MEN-S6M01,TG:ea1c20689c6cd1cb,-2.0136719,1,0.1541666666666666,0.11777492
mendeley/extracted/Bangla Audio Dataset Original and DeepFake Voices for AI-Based Voice Analysis and Detection/Dataset/S6M01/Real/1.wav,0,MEN,MEN-S6M01,TG:68335bcc60eb3cac,18.71875,1,0.4508333333333333,1.0
mendeley/extracted/Bangla Audio Dataset Original and DeepFake Voices for AI-Based Voice Analysis and Detection/Dataset/S6M01/Real/10.wav,0,MEN,MEN-S6M01,TG:e15f93590e7860a4,17.28125,1,0.3008333333333333,1.0
mendeley/extracted/Bangla Audio Dataset Original and DeepFake Voices for AI-Based Voice Analysis and Detection/Dataset/S6M01/Real/11.wav,0,MEN,MEN-S6M01,TG:d013e21519294471,-3.7460938,1,0.3175,0.023065226
mendeley/extracted/Bangla Audio Dataset Original and DeepFake Voices for AI-Based Voice Analysis and Detection/Dataset/S6M01/Real/12.wav,0,MEN,MEN-S6M01,TG:36bbea584b595983,11.734375,1,0.3841666666666666,0.999992
mendeley/extracted/Bangla Audio Dataset Original and DeepFake Voices for AI-Based Voice Analysis and Detection/Dataset/S6M01/Real/13.wav,0,MEN,MEN-S6M01,TG:448ba8616f75dbd9,-14.171875,1,0.3508333333333333,7.0021684e-07
mendeley/extracted/Bangla Audio Dataset Original and DeepFake Voices for AI-Based Voice Analysis and Detection/Dataset/S6M01/Real/14.wav,0,MEN,MEN-S6M01,TG:fccde5258a724e5b,11.390625,1,0.2175,0.9999887
mendeley/extracted/Bangla Audio Dataset Original and DeepFake Voices for AI-Based Voice Analysis and Detection/Dataset/S6M01/Real/15.wav,0,MEN,MEN-S6M01,TG:153cebedfe6b30fd,24.03125,1,0.3175,1.0
mendeley/extracted/Bangla Audio Dataset Original and DeepFake Voices for AI-Based Voice Analysis and Detection/Dataset/S6M01/Real/16.wav,0,MEN,MEN-S6M01,TG:5c7003922e4c7b58,-4.1289062,1,0.3341666666666666,0.015845362
mendeley/extracted/Bangla Audio Dataset Original and DeepFake Voices for AI-Based Voice Analysis and Detection/Dataset/S6M01/Real/17.wav,0,MEN,MEN-S6M01,TG:80ca3c12226c16f7,15.7109375,1,0.3508333333333333,0.9999999
mendeley/extracted/Bangla Audio Dataset Original and DeepFake Voices for AI-Based Voice Analysis and Detection/Dataset/S6M01/Real/18.wav,0,MEN,MEN-S6M01,TG:8a448ea3072baf86,5.3984375,1,0.3675,0.99549675
mendeley/extracted/Bangla Audio Dataset Original and DeepFake Voices for AI-Based Voice Analysis and Detection/Dataset/S6M01/Real/19.wav,0,MEN,MEN-S6M01,TG:17da6e6a5329ede6,4.7226562,1,0.3841666666666666,0.9911868
mendeley/extracted/Bangla Audio Dataset Original and DeepFake Voices for AI-Based Voice Analysis and Detection/Dataset/S6M01/Real/2.wav,0,MEN,MEN-S6M01,TG:992df96e94bc9811,31.8125,1,0.3175,1.0
mendeley/extracted/Bangla Audio Dataset Original and DeepFake Voices for AI-Based Voice Analysis and Detection/Dataset/S6M01/Real/20.wav,0,MEN,MEN-S6M01,TG:b9777a1fd57cb1c6,30.25,1,0.3675,1.0
mendeley/extracted/Bangla Audio Dataset Original and DeepFake Voices for AI-Based Voice Analysis and Detection/Dataset/S6M01/Real/21.wav,0,MEN,MEN-S6M01,TG:258e34608251b4c7,-6.9921875,1,0.4341666666666667,0.00091819005
mendeley/extracted/Bangla Audio Dataset Original and DeepFake Voices for AI-Based Voice Analysis and Detection/Dataset/S6M01/Real/22.wav,0,MEN,MEN-S6M01,TG:29664288ed9e8509,3.9628906,1,0.4008333333333334,0.98134655
mendeley/extracted/Bangla Audio Dataset Original and DeepFake Voices for AI-Based Voice Analysis and Detection/Dataset/S6M01/Real/23.wav,0,MEN,MEN-S6M01,TG:fcbf9ed932b2fbe3,28.359375,1,0.2841666666666667,1.0
mendeley/extracted/Bangla Audio Dataset Original and DeepFake Voices for AI-Based Voice Analysis and Detection/Dataset/S6M01/Real/24.wav,0,MEN,MEN-S6M01,TG:836191849433d6d5,30.6875,1,0.2841666666666667,1.0
mendeley/extracted/Bangla Audio Dataset Original and DeepFake Voices for AI-Based Voice Analysis and Detection/Dataset/S6M01/Real/25.wav,0,MEN,MEN-S6M01,TG:ea4035e74b42874c,-6.7890625,1,0.2674999999999999,0.0011247575
mendeley/extracted/Bangla Audio Dataset Original and DeepFake Voices for AI-Based Voice Analysis and Detection/Dataset/S6M01/Real/26.wav,0,MEN,MEN-S6M01,TG:0417b85de8b01bab,3.9765625,1,0.3508333333333333,0.98159516
mendeley/extracted/Bangla Audio Dataset Original and DeepFake Voices for AI-Based Voice Analysis and Detection/Dataset/S6M01/Real/27.wav,0,MEN,MEN-S6M01,TG:3bf9109f0212e1a8,-25.421875,1,0.4008333333333334,9.107937e-12
mendeley/extracted/Bangla Audio Dataset Original and DeepFake Voices for AI-Based Voice Analysis and Detection/Dataset/S6M01/Real/28.wav,0,MEN,MEN-S6M01,TG:f961d28234037075,11.0546875,1,0.3508333333333333,0.99998415
mendeley/extracted/Bangla Audio Dataset Original and DeepFake Voices for AI-Based Voice Analysis and Detection/Dataset/S6M01/Real/29.wav,0,MEN,MEN-S6M01,TG:b9495a9ec9da5af9,-12.8671875,1,0.3841666666666666,2.5813706e-06
mendeley/extracted/Bangla Audio Dataset Original and DeepFake Voices for AI-Based Voice Analysis and Detection/Dataset/S6M01/Real/3.wav,0,MEN,MEN-S6M01,TG:e7e6ed6b7a4edc68,-11.4375,1,0.3175,1.0783312e-05
mendeley/extracted/Bangla Audio Dataset Original and DeepFake Voices for AI-Based Voice Analysis and Detection/Dataset/S6M01/Real/30.wav,0,MEN,MEN-S6M01,TG:0279e708e7bea563,29.109375,1,0.4841666666666666,1.0
mendeley/extracted/Bangla Audio Dataset Original and DeepFake Voices for AI-Based Voice Analysis and Detection/Dataset/S6M01/Real/4.wav,0,MEN,MEN-S6M01,TG:bdf706ddf2da8f1f,14.7109375,1,0.2674999999999999,0.99999964
mendeley/extracted/Bangla Audio Dataset Original and DeepFake Voices for AI-Based Voice Analysis and Detection/Dataset/S6M01/Real/5.wav,0,MEN,MEN-S6M01,TG:45be873ef4d69213,15.015625,1,0.3175,0.99999964
mendeley/extracted/Bangla Audio Dataset Original and DeepFake Voices for AI-Based Voice Analysis and Detection/Dataset/S6M01/Real/6.wav,0,MEN,MEN-S6M01,TG:a9fde75db394091a,-2.0273438,1,0.3675,0.11636175
mendeley/extracted/Bangla Audio Dataset Original and DeepFake Voices for AI-Based Voice Analysis and Detection/Dataset/S6M01/Real/7.wav,0,MEN,MEN-S6M01,TG:5be625d46c6a6e73,20.5,1,0.2341666666666666,1.0
mendeley/extracted/Bangla Audio Dataset Original and DeepFake Voices for AI-Based Voice Analysis and Detection/Dataset/S6M01/Real/8.wav,0,MEN,MEN-S6M01,TG:78ae5535499f2f6b,9.0703125,1,0.1841666666666667,0.99988496
mendeley/extracted/Bangla Audio Dataset Original and DeepFake Voices for AI-Based Voice Analysis and Detection/Dataset/S6M01/Real/9.wav,0,MEN,MEN-S6M01,TG:ea1c20689c6cd1cb,13.421875,1,0.2841666666666667,0.99999857
mendeley/extracted/Bangla Audio Dataset Original and DeepFake Voices for AI-Based Voice Analysis and Detection/Dataset/S6M02/Fake/1.wav,1,MEN,MEN-S6M02,TG:68335bcc60eb3cac,-28.78125,1,0.5441666666666667,3.1656435e-13
mendeley/extracted/Bangla Audio Dataset Original and DeepFake Voices for AI-Based Voice Analysis and Detection/Dataset/S6M02/Fake/10.wav,1,MEN,MEN-S6M02,TG:e15f93590e7860a4,-14.71875,1,0.1658333333333334,4.0525453e-07
mendeley/extracted/Bangla Audio Dataset Original and DeepFake Voices for AI-Based Voice Analysis and Detection/Dataset/S6M02/Fake/11.wav,1,MEN,MEN-S6M02,TG:d013e21519294471,-13.5234375,1,0.3675,1.3391991e-06
mendeley/extracted/Bangla Audio Dataset Original and DeepFake Voices for AI-Based Voice Analysis and Detection/Dataset/S6M02/Fake/12.wav,1,MEN,MEN-S6M02,TG:36bbea584b595983,-22.25,1,0.4441666666666667,2.17244e-10
mendeley/extracted/Bangla Audio Dataset Original and DeepFake Voices for AI-Based Voice Analysis and Detection/Dataset/S6M02/Fake/13.wav,1,MEN,MEN-S6M02,TG:448ba8616f75dbd9,-23.015625,1,0.3924999999999999,1.0102784e-10
mendeley/extracted/Bangla Audio Dataset Original and DeepFake Voices for AI-Based Voice Analysis and Detection/Dataset/S6M02/Fake/14.wav,1,MEN,MEN-S6M02,TG:fccde5258a724e5b,-28.203125,1,0.2341666666666666,5.643369e-13
mendeley/extracted/Bangla Audio Dataset Original and DeepFake Voices for AI-Based Voice Analysis and Detection/Dataset/S6M02/Fake/15.wav,1,MEN,MEN-S6M02,TG:153cebedfe6b30fd,-15.8828125,1,0.2941666666666667,1.2652667e-07
mendeley/extracted/Bangla Audio Dataset Original and DeepFake Voices for AI-Based Voice Analysis and Detection/Dataset/S6M02/Fake/16.wav,1,MEN,MEN-S6M02,TG:5c7003922e4c7b58,-11.6484375,1,0.3325,8.73261e-06
mendeley/extracted/Bangla Audio Dataset Original and DeepFake Voices for AI-Based Voice Analysis and Detection/Dataset/S6M02/Fake/17.wav,1,MEN,MEN-S6M02,TG:80ca3c12226c16f7,-30.59375,1,0.4691666666666666,5.16777e-14
mendeley/extracted/Bangla Audio Dataset Original and DeepFake Voices for AI-Based Voice Analysis and Detection/Dataset/S6M02/Fake/18.wav,1,MEN,MEN-S6M02,TG:8a448ea3072baf86,-23.34375,1,0.4041666666666667,7.276762e-11
mendeley/extracted/Bangla Audio Dataset Original and DeepFake Voices for AI-Based Voice Analysis and Detection/Dataset/S6M02/Fake/19.wav,1,MEN,MEN-S6M02,TG:17da6e6a5329ede6,-16.03125,1,0.4941666666666666,1.0907282e-07
mendeley/extracted/Bangla Audio Dataset Original and DeepFake Voices for AI-Based Voice Analysis and Detection/Dataset/S6M02/Fake/2.wav,1,MEN,MEN-S6M02,TG:992df96e94bc9811,-10.1328125,1,0.3641666666666666,3.9751925e-05
mendeley/extracted/Bangla Audio Dataset Original and DeepFake Voices for AI-Based Voice Analysis and Detection/Dataset/S6M02/Fake/20.wav,1,MEN,MEN-S6M02,TG:b9777a1fd57cb1c6,-22.453125,1,0.3308333333333333,1.7730938e-10
mendeley/extracted/Bangla Audio Dataset Original and DeepFake Voices for AI-Based Voice Analysis and Detection/Dataset/S6M02/Fake/21.wav,1,MEN,MEN-S6M02,TG:258e34608251b4c7,-19.65625,1,0.3275,2.9066927e-09
mendeley/extracted/Bangla Audio Dataset Original and DeepFake Voices for AI-Based Voice Analysis and Detection/Dataset/S6M02/Fake/22.wav,1,MEN,MEN-S6M02,TG:29664288ed9e8509,-14.4140625,1,0.3508333333333333,5.496066e-07
mendeley/extracted/Bangla Audio Dataset Original and DeepFake Voices for AI-Based Voice Analysis and Detection/Dataset/S6M02/Fake/23.wav,1,MEN,MEN-S6M02,TG:fcbf9ed932b2fbe3,-14.578125,1,0.4875,4.664451e-07
mendeley/extracted/Bangla Audio Dataset Original and DeepFake Voices for AI-Based Voice Analysis and Detection/Dataset/S6M02/Fake/24.wav,1,MEN,MEN-S6M02,TG:836191849433d6d5,-29.453125,1,0.4041666666666667,1.6168521e-13
mendeley/extracted/Bangla Audio Dataset Original and DeepFake Voices for AI-Based Voice Analysis and Detection/Dataset/S6M02/Fake/25.wav,1,MEN,MEN-S6M02,TG:ea4035e74b42874c,-17.046875,1,0.3275,3.9503565e-08
mendeley/extracted/Bangla Audio Dataset Original and DeepFake Voices for AI-Based Voice Analysis and Detection/Dataset/S6M02/Fake/26.wav,1,MEN,MEN-S6M02,TG:0417b85de8b01bab,-16.21875,1,0.4308333333333333,9.042455e-08
mendeley/extracted/Bangla Audio Dataset Original and DeepFake Voices for AI-Based Voice Analysis and Detection/Dataset/S6M02/Fake/27.wav,1,MEN,MEN-S6M02,TG:3bf9109f0212e1a8,-26.015625,1,0.3991666666666666,5.02988e-12
mendeley/extracted/Bangla Audio Dataset Original and DeepFake Voices for AI-Based Voice Analysis and Detection/Dataset/S6M02/Fake/28.wav,1,MEN,MEN-S6M02,TG:f961d28234037075,-34.0625,1,0.3675,1.610068e-15
mendeley/extracted/Bangla Audio Dataset Original and DeepFake Voices for AI-Based Voice Analysis and Detection/Dataset/S6M02/Fake/29.wav,1,MEN,MEN-S6M02,TG:b9495a9ec9da5af9,-37.4375,1,0.5208333333333333,5.5093495e-17
mendeley/extracted/Bangla Audio Dataset Original and DeepFake Voices for AI-Based Voice Analysis and Detection/Dataset/S6M02/Fake/3.wav,1,MEN,MEN-S6M02,TG:e7e6ed6b7a4edc68,-18.15625,1,0.1541666666666666,1.30268925e-08
mendeley/extracted/Bangla Audio Dataset Original and DeepFake Voices for AI-Based Voice Analysis and Detection/Dataset/S6M02/Fake/30.wav,1,MEN,MEN-S6M02,TG:0279e708e7bea563,-23.734375,1,0.5341666666666667,4.9237038e-11
mendeley/extracted/Bangla Audio Dataset Original and DeepFake Voices for AI-Based Voice Analysis and Detection/Dataset/S6M02/Fake/4.wav,1,MEN,MEN-S6M02,TG:bdf706ddf2da8f1f,-19.296875,1,0.3774999999999999,4.163645e-09
mendeley/extracted/Bangla Audio Dataset Original and DeepFake Voices for AI-Based Voice Analysis and Detection/Dataset/S6M02/Fake/5.wav,1,MEN,MEN-S6M02,TG:45be873ef4d69213,-12.953125,1,0.3525,2.3687994e-06
mendeley/extracted/Bangla Audio Dataset Original and DeepFake Voices for AI-Based Voice Analysis and Detection/Dataset/S6M02/Fake/6.wav,1,MEN,MEN-S6M02,TG:a9fde75db394091a,-18.25,1,0.4408333333333333,1.186112e-08
mendeley/extracted/Bangla Audio Dataset Original and DeepFake Voices for AI-Based Voice Analysis and Detection/Dataset/S6M02/Fake/7.wav,1,MEN,MEN-S6M02,TG:5be625d46c6a6e73,-21.4375,1,0.0725,4.895669e-10
mendeley/extracted/Bangla Audio Dataset Original and DeepFake Voices for AI-Based Voice Analysis and Detection/Dataset/S6M02/Fake/8.wav,1,MEN,MEN-S6M02,TG:78ae5535499f2f6b,-18.171875,1,0.2008333333333333,1.282493e-08
mendeley/extracted/Bangla Audio Dataset Original and DeepFake Voices for AI-Based Voice Analysis and Detection/Dataset/S6M02/Fake/9.wav,1,MEN,MEN-S6M02,TG:ea1c20689c6cd1cb,-19.046875,1,0.1474999999999999,5.3462252e-09
mendeley/extracted/Bangla Audio Dataset Original and DeepFake Voices for AI-Based Voice Analysis and Detection/Dataset/S6M02/Real/1.wav,0,MEN,MEN-S6M02,TG:68335bcc60eb3cac,-31.890625,1,0.5008333333333334,1.4127897e-14
mendeley/extracted/Bangla Audio Dataset Original and DeepFake Voices for AI-Based Voice Analysis and Detection/Dataset/S6M02/Real/10.wav,0,MEN,MEN-S6M02,TG:e15f93590e7860a4,-18.84375,1,0.3841666666666666,6.5503323e-09
mendeley/extracted/Bangla Audio Dataset Original and DeepFake Voices for AI-Based Voice Analysis and Detection/Dataset/S6M02/Real/11.wav,0,MEN,MEN-S6M02,TG:d013e21519294471,-34.15625,1,0.4341666666666667,1.4659835e-15
mendeley/extracted/Bangla Audio Dataset Original and DeepFake Voices for AI-Based Voice Analysis and Detection/Dataset/S6M02/Real/12.wav,0,MEN,MEN-S6M02,TG:36bbea584b595983,-30.390625,1,0.5341666666666667,6.331685e-14
mendeley/extracted/Bangla Audio Dataset Original and DeepFake Voices for AI-Based Voice Analysis and Detection/Dataset/S6M02/Real/13.wav,0,MEN,MEN-S6M02,TG:448ba8616f75dbd9,-34.71875,1,0.4008333333333334,8.352923e-16
mendeley/extracted/Bangla Audio Dataset Original and DeepFake Voices for AI-Based Voice Analysis and Detection/Dataset/S6M02/Real/14.wav,0,MEN,MEN-S6M02,TG:fccde5258a724e5b,-31.5,1,0.3675,2.0879679e-14
mendeley/extracted/Bangla Audio Dataset Original and DeepFake Voices for AI-Based Voice Analysis and Detection/Dataset/S6M02/Real/15.wav,0,MEN,MEN-S6M02,TG:153cebedfe6b30fd,-43.125,1,0.3675,1.8665965e-19
mendeley/extracted/Bangla Audio Dataset Original and DeepFake Voices for AI-Based Voice Analysis and Detection/Dataset/S6M02/Real/16.wav,0,MEN,MEN-S6M02,TG:5c7003922e4c7b58,-41.96875,1,0.4841666666666666,5.9320327e-19
mendeley/extracted/Bangla Audio Dataset Original and DeepFake Voices for AI-Based Voice Analysis and Detection/Dataset/S6M02/Real/17.wav,0,MEN,MEN-S6M02,TG:80ca3c12226c16f7,-49.09375,1,0.4341666666666667,4.7737015e-22
mendeley/extracted/Bangla Audio Dataset Original and DeepFake Voices for AI-Based Voice Analysis and Detection/Dataset/S6M02/Real/18.wav,0,MEN,MEN-S6M02,TG:8a448ea3072baf86,-45.59375,1,0.4841666666666666,1.580833e-20
mendeley/extracted/Bangla Audio Dataset Original and DeepFake Voices for AI-Based Voice Analysis and Detection/Dataset/S6M02/Real/19.wav,0,MEN,MEN-S6M02,TG:17da6e6a5329ede6,-25.09375,1,0.5008333333333334,1.2645116e-11
mendeley/extracted/Bangla Audio Dataset Original and DeepFake Voices for AI-Based Voice Analysis and Detection/Dataset/S6M02/Real/2.wav,0,MEN,MEN-S6M02,TG:992df96e94bc9811,-17.484375,1,0.4341666666666667,2.5505418e-08
mendeley/extracted/Bangla Audio Dataset Original and DeepFake Voices for AI-Based Voice Analysis and Detection/Dataset/S6M02/Real/20.wav,0,MEN,MEN-S6M02,TG:b9777a1fd57cb1c6,-49.6875,1,0.4508333333333333,2.6362883e-22
mendeley/extracted/Bangla Audio Dataset Original and DeepFake Voices for AI-Based Voice Analysis and Detection/Dataset/S6M02/Real/21.wav,0,MEN,MEN-S6M02,TG:258e34608251b4c7,-31.0625,1,0.5341666666666667,3.233908e-14
mendeley/extracted/Bangla Audio Dataset Original and DeepFake Voices for AI-Based Voice Analysis and Detection/Dataset/S6M02/Real/22.wav,0,MEN,MEN-S6M02,TG:29664288ed9e8509,-32.71875,1,0.6025,6.172021e-15
mendeley/extracted/Bangla Audio Dataset Original and DeepFake Voices for AI-Based Voice Analysis and Detection/Dataset/S6M02/Real/23.wav,0,MEN,MEN-S6M02,TG:fcbf9ed932b2fbe3,-21.921875,1,0.4508333333333333,3.0161346e-10
mendeley/extracted/Bangla Audio Dataset Original and DeepFake Voices for AI-Based Voice Analysis and Detection/Dataset/S6M02/Real/24.wav,0,MEN,MEN-S6M02,TG:836191849433d6d5,-21.65625,1,0.4341666666666667,3.9337805e-10
mendeley/extracted/Bangla Audio Dataset Original and DeepFake Voices for AI-Based Voice Analysis and Detection/Dataset/S6M02/Real/25.wav,0,MEN,MEN-S6M02,TG:ea4035e74b42874c,-45.90625,1,0.4175,1.1565621e-20
mendeley/extracted/Bangla Audio Dataset Original and DeepFake Voices for AI-Based Voice Analysis and Detection/Dataset/S6M02/Real/26.wav,0,MEN,MEN-S6M02,TG:0417b85de8b01bab,-25.8125,1,0.4508333333333333,6.162738e-12
mendeley/extracted/Bangla Audio Dataset Original and DeepFake Voices for AI-Based Voice Analysis and Detection/Dataset/S6M02/Real/27.wav,0,MEN,MEN-S6M02,TG:3bf9109f0212e1a8,-44.6875,1,0.4341666666666667,3.9125992e-20
mendeley/extracted/Bangla Audio Dataset Original and DeepFake Voices for AI-Based Voice Analysis and Detection/Dataset/S6M02/Real/28.wav,0,MEN,MEN-S6M02,TG:f961d28234037075,-44.34375,1,0.3508333333333333,5.517649e-20
mendeley/extracted/Bangla Audio Dataset Original and DeepFake Voices for AI-Based Voice Analysis and Detection/Dataset/S6M02/Real/29.wav,0,MEN,MEN-S6M02,TG:b9495a9ec9da5af9,-17.46875,1,0.4908333333333333,2.5907072e-08
mendeley/extracted/Bangla Audio Dataset Original and DeepFake Voices for AI-Based Voice Analysis and Detection/Dataset/S6M02/Real/3.wav,0,MEN,MEN-S6M02,TG:e7e6ed6b7a4edc68,-19.734375,1,0.3924999999999999,2.6882512e-09
mendeley/extracted/Bangla Audio Dataset Original and DeepFake Voices for AI-Based Voice Analysis and Detection/Dataset/S6M02/Real/30.wav,0,MEN,MEN-S6M02,TG:0279e708e7bea563,-37.03125,1,0.5508333333333333,8.270513e-17
mendeley/extracted/Bangla Audio Dataset Original and DeepFake Voices for AI-Based Voice Analysis and Detection/Dataset/S6M02/Real/4.wav,0,MEN,MEN-S6M02,TG:bdf706ddf2da8f1f,-2.1269531,1,0.3508333333333333,0.10650459
mendeley/extracted/Bangla Audio Dataset Original and DeepFake Voices for AI-Based Voice Analysis and Detection/Dataset/S6M02/Real/5.wav,0,MEN,MEN-S6M02,TG:45be873ef4d69213,-36.25,1,0.4508333333333333,1.8064463e-16
mendeley/extracted/Bangla Audio Dataset Original and DeepFake Voices for AI-Based Voice Analysis and Detection/Dataset/S6M02/Real/6.wav,0,MEN,MEN-S6M02,TG:a9fde75db394091a,-28.875,1,0.5825,2.8823507e-13
mendeley/extracted/Bangla Audio Dataset Original and DeepFake Voices for AI-Based Voice Analysis and Detection/Dataset/S6M02/Real/7.wav,0,MEN,MEN-S6M02,TG:5be625d46c6a6e73,-43.375,1,0.5341666666666667,1.453707e-19
mendeley/extracted/Bangla Audio Dataset Original and DeepFake Voices for AI-Based Voice Analysis and Detection/Dataset/S6M02/Real/8.wav,0,MEN,MEN-S6M02,TG:78ae5535499f2f6b,-38.4375,1,0.5041666666666667,2.0267763e-17
mendeley/extracted/Bangla Audio Dataset Original and DeepFake Voices for AI-Based Voice Analysis and Detection/Dataset/S6M02/Real/9.wav,0,MEN,MEN-S6M02,TG:ea1c20689c6cd1cb,-52.09375,1,0.4508333333333333,2.3766861e-23
mendeley/extracted/Bangla Audio Dataset Original and DeepFake Voices for AI-Based Voice Analysis and Detection/Dataset/S6M05/Fake/1.wav,1,MEN,MEN-S6M05,TG:68335bcc60eb3cac,-23.078125,1,0.5291666666666667,9.4906874e-11
mendeley/extracted/Bangla Audio Dataset Original and DeepFake Voices for AI-Based Voice Analysis and Detection/Dataset/S6M05/Fake/10.wav,1,MEN,MEN-S6M05,TG:e15f93590e7860a4,-21.703125,1,0.2225,3.75364e-10
mendeley/extracted/Bangla Audio Dataset Original and DeepFake Voices for AI-Based Voice Analysis and Detection/Dataset/S6M05/Fake/11.wav,1,MEN,MEN-S6M05,TG:d013e21519294471,-1.2832031,1,0.3625,0.21700548
mendeley/extracted/Bangla Audio Dataset Original and DeepFake Voices for AI-Based Voice Analysis and Detection/Dataset/S6M05/Fake/12.wav,1,MEN,MEN-S6M05,TG:36bbea584b595983,-12.625,1,0.4741666666666666,3.2887488e-06
mendeley/extracted/Bangla Audio Dataset Original and DeepFake Voices for AI-Based Voice Analysis and Detection/Dataset/S6M05/Fake/13.wav,1,MEN,MEN-S6M05,TG:448ba8616f75dbd9,-16.234375,1,0.4225,8.902264e-08
mendeley/extracted/Bangla Audio Dataset Original and DeepFake Voices for AI-Based Voice Analysis and Detection/Dataset/S6M05/Fake/14.wav,1,MEN,MEN-S6M05,TG:fccde5258a724e5b,-19.140625,1,0.2674999999999999,4.8677937e-09
mendeley/extracted/Bangla Audio Dataset Original and DeepFake Voices for AI-Based Voice Analysis and Detection/Dataset/S6M05/Fake/15.wav,1,MEN,MEN-S6M05,TG:153cebedfe6b30fd,-25.828125,1,0.2508333333333333,6.067193e-12
mendeley/extracted/Bangla Audio Dataset Original and DeepFake Voices for AI-Based Voice Analysis and Detection/Dataset/S6M05/Fake/16.wav,1,MEN,MEN-S6M05,TG:5c7003922e4c7b58,-27.875,1,0.3475,7.835042e-13
mendeley/extracted/Bangla Audio Dataset Original and DeepFake Voices for AI-Based Voice Analysis and Detection/Dataset/S6M05/Fake/17.wav,1,MEN,MEN-S6M05,TG:80ca3c12226c16f7,-16.625,1,0.4108333333333334,6.0235735e-08
mendeley/extracted/Bangla Audio Dataset Original and DeepFake Voices for AI-Based Voice Analysis and Detection/Dataset/S6M05/Fake/18.wav,1,MEN,MEN-S6M05,TG:8a448ea3072baf86,-12.3984375,1,0.3774999999999999,4.125012e-06
mendeley/extracted/Bangla Audio Dataset Original and DeepFake Voices for AI-Based Voice Analysis and Detection/Dataset/S6M05/Fake/19.wav,1,MEN,MEN-S6M05,TG:17da6e6a5329ede6,-17.546875,1,0.5175000000000001,2.3960121e-08
mendeley/extracted/Bangla Audio Dataset Original and DeepFake Voices for AI-Based Voice Analysis and Detection/Dataset/S6M05/Fake/2.wav,1,MEN,MEN-S6M05,TG:992df96e94bc9811,-3.7714844,1,0.3675,0.022499971
mendeley/extracted/Bangla Audio Dataset Original and DeepFake Voices for AI-Based Voice Analysis and Detection/Dataset/S6M05/Fake/20.wav,1,MEN,MEN-S6M05,TG:b9777a1fd57cb1c6,-25.5625,1,0.3558333333333333,7.913111e-12
mendeley/extracted/Bangla Audio Dataset Original and DeepFake Voices for AI-Based Voice Analysis and Detection/Dataset/S6M05/Fake/21.wav,1,MEN,MEN-S6M05,TG:258e34608251b4c7,-17.796875,1,0.3858333333333333,1.866016e-08
mendeley/extracted/Bangla Audio Dataset Original and DeepFake Voices for AI-Based Voice Analysis and Detection/Dataset/S6M05/Fake/22.wav,1,MEN,MEN-S6M05,TG:29664288ed9e8509,-29.640625,1,0.3441666666666666,1.3404177e-13
mendeley/extracted/Bangla Audio Dataset Original and DeepFake Voices for AI-Based Voice Analysis and Detection/Dataset/S6M05/Fake/23.wav,1,MEN,MEN-S6M05,TG:fcbf9ed932b2fbe3,-22.8125,1,0.4925,1.237819e-10
mendeley/extracted/Bangla Audio Dataset Original and DeepFake Voices for AI-Based Voice Analysis and Detection/Dataset/S6M05/Fake/24.wav,1,MEN,MEN-S6M05,TG:836191849433d6d5,-19.78125,1,0.4441666666666667,2.5651472e-09
mendeley/extracted/Bangla Audio Dataset Original and DeepFake Voices for AI-Based Voice Analysis and Detection/Dataset/S6M05/Fake/25.wav,1,MEN,MEN-S6M05,TG:ea4035e74b42874c,-24.25,1,0.3075,2.9400777e-11
mendeley/extracted/Bangla Audio Dataset Original and DeepFake Voices for AI-Based Voice Analysis and Detection/Dataset/S6M05/Fake/26.wav,1,MEN,MEN-S6M05,TG:0417b85de8b01bab,-19.109375,1,0.4408333333333333,5.0223146e-09
mendeley/extracted/Bangla Audio Dataset Original and DeepFake Voices for AI-Based Voice Analysis and Detection/Dataset/S6M05/Fake/27.wav,1,MEN,MEN-S6M05,TG:3bf9109f0212e1a8,-16.390625,1,0.4008333333333334,7.6145106e-08
mendeley/extracted/Bangla Audio Dataset Original and DeepFake Voices for AI-Based Voice Analysis and Detection/Dataset/S6M05/Fake/28.wav,1,MEN,MEN-S6M05,TG:f961d28234037075,-29.65625,1,0.3391666666666666,1.3196363e-13
mendeley/extracted/Bangla Audio Dataset Original and DeepFake Voices for AI-Based Voice Analysis and Detection/Dataset/S6M05/Fake/29.wav,1,MEN,MEN-S6M05,TG:b9495a9ec9da5af9,-20.359375,1,0.3874999999999999,1.438917e-09
mendeley/extracted/Bangla Audio Dataset Original and DeepFake Voices for AI-Based Voice Analysis and Detection/Dataset/S6M05/Fake/3.wav,1,MEN,MEN-S6M05,TG:e7e6ed6b7a4edc68,-6.5390625,1,0.1308333333333333,0.0014437558
mendeley/extracted/Bangla Audio Dataset Original and DeepFake Voices for AI-Based Voice Analysis and Detection/Dataset/S6M05/Fake/30.wav,1,MEN,MEN-S6M05,TG:0279e708e7bea563,-15.75,1,0.5208333333333333,1.4449802e-07
mendeley/extracted/Bangla Audio Dataset Original and DeepFake Voices for AI-Based Voice Analysis and Detection/Dataset/S6M05/Fake/4.wav,1,MEN,MEN-S6M05,TG:bdf706ddf2da8f1f,-21.359375,1,0.3325,5.29348e-10
mendeley/extracted/Bangla Audio Dataset Original and DeepFake Voices for AI-Based Voice Analysis and Detection/Dataset/S6M05/Fake/5.wav,1,MEN,MEN-S6M05,TG:45be873ef4d69213,-7.3398438,1,0.3625,0.00064873084
mendeley/extracted/Bangla Audio Dataset Original and DeepFake Voices for AI-Based Voice Analysis and Detection/Dataset/S6M05/Fake/6.wav,1,MEN,MEN-S6M05,TG:a9fde75db394091a,-13.09375,1,0.4408333333333333,2.0580492e-06
mendeley/extracted/Bangla Audio Dataset Original and DeepFake Voices for AI-Based Voice Analysis and Detection/Dataset/S6M05/Fake/7.wav,1,MEN,MEN-S6M05,TG:5be625d46c6a6e73,-28.984375,1,0.2041666666666667,2.5837224e-13
mendeley/extracted/Bangla Audio Dataset Original and DeepFake Voices for AI-Based Voice Analysis and Detection/Dataset/S6M05/Fake/8.wav,1,MEN,MEN-S6M05,TG:78ae5535499f2f6b,-14.890625,1,0.2458333333333333,3.4125858e-07
mendeley/extracted/Bangla Audio Dataset Original and DeepFake Voices for AI-Based Voice Analysis and Detection/Dataset/S6M05/Fake/9.wav,1,MEN,MEN-S6M05,TG:ea1c20689c6cd1cb,-12.578125,1,0.0875,3.4465788e-06
mendeley/extracted/Bangla Audio Dataset Original and DeepFake Voices for AI-Based Voice Analysis and Detection/Dataset/S6M05/Real/1.wav,0,MEN,MEN-S6M05,TG:68335bcc60eb3cac,-33.25,1,0.6008333333333333,3.628344e-15
mendeley/extracted/Bangla Audio Dataset Original and DeepFake Voices for AI-Based Voice Analysis and Detection/Dataset/S6M05/Real/10.wav,0,MEN,MEN-S6M05,TG:e15f93590e7860a4,-11.265625,1,0.4508333333333333,1.2805474e-05
mendeley/extracted/Bangla Audio Dataset Original and DeepFake Voices for AI-Based Voice Analysis and Detection/Dataset/S6M05/Real/11.wav,0,MEN,MEN-S6M05,TG:d013e21519294471,2.8007812,1,0.5675,0.9427181
mendeley/extracted/Bangla Audio Dataset Original and DeepFake Voices for AI-Based Voice Analysis and Detection/Dataset/S6M05/Real/12.wav,0,MEN,MEN-S6M05,TG:36bbea584b595983,-9.2109375,1,0.5008333333333334,9.9930316e-05
mendeley/extracted/Bangla Audio Dataset Original and DeepFake Voices for AI-Based Voice Analysis and Detection/Dataset/S6M05/Real/13.wav,0,MEN,MEN-S6M05,TG:448ba8616f75dbd9,-19.140625,1,0.4508333333333333,4.8677937e-09
mendeley/extracted/Bangla Audio Dataset Original and DeepFake Voices for AI-Based Voice Analysis and Detection/Dataset/S6M05/Real/14.wav,0,MEN,MEN-S6M05,TG:fccde5258a724e5b,-32.375,1,0.4675,8.703945e-15
mendeley/extracted/Bangla Audio Dataset Original and DeepFake Voices for AI-Based Voice Analysis and Detection/Dataset/S6M05/Real/15.wav,0,MEN,MEN-S6M05,TG:153cebedfe6b30fd,-3.5351562,1,0.3508333333333333,0.028328313
mendeley/extracted/Bangla Audio Dataset Original and DeepFake Voices for AI-Based Voice Analysis and Detection/Dataset/S6M05/Real/16.wav,0,MEN,MEN-S6M05,TG:5c7003922e4c7b58,-16.390625,1,0.4675,7.6145106e-08
mendeley/extracted/Bangla Audio Dataset Original and DeepFake Voices for AI-Based Voice Analysis and Detection/Dataset/S6M05/Real/17.wav,0,MEN,MEN-S6M05,TG:80ca3c12226c16f7,-17.171875,1,0.3841666666666666,3.486177e-08
mendeley/extracted/Bangla Audio Dataset Original and DeepFake Voices for AI-Based Voice Analysis and Detection/Dataset/S6M05/Real/18.wav,0,MEN,MEN-S6M05,TG:8a448ea3072baf86,-22.296875,1,0.4675,2.0729567e-10
mendeley/extracted/Bangla Audio Dataset Original and DeepFake Voices for AI-Based Voice Analysis and Detection/Dataset/S6M05/Real/19.wav,0,MEN,MEN-S6M05,TG:17da6e6a5329ede6,-18.28125,1,0.4175,1.1496192e-08
mendeley/extracted/Bangla Audio Dataset Original and DeepFake Voices for AI-Based Voice Analysis and Detection/Dataset/S6M05/Real/2.wav,0,MEN,MEN-S6M05,TG:992df96e94bc9811,-14.46875,1,0.5175000000000001,5.203571e-07
mendeley/extracted/Bangla Audio Dataset Original and DeepFake Voices for AI-Based Voice Analysis and Detection/Dataset/S6M05/Real/20.wav,0,MEN,MEN-S6M05,TG:b9777a1fd57cb1c6,-15.8203125,1,0.3675,1.3468694e-07
mendeley/extracted/Bangla Audio Dataset Original and DeepFake Voices for AI-Based Voice Analysis and Detection/Dataset/S6M05/Real/21.wav,0,MEN,MEN-S6M05,TG:258e34608251b4c7,-9.5234375,1,0.3841666666666666,7.311254e-05
mendeley/extracted/Bangla Audio Dataset Original and DeepFake Voices for AI-Based Voice Analysis and Detection/Dataset/S6M05/Real/22.wav,0,MEN,MEN-S6M05,TG:29664288ed9e8509,-9.4296875,1,0.3841666666666666,8.029784e-05
mendeley/extracted/Bangla Audio Dataset Original and DeepFake Voices for AI-Based Voice Analysis and Detection/Dataset/S6M05/Real/23.wav,0,MEN,MEN-S6M05,TG:fcbf9ed932b2fbe3,-11.7265625,1,0.4675,8.076349e-06
mendeley/extracted/Bangla Audio Dataset Original and DeepFake Voices for AI-Based Voice Analysis and Detection/Dataset/S6M05/Real/24.wav,0,MEN,MEN-S6M05,TG:836191849433d6d5,-17.46875,1,0.3341666666666666,2.5907072e-08
mendeley/extracted/Bangla Audio Dataset Original and DeepFake Voices for AI-Based Voice Analysis and Detection/Dataset/S6M05/Real/25.wav,0,MEN,MEN-S6M05,TG:ea4035e74b42874c,-14.84375,1,0.3341666666666666,3.5763594e-07
mendeley/extracted/Bangla Audio Dataset Original and DeepFake Voices for AI-Based Voice Analysis and Detection/Dataset/S6M05/Real/26.wav,0,MEN,MEN-S6M05,TG:0417b85de8b01bab,-9.6796875,1,0.3675,6.253713e-05
mendeley/extracted/Bangla Audio Dataset Original and DeepFake Voices for AI-Based Voice Analysis and Detection/Dataset/S6M05/Real/27.wav,0,MEN,MEN-S6M05,TG:3bf9109f0212e1a8,-15.0625,1,0.4341666666666667,2.8736855e-07
mendeley/extracted/Bangla Audio Dataset Original and DeepFake Voices for AI-Based Voice Analysis and Detection/Dataset/S6M05/Real/28.wav,0,MEN,MEN-S6M05,TG:f961d28234037075,-21.359375,1,0.3508333333333333,5.29348e-10
mendeley/extracted/Bangla Audio Dataset Original and DeepFake Voices for AI-Based Voice Analysis and Detection/Dataset/S6M05/Real/29.wav,0,MEN,MEN-S6M05,TG:b9495a9ec9da5af9,-5.8085938,1,0.5008333333333334,0.0029926654
mendeley/extracted/Bangla Audio Dataset Original and DeepFake Voices for AI-Based Voice Analysis and Detection/Dataset/S6M05/Real/3.wav,0,MEN,MEN-S6M05,TG:e7e6ed6b7a4edc68,-23.140625,1,0.4175,8.915676e-11
mendeley/extracted/Bangla Audio Dataset Original and DeepFake Voices for AI-Based Voice Analysis and Detection/Dataset/S6M05/Real/30.wav,0,MEN,MEN-S6M05,TG:0279e708e7bea563,-24.4375,1,0.5675,2.4374098e-11
mendeley/extracted/Bangla Audio Dataset Original and DeepFake Voices for AI-Based Voice Analysis and Detection/Dataset/S6M05/Real/4.wav,0,MEN,MEN-S6M05,TG:bdf706ddf2da8f1f,-21.890625,1,0.5508333333333333,3.1118766e-10
mendeley/extracted/Bangla Audio Dataset Original and DeepFake Voices for AI-Based Voice Analysis and Detection/Dataset/S6M05/Real/5.wav,0,MEN,MEN-S6M05,TG:45be873ef4d69213,-29.25,1,0.5341666666666667,1.981009e-13
mendeley/extracted/Bangla Audio Dataset Original and DeepFake Voices for AI-Based Voice Analysis and Detection/Dataset/S6M05/Real/6.wav,0,MEN,MEN-S6M05,TG:a9fde75db394091a,-36.4375,1,0.4675,1.4975966e-16
mendeley/extracted/Bangla Audio Dataset Original and DeepFake Voices for AI-Based Voice Analysis and Detection/Dataset/S6M05/Real/7.wav,0,MEN,MEN-S6M05,TG:5be625d46c6a6e73,-15.7734375,1,0.4008333333333334,1.4115071e-07
mendeley/extracted/Bangla Audio Dataset Original and DeepFake Voices for AI-Based Voice Analysis and Detection/Dataset/S6M05/Real/8.wav,0,MEN,MEN-S6M05,TG:78ae5535499f2f6b,-16.453125,1,0.4175,7.15317e-08
mendeley/extracted/Bangla Audio Dataset Original and DeepFake Voices for AI-Based Voice Analysis and Detection/Dataset/S6M05/Real/9.wav,0,MEN,MEN-S6M05,TG:ea1c20689c6cd1cb,-17.171875,1,0.4841666666666666,3.486177e-08
mendeley/extracted/Bangla Audio Dataset Original and DeepFake Voices for AI-Based Voice Analysis and Detection/Dataset/S7F04/Fake/1.wav,1,MEN,MEN-S7F04,TG:e7a787eae2aadd63,-18.609375,1,0.4975,8.280397e-09
mendeley/extracted/Bangla Audio Dataset Original and DeepFake Voices for AI-Based Voice Analysis and Detection/Dataset/S7F04/Fake/10.wav,1,MEN,MEN-S7F04,TG:b6cccc89a145b946,-19.234375,1,0.4008333333333334,4.4321773e-09
mendeley/extracted/Bangla Audio Dataset Original and DeepFake Voices for AI-Based Voice Analysis and Detection/Dataset/S7F04/Fake/11.wav,1,MEN,MEN-S7F04,TG:e3a0955d69b2e8ce,-15.7890625,1,0.6125,1.3896238e-07
mendeley/extracted/Bangla Audio Dataset Original and DeepFake Voices for AI-Based Voice Analysis and Detection/Dataset/S7F04/Fake/12.wav,1,MEN,MEN-S7F04,TG:fbaa8ee664289e26,-19.890625,1,0.4458333333333333,2.299383e-09
mendeley/extracted/Bangla Audio Dataset Original and DeepFake Voices for AI-Based Voice Analysis and Detection/Dataset/S7F04/Fake/13.wav,1,MEN,MEN-S7F04,TG:b315345b73c7782e,-4.6484375,1,0.5291666666666667,0.009485713
mendeley/extracted/Bangla Audio Dataset Original and DeepFake Voices for AI-Based Voice Analysis and Detection/Dataset/S7F04/Fake/14.wav,1,MEN,MEN-S7F04,TG:571ef3400a5435e2,-17.765625,1,0.4608333333333333,1.92525e-08
mendeley/extracted/Bangla Audio Dataset Original and DeepFake Voices for AI-Based Voice Analysis and Detection/Dataset/S7F04/Fake/15.wav,1,MEN,MEN-S7F04,TG:68cc478016d585cf,-18.796875,1,0.4608333333333333,6.8646897e-09
mendeley/extracted/Bangla Audio Dataset Original and DeepFake Voices for AI-Based Voice Analysis and Detection/Dataset/S7F04/Fake/16.wav,1,MEN,MEN-S7F04,TG:8a409d6261087b5b,-21.921875,1,0.5241666666666667,3.0161346e-10
mendeley/extracted/Bangla Audio Dataset Original and DeepFake Voices for AI-Based Voice Analysis and Detection/Dataset/S7F04/Fake/17.wav,1,MEN,MEN-S7F04,TG:3895276c9cd52a4f,-11.6640625,1,0.5141666666666667,8.597226e-06
mendeley/extracted/Bangla Audio Dataset Original and DeepFake Voices for AI-Based Voice Analysis and Detection/Dataset/S7F04/Fake/18.wav,1,MEN,MEN-S7F04,TG:71e5c9ea38e22419,-25.90625,1,0.4841666666666666,5.6112367e-12
mendeley/extracted/Bangla Audio Dataset Original and DeepFake Voices for AI-Based Voice Analysis and Detection/Dataset/S7F04/Fake/19.wav,1,MEN,MEN-S7F04,TG:b1cbde63bd64a611,-17.25,1,0.1975,3.2241868e-08
mendeley/extracted/Bangla Audio Dataset Original and DeepFake Voices for AI-Based Voice Analysis and Detection/Dataset/S7F04/Fake/2.wav,1,MEN,MEN-S7F04,TG:35e8d8c301bdd724,-13.3515625,1,0.3974999999999999,1.5903379e-06
mendeley/extracted/Bangla Audio Dataset Original and DeepFake Voices for AI-Based Voice Analysis and Detection/Dataset/S7F04/Fake/20.wav,1,MEN,MEN-S7F04,TG:4eede860135e46e0,-23.015625,1,0.4941666666666666,1.0102784e-10
mendeley/extracted/Bangla Audio Dataset Original and DeepFake Voices for AI-Based Voice Analysis and Detection/Dataset/S7F04/Fake/21.wav,1,MEN,MEN-S7F04,TG:4e327253a4899166,-19.703125,1,0.4291666666666667,2.7735854e-09
mendeley/extracted/Bangla Audio Dataset Original and DeepFake Voices for AI-Based Voice Analysis and Detection/Dataset/S7F04/Fake/22.wav,1,MEN,MEN-S7F04,TG:8e687e6d6eee3110,-19.25,1,0.4841666666666666,4.3634625e-09
mendeley/extracted/Bangla Audio Dataset Original and DeepFake Voices for AI-Based Voice Analysis and Detection/Dataset/S7F04/Fake/23.wav,1,MEN,MEN-S7F04,TG:79f5ecabaa235f39,-16.265625,1,0.4541666666666667,8.628371e-08
mendeley/extracted/Bangla Audio Dataset Original and DeepFake Voices for AI-Based Voice Analysis and Detection/Dataset/S7F04/Fake/24.wav,1,MEN,MEN-S7F04,TG:56c4a127e94b529e,-16.34375,1,0.4841666666666666,7.979938e-08
mendeley/extracted/Bangla Audio Dataset Original and DeepFake Voices for AI-Based Voice Analysis and Detection/Dataset/S7F04/Fake/25.wav,1,MEN,MEN-S7F04,TG:0c4b996c57ad3a91,1.1816406,1,0.4941666666666666,0.76524264
mendeley/extracted/Bangla Audio Dataset Original and DeepFake Voices for AI-Based Voice Analysis and Detection/Dataset/S7F04/Fake/26.wav,1,MEN,MEN-S7F04,TG:623c9bc53763d833,-27.21875,1,0.3974999999999999,1.510244e-12
mendeley/extracted/Bangla Audio Dataset Original and DeepFake Voices for AI-Based Voice Analysis and Detection/Dataset/S7F04/Fake/27.wav,1,MEN,MEN-S7F04,TG:3b9d2469ed9fecdf,-21.328125,1,0.5258333333333334,5.461513e-10
mendeley/extracted/Bangla Audio Dataset Original and DeepFake Voices for AI-Based Voice Analysis and Detection/Dataset/S7F04/Fake/28.wav,1,MEN,MEN-S7F04,TG:299dcf88a7bd7e02,-21.484375,1,0.5341666666666667,4.67148e-10
mendeley/extracted/Bangla Audio Dataset Original and DeepFake Voices for AI-Based Voice Analysis and Detection/Dataset/S7F04/Fake/29.wav,1,MEN,MEN-S7F04,TG:50986d508a0b6329,-15.6484375,1,0.5041666666666667,1.599447e-07
mendeley/extracted/Bangla Audio Dataset Original and DeepFake Voices for AI-Based Voice Analysis and Detection/Dataset/S7F04/Fake/3.wav,1,MEN,MEN-S7F04,TG:0482b7506606c32f,-25.859375,1,0.5691666666666666,5.8805257e-12
mendeley/extracted/Bangla Audio Dataset Original and DeepFake Voices for AI-Based Voice Analysis and Detection/Dataset/S7F04/Fake/30.wav,1,MEN,MEN-S7F04,TG:39761131a871177e,-22.15625,1,0.4658333333333333,2.3859587e-10
mendeley/extracted/Bangla Audio Dataset Original and DeepFake Voices for AI-Based Voice Analysis and Detection/Dataset/S7F04/Fake/4.wav,1,MEN,MEN-S7F04,TG:b56423de78c5c27e,-1.4501953,1,0.5141666666666667,0.1899715
mendeley/extracted/Bangla Audio Dataset Original and DeepFake Voices for AI-Based Voice Analysis and Detection/Dataset/S7F04/Fake/5.wav,1,MEN,MEN-S7F04,TG:538c010dab2f3679,-15.40625,1,0.4508333333333333,2.0377483e-07
mendeley/extracted/Bangla Audio Dataset Original and DeepFake Voices for AI-Based Voice Analysis and Detection/Dataset/S7F04/Fake/6.wav,1,MEN,MEN-S7F04,TG:2c57d29c7fa122ba,-16.65625,1,0.5941666666666667,5.8382472e-08
mendeley/extracted/Bangla Audio Dataset Original and DeepFake Voices for AI-Based Voice Analysis and Detection/Dataset/S7F04/Fake/7.wav,1,MEN,MEN-S7F04,TG:5403d84ab3fbd6ab,-19.5625,1,0.5075000000000001,3.192377e-09
mendeley/extracted/Bangla Audio Dataset Original and DeepFake Voices for AI-Based Voice Analysis and Detection/Dataset/S7F04/Fake/8.wav,1,MEN,MEN-S7F04,TG:350a439fb9ac1017,-34.8125,1,0.4808333333333333,7.6054225e-16
mendeley/extracted/Bangla Audio Dataset Original and DeepFake Voices for AI-Based Voice Analysis and Detection/Dataset/S7F04/Fake/9.wav,1,MEN,MEN-S7F04,TG:fe872bec1d5fec5d,-20.890625,1,0.4575,8.4589574e-10
mendeley/extracted/Bangla Audio Dataset Original and DeepFake Voices for AI-Based Voice Analysis and Detection/Dataset/S7F04/Real/1.wav,0,MEN,MEN-S7F04,TG:e7a787eae2aadd63,-19.53125,1,0.4675,3.293714e-09
mendeley/extracted/Bangla Audio Dataset Original and DeepFake Voices for AI-Based Voice Analysis and Detection/Dataset/S7F04/Real/10.wav,0,MEN,MEN-S7F04,TG:b6cccc89a145b946,-1.4091797,1,0.5175000000000001,0.19636346
mendeley/extracted/Bangla Audio Dataset Original and DeepFake Voices for AI-Based Voice Analysis and Detection/Dataset/S7F04/Real/11.wav,0,MEN,MEN-S7F04,TG:e3a0955d69b2e8ce,-25.96875,1,0.4341666666666667,5.2712687e-12
mendeley/extracted/Bangla Audio Dataset Original and DeepFake Voices for AI-Based Voice Analysis and Detection/Dataset/S7F04/Real/12.wav,0,MEN,MEN-S7F04,TG:fbaa8ee664289e26,-0.17773438,1,0.4508333333333333,0.455683
mendeley/extracted/Bangla Audio Dataset Original and DeepFake Voices for AI-Based Voice Analysis and Detection/Dataset/S7F04/Real/13.wav,0,MEN,MEN-S7F04,TG:b315345b73c7782e,-8.34375,1,0.4341666666666667,0.00023782204
mendeley/extracted/Bangla Audio Dataset Original and DeepFake Voices for AI-Based Voice Analysis and Detection/Dataset/S7F04/Real/14.wav,0,MEN,MEN-S7F04,TG:571ef3400a5435e2,-18.71875,1,0.4841666666666666,7.4224995e-09
mendeley/extracted/Bangla Audio Dataset Original and DeepFake Voices for AI-Based Voice Analysis and Detection/Dataset/S7F04/Real/15.wav,0,MEN,MEN-S7F04,TG:68cc478016d585cf,-11.671875,1,0.5008333333333334,8.530321e-06
mendeley/extracted/Bangla Audio Dataset Original and DeepFake Voices for AI-Based Voice Analysis and Detection/Dataset/S7F04/Real/16.wav,0,MEN,MEN-S7F04,TG:8a409d6261087b5b,1.9609375,1,0.3675,0.87663436
mendeley/extracted/Bangla Audio Dataset Original and DeepFake Voices for AI-Based Voice Analysis and Detection/Dataset/S7F04/Real/17.wav,0,MEN,MEN-S7F04,TG:3895276c9cd52a4f,-12.8828125,1,0.3841666666666666,2.54135e-06
mendeley/extracted/Bangla Audio Dataset Original and DeepFake Voices for AI-Based Voice Analysis and Detection/Dataset/S7F04/Real/18.wav,0,MEN,MEN-S7F04,TG:71e5c9ea38e22419,-7.875,1,0.5175000000000001,0.0003799845
mendeley/extracted/Bangla Audio Dataset Original and DeepFake Voices for AI-Based Voice Analysis and Detection/Dataset/S7F04/Real/19.wav,0,MEN,MEN-S7F04,TG:b1cbde63bd64a611,-25.796875,1,0.3508333333333333,6.259787e-12
mendeley/extracted/Bangla Audio Dataset Original and DeepFake Voices for AI-Based Voice Analysis and Detection/Dataset/S7F04/Real/2.wav,0,MEN,MEN-S7F04,TG:35e8d8c301bdd724,-5.0507812,1,0.5008333333333334,0.0063635735
mendeley/extracted/Bangla Audio Dataset Original and DeepFake Voices for AI-Based Voice Analysis and Detection/Dataset/S7F04/Real/20.wav,0,MEN,MEN-S7F04,TG:4eede860135e46e0,3.9296875,1,0.5841666666666667,0.9807288
mendeley/extracted/Bangla Audio Dataset Original and DeepFake Voices for AI-Based Voice Analysis and Detection/Dataset/S7F04/Real/21.wav,0,MEN,MEN-S7F04,TG:4e327253a4899166,-35.84375,1,0.4341666666666667,2.711797e-16
mendeley/extracted/Bangla Audio Dataset Original and DeepFake Voices for AI-Based Voice Analysis and Detection/Dataset/S7F04/Real/22.wav,0,MEN,MEN-S7F04,TG:8e687e6d6eee3110,-19.203125,1,0.4675,4.572869e-09
mendeley/extracted/Bangla Audio Dataset Original and DeepFake Voices for AI-Based Voice Analysis and Detection/Dataset/S7F04/Real/23.wav,0,MEN,MEN-S7F04,TG:79f5ecabaa235f39,-15.359375,1,0.4508333333333333,2.1355417e-07
mendeley/extracted/Bangla Audio Dataset Original and DeepFake Voices for AI-Based Voice Analysis and Detection/Dataset/S7F04/Real/24.wav,0,MEN,MEN-S7F04,TG:56c4a127e94b529e,-7.5078125,1,0.5508333333333333,0.00054847926
mendeley/extracted/Bangla Audio Dataset Original and DeepFake Voices for AI-Based Voice Analysis and Detection/Dataset/S7F04/Real/25.wav,0,MEN,MEN-S7F04,TG:0c4b996c57ad3a91,1.2441406,1,0.5341666666666667,0.7762839
mendeley/extracted/Bangla Audio Dataset Original and DeepFake Voices for AI-Based Voice Analysis and Detection/Dataset/S7F04/Real/26.wav,0,MEN,MEN-S7F04,TG:623c9bc53763d833,-19.234375,1,0.4508333333333333,4.4321773e-09
mendeley/extracted/Bangla Audio Dataset Original and DeepFake Voices for AI-Based Voice Analysis and Detection/Dataset/S7F04/Real/27.wav,0,MEN,MEN-S7F04,TG:3b9d2469ed9fecdf,-5.921875,1,0.3341666666666666,0.002673006
mendeley/extracted/Bangla Audio Dataset Original and DeepFake Voices for AI-Based Voice Analysis and Detection/Dataset/S7F04/Real/28.wav,0,MEN,MEN-S7F04,TG:299dcf88a7bd7e02,3.5410156,1,0.5008333333333334,0.9718326
mendeley/extracted/Bangla Audio Dataset Original and DeepFake Voices for AI-Based Voice Analysis and Detection/Dataset/S7F04/Real/29.wav,0,MEN,MEN-S7F04,TG:50986d508a0b6329,-8.2578125,1,0.5508333333333333,0.00025915826
mendeley/extracted/Bangla Audio Dataset Original and DeepFake Voices for AI-Based Voice Analysis and Detection/Dataset/S7F04/Real/3.wav,0,MEN,MEN-S7F04,TG:0482b7506606c32f,-14.390625,1,0.6008333333333333,5.6264014e-07
mendeley/extracted/Bangla Audio Dataset Original and DeepFake Voices for AI-Based Voice Analysis and Detection/Dataset/S7F04/Real/30.wav,0,MEN,MEN-S7F04,TG:39761131a871177e,-19.21875,1,0.3841666666666666,4.5019735e-09
mendeley/extracted/Bangla Audio Dataset Original and DeepFake Voices for AI-Based Voice Analysis and Detection/Dataset/S7F04/Real/4.wav,0,MEN,MEN-S7F04,TG:b56423de78c5c27e,-10.0234375,1,0.6008333333333333,4.434627e-05
mendeley/extracted/Bangla Audio Dataset Original and DeepFake Voices for AI-Based Voice Analysis and Detection/Dataset/S7F04/Real/5.wav,0,MEN,MEN-S7F04,TG:538c010dab2f3679,-23.328125,1,0.6008333333333333,7.391355e-11
mendeley/extracted/Bangla Audio Dataset Original and DeepFake Voices for AI-Based Voice Analysis and Detection/Dataset/S7F04/Real/6.wav,0,MEN,MEN-S7F04,TG:2c57d29c7fa122ba,-32.875,1,0.5508333333333333,5.2792095e-15
mendeley/extracted/Bangla Audio Dataset Original and DeepFake Voices for AI-Based Voice Analysis and Detection/Dataset/S7F04/Real/7.wav,0,MEN,MEN-S7F04,TG:5403d84ab3fbd6ab,-12.8515625,1,0.5841666666666667,2.6220212e-06
mendeley/extracted/Bangla Audio Dataset Original and DeepFake Voices for AI-Based Voice Analysis and Detection/Dataset/S7F04/Real/8.wav,0,MEN,MEN-S7F04,TG:350a439fb9ac1017,-25.859375,1,0.4341666666666667,5.8805257e-12
mendeley/extracted/Bangla Audio Dataset Original and DeepFake Voices for AI-Based Voice Analysis and Detection/Dataset/S7F04/Real/9.wav,0,MEN,MEN-S7F04,TG:fe872bec1d5fec5d,-9.6953125,1,0.5175000000000001,6.156764e-05
mendeley/extracted/Bangla Audio Dataset Original and DeepFake Voices for AI-Based Voice Analysis and Detection/Dataset/S7F05/Fake/1.wav,1,MEN,MEN-S7F05,TG:e7a787eae2aadd63,7.3320312,1,0.5241666666666667,0.9993462
mendeley/extracted/Bangla Audio Dataset Original and DeepFake Voices for AI-Based Voice Analysis and Detection/Dataset/S7F05/Fake/10.wav,1,MEN,MEN-S7F05,TG:b6cccc89a145b946,-23.34375,1,0.3941666666666666,7.276762e-11
mendeley/extracted/Bangla Audio Dataset Original and DeepFake Voices for AI-Based Voice Analysis and Detection/Dataset/S7F05/Fake/11.wav,1,MEN,MEN-S7F05,TG:e3a0955d69b2e8ce,5.296875,1,0.5974999999999999,0.9950177
mendeley/extracted/Bangla Audio Dataset Original and DeepFake Voices for AI-Based Voice Analysis and Detection/Dataset/S7F05/Fake/12.wav,1,MEN,MEN-S7F05,TG:fbaa8ee664289e26,-16.59375,1,0.3641666666666666,6.2147826e-08
mendeley/extracted/Bangla Audio Dataset Original and DeepFake Voices for AI-Based Voice Analysis and Detection/Dataset/S7F05/Fake/13.wav,1,MEN,MEN-S7F05,TG:b315345b73c7782e,15.6015625,1,0.4791666666666666,0.9999999
mendeley/extracted/Bangla Audio Dataset Original and DeepFake Voices for AI-Based Voice Analysis and Detection/Dataset/S7F05/Fake/14.wav,1,MEN,MEN-S7F05,TG:571ef3400a5435e2,-4.6914062,1,0.4508333333333333,0.009090384
mendeley/extracted/Bangla Audio Dataset Original and DeepFake Voices for AI-Based Voice Analysis and Detection/Dataset/S7F05/Fake/15.wav,1,MEN,MEN-S7F05,TG:68cc478016d585cf,8.984375,1,0.5241666666666667,0.9998746
mendeley/extracted/Bangla Audio Dataset Original and DeepFake Voices for AI-Based Voice Analysis and Detection/Dataset/S7F05/Fake/16.wav,1,MEN,MEN-S7F05,TG:8a409d6261087b5b,3.265625,1,0.5208333333333333,0.96323055
mendeley/extracted/Bangla Audio Dataset Original and DeepFake Voices for AI-Based Voice Analysis and Detection/Dataset/S7F05/Fake/17.wav,1,MEN,MEN-S7F05,TG:3895276c9cd52a4f,12.8671875,1,0.5225,0.9999974
mendeley/extracted/Bangla Audio Dataset Original and DeepFake Voices for AI-Based Voice Analysis and Detection/Dataset/S7F05/Fake/18.wav,1,MEN,MEN-S7F05,TG:71e5c9ea38e22419,-21.71875,1,0.4975,3.6954448e-10
mendeley/extracted/Bangla Audio Dataset Original and DeepFake Voices for AI-Based Voice Analysis and Detection/Dataset/S7F05/Fake/19.wav,1,MEN,MEN-S7F05,TG:b1cbde63bd64a611,-0.13830566,1,0.2641666666666666,0.46547863
mendeley/extracted/Bangla Audio Dataset Original and DeepFake Voices for AI-Based Voice Analysis and Detection/Dataset/S7F05/Fake/2.wav,1,MEN,MEN-S7F05,TG:35e8d8c301bdd724,3.4648438,1,0.3408333333333333,0.9696707
mendeley/extracted/Bangla Audio Dataset Original and DeepFake Voices for AI-Based Voice Analysis and Detection/Dataset/S7F05/Fake/20.wav,1,MEN,MEN-S7F05,TG:4eede860135e46e0,-4.2578125,1,0.4541666666666667,0.013955711
mendeley/extracted/Bangla Audio Dataset Original and DeepFake Voices for AI-Based Voice Analysis and Detection/Dataset/S7F05/Fake/21.wav,1,MEN,MEN-S7F05,TG:4e327253a4899166,3.8496094,1,0.3691666666666666,0.9791557
mendeley/extracted/Bangla Audio Dataset Original and DeepFake Voices for AI-Based Voice Analysis and Detection/Dataset/S7F05/Fake/22.wav,1,MEN,MEN-S7F05,TG:8e687e6d6eee3110,-17.25,1,0.4775,3.2241868e-08
mendeley/extracted/Bangla Audio Dataset Original and DeepFake Voices for AI-Based Voice Analysis and Detection/Dataset/S7F05/Fake/23.wav,1,MEN,MEN-S7F05,TG:79f5ecabaa235f39,-4.1328125,1,0.4558333333333333,0.015784562
mendeley/extracted/Bangla Audio Dataset Original and DeepFake Voices for AI-Based Voice Analysis and Detection/Dataset/S7F05/Fake/24.wav,1,MEN,MEN-S7F05,TG:56c4a127e94b529e,14.6328125,1,0.4941666666666666,0.9999995
mendeley/extracted/Bangla Audio Dataset Original and DeepFake Voices for AI-Based Voice Analysis and Detection/Dataset/S7F05/Fake/25.wav,1,MEN,MEN-S7F05,TG:0c4b996c57ad3a91,-1.7275391,1,0.4691666666666666,0.15090263
mendeley/extracted/Bangla Audio Dataset Original and DeepFake Voices for AI-Based Voice Analysis and Detection/Dataset/S7F05/Fake/26.wav,1,MEN,MEN-S7F05,TG:623c9bc53763d833,-20.296875,1,0.4691666666666666,1.5317193e-09
mendeley/extracted/Bangla Audio Dataset Original and DeepFake Voices for AI-Based Voice Analysis and Detection/Dataset/S7F05/Fake/27.wav,1,MEN,MEN-S7F05,TG:3b9d2469ed9fecdf,5.0351562,1,0.4008333333333334,0.9935369
mendeley/extracted/Bangla Audio Dataset Original and DeepFake Voices for AI-Based Voice Analysis and Detection/Dataset/S7F05/Fake/28.wav,1,MEN,MEN-S7F05,TG:299dcf88a7bd7e02,-2.5273438,1,0.5008333333333334,0.073963374
mendeley/extracted/Bangla Audio Dataset Original and DeepFake Voices for AI-Based Voice Analysis and Detection/Dataset/S7F05/Fake/29.wav,1,MEN,MEN-S7F05,TG:50986d508a0b6329,0.49560547,1,0.4341666666666667,0.62142605
mendeley/extracted/Bangla Audio Dataset Original and DeepFake Voices for AI-Based Voice Analysis and Detection/Dataset/S7F05/Fake/3.wav,1,MEN,MEN-S7F05,TG:0482b7506606c32f,-2.9335938,1,0.5691666666666666,0.05051767
mendeley/extracted/Bangla Audio Dataset Original and DeepFake Voices for AI-Based Voice Analysis and Detection/Dataset/S7F05/Fake/30.wav,1,MEN,MEN-S7F05,TG:39761131a871177e,-25.078125,1,0.3941666666666666,1.2844247e-11
mendeley/extracted/Bangla Audio Dataset Original and DeepFake Voices for AI-Based Voice Analysis and Detection/Dataset/S7F05/Fake/4.wav,1,MEN,MEN-S7F05,TG:b56423de78c5c27e,0.90234375,1,0.4841666666666666,0.71143085
mendeley/extracted/Bangla Audio Dataset Original and DeepFake Voices for AI-Based Voice Analysis and Detection/Dataset/S7F05/Fake/5.wav,1,MEN,MEN-S7F05,TG:538c010dab2f3679,-6.1328125,1,0.5141666666666667,0.0021657674
mendeley/extracted/Bangla Audio Dataset Original and DeepFake Voices for AI-Based Voice Analysis and Detection/Dataset/S7F05/Fake/6.wav,1,MEN,MEN-S7F05,TG:2c57d29c7fa122ba,-0.8540039,1,0.5575,0.2985936
mendeley/extracted/Bangla Audio Dataset Original and DeepFake Voices for AI-Based Voice Analysis and Detection/Dataset/S7F05/Fake/7.wav,1,MEN,MEN-S7F05,TG:5403d84ab3fbd6ab,-0.9394531,1,0.5275000000000001,0.2810108
mendeley/extracted/Bangla Audio Dataset Original and DeepFake Voices for AI-Based Voice Analysis and Detection/Dataset/S7F05/Fake/8.wav,1,MEN,MEN-S7F05,TG:350a439fb9ac1017,-17.21875,1,0.4508333333333333,3.3265334e-08
mendeley/extracted/Bangla Audio Dataset Original and DeepFake Voices for AI-Based Voice Analysis and Detection/Dataset/S7F05/Fake/9.wav,1,MEN,MEN-S7F05,TG:fe872bec1d5fec5d,7.9804688,1,0.4508333333333333,0.999658
mendeley/extracted/Bangla Audio Dataset Original and DeepFake Voices for AI-Based Voice Analysis and Detection/Dataset/S7F05/Real/1.wav,0,MEN,MEN-S7F05,TG:e7a787eae2aadd63,10.609375,1,0.5675,0.9999753
mendeley/extracted/Bangla Audio Dataset Original and DeepFake Voices for AI-Based Voice Analysis and Detection/Dataset/S7F05/Real/10.wav,0,MEN,MEN-S7F05,TG:b6cccc89a145b946,-10.4453125,1,0.5508333333333333,2.908344e-05
mendeley/extracted/Bangla Audio Dataset Original and DeepFake Voices for AI-Based Voice Analysis and Detection/Dataset/S7F05/Real/11.wav,0,MEN,MEN-S7F05,TG:e3a0955d69b2e8ce,-32.53125,1,0.5841666666666667,7.444878e-15
mendeley/extracted/Bangla Audio Dataset Original and DeepFake Voices for AI-Based Voice Analysis and Detection/Dataset/S7F05/Real/12.wav,0,MEN,MEN-S7F05,TG:fbaa8ee664289e26,-13.34375,1,0.5008333333333334,1.602811e-06
mendeley/extracted/Bangla Audio Dataset Original and DeepFake Voices for AI-Based Voice Analysis and Detection/Dataset/S7F05/Real/13.wav,0,MEN,MEN-S7F05,TG:b315345b73c7782e,-5.4140625,1,0.5008333333333334,0.004433765
mendeley/extracted/Bangla Audio Dataset Original and DeepFake Voices for AI-Based Voice Analysis and Detection/Dataset/S7F05/Real/14.wav,0,MEN,MEN-S7F05,TG:571ef3400a5435e2,-13.890625,1,0.5341666666666667,9.2763645e-07
mendeley/extracted/Bangla Audio Dataset Original and DeepFake Voices for AI-Based Voice Analysis and Detection/Dataset/S7F05/Real/15.wav,0,MEN,MEN-S7F05,TG:68cc478016d585cf,-17.1875,1,0.5341666666666667,3.432129e-08
mendeley/extracted/Bangla Audio Dataset Original and DeepFake Voices for AI-Based Voice Analysis and Detection/Dataset/S7F05/Real/16.wav,0,MEN,MEN-S7F05,TG:8a409d6261087b5b,-11.3984375,1,0.5175000000000001,1.1212865e-05
mendeley/extracted/Bangla Audio Dataset Original and DeepFake Voices for AI-Based Voice Analysis and Detection/Dataset/S7F05/Real/17.wav,0,MEN,MEN-S7F05,TG:3895276c9cd52a4f,-9.7734375,1,0.4675,5.694103e-05
mendeley/extracted/Bangla Audio Dataset Original and DeepFake Voices for AI-Based Voice Analysis and Detection/Dataset/S7F05/Real/18.wav,0,MEN,MEN-S7F05,TG:71e5c9ea38e22419,-20.078125,1,0.5508333333333333,1.9062556e-09
mendeley/extracted/Bangla Audio Dataset Original and DeepFake Voices for AI-Based Voice Analysis and Detection/Dataset/S7F05/Real/19.wav,0,MEN,MEN-S7F05,TG:b1cbde63bd64a611,-17.90625,1,0.4175,1.6726862e-08
mendeley/extracted/Bangla Audio Dataset Original and DeepFake Voices for AI-Based Voice Analysis and Detection/Dataset/S7F05/Real/2.wav,0,MEN,MEN-S7F05,TG:35e8d8c301bdd724,-31.71875,1,0.5008333333333334,1.6777292e-14
mendeley/extracted/Bangla Audio Dataset Original and DeepFake Voices for AI-Based Voice Analysis and Detection/Dataset/S7F05/Real/20.wav,0,MEN,MEN-S7F05,TG:4eede860135e46e0,-13.78125,1,0.5508333333333333,1.0348532e-06
mendeley/extracted/Bangla Audio Dataset Original and DeepFake Voices for AI-Based Voice Analysis and Detection/Dataset/S7F05/Real/21.wav,0,MEN,MEN-S7F05,TG:4e327253a4899166,-25.71875,1,0.5008333333333334,6.7684434e-12
mendeley/extracted/Bangla Audio Dataset Original and DeepFake Voices for AI-Based Voice Analysis and Detection/Dataset/S7F05/Real/22.wav,0,MEN,MEN-S7F05,TG:8e687e6d6eee3110,-20.46875,1,0.4841666666666666,1.2898371e-09
mendeley/extracted/Bangla Audio Dataset Original and DeepFake Voices for AI-Based Voice Analysis and Detection/Dataset/S7F05/Real/23.wav,0,MEN,MEN-S7F05,TG:79f5ecabaa235f39,-15.75,1,0.4341666666666667,1.4449802e-07
mendeley/extracted/Bangla Audio Dataset Original and DeepFake Voices for AI-Based Voice Analysis and Detection/Dataset/S7F05/Real/24.wav,0,MEN,MEN-S7F05,TG:56c4a127e94b529e,1.9501953,1,0.5008333333333334,0.87546796
mendeley/extracted/Bangla Audio Dataset Original and DeepFake Voices for AI-Based Voice Analysis and Detection/Dataset/S7F05/Real/25.wav,0,MEN,MEN-S7F05,TG:0c4b996c57ad3a91,-5.1992188,1,0.5008333333333334,0.0054905633
mendeley/extracted/Bangla Audio Dataset Original and DeepFake Voices for AI-Based Voice Analysis and Detection/Dataset/S7F05/Real/26.wav,0,MEN,MEN-S7F05,TG:623c9bc53763d833,-1.9550781,1,0.5008333333333334,0.12400069
mendeley/extracted/Bangla Audio Dataset Original and DeepFake Voices for AI-Based Voice Analysis and Detection/Dataset/S7F05/Real/27.wav,0,MEN,MEN-S7F05,TG:3b9d2469ed9fecdf,-24.234375,1,0.3675,2.986377e-11
mendeley/extracted/Bangla Audio Dataset Original and DeepFake Voices for AI-Based Voice Analysis and Detection/Dataset/S7F05/Real/28.wav,0,MEN,MEN-S7F05,TG:299dcf88a7bd7e02,-19.9375,1,0.6341666666666667,2.1940867e-09
mendeley/extracted/Bangla Audio Dataset Original and DeepFake Voices for AI-Based Voice Analysis and Detection/Dataset/S7F05/Real/29.wav,0,MEN,MEN-S7F05,TG:50986d508a0b6329,-29.265625,1,0.5175000000000001,1.950296e-13
mendeley/extracted/Bangla Audio Dataset Original and DeepFake Voices for AI-Based Voice Analysis and Detection/Dataset/S7F05/Real/3.wav,0,MEN,MEN-S7F05,TG:0482b7506606c32f,-7.6328125,1,0.6174999999999999,0.00048406245
mendeley/extracted/Bangla Audio Dataset Original and DeepFake Voices for AI-Based Voice Analysis and Detection/Dataset/S7F05/Real/30.wav,0,MEN,MEN-S7F05,TG:39761131a871177e,-12.7578125,1,0.5008333333333334,2.8797258e-06
mendeley/extracted/Bangla Audio Dataset Original and DeepFake Voices for AI-Based Voice Analysis and Detection/Dataset/S7F05/Real/4.wav,0,MEN,MEN-S7F05,TG:b56423de78c5c27e,-22.46875,1,0.6008333333333333,1.7456045e-10
mendeley/extracted/Bangla Audio Dataset Original and DeepFake Voices for AI-Based Voice Analysis and Detection/Dataset/S7F05/Real/5.wav,0,MEN,MEN-S7F05,TG:538c010dab2f3679,-8.140625,1,0.5841666666666667,0.0002913701
mendeley/extracted/Bangla Audio Dataset Original and DeepFake Voices for AI-Based Voice Analysis and Detection/Dataset/S7F05/Real/6.wav,0,MEN,MEN-S7F05,TG:2c57d29c7fa122ba,-11.171875,1,0.5341666666666667,1.4064044e-05
mendeley/extracted/Bangla Audio Dataset Original and DeepFake Voices for AI-Based Voice Analysis and Detection/Dataset/S7F05/Real/7.wav,0,MEN,MEN-S7F05,TG:5403d84ab3fbd6ab,-13.671875,1,0.5508333333333333,1.1544621e-06
mendeley/extracted/Bangla Audio Dataset Original and DeepFake Voices for AI-Based Voice Analysis and Detection/Dataset/S7F05/Real/8.wav,0,MEN,MEN-S7F05,TG:350a439fb9ac1017,-8.46875,1,0.4841666666666666,0.0002098831
mendeley/extracted/Bangla Audio Dataset Original and DeepFake Voices for AI-Based Voice Analysis and Detection/Dataset/S7F05/Real/9.wav,0,MEN,MEN-S7F05,TG:fe872bec1d5fec5d,-22.453125,1,0.5175000000000001,1.7730938e-10
mendeley/extracted/Bangla Audio Dataset Original and DeepFake Voices for AI-Based Voice Analysis and Detection/Dataset/S7M01/Fake/1.wav,1,MEN,MEN-S7M01,TG:e7a787eae2aadd63,-23.625,1,0.4675,5.492789e-11
mendeley/extracted/Bangla Audio Dataset Original and DeepFake Voices for AI-Based Voice Analysis and Detection/Dataset/S7M01/Fake/10.wav,1,MEN,MEN-S7M01,TG:b6cccc89a145b946,-13.6484375,1,0.4408333333333333,1.1818391e-06
mendeley/extracted/Bangla Audio Dataset Original and DeepFake Voices for AI-Based Voice Analysis and Detection/Dataset/S7M01/Fake/11.wav,1,MEN,MEN-S7M01,TG:e3a0955d69b2e8ce,-30.625,1,0.4108333333333334,5.008775e-14
mendeley/extracted/Bangla Audio Dataset Original and DeepFake Voices for AI-Based Voice Analysis and Detection/Dataset/S7M01/Fake/12.wav,1,MEN,MEN-S7M01,TG:fbaa8ee664289e26,-19.859375,1,0.4925,2.3723734e-09
mendeley/extracted/Bangla Audio Dataset Original and DeepFake Voices for AI-Based Voice Analysis and Detection/Dataset/S7M01/Fake/13.wav,1,MEN,MEN-S7M01,TG:b315345b73c7782e,-17.140625,1,0.5258333333333334,3.59684e-08
mendeley/extracted/Bangla Audio Dataset Original and DeepFake Voices for AI-Based Voice Analysis and Detection/Dataset/S7M01/Fake/14.wav,1,MEN,MEN-S7M01,TG:571ef3400a5435e2,-20.90625,1,0.5141666666666667,8.3278134e-10
mendeley/extracted/Bangla Audio Dataset Original and DeepFake Voices for AI-Based Voice Analysis and Detection/Dataset/S7M01/Fake/15.wav,1,MEN,MEN-S7M01,TG:68cc478016d585cf,-10.296875,1,0.4775,3.3737226e-05
mendeley/extracted/Bangla Audio Dataset Original and DeepFake Voices for AI-Based Voice Analysis and Detection/Dataset/S7M01/Fake/16.wav,1,MEN,MEN-S7M01,TG:8a409d6261087b5b,-17.140625,1,0.4475,3.59684e-08
mendeley/extracted/Bangla Audio Dataset Original and DeepFake Voices for AI-Based Voice Analysis and Detection/Dataset/S7M01/Fake/17.wav,1,MEN,MEN-S7M01,TG:3895276c9cd52a4f,-21.34375,1,0.4858333333333333,5.3768406e-10
mendeley/extracted/Bangla Audio Dataset Original and DeepFake Voices for AI-Based Voice Analysis and Detection/Dataset/S7M01/Fake/18.wav,1,MEN,MEN-S7M01,TG:71e5c9ea38e22419,-25.25,1,0.5358333333333334,1.0815942e-11
mendeley/extracted/Bangla Audio Dataset Original and DeepFake Voices for AI-Based Voice Analysis and Detection/Dataset/S7M01/Fake/19.wav,1,MEN,MEN-S7M01,TG:b1cbde63bd64a611,-26.296875,1,0.4091666666666667,3.7967524e-12
mendeley/extracted/Bangla Audio Dataset Original and DeepFake Voices for AI-Based Voice Analysis and Detection/Dataset/S7M01/Fake/2.wav,1,MEN,MEN-S7M01,TG:35e8d8c301bdd724,-16.96875,1,0.2075,4.2713534e-08
mendeley/extracted/Bangla Audio Dataset Original and DeepFake Voices for AI-Based Voice Analysis and Detection/Dataset/S7M01/Fake/20.wav,1,MEN,MEN-S7M01,TG:4eede860135e46e0,-24.8125,1,0.5758333333333333,1.6752056e-11
mendeley/extracted/Bangla Audio Dataset Original and DeepFake Voices for AI-Based Voice Analysis and Detection/Dataset/S7M01/Fake/21.wav,1,MEN,MEN-S7M01,TG:4e327253a4899166,-23.703125,1,0.4641666666666666,5.0799986e-11
mendeley/extracted/Bangla Audio Dataset Original and DeepFake Voices for AI-Based Voice Analysis and Detection/Dataset/S7M01/Fake/22.wav,1,MEN,MEN-S7M01,TG:8e687e6d6eee3110,-29.53125,1,0.4908333333333333,1.4953438e-13
mendeley/extracted/Bangla Audio Dataset Original and DeepFake Voices for AI-Based Voice Analysis and Detection/Dataset/S7M01/Fake/23.wav,1,MEN,MEN-S7M01,TG:79f5ecabaa235f39,-23.5,1,0.4175,6.224145e-11
mendeley/extracted/Bangla Audio Dataset Original and DeepFake Voices for AI-Based Voice Analysis and Detection/Dataset/S7M01/Fake/24.wav,1,MEN,MEN-S7M01,TG:56c4a127e94b529e,-17.40625,1,0.5508333333333333,2.7577933e-08
mendeley/extracted/Bangla Audio Dataset Original and DeepFake Voices for AI-Based Voice Analysis and Detection/Dataset/S7M01/Fake/25.wav,1,MEN,MEN-S7M01,TG:0c4b996c57ad3a91,-16.3125,1,0.4024999999999999,8.2332484e-08
mendeley/extracted/Bangla Audio Dataset Original and DeepFake Voices for AI-Based Voice Analysis and Detection/Dataset/S7M01/Fake/26.wav,1,MEN,MEN-S7M01,TG:623c9bc53763d833,-25.21875,1,0.4541666666666667,1.1159277e-11
mendeley/extracted/Bangla Audio Dataset Original and DeepFake Voices for AI-Based Voice Analysis and Detection/Dataset/S7M01/Fake/27.wav,1,MEN,MEN-S7M01,TG:3b9d2469ed9fecdf,-12.953125,1,0.4024999999999999,2.3687994e-06
mendeley/extracted/Bangla Audio Dataset Original and DeepFake Voices for AI-Based Voice Analysis and Detection/Dataset/S7M01/Fake/28.wav,1,MEN,MEN-S7M01,TG:299dcf88a7bd7e02,-28.6875,1,0.5658333333333334,3.4767786e-13
mendeley/extracted/Bangla Audio Dataset Original and DeepFake Voices for AI-Based Voice Analysis and Detection/Dataset/S7M01/Fake/29.wav,1,MEN,MEN-S7M01,TG:50986d508a0b6329,-23.703125,1,0.4875,5.0799986e-11
mendeley/extracted/Bangla Audio Dataset Original and DeepFake Voices for AI-Based Voice Analysis and Detection/Dataset/S7M01/Fake/3.wav,1,MEN,MEN-S7M01,TG:0482b7506606c32f,-21.09375,1,0.5408333333333333,6.903999e-10
mendeley/extracted/Bangla Audio Dataset Original and DeepFake Voices for AI-Based Voice Analysis and Detection/Dataset/S7M01/Fake/30.wav,1,MEN,MEN-S7M01,TG:39761131a871177e,-24.171875,1,0.5341666666666667,3.178982e-11
mendeley/extracted/Bangla Audio Dataset Original and DeepFake Voices for AI-Based Voice Analysis and Detection/Dataset/S7M01/Fake/4.wav,1,MEN,MEN-S7M01,TG:b56423de78c5c27e,-20.53125,1,0.5458333333333334,1.2116899e-09
mendeley/extracted/Bangla Audio Dataset Original and DeepFake Voices for AI-Based Voice Analysis and Detection/Dataset/S7M01/Fake/5.wav,1,MEN,MEN-S7M01,TG:538c010dab2f3679,-10.6328125,1,0.4291666666666667,2.411114e-05
mendeley/extracted/Bangla Audio Dataset Original and DeepFake Voices for AI-Based Voice Analysis and Detection/Dataset/S7M01/Fake/6.wav,1,MEN,MEN-S7M01,TG:2c57d29c7fa122ba,-23.921875,1,0.5808333333333333,4.081894e-11
mendeley/extracted/Bangla Audio Dataset Original and DeepFake Voices for AI-Based Voice Analysis and Detection/Dataset/S7M01/Fake/7.wav,1,MEN,MEN-S7M01,TG:5403d84ab3fbd6ab,-26.625,1,0.5425,2.7346985e-12
mendeley/extracted/Bangla Audio Dataset Original and DeepFake Voices for AI-Based Voice Analysis and Detection/Dataset/S7M01/Fake/8.wav,1,MEN,MEN-S7M01,TG:350a439fb9ac1017,-25.671875,1,0.3508333333333333,7.093268e-12
mendeley/extracted/Bangla Audio Dataset Original and DeepFake Voices for AI-Based Voice Analysis and Detection/Dataset/S7M01/Fake/9.wav,1,MEN,MEN-S7M01,TG:fe872bec1d5fec5d,-22.828125,1,0.4258333333333333,1.2186284e-10
mendeley/extracted/Bangla Audio Dataset Original and DeepFake Voices for AI-Based Voice Analysis and Detection/Dataset/S7M01/Real/1.wav,0,MEN,MEN-S7M01,TG:e7a787eae2aadd63,-17.09375,1,0.5925,3.769456e-08
mendeley/extracted/Bangla Audio Dataset Original and DeepFake Voices for AI-Based Voice Analysis and Detection/Dataset/S7M01/Real/10.wav,0,MEN,MEN-S7M01,TG:b6cccc89a145b946,-19.015625,1,0.6241666666666666,5.515933e-09
mendeley/extracted/Bangla Audio Dataset Original and DeepFake Voices for AI-Based Voice Analysis and Detection/Dataset/S7M01/Real/11.wav,0,MEN,MEN-S7M01,TG:e3a0955d69b2e8ce,-19.46875,1,0.4691666666666666,3.5061407e-09
mendeley/extracted/Bangla Audio Dataset Original and DeepFake Voices for AI-Based Voice Analysis and Detection/Dataset/S7M01/Real/12.wav,0,MEN,MEN-S7M01,TG:fbaa8ee664289e26,-11.578125,1,0.5075000000000001,9.368717e-06
mendeley/extracted/Bangla Audio Dataset Original and DeepFake Voices for AI-Based Voice Analysis and Detection/Dataset/S7M01/Real/13.wav,0,MEN,MEN-S7M01,TG:b315345b73c7782e,-36.5,1,0.5358333333333334,1.4068618e-16
mendeley/extracted/Bangla Audio Dataset Original and DeepFake Voices for AI-Based Voice Analysis and Detection/Dataset/S7M01/Real/14.wav,0,MEN,MEN-S7M01,TG:571ef3400a5435e2,-36.625,1,0.6074999999999999,1.2415512e-16
mendeley/extracted/Bangla Audio Dataset Original and DeepFake Voices for AI-Based Voice Analysis and Detection/Dataset/S7M01/Real/15.wav,0,MEN,MEN-S7M01,TG:68cc478016d585cf,-20.9375,1,0.5808333333333333,8.071594e-10
mendeley/extracted/Bangla Audio Dataset Original and DeepFake Voices for AI-Based Voice Analysis and Detection/Dataset/S7M01/Real/16.wav,0,MEN,MEN-S7M01,TG:8a409d6261087b5b,-20.578125,1,0.6074999999999999,1.1562024e-09
mendeley/extracted/Bangla Audio Dataset Original and DeepFake Voices for AI-Based Voice Analysis and Detection/Dataset/S7M01/Real/17.wav,0,MEN,MEN-S7M01,TG:3895276c9cd52a4f,-27.078125,1,0.5525,1.7382801e-12
mendeley/extracted/Bangla Audio Dataset Original and DeepFake Voices for AI-Based Voice Analysis and Detection/Dataset/S7M01/Real/18.wav,0,MEN,MEN-S7M01,TG:71e5c9ea38e22419,-29.671875,1,0.6074999999999999,1.2991772e-13
mendeley/extracted/Bangla Audio Dataset Original and DeepFake Voices for AI-Based Voice Analysis and Detection/Dataset/S7M01/Real/19.wav,0,MEN,MEN-S7M01,TG:b1cbde63bd64a611,-23.65625,1,0.3908333333333333,5.3237928e-11
mendeley/extracted/Bangla Audio Dataset Original and DeepFake Voices for AI-Based Voice Analysis and Detection/Dataset/S7M01/Real/2.wav,0,MEN,MEN-S7M01,TG:35e8d8c301bdd724,-15.6484375,1,0.5041666666666667,1.599447e-07
mendeley/extracted/Bangla Audio Dataset Original and DeepFake Voices for AI-Based Voice Analysis and Detection/Dataset/S7M01/Real/20.wav,0,MEN,MEN-S7M01,TG:4eede860135e46e0,-17.703125,1,0.5575,2.0494179e-08
mendeley/extracted/Bangla Audio Dataset Original and DeepFake Voices for AI-Based Voice Analysis and Detection/Dataset/S7M01/Real/21.wav,0,MEN,MEN-S7M01,TG:4e327253a4899166,-16.3125,1,0.4225,8.2332484e-08
mendeley/extracted/Bangla Audio Dataset Original and DeepFake Voices for AI-Based Voice Analysis and Detection/Dataset/S7M01/Real/22.wav,0,MEN,MEN-S7M01,TG:8e687e6d6eee3110,-17.96875,1,0.4091666666666667,1.571343e-08
mendeley/extracted/Bangla Audio Dataset Original and DeepFake Voices for AI-Based Voice Analysis and Detection/Dataset/S7M01/Real/23.wav,0,MEN,MEN-S7M01,TG:79f5ecabaa235f39,-3.3808594,1,0.5541666666666667,0.03289904
mendeley/extracted/Bangla Audio Dataset Original and DeepFake Voices for AI-Based Voice Analysis and Detection/Dataset/S7M01/Real/24.wav,0,MEN,MEN-S7M01,TG:56c4a127e94b529e,-21.890625,1,0.4825,3.1118766e-10
mendeley/extracted/Bangla Audio Dataset Original and DeepFake Voices for AI-Based Voice Analysis and Detection/Dataset/S7M01/Real/25.wav,0,MEN,MEN-S7M01,TG:0c4b996c57ad3a91,-37.21875,1,0.6408333333333334,6.856496e-17
mendeley/extracted/Bangla Audio Dataset Original and DeepFake Voices for AI-Based Voice Analysis and Detection/Dataset/S7M01/Real/26.wav,0,MEN,MEN-S7M01,TG:623c9bc53763d833,-48.625,1,0.5725,7.628354e-22
mendeley/extracted/Bangla Audio Dataset Original and DeepFake Voices for AI-Based Voice Analysis and Detection/Dataset/S7M01/Real/27.wav,0,MEN,MEN-S7M01,TG:3b9d2469ed9fecdf,13.8671875,1,0.4308333333333333,0.99999905
mendeley/extracted/Bangla Audio Dataset Original and DeepFake Voices for AI-Based Voice Analysis and Detection/Dataset/S7M01/Real/28.wav,0,MEN,MEN-S7M01,TG:299dcf88a7bd7e02,-13.1640625,1,0.6725,1.918313e-06
mendeley/extracted/Bangla Audio Dataset Original and DeepFake Voices for AI-Based Voice Analysis and Detection/Dataset/S7M01/Real/29.wav,0,MEN,MEN-S7M01,TG:50986d508a0b6329,-15.625,1,0.5875,1.637377e-07
mendeley/extracted/Bangla Audio Dataset Original and DeepFake Voices for AI-Based Voice Analysis and Detection/Dataset/S7M01/Real/3.wav,0,MEN,MEN-S7M01,TG:0482b7506606c32f,-21.53125,1,0.5541666666666667,4.457557e-10
mendeley/extracted/Bangla Audio Dataset Original and DeepFake Voices for AI-Based Voice Analysis and Detection/Dataset/S7M01/Real/30.wav,0,MEN,MEN-S7M01,TG:39761131a871177e,-18.296875,1,0.5075000000000001,1.131796e-08
mendeley/extracted/Bangla Audio Dataset Original and DeepFake Voices for AI-Based Voice Analysis and Detection/Dataset/S7M01/Real/4.wav,0,MEN,MEN-S7M01,TG:b56423de78c5c27e,-30.140625,1,0.3791666666666666,8.130043e-14
mendeley/extracted/Bangla Audio Dataset Original and DeepFake Voices for AI-Based Voice Analysis and Detection/Dataset/S7M01/Real/5.wav,0,MEN,MEN-S7M01,TG:538c010dab2f3679,-21.828125,1,0.5225,3.3125752e-10
mendeley/extracted/Bangla Audio Dataset Original and DeepFake Voices for AI-Based Voice Analysis and Detection/Dataset/S7M01/Real/6.wav,0,MEN,MEN-S7M01,TG:2c57d29c7fa122ba,-33.4375,1,0.5475,3.008003e-15
mendeley/extracted/Bangla Audio Dataset Original and DeepFake Voices for AI-Based Voice Analysis and Detection/Dataset/S7M01/Real/7.wav,0,MEN,MEN-S7M01,TG:5403d84ab3fbd6ab,-53.25,1,0.6541666666666667,7.478574e-24
mendeley/extracted/Bangla Audio Dataset Original and DeepFake Voices for AI-Based Voice Analysis and Detection/Dataset/S7M01/Real/8.wav,0,MEN,MEN-S7M01,TG:350a439fb9ac1017,-28.640625,1,0.5025,3.6436327e-13
mendeley/extracted/Bangla Audio Dataset Original and DeepFake Voices for AI-Based Voice Analysis and Detection/Dataset/S7M01/Real/9.wav,0,MEN,MEN-S7M01,TG:fe872bec1d5fec5d,4.8398438,1,0.6458333333333333,0.9921537
mendeley/extracted/Bangla Audio Dataset Original and DeepFake Voices for AI-Based Voice Analysis and Detection/Dataset/S7M02/Fake/1.wav,1,MEN,MEN-S7M02,TG:e7a787eae2aadd63,-29.109375,1,0.4441666666666667,2.2801273e-13
mendeley/extracted/Bangla Audio Dataset Original and DeepFake Voices for AI-Based Voice Analysis and Detection/Dataset/S7M02/Fake/10.wav,1,MEN,MEN-S7M02,TG:b6cccc89a145b946,-11.0625,1,0.5008333333333334,1.568955e-05
mendeley/extracted/Bangla Audio Dataset Original and DeepFake Voices for AI-Based Voice Analysis and Detection/Dataset/S7M02/Fake/11.wav,1,MEN,MEN-S7M02,TG:e3a0955d69b2e8ce,-20.4375,1,0.4308333333333333,1.3307808e-09
mendeley/extracted/Bangla Audio Dataset Original and DeepFake Voices for AI-Based Voice Analysis and Detection/Dataset/S7M02/Fake/12.wav,1,MEN,MEN-S7M02,TG:fbaa8ee664289e26,-19.3125,1,0.4475,4.0990935e-09
mendeley/extracted/Bangla Audio Dataset Original and DeepFake Voices for AI-Based Voice Analysis and Detection/Dataset/S7M02/Fake/13.wav,1,MEN,MEN-S7M02,TG:b315345b73c7782e,-7.9804688,1,0.4441666666666667,0.00034196206
mendeley/extracted/Bangla Audio Dataset Original and DeepFake Voices for AI-Based Voice Analysis and Detection/Dataset/S7M02/Fake/14.wav,1,MEN,MEN-S7M02,TG:571ef3400a5435e2,-6.8476562,1,0.4891666666666666,0.0010608152
mendeley/extracted/Bangla Audio Dataset Original and DeepFake Voices for AI-Based Voice Analysis and Detection/Dataset/S7M02/Fake/15.wav,1,MEN,MEN-S7M02,TG:68cc478016d585cf,-18.078125,1,0.4741666666666666,1.4085428e-08
mendeley/extracted/Bangla Audio Dataset Original and DeepFake Voices for AI-Based Voice Analysis and Detection/Dataset/S7M02/Fake/16.wav,1,MEN,MEN-S7M02,TG:8a409d6261087b5b,-18.09375,1,0.4441666666666667,1.3867053e-08
mendeley/extracted/Bangla Audio Dataset Original and DeepFake Voices for AI-Based Voice Analysis and Detection/Dataset/S7M02/Fake/17.wav,1,MEN,MEN-S7M02,TG:3895276c9cd52a4f,-9.09375,1,0.3425,0.00011235328
mendeley/extracted/Bangla Audio Dataset Original and DeepFake Voices for AI-Based Voice Analysis and Detection/Dataset/S7M02/Fake/18.wav,1,MEN,MEN-S7M02,TG:71e5c9ea38e22419,-26.765625,1,0.4691666666666666,2.375947e-12
mendeley/extracted/Bangla Audio Dataset Original and DeepFake Voices for AI-Based Voice Analysis and Detection/Dataset/S7M02/Fake/19.wav,1,MEN,MEN-S7M02,TG:b1cbde63bd64a611,-20.171875,1,0.4108333333333334,1.7356654e-09
mendeley/extracted/Bangla Audio Dataset Original and DeepFake Voices for AI-Based Voice Analysis and Detection/Dataset/S7M02/Fake/2.wav,1,MEN,MEN-S7M02,TG:35e8d8c301bdd724,-13.546875,1,0.2658333333333333,1.3081766e-06
mendeley/extracted/Bangla Audio Dataset Original and DeepFake Voices for AI-Based Voice Analysis and Detection/Dataset/S7M02/Fake/20.wav,1,MEN,MEN-S7M02,TG:4eede860135e46e0,-16.09375,1,0.5191666666666667,1.0246443e-07
mendeley/extracted/Bangla Audio Dataset Original and DeepFake Voices for AI-Based Voice Analysis and Detection/Dataset/S7M02/Fake/21.wav,1,MEN,MEN-S7M02,TG:4e327253a4899166,-31.125,1,0.3608333333333333,3.037975e-14
mendeley/extracted/Bangla Audio Dataset Original and DeepFake Voices for AI-Based Voice Analysis and Detection/Dataset/S7M02/Fake/22.wav,1,MEN,MEN-S7M02,TG:8e687e6d6eee3110,-21.890625,1,0.4908333333333333,3.1118766e-10
mendeley/extracted/Bangla Audio Dataset Original and DeepFake Voices for AI-Based Voice Analysis and Detection/Dataset/S7M02/Fake/23.wav,1,MEN,MEN-S7M02,TG:79f5ecabaa235f39,-29.984375,1,0.4275,9.504983e-14
mendeley/extracted/Bangla Audio Dataset Original and DeepFake Voices for AI-Based Voice Analysis and Detection/Dataset/S7M02/Fake/24.wav,1,MEN,MEN-S7M02,TG:56c4a127e94b529e,-10.53125,1,0.5041666666666667,2.6688529e-05
mendeley/extracted/Bangla Audio Dataset Original and DeepFake Voices for AI-Based Voice Analysis and Detection/Dataset/S7M02/Fake/25.wav,1,MEN,MEN-S7M02,TG:0c4b996c57ad3a91,-14.7890625,1,0.4275,3.777388e-07
mendeley/extracted/Bangla Audio Dataset Original and DeepFake Voices for AI-Based Voice Analysis and Detection/Dataset/S7M02/Fake/26.wav,1,MEN,MEN-S7M02,TG:623c9bc53763d833,-29.078125,1,0.4741666666666666,2.352506e-13
mendeley/extracted/Bangla Audio Dataset Original and DeepFake Voices for AI-Based Voice Analysis and Detection/Dataset/S7M02/Fake/27.wav,1,MEN,MEN-S7M02,TG:3b9d2469ed9fecdf,27.90625,1,0.3525,1.0
mendeley/extracted/Bangla Audio Dataset Original and DeepFake Voices for AI-Based Voice Analysis and Detection/Dataset/S7M02/Fake/28.wav,1,MEN,MEN-S7M02,TG:299dcf88a7bd7e02,-12.6484375,1,0.5558333333333334,3.2125654e-06
mendeley/extracted/Bangla Audio Dataset Original and DeepFake Voices for AI-Based Voice Analysis and Detection/Dataset/S7M02/Fake/29.wav,1,MEN,MEN-S7M02,TG:50986d508a0b6329,-10.8828125,1,0.4725,1.8777875e-05
mendeley/extracted/Bangla Audio Dataset Original and DeepFake Voices for AI-Based Voice Analysis and Detection/Dataset/S7M02/Fake/3.wav,1,MEN,MEN-S7M02,TG:0482b7506606c32f,-17.296875,1,0.5041666666666667,3.0765406e-08
mendeley/extracted/Bangla Audio Dataset Original and DeepFake Voices for AI-Based Voice Analysis and Detection/Dataset/S7M02/Fake/30.wav,1,MEN,MEN-S7M02,TG:39761131a871177e,-2.8066406,1,0.5491666666666667,0.056966383
mendeley/extracted/Bangla Audio Dataset Original and DeepFake Voices for AI-Based Voice Analysis and Detection/Dataset/S7M02/Fake/4.wav,1,MEN,MEN-S7M02,TG:b56423de78c5c27e,-10.15625,1,0.5391666666666667,3.883111e-05
mendeley/extracted/Bangla Audio Dataset Original and DeepFake Voices for AI-Based Voice Analysis and Detection/Dataset/S7M02/Fake/5.wav,1,MEN,MEN-S7M02,TG:538c010dab2f3679,-15.234375,1,0.4675,2.419886e-07
mendeley/extracted/Bangla Audio Dataset Original and DeepFake Voices for AI-Based Voice Analysis and Detection/Dataset/S7M02/Fake/6.wav,1,MEN,MEN-S7M02,TG:2c57d29c7fa122ba,-13.6171875,1,0.5691666666666666,1.2193549e-06
mendeley/extracted/Bangla Audio Dataset Original and DeepFake Voices for AI-Based Voice Analysis and Detection/Dataset/S7M02/Fake/7.wav,1,MEN,MEN-S7M02,TG:5403d84ab3fbd6ab,-11.8359375,1,0.5941666666666667,7.2395997e-06
mendeley/extracted/Bangla Audio Dataset Original and DeepFake Voices for AI-Based Voice Analysis and Detection/Dataset/S7M02/Fake/8.wav,1,MEN,MEN-S7M02,TG:350a439fb9ac1017,-15.9609375,1,0.3275,1.17018054e-07
mendeley/extracted/Bangla Audio Dataset Original and DeepFake Voices for AI-Based Voice Analysis and Detection/Dataset/S7M02/Fake/9.wav,1,MEN,MEN-S7M02,TG:fe872bec1d5fec5d,-17.453125,1,0.4341666666666667,2.6315048e-08
mendeley/extracted/Bangla Audio Dataset Original and DeepFake Voices for AI-Based Voice Analysis and Detection/Dataset/S7M02/Real/1.wav,0,MEN,MEN-S7M02,TG:e7a787eae2aadd63,-11.359375,1,0.3675,1.1659531e-05
mendeley/extracted/Bangla Audio Dataset Original and DeepFake Voices for AI-Based Voice Analysis and Detection/Dataset/S7M02/Real/10.wav,0,MEN,MEN-S7M02,TG:b6cccc89a145b946,-28.0625,1,0.5675,6.4954774e-13
mendeley/extracted/Bangla Audio Dataset Original and DeepFake Voices for AI-Based Voice Analysis and Detection/Dataset/S7M02/Real/11.wav,0,MEN,MEN-S7M02,TG:e3a0955d69b2e8ce,-23.78125,1,0.6008333333333333,4.6982307e-11
mendeley/extracted/Bangla Audio Dataset Original and DeepFake Voices for AI-Based Voice Analysis and Detection/Dataset/S7M02/Real/12.wav,0,MEN,MEN-S7M02,TG:fbaa8ee664289e26,-19.8125,1,0.3841666666666666,2.486226e-09
mendeley/extracted/Bangla Audio Dataset Original and DeepFake Voices for AI-Based Voice Analysis and Detection/Dataset/S7M02/Real/13.wav,0,MEN,MEN-S7M02,TG:b315345b73c7782e,-12.8359375,1,0.5341666666666667,2.6633118e-06
mendeley/extracted/Bangla Audio Dataset Original and DeepFake Voices for AI-Based Voice Analysis and Detection/Dataset/S7M02/Real/14.wav,0,MEN,MEN-S7M02,TG:571ef3400a5435e2,-5.0664062,1,0.5675,0.006265533
mendeley/extracted/Bangla Audio Dataset Original and DeepFake Voices for AI-Based Voice Analysis and Detection/Dataset/S7M02/Real/15.wav,0,MEN,MEN-S7M02,TG:68cc478016d585cf,-15.9921875,1,0.5675,1.1341779e-07
mendeley/extracted/Bangla Audio Dataset Original and DeepFake Voices for AI-Based Voice Analysis and Detection/Dataset/S7M02/Real/16.wav,0,MEN,MEN-S7M02,TG:8a409d6261087b5b,-8.078125,1,0.5341666666666667,0.000310156
mendeley/extracted/Bangla Audio Dataset Original and DeepFake Voices for AI-Based Voice Analysis and Detection/Dataset/S7M02/Real/17.wav,0,MEN,MEN-S7M02,TG:3895276c9cd52a4f,-4.5195312,1,0.4675,0.010776727
mendeley/extracted/Bangla Audio Dataset Original and DeepFake Voices for AI-Based Voice Analysis and Detection/Dataset/S7M02/Real/18.wav,0,MEN,MEN-S7M02,TG:71e5c9ea38e22419,-23.703125,1,0.5341666666666667,5.0799986e-11
mendeley/extracted/Bangla Audio Dataset Original and DeepFake Voices for AI-Based Voice Analysis and Detection/Dataset/S7M02/Real/19.wav,0,MEN,MEN-S7M02,TG:b1cbde63bd64a611,-2.2167969,1,0.4175,0.09825224
mendeley/extracted/Bangla Audio Dataset Original and DeepFake Voices for AI-Based Voice Analysis and Detection/Dataset/S7M02/Real/2.wav,0,MEN,MEN-S7M02,TG:35e8d8c301bdd724,-24.9375,1,0.4508333333333333,1.478364e-11
mendeley/extracted/Bangla Audio Dataset Original and DeepFake Voices for AI-Based Voice Analysis and Detection/Dataset/S7M02/Real/20.wav,0,MEN,MEN-S7M02,TG:4eede860135e46e0,-23.296875,1,0.6008333333333333,7.625982e-11
mendeley/extracted/Bangla Audio Dataset Original and DeepFake Voices for AI-Based Voice Analysis and Detection/Dataset/S7M02/Real/21.wav,0,MEN,MEN-S7M02,TG:4e327253a4899166,-21.765625,1,0.5508333333333333,3.526218e-10
mendeley/extracted/Bangla Audio Dataset Original and DeepFake Voices for AI-Based Voice Analysis and Detection/Dataset/S7M02/Real/22.wav,0,MEN,MEN-S7M02,TG:8e687e6d6eee3110,-19.515625,1,0.6008333333333333,3.3455827e-09
mendeley/extracted/Bangla Audio Dataset Original and DeepFake Voices for AI-Based Voice Analysis and Detection/Dataset/S7M02/Real/23.wav,0,MEN,MEN-S7M02,TG:79f5ecabaa235f39,-21.078125,1,0.5008333333333334,7.0127215e-10
mendeley/extracted/Bangla Audio Dataset Original and DeepFake Voices for AI-Based Voice Analysis and Detection/Dataset/S7M02/Real/24.wav,0,MEN,MEN-S7M02,TG:56c4a127e94b529e,2.140625,1,0.6008333333333333,0.89478946
mendeley/extracted/Bangla Audio Dataset Original and DeepFake Voices for AI-Based Voice Analysis and Detection/Dataset/S7M02/Real/25.wav,0,MEN,MEN-S7M02,TG:0c4b996c57ad3a91,4.40625,1,0.5341666666666667,0.9879462
mendeley/extracted/Bangla Audio Dataset Original and DeepFake Voices for AI-Based Voice Analysis and Detection/Dataset/S7M02/Real/26.wav,0,MEN,MEN-S7M02,TG:623c9bc53763d833,-20.5,1,0.5175000000000001,1.250153e-09
mendeley/extracted/Bangla Audio Dataset Original and DeepFake Voices for AI-Based Voice Analysis and Detection/Dataset/S7M02/Real/27.wav,0,MEN,MEN-S7M02,TG:3b9d2469ed9fecdf,-2.75,1,0.4508333333333333,0.060086653
mendeley/extracted/Bangla Audio Dataset Original and DeepFake Voices for AI-Based Voice Analysis and Detection/Dataset/S7M02/Real/28.wav,0,MEN,MEN-S7M02,TG:299dcf88a7bd7e02,-10.1640625,1,0.6008333333333333,3.8528935e-05
mendeley/extracted/Bangla Audio Dataset Original and DeepFake Voices for AI-Based Voice Analysis and Detection/Dataset/S7M02/Real/29.wav,0,MEN,MEN-S7M02,TG:50986d508a0b6329,-14.21875,1,0.5508333333333333,6.681517e-07
mendeley/extracted/Bangla Audio Dataset Original and DeepFake Voices for AI-Based Voice Analysis and Detection/Dataset/S7M02/Real/3.wav,0,MEN,MEN-S7M02,TG:0482b7506606c32f,-34.625,1,0.5175000000000001,9.173891e-16
mendeley/extracted/Bangla Audio Dataset Original and DeepFake Voices for AI-Based Voice Analysis and Detection/Dataset/S7M02/Real/30.wav,0,MEN,MEN-S7M02,TG:39761131a871177e,-18.34375,1,0.5008333333333334,1.0799672e-08
mendeley/extracted/Bangla Audio Dataset Original and DeepFake Voices for AI-Based Voice Analysis and Detection/Dataset/S7M02/Real/4.wav,0,MEN,MEN-S7M02,TG:b56423de78c5c27e,-7.4648438,1,0.4008333333333334,0.00057254656
mendeley/extracted/Bangla Audio Dataset Original and DeepFake Voices for AI-Based Voice Analysis and Detection/Dataset/S7M02/Real/5.wav,0,MEN,MEN-S7M02,TG:538c010dab2f3679,-33.125,1,0.6841666666666666,4.111453e-15
mendeley/extracted/Bangla Audio Dataset Original and DeepFake Voices for AI-Based Voice Analysis and Detection/Dataset/S7M02/Real/6.wav,0,MEN,MEN-S7M02,TG:2c57d29c7fa122ba,-24.1875,1,0.6008333333333333,3.1296965e-11
mendeley/extracted/Bangla Audio Dataset Original and DeepFake Voices for AI-Based Voice Analysis and Detection/Dataset/S7M02/Real/7.wav,0,MEN,MEN-S7M02,TG:5403d84ab3fbd6ab,-28.921875,1,0.5508333333333333,2.7503583e-13
mendeley/extracted/Bangla Audio Dataset Original and DeepFake Voices for AI-Based Voice Analysis and Detection/Dataset/S7M02/Real/8.wav,0,MEN,MEN-S7M02,TG:350a439fb9ac1017,-17.234375,1,0.4508333333333333,3.2749604e-08
mendeley/extracted/Bangla Audio Dataset Original and DeepFake Voices for AI-Based Voice Analysis and Detection/Dataset/S7M02/Real/9.wav,0,MEN,MEN-S7M02,TG:fe872bec1d5fec5d,-20.890625,1,0.5675,8.4589574e-10
mendeley/extracted/Bangla Audio Dataset Original and DeepFake Voices for AI-Based Voice Analysis and Detection/Dataset/S7M03/Fake/1.wav,1,MEN,MEN-S7M03,TG:e7a787eae2aadd63,-4.2148438,1,0.4608333333333333,0.0145595195
mendeley/extracted/Bangla Audio Dataset Original and DeepFake Voices for AI-Based Voice Analysis and Detection/Dataset/S7M03/Fake/10.wav,1,MEN,MEN-S7M03,TG:b6cccc89a145b946,1.1708984,1,0.4708333333333333,0.76330733
mendeley/extracted/Bangla Audio Dataset Original and DeepFake Voices for AI-Based Voice Analysis and Detection/Dataset/S7M03/Fake/11.wav,1,MEN,MEN-S7M03,TG:e3a0955d69b2e8ce,-15.5,1,0.4408333333333333,1.8553911e-07
mendeley/extracted/Bangla Audio Dataset Original and DeepFake Voices for AI-Based Voice Analysis and Detection/Dataset/S7M03/Fake/12.wav,1,MEN,MEN-S7M03,TG:fbaa8ee664289e26,-37.96875,1,0.4408333333333333,3.2387794e-17
mendeley/extracted/Bangla Audio Dataset Original and DeepFake Voices for AI-Based Voice Analysis and Detection/Dataset/S7M03/Fake/13.wav,1,MEN,MEN-S7M03,TG:b315345b73c7782e,-22.09375,1,0.4291666666666667,2.5398394e-10
mendeley/extracted/Bangla Audio Dataset Original and DeepFake Voices for AI-Based Voice Analysis and Detection/Dataset/S7M03/Fake/14.wav,1,MEN,MEN-S7M03,TG:571ef3400a5435e2,-9.109375,1,0.4475,0.000110611596
mendeley/extracted/Bangla Audio Dataset Original and DeepFake Voices for AI-Based Voice Analysis and Detection/Dataset/S7M03/Fake/15.wav,1,MEN,MEN-S7M03,TG:68cc478016d585cf,-14.3046875,1,0.4725,6.1313045e-07
mendeley/extracted/Bangla Audio Dataset Original and DeepFake Voices for AI-Based Voice Analysis and Detection/Dataset/S7M03/Fake/16.wav,1,MEN,MEN-S7M03,TG:8a409d6261087b5b,-0.45629883,1,0.4475,0.38786423
mendeley/extracted/Bangla Audio Dataset Original and DeepFake Voices for AI-Based Voice Analysis and Detection/Dataset/S7M03/Fake/17.wav,1,MEN,MEN-S7M03,TG:3895276c9cd52a4f,-11.875,1,0.4641666666666666,6.9622565e-06
mendeley/extracted/Bangla Audio Dataset Original and DeepFake Voices for AI-Based Voice Analysis and Detection/Dataset/S7M03/Fake/18.wav,1,MEN,MEN-S7M03,TG:71e5c9ea38e22419,-10.09375,1,0.5125,4.13354e-05
mendeley/extracted/Bangla Audio Dataset Original and DeepFake Voices for AI-Based Voice Analysis and Detection/Dataset/S7M03/Fake/19.wav,1,MEN,MEN-S7M03,TG:b1cbde63bd64a611,-26.046875,1,0.3108333333333333,4.8751268e-12
mendeley/extracted/Bangla Audio Dataset Original and DeepFake Voices for AI-Based Voice Analysis and Detection/Dataset/S7M03/Fake/2.wav,1,MEN,MEN-S7M03,TG:35e8d8c301bdd724,-7.7929688,1,0.2275,0.00041245588
mendeley/extracted/Bangla Audio Dataset Original and DeepFake Voices for AI-Based Voice Analysis and Detection/Dataset/S7M03/Fake/20.wav,1,MEN,MEN-S7M03,TG:4eede860135e46e0,-26.921875,1,0.5508333333333333,2.0322552e-12
mendeley/extracted/Bangla Audio Dataset Original and DeepFake Voices for AI-Based Voice Analysis and Detection/Dataset/S7M03/Fake/21.wav,1,MEN,MEN-S7M03,TG:4e327253a4899166,-20.296875,1,0.4058333333333334,1.5317193e-09
mendeley/extracted/Bangla Audio Dataset Original and DeepFake Voices for AI-Based Voice Analysis and Detection/Dataset/S7M03/Fake/22.wav,1,MEN,MEN-S7M03,TG:8e687e6d6eee3110,-15.4375,1,0.5275000000000001,1.9750534e-07
mendeley/extracted/Bangla Audio Dataset Original and DeepFake Voices for AI-Based Voice Analysis and Detection/Dataset/S7M03/Fake/23.wav,1,MEN,MEN-S7M03,TG:79f5ecabaa235f39,-8.828125,1,0.4391666666666667,0.0001465313
mendeley/extracted/Bangla Audio Dataset Original and DeepFake Voices for AI-Based Voice Analysis and Detection/Dataset/S7M03/Fake/24.wav,1,MEN,MEN-S7M03,TG:56c4a127e94b529e,-15.359375,1,0.5608333333333333,2.1355417e-07
mendeley/extracted/Bangla Audio Dataset Original and DeepFake Voices for AI-Based Voice Analysis and Detection/Dataset/S7M03/Fake/25.wav,1,MEN,MEN-S7M03,TG:0c4b996c57ad3a91,-10.2734375,1,0.3891666666666666,3.4537254e-05
mendeley/extracted/Bangla Audio Dataset Original and DeepFake Voices for AI-Based Voice Analysis and Detection/Dataset/S7M03/Fake/26.wav,1,MEN,MEN-S7M03,TG:623c9bc53763d833,-7.7578125,1,0.4775,0.00042720794
mendeley/extracted/Bangla Audio Dataset Original and DeepFake Voices for AI-Based Voice Analysis and Detection/Dataset/S7M03/Fake/27.wav,1,MEN,MEN-S7M03,TG:3b9d2469ed9fecdf,-10.0859375,1,0.3125,4.165958e-05
mendeley/extracted/Bangla Audio Dataset Original and DeepFake Voices for AI-Based Voice Analysis and Detection/Dataset/S7M03/Fake/28.wav,1,MEN,MEN-S7M03,TG:299dcf88a7bd7e02,-10.6484375,1,0.5708333333333333,2.3737339e-05
mendeley/extracted/Bangla Audio Dataset Original and DeepFake Voices for AI-Based Voice Analysis and Detection/Dataset/S7M03/Fake/29.wav,1,MEN,MEN-S7M03,TG:50986d508a0b6329,-15.7109375,1,0.3391666666666666,1.5025415e-07
mendeley/extracted/Bangla Audio Dataset Original and DeepFake Voices for AI-Based Voice Analysis and Detection/Dataset/S7M03/Fake/3.wav,1,MEN,MEN-S7M03,TG:0482b7506606c32f,-16.1875,1,0.4641666666666666,9.329492e-08
mendeley/extracted/Bangla Audio Dataset Original and DeepFake Voices for AI-Based Voice Analysis and Detection/Dataset/S7M03/Fake/30.wav,1,MEN,MEN-S7M03,TG:39761131a871177e,-6.8945312,1,0.5275000000000001,0.0010122862
mendeley/extracted/Bangla Audio Dataset Original and DeepFake Voices for AI-Based Voice Analysis and Detection/Dataset/S7M03/Fake/4.wav,1,MEN,MEN-S7M03,TG:b56423de78c5c27e,-0.022323608,1,0.5375,0.49441934
mendeley/extracted/Bangla Audio Dataset Original and DeepFake Voices for AI-Based Voice Analysis and Detection/Dataset/S7M03/Fake/5.wav,1,MEN,MEN-S7M03,TG:538c010dab2f3679,1.9873047,1,0.4024999999999999,0.8794577
mendeley/extracted/Bangla Audio Dataset Original and DeepFake Voices for AI-Based Voice Analysis and Detection/Dataset/S7M03/Fake/6.wav,1,MEN,MEN-S7M03,TG:2c57d29c7fa122ba,6.9960938,1,0.5808333333333333,0.9990854
mendeley/extracted/Bangla Audio Dataset Original and DeepFake Voices for AI-Based Voice Analysis and Detection/Dataset/S7M03/Fake/7.wav,1,MEN,MEN-S7M03,TG:5403d84ab3fbd6ab,-15.703125,1,0.5675,1.514326e-07
mendeley/extracted/Bangla Audio Dataset Original and DeepFake Voices for AI-Based Voice Analysis and Detection/Dataset/S7M03/Fake/8.wav,1,MEN,MEN-S7M03,TG:350a439fb9ac1017,-3.296875,1,0.3608333333333333,0.03567855
mendeley/extracted/Bangla Audio Dataset Original and DeepFake Voices for AI-Based Voice Analysis and Detection/Dataset/S7M03/Fake/9.wav,1,MEN,MEN-S7M03,TG:fe872bec1d5fec5d,5.7851562,1,0.4975,0.99693656
mendeley/extracted/Bangla Audio Dataset Original and DeepFake Voices for AI-Based Voice Analysis and Detection/Dataset/S7M03/Real/1.wav,0,MEN,MEN-S7M03,TG:e7a787eae2aadd63,-25.359375,1,0.4675,9.695348e-12
mendeley/extracted/Bangla Audio Dataset Original and DeepFake Voices for AI-Based Voice Analysis and Detection/Dataset/S7M03/Real/10.wav,0,MEN,MEN-S7M03,TG:b6cccc89a145b946,-12.390625,1,0.5675,4.157365e-06
mendeley/extracted/Bangla Audio Dataset Original and DeepFake Voices for AI-Based Voice Analysis and Detection/Dataset/S7M03/Real/11.wav,0,MEN,MEN-S7M03,TG:e3a0955d69b2e8ce,-35.75,1,0.5841666666666667,2.9783264e-16
mendeley/extracted/Bangla Audio Dataset Original and DeepFake Voices for AI-Based Voice Analysis and Detection/Dataset/S7M03/Real/12.wav,0,MEN,MEN-S7M03,TG:fbaa8ee664289e26,1.8300781,1,0.5341666666666667,0.86177105
mendeley/extracted/Bangla Audio Dataset Original and DeepFake Voices for AI-Based Voice Analysis and Detection/Dataset/S7M03/Real/13.wav,0,MEN,MEN-S7M03,TG:b315345b73c7782e,-16.65625,1,0.5175000000000001,5.8382472e-08
mendeley/extracted/Bangla Audio Dataset Original and DeepFake Voices for AI-Based Voice Analysis and Detection/Dataset/S7M03/Real/14.wav,0,MEN,MEN-S7M03,TG:571ef3400a5435e2,-7.5664062,1,0.5341666666666667,0.00051728135
mendeley/extracted/Bangla Audio Dataset Original and DeepFake Voices for AI-Based Voice Analysis and Detection/Dataset/S7M03/Real/15.wav,0,MEN,MEN-S7M03,TG:68cc478016d585cf,-18.0625,1,0.5175000000000001,1.43072425e-08
mendeley/extracted/Bangla Audio Dataset Original and DeepFake Voices for AI-Based Voice Analysis and Detection/Dataset/S7M03/Real/16.wav,0,MEN,MEN-S7M03,TG:8a409d6261087b5b,-11.59375,1,0.5175000000000001,9.2234695e-06
mendeley/extracted/Bangla Audio Dataset Original and DeepFake Voices for AI-Based Voice Analysis and Detection/Dataset/S7M03/Real/17.wav,0,MEN,MEN-S7M03,TG:3895276c9cd52a4f,-32.1875,1,0.5175000000000001,1.04989615e-14
mendeley/extracted/Bangla Audio Dataset Original and DeepFake Voices for AI-Based Voice Analysis and Detection/Dataset/S7M03/Real/18.wav,0,MEN,MEN-S7M03,TG:71e5c9ea38e22419,-9.3125,1,0.5341666666666667,9.028039e-05
mendeley/extracted/Bangla Audio Dataset Original and DeepFake Voices for AI-Based Voice Analysis and Detection/Dataset/S7M03/Real/19.wav,0,MEN,MEN-S7M03,TG:b1cbde63bd64a611,-15.7734375,1,0.4841666666666666,1.4115071e-07
mendeley/extracted/Bangla Audio Dataset Original and DeepFake Voices for AI-Based Voice Analysis and Detection/Dataset/S7M03/Real/2.wav,0,MEN,MEN-S7M03,TG:35e8d8c301bdd724,-16.203125,1,0.5175000000000001,9.184853e-08
mendeley/extracted/Bangla Audio Dataset Original and DeepFake Voices for AI-Based Voice Analysis and Detection/Dataset/S7M03/Real/20.wav,0,MEN,MEN-S7M03,TG:4eede860135e46e0,-20.875,1,0.5008333333333334,8.592166e-10
mendeley/extracted/Bangla Audio Dataset Original and DeepFake Voices for AI-Based Voice Analysis and Detection/Dataset/S7M03/Real/21.wav,0,MEN,MEN-S7M03,TG:4e327253a4899166,-31.671875,1,0.5508333333333333,1.7582454e-14
mendeley/extracted/Bangla Audio Dataset Original and DeepFake Voices for AI-Based Voice Analysis and Detection/Dataset/S7M03/Real/22.wav,0,MEN,MEN-S7M03,TG:8e687e6d6eee3110,-9.2265625,1,0.5175000000000001,9.83812e-05
mendeley/extracted/Bangla Audio Dataset Original and DeepFake Voices for AI-Based Voice Analysis and Detection/Dataset/S7M03/Real/23.wav,0,MEN,MEN-S7M03,TG:79f5ecabaa235f39,-37.84375,1,0.4841666666666666,3.670018e-17
mendeley/extracted/Bangla Audio Dataset Original and DeepFake Voices for AI-Based Voice Analysis and Detection/Dataset/S7M03/Real/24.wav,0,MEN,MEN-S7M03,TG:56c4a127e94b529e,-18.859375,1,0.5008333333333334,6.4487793e-09
mendeley/extracted/Bangla Audio Dataset Original and DeepFake Voices for AI-Based Voice Analysis and Detection/Dataset/S7M03/Real/25.wav,0,MEN,MEN-S7M03,TG:0c4b996c57ad3a91,-21.9375,1,0.5675,2.9693734e-10
mendeley/extracted/Bangla Audio Dataset Original and DeepFake Voices for AI-Based Voice Analysis and Detection/Dataset/S7M03/Real/26.wav,0,MEN,MEN-S7M03,TG:623c9bc53763d833,-16.296875,1,0.5675,8.362904e-08
mendeley/extracted/Bangla Audio Dataset Original and DeepFake Voices for AI-Based Voice Analysis and Detection/Dataset/S7M03/Real/27.wav,0,MEN,MEN-S7M03,TG:3b9d2469ed9fecdf,-15.9453125,1,0.4841666666666666,1.18860825e-07
mendeley/extracted/Bangla Audio Dataset Original and DeepFake Voices for AI-Based Voice Analysis and Detection/Dataset/S7M03/Real/28.wav,0,MEN,MEN-S7M03,TG:299dcf88a7bd7e02,-19.34375,1,0.5341666666666667,3.9729775e-09
mendeley/extracted/Bangla Audio Dataset Original and DeepFake Voices for AI-Based Voice Analysis and Detection/Dataset/S7M03/Real/29.wav,0,MEN,MEN-S7M03,TG:50986d508a0b6329,-30.515625,1,0.5508333333333333,5.587692e-14
mendeley/extracted/Bangla Audio Dataset Original and DeepFake Voices for AI-Based Voice Analysis and Detection/Dataset/S7M03/Real/3.wav,0,MEN,MEN-S7M03,TG:0482b7506606c32f,-39.59375,1,0.5508333333333333,6.3775352e-18
mendeley/extracted/Bangla Audio Dataset Original and DeepFake Voices for AI-Based Voice Analysis and Detection/Dataset/S7M03/Real/30.wav,0,MEN,MEN-S7M03,TG:39761131a871177e,-20.984375,1,0.5175000000000001,7.7019685e-10
mendeley/extracted/Bangla Audio Dataset Original and DeepFake Voices for AI-Based Voice Analysis and Detection/Dataset/S7M03/Real/4.wav,0,MEN,MEN-S7M03,TG:b56423de78c5c27e,-24.5625,1,0.5341666666666667,2.1510068e-11
mendeley/extracted/Bangla Audio Dataset Original and DeepFake Voices for AI-Based Voice Analysis and Detection/Dataset/S7M03/Real/5.wav,0,MEN,MEN-S7M03,TG:538c010dab2f3679,-29.984375,1,0.5341666666666667,9.504983e-14
mendeley/extracted/Bangla Audio Dataset Original and DeepFake Voices for AI-Based Voice Analysis and Detection/Dataset/S7M03/Real/6.wav,0,MEN,MEN-S7M03,TG:2c57d29c7fa122ba,-8.375,1,0.5675,0.0002305067
mendeley/extracted/Bangla Audio Dataset Original and DeepFake Voices for AI-Based Voice Analysis and Detection/Dataset/S7M03/Real/7.wav,0,MEN,MEN-S7M03,TG:5403d84ab3fbd6ab,-34.65625,1,0.5675,8.891639e-16
mendeley/extracted/Bangla Audio Dataset Original and DeepFake Voices for AI-Based Voice Analysis and Detection/Dataset/S7M03/Real/8.wav,0,MEN,MEN-S7M03,TG:350a439fb9ac1017,-28.875,1,0.5175000000000001,2.8823507e-13
mendeley/extracted/Bangla Audio Dataset Original and DeepFake Voices for AI-Based Voice Analysis and Detection/Dataset/S7M03/Real/9.wav,0,MEN,MEN-S7M03,TG:fe872bec1d5fec5d,-25.234375,1,0.5675,1.0986268e-11
mendeley/extracted/Bangla Audio Dataset Original and DeepFake Voices for AI-Based Voice Analysis and Detection/Dataset/S8F01/Fake/1.wav,1,MEN,MEN-S8F01,TG:760e3ce681aa7630,-19.5,1,0.5208333333333333,3.398268e-09
mendeley/extracted/Bangla Audio Dataset Original and DeepFake Voices for AI-Based Voice Analysis and Detection/Dataset/S8F01/Fake/10.wav,1,MEN,MEN-S8F01,TG:7ccc8eca646a6e57,8.9765625,1,0.5541666666666667,0.99987364
mendeley/extracted/Bangla Audio Dataset Original and DeepFake Voices for AI-Based Voice Analysis and Detection/Dataset/S8F01/Fake/11.wav,1,MEN,MEN-S8F01,TG:872f6260af58529e,12.4921875,1,0.4541666666666667,0.9999962
mendeley/extracted/Bangla Audio Dataset Original and DeepFake Voices for AI-Based Voice Analysis and Detection/Dataset/S8F01/Fake/12.wav,1,MEN,MEN-S8F01,TG:bbd38849c3dc44fa,-10.484375,1,0.4475,2.7969301e-05
mendeley/extracted/Bangla Audio Dataset Original and DeepFake Voices for AI-Based Voice Analysis and Detection/Dataset/S8F01/Fake/13.wav,1,MEN,MEN-S8F01,TG:08c5075532646c3a,-6.375,1,0.4425,0.0017007225
mendeley/extracted/Bangla Audio Dataset Original and DeepFake Voices for AI-Based Voice Analysis and Detection/Dataset/S8F01/Fake/14.wav,1,MEN,MEN-S8F01,TG:77bf98e46646f28d,-15.0625,1,0.4075,2.8736855e-07
mendeley/extracted/Bangla Audio Dataset Original and DeepFake Voices for AI-Based Voice Analysis and Detection/Dataset/S8F01/Fake/15.wav,1,MEN,MEN-S8F01,TG:3eb14b84f28303c8,-0.9819336,1,0.4575,0.2725083
mendeley/extracted/Bangla Audio Dataset Original and DeepFake Voices for AI-Based Voice Analysis and Detection/Dataset/S8F01/Fake/16.wav,1,MEN,MEN-S8F01,TG:0ea8bc04161b1f2f,-22.5,1,0.4058333333333334,1.691898e-10
mendeley/extracted/Bangla Audio Dataset Original and DeepFake Voices for AI-Based Voice Analysis and Detection/Dataset/S8F01/Fake/17.wav,1,MEN,MEN-S8F01,TG:66c39665bb32ee30,-6.4179688,1,0.3991666666666666,0.0016293088
mendeley/extracted/Bangla Audio Dataset Original and DeepFake Voices for AI-Based Voice Analysis and Detection/Dataset/S8F01/Fake/18.wav,1,MEN,MEN-S8F01,TG:b494f4a3b1edf8db,5.984375,1,0.4808333333333333,0.9974885
mendeley/extracted/Bangla Audio Dataset Original and DeepFake Voices for AI-Based Voice Analysis and Detection/Dataset/S8F01/Fake/19.wav,1,MEN,MEN-S8F01,TG:2787a2a24a265664,-8.125,1,0.4075,0.0002959571
mendeley/extracted/Bangla Audio Dataset Original and DeepFake Voices for AI-Based Voice Analysis and Detection/Dataset/S8F01/Fake/2.wav,1,MEN,MEN-S8F01,TG:bac6bd4d479b8a5b,-5.90625,1,0.5141666666666667,0.0027149855
mendeley/extracted/Bangla Audio Dataset Original and DeepFake Voices for AI-Based Voice Analysis and Detection/Dataset/S8F01/Fake/20.wav,1,MEN,MEN-S8F01,TG:c9b9b4cacb95876e,-11.328125,1,0.3841666666666666,1.2029639e-05
mendeley/extracted/Bangla Audio Dataset Original and DeepFake Voices for AI-Based Voice Analysis and Detection/Dataset/S8F01/Fake/21.wav,1,MEN,MEN-S8F01,TG:05910b36b882676c,-9.8515625,1,0.5008333333333334,5.266206e-05
mendeley/extracted/Bangla Audio Dataset Original and DeepFake Voices for AI-Based Voice Analysis and Detection/Dataset/S8F01/Fake/22.wav,1,MEN,MEN-S8F01,TG:63d69875a36d8c5d,1.5283203,1,0.3291666666666667,0.8217605
mendeley/extracted/Bangla Audio Dataset Original and DeepFake Voices for AI-Based Voice Analysis and Detection/Dataset/S8F01/Fake/23.wav,1,MEN,MEN-S8F01,TG:59cb211849ea18dc,-13.6171875,1,0.5508333333333333,1.2193549e-06
mendeley/extracted/Bangla Audio Dataset Original and DeepFake Voices for AI-Based Voice Analysis and Detection/Dataset/S8F01/Fake/24.wav,1,MEN,MEN-S8F01,TG:e3ad4512efc8cbc6,-9.9921875,1,0.5208333333333333,4.5753914e-05
mendeley/extracted/Bangla Audio Dataset Original and DeepFake Voices for AI-Based Voice Analysis and Detection/Dataset/S8F01/Fake/25.wav,1,MEN,MEN-S8F01,TG:3b026d0aca15da29,11.3828125,1,0.4841666666666666,0.99998856
mendeley/extracted/Bangla Audio Dataset Original and DeepFake Voices for AI-Based Voice Analysis and Detection/Dataset/S8F01/Fake/26.wav,1,MEN,MEN-S8F01,TG:bc8efbdca8f6081a,-22.0625,1,0.5041666666666667,2.6204627e-10
mendeley/extracted/Bangla Audio Dataset Original and DeepFake Voices for AI-Based Voice Analysis and Detection/Dataset/S8F01/Fake/27.wav,1,MEN,MEN-S8F01,TG:52999faeaa2ecc2d,-15.421875,1,0.4708333333333333,2.006156e-07
mendeley/extracted/Bangla Audio Dataset Original and DeepFake Voices for AI-Based Voice Analysis and Detection/Dataset/S8F01/Fake/28.wav,1,MEN,MEN-S8F01,TG:352d26f1389a8b5b,10.734375,1,0.5208333333333333,0.9999782
mendeley/extracted/Bangla Audio Dataset Original and DeepFake Voices for AI-Based Voice Analysis and Detection/Dataset/S8F01/Fake/29.wav,1,MEN,MEN-S8F01,TG:38d7ef05bbb12d77,-20.234375,1,0.4975,1.6305068e-09
mendeley/extracted/Bangla Audio Dataset Original and DeepFake Voices for AI-Based Voice Analysis and Detection/Dataset/S8F01/Fake/3.wav,1,MEN,MEN-S8F01,TG:515be6f37ee9bb6b,8.2734375,1,0.5691666666666666,0.99974483
mendeley/extracted/Bangla Audio Dataset Original and DeepFake Voices for AI-Based Voice Analysis and Detection/Dataset/S8F01/Fake/30.wav,1,MEN,MEN-S8F01,TG:5d0a616d7540918c,5.4726562,1,0.3841666666666666,0.9958175
mendeley/extracted/Bangla Audio Dataset Original and DeepFake Voices for AI-Based Voice Analysis and Detection/Dataset/S8F01/Fake/4.wav,1,MEN,MEN-S8F01,TG:9171bfa0ce6f0284,-25.46875,1,0.5008333333333334,8.690854e-12
mendeley/extracted/Bangla Audio Dataset Original and DeepFake Voices for AI-Based Voice Analysis and Detection/Dataset/S8F01/Fake/5.wav,1,MEN,MEN-S8F01,TG:c48f3edccc3e1864,-20.9375,1,0.5308333333333333,8.071594e-10
mendeley/extracted/Bangla Audio Dataset Original and DeepFake Voices for AI-Based Voice Analysis and Detection/Dataset/S8F01/Fake/6.wav,1,MEN,MEN-S8F01,TG:2aa58a4fccd71627,-13.515625,1,0.4758333333333333,1.3497025e-06
mendeley/extracted/Bangla Audio Dataset Original and DeepFake Voices for AI-Based Voice Analysis and Detection/Dataset/S8F01/Fake/7.wav,1,MEN,MEN-S8F01,TG:ea527d337528d827,-14.734375,1,0.5541666666666667,3.9897168e-07
mendeley/extracted/Bangla Audio Dataset Original and DeepFake Voices for AI-Based Voice Analysis and Detection/Dataset/S8F01/Fake/8.wav,1,MEN,MEN-S8F01,TG:0a440d8d407106df,-19.234375,1,0.4675,4.4321773e-09
mendeley/extracted/Bangla Audio Dataset Original and DeepFake Voices for AI-Based Voice Analysis and Detection/Dataset/S8F01/Fake/9.wav,1,MEN,MEN-S8F01,TG:bf935363bd6823d1,-5.40625,1,0.4541666666666667,0.004468384
mendeley/extracted/Bangla Audio Dataset Original and DeepFake Voices for AI-Based Voice Analysis and Detection/Dataset/S8F01/Real/1.wav,0,MEN,MEN-S8F01,TG:760e3ce681aa7630,7.0585938,1,0.5675,0.99914074
mendeley/extracted/Bangla Audio Dataset Original and DeepFake Voices for AI-Based Voice Analysis and Detection/Dataset/S8F01/Real/10.wav,0,MEN,MEN-S8F01,TG:7ccc8eca646a6e57,-27.59375,1,0.5341666666666667,1.0379744e-12
mendeley/extracted/Bangla Audio Dataset Original and DeepFake Voices for AI-Based Voice Analysis and Detection/Dataset/S8F01/Real/11.wav,0,MEN,MEN-S8F01,TG:872f6260af58529e,-15.421875,1,0.5841666666666667,2.006156e-07
mendeley/extracted/Bangla Audio Dataset Original and DeepFake Voices for AI-Based Voice Analysis and Detection/Dataset/S8F01/Real/12.wav,0,MEN,MEN-S8F01,TG:bbd38849c3dc44fa,-26.21875,1,0.5841666666666667,4.105268e-12
mendeley/extracted/Bangla Audio Dataset Original and DeepFake Voices for AI-Based Voice Analysis and Detection/Dataset/S8F01/Real/13.wav,0,MEN,MEN-S8F01,TG:08c5075532646c3a,-23.15625,1,0.5341666666666667,8.777451e-11
mendeley/extracted/Bangla Audio Dataset Original and DeepFake Voices for AI-Based Voice Analysis and Detection/Dataset/S8F01/Real/14.wav,0,MEN,MEN-S8F01,TG:77bf98e46646f28d,-38.6875,1,0.4841666666666666,1.5784552e-17
mendeley/extracted/Bangla Audio Dataset Original and DeepFake Voices for AI-Based Voice Analysis and Detection/Dataset/S8F01/Real/15.wav,0,MEN,MEN-S8F01,TG:3eb14b84f28303c8,-10.734375,1,0.6008333333333333,2.178265e-05
mendeley/extracted/Bangla Audio Dataset Original and DeepFake Voices for AI-Based Voice Analysis and Detection/Dataset/S8F01/Real/16.wav,0,MEN,MEN-S8F01,TG:0ea8bc04161b1f2f,-27.890625,1,0.6174999999999999,7.7135705e-13
mendeley/extracted/Bangla Audio Dataset Original and DeepFake Voices for AI-Based Voice Analysis and Detection/Dataset/S8F01/Real/17.wav,0,MEN,MEN-S8F01,TG:66c39665bb32ee30,-22.1875,1,0.5341666666666667,2.3125504e-10
mendeley/extracted/Bangla Audio Dataset Original and DeepFake Voices for AI-Based Voice Analysis and Detection/Dataset/S8F01/Real/18.wav,0,MEN,MEN-S8F01,TG:b494f4a3b1edf8db,-5.6679688,1,0.5675,0.003442981
mendeley/extracted/Bangla Audio Dataset Original and DeepFake Voices for AI-Based Voice Analysis and Detection/Dataset/S8F01/Real/19.wav,0,MEN,MEN-S8F01,TG:2787a2a24a265664,-17.96875,1,0.4008333333333334,1.571343e-08
mendeley/extracted/Bangla Audio Dataset Original and DeepFake Voices for AI-Based Voice Analysis and Detection/Dataset/S8F01/Real/2.wav,0,MEN,MEN-S8F01,TG:bac6bd4d479b8a5b,-4.1289062,1,0.5008333333333334,0.015845362
mendeley/extracted/Bangla Audio Dataset Original and DeepFake Voices for AI-Based Voice Analysis and Detection/Dataset/S8F01/Real/20.wav,0,MEN,MEN-S8F01,TG:c9b9b4cacb95876e,-4.6484375,1,0.4841666666666666,0.009485713
mendeley/extracted/Bangla Audio Dataset Original and DeepFake Voices for AI-Based Voice Analysis and Detection/Dataset/S8F01/Real/21.wav,0,MEN,MEN-S8F01,TG:05910b36b882676c,-12.4921875,1,0.5508333333333333,3.7558677e-06
mendeley/extracted/Bangla Audio Dataset Original and DeepFake Voices for AI-Based Voice Analysis and Detection/Dataset/S8F01/Real/22.wav,0,MEN,MEN-S8F01,TG:63d69875a36d8c5d,-27.484375,1,0.3341666666666666,1.1579441e-12
mendeley/extracted/Bangla Audio Dataset Original and DeepFake Voices for AI-Based Voice Analysis and Detection/Dataset/S8F01/Real/23.wav,0,MEN,MEN-S8F01,TG:59cb211849ea18dc,-18.453125,1,0.6008333333333333,9.680764e-09
mendeley/extracted/Bangla Audio Dataset Original and DeepFake Voices for AI-Based Voice Analysis and Detection/Dataset/S8F01/Real/24.wav,0,MEN,MEN-S8F01,TG:e3ad4512efc8cbc6,-30.984375,1,0.6174999999999999,3.4966882e-14
mendeley/extracted/Bangla Audio Dataset Original and DeepFake Voices for AI-Based Voice Analysis and Detection/Dataset/S8F01/Real/25.wav,0,MEN,MEN-S8F01,TG:3b026d0aca15da29,-16.796875,1,0.5841666666666667,5.072357e-08
mendeley/extracted/Bangla Audio Dataset Original and DeepFake Voices for AI-Based Voice Analysis and Detection/Dataset/S8F01/Real/26.wav,0,MEN,MEN-S8F01,TG:bc8efbdca8f6081a,-23.3125,1,0.6174999999999999,7.507752e-11
mendeley/extracted/Bangla Audio Dataset Original and DeepFake Voices for AI-Based Voice Analysis and Detection/Dataset/S8F01/Real/27.wav,0,MEN,MEN-S8F01,TG:52999faeaa2ecc2d,-30.0625,1,0.5008333333333334,8.790673e-14
mendeley/extracted/Bangla Audio Dataset Original and DeepFake Voices for AI-Based Voice Analysis and Detection/Dataset/S8F01/Real/28.wav,0,MEN,MEN-S8F01,TG:352d26f1389a8b5b,-17.984375,1,0.5841666666666667,1.5469816e-08
mendeley/extracted/Bangla Audio Dataset Original and DeepFake Voices for AI-Based Voice Analysis and Detection/Dataset/S8F01/Real/29.wav,0,MEN,MEN-S8F01,TG:38d7ef05bbb12d77,-18.25,1,0.6675,1.186112e-08
mendeley/extracted/Bangla Audio Dataset Original and DeepFake Voices for AI-Based Voice Analysis and Detection/Dataset/S8F01/Real/3.wav,0,MEN,MEN-S8F01,TG:515be6f37ee9bb6b,-16.640625,1,0.5841666666666667,5.9301865e-08
mendeley/extracted/Bangla Audio Dataset Original and DeepFake Voices for AI-Based Voice Analysis and Detection/Dataset/S8F01/Real/30.wav,0,MEN,MEN-S8F01,TG:5d0a616d7540918c,-18.875,1,0.5341666666666667,6.3488e-09
mendeley/extracted/Bangla Audio Dataset Original and DeepFake Voices for AI-Based Voice Analysis and Detection/Dataset/S8F01/Real/4.wav,0,MEN,MEN-S8F01,TG:9171bfa0ce6f0284,-24.21875,1,0.5675,3.033406e-11
mendeley/extracted/Bangla Audio Dataset Original and DeepFake Voices for AI-Based Voice Analysis and Detection/Dataset/S8F01/Real/5.wav,0,MEN,MEN-S8F01,TG:c48f3edccc3e1864,-19.75,1,0.4675,2.6465736e-09
mendeley/extracted/Bangla Audio Dataset Original and DeepFake Voices for AI-Based Voice Analysis and Detection/Dataset/S8F01/Real/6.wav,0,MEN,MEN-S8F01,TG:2aa58a4fccd71627,-25.484375,1,0.4675,8.556114e-12
mendeley/extracted/Bangla Audio Dataset Original and DeepFake Voices for AI-Based Voice Analysis and Detection/Dataset/S8F01/Real/7.wav,0,MEN,MEN-S8F01,TG:ea527d337528d827,-36.125,1,0.5175000000000001,2.0469718e-16
mendeley/extracted/Bangla Audio Dataset Original and DeepFake Voices for AI-Based Voice Analysis and Detection/Dataset/S8F01/Real/8.wav,0,MEN,MEN-S8F01,TG:0a440d8d407106df,-17.296875,1,0.5508333333333333,3.0765406e-08
mendeley/extracted/Bangla Audio Dataset Original and DeepFake Voices for AI-Based Voice Analysis and Detection/Dataset/S8F01/Real/9.wav,0,MEN,MEN-S8F01,TG:bf935363bd6823d1,-16.453125,1,0.5175000000000001,7.15317e-08
mendeley/extracted/Bangla Audio Dataset Original and DeepFake Voices for AI-Based Voice Analysis and Detection/Dataset/S8F02/Fake/1.wav,1,MEN,MEN-S8F02,TG:760e3ce681aa7630,-14.1953125,1,0.4941666666666666,6.839964e-07
mendeley/extracted/Bangla Audio Dataset Original and DeepFake Voices for AI-Based Voice Analysis and Detection/Dataset/S8F02/Fake/10.wav,1,MEN,MEN-S8F02,TG:7ccc8eca646a6e57,-13.5390625,1,0.5308333333333333,1.3184367e-06
mendeley/extracted/Bangla Audio Dataset Original and DeepFake Voices for AI-Based Voice Analysis and Detection/Dataset/S8F02/Fake/11.wav,1,MEN,MEN-S8F02,TG:872f6260af58529e,-5.109375,1,0.4741666666666666,0.0060035954
mendeley/extracted/Bangla Audio Dataset Original and DeepFake Voices for AI-Based Voice Analysis and Detection/Dataset/S8F02/Fake/12.wav,1,MEN,MEN-S8F02,TG:bbd38849c3dc44fa,-20.84375,1,0.5441666666666667,8.864911e-10
mendeley/extracted/Bangla Audio Dataset Original and DeepFake Voices for AI-Based Voice Analysis and Detection/Dataset/S8F02/Fake/13.wav,1,MEN,MEN-S8F02,TG:08c5075532646c3a,0.19519043,1,0.4275,0.5486433
mendeley/extracted/Bangla Audio Dataset Original and DeepFake Voices for AI-Based Voice Analysis and Detection/Dataset/S8F02/Fake/14.wav,1,MEN,MEN-S8F02,TG:77bf98e46646f28d,-24.625,1,0.4975,2.0206841e-11
mendeley/extracted/Bangla Audio Dataset Original and DeepFake Voices for AI-Based Voice Analysis and Detection/Dataset/S8F02/Fake/15.wav,1,MEN,MEN-S8F02,TG:3eb14b84f28303c8,-11.1484375,1,0.4575,1.4397558e-05
mendeley/extracted/Bangla Audio Dataset Original and DeepFake Voices for AI-Based Voice Analysis and Detection/Dataset/S8F02/Fake/16.wav,1,MEN,MEN-S8F02,TG:0ea8bc04161b1f2f,-12.1484375,1,0.4191666666666667,5.2966147e-06
mendeley/extracted/Bangla Audio Dataset Original and DeepFake Voices for AI-Based Voice Analysis and Detection/Dataset/S8F02/Fake/17.wav,1,MEN,MEN-S8F02,TG:66c39665bb32ee30,-12.140625,1,0.3341666666666666,5.338156e-06
mendeley/extracted/Bangla Audio Dataset Original and DeepFake Voices for AI-Based Voice Analysis and Detection/Dataset/S8F02/Fake/18.wav,1,MEN,MEN-S8F02,TG:b494f4a3b1edf8db,-17.5,1,0.4891666666666666,2.5109992e-08
mendeley/extracted/Bangla Audio Dataset Original and DeepFake Voices for AI-Based Voice Analysis and Detection/Dataset/S8F02/Fake/19.wav,1,MEN,MEN-S8F02,TG:2787a2a24a265664,-16.703125,1,0.4591666666666666,5.570894e-08
mendeley/extracted/Bangla Audio Dataset Original and DeepFake Voices for AI-Based Voice Analysis and Detection/Dataset/S8F02/Fake/2.wav,1,MEN,MEN-S8F02,TG:bac6bd4d479b8a5b,-27.640625,1,0.4775,9.904421e-13
mendeley/extracted/Bangla Audio Dataset Original and DeepFake Voices for AI-Based Voice Analysis and Detection/Dataset/S8F02/Fake/20.wav,1,MEN,MEN-S8F02,TG:c9b9b4cacb95876e,-8.234375,1,0.4758333333333333,0.00026530237
mendeley/extracted/Bangla Audio Dataset Original and DeepFake Voices for AI-Based Voice Analysis and Detection/Dataset/S8F02/Fake/21.wav,1,MEN,MEN-S8F02,TG:05910b36b882676c,-24.21875,1,0.4775,3.033406e-11
mendeley/extracted/Bangla Audio Dataset Original and DeepFake Voices for AI-Based Voice Analysis and Detection/Dataset/S8F02/Fake/22.wav,1,MEN,MEN-S8F02,TG:63d69875a36d8c5d,8.6328125,1,0.3175,0.99982184
mendeley/extracted/Bangla Audio Dataset Original and DeepFake Voices for AI-Based Voice Analysis and Detection/Dataset/S8F02/Fake/23.wav,1,MEN,MEN-S8F02,TG:59cb211849ea18dc,-12.4453125,1,0.5075000000000001,3.936115e-06
mendeley/extracted/Bangla Audio Dataset Original and DeepFake Voices for AI-Based Voice Analysis and Detection/Dataset/S8F02/Fake/24.wav,1,MEN,MEN-S8F02,TG:e3ad4512efc8cbc6,-9.984375,1,0.5175000000000001,4.611275e-05
mendeley/extracted/Bangla Audio Dataset Original and DeepFake Voices for AI-Based Voice Analysis and Detection/Dataset/S8F02/Fake/25.wav,1,MEN,MEN-S8F02,TG:3b026d0aca15da29,-4.4335938,1,0.5025,0.011732464
mendeley/extracted/Bangla Audio Dataset Original and DeepFake Voices for AI-Based Voice Analysis and Detection/Dataset/S8F02/Fake/26.wav,1,MEN,MEN-S8F02,TG:bc8efbdca8f6081a,-25.59375,1,0.5175000000000001,7.6696505e-12
mendeley/extracted/Bangla Audio Dataset Original and DeepFake Voices for AI-Based Voice Analysis and Detection/Dataset/S8F02/Fake/27.wav,1,MEN,MEN-S8F02,TG:52999faeaa2ecc2d,-14.828125,1,0.4308333333333333,3.6326787e-07
mendeley/extracted/Bangla Audio Dataset Original and DeepFake Voices for AI-Based Voice Analysis and Detection/Dataset/S8F02/Fake/28.wav,1,MEN,MEN-S8F02,TG:352d26f1389a8b5b,-7.4140625,1,0.5358333333333334,0.0006023541
mendeley/extracted/Bangla Audio Dataset Original and DeepFake Voices for AI-Based Voice Analysis and Detection/Dataset/S8F02/Fake/29.wav,1,MEN,MEN-S8F02,TG:38d7ef05bbb12d77,-25.09375,1,0.4675,1.2645116e-11
mendeley/extracted/Bangla Audio Dataset Original and DeepFake Voices for AI-Based Voice Analysis and Detection/Dataset/S8F02/Fake/3.wav,1,MEN,MEN-S8F02,TG:515be6f37ee9bb6b,-12.1328125,1,0.6308333333333334,5.3800236e-06
mendeley/extracted/Bangla Audio Dataset Original and DeepFake Voices for AI-Based Voice Analysis and Detection/Dataset/S8F02/Fake/30.wav,1,MEN,MEN-S8F02,TG:5d0a616d7540918c,0.0006041527,1,0.3508333333333333,0.50015104
mendeley/extracted/Bangla Audio Dataset Original and DeepFake Voices for AI-Based Voice Analysis and Detection/Dataset/S8F02/Fake/4.wav,1,MEN,MEN-S8F02,TG:9171bfa0ce6f0284,-33.09375,1,0.4841666666666666,4.2419643e-15
mendeley/extracted/Bangla Audio Dataset Original and DeepFake Voices for AI-Based Voice Analysis and Detection/Dataset/S8F02/Fake/5.wav,1,MEN,MEN-S8F02,TG:c48f3edccc3e1864,-6.0664062,1,0.5375,0.0023141264
mendeley/extracted/Bangla Audio Dataset Original and DeepFake Voices for AI-Based Voice Analysis and Detection/Dataset/S8F02/Fake/6.wav,1,MEN,MEN-S8F02,TG:2aa58a4fccd71627,-11.890625,1,0.3458333333333333,6.8543172e-06
mendeley/extracted/Bangla Audio Dataset Original and DeepFake Voices for AI-Based Voice Analysis and Detection/Dataset/S8F02/Fake/7.wav,1,MEN,MEN-S8F02,TG:ea527d337528d827,-21.3125,1,0.5191666666666667,5.5475197e-10
mendeley/extracted/Bangla Audio Dataset Original and DeepFake Voices for AI-Based Voice Analysis and Detection/Dataset/S8F02/Fake/8.wav,1,MEN,MEN-S8F02,TG:0a440d8d407106df,-14.28125,1,0.4908333333333333,6.2767043e-07
mendeley/extracted/Bangla Audio Dataset Original and DeepFake Voices for AI-Based Voice Analysis and Detection/Dataset/S8F02/Fake/9.wav,1,MEN,MEN-S8F02,TG:bf935363bd6823d1,-7.2851562,1,0.4691666666666666,0.00068517134
mendeley/extracted/Bangla Audio Dataset Original and DeepFake Voices for AI-Based Voice Analysis and Detection/Dataset/S8F02/Real/1.wav,0,MEN,MEN-S8F02,TG:760e3ce681aa7630,-10.7265625,1,0.5675,2.1953489e-05
mendeley/extracted/Bangla Audio Dataset Original and DeepFake Voices for AI-Based Voice Analysis and Detection/Dataset/S8F02/Real/10.wav,0,MEN,MEN-S8F02,TG:7ccc8eca646a6e57,-20.046875,1,0.4675,1.9667665e-09
mendeley/extracted/Bangla Audio Dataset Original and DeepFake Voices for AI-Based Voice Analysis and Detection/Dataset/S8F02/Real/11.wav,0,MEN,MEN-S8F02,TG:872f6260af58529e,-14.1484375,1,0.5008333333333334,7.1682206e-07
mendeley/extracted/Bangla Audio Dataset Original and DeepFake Voices for AI-Based Voice Analysis and Detection/Dataset/S8F02/Real/12.wav,0,MEN,MEN-S8F02,TG:bbd38849c3dc44fa,-40.875,1,0.5675,1.7709776e-18
mendeley/extracted/Bangla Audio Dataset Original and DeepFake Voices for AI-Based Voice Analysis and Detection/Dataset/S8F02/Real/13.wav,0,MEN,MEN-S8F02,TG:08c5075532646c3a,-29.4375,1,0.4675,1.642314e-13
mendeley/extracted/Bangla Audio Dataset Original and DeepFake Voices for AI-Based Voice Analysis and Detection/Dataset/S8F02/Real/14.wav,0,MEN,MEN-S8F02,TG:77bf98e46646f28d,-33.1875,1,0.4675,3.862352e-15
mendeley/extracted/Bangla Audio Dataset Original and DeepFake Voices for AI-Based Voice Analysis and Detection/Dataset/S8F02/Real/15.wav,0,MEN,MEN-S8F02,TG:3eb14b84f28303c8,-22.75,1,0.4841666666666666,1.3176514e-10
mendeley/extracted/Bangla Audio Dataset Original and DeepFake Voices for AI-Based Voice Analysis and Detection/Dataset/S8F02/Real/16.wav,0,MEN,MEN-S8F02,TG:0ea8bc04161b1f2f,-19.734375,1,0.4508333333333333,2.6882512e-09
mendeley/extracted/Bangla Audio Dataset Original and DeepFake Voices for AI-Based Voice Analysis and Detection/Dataset/S8F02/Real/17.wav,0,MEN,MEN-S8F02,TG:66c39665bb32ee30,-27.296875,1,0.4008333333333334,1.3967471e-12
mendeley/extracted/Bangla Audio Dataset Original and DeepFake Voices for AI-Based Voice Analysis and Detection/Dataset/S8F02/Real/18.wav,0,MEN,MEN-S8F02,TG:b494f4a3b1edf8db,-32.625,1,0.4341666666666667,6.7786395e-15
mendeley/extracted/Bangla Audio Dataset Original and DeepFake Voices for AI-Based Voice Analysis and Detection/Dataset/S8F02/Real/19.wav,0,MEN,MEN-S8F02,TG:2787a2a24a265664,-26.28125,1,0.5008333333333334,3.8565427e-12
mendeley/extracted/Bangla Audio Dataset Original and DeepFake Voices for AI-Based Voice Analysis and Detection/Dataset/S8F02/Real/2.wav,0,MEN,MEN-S8F02,TG:bac6bd4d479b8a5b,-19.453125,1,0.4841666666666666,3.5613539e-09
mendeley/extracted/Bangla Audio Dataset Original and DeepFake Voices for AI-Based Voice Analysis and Detection/Dataset/S8F02/Real/20.wav,0,MEN,MEN-S8F02,TG:c9b9b4cacb95876e,-48.375,1,0.4341666666666667,9.795e-22
mendeley/extracted/Bangla Audio Dataset Original and DeepFake Voices for AI-Based Voice Analysis and Detection/Dataset/S8F02/Real/21.wav,0,MEN,MEN-S8F02,TG:05910b36b882676c,-33.15625,1,0.3675,3.9849567e-15
mendeley/extracted/Bangla Audio Dataset Original and DeepFake Voices for AI-Based Voice Analysis and Detection/Dataset/S8F02/Real/22.wav,0,MEN,MEN-S8F02,TG:63d69875a36d8c5d,-22.109375,1,0.3675,2.500463e-10
mendeley/extracted/Bangla Audio Dataset Original and DeepFake Voices for AI-Based Voice Analysis and Detection/Dataset/S8F02/Real/23.wav,0,MEN,MEN-S8F02,TG:59cb211849ea18dc,-24.65625,1,0.4841666666666666,1.9585143e-11
mendeley/extracted/Bangla Audio Dataset Original and DeepFake Voices for AI-Based Voice Analysis and Detection/Dataset/S8F02/Real/24.wav,0,MEN,MEN-S8F02,TG:e3ad4512efc8cbc6,-15.9921875,1,0.5508333333333333,1.1341779e-07
mendeley/extracted/Bangla Audio Dataset Original and DeepFake Voices for AI-Based Voice Analysis and Detection/Dataset/S8F02/Real/25.wav,0,MEN,MEN-S8F02,TG:3b026d0aca15da29,-29.25,1,0.4508333333333333,1.981009e-13
mendeley/extracted/Bangla Audio Dataset Original and DeepFake Voices for AI-Based Voice Analysis and Detection/Dataset/S8F02/Real/26.wav,0,MEN,MEN-S8F02,TG:bc8efbdca8f6081a,-27.3125,1,0.5175000000000001,1.3750927e-12
mendeley/extracted/Bangla Audio Dataset Original and DeepFake Voices for AI-Based Voice Analysis and Detection/Dataset/S8F02/Real/27.wav,0,MEN,MEN-S8F02,TG:52999faeaa2ecc2d,-36.6875,1,0.4175,1.1663293e-16
mendeley/extracted/Bangla Audio Dataset Original and DeepFake Voices for AI-Based Voice Analysis and Detection/Dataset/S8F02/Real/28.wav,0,MEN,MEN-S8F02,TG:352d26f1389a8b5b,-27.34375,1,0.4341666666666667,1.3327854e-12
mendeley/extracted/Bangla Audio Dataset Original and DeepFake Voices for AI-Based Voice Analysis and Detection/Dataset/S8F02/Real/29.wav,0,MEN,MEN-S8F02,TG:38d7ef05bbb12d77,-30.34375,1,0.4008333333333334,6.6355484e-14
mendeley/extracted/Bangla Audio Dataset Original and DeepFake Voices for AI-Based Voice Analysis and Detection/Dataset/S8F02/Real/3.wav,0,MEN,MEN-S8F02,TG:515be6f37ee9bb6b,-25.34375,1,0.5008333333333334,9.848028e-12
mendeley/extracted/Bangla Audio Dataset Original and DeepFake Voices for AI-Based Voice Analysis and Detection/Dataset/S8F02/Real/30.wav,0,MEN,MEN-S8F02,TG:5d0a616d7540918c,-28.0625,1,0.3841666666666666,6.4954774e-13
mendeley/extracted/Bangla Audio Dataset Original and DeepFake Voices for AI-Based Voice Analysis and Detection/Dataset/S8F02/Real/4.wav,0,MEN,MEN-S8F02,TG:9171bfa0ce6f0284,-31.40625,1,0.4341666666666667,2.2931842e-14
mendeley/extracted/Bangla Audio Dataset Original and DeepFake Voices for AI-Based Voice Analysis and Detection/Dataset/S8F02/Real/5.wav,0,MEN,MEN-S8F02,TG:c48f3edccc3e1864,-24.03125,1,0.4341666666666667,3.658986e-11
mendeley/extracted/Bangla Audio Dataset Original and DeepFake Voices for AI-Based Voice Analysis and Detection/Dataset/S8F02/Real/6.wav,0,MEN,MEN-S8F02,TG:2aa58a4fccd71627,-26.21875,1,0.5008333333333334,4.105268e-12
mendeley/extracted/Bangla Audio Dataset Original and DeepFake Voices for AI-Based Voice Analysis and Detection/Dataset/S8F02/Real/7.wav,0,MEN,MEN-S8F02,TG:ea527d337528d827,-29.53125,1,0.4675,1.4953438e-13
mendeley/extracted/Bangla Audio Dataset Original and DeepFake Voices for AI-Based Voice Analysis and Detection/Dataset/S8F02/Real/8.wav,0,MEN,MEN-S8F02,TG:0a440d8d407106df,-22.5625,1,0.4675,1.5893911e-10
mendeley/extracted/Bangla Audio Dataset Original and DeepFake Voices for AI-Based Voice Analysis and Detection/Dataset/S8F02/Real/9.wav,0,MEN,MEN-S8F02,TG:bf935363bd6823d1,-23.0625,1,0.5008333333333334,9.640144e-11
mendeley/extracted/Bangla Audio Dataset Original and DeepFake Voices for AI-Based Voice Analysis and Detection/Dataset/S8F03/Fake/1.wav,1,MEN,MEN-S8F03,TG:760e3ce681aa7630,-6.703125,1,0.4841666666666666,0.0012255674
mendeley/extracted/Bangla Audio Dataset Original and DeepFake Voices for AI-Based Voice Analysis and Detection/Dataset/S8F03/Fake/10.wav,1,MEN,MEN-S8F03,TG:7ccc8eca646a6e57,-10.265625,1,0.5325,3.4808123e-05
mendeley/extracted/Bangla Audio Dataset Original and DeepFake Voices for AI-Based Voice Analysis and Detection/Dataset/S8F03/Fake/11.wav,1,MEN,MEN-S8F03,TG:872f6260af58529e,-4.2929688,1,0.4841666666666666,0.013480103
mendeley/extracted/Bangla Audio Dataset Original and DeepFake Voices for AI-Based Voice Analysis and Detection/Dataset/S8F03/Fake/12.wav,1,MEN,MEN-S8F03,TG:bbd38849c3dc44fa,-17.390625,1,0.5141666666666667,2.8012218e-08
mendeley/extracted/Bangla Audio Dataset Original and DeepFake Voices for AI-Based Voice Analysis and Detection/Dataset/S8F03/Fake/13.wav,1,MEN,MEN-S8F03,TG:08c5075532646c3a,-19.0,1,0.4425,5.6027964e-09
mendeley/extracted/Bangla Audio Dataset Original and DeepFake Voices for AI-Based Voice Analysis and Detection/Dataset/S8F03/Fake/14.wav,1,MEN,MEN-S8F03,TG:77bf98e46646f28d,-18.15625,1,0.3908333333333333,1.30268925e-08
mendeley/extracted/Bangla Audio Dataset Original and DeepFake Voices for AI-Based Voice Analysis and Detection/Dataset/S8F03/Fake/15.wav,1,MEN,MEN-S8F03,TG:3eb14b84f28303c8,6.5664062,1,0.4625,0.9985952
mendeley/extracted/Bangla Audio Dataset Original and DeepFake Voices for AI-Based Voice Analysis and Detection/Dataset/S8F03/Fake/16.wav,1,MEN,MEN-S8F03,TG:0ea8bc04161b1f2f,-11.9921875,1,0.3675,6.192364e-06
mendeley/extracted/Bangla Audio Dataset Original and DeepFake Voices for AI-Based Voice Analysis and Detection/Dataset/S8F03/Fake/17.wav,1,MEN,MEN-S8F03,TG:66c39665bb32ee30,-2.8046875,1,0.4475,0.0570714
mendeley/extracted/Bangla Audio Dataset Original and DeepFake Voices for AI-Based Voice Analysis and Detection/Dataset/S8F03/Fake/18.wav,1,MEN,MEN-S8F03,TG:b494f4a3b1edf8db,-24.5625,1,0.4775,2.1510068e-11
mendeley/extracted/Bangla Audio Dataset Original and DeepFake Voices for AI-Based Voice Analysis and Detection/Dataset/S8F03/Fake/19.wav,1,MEN,MEN-S8F03,TG:2787a2a24a265664,-20.6875,1,0.4241666666666667,1.0364132e-09
mendeley/extracted/Bangla Audio Dataset Original and DeepFake Voices for AI-Based Voice Analysis and Detection/Dataset/S8F03/Fake/2.wav,1,MEN,MEN-S8F03,TG:bac6bd4d479b8a5b,-11.7890625,1,0.4775,7.587032e-06
mendeley/extracted/Bangla Audio Dataset Original and DeepFake Voices for AI-Based Voice Analysis and Detection/Dataset/S8F03/Fake/20.wav,1,MEN,MEN-S8F03,TG:c9b9b4cacb95876e,-15.546875,1,0.3908333333333333,1.7704266e-07
mendeley/extracted/Bangla Audio Dataset Original and DeepFake Voices for AI-Based Voice Analysis and Detection/Dataset/S8F03/Fake/21.wav,1,MEN,MEN-S8F03,TG:05910b36b882676c,-13.375,1,0.4858333333333333,1.5534976e-06
mendeley/extracted/Bangla Audio Dataset Original and DeepFake Voices for AI-Based Voice Analysis and Detection/Dataset/S8F03/Fake/22.wav,1,MEN,MEN-S8F03,TG:63d69875a36d8c5d,-5.328125,1,0.3558333333333333,0.0048297215
mendeley/extracted/Bangla Audio Dataset Original and DeepFake Voices for AI-Based Voice Analysis and Detection/Dataset/S8F03/Fake/23.wav,1,MEN,MEN-S8F03,TG:59cb211849ea18dc,-4.5273438,1,0.5008333333333334,0.010693758
mendeley/extracted/Bangla Audio Dataset Original and DeepFake Voices for AI-Based Voice Analysis and Detection/Dataset/S8F03/Fake/24.wav,1,MEN,MEN-S8F03,TG:e3ad4512efc8cbc6,-7.3476562,1,0.4875,0.0006436856
mendeley/extracted/Bangla Audio Dataset Original and DeepFake Voices for AI-Based Voice Analysis and Detection/Dataset/S8F03/Fake/25.wav,1,MEN,MEN-S8F03,TG:3b026d0aca15da29,2.5292969,1,0.5075000000000001,0.92617035
mendeley/extracted/Bangla Audio Dataset Original and DeepFake Voices for AI-Based Voice Analysis and Detection/Dataset/S8F03/Fake/26.wav,1,MEN,MEN-S8F03,TG:bc8efbdca8f6081a,-19.765625,1,0.5441666666666667,2.6055422e-09
mendeley/extracted/Bangla Audio Dataset Original and DeepFake Voices for AI-Based Voice Analysis and Detection/Dataset/S8F03/Fake/27.wav,1,MEN,MEN-S8F03,TG:52999faeaa2ecc2d,-22.046875,1,0.5208333333333333,2.661729e-10
mendeley/extracted/Bangla Audio Dataset Original and DeepFake Voices for AI-Based Voice Analysis and Detection/Dataset/S8F03/Fake/28.wav,1,MEN,MEN-S8F03,TG:352d26f1389a8b5b,-14.2421875,1,0.4841666666666666,6.52674e-07
mendeley/extracted/Bangla Audio Dataset Original and DeepFake Voices for AI-Based Voice Analysis and Detection/Dataset/S8F03/Fake/29.wav,1,MEN,MEN-S8F03,TG:38d7ef05bbb12d77,-16.921875,1,0.4608333333333333,4.47634e-08
mendeley/extracted/Bangla Audio Dataset Original and DeepFake Voices for AI-Based Voice Analysis and Detection/Dataset/S8F03/Fake/3.wav,1,MEN,MEN-S8F03,TG:515be6f37ee9bb6b,-6.390625,1,0.5708333333333333,0.0016743992
mendeley/extracted/Bangla Audio Dataset Original and DeepFake Voices for AI-Based Voice Analysis and Detection/Dataset/S8F03/Fake/30.wav,1,MEN,MEN-S8F03,TG:5d0a616d7540918c,-11.4296875,1,0.3608333333333333,1.0867886e-05
mendeley/extracted/Bangla Audio Dataset Original and DeepFake Voices for AI-Based Voice Analysis and Detection/Dataset/S8F03/Fake/4.wav,1,MEN,MEN-S8F03,TG:9171bfa0ce6f0284,-13.7734375,1,0.4708333333333333,1.0429696e-06
mendeley/extracted/Bangla Audio Dataset Original and DeepFake Voices for AI-Based Voice Analysis and Detection/Dataset/S8F03/Fake/5.wav,1,MEN,MEN-S8F03,TG:c48f3edccc3e1864,-11.4921875,1,0.4925,1.0209441e-05
mendeley/extracted/Bangla Audio Dataset Original and DeepFake Voices for AI-Based Voice Analysis and Detection/Dataset/S8F03/Fake/6.wav,1,MEN,MEN-S8F03,TG:2aa58a4fccd71627,-9.5078125,1,0.4375,7.426381e-05
mendeley/extracted/Bangla Audio Dataset Original and DeepFake Voices for AI-Based Voice Analysis and Detection/Dataset/S8F03/Fake/7.wav,1,MEN,MEN-S8F03,TG:ea527d337528d827,-7.6132812,1,0.5458333333333334,0.000493605
mendeley/extracted/Bangla Audio Dataset Original and DeepFake Voices for AI-Based Voice Analysis and Detection/Dataset/S8F03/Fake/8.wav,1,MEN,MEN-S8F03,TG:0a440d8d407106df,-21.78125,1,0.4575,3.4715492e-10
mendeley/extracted/Bangla Audio Dataset Original and DeepFake Voices for AI-Based Voice Analysis and Detection/Dataset/S8F03/Fake/9.wav,1,MEN,MEN-S8F03,TG:bf935363bd6823d1,-7.2226562,1,0.4208333333333333,0.00072932884
mendeley/extracted/Bangla Audio Dataset Original and DeepFake Voices for AI-Based Voice Analysis and Detection/Dataset/S8F03/Real/1.wav,0,MEN,MEN-S8F03,TG:760e3ce681aa7630,15.859375,1,0.4008333333333334,0.9999999
mendeley/extracted/Bangla Audio Dataset Original and DeepFake Voices for AI-Based Voice Analysis and Detection/Dataset/S8F03/Real/10.wav,0,MEN,MEN-S8F03,TG:7ccc8eca646a6e57,-10.8515625,1,0.4341666666666667,1.9373938e-05
mendeley/extracted/Bangla Audio Dataset Original and DeepFake Voices for AI-Based Voice Analysis and Detection/Dataset/S8F03/Real/11.wav,0,MEN,MEN-S8F03,TG:872f6260af58529e,-24.34375,1,0.4841666666666666,2.6769715e-11
mendeley/extracted/Bangla Audio Dataset Original and DeepFake Voices for AI-Based Voice Analysis and Detection/Dataset/S8F03/Real/12.wav,0,MEN,MEN-S8F03,TG:bbd38849c3dc44fa,-15.0078125,1,0.5841666666666667,3.035217e-07
mendeley/extracted/Bangla Audio Dataset Original and DeepFake Voices for AI-Based Voice Analysis and Detection/Dataset/S8F03/Real/13.wav,0,MEN,MEN-S8F03,TG:08c5075532646c3a,-27.921875,1,0.4341666666666667,7.476249e-13
mendeley/extracted/Bangla Audio Dataset Original and DeepFake Voices for AI-Based Voice Analysis and Detection/Dataset/S8F03/Real/14.wav,0,MEN,MEN-S8F03,TG:77bf98e46646f28d,-27.609375,1,0.5341666666666667,1.0218821e-12
mendeley/extracted/Bangla Audio Dataset Original and DeepFake Voices for AI-Based Voice Analysis and Detection/Dataset/S8F03/Real/15.wav,0,MEN,MEN-S8F03,TG:3eb14b84f28303c8,-8.890625,1,0.4175,0.00013765464
mendeley/extracted/Bangla Audio Dataset Original and DeepFake Voices for AI-Based Voice Analysis and Detection/Dataset/S8F03/Real/16.wav,0,MEN,MEN-S8F03,TG:0ea8bc04161b1f2f,-16.34375,1,0.5508333333333333,7.979938e-08
mendeley/extracted/Bangla Audio Dataset Original and DeepFake Voices for AI-Based Voice Analysis and Detection/Dataset/S8F03/Real/17.wav,0,MEN,MEN-S8F03,TG:66c39665bb32ee30,-10.2734375,1,0.4008333333333334,3.4537254e-05
mendeley/extracted/Bangla Audio Dataset Original and DeepFake Voices for AI-Based Voice Analysis and Detection/Dataset/S8F03/Real/18.wav,0,MEN,MEN-S8F03,TG:b494f4a3b1edf8db,-22.4375,1,0.5175000000000001,1.801016e-10
mendeley/extracted/Bangla Audio Dataset Original and DeepFake Voices for AI-Based Voice Analysis and Detection/Dataset/S8F03/Real/19.wav,0,MEN,MEN-S8F03,TG:2787a2a24a265664,-27.640625,1,0.5508333333333333,9.904421e-13
mendeley/extracted/Bangla Audio Dataset Original and DeepFake Voices for AI-Based Voice Analysis and Detection/Dataset/S8F03/Real/2.wav,0,MEN,MEN-S8F03,TG:bac6bd4d479b8a5b,2.0527344,1,0.4675,0.8862236
mendeley/extracted/Bangla Audio Dataset Original and DeepFake Voices for AI-Based Voice Analysis and Detection/Dataset/S8F03/Real/20.wav,0,MEN,MEN-S8F03,TG:c9b9b4cacb95876e,-20.734375,1,0.4675,9.889524e-10
mendeley/extracted/Bangla Audio Dataset Original and DeepFake Voices for AI-Based Voice Analysis and Detection/Dataset/S8F03/Real/21.wav,0,MEN,MEN-S8F03,TG:05910b36b882676c,-18.03125,1,0.4508333333333333,1.4761403e-08
mendeley/extracted/Bangla Audio Dataset Original and DeepFake Voices for AI-Based Voice Analysis and Detection/Dataset/S8F03/Real/22.wav,0,MEN,MEN-S8F03,TG:63d69875a36d8c5d,-6.0195312,1,0.4341666666666667,0.0024249144
mendeley/extracted/Bangla Audio Dataset Original and DeepFake Voices for AI-Based Voice Analysis and Detection/Dataset/S8F03/Real/23.wav,0,MEN,MEN-S8F03,TG:59cb211849ea18dc,-15.484375,1,0.5675,1.8846092e-07
mendeley/extracted/Bangla Audio Dataset Original and DeepFake Voices for AI-Based Voice Analysis and Detection/Dataset/S8F03/Real/24.wav,0,MEN,MEN-S8F03,TG:e3ad4512efc8cbc6,-8.328125,1,0.4675,0.00024156632
mendeley/extracted/Bangla Audio Dataset Original and DeepFake Voices for AI-Based Voice Analysis and Detection/Dataset/S8F03/Real/25.wav,0,MEN,MEN-S8F03,TG:3b026d0aca15da29,-7.1796875,1,0.4175,0.0007613258
mendeley/extracted/Bangla Audio Dataset Original and DeepFake Voices for AI-Based Voice Analysis and Detection/Dataset/S8F03/Real/26.wav,0,MEN,MEN-S8F03,TG:bc8efbdca8f6081a,-11.515625,1,0.5341666666666667,9.972942e-06
mendeley/extracted/Bangla Audio Dataset Original and DeepFake Voices for AI-Based Voice Analysis and Detection/Dataset/S8F03/Real/27.wav,0,MEN,MEN-S8F03,TG:52999faeaa2ecc2d,-14.6328125,1,0.4341666666666667,4.4162135e-07
mendeley/extracted/Bangla Audio Dataset Original and DeepFake Voices for AI-Based Voice Analysis and Detection/Dataset/S8F03/Real/28.wav,0,MEN,MEN-S8F03,TG:352d26f1389a8b5b,-16.625,1,0.4508333333333333,6.0235735e-08
mendeley/extracted/Bangla Audio Dataset Original and DeepFake Voices for AI-Based Voice Analysis and Detection/Dataset/S8F03/Real/29.wav,0,MEN,MEN-S8F03,TG:38d7ef05bbb12d77,-10.75,1,0.5175000000000001,2.1444948e-05
mendeley/extracted/Bangla Audio Dataset Original and DeepFake Voices for AI-Based Voice Analysis and Detection/Dataset/S8F03/Real/3.wav,0,MEN,MEN-S8F03,TG:515be6f37ee9bb6b,-22.578125,1,0.5675,1.5647499e-10
mendeley/extracted/Bangla Audio Dataset Original and DeepFake Voices for AI-Based Voice Analysis and Detection/Dataset/S8F03/Real/30.wav,0,MEN,MEN-S8F03,TG:5d0a616d7540918c,-12.4375,1,0.4841666666666666,3.966986e-06
mendeley/extracted/Bangla Audio Dataset Original and DeepFake Voices for AI-Based Voice Analysis and Detection/Dataset/S8F03/Real/4.wav,0,MEN,MEN-S8F03,TG:9171bfa0ce6f0284,-11.1171875,1,0.4008333333333334,1.4854579e-05
mendeley/extracted/Bangla Audio Dataset Original and DeepFake Voices for AI-Based Voice Analysis and Detection/Dataset/S8F03/Real/5.wav,0,MEN,MEN-S8F03,TG:c48f3edccc3e1864,-11.5625,1,0.3508333333333333,9.516251e-06
mendeley/extracted/Bangla Audio Dataset Original and DeepFake Voices for AI-Based Voice Analysis and Detection/Dataset/S8F03/Real/6.wav,0,MEN,MEN-S8F03,TG:2aa58a4fccd71627,-5.828125,1,0.4675,0.0029349516
mendeley/extracted/Bangla Audio Dataset Original and DeepFake Voices for AI-Based Voice Analysis and Detection/Dataset/S8F03/Real/7.wav,0,MEN,MEN-S8F03,TG:ea527d337528d827,-20.0625,1,0.4508333333333333,1.9362747e-09
mendeley/extracted/Bangla Audio Dataset Original and DeepFake Voices for AI-Based Voice Analysis and Detection/Dataset/S8F03/Real/8.wav,0,MEN,MEN-S8F03,TG:0a440d8d407106df,-11.1171875,1,0.3508333333333333,1.4854579e-05
mendeley/extracted/Bangla Audio Dataset Original and DeepFake Voices for AI-Based Voice Analysis and Detection/Dataset/S8F03/Real/9.wav,0,MEN,MEN-S8F03,TG:bf935363bd6823d1,-12.6015625,1,0.4341666666666667,3.366739e-06
mendeley/extracted/Bangla Audio Dataset Original and DeepFake Voices for AI-Based Voice Analysis and Detection/Dataset/S8F04/Fake/1.wav,1,MEN,MEN-S8F04,TG:760e3ce681aa7630,-6.1328125,1,0.4941666666666666,0.0021657674
mendeley/extracted/Bangla Audio Dataset Original and DeepFake Voices for AI-Based Voice Analysis and Detection/Dataset/S8F04/Fake/10.wav,1,MEN,MEN-S8F04,TG:7ccc8eca646a6e57,2.2539062,1,0.5875,0.9049869
mendeley/extracted/Bangla Audio Dataset Original and DeepFake Voices for AI-Based Voice Analysis and Detection/Dataset/S8F04/Fake/11.wav,1,MEN,MEN-S8F04,TG:872f6260af58529e,22.984375,1,0.4808333333333333,1.0
mendeley/extracted/Bangla Audio Dataset Original and DeepFake Voices for AI-Based Voice Analysis and Detection/Dataset/S8F04/Fake/12.wav,1,MEN,MEN-S8F04,TG:bbd38849c3dc44fa,-16.625,1,0.5041666666666667,6.0235735e-08
mendeley/extracted/Bangla Audio Dataset Original and DeepFake Voices for AI-Based Voice Analysis and Detection/Dataset/S8F04/Fake/13.wav,1,MEN,MEN-S8F04,TG:08c5075532646c3a,11.7109375,1,0.4675,0.9999918
mendeley/extracted/Bangla Audio Dataset Original and DeepFake Voices for AI-Based Voice Analysis and Detection/Dataset/S8F04/Fake/14.wav,1,MEN,MEN-S8F04,TG:77bf98e46646f28d,5.0976562,1,0.3774999999999999,0.9939261
mendeley/extracted/Bangla Audio Dataset Original and DeepFake Voices for AI-Based Voice Analysis and Detection/Dataset/S8F04/Fake/15.wav,1,MEN,MEN-S8F04,TG:3eb14b84f28303c8,14.15625,1,0.4425,0.9999993
mendeley/extracted/Bangla Audio Dataset Original and DeepFake Voices for AI-Based Voice Analysis and Detection/Dataset/S8F04/Fake/16.wav,1,MEN,MEN-S8F04,TG:0ea8bc04161b1f2f,-8.1796875,1,0.4841666666666666,0.00028021098
mendeley/extracted/Bangla Audio Dataset Original and DeepFake Voices for AI-Based Voice Analysis and Detection/Dataset/S8F04/Fake/17.wav,1,MEN,MEN-S8F04,TG:66c39665bb32ee30,4.6054688,1,0.2891666666666667,0.99010193
mendeley/extracted/Bangla Audio Dataset Original and DeepFake Voices for AI-Based Voice Analysis and Detection/Dataset/S8F04/Fake/18.wav,1,MEN,MEN-S8F04,TG:b494f4a3b1edf8db,3.8652344,1,0.4425,0.97947216
mendeley/extracted/Bangla Audio Dataset Original and DeepFake Voices for AI-Based Voice Analysis and Detection/Dataset/S8F04/Fake/19.wav,1,MEN,MEN-S8F04,TG:2787a2a24a265664,0.62109375,1,0.4408333333333333,0.6504673
mendeley/extracted/Bangla Audio Dataset Original and DeepFake Voices for AI-Based Voice Analysis and Detection/Dataset/S8F04/Fake/2.wav,1,MEN,MEN-S8F04,TG:bac6bd4d479b8a5b,-16.171875,1,0.4775,9.4764104e-08
mendeley/extracted/Bangla Audio Dataset Original and DeepFake Voices for AI-Based Voice Analysis and Detection/Dataset/S8F04/Fake/20.wav,1,MEN,MEN-S8F04,TG:c9b9b4cacb95876e,9.3984375,1,0.3608333333333333,0.99991715
mendeley/extracted/Bangla Audio Dataset Original and DeepFake Voices for AI-Based Voice Analysis and Detection/Dataset/S8F04/Fake/21.wav,1,MEN,MEN-S8F04,TG:05910b36b882676c,7.8007812,1,0.3874999999999999,0.9995908
mendeley/extracted/Bangla Audio Dataset Original and DeepFake Voices for AI-Based Voice Analysis and Detection/Dataset/S8F04/Fake/22.wav,1,MEN,MEN-S8F04,TG:63d69875a36d8c5d,1.8925781,1,0.2774999999999999,0.86904925
mendeley/extracted/Bangla Audio Dataset Original and DeepFake Voices for AI-Based Voice Analysis and Detection/Dataset/S8F04/Fake/23.wav,1,MEN,MEN-S8F04,TG:59cb211849ea18dc,2.2382812,1,0.4875,0.9036349
mendeley/extracted/Bangla Audio Dataset Original and DeepFake Voices for AI-Based Voice Analysis and Detection/Dataset/S8F04/Fake/24.wav,1,MEN,MEN-S8F04,TG:e3ad4512efc8cbc6,0.34399414,1,0.4941666666666666,0.58516043
mendeley/extracted/Bangla Audio Dataset Original and DeepFake Voices for AI-Based Voice Analysis and Detection/Dataset/S8F04/Fake/25.wav,1,MEN,MEN-S8F04,TG:3b026d0aca15da29,13.734375,1,0.4841666666666666,0.9999989
mendeley/extracted/Bangla Audio Dataset Original and DeepFake Voices for AI-Based Voice Analysis and Detection/Dataset/S8F04/Fake/26.wav,1,MEN,MEN-S8F04,TG:bc8efbdca8f6081a,-11.3515625,1,0.4875,1.1750976e-05
mendeley/extracted/Bangla Audio Dataset Original and DeepFake Voices for AI-Based Voice Analysis and Detection/Dataset/S8F04/Fake/27.wav,1,MEN,MEN-S8F04,TG:52999faeaa2ecc2d,-10.96875,1,0.5308333333333333,1.7231572e-05
mendeley/extracted/Bangla Audio Dataset Original and DeepFake Voices for AI-Based Voice Analysis and Detection/Dataset/S8F04/Fake/28.wav,1,MEN,MEN-S8F04,TG:352d26f1389a8b5b,-1.6015625,1,0.5058333333333334,0.16776335
mendeley/extracted/Bangla Audio Dataset Original and DeepFake Voices for AI-Based Voice Analysis and Detection/Dataset/S8F04/Fake/29.wav,1,MEN,MEN-S8F04,TG:38d7ef05bbb12d77,-19.515625,1,0.4775,3.3455827e-09
mendeley/extracted/Bangla Audio Dataset Original and DeepFake Voices for AI-Based Voice Analysis and Detection/Dataset/S8F04/Fake/3.wav,1,MEN,MEN-S8F04,TG:515be6f37ee9bb6b,12.9375,1,0.5475,0.9999976
mendeley/extracted/Bangla Audio Dataset Original and DeepFake Voices for AI-Based Voice Analysis and Detection/Dataset/S8F04/Fake/30.wav,1,MEN,MEN-S8F04,TG:5d0a616d7540918c,17.296875,1,0.3725,1.0
mendeley/extracted/Bangla Audio Dataset Original and DeepFake Voices for AI-Based Voice Analysis and Detection/Dataset/S8F04/Fake/4.wav,1,MEN,MEN-S8F04,TG:9171bfa0ce6f0284,-11.671875,1,0.4775,8.530321e-06
mendeley/extracted/Bangla Audio Dataset Original and DeepFake Voices for AI-Based Voice Analysis and Detection/Dataset/S8F04/Fake/5.wav,1,MEN,MEN-S8F04,TG:c48f3edccc3e1864,9.765625,1,0.4908333333333333,0.99994266
mendeley/extracted/Bangla Audio Dataset Original and DeepFake Voices for AI-Based Voice Analysis and Detection/Dataset/S8F04/Fake/6.wav,1,MEN,MEN-S8F04,TG:2aa58a4fccd71627,7.859375,1,0.4875,0.99961406
mendeley/extracted/Bangla Audio Dataset Original and DeepFake Voices for AI-Based Voice Analysis and Detection/Dataset/S8F04/Fake/7.wav,1,MEN,MEN-S8F04,TG:ea527d337528d827,-12.1875,1,0.5575,5.0937056e-06
mendeley/extracted/Bangla Audio Dataset Original and DeepFake Voices for AI-Based Voice Analysis and Detection/Dataset/S8F04/Fake/8.wav,1,MEN,MEN-S8F04,TG:0a440d8d407106df,-1.3496094,1,0.5208333333333333,0.20593424
mendeley/extracted/Bangla Audio Dataset Original and DeepFake Voices for AI-Based Voice Analysis and Detection/Dataset/S8F04/Fake/9.wav,1,MEN,MEN-S8F04,TG:bf935363bd6823d1,3.2050781,1,0.4708333333333333,0.96102494
mendeley/extracted/Bangla Audio Dataset Original and DeepFake Voices for AI-Based Voice Analysis and Detection/Dataset/S8F04/Real/1.wav,0,MEN,MEN-S8F04,TG:760e3ce681aa7630,22.671875,1,0.5175000000000001,1.0
mendeley/extracted/Bangla Audio Dataset Original and DeepFake Voices for AI-Based Voice Analysis and Detection/Dataset/S8F04/Real/10.wav,0,MEN,MEN-S8F04,TG:7ccc8eca646a6e57,14.4453125,1,0.3341666666666666,0.9999995
mendeley/extracted/Bangla Audio Dataset Original and DeepFake Voices for AI-Based Voice Analysis and Detection/Dataset/S8F04/Real/11.wav,0,MEN,MEN-S8F04,TG:872f6260af58529e,15.8984375,1,0.5175000000000001,0.9999999
mendeley/extracted/Bangla Audio Dataset Original and DeepFake Voices for AI-Based Voice Analysis and Detection/Dataset/S8F04/Real/12.wav,0,MEN,MEN-S8F04,TG:bbd38849c3dc44fa,15.5546875,1,0.5841666666666667,0.9999999
mendeley/extracted/Bangla Audio Dataset Original and DeepFake Voices for AI-Based Voice Analysis and Detection/Dataset/S8F04/Real/13.wav,0,MEN,MEN-S8F04,TG:08c5075532646c3a,10.0859375,1,0.5508333333333333,0.9999584
mendeley/extracted/Bangla Audio Dataset Original and DeepFake Voices for AI-Based Voice Analysis and Detection/Dataset/S8F04/Real/14.wav,0,MEN,MEN-S8F04,TG:77bf98e46646f28d,-5.2539062,1,0.4175,0.0051998803
mendeley/extracted/Bangla Audio Dataset Original and DeepFake Voices for AI-Based Voice Analysis and Detection/Dataset/S8F04/Real/15.wav,0,MEN,MEN-S8F04,TG:3eb14b84f28303c8,15.4765625,1,0.5175000000000001,0.99999976
mendeley/extracted/Bangla Audio Dataset Original and DeepFake Voices for AI-Based Voice Analysis and Detection/Dataset/S8F04/Real/16.wav,0,MEN,MEN-S8F04,TG:0ea8bc04161b1f2f,-6.015625,1,0.5341666666666667,0.002434382
mendeley/extracted/Bangla Audio Dataset Original and DeepFake Voices for AI-Based Voice Analysis and Detection/Dataset/S8F04/Real/17.wav,0,MEN,MEN-S8F04,TG:66c39665bb32ee30,3.7089844,1,0.5175000000000001,0.97608364
mendeley/extracted/Bangla Audio Dataset Original and DeepFake Voices for AI-Based Voice Analysis and Detection/Dataset/S8F04/Real/18.wav,0,MEN,MEN-S8F04,TG:b494f4a3b1edf8db,-16.390625,1,0.5841666666666667,7.6145106e-08
mendeley/extracted/Bangla Audio Dataset Original and DeepFake Voices for AI-Based Voice Analysis and Detection/Dataset/S8F04/Real/19.wav,0,MEN,MEN-S8F04,TG:2787a2a24a265664,6.7617188,1,0.5175000000000001,0.998844
mendeley/extracted/Bangla Audio Dataset Original and DeepFake Voices for AI-Based Voice Analysis and Detection/Dataset/S8F04/Real/2.wav,0,MEN,MEN-S8F04,TG:bac6bd4d479b8a5b,-18.359375,1,0.5841666666666667,1.063224e-08
mendeley/extracted/Bangla Audio Dataset Original and DeepFake Voices for AI-Based Voice Analysis and Detection/Dataset/S8F04/Real/20.wav,0,MEN,MEN-S8F04,TG:c9b9b4cacb95876e,-0.33642578,1,0.5675,0.41667795
mendeley/extracted/Bangla Audio Dataset Original and DeepFake Voices for AI-Based Voice Analysis and Detection/Dataset/S8F04/Real/21.wav,0,MEN,MEN-S8F04,TG:05910b36b882676c,-3.8300781,1,0.5008333333333334,0.0212467
mendeley/extracted/Bangla Audio Dataset Original and DeepFake Voices for AI-Based Voice Analysis and Detection/Dataset/S8F04/Real/22.wav,0,MEN,MEN-S8F04,TG:63d69875a36d8c5d,-2.5214844,1,0.4341666666666667,0.074365705
mendeley/extracted/Bangla Audio Dataset Original and DeepFake Voices for AI-Based Voice Analysis and Detection/Dataset/S8F04/Real/23.wav,0,MEN,MEN-S8F04,TG:59cb211849ea18dc,-9.9921875,1,0.5341666666666667,4.5753914e-05
mendeley/extracted/Bangla Audio Dataset Original and DeepFake Voices for AI-Based Voice Analysis and Detection/Dataset/S8F04/Real/24.wav,0,MEN,MEN-S8F04,TG:e3ad4512efc8cbc6,21.578125,1,0.5508333333333333,1.0
mendeley/extracted/Bangla Audio Dataset Original and DeepFake Voices for AI-Based Voice Analysis and Detection/Dataset/S8F04/Real/25.wav,0,MEN,MEN-S8F04,TG:3b026d0aca15da29,19.046875,1,0.5175000000000001,1.0
mendeley/extracted/Bangla Audio Dataset Original and DeepFake Voices for AI-Based Voice Analysis and Detection/Dataset/S8F04/Real/26.wav,0,MEN,MEN-S8F04,TG:bc8efbdca8f6081a,-7.1054688,1,0.5008333333333334,0.00081993215
mendeley/extracted/Bangla Audio Dataset Original and DeepFake Voices for AI-Based Voice Analysis and Detection/Dataset/S8F04/Real/27.wav,0,MEN,MEN-S8F04,TG:52999faeaa2ecc2d,2.7792969,1,0.5341666666666667,0.94154674
mendeley/extracted/Bangla Audio Dataset Original and DeepFake Voices for AI-Based Voice Analysis and Detection/Dataset/S8F04/Real/28.wav,0,MEN,MEN-S8F04,TG:352d26f1389a8b5b,-1.78125,1,0.5508333333333333,0.14414886
mendeley/extracted/Bangla Audio Dataset Original and DeepFake Voices for AI-Based Voice Analysis and Detection/Dataset/S8F04/Real/29.wav,0,MEN,MEN-S8F04,TG:38d7ef05bbb12d77,8.0078125,1,0.5008333333333334,0.9996673
mendeley/extracted/Bangla Audio Dataset Original and DeepFake Voices for AI-Based Voice Analysis and Detection/Dataset/S8F04/Real/3.wav,0,MEN,MEN-S8F04,TG:515be6f37ee9bb6b,17.125,1,0.5841666666666667,1.0
mendeley/extracted/Bangla Audio Dataset Original and DeepFake Voices for AI-Based Voice Analysis and Detection/Dataset/S8F04/Real/30.wav,0,MEN,MEN-S8F04,TG:5d0a616d7540918c,19.625,1,0.5175000000000001,1.0
mendeley/extracted/Bangla Audio Dataset Original and DeepFake Voices for AI-Based Voice Analysis and Detection/Dataset/S8F04/Real/4.wav,0,MEN,MEN-S8F04,TG:9171bfa0ce6f0284,-6.1523438,1,0.3175,0.0021239666
mendeley/extracted/Bangla Audio Dataset Original and DeepFake Voices for AI-Based Voice Analysis and Detection/Dataset/S8F04/Real/5.wav,0,MEN,MEN-S8F04,TG:c48f3edccc3e1864,5.0390625,1,0.5841666666666667,0.99356186
mendeley/extracted/Bangla Audio Dataset Original and DeepFake Voices for AI-Based Voice Analysis and Detection/Dataset/S8F04/Real/6.wav,0,MEN,MEN-S8F04,TG:2aa58a4fccd71627,18.734375,1,0.5341666666666667,1.0
mendeley/extracted/Bangla Audio Dataset Original and DeepFake Voices for AI-Based Voice Analysis and Detection/Dataset/S8F04/Real/7.wav,0,MEN,MEN-S8F04,TG:ea527d337528d827,8.4921875,1,0.5675,0.999795
mendeley/extracted/Bangla Audio Dataset Original and DeepFake Voices for AI-Based Voice Analysis and Detection/Dataset/S8F04/Real/8.wav,0,MEN,MEN-S8F04,TG:0a440d8d407106df,-2.328125,1,0.5175000000000001,0.08882029
mendeley/extracted/Bangla Audio Dataset Original and DeepFake Voices for AI-Based Voice Analysis and Detection/Dataset/S8F04/Real/9.wav,0,MEN,MEN-S8F04,TG:bf935363bd6823d1,-18.0625,1,0.5841666666666667,1.43072425e-08
mendeley/extracted/Bangla Audio Dataset Original and DeepFake Voices for AI-Based Voice Analysis and Detection/Dataset/S8F05/Fake/1.wav,1,MEN,MEN-S8F05,TG:760e3ce681aa7630,11.234375,1,0.4708333333333333,0.99998677
mendeley/extracted/Bangla Audio Dataset Original and DeepFake Voices for AI-Based Voice Analysis and Detection/Dataset/S8F05/Fake/10.wav,1,MEN,MEN-S8F05,TG:7ccc8eca646a6e57,19.921875,1,0.5441666666666667,1.0
mendeley/extracted/Bangla Audio Dataset Original and DeepFake Voices for AI-Based Voice Analysis and Detection/Dataset/S8F05/Fake/11.wav,1,MEN,MEN-S8F05,TG:872f6260af58529e,17.421875,1,0.4441666666666667,1.0
mendeley/extracted/Bangla Audio Dataset Original and DeepFake Voices for AI-Based Voice Analysis and Detection/Dataset/S8F05/Fake/12.wav,1,MEN,MEN-S8F05,TG:bbd38849c3dc44fa,-8.6953125,1,0.4875,0.00016734052
mendeley/extracted/Bangla Audio Dataset Original and DeepFake Voices for AI-Based Voice Analysis and Detection/Dataset/S8F05/Fake/13.wav,1,MEN,MEN-S8F05,TG:08c5075532646c3a,2.6171875,1,0.3824999999999999,0.93195957
mendeley/extracted/Bangla Audio Dataset Original and DeepFake Voices for AI-Based Voice Analysis and Detection/Dataset/S8F05/Fake/14.wav,1,MEN,MEN-S8F05,TG:77bf98e46646f28d,0.42041016,1,0.3908333333333333,0.60358137
mendeley/extracted/Bangla Audio Dataset Original and DeepFake Voices for AI-Based Voice Analysis and Detection/Dataset/S8F05/Fake/15.wav,1,MEN,MEN-S8F05,TG:3eb14b84f28303c8,10.9609375,1,0.4508333333333333,0.9999826
mendeley/extracted/Bangla Audio Dataset Original and DeepFake Voices for AI-Based Voice Analysis and Detection/Dataset/S8F05/Fake/16.wav,1,MEN,MEN-S8F05,TG:0ea8bc04161b1f2f,-21.984375,1,0.4575,2.8333957e-10
mendeley/extracted/Bangla Audio Dataset Original and DeepFake Voices for AI-Based Voice Analysis and Detection/Dataset/S8F05/Fake/17.wav,1,MEN,MEN-S8F05,TG:66c39665bb32ee30,7.625,1,0.2608333333333333,0.9995122
mendeley/extracted/Bangla Audio Dataset Original and DeepFake Voices for AI-Based Voice Analysis and Detection/Dataset/S8F05/Fake/18.wav,1,MEN,MEN-S8F05,TG:b494f4a3b1edf8db,6.1992188,1,0.4708333333333333,0.99797314
mendeley/extracted/Bangla Audio Dataset Original and DeepFake Voices for AI-Based Voice Analysis and Detection/Dataset/S8F05/Fake/19.wav,1,MEN,MEN-S8F05,TG:2787a2a24a265664,-12.65625,1,0.4558333333333333,3.1875652e-06
mendeley/extracted/Bangla Audio Dataset Original and DeepFake Voices for AI-Based Voice Analysis and Detection/Dataset/S8F05/Fake/2.wav,1,MEN,MEN-S8F05,TG:bac6bd4d479b8a5b,-15.4453125,1,0.4508333333333333,1.9596834e-07
mendeley/extracted/Bangla Audio Dataset Original and DeepFake Voices for AI-Based Voice Analysis and Detection/Dataset/S8F05/Fake/20.wav,1,MEN,MEN-S8F05,TG:c9b9b4cacb95876e,-4.2148438,1,0.4141666666666667,0.0145595195
mendeley/extracted/Bangla Audio Dataset Original and DeepFake Voices for AI-Based Voice Analysis and Detection/Dataset/S8F05/Fake/21.wav,1,MEN,MEN-S8F05,TG:05910b36b882676c,16.65625,1,0.4175,1.0
mendeley/extracted/Bangla Audio Dataset Original and DeepFake Voices for AI-Based Voice Analysis and Detection/Dataset/S8F05/Fake/22.wav,1,MEN,MEN-S8F05,TG:63d69875a36d8c5d,4.2109375,1,0.4341666666666667,0.9853843
mendeley/extracted/Bangla Audio Dataset Original and DeepFake Voices for AI-Based Voice Analysis and Detection/Dataset/S8F05/Fake/23.wav,1,MEN,MEN-S8F05,TG:59cb211849ea18dc,15.078125,1,0.5141666666666667,0.99999976
mendeley/extracted/Bangla Audio Dataset Original and DeepFake Voices for AI-Based Voice Analysis and Detection/Dataset/S8F05/Fake/24.wav,1,MEN,MEN-S8F05,TG:e3ad4512efc8cbc6,0.984375,1,0.4741666666666666,0.7279754
mendeley/extracted/Bangla Audio Dataset Original and DeepFake Voices for AI-Based Voice Analysis and Detection/Dataset/S8F05/Fake/25.wav,1,MEN,MEN-S8F05,TG:3b026d0aca15da29,19.1875,1,0.5041666666666667,1.0
mendeley/extracted/Bangla Audio Dataset Original and DeepFake Voices for AI-Based Voice Analysis and Detection/Dataset/S8F05/Fake/26.wav,1,MEN,MEN-S8F05,TG:bc8efbdca8f6081a,-13.859375,1,0.5441666666666667,9.570828e-07
mendeley/extracted/Bangla Audio Dataset Original and DeepFake Voices for AI-Based Voice Analysis and Detection/Dataset/S8F05/Fake/27.wav,1,MEN,MEN-S8F05,TG:52999faeaa2ecc2d,-15.140625,1,0.5475,2.6577246e-07
mendeley/extracted/Bangla Audio Dataset Original and DeepFake Voices for AI-Based Voice Analysis and Detection/Dataset/S8F05/Fake/28.wav,1,MEN,MEN-S8F05,TG:352d26f1389a8b5b,7.0976562,1,0.5341666666666667,0.9991736
mendeley/extracted/Bangla Audio Dataset Original and DeepFake Voices for AI-Based Voice Analysis and Detection/Dataset/S8F05/Fake/29.wav,1,MEN,MEN-S8F05,TG:38d7ef05bbb12d77,0.45458984,1,0.4591666666666666,0.6117299
mendeley/extracted/Bangla Audio Dataset Original and DeepFake Voices for AI-Based Voice Analysis and Detection/Dataset/S8F05/Fake/3.wav,1,MEN,MEN-S8F05,TG:515be6f37ee9bb6b,3.8183594,1,0.5491666666666667,0.97850823
mendeley/extracted/Bangla Audio Dataset Original and DeepFake Voices for AI-Based Voice Analysis and Detection/Dataset/S8F05/Fake/30.wav,1,MEN,MEN-S8F05,TG:5d0a616d7540918c,14.046875,1,0.3541666666666666,0.99999917
mendeley/extracted/Bangla Audio Dataset Original and DeepFake Voices for AI-Based Voice Analysis and Detection/Dataset/S8F05/Fake/4.wav,1,MEN,MEN-S8F05,TG:9171bfa0ce6f0284,-16.5625,1,0.5108333333333333,6.412061e-08
mendeley/extracted/Bangla Audio Dataset Original and DeepFake Voices for AI-Based Voice Analysis and Detection/Dataset/S8F05/Fake/5.wav,1,MEN,MEN-S8F05,TG:c48f3edccc3e1864,12.9140625,1,0.5575,0.9999975
mendeley/extracted/Bangla Audio Dataset Original and DeepFake Voices for AI-Based Voice Analysis and Detection/Dataset/S8F05/Fake/6.wav,1,MEN,MEN-S8F05,TG:2aa58a4fccd71627,-8.140625,1,0.4675,0.0002913701
mendeley/extracted/Bangla Audio Dataset Original and DeepFake Voices for AI-Based Voice Analysis and Detection/Dataset/S8F05/Fake/7.wav,1,MEN,MEN-S8F05,TG:ea527d337528d827,-2.8847656,1,0.5408333333333333,0.05291181
mendeley/extracted/Bangla Audio Dataset Original and DeepFake Voices for AI-Based Voice Analysis and Detection/Dataset/S8F05/Fake/8.wav,1,MEN,MEN-S8F05,TG:0a440d8d407106df,-20.171875,1,0.4841666666666666,1.7356654e-09
mendeley/extracted/Bangla Audio Dataset Original and DeepFake Voices for AI-Based Voice Analysis and Detection/Dataset/S8F05/Fake/9.wav,1,MEN,MEN-S8F05,TG:bf935363bd6823d1,-12.34375,1,0.4408333333333333,4.35688e-06
mendeley/extracted/Bangla Audio Dataset Original and DeepFake Voices for AI-Based Voice Analysis and Detection/Dataset/S8F05/Real/1.wav,0,MEN,MEN-S8F05,TG:760e3ce681aa7630,-2.15625,1,0.3675,0.10374862
mendeley/extracted/Bangla Audio Dataset Original and DeepFake Voices for AI-Based Voice Analysis and Detection/Dataset/S8F05/Real/10.wav,0,MEN,MEN-S8F05,TG:7ccc8eca646a6e57,17.09375,1,0.3841666666666666,1.0
mendeley/extracted/Bangla Audio Dataset Original and DeepFake Voices for AI-Based Voice Analysis and Detection/Dataset/S8F05/Real/11.wav,0,MEN,MEN-S8F05,TG:872f6260af58529e,-5.7929688,1,0.3008333333333333,0.0030396497
mendeley/extracted/Bangla Audio Dataset Original and DeepFake Voices for AI-Based Voice Analysis and Detection/Dataset/S8F05/Real/12.wav,0,MEN,MEN-S8F05,TG:bbd38849c3dc44fa,-7.2460938,1,0.3508333333333333,0.000712446
mendeley/extracted/Bangla Audio Dataset Original and DeepFake Voices for AI-Based Voice Analysis and Detection/Dataset/S8F05/Real/13.wav,0,MEN,MEN-S8F05,TG:08c5075532646c3a,-8.59375,1,0.4341666666666667,0.00018522573
mendeley/extracted/Bangla Audio Dataset Original and DeepFake Voices for AI-Based Voice Analysis and Detection/Dataset/S8F05/Real/14.wav,0,MEN,MEN-S8F05,TG:77bf98e46646f28d,-5.2617188,1,0.3841666666666666,0.005159623
mendeley/extracted/Bangla Audio Dataset Original and DeepFake Voices for AI-Based Voice Analysis and Detection/Dataset/S8F05/Real/15.wav,0,MEN,MEN-S8F05,TG:3eb14b84f28303c8,7.8125,1,0.3841666666666666,0.9995956
mendeley/extracted/Bangla Audio Dataset Original and DeepFake Voices for AI-Based Voice Analysis and Detection/Dataset/S8F05/Real/16.wav,0,MEN,MEN-S8F05,TG:0ea8bc04161b1f2f,-8.1328125,1,0.3675,0.00029365462
mendeley/extracted/Bangla Audio Dataset Original and DeepFake Voices for AI-Based Voice Analysis and Detection/Dataset/S8F05/Real/17.wav,0,MEN,MEN-S8F05,TG:66c39665bb32ee30,4.1835938,1,0.3508333333333333,0.98498523
mendeley/extracted/Bangla Audio Dataset Original and DeepFake Voices for AI-Based Voice Analysis and Detection/Dataset/S8F05/Real/18.wav,0,MEN,MEN-S8F05,TG:b494f4a3b1edf8db,15.828125,1,0.3841666666666666,0.9999999
mendeley/extracted/Bangla Audio Dataset Original and DeepFake Voices for AI-Based Voice Analysis and Detection/Dataset/S8F05/Real/19.wav,0,MEN,MEN-S8F05,TG:2787a2a24a265664,-5.6914062,1,0.4008333333333334,0.0033634927
mendeley/extracted/Bangla Audio Dataset Original and DeepFake Voices for AI-Based Voice Analysis and Detection/Dataset/S8F05/Real/2.wav,0,MEN,MEN-S8F05,TG:bac6bd4d479b8a5b,-0.8183594,1,0.3008333333333333,0.30611205
mendeley/extracted/Bangla Audio Dataset Original and DeepFake Voices for AI-Based Voice Analysis and Detection/Dataset/S8F05/Real/20.wav,0,MEN,MEN-S8F05,TG:c9b9b4cacb95876e,9.421875,1,0.3675,0.99991906
mendeley/extracted/Bangla Audio Dataset Original and DeepFake Voices for AI-Based Voice Analysis and Detection/Dataset/S8F05/Real/21.wav,0,MEN,MEN-S8F05,TG:05910b36b882676c,12.6484375,1,0.3675,0.9999968
mendeley/extracted/Bangla Audio Dataset Original and DeepFake Voices for AI-Based Voice Analysis and Detection/Dataset/S8F05/Real/22.wav,0,MEN,MEN-S8F05,TG:63d69875a36d8c5d,2.1035156,1,0.4008333333333334,0.8912444
mendeley/extracted/Bangla Audio Dataset Original and DeepFake Voices for AI-Based Voice Analysis and Detection/Dataset/S8F05/Real/23.wav,0,MEN,MEN-S8F05,TG:59cb211849ea18dc,-5.3398438,1,0.3675,0.0047737225
mendeley/extracted/Bangla Audio Dataset Original and DeepFake Voices for AI-Based Voice Analysis and Detection/Dataset/S8F05/Real/24.wav,0,MEN,MEN-S8F05,TG:e3ad4512efc8cbc6,-15.0703125,1,0.4175,2.8513222e-07
mendeley/extracted/Bangla Audio Dataset Original and DeepFake Voices for AI-Based Voice Analysis and Detection/Dataset/S8F05/Real/25.wav,0,MEN,MEN-S8F05,TG:3b026d0aca15da29,6.1484375,1,0.3508333333333333,0.9978677
mendeley/extracted/Bangla Audio Dataset Original and DeepFake Voices for AI-Based Voice Analysis and Detection/Dataset/S8F05/Real/26.wav,0,MEN,MEN-S8F05,TG:bc8efbdca8f6081a,-12.6796875,1,0.4508333333333333,3.1137256e-06
mendeley/extracted/Bangla Audio Dataset Original and DeepFake Voices for AI-Based Voice Analysis and Detection/Dataset/S8F05/Real/27.wav,0,MEN,MEN-S8F05,TG:52999faeaa2ecc2d,-6.25,1,0.4508333333333333,0.0019267347
mendeley/extracted/Bangla Audio Dataset Original and DeepFake Voices for AI-Based Voice Analysis and Detection/Dataset/S8F05/Real/28.wav,0,MEN,MEN-S8F05,TG:352d26f1389a8b5b,-2.8886719,1,0.4675,0.0527164
mendeley/extracted/Bangla Audio Dataset Original and DeepFake Voices for AI-Based Voice Analysis and Detection/Dataset/S8F05/Real/29.wav,0,MEN,MEN-S8F05,TG:38d7ef05bbb12d77,6.09375,1,0.4508333333333333,0.9977482
mendeley/extracted/Bangla Audio Dataset Original and DeepFake Voices for AI-Based Voice Analysis and Detection/Dataset/S8F05/Real/3.wav,0,MEN,MEN-S8F05,TG:515be6f37ee9bb6b,-11.6328125,1,0.4341666666666667,8.870127e-06
mendeley/extracted/Bangla Audio Dataset Original and DeepFake Voices for AI-Based Voice Analysis and Detection/Dataset/S8F05/Real/30.wav,0,MEN,MEN-S8F05,TG:5d0a616d7540918c,-2.5664062,1,0.4341666666666667,0.071332
mendeley/extracted/Bangla Audio Dataset Original and DeepFake Voices for AI-Based Voice Analysis and Detection/Dataset/S8F05/Real/4.wav,0,MEN,MEN-S8F05,TG:9171bfa0ce6f0284,0.98535156,1,0.4341666666666667,0.7281688
mendeley/extracted/Bangla Audio Dataset Original and DeepFake Voices for AI-Based Voice Analysis and Detection/Dataset/S8F05/Real/5.wav,0,MEN,MEN-S8F05,TG:c48f3edccc3e1864,-6.71875,1,0.4341666666666667,0.0012065897
mendeley/extracted/Bangla Audio Dataset Original and DeepFake Voices for AI-Based Voice Analysis and Detection/Dataset/S8F05/Real/6.wav,0,MEN,MEN-S8F05,TG:2aa58a4fccd71627,-10.203125,1,0.4675,3.705297e-05
mendeley/extracted/Bangla Audio Dataset Original and DeepFake Voices for AI-Based Voice Analysis and Detection/Dataset/S8F05/Real/7.wav,0,MEN,MEN-S8F05,TG:ea527d337528d827,-9.5,1,0.4508333333333333,7.4846226e-05
mendeley/extracted/Bangla Audio Dataset Original and DeepFake Voices for AI-Based Voice Analysis and Detection/Dataset/S8F05/Real/8.wav,0,MEN,MEN-S8F05,TG:0a440d8d407106df,-8.5078125,1,0.4508333333333333,0.00020184422
mendeley/extracted/Bangla Audio Dataset Original and DeepFake Voices for AI-Based Voice Analysis and Detection/Dataset/S8F05/Real/9.wav,0,MEN,MEN-S8F05,TG:bf935363bd6823d1,-12.0703125,1,0.4675,5.727003e-06
mendeley/extracted/Bangla Audio Dataset Original and DeepFake Voices for AI-Based Voice Analysis and Detection/Dataset/S9F01/Fake/1.wav,1,MEN,MEN-S9F01,TG:263ccbb0d9d4fa76,2.2226562,1,0.5375,0.9022657
mendeley/extracted/Bangla Audio Dataset Original and DeepFake Voices for AI-Based Voice Analysis and Detection/Dataset/S9F01/Fake/10.wav,1,MEN,MEN-S9F01,TG:3bfd340f76d8a679,-14.140625,1,0.2441666666666666,7.2244416e-07
mendeley/extracted/Bangla Audio Dataset Original and DeepFake Voices for AI-Based Voice Analysis and Detection/Dataset/S9F01/Fake/11.wav,1,MEN,MEN-S9F01,TG:de90edc1089c941d,-16.90625,1,0.4658333333333333,4.546832e-08
mendeley/extracted/Bangla Audio Dataset Original and DeepFake Voices for AI-Based Voice Analysis and Detection/Dataset/S9F01/Fake/12.wav,1,MEN,MEN-S9F01,TG:a77af9be683053cc,-29.859375,1,0.4975,1.0770558e-13
mendeley/extracted/Bangla Audio Dataset Original and DeepFake Voices for AI-Based Voice Analysis and Detection/Dataset/S9F01/Fake/13.wav,1,MEN,MEN-S9F01,TG:d028db732b574cac,-5.8554688,1,0.5508333333333333,0.0028560122
mendeley/extracted/Bangla Audio Dataset Original and DeepFake Voices for AI-Based Voice Analysis and Detection/Dataset/S9F01/Fake/14.wav,1,MEN,MEN-S9F01,TG:4a3012311f6f989c,-19.703125,1,0.4641666666666666,2.7735854e-09
mendeley/extracted/Bangla Audio Dataset Original and DeepFake Voices for AI-Based Voice Analysis and Detection/Dataset/S9F01/Fake/15.wav,1,MEN,MEN-S9F01,TG:25961d92ff260806,10.21875,1,0.4591666666666666,0.9999635
mendeley/extracted/Bangla Audio Dataset Original and DeepFake Voices for AI-Based Voice Analysis and Detection/Dataset/S9F01/Fake/16.wav,1,MEN,MEN-S9F01,TG:ad3b41d59e6fcb6e,-5.703125,1,0.4741666666666666,0.0033244372
mendeley/extracted/Bangla Audio Dataset Original and DeepFake Voices for AI-Based Voice Analysis and Detection/Dataset/S9F01/Fake/17.wav,1,MEN,MEN-S9F01,TG:007c8f7195b13372,-1.0849609,1,0.3941666666666666,0.25256836
mendeley/extracted/Bangla Audio Dataset Original and DeepFake Voices for AI-Based Voice Analysis and Detection/Dataset/S9F01/Fake/18.wav,1,MEN,MEN-S9F01,TG:128b166adf03cd84,-10.3984375,1,0.4525,3.0479145e-05
mendeley/extracted/Bangla Audio Dataset Original and DeepFake Voices for AI-Based Voice Analysis and Detection/Dataset/S9F01/Fake/19.wav,1,MEN,MEN-S9F01,TG:f8229cad7945af39,-8.9296875,1,0.4808333333333333,0.00013238186
mendeley/extracted/Bangla Audio Dataset Original and DeepFake Voices for AI-Based Voice Analysis and Detection/Dataset/S9F01/Fake/2.wav,1,MEN,MEN-S9F01,TG:9f5c75cf1e6d9913,-9.7578125,1,0.4308333333333333,5.7837664e-05
mendeley/extracted/Bangla Audio Dataset Original and DeepFake Voices for AI-Based Voice Analysis and Detection/Dataset/S9F01/Fake/20.wav,1,MEN,MEN-S9F01,TG:0bf1b90fb03791fa,2.3242188,1,0.5591666666666666,0.91086304
mendeley/extracted/Bangla Audio Dataset Original and DeepFake Voices for AI-Based Voice Analysis and Detection/Dataset/S9F01/Fake/21.wav,1,MEN,MEN-S9F01,TG:70073d516c8e9f1d,-14.0,1,0.5441666666666667,8.31528e-07
mendeley/extracted/Bangla Audio Dataset Original and DeepFake Voices for AI-Based Voice Analysis and Detection/Dataset/S9F01/Fake/22.wav,1,MEN,MEN-S9F01,TG:287fc53eca67ab9a,-9.8359375,1,0.5008333333333334,5.3491327e-05
mendeley/extracted/Bangla Audio Dataset Original and DeepFake Voices for AI-Based Voice Analysis and Detection/Dataset/S9F01/Fake/23.wav,1,MEN,MEN-S9F01,TG:b17d3c4f6988bf6a,15.140625,1,0.3691666666666666,0.99999976
mendeley/extracted/Bangla Audio Dataset Original and DeepFake Voices for AI-Based Voice Analysis and Detection/Dataset/S9F01/Fake/24.wav,1,MEN,MEN-S9F01,TG:a6e0eae4bc3f847b,-13.390625,1,0.5075000000000001,1.529413e-06
mendeley/extracted/Bangla Audio Dataset Original and DeepFake Voices for AI-Based Voice Analysis and Detection/Dataset/S9F01/Fake/25.wav,1,MEN,MEN-S9F01,TG:6bab2734c92514f5,3.5664062,1,0.5258333333333334,0.9725193
mendeley/extracted/Bangla Audio Dataset Original and DeepFake Voices for AI-Based Voice Analysis and Detection/Dataset/S9F01/Fake/26.wav,1,MEN,MEN-S9F01,TG:ba75c4dd9af4fab6,-15.046875,1,0.4941666666666666,2.9189394e-07
mendeley/extracted/Bangla Audio Dataset Original and DeepFake Voices for AI-Based Voice Analysis and Detection/Dataset/S9F01/Fake/27.wav,1,MEN,MEN-S9F01,TG:caa343756463e508,1.0722656,1,0.5025,0.74502754
mendeley/extracted/Bangla Audio Dataset Original and DeepFake Voices for AI-Based Voice Analysis and Detection/Dataset/S9F01/Fake/28.wav,1,MEN,MEN-S9F01,TG:b127dfcabbeceab8,-9.3671875,1,0.4841666666666666,8.5476175e-05
mendeley/extracted/Bangla Audio Dataset Original and DeepFake Voices for AI-Based Voice Analysis and Detection/Dataset/S9F01/Fake/29.wav,1,MEN,MEN-S9F01,TG:eda0f06ce0d96a61,0.4086914,1,0.4908333333333333,0.60077405
mendeley/extracted/Bangla Audio Dataset Original and DeepFake Voices for AI-Based Voice Analysis and Detection/Dataset/S9F01/Fake/3.wav,1,MEN,MEN-S9F01,TG:48c5e1f63ac9492d,-16.5625,1,0.4975,6.412061e-08
mendeley/extracted/Bangla Audio Dataset Original and DeepFake Voices for AI-Based Voice Analysis and Detection/Dataset/S9F01/Fake/30.wav,1,MEN,MEN-S9F01,TG:3ac4acc156291aa7,1.3554688,1,0.3675,0.79502225
mendeley/extracted/Bangla Audio Dataset Original and DeepFake Voices for AI-Based Voice Analysis and Detection/Dataset/S9F01/Fake/4.wav,1,MEN,MEN-S9F01,TG:2d816275c7480a59,-19.4375,1,0.3225,3.6174375e-09
mendeley/extracted/Bangla Audio Dataset Original and DeepFake Voices for AI-Based Voice Analysis and Detection/Dataset/S9F01/Fake/5.wav,1,MEN,MEN-S9F01,TG:db854ce88524c221,-20.21875,1,0.4775,1.6561835e-09
mendeley/extracted/Bangla Audio Dataset Original and DeepFake Voices for AI-Based Voice Analysis and Detection/Dataset/S9F01/Fake/6.wav,1,MEN,MEN-S9F01,TG:d4d0daa8b1ec3a55,-19.953125,1,0.6058333333333333,2.1600706e-09
mendeley/extracted/Bangla Audio Dataset Original and DeepFake Voices for AI-Based Voice Analysis and Detection/Dataset/S9F01/Fake/7.wav,1,MEN,MEN-S9F01,TG:eb6e2f32cb4ca057,-17.1875,1,0.4725,3.432129e-08
mendeley/extracted/Bangla Audio Dataset Original and DeepFake Voices for AI-Based Voice Analysis and Detection/Dataset/S9F01/Fake/8.wav,1,MEN,MEN-S9F01,TG:9e752019d89d3c25,-5.03125,1,0.5475,0.0064882697
mendeley/extracted/Bangla Audio Dataset Original and DeepFake Voices for AI-Based Voice Analysis and Detection/Dataset/S9F01/Fake/9.wav,1,MEN,MEN-S9F01,TG:9d764b1f65847a64,-11.796875,1,0.4741666666666666,7.5279895e-06
mendeley/extracted/Bangla Audio Dataset Original and DeepFake Voices for AI-Based Voice Analysis and Detection/Dataset/S9F01/Real/1.wav,0,MEN,MEN-S9F01,TG:263ccbb0d9d4fa76,-20.078125,1,0.3441666666666666,1.9062556e-09
mendeley/extracted/Bangla Audio Dataset Original and DeepFake Voices for AI-Based Voice Analysis and Detection/Dataset/S9F01/Real/10.wav,0,MEN,MEN-S9F01,TG:3bfd340f76d8a679,-20.859375,1,0.5441666666666667,8.727474e-10
mendeley/extracted/Bangla Audio Dataset Original and DeepFake Voices for AI-Based Voice Analysis and Detection/Dataset/S9F01/Real/11.wav,0,MEN,MEN-S9F01,TG:de90edc1089c941d,-20.109375,1,0.4608333333333333,1.8476062e-09
mendeley/extracted/Bangla Audio Dataset Original and DeepFake Voices for AI-Based Voice Analysis and Detection/Dataset/S9F01/Real/12.wav,0,MEN,MEN-S9F01,TG:a77af9be683053cc,-20.96875,1,0.6608333333333334,7.823257e-10
mendeley/extracted/Bangla Audio Dataset Original and DeepFake Voices for AI-Based Voice Analysis and Detection/Dataset/S9F01/Real/13.wav,0,MEN,MEN-S9F01,TG:d028db732b574cac,-26.046875,1,0.5608333333333333,4.8751268e-12
mendeley/extracted/Bangla Audio Dataset Original and DeepFake Voices for AI-Based Voice Analysis and Detection/Dataset/S9F01/Real/14.wav,0,MEN,MEN-S9F01,TG:4a3012311f6f989c,-18.796875,1,0.6441666666666667,6.8646897e-09
mendeley/extracted/Bangla Audio Dataset Original and DeepFake Voices for AI-Based Voice Analysis and Detection/Dataset/S9F01/Real/15.wav,0,MEN,MEN-S9F01,TG:25961d92ff260806,-16.359375,1,0.5108333333333333,7.856221e-08
mendeley/extracted/Bangla Audio Dataset Original and DeepFake Voices for AI-Based Voice Analysis and Detection/Dataset/S9F01/Real/16.wav,0,MEN,MEN-S9F01,TG:ad3b41d59e6fcb6e,-4.5742188,1,0.4958333333333333,0.010209055
mendeley/extracted/Bangla Audio Dataset Original and DeepFake Voices for AI-Based Voice Analysis and Detection/Dataset/S9F01/Real/17.wav,0,MEN,MEN-S9F01,TG:007c8f7195b13372,-21.125,1,0.5625,6.691586e-10
mendeley/extracted/Bangla Audio Dataset Original and DeepFake Voices for AI-Based Voice Analysis and Detection/Dataset/S9F01/Real/18.wav,0,MEN,MEN-S9F01,TG:128b166adf03cd84,-19.96875,1,0.5625,2.1265816e-09
mendeley/extracted/Bangla Audio Dataset Original and DeepFake Voices for AI-Based Voice Analysis and Detection/Dataset/S9F01/Real/19.wav,0,MEN,MEN-S9F01,TG:f8229cad7945af39,-17.234375,1,0.5958333333333333,3.2749604e-08
mendeley/extracted/Bangla Audio Dataset Original and DeepFake Voices for AI-Based Voice Analysis and Detection/Dataset/S9F01/Real/2.wav,0,MEN,MEN-S9F01,TG:9f5c75cf1e6d9913,-21.328125,1,0.4941666666666666,5.461513e-10
mendeley/extracted/Bangla Audio Dataset Original and DeepFake Voices for AI-Based Voice Analysis and Detection/Dataset/S9F01/Real/20.wav,0,MEN,MEN-S9F01,TG:0bf1b90fb03791fa,-0.7890625,1,0.6441666666666667,0.31237
mendeley/extracted/Bangla Audio Dataset Original and DeepFake Voices for AI-Based Voice Analysis and Detection/Dataset/S9F01/Real/21.wav,0,MEN,MEN-S9F01,TG:70073d516c8e9f1d,-27.4375,1,0.6775,1.2135151e-12
mendeley/extracted/Bangla Audio Dataset Original and DeepFake Voices for AI-Based Voice Analysis and Detection/Dataset/S9F01/Real/22.wav,0,MEN,MEN-S9F01,TG:287fc53eca67ab9a,-0.5708008,1,0.4441666666666667,0.36105207
mendeley/extracted/Bangla Audio Dataset Original and DeepFake Voices for AI-Based Voice Analysis and Detection/Dataset/S9F01/Real/23.wav,0,MEN,MEN-S9F01,TG:b17d3c4f6988bf6a,-7.3398438,1,0.4441666666666667,0.00064873084
mendeley/extracted/Bangla Audio Dataset Original and DeepFake Voices for AI-Based Voice Analysis and Detection/Dataset/S9F01/Real/24.wav,0,MEN,MEN-S9F01,TG:a6e0eae4bc3f847b,-10.96875,1,0.5458333333333334,1.7231572e-05
mendeley/extracted/Bangla Audio Dataset Original and DeepFake Voices for AI-Based Voice Analysis and Detection/Dataset/S9F01/Real/25.wav,0,MEN,MEN-S9F01,TG:6bab2734c92514f5,-21.09375,1,0.5608333333333333,6.903999e-10
mendeley/extracted/Bangla Audio Dataset Original and DeepFake Voices for AI-Based Voice Analysis and Detection/Dataset/S9F01/Real/26.wav,0,MEN,MEN-S9F01,TG:ba75c4dd9af4fab6,-18.578125,1,0.6291666666666667,8.543244e-09
mendeley/extracted/Bangla Audio Dataset Original and DeepFake Voices for AI-Based Voice Analysis and Detection/Dataset/S9F01/Real/27.wav,0,MEN,MEN-S9F01,TG:caa343756463e508,6.6015625,1,0.5941666666666667,0.9986436
mendeley/extracted/Bangla Audio Dataset Original and DeepFake Voices for AI-Based Voice Analysis and Detection/Dataset/S9F01/Real/28.wav,0,MEN,MEN-S9F01,TG:b127dfcabbeceab8,-6.1328125,1,0.6275,0.0021657674
mendeley/extracted/Bangla Audio Dataset Original and DeepFake Voices for AI-Based Voice Analysis and Detection/Dataset/S9F01/Real/29.wav,0,MEN,MEN-S9F01,TG:eda0f06ce0d96a61,-13.734375,1,0.5441666666666667,1.0845166e-06
mendeley/extracted/Bangla Audio Dataset Original and DeepFake Voices for AI-Based Voice Analysis and Detection/Dataset/S9F01/Real/3.wav,0,MEN,MEN-S9F01,TG:48c5e1f63ac9492d,-19.921875,1,0.4608333333333333,2.2286384e-09
mendeley/extracted/Bangla Audio Dataset Original and DeepFake Voices for AI-Based Voice Analysis and Detection/Dataset/S9F01/Real/30.wav,0,MEN,MEN-S9F01,TG:3ac4acc156291aa7,8.0703125,1,0.5108333333333333,0.99968743
mendeley/extracted/Bangla Audio Dataset Original and DeepFake Voices for AI-Based Voice Analysis and Detection/Dataset/S9F01/Real/4.wav,0,MEN,MEN-S9F01,TG:2d816275c7480a59,-31.265625,1,0.4958333333333333,2.6394389e-14
mendeley/extracted/Bangla Audio Dataset Original and DeepFake Voices for AI-Based Voice Analysis and Detection/Dataset/S9F01/Real/5.wav,0,MEN,MEN-S9F01,TG:db854ce88524c221,-20.21875,1,0.5258333333333334,1.6561835e-09
mendeley/extracted/Bangla Audio Dataset Original and DeepFake Voices for AI-Based Voice Analysis and Detection/Dataset/S9F01/Real/6.wav,0,MEN,MEN-S9F01,TG:d4d0daa8b1ec3a55,-24.0,1,0.5608333333333333,3.7751347e-11
mendeley/extracted/Bangla Audio Dataset Original and DeepFake Voices for AI-Based Voice Analysis and Detection/Dataset/S9F01/Real/7.wav,0,MEN,MEN-S9F01,TG:eb6e2f32cb4ca057,-24.578125,1,0.4941666666666666,2.1176585e-11
mendeley/extracted/Bangla Audio Dataset Original and DeepFake Voices for AI-Based Voice Analysis and Detection/Dataset/S9F01/Real/8.wav,0,MEN,MEN-S9F01,TG:9e752019d89d3c25,-24.375,1,0.5425,2.5946094e-11
mendeley/extracted/Bangla Audio Dataset Original and DeepFake Voices for AI-Based Voice Analysis and Detection/Dataset/S9F01/Real/9.wav,0,MEN,MEN-S9F01,TG:9d764b1f65847a64,-24.328125,1,0.3791666666666666,2.7191274e-11
mendeley/extracted/Bangla Audio Dataset Original and DeepFake Voices for AI-Based Voice Analysis and Detection/Dataset/S9F03/Fake/1.wav,1,MEN,MEN-S9F03,TG:263ccbb0d9d4fa76,-0.008041382,1,0.5341666666666667,0.49798965
mendeley/extracted/Bangla Audio Dataset Original and DeepFake Voices for AI-Based Voice Analysis and Detection/Dataset/S9F03/Fake/10.wav,1,MEN,MEN-S9F03,TG:3bfd340f76d8a679,9.265625,1,0.2741666666666666,0.99990535
mendeley/extracted/Bangla Audio Dataset Original and DeepFake Voices for AI-Based Voice Analysis and Detection/Dataset/S9F03/Fake/11.wav,1,MEN,MEN-S9F03,TG:de90edc1089c941d,6.5742188,1,0.4458333333333333,0.998606
mendeley/extracted/Bangla Audio Dataset Original and DeepFake Voices for AI-Based Voice Analysis and Detection/Dataset/S9F03/Fake/12.wav,1,MEN,MEN-S9F03,TG:a77af9be683053cc,-13.828125,1,0.5508333333333333,9.874639e-07
mendeley/extracted/Bangla Audio Dataset Original and DeepFake Voices for AI-Based Voice Analysis and Detection/Dataset/S9F03/Fake/13.wav,1,MEN,MEN-S9F03,TG:d028db732b574cac,8.5703125,1,0.5075000000000001,0.9998104
mendeley/extracted/Bangla Audio Dataset Original and DeepFake Voices for AI-Based Voice Analysis and Detection/Dataset/S9F03/Fake/14.wav,1,MEN,MEN-S9F03,TG:4a3012311f6f989c,-3.4882812,1,0.4575,0.02964751
mendeley/extracted/Bangla Audio Dataset Original and DeepFake Voices for AI-Based Voice Analysis and Detection/Dataset/S9F03/Fake/15.wav,1,MEN,MEN-S9F03,TG:25961d92ff260806,18.765625,1,0.4425,1.0
mendeley/extracted/Bangla Audio Dataset Original and DeepFake Voices for AI-Based Voice Analysis and Detection/Dataset/S9F03/Fake/16.wav,1,MEN,MEN-S9F03,TG:ad3b41d59e6fcb6e,12.78125,1,0.4275,0.99999714
mendeley/extracted/Bangla Audio Dataset Original and DeepFake Voices for AI-Based Voice Analysis and Detection/Dataset/S9F03/Fake/17.wav,1,MEN,MEN-S9F03,TG:007c8f7195b13372,-6.8710938,1,0.4508333333333333,0.0010362668
mendeley/extracted/Bangla Audio Dataset Original and DeepFake Voices for AI-Based Voice Analysis and Detection/Dataset/S9F03/Fake/18.wav,1,MEN,MEN-S9F03,TG:128b166adf03cd84,18.234375,1,0.4425,1.0
mendeley/extracted/Bangla Audio Dataset Original and DeepFake Voices for AI-Based Voice Analysis and Detection/Dataset/S9F03/Fake/19.wav,1,MEN,MEN-S9F03,TG:f8229cad7945af39,-19.5,1,0.4691666666666666,3.398268e-09
mendeley/extracted/Bangla Audio Dataset Original and DeepFake Voices for AI-Based Voice Analysis and Detection/Dataset/S9F03/Fake/2.wav,1,MEN,MEN-S9F03,TG:9f5c75cf1e6d9913,-12.609375,1,0.3675,3.3405393e-06
mendeley/extracted/Bangla Audio Dataset Original and DeepFake Voices for AI-Based Voice Analysis and Detection/Dataset/S9F03/Fake/20.wav,1,MEN,MEN-S9F03,TG:0bf1b90fb03791fa,14.0390625,1,0.5275000000000001,0.99999917
mendeley/extracted/Bangla Audio Dataset Original and DeepFake Voices for AI-Based Voice Analysis and Detection/Dataset/S9F03/Fake/21.wav,1,MEN,MEN-S9F03,TG:70073d516c8e9f1d,16.484375,1,0.5341666666666667,0.9999999
mendeley/extracted/Bangla Audio Dataset Original and DeepFake Voices for AI-Based Voice Analysis and Detection/Dataset/S9F03/Fake/22.wav,1,MEN,MEN-S9F03,TG:287fc53eca67ab9a,-0.2993164,1,0.5591666666666666,0.4257246
mendeley/extracted/Bangla Audio Dataset Original and DeepFake Voices for AI-Based Voice Analysis and Detection/Dataset/S9F03/Fake/23.wav,1,MEN,MEN-S9F03,TG:b17d3c4f6988bf6a,7.75,1,0.4041666666666667,0.9995695
mendeley/extracted/Bangla Audio Dataset Original and DeepFake Voices for AI-Based Voice Analysis and Detection/Dataset/S9F03/Fake/24.wav,1,MEN,MEN-S9F03,TG:a6e0eae4bc3f847b,-8.1015625,1,0.4675,0.0003029734
mendeley/extracted/Bangla Audio Dataset Original and DeepFake Voices for AI-Based Voice Analysis and Detection/Dataset/S9F03/Fake/25.wav,1,MEN,MEN-S9F03,TG:6bab2734c92514f5,13.3828125,1,0.4825,0.99999845
mendeley/extracted/Bangla Audio Dataset Original and DeepFake Voices for AI-Based Voice Analysis and Detection/Dataset/S9F03/Fake/26.wav,1,MEN,MEN-S9F03,TG:ba75c4dd9af4fab6,-11.9453125,1,0.5625,6.4895394e-06
mendeley/extracted/Bangla Audio Dataset Original and DeepFake Voices for AI-Based Voice Analysis and Detection/Dataset/S9F03/Fake/27.wav,1,MEN,MEN-S9F03,TG:caa343756463e508,16.25,1,0.5925,0.9999999
mendeley/extracted/Bangla Audio Dataset Original and DeepFake Voices for AI-Based Voice Analysis and Detection/Dataset/S9F03/Fake/28.wav,1,MEN,MEN-S9F03,TG:b127dfcabbeceab8,-7.2226562,1,0.4591666666666666,0.00072932884
mendeley/extracted/Bangla Audio Dataset Original and DeepFake Voices for AI-Based Voice Analysis and Detection/Dataset/S9F03/Fake/29.wav,1,MEN,MEN-S9F03,TG:eda0f06ce0d96a61,9.1015625,1,0.4791666666666666,0.99988854
mendeley/extracted/Bangla Audio Dataset Original and DeepFake Voices for AI-Based Voice Analysis and Detection/Dataset/S9F03/Fake/3.wav,1,MEN,MEN-S9F03,TG:48c5e1f63ac9492d,24.171875,1,0.4525,1.0
mendeley/extracted/Bangla Audio Dataset Original and DeepFake Voices for AI-Based Voice Analysis and Detection/Dataset/S9F03/Fake/30.wav,1,MEN,MEN-S9F03,TG:3ac4acc156291aa7,20.4375,1,0.3725,1.0
mendeley/extracted/Bangla Audio Dataset Original and DeepFake Voices for AI-Based Voice Analysis and Detection/Dataset/S9F03/Fake/4.wav,1,MEN,MEN-S9F03,TG:2d816275c7480a59,9.3203125,1,0.3425,0.99991035
mendeley/extracted/Bangla Audio Dataset Original and DeepFake Voices for AI-Based Voice Analysis and Detection/Dataset/S9F03/Fake/5.wav,1,MEN,MEN-S9F03,TG:db854ce88524c221,-6.7890625,1,0.4675,0.0011247575
mendeley/extracted/Bangla Audio Dataset Original and DeepFake Voices for AI-Based Voice Analysis and Detection/Dataset/S9F03/Fake/6.wav,1,MEN,MEN-S9F03,TG:d4d0daa8b1ec3a55,6.3867188,1,0.5708333333333333,0.998319
mendeley/extracted/Bangla Audio Dataset Original and DeepFake Voices for AI-Based Voice Analysis and Detection/Dataset/S9F03/Fake/7.wav,1,MEN,MEN-S9F03,TG:eb6e2f32cb4ca057,1.1113281,1,0.4175,0.7523766
mendeley/extracted/Bangla Audio Dataset Original and DeepFake Voices for AI-Based Voice Analysis and Detection/Dataset/S9F03/Fake/8.wav,1,MEN,MEN-S9F03,TG:9e752019d89d3c25,18.59375,1,0.5625,1.0
mendeley/extracted/Bangla Audio Dataset Original and DeepFake Voices for AI-Based Voice Analysis and Detection/Dataset/S9F03/Fake/9.wav,1,MEN,MEN-S9F03,TG:9d764b1f65847a64,18.0625,1,0.4741666666666666,1.0
mendeley/extracted/Bangla Audio Dataset Original and DeepFake Voices for AI-Based Voice Analysis and Detection/Dataset/S9F03/Real/1.wav,0,MEN,MEN-S9F03,TG:263ccbb0d9d4fa76,1.3613281,1,0.4841666666666666,0.79597545
mendeley/extracted/Bangla Audio Dataset Original and DeepFake Voices for AI-Based Voice Analysis and Detection/Dataset/S9F03/Real/10.wav,0,MEN,MEN-S9F03,TG:3bfd340f76d8a679,13.2578125,1,0.4175,0.9999982
mendeley/extracted/Bangla Audio Dataset Original and DeepFake Voices for AI-Based Voice Analysis and Detection/Dataset/S9F03/Real/11.wav,0,MEN,MEN-S9F03,TG:de90edc1089c941d,-1.9824219,1,0.4508333333333333,0.1210609
mendeley/extracted/Bangla Audio Dataset Original and DeepFake Voices for AI-Based Voice Analysis and Detection/Dataset/S9F03/Real/12.wav,0,MEN,MEN-S9F03,TG:a77af9be683053cc,6.5390625,1,0.4341666666666667,0.9985562
mendeley/extracted/Bangla Audio Dataset Original and DeepFake Voices for AI-Based Voice Analysis and Detection/Dataset/S9F03/Real/13.wav,0,MEN,MEN-S9F03,TG:d028db732b574cac,11.2734375,1,0.4675,0.99998724
mendeley/extracted/Bangla Audio Dataset Original and DeepFake Voices for AI-Based Voice Analysis and Detection/Dataset/S9F03/Real/14.wav,0,MEN,MEN-S9F03,TG:4a3012311f6f989c,3.2402344,1,0.4341666666666667,0.96232057
mendeley/extracted/Bangla Audio Dataset Original and DeepFake Voices for AI-Based Voice Analysis and Detection/Dataset/S9F03/Real/15.wav,0,MEN,MEN-S9F03,TG:25961d92ff260806,-5.65625,1,0.4341666666666667,0.0034834242
mendeley/extracted/Bangla Audio Dataset Original and DeepFake Voices for AI-Based Voice Analysis and Detection/Dataset/S9F03/Real/16.wav,0,MEN,MEN-S9F03,TG:ad3b41d59e6fcb6e,12.921875,1,0.4008333333333334,0.9999975
mendeley/extracted/Bangla Audio Dataset Original and DeepFake Voices for AI-Based Voice Analysis and Detection/Dataset/S9F03/Real/17.wav,0,MEN,MEN-S9F03,TG:007c8f7195b13372,7.2421875,1,0.4008333333333334,0.9992848
mendeley/extracted/Bangla Audio Dataset Original and DeepFake Voices for AI-Based Voice Analysis and Detection/Dataset/S9F03/Real/18.wav,0,MEN,MEN-S9F03,TG:128b166adf03cd84,4.640625,1,0.3841666666666666,0.9904406
mendeley/extracted/Bangla Audio Dataset Original and DeepFake Voices for AI-Based Voice Analysis and Detection/Dataset/S9F03/Real/19.wav,0,MEN,MEN-S9F03,TG:f8229cad7945af39,-15.765625,1,0.4508333333333333,1.4225778e-07
mendeley/extracted/Bangla Audio Dataset Original and DeepFake Voices for AI-Based Voice Analysis and Detection/Dataset/S9F03/Real/2.wav,0,MEN,MEN-S9F03,TG:9f5c75cf1e6d9913,6.4882812,1,0.4675,0.9984812
mendeley/extracted/Bangla Audio Dataset Original and DeepFake Voices for AI-Based Voice Analysis and Detection/Dataset/S9F03/Real/20.wav,0,MEN,MEN-S9F03,TG:0bf1b90fb03791fa,-7.7382812,1,0.4008333333333334,0.00043563018
mendeley/extracted/Bangla Audio Dataset Original and DeepFake Voices for AI-Based Voice Analysis and Detection/Dataset/S9F03/Real/21.wav,0,MEN,MEN-S9F03,TG:70073d516c8e9f1d,8.2734375,1,0.4675,0.99974483
mendeley/extracted/Bangla Audio Dataset Original and DeepFake Voices for AI-Based Voice Analysis and Detection/Dataset/S9F03/Real/22.wav,0,MEN,MEN-S9F03,TG:287fc53eca67ab9a,-10.4921875,1,0.3841666666666666,2.7751652e-05
mendeley/extracted/Bangla Audio Dataset Original and DeepFake Voices for AI-Based Voice Analysis and Detection/Dataset/S9F03/Real/23.wav,0,MEN,MEN-S9F03,TG:b17d3c4f6988bf6a,-1.6972656,1,0.3508333333333333,0.15482274
mendeley/extracted/Bangla Audio Dataset Original and DeepFake Voices for AI-Based Voice Analysis and Detection/Dataset/S9F03/Real/24.wav,0,MEN,MEN-S9F03,TG:a6e0eae4bc3f847b,-3.2285156,1,0.4508333333333333,0.03810662
mendeley/extracted/Bangla Audio Dataset Original and DeepFake Voices for AI-Based Voice Analysis and Detection/Dataset/S9F03/Real/25.wav,0,MEN,MEN-S9F03,TG:6bab2734c92514f5,-17.71875,1,0.4675,2.0176445e-08
mendeley/extracted/Bangla Audio Dataset Original and DeepFake Voices for AI-Based Voice Analysis and Detection/Dataset/S9F03/Real/26.wav,0,MEN,MEN-S9F03,TG:ba75c4dd9af4fab6,1.5419922,1,0.4341666666666667,0.82375413
mendeley/extracted/Bangla Audio Dataset Original and DeepFake Voices for AI-Based Voice Analysis and Detection/Dataset/S9F03/Real/27.wav,0,MEN,MEN-S9F03,TG:caa343756463e508,-11.3125,1,0.4508333333333333,1.2219076e-05
mendeley/extracted/Bangla Audio Dataset Original and DeepFake Voices for AI-Based Voice Analysis and Detection/Dataset/S9F03/Real/28.wav,0,MEN,MEN-S9F03,TG:b127dfcabbeceab8,6.6484375,1,0.4341666666666667,0.9987056
mendeley/extracted/Bangla Audio Dataset Original and DeepFake Voices for AI-Based Voice Analysis and Detection/Dataset/S9F03/Real/29.wav,0,MEN,MEN-S9F03,TG:eda0f06ce0d96a61,8.734375,1,0.3675,0.99983907
mendeley/extracted/Bangla Audio Dataset Original and DeepFake Voices for AI-Based Voice Analysis and Detection/Dataset/S9F03/Real/3.wav,0,MEN,MEN-S9F03,TG:48c5e1f63ac9492d,-13.296875,1,0.4675,1.6797313e-06
mendeley/extracted/Bangla Audio Dataset Original and DeepFake Voices for AI-Based Voice Analysis and Detection/Dataset/S9F03/Real/30.wav,0,MEN,MEN-S9F03,TG:3ac4acc156291aa7,1.875,1,0.3175,0.86703575
mendeley/extracted/Bangla Audio Dataset Original and DeepFake Voices for AI-Based Voice Analysis and Detection/Dataset/S9F03/Real/4.wav,0,MEN,MEN-S9F03,TG:2d816275c7480a59,8.515625,1,0.4675,0.9997998
mendeley/extracted/Bangla Audio Dataset Original and DeepFake Voices for AI-Based Voice Analysis and Detection/Dataset/S9F03/Real/5.wav,0,MEN,MEN-S9F03,TG:db854ce88524c221,8.3125,1,0.5341666666666667,0.9997546
mendeley/extracted/Bangla Audio Dataset Original and DeepFake Voices for AI-Based Voice Analysis and Detection/Dataset/S9F03/Real/6.wav,0,MEN,MEN-S9F03,TG:d4d0daa8b1ec3a55,-6.3671875,1,0.5841666666666667,0.0017140384
mendeley/extracted/Bangla Audio Dataset Original and DeepFake Voices for AI-Based Voice Analysis and Detection/Dataset/S9F03/Real/7.wav,0,MEN,MEN-S9F03,TG:eb6e2f32cb4ca057,11.359375,1,0.5341666666666667,0.9999883
mendeley/extracted/Bangla Audio Dataset Original and DeepFake Voices for AI-Based Voice Analysis and Detection/Dataset/S9F03/Real/8.wav,0,MEN,MEN-S9F03,TG:9e752019d89d3c25,5.4726562,1,0.4675,0.9958175
mendeley/extracted/Bangla Audio Dataset Original and DeepFake Voices for AI-Based Voice Analysis and Detection/Dataset/S9F03/Real/9.wav,0,MEN,MEN-S9F03,TG:9d764b1f65847a64,20.21875,1,0.5008333333333334,1.0
mendeley/extracted/Bangla Audio Dataset Original and DeepFake Voices for AI-Based Voice Analysis and Detection/Dataset/S9M02/Fake/1.wav,1,MEN,MEN-S9M02,TG:263ccbb0d9d4fa76,-7.1835938,1,0.4358333333333333,0.00075835997
mendeley/extracted/Bangla Audio Dataset Original and DeepFake Voices for AI-Based Voice Analysis and Detection/Dataset/S9M02/Fake/10.wav,1,MEN,MEN-S9M02,TG:3bfd340f76d8a679,2.84375,1,0.1708333333333332,0.9449947
mendeley/extracted/Bangla Audio Dataset Original and DeepFake Voices for AI-Based Voice Analysis and Detection/Dataset/S9M02/Fake/11.wav,1,MEN,MEN-S9M02,TG:de90edc1089c941d,-7.7773438,1,0.4441666666666667,0.00041894842
mendeley/extracted/Bangla Audio Dataset Original and DeepFake Voices for AI-Based Voice Analysis and Detection/Dataset/S9M02/Fake/12.wav,1,MEN,MEN-S9M02,TG:a77af9be683053cc,-10.75,1,0.4741666666666666,2.1444948e-05
mendeley/extracted/Bangla Audio Dataset Original and DeepFake Voices for AI-Based Voice Analysis and Detection/Dataset/S9M02/Fake/13.wav,1,MEN,MEN-S9M02,TG:d028db732b574cac,6.4140625,1,0.5125,0.99836427
mendeley/extracted/Bangla Audio Dataset Original and DeepFake Voices for AI-Based Voice Analysis and Detection/Dataset/S9M02/Fake/14.wav,1,MEN,MEN-S9M02,TG:4a3012311f6f989c,2.6816406,1,0.5341666666666667,0.93593454
mendeley/extracted/Bangla Audio Dataset Original and DeepFake Voices for AI-Based Voice Analysis and Detection/Dataset/S9M02/Fake/15.wav,1,MEN,MEN-S9M02,TG:25961d92ff260806,-7.296875,1,0.2524999999999999,0.0006771943
mendeley/extracted/Bangla Audio Dataset Original and DeepFake Voices for AI-Based Voice Analysis and Detection/Dataset/S9M02/Fake/16.wav,1,MEN,MEN-S9M02,TG:ad3b41d59e6fcb6e,-3.0976562,1,0.4841666666666666,0.043204036
mendeley/extracted/Bangla Audio Dataset Original and DeepFake Voices for AI-Based Voice Analysis and Detection/Dataset/S9M02/Fake/17.wav,1,MEN,MEN-S9M02,TG:007c8f7195b13372,-24.703125,1,0.4141666666666667,1.8688271e-11
mendeley/extracted/Bangla Audio Dataset Original and DeepFake Voices for AI-Based Voice Analysis and Detection/Dataset/S9M02/Fake/18.wav,1,MEN,MEN-S9M02,TG:128b166adf03cd84,-9.4765625,1,0.4975,7.662102e-05
mendeley/extracted/Bangla Audio Dataset Original and DeepFake Voices for AI-Based Voice Analysis and Detection/Dataset/S9M02/Fake/19.wav,1,MEN,MEN-S9M02,TG:f8229cad7945af39,-9.6953125,1,0.5275000000000001,6.156764e-05
mendeley/extracted/Bangla Audio Dataset Original and DeepFake Voices for AI-Based Voice Analysis and Detection/Dataset/S9M02/Fake/2.wav,1,MEN,MEN-S9M02,TG:9f5c75cf1e6d9913,-13.4296875,1,0.4441666666666667,1.4708222e-06
mendeley/extracted/Bangla Audio Dataset Original and DeepFake Voices for AI-Based Voice Analysis and Detection/Dataset/S9M02/Fake/20.wav,1,MEN,MEN-S9M02,TG:0bf1b90fb03791fa,17.234375,1,0.5375,1.0
mendeley/extracted/Bangla Audio Dataset Original and DeepFake Voices for AI-Based Voice Analysis and Detection/Dataset/S9M02/Fake/21.wav,1,MEN,MEN-S9M02,TG:70073d516c8e9f1d,-9.625,1,0.5341666666666667,6.605214e-05
mendeley/extracted/Bangla Audio Dataset Original and DeepFake Voices for AI-Based Voice Analysis and Detection/Dataset/S9M02/Fake/22.wav,1,MEN,MEN-S9M02,TG:287fc53eca67ab9a,-11.1953125,1,0.4191666666666667,1.3738256e-05
mendeley/extracted/Bangla Audio Dataset Original and DeepFake Voices for AI-Based Voice Analysis and Detection/Dataset/S9M02/Fake/23.wav,1,MEN,MEN-S9M02,TG:b17d3c4f6988bf6a,-14.5390625,1,0.3708333333333333,4.8502613e-07
mendeley/extracted/Bangla Audio Dataset Original and DeepFake Voices for AI-Based Voice Analysis and Detection/Dataset/S9M02/Fake/24.wav,1,MEN,MEN-S9M02,TG:a6e0eae4bc3f847b,16.640625,1,0.4841666666666666,1.0
mendeley/extracted/Bangla Audio Dataset Original and DeepFake Voices for AI-Based Voice Analysis and Detection/Dataset/S9M02/Fake/25.wav,1,MEN,MEN-S9M02,TG:6bab2734c92514f5,-10.8828125,1,0.3691666666666666,1.8777875e-05
mendeley/extracted/Bangla Audio Dataset Original and DeepFake Voices for AI-Based Voice Analysis and Detection/Dataset/S9M02/Fake/26.wav,1,MEN,MEN-S9M02,TG:ba75c4dd9af4fab6,3.421875,1,0.5491666666666667,0.9683812
mendeley/extracted/Bangla Audio Dataset Original and DeepFake Voices for AI-Based Voice Analysis and Detection/Dataset/S9M02/Fake/27.wav,1,MEN,MEN-S9M02,TG:caa343756463e508,9.5703125,1,0.3808333333333333,0.99993026
mendeley/extracted/Bangla Audio Dataset Original and DeepFake Voices for AI-Based Voice Analysis and Detection/Dataset/S9M02/Fake/28.wav,1,MEN,MEN-S9M02,TG:b127dfcabbeceab8,-3.2421875,1,0.5275000000000001,0.037608635
mendeley/extracted/Bangla Audio Dataset Original and DeepFake Voices for AI-Based Voice Analysis and Detection/Dataset/S9M02/Fake/29.wav,1,MEN,MEN-S9M02,TG:eda0f06ce0d96a61,12.0,1,0.2791666666666667,0.9999938
mendeley/extracted/Bangla Audio Dataset Original and DeepFake Voices for AI-Based Voice Analysis and Detection/Dataset/S9M02/Fake/3.wav,1,MEN,MEN-S9M02,TG:48c5e1f63ac9492d,12.609375,1,0.3908333333333333,0.99999666
mendeley/extracted/Bangla Audio Dataset Original and DeepFake Voices for AI-Based Voice Analysis and Detection/Dataset/S9M02/Fake/30.wav,1,MEN,MEN-S9M02,TG:3ac4acc156291aa7,-9.1484375,1,0.3375,0.00010637458
mendeley/extracted/Bangla Audio Dataset Original and DeepFake Voices for AI-Based Voice Analysis and Detection/Dataset/S9M02/Fake/4.wav,1,MEN,MEN-S9M02,TG:2d816275c7480a59,-13.4765625,1,0.3958333333333333,1.4034684e-06
mendeley/extracted/Bangla Audio Dataset Original and DeepFake Voices for AI-Based Voice Analysis and Detection/Dataset/S9M02/Fake/5.wav,1,MEN,MEN-S9M02,TG:db854ce88524c221,0.20983887,1,0.4458333333333333,0.5522681
mendeley/extracted/Bangla Audio Dataset Original and DeepFake Voices for AI-Based Voice Analysis and Detection/Dataset/S9M02/Fake/6.wav,1,MEN,MEN-S9M02,TG:d4d0daa8b1ec3a55,-4.6835938,1,0.5075000000000001,0.009161027
mendeley/extracted/Bangla Audio Dataset Original and DeepFake Voices for AI-Based Voice Analysis and Detection/Dataset/S9M02/Fake/7.wav,1,MEN,MEN-S9M02,TG:eb6e2f32cb4ca057,9.8671875,1,0.4775,0.99994814
mendeley/extracted/Bangla Audio Dataset Original and DeepFake Voices for AI-Based Voice Analysis and Detection/Dataset/S9M02/Fake/8.wav,1,MEN,MEN-S9M02,TG:9e752019d89d3c25,2.0878906,1,0.5091666666666667,0.8897206
mendeley/extracted/Bangla Audio Dataset Original and DeepFake Voices for AI-Based Voice Analysis and Detection/Dataset/S9M02/Fake/9.wav,1,MEN,MEN-S9M02,TG:9d764b1f65847a64,-10.8984375,1,0.4441666666666667,1.8486755e-05
mendeley/extracted/Bangla Audio Dataset Original and DeepFake Voices for AI-Based Voice Analysis and Detection/Dataset/S9M02/Real/1.wav,0,MEN,MEN-S9M02,TG:263ccbb0d9d4fa76,4.5976562,1,0.4175,0.99002504
mendeley/extracted/Bangla Audio Dataset Original and DeepFake Voices for AI-Based Voice Analysis and Detection/Dataset/S9M02/Real/10.wav,0,MEN,MEN-S9M02,TG:3bfd340f76d8a679,2.6933594,1,0.3008333333333333,0.93663365
mendeley/extracted/Bangla Audio Dataset Original and DeepFake Voices for AI-Based Voice Analysis and Detection/Dataset/S9M02/Real/11.wav,0,MEN,MEN-S9M02,TG:de90edc1089c941d,15.375,1,0.3175,0.99999976
mendeley/extracted/Bangla Audio Dataset Original and DeepFake Voices for AI-Based Voice Analysis and Detection/Dataset/S9M02/Real/12.wav,0,MEN,MEN-S9M02,TG:a77af9be683053cc,-5.8671875,1,0.4341666666666667,0.002822833
mendeley/extracted/Bangla Audio Dataset Original and DeepFake Voices for AI-Based Voice Analysis and Detection/Dataset/S9M02/Real/13.wav,0,MEN,MEN-S9M02,TG:d028db732b574cac,0.32763672,1,0.3841666666666666,0.58118427
mendeley/extracted/Bangla Audio Dataset Original and DeepFake Voices for AI-Based Voice Analysis and Detection/Dataset/S9M02/Real/14.wav,0,MEN,MEN-S9M02,TG:4a3012311f6f989c,9.0234375,1,0.4008333333333334,0.9998795
mendeley/extracted/Bangla Audio Dataset Original and DeepFake Voices for AI-Based Voice Analysis and Detection/Dataset/S9M02/Real/15.wav,0,MEN,MEN-S9M02,TG:25961d92ff260806,17.484375,1,0.3175,1.0
mendeley/extracted/Bangla Audio Dataset Original and DeepFake Voices for AI-Based Voice Analysis and Detection/Dataset/S9M02/Real/16.wav,0,MEN,MEN-S9M02,TG:ad3b41d59e6fcb6e,13.203125,1,0.3675,0.9999982
mendeley/extracted/Bangla Audio Dataset Original and DeepFake Voices for AI-Based Voice Analysis and Detection/Dataset/S9M02/Real/17.wav,0,MEN,MEN-S9M02,TG:007c8f7195b13372,-4.4726562,1,0.3841666666666666,0.011288074
mendeley/extracted/Bangla Audio Dataset Original and DeepFake Voices for AI-Based Voice Analysis and Detection/Dataset/S9M02/Real/18.wav,0,MEN,MEN-S9M02,TG:128b166adf03cd84,-0.4350586,1,0.4175,0.39291906
mendeley/extracted/Bangla Audio Dataset Original and DeepFake Voices for AI-Based Voice Analysis and Detection/Dataset/S9M02/Real/19.wav,0,MEN,MEN-S9M02,TG:f8229cad7945af39,-4.4375,1,0.4008333333333334,0.011687257
mendeley/extracted/Bangla Audio Dataset Original and DeepFake Voices for AI-Based Voice Analysis and Detection/Dataset/S9M02/Real/2.wav,0,MEN,MEN-S9M02,TG:9f5c75cf1e6d9913,-8.5625,1,0.3508333333333333,0.00019110431
mendeley/extracted/Bangla Audio Dataset Original and DeepFake Voices for AI-Based Voice Analysis and Detection/Dataset/S9M02/Real/20.wav,0,MEN,MEN-S9M02,TG:0bf1b90fb03791fa,2.3476562,1,0.3508333333333333,0.91274774
mendeley/extracted/Bangla Audio Dataset Original and DeepFake Voices for AI-Based Voice Analysis and Detection/Dataset/S9M02/Real/21.wav,0,MEN,MEN-S9M02,TG:70073d516c8e9f1d,11.6328125,1,0.4341666666666667,0.9999912
mendeley/extracted/Bangla Audio Dataset Original and DeepFake Voices for AI-Based Voice Analysis and Detection/Dataset/S9M02/Real/22.wav,0,MEN,MEN-S9M02,TG:287fc53eca67ab9a,24.046875,1,0.3508333333333333,1.0
mendeley/extracted/Bangla Audio Dataset Original and DeepFake Voices for AI-Based Voice Analysis and Detection/Dataset/S9M02/Real/23.wav,0,MEN,MEN-S9M02,TG:b17d3c4f6988bf6a,2.4394531,1,0.3508333333333333,0.91978675
mendeley/extracted/Bangla Audio Dataset Original and DeepFake Voices for AI-Based Voice Analysis and Detection/Dataset/S9M02/Real/24.wav,0,MEN,MEN-S9M02,TG:a6e0eae4bc3f847b,8.6328125,1,0.3841666666666666,0.99982184
mendeley/extracted/Bangla Audio Dataset Original and DeepFake Voices for AI-Based Voice Analysis and Detection/Dataset/S9M02/Real/25.wav,0,MEN,MEN-S9M02,TG:6bab2734c92514f5,26.484375,1,0.3008333333333333,1.0
mendeley/extracted/Bangla Audio Dataset Original and DeepFake Voices for AI-Based Voice Analysis and Detection/Dataset/S9M02/Real/26.wav,0,MEN,MEN-S9M02,TG:ba75c4dd9af4fab6,7.4921875,1,0.3841666666666666,0.9994429
mendeley/extracted/Bangla Audio Dataset Original and DeepFake Voices for AI-Based Voice Analysis and Detection/Dataset/S9M02/Real/27.wav,0,MEN,MEN-S9M02,TG:caa343756463e508,22.765625,1,0.3841666666666666,1.0
mendeley/extracted/Bangla Audio Dataset Original and DeepFake Voices for AI-Based Voice Analysis and Detection/Dataset/S9M02/Real/28.wav,0,MEN,MEN-S9M02,TG:b127dfcabbeceab8,0.6435547,1,0.4175,0.65555656
mendeley/extracted/Bangla Audio Dataset Original and DeepFake Voices for AI-Based Voice Analysis and Detection/Dataset/S9M02/Real/29.wav,0,MEN,MEN-S9M02,TG:eda0f06ce0d96a61,21.828125,1,0.3341666666666666,1.0
mendeley/extracted/Bangla Audio Dataset Original and DeepFake Voices for AI-Based Voice Analysis and Detection/Dataset/S9M02/Real/3.wav,0,MEN,MEN-S9M02,TG:48c5e1f63ac9492d,20.59375,1,0.3675,1.0
mendeley/extracted/Bangla Audio Dataset Original and DeepFake Voices for AI-Based Voice Analysis and Detection/Dataset/S9M02/Real/30.wav,0,MEN,MEN-S9M02,TG:3ac4acc156291aa7,22.65625,1,0.2508333333333333,1.0
mendeley/extracted/Bangla Audio Dataset Original and DeepFake Voices for AI-Based Voice Analysis and Detection/Dataset/S9M02/Real/4.wav,0,MEN,MEN-S9M02,TG:2d816275c7480a59,5.7109375,1,0.3841666666666666,0.9967013
mendeley/extracted/Bangla Audio Dataset Original and DeepFake Voices for AI-Based Voice Analysis and Detection/Dataset/S9M02/Real/5.wav,0,MEN,MEN-S9M02,TG:db854ce88524c221,-3.0761719,1,0.3841666666666666,0.04410091
mendeley/extracted/Bangla Audio Dataset Original and DeepFake Voices for AI-Based Voice Analysis and Detection/Dataset/S9M02/Real/6.wav,0,MEN,MEN-S9M02,TG:d4d0daa8b1ec3a55,20.0,1,0.4508333333333333,1.0
mendeley/extracted/Bangla Audio Dataset Original and DeepFake Voices for AI-Based Voice Analysis and Detection/Dataset/S9M02/Real/7.wav,0,MEN,MEN-S9M02,TG:eb6e2f32cb4ca057,11.59375,1,0.4008333333333334,0.9999908
mendeley/extracted/Bangla Audio Dataset Original and DeepFake Voices for AI-Based Voice Analysis and Detection/Dataset/S9M02/Real/8.wav,0,MEN,MEN-S9M02,TG:9e752019d89d3c25,16.359375,1,0.4008333333333334,0.9999999
mendeley/extracted/Bangla Audio Dataset Original and DeepFake Voices for AI-Based Voice Analysis and Detection/Dataset/S9M02/Real/9.wav,0,MEN,MEN-S9M02,TG:9d764b1f65847a64,14.421875,1,0.3841666666666666,0.9999994
mendeley/extracted/Bangla Audio Dataset Original and DeepFake Voices for AI-Based Voice Analysis and Detection/Dataset/S9M04/Fake/1.wav,1,MEN,MEN-S9M04,TG:263ccbb0d9d4fa76,15.28125,1,0.5591666666666666,0.99999976
mendeley/extracted/Bangla Audio Dataset Original and DeepFake Voices for AI-Based Voice Analysis and Detection/Dataset/S9M04/Fake/10.wav,1,MEN,MEN-S9M04,TG:3bfd340f76d8a679,-2.2851562,1,0.3141666666666667,0.092359796
mendeley/extracted/Bangla Audio Dataset Original and DeepFake Voices for AI-Based Voice Analysis and Detection/Dataset/S9M04/Fake/11.wav,1,MEN,MEN-S9M04,TG:de90edc1089c941d,-10.203125,1,0.4375,3.705297e-05
mendeley/extracted/Bangla Audio Dataset Original and DeepFake Voices for AI-Based Voice Analysis and Detection/Dataset/S9M04/Fake/12.wav,1,MEN,MEN-S9M04,TG:a77af9be683053cc,-29.96875,1,0.5475,9.6546665e-14
mendeley/extracted/Bangla Audio Dataset Original and DeepFake Voices for AI-Based Voice Analysis and Detection/Dataset/S9M04/Fake/13.wav,1,MEN,MEN-S9M04,TG:d028db732b574cac,10.5078125,1,0.5591666666666666,0.9999727
mendeley/extracted/Bangla Audio Dataset Original and DeepFake Voices for AI-Based Voice Analysis and Detection/Dataset/S9M04/Fake/14.wav,1,MEN,MEN-S9M04,TG:4a3012311f6f989c,-11.28125,1,0.4875,1.2606946e-05
mendeley/extracted/Bangla Audio Dataset Original and DeepFake Voices for AI-Based Voice Analysis and Detection/Dataset/S9M04/Fake/15.wav,1,MEN,MEN-S9M04,TG:25961d92ff260806,4.5273438,1,0.4958333333333333,0.9893063
mendeley/extracted/Bangla Audio Dataset Original and DeepFake Voices for AI-Based Voice Analysis and Detection/Dataset/S9M04/Fake/16.wav,1,MEN,MEN-S9M04,TG:ad3b41d59e6fcb6e,0.04257202,1,0.5608333333333333,0.51064146
mendeley/extracted/Bangla Audio Dataset Original and DeepFake Voices for AI-Based Voice Analysis and Detection/Dataset/S9M04/Fake/17.wav,1,MEN,MEN-S9M04,TG:007c8f7195b13372,-3.0820312,1,0.4008333333333334,0.04385456
mendeley/extracted/Bangla Audio Dataset Original and DeepFake Voices for AI-Based Voice Analysis and Detection/Dataset/S9M04/Fake/18.wav,1,MEN,MEN-S9M04,TG:128b166adf03cd84,-2.59375,1,0.4625,0.069541745
mendeley/extracted/Bangla Audio Dataset Original and DeepFake Voices for AI-Based Voice Analysis and Detection/Dataset/S9M04/Fake/19.wav,1,MEN,MEN-S9M04,TG:f8229cad7945af39,-9.890625,1,0.4841666666666666,5.0644718e-05
mendeley/extracted/Bangla Audio Dataset Original and DeepFake Voices for AI-Based Voice Analysis and Detection/Dataset/S9M04/Fake/2.wav,1,MEN,MEN-S9M04,TG:9f5c75cf1e6d9913,-13.515625,1,0.3641666666666666,1.3497025e-06
mendeley/extracted/Bangla Audio Dataset Original and DeepFake Voices for AI-Based Voice Analysis and Detection/Dataset/S9M04/Fake/20.wav,1,MEN,MEN-S9M04,TG:0bf1b90fb03791fa,-14.359375,1,0.6208333333333333,5.805003e-07
mendeley/extracted/Bangla Audio Dataset Original and DeepFake Voices for AI-Based Voice Analysis and Detection/Dataset/S9M04/Fake/21.wav,1,MEN,MEN-S9M04,TG:70073d516c8e9f1d,8.2109375,1,0.5458333333333334,0.9997284
mendeley/extracted/Bangla Audio Dataset Original and DeepFake Voices for AI-Based Voice Analysis and Detection/Dataset/S9M04/Fake/22.wav,1,MEN,MEN-S9M04,TG:287fc53eca67ab9a,-4.8789062,1,0.5325,0.0075479234
mendeley/extracted/Bangla Audio Dataset Original and DeepFake Voices for AI-Based Voice Analysis and Detection/Dataset/S9M04/Fake/23.wav,1,MEN,MEN-S9M04,TG:b17d3c4f6988bf6a,-7.3671875,1,0.3541666666666666,0.0006312434
mendeley/extracted/Bangla Audio Dataset Original and DeepFake Voices for AI-Based Voice Analysis and Detection/Dataset/S9M04/Fake/24.wav,1,MEN,MEN-S9M04,TG:a6e0eae4bc3f847b,-13.3046875,1,0.5075000000000001,1.6666595e-06
mendeley/extracted/Bangla Audio Dataset Original and DeepFake Voices for AI-Based Voice Analysis and Detection/Dataset/S9M04/Fake/25.wav,1,MEN,MEN-S9M04,TG:6bab2734c92514f5,3.5683594,1,0.4825,0.9725715
mendeley/extracted/Bangla Audio Dataset Original and DeepFake Voices for AI-Based Voice Analysis and Detection/Dataset/S9M04/Fake/26.wav,1,MEN,MEN-S9M04,TG:ba75c4dd9af4fab6,-15.5859375,1,0.5008333333333334,1.7026026e-07
mendeley/extracted/Bangla Audio Dataset Original and DeepFake Voices for AI-Based Voice Analysis and Detection/Dataset/S9M04/Fake/27.wav,1,MEN,MEN-S9M04,TG:caa343756463e508,7.2421875,1,0.4625,0.9992848
mendeley/extracted/Bangla Audio Dataset Original and DeepFake Voices for AI-Based Voice Analysis and Detection/Dataset/S9M04/Fake/28.wav,1,MEN,MEN-S9M04,TG:b127dfcabbeceab8,-2.6777344,1,0.5191666666666667,0.06430005
mendeley/extracted/Bangla Audio Dataset Original and DeepFake Voices for AI-Based Voice Analysis and Detection/Dataset/S9M04/Fake/29.wav,1,MEN,MEN-S9M04,TG:eda0f06ce0d96a61,8.1328125,1,0.4975,0.9997063
mendeley/extracted/Bangla Audio Dataset Original and DeepFake Voices for AI-Based Voice Analysis and Detection/Dataset/S9M04/Fake/3.wav,1,MEN,MEN-S9M04,TG:48c5e1f63ac9492d,19.828125,1,0.5075000000000001,1.0
mendeley/extracted/Bangla Audio Dataset Original and DeepFake Voices for AI-Based Voice Analysis and Detection/Dataset/S9M04/Fake/30.wav,1,MEN,MEN-S9M04,TG:3ac4acc156291aa7,-5.1601562,1,0.3758333333333333,0.005708034
mendeley/extracted/Bangla Audio Dataset Original and DeepFake Voices for AI-Based Voice Analysis and Detection/Dataset/S9M04/Fake/4.wav,1,MEN,MEN-S9M04,TG:2d816275c7480a59,-11.7421875,1,0.3791666666666666,7.951139e-06
mendeley/extracted/Bangla Audio Dataset Original and DeepFake Voices for AI-Based Voice Analysis and Detection/Dataset/S9M04/Fake/5.wav,1,MEN,MEN-S9M04,TG:db854ce88524c221,2.8164062,1,0.4575,0.94355595
mendeley/extracted/Bangla Audio Dataset Original and DeepFake Voices for AI-Based Voice Analysis and Detection/Dataset/S9M04/Fake/6.wav,1,MEN,MEN-S9M04,TG:d4d0daa8b1ec3a55,-6.4882812,1,0.5341666666666667,0.0015188508
mendeley/extracted/Bangla Audio Dataset Original and DeepFake Voices for AI-Based Voice Analysis and Detection/Dataset/S9M04/Fake/7.wav,1,MEN,MEN-S9M04,TG:eb6e2f32cb4ca057,-8.078125,1,0.4575,0.000310156
mendeley/extracted/Bangla Audio Dataset Original and DeepFake Voices for AI-Based Voice Analysis and Detection/Dataset/S9M04/Fake/8.wav,1,MEN,MEN-S9M04,TG:9e752019d89d3c25,-10.75,1,0.5408333333333333,2.1444948e-05
mendeley/extracted/Bangla Audio Dataset Original and DeepFake Voices for AI-Based Voice Analysis and Detection/Dataset/S9M04/Fake/9.wav,1,MEN,MEN-S9M04,TG:9d764b1f65847a64,1.0332031,1,0.4675,0.73753643
mendeley/extracted/Bangla Audio Dataset Original and DeepFake Voices for AI-Based Voice Analysis and Detection/Dataset/S9M04/Real/1.wav,0,MEN,MEN-S9M04,TG:263ccbb0d9d4fa76,-29.140625,1,0.4341666666666667,2.2099748e-13
mendeley/extracted/Bangla Audio Dataset Original and DeepFake Voices for AI-Based Voice Analysis and Detection/Dataset/S9M04/Real/10.wav,0,MEN,MEN-S9M04,TG:3bfd340f76d8a679,-21.828125,1,0.3675,3.3125752e-10
mendeley/extracted/Bangla Audio Dataset Original and DeepFake Voices for AI-Based Voice Analysis and Detection/Dataset/S9M04/Real/11.wav,0,MEN,MEN-S9M04,TG:de90edc1089c941d,-24.46875,1,0.4841666666666666,2.3624188e-11
mendeley/extracted/Bangla Audio Dataset Original and DeepFake Voices for AI-Based Voice Analysis and Detection/Dataset/S9M04/Real/12.wav,0,MEN,MEN-S9M04,TG:a77af9be683053cc,-26.234375,1,0.5008333333333334,4.041622e-12
mendeley/extracted/Bangla Audio Dataset Original and DeepFake Voices for AI-Based Voice Analysis and Detection/Dataset/S9M04/Real/13.wav,0,MEN,MEN-S9M04,TG:d028db732b574cac,-19.90625,1,0.4841666666666666,2.2637345e-09
mendeley/extracted/Bangla Audio Dataset Original and DeepFake Voices for AI-Based Voice Analysis and Detection/Dataset/S9M04/Real/14.wav,0,MEN,MEN-S9M04,TG:4a3012311f6f989c,-28.9375,1,0.4508333333333333,2.707718e-13
mendeley/extracted/Bangla Audio Dataset Original and DeepFake Voices for AI-Based Voice Analysis and Detection/Dataset/S9M04/Real/15.wav,0,MEN,MEN-S9M04,TG:25961d92ff260806,-2.7929688,1,0.4175,0.057705317
mendeley/extracted/Bangla Audio Dataset Original and DeepFake Voices for AI-Based Voice Analysis and Detection/Dataset/S9M04/Real/16.wav,0,MEN,MEN-S9M04,TG:ad3b41d59e6fcb6e,-22.140625,1,0.4008333333333334,2.4235322e-10
mendeley/extracted/Bangla Audio Dataset Original and DeepFake Voices for AI-Based Voice Analysis and Detection/Dataset/S9M04/Real/17.wav,0,MEN,MEN-S9M04,TG:007c8f7195b13372,-23.90625,1,0.4175,4.146174e-11
mendeley/extracted/Bangla Audio Dataset Original and DeepFake Voices for AI-Based Voice Analysis and Detection/Dataset/S9M04/Real/18.wav,0,MEN,MEN-S9M04,TG:128b166adf03cd84,-17.96875,1,0.4508333333333333,1.571343e-08
mendeley/extracted/Bangla Audio Dataset Original and DeepFake Voices for AI-Based Voice Analysis and Detection/Dataset/S9M04/Real/19.wav,0,MEN,MEN-S9M04,TG:f8229cad7945af39,-18.859375,1,0.4675,6.4487793e-09
mendeley/extracted/Bangla Audio Dataset Original and DeepFake Voices for AI-Based Voice Analysis and Detection/Dataset/S9M04/Real/2.wav,0,MEN,MEN-S9M04,TG:9f5c75cf1e6d9913,-30.078125,1,0.4508333333333333,8.6543863e-14
mendeley/extracted/Bangla Audio Dataset Original and DeepFake Voices for AI-Based Voice Analysis and Detection/Dataset/S9M04/Real/20.wav,0,MEN,MEN-S9M04,TG:0bf1b90fb03791fa,-30.578125,1,0.4508333333333333,5.2491506e-14
mendeley/extracted/Bangla Audio Dataset Original and DeepFake Voices for AI-Based Voice Analysis and Detection/Dataset/S9M04/Real/21.wav,0,MEN,MEN-S9M04,TG:70073d516c8e9f1d,-15.296875,1,0.4841666666666666,2.2732723e-07
mendeley/extracted/Bangla Audio Dataset Original and DeepFake Voices for AI-Based Voice Analysis and Detection/Dataset/S9M04/Real/22.wav,0,MEN,MEN-S9M04,TG:287fc53eca67ab9a,-22.8125,1,0.3675,1.237819e-10
mendeley/extracted/Bangla Audio Dataset Original and DeepFake Voices for AI-Based Voice Analysis and Detection/Dataset/S9M04/Real/23.wav,0,MEN,MEN-S9M04,TG:b17d3c4f6988bf6a,-27.0625,1,0.4008333333333334,1.7656538e-12
mendeley/extracted/Bangla Audio Dataset Original and DeepFake Voices for AI-Based Voice Analysis and Detection/Dataset/S9M04/Real/24.wav,0,MEN,MEN-S9M04,TG:a6e0eae4bc3f847b,-31.375,1,0.4841666666666666,2.3659777e-14
mendeley/extracted/Bangla Audio Dataset Original and DeepFake Voices for AI-Based Voice Analysis and Detection/Dataset/S9M04/Real/25.wav,0,MEN,MEN-S9M04,TG:6bab2734c92514f5,-17.875,1,0.4508333333333333,1.7257827e-08
mendeley/extracted/Bangla Audio Dataset Original and DeepFake Voices for AI-Based Voice Analysis and Detection/Dataset/S9M04/Real/26.wav,0,MEN,MEN-S9M04,TG:ba75c4dd9af4fab6,-23.578125,1,0.5008333333333334,5.756393e-11
mendeley/extracted/Bangla Audio Dataset Original and DeepFake Voices for AI-Based Voice Analysis and Detection/Dataset/S9M04/Real/27.wav,0,MEN,MEN-S9M04,TG:caa343756463e508,-23.65625,1,0.4508333333333333,5.3237928e-11
mendeley/extracted/Bangla Audio Dataset Original and DeepFake Voices for AI-Based Voice Analysis and Detection/Dataset/S9M04/Real/28.wav,0,MEN,MEN-S9M04,TG:b127dfcabbeceab8,-27.265625,1,0.4508333333333333,1.4410848e-12
mendeley/extracted/Bangla Audio Dataset Original and DeepFake Voices for AI-Based Voice Analysis and Detection/Dataset/S9M04/Real/29.wav,0,MEN,MEN-S9M04,TG:eda0f06ce0d96a61,-24.265625,1,0.3841666666666666,2.894496e-11
mendeley/extracted/Bangla Audio Dataset Original and DeepFake Voices for AI-Based Voice Analysis and Detection/Dataset/S9M04/Real/3.wav,0,MEN,MEN-S9M04,TG:48c5e1f63ac9492d,-22.25,1,0.4675,2.17244e-10
mendeley/extracted/Bangla Audio Dataset Original and DeepFake Voices for AI-Based Voice Analysis and Detection/Dataset/S9M04/Real/30.wav,0,MEN,MEN-S9M04,TG:3ac4acc156291aa7,-30.328125,1,0.4341666666666667,6.740043e-14
mendeley/extracted/Bangla Audio Dataset Original and DeepFake Voices for AI-Based Voice Analysis and Detection/Dataset/S9M04/Real/4.wav,0,MEN,MEN-S9M04,TG:2d816275c7480a59,-25.109375,1,0.4508333333333333,1.2449072e-11
mendeley/extracted/Bangla Audio Dataset Original and DeepFake Voices for AI-Based Voice Analysis and Detection/Dataset/S9M04/Real/5.wav,0,MEN,MEN-S9M04,TG:db854ce88524c221,-7.15625,1,0.4341666666666667,0.00077936606
mendeley/extracted/Bangla Audio Dataset Original and DeepFake Voices for AI-Based Voice Analysis and Detection/Dataset/S9M04/Real/6.wav,0,MEN,MEN-S9M04,TG:d4d0daa8b1ec3a55,-25.546875,1,0.5341666666666667,8.037725e-12
mendeley/extracted/Bangla Audio Dataset Original and DeepFake Voices for AI-Based Voice Analysis and Detection/Dataset/S9M04/Real/7.wav,0,MEN,MEN-S9M04,TG:eb6e2f32cb4ca057,-28.421875,1,0.5175000000000001,4.534574e-13
mendeley/extracted/Bangla Audio Dataset Original and DeepFake Voices for AI-Based Voice Analysis and Detection/Dataset/S9M04/Real/8.wav,0,MEN,MEN-S9M04,TG:9e752019d89d3c25,-20.1875,1,0.4841666666666666,1.7087562e-09
mendeley/extracted/Bangla Audio Dataset Original and DeepFake Voices for AI-Based Voice Analysis and Detection/Dataset/S9M04/Real/9.wav,0,MEN,MEN-S9M04,TG:9d764b1f65847a64,-16.046875,1,0.4841666666666666,1.073818e-07
mendeley/extracted/Bangla Audio Dataset Original and DeepFake Voices for AI-Based Voice Analysis and Detection/Dataset/S9M05/Fake/1.wav,1,MEN,MEN-S9M05,TG:263ccbb0d9d4fa76,-14.4609375,1,0.3941666666666666,5.244383e-07
mendeley/extracted/Bangla Audio Dataset Original and DeepFake Voices for AI-Based Voice Analysis and Detection/Dataset/S9M05/Fake/10.wav,1,MEN,MEN-S9M05,TG:3bfd340f76d8a679,-12.25,1,0.2841666666666667,4.7850945e-06
mendeley/extracted/Bangla Audio Dataset Original and DeepFake Voices for AI-Based Voice Analysis and Detection/Dataset/S9M05/Fake/11.wav,1,MEN,MEN-S9M05,TG:de90edc1089c941d,-21.203125,1,0.4375,6.1887057e-10
mendeley/extracted/Bangla Audio Dataset Original and DeepFake Voices for AI-Based Voice Analysis and Detection/Dataset/S9M05/Fake/12.wav,1,MEN,MEN-S9M05,TG:a77af9be683053cc,-28.765625,1,0.5241666666666667,3.2154948e-13
mendeley/extracted/Bangla Audio Dataset Original and DeepFake Voices for AI-Based Voice Analysis and Detection/Dataset/S9M05/Fake/13.wav,1,MEN,MEN-S9M05,TG:d028db732b574cac,-20.734375,1,0.4858333333333333,9.889524e-10
mendeley/extracted/Bangla Audio Dataset Original and DeepFake Voices for AI-Based Voice Analysis and Detection/Dataset/S9M05/Fake/14.wav,1,MEN,MEN-S9M05,TG:4a3012311f6f989c,5.6835938,1,0.5541666666666667,0.9966102
mendeley/extracted/Bangla Audio Dataset Original and DeepFake Voices for AI-Based Voice Analysis and Detection/Dataset/S9M05/Fake/15.wav,1,MEN,MEN-S9M05,TG:25961d92ff260806,-3.5742188,1,0.3558333333333333,0.027272666
mendeley/extracted/Bangla Audio Dataset Original and DeepFake Voices for AI-Based Voice Analysis and Detection/Dataset/S9M05/Fake/16.wav,1,MEN,MEN-S9M05,TG:ad3b41d59e6fcb6e,-7.8242188,1,0.5058333333333334,0.00039977106
mendeley/extracted/Bangla Audio Dataset Original and DeepFake Voices for AI-Based Voice Analysis and Detection/Dataset/S9M05/Fake/17.wav,1,MEN,MEN-S9M05,TG:007c8f7195b13372,-20.734375,1,0.4608333333333333,9.889524e-10
mendeley/extracted/Bangla Audio Dataset Original and DeepFake Voices for AI-Based Voice Analysis and Detection/Dataset/S9M05/Fake/18.wav,1,MEN,MEN-S9M05,TG:128b166adf03cd84,-10.3984375,1,0.4875,3.0479145e-05
mendeley/extracted/Bangla Audio Dataset Original and DeepFake Voices for AI-Based Voice Analysis and Detection/Dataset/S9M05/Fake/19.wav,1,MEN,MEN-S9M05,TG:f8229cad7945af39,-14.0078125,1,0.5491666666666667,8.25057e-07
mendeley/extracted/Bangla Audio Dataset Original and DeepFake Voices for AI-Based Voice Analysis and Detection/Dataset/S9M05/Fake/2.wav,1,MEN,MEN-S9M05,TG:9f5c75cf1e6d9913,-18.828125,1,0.4475,6.6534853e-09
mendeley/extracted/Bangla Audio Dataset Original and DeepFake Voices for AI-Based Voice Analysis and Detection/Dataset/S9M05/Fake/20.wav,1,MEN,MEN-S9M05,TG:0bf1b90fb03791fa,-11.6015625,1,0.4858333333333333,9.151693e-06
mendeley/extracted/Bangla Audio Dataset Original and DeepFake Voices for AI-Based Voice Analysis and Detection/Dataset/S9M05/Fake/21.wav,1,MEN,MEN-S9M05,TG:70073d516c8e9f1d,2.2070312,1,0.5375,0.90087914
mendeley/extracted/Bangla Audio Dataset Original and DeepFake Voices for AI-Based Voice Analysis and Detection/Dataset/S9M05/Fake/22.wav,1,MEN,MEN-S9M05,TG:287fc53eca67ab9a,-10.3359375,1,0.4391666666666667,3.2444812e-05
mendeley/extracted/Bangla Audio Dataset Original and DeepFake Voices for AI-Based Voice Analysis and Detection/Dataset/S9M05/Fake/23.wav,1,MEN,MEN-S9M05,TG:b17d3c4f6988bf6a,0.6767578,1,0.3991666666666666,0.6630147
mendeley/extracted/Bangla Audio Dataset Original and DeepFake Voices for AI-Based Voice Analysis and Detection/Dataset/S9M05/Fake/24.wav,1,MEN,MEN-S9M05,TG:a6e0eae4bc3f847b,-17.40625,1,0.4575,2.7577933e-08
mendeley/extracted/Bangla Audio Dataset Original and DeepFake Voices for AI-Based Voice Analysis and Detection/Dataset/S9M05/Fake/25.wav,1,MEN,MEN-S9M05,TG:6bab2734c92514f5,-20.28125,1,0.4024999999999999,1.5558406e-09
mendeley/extracted/Bangla Audio Dataset Original and DeepFake Voices for AI-Based Voice Analysis and Detection/Dataset/S9M05/Fake/26.wav,1,MEN,MEN-S9M05,TG:ba75c4dd9af4fab6,-14.3671875,1,0.4975,5.759828e-07
mendeley/extracted/Bangla Audio Dataset Original and DeepFake Voices for AI-Based Voice Analysis and Detection/Dataset/S9M05/Fake/27.wav,1,MEN,MEN-S9M05,TG:caa343756463e508,-21.8125,1,0.3824999999999999,3.3647407e-10
mendeley/extracted/Bangla Audio Dataset Original and DeepFake Voices for AI-Based Voice Analysis and Detection/Dataset/S9M05/Fake/28.wav,1,MEN,MEN-S9M05,TG:b127dfcabbeceab8,-0.41625977,1,0.5608333333333333,0.3974121
mendeley/extracted/Bangla Audio Dataset Original and DeepFake Voices for AI-Based Voice Analysis and Detection/Dataset/S9M05/Fake/29.wav,1,MEN,MEN-S9M05,TG:eda0f06ce0d96a61,-6.2539062,1,0.3558333333333333,0.0019192374
mendeley/extracted/Bangla Audio Dataset Original and DeepFake Voices for AI-Based Voice Analysis and Detection/Dataset/S9M05/Fake/3.wav,1,MEN,MEN-S9M05,TG:48c5e1f63ac9492d,-26.390625,1,0.3808333333333333,3.4569825e-12
mendeley/extracted/Bangla Audio Dataset Original and DeepFake Voices for AI-Based Voice Analysis and Detection/Dataset/S9M05/Fake/30.wav,1,MEN,MEN-S9M05,TG:3ac4acc156291aa7,-7.359375,1,0.3341666666666666,0.0006361912
mendeley/extracted/Bangla Audio Dataset Original and DeepFake Voices for AI-Based Voice Analysis and Detection/Dataset/S9M05/Fake/4.wav,1,MEN,MEN-S9M05,TG:2d816275c7480a59,-3.5585938,1,0.3508333333333333,0.02769026
mendeley/extracted/Bangla Audio Dataset Original and DeepFake Voices for AI-Based Voice Analysis and Detection/Dataset/S9M05/Fake/5.wav,1,MEN,MEN-S9M05,TG:db854ce88524c221,-18.03125,1,0.4275,1.4761403e-08
mendeley/extracted/Bangla Audio Dataset Original and DeepFake Voices for AI-Based Voice Analysis and Detection/Dataset/S9M05/Fake/6.wav,1,MEN,MEN-S9M05,TG:d4d0daa8b1ec3a55,-2.1796875,1,0.5425,0.10158945
mendeley/extracted/Bangla Audio Dataset Original and DeepFake Voices for AI-Based Voice Analysis and Detection/Dataset/S9M05/Fake/7.wav,1,MEN,MEN-S9M05,TG:eb6e2f32cb4ca057,-2.6347656,1,0.5308333333333333,0.0669342
mendeley/extracted/Bangla Audio Dataset Original and DeepFake Voices for AI-Based Voice Analysis and Detection/Dataset/S9M05/Fake/8.wav,1,MEN,MEN-S9M05,TG:9e752019d89d3c25,-7.8007812,1,0.4175,0.00040924744
mendeley/extracted/Bangla Audio Dataset Original and DeepFake Voices for AI-Based Voice Analysis and Detection/Dataset/S9M05/Fake/9.wav,1,MEN,MEN-S9M05,TG:9d764b1f65847a64,-11.375,1,0.4358333333333333,1.1478767e-05
mendeley/extracted/Bangla Audio Dataset Original and DeepFake Voices for AI-Based Voice Analysis and Detection/Dataset/S9M05/Real/1.wav,0,MEN,MEN-S9M05,TG:263ccbb0d9d4fa76,-7.0742188,1,0.4175,0.0008459375
mendeley/extracted/Bangla Audio Dataset Original and DeepFake Voices for AI-Based Voice Analysis and Detection/Dataset/S9M05/Real/10.wav,0,MEN,MEN-S9M05,TG:3bfd340f76d8a679,0.31567383,1,0.4008333333333334,0.5782696
mendeley/extracted/Bangla Audio Dataset Original and DeepFake Voices for AI-Based Voice Analysis and Detection/Dataset/S9M05/Real/11.wav,0,MEN,MEN-S9M05,TG:de90edc1089c941d,-16.609375,1,0.4508333333333333,6.11843e-08
mendeley/extracted/Bangla Audio Dataset Original and DeepFake Voices for AI-Based Voice Analysis and Detection/Dataset/S9M05/Real/12.wav,0,MEN,MEN-S9M05,TG:a77af9be683053cc,1.2080078,1,0.5175000000000001,0.7699463
mendeley/extracted/Bangla Audio Dataset Original and DeepFake Voices for AI-Based Voice Analysis and Detection/Dataset/S9M05/Real/13.wav,0,MEN,MEN-S9M05,TG:d028db732b574cac,9.5546875,1,0.4175,0.9999292
mendeley/extracted/Bangla Audio Dataset Original and DeepFake Voices for AI-Based Voice Analysis and Detection/Dataset/S9M05/Real/14.wav,0,MEN,MEN-S9M05,TG:4a3012311f6f989c,-4.5273438,1,0.5341666666666667,0.010693758
mendeley/extracted/Bangla Audio Dataset Original and DeepFake Voices for AI-Based Voice Analysis and Detection/Dataset/S9M05/Real/15.wav,0,MEN,MEN-S9M05,TG:25961d92ff260806,10.6953125,1,0.3675,0.99997735
mendeley/extracted/Bangla Audio Dataset Original and DeepFake Voices for AI-Based Voice Analysis and Detection/Dataset/S9M05/Real/16.wav,0,MEN,MEN-S9M05,TG:ad3b41d59e6fcb6e,3.8320312,1,0.4841666666666666,0.97879386
mendeley/extracted/Bangla Audio Dataset Original and DeepFake Voices for AI-Based Voice Analysis and Detection/Dataset/S9M05/Real/17.wav,0,MEN,MEN-S9M05,TG:007c8f7195b13372,-15.3671875,1,0.5008333333333334,2.1189229e-07
mendeley/extracted/Bangla Audio Dataset Original and DeepFake Voices for AI-Based Voice Analysis and Detection/Dataset/S9M05/Real/18.wav,0,MEN,MEN-S9M05,TG:128b166adf03cd84,12.0390625,1,0.4841666666666666,0.99999404
mendeley/extracted/Bangla Audio Dataset Original and DeepFake Voices for AI-Based Voice Analysis and Detection/Dataset/S9M05/Real/19.wav,0,MEN,MEN-S9M05,TG:f8229cad7945af39,-22.5625,1,0.4175,1.5893911e-10
mendeley/extracted/Bangla Audio Dataset Original and DeepFake Voices for AI-Based Voice Analysis and Detection/Dataset/S9M05/Real/2.wav,0,MEN,MEN-S9M05,TG:9f5c75cf1e6d9913,-14.3828125,1,0.4341666666666667,5.67053e-07
mendeley/extracted/Bangla Audio Dataset Original and DeepFake Voices for AI-Based Voice Analysis and Detection/Dataset/S9M05/Real/20.wav,0,MEN,MEN-S9M05,TG:0bf1b90fb03791fa,-8.9765625,1,0.4175,0.00012632043
mendeley/extracted/Bangla Audio Dataset Original and DeepFake Voices for AI-Based Voice Analysis and Detection/Dataset/S9M05/Real/21.wav,0,MEN,MEN-S9M05,TG:70073d516c8e9f1d,-22.34375,1,0.4841666666666666,1.978029e-10
mendeley/extracted/Bangla Audio Dataset Original and DeepFake Voices for AI-Based Voice Analysis and Detection/Dataset/S9M05/Real/22.wav,0,MEN,MEN-S9M05,TG:287fc53eca67ab9a,-10.2578125,1,0.3841666666666666,3.5081117e-05
mendeley/extracted/Bangla Audio Dataset Original and DeepFake Voices for AI-Based Voice Analysis and Detection/Dataset/S9M05/Real/23.wav,0,MEN,MEN-S9M05,TG:b17d3c4f6988bf6a,-20.515625,1,0.3675,1.2307712e-09
mendeley/extracted/Bangla Audio Dataset Original and DeepFake Voices for AI-Based Voice Analysis and Detection/Dataset/S9M05/Real/24.wav,0,MEN,MEN-S9M05,TG:a6e0eae4bc3f847b,7.671875,1,0.4508333333333333,0.9995345
mendeley/extracted/Bangla Audio Dataset Original and DeepFake Voices for AI-Based Voice Analysis and Detection/Dataset/S9M05/Real/25.wav,0,MEN,MEN-S9M05,TG:6bab2734c92514f5,0.30615234,1,0.3841666666666666,0.5759458
mendeley/extracted/Bangla Audio Dataset Original and DeepFake Voices for AI-Based Voice Analysis and Detection/Dataset/S9M05/Real/26.wav,0,MEN,MEN-S9M05,TG:ba75c4dd9af4fab6,-2.8066406,1,0.4508333333333333,0.056966383
mendeley/extracted/Bangla Audio Dataset Original and DeepFake Voices for AI-Based Voice Analysis and Detection/Dataset/S9M05/Real/27.wav,0,MEN,MEN-S9M05,TG:caa343756463e508,2.8964844,1,0.3841666666666666,0.94767237
mendeley/extracted/Bangla Audio Dataset Original and DeepFake Voices for AI-Based Voice Analysis and Detection/Dataset/S9M05/Real/28.wav,0,MEN,MEN-S9M05,TG:b127dfcabbeceab8,-3.1445312,1,0.4341666666666667,0.041307304
mendeley/extracted/Bangla Audio Dataset Original and DeepFake Voices for AI-Based Voice Analysis and Detection/Dataset/S9M05/Real/29.wav,0,MEN,MEN-S9M05,TG:eda0f06ce0d96a61,-9.9765625,1,0.4675,4.6474393e-05
mendeley/extracted/Bangla Audio Dataset Original and DeepFake Voices for AI-Based Voice Analysis and Detection/Dataset/S9M05/Real/3.wav,0,MEN,MEN-S9M05,TG:48c5e1f63ac9492d,1.1298828,1,0.5008333333333334,0.7558173
mendeley/extracted/Bangla Audio Dataset Original and DeepFake Voices for AI-Based Voice Analysis and Detection/Dataset/S9M05/Real/30.wav,0,MEN,MEN-S9M05,TG:3ac4acc156291aa7,-5.1992188,1,0.3841666666666666,0.0054905633
mendeley/extracted/Bangla Audio Dataset Original and DeepFake Voices for AI-Based Voice Analysis and Detection/Dataset/S9M05/Real/4.wav,0,MEN,MEN-S9M05,TG:2d816275c7480a59,-6.8945312,1,0.4341666666666667,0.0010122862
mendeley/extracted/Bangla Audio Dataset Original and DeepFake Voices for AI-Based Voice Analysis and Detection/Dataset/S9M05/Real/5.wav,0,MEN,MEN-S9M05,TG:db854ce88524c221,-12.6484375,1,0.4841666666666666,3.2125654e-06
mendeley/extracted/Bangla Audio Dataset Original and DeepFake Voices for AI-Based Voice Analysis and Detection/Dataset/S9M05/Real/6.wav,0,MEN,MEN-S9M05,TG:d4d0daa8b1ec3a55,-11.9296875,1,0.6008333333333333,6.5917343e-06
mendeley/extracted/Bangla Audio Dataset Original and DeepFake Voices for AI-Based Voice Analysis and Detection/Dataset/S9M05/Real/7.wav,0,MEN,MEN-S9M05,TG:eb6e2f32cb4ca057,-9.359375,1,0.4175,8.6146516e-05
mendeley/extracted/Bangla Audio Dataset Original and DeepFake Voices for AI-Based Voice Analysis and Detection/Dataset/S9M05/Real/8.wav,0,MEN,MEN-S9M05,TG:9e752019d89d3c25,-9.4453125,1,0.5341666666666667,7.905304e-05
mendeley/extracted/Bangla Audio Dataset Original and DeepFake Voices for AI-Based Voice Analysis and Detection/Dataset/S9M05/Real/9.wav,0,MEN,MEN-S9M05,TG:9d764b1f65847a64,-5.5859375,1,0.4841666666666666,0.0037362205
