audio_path,label,dataset_id,speaker_id,text_group,score,n_windows,max_pad_fraction,prob_spoof
banglafake/extracted/final_data/deepfake_data_news/real_wav/0.wav,0,BF-NEWS,unknown,TG:4a368db51f13dc02,3.789772,2,0.0,0.9778987
banglafake/extracted/final_data/deepfake_data_news/real_wav/1.wav,0,BF-NEWS,unknown,TG:c4703ced0922fd5b,2.6615126,1,0.0608333333333332,0.93471706
banglafake/extracted/final_data/deepfake_data_news/real_wav/10.wav,0,BF-NEWS,unknown,TG:e3553f2f0e3abc2a,2.4848638,1,0.3808333333333333,0.9230738
banglafake/extracted/final_data/deepfake_data_news/real_wav/100.wav,0,BF-NEWS,unknown,TG:317addff904b171c,2.413533,1,0.1008333333333333,0.9178535
banglafake/extracted/final_data/deepfake_data_news/real_wav/101.wav,0,BF-NEWS,unknown,TG:9aa46f1325814a43,2.0910041,1,0.5708333333333333,0.89002573
banglafake/extracted/final_data/deepfake_data_news/real_wav/102.wav,0,BF-NEWS,unknown,TG:652a63a955754359,3.1105814,1,0.2258333333333333,0.9573272
banglafake/extracted/final_data/deepfake_data_news/real_wav/103.wav,0,BF-NEWS,unknown,TG:780c274e42b803ac,2.6425958,1,0.4458333333333333,0.93355316
banglafake/extracted/final_data/deepfake_data_news/real_wav/104.wav,0,BF-NEWS,unknown,TG:7f95bf27638ba090,2.3716786,1,0.1008333333333333,0.914642
banglafake/extracted/final_data/deepfake_data_news/real_wav/105.wav,0,BF-NEWS,unknown,TG:1b092ecddb1d3f12,3.2149436,1,0.5908333333333333,0.9613928
banglafake/extracted/final_data/deepfake_data_news/real_wav/106.wav,0,BF-NEWS,unknown,TG:f444bf51b1fc3982,4.1869297,1,0.2608333333333333,0.9850345
banglafake/extracted/final_data/deepfake_data_news/real_wav/107.wav,0,BF-NEWS,unknown,TG:f366d9a557d185be,2.6585422,1,0.1491666666666666,0.93453556
banglafake/extracted/final_data/deepfake_data_news/real_wav/108.wav,0,BF-NEWS,unknown,TG:71dac1bba366d73d,2.1980877,1,0.2341666666666666,0.9000777
banglafake/extracted/final_data/deepfake_data_news/real_wav/109.wav,0,BF-NEWS,unknown,TG:4db4574d669aa428,2.6338017,1,0.0191666666666666,0.9330055
banglafake/extracted/final_data/deepfake_data_news/real_wav/11.wav,0,BF-NEWS,unknown,TG:45cc2692948ce5e9,3.3375466,1,0.3108333333333333,0.96569467
banglafake/extracted/final_data/deepfake_data_news/real_wav/110.wav,0,BF-NEWS,unknown,TG:ddb8c175fe59cafb,2.5447721,1,0.4141666666666667,0.9272215
banglafake/extracted/final_data/deepfake_data_news/real_wav/111.wav,0,BF-NEWS,unknown,TG:0a3173ba1bb0b6cd,2.0628161,1,0.3508333333333333,0.8872362
banglafake/extracted/final_data/deepfake_data_news/real_wav/112.wav,0,BF-NEWS,unknown,TG:5e520bd387d7059c,2.9981472,1,0.3425,0.9524903
banglafake/extracted/final_data/deepfake_data_news/real_wav/113.wav,0,BF-NEWS,unknown,TG:06927c615a875c35,2.5339575,1,0.4941666666666666,0.92648834
banglafake/extracted/final_data/deepfake_data_news/real_wav/114.wav,0,BF-NEWS,unknown,TG:5da46958b8bd1e36,3.4001503,1,0.1341666666666666,0.96770924
banglafake/extracted/final_data/deepfake_data_news/real_wav/115.wav,0,BF-NEWS,unknown,TG:d63fe3cc6c44ff22,3.149686,1,0.2441666666666666,0.9588963
banglafake/extracted/final_data/deepfake_data_news/real_wav/116.wav,0,BF-NEWS,unknown,TG:047fb375970f6a79,3.4878547,1,0.1208333333333333,0.97034025
banglafake/extracted/final_data/deepfake_data_news/real_wav/117.wav,0,BF-NEWS,unknown,TG:34ed16b6c431d70a,2.2219572,1,0.2025,0.902204
banglafake/extracted/final_data/deepfake_data_news/real_wav/118.wav,0,BF-NEWS,unknown,TG:6d917f9138ec5c24,3.5201507,2,0.0,0.97125566
banglafake/extracted/final_data/deepfake_data_news/real_wav/119.wav,0,BF-NEWS,unknown,TG:cca2b27b9916a2a3,4.3405027,2,0.0,0.9871377
banglafake/extracted/final_data/deepfake_data_news/real_wav/12.wav,0,BF-NEWS,unknown,TG:66a52e67b1242176,2.1034036,1,0.1075,0.8912335
banglafake/extracted/final_data/deepfake_data_news/real_wav/120.wav,0,BF-NEWS,unknown,TG:cc34702f5608985f,1.0447186,1,0.1941666666666667,0.73975945
banglafake/extracted/final_data/deepfake_data_news/real_wav/121.wav,0,BF-NEWS,unknown,TG:b2c87465fd88777f,2.693857,1,0.2025,0.93666315
banglafake/extracted/final_data/deepfake_data_news/real_wav/122.wav,0,BF-NEWS,unknown,TG:e2dc09898b336c77,2.4496758,1,0.2208333333333333,0.9205377
banglafake/extracted/final_data/deepfake_data_news/real_wav/123.wav,0,BF-NEWS,unknown,TG:aba6e5dffce0c24c,3.1966553,1,0.2175,0.9607082
banglafake/extracted/final_data/deepfake_data_news/real_wav/124.wav,0,BF-NEWS,unknown,TG:7318305d4261c37f,1.9630274,1,0.4058333333333334,0.87686026
banglafake/extracted/final_data/deepfake_data_news/real_wav/125.wav,0,BF-NEWS,unknown,TG:b0578ff263c96204,2.5527358,2,0.0,0.9277571
banglafake/extracted/final_data/deepfake_data_news/real_wav/126.wav,0,BF-NEWS,unknown,TG:beceb16ddadb4a7c,2.7123623,1,0.3491666666666666,0.9377522
banglafake/extracted/final_data/deepfake_data_news/real_wav/127.wav,0,BF-NEWS,unknown,TG:d718eaa0d079dc64,2.1696358,1,0.1791666666666667,0.8974895
banglafake/extracted/final_data/deepfake_data_news/real_wav/128.wav,0,BF-NEWS,unknown,TG:56861e7015861f80,2.3405342,1,0.2025,0.91217893
banglafake/extracted/final_data/deepfake_data_news/real_wav/129.wav,0,BF-NEWS,unknown,TG:5474d33bb1998586,2.878661,1,0.2674999999999999,0.9467814
banglafake/extracted/final_data/deepfake_data_news/real_wav/13.wav,0,BF-NEWS,unknown,TG:59560cdacd5bafbe,2.8353548,1,0.2091666666666666,0.9445567
banglafake/extracted/final_data/deepfake_data_news/real_wav/130.wav,0,BF-NEWS,unknown,TG:79878e6d300f4a93,3.6465003,1,0.1158333333333333,0.9745807
banglafake/extracted/final_data/deepfake_data_news/real_wav/131.wav,0,BF-NEWS,unknown,TG:560f48187c1e2a8c,3.0954635,1,0.2258333333333333,0.9567053
banglafake/extracted/final_data/deepfake_data_news/real_wav/132.wav,0,BF-NEWS,unknown,TG:d046195fb1226564,3.2024627,1,0.3658333333333333,0.96092683
banglafake/extracted/final_data/deepfake_data_news/real_wav/133.wav,0,BF-NEWS,unknown,TG:d79ab303408179ac,2.8005934,1,0.0691666666666667,0.9427079
banglafake/extracted/final_data/deepfake_data_news/real_wav/134.wav,0,BF-NEWS,unknown,TG:749e853d0855d0c3,3.0407014,1,0.2941666666666667,0.9543794
banglafake/extracted/final_data/deepfake_data_news/real_wav/135.wav,0,BF-NEWS,unknown,TG:1bf3d355cd9fb336,2.0652337,1,0.6041666666666667,0.88747793
banglafake/extracted/final_data/deepfake_data_news/real_wav/136.wav,0,BF-NEWS,unknown,TG:13492755796b3e3d,2.4177318,1,0.2908333333333334,0.91816956
banglafake/extracted/final_data/deepfake_data_news/real_wav/137.wav,0,BF-NEWS,unknown,TG:f60900110a170f72,5.671083,1,0.1674999999999999,0.9965677
banglafake/extracted/final_data/deepfake_data_news/real_wav/138.wav,0,BF-NEWS,unknown,TG:e39a339d6b9d3e42,3.2625463,1,0.5008333333333334,0.96312135
banglafake/extracted/final_data/deepfake_data_news/real_wav/139.wav,0,BF-NEWS,unknown,TG:4920ad37db66131f,2.1121478,1,0.4825,0.8920783
banglafake/extracted/final_data/deepfake_data_news/real_wav/14.wav,0,BF-NEWS,unknown,TG:fd241917602a327e,4.0091734,1,0.3225,0.98217505
banglafake/extracted/final_data/deepfake_data_news/real_wav/140.wav,0,BF-NEWS,unknown,TG:5b244426471fff90,3.0142446,1,0.2325,0.9532135
banglafake/extracted/final_data/deepfake_data_news/real_wav/141.wav,0,BF-NEWS,unknown,TG:2b15c3c5e1b6468e,3.0854616,1,0.4575,0.9562891
banglafake/extracted/final_data/deepfake_data_news/real_wav/142.wav,0,BF-NEWS,unknown,TG:ec856f54575524eb,0.7408324,1,0.8375,0.67717785
banglafake/extracted/final_data/deepfake_data_news/real_wav/143.wav,0,BF-NEWS,unknown,TG:4fd57f3c2da8a3f4,2.1927595,1,0.3141666666666667,0.8995974
banglafake/extracted/final_data/deepfake_data_news/real_wav/144.wav,0,BF-NEWS,unknown,TG:3a8ff6e801e909cb,2.9401095,1,0.5425,0.949794
banglafake/extracted/final_data/deepfake_data_news/real_wav/145.wav,0,BF-NEWS,unknown,TG:71b2ed1ec158b9b3,2.7987409,1,0.3708333333333333,0.9426078
banglafake/extracted/final_data/deepfake_data_news/real_wav/146.wav,0,BF-NEWS,unknown,TG:fbab3ef9ed9e8bf7,2.9813206,1,0.1958333333333333,0.9517231
banglafake/extracted/final_data/deepfake_data_news/real_wav/147.wav,0,BF-NEWS,unknown,TG:d1fd3d53284120e3,3.2866328,1,0.1725,0.9639674
banglafake/extracted/final_data/deepfake_data_news/real_wav/148.wav,0,BF-NEWS,unknown,TG:e727abe302d6c229,3.14591,1,0.2808333333333334,0.95874727
banglafake/extracted/final_data/deepfake_data_news/real_wav/149.wav,0,BF-NEWS,unknown,TG:bae7daa25b93ca8e,2.542653,1,0.2075,0.9270784
banglafake/extracted/final_data/deepfake_data_news/real_wav/15.wav,0,BF-NEWS,unknown,TG:206ddd5b083712ae,2.6768765,1,0.0941666666666666,0.93564826
banglafake/extracted/final_data/deepfake_data_news/real_wav/150.wav,0,BF-NEWS,unknown,TG:58bf56d1368c9a6e,1.0581405,1,0.6074999999999999,0.742335
banglafake/extracted/final_data/deepfake_data_news/real_wav/151.wav,0,BF-NEWS,unknown,TG:281cbf69a3b03cf0,1.5980592,1,0.7375,0.83174694
banglafake/extracted/final_data/deepfake_data_news/real_wav/152.wav,0,BF-NEWS,unknown,TG:0ea0c6250df79eab,1.3317244,1,0.5491666666666667,0.7911257
banglafake/extracted/final_data/deepfake_data_news/real_wav/153.wav,0,BF-NEWS,unknown,TG:385abbd2ee7f7770,2.48106,1,0.1258333333333333,0.92280334
banglafake/extracted/final_data/deepfake_data_news/real_wav/154.wav,0,BF-NEWS,unknown,TG:a7f8284392689bd1,4.3868995,1,0.3475,0.9877136
banglafake/extracted/final_data/deepfake_data_news/real_wav/155.wav,0,BF-NEWS,unknown,TG:9aeb85add405da1c,3.0238602,1,0.4108333333333334,0.9536405
banglafake/extracted/final_data/deepfake_data_news/real_wav/156.wav,0,BF-NEWS,unknown,TG:c5892d4d8b8ef3b4,1.9493811,1,0.6275,0.87537915
banglafake/extracted/final_data/deepfake_data_news/real_wav/157.wav,0,BF-NEWS,unknown,TG:dce031851afffe45,1.522001,1,0.7741666666666667,0.8208329
banglafake/extracted/final_data/deepfake_data_news/real_wav/158.wav,0,BF-NEWS,unknown,TG:1629b446f9856a57,3.439344,1,0.2641666666666666,0.9689117
banglafake/extracted/final_data/deepfake_data_news/real_wav/159.wav,0,BF-NEWS,unknown,TG:2c1116d21176ef29,1.2755005,1,0.8108333333333333,0.7816829
banglafake/extracted/final_data/deepfake_data_news/real_wav/16.wav,0,BF-NEWS,unknown,TG:90af051636eea78d,2.8454967,1,0.0508333333333332,0.94508547
banglafake/extracted/final_data/deepfake_data_news/real_wav/160.wav,0,BF-NEWS,unknown,TG:65338e88af01b020,2.4943023,1,0.5191666666666667,0.92374146
banglafake/extracted/final_data/deepfake_data_news/real_wav/161.wav,0,BF-NEWS,unknown,TG:d4dea6be02dea182,3.4892182,1,0.6108333333333333,0.9703794
banglafake/extracted/final_data/deepfake_data_news/real_wav/162.wav,0,BF-NEWS,unknown,TG:96bc4554eae3fde5,3.299792,1,0.2508333333333333,0.96442163
banglafake/extracted/final_data/deepfake_data_news/real_wav/163.wav,0,BF-NEWS,unknown,TG:2d2d29d2f227fb31,2.6722345,1,0.3025,0.93536824
banglafake/extracted/final_data/deepfake_data_news/real_wav/164.wav,0,BF-NEWS,unknown,TG:5fee74e709be1ac3,2.1482353,1,0.2141666666666666,0.89550376
banglafake/extracted/final_data/deepfake_data_news/real_wav/165.wav,0,BF-NEWS,unknown,TG:c19a98a4354fa454,2.7263868,1,0.2408333333333333,0.93856585
banglafake/extracted/final_data/deepfake_data_news/real_wav/166.wav,0,BF-NEWS,unknown,TG:e31c0e9ce685c217,2.584983,1,0.4491666666666667,0.92988884
banglafake/extracted/final_data/deepfake_data_news/real_wav/167.wav,0,BF-NEWS,unknown,TG:86c1168f4710c5eb,3.2781625,1,0.1391666666666666,0.96367204
banglafake/extracted/final_data/deepfake_data_news/real_wav/168.wav,0,BF-NEWS,unknown,TG:f18aaf0965d1365d,3.5988665,1,0.5191666666666667,0.97337365
banglafake/extracted/final_data/deepfake_data_news/real_wav/169.wav,0,BF-NEWS,unknown,TG:0a919f20385562ec,3.0874245,1,0.1591666666666666,0.95637107
banglafake/extracted/final_data/deepfake_data_news/real_wav/17.wav,0,BF-NEWS,unknown,TG:b1c395992875beb0,2.111104,1,0.1741666666666667,0.8919777
banglafake/extracted/final_data/deepfake_data_news/real_wav/170.wav,0,BF-NEWS,unknown,TG:4b43f63d0af38bae,3.6666448,1,0.3408333333333333,0.97507507
banglafake/extracted/final_data/deepfake_data_news/real_wav/171.wav,0,BF-NEWS,unknown,TG:8a6349bf93eec85b,3.3756886,1,0.6441666666666667,0.966936
banglafake/extracted/final_data/deepfake_data_news/real_wav/172.wav,0,BF-NEWS,unknown,TG:22f469ff4f46bd61,2.698171,1,0.3958333333333333,0.9369186
banglafake/extracted/final_data/deepfake_data_news/real_wav/173.wav,0,BF-NEWS,unknown,TG:67a86464226dd4da,2.7035954,1,0.3241666666666667,0.9372385
banglafake/extracted/final_data/deepfake_data_news/real_wav/174.wav,0,BF-NEWS,unknown,TG:37a93389feb76e90,1.961569,1,0.3541666666666666,0.8767026
banglafake/extracted/final_data/deepfake_data_news/real_wav/175.wav,0,BF-NEWS,unknown,TG:1a59857232fb95ce,4.17862,1,0.1658333333333334,0.98491156
banglafake/extracted/final_data/deepfake_data_news/real_wav/176.wav,0,BF-NEWS,unknown,TG:0f28771051a4178f,2.335011,1,0.0241666666666666,0.9117355
banglafake/extracted/final_data/deepfake_data_news/real_wav/177.wav,0,BF-NEWS,unknown,TG:4eb02f21931ff480,3.0121012,1,0.1758333333333332,0.9531178
banglafake/extracted/final_data/deepfake_data_news/real_wav/178.wav,0,BF-NEWS,unknown,TG:692dd7a6cd9019c6,2.3824594,1,0.0391666666666666,0.91547996
banglafake/extracted/final_data/deepfake_data_news/real_wav/179.wav,0,BF-NEWS,unknown,TG:060c0bbd16770da3,1.5670407,1,0.6508333333333334,0.8273613
banglafake/extracted/final_data/deepfake_data_news/real_wav/18.wav,0,BF-NEWS,unknown,TG:f3a25e0af8e8c2e5,3.075058,1,0.2524999999999999,0.95585215
banglafake/extracted/final_data/deepfake_data_news/real_wav/180.wav,0,BF-NEWS,unknown,TG:66e57867e4f2500a,3.2757387,1,0.4091666666666667,0.96358705
banglafake/extracted/final_data/deepfake_data_news/real_wav/181.wav,0,BF-NEWS,unknown,TG:efc6d6cf6f88969d,3.6335626,1,0.0708333333333333,0.97425824
banglafake/extracted/final_data/deepfake_data_news/real_wav/182.wav,0,BF-NEWS,unknown,TG:e43a6c40a1943c92,2.088617,1,0.7591666666666667,0.88979185
banglafake/extracted/final_data/deepfake_data_news/real_wav/183.wav,0,BF-NEWS,unknown,TG:99afe3afac79bd4d,2.3677719,1,0.5525,0.91433656
banglafake/extracted/final_data/deepfake_data_news/real_wav/184.wav,0,BF-NEWS,unknown,TG:f5f99ec67675d210,2.948934,2,0.0,0.950213
banglafake/extracted/final_data/deepfake_data_news/real_wav/185.wav,0,BF-NEWS,unknown,TG:de3a5c75b79aea47,2.9732351,1,0.4558333333333333,0.9513503
banglafake/extracted/final_data/deepfake_data_news/real_wav/186.wav,0,BF-NEWS,unknown,TG:6ab749dd52dd4e37,3.338373,1,0.1941666666666667,0.965722
banglafake/extracted/final_data/deepfake_data_news/real_wav/187.wav,0,BF-NEWS,unknown,TG:376f640c32eacf09,3.3428748,1,0.6591666666666667,0.9658708
banglafake/extracted/final_data/deepfake_data_news/real_wav/188.wav,0,BF-NEWS,unknown,TG:f501a83c59da7215,3.0577786,1,0.4441666666666667,0.95511717
banglafake/extracted/final_data/deepfake_data_news/real_wav/189.wav,0,BF-NEWS,unknown,TG:523ea95924eb9642,2.7912364,1,0.3275,0.9422004
banglafake/extracted/final_data/deepfake_data_news/real_wav/19.wav,0,BF-NEWS,unknown,TG:e3cf419379718a55,3.074078,1,0.2441666666666666,0.9558107
banglafake/extracted/final_data/deepfake_data_news/real_wav/190.wav,0,BF-NEWS,unknown,TG:48cd4a3fd307cb3c,2.593249,1,0.4024999999999999,0.9304259
banglafake/extracted/final_data/deepfake_data_news/real_wav/191.wav,0,BF-NEWS,unknown,TG:bcafbb29c840d7dd,3.066233,1,0.6725,0.95547813
banglafake/extracted/final_data/deepfake_data_news/real_wav/192.wav,0,BF-NEWS,unknown,TG:f5c9a0a06766f7d6,1.7143707,1,0.7741666666666667,0.84740233
banglafake/extracted/final_data/deepfake_data_news/real_wav/193.wav,0,BF-NEWS,unknown,TG:dd909eae3c18b22a,3.560429,1,0.1075,0.9723591
banglafake/extracted/final_data/deepfake_data_news/real_wav/194.wav,0,BF-NEWS,unknown,TG:6d936d054beb6cb7,3.5703,1,0.4508333333333333,0.9726231
banglafake/extracted/final_data/deepfake_data_news/real_wav/195.wav,0,BF-NEWS,unknown,TG:7dffa66bff4c439d,2.1549249,1,0.6875,0.89612806
banglafake/extracted/final_data/deepfake_data_news/real_wav/196.wav,0,BF-NEWS,unknown,TG:16a6eb455558fd95,0.23954014,1,0.2574999999999999,0.5596003
banglafake/extracted/final_data/deepfake_data_news/real_wav/197.wav,0,BF-NEWS,unknown,TG:3aa7096fe3556081,3.8022535,2,0.0,0.97816694
banglafake/extracted/final_data/deepfake_data_news/real_wav/198.wav,0,BF-NEWS,unknown,TG:793d0eff49619d32,2.1348677,1,0.4925,0.8942462
banglafake/extracted/final_data/deepfake_data_news/real_wav/199.wav,0,BF-NEWS,unknown,TG:4dcc8ef7fd1510a2,3.1920693,1,0.1308333333333333,0.9605347
banglafake/extracted/final_data/deepfake_data_news/real_wav/2.wav,0,BF-NEWS,unknown,TG:1982d944be70c3da,2.355965,1,0.2308333333333333,0.91340715
banglafake/extracted/final_data/deepfake_data_news/real_wav/20.wav,0,BF-NEWS,unknown,TG:dce79b89ff306d0e,3.0490563,1,0.3708333333333333,0.9547417
banglafake/extracted/final_data/deepfake_data_news/real_wav/200.wav,0,BF-NEWS,unknown,TG:9afa975ec092d66b,4.1562324,6,0.0,0.98457515
banglafake/extracted/final_data/deepfake_data_news/real_wav/201.wav,0,BF-NEWS,unknown,TG:bbce64b8d0d935ac,2.791122,2,0.0,0.94219416
banglafake/extracted/final_data/deepfake_data_news/real_wav/202.wav,0,BF-NEWS,unknown,TG:d5ffafab69e49c21,2.862779,1,0.0524999999999999,0.9459755
banglafake/extracted/final_data/deepfake_data_news/real_wav/203.wav,0,BF-NEWS,unknown,TG:7b8779a0ed56167f,2.620859,1,0.3591666666666666,0.932192
banglafake/extracted/final_data/deepfake_data_news/real_wav/204.wav,0,BF-NEWS,unknown,TG:25eaba7e4e97d012,0.9883241,1,0.7058333333333333,0.7287568
banglafake/extracted/final_data/deepfake_data_news/real_wav/205.wav,0,BF-NEWS,unknown,TG:97e075ac7efa1383,2.7055566,2,0.0,0.93735373
banglafake/extracted/final_data/deepfake_data_news/real_wav/206.wav,0,BF-NEWS,unknown,TG:a5edab57eceb6985,2.28778,1,0.0391666666666666,0.90785986
banglafake/extracted/final_data/deepfake_data_news/real_wav/207.wav,0,BF-NEWS,unknown,TG:f9aada5659cbf127,3.5903363,1,0.4191666666666667,0.9731516
banglafake/extracted/final_data/deepfake_data_news/real_wav/208.wav,0,BF-NEWS,unknown,TG:a51c0845be238c24,2.1212566,1,0.2524999999999999,0.8929521
banglafake/extracted/final_data/deepfake_data_news/real_wav/209.wav,0,BF-NEWS,unknown,TG:c0e662d1bbbe3e4e,3.1407185,1,0.4208333333333333,0.9585414
banglafake/extracted/final_data/deepfake_data_news/real_wav/21.wav,0,BF-NEWS,unknown,TG:6a44ac8de5610de6,2.6329474,1,0.1908333333333333,0.9329522
banglafake/extracted/final_data/deepfake_data_news/real_wav/210.wav,0,BF-NEWS,unknown,TG:c4a14c30a7e32335,2.8439348,1,0.1258333333333333,0.94500434
banglafake/extracted/final_data/deepfake_data_news/real_wav/211.wav,0,BF-NEWS,unknown,TG:dff95af9856bfa64,3.4782078,1,0.3691666666666666,0.9700613
banglafake/extracted/final_data/deepfake_data_news/real_wav/212.wav,0,BF-NEWS,unknown,TG:99812166003035ab,3.0988095,1,0.6925,0.9568436
banglafake/extracted/final_data/deepfake_data_news/real_wav/213.wav,0,BF-NEWS,unknown,TG:662377dd1d89812a,2.9923193,1,0.0508333333333332,0.952226
banglafake/extracted/final_data/deepfake_data_news/real_wav/214.wav,0,BF-NEWS,unknown,TG:92630275b87c3cf2,2.0868952,1,0.5325,0.8896229
banglafake/extracted/final_data/deepfake_data_news/real_wav/215.wav,0,BF-NEWS,unknown,TG:a44fa5fe55bccc4d,2.4569767,1,0.1075,0.92107016
banglafake/extracted/final_data/deepfake_data_news/real_wav/216.wav,0,BF-NEWS,unknown,TG:f9fccda5e3de4b30,2.3859215,1,0.3591666666666666,0.9157474
banglafake/extracted/final_data/deepfake_data_news/real_wav/217.wav,0,BF-NEWS,unknown,TG:905e8513a233d4a9,3.314577,1,0.3375,0.9649255
banglafake/extracted/final_data/deepfake_data_news/real_wav/218.wav,0,BF-NEWS,unknown,TG:91d8ac50836ff881,3.7578855,1,0.4075,0.97719896
banglafake/extracted/final_data/deepfake_data_news/real_wav/219.wav,0,BF-NEWS,unknown,TG:2093f8af852bc6d8,3.857094,1,0.4291666666666667,0.97930783
banglafake/extracted/final_data/deepfake_data_news/real_wav/22.wav,0,BF-NEWS,unknown,TG:606091bddeb56af0,2.234976,1,0.3908333333333333,0.9033468
banglafake/extracted/final_data/deepfake_data_news/real_wav/220.wav,0,BF-NEWS,unknown,TG:1dc655e3d214ec59,3.1440473,1,0.0224999999999999,0.95867354
banglafake/extracted/final_data/deepfake_data_news/real_wav/221.wav,0,BF-NEWS,unknown,TG:f49c12809c7fca61,2.182095,1,0.4241666666666667,0.89863014
banglafake/extracted/final_data/deepfake_data_news/real_wav/222.wav,0,BF-NEWS,unknown,TG:d375a05ed87035d2,3.9384668,1,0.2158333333333333,0.9808941
banglafake/extracted/final_data/deepfake_data_news/real_wav/223.wav,0,BF-NEWS,unknown,TG:fbf9f2c857bc0620,2.2724476,1,0.2791666666666667,0.9065693
banglafake/extracted/final_data/deepfake_data_news/real_wav/224.wav,0,BF-NEWS,unknown,TG:55f1428bc8697bba,3.13041,1,0.3308333333333333,0.9581299
banglafake/extracted/final_data/deepfake_data_news/real_wav/225.wav,0,BF-NEWS,unknown,TG:a587c6dae572284a,-3.3574383,1,0.1241666666666666,0.03365243
banglafake/extracted/final_data/deepfake_data_news/real_wav/226.wav,0,BF-NEWS,unknown,TG:ef5c7241e1c05ae8,3.9176695,1,0.2058333333333333,0.98050034
banglafake/extracted/final_data/deepfake_data_news/real_wav/227.wav,0,BF-NEWS,unknown,TG:dd9a37eb263cc6b1,3.912594,1,0.4641666666666666,0.9804032
banglafake/extracted/final_data/deepfake_data_news/real_wav/228.wav,0,BF-NEWS,unknown,TG:517f0eefbad24cbc,2.8273354,1,0.3891666666666666,0.9441352
banglafake/extracted/final_data/deepfake_data_news/real_wav/229.wav,0,BF-NEWS,unknown,TG:8004588e2ec61464,2.2995782,1,0.5441666666666667,0.9088421
banglafake/extracted/final_data/deepfake_data_news/real_wav/23.wav,0,BF-NEWS,unknown,TG:477d7f99819e434b,2.5945334,1,0.1641666666666666,0.930509
banglafake/extracted/final_data/deepfake_data_news/real_wav/230.wav,0,BF-NEWS,unknown,TG:ba46bf22ad1d2662,1.667808,1,0.1125,0.8412834
banglafake/extracted/final_data/deepfake_data_news/real_wav/231.wav,0,BF-NEWS,unknown,TG:6073060695853b69,3.8338447,1,0.4825,0.97883147
banglafake/extracted/final_data/deepfake_data_news/real_wav/232.wav,0,BF-NEWS,unknown,TG:444ecacbd38eaaa9,2.332768,1,0.2241666666666666,0.91155475
banglafake/extracted/final_data/deepfake_data_news/real_wav/233.wav,0,BF-NEWS,unknown,TG:1815d47425e4c0e5,3.1682634,1,0.1191666666666666,0.9596224
banglafake/extracted/final_data/deepfake_data_news/real_wav/234.wav,0,BF-NEWS,unknown,TG:6c9825cc24b4d588,2.810575,1,0.4608333333333333,0.9432446
banglafake/extracted/final_data/deepfake_data_news/real_wav/235.wav,0,BF-NEWS,unknown,TG:352da4ec213fa41c,2.9265451,1,0.2125,0.9491432
banglafake/extracted/final_data/deepfake_data_news/real_wav/236.wav,0,BF-NEWS,unknown,TG:9e1579c20a572562,3.5216103,1,0.2908333333333334,0.97129637
banglafake/extracted/final_data/deepfake_data_news/real_wav/237.wav,0,BF-NEWS,unknown,TG:e423da243f5679a7,1.6791799,1,0.5841666666666667,0.8427959
banglafake/extracted/final_data/deepfake_data_news/real_wav/238.wav,0,BF-NEWS,unknown,TG:bcef44fcf717d255,3.0013165,1,0.0024999999999999,0.95263356
banglafake/extracted/final_data/deepfake_data_news/real_wav/239.wav,0,BF-NEWS,unknown,TG:c0465f44dad66445,2.2260122,1,0.3025,0.90256125
banglafake/extracted/final_data/deepfake_data_news/real_wav/24.wav,0,BF-NEWS,unknown,TG:9a5d7f1ccac2f3af,3.3915474,1,0.4841666666666666,0.9674393
banglafake/extracted/final_data/deepfake_data_news/real_wav/240.wav,0,BF-NEWS,unknown,TG:f74feaa362fed6ba,2.101999,1,0.4325,0.8910973
banglafake/extracted/final_data/deepfake_data_news/real_wav/241.wav,0,BF-NEWS,unknown,TG:730a72cdf209d08e,2.5096025,1,0.0925,0.9248123
banglafake/extracted/final_data/deepfake_data_news/real_wav/242.wav,0,BF-NEWS,unknown,TG:3ad2a2dd4cf6c945,2.593054,1,0.6408333333333334,0.9304132
banglafake/extracted/final_data/deepfake_data_news/real_wav/243.wav,0,BF-NEWS,unknown,TG:4e2e91ef1d5fe17d,3.1213586,1,0.1658333333333334,0.9577652
banglafake/extracted/final_data/deepfake_data_news/real_wav/244.wav,0,BF-NEWS,unknown,TG:edf87d912a258a4c,2.806831,1,0.2208333333333333,0.9430438
banglafake/extracted/final_data/deepfake_data_news/real_wav/245.wav,0,BF-NEWS,unknown,TG:d4659d11cde6ef5c,3.3852386,1,0.0725,0.96724004
banglafake/extracted/final_data/deepfake_data_news/real_wav/246.wav,0,BF-NEWS,unknown,TG:f96cfdf8cf79f867,2.8544116,1,0.4575,0.9455463
banglafake/extracted/final_data/deepfake_data_news/real_wav/247.wav,0,BF-NEWS,unknown,TG:273d152e54aef6fb,3.434372,1,0.0641666666666667,0.9687617
banglafake/extracted/final_data/deepfake_data_news/real_wav/248.wav,0,BF-NEWS,unknown,TG:f2daa04f4e8c4f6e,2.4566283,1,0.5225,0.9210448
banglafake/extracted/final_data/deepfake_data_news/real_wav/249.wav,0,BF-NEWS,unknown,TG:ff94208a59301428,3.52003,1,0.2941666666666667,0.9712523
banglafake/extracted/final_data/deepfake_data_news/real_wav/25.wav,0,BF-NEWS,unknown,TG:ce4e4a34bba58651,2.6438756,1,0.2558333333333333,0.93363255
banglafake/extracted/final_data/deepfake_data_news/real_wav/250.wav,0,BF-NEWS,unknown,TG:198e00f031e3c79c,2.5541306,1,0.2041666666666667,0.9278505
banglafake/extracted/final_data/deepfake_data_news/real_wav/251.wav,0,BF-NEWS,unknown,TG:1c65772f06e46d32,1.8176279,1,0.3741666666666666,0.8602813
banglafake/extracted/final_data/deepfake_data_news/real_wav/252.wav,0,BF-NEWS,unknown,TG:aebee0ce7e3ad1f1,2.1554232,1,0.2541666666666666,0.8961745
banglafake/extracted/final_data/deepfake_data_news/real_wav/253.wav,0,BF-NEWS,unknown,TG:b75d38ee79f75861,3.2349172,1,0.4458333333333333,0.9621273
banglafake/extracted/final_data/deepfake_data_news/real_wav/254.wav,0,BF-NEWS,unknown,TG:4dd58f0bbc11e825,2.9398208,2,0.0,0.9497802
banglafake/extracted/final_data/deepfake_data_news/real_wav/255.wav,0,BF-NEWS,unknown,TG:f9fcf8ae2a8348f9,1.9346852,1,0.4975,0.8737671
banglafake/extracted/final_data/deepfake_data_news/real_wav/256.wav,0,BF-NEWS,unknown,TG:69c68357e58e3319,4.015555,1,0.5225,0.9822865
banglafake/extracted/final_data/deepfake_data_news/real_wav/257.wav,0,BF-NEWS,unknown,TG:103bd98bc833d1ed,2.6898196,1,0.0641666666666667,0.9364233
banglafake/extracted/final_data/deepfake_data_news/real_wav/258.wav,0,BF-NEWS,unknown,TG:5926fa889a5e55f2,3.7032363,1,0.6441666666666667,0.97594905
banglafake/extracted/final_data/deepfake_data_news/real_wav/259.wav,0,BF-NEWS,unknown,TG:e606db739d02e74a,2.4060178,1,0.1725,0.917285
banglafake/extracted/final_data/deepfake_data_news/real_wav/26.wav,0,BF-NEWS,unknown,TG:88ce0aee5c3f1c5d,2.410998,1,0.2958333333333333,0.9176621
banglafake/extracted/final_data/deepfake_data_news/real_wav/260.wav,0,BF-NEWS,unknown,TG:f83fa78a8bc10d80,2.4468763,1,0.3541666666666666,0.92033273
banglafake/extracted/final_data/deepfake_data_news/real_wav/261.wav,0,BF-NEWS,unknown,TG:935a643921c6bab0,2.820115,1,0.2741666666666666,0.94375324
banglafake/extracted/final_data/deepfake_data_news/real_wav/262.wav,0,BF-NEWS,unknown,TG:49c34cf30e9ec868,2.8379588,1,0.2558333333333333,0.94469297
banglafake/extracted/final_data/deepfake_data_news/real_wav/263.wav,0,BF-NEWS,unknown,TG:43fbabc3793942e5,2.621181,1,0.2908333333333334,0.93221235
banglafake/extracted/final_data/deepfake_data_news/real_wav/264.wav,0,BF-NEWS,unknown,TG:c1e84689d2f5cbd4,2.8487496,1,0.3358333333333333,0.9452541
banglafake/extracted/final_data/deepfake_data_news/real_wav/265.wav,0,BF-NEWS,unknown,TG:434b2afe949ef630,1.5903584,1,0.3591666666666666,0.83066654
banglafake/extracted/final_data/deepfake_data_news/real_wav/266.wav,0,BF-NEWS,unknown,TG:6709d6d3efc7899f,2.1249597,1,0.2075,0.89330554
banglafake/extracted/final_data/deepfake_data_news/real_wav/267.wav,0,BF-NEWS,unknown,TG:e1e943fd7502c09c,1.9251277,1,0.7391666666666667,0.87270916
banglafake/extracted/final_data/deepfake_data_news/real_wav/268.wav,0,BF-NEWS,unknown,TG:cbd59f42ff97bdef,2.302753,1,0.2574999999999999,0.90910476
banglafake/extracted/final_data/deepfake_data_news/real_wav/269.wav,0,BF-NEWS,unknown,TG:b3471c5c2037a748,2.526126,1,0.0458333333333332,0.92595315
banglafake/extracted/final_data/deepfake_data_news/real_wav/27.wav,0,BF-NEWS,unknown,TG:c3d8d082b7876db8,2.5309706,1,0.2375,0.9262847
banglafake/extracted/final_data/deepfake_data_news/real_wav/270.wav,0,BF-NEWS,unknown,TG:293384be2f9386cf,4.272746,1,0.2825,0.9862483
banglafake/extracted/final_data/deepfake_data_news/real_wav/271.wav,0,BF-NEWS,unknown,TG:322e79ac6278672c,2.3391442,1,0.1958333333333333,0.9120674
banglafake/extracted/final_data/deepfake_data_news/real_wav/272.wav,0,BF-NEWS,unknown,TG:3ea1ecefdc7ca9ff,3.9237375,1,0.3808333333333333,0.9806161
banglafake/extracted/final_data/deepfake_data_news/real_wav/273.wav,0,BF-NEWS,unknown,TG:549b052ab3e89c55,3.0393164,1,0.2825,0.954319
banglafake/extracted/final_data/deepfake_data_news/real_wav/274.wav,0,BF-NEWS,unknown,TG:7aa6010fcbceea5a,3.556542,1,0.6758333333333333,0.9722544
banglafake/extracted/final_data/deepfake_data_news/real_wav/275.wav,0,BF-NEWS,unknown,TG:6e64bf8be4245738,3.9671082,1,0.5475,0.98142356
banglafake/extracted/final_data/deepfake_data_news/real_wav/276.wav,0,BF-NEWS,unknown,TG:38a1cd7df0038229,2.9407284,1,0.4725,0.94982344
banglafake/extracted/final_data/deepfake_data_news/real_wav/277.wav,0,BF-NEWS,unknown,TG:b3228fe3fac0c348,3.1339805,1,0.3591666666666666,0.9582728
banglafake/extracted/final_data/deepfake_data_news/real_wav/278.wav,0,BF-NEWS,unknown,TG:f57125a4351b4ba6,1.9706002,1,0.4358333333333333,0.87767553
banglafake/extracted/final_data/deepfake_data_news/real_wav/279.wav,0,BF-NEWS,unknown,TG:d1a56addbbdab812,0.54073876,1,0.1691666666666667,0.6319843
banglafake/extracted/final_data/deepfake_data_news/real_wav/28.wav,0,BF-NEWS,unknown,TG:a93024b0eb96e8af,2.4020917,1,0.3441666666666666,0.9169867
banglafake/extracted/final_data/deepfake_data_news/real_wav/280.wav,0,BF-NEWS,unknown,TG:d6b99293e2403693,2.2721038,1,0.1258333333333333,0.9065402
banglafake/extracted/final_data/deepfake_data_news/real_wav/281.wav,0,BF-NEWS,unknown,TG:14c947d80455c30a,1.920338,1,0.3991666666666666,0.8721761
banglafake/extracted/final_data/deepfake_data_news/real_wav/282.wav,0,BF-NEWS,unknown,TG:8e68a2124302c901,4.2588363,1,0.3008333333333333,0.9860584
banglafake/extracted/final_data/deepfake_data_news/real_wav/283.wav,0,BF-NEWS,unknown,TG:0cbc3e1492113157,3.0361936,1,0.1858333333333333,0.95418274
banglafake/extracted/final_data/deepfake_data_news/real_wav/284.wav,0,BF-NEWS,unknown,TG:5154d99169c985e1,1.9779767,1,0.5258333333333334,0.87846535
banglafake/extracted/final_data/deepfake_data_news/real_wav/285.wav,0,BF-NEWS,unknown,TG:f9a90cc7010a6657,2.3851588,1,0.1108333333333333,0.9156885
banglafake/extracted/final_data/deepfake_data_news/real_wav/286.wav,0,BF-NEWS,unknown,TG:30f18d0ba23f259c,4.272626,1,0.3691666666666666,0.9862467
banglafake/extracted/final_data/deepfake_data_news/real_wav/287.wav,0,BF-NEWS,unknown,TG:37c12a0fa9639197,3.4950402,1,0.3258333333333333,0.97054625
banglafake/extracted/final_data/deepfake_data_news/real_wav/288.wav,0,BF-NEWS,unknown,TG:5efd7922160ad0ac,2.4996507,1,0.2075,0.9241174
banglafake/extracted/final_data/deepfake_data_news/real_wav/289.wav,0,BF-NEWS,unknown,TG:2c91a44be0488554,2.6786745,1,0.2191666666666666,0.9357565
banglafake/extracted/final_data/deepfake_data_news/real_wav/29.wav,0,BF-NEWS,unknown,TG:919cc145e36b303f,3.4082437,1,0.2075,0.9679612
banglafake/extracted/final_data/deepfake_data_news/real_wav/290.wav,0,BF-NEWS,unknown,TG:cf081a0ee1954f99,1.8008653,1,0.3275,0.85825425
banglafake/extracted/final_data/deepfake_data_news/real_wav/291.wav,0,BF-NEWS,unknown,TG:17d7afcf82247a53,2.7306538,1,0.4758333333333333,0.93881136
banglafake/extracted/final_data/deepfake_data_news/real_wav/292.wav,0,BF-NEWS,unknown,TG:d89d0f0863d19a58,3.1935768,1,0.5191666666666667,0.9605918
banglafake/extracted/final_data/deepfake_data_news/real_wav/293.wav,0,BF-NEWS,unknown,TG:b56a012461ae8c74,2.9488733,1,0.2508333333333333,0.9502102
banglafake/extracted/final_data/deepfake_data_news/real_wav/294.wav,0,BF-NEWS,unknown,TG:83590e99f2c582a5,2.9376838,1,0.1291666666666666,0.9496782
banglafake/extracted/final_data/deepfake_data_news/real_wav/295.wav,0,BF-NEWS,unknown,TG:4d6ea277bec497cc,4.354494,1,0.3091666666666667,0.98731405
banglafake/extracted/final_data/deepfake_data_news/real_wav/296.wav,0,BF-NEWS,unknown,TG:47e8dd117c6f0823,3.7424755,1,0.4808333333333333,0.97685313
banglafake/extracted/final_data/deepfake_data_news/real_wav/297.wav,0,BF-NEWS,unknown,TG:b16344e7517226cc,3.8444896,1,0.2075,0.9790509
banglafake/extracted/final_data/deepfake_data_news/real_wav/298.wav,0,BF-NEWS,unknown,TG:5488e6beb7cabc00,0.6982146,1,0.6608333333333334,0.6677918
banglafake/extracted/final_data/deepfake_data_news/real_wav/299.wav,0,BF-NEWS,unknown,TG:412d0975c9f7eab0,3.6508007,1,0.1274999999999999,0.97468704
banglafake/extracted/final_data/deepfake_data_news/real_wav/3.wav,0,BF-NEWS,unknown,TG:aec28d45f4f83ceb,3.3659928,1,0.2858333333333334,0.9666246
banglafake/extracted/final_data/deepfake_data_news/real_wav/30.wav,0,BF-NEWS,unknown,TG:3e7bd968afbdc923,2.6191912,1,0.3025,0.9320865
banglafake/extracted/final_data/deepfake_data_news/real_wav/300.wav,0,BF-NEWS,unknown,TG:553f9f149c350927,3.8491926,1,0.5158333333333334,0.97914714
banglafake/extracted/final_data/deepfake_data_news/real_wav/301.wav,0,BF-NEWS,unknown,TG:c7c9cd33afd9dea5,1.6476634,2,0.0,0.838575
banglafake/extracted/final_data/deepfake_data_news/real_wav/302.wav,0,BF-NEWS,unknown,TG:b841a50642fb0369,1.6252135,1,0.1725,0.8355129
banglafake/extracted/final_data/deepfake_data_news/real_wav/303.wav,0,BF-NEWS,unknown,TG:4e7c8b2be699a2d5,1.6229404,1,0.7125,0.8352003
banglafake/extracted/final_data/deepfake_data_news/real_wav/304.wav,0,BF-NEWS,unknown,TG:a04138b0f94a63da,2.6085656,1,0.1008333333333333,0.9314108
banglafake/extracted/final_data/deepfake_data_news/real_wav/305.wav,0,BF-NEWS,unknown,TG:b36e56a92718b330,3.1225846,1,0.3375,0.9578148
banglafake/extracted/final_data/deepfake_data_news/real_wav/306.wav,0,BF-NEWS,unknown,TG:561b0eb02676a104,1.7221627,1,0.2791666666666667,0.84840715
banglafake/extracted/final_data/deepfake_data_news/real_wav/307.wav,0,BF-NEWS,unknown,TG:9c022873f395dbd5,3.7207487,1,0.3291666666666667,0.97635674
banglafake/extracted/final_data/deepfake_data_news/real_wav/308.wav,0,BF-NEWS,unknown,TG:3deee2efc9d80415,2.0585644,1,0.4275,0.8868102
banglafake/extracted/final_data/deepfake_data_news/real_wav/309.wav,0,BF-NEWS,unknown,TG:abb577800fbcba83,3.1326094,1,0.6074999999999999,0.958218
banglafake/extracted/final_data/deepfake_data_news/real_wav/31.wav,0,BF-NEWS,unknown,TG:194fdfc723413a13,3.3445728,1,0.1691666666666667,0.9659267
banglafake/extracted/final_data/deepfake_data_news/real_wav/310.wav,0,BF-NEWS,unknown,TG:ec9855d09f25c041,3.345657,1,0.2674999999999999,0.9659623
banglafake/extracted/final_data/deepfake_data_news/real_wav/311.wav,0,BF-NEWS,unknown,TG:0456ecfb7bfb77d3,3.4328983,1,0.1058333333333333,0.96871704
banglafake/extracted/final_data/deepfake_data_news/real_wav/312.wav,0,BF-NEWS,unknown,TG:e5ede85d6db1ebc6,3.5255692,1,0.4191666666666667,0.97140664
banglafake/extracted/final_data/deepfake_data_news/real_wav/313.wav,0,BF-NEWS,unknown,TG:7e52cf642f7af9a9,3.5227823,1,0.2624999999999999,0.9713291
banglafake/extracted/final_data/deepfake_data_news/real_wav/314.wav,0,BF-NEWS,unknown,TG:cad5e504e76a33b5,2.638119,1,0.0058333333333333,0.9332749
banglafake/extracted/final_data/deepfake_data_news/real_wav/315.wav,0,BF-NEWS,unknown,TG:d9970c520b2c6b2e,3.082561,1,0.3858333333333333,0.95616764
banglafake/extracted/final_data/deepfake_data_news/real_wav/316.wav,0,BF-NEWS,unknown,TG:9ea12d236d823d6e,3.2702055,1,0.2208333333333333,0.9633924
banglafake/extracted/final_data/deepfake_data_news/real_wav/317.wav,0,BF-NEWS,unknown,TG:8fb1181e29c114f7,2.0808241,1,0.3575,0.8890254
banglafake/extracted/final_data/deepfake_data_news/real_wav/318.wav,0,BF-NEWS,unknown,TG:8c791fd864974d9f,1.8162591,1,0.1641666666666666,0.8601167
banglafake/extracted/final_data/deepfake_data_news/real_wav/319.wav,0,BF-NEWS,unknown,TG:eef0e57155d0df4c,2.4876819,1,0.5458333333333334,0.9232738
banglafake/extracted/final_data/deepfake_data_news/real_wav/32.wav,0,BF-NEWS,unknown,TG:d18b9066f805195d,2.79244,1,0.4258333333333333,0.9422659
banglafake/extracted/final_data/deepfake_data_news/real_wav/320.wav,0,BF-NEWS,unknown,TG:80b3c8c1d00f7de4,4.341754,2,0.0,0.9871535
banglafake/extracted/final_data/deepfake_data_news/real_wav/321.wav,0,BF-NEWS,unknown,TG:4233d465d9eb9d5f,3.5576057,1,0.0908333333333333,0.9722831
banglafake/extracted/final_data/deepfake_data_news/real_wav/322.wav,0,BF-NEWS,unknown,TG:e44ecbf239d84a30,2.7590117,1,0.4891666666666666,0.94042027
banglafake/extracted/final_data/deepfake_data_news/real_wav/323.wav,0,BF-NEWS,unknown,TG:7b18fd3e51abf249,3.5444076,1,0.1258333333333333,0.97192526
banglafake/extracted/final_data/deepfake_data_news/real_wav/324.wav,0,BF-NEWS,unknown,TG:2463d526c1798481,1.9573673,1,0.0691666666666667,0.87624776
banglafake/extracted/final_data/deepfake_data_news/real_wav/325.wav,0,BF-NEWS,unknown,TG:b5e2b8199c938ff2,2.9850152,1,0.3108333333333333,0.9518925
banglafake/extracted/final_data/deepfake_data_news/real_wav/326.wav,0,BF-NEWS,unknown,TG:d821439d819cb494,3.5999265,1,0.1141666666666666,0.97340107
banglafake/extracted/final_data/deepfake_data_news/real_wav/327.wav,0,BF-NEWS,unknown,TG:0ded9c9a10b59055,3.179107,1,0.2108333333333333,0.96004045
banglafake/extracted/final_data/deepfake_data_news/real_wav/328.wav,0,BF-NEWS,unknown,TG:8a5fc26f86287b79,2.9857953,1,0.4108333333333334,0.95192826
banglafake/extracted/final_data/deepfake_data_news/real_wav/329.wav,0,BF-NEWS,unknown,TG:059ebe5bb1326ac0,2.4069324,1,0.3924999999999999,0.9173544
banglafake/extracted/final_data/deepfake_data_news/real_wav/33.wav,0,BF-NEWS,unknown,TG:fc10a42658cfc26e,2.1794221,1,0.1458333333333333,0.89838636
banglafake/extracted/final_data/deepfake_data_news/real_wav/330.wav,0,BF-NEWS,unknown,TG:b6909a8837b99dcd,3.927923,1,0.5275000000000001,0.9806954
banglafake/extracted/final_data/deepfake_data_news/real_wav/331.wav,0,BF-NEWS,unknown,TG:595303a9d3415910,3.4315393,1,0.1391666666666666,0.96867585
banglafake/extracted/final_data/deepfake_data_news/real_wav/332.wav,0,BF-NEWS,unknown,TG:5f180a4dbd6f8933,2.7528372,1,0.2658333333333333,0.94007343
banglafake/extracted/final_data/deepfake_data_news/real_wav/333.wav,0,BF-NEWS,unknown,TG:7679ea30c8563624,2.570483,1,0.3325,0.92893755
banglafake/extracted/final_data/deepfake_data_news/real_wav/334.wav,0,BF-NEWS,unknown,TG:19972ba9fd2d31e3,3.5646904,1,0.4591666666666666,0.9724734
banglafake/extracted/final_data/deepfake_data_news/real_wav/335.wav,0,BF-NEWS,unknown,TG:962614db436a771b,3.4933977,1,0.2341666666666666,0.97049934
banglafake/extracted/final_data/deepfake_data_news/real_wav/336.wav,0,BF-NEWS,unknown,TG:6dfe02603ec79928,2.260304,1,0.7424999999999999,0.90553564
banglafake/extracted/final_data/deepfake_data_news/real_wav/337.wav,0,BF-NEWS,unknown,TG:4dee923b7e1f7411,2.9953203,1,0.3991666666666666,0.9523623
banglafake/extracted/final_data/deepfake_data_news/real_wav/338.wav,0,BF-NEWS,unknown,TG:3be2b905e57d0478,2.6991403,1,0.4058333333333334,0.93697584
banglafake/extracted/final_data/deepfake_data_news/real_wav/339.wav,0,BF-NEWS,unknown,TG:1233add22d1e689a,2.8247023,1,0.6091666666666666,0.9439962
banglafake/extracted/final_data/deepfake_data_news/real_wav/34.wav,0,BF-NEWS,unknown,TG:0f8ea726a82fddda,1.3017261,1,0.4891666666666666,0.7861253
banglafake/extracted/final_data/deepfake_data_news/real_wav/340.wav,0,BF-NEWS,unknown,TG:68e0b3bdde81fb5c,2.796473,1,0.3874999999999999,0.942485
banglafake/extracted/final_data/deepfake_data_news/real_wav/341.wav,0,BF-NEWS,unknown,TG:586585c92c9ed82b,2.2672544,1,0.1324999999999999,0.9061285
banglafake/extracted/final_data/deepfake_data_news/real_wav/342.wav,0,BF-NEWS,unknown,TG:f47bd9896995b2c5,2.8953981,1,0.2008333333333333,0.9476185
banglafake/extracted/final_data/deepfake_data_news/real_wav/343.wav,0,BF-NEWS,unknown,TG:b08ae884f82fdf65,3.041083,1,0.1841666666666667,0.95439595
banglafake/extracted/final_data/deepfake_data_news/real_wav/344.wav,0,BF-NEWS,unknown,TG:e1200158d2c7e21d,3.046391,1,0.2975,0.95462644
banglafake/extracted/final_data/deepfake_data_news/real_wav/345.wav,0,BF-NEWS,unknown,TG:029560b90cad8f44,4.7391057,1,0.4991666666666666,0.9913293
banglafake/extracted/final_data/deepfake_data_news/real_wav/346.wav,0,BF-NEWS,unknown,TG:c6fc13c9913cb037,2.2128222,1,0.5258333333333334,0.9013951
banglafake/extracted/final_data/deepfake_data_news/real_wav/347.wav,0,BF-NEWS,unknown,TG:9e4d9b3a07ea22c5,2.732444,1,0.1508333333333333,0.9389141
banglafake/extracted/final_data/deepfake_data_news/real_wav/348.wav,0,BF-NEWS,unknown,TG:bda5259f4a423920,3.0445976,1,0.8091666666666667,0.95454866
banglafake/extracted/final_data/deepfake_data_news/real_wav/349.wav,0,BF-NEWS,unknown,TG:ba9ae94e32627f2b,2.1423962,1,0.5075000000000001,0.8949561
banglafake/extracted/final_data/deepfake_data_news/real_wav/35.wav,0,BF-NEWS,unknown,TG:cdecbdd64729c3ba,2.5375009,1,0.3824999999999999,0.92672926
banglafake/extracted/final_data/deepfake_data_news/real_wav/350.wav,0,BF-NEWS,unknown,TG:a0d95aa5be65c4b1,3.1852398,1,0.2508333333333333,0.960275
banglafake/extracted/final_data/deepfake_data_news/real_wav/351.wav,0,BF-NEWS,unknown,TG:375934c952b5f073,2.5448377,1,0.2058333333333333,0.927226
banglafake/extracted/final_data/deepfake_data_news/real_wav/352.wav,0,BF-NEWS,unknown,TG:a8261f7289a0e5f5,2.1468887,1,0.2008333333333333,0.89537764
banglafake/extracted/final_data/deepfake_data_news/real_wav/353.wav,0,BF-NEWS,unknown,TG:ecd6a32977f82150,2.0591571,1,0.2774999999999999,0.8868696
banglafake/extracted/final_data/deepfake_data_news/real_wav/354.wav,0,BF-NEWS,unknown,TG:f3d00d57f5d8142f,2.7091317,2,0.0,0.93756336
banglafake/extracted/final_data/deepfake_data_news/real_wav/355.wav,0,BF-NEWS,unknown,TG:21b77aa16dabec4c,2.6426785,1,0.5125,0.93355834
banglafake/extracted/final_data/deepfake_data_news/real_wav/356.wav,0,BF-NEWS,unknown,TG:cfbdf9d9cea18639,1.3651792,1,0.6758333333333333,0.7966002
banglafake/extracted/final_data/deepfake_data_news/real_wav/357.wav,0,BF-NEWS,unknown,TG:0c823837cbd6d3ee,2.770587,1,0.5175000000000001,0.9410655
banglafake/extracted/final_data/deepfake_data_news/real_wav/358.wav,0,BF-NEWS,unknown,TG:85c09a8a612f6a16,2.9001372,1,0.2591666666666666,0.9478532
banglafake/extracted/final_data/deepfake_data_news/real_wav/359.wav,0,BF-NEWS,unknown,TG:44afb1abe85ba035,3.0867443,1,0.1058333333333333,0.95634264
banglafake/extracted/final_data/deepfake_data_news/real_wav/36.wav,0,BF-NEWS,unknown,TG:594d48853aa0900f,2.2443435,1,0.5091666666666667,0.9041615
banglafake/extracted/final_data/deepfake_data_news/real_wav/360.wav,0,BF-NEWS,unknown,TG:573465f82d92a842,2.028252,1,0.5008333333333334,0.88373154
banglafake/extracted/final_data/deepfake_data_news/real_wav/361.wav,0,BF-NEWS,unknown,TG:ab7e92bb872c1fc4,2.2351184,1,0.5375,0.9033591
banglafake/extracted/final_data/deepfake_data_news/real_wav/362.wav,0,BF-NEWS,unknown,TG:d97bce530e61b2dc,3.693873,1,0.4658333333333333,0.9757283
banglafake/extracted/final_data/deepfake_data_news/real_wav/363.wav,0,BF-NEWS,unknown,TG:61903e16cfe7bd08,2.4185927,1,0.3308333333333333,0.91823417
banglafake/extracted/final_data/deepfake_data_news/real_wav/364.wav,0,BF-NEWS,unknown,TG:b30528cacb69579f,2.343523,1,0.4525,0.912418
banglafake/extracted/final_data/deepfake_data_news/real_wav/365.wav,0,BF-NEWS,unknown,TG:542d618dc4f329d0,4.256749,1,0.0858333333333333,0.9860297
banglafake/extracted/final_data/deepfake_data_news/real_wav/366.wav,0,BF-NEWS,unknown,TG:df65f305df8273aa,2.9818418,1,0.1524999999999999,0.95174706
banglafake/extracted/final_data/deepfake_data_news/real_wav/367.wav,0,BF-NEWS,unknown,TG:8c18a5e54b5a5e69,2.7577183,1,0.2991666666666667,0.94034773
banglafake/extracted/final_data/deepfake_data_news/real_wav/368.wav,0,BF-NEWS,unknown,TG:33c4986212df68fe,2.8221357,1,0.2925,0.94386035
banglafake/extracted/final_data/deepfake_data_news/real_wav/369.wav,0,BF-NEWS,unknown,TG:49d19978ef2161eb,3.2380612,1,0.5191666666666667,0.96224177
banglafake/extracted/final_data/deepfake_data_news/real_wav/37.wav,0,BF-NEWS,unknown,TG:2e1857623e6f1e20,1.906478,1,0.2708333333333333,0.87062293
banglafake/extracted/final_data/deepfake_data_news/real_wav/370.wav,0,BF-NEWS,unknown,TG:77153d6bba7414a5,2.715174,1,0.0858333333333333,0.9379161
banglafake/extracted/final_data/deepfake_data_news/real_wav/371.wav,0,BF-NEWS,unknown,TG:59687a61f3f55ca7,1.5666851,1,0.3958333333333333,0.82731056
banglafake/extracted/final_data/deepfake_data_news/real_wav/372.wav,0,BF-NEWS,unknown,TG:b6ffb1548eba6fa0,3.2492898,1,0.3141666666666667,0.96264756
banglafake/extracted/final_data/deepfake_data_news/real_wav/373.wav,0,BF-NEWS,unknown,TG:1f568e27423dac90,2.0734487,2,0.0,0.8882956
banglafake/extracted/final_data/deepfake_data_news/real_wav/374.wav,0,BF-NEWS,unknown,TG:95aa20a9bfa32cdc,2.629609,1,0.1791666666666667,0.9327431
banglafake/extracted/final_data/deepfake_data_news/real_wav/375.wav,0,BF-NEWS,unknown,TG:1dc1d6aa7bae0ced,3.3419702,1,0.1391666666666666,0.9658409
banglafake/extracted/final_data/deepfake_data_news/real_wav/376.wav,0,BF-NEWS,unknown,TG:e97ac9f3ddf6656c,3.428931,1,0.4858333333333333,0.9685966
banglafake/extracted/final_data/deepfake_data_news/real_wav/377.wav,0,BF-NEWS,unknown,TG:72a495f46e646e51,2.4500396,1,0.3941666666666666,0.9205644
banglafake/extracted/final_data/deepfake_data_news/real_wav/378.wav,0,BF-NEWS,unknown,TG:d5f57185645b1342,2.7974083,1,0.5091666666666667,0.9425356
banglafake/extracted/final_data/deepfake_data_news/real_wav/379.wav,0,BF-NEWS,unknown,TG:aa6d4b14a74b4311,3.1446028,1,0.3275,0.95869553
banglafake/extracted/final_data/deepfake_data_news/real_wav/38.wav,0,BF-NEWS,unknown,TG:63fc9ae77f556e56,1.1080124,1,0.5541666666666667,0.7517584
banglafake/extracted/final_data/deepfake_data_news/real_wav/380.wav,0,BF-NEWS,unknown,TG:9546a4f6e30c11d1,2.0963457,1,0.8358333333333333,0.89054745
banglafake/extracted/final_data/deepfake_data_news/real_wav/381.wav,0,BF-NEWS,unknown,TG:d6d9fa898167554c,3.931042,1,0.0941666666666666,0.9807545
banglafake/extracted/final_data/deepfake_data_news/real_wav/382.wav,0,BF-NEWS,unknown,TG:d170568668a2e46b,3.2579765,1,0.1291666666666666,0.96295863
banglafake/extracted/final_data/deepfake_data_news/real_wav/383.wav,0,BF-NEWS,unknown,TG:58bfc0befe9a3710,2.9259813,1,0.1758333333333332,0.9491159
banglafake/extracted/final_data/deepfake_data_news/real_wav/384.wav,0,BF-NEWS,unknown,TG:28fe48237f8723c0,1.1050204,1,0.3458333333333333,0.75119954
banglafake/extracted/final_data/deepfake_data_news/real_wav/385.wav,0,BF-NEWS,unknown,TG:88ca26dd1f872e69,1.9589753,1,0.0825,0.876422
banglafake/extracted/final_data/deepfake_data_news/real_wav/386.wav,0,BF-NEWS,unknown,TG:1823ba15964f3645,3.4232295,1,0.3325,0.96842265
banglafake/extracted/final_data/deepfake_data_news/real_wav/387.wav,0,BF-NEWS,unknown,TG:07187ecb971a596e,2.2462857,1,0.5358333333333334,0.90432966
banglafake/extracted/final_data/deepfake_data_news/real_wav/388.wav,0,BF-NEWS,unknown,TG:0b19d345f85f1960,2.4885168,1,0.3491666666666666,0.9233328
banglafake/extracted/final_data/deepfake_data_news/real_wav/389.wav,0,BF-NEWS,unknown,TG:3a565049eb0f2a92,3.6894999,1,0.4925,0.9756245
banglafake/extracted/final_data/deepfake_data_news/real_wav/39.wav,0,BF-NEWS,unknown,TG:c81caba91a7c7013,2.1068583,1,0.3675,0.891568
banglafake/extracted/final_data/deepfake_data_news/real_wav/390.wav,0,BF-NEWS,unknown,TG:da51d220ef3e890f,1.8215799,1,0.4441666666666667,0.86075556
banglafake/extracted/final_data/deepfake_data_news/real_wav/391.wav,0,BF-NEWS,unknown,TG:9e7c0602ce24338b,3.0776978,1,0.4191666666666667,0.9559634
banglafake/extracted/final_data/deepfake_data_news/real_wav/392.wav,0,BF-NEWS,unknown,TG:14faf544807f3d18,2.8497825,1,0.1308333333333333,0.94530743
banglafake/extracted/final_data/deepfake_data_news/real_wav/393.wav,0,BF-NEWS,unknown,TG:c424961f13c02080,3.6724572,1,0.7275,0.97521585
banglafake/extracted/final_data/deepfake_data_news/real_wav/394.wav,0,BF-NEWS,unknown,TG:0b73fd10a0d98b47,2.1719155,1,0.1775,0.89769906
banglafake/extracted/final_data/deepfake_data_news/real_wav/395.wav,0,BF-NEWS,unknown,TG:bb93d87d3901a695,2.8958666,1,0.3941666666666666,0.94764173
banglafake/extracted/final_data/deepfake_data_news/real_wav/396.wav,0,BF-NEWS,unknown,TG:14c0470fda42734f,2.4276416,1,0.0458333333333332,0.918911
banglafake/extracted/final_data/deepfake_data_news/real_wav/397.wav,0,BF-NEWS,unknown,TG:feef4b2186ed68b6,1.9806876,1,0.3458333333333333,0.8787544
banglafake/extracted/final_data/deepfake_data_news/real_wav/398.wav,0,BF-NEWS,unknown,TG:842130eb3751258b,3.782851,1,0.2608333333333333,0.97774863
banglafake/extracted/final_data/deepfake_data_news/real_wav/399.wav,0,BF-NEWS,unknown,TG:4439c2fdc0b4b02f,4.127084,1,0.3458333333333333,0.9841262
banglafake/extracted/final_data/deepfake_data_news/real_wav/4.wav,0,BF-NEWS,unknown,TG:44721656103e8657,2.5713108,1,0.5608333333333333,0.92899215
banglafake/extracted/final_data/deepfake_data_news/real_wav/40.wav,0,BF-NEWS,unknown,TG:48ee479bd458ca6d,3.600152,2,0.0,0.973407
banglafake/extracted/final_data/deepfake_data_news/real_wav/400.wav,0,BF-NEWS,unknown,TG:9cd0378caaf3c0aa,3.5821877,1,0.3375,0.972938
banglafake/extracted/final_data/deepfake_data_news/real_wav/401.wav,0,BF-NEWS,unknown,TG:5295c0ad2d925470,2.6936867,1,0.3291666666666667,0.9366531
banglafake/extracted/final_data/deepfake_data_news/real_wav/402.wav,0,BF-NEWS,unknown,TG:4ca9b709b6e248b7,2.769971,1,0.4291666666666667,0.9410314
banglafake/extracted/final_data/deepfake_data_news/real_wav/403.wav,0,BF-NEWS,unknown,TG:7c5d82f53098f868,3.7501812,1,0.4125,0.97702676
banglafake/extracted/final_data/deepfake_data_news/real_wav/404.wav,0,BF-NEWS,unknown,TG:286fe24f741a0b2e,2.5475774,2,0.0,0.9274106
banglafake/extracted/final_data/deepfake_data_news/real_wav/405.wav,0,BF-NEWS,unknown,TG:e23fca07a06b6801,2.5593493,1,0.0241666666666666,0.9281991
banglafake/extracted/final_data/deepfake_data_news/real_wav/406.wav,0,BF-NEWS,unknown,TG:1e50b5bbddea551d,2.7799954,1,0.2758333333333334,0.9415852
banglafake/extracted/final_data/deepfake_data_news/real_wav/407.wav,0,BF-NEWS,unknown,TG:6976409592df45ed,4.440411,1,0.5858333333333333,0.9883463
banglafake/extracted/final_data/deepfake_data_news/real_wav/408.wav,0,BF-NEWS,unknown,TG:dd430c891f4b5d94,3.077925,1,0.2175,0.9559729
banglafake/extracted/final_data/deepfake_data_news/real_wav/409.wav,0,BF-NEWS,unknown,TG:50d2d6dfbb21cb9a,2.803089,1,0.3575,0.9428425
banglafake/extracted/final_data/deepfake_data_news/real_wav/41.wav,0,BF-NEWS,unknown,TG:60369b8340ee3790,3.0057068,1,0.2341666666666666,0.9528312
banglafake/extracted/final_data/deepfake_data_news/real_wav/410.wav,0,BF-NEWS,unknown,TG:1b2d20f2936ea6ac,3.2496345,1,0.1941666666666667,0.96265996
banglafake/extracted/final_data/deepfake_data_news/real_wav/411.wav,0,BF-NEWS,unknown,TG:994602f285089a79,1.7511556,1,0.2624999999999999,0.85209846
banglafake/extracted/final_data/deepfake_data_news/real_wav/412.wav,0,BF-NEWS,unknown,TG:d486fb5b96300a8d,1.9375345,1,0.2624999999999999,0.874081
banglafake/extracted/final_data/deepfake_data_news/real_wav/413.wav,0,BF-NEWS,unknown,TG:2a4c86d371ed667c,3.3233075,1,0.4241666666666667,0.96521986
banglafake/extracted/final_data/deepfake_data_news/real_wav/414.wav,0,BF-NEWS,unknown,TG:a479000be811d406,1.4585745,1,0.3625,0.8113146
banglafake/extracted/final_data/deepfake_data_news/real_wav/415.wav,0,BF-NEWS,unknown,TG:b4aea04cce26b5b9,3.4917486,1,0.5675,0.9704521
banglafake/extracted/final_data/deepfake_data_news/real_wav/416.wav,0,BF-NEWS,unknown,TG:8e86f9fd7a2a3a53,1.6650488,1,0.5075000000000001,0.84091455
banglafake/extracted/final_data/deepfake_data_news/real_wav/417.wav,0,BF-NEWS,unknown,TG:6afb09ebac21d6fe,2.858359,1,0.1241666666666666,0.94574916
banglafake/extracted/final_data/deepfake_data_news/real_wav/418.wav,0,BF-NEWS,unknown,TG:32d38b543416e458,3.3343675,1,0.4508333333333333,0.96558917
banglafake/extracted/final_data/deepfake_data_news/real_wav/419.wav,0,BF-NEWS,unknown,TG:850eb53ef4008ba7,2.595137,1,0.3458333333333333,0.93054795
banglafake/extracted/final_data/deepfake_data_news/real_wav/42.wav,0,BF-NEWS,unknown,TG:1d19a8309d63fc35,3.139781,1,0.3508333333333333,0.95850414
banglafake/extracted/final_data/deepfake_data_news/real_wav/420.wav,0,BF-NEWS,unknown,TG:b2718303d1bcd0b6,3.9689677,2,0.0,0.9814574
banglafake/extracted/final_data/deepfake_data_news/real_wav/421.wav,0,BF-NEWS,unknown,TG:3fdfa2f50f01e7f3,2.8401515,1,0.1908333333333333,0.94480735
banglafake/extracted/final_data/deepfake_data_news/real_wav/422.wav,0,BF-NEWS,unknown,TG:ec9ed2c565d4689f,1.7471225,1,0.5108333333333333,0.8515895
banglafake/extracted/final_data/deepfake_data_news/real_wav/423.wav,0,BF-NEWS,unknown,TG:09ca239c8888fa0e,1.6866835,1,0.3141666666666667,0.8437875
banglafake/extracted/final_data/deepfake_data_news/real_wav/424.wav,0,BF-NEWS,unknown,TG:a0b50a7a50d5025f,0.59344524,1,0.6775,0.6441552
banglafake/extracted/final_data/deepfake_data_news/real_wav/425.wav,0,BF-NEWS,unknown,TG:886d2243d37b0e22,3.0159607,1,0.4008333333333334,0.95329005
banglafake/extracted/final_data/deepfake_data_news/real_wav/426.wav,0,BF-NEWS,unknown,TG:70ebae954d3a628f,2.5859776,1,0.3241666666666667,0.9299537
banglafake/extracted/final_data/deepfake_data_news/real_wav/427.wav,0,BF-NEWS,unknown,TG:577b77c61c08d978,3.6065557,1,0.1975,0.97357225
banglafake/extracted/final_data/deepfake_data_news/real_wav/428.wav,0,BF-NEWS,unknown,TG:8dfbcfc2a9fb171b,4.274331,1,0.3641666666666666,0.9862698
banglafake/extracted/final_data/deepfake_data_news/real_wav/429.wav,0,BF-NEWS,unknown,TG:502984c495dfed00,2.955568,1,0.2691666666666666,0.95052606
banglafake/extracted/final_data/deepfake_data_news/real_wav/43.wav,0,BF-NEWS,unknown,TG:237ceb401c315f7e,1.8727634,1,0.3341666666666666,0.8667777
banglafake/extracted/final_data/deepfake_data_news/real_wav/430.wav,0,BF-NEWS,unknown,TG:aa2322dc74092462,1.8108221,1,0.8625,0.85946125
banglafake/extracted/final_data/deepfake_data_news/real_wav/431.wav,0,BF-NEWS,unknown,TG:beb35813431c71b7,3.4040868,1,0.1241666666666666,0.96783197
banglafake/extracted/final_data/deepfake_data_news/real_wav/432.wav,0,BF-NEWS,unknown,TG:a63883b6a5d8b910,2.6232536,1,0.3108333333333333,0.93234324
banglafake/extracted/final_data/deepfake_data_news/real_wav/433.wav,0,BF-NEWS,unknown,TG:86304da901fc564f,3.2583742,1,0.4024999999999999,0.9629729
banglafake/extracted/final_data/deepfake_data_news/real_wav/434.wav,0,BF-NEWS,unknown,TG:2912216b228036ff,3.2453182,1,0.0258333333333333,0.9625045
banglafake/extracted/final_data/deepfake_data_news/real_wav/435.wav,0,BF-NEWS,unknown,TG:c50c875eeb3698a2,2.549865,1,0.0875,0.92756444
banglafake/extracted/final_data/deepfake_data_news/real_wav/436.wav,0,BF-NEWS,unknown,TG:1ab5f2daa5b9265f,3.0557036,1,0.0474999999999999,0.9550281
banglafake/extracted/final_data/deepfake_data_news/real_wav/437.wav,0,BF-NEWS,unknown,TG:ba45ade2246551be,2.260055,2,0.0,0.90551436
banglafake/extracted/final_data/deepfake_data_news/real_wav/438.wav,0,BF-NEWS,unknown,TG:a8d2101224c7445e,2.5609229,1,0.2325,0.9283039
banglafake/extracted/final_data/deepfake_data_news/real_wav/439.wav,0,BF-NEWS,unknown,TG:8d839c5756df4fef,3.29225,1,0.3625,0.96416193
banglafake/extracted/final_data/deepfake_data_news/real_wav/44.wav,0,BF-NEWS,unknown,TG:c12e50c5c9f42548,2.1237798,1,0.2141666666666666,0.893193
banglafake/extracted/final_data/deepfake_data_news/real_wav/440.wav,0,BF-NEWS,unknown,TG:994602f285089a79,3.0664275,1,0.0358333333333333,0.9554864
banglafake/extracted/final_data/deepfake_data_news/real_wav/441.wav,0,BF-NEWS,unknown,TG:41c30640174a104f,2.657995,1,0.2574999999999999,0.93450207
banglafake/extracted/final_data/deepfake_data_news/real_wav/442.wav,0,BF-NEWS,unknown,TG:9e0f77aa7070eb3f,2.4424632,1,0.3891666666666666,0.9200085
banglafake/extracted/final_data/deepfake_data_news/real_wav/443.wav,0,BF-NEWS,unknown,TG:05f3d5ef75ea2d6a,4.3328514,1,0.3558333333333333,0.9870401
banglafake/extracted/final_data/deepfake_data_news/real_wav/444.wav,0,BF-NEWS,unknown,TG:bbb17635a7e27d40,0.34760645,1,0.3941666666666666,0.58603704
banglafake/extracted/final_data/deepfake_data_news/real_wav/445.wav,0,BF-NEWS,unknown,TG:2ec615e85cf79330,2.7686696,1,0.1725,0.9409591
banglafake/extracted/final_data/deepfake_data_news/real_wav/446.wav,0,BF-NEWS,unknown,TG:3fa2c5d828330885,2.7490156,1,0.0158333333333333,0.9398577
banglafake/extracted/final_data/deepfake_data_news/real_wav/447.wav,0,BF-NEWS,unknown,TG:d2db0cc0f553599d,3.1048012,1,0.2958333333333333,0.9570904
banglafake/extracted/final_data/deepfake_data_news/real_wav/448.wav,0,BF-NEWS,unknown,TG:720a9e8ff486429b,1.8853021,1,0.3941666666666666,0.8682189
banglafake/extracted/final_data/deepfake_data_news/real_wav/449.wav,0,BF-NEWS,unknown,TG:7e22052bcb610004,1.7945235,1,0.2408333333333333,0.857481
banglafake/extracted/final_data/deepfake_data_news/real_wav/45.wav,0,BF-NEWS,unknown,TG:b7fd9aa11e324178,2.8551948,1,0.6775,0.9455866
banglafake/extracted/final_data/deepfake_data_news/real_wav/450.wav,0,BF-NEWS,unknown,TG:7403eafe7773effc,2.1885536,1,0.6975,0.8992169
banglafake/extracted/final_data/deepfake_data_news/real_wav/451.wav,0,BF-NEWS,unknown,TG:d49c3b63197e29e0,2.861801,1,0.3158333333333333,0.9459255
banglafake/extracted/final_data/deepfake_data_news/real_wav/452.wav,0,BF-NEWS,unknown,TG:e05d11cce0b33892,0.6725496,1,0.6325000000000001,0.66207385
banglafake/extracted/final_data/deepfake_data_news/real_wav/453.wav,0,BF-NEWS,unknown,TG:5660bee2d0044e3a,3.5949519,1,0.2524999999999999,0.973272
banglafake/extracted/final_data/deepfake_data_news/real_wav/454.wav,0,BF-NEWS,unknown,TG:c4000e694b3f90c6,3.1647637,1,0.0358333333333333,0.9594865
banglafake/extracted/final_data/deepfake_data_news/real_wav/455.wav,0,BF-NEWS,unknown,TG:a13d538079faae46,2.5452003,1,0.3908333333333333,0.9272504
banglafake/extracted/final_data/deepfake_data_news/real_wav/456.wav,0,BF-NEWS,unknown,TG:c330bfe6e18b6878,1.9659048,1,0.5875,0.8771705
banglafake/extracted/final_data/deepfake_data_news/real_wav/457.wav,0,BF-NEWS,unknown,TG:290cee044af75734,1.4522351,1,0.0791666666666667,0.8103422
banglafake/extracted/final_data/deepfake_data_news/real_wav/458.wav,0,BF-NEWS,unknown,TG:5e9a7a19b1eb4b4f,3.868828,1,0.3741666666666666,0.97954434
banglafake/extracted/final_data/deepfake_data_news/real_wav/459.wav,0,BF-NEWS,unknown,TG:ae5a856d6d161849,2.8312695,1,0.2175,0.9443423
banglafake/extracted/final_data/deepfake_data_news/real_wav/46.wav,0,BF-NEWS,unknown,TG:1bcdce59a5d91807,2.7968245,1,0.1858333333333333,0.942504
banglafake/extracted/final_data/deepfake_data_news/real_wav/460.wav,0,BF-NEWS,unknown,TG:1476f17019b8ec85,3.0122616,1,0.4958333333333333,0.95312506
banglafake/extracted/final_data/deepfake_data_news/real_wav/461.wav,0,BF-NEWS,unknown,TG:b0f8d6531fb62b28,3.0145838,1,0.2191666666666666,0.9532286
banglafake/extracted/final_data/deepfake_data_news/real_wav/462.wav,0,BF-NEWS,unknown,TG:9f62ab6c2ef7ac1d,2.8864286,1,0.5974999999999999,0.94717145
banglafake/extracted/final_data/deepfake_data_news/real_wav/463.wav,0,BF-NEWS,unknown,TG:c785785e5705d278,3.3561413,1,0.5325,0.9663054
banglafake/extracted/final_data/deepfake_data_news/real_wav/464.wav,0,BF-NEWS,unknown,TG:7a4c72e8b2c31d3c,2.9500237,1,0.1291666666666666,0.9502646
banglafake/extracted/final_data/deepfake_data_news/real_wav/465.wav,0,BF-NEWS,unknown,TG:28720e2160bf235a,3.719685,1,0.3275,0.9763322
banglafake/extracted/final_data/deepfake_data_news/real_wav/466.wav,0,BF-NEWS,unknown,TG:7491ab14f0025804,2.8731987,1,0.3991666666666666,0.94650555
banglafake/extracted/final_data/deepfake_data_news/real_wav/467.wav,0,BF-NEWS,unknown,TG:061412d8471a44d4,2.6049066,1,0.0324999999999999,0.9311767
banglafake/extracted/final_data/deepfake_data_news/real_wav/468.wav,0,BF-NEWS,unknown,TG:255b640f2aab3747,3.9055636,1,0.1558333333333333,0.98026764
banglafake/extracted/final_data/deepfake_data_news/real_wav/469.wav,0,BF-NEWS,unknown,TG:88f65bcaeb815755,3.7055438,1,0.2558333333333333,0.9760032
banglafake/extracted/final_data/deepfake_data_news/real_wav/47.wav,0,BF-NEWS,unknown,TG:478ded868b3b4747,4.0568824,1,0.4408333333333333,0.9829914
banglafake/extracted/final_data/deepfake_data_news/real_wav/470.wav,0,BF-NEWS,unknown,TG:c062b98701f62e22,1.5893528,1,0.1858333333333333,0.83052504
banglafake/extracted/final_data/deepfake_data_news/real_wav/471.wav,0,BF-NEWS,unknown,TG:95e7371126ffdd6e,2.4173617,1,0.2275,0.91814166
banglafake/extracted/final_data/deepfake_data_news/real_wav/472.wav,0,BF-NEWS,unknown,TG:99f74e0abfcf5ba9,3.244414,1,0.4708333333333333,0.96247184
banglafake/extracted/final_data/deepfake_data_news/real_wav/473.wav,0,BF-NEWS,unknown,TG:0584077add9a6e7f,2.6450584,1,0.0708333333333333,0.9337058
banglafake/extracted/final_data/deepfake_data_news/real_wav/474.wav,0,BF-NEWS,unknown,TG:bc2673394cd1d2a0,3.710881,1,0.3958333333333333,0.9761278
banglafake/extracted/final_data/deepfake_data_news/real_wav/475.wav,0,BF-NEWS,unknown,TG:72efb9ee2e6f4ee4,2.724286,1,0.4525,0.9384446
banglafake/extracted/final_data/deepfake_data_news/real_wav/476.wav,0,BF-NEWS,unknown,TG:ca702009e8fdaee7,2.9328036,1,0.2191666666666666,0.9494444
banglafake/extracted/final_data/deepfake_data_news/real_wav/477.wav,0,BF-NEWS,unknown,TG:894f3ce340041195,3.18235,1,0.5375,0.96016467
banglafake/extracted/final_data/deepfake_data_news/real_wav/478.wav,0,BF-NEWS,unknown,TG:39fbd10f850b5e67,3.7880213,1,0.3141666666666667,0.97786087
banglafake/extracted/final_data/deepfake_data_news/real_wav/479.wav,0,BF-NEWS,unknown,TG:551cc5b8f0406bc4,1.1456674,1,0.2558333333333333,0.7587187
banglafake/extracted/final_data/deepfake_data_news/real_wav/48.wav,0,BF-NEWS,unknown,TG:9e100ce439cec08a,4.007173,1,0.1175,0.98214
banglafake/extracted/final_data/deepfake_data_news/real_wav/480.wav,0,BF-NEWS,unknown,TG:a079b6f35509f3cd,3.2269573,1,0.4708333333333333,0.96183616
banglafake/extracted/final_data/deepfake_data_news/real_wav/481.wav,0,BF-NEWS,unknown,TG:19048250e4b38cf7,0.84742415,1,0.5141666666666667,0.7000265
banglafake/extracted/final_data/deepfake_data_news/real_wav/482.wav,0,BF-NEWS,unknown,TG:5066bf22bff34e85,3.6961327,1,0.5491666666666667,0.9757817
banglafake/extracted/final_data/deepfake_data_news/real_wav/483.wav,0,BF-NEWS,unknown,TG:fcc779debe0e6573,3.0322678,1,0.3691666666666666,0.9540108
banglafake/extracted/final_data/deepfake_data_news/real_wav/484.wav,0,BF-NEWS,unknown,TG:cea75645a274730a,2.0567892,1,0.3241666666666667,0.8866318
banglafake/extracted/final_data/deepfake_data_news/real_wav/485.wav,0,BF-NEWS,unknown,TG:f6abc0c4f8819337,3.8028994,1,0.0991666666666666,0.9781807
banglafake/extracted/final_data/deepfake_data_news/real_wav/486.wav,0,BF-NEWS,unknown,TG:ef5c7241e1c05ae8,3.1252453,1,0.5441666666666667,0.9579222
banglafake/extracted/final_data/deepfake_data_news/real_wav/487.wav,0,BF-NEWS,unknown,TG:6274586e8072b3c6,3.0553524,1,0.1925,0.95501304
banglafake/extracted/final_data/deepfake_data_news/real_wav/488.wav,0,BF-NEWS,unknown,TG:4824407d8da19008,2.3223917,1,0.4708333333333333,0.9107146
banglafake/extracted/final_data/deepfake_data_news/real_wav/489.wav,0,BF-NEWS,unknown,TG:266e038cbb5e0b4d,1.324391,1,0.2158333333333333,0.7899113
banglafake/extracted/final_data/deepfake_data_news/real_wav/49.wav,0,BF-NEWS,unknown,TG:4865048daaf69380,2.84325,1,0.1041666666666666,0.9449687
banglafake/extracted/final_data/deepfake_data_news/real_wav/490.wav,0,BF-NEWS,unknown,TG:cfcf730a52941129,3.079625,1,0.5925,0.9560444
banglafake/extracted/final_data/deepfake_data_news/real_wav/491.wav,0,BF-NEWS,unknown,TG:45ed2ee12b506eae,2.2754939,1,0.3508333333333333,0.90682703
banglafake/extracted/final_data/deepfake_data_news/real_wav/492.wav,0,BF-NEWS,unknown,TG:13fa3251a46ea4bf,2.909868,1,0.3141666666666667,0.9483321
banglafake/extracted/final_data/deepfake_data_news/real_wav/493.wav,0,BF-NEWS,unknown,TG:68fe60ea73122520,2.054816,1,0.4375,0.88643336
banglafake/extracted/final_data/deepfake_data_news/real_wav/494.wav,0,BF-NEWS,unknown,TG:679c6853aaac8f73,3.8768518,1,0.1291666666666666,0.9797045
banglafake/extracted/final_data/deepfake_data_news/real_wav/495.wav,0,BF-NEWS,unknown,TG:6a30b7ba4bbed7ef,2.9861488,1,0.1958333333333333,0.9519445
banglafake/extracted/final_data/deepfake_data_news/real_wav/496.wav,0,BF-NEWS,unknown,TG:a413ee31b271006f,0.80412894,1,0.8141666666666667,0.690857
banglafake/extracted/final_data/deepfake_data_news/real_wav/497.wav,0,BF-NEWS,unknown,TG:6bbf9a75f2f6b354,3.5663226,1,0.3441666666666666,0.972517
banglafake/extracted/final_data/deepfake_data_news/real_wav/498.wav,0,BF-NEWS,unknown,TG:4216f662a6653bea,1.7943419,1,0.3641666666666666,0.8574587
banglafake/extracted/final_data/deepfake_data_news/real_wav/499.wav,0,BF-NEWS,unknown,TG:581f4e0492f98e0d,2.8529527,1,0.7125,0.9454711
banglafake/extracted/final_data/deepfake_data_news/real_wav/5.wav,0,BF-NEWS,unknown,TG:1ad55e7ccbca4b35,3.2414148,1,0.3041666666666667,0.9623634
banglafake/extracted/final_data/deepfake_data_news/real_wav/50.wav,0,BF-NEWS,unknown,TG:66ef6e737fec641c,2.4286802,1,0.7525,0.9189883
banglafake/extracted/final_data/deepfake_data_news/real_wav/500.wav,0,BF-NEWS,unknown,TG:2209ac76768706cb,3.2811182,1,0.1408333333333333,0.96377534
banglafake/extracted/final_data/deepfake_data_news/real_wav/501.wav,0,BF-NEWS,unknown,TG:3c115c98df9d824e,2.402967,1,0.5208333333333333,0.9170533
banglafake/extracted/final_data/deepfake_data_news/real_wav/502.wav,0,BF-NEWS,unknown,TG:e450a8912ac86d4d,2.5324702,1,0.0258333333333333,0.92638695
banglafake/extracted/final_data/deepfake_data_news/real_wav/503.wav,0,BF-NEWS,unknown,TG:9b1f7fd345dd8b6f,2.6643593,2,0.0,0.9348905
banglafake/extracted/final_data/deepfake_data_news/real_wav/504.wav,0,BF-NEWS,unknown,TG:5d77006f30165c5a,2.6152685,1,0.3758333333333333,0.9318378
banglafake/extracted/final_data/deepfake_data_news/real_wav/505.wav,0,BF-NEWS,unknown,TG:11849489f7754948,2.8074198,1,0.1175,0.9430754
banglafake/extracted/final_data/deepfake_data_news/real_wav/506.wav,0,BF-NEWS,unknown,TG:1ebb3c29f7b4dd24,2.5429513,1,0.4608333333333333,0.9270985
banglafake/extracted/final_data/deepfake_data_news/real_wav/507.wav,0,BF-NEWS,unknown,TG:1089cc890a86273d,2.3184445,1,0.4175,0.9103931
banglafake/extracted/final_data/deepfake_data_news/real_wav/508.wav,0,BF-NEWS,unknown,TG:dc5c578a6ddde2d3,2.812585,1,0.1008333333333333,0.94335216
banglafake/extracted/final_data/deepfake_data_news/real_wav/509.wav,0,BF-NEWS,unknown,TG:ba20b876debf76d2,2.7981791,1,0.2175,0.9425774
banglafake/extracted/final_data/deepfake_data_news/real_wav/51.wav,0,BF-NEWS,unknown,TG:017b0c0ea6c39b64,0.8622416,1,0.7275,0.7031288
banglafake/extracted/final_data/deepfake_data_news/real_wav/510.wav,0,BF-NEWS,unknown,TG:50cea9cd660ff3d8,2.9194577,1,0.2175,0.94879997
banglafake/extracted/final_data/deepfake_data_news/real_wav/511.wav,0,BF-NEWS,unknown,TG:63bbe54f51c86132,2.3403502,1,0.3158333333333333,0.91216415
banglafake/extracted/final_data/deepfake_data_news/real_wav/512.wav,0,BF-NEWS,unknown,TG:b783688146337451,2.645622,1,0.6625,0.9337406
banglafake/extracted/final_data/deepfake_data_news/real_wav/513.wav,0,BF-NEWS,unknown,TG:e846940fe50571b1,2.8722892,1,0.2308333333333333,0.9464594
banglafake/extracted/final_data/deepfake_data_news/real_wav/514.wav,0,BF-NEWS,unknown,TG:62240d635e90ae80,3.2609851,1,0.4575,0.96306586
banglafake/extracted/final_data/deepfake_data_news/real_wav/515.wav,0,BF-NEWS,unknown,TG:5b7780fadc557789,3.4375918,1,0.1891666666666667,0.9688589
banglafake/extracted/final_data/deepfake_data_news/real_wav/516.wav,0,BF-NEWS,unknown,TG:c9f83ffeeaca8f49,3.9272614,1,0.4608333333333333,0.98068297
banglafake/extracted/final_data/deepfake_data_news/real_wav/517.wav,0,BF-NEWS,unknown,TG:30c78897d205df9c,2.4165158,1,0.1191666666666666,0.91807806
banglafake/extracted/final_data/deepfake_data_news/real_wav/518.wav,0,BF-NEWS,unknown,TG:10b9ab31bce27961,4.024192,1,0.4875,0.9824362
banglafake/extracted/final_data/deepfake_data_news/real_wav/519.wav,0,BF-NEWS,unknown,TG:661ca924ff4d2221,3.0826695,1,0.2225,0.9561722
banglafake/extracted/final_data/deepfake_data_news/real_wav/52.wav,0,BF-NEWS,unknown,TG:8848908fe794959a,2.4575396,1,0.7008333333333333,0.92111105
banglafake/extracted/final_data/deepfake_data_news/real_wav/520.wav,0,BF-NEWS,unknown,TG:dc1a6d3db58261a9,3.125078,1,0.3441666666666666,0.9579154
banglafake/extracted/final_data/deepfake_data_news/real_wav/521.wav,0,BF-NEWS,unknown,TG:20a6f55974c7c789,3.4931705,1,0.4591666666666666,0.97049284
banglafake/extracted/final_data/deepfake_data_news/real_wav/522.wav,0,BF-NEWS,unknown,TG:ed1f1505c98b4949,3.9016938,1,0.0191666666666666,0.9801926
banglafake/extracted/final_data/deepfake_data_news/real_wav/523.wav,0,BF-NEWS,unknown,TG:26fadf569582286b,3.7809494,1,0.1358333333333333,0.97770727
banglafake/extracted/final_data/deepfake_data_news/real_wav/524.wav,0,BF-NEWS,unknown,TG:2fb7335d78185481,2.7050993,1,0.2674999999999999,0.9373269
banglafake/extracted/final_data/deepfake_data_news/real_wav/525.wav,0,BF-NEWS,unknown,TG:35a8bf695577c76f,4.004753,1,0.3891666666666666,0.98209757
banglafake/extracted/final_data/deepfake_data_news/real_wav/526.wav,0,BF-NEWS,unknown,TG:e0f09b55c7bc5d3d,3.1814873,1,0.1574999999999999,0.96013165
banglafake/extracted/final_data/deepfake_data_news/real_wav/527.wav,0,BF-NEWS,unknown,TG:e32beab5edaffb64,2.5587928,1,0.3125,0.92816204
banglafake/extracted/final_data/deepfake_data_news/real_wav/528.wav,0,BF-NEWS,unknown,TG:2c200bb4f55d55ba,4.256218,1,0.6575,0.98602235
banglafake/extracted/final_data/deepfake_data_news/real_wav/529.wav,0,BF-NEWS,unknown,TG:0c8ad8d72e5a0706,1.9688214,1,0.5341666666666667,0.8774845
banglafake/extracted/final_data/deepfake_data_news/real_wav/53.wav,0,BF-NEWS,unknown,TG:c548ec64cb923b6b,3.156418,1,0.4608333333333333,0.95916086
banglafake/extracted/final_data/deepfake_data_news/real_wav/530.wav,0,BF-NEWS,unknown,TG:7b472eee88582f20,2.0125911,1,0.3041666666666667,0.88211274
banglafake/extracted/final_data/deepfake_data_news/real_wav/531.wav,0,BF-NEWS,unknown,TG:6ec27eb1355c7969,2.850637,1,0.0975,0.94535166
banglafake/extracted/final_data/deepfake_data_news/real_wav/532.wav,0,BF-NEWS,unknown,TG:e27802843651bb3f,3.2196052,1,0.3525,0.9615654
banglafake/extracted/final_data/deepfake_data_news/real_wav/533.wav,0,BF-NEWS,unknown,TG:ce91549e55886835,2.6041458,1,0.4808333333333333,0.93112797
banglafake/extracted/final_data/deepfake_data_news/real_wav/534.wav,0,BF-NEWS,unknown,TG:e99c3cde59edd06a,2.5613513,1,0.0991666666666666,0.92833245
banglafake/extracted/final_data/deepfake_data_news/real_wav/535.wav,0,BF-NEWS,unknown,TG:7c1643ac0fa28648,3.2595277,2,0.0,0.963014
banglafake/extracted/final_data/deepfake_data_news/real_wav/536.wav,0,BF-NEWS,unknown,TG:01440612c4103706,2.5549645,1,0.2091666666666666,0.92790633
banglafake/extracted/final_data/deepfake_data_news/real_wav/537.wav,0,BF-NEWS,unknown,TG:404c704a41908073,2.5981812,1,0.0991666666666666,0.93074447
banglafake/extracted/final_data/deepfake_data_news/real_wav/538.wav,0,BF-NEWS,unknown,TG:c30898d3e245a96e,3.4666114,1,0.4475,0.9697226
banglafake/extracted/final_data/deepfake_data_news/real_wav/539.wav,0,BF-NEWS,unknown,TG:6e9763fa0063f6ff,2.9713728,1,0.1141666666666666,0.95126396
banglafake/extracted/final_data/deepfake_data_news/real_wav/54.wav,0,BF-NEWS,unknown,TG:1c05c74afc09229e,2.4818208,1,0.2724999999999999,0.9228575
banglafake/extracted/final_data/deepfake_data_news/real_wav/540.wav,0,BF-NEWS,unknown,TG:50fd8e070964c43f,1.685855,1,0.6475,0.8436783
banglafake/extracted/final_data/deepfake_data_news/real_wav/541.wav,0,BF-NEWS,unknown,TG:0a944676ee0b4433,3.2004972,1,0.0841666666666666,0.960853
banglafake/extracted/final_data/deepfake_data_news/real_wav/542.wav,0,BF-NEWS,unknown,TG:13d97ffec4f066eb,3.2674131,1,0.4525,0.9632938
banglafake/extracted/final_data/deepfake_data_news/real_wav/543.wav,0,BF-NEWS,unknown,TG:e4cc3b7b5811943f,3.8370063,1,0.3075,0.9788969
banglafake/extracted/final_data/deepfake_data_news/real_wav/544.wav,0,BF-NEWS,unknown,TG:e34c0c13c4fd7f5d,3.0900948,1,0.3774999999999999,0.9564823
banglafake/extracted/final_data/deepfake_data_news/real_wav/545.wav,0,BF-NEWS,unknown,TG:e0e95b528d31e813,2.2806542,1,0.1391666666666666,0.9072621
banglafake/extracted/final_data/deepfake_data_news/real_wav/546.wav,0,BF-NEWS,unknown,TG:4376aacac2c2e2e8,2.8284516,1,0.1208333333333333,0.9441941
banglafake/extracted/final_data/deepfake_data_news/real_wav/547.wav,0,BF-NEWS,unknown,TG:34775ea1d51650b5,3.2712266,1,0.2491666666666666,0.96342844
banglafake/extracted/final_data/deepfake_data_news/real_wav/548.wav,0,BF-NEWS,unknown,TG:f252fe290a2c869f,2.4323757,1,0.7158333333333333,0.91926306
banglafake/extracted/final_data/deepfake_data_news/real_wav/549.wav,0,BF-NEWS,unknown,TG:aeeb220eb32014c1,2.7459834,1,0.2125,0.9396861
banglafake/extracted/final_data/deepfake_data_news/real_wav/55.wav,0,BF-NEWS,unknown,TG:25f858e7c1c0f4ed,1.8587371,1,0.5291666666666667,0.8651497
banglafake/extracted/final_data/deepfake_data_news/real_wav/550.wav,0,BF-NEWS,unknown,TG:69470fb371f7c9c4,2.0264046,1,0.4908333333333333,0.8835417
banglafake/extracted/final_data/deepfake_data_news/real_wav/551.wav,0,BF-NEWS,unknown,TG:cc62e6fcb59d8fb0,3.3303447,1,0.5025,0.96545523
banglafake/extracted/final_data/deepfake_data_news/real_wav/552.wav,0,BF-NEWS,unknown,TG:c58174b07650e396,4.2098374,1,0.7091666666666667,0.98536843
banglafake/extracted/final_data/deepfake_data_news/real_wav/553.wav,0,BF-NEWS,unknown,TG:4b05f9bcc6f80a2b,2.2723925,1,0.6108333333333333,0.90656465
banglafake/extracted/final_data/deepfake_data_news/real_wav/554.wav,0,BF-NEWS,unknown,TG:aa84abcc3ddb5ae5,3.3235455,1,0.4991666666666666,0.9652277
banglafake/extracted/final_data/deepfake_data_news/real_wav/555.wav,0,BF-NEWS,unknown,TG:3830a05548ceb05f,2.9230218,1,0.2524999999999999,0.9489729
banglafake/extracted/final_data/deepfake_data_news/real_wav/556.wav,0,BF-NEWS,unknown,TG:fafd8b812873d7bb,3.1038485,1,0.4658333333333333,0.95705116
banglafake/extracted/final_data/deepfake_data_news/real_wav/557.wav,0,BF-NEWS,unknown,TG:8ce2fb9d38fc8b6a,0.45487952,1,0.5558333333333334,0.61179876
banglafake/extracted/final_data/deepfake_data_news/real_wav/558.wav,0,BF-NEWS,unknown,TG:5ea1beb7390b6fd0,2.514261,1,0.1691666666666667,0.9251355
banglafake/extracted/final_data/deepfake_data_news/real_wav/559.wav,0,BF-NEWS,unknown,TG:86d830b00581985b,1.8211329,1,0.2708333333333333,0.860702
banglafake/extracted/final_data/deepfake_data_news/real_wav/56.wav,0,BF-NEWS,unknown,TG:51e6e17889918b18,0.99239147,1,0.7808333333333333,0.72956
banglafake/extracted/final_data/deepfake_data_news/real_wav/560.wav,0,BF-NEWS,unknown,TG:a3be2609367a8608,2.308769,1,0.6291666666666667,0.90960073
banglafake/extracted/final_data/deepfake_data_news/real_wav/561.wav,0,BF-NEWS,unknown,TG:fa112a4672bd4705,1.7667263,1,0.7441666666666666,0.8540501
banglafake/extracted/final_data/deepfake_data_news/real_wav/562.wav,0,BF-NEWS,unknown,TG:21790d6f68978996,2.8822837,1,0.1841666666666667,0.9469637
banglafake/extracted/final_data/deepfake_data_news/real_wav/563.wav,0,BF-NEWS,unknown,TG:8be6324dc03f4dd1,2.6514194,1,0.2408333333333333,0.93409836
banglafake/extracted/final_data/deepfake_data_news/real_wav/564.wav,0,BF-NEWS,unknown,TG:e3ae95a11d4c6b64,3.6856585,1,0.3141666666666667,0.97553295
banglafake/extracted/final_data/deepfake_data_news/real_wav/565.wav,0,BF-NEWS,unknown,TG:45fe5c6d50da5f66,3.765801,1,0.1258333333333333,0.97737473
banglafake/extracted/final_data/deepfake_data_news/real_wav/566.wav,0,BF-NEWS,unknown,TG:d45e8c336234a8f3,3.649781,1,0.4741666666666666,0.9746619
banglafake/extracted/final_data/deepfake_data_news/real_wav/567.wav,0,BF-NEWS,unknown,TG:03b9a4720236f241,2.5834703,1,0.1308333333333333,0.9297902
banglafake/extracted/final_data/deepfake_data_news/real_wav/568.wav,0,BF-NEWS,unknown,TG:4e563d6e0fd0d84e,2.880582,1,0.5625,0.9468782
banglafake/extracted/final_data/deepfake_data_news/real_wav/569.wav,0,BF-NEWS,unknown,TG:6a16901ea6aa60be,3.466252,1,0.2008333333333333,0.9697121
banglafake/extracted/final_data/deepfake_data_news/real_wav/57.wav,0,BF-NEWS,unknown,TG:82a5304378016afb,2.2421236,1,0.0074999999999999,0.903969
banglafake/extracted/final_data/deepfake_data_news/real_wav/570.wav,0,BF-NEWS,unknown,TG:5373e7f9832b0a52,3.5066295,1,0.3275,0.97087586
banglafake/extracted/final_data/deepfake_data_news/real_wav/571.wav,0,BF-NEWS,unknown,TG:6ac2f08dbf8599fd,3.278978,1,0.7508333333333334,0.9637006
banglafake/extracted/final_data/deepfake_data_news/real_wav/572.wav,0,BF-NEWS,unknown,TG:5c0ae48a426d2fa5,3.819525,1,0.3858333333333333,0.97853273
banglafake/extracted/final_data/deepfake_data_news/real_wav/573.wav,0,BF-NEWS,unknown,TG:ada1dad5509954e6,2.3516257,1,0.6158333333333333,0.91306335
banglafake/extracted/final_data/deepfake_data_news/real_wav/574.wav,0,BF-NEWS,unknown,TG:3a6f1fe2bccdffa1,3.186744,1,0.3658333333333333,0.9603324
banglafake/extracted/final_data/deepfake_data_news/real_wav/575.wav,0,BF-NEWS,unknown,TG:e77e3166261f3323,2.671392,1,0.8674999999999999,0.9353173
banglafake/extracted/final_data/deepfake_data_news/real_wav/576.wav,0,BF-NEWS,unknown,TG:8e8a4da67ede5b8f,3.5802352,1,0.4141666666666667,0.9728865
banglafake/extracted/final_data/deepfake_data_news/real_wav/577.wav,0,BF-NEWS,unknown,TG:348324b6ad61ea9c,3.0220551,1,0.3158333333333333,0.9535606
banglafake/extracted/final_data/deepfake_data_news/real_wav/578.wav,0,BF-NEWS,unknown,TG:060d44df3bc62eee,1.2939401,1,0.3758333333333333,0.78481334
banglafake/extracted/final_data/deepfake_data_news/real_wav/579.wav,0,BF-NEWS,unknown,TG:e791b23b9fb1289c,2.96821,1,0.0641666666666667,0.95111716
banglafake/extracted/final_data/deepfake_data_news/real_wav/58.wav,0,BF-NEWS,unknown,TG:4c5ebf7b53d35c6d,2.760396,1,0.7141666666666666,0.94049776
banglafake/extracted/final_data/deepfake_data_news/real_wav/580.wav,0,BF-NEWS,unknown,TG:0dcf397cecf812e0,3.2589064,1,0.5591666666666666,0.9629918
banglafake/extracted/final_data/deepfake_data_news/real_wav/581.wav,0,BF-NEWS,unknown,TG:5201cf89bdede09e,2.7394738,1,0.6008333333333333,0.93931615
banglafake/extracted/final_data/deepfake_data_news/real_wav/582.wav,0,BF-NEWS,unknown,TG:68f1e9e373c0e692,3.242507,1,0.0891666666666666,0.96240294
banglafake/extracted/final_data/deepfake_data_news/real_wav/583.wav,0,BF-NEWS,unknown,TG:c6d7a34b8937ff41,2.128052,1,0.5041666666666667,0.8936
banglafake/extracted/final_data/deepfake_data_news/real_wav/584.wav,0,BF-NEWS,unknown,TG:8b83b020694e9052,2.2479906,1,0.6158333333333333,0.90447706
banglafake/extracted/final_data/deepfake_data_news/real_wav/585.wav,0,BF-NEWS,unknown,TG:2bb192e9a28a135d,3.9687004,1,0.3974999999999999,0.9814525
banglafake/extracted/final_data/deepfake_data_news/real_wav/586.wav,0,BF-NEWS,unknown,TG:4a174ae556f47c1d,4.019778,1,0.4258333333333333,0.98235977
banglafake/extracted/final_data/deepfake_data_news/real_wav/587.wav,0,BF-NEWS,unknown,TG:8d57058dac01abfc,4.4367104,1,0.5508333333333333,0.98830354
banglafake/extracted/final_data/deepfake_data_news/real_wav/588.wav,0,BF-NEWS,unknown,TG:f9d783361b949029,2.6305149,1,0.0191666666666666,0.9327998
banglafake/extracted/final_data/deepfake_data_news/real_wav/589.wav,0,BF-NEWS,unknown,TG:f1a630640e64812f,2.885085,1,0.0391666666666666,0.9471042
banglafake/extracted/final_data/deepfake_data_news/real_wav/59.wav,0,BF-NEWS,unknown,TG:67736710632ce8c1,2.5689797,1,0.2975,0.9288383
banglafake/extracted/final_data/deepfake_data_news/real_wav/590.wav,0,BF-NEWS,unknown,TG:5e725995f67bbc16,2.516015,1,0.4825,0.92525697
banglafake/extracted/final_data/deepfake_data_news/real_wav/591.wav,0,BF-NEWS,unknown,TG:333f1da60950e610,2.5656803,1,0.2091666666666666,0.9286199
banglafake/extracted/final_data/deepfake_data_news/real_wav/592.wav,0,BF-NEWS,unknown,TG:03b6e603fecb279e,3.9498038,1,0.3808333333333333,0.9811054
banglafake/extracted/final_data/deepfake_data_news/real_wav/593.wav,0,BF-NEWS,unknown,TG:2fc199989cfe0afc,1.8302023,1,0.3508333333333333,0.8617858
banglafake/extracted/final_data/deepfake_data_news/real_wav/594.wav,0,BF-NEWS,unknown,TG:40679c133eb504d5,2.5370708,1,0.0524999999999999,0.9267001
banglafake/extracted/final_data/deepfake_data_news/real_wav/595.wav,0,BF-NEWS,unknown,TG:618b814e3193ebd4,2.9127467,1,0.2975,0.948473
banglafake/extracted/final_data/deepfake_data_news/real_wav/596.wav,0,BF-NEWS,unknown,TG:3339ad218921e0b4,2.9144664,1,0.1875,0.94855696
banglafake/extracted/final_data/deepfake_data_news/real_wav/597.wav,0,BF-NEWS,unknown,TG:6ed12b31f63db46d,3.6149528,1,0.1108333333333333,0.9737874
banglafake/extracted/final_data/deepfake_data_news/real_wav/598.wav,0,BF-NEWS,unknown,TG:689d3f044e8f83ce,2.551751,1,0.2258333333333333,0.92769104
banglafake/extracted/final_data/deepfake_data_news/real_wav/599.wav,0,BF-NEWS,unknown,TG:8580221e912d7ef2,2.0753813,1,0.0024999999999999,0.8884873
banglafake/extracted/final_data/deepfake_data_news/real_wav/6.wav,0,BF-NEWS,unknown,TG:c1a77f186f4c3338,2.1569808,1,0.6275,0.8963193
banglafake/extracted/final_data/deepfake_data_news/real_wav/60.wav,0,BF-NEWS,unknown,TG:f713500ed8ba0c52,2.716999,1,0.2574999999999999,0.9380223
banglafake/extracted/final_data/deepfake_data_news/real_wav/600.wav,0,BF-NEWS,unknown,TG:21ed7bc855bc31df,2.979906,2,0.0,0.95165807
banglafake/extracted/final_data/deepfake_data_news/real_wav/601.wav,0,BF-NEWS,unknown,TG:5e17cc3285f08118,2.0070584,1,0.3058333333333333,0.8815361
banglafake/extracted/final_data/deepfake_data_news/real_wav/602.wav,0,BF-NEWS,unknown,TG:8b62d46009974850,3.6143103,2,0.0,0.97377104
banglafake/extracted/final_data/deepfake_data_news/real_wav/603.wav,0,BF-NEWS,unknown,TG:b06e57c68756279d,2.795269,2,0.0,0.9424196
banglafake/extracted/final_data/deepfake_data_news/real_wav/604.wav,0,BF-NEWS,unknown,TG:09e6083a33a2bfa3,3.2241554,1,0.4258333333333333,0.9617333
banglafake/extracted/final_data/deepfake_data_news/real_wav/605.wav,0,BF-NEWS,unknown,TG:cef1ac40cdf4112b,0.7647481,1,0.6458333333333333,0.6823837
banglafake/extracted/final_data/deepfake_data_news/real_wav/606.wav,0,BF-NEWS,unknown,TG:e3b114b01b509ee4,1.7559539,1,0.2791666666666667,0.8527022
banglafake/extracted/final_data/deepfake_data_news/real_wav/607.wav,0,BF-NEWS,unknown,TG:c5efe23193c86bb6,3.740928,1,0.5025,0.9768181
banglafake/extracted/final_data/deepfake_data_news/real_wav/608.wav,0,BF-NEWS,unknown,TG:5debff224caf3db5,1.6987591,1,0.4175,0.8453726
banglafake/extracted/final_data/deepfake_data_news/real_wav/609.wav,0,BF-NEWS,unknown,TG:d75f4dccbd59b86c,3.632858,1,0.2574999999999999,0.9742406
banglafake/extracted/final_data/deepfake_data_news/real_wav/61.wav,0,BF-NEWS,unknown,TG:86f6abd38d7755ea,3.8408308,1,0.2408333333333333,0.9789757
banglafake/extracted/final_data/deepfake_data_news/real_wav/610.wav,0,BF-NEWS,unknown,TG:9f051ab85a4dd2c1,1.6131175,1,0.1725,0.8338437
banglafake/extracted/final_data/deepfake_data_news/real_wav/611.wav,0,BF-NEWS,unknown,TG:632651a436ce228b,3.4374247,1,0.1391666666666666,0.96885383
banglafake/extracted/final_data/deepfake_data_news/real_wav/612.wav,0,BF-NEWS,unknown,TG:dcf20619a485f4a3,3.8617995,1,0.2058333333333333,0.9794031
banglafake/extracted/final_data/deepfake_data_news/real_wav/613.wav,0,BF-NEWS,unknown,TG:7fde7849b6d89fd9,3.7625067,1,0.3508333333333333,0.9773018
banglafake/extracted/final_data/deepfake_data_news/real_wav/614.wav,0,BF-NEWS,unknown,TG:b2deae1cbef17019,3.7695131,1,0.2208333333333333,0.9774566
banglafake/extracted/final_data/deepfake_data_news/real_wav/615.wav,0,BF-NEWS,unknown,TG:cb8979984561d263,3.4192882,1,0.2991666666666667,0.96830195
banglafake/extracted/final_data/deepfake_data_news/real_wav/616.wav,0,BF-NEWS,unknown,TG:ffe1b1f2b76e653c,2.294324,1,0.1308333333333333,0.9084058
banglafake/extracted/final_data/deepfake_data_news/real_wav/617.wav,0,BF-NEWS,unknown,TG:e85cc4d4e46cb024,3.238791,1,0.2858333333333334,0.96226823
banglafake/extracted/final_data/deepfake_data_news/real_wav/618.wav,0,BF-NEWS,unknown,TG:502d9564f07e2b3a,2.6267636,1,0.4558333333333333,0.9325643
banglafake/extracted/final_data/deepfake_data_news/real_wav/619.wav,0,BF-NEWS,unknown,TG:ccd02f813bb1c23a,2.7571788,1,0.4191666666666667,0.9403175
banglafake/extracted/final_data/deepfake_data_news/real_wav/62.wav,0,BF-NEWS,unknown,TG:ae70b31d1a905b0d,2.434819,1,0.5008333333333334,0.9194442
banglafake/extracted/final_data/deepfake_data_news/real_wav/620.wav,0,BF-NEWS,unknown,TG:4ebccc41d80c77dd,3.798072,1,0.4408333333333333,0.9780774
banglafake/extracted/final_data/deepfake_data_news/real_wav/621.wav,0,BF-NEWS,unknown,TG:d557fd097b64565e,2.0530927,1,0.2558333333333333,0.88625973
banglafake/extracted/final_data/deepfake_data_news/real_wav/622.wav,0,BF-NEWS,unknown,TG:47a2421fdd49761c,3.3737242,1,0.3125,0.96687317
banglafake/extracted/final_data/deepfake_data_news/real_wav/623.wav,0,BF-NEWS,unknown,TG:b65b8db6b9d4ff32,3.5131667,1,0.1758333333333332,0.97106004
banglafake/extracted/final_data/deepfake_data_news/real_wav/624.wav,0,BF-NEWS,unknown,TG:c5bf1328309683d8,3.5463188,1,0.0825,0.97197735
banglafake/extracted/final_data/deepfake_data_news/real_wav/625.wav,0,BF-NEWS,unknown,TG:c7e8f1e3fa4d8f14,3.8212981,1,0.3341666666666666,0.97857
banglafake/extracted/final_data/deepfake_data_news/real_wav/626.wav,0,BF-NEWS,unknown,TG:b80864c87ead9647,3.6350157,1,0.6691666666666667,0.97429466
banglafake/extracted/final_data/deepfake_data_news/real_wav/627.wav,0,BF-NEWS,unknown,TG:af38a71133f60f45,2.0773938,1,0.4375,0.8886864
banglafake/extracted/final_data/deepfake_data_news/real_wav/628.wav,0,BF-NEWS,unknown,TG:aefca06b17692e45,2.3853045,1,0.3591666666666666,0.91569984
banglafake/extracted/final_data/deepfake_data_news/real_wav/629.wav,0,BF-NEWS,unknown,TG:fae235b6918ac32c,3.813054,2,0.0,0.97839636
banglafake/extracted/final_data/deepfake_data_news/real_wav/63.wav,0,BF-NEWS,unknown,TG:422ca276c41b2e08,2.6957629,1,0.3241666666666667,0.9367762
banglafake/extracted/final_data/deepfake_data_news/real_wav/630.wav,0,BF-NEWS,unknown,TG:46f61a8e8fd4ee2e,1.8735486,1,0.1158333333333333,0.8668684
banglafake/extracted/final_data/deepfake_data_news/real_wav/631.wav,0,BF-NEWS,unknown,TG:f945398154ffe7d8,3.0253043,1,0.2908333333333334,0.95370424
banglafake/extracted/final_data/deepfake_data_news/real_wav/632.wav,0,BF-NEWS,unknown,TG:eeffc9f14fda9c4d,3.1647265,1,0.2624999999999999,0.95948505
banglafake/extracted/final_data/deepfake_data_news/real_wav/633.wav,0,BF-NEWS,unknown,TG:403b4b00b3903b33,4.1324306,1,0.1008333333333333,0.98420954
banglafake/extracted/final_data/deepfake_data_news/real_wav/634.wav,0,BF-NEWS,unknown,TG:68818a8a2ab7bf79,1.7707053,1,0.5208333333333333,0.85454535
banglafake/extracted/final_data/deepfake_data_news/real_wav/635.wav,0,BF-NEWS,unknown,TG:6f58bf1e24c7030b,2.8097851,1,0.1574999999999999,0.94320226
banglafake/extracted/final_data/deepfake_data_news/real_wav/636.wav,0,BF-NEWS,unknown,TG:dde924f0acea4e5d,2.1809301,1,0.4425,0.89852387
banglafake/extracted/final_data/deepfake_data_news/real_wav/637.wav,0,BF-NEWS,unknown,TG:a282fb10379c7241,4.7580996,1,0.1925,0.99149114
banglafake/extracted/final_data/deepfake_data_news/real_wav/638.wav,0,BF-NEWS,unknown,TG:5d73a30673248c18,3.442171,1,0.3175,0.96899676
banglafake/extracted/final_data/deepfake_data_news/real_wav/639.wav,0,BF-NEWS,unknown,TG:2c14123553aa0863,4.1524835,1,0.9691666666666666,0.9845181
banglafake/extracted/final_data/deepfake_data_news/real_wav/64.wav,0,BF-NEWS,unknown,TG:a677460727722636,4.766425,1,0.3791666666666666,0.9915611
banglafake/extracted/final_data/deepfake_data_news/real_wav/640.wav,0,BF-NEWS,unknown,TG:bc788569e6389cb7,2.8110962,2,0.0,0.9432725
banglafake/extracted/final_data/deepfake_data_news/real_wav/641.wav,0,BF-NEWS,unknown,TG:b199ce8ec27ef7db,2.9803696,2,0.0,0.95167935
banglafake/extracted/final_data/deepfake_data_news/real_wav/642.wav,0,BF-NEWS,unknown,TG:2f793924264c9245,2.3415658,1,0.6141666666666667,0.91226155
banglafake/extracted/final_data/deepfake_data_news/real_wav/643.wav,0,BF-NEWS,unknown,TG:0451fd9f8b5e774a,2.8575304,1,0.3291666666666667,0.94570667
banglafake/extracted/final_data/deepfake_data_news/real_wav/644.wav,0,BF-NEWS,unknown,TG:2d9e581c92535d9d,2.5747473,2,0.0,0.9292186
banglafake/extracted/final_data/deepfake_data_news/real_wav/645.wav,0,BF-NEWS,unknown,TG:4799a4daa506b149,1.1098255,1,0.7708333333333334,0.75209653
banglafake/extracted/final_data/deepfake_data_news/real_wav/646.wav,0,BF-NEWS,unknown,TG:d45313dd2f930c14,2.3126595,1,0.1841666666666667,0.9099201
banglafake/extracted/final_data/deepfake_data_news/real_wav/647.wav,0,BF-NEWS,unknown,TG:0a098477f96d785c,2.4063773,1,0.1108333333333333,0.91731226
banglafake/extracted/final_data/deepfake_data_news/real_wav/648.wav,0,BF-NEWS,unknown,TG:9b4a8abc9044d9c5,3.2643278,1,0.0474999999999999,0.96318454
banglafake/extracted/final_data/deepfake_data_news/real_wav/649.wav,0,BF-NEWS,unknown,TG:55516ac28a3987c8,3.5713034,1,0.2475,0.9726499
banglafake/extracted/final_data/deepfake_data_news/real_wav/65.wav,0,BF-NEWS,unknown,TG:01c2f57b4755052c,3.7148511,1,0.0925,0.97622013
banglafake/extracted/final_data/deepfake_data_news/real_wav/650.wav,0,BF-NEWS,unknown,TG:ff6368912f9de599,2.1954694,1,0.1808333333333333,0.8998419
banglafake/extracted/final_data/deepfake_data_news/real_wav/651.wav,0,BF-NEWS,unknown,TG:a9a20a4c8f75980f,2.3199875,1,0.5925,0.9105189
banglafake/extracted/final_data/deepfake_data_news/real_wav/652.wav,0,BF-NEWS,unknown,TG:54edacb006a51963,2.3606424,1,0.6091666666666666,0.9137764
banglafake/extracted/final_data/deepfake_data_news/real_wav/653.wav,0,BF-NEWS,unknown,TG:5f7b900f1d0eca1f,2.322199,1,0.1291666666666666,0.9106989
banglafake/extracted/final_data/deepfake_data_news/real_wav/654.wav,0,BF-NEWS,unknown,TG:b334fa8aeec6bb75,3.1345348,1,0.1991666666666667,0.95829505
banglafake/extracted/final_data/deepfake_data_news/real_wav/655.wav,0,BF-NEWS,unknown,TG:484b5c0b0d4150eb,3.4549112,1,0.0675,0.9693773
banglafake/extracted/final_data/deepfake_data_news/real_wav/656.wav,0,BF-NEWS,unknown,TG:4e68163ec7206764,2.711191,1,0.6141666666666667,0.93768376
banglafake/extracted/final_data/deepfake_data_news/real_wav/657.wav,0,BF-NEWS,unknown,TG:cce3dc2bad9d7e77,2.6317282,1,0.6541666666666667,0.9328758
banglafake/extracted/final_data/deepfake_data_news/real_wav/658.wav,0,BF-NEWS,unknown,TG:914b3223333468c7,2.9055767,1,0.1508333333333333,0.9481215
banglafake/extracted/final_data/deepfake_data_news/real_wav/659.wav,0,BF-NEWS,unknown,TG:0bc8321c08c45f9e,2.851665,1,0.4441666666666667,0.9454047
banglafake/extracted/final_data/deepfake_data_news/real_wav/66.wav,0,BF-NEWS,unknown,TG:d53c0f3be7d6bfbd,1.9932542,1,0.2141666666666666,0.88008696
banglafake/extracted/final_data/deepfake_data_news/real_wav/660.wav,0,BF-NEWS,unknown,TG:150ef1bdaec79bca,2.4864874,1,0.3441666666666666,0.92318916
banglafake/extracted/final_data/deepfake_data_news/real_wav/661.wav,0,BF-NEWS,unknown,TG:dd8e24bbf7aeb49c,3.5437272,1,0.5858333333333333,0.97190666
banglafake/extracted/final_data/deepfake_data_news/real_wav/662.wav,0,BF-NEWS,unknown,TG:e38dd96970e77a61,2.2812846,1,0.5325,0.9073151
banglafake/extracted/final_data/deepfake_data_news/real_wav/663.wav,0,BF-NEWS,unknown,TG:7f77027c2e6963e8,2.6688828,1,0.4808333333333333,0.93516535
banglafake/extracted/final_data/deepfake_data_news/real_wav/664.wav,0,BF-NEWS,unknown,TG:518b7775fff2fb3c,1.8451188,1,0.0858333333333333,0.863553
banglafake/extracted/final_data/deepfake_data_news/real_wav/665.wav,0,BF-NEWS,unknown,TG:c0e25e0ab6dcec75,3.231507,1,0.5575,0.9620028
banglafake/extracted/final_data/deepfake_data_news/real_wav/666.wav,0,BF-NEWS,unknown,TG:e910c62a39b48448,1.1908932,1,0.2541666666666666,0.76690084
banglafake/extracted/final_data/deepfake_data_news/real_wav/667.wav,0,BF-NEWS,unknown,TG:539488b0ec0bf1ef,3.2101438,1,0.0975,0.96121424
banglafake/extracted/final_data/deepfake_data_news/real_wav/668.wav,0,BF-NEWS,unknown,TG:d6c327cd48a33941,2.7442672,1,0.1991666666666667,0.9395887
banglafake/extracted/final_data/deepfake_data_news/real_wav/669.wav,0,BF-NEWS,unknown,TG:d6b7864c79633a0a,2.7378683,1,0.2158333333333333,0.93922454
banglafake/extracted/final_data/deepfake_data_news/real_wav/67.wav,0,BF-NEWS,unknown,TG:0ed95fa2f5010a3a,2.8855321,1,0.3941666666666666,0.94712657
banglafake/extracted/final_data/deepfake_data_news/real_wav/670.wav,0,BF-NEWS,unknown,TG:ee24d4f097ed8dfa,3.5283449,1,0.1091666666666666,0.9714835
banglafake/extracted/final_data/deepfake_data_news/real_wav/671.wav,0,BF-NEWS,unknown,TG:b92992d79f8beea4,2.544104,1,0.1008333333333333,0.9271764
banglafake/extracted/final_data/deepfake_data_news/real_wav/672.wav,0,BF-NEWS,unknown,TG:2df7243686d86655,1.8474265,1,0.2258333333333333,0.86382467
banglafake/extracted/final_data/deepfake_data_news/real_wav/673.wav,0,BF-NEWS,unknown,TG:69c0bfa01181b065,2.7859962,1,0.3908333333333333,0.9419143
banglafake/extracted/final_data/deepfake_data_news/real_wav/674.wav,0,BF-NEWS,unknown,TG:31c24c2dfb883f20,2.5190895,1,0.3791666666666666,0.9254693
banglafake/extracted/final_data/deepfake_data_news/real_wav/675.wav,0,BF-NEWS,unknown,TG:6aa8ae5e97e22ed4,2.002706,1,0.3041666666666667,0.88108087
banglafake/extracted/final_data/deepfake_data_news/real_wav/676.wav,0,BF-NEWS,unknown,TG:62412298600c23ab,1.8926299,1,0.0991666666666666,0.8690551
banglafake/extracted/final_data/deepfake_data_news/real_wav/677.wav,0,BF-NEWS,unknown,TG:38e3dcad16d6252d,2.6022968,1,0.5941666666666667,0.9310093
banglafake/extracted/final_data/deepfake_data_news/real_wav/678.wav,0,BF-NEWS,unknown,TG:a2b3180ee4f88628,2.4829605,1,0.4458333333333333,0.92293864
banglafake/extracted/final_data/deepfake_data_news/real_wav/679.wav,0,BF-NEWS,unknown,TG:59aa580a5feef297,1.7208372,1,0.7891666666666667,0.8482366
banglafake/extracted/final_data/deepfake_data_news/real_wav/68.wav,0,BF-NEWS,unknown,TG:9dbc356b913e07bc,3.192347,1,0.4508333333333333,0.96054524
banglafake/extracted/final_data/deepfake_data_news/real_wav/680.wav,0,BF-NEWS,unknown,TG:2d90092ffd3eed97,1.6765232,1,0.6375,0.84244365
banglafake/extracted/final_data/deepfake_data_news/real_wav/681.wav,0,BF-NEWS,unknown,TG:971c96ffa15ea511,2.218799,1,0.5758333333333333,0.901925
banglafake/extracted/final_data/deepfake_data_news/real_wav/682.wav,0,BF-NEWS,unknown,TG:ea1ba47b0b90aa4f,2.444167,1,0.5441666666666667,0.9201338
banglafake/extracted/final_data/deepfake_data_news/real_wav/683.wav,0,BF-NEWS,unknown,TG:e8892f8a28efd19a,1.9345226,1,0.1158333333333333,0.8737492
banglafake/extracted/final_data/deepfake_data_news/real_wav/684.wav,0,BF-NEWS,unknown,TG:bcd84b655632b5f9,2.3638299,1,0.0241666666666666,0.9140272
banglafake/extracted/final_data/deepfake_data_news/real_wav/685.wav,0,BF-NEWS,unknown,TG:ed5b51dd3d49519d,3.45757,1,0.3575,0.96945614
banglafake/extracted/final_data/deepfake_data_news/real_wav/686.wav,0,BF-NEWS,unknown,TG:e4ae7b8e9ce2bd55,2.1807237,1,0.3108333333333333,0.8985051
banglafake/extracted/final_data/deepfake_data_news/real_wav/687.wav,0,BF-NEWS,unknown,TG:53fafd7bf8bc25db,1.5729244,1,0.4225,0.8282001
banglafake/extracted/final_data/deepfake_data_news/real_wav/688.wav,0,BF-NEWS,unknown,TG:db5ecaea621f5eaa,3.7782457,1,0.6741666666666667,0.97764826
banglafake/extracted/final_data/deepfake_data_news/real_wav/689.wav,0,BF-NEWS,unknown,TG:238720e3d9f1b04e,1.9625947,1,0.4258333333333333,0.8768135
banglafake/extracted/final_data/deepfake_data_news/real_wav/69.wav,0,BF-NEWS,unknown,TG:25fdeebbfea91808,2.562279,1,0.2708333333333333,0.9283941
banglafake/extracted/final_data/deepfake_data_news/real_wav/690.wav,0,BF-NEWS,unknown,TG:cb36013c354f6f05,2.2530103,1,0.7741666666666667,0.9049099
banglafake/extracted/final_data/deepfake_data_news/real_wav/691.wav,0,BF-NEWS,unknown,TG:27dd83f9392bdb36,2.5414104,1,0.7091666666666667,0.9269943
banglafake/extracted/final_data/deepfake_data_news/real_wav/692.wav,0,BF-NEWS,unknown,TG:735c085dd18fcf49,2.132109,1,0.4741666666666666,0.8939851
banglafake/extracted/final_data/deepfake_data_news/real_wav/693.wav,0,BF-NEWS,unknown,TG:95ca1a956e316c2b,3.0319133,1,0.5941666666666667,0.9539952
banglafake/extracted/final_data/deepfake_data_news/real_wav/694.wav,0,BF-NEWS,unknown,TG:6c1726d77fa9bf7e,1.7835456,1,0.2425,0.8561342
banglafake/extracted/final_data/deepfake_data_news/real_wav/695.wav,0,BF-NEWS,unknown,TG:d149d96f4989d989,2.7346683,1,0.6341666666666667,0.9390416
banglafake/extracted/final_data/deepfake_data_news/real_wav/696.wav,0,BF-NEWS,unknown,TG:ec4263f711af494a,3.4042625,1,0.6375,0.9678375
banglafake/extracted/final_data/deepfake_data_news/real_wav/697.wav,0,BF-NEWS,unknown,TG:cbfa2f79e69271bc,2.2590318,1,0.6825,0.9054268
banglafake/extracted/final_data/deepfake_data_news/real_wav/698.wav,0,BF-NEWS,unknown,TG:00c9d5329ba95539,3.223238,1,0.3458333333333333,0.9616994
banglafake/extracted/final_data/deepfake_data_news/real_wav/699.wav,0,BF-NEWS,unknown,TG:d50ee47af7ba19d4,3.7756238,1,0.6558333333333333,0.9775909
banglafake/extracted/final_data/deepfake_data_news/real_wav/7.wav,0,BF-NEWS,unknown,TG:84f37b4bb5fcf76d,2.5484242,1,0.2991666666666667,0.92746764
banglafake/extracted/final_data/deepfake_data_news/real_wav/70.wav,0,BF-NEWS,unknown,TG:f44ce79afd6c5516,2.7758212,1,0.5608333333333333,0.94135517
banglafake/extracted/final_data/deepfake_data_news/real_wav/700.wav,0,BF-NEWS,unknown,TG:40c3a2da58361f5d,1.4927212,1,0.5675,0.81648636
banglafake/extracted/final_data/deepfake_data_news/real_wav/701.wav,0,BF-NEWS,unknown,TG:8dff5ee648b01580,4.001628,1,0.6508333333333334,0.9820425
banglafake/extracted/final_data/deepfake_data_news/real_wav/702.wav,0,BF-NEWS,unknown,TG:f94727014714daa3,3.8259394,1,0.2325,0.97866714
banglafake/extracted/final_data/deepfake_data_news/real_wav/703.wav,0,BF-NEWS,unknown,TG:34bd68e251681967,3.4080396,1,0.4024999999999999,0.9679548
banglafake/extracted/final_data/deepfake_data_news/real_wav/704.wav,0,BF-NEWS,unknown,TG:36073ae2f29100e9,1.6965517,1,0.3858333333333333,0.84508383
banglafake/extracted/final_data/deepfake_data_news/real_wav/705.wav,0,BF-NEWS,unknown,TG:e15ed8dbadc7221e,3.1392393,1,0.4841666666666666,0.95848256
banglafake/extracted/final_data/deepfake_data_news/real_wav/706.wav,0,BF-NEWS,unknown,TG:5a5d998b1306cf7f,1.5784329,1,0.6408333333333334,0.8289825
banglafake/extracted/final_data/deepfake_data_news/real_wav/707.wav,0,BF-NEWS,unknown,TG:e29a432946108aac,1.5614386,1,0.8225,0.82655966
banglafake/extracted/final_data/deepfake_data_news/real_wav/708.wav,0,BF-NEWS,unknown,TG:61b545ded28c621d,3.178677,1,0.6375,0.9600239
banglafake/extracted/final_data/deepfake_data_news/real_wav/709.wav,0,BF-NEWS,unknown,TG:89d788ee34c6f6f9,4.122253,1,0.0908333333333333,0.9840506
banglafake/extracted/final_data/deepfake_data_news/real_wav/71.wav,0,BF-NEWS,unknown,TG:91f5c4e96c7601fe,1.8792889,1,0.1541666666666666,0.86752945
banglafake/extracted/final_data/deepfake_data_news/real_wav/710.wav,0,BF-NEWS,unknown,TG:70c6eceee85a9066,1.6010562,1,0.6458333333333333,0.83216596
banglafake/extracted/final_data/deepfake_data_news/real_wav/711.wav,0,BF-NEWS,unknown,TG:850062fbdf4d66c9,2.5326583,1,0.1108333333333333,0.9263998
banglafake/extracted/final_data/deepfake_data_news/real_wav/712.wav,0,BF-NEWS,unknown,TG:16240cc0e3a868a4,3.1327138,1,0.4908333333333333,0.95822215
banglafake/extracted/final_data/deepfake_data_news/real_wav/713.wav,0,BF-NEWS,unknown,TG:e551874be872c278,3.0296292,1,0.4941666666666666,0.9538949
banglafake/extracted/final_data/deepfake_data_news/real_wav/714.wav,0,BF-NEWS,unknown,TG:437b0923e1f41586,2.6304104,1,0.1808333333333333,0.93279326
banglafake/extracted/final_data/deepfake_data_news/real_wav/715.wav,0,BF-NEWS,unknown,TG:cbed6d3d4947301f,3.0810978,1,0.4791666666666666,0.9561063
banglafake/extracted/final_data/deepfake_data_news/real_wav/716.wav,0,BF-NEWS,unknown,TG:43f0275c9c1d51ca,1.7602072,1,0.3008333333333333,0.8532356
banglafake/extracted/final_data/deepfake_data_news/real_wav/717.wav,0,BF-NEWS,unknown,TG:c754b992232e8ebe,2.9119713,1,0.5991666666666666,0.948435
banglafake/extracted/final_data/deepfake_data_news/real_wav/718.wav,0,BF-NEWS,unknown,TG:ec2e62ea46f1a46e,3.8162186,1,0.5508333333333333,0.9784631
banglafake/extracted/final_data/deepfake_data_news/real_wav/719.wav,0,BF-NEWS,unknown,TG:291b009e88c097ba,3.7104352,1,0.3391666666666666,0.97611743
banglafake/extracted/final_data/deepfake_data_news/real_wav/72.wav,0,BF-NEWS,unknown,TG:daff28e690682186,2.3811586,1,0.3208333333333333,0.91537917
banglafake/extracted/final_data/deepfake_data_news/real_wav/720.wav,0,BF-NEWS,unknown,TG:9e781ba1c9e52107,4.014727,1,0.5508333333333333,0.982272
banglafake/extracted/final_data/deepfake_data_news/real_wav/721.wav,0,BF-NEWS,unknown,TG:b4dff6f757e0784c,3.6479328,1,0.4575,0.97461617
banglafake/extracted/final_data/deepfake_data_news/real_wav/722.wav,0,BF-NEWS,unknown,TG:19c217bb5a647b1a,2.617065,1,0.0108333333333333,0.93195176
banglafake/extracted/final_data/deepfake_data_news/real_wav/723.wav,0,BF-NEWS,unknown,TG:8dc8b09242b58464,2.6513677,1,0.0791666666666667,0.93409526
banglafake/extracted/final_data/deepfake_data_news/real_wav/724.wav,0,BF-NEWS,unknown,TG:ccb97dae52f44d2e,2.9175408,1,0.0841666666666666,0.9487067
banglafake/extracted/final_data/deepfake_data_news/real_wav/725.wav,0,BF-NEWS,unknown,TG:f597832b25e297fb,3.7251127,1,0.3675,0.9764572
banglafake/extracted/final_data/deepfake_data_news/real_wav/726.wav,0,BF-NEWS,unknown,TG:b0b294e0e68092d0,0.899353,1,0.8508333333333333,0.7108165
banglafake/extracted/final_data/deepfake_data_news/real_wav/727.wav,0,BF-NEWS,unknown,TG:e12bdc4a7c211a1f,3.8514245,1,0.4391666666666667,0.97919273
banglafake/extracted/final_data/deepfake_data_news/real_wav/728.wav,0,BF-NEWS,unknown,TG:1d54bd50aa8c6743,4.397257,1,0.1558333333333333,0.9878386
banglafake/extracted/final_data/deepfake_data_news/real_wav/729.wav,0,BF-NEWS,unknown,TG:7b9e213785fdfa99,2.2672446,1,0.5941666666666667,0.90612763
banglafake/extracted/final_data/deepfake_data_news/real_wav/73.wav,0,BF-NEWS,unknown,TG:9bcbcdd11cfe132e,3.1394475,1,0.2541666666666666,0.9584909
banglafake/extracted/final_data/deepfake_data_news/real_wav/730.wav,0,BF-NEWS,unknown,TG:4d76fc156b2d6649,4.4925513,1,0.3675,0.9889318
banglafake/extracted/final_data/deepfake_data_news/real_wav/731.wav,0,BF-NEWS,unknown,TG:d909f9de6d10e14a,1.8058547,1,0.7725,0.85886014
banglafake/extracted/final_data/deepfake_data_news/real_wav/732.wav,0,BF-NEWS,unknown,TG:f41bdabaf98d2374,0.99515826,1,0.8458333333333333,0.7301056
banglafake/extracted/final_data/deepfake_data_news/real_wav/733.wav,0,BF-NEWS,unknown,TG:a5a2f0e3398ee62f,2.8861892,1,0.3658333333333333,0.94715947
banglafake/extracted/final_data/deepfake_data_news/real_wav/734.wav,0,BF-NEWS,unknown,TG:0d28b3847ac2917c,3.2924645,1,0.5958333333333333,0.9641694
banglafake/extracted/final_data/deepfake_data_news/real_wav/735.wav,0,BF-NEWS,unknown,TG:fc929a25ff21a2f2,4.292679,1,0.2325,0.986516
banglafake/extracted/final_data/deepfake_data_news/real_wav/736.wav,0,BF-NEWS,unknown,TG:9fed2e3d509f4a1d,2.0345569,1,0.3575,0.8843779
banglafake/extracted/final_data/deepfake_data_news/real_wav/737.wav,0,BF-NEWS,unknown,TG:ab97aed04bb01a28,2.5961597,2,0.0,0.93061405
banglafake/extracted/final_data/deepfake_data_news/real_wav/738.wav,0,BF-NEWS,unknown,TG:7f7ac6a914eab138,1.4499291,1,0.6891666666666667,0.8099875
banglafake/extracted/final_data/deepfake_data_news/real_wav/739.wav,0,BF-NEWS,unknown,TG:6d4aa93a4952b220,3.133386,1,0.6475,0.95824903
banglafake/extracted/final_data/deepfake_data_news/real_wav/74.wav,0,BF-NEWS,unknown,TG:73825b451785a8c6,3.317747,1,0.5525,0.96503264
banglafake/extracted/final_data/deepfake_data_news/real_wav/740.wav,0,BF-NEWS,unknown,TG:df85a457f1a13f48,3.3895848,1,0.6991666666666667,0.9673775
banglafake/extracted/final_data/deepfake_data_news/real_wav/741.wav,0,BF-NEWS,unknown,TG:23cfdae996faff06,3.1996274,1,0.2108333333333333,0.9608202
banglafake/extracted/final_data/deepfake_data_news/real_wav/742.wav,0,BF-NEWS,unknown,TG:50a4532e1d4896c2,2.0598483,1,0.5125,0.8869389
banglafake/extracted/final_data/deepfake_data_news/real_wav/743.wav,0,BF-NEWS,unknown,TG:c0335c0f2c72af52,3.2363183,1,0.0424999999999999,0.9621784
banglafake/extracted/final_data/deepfake_data_news/real_wav/744.wav,0,BF-NEWS,unknown,TG:72901bc3d0e29271,0.3932028,1,0.7191666666666667,0.59705347
banglafake/extracted/final_data/deepfake_data_news/real_wav/745.wav,0,BF-NEWS,unknown,TG:978c9f8714c6c501,2.8025837,1,0.3991666666666666,0.94281524
banglafake/extracted/final_data/deepfake_data_news/real_wav/746.wav,0,BF-NEWS,unknown,TG:3d8543ec83aada2b,1.6307199,1,0.2825,0.8362682
banglafake/extracted/final_data/deepfake_data_news/real_wav/747.wav,0,BF-NEWS,unknown,TG:cb32fe0a9af460c5,3.111996,1,0.5458333333333334,0.9573848
banglafake/extracted/final_data/deepfake_data_news/real_wav/748.wav,0,BF-NEWS,unknown,TG:c7a86ad2d6fbb94c,3.1248798,1,0.0808333333333333,0.95790744
banglafake/extracted/final_data/deepfake_data_news/real_wav/749.wav,0,BF-NEWS,unknown,TG:72b079c4a89cc0ac,3.2198117,1,0.4791666666666666,0.9615731
banglafake/extracted/final_data/deepfake_data_news/real_wav/75.wav,0,BF-NEWS,unknown,TG:92f89b93746afaab,3.7890806,1,0.3791666666666666,0.9778838
banglafake/extracted/final_data/deepfake_data_news/real_wav/750.wav,0,BF-NEWS,unknown,TG:0eb411add8d38dd5,2.530297,1,0.2108333333333333,0.92623866
banglafake/extracted/final_data/deepfake_data_news/real_wav/751.wav,0,BF-NEWS,unknown,TG:d4239b06d6e971ba,1.5708072,1,0.1641666666666666,0.8278987
banglafake/extracted/final_data/deepfake_data_news/real_wav/752.wav,0,BF-NEWS,unknown,TG:9a569bcb52e2a0b8,3.0717657,1,0.1908333333333333,0.955713
banglafake/extracted/final_data/deepfake_data_news/real_wav/753.wav,0,BF-NEWS,unknown,TG:dc9171cd4f6292df,2.5180106,1,0.5125,0.92539483
banglafake/extracted/final_data/deepfake_data_news/real_wav/754.wav,0,BF-NEWS,unknown,TG:2ae93a86def54f86,4.1357703,1,0.3891666666666666,0.9842613
banglafake/extracted/final_data/deepfake_data_news/real_wav/755.wav,0,BF-NEWS,unknown,TG:1d01e3cb1a70a403,2.7035563,1,0.2825,0.9372362
banglafake/extracted/final_data/deepfake_data_news/real_wav/756.wav,0,BF-NEWS,unknown,TG:226f50195f6697b8,1.9713612,1,0.3141666666666667,0.8777572
banglafake/extracted/final_data/deepfake_data_news/real_wav/757.wav,0,BF-NEWS,unknown,TG:6c70595a28fc1bfb,2.9937422,1,0.0574999999999999,0.9522906
banglafake/extracted/final_data/deepfake_data_news/real_wav/758.wav,0,BF-NEWS,unknown,TG:1dadd24e5f770a9b,3.1367342,1,0.3425,0.95838284
banglafake/extracted/final_data/deepfake_data_news/real_wav/759.wav,0,BF-NEWS,unknown,TG:e0c8f9be19108cd3,3.078623,1,0.2041666666666667,0.95600235
banglafake/extracted/final_data/deepfake_data_news/real_wav/76.wav,0,BF-NEWS,unknown,TG:a93c1a823bdbf4dc,3.500554,1,0.6841666666666666,0.9707035
banglafake/extracted/final_data/deepfake_data_news/real_wav/760.wav,0,BF-NEWS,unknown,TG:bc41d397f905199f,2.4638183,1,0.3241666666666667,0.9215661
banglafake/extracted/final_data/deepfake_data_news/real_wav/761.wav,0,BF-NEWS,unknown,TG:ea9c0c8edc0b862f,3.6820009,1,0.3874999999999999,0.9754455
banglafake/extracted/final_data/deepfake_data_news/real_wav/762.wav,0,BF-NEWS,unknown,TG:4e80102d4ed2079b,2.6594577,1,0.3858333333333333,0.9345916
banglafake/extracted/final_data/deepfake_data_news/real_wav/763.wav,0,BF-NEWS,unknown,TG:a586a4642c9a6400,2.351319,1,0.3758333333333333,0.913039
banglafake/extracted/final_data/deepfake_data_news/real_wav/764.wav,0,BF-NEWS,unknown,TG:568dd0c396b7d8eb,2.524488,1,0.1258333333333333,0.92584074
banglafake/extracted/final_data/deepfake_data_news/real_wav/765.wav,0,BF-NEWS,unknown,TG:c5273806149e89a9,3.0837252,1,0.3075,0.9562164
banglafake/extracted/final_data/deepfake_data_news/real_wav/766.wav,0,BF-NEWS,unknown,TG:e84b511588b188e3,3.317549,1,0.5125,0.96502596
banglafake/extracted/final_data/deepfake_data_news/real_wav/767.wav,0,BF-NEWS,unknown,TG:1c4373b6ac3999f5,1.9997057,1,0.6941666666666666,0.88076615
banglafake/extracted/final_data/deepfake_data_news/real_wav/768.wav,0,BF-NEWS,unknown,TG:ffd62e83cd6e8751,2.358496,1,0.2425,0.9136072
banglafake/extracted/final_data/deepfake_data_news/real_wav/769.wav,0,BF-NEWS,unknown,TG:1e252268fde1e2e6,3.8180463,1,0.4808333333333333,0.9785017
banglafake/extracted/final_data/deepfake_data_news/real_wav/77.wav,0,BF-NEWS,unknown,TG:d9aac809bf88cfc2,1.9313799,1,0.5758333333333333,0.8734021
banglafake/extracted/final_data/deepfake_data_news/real_wav/770.wav,0,BF-NEWS,unknown,TG:ac87a2fa1c8c92c1,2.2229226,1,0.4891666666666666,0.9022892
banglafake/extracted/final_data/deepfake_data_news/real_wav/771.wav,0,BF-NEWS,unknown,TG:d32ac62e15e14f44,0.2154348,1,0.3108333333333333,0.55365133
banglafake/extracted/final_data/deepfake_data_news/real_wav/772.wav,0,BF-NEWS,unknown,TG:f5cba06a7644349d,3.2871397,1,0.2041666666666667,0.96398497
banglafake/extracted/final_data/deepfake_data_news/real_wav/773.wav,0,BF-NEWS,unknown,TG:db0f60ea40f4da03,3.3212552,1,0.3141666666666667,0.9651508
banglafake/extracted/final_data/deepfake_data_news/real_wav/774.wav,0,BF-NEWS,unknown,TG:6d4b69830c2ca8a7,2.9560585,1,0.3758333333333333,0.95054907
banglafake/extracted/final_data/deepfake_data_news/real_wav/775.wav,0,BF-NEWS,unknown,TG:c2fac0ed9b592704,2.1528628,1,0.3591666666666666,0.89593595
banglafake/extracted/final_data/deepfake_data_news/real_wav/776.wav,0,BF-NEWS,unknown,TG:3987a7dd57e6f09d,3.700687,1,0.3641666666666666,0.9758891
banglafake/extracted/final_data/deepfake_data_news/real_wav/777.wav,0,BF-NEWS,unknown,TG:c80cb5b514fbfb7e,2.0489852,1,0.2025,0.88584507
banglafake/extracted/final_data/deepfake_data_news/real_wav/778.wav,0,BF-NEWS,unknown,TG:c724d1d171d0f21a,4.141074,1,0.3591666666666666,0.9843433
banglafake/extracted/final_data/deepfake_data_news/real_wav/779.wav,0,BF-NEWS,unknown,TG:ef7cd1b652085dfe,4.7363496,1,0.2091666666666666,0.99130565
banglafake/extracted/final_data/deepfake_data_news/real_wav/78.wav,0,BF-NEWS,unknown,TG:6583b4823c176e69,3.2460814,1,0.5958333333333333,0.96253204
banglafake/extracted/final_data/deepfake_data_news/real_wav/780.wav,0,BF-NEWS,unknown,TG:b026e431473aff89,3.85486,1,0.3558333333333333,0.9792626
banglafake/extracted/final_data/deepfake_data_news/real_wav/781.wav,0,BF-NEWS,unknown,TG:0890fc3a6bc71772,2.5715168,1,0.2391666666666666,0.92900574
banglafake/extracted/final_data/deepfake_data_news/real_wav/782.wav,0,BF-NEWS,unknown,TG:7f3b2e6c6583b64c,4.121413,1,0.2408333333333333,0.9840374
banglafake/extracted/final_data/deepfake_data_news/real_wav/783.wav,0,BF-NEWS,unknown,TG:0e292227f8288962,2.651827,1,0.3441666666666666,0.9341236
banglafake/extracted/final_data/deepfake_data_news/real_wav/784.wav,0,BF-NEWS,unknown,TG:3ff8a4ae8712e7a1,2.8052213,1,0.4791666666666666,0.94295734
banglafake/extracted/final_data/deepfake_data_news/real_wav/785.wav,0,BF-NEWS,unknown,TG:902871099ab73d2e,2.8363564,1,0.3675,0.9446091
banglafake/extracted/final_data/deepfake_data_news/real_wav/786.wav,0,BF-NEWS,unknown,TG:0d1e9236632d53e5,2.065337,1,0.4391666666666667,0.88748825
banglafake/extracted/final_data/deepfake_data_news/real_wav/787.wav,0,BF-NEWS,unknown,TG:21e67f0a310d0fdd,2.5824924,1,0.0825,0.9297263
banglafake/extracted/final_data/deepfake_data_news/real_wav/788.wav,0,BF-NEWS,unknown,TG:28b3655aedffdfe1,2.078809,1,0.2908333333333334,0.8888264
banglafake/extracted/final_data/deepfake_data_news/real_wav/789.wav,0,BF-NEWS,unknown,TG:d1864b3d23fdb2d8,2.3645532,1,0.1225,0.9140841
banglafake/extracted/final_data/deepfake_data_news/real_wav/79.wav,0,BF-NEWS,unknown,TG:2c1212da8865917c,2.793107,1,0.1025,0.9423022
banglafake/extracted/final_data/deepfake_data_news/real_wav/790.wav,0,BF-NEWS,unknown,TG:e00ecaacfd0ca984,2.0570052,1,0.0608333333333332,0.88665354
banglafake/extracted/final_data/deepfake_data_news/real_wav/791.wav,0,BF-NEWS,unknown,TG:e516f0ef0bba7c86,1.0316467,1,0.7191666666666667,0.737235
banglafake/extracted/final_data/deepfake_data_news/real_wav/792.wav,0,BF-NEWS,unknown,TG:3c289823866940cb,3.2644842,1,0.0725,0.96319014
banglafake/extracted/final_data/deepfake_data_news/real_wav/793.wav,0,BF-NEWS,unknown,TG:090d8c30b52074c6,4.222668,1,0.6225,0.98555225
banglafake/extracted/final_data/deepfake_data_news/real_wav/794.wav,0,BF-NEWS,unknown,TG:cd7d6ebcc5362552,2.940196,1,0.2075,0.94979805
banglafake/extracted/final_data/deepfake_data_news/real_wav/795.wav,0,BF-NEWS,unknown,TG:699dc9557ca7e915,3.1183276,1,0.6291666666666667,0.95764244
banglafake/extracted/final_data/deepfake_data_news/real_wav/796.wav,0,BF-NEWS,unknown,TG:618119087f2e361d,1.6354429,1,0.2408333333333333,0.8369139
banglafake/extracted/final_data/deepfake_data_news/real_wav/797.wav,0,BF-NEWS,unknown,TG:74879fdf43b2b42e,1.5515891,1,0.5691666666666666,0.8251431
banglafake/extracted/final_data/deepfake_data_news/real_wav/798.wav,0,BF-NEWS,unknown,TG:993d4d5148d7ef9c,2.7518382,1,0.1758333333333332,0.94001704
banglafake/extracted/final_data/deepfake_data_news/real_wav/799.wav,0,BF-NEWS,unknown,TG:8a2820a3d119b760,2.7738986,1,0.5108333333333333,0.9412489
banglafake/extracted/final_data/deepfake_data_news/real_wav/8.wav,0,BF-NEWS,unknown,TG:1c703fae6edd6561,3.8126314,1,0.1508333333333333,0.9783875
banglafake/extracted/final_data/deepfake_data_news/real_wav/80.wav,0,BF-NEWS,unknown,TG:08e1d03bbc56ca18,1.3185358,1,0.5725,0.788938
banglafake/extracted/final_data/deepfake_data_news/real_wav/800.wav,0,BF-NEWS,unknown,TG:65a40e81b72e6fe0,3.6031601,1,0.4275,0.9734847
banglafake/extracted/final_data/deepfake_data_news/real_wav/801.wav,0,BF-NEWS,unknown,TG:e9356a37e0f930d0,1.9445815,1,0.6558333333333333,0.87485456
banglafake/extracted/final_data/deepfake_data_news/real_wav/802.wav,0,BF-NEWS,unknown,TG:a1c9ccb5ba4b3f9a,3.4161904,1,0.0024999999999999,0.9682067
banglafake/extracted/final_data/deepfake_data_news/real_wav/803.wav,0,BF-NEWS,unknown,TG:317170b31ebff416,2.6169674,1,0.2241666666666666,0.93194556
banglafake/extracted/final_data/deepfake_data_news/real_wav/804.wav,0,BF-NEWS,unknown,TG:dd2e100a0a6d9cbc,2.1719613,1,0.2808333333333334,0.8977032
banglafake/extracted/final_data/deepfake_data_news/real_wav/805.wav,0,BF-NEWS,unknown,TG:48af08212850460b,3.3525083,1,0.1075,0.9661868
banglafake/extracted/final_data/deepfake_data_news/real_wav/806.wav,0,BF-NEWS,unknown,TG:a867b2e142b5a8d4,2.4087138,1,0.3558333333333333,0.91748935
banglafake/extracted/final_data/deepfake_data_news/real_wav/807.wav,0,BF-NEWS,unknown,TG:dcdbdf8b595cefbc,3.7642562,1,0.3125,0.97734046
banglafake/extracted/final_data/deepfake_data_news/real_wav/808.wav,0,BF-NEWS,unknown,TG:8d9aa37eadd325d5,2.0698247,1,0.1175,0.88793546
banglafake/extracted/final_data/deepfake_data_news/real_wav/809.wav,0,BF-NEWS,unknown,TG:55a97950af396d18,2.751769,1,0.6408333333333334,0.9400132
banglafake/extracted/final_data/deepfake_data_news/real_wav/81.wav,0,BF-NEWS,unknown,TG:05c2e551de71f442,3.3497016,1,0.2358333333333333,0.96609503
banglafake/extracted/final_data/deepfake_data_news/real_wav/810.wav,0,BF-NEWS,unknown,TG:fd88e7e5ed844bfb,2.5804226,1,0.1608333333333333,0.92959094
banglafake/extracted/final_data/deepfake_data_news/real_wav/811.wav,0,BF-NEWS,unknown,TG:dd085663c6c33f59,0.82421935,1,0.1841666666666667,0.6951313
banglafake/extracted/final_data/deepfake_data_news/real_wav/812.wav,0,BF-NEWS,unknown,TG:e828052f01c87383,3.040406,1,0.5391666666666667,0.95436656
banglafake/extracted/final_data/deepfake_data_news/real_wav/813.wav,0,BF-NEWS,unknown,TG:303f5d0ee5baa72b,3.928553,1,0.3508333333333333,0.98070735
banglafake/extracted/final_data/deepfake_data_news/real_wav/814.wav,0,BF-NEWS,unknown,TG:cc66e658417729d8,3.468818,1,0.3225,0.9697874
banglafake/extracted/final_data/deepfake_data_news/real_wav/815.wav,0,BF-NEWS,unknown,TG:27c09dc923c1c796,3.4441435,1,0.5175000000000001,0.969056
banglafake/extracted/final_data/deepfake_data_news/real_wav/816.wav,0,BF-NEWS,unknown,TG:d80b4f3d11abe59a,2.6491735,1,0.3091666666666667,0.9339601
banglafake/extracted/final_data/deepfake_data_news/real_wav/817.wav,0,BF-NEWS,unknown,TG:a60c4c45927680b8,3.9583912,1,0.1658333333333334,0.981264
banglafake/extracted/final_data/deepfake_data_news/real_wav/818.wav,0,BF-NEWS,unknown,TG:c3666e1669bc7892,2.963623,1,0.5091666666666667,0.95090336
banglafake/extracted/final_data/deepfake_data_news/real_wav/819.wav,0,BF-NEWS,unknown,TG:ea71ba0370ffdbb2,3.6026955,1,0.1891666666666667,0.9734727
banglafake/extracted/final_data/deepfake_data_news/real_wav/82.wav,0,BF-NEWS,unknown,TG:aa1649566beef50f,2.691142,1,0.2741666666666666,0.9365019
banglafake/extracted/final_data/deepfake_data_news/real_wav/820.wav,0,BF-NEWS,unknown,TG:094196d6516b7072,4.1053295,2,0.0,0.9837827
banglafake/extracted/final_data/deepfake_data_news/real_wav/821.wav,0,BF-NEWS,unknown,TG:1049499e4b1289c0,2.571739,1,0.0641666666666667,0.92902046
banglafake/extracted/final_data/deepfake_data_news/real_wav/822.wav,0,BF-NEWS,unknown,TG:4b7559baa6685902,2.3881762,1,0.2774999999999999,0.9159212
banglafake/extracted/final_data/deepfake_data_news/real_wav/823.wav,0,BF-NEWS,unknown,TG:0beac0bc26354d34,3.1946745,1,0.6141666666666667,0.9606334
banglafake/extracted/final_data/deepfake_data_news/real_wav/824.wav,0,BF-NEWS,unknown,TG:f04c23e05313e968,3.0809066,1,0.5175000000000001,0.95609826
banglafake/extracted/final_data/deepfake_data_news/real_wav/825.wav,0,BF-NEWS,unknown,TG:5a71b4054b042a70,3.495257,1,0.3858333333333333,0.97055256
banglafake/extracted/final_data/deepfake_data_news/real_wav/826.wav,0,BF-NEWS,unknown,TG:091945224afa5b40,3.067756,1,0.1758333333333332,0.9555429
banglafake/extracted/final_data/deepfake_data_news/real_wav/827.wav,0,BF-NEWS,unknown,TG:51233e8048e5b606,0.8280548,1,0.6375,0.6959435
banglafake/extracted/final_data/deepfake_data_news/real_wav/828.wav,0,BF-NEWS,unknown,TG:ced1363f1024c5d7,2.5858583,1,0.6425000000000001,0.9299458
banglafake/extracted/final_data/deepfake_data_news/real_wav/829.wav,0,BF-NEWS,unknown,TG:0ce2d4d4cf6b4dda,2.1404588,1,0.4308333333333333,0.8947738
banglafake/extracted/final_data/deepfake_data_news/real_wav/83.wav,0,BF-NEWS,unknown,TG:81d99ccae10bb802,2.2093174,1,0.1858333333333333,0.9010831
banglafake/extracted/final_data/deepfake_data_news/real_wav/830.wav,0,BF-NEWS,unknown,TG:0df6ab2118571a67,3.3866038,1,0.0458333333333332,0.96728325
banglafake/extracted/final_data/deepfake_data_news/real_wav/831.wav,0,BF-NEWS,unknown,TG:60e207d6341504df,3.2576232,1,0.2991666666666667,0.962946
banglafake/extracted/final_data/deepfake_data_news/real_wav/832.wav,0,BF-NEWS,unknown,TG:21d5eb3e1f10f882,3.5129168,1,0.4608333333333333,0.97105306
banglafake/extracted/final_data/deepfake_data_news/real_wav/833.wav,0,BF-NEWS,unknown,TG:e3a31db1c9f3e184,2.651559,1,0.4108333333333334,0.934107
banglafake/extracted/final_data/deepfake_data_news/real_wav/834.wav,0,BF-NEWS,unknown,TG:fd8d8d1828cc5e7e,3.5826962,1,0.3158333333333333,0.9729513
banglafake/extracted/final_data/deepfake_data_news/real_wav/835.wav,0,BF-NEWS,unknown,TG:3a30e260e817e798,2.2189486,1,0.1391666666666666,0.9019382
banglafake/extracted/final_data/deepfake_data_news/real_wav/836.wav,0,BF-NEWS,unknown,TG:8200c48dd96f24ac,2.7162957,1,0.4925,0.9379814
banglafake/extracted/final_data/deepfake_data_news/real_wav/837.wav,0,BF-NEWS,unknown,TG:d6e29b0744d3e286,3.997171,1,0.3641666666666666,0.98196375
banglafake/extracted/final_data/deepfake_data_news/real_wav/838.wav,0,BF-NEWS,unknown,TG:ce562a8d1b9993f9,2.2616386,1,0.2975,0.9056498
banglafake/extracted/final_data/deepfake_data_news/real_wav/839.wav,0,BF-NEWS,unknown,TG:01a758160c0d6505,2.2903666,1,0.0841666666666666,0.9080761
banglafake/extracted/final_data/deepfake_data_news/real_wav/84.wav,0,BF-NEWS,unknown,TG:f55f2435522b9f74,2.228835,1,0.7491666666666666,0.9028092
banglafake/extracted/final_data/deepfake_data_news/real_wav/840.wav,0,BF-NEWS,unknown,TG:247972c529903283,3.6994357,1,0.6425000000000001,0.9758597
banglafake/extracted/final_data/deepfake_data_news/real_wav/841.wav,0,BF-NEWS,unknown,TG:9a3b033daa526dd3,2.0866737,1,0.3158333333333333,0.8896012
banglafake/extracted/final_data/deepfake_data_news/real_wav/842.wav,0,BF-NEWS,unknown,TG:812fdd9aebe11d21,2.2342026,1,0.3425,0.9032791
banglafake/extracted/final_data/deepfake_data_news/real_wav/843.wav,0,BF-NEWS,unknown,TG:f783882a0c4648f8,3.6469045,1,0.1624999999999999,0.9745908
banglafake/extracted/final_data/deepfake_data_news/real_wav/844.wav,0,BF-NEWS,unknown,TG:2d2782182d09eae0,0.9131364,1,0.2708333333333333,0.7136415
banglafake/extracted/final_data/deepfake_data_news/real_wav/845.wav,0,BF-NEWS,unknown,TG:635067c8770cae6b,3.6622524,2,0.0,0.9749681
banglafake/extracted/final_data/deepfake_data_news/real_wav/846.wav,0,BF-NEWS,unknown,TG:573392d9ebe3c2f5,3.2907286,1,0.2258333333333333,0.9641094
banglafake/extracted/final_data/deepfake_data_news/real_wav/847.wav,0,BF-NEWS,unknown,TG:15f59c4cdac3d0d7,3.2776878,1,0.2141666666666666,0.9636554
banglafake/extracted/final_data/deepfake_data_news/real_wav/848.wav,0,BF-NEWS,unknown,TG:466379a36aa39a7e,3.6023476,1,0.3208333333333333,0.97346365
banglafake/extracted/final_data/deepfake_data_news/real_wav/849.wav,0,BF-NEWS,unknown,TG:ed72dd351cf16b35,3.25087,1,0.5125,0.96270436
banglafake/extracted/final_data/deepfake_data_news/real_wav/85.wav,0,BF-NEWS,unknown,TG:58c5094ad68aff35,1.7421126,1,0.5608333333333333,0.85095525
banglafake/extracted/final_data/deepfake_data_news/real_wav/850.wav,0,BF-NEWS,unknown,TG:cb4cce5c5f2bf81e,1.892036,1,0.3241666666666667,0.86898744
banglafake/extracted/final_data/deepfake_data_news/real_wav/851.wav,0,BF-NEWS,unknown,TG:d88990a78c2c3c76,1.6408719,1,0.6841666666666666,0.8376536
banglafake/extracted/final_data/deepfake_data_news/real_wav/852.wav,0,BF-NEWS,unknown,TG:7b39b4232bdd244c,3.0675821,1,0.4358333333333333,0.95553553
banglafake/extracted/final_data/deepfake_data_news/real_wav/853.wav,0,BF-NEWS,unknown,TG:6b35f767a58ff166,2.5126452,1,0.1091666666666666,0.9250236
banglafake/extracted/final_data/deepfake_data_news/real_wav/854.wav,0,BF-NEWS,unknown,TG:513c9314e900573d,1.825593,1,0.5275000000000001,0.86123586
banglafake/extracted/final_data/deepfake_data_news/real_wav/855.wav,0,BF-NEWS,unknown,TG:ae3ebe548ec11e2d,3.3501773,1,0.1975,0.9661106
banglafake/extracted/final_data/deepfake_data_news/real_wav/856.wav,0,BF-NEWS,unknown,TG:231187733373a903,1.4079015,1,0.7591666666666667,0.8034348
banglafake/extracted/final_data/deepfake_data_news/real_wav/857.wav,0,BF-NEWS,unknown,TG:6394b3ccee564787,3.0030346,1,0.5008333333333334,0.952711
banglafake/extracted/final_data/deepfake_data_news/real_wav/858.wav,0,BF-NEWS,unknown,TG:f172512e6f41f571,1.6198299,1,0.5041666666666667,0.8347717
banglafake/extracted/final_data/deepfake_data_news/real_wav/859.wav,0,BF-NEWS,unknown,TG:8585ea601c43bb9c,2.8295531,1,0.5241666666666667,0.9442521
banglafake/extracted/final_data/deepfake_data_news/real_wav/86.wav,0,BF-NEWS,unknown,TG:f2c7bd08ccc4b3dd,2.7001448,1,0.3541666666666666,0.9370352
banglafake/extracted/final_data/deepfake_data_news/real_wav/860.wav,0,BF-NEWS,unknown,TG:5fa8baa7149990b9,4.185955,1,0.1775,0.98502016
banglafake/extracted/final_data/deepfake_data_news/real_wav/861.wav,0,BF-NEWS,unknown,TG:9b9fb451493806e0,2.4934878,1,0.4858333333333333,0.923684
banglafake/extracted/final_data/deepfake_data_news/real_wav/862.wav,0,BF-NEWS,unknown,TG:1e7afa9a76a53295,2.1373255,1,0.6591666666666667,0.8944784
banglafake/extracted/final_data/deepfake_data_news/real_wav/863.wav,0,BF-NEWS,unknown,TG:104226b246ae66f0,3.4493687,1,0.3958333333333333,0.9692123
banglafake/extracted/final_data/deepfake_data_news/real_wav/864.wav,0,BF-NEWS,unknown,TG:37c5396001c2236d,1.8634348,1,0.5308333333333333,0.8656968
banglafake/extracted/final_data/deepfake_data_news/real_wav/865.wav,0,BF-NEWS,unknown,TG:de121a4e604605a0,2.2477741,1,0.4758333333333333,0.90445834
banglafake/extracted/final_data/deepfake_data_news/real_wav/866.wav,0,BF-NEWS,unknown,TG:3ee5274a72e3e2d7,2.6369054,1,0.0341666666666666,0.93319935
banglafake/extracted/final_data/deepfake_data_news/real_wav/867.wav,0,BF-NEWS,unknown,TG:ba5e0ca6a006450f,3.8204353,1,0.4108333333333334,0.9785518
banglafake/extracted/final_data/deepfake_data_news/real_wav/868.wav,0,BF-NEWS,unknown,TG:0cce6836be82007d,2.287637,1,0.3558333333333333,0.907848
banglafake/extracted/final_data/deepfake_data_news/real_wav/869.wav,0,BF-NEWS,unknown,TG:a4a553bcab54232f,1.5777489,1,0.3641666666666666,0.8288855
banglafake/extracted/final_data/deepfake_data_news/real_wav/87.wav,0,BF-NEWS,unknown,TG:c36611c14f04e7e4,1.5893928,1,0.3341666666666666,0.83053064
banglafake/extracted/final_data/deepfake_data_news/real_wav/870.wav,0,BF-NEWS,unknown,TG:d18a6d369b642540,2.0467522,1,0.2275,0.885619
banglafake/extracted/final_data/deepfake_data_news/real_wav/871.wav,0,BF-NEWS,unknown,TG:3683bd48c30b471d,4.2224517,1,0.5158333333333334,0.9855493
banglafake/extracted/final_data/deepfake_data_news/real_wav/872.wav,0,BF-NEWS,unknown,TG:388d81f37756ad08,2.3614366,1,0.3358333333333333,0.913839
banglafake/extracted/final_data/deepfake_data_news/real_wav/873.wav,0,BF-NEWS,unknown,TG:4b4443e305c5cac7,3.90311,1,0.4258333333333333,0.9802201
banglafake/extracted/final_data/deepfake_data_news/real_wav/874.wav,0,BF-NEWS,unknown,TG:57d622b36321596d,3.8255174,1,0.5158333333333334,0.9786582
banglafake/extracted/final_data/deepfake_data_news/real_wav/875.wav,0,BF-NEWS,unknown,TG:ca2871cff0d8d69d,2.2535715,1,0.1574999999999999,0.9049581
banglafake/extracted/final_data/deepfake_data_news/real_wav/876.wav,0,BF-NEWS,unknown,TG:262d3dc4f9196b89,3.144631,1,0.4308333333333333,0.9586966
banglafake/extracted/final_data/deepfake_data_news/real_wav/877.wav,0,BF-NEWS,unknown,TG:8b5bc041e2e69204,3.1884382,1,0.2125,0.9603968
banglafake/extracted/final_data/deepfake_data_news/real_wav/878.wav,0,BF-NEWS,unknown,TG:7f4e04c0c8d6d234,3.999168,1,0.0341666666666666,0.98199904
banglafake/extracted/final_data/deepfake_data_news/real_wav/879.wav,0,BF-NEWS,unknown,TG:0ec8f9e78fe40043,2.1908834,1,0.2991666666666667,0.89942783
banglafake/extracted/final_data/deepfake_data_news/real_wav/88.wav,0,BF-NEWS,unknown,TG:49cd8fe199bab0bf,3.385763,1,0.4358333333333333,0.96725655
banglafake/extracted/final_data/deepfake_data_news/real_wav/880.wav,0,BF-NEWS,unknown,TG:e5be0e3b3d0e1bfe,2.625343,1,0.4891666666666666,0.932475
banglafake/extracted/final_data/deepfake_data_news/real_wav/881.wav,0,BF-NEWS,unknown,TG:87ec010b61299c9b,2.471632,1,0.3575,0.92212903
banglafake/extracted/final_data/deepfake_data_news/real_wav/882.wav,0,BF-NEWS,unknown,TG:a3ffc6e7b62fcf24,1.6245449,1,0.4658333333333333,0.83542097
banglafake/extracted/final_data/deepfake_data_news/real_wav/883.wav,0,BF-NEWS,unknown,TG:d4820b96c07256cc,2.6287642,1,0.5741666666666667,0.93268996
banglafake/extracted/final_data/deepfake_data_news/real_wav/884.wav,0,BF-NEWS,unknown,TG:8d8dcff1b5cee95f,2.5099072,1,0.4125,0.9248334
banglafake/extracted/final_data/deepfake_data_news/real_wav/885.wav,0,BF-NEWS,unknown,TG:e838028802463c85,2.601047,1,0.5375,0.93092895
banglafake/extracted/final_data/deepfake_data_news/real_wav/886.wav,0,BF-NEWS,unknown,TG:afb613142606f34b,3.188122,1,0.0641666666666667,0.96038485
banglafake/extracted/final_data/deepfake_data_news/real_wav/887.wav,0,BF-NEWS,unknown,TG:e6b29f4d99eb53e1,2.5251176,2,0.0,0.925884
banglafake/extracted/final_data/deepfake_data_news/real_wav/888.wav,0,BF-NEWS,unknown,TG:64308ebfddc2b085,4.278776,1,0.3108333333333333,0.98632985
banglafake/extracted/final_data/deepfake_data_news/real_wav/889.wav,0,BF-NEWS,unknown,TG:0960742444e67ff8,2.1064012,1,0.0491666666666666,0.89152384
banglafake/extracted/final_data/deepfake_data_news/real_wav/89.wav,0,BF-NEWS,unknown,TG:d8952323ad32d6a7,2.410523,1,0.1258333333333333,0.91762626
banglafake/extracted/final_data/deepfake_data_news/real_wav/890.wav,0,BF-NEWS,unknown,TG:295c10f240a923ed,2.6087852,1,0.1291666666666666,0.93142486
banglafake/extracted/final_data/deepfake_data_news/real_wav/891.wav,0,BF-NEWS,unknown,TG:a3e00d497b9a36b3,2.9564936,1,0.4358333333333333,0.95056957
banglafake/extracted/final_data/deepfake_data_news/real_wav/892.wav,0,BF-NEWS,unknown,TG:0a86aabb8eaf7d68,3.4747558,1,0.2991666666666667,0.9699609
banglafake/extracted/final_data/deepfake_data_news/real_wav/893.wav,0,BF-NEWS,unknown,TG:86109ca274520471,2.1846185,1,0.3441666666666666,0.8988597
banglafake/extracted/final_data/deepfake_data_news/real_wav/894.wav,0,BF-NEWS,unknown,TG:73e770a6aee197a9,3.771198,1,0.0324999999999999,0.97749376
banglafake/extracted/final_data/deepfake_data_news/real_wav/895.wav,0,BF-NEWS,unknown,TG:e2b0a1cf4cf2bd6c,3.198896,1,0.3874999999999999,0.9607927
banglafake/extracted/final_data/deepfake_data_news/real_wav/896.wav,0,BF-NEWS,unknown,TG:f0174f6d2f050a24,2.7908108,1,0.0725,0.94217724
banglafake/extracted/final_data/deepfake_data_news/real_wav/897.wav,0,BF-NEWS,unknown,TG:a309a451e3e8e79f,3.8929925,1,0.2158333333333333,0.9800229
banglafake/extracted/final_data/deepfake_data_news/real_wav/898.wav,0,BF-NEWS,unknown,TG:9ef0af5abb995a04,4.133119,1,0.4608333333333333,0.9842202
banglafake/extracted/final_data/deepfake_data_news/real_wav/899.wav,0,BF-NEWS,unknown,TG:049995cf4dcc0a4c,3.037769,1,0.3008333333333333,0.9542516
banglafake/extracted/final_data/deepfake_data_news/real_wav/9.wav,0,BF-NEWS,unknown,TG:30f9535a21dd7cfc,2.9037683,1,0.3475,0.94803244
banglafake/extracted/final_data/deepfake_data_news/real_wav/90.wav,0,BF-NEWS,unknown,TG:facf4789d886c901,3.15312,1,0.4625,0.95903146
banglafake/extracted/final_data/deepfake_data_news/real_wav/900.wav,0,BF-NEWS,unknown,TG:4b1438cd44324f29,2.7271883,1,0.0958333333333333,0.938612
banglafake/extracted/final_data/deepfake_data_news/real_wav/901.wav,0,BF-NEWS,unknown,TG:f0fd82e4188c045d,2.7570138,1,0.4941666666666666,0.9403082
banglafake/extracted/final_data/deepfake_data_news/real_wav/902.wav,0,BF-NEWS,unknown,TG:01cb240a109343af,3.5797813,1,0.1158333333333333,0.9728746
banglafake/extracted/final_data/deepfake_data_news/real_wav/903.wav,0,BF-NEWS,unknown,TG:b85af937c2e89e6a,1.6512434,1,0.6675,0.83905905
banglafake/extracted/final_data/deepfake_data_news/real_wav/904.wav,0,BF-NEWS,unknown,TG:46be50a930f0e027,3.9951313,1,0.2708333333333333,0.9819276
banglafake/extracted/final_data/deepfake_data_news/real_wav/905.wav,0,BF-NEWS,unknown,TG:ed30402af7bbc9ca,3.773899,1,0.3908333333333333,0.9775531
banglafake/extracted/final_data/deepfake_data_news/real_wav/906.wav,0,BF-NEWS,unknown,TG:8f0702dbcca8652e,3.541601,1,0.3341666666666666,0.97184855
banglafake/extracted/final_data/deepfake_data_news/real_wav/907.wav,0,BF-NEWS,unknown,TG:c82d7735f2c4c672,3.7360928,1,0.2691666666666666,0.97670835
banglafake/extracted/final_data/deepfake_data_news/real_wav/908.wav,0,BF-NEWS,unknown,TG:ef451d4c259c80fa,2.8419604,1,0.3858333333333333,0.94490165
banglafake/extracted/final_data/deepfake_data_news/real_wav/909.wav,0,BF-NEWS,unknown,TG:4ebb7695797e9f08,2.4331806,1,0.2891666666666667,0.9193228
banglafake/extracted/final_data/deepfake_data_news/real_wav/91.wav,0,BF-NEWS,unknown,TG:41c00979871295fc,1.7669512,1,0.5358333333333334,0.85407805
banglafake/extracted/final_data/deepfake_data_news/real_wav/910.wav,0,BF-NEWS,unknown,TG:e4dd1b2d03d74729,2.7538822,1,0.1391666666666666,0.9401322
banglafake/extracted/final_data/deepfake_data_news/real_wav/911.wav,0,BF-NEWS,unknown,TG:c97a48e53b05a9d9,2.9002256,1,0.1608333333333333,0.9478576
banglafake/extracted/final_data/deepfake_data_news/real_wav/912.wav,0,BF-NEWS,unknown,TG:f4a2cfb9f071ee9a,3.6502738,1,0.1241666666666666,0.97467405
banglafake/extracted/final_data/deepfake_data_news/real_wav/913.wav,0,BF-NEWS,unknown,TG:7edbf3a6ea177e3e,3.2315233,1,0.4125,0.9620035
banglafake/extracted/final_data/deepfake_data_news/real_wav/914.wav,0,BF-NEWS,unknown,TG:50f04c189e5b4a44,2.741278,1,0.1991666666666667,0.9394188
banglafake/extracted/final_data/deepfake_data_news/real_wav/915.wav,0,BF-NEWS,unknown,TG:0cdc1e4f0307135f,3.2540884,1,0.2158333333333333,0.9628197
banglafake/extracted/final_data/deepfake_data_news/real_wav/916.wav,0,BF-NEWS,unknown,TG:00a7ab1f8d9fa3d5,3.521861,1,0.4475,0.97130346
banglafake/extracted/final_data/deepfake_data_news/real_wav/917.wav,0,BF-NEWS,unknown,TG:101dc8590b43768e,2.8381395,1,0.0591666666666667,0.9447023
banglafake/extracted/final_data/deepfake_data_news/real_wav/918.wav,0,BF-NEWS,unknown,TG:cd0cfe56c15ab07f,2.8075697,1,0.4458333333333333,0.9430835
banglafake/extracted/final_data/deepfake_data_news/real_wav/919.wav,0,BF-NEWS,unknown,TG:6f71bc00f97e75ce,3.0291574,2,0.0,0.95387405
banglafake/extracted/final_data/deepfake_data_news/real_wav/92.wav,0,BF-NEWS,unknown,TG:5e47d6e0d280242e,3.3237238,2,0.0,0.96523374
banglafake/extracted/final_data/deepfake_data_news/real_wav/920.wav,0,BF-NEWS,unknown,TG:b5ef135254679537,3.542318,1,0.0841666666666666,0.97186816
banglafake/extracted/final_data/deepfake_data_news/real_wav/921.wav,0,BF-NEWS,unknown,TG:0fbb5e843d7276cb,1.4722518,1,0.5141666666666667,0.81339943
banglafake/extracted/final_data/deepfake_data_news/real_wav/922.wav,0,BF-NEWS,unknown,TG:18d58db2e5f0ab93,2.7188728,2,0.0,0.9381311
banglafake/extracted/final_data/deepfake_data_news/real_wav/923.wav,0,BF-NEWS,unknown,TG:0593e8bbab23e4c7,2.9000323,1,0.1441666666666666,0.9478481
banglafake/extracted/final_data/deepfake_data_news/real_wav/924.wav,0,BF-NEWS,unknown,TG:360f5bc3b16c6b72,2.8536003,1,0.5725,0.9455044
banglafake/extracted/final_data/deepfake_data_news/real_wav/925.wav,0,BF-NEWS,unknown,TG:3b777362d6f70478,3.3167992,1,0.1875,0.9650007
banglafake/extracted/final_data/deepfake_data_news/real_wav/926.wav,0,BF-NEWS,unknown,TG:5521f4cd23e2e574,2.598278,1,0.4108333333333334,0.93075067
banglafake/extracted/final_data/deepfake_data_news/real_wav/927.wav,0,BF-NEWS,unknown,TG:d5b060ed78117480,2.1686983,1,0.1691666666666667,0.8974032
banglafake/extracted/final_data/deepfake_data_news/real_wav/928.wav,0,BF-NEWS,unknown,TG:ade97c6a3141358a,3.5333972,1,0.2691666666666666,0.9716232
banglafake/extracted/final_data/deepfake_data_news/real_wav/929.wav,0,BF-NEWS,unknown,TG:4083096b0c9e7699,2.535029,1,0.1925,0.9265613
banglafake/extracted/final_data/deepfake_data_news/real_wav/93.wav,0,BF-NEWS,unknown,TG:d2f5cdcc6d0e1fee,3.4335644,1,0.2891666666666667,0.9687372
banglafake/extracted/final_data/deepfake_data_news/real_wav/930.wav,0,BF-NEWS,unknown,TG:6ce1788cb689d668,2.0448027,1,0.2858333333333334,0.8854214
banglafake/extracted/final_data/deepfake_data_news/real_wav/931.wav,0,BF-NEWS,unknown,TG:beefc9935285f826,4.625456,1,0.7308333333333333,0.9902958
banglafake/extracted/final_data/deepfake_data_news/real_wav/932.wav,0,BF-NEWS,unknown,TG:ac7fbfc8f1a3df4f,2.9399145,1,0.1891666666666667,0.94978464
banglafake/extracted/final_data/deepfake_data_news/real_wav/933.wav,0,BF-NEWS,unknown,TG:69ef13b03c735cfd,1.910005,1,0.5725,0.8710197
banglafake/extracted/final_data/deepfake_data_news/real_wav/934.wav,0,BF-NEWS,unknown,TG:0a04516324a7f381,2.2456613,1,0.3675,0.90427566
banglafake/extracted/final_data/deepfake_data_news/real_wav/935.wav,0,BF-NEWS,unknown,TG:7c54f2d6645a4148,2.5712757,1,0.7125,0.9289899
banglafake/extracted/final_data/deepfake_data_news/real_wav/936.wav,0,BF-NEWS,unknown,TG:d0e763b9b7733ccc,2.7683904,1,0.2208333333333333,0.9409436
banglafake/extracted/final_data/deepfake_data_news/real_wav/937.wav,0,BF-NEWS,unknown,TG:150f7c5807ad9df1,2.1828659,1,0.2058333333333333,0.8987003
banglafake/extracted/final_data/deepfake_data_news/real_wav/938.wav,0,BF-NEWS,unknown,TG:8b0004fc2817a69d,2.4740062,1,0.4791666666666666,0.9222994
banglafake/extracted/final_data/deepfake_data_news/real_wav/939.wav,0,BF-NEWS,unknown,TG:c3329b6dc5b5ab1f,2.51702,1,0.2408333333333333,0.92532647
banglafake/extracted/final_data/deepfake_data_news/real_wav/94.wav,0,BF-NEWS,unknown,TG:2b9bce08363eed92,1.2816191,1,0.6791666666666667,0.7827252
banglafake/extracted/final_data/deepfake_data_news/real_wav/940.wav,0,BF-NEWS,unknown,TG:a75953b36d88cc26,2.3923092,1,0.3225,0.9162389
banglafake/extracted/final_data/deepfake_data_news/real_wav/941.wav,0,BF-NEWS,unknown,TG:8a874425b8e83674,3.0978663,1,0.1508333333333333,0.9568047
banglafake/extracted/final_data/deepfake_data_news/real_wav/942.wav,0,BF-NEWS,unknown,TG:58202a54419ea25c,3.8014486,2,0.0,0.9781497
banglafake/extracted/final_data/deepfake_data_news/real_wav/943.wav,0,BF-NEWS,unknown,TG:5cd1de4273e52091,1.8728794,1,0.1274999999999999,0.86679107
banglafake/extracted/final_data/deepfake_data_news/real_wav/944.wav,0,BF-NEWS,unknown,TG:63788a1f5f4b3a3b,2.8907835,1,0.2075,0.94738895
banglafake/extracted/final_data/deepfake_data_news/real_wav/945.wav,0,BF-NEWS,unknown,TG:60a03fff05113e57,3.2614946,1,0.3808333333333333,0.963084
banglafake/extracted/final_data/deepfake_data_news/real_wav/946.wav,0,BF-NEWS,unknown,TG:0d2b043208808a22,2.251084,1,0.1674999999999999,0.90474397
banglafake/extracted/final_data/deepfake_data_news/real_wav/947.wav,0,BF-NEWS,unknown,TG:36e44f251a0a09b8,2.24446,1,0.4458333333333333,0.90417165
banglafake/extracted/final_data/deepfake_data_news/real_wav/948.wav,0,BF-NEWS,unknown,TG:62470f277f9acb28,2.2629924,1,0.4941666666666666,0.90576535
banglafake/extracted/final_data/deepfake_data_news/real_wav/949.wav,0,BF-NEWS,unknown,TG:7e6e24460190af75,3.2784872,1,0.2008333333333333,0.9636833
banglafake/extracted/final_data/deepfake_data_news/real_wav/95.wav,0,BF-NEWS,unknown,TG:9ac24521eb0214a2,1.1632576,1,0.5475,0.76192415
banglafake/extracted/final_data/deepfake_data_news/real_wav/950.wav,0,BF-NEWS,unknown,TG:123f2c0d7d8cbb4e,1.7793574,1,0.2475,0.85561746
banglafake/extracted/final_data/deepfake_data_news/real_wav/951.wav,0,BF-NEWS,unknown,TG:444dea4ebf4c0460,2.8444033,1,0.2025,0.9450286
banglafake/extracted/final_data/deepfake_data_news/real_wav/952.wav,0,BF-NEWS,unknown,TG:1f436e08de809155,3.1803718,1,0.3125,0.9600889
banglafake/extracted/final_data/deepfake_data_news/real_wav/953.wav,0,BF-NEWS,unknown,TG:dc6edafa3739a536,2.8165739,1,0.0825,0.9435649
banglafake/extracted/final_data/deepfake_data_news/real_wav/954.wav,0,BF-NEWS,unknown,TG:503db118d3eab1a7,-2.7445772,1,0.1925,0.060393646
banglafake/extracted/final_data/deepfake_data_news/real_wav/955.wav,0,BF-NEWS,unknown,TG:98de251d3980d554,3.5833101,1,0.1058333333333333,0.97296745
banglafake/extracted/final_data/deepfake_data_news/real_wav/956.wav,0,BF-NEWS,unknown,TG:3b873688e821218e,3.2965212,1,0.5808333333333333,0.9643092
banglafake/extracted/final_data/deepfake_data_news/real_wav/957.wav,0,BF-NEWS,unknown,TG:5a10d0312db1b48f,2.7382348,1,0.1975,0.93924546
banglafake/extracted/final_data/deepfake_data_news/real_wav/958.wav,0,BF-NEWS,unknown,TG:afa7f2d45ca49529,2.8421388,1,0.4308333333333333,0.9449109
banglafake/extracted/final_data/deepfake_data_news/real_wav/959.wav,0,BF-NEWS,unknown,TG:4fbc2e9a4d6cd001,2.432334,1,0.1508333333333333,0.9192599
banglafake/extracted/final_data/deepfake_data_news/real_wav/96.wav,0,BF-NEWS,unknown,TG:fe1a01060b575984,3.4191928,1,0.5525,0.96829903
banglafake/extracted/final_data/deepfake_data_news/real_wav/960.wav,0,BF-NEWS,unknown,TG:2a83ff7b2d9a25ee,2.878446,1,0.1175,0.9467706
banglafake/extracted/final_data/deepfake_data_news/real_wav/961.wav,0,BF-NEWS,unknown,TG:4b1fefd36b2f3720,2.1543348,1,0.0441666666666666,0.89607316
banglafake/extracted/final_data/deepfake_data_news/real_wav/962.wav,0,BF-NEWS,unknown,TG:c275d4da38fdef7e,0.26947528,2,0.0,0.5669641
banglafake/extracted/final_data/deepfake_data_news/real_wav/963.wav,0,BF-NEWS,unknown,TG:28ed14761aa8abdd,2.9272165,1,0.3091666666666667,0.9491756
banglafake/extracted/final_data/deepfake_data_news/real_wav/964.wav,0,BF-NEWS,unknown,TG:4e553dab2ef3ddc5,0.9285574,1,0.3774999999999999,0.71678257
banglafake/extracted/final_data/deepfake_data_news/real_wav/965.wav,0,BF-NEWS,unknown,TG:13b9a389da1a9566,3.104994,1,0.1258333333333333,0.95709825
banglafake/extracted/final_data/deepfake_data_news/real_wav/966.wav,0,BF-NEWS,unknown,TG:1f8a553efda5f204,3.5429275,1,0.4075,0.9718848
banglafake/extracted/final_data/deepfake_data_news/real_wav/967.wav,0,BF-NEWS,unknown,TG:1d16c3c04d084b8c,3.5986283,1,0.4108333333333334,0.97336745
banglafake/extracted/final_data/deepfake_data_news/real_wav/968.wav,0,BF-NEWS,unknown,TG:77069930063e81d7,1.2528969,1,0.5158333333333334,0.7778009
banglafake/extracted/final_data/deepfake_data_news/real_wav/969.wav,0,BF-NEWS,unknown,TG:efb4af1c42dc44cd,2.3364718,1,0.2475,0.9118529
banglafake/extracted/final_data/deepfake_data_news/real_wav/97.wav,0,BF-NEWS,unknown,TG:485df68ca50615bb,3.0587242,1,0.3958333333333333,0.95515764
banglafake/extracted/final_data/deepfake_data_news/real_wav/970.wav,0,BF-NEWS,unknown,TG:29c3df63f0a2c703,2.4640818,2,0.0,0.92158514
banglafake/extracted/final_data/deepfake_data_news/real_wav/971.wav,0,BF-NEWS,unknown,TG:4acc1258b2c7dd0a,4.5192957,2,0.0,0.9892208
banglafake/extracted/final_data/deepfake_data_news/real_wav/972.wav,0,BF-NEWS,unknown,TG:1df16a54a18f08ea,3.5824125,1,0.0324999999999999,0.97294384
banglafake/extracted/final_data/deepfake_data_news/real_wav/973.wav,0,BF-NEWS,unknown,TG:da3cd9fbf16ba32a,1.7065173,1,0.2091666666666666,0.84638405
banglafake/extracted/final_data/deepfake_data_news/real_wav/974.wav,0,BF-NEWS,unknown,TG:5e1337fc8605606c,4.277211,1,0.1125,0.98630875
banglafake/extracted/final_data/deepfake_data_news/real_wav/975.wav,0,BF-NEWS,unknown,TG:98b684e43b7ca9fb,2.7942924,1,0.5375,0.9423666
banglafake/extracted/final_data/deepfake_data_news/real_wav/976.wav,0,BF-NEWS,unknown,TG:88b0058371d52f06,3.7656355,1,0.3341666666666666,0.977371
banglafake/extracted/final_data/deepfake_data_news/real_wav/977.wav,0,BF-NEWS,unknown,TG:c3f474a392b42d26,1.7283741,1,0.4541666666666667,0.84920436
banglafake/extracted/final_data/deepfake_data_news/real_wav/978.wav,0,BF-NEWS,unknown,TG:a4f6569087f9cfc0,2.3606591,1,0.3358333333333333,0.91377777
banglafake/extracted/final_data/deepfake_data_news/real_wav/979.wav,0,BF-NEWS,unknown,TG:101ae0685731c7b4,2.3137488,1,0.6541666666666667,0.9100093
banglafake/extracted/final_data/deepfake_data_news/real_wav/98.wav,0,BF-NEWS,unknown,TG:5559cb363844592d,3.2525349,1,0.1908333333333333,0.9627641
banglafake/extracted/final_data/deepfake_data_news/real_wav/980.wav,0,BF-NEWS,unknown,TG:af1a832a22e9178f,2.5116978,1,0.0474999999999999,0.9249578
banglafake/extracted/final_data/deepfake_data_news/real_wav/981.wav,0,BF-NEWS,unknown,TG:49b2aec711999cfd,2.0136979,1,0.3325,0.8822278
banglafake/extracted/final_data/deepfake_data_news/real_wav/982.wav,0,BF-NEWS,unknown,TG:75b51d658d725b08,2.0715263,1,0.2008333333333333,0.8881047
banglafake/extracted/final_data/deepfake_data_news/real_wav/983.wav,0,BF-NEWS,unknown,TG:dfc0aeaa92eb725f,3.856307,1,0.2791666666666667,0.979292
banglafake/extracted/final_data/deepfake_data_news/real_wav/984.wav,0,BF-NEWS,unknown,TG:dfb0017c675928ac,3.3800068,1,0.0825,0.9670738
banglafake/extracted/final_data/deepfake_data_news/real_wav/985.wav,0,BF-NEWS,unknown,TG:a81876941d62ef59,2.5363345,1,0.1391666666666666,0.92665005
banglafake/extracted/final_data/deepfake_data_news/real_wav/986.wav,0,BF-NEWS,unknown,TG:2dafdc9ddb8ab8b4,2.0782976,1,0.4141666666666667,0.8887759
banglafake/extracted/final_data/deepfake_data_news/real_wav/987.wav,0,BF-NEWS,unknown,TG:636f1577620234d0,3.38737,1,0.0424999999999999,0.96730745
banglafake/extracted/final_data/deepfake_data_news/real_wav/988.wav,0,BF-NEWS,unknown,TG:f75ee3662bcf824e,3.504451,1,0.2008333333333333,0.97081417
banglafake/extracted/final_data/deepfake_data_news/real_wav/989.wav,0,BF-NEWS,unknown,TG:e5d2d99781a7f512,3.6246247,1,0.4341666666666667,0.9740331
banglafake/extracted/final_data/deepfake_data_news/real_wav/99.wav,0,BF-NEWS,unknown,TG:5fde53017ba1ad6c,2.3426673,1,0.1908333333333333,0.91234964
banglafake/extracted/final_data/deepfake_data_news/real_wav/990.wav,0,BF-NEWS,unknown,TG:b056b39f8aea51a4,2.2609012,1,0.5358333333333334,0.9055867
banglafake/extracted/final_data/deepfake_data_news/real_wav/991.wav,0,BF-NEWS,unknown,TG:1f53c2dca2c6032f,2.0189433,1,0.0791666666666667,0.88277173
banglafake/extracted/final_data/deepfake_data_news/real_wav/992.wav,0,BF-NEWS,unknown,TG:a73d9ac3743759fb,2.8831067,1,0.3358333333333333,0.947005
banglafake/extracted/final_data/deepfake_data_news/real_wav/993.wav,0,BF-NEWS,unknown,TG:94a8c4f94b011ab2,2.1939669,1,0.1058333333333333,0.8997064
banglafake/extracted/final_data/deepfake_data_news/real_wav/994.wav,0,BF-NEWS,unknown,TG:daca3550c5100101,2.5334327,1,0.2108333333333333,0.92645264
banglafake/extracted/final_data/deepfake_data_news/real_wav/995.wav,0,BF-NEWS,unknown,TG:636f1577620234d0,3.6232865,1,0.2291666666666666,0.9739993
banglafake/extracted/final_data/deepfake_data_news/real_wav/996.wav,0,BF-NEWS,unknown,TG:a8b831df97381dcc,2.3943057,1,0.5058333333333334,0.9163921
banglafake/extracted/final_data/deepfake_data_news/real_wav/997.wav,0,BF-NEWS,unknown,TG:bb3eab38fc8a1bfe,3.2677288,1,0.2708333333333333,0.963305
banglafake/extracted/final_data/deepfake_data_news/real_wav/998.wav,0,BF-NEWS,unknown,TG:33b872c58c956533,1.6354526,1,0.3041666666666667,0.8369152
banglafake/extracted/final_data/deepfake_data_news/real_wav/999.wav,0,BF-NEWS,unknown,TG:90dc1214742c9f5c,2.0731733,1,0.4591666666666666,0.88826835
