audio_path,label,dataset_id,speaker_id,text_group,score,n_windows,max_pad_fraction,prob_spoof
mendeley/extracted/Bangla Audio Dataset Original and DeepFake Voices for AI-Based Voice Analysis and Detection/Dataset/S10F03/Fake/1.wav,1,MEN,MEN-S10F03,TG:d3ce29150919b0bf,-11.265625,1,0.1691666666666667,1.2805474e-05
mendeley/extracted/Bangla Audio Dataset Original and DeepFake Voices for AI-Based Voice Analysis and Detection/Dataset/S10F03/Fake/10.wav,1,MEN,MEN-S10F03,TG:2053513ab857e64b,2.2128906,1,0.3858333333333333,0.9014011
mendeley/extracted/Bangla Audio Dataset Original and DeepFake Voices for AI-Based Voice Analysis and Detection/Dataset/S10F03/Fake/11.wav,1,MEN,MEN-S10F03,TG:2557d7be6d06171f,6.4414062,1,0.3225,0.9984084
mendeley/extracted/Bangla Audio Dataset Original and DeepFake Voices for AI-Based Voice Analysis and Detection/Dataset/S10F03/Fake/12.wav,1,MEN,MEN-S10F03,TG:1ad78c16e9f1fa18,-3.5566406,1,0.4675,0.027742893
mendeley/extracted/Bangla Audio Dataset Original and DeepFake Voices for AI-Based Voice Analysis and Detection/Dataset/S10F03/Fake/13.wav,1,MEN,MEN-S10F03,TG:8755d96808d69cf8,-4.6367188,1,0.4141666666666667,0.009596455
mendeley/extracted/Bangla Audio Dataset Original and DeepFake Voices for AI-Based Voice Analysis and Detection/Dataset/S10F03/Fake/14.wav,1,MEN,MEN-S10F03,TG:a752f9ff5f43a780,7.5,1,0.4508333333333333,0.99944717
mendeley/extracted/Bangla Audio Dataset Original and DeepFake Voices for AI-Based Voice Analysis and Detection/Dataset/S10F03/Fake/15.wav,1,MEN,MEN-S10F03,TG:87dc8ea01461476e,-8.3984375,1,0.4358333333333333,0.00022516825
mendeley/extracted/Bangla Audio Dataset Original and DeepFake Voices for AI-Based Voice Analysis and Detection/Dataset/S10F03/Fake/16.wav,1,MEN,MEN-S10F03,TG:a161442acecd244f,-2.9570312,1,0.2741666666666666,0.049405243
mendeley/extracted/Bangla Audio Dataset Original and DeepFake Voices for AI-Based Voice Analysis and Detection/Dataset/S10F03/Fake/17.wav,1,MEN,MEN-S10F03,TG:03f064fdfaf1ab36,-3.6386719,1,0.3974999999999999,0.025613915
mendeley/extracted/Bangla Audio Dataset Original and DeepFake Voices for AI-Based Voice Analysis and Detection/Dataset/S10F03/Fake/18.wav,1,MEN,MEN-S10F03,TG:b94d39ca30d8b003,-2.1152344,1,0.4141666666666667,0.10762492
mendeley/extracted/Bangla Audio Dataset Original and DeepFake Voices for AI-Based Voice Analysis and Detection/Dataset/S10F03/Fake/19.wav,1,MEN,MEN-S10F03,TG:292f77d0836ad383,-3.2441406,1,0.4875,0.037538007
mendeley/extracted/Bangla Audio Dataset Original and DeepFake Voices for AI-Based Voice Analysis and Detection/Dataset/S10F03/Fake/2.wav,1,MEN,MEN-S10F03,TG:777323a77bbfb0f1,6.28125,1,0.4108333333333334,0.9981324
mendeley/extracted/Bangla Audio Dataset Original and DeepFake Voices for AI-Based Voice Analysis and Detection/Dataset/S10F03/Fake/20.wav,1,MEN,MEN-S10F03,TG:d7eb7bfa4ea54586,9.0859375,1,0.3308333333333333,0.99988675
mendeley/extracted/Bangla Audio Dataset Original and DeepFake Voices for AI-Based Voice Analysis and Detection/Dataset/S10F03/Fake/21.wav,1,MEN,MEN-S10F03,TG:a76e4f06cf107f94,-5.484375,1,0.4508333333333333,0.004133968
mendeley/extracted/Bangla Audio Dataset Original and DeepFake Voices for AI-Based Voice Analysis and Detection/Dataset/S10F03/Fake/22.wav,1,MEN,MEN-S10F03,TG:0eb06cb4db7fa33d,4.9257812,1,0.4541666666666667,0.99279517
mendeley/extracted/Bangla Audio Dataset Original and DeepFake Voices for AI-Based Voice Analysis and Detection/Dataset/S10F03/Fake/23.wav,1,MEN,MEN-S10F03,TG:411b82bee58b8a11,2.703125,1,0.4808333333333333,0.93721074
mendeley/extracted/Bangla Audio Dataset Original and DeepFake Voices for AI-Based Voice Analysis and Detection/Dataset/S10F03/Fake/24.wav,1,MEN,MEN-S10F03,TG:2d6549bed8663a0e,7.0351562,1,0.4358333333333333,0.9991204
mendeley/extracted/Bangla Audio Dataset Original and DeepFake Voices for AI-Based Voice Analysis and Detection/Dataset/S10F03/Fake/25.wav,1,MEN,MEN-S10F03,TG:f9f8fdb09d02dc4f,7.9335938,1,0.5441666666666667,0.99964166
mendeley/extracted/Bangla Audio Dataset Original and DeepFake Voices for AI-Based Voice Analysis and Detection/Dataset/S10F03/Fake/26.wav,1,MEN,MEN-S10F03,TG:d21f1014c15ffac8,4.6992188,1,0.4308333333333333,0.99097973
mendeley/extracted/Bangla Audio Dataset Original and DeepFake Voices for AI-Based Voice Analysis and Detection/Dataset/S10F03/Fake/27.wav,1,MEN,MEN-S10F03,TG:93a66da769492799,-7.203125,1,0.3874999999999999,0.00074370287
mendeley/extracted/Bangla Audio Dataset Original and DeepFake Voices for AI-Based Voice Analysis and Detection/Dataset/S10F03/Fake/28.wav,1,MEN,MEN-S10F03,TG:65c7f26c8f16369d,1.3320312,1,0.2041666666666667,0.79117644
mendeley/extracted/Bangla Audio Dataset Original and DeepFake Voices for AI-Based Voice Analysis and Detection/Dataset/S10F03/Fake/29.wav,1,MEN,MEN-S10F03,TG:bcb64741cfa3e7b8,-3.9472656,1,0.4725,0.018941708
mendeley/extracted/Bangla Audio Dataset Original and DeepFake Voices for AI-Based Voice Analysis and Detection/Dataset/S10F03/Fake/3.wav,1,MEN,MEN-S10F03,TG:e3d1f199eb45a8bb,6.5195312,1,0.4091666666666667,0.99852777
mendeley/extracted/Bangla Audio Dataset Original and DeepFake Voices for AI-Based Voice Analysis and Detection/Dataset/S10F03/Fake/30.wav,1,MEN,MEN-S10F03,TG:d1cbe39bd9b59ac2,8.171875,1,0.3658333333333333,0.99971753
mendeley/extracted/Bangla Audio Dataset Original and DeepFake Voices for AI-Based Voice Analysis and Detection/Dataset/S10F03/Fake/4.wav,1,MEN,MEN-S10F03,TG:4cfc5f39575a38c2,8.5625,1,0.5541666666666667,0.99980897
mendeley/extracted/Bangla Audio Dataset Original and DeepFake Voices for AI-Based Voice Analysis and Detection/Dataset/S10F03/Fake/5.wav,1,MEN,MEN-S10F03,TG:1599e574af42cfa4,6.078125,1,0.4408333333333333,0.99771273
mendeley/extracted/Bangla Audio Dataset Original and DeepFake Voices for AI-Based Voice Analysis and Detection/Dataset/S10F03/Fake/6.wav,1,MEN,MEN-S10F03,TG:ab19869b4d329944,2.2382812,1,0.3641666666666666,0.9036349
mendeley/extracted/Bangla Audio Dataset Original and DeepFake Voices for AI-Based Voice Analysis and Detection/Dataset/S10F03/Fake/7.wav,1,MEN,MEN-S10F03,TG:ded1f5c9728375f6,7.578125,1,0.6291666666666667,0.9994887
mendeley/extracted/Bangla Audio Dataset Original and DeepFake Voices for AI-Based Voice Analysis and Detection/Dataset/S10F03/Fake/8.wav,1,MEN,MEN-S10F03,TG:caa70121004273c9,12.03125,1,0.5575,0.99999404
mendeley/extracted/Bangla Audio Dataset Original and DeepFake Voices for AI-Based Voice Analysis and Detection/Dataset/S10F03/Fake/9.wav,1,MEN,MEN-S10F03,TG:e45efc4bac420645,-16.921875,1,0.3708333333333333,4.47634e-08
mendeley/extracted/Bangla Audio Dataset Original and DeepFake Voices for AI-Based Voice Analysis and Detection/Dataset/S10F03/Real/1.wav,0,MEN,MEN-S10F03,TG:d3ce29150919b0bf,-0.9238281,1,0.3675,0.28417853
mendeley/extracted/Bangla Audio Dataset Original and DeepFake Voices for AI-Based Voice Analysis and Detection/Dataset/S10F03/Real/10.wav,0,MEN,MEN-S10F03,TG:2053513ab857e64b,3.2128906,1,0.3841666666666666,0.96131647
mendeley/extracted/Bangla Audio Dataset Original and DeepFake Voices for AI-Based Voice Analysis and Detection/Dataset/S10F03/Real/11.wav,0,MEN,MEN-S10F03,TG:2557d7be6d06171f,-11.578125,1,0.4841666666666666,9.368717e-06
mendeley/extracted/Bangla Audio Dataset Original and DeepFake Voices for AI-Based Voice Analysis and Detection/Dataset/S10F03/Real/12.wav,0,MEN,MEN-S10F03,TG:1ad78c16e9f1fa18,-14.453125,1,0.4341666666666667,5.2855154e-07
mendeley/extracted/Bangla Audio Dataset Original and DeepFake Voices for AI-Based Voice Analysis and Detection/Dataset/S10F03/Real/13.wav,0,MEN,MEN-S10F03,TG:8755d96808d69cf8,-2.9882812,1,0.4675,0.047958102
mendeley/extracted/Bangla Audio Dataset Original and DeepFake Voices for AI-Based Voice Analysis and Detection/Dataset/S10F03/Real/14.wav,0,MEN,MEN-S10F03,TG:a752f9ff5f43a780,8.0703125,1,0.4508333333333333,0.99968743
mendeley/extracted/Bangla Audio Dataset Original and DeepFake Voices for AI-Based Voice Analysis and Detection/Dataset/S10F03/Real/15.wav,0,MEN,MEN-S10F03,TG:87dc8ea01461476e,-9.5234375,1,0.4008333333333334,7.311254e-05
mendeley/extracted/Bangla Audio Dataset Original and DeepFake Voices for AI-Based Voice Analysis and Detection/Dataset/S10F03/Real/16.wav,0,MEN,MEN-S10F03,TG:a161442acecd244f,-15.3125,1,0.3675,2.2380287e-07
mendeley/extracted/Bangla Audio Dataset Original and DeepFake Voices for AI-Based Voice Analysis and Detection/Dataset/S10F03/Real/17.wav,0,MEN,MEN-S10F03,TG:03f064fdfaf1ab36,-10.1953125,1,0.4341666666666667,3.7343565e-05
mendeley/extracted/Bangla Audio Dataset Original and DeepFake Voices for AI-Based Voice Analysis and Detection/Dataset/S10F03/Real/18.wav,0,MEN,MEN-S10F03,TG:b94d39ca30d8b003,-18.609375,1,0.4008333333333334,8.280397e-09
mendeley/extracted/Bangla Audio Dataset Original and DeepFake Voices for AI-Based Voice Analysis and Detection/Dataset/S10F03/Real/19.wav,0,MEN,MEN-S10F03,TG:292f77d0836ad383,-0.20935059,1,0.4841666666666666,0.44785264
mendeley/extracted/Bangla Audio Dataset Original and DeepFake Voices for AI-Based Voice Analysis and Detection/Dataset/S10F03/Real/2.wav,0,MEN,MEN-S10F03,TG:777323a77bbfb0f1,-3.6933594,1,0.4008333333333334,0.02428387
mendeley/extracted/Bangla Audio Dataset Original and DeepFake Voices for AI-Based Voice Analysis and Detection/Dataset/S10F03/Real/20.wav,0,MEN,MEN-S10F03,TG:d7eb7bfa4ea54586,7.359375,1,0.3841666666666666,0.99936384
mendeley/extracted/Bangla Audio Dataset Original and DeepFake Voices for AI-Based Voice Analysis and Detection/Dataset/S10F03/Real/21.wav,0,MEN,MEN-S10F03,TG:a76e4f06cf107f94,-7.0898438,1,0.4341666666666667,0.0008328334
mendeley/extracted/Bangla Audio Dataset Original and DeepFake Voices for AI-Based Voice Analysis and Detection/Dataset/S10F03/Real/22.wav,0,MEN,MEN-S10F03,TG:0eb06cb4db7fa33d,-22.328125,1,0.4841666666666666,2.0091785e-10
mendeley/extracted/Bangla Audio Dataset Original and DeepFake Voices for AI-Based Voice Analysis and Detection/Dataset/S10F03/Real/23.wav,0,MEN,MEN-S10F03,TG:411b82bee58b8a11,-3.015625,1,0.4191666666666667,0.046724956
mendeley/extracted/Bangla Audio Dataset Original and DeepFake Voices for AI-Based Voice Analysis and Detection/Dataset/S10F03/Real/24.wav,0,MEN,MEN-S10F03,TG:2d6549bed8663a0e,9.328125,1,0.4508333333333333,0.99991107
mendeley/extracted/Bangla Audio Dataset Original and DeepFake Voices for AI-Based Voice Analysis and Detection/Dataset/S10F03/Real/25.wav,0,MEN,MEN-S10F03,TG:f9f8fdb09d02dc4f,-0.9921875,1,0.4508333333333333,0.27048022
mendeley/extracted/Bangla Audio Dataset Original and DeepFake Voices for AI-Based Voice Analysis and Detection/Dataset/S10F03/Real/26.wav,0,MEN,MEN-S10F03,TG:d21f1014c15ffac8,-7.0390625,1,0.3675,0.00087618
mendeley/extracted/Bangla Audio Dataset Original and DeepFake Voices for AI-Based Voice Analysis and Detection/Dataset/S10F03/Real/27.wav,0,MEN,MEN-S10F03,TG:93a66da769492799,-17.078125,1,0.4175,3.8288164e-08
mendeley/extracted/Bangla Audio Dataset Original and DeepFake Voices for AI-Based Voice Analysis and Detection/Dataset/S10F03/Real/28.wav,0,MEN,MEN-S10F03,TG:65c7f26c8f16369d,6.21875,1,0.4508333333333333,0.9980122
mendeley/extracted/Bangla Audio Dataset Original and DeepFake Voices for AI-Based Voice Analysis and Detection/Dataset/S10F03/Real/29.wav,0,MEN,MEN-S10F03,TG:bcb64741cfa3e7b8,-21.953125,1,0.5008333333333334,2.9233374e-10
mendeley/extracted/Bangla Audio Dataset Original and DeepFake Voices for AI-Based Voice Analysis and Detection/Dataset/S10F03/Real/3.wav,0,MEN,MEN-S10F03,TG:e3d1f199eb45a8bb,9.078125,1,0.4008333333333334,0.9998859
mendeley/extracted/Bangla Audio Dataset Original and DeepFake Voices for AI-Based Voice Analysis and Detection/Dataset/S10F03/Real/30.wav,0,MEN,MEN-S10F03,TG:d1cbe39bd9b59ac2,-4.0703125,1,0.4008333333333334,0.01678549
mendeley/extracted/Bangla Audio Dataset Original and DeepFake Voices for AI-Based Voice Analysis and Detection/Dataset/S10F03/Real/4.wav,0,MEN,MEN-S10F03,TG:4cfc5f39575a38c2,7.4609375,1,0.4175,0.9994253
mendeley/extracted/Bangla Audio Dataset Original and DeepFake Voices for AI-Based Voice Analysis and Detection/Dataset/S10F03/Real/5.wav,0,MEN,MEN-S10F03,TG:1599e574af42cfa4,13.8046875,1,0.3841666666666666,0.99999905
mendeley/extracted/Bangla Audio Dataset Original and DeepFake Voices for AI-Based Voice Analysis and Detection/Dataset/S10F03/Real/6.wav,0,MEN,MEN-S10F03,TG:ab19869b4d329944,3.9941406,1,0.3841666666666666,0.98190993
mendeley/extracted/Bangla Audio Dataset Original and DeepFake Voices for AI-Based Voice Analysis and Detection/Dataset/S10F03/Real/7.wav,0,MEN,MEN-S10F03,TG:ded1f5c9728375f6,7.3125,1,0.4341666666666667,0.9993333
mendeley/extracted/Bangla Audio Dataset Original and DeepFake Voices for AI-Based Voice Analysis and Detection/Dataset/S10F03/Real/8.wav,0,MEN,MEN-S10F03,TG:caa70121004273c9,5.0742188,1,0.3675,0.99378294
mendeley/extracted/Bangla Audio Dataset Original and DeepFake Voices for AI-Based Voice Analysis and Detection/Dataset/S10F03/Real/9.wav,0,MEN,MEN-S10F03,TG:e45efc4bac420645,-7.4296875,1,0.4341666666666667,0.00059302105
mendeley/extracted/Bangla Audio Dataset Original and DeepFake Voices for AI-Based Voice Analysis and Detection/Dataset/S10F04/Fake/1.wav,1,MEN,MEN-S10F04,TG:d3ce29150919b0bf,2.5605469,1,0.0808333333333333,0.92827886
mendeley/extracted/Bangla Audio Dataset Original and DeepFake Voices for AI-Based Voice Analysis and Detection/Dataset/S10F04/Fake/10.wav,1,MEN,MEN-S10F04,TG:2053513ab857e64b,-1.7177734,1,0.3741666666666666,0.15215819
mendeley/extracted/Bangla Audio Dataset Original and DeepFake Voices for AI-Based Voice Analysis and Detection/Dataset/S10F04/Fake/11.wav,1,MEN,MEN-S10F04,TG:2557d7be6d06171f,-17.828125,1,0.3725,1.8086048e-08
mendeley/extracted/Bangla Audio Dataset Original and DeepFake Voices for AI-Based Voice Analysis and Detection/Dataset/S10F04/Fake/12.wav,1,MEN,MEN-S10F04,TG:1ad78c16e9f1fa18,-12.703125,1,0.4541666666666667,3.0415963e-06
mendeley/extracted/Bangla Audio Dataset Original and DeepFake Voices for AI-Based Voice Analysis and Detection/Dataset/S10F04/Fake/13.wav,1,MEN,MEN-S10F04,TG:8755d96808d69cf8,-11.6328125,1,0.4408333333333333,8.870127e-06
mendeley/extracted/Bangla Audio Dataset Original and DeepFake Voices for AI-Based Voice Analysis and Detection/Dataset/S10F04/Fake/14.wav,1,MEN,MEN-S10F04,TG:a752f9ff5f43a780,-16.578125,1,0.4841666666666666,6.3126514e-08
mendeley/extracted/Bangla Audio Dataset Original and DeepFake Voices for AI-Based Voice Analysis and Detection/Dataset/S10F04/Fake/15.wav,1,MEN,MEN-S10F04,TG:87dc8ea01461476e,-8.3125,1,0.4475,0.0002453695
mendeley/extracted/Bangla Audio Dataset Original and DeepFake Voices for AI-Based Voice Analysis and Detection/Dataset/S10F04/Fake/16.wav,1,MEN,MEN-S10F04,TG:a161442acecd244f,1.8740234,1,0.2208333333333333,0.8669231
mendeley/extracted/Bangla Audio Dataset Original and DeepFake Voices for AI-Based Voice Analysis and Detection/Dataset/S10F04/Fake/17.wav,1,MEN,MEN-S10F04,TG:03f064fdfaf1ab36,-18.5,1,0.3675,9.23745e-09
mendeley/extracted/Bangla Audio Dataset Original and DeepFake Voices for AI-Based Voice Analysis and Detection/Dataset/S10F04/Fake/18.wav,1,MEN,MEN-S10F04,TG:b94d39ca30d8b003,-12.328125,1,0.4841666666666666,4.4254903e-06
mendeley/extracted/Bangla Audio Dataset Original and DeepFake Voices for AI-Based Voice Analysis and Detection/Dataset/S10F04/Fake/19.wav,1,MEN,MEN-S10F04,TG:292f77d0836ad383,-13.25,1,0.4641666666666666,1.7603434e-06
mendeley/extracted/Bangla Audio Dataset Original and DeepFake Voices for AI-Based Voice Analysis and Detection/Dataset/S10F04/Fake/2.wav,1,MEN,MEN-S10F04,TG:777323a77bbfb0f1,7.9960938,1,0.3858333333333333,0.99966335
mendeley/extracted/Bangla Audio Dataset Original and DeepFake Voices for AI-Based Voice Analysis and Detection/Dataset/S10F04/Fake/20.wav,1,MEN,MEN-S10F04,TG:d7eb7bfa4ea54586,5.2617188,1,0.3658333333333333,0.9948403
mendeley/extracted/Bangla Audio Dataset Original and DeepFake Voices for AI-Based Voice Analysis and Detection/Dataset/S10F04/Fake/21.wav,1,MEN,MEN-S10F04,TG:a76e4f06cf107f94,-14.296875,1,0.3858333333333333,6.179393e-07
mendeley/extracted/Bangla Audio Dataset Original and DeepFake Voices for AI-Based Voice Analysis and Detection/Dataset/S10F04/Fake/22.wav,1,MEN,MEN-S10F04,TG:0eb06cb4db7fa33d,5.6484375,1,0.5408333333333333,0.99648935
mendeley/extracted/Bangla Audio Dataset Original and DeepFake Voices for AI-Based Voice Analysis and Detection/Dataset/S10F04/Fake/23.wav,1,MEN,MEN-S10F04,TG:411b82bee58b8a11,-15.2109375,1,0.3774999999999999,2.477272e-07
mendeley/extracted/Bangla Audio Dataset Original and DeepFake Voices for AI-Based Voice Analysis and Detection/Dataset/S10F04/Fake/24.wav,1,MEN,MEN-S10F04,TG:2d6549bed8663a0e,-10.8828125,1,0.3941666666666666,1.8777875e-05
mendeley/extracted/Bangla Audio Dataset Original and DeepFake Voices for AI-Based Voice Analysis and Detection/Dataset/S10F04/Fake/25.wav,1,MEN,MEN-S10F04,TG:f9f8fdb09d02dc4f,3.9414062,1,0.5608333333333333,0.9809491
mendeley/extracted/Bangla Audio Dataset Original and DeepFake Voices for AI-Based Voice Analysis and Detection/Dataset/S10F04/Fake/26.wav,1,MEN,MEN-S10F04,TG:d21f1014c15ffac8,8.0078125,1,0.4575,0.9996673
mendeley/extracted/Bangla Audio Dataset Original and DeepFake Voices for AI-Based Voice Analysis and Detection/Dataset/S10F04/Fake/27.wav,1,MEN,MEN-S10F04,TG:93a66da769492799,-10.75,1,0.4075,2.1444948e-05
mendeley/extracted/Bangla Audio Dataset Original and DeepFake Voices for AI-Based Voice Analysis and Detection/Dataset/S10F04/Fake/28.wav,1,MEN,MEN-S10F04,TG:65c7f26c8f16369d,0.026855469,1,0.2875,0.50671345
mendeley/extracted/Bangla Audio Dataset Original and DeepFake Voices for AI-Based Voice Analysis and Detection/Dataset/S10F04/Fake/29.wav,1,MEN,MEN-S10F04,TG:bcb64741cfa3e7b8,-10.21875,1,0.5141666666666667,3.6478537e-05
mendeley/extracted/Bangla Audio Dataset Original and DeepFake Voices for AI-Based Voice Analysis and Detection/Dataset/S10F04/Fake/3.wav,1,MEN,MEN-S10F04,TG:e3d1f199eb45a8bb,1.2158203,1,0.4475,0.7713272
mendeley/extracted/Bangla Audio Dataset Original and DeepFake Voices for AI-Based Voice Analysis and Detection/Dataset/S10F04/Fake/30.wav,1,MEN,MEN-S10F04,TG:d1cbe39bd9b59ac2,0.47680664,1,0.4275,0.6169935
mendeley/extracted/Bangla Audio Dataset Original and DeepFake Voices for AI-Based Voice Analysis and Detection/Dataset/S10F04/Fake/4.wav,1,MEN,MEN-S10F04,TG:4cfc5f39575a38c2,9.390625,1,0.5241666666666667,0.99991655
mendeley/extracted/Bangla Audio Dataset Original and DeepFake Voices for AI-Based Voice Analysis and Detection/Dataset/S10F04/Fake/5.wav,1,MEN,MEN-S10F04,TG:1599e574af42cfa4,1.2226562,1,0.4175,0.7725306
mendeley/extracted/Bangla Audio Dataset Original and DeepFake Voices for AI-Based Voice Analysis and Detection/Dataset/S10F04/Fake/6.wav,1,MEN,MEN-S10F04,TG:ab19869b4d329944,5.390625,1,0.4525,0.9954615
mendeley/extracted/Bangla Audio Dataset Original and DeepFake Voices for AI-Based Voice Analysis and Detection/Dataset/S10F04/Fake/7.wav,1,MEN,MEN-S10F04,TG:ded1f5c9728375f6,-24.640625,1,0.5875,1.989356e-11
mendeley/extracted/Bangla Audio Dataset Original and DeepFake Voices for AI-Based Voice Analysis and Detection/Dataset/S10F04/Fake/8.wav,1,MEN,MEN-S10F04,TG:caa70121004273c9,10.8984375,1,0.5541666666666667,0.9999815
mendeley/extracted/Bangla Audio Dataset Original and DeepFake Voices for AI-Based Voice Analysis and Detection/Dataset/S10F04/Fake/9.wav,1,MEN,MEN-S10F04,TG:e45efc4bac420645,-17.921875,1,0.3874999999999999,1.6467533e-08
mendeley/extracted/Bangla Audio Dataset Original and DeepFake Voices for AI-Based Voice Analysis and Detection/Dataset/S10F04/Real/1.wav,0,MEN,MEN-S10F04,TG:d3ce29150919b0bf,13.2265625,1,0.3708333333333333,0.9999982
mendeley/extracted/Bangla Audio Dataset Original and DeepFake Voices for AI-Based Voice Analysis and Detection/Dataset/S10F04/Real/10.wav,0,MEN,MEN-S10F04,TG:2053513ab857e64b,-12.21875,1,0.4375,4.936989e-06
mendeley/extracted/Bangla Audio Dataset Original and DeepFake Voices for AI-Based Voice Analysis and Detection/Dataset/S10F04/Real/11.wav,0,MEN,MEN-S10F04,TG:2557d7be6d06171f,9.4375,1,0.3691666666666666,0.99992037
mendeley/extracted/Bangla Audio Dataset Original and DeepFake Voices for AI-Based Voice Analysis and Detection/Dataset/S10F04/Real/12.wav,0,MEN,MEN-S10F04,TG:1ad78c16e9f1fa18,2.6230469,1,0.4708333333333333,0.9323302
mendeley/extracted/Bangla Audio Dataset Original and DeepFake Voices for AI-Based Voice Analysis and Detection/Dataset/S10F04/Real/13.wav,0,MEN,MEN-S10F04,TG:8755d96808d69cf8,9.1484375,1,0.5191666666666667,0.99989367
mendeley/extracted/Bangla Audio Dataset Original and DeepFake Voices for AI-Based Voice Analysis and Detection/Dataset/S10F04/Real/14.wav,0,MEN,MEN-S10F04,TG:a752f9ff5f43a780,-15.9609375,1,0.5708333333333333,1.17018054e-07
mendeley/extracted/Bangla Audio Dataset Original and DeepFake Voices for AI-Based Voice Analysis and Detection/Dataset/S10F04/Real/15.wav,0,MEN,MEN-S10F04,TG:87dc8ea01461476e,7.8164062,1,0.5191666666666667,0.99959713
mendeley/extracted/Bangla Audio Dataset Original and DeepFake Voices for AI-Based Voice Analysis and Detection/Dataset/S10F04/Real/16.wav,0,MEN,MEN-S10F04,TG:a161442acecd244f,11.03125,1,0.4375,0.9999838
mendeley/extracted/Bangla Audio Dataset Original and DeepFake Voices for AI-Based Voice Analysis and Detection/Dataset/S10F04/Real/17.wav,0,MEN,MEN-S10F04,TG:03f064fdfaf1ab36,8.0,1,0.5525,0.99966466
mendeley/extracted/Bangla Audio Dataset Original and DeepFake Voices for AI-Based Voice Analysis and Detection/Dataset/S10F04/Real/18.wav,0,MEN,MEN-S10F04,TG:b94d39ca30d8b003,4.7695312,1,0.5025,0.99158704
mendeley/extracted/Bangla Audio Dataset Original and DeepFake Voices for AI-Based Voice Analysis and Detection/Dataset/S10F04/Real/19.wav,0,MEN,MEN-S10F04,TG:292f77d0836ad383,3.1386719,1,0.4875,0.95846003
mendeley/extracted/Bangla Audio Dataset Original and DeepFake Voices for AI-Based Voice Analysis and Detection/Dataset/S10F04/Real/2.wav,0,MEN,MEN-S10F04,TG:777323a77bbfb0f1,11.390625,1,0.3375,0.9999887
mendeley/extracted/Bangla Audio Dataset Original and DeepFake Voices for AI-Based Voice Analysis and Detection/Dataset/S10F04/Real/20.wav,0,MEN,MEN-S10F04,TG:d7eb7bfa4ea54586,7.9140625,1,0.5041666666666667,0.9996345
mendeley/extracted/Bangla Audio Dataset Original and DeepFake Voices for AI-Based Voice Analysis and Detection/Dataset/S10F04/Real/21.wav,0,MEN,MEN-S10F04,TG:a76e4f06cf107f94,-10.125,1,0.5708333333333333,4.0063696e-05
mendeley/extracted/Bangla Audio Dataset Original and DeepFake Voices for AI-Based Voice Analysis and Detection/Dataset/S10F04/Real/22.wav,0,MEN,MEN-S10F04,TG:0eb06cb4db7fa33d,-8.296875,1,0.6041666666666667,0.00024923254
mendeley/extracted/Bangla Audio Dataset Original and DeepFake Voices for AI-Based Voice Analysis and Detection/Dataset/S10F04/Real/23.wav,0,MEN,MEN-S10F04,TG:411b82bee58b8a11,6.3867188,1,0.5191666666666667,0.998319
mendeley/extracted/Bangla Audio Dataset Original and DeepFake Voices for AI-Based Voice Analysis and Detection/Dataset/S10F04/Real/24.wav,0,MEN,MEN-S10F04,TG:2d6549bed8663a0e,9.3515625,1,0.5025,0.9999132
mendeley/extracted/Bangla Audio Dataset Original and DeepFake Voices for AI-Based Voice Analysis and Detection/Dataset/S10F04/Real/25.wav,0,MEN,MEN-S10F04,TG:f9f8fdb09d02dc4f,-15.0859375,1,0.6375,2.8071167e-07
mendeley/extracted/Bangla Audio Dataset Original and DeepFake Voices for AI-Based Voice Analysis and Detection/Dataset/S10F04/Real/26.wav,0,MEN,MEN-S10F04,TG:d21f1014c15ffac8,3.3378906,1,0.5208333333333333,0.9657061
mendeley/extracted/Bangla Audio Dataset Original and DeepFake Voices for AI-Based Voice Analysis and Detection/Dataset/S10F04/Real/27.wav,0,MEN,MEN-S10F04,TG:93a66da769492799,2.3925781,1,0.5708333333333333,0.91625965
mendeley/extracted/Bangla Audio Dataset Original and DeepFake Voices for AI-Based Voice Analysis and Detection/Dataset/S10F04/Real/28.wav,0,MEN,MEN-S10F04,TG:65c7f26c8f16369d,11.0703125,1,0.4191666666666667,0.9999844
mendeley/extracted/Bangla Audio Dataset Original and DeepFake Voices for AI-Based Voice Analysis and Detection/Dataset/S10F04/Real/29.wav,0,MEN,MEN-S10F04,TG:bcb64741cfa3e7b8,-3.7382812,1,0.5708333333333333,0.023241926
mendeley/extracted/Bangla Audio Dataset Original and DeepFake Voices for AI-Based Voice Analysis and Detection/Dataset/S10F04/Real/3.wav,0,MEN,MEN-S10F04,TG:e3d1f199eb45a8bb,11.0,1,0.5708333333333333,0.9999833
mendeley/extracted/Bangla Audio Dataset Original and DeepFake Voices for AI-Based Voice Analysis and Detection/Dataset/S10F04/Real/30.wav,0,MEN,MEN-S10F04,TG:d1cbe39bd9b59ac2,-12.9296875,1,0.5041666666666667,2.4249737e-06
mendeley/extracted/Bangla Audio Dataset Original and DeepFake Voices for AI-Based Voice Analysis and Detection/Dataset/S10F04/Real/4.wav,0,MEN,MEN-S10F04,TG:4cfc5f39575a38c2,9.3125,1,0.3691666666666666,0.99990976
mendeley/extracted/Bangla Audio Dataset Original and DeepFake Voices for AI-Based Voice Analysis and Detection/Dataset/S10F04/Real/5.wav,0,MEN,MEN-S10F04,TG:1599e574af42cfa4,12.0625,1,0.4024999999999999,0.9999943
mendeley/extracted/Bangla Audio Dataset Original and DeepFake Voices for AI-Based Voice Analysis and Detection/Dataset/S10F04/Real/6.wav,0,MEN,MEN-S10F04,TG:ab19869b4d329944,7.7109375,1,0.4358333333333333,0.9995523
mendeley/extracted/Bangla Audio Dataset Original and DeepFake Voices for AI-Based Voice Analysis and Detection/Dataset/S10F04/Real/7.wav,0,MEN,MEN-S10F04,TG:ded1f5c9728375f6,12.34375,1,0.5875,0.9999956
mendeley/extracted/Bangla Audio Dataset Original and DeepFake Voices for AI-Based Voice Analysis and Detection/Dataset/S10F04/Real/8.wav,0,MEN,MEN-S10F04,TG:caa70121004273c9,10.21875,1,0.5525,0.9999635
mendeley/extracted/Bangla Audio Dataset Original and DeepFake Voices for AI-Based Voice Analysis and Detection/Dataset/S10F04/Real/9.wav,0,MEN,MEN-S10F04,TG:e45efc4bac420645,10.890625,1,0.5541666666666667,0.9999814
mendeley/extracted/Bangla Audio Dataset Original and DeepFake Voices for AI-Based Voice Analysis and Detection/Dataset/S10F05/Fake/1.wav,1,MEN,MEN-S10F05,TG:d3ce29150919b0bf,-4.578125,1,0.1975,0.010169659
mendeley/extracted/Bangla Audio Dataset Original and DeepFake Voices for AI-Based Voice Analysis and Detection/Dataset/S10F05/Fake/10.wav,1,MEN,MEN-S10F05,TG:2053513ab857e64b,6.8242188,1,0.3608333333333333,0.9989141
mendeley/extracted/Bangla Audio Dataset Original and DeepFake Voices for AI-Based Voice Analysis and Detection/Dataset/S10F05/Fake/11.wav,1,MEN,MEN-S10F05,TG:2557d7be6d06171f,-17.0625,1,0.4108333333333334,3.8891113e-08
mendeley/extracted/Bangla Audio Dataset Original and DeepFake Voices for AI-Based Voice Analysis and Detection/Dataset/S10F05/Fake/12.wav,1,MEN,MEN-S10F05,TG:1ad78c16e9f1fa18,-11.3359375,1,0.4241666666666667,1.1936024e-05
mendeley/extracted/Bangla Audio Dataset Original and DeepFake Voices for AI-Based Voice Analysis and Detection/Dataset/S10F05/Fake/13.wav,1,MEN,MEN-S10F05,TG:8755d96808d69cf8,-12.234375,1,0.3708333333333333,4.8604484e-06
mendeley/extracted/Bangla Audio Dataset Original and DeepFake Voices for AI-Based Voice Analysis and Detection/Dataset/S10F05/Fake/14.wav,1,MEN,MEN-S10F05,TG:a752f9ff5f43a780,1.2197266,1,0.4208333333333333,0.7720154
mendeley/extracted/Bangla Audio Dataset Original and DeepFake Voices for AI-Based Voice Analysis and Detection/Dataset/S10F05/Fake/15.wav,1,MEN,MEN-S10F05,TG:87dc8ea01461476e,-17.71875,1,0.4758333333333333,2.0176445e-08
mendeley/extracted/Bangla Audio Dataset Original and DeepFake Voices for AI-Based Voice Analysis and Detection/Dataset/S10F05/Fake/16.wav,1,MEN,MEN-S10F05,TG:a161442acecd244f,2.640625,1,0.2608333333333333,0.9334308
mendeley/extracted/Bangla Audio Dataset Original and DeepFake Voices for AI-Based Voice Analysis and Detection/Dataset/S10F05/Fake/17.wav,1,MEN,MEN-S10F05,TG:03f064fdfaf1ab36,-21.3125,1,0.3208333333333333,5.5475197e-10
mendeley/extracted/Bangla Audio Dataset Original and DeepFake Voices for AI-Based Voice Analysis and Detection/Dataset/S10F05/Fake/18.wav,1,MEN,MEN-S10F05,TG:b94d39ca30d8b003,0.08087158,1,0.4425,0.5202069
mendeley/extracted/Bangla Audio Dataset Original and DeepFake Voices for AI-Based Voice Analysis and Detection/Dataset/S10F05/Fake/19.wav,1,MEN,MEN-S10F05,TG:292f77d0836ad383,5.75,1,0.4075,0.9968273
mendeley/extracted/Bangla Audio Dataset Original and DeepFake Voices for AI-Based Voice Analysis and Detection/Dataset/S10F05/Fake/2.wav,1,MEN,MEN-S10F05,TG:777323a77bbfb0f1,2.6503906,1,0.4141666666666667,0.93403506
mendeley/extracted/Bangla Audio Dataset Original and DeepFake Voices for AI-Based Voice Analysis and Detection/Dataset/S10F05/Fake/20.wav,1,MEN,MEN-S10F05,TG:d7eb7bfa4ea54586,0.11975098,1,0.3874999999999999,0.529902
mendeley/extracted/Bangla Audio Dataset Original and DeepFake Voices for AI-Based Voice Analysis and Detection/Dataset/S10F05/Fake/21.wav,1,MEN,MEN-S10F05,TG:a76e4f06cf107f94,-11.3671875,1,0.4241666666666667,1.1568795e-05
mendeley/extracted/Bangla Audio Dataset Original and DeepFake Voices for AI-Based Voice Analysis and Detection/Dataset/S10F05/Fake/22.wav,1,MEN,MEN-S10F05,TG:0eb06cb4db7fa33d,0.43920898,1,0.4808333333333333,0.60807055
mendeley/extracted/Bangla Audio Dataset Original and DeepFake Voices for AI-Based Voice Analysis and Detection/Dataset/S10F05/Fake/23.wav,1,MEN,MEN-S10F05,TG:411b82bee58b8a11,-3.7519531,1,0.3874999999999999,0.022933563
mendeley/extracted/Bangla Audio Dataset Original and DeepFake Voices for AI-Based Voice Analysis and Detection/Dataset/S10F05/Fake/24.wav,1,MEN,MEN-S10F05,TG:2d6549bed8663a0e,3.0332031,1,0.4108333333333334,0.9540518
mendeley/extracted/Bangla Audio Dataset Original and DeepFake Voices for AI-Based Voice Analysis and Detection/Dataset/S10F05/Fake/25.wav,1,MEN,MEN-S10F05,TG:f9f8fdb09d02dc4f,-14.7734375,1,0.5525,3.836873e-07
mendeley/extracted/Bangla Audio Dataset Original and DeepFake Voices for AI-Based Voice Analysis and Detection/Dataset/S10F05/Fake/26.wav,1,MEN,MEN-S10F05,TG:d21f1014c15ffac8,6.0390625,1,0.4458333333333333,0.99762183
mendeley/extracted/Bangla Audio Dataset Original and DeepFake Voices for AI-Based Voice Analysis and Detection/Dataset/S10F05/Fake/27.wav,1,MEN,MEN-S10F05,TG:93a66da769492799,-11.8125,1,0.3641666666666666,7.4112795e-06
mendeley/extracted/Bangla Audio Dataset Original and DeepFake Voices for AI-Based Voice Analysis and Detection/Dataset/S10F05/Fake/28.wav,1,MEN,MEN-S10F05,TG:65c7f26c8f16369d,8.734375,1,0.2358333333333333,0.99983907
mendeley/extracted/Bangla Audio Dataset Original and DeepFake Voices for AI-Based Voice Analysis and Detection/Dataset/S10F05/Fake/29.wav,1,MEN,MEN-S10F05,TG:bcb64741cfa3e7b8,-8.546875,1,0.5191666666666667,0.00019411318
mendeley/extracted/Bangla Audio Dataset Original and DeepFake Voices for AI-Based Voice Analysis and Detection/Dataset/S10F05/Fake/3.wav,1,MEN,MEN-S10F05,TG:e3d1f199eb45a8bb,6.046875,1,0.4208333333333333,0.9976404
mendeley/extracted/Bangla Audio Dataset Original and DeepFake Voices for AI-Based Voice Analysis and Detection/Dataset/S10F05/Fake/30.wav,1,MEN,MEN-S10F05,TG:d1cbe39bd9b59ac2,6.0976562,1,0.3675,0.9977569
mendeley/extracted/Bangla Audio Dataset Original and DeepFake Voices for AI-Based Voice Analysis and Detection/Dataset/S10F05/Fake/4.wav,1,MEN,MEN-S10F05,TG:4cfc5f39575a38c2,8.9375,1,0.5191666666666667,0.99986863
mendeley/extracted/Bangla Audio Dataset Original and DeepFake Voices for AI-Based Voice Analysis and Detection/Dataset/S10F05/Fake/5.wav,1,MEN,MEN-S10F05,TG:1599e574af42cfa4,10.6484375,1,0.4891666666666666,0.9999763
mendeley/extracted/Bangla Audio Dataset Original and DeepFake Voices for AI-Based Voice Analysis and Detection/Dataset/S10F05/Fake/6.wav,1,MEN,MEN-S10F05,TG:ab19869b4d329944,2.53125,1,0.4008333333333334,0.9263037
mendeley/extracted/Bangla Audio Dataset Original and DeepFake Voices for AI-Based Voice Analysis and Detection/Dataset/S10F05/Fake/7.wav,1,MEN,MEN-S10F05,TG:ded1f5c9728375f6,3.9609375,1,0.5808333333333333,0.9813107
mendeley/extracted/Bangla Audio Dataset Original and DeepFake Voices for AI-Based Voice Analysis and Detection/Dataset/S10F05/Fake/8.wav,1,MEN,MEN-S10F05,TG:caa70121004273c9,5.8398438,1,0.5691666666666666,0.99709916
mendeley/extracted/Bangla Audio Dataset Original and DeepFake Voices for AI-Based Voice Analysis and Detection/Dataset/S10F05/Fake/9.wav,1,MEN,MEN-S10F05,TG:e45efc4bac420645,-19.03125,1,0.4008333333333334,5.430416e-09
mendeley/extracted/Bangla Audio Dataset Original and DeepFake Voices for AI-Based Voice Analysis and Detection/Dataset/S10F05/Real/1.wav,0,MEN,MEN-S10F05,TG:d3ce29150919b0bf,6.0585938,1,0.3008333333333333,0.99766773
mendeley/extracted/Bangla Audio Dataset Original and DeepFake Voices for AI-Based Voice Analysis and Detection/Dataset/S10F05/Real/10.wav,0,MEN,MEN-S10F05,TG:2053513ab857e64b,3.9804688,1,0.3675,0.98166555
mendeley/extracted/Bangla Audio Dataset Original and DeepFake Voices for AI-Based Voice Analysis and Detection/Dataset/S10F05/Real/11.wav,0,MEN,MEN-S10F05,TG:2557d7be6d06171f,-7.8515625,1,0.3841666666666666,0.00038899205
mendeley/extracted/Bangla Audio Dataset Original and DeepFake Voices for AI-Based Voice Analysis and Detection/Dataset/S10F05/Real/12.wav,0,MEN,MEN-S10F05,TG:1ad78c16e9f1fa18,3.8925781,1,0.4508333333333333,0.9800149
mendeley/extracted/Bangla Audio Dataset Original and DeepFake Voices for AI-Based Voice Analysis and Detection/Dataset/S10F05/Real/13.wav,0,MEN,MEN-S10F05,TG:8755d96808d69cf8,5.0625,1,0.4841666666666666,0.99371004
mendeley/extracted/Bangla Audio Dataset Original and DeepFake Voices for AI-Based Voice Analysis and Detection/Dataset/S10F05/Real/14.wav,0,MEN,MEN-S10F05,TG:a752f9ff5f43a780,4.875,1,0.4508333333333333,0.99242276
mendeley/extracted/Bangla Audio Dataset Original and DeepFake Voices for AI-Based Voice Analysis and Detection/Dataset/S10F05/Real/15.wav,0,MEN,MEN-S10F05,TG:87dc8ea01461476e,2.4082031,1,0.4508333333333333,0.9174507
mendeley/extracted/Bangla Audio Dataset Original and DeepFake Voices for AI-Based Voice Analysis and Detection/Dataset/S10F05/Real/16.wav,0,MEN,MEN-S10F05,TG:a161442acecd244f,0.17675781,1,0.3508333333333333,0.5440748
mendeley/extracted/Bangla Audio Dataset Original and DeepFake Voices for AI-Based Voice Analysis and Detection/Dataset/S10F05/Real/17.wav,0,MEN,MEN-S10F05,TG:03f064fdfaf1ab36,-9.6640625,1,0.4675,6.352189e-05
mendeley/extracted/Bangla Audio Dataset Original and DeepFake Voices for AI-Based Voice Analysis and Detection/Dataset/S10F05/Real/18.wav,0,MEN,MEN-S10F05,TG:b94d39ca30d8b003,3.0449219,1,0.4341666666666667,0.9545628
mendeley/extracted/Bangla Audio Dataset Original and DeepFake Voices for AI-Based Voice Analysis and Detection/Dataset/S10F05/Real/19.wav,0,MEN,MEN-S10F05,TG:292f77d0836ad383,-11.203125,1,0.3675,1.3631346e-05
mendeley/extracted/Bangla Audio Dataset Original and DeepFake Voices for AI-Based Voice Analysis and Detection/Dataset/S10F05/Real/2.wav,0,MEN,MEN-S10F05,TG:777323a77bbfb0f1,-5.78125,1,0.3175,0.0030753696
mendeley/extracted/Bangla Audio Dataset Original and DeepFake Voices for AI-Based Voice Analysis and Detection/Dataset/S10F05/Real/20.wav,0,MEN,MEN-S10F05,TG:d7eb7bfa4ea54586,-14.75,1,0.3841666666666666,3.927862e-07
mendeley/extracted/Bangla Audio Dataset Original and DeepFake Voices for AI-Based Voice Analysis and Detection/Dataset/S10F05/Real/21.wav,0,MEN,MEN-S10F05,TG:a76e4f06cf107f94,-2.3535156,1,0.4341666666666667,0.08678673
mendeley/extracted/Bangla Audio Dataset Original and DeepFake Voices for AI-Based Voice Analysis and Detection/Dataset/S10F05/Real/22.wav,0,MEN,MEN-S10F05,TG:0eb06cb4db7fa33d,-9.6328125,1,0.4508333333333333,6.553816e-05
mendeley/extracted/Bangla Audio Dataset Original and DeepFake Voices for AI-Based Voice Analysis and Detection/Dataset/S10F05/Real/23.wav,0,MEN,MEN-S10F05,TG:411b82bee58b8a11,-13.5,1,0.3841666666666666,1.3709571e-06
mendeley/extracted/Bangla Audio Dataset Original and DeepFake Voices for AI-Based Voice Analysis and Detection/Dataset/S10F05/Real/24.wav,0,MEN,MEN-S10F05,TG:2d6549bed8663a0e,6.296875,1,0.3841666666666666,0.9981614
mendeley/extracted/Bangla Audio Dataset Original and DeepFake Voices for AI-Based Voice Analysis and Detection/Dataset/S10F05/Real/25.wav,0,MEN,MEN-S10F05,TG:f9f8fdb09d02dc4f,-10.0546875,1,0.5008333333333334,4.298194e-05
mendeley/extracted/Bangla Audio Dataset Original and DeepFake Voices for AI-Based Voice Analysis and Detection/Dataset/S10F05/Real/26.wav,0,MEN,MEN-S10F05,TG:d21f1014c15ffac8,4.3867188,1,0.4341666666666667,0.98771137
mendeley/extracted/Bangla Audio Dataset Original and DeepFake Voices for AI-Based Voice Analysis and Detection/Dataset/S10F05/Real/27.wav,0,MEN,MEN-S10F05,TG:93a66da769492799,-14.3515625,1,0.4508333333333333,5.850533e-07
mendeley/extracted/Bangla Audio Dataset Original and DeepFake Voices for AI-Based Voice Analysis and Detection/Dataset/S10F05/Real/28.wav,0,MEN,MEN-S10F05,TG:65c7f26c8f16369d,4.4960938,1,0.3341666666666666,0.9889705
mendeley/extracted/Bangla Audio Dataset Original and DeepFake Voices for AI-Based Voice Analysis and Detection/Dataset/S10F05/Real/29.wav,0,MEN,MEN-S10F05,TG:bcb64741cfa3e7b8,-7.3671875,1,0.4675,0.0006312434
mendeley/extracted/Bangla Audio Dataset Original and DeepFake Voices for AI-Based Voice Analysis and Detection/Dataset/S10F05/Real/3.wav,0,MEN,MEN-S10F05,TG:e3d1f199eb45a8bb,-1.8232422,1,0.4008333333333334,0.1390453
mendeley/extracted/Bangla Audio Dataset Original and DeepFake Voices for AI-Based Voice Analysis and Detection/Dataset/S10F05/Real/30.wav,0,MEN,MEN-S10F05,TG:d1cbe39bd9b59ac2,4.9335938,1,0.4175,0.9928509
mendeley/extracted/Bangla Audio Dataset Original and DeepFake Voices for AI-Based Voice Analysis and Detection/Dataset/S10F05/Real/4.wav,0,MEN,MEN-S10F05,TG:4cfc5f39575a38c2,2.2578125,1,0.5008333333333334,0.9053223
mendeley/extracted/Bangla Audio Dataset Original and DeepFake Voices for AI-Based Voice Analysis and Detection/Dataset/S10F05/Real/5.wav,0,MEN,MEN-S10F05,TG:1599e574af42cfa4,6.3554688,1,0.4841666666666666,0.9982658
mendeley/extracted/Bangla Audio Dataset Original and DeepFake Voices for AI-Based Voice Analysis and Detection/Dataset/S10F05/Real/6.wav,0,MEN,MEN-S10F05,TG:ab19869b4d329944,-7.53125,1,0.4341666666666667,0.00053578056
mendeley/extracted/Bangla Audio Dataset Original and DeepFake Voices for AI-Based Voice Analysis and Detection/Dataset/S10F05/Real/7.wav,0,MEN,MEN-S10F05,TG:ded1f5c9728375f6,8.46875,1,0.4675,0.99979013
mendeley/extracted/Bangla Audio Dataset Original and DeepFake Voices for AI-Based Voice Analysis and Detection/Dataset/S10F05/Real/8.wav,0,MEN,MEN-S10F05,TG:caa70121004273c9,1.2421875,1,0.4675,0.7759446
mendeley/extracted/Bangla Audio Dataset Original and DeepFake Voices for AI-Based Voice Analysis and Detection/Dataset/S10F05/Real/9.wav,0,MEN,MEN-S10F05,TG:e45efc4bac420645,-14.6015625,1,0.4341666666666667,4.5563993e-07
mendeley/extracted/Bangla Audio Dataset Original and DeepFake Voices for AI-Based Voice Analysis and Detection/Dataset/S10M01/Fake/1.wav,1,MEN,MEN-S10M01,TG:d3ce29150919b0bf,-25.203125,1,0.2358333333333333,1.13350085e-11
mendeley/extracted/Bangla Audio Dataset Original and DeepFake Voices for AI-Based Voice Analysis and Detection/Dataset/S10M01/Fake/10.wav,1,MEN,MEN-S10M01,TG:2053513ab857e64b,-20.75,1,0.2841666666666667,9.7362e-10
mendeley/extracted/Bangla Audio Dataset Original and DeepFake Voices for AI-Based Voice Analysis and Detection/Dataset/S10M01/Fake/11.wav,1,MEN,MEN-S10M01,TG:2557d7be6d06171f,-17.40625,1,0.2674999999999999,2.7577933e-08
mendeley/extracted/Bangla Audio Dataset Original and DeepFake Voices for AI-Based Voice Analysis and Detection/Dataset/S10M01/Fake/12.wav,1,MEN,MEN-S10M01,TG:1ad78c16e9f1fa18,-17.9375,1,0.4558333333333333,1.6212228e-08
mendeley/extracted/Bangla Audio Dataset Original and DeepFake Voices for AI-Based Voice Analysis and Detection/Dataset/S10M01/Fake/13.wav,1,MEN,MEN-S10M01,TG:8755d96808d69cf8,-19.203125,1,0.5008333333333334,4.572869e-09
mendeley/extracted/Bangla Audio Dataset Original and DeepFake Voices for AI-Based Voice Analysis and Detection/Dataset/S10M01/Fake/14.wav,1,MEN,MEN-S10M01,TG:a752f9ff5f43a780,-10.6953125,1,0.4608333333333333,2.2650353e-05
mendeley/extracted/Bangla Audio Dataset Original and DeepFake Voices for AI-Based Voice Analysis and Detection/Dataset/S10M01/Fake/15.wav,1,MEN,MEN-S10M01,TG:87dc8ea01461476e,-20.1875,1,0.3575,1.7087562e-09
mendeley/extracted/Bangla Audio Dataset Original and DeepFake Voices for AI-Based Voice Analysis and Detection/Dataset/S10M01/Fake/16.wav,1,MEN,MEN-S10M01,TG:a161442acecd244f,-16.53125,1,0.1308333333333333,6.615601e-08
mendeley/extracted/Bangla Audio Dataset Original and DeepFake Voices for AI-Based Voice Analysis and Detection/Dataset/S10M01/Fake/17.wav,1,MEN,MEN-S10M01,TG:03f064fdfaf1ab36,-17.0625,1,0.4141666666666667,3.8891113e-08
mendeley/extracted/Bangla Audio Dataset Original and DeepFake Voices for AI-Based Voice Analysis and Detection/Dataset/S10M01/Fake/18.wav,1,MEN,MEN-S10M01,TG:b94d39ca30d8b003,-17.015625,1,0.4975,4.0757534e-08
mendeley/extracted/Bangla Audio Dataset Original and DeepFake Voices for AI-Based Voice Analysis and Detection/Dataset/S10M01/Fake/19.wav,1,MEN,MEN-S10M01,TG:292f77d0836ad383,-20.859375,1,0.4241666666666667,8.727474e-10
mendeley/extracted/Bangla Audio Dataset Original and DeepFake Voices for AI-Based Voice Analysis and Detection/Dataset/S10M01/Fake/2.wav,1,MEN,MEN-S10M01,TG:777323a77bbfb0f1,-11.234375,1,0.0775,1.32119585e-05
mendeley/extracted/Bangla Audio Dataset Original and DeepFake Voices for AI-Based Voice Analysis and Detection/Dataset/S10M01/Fake/20.wav,1,MEN,MEN-S10M01,TG:d7eb7bfa4ea54586,-5.5820312,1,0.2541666666666666,0.0037507887
mendeley/extracted/Bangla Audio Dataset Original and DeepFake Voices for AI-Based Voice Analysis and Detection/Dataset/S10M01/Fake/21.wav,1,MEN,MEN-S10M01,TG:a76e4f06cf107f94,-10.0546875,1,0.4625,4.298194e-05
mendeley/extracted/Bangla Audio Dataset Original and DeepFake Voices for AI-Based Voice Analysis and Detection/Dataset/S10M01/Fake/22.wav,1,MEN,MEN-S10M01,TG:0eb06cb4db7fa33d,-26.625,1,0.4091666666666667,2.7346985e-12
mendeley/extracted/Bangla Audio Dataset Original and DeepFake Voices for AI-Based Voice Analysis and Detection/Dataset/S10M01/Fake/23.wav,1,MEN,MEN-S10M01,TG:411b82bee58b8a11,-22.828125,1,0.4225,1.2186284e-10
mendeley/extracted/Bangla Audio Dataset Original and DeepFake Voices for AI-Based Voice Analysis and Detection/Dataset/S10M01/Fake/24.wav,1,MEN,MEN-S10M01,TG:2d6549bed8663a0e,-13.6796875,1,0.4241666666666667,1.1454779e-06
mendeley/extracted/Bangla Audio Dataset Original and DeepFake Voices for AI-Based Voice Analysis and Detection/Dataset/S10M01/Fake/25.wav,1,MEN,MEN-S10M01,TG:f9f8fdb09d02dc4f,-18.671875,1,0.5558333333333334,7.778713e-09
mendeley/extracted/Bangla Audio Dataset Original and DeepFake Voices for AI-Based Voice Analysis and Detection/Dataset/S10M01/Fake/26.wav,1,MEN,MEN-S10M01,TG:d21f1014c15ffac8,-19.96875,1,0.3491666666666666,2.1265816e-09
mendeley/extracted/Bangla Audio Dataset Original and DeepFake Voices for AI-Based Voice Analysis and Detection/Dataset/S10M01/Fake/27.wav,1,MEN,MEN-S10M01,TG:93a66da769492799,-13.6171875,1,0.4075,1.2193549e-06
mendeley/extracted/Bangla Audio Dataset Original and DeepFake Voices for AI-Based Voice Analysis and Detection/Dataset/S10M01/Fake/28.wav,1,MEN,MEN-S10M01,TG:65c7f26c8f16369d,-17.953125,1,0.1374999999999999,1.5960882e-08
mendeley/extracted/Bangla Audio Dataset Original and DeepFake Voices for AI-Based Voice Analysis and Detection/Dataset/S10M01/Fake/29.wav,1,MEN,MEN-S10M01,TG:bcb64741cfa3e7b8,-21.671875,1,0.4041666666666667,3.872793e-10
mendeley/extracted/Bangla Audio Dataset Original and DeepFake Voices for AI-Based Voice Analysis and Detection/Dataset/S10M01/Fake/3.wav,1,MEN,MEN-S10M01,TG:e3d1f199eb45a8bb,-16.8125,1,0.4441666666666667,4.9937178e-08
mendeley/extracted/Bangla Audio Dataset Original and DeepFake Voices for AI-Based Voice Analysis and Detection/Dataset/S10M01/Fake/30.wav,1,MEN,MEN-S10M01,TG:d1cbe39bd9b59ac2,-18.40625,1,0.3941666666666666,1.0145355e-08
mendeley/extracted/Bangla Audio Dataset Original and DeepFake Voices for AI-Based Voice Analysis and Detection/Dataset/S10M01/Fake/4.wav,1,MEN,MEN-S10M01,TG:4cfc5f39575a38c2,-16.71875,1,0.4775,5.484526e-08
mendeley/extracted/Bangla Audio Dataset Original and DeepFake Voices for AI-Based Voice Analysis and Detection/Dataset/S10M01/Fake/5.wav,1,MEN,MEN-S10M01,TG:1599e574af42cfa4,-14.9609375,1,0.4758333333333333,3.1808798e-07
mendeley/extracted/Bangla Audio Dataset Original and DeepFake Voices for AI-Based Voice Analysis and Detection/Dataset/S10M01/Fake/6.wav,1,MEN,MEN-S10M01,TG:ab19869b4d329944,-9.9765625,1,0.2574999999999999,4.6474393e-05
mendeley/extracted/Bangla Audio Dataset Original and DeepFake Voices for AI-Based Voice Analysis and Detection/Dataset/S10M01/Fake/7.wav,1,MEN,MEN-S10M01,TG:ded1f5c9728375f6,-12.609375,1,0.6141666666666667,3.3405393e-06
mendeley/extracted/Bangla Audio Dataset Original and DeepFake Voices for AI-Based Voice Analysis and Detection/Dataset/S10M01/Fake/8.wav,1,MEN,MEN-S10M01,TG:caa70121004273c9,-22.921875,1,0.5641666666666667,1.10957375e-10
mendeley/extracted/Bangla Audio Dataset Original and DeepFake Voices for AI-Based Voice Analysis and Detection/Dataset/S10M01/Fake/9.wav,1,MEN,MEN-S10M01,TG:e45efc4bac420645,-20.390625,1,0.4275,1.3946464e-09
mendeley/extracted/Bangla Audio Dataset Original and DeepFake Voices for AI-Based Voice Analysis and Detection/Dataset/S10M01/Real/1.wav,0,MEN,MEN-S10M01,TG:d3ce29150919b0bf,-11.71875,1,0.3491666666666666,8.139693e-06
mendeley/extracted/Bangla Audio Dataset Original and DeepFake Voices for AI-Based Voice Analysis and Detection/Dataset/S10M01/Real/10.wav,0,MEN,MEN-S10M01,TG:2053513ab857e64b,-21.515625,1,0.3325,4.527754e-10
mendeley/extracted/Bangla Audio Dataset Original and DeepFake Voices for AI-Based Voice Analysis and Detection/Dataset/S10M01/Real/11.wav,0,MEN,MEN-S10M01,TG:2557d7be6d06171f,-16.078125,1,0.3375,1.04078005e-07
mendeley/extracted/Bangla Audio Dataset Original and DeepFake Voices for AI-Based Voice Analysis and Detection/Dataset/S10M01/Real/12.wav,0,MEN,MEN-S10M01,TG:1ad78c16e9f1fa18,-28.078125,1,0.4958333333333333,6.394775e-13
mendeley/extracted/Bangla Audio Dataset Original and DeepFake Voices for AI-Based Voice Analysis and Detection/Dataset/S10M01/Real/13.wav,0,MEN,MEN-S10M01,TG:8755d96808d69cf8,-23.0625,1,0.5541666666666667,9.640144e-11
mendeley/extracted/Bangla Audio Dataset Original and DeepFake Voices for AI-Based Voice Analysis and Detection/Dataset/S10M01/Real/14.wav,0,MEN,MEN-S10M01,TG:a752f9ff5f43a780,-18.9375,1,0.5625,5.964146e-09
mendeley/extracted/Bangla Audio Dataset Original and DeepFake Voices for AI-Based Voice Analysis and Detection/Dataset/S10M01/Real/15.wav,0,MEN,MEN-S10M01,TG:87dc8ea01461476e,-10.2109375,1,0.4958333333333333,3.6764628e-05
mendeley/extracted/Bangla Audio Dataset Original and DeepFake Voices for AI-Based Voice Analysis and Detection/Dataset/S10M01/Real/16.wav,0,MEN,MEN-S10M01,TG:a161442acecd244f,-22.578125,1,0.3658333333333333,1.5647499e-10
mendeley/extracted/Bangla Audio Dataset Original and DeepFake Voices for AI-Based Voice Analysis and Detection/Dataset/S10M01/Real/17.wav,0,MEN,MEN-S10M01,TG:03f064fdfaf1ab36,-17.234375,1,0.5991666666666666,3.2749604e-08
mendeley/extracted/Bangla Audio Dataset Original and DeepFake Voices for AI-Based Voice Analysis and Detection/Dataset/S10M01/Real/18.wav,0,MEN,MEN-S10M01,TG:b94d39ca30d8b003,-17.03125,1,0.4875,4.0125656e-08
mendeley/extracted/Bangla Audio Dataset Original and DeepFake Voices for AI-Based Voice Analysis and Detection/Dataset/S10M01/Real/19.wav,0,MEN,MEN-S10M01,TG:292f77d0836ad383,-20.0625,1,0.3824999999999999,1.9362747e-09
mendeley/extracted/Bangla Audio Dataset Original and DeepFake Voices for AI-Based Voice Analysis and Detection/Dataset/S10M01/Real/2.wav,0,MEN,MEN-S10M01,TG:777323a77bbfb0f1,-4.7109375,1,0.4175,0.0089161275
mendeley/extracted/Bangla Audio Dataset Original and DeepFake Voices for AI-Based Voice Analysis and Detection/Dataset/S10M01/Real/20.wav,0,MEN,MEN-S10M01,TG:d7eb7bfa4ea54586,-12.4609375,1,0.5425,3.8750914e-06
mendeley/extracted/Bangla Audio Dataset Original and DeepFake Voices for AI-Based Voice Analysis and Detection/Dataset/S10M01/Real/21.wav,0,MEN,MEN-S10M01,TG:a76e4f06cf107f94,-7.7109375,1,0.5041666666666667,0.00044770082
mendeley/extracted/Bangla Audio Dataset Original and DeepFake Voices for AI-Based Voice Analysis and Detection/Dataset/S10M01/Real/22.wav,0,MEN,MEN-S10M01,TG:0eb06cb4db7fa33d,-20.125,1,0.4691666666666666,1.8189618e-09
mendeley/extracted/Bangla Audio Dataset Original and DeepFake Voices for AI-Based Voice Analysis and Detection/Dataset/S10M01/Real/23.wav,0,MEN,MEN-S10M01,TG:411b82bee58b8a11,-0.72509766,1,0.5025,0.32627144
mendeley/extracted/Bangla Audio Dataset Original and DeepFake Voices for AI-Based Voice Analysis and Detection/Dataset/S10M01/Real/24.wav,0,MEN,MEN-S10M01,TG:2d6549bed8663a0e,-4.8945312,1,0.4608333333333333,0.0074317735
mendeley/extracted/Bangla Audio Dataset Original and DeepFake Voices for AI-Based Voice Analysis and Detection/Dataset/S10M01/Real/25.wav,0,MEN,MEN-S10M01,TG:f9f8fdb09d02dc4f,-22.453125,1,0.7108333333333333,1.7730938e-10
mendeley/extracted/Bangla Audio Dataset Original and DeepFake Voices for AI-Based Voice Analysis and Detection/Dataset/S10M01/Real/26.wav,0,MEN,MEN-S10M01,TG:d21f1014c15ffac8,-20.296875,1,0.6174999999999999,1.5317193e-09
mendeley/extracted/Bangla Audio Dataset Original and DeepFake Voices for AI-Based Voice Analysis and Detection/Dataset/S10M01/Real/27.wav,0,MEN,MEN-S10M01,TG:93a66da769492799,-16.875,1,0.6458333333333333,4.6911637e-08
mendeley/extracted/Bangla Audio Dataset Original and DeepFake Voices for AI-Based Voice Analysis and Detection/Dataset/S10M01/Real/28.wav,0,MEN,MEN-S10M01,TG:65c7f26c8f16369d,-15.671875,1,0.3058333333333333,1.5623961e-07
mendeley/extracted/Bangla Audio Dataset Original and DeepFake Voices for AI-Based Voice Analysis and Detection/Dataset/S10M01/Real/29.wav,0,MEN,MEN-S10M01,TG:bcb64741cfa3e7b8,-12.4765625,1,0.6158333333333333,3.8150138e-06
mendeley/extracted/Bangla Audio Dataset Original and DeepFake Voices for AI-Based Voice Analysis and Detection/Dataset/S10M01/Real/3.wav,0,MEN,MEN-S10M01,TG:e3d1f199eb45a8bb,-10.2109375,1,0.5391666666666667,3.6764628e-05
mendeley/extracted/Bangla Audio Dataset Original and DeepFake Voices for AI-Based Voice Analysis and Detection/Dataset/S10M01/Real/30.wav,0,MEN,MEN-S10M01,TG:d1cbe39bd9b59ac2,-15.75,1,0.5525,1.4449802e-07
mendeley/extracted/Bangla Audio Dataset Original and DeepFake Voices for AI-Based Voice Analysis and Detection/Dataset/S10M01/Real/4.wav,0,MEN,MEN-S10M01,TG:4cfc5f39575a38c2,-13.65625,1,0.4758333333333333,1.1726421e-06
mendeley/extracted/Bangla Audio Dataset Original and DeepFake Voices for AI-Based Voice Analysis and Detection/Dataset/S10M01/Real/5.wav,0,MEN,MEN-S10M01,TG:1599e574af42cfa4,-19.234375,1,0.5158333333333334,4.4321773e-09
mendeley/extracted/Bangla Audio Dataset Original and DeepFake Voices for AI-Based Voice Analysis and Detection/Dataset/S10M01/Real/6.wav,0,MEN,MEN-S10M01,TG:ab19869b4d329944,-5.7382812,1,0.4558333333333333,0.003209961
mendeley/extracted/Bangla Audio Dataset Original and DeepFake Voices for AI-Based Voice Analysis and Detection/Dataset/S10M01/Real/7.wav,0,MEN,MEN-S10M01,TG:ded1f5c9728375f6,-3.3945312,1,0.5141666666666667,0.032466814
mendeley/extracted/Bangla Audio Dataset Original and DeepFake Voices for AI-Based Voice Analysis and Detection/Dataset/S10M01/Real/8.wav,0,MEN,MEN-S10M01,TG:caa70121004273c9,-12.09375,1,0.5325,5.594338e-06
mendeley/extracted/Bangla Audio Dataset Original and DeepFake Voices for AI-Based Voice Analysis and Detection/Dataset/S10M01/Real/9.wav,0,MEN,MEN-S10M01,TG:e45efc4bac420645,-27.078125,1,0.3974999999999999,1.7382801e-12
mendeley/extracted/Bangla Audio Dataset Original and DeepFake Voices for AI-Based Voice Analysis and Detection/Dataset/S10M02/Fake/1.wav,1,MEN,MEN-S10M02,TG:d3ce29150919b0bf,-21.015625,1,0.2691666666666666,7.4650036e-10
mendeley/extracted/Bangla Audio Dataset Original and DeepFake Voices for AI-Based Voice Analysis and Detection/Dataset/S10M02/Fake/10.wav,1,MEN,MEN-S10M02,TG:2053513ab857e64b,-2.2226562,1,0.3575,0.097734325
mendeley/extracted/Bangla Audio Dataset Original and DeepFake Voices for AI-Based Voice Analysis and Detection/Dataset/S10M02/Fake/11.wav,1,MEN,MEN-S10M02,TG:2557d7be6d06171f,-3.46875,1,0.3241666666666667,0.030214587
mendeley/extracted/Bangla Audio Dataset Original and DeepFake Voices for AI-Based Voice Analysis and Detection/Dataset/S10M02/Fake/12.wav,1,MEN,MEN-S10M02,TG:1ad78c16e9f1fa18,6.875,1,0.4575,0.99896777
mendeley/extracted/Bangla Audio Dataset Original and DeepFake Voices for AI-Based Voice Analysis and Detection/Dataset/S10M02/Fake/13.wav,1,MEN,MEN-S10M02,TG:8755d96808d69cf8,9.4765625,1,0.5408333333333333,0.99992335
mendeley/extracted/Bangla Audio Dataset Original and DeepFake Voices for AI-Based Voice Analysis and Detection/Dataset/S10M02/Fake/14.wav,1,MEN,MEN-S10M02,TG:a752f9ff5f43a780,6.4414062,1,0.5008333333333334,0.9984084
mendeley/extracted/Bangla Audio Dataset Original and DeepFake Voices for AI-Based Voice Analysis and Detection/Dataset/S10M02/Fake/15.wav,1,MEN,MEN-S10M02,TG:87dc8ea01461476e,-3.1933594,1,0.3675,0.039416388
mendeley/extracted/Bangla Audio Dataset Original and DeepFake Voices for AI-Based Voice Analysis and Detection/Dataset/S10M02/Fake/16.wav,1,MEN,MEN-S10M02,TG:a161442acecd244f,-6.3046875,1,0.0825,0.0018243829
mendeley/extracted/Bangla Audio Dataset Original and DeepFake Voices for AI-Based Voice Analysis and Detection/Dataset/S10M02/Fake/17.wav,1,MEN,MEN-S10M02,TG:03f064fdfaf1ab36,-6.546875,1,0.4341666666666667,0.0014325366
mendeley/extracted/Bangla Audio Dataset Original and DeepFake Voices for AI-Based Voice Analysis and Detection/Dataset/S10M02/Fake/18.wav,1,MEN,MEN-S10M02,TG:b94d39ca30d8b003,6.6367188,1,0.4875,0.9986904
mendeley/extracted/Bangla Audio Dataset Original and DeepFake Voices for AI-Based Voice Analysis and Detection/Dataset/S10M02/Fake/19.wav,1,MEN,MEN-S10M02,TG:292f77d0836ad383,3.1054688,1,0.4808333333333333,0.9571178
mendeley/extracted/Bangla Audio Dataset Original and DeepFake Voices for AI-Based Voice Analysis and Detection/Dataset/S10M02/Fake/2.wav,1,MEN,MEN-S10M02,TG:777323a77bbfb0f1,5.107422,2,0.0,0.99398476
mendeley/extracted/Bangla Audio Dataset Original and DeepFake Voices for AI-Based Voice Analysis and Detection/Dataset/S10M02/Fake/20.wav,1,MEN,MEN-S10M02,TG:d7eb7bfa4ea54586,-6.0429688,1,0.3125,0.0023688744
mendeley/extracted/Bangla Audio Dataset Original and DeepFake Voices for AI-Based Voice Analysis and Detection/Dataset/S10M02/Fake/21.wav,1,MEN,MEN-S10M02,TG:a76e4f06cf107f94,10.9375,1,0.4441666666666667,0.99998224
mendeley/extracted/Bangla Audio Dataset Original and DeepFake Voices for AI-Based Voice Analysis and Detection/Dataset/S10M02/Fake/22.wav,1,MEN,MEN-S10M02,TG:0eb06cb4db7fa33d,5.5820312,1,0.3758333333333333,0.99624926
mendeley/extracted/Bangla Audio Dataset Original and DeepFake Voices for AI-Based Voice Analysis and Detection/Dataset/S10M02/Fake/23.wav,1,MEN,MEN-S10M02,TG:411b82bee58b8a11,-4.9765625,1,0.4075,0.00685048
mendeley/extracted/Bangla Audio Dataset Original and DeepFake Voices for AI-Based Voice Analysis and Detection/Dataset/S10M02/Fake/24.wav,1,MEN,MEN-S10M02,TG:2d6549bed8663a0e,8.984375,1,0.3991666666666666,0.9998746
mendeley/extracted/Bangla Audio Dataset Original and DeepFake Voices for AI-Based Voice Analysis and Detection/Dataset/S10M02/Fake/25.wav,1,MEN,MEN-S10M02,TG:f9f8fdb09d02dc4f,7.515625,1,0.5175000000000001,0.99945575
mendeley/extracted/Bangla Audio Dataset Original and DeepFake Voices for AI-Based Voice Analysis and Detection/Dataset/S10M02/Fake/26.wav,1,MEN,MEN-S10M02,TG:d21f1014c15ffac8,6.5703125,1,0.3408333333333333,0.99860066
mendeley/extracted/Bangla Audio Dataset Original and DeepFake Voices for AI-Based Voice Analysis and Detection/Dataset/S10M02/Fake/27.wav,1,MEN,MEN-S10M02,TG:93a66da769492799,-9.015625,1,0.3858333333333333,0.00012148176
mendeley/extracted/Bangla Audio Dataset Original and DeepFake Voices for AI-Based Voice Analysis and Detection/Dataset/S10M02/Fake/28.wav,1,MEN,MEN-S10M02,TG:65c7f26c8f16369d,10.9375,1,0.0825,0.99998224
mendeley/extracted/Bangla Audio Dataset Original and DeepFake Voices for AI-Based Voice Analysis and Detection/Dataset/S10M02/Fake/29.wav,1,MEN,MEN-S10M02,TG:bcb64741cfa3e7b8,6.9335938,1,0.3791666666666666,0.9990264
mendeley/extracted/Bangla Audio Dataset Original and DeepFake Voices for AI-Based Voice Analysis and Detection/Dataset/S10M02/Fake/3.wav,1,MEN,MEN-S10M02,TG:e3d1f199eb45a8bb,-17.890625,1,0.4525,1.699027e-08
mendeley/extracted/Bangla Audio Dataset Original and DeepFake Voices for AI-Based Voice Analysis and Detection/Dataset/S10M02/Fake/30.wav,1,MEN,MEN-S10M02,TG:d1cbe39bd9b59ac2,-2.8320312,1,0.3708333333333333,0.05561761
mendeley/extracted/Bangla Audio Dataset Original and DeepFake Voices for AI-Based Voice Analysis and Detection/Dataset/S10M02/Fake/4.wav,1,MEN,MEN-S10M02,TG:4cfc5f39575a38c2,8.71875,1,0.4958333333333333,0.99983656
mendeley/extracted/Bangla Audio Dataset Original and DeepFake Voices for AI-Based Voice Analysis and Detection/Dataset/S10M02/Fake/5.wav,1,MEN,MEN-S10M02,TG:1599e574af42cfa4,3.3203125,1,0.4708333333333333,0.9651191
mendeley/extracted/Bangla Audio Dataset Original and DeepFake Voices for AI-Based Voice Analysis and Detection/Dataset/S10M02/Fake/6.wav,1,MEN,MEN-S10M02,TG:ab19869b4d329944,2.671875,1,0.2008333333333333,0.9353465
mendeley/extracted/Bangla Audio Dataset Original and DeepFake Voices for AI-Based Voice Analysis and Detection/Dataset/S10M02/Fake/7.wav,1,MEN,MEN-S10M02,TG:ded1f5c9728375f6,8.53125,1,0.5958333333333333,0.9998029
mendeley/extracted/Bangla Audio Dataset Original and DeepFake Voices for AI-Based Voice Analysis and Detection/Dataset/S10M02/Fake/8.wav,1,MEN,MEN-S10M02,TG:caa70121004273c9,12.5859375,1,0.6325000000000001,0.99999654
mendeley/extracted/Bangla Audio Dataset Original and DeepFake Voices for AI-Based Voice Analysis and Detection/Dataset/S10M02/Fake/9.wav,1,MEN,MEN-S10M02,TG:e45efc4bac420645,-3.8085938,1,0.4741666666666666,0.021698095
mendeley/extracted/Bangla Audio Dataset Original and DeepFake Voices for AI-Based Voice Analysis and Detection/Dataset/S10M02/Real/1.wav,0,MEN,MEN-S10M02,TG:d3ce29150919b0bf,-11.515625,1,0.3991666666666666,9.972942e-06
mendeley/extracted/Bangla Audio Dataset Original and DeepFake Voices for AI-Based Voice Analysis and Detection/Dataset/S10M02/Real/10.wav,0,MEN,MEN-S10M02,TG:2053513ab857e64b,-21.25,1,0.5108333333333333,5.905304e-10
mendeley/extracted/Bangla Audio Dataset Original and DeepFake Voices for AI-Based Voice Analysis and Detection/Dataset/S10M02/Real/11.wav,0,MEN,MEN-S10M02,TG:2557d7be6d06171f,-20.671875,1,0.4758333333333333,1.0527342e-09
mendeley/extracted/Bangla Audio Dataset Original and DeepFake Voices for AI-Based Voice Analysis and Detection/Dataset/S10M02/Real/12.wav,0,MEN,MEN-S10M02,TG:1ad78c16e9f1fa18,-22.46875,1,0.5008333333333334,1.7456045e-10
mendeley/extracted/Bangla Audio Dataset Original and DeepFake Voices for AI-Based Voice Analysis and Detection/Dataset/S10M02/Real/13.wav,0,MEN,MEN-S10M02,TG:8755d96808d69cf8,-24.875,1,0.6791666666666667,1.57371e-11
mendeley/extracted/Bangla Audio Dataset Original and DeepFake Voices for AI-Based Voice Analysis and Detection/Dataset/S10M02/Real/14.wav,0,MEN,MEN-S10M02,TG:a752f9ff5f43a780,-26.453125,1,0.6325000000000001,3.2475348e-12
mendeley/extracted/Bangla Audio Dataset Original and DeepFake Voices for AI-Based Voice Analysis and Detection/Dataset/S10M02/Real/15.wav,0,MEN,MEN-S10M02,TG:87dc8ea01461476e,-26.5,1,0.5308333333333333,3.098819e-12
mendeley/extracted/Bangla Audio Dataset Original and DeepFake Voices for AI-Based Voice Analysis and Detection/Dataset/S10M02/Real/16.wav,0,MEN,MEN-S10M02,TG:a161442acecd244f,-16.171875,1,0.4141666666666667,9.4764104e-08
mendeley/extracted/Bangla Audio Dataset Original and DeepFake Voices for AI-Based Voice Analysis and Detection/Dataset/S10M02/Real/17.wav,0,MEN,MEN-S10M02,TG:03f064fdfaf1ab36,-20.875,1,0.5241666666666667,8.592166e-10
mendeley/extracted/Bangla Audio Dataset Original and DeepFake Voices for AI-Based Voice Analysis and Detection/Dataset/S10M02/Real/18.wav,0,MEN,MEN-S10M02,TG:b94d39ca30d8b003,-15.5859375,1,0.5608333333333333,1.7026026e-07
mendeley/extracted/Bangla Audio Dataset Original and DeepFake Voices for AI-Based Voice Analysis and Detection/Dataset/S10M02/Real/19.wav,0,MEN,MEN-S10M02,TG:292f77d0836ad383,-18.40625,1,0.4641666666666666,1.0145355e-08
mendeley/extracted/Bangla Audio Dataset Original and DeepFake Voices for AI-Based Voice Analysis and Detection/Dataset/S10M02/Real/2.wav,0,MEN,MEN-S10M02,TG:777323a77bbfb0f1,-20.671875,1,0.4841666666666666,1.0527342e-09
mendeley/extracted/Bangla Audio Dataset Original and DeepFake Voices for AI-Based Voice Analysis and Detection/Dataset/S10M02/Real/20.wav,0,MEN,MEN-S10M02,TG:d7eb7bfa4ea54586,-23.59375,1,0.5308333333333333,5.667148e-11
mendeley/extracted/Bangla Audio Dataset Original and DeepFake Voices for AI-Based Voice Analysis and Detection/Dataset/S10M02/Real/21.wav,0,MEN,MEN-S10M02,TG:a76e4f06cf107f94,-29.140625,1,0.6808333333333334,2.2099748e-13
mendeley/extracted/Bangla Audio Dataset Original and DeepFake Voices for AI-Based Voice Analysis and Detection/Dataset/S10M02/Real/22.wav,0,MEN,MEN-S10M02,TG:0eb06cb4db7fa33d,-19.28125,1,0.5325,4.2292125e-09
mendeley/extracted/Bangla Audio Dataset Original and DeepFake Voices for AI-Based Voice Analysis and Detection/Dataset/S10M02/Real/23.wav,0,MEN,MEN-S10M02,TG:411b82bee58b8a11,-17.234375,1,0.5558333333333334,3.2749604e-08
mendeley/extracted/Bangla Audio Dataset Original and DeepFake Voices for AI-Based Voice Analysis and Detection/Dataset/S10M02/Real/24.wav,0,MEN,MEN-S10M02,TG:2d6549bed8663a0e,-7.2578125,1,0.6375,0.0007041516
mendeley/extracted/Bangla Audio Dataset Original and DeepFake Voices for AI-Based Voice Analysis and Detection/Dataset/S10M02/Real/25.wav,0,MEN,MEN-S10M02,TG:f9f8fdb09d02dc4f,-20.796875,1,0.6108333333333333,9.290347e-10
mendeley/extracted/Bangla Audio Dataset Original and DeepFake Voices for AI-Based Voice Analysis and Detection/Dataset/S10M02/Real/26.wav,0,MEN,MEN-S10M02,TG:d21f1014c15ffac8,-25.953125,1,0.6191666666666666,5.3542795e-12
mendeley/extracted/Bangla Audio Dataset Original and DeepFake Voices for AI-Based Voice Analysis and Detection/Dataset/S10M02/Real/27.wav,0,MEN,MEN-S10M02,TG:93a66da769492799,-18.5625,1,0.6741666666666667,8.677781e-09
mendeley/extracted/Bangla Audio Dataset Original and DeepFake Voices for AI-Based Voice Analysis and Detection/Dataset/S10M02/Real/28.wav,0,MEN,MEN-S10M02,TG:65c7f26c8f16369d,-17.984375,1,0.4841666666666666,1.5469816e-08
mendeley/extracted/Bangla Audio Dataset Original and DeepFake Voices for AI-Based Voice Analysis and Detection/Dataset/S10M02/Real/29.wav,0,MEN,MEN-S10M02,TG:bcb64741cfa3e7b8,-25.8125,1,0.4825,6.162738e-12
mendeley/extracted/Bangla Audio Dataset Original and DeepFake Voices for AI-Based Voice Analysis and Detection/Dataset/S10M02/Real/3.wav,0,MEN,MEN-S10M02,TG:e3d1f199eb45a8bb,-26.03125,1,0.4591666666666666,4.9518996e-12
mendeley/extracted/Bangla Audio Dataset Original and DeepFake Voices for AI-Based Voice Analysis and Detection/Dataset/S10M02/Real/30.wav,0,MEN,MEN-S10M02,TG:d1cbe39bd9b59ac2,-18.765625,1,0.4875,7.0825985e-09
mendeley/extracted/Bangla Audio Dataset Original and DeepFake Voices for AI-Based Voice Analysis and Detection/Dataset/S10M02/Real/4.wav,0,MEN,MEN-S10M02,TG:4cfc5f39575a38c2,-23.28125,1,0.5941666666666667,7.746074e-11
mendeley/extracted/Bangla Audio Dataset Original and DeepFake Voices for AI-Based Voice Analysis and Detection/Dataset/S10M02/Real/5.wav,0,MEN,MEN-S10M02,TG:1599e574af42cfa4,-25.8125,1,0.5775,6.162738e-12
mendeley/extracted/Bangla Audio Dataset Original and DeepFake Voices for AI-Based Voice Analysis and Detection/Dataset/S10M02/Real/6.wav,0,MEN,MEN-S10M02,TG:ab19869b4d329944,-18.125,1,0.4908333333333333,1.3440411e-08
mendeley/extracted/Bangla Audio Dataset Original and DeepFake Voices for AI-Based Voice Analysis and Detection/Dataset/S10M02/Real/7.wav,0,MEN,MEN-S10M02,TG:ded1f5c9728375f6,-22.140625,1,0.6675,2.4235322e-10
mendeley/extracted/Bangla Audio Dataset Original and DeepFake Voices for AI-Based Voice Analysis and Detection/Dataset/S10M02/Real/8.wav,0,MEN,MEN-S10M02,TG:caa70121004273c9,-25.6875,1,0.6141666666666667,6.9832963e-12
mendeley/extracted/Bangla Audio Dataset Original and DeepFake Voices for AI-Based Voice Analysis and Detection/Dataset/S10M02/Real/9.wav,0,MEN,MEN-S10M02,TG:e45efc4bac420645,-22.53125,1,0.6941666666666666,1.6398438e-10
mendeley/extracted/Bangla Audio Dataset Original and DeepFake Voices for AI-Based Voice Analysis and Detection/Dataset/S11F02/Fake/1.wav,1,MEN,MEN-S11F02,TG:2cc4f4d2a83c1413,7.828125,1,0.3408333333333333,0.9996018
mendeley/extracted/Bangla Audio Dataset Original and DeepFake Voices for AI-Based Voice Analysis and Detection/Dataset/S11F02/Fake/10.wav,1,MEN,MEN-S11F02,TG:a274fcdc210bc630,2.1855469,1,0.5941666666666667,0.8989441
mendeley/extracted/Bangla Audio Dataset Original and DeepFake Voices for AI-Based Voice Analysis and Detection/Dataset/S11F02/Fake/11.wav,1,MEN,MEN-S11F02,TG:3ff090a90db76715,-9.390625,1,0.4625,8.3496285e-05
mendeley/extracted/Bangla Audio Dataset Original and DeepFake Voices for AI-Based Voice Analysis and Detection/Dataset/S11F02/Fake/12.wav,1,MEN,MEN-S11F02,TG:71382ca3963bf670,5.28125,1,0.5125,0.9949397
mendeley/extracted/Bangla Audio Dataset Original and DeepFake Voices for AI-Based Voice Analysis and Detection/Dataset/S11F02/Fake/13.wav,1,MEN,MEN-S11F02,TG:452ffb045be62656,-3.7402344,1,0.4991666666666666,0.023197627
mendeley/extracted/Bangla Audio Dataset Original and DeepFake Voices for AI-Based Voice Analysis and Detection/Dataset/S11F02/Fake/14.wav,1,MEN,MEN-S11F02,TG:7eedeccecbd89970,0.48242188,1,0.5408333333333333,0.61831963
mendeley/extracted/Bangla Audio Dataset Original and DeepFake Voices for AI-Based Voice Analysis and Detection/Dataset/S11F02/Fake/15.wav,1,MEN,MEN-S11F02,TG:d87b618675761d08,-18.0,1,0.3874999999999999,1.5229979e-08
mendeley/extracted/Bangla Audio Dataset Original and DeepFake Voices for AI-Based Voice Analysis and Detection/Dataset/S11F02/Fake/16.wav,1,MEN,MEN-S11F02,TG:bb75654add7236ae,11.3828125,1,0.5041666666666667,0.99998856
mendeley/extracted/Bangla Audio Dataset Original and DeepFake Voices for AI-Based Voice Analysis and Detection/Dataset/S11F02/Fake/17.wav,1,MEN,MEN-S11F02,TG:89ee3dc6d83890bd,10.1171875,1,0.4491666666666667,0.9999596
mendeley/extracted/Bangla Audio Dataset Original and DeepFake Voices for AI-Based Voice Analysis and Detection/Dataset/S11F02/Fake/18.wav,1,MEN,MEN-S11F02,TG:818304947fb7a25a,-5.0390625,1,0.4908333333333333,0.0064381026
mendeley/extracted/Bangla Audio Dataset Original and DeepFake Voices for AI-Based Voice Analysis and Detection/Dataset/S11F02/Fake/19.wav,1,MEN,MEN-S11F02,TG:bc0f2c6a0e07b2a6,10.4609375,1,0.4925,0.9999714
mendeley/extracted/Bangla Audio Dataset Original and DeepFake Voices for AI-Based Voice Analysis and Detection/Dataset/S11F02/Fake/2.wav,1,MEN,MEN-S11F02,TG:ea8971d60c8a3d84,-6.6132812,1,0.4041666666666667,0.0013406205
mendeley/extracted/Bangla Audio Dataset Original and DeepFake Voices for AI-Based Voice Analysis and Detection/Dataset/S11F02/Fake/20.wav,1,MEN,MEN-S11F02,TG:39cfe8a6d823ad48,4.0859375,1,0.5941666666666667,0.9834705
mendeley/extracted/Bangla Audio Dataset Original and DeepFake Voices for AI-Based Voice Analysis and Detection/Dataset/S11F02/Fake/21.wav,1,MEN,MEN-S11F02,TG:d51ff1fb9a1168b3,11.1953125,1,0.5141666666666667,0.9999863
mendeley/extracted/Bangla Audio Dataset Original and DeepFake Voices for AI-Based Voice Analysis and Detection/Dataset/S11F02/Fake/22.wav,1,MEN,MEN-S11F02,TG:6b10fe5360d0e7f0,7.7304688,1,0.4158333333333334,0.9995609
mendeley/extracted/Bangla Audio Dataset Original and DeepFake Voices for AI-Based Voice Analysis and Detection/Dataset/S11F02/Fake/23.wav,1,MEN,MEN-S11F02,TG:e157bbeeb235cb6a,10.21875,1,0.4608333333333333,0.9999635
mendeley/extracted/Bangla Audio Dataset Original and DeepFake Voices for AI-Based Voice Analysis and Detection/Dataset/S11F02/Fake/24.wav,1,MEN,MEN-S11F02,TG:2a9e487decd776c5,3.9082031,1,0.4024999999999999,0.9803186
mendeley/extracted/Bangla Audio Dataset Original and DeepFake Voices for AI-Based Voice Analysis and Detection/Dataset/S11F02/Fake/25.wav,1,MEN,MEN-S11F02,TG:4d4c34eabaac8b21,8.6171875,1,0.4758333333333333,0.9998191
mendeley/extracted/Bangla Audio Dataset Original and DeepFake Voices for AI-Based Voice Analysis and Detection/Dataset/S11F02/Fake/26.wav,1,MEN,MEN-S11F02,TG:dbdf0c4b52c43061,7.7851562,1,0.5075000000000001,0.99958426
mendeley/extracted/Bangla Audio Dataset Original and DeepFake Voices for AI-Based Voice Analysis and Detection/Dataset/S11F02/Fake/27.wav,1,MEN,MEN-S11F02,TG:329dcc685ab1bc7b,-0.76220703,1,0.6241666666666666,0.3181673
mendeley/extracted/Bangla Audio Dataset Original and DeepFake Voices for AI-Based Voice Analysis and Detection/Dataset/S11F02/Fake/28.wav,1,MEN,MEN-S11F02,TG:449f908bd492908d,9.2109375,1,0.4975,0.9999001
mendeley/extracted/Bangla Audio Dataset Original and DeepFake Voices for AI-Based Voice Analysis and Detection/Dataset/S11F02/Fake/29.wav,1,MEN,MEN-S11F02,TG:181c8cafbfc40722,3.2324219,1,0.5275000000000001,0.96203625
mendeley/extracted/Bangla Audio Dataset Original and DeepFake Voices for AI-Based Voice Analysis and Detection/Dataset/S11F02/Fake/3.wav,1,MEN,MEN-S11F02,TG:017a83ba301f0b69,-0.9921875,1,0.5658333333333334,0.27048022
mendeley/extracted/Bangla Audio Dataset Original and DeepFake Voices for AI-Based Voice Analysis and Detection/Dataset/S11F02/Fake/30.wav,1,MEN,MEN-S11F02,TG:6a64af8cbace37e4,9.5546875,1,0.2524999999999999,0.9999292
mendeley/extracted/Bangla Audio Dataset Original and DeepFake Voices for AI-Based Voice Analysis and Detection/Dataset/S11F02/Fake/4.wav,1,MEN,MEN-S11F02,TG:eebedcc2c0031aad,2.4667969,1,0.5725,0.9217811
mendeley/extracted/Bangla Audio Dataset Original and DeepFake Voices for AI-Based Voice Analysis and Detection/Dataset/S11F02/Fake/5.wav,1,MEN,MEN-S11F02,TG:d6de9b7770d9f7f2,0.23266602,1,0.5675,0.5579055
mendeley/extracted/Bangla Audio Dataset Original and DeepFake Voices for AI-Based Voice Analysis and Detection/Dataset/S11F02/Fake/6.wav,1,MEN,MEN-S11F02,TG:31de86c32ec8fe13,9.40625,1,0.4741666666666666,0.99991775
mendeley/extracted/Bangla Audio Dataset Original and DeepFake Voices for AI-Based Voice Analysis and Detection/Dataset/S11F02/Fake/7.wav,1,MEN,MEN-S11F02,TG:5b3673d2432ab3fb,-1.1835938,1,0.5375,0.23440666
mendeley/extracted/Bangla Audio Dataset Original and DeepFake Voices for AI-Based Voice Analysis and Detection/Dataset/S11F02/Fake/8.wav,1,MEN,MEN-S11F02,TG:4f86653bb20c8a4c,-9.875,1,0.3858333333333333,5.1442217e-05
mendeley/extracted/Bangla Audio Dataset Original and DeepFake Voices for AI-Based Voice Analysis and Detection/Dataset/S11F02/Fake/9.wav,1,MEN,MEN-S11F02,TG:e90d11ccf74f6fd3,7.53125,1,0.5025,0.9994642
mendeley/extracted/Bangla Audio Dataset Original and DeepFake Voices for AI-Based Voice Analysis and Detection/Dataset/S11F02/Real/1.wav,0,MEN,MEN-S11F02,TG:2cc4f4d2a83c1413,-23.734375,1,0.4225,4.9237038e-11
mendeley/extracted/Bangla Audio Dataset Original and DeepFake Voices for AI-Based Voice Analysis and Detection/Dataset/S11F02/Real/10.wav,0,MEN,MEN-S11F02,TG:a274fcdc210bc630,-24.734375,1,0.6174999999999999,1.8113294e-11
mendeley/extracted/Bangla Audio Dataset Original and DeepFake Voices for AI-Based Voice Analysis and Detection/Dataset/S11F02/Real/11.wav,0,MEN,MEN-S11F02,TG:3ff090a90db76715,-34.96875,1,0.6358333333333333,6.5052623e-16
mendeley/extracted/Bangla Audio Dataset Original and DeepFake Voices for AI-Based Voice Analysis and Detection/Dataset/S11F02/Real/12.wav,0,MEN,MEN-S11F02,TG:71382ca3963bf670,-24.078125,1,0.5708333333333333,3.4914283e-11
mendeley/extracted/Bangla Audio Dataset Original and DeepFake Voices for AI-Based Voice Analysis and Detection/Dataset/S11F02/Real/13.wav,0,MEN,MEN-S11F02,TG:452ffb045be62656,-19.15625,1,0.5958333333333333,4.792326e-09
mendeley/extracted/Bangla Audio Dataset Original and DeepFake Voices for AI-Based Voice Analysis and Detection/Dataset/S11F02/Real/14.wav,0,MEN,MEN-S11F02,TG:7eedeccecbd89970,-27.5625,1,0.6341666666666667,1.0709233e-12
mendeley/extracted/Bangla Audio Dataset Original and DeepFake Voices for AI-Based Voice Analysis and Detection/Dataset/S11F02/Real/15.wav,0,MEN,MEN-S11F02,TG:d87b618675761d08,-43.09375,1,0.4841666666666666,1.9258486e-19
mendeley/extracted/Bangla Audio Dataset Original and DeepFake Voices for AI-Based Voice Analysis and Detection/Dataset/S11F02/Real/16.wav,0,MEN,MEN-S11F02,TG:bb75654add7236ae,-19.609375,1,0.4808333333333333,3.0461875e-09
mendeley/extracted/Bangla Audio Dataset Original and DeepFake Voices for AI-Based Voice Analysis and Detection/Dataset/S11F02/Real/17.wav,0,MEN,MEN-S11F02,TG:89ee3dc6d83890bd,-36.15625,1,0.4825,1.983993e-16
mendeley/extracted/Bangla Audio Dataset Original and DeepFake Voices for AI-Based Voice Analysis and Detection/Dataset/S11F02/Real/18.wav,0,MEN,MEN-S11F02,TG:818304947fb7a25a,-29.0625,1,0.4925,2.3895529e-13
mendeley/extracted/Bangla Audio Dataset Original and DeepFake Voices for AI-Based Voice Analysis and Detection/Dataset/S11F02/Real/19.wav,0,MEN,MEN-S11F02,TG:bc0f2c6a0e07b2a6,-8.390625,1,0.5508333333333333,0.00022693386
mendeley/extracted/Bangla Audio Dataset Original and DeepFake Voices for AI-Based Voice Analysis and Detection/Dataset/S11F02/Real/2.wav,0,MEN,MEN-S11F02,TG:ea8971d60c8a3d84,-25.171875,1,0.6508333333333334,1.1694821e-11
mendeley/extracted/Bangla Audio Dataset Original and DeepFake Voices for AI-Based Voice Analysis and Detection/Dataset/S11F02/Real/20.wav,0,MEN,MEN-S11F02,TG:39cfe8a6d823ad48,-34.3125,1,0.5475,1.2539223e-15
mendeley/extracted/Bangla Audio Dataset Original and DeepFake Voices for AI-Based Voice Analysis and Detection/Dataset/S11F02/Real/21.wav,0,MEN,MEN-S11F02,TG:d51ff1fb9a1168b3,-25.296875,1,0.6191666666666666,1.03206445e-11
mendeley/extracted/Bangla Audio Dataset Original and DeepFake Voices for AI-Based Voice Analysis and Detection/Dataset/S11F02/Real/22.wav,0,MEN,MEN-S11F02,TG:6b10fe5360d0e7f0,-21.828125,1,0.4658333333333333,3.3125752e-10
mendeley/extracted/Bangla Audio Dataset Original and DeepFake Voices for AI-Based Voice Analysis and Detection/Dataset/S11F02/Real/23.wav,0,MEN,MEN-S11F02,TG:e157bbeeb235cb6a,-28.4375,1,0.5575,4.464272e-13
mendeley/extracted/Bangla Audio Dataset Original and DeepFake Voices for AI-Based Voice Analysis and Detection/Dataset/S11F02/Real/24.wav,0,MEN,MEN-S11F02,TG:2a9e487decd776c5,-1.4580078,1,0.4858333333333333,0.18877223
mendeley/extracted/Bangla Audio Dataset Original and DeepFake Voices for AI-Based Voice Analysis and Detection/Dataset/S11F02/Real/25.wav,0,MEN,MEN-S11F02,TG:4d4c34eabaac8b21,8.4296875,1,0.5958333333333333,0.9997818
mendeley/extracted/Bangla Audio Dataset Original and DeepFake Voices for AI-Based Voice Analysis and Detection/Dataset/S11F02/Real/26.wav,0,MEN,MEN-S11F02,TG:dbdf0c4b52c43061,0.42919922,1,0.6208333333333333,0.6056824
mendeley/extracted/Bangla Audio Dataset Original and DeepFake Voices for AI-Based Voice Analysis and Detection/Dataset/S11F02/Real/27.wav,0,MEN,MEN-S11F02,TG:329dcc685ab1bc7b,-12.96875,1,0.6125,2.3320747e-06
mendeley/extracted/Bangla Audio Dataset Original and DeepFake Voices for AI-Based Voice Analysis and Detection/Dataset/S11F02/Real/28.wav,0,MEN,MEN-S11F02,TG:449f908bd492908d,-12.125,1,0.6475,5.4222187e-06
mendeley/extracted/Bangla Audio Dataset Original and DeepFake Voices for AI-Based Voice Analysis and Detection/Dataset/S11F02/Real/29.wav,0,MEN,MEN-S11F02,TG:181c8cafbfc40722,-13.1484375,1,0.5708333333333333,1.9485221e-06
mendeley/extracted/Bangla Audio Dataset Original and DeepFake Voices for AI-Based Voice Analysis and Detection/Dataset/S11F02/Real/3.wav,0,MEN,MEN-S11F02,TG:017a83ba301f0b69,-35.84375,1,0.4658333333333333,2.711797e-16
mendeley/extracted/Bangla Audio Dataset Original and DeepFake Voices for AI-Based Voice Analysis and Detection/Dataset/S11F02/Real/30.wav,0,MEN,MEN-S11F02,TG:6a64af8cbace37e4,0.98291016,1,0.4175,0.7276853
mendeley/extracted/Bangla Audio Dataset Original and DeepFake Voices for AI-Based Voice Analysis and Detection/Dataset/S11F02/Real/4.wav,0,MEN,MEN-S11F02,TG:eebedcc2c0031aad,-28.203125,1,0.4341666666666667,5.643369e-13
mendeley/extracted/Bangla Audio Dataset Original and DeepFake Voices for AI-Based Voice Analysis and Detection/Dataset/S11F02/Real/5.wav,0,MEN,MEN-S11F02,TG:d6de9b7770d9f7f2,-36.5,1,0.4741666666666666,1.4068618e-16
mendeley/extracted/Bangla Audio Dataset Original and DeepFake Voices for AI-Based Voice Analysis and Detection/Dataset/S11F02/Real/6.wav,0,MEN,MEN-S11F02,TG:31de86c32ec8fe13,-29.75,1,0.6825,1.2015425e-13
mendeley/extracted/Bangla Audio Dataset Original and DeepFake Voices for AI-Based Voice Analysis and Detection/Dataset/S11F02/Real/7.wav,0,MEN,MEN-S11F02,TG:5b3673d2432ab3fb,-21.046875,1,0.6425000000000001,7.2353296e-10
mendeley/extracted/Bangla Audio Dataset Original and DeepFake Voices for AI-Based Voice Analysis and Detection/Dataset/S11F02/Real/8.wav,0,MEN,MEN-S11F02,TG:4f86653bb20c8a4c,-40.0,1,0.6141666666666667,4.2483545e-18
mendeley/extracted/Bangla Audio Dataset Original and DeepFake Voices for AI-Based Voice Analysis and Detection/Dataset/S11F02/Real/9.wav,0,MEN,MEN-S11F02,TG:e90d11ccf74f6fd3,-23.25,1,0.5241666666666667,7.9919606e-11
mendeley/extracted/Bangla Audio Dataset Original and DeepFake Voices for AI-Based Voice Analysis and Detection/Dataset/S11F04/Fake/1.wav,1,MEN,MEN-S11F04,TG:2cc4f4d2a83c1413,2.6757812,1,0.3991666666666666,0.93558234
mendeley/extracted/Bangla Audio Dataset Original and DeepFake Voices for AI-Based Voice Analysis and Detection/Dataset/S11F04/Fake/10.wav,1,MEN,MEN-S11F04,TG:a274fcdc210bc630,-18.984375,1,0.5958333333333333,5.691027e-09
mendeley/extracted/Bangla Audio Dataset Original and DeepFake Voices for AI-Based Voice Analysis and Detection/Dataset/S11F04/Fake/11.wav,1,MEN,MEN-S11F04,TG:3ff090a90db76715,-1.7089844,1,0.4291666666666667,0.1532955
mendeley/extracted/Bangla Audio Dataset Original and DeepFake Voices for AI-Based Voice Analysis and Detection/Dataset/S11F04/Fake/12.wav,1,MEN,MEN-S11F04,TG:71382ca3963bf670,-4.265625,1,0.4375,0.01384861
mendeley/extracted/Bangla Audio Dataset Original and DeepFake Voices for AI-Based Voice Analysis and Detection/Dataset/S11F04/Fake/13.wav,1,MEN,MEN-S11F04,TG:452ffb045be62656,7.1796875,1,0.4725,0.9992387
mendeley/extracted/Bangla Audio Dataset Original and DeepFake Voices for AI-Based Voice Analysis and Detection/Dataset/S11F04/Fake/14.wav,1,MEN,MEN-S11F04,TG:7eedeccecbd89970,-0.3005371,1,0.5541666666666667,0.4254262
mendeley/extracted/Bangla Audio Dataset Original and DeepFake Voices for AI-Based Voice Analysis and Detection/Dataset/S11F04/Fake/15.wav,1,MEN,MEN-S11F04,TG:d87b618675761d08,-20.828125,1,0.4058333333333334,9.0045127e-10
mendeley/extracted/Bangla Audio Dataset Original and DeepFake Voices for AI-Based Voice Analysis and Detection/Dataset/S11F04/Fake/16.wav,1,MEN,MEN-S11F04,TG:bb75654add7236ae,3.703125,1,0.5758333333333333,0.9759464
mendeley/extracted/Bangla Audio Dataset Original and DeepFake Voices for AI-Based Voice Analysis and Detection/Dataset/S11F04/Fake/17.wav,1,MEN,MEN-S11F04,TG:89ee3dc6d83890bd,8.3046875,1,0.5125,0.9997527
mendeley/extracted/Bangla Audio Dataset Original and DeepFake Voices for AI-Based Voice Analysis and Detection/Dataset/S11F04/Fake/18.wav,1,MEN,MEN-S11F04,TG:818304947fb7a25a,-12.109375,1,0.4941666666666666,5.5076057e-06
mendeley/extracted/Bangla Audio Dataset Original and DeepFake Voices for AI-Based Voice Analysis and Detection/Dataset/S11F04/Fake/19.wav,1,MEN,MEN-S11F04,TG:bc0f2c6a0e07b2a6,-12.59375,1,0.5241666666666667,3.3931447e-06
mendeley/extracted/Bangla Audio Dataset Original and DeepFake Voices for AI-Based Voice Analysis and Detection/Dataset/S11F04/Fake/2.wav,1,MEN,MEN-S11F04,TG:ea8971d60c8a3d84,6.6171875,1,0.3658333333333333,0.9986646
mendeley/extracted/Bangla Audio Dataset Original and DeepFake Voices for AI-Based Voice Analysis and Detection/Dataset/S11F04/Fake/20.wav,1,MEN,MEN-S11F04,TG:39cfe8a6d823ad48,4.4023438,1,0.5808333333333333,0.9878996
mendeley/extracted/Bangla Audio Dataset Original and DeepFake Voices for AI-Based Voice Analysis and Detection/Dataset/S11F04/Fake/21.wav,1,MEN,MEN-S11F04,TG:d51ff1fb9a1168b3,-0.39672852,1,0.5575,0.4020986
mendeley/extracted/Bangla Audio Dataset Original and DeepFake Voices for AI-Based Voice Analysis and Detection/Dataset/S11F04/Fake/22.wav,1,MEN,MEN-S11F04,TG:6b10fe5360d0e7f0,-13.6796875,1,0.4041666666666667,1.1454779e-06
mendeley/extracted/Bangla Audio Dataset Original and DeepFake Voices for AI-Based Voice Analysis and Detection/Dataset/S11F04/Fake/23.wav,1,MEN,MEN-S11F04,TG:e157bbeeb235cb6a,-5.6171875,1,0.4825,0.0036216856
mendeley/extracted/Bangla Audio Dataset Original and DeepFake Voices for AI-Based Voice Analysis and Detection/Dataset/S11F04/Fake/24.wav,1,MEN,MEN-S11F04,TG:2a9e487decd776c5,5.2578125,1,0.3991666666666666,0.99482024
mendeley/extracted/Bangla Audio Dataset Original and DeepFake Voices for AI-Based Voice Analysis and Detection/Dataset/S11F04/Fake/25.wav,1,MEN,MEN-S11F04,TG:4d4c34eabaac8b21,-1.0947266,1,0.4408333333333333,0.2507293
mendeley/extracted/Bangla Audio Dataset Original and DeepFake Voices for AI-Based Voice Analysis and Detection/Dataset/S11F04/Fake/26.wav,1,MEN,MEN-S11F04,TG:dbdf0c4b52c43061,-5.03125,1,0.5208333333333333,0.0064882697
mendeley/extracted/Bangla Audio Dataset Original and DeepFake Voices for AI-Based Voice Analysis and Detection/Dataset/S11F04/Fake/27.wav,1,MEN,MEN-S11F04,TG:329dcc685ab1bc7b,-7.4492188,1,0.5608333333333333,0.0005815577
mendeley/extracted/Bangla Audio Dataset Original and DeepFake Voices for AI-Based Voice Analysis and Detection/Dataset/S11F04/Fake/28.wav,1,MEN,MEN-S11F04,TG:449f908bd492908d,-13.1796875,1,0.4741666666666666,1.8885723e-06
mendeley/extracted/Bangla Audio Dataset Original and DeepFake Voices for AI-Based Voice Analysis and Detection/Dataset/S11F04/Fake/29.wav,1,MEN,MEN-S11F04,TG:181c8cafbfc40722,2.6816406,1,0.5025,0.93593454
mendeley/extracted/Bangla Audio Dataset Original and DeepFake Voices for AI-Based Voice Analysis and Detection/Dataset/S11F04/Fake/3.wav,1,MEN,MEN-S11F04,TG:017a83ba301f0b69,-12.7890625,1,0.5475,2.7911265e-06
mendeley/extracted/Bangla Audio Dataset Original and DeepFake Voices for AI-Based Voice Analysis and Detection/Dataset/S11F04/Fake/30.wav,1,MEN,MEN-S11F04,TG:6a64af8cbace37e4,7.9648438,1,0.2691666666666666,0.9996526
mendeley/extracted/Bangla Audio Dataset Original and DeepFake Voices for AI-Based Voice Analysis and Detection/Dataset/S11F04/Fake/4.wav,1,MEN,MEN-S11F04,TG:eebedcc2c0031aad,10.0,1,0.5358333333333334,0.9999546
mendeley/extracted/Bangla Audio Dataset Original and DeepFake Voices for AI-Based Voice Analysis and Detection/Dataset/S11F04/Fake/5.wav,1,MEN,MEN-S11F04,TG:d6de9b7770d9f7f2,-17.546875,1,0.5258333333333334,2.3960121e-08
mendeley/extracted/Bangla Audio Dataset Original and DeepFake Voices for AI-Based Voice Analysis and Detection/Dataset/S11F04/Fake/6.wav,1,MEN,MEN-S11F04,TG:31de86c32ec8fe13,-1.2441406,1,0.5308333333333333,0.2237161
mendeley/extracted/Bangla Audio Dataset Original and DeepFake Voices for AI-Based Voice Analysis and Detection/Dataset/S11F04/Fake/7.wav,1,MEN,MEN-S11F04,TG:5b3673d2432ab3fb,4.8007812,1,0.4708333333333333,0.99184376
mendeley/extracted/Bangla Audio Dataset Original and DeepFake Voices for AI-Based Voice Analysis and Detection/Dataset/S11F04/Fake/8.wav,1,MEN,MEN-S11F04,TG:4f86653bb20c8a4c,-13.9765625,1,0.4008333333333334,8.5124714e-07
mendeley/extracted/Bangla Audio Dataset Original and DeepFake Voices for AI-Based Voice Analysis and Detection/Dataset/S11F04/Fake/9.wav,1,MEN,MEN-S11F04,TG:e90d11ccf74f6fd3,8.875,1,0.4475,0.99986017
mendeley/extracted/Bangla Audio Dataset Original and DeepFake Voices for AI-Based Voice Analysis and Detection/Dataset/S11F04/Real/1.wav,0,MEN,MEN-S11F04,TG:2cc4f4d2a83c1413,-18.921875,1,0.4675,6.058068e-09
mendeley/extracted/Bangla Audio Dataset Original and DeepFake Voices for AI-Based Voice Analysis and Detection/Dataset/S11F04/Real/10.wav,0,MEN,MEN-S11F04,TG:a274fcdc210bc630,-19.109375,1,0.3508333333333333,5.0223146e-09
mendeley/extracted/Bangla Audio Dataset Original and DeepFake Voices for AI-Based Voice Analysis and Detection/Dataset/S11F04/Real/11.wav,0,MEN,MEN-S11F04,TG:3ff090a90db76715,-33.03125,1,0.4508333333333333,4.515547e-15
mendeley/extracted/Bangla Audio Dataset Original and DeepFake Voices for AI-Based Voice Analysis and Detection/Dataset/S11F04/Real/12.wav,0,MEN,MEN-S11F04,TG:71382ca3963bf670,-23.125,1,0.4008333333333334,9.056077e-11
mendeley/extracted/Bangla Audio Dataset Original and DeepFake Voices for AI-Based Voice Analysis and Detection/Dataset/S11F04/Real/13.wav,0,MEN,MEN-S11F04,TG:452ffb045be62656,-0.6269531,1,0.3508333333333333,0.34820172
mendeley/extracted/Bangla Audio Dataset Original and DeepFake Voices for AI-Based Voice Analysis and Detection/Dataset/S11F04/Real/14.wav,0,MEN,MEN-S11F04,TG:7eedeccecbd89970,2.8730469,1,0.4841666666666666,0.94649786
mendeley/extracted/Bangla Audio Dataset Original and DeepFake Voices for AI-Based Voice Analysis and Detection/Dataset/S11F04/Real/15.wav,0,MEN,MEN-S11F04,TG:d87b618675761d08,-25.828125,1,0.3841666666666666,6.067193e-12
mendeley/extracted/Bangla Audio Dataset Original and DeepFake Voices for AI-Based Voice Analysis and Detection/Dataset/S11F04/Real/16.wav,0,MEN,MEN-S11F04,TG:bb75654add7236ae,-20.546875,1,0.4175,1.1929042e-09
mendeley/extracted/Bangla Audio Dataset Original and DeepFake Voices for AI-Based Voice Analysis and Detection/Dataset/S11F04/Real/17.wav,0,MEN,MEN-S11F04,TG:89ee3dc6d83890bd,-30.375,1,0.3841666666666666,6.4313945e-14
mendeley/extracted/Bangla Audio Dataset Original and DeepFake Voices for AI-Based Voice Analysis and Detection/Dataset/S11F04/Real/18.wav,0,MEN,MEN-S11F04,TG:818304947fb7a25a,-17.859375,1,0.4175,1.7529599e-08
mendeley/extracted/Bangla Audio Dataset Original and DeepFake Voices for AI-Based Voice Analysis and Detection/Dataset/S11F04/Real/19.wav,0,MEN,MEN-S11F04,TG:bc0f2c6a0e07b2a6,-11.6875,1,0.3675,8.398072e-06
mendeley/extracted/Bangla Audio Dataset Original and DeepFake Voices for AI-Based Voice Analysis and Detection/Dataset/S11F04/Real/2.wav,0,MEN,MEN-S11F04,TG:ea8971d60c8a3d84,-12.171875,1,0.4675,5.173919e-06
mendeley/extracted/Bangla Audio Dataset Original and DeepFake Voices for AI-Based Voice Analysis and Detection/Dataset/S11F04/Real/20.wav,0,MEN,MEN-S11F04,TG:39cfe8a6d823ad48,-21.84375,1,0.4508333333333333,3.2612185e-10
mendeley/extracted/Bangla Audio Dataset Original and DeepFake Voices for AI-Based Voice Analysis and Detection/Dataset/S11F04/Real/21.wav,0,MEN,MEN-S11F04,TG:d51ff1fb9a1168b3,-23.65625,1,0.4841666666666666,5.3237928e-11
mendeley/extracted/Bangla Audio Dataset Original and DeepFake Voices for AI-Based Voice Analysis and Detection/Dataset/S11F04/Real/22.wav,0,MEN,MEN-S11F04,TG:6b10fe5360d0e7f0,-23.3125,1,0.4175,7.507752e-11
mendeley/extracted/Bangla Audio Dataset Original and DeepFake Voices for AI-Based Voice Analysis and Detection/Dataset/S11F04/Real/23.wav,0,MEN,MEN-S11F04,TG:e157bbeeb235cb6a,-18.828125,1,0.4008333333333334,6.6534853e-09
mendeley/extracted/Bangla Audio Dataset Original and DeepFake Voices for AI-Based Voice Analysis and Detection/Dataset/S11F04/Real/24.wav,0,MEN,MEN-S11F04,TG:2a9e487decd776c5,3.4726562,1,0.3841666666666666,0.96989965
mendeley/extracted/Bangla Audio Dataset Original and DeepFake Voices for AI-Based Voice Analysis and Detection/Dataset/S11F04/Real/25.wav,0,MEN,MEN-S11F04,TG:4d4c34eabaac8b21,8.2421875,1,0.3841666666666666,0.9997367
mendeley/extracted/Bangla Audio Dataset Original and DeepFake Voices for AI-Based Voice Analysis and Detection/Dataset/S11F04/Real/26.wav,0,MEN,MEN-S11F04,TG:dbdf0c4b52c43061,-26.40625,1,0.4341666666666667,3.403387e-12
mendeley/extracted/Bangla Audio Dataset Original and DeepFake Voices for AI-Based Voice Analysis and Detection/Dataset/S11F04/Real/27.wav,0,MEN,MEN-S11F04,TG:329dcc685ab1bc7b,-1.6259766,1,0.3841666666666666,0.16438228
mendeley/extracted/Bangla Audio Dataset Original and DeepFake Voices for AI-Based Voice Analysis and Detection/Dataset/S11F04/Real/28.wav,0,MEN,MEN-S11F04,TG:449f908bd492908d,-22.578125,1,0.4841666666666666,1.5647499e-10
mendeley/extracted/Bangla Audio Dataset Original and DeepFake Voices for AI-Based Voice Analysis and Detection/Dataset/S11F04/Real/29.wav,0,MEN,MEN-S11F04,TG:181c8cafbfc40722,-23.59375,1,0.4675,5.667148e-11
mendeley/extracted/Bangla Audio Dataset Original and DeepFake Voices for AI-Based Voice Analysis and Detection/Dataset/S11F04/Real/3.wav,0,MEN,MEN-S11F04,TG:017a83ba301f0b69,-23.890625,1,0.4341666666666667,4.211467e-11
mendeley/extracted/Bangla Audio Dataset Original and DeepFake Voices for AI-Based Voice Analysis and Detection/Dataset/S11F04/Real/30.wav,0,MEN,MEN-S11F04,TG:6a64af8cbace37e4,-20.125,1,0.3508333333333333,1.8189618e-09
mendeley/extracted/Bangla Audio Dataset Original and DeepFake Voices for AI-Based Voice Analysis and Detection/Dataset/S11F04/Real/4.wav,0,MEN,MEN-S11F04,TG:eebedcc2c0031aad,-28.171875,1,0.4341666666666667,5.822509e-13
mendeley/extracted/Bangla Audio Dataset Original and DeepFake Voices for AI-Based Voice Analysis and Detection/Dataset/S11F04/Real/5.wav,0,MEN,MEN-S11F04,TG:d6de9b7770d9f7f2,-15.4296875,1,0.4008333333333334,1.9905441e-07
mendeley/extracted/Bangla Audio Dataset Original and DeepFake Voices for AI-Based Voice Analysis and Detection/Dataset/S11F04/Real/6.wav,0,MEN,MEN-S11F04,TG:31de86c32ec8fe13,-24.296875,1,0.4024999999999999,2.8054418e-11
mendeley/extracted/Bangla Audio Dataset Original and DeepFake Voices for AI-Based Voice Analysis and Detection/Dataset/S11F04/Real/7.wav,0,MEN,MEN-S11F04,TG:5b3673d2432ab3fb,-32.0625,1,0.4191666666666667,1.1896882e-14
mendeley/extracted/Bangla Audio Dataset Original and DeepFake Voices for AI-Based Voice Analysis and Detection/Dataset/S11F04/Real/8.wav,0,MEN,MEN-S11F04,TG:4f86653bb20c8a4c,-30.453125,1,0.4675,5.948067e-14
mendeley/extracted/Bangla Audio Dataset Original and DeepFake Voices for AI-Based Voice Analysis and Detection/Dataset/S11F04/Real/9.wav,0,MEN,MEN-S11F04,TG:e90d11ccf74f6fd3,-23.3125,1,0.3841666666666666,7.507752e-11
mendeley/extracted/Bangla Audio Dataset Original and DeepFake Voices for AI-Based Voice Analysis and Detection/Dataset/S11M01/Fake/1.wav,1,MEN,MEN-S11M01,TG:2cc4f4d2a83c1413,7.6445312,1,0.3008333333333333,0.9995216
mendeley/extracted/Bangla Audio Dataset Original and DeepFake Voices for AI-Based Voice Analysis and Detection/Dataset/S11M01/Fake/10.wav,1,MEN,MEN-S11M01,TG:a274fcdc210bc630,-1.3730469,1,0.5325,0.20212804
mendeley/extracted/Bangla Audio Dataset Original and DeepFake Voices for AI-Based Voice Analysis and Detection/Dataset/S11M01/Fake/11.wav,1,MEN,MEN-S11M01,TG:3ff090a90db76715,2.9433594,1,0.3808333333333333,0.94994867
mendeley/extracted/Bangla Audio Dataset Original and DeepFake Voices for AI-Based Voice Analysis and Detection/Dataset/S11M01/Fake/12.wav,1,MEN,MEN-S11M01,TG:71382ca3963bf670,3.6992188,1,0.5375,0.9758546
mendeley/extracted/Bangla Audio Dataset Original and DeepFake Voices for AI-Based Voice Analysis and Detection/Dataset/S11M01/Fake/13.wav,1,MEN,MEN-S11M01,TG:452ffb045be62656,3.3789062,1,0.5241666666666667,0.9670388
mendeley/extracted/Bangla Audio Dataset Original and DeepFake Voices for AI-Based Voice Analysis and Detection/Dataset/S11M01/Fake/14.wav,1,MEN,MEN-S11M01,TG:7eedeccecbd89970,-14.0859375,1,0.5775,7.6305304e-07
mendeley/extracted/Bangla Audio Dataset Original and DeepFake Voices for AI-Based Voice Analysis and Detection/Dataset/S11M01/Fake/15.wav,1,MEN,MEN-S11M01,TG:d87b618675761d08,2.4785156,1,0.3325,0.92262185
mendeley/extracted/Bangla Audio Dataset Original and DeepFake Voices for AI-Based Voice Analysis and Detection/Dataset/S11M01/Fake/16.wav,1,MEN,MEN-S11M01,TG:bb75654add7236ae,-4.9140625,1,0.5141666666666667,0.007289077
mendeley/extracted/Bangla Audio Dataset Original and DeepFake Voices for AI-Based Voice Analysis and Detection/Dataset/S11M01/Fake/17.wav,1,MEN,MEN-S11M01,TG:89ee3dc6d83890bd,-13.03125,1,0.4308333333333333,2.1907817e-06
mendeley/extracted/Bangla Audio Dataset Original and DeepFake Voices for AI-Based Voice Analysis and Detection/Dataset/S11M01/Fake/18.wav,1,MEN,MEN-S11M01,TG:818304947fb7a25a,11.2734375,1,0.5125,0.99998724
mendeley/extracted/Bangla Audio Dataset Original and DeepFake Voices for AI-Based Voice Analysis and Detection/Dataset/S11M01/Fake/19.wav,1,MEN,MEN-S11M01,TG:bc0f2c6a0e07b2a6,-12.2421875,1,0.4125,4.8226243e-06
mendeley/extracted/Bangla Audio Dataset Original and DeepFake Voices for AI-Based Voice Analysis and Detection/Dataset/S11M01/Fake/2.wav,1,MEN,MEN-S11M01,TG:ea8971d60c8a3d84,-6.203125,1,0.4141666666666667,0.002019014
mendeley/extracted/Bangla Audio Dataset Original and DeepFake Voices for AI-Based Voice Analysis and Detection/Dataset/S11M01/Fake/20.wav,1,MEN,MEN-S11M01,TG:39cfe8a6d823ad48,-8.359375,1,0.5341666666666667,0.00023413583
mendeley/extracted/Bangla Audio Dataset Original and DeepFake Voices for AI-Based Voice Analysis and Detection/Dataset/S11M01/Fake/21.wav,1,MEN,MEN-S11M01,TG:d51ff1fb9a1168b3,-9.234375,1,0.5075000000000001,9.761566e-05
mendeley/extracted/Bangla Audio Dataset Original and DeepFake Voices for AI-Based Voice Analysis and Detection/Dataset/S11M01/Fake/22.wav,1,MEN,MEN-S11M01,TG:6b10fe5360d0e7f0,-3.515625,1,0.3058333333333333,0.028870905
mendeley/extracted/Bangla Audio Dataset Original and DeepFake Voices for AI-Based Voice Analysis and Detection/Dataset/S11M01/Fake/23.wav,1,MEN,MEN-S11M01,TG:e157bbeeb235cb6a,4.9648438,1,0.6191666666666666,0.99306935
mendeley/extracted/Bangla Audio Dataset Original and DeepFake Voices for AI-Based Voice Analysis and Detection/Dataset/S11M01/Fake/24.wav,1,MEN,MEN-S11M01,TG:2a9e487decd776c5,-14.7890625,1,0.3941666666666666,3.777388e-07
mendeley/extracted/Bangla Audio Dataset Original and DeepFake Voices for AI-Based Voice Analysis and Detection/Dataset/S11M01/Fake/25.wav,1,MEN,MEN-S11M01,TG:4d4c34eabaac8b21,-2.4707031,1,0.4841666666666666,0.077937685
mendeley/extracted/Bangla Audio Dataset Original and DeepFake Voices for AI-Based Voice Analysis and Detection/Dataset/S11M01/Fake/26.wav,1,MEN,MEN-S11M01,TG:dbdf0c4b52c43061,6.9921875,1,0.4775,0.99908185
mendeley/extracted/Bangla Audio Dataset Original and DeepFake Voices for AI-Based Voice Analysis and Detection/Dataset/S11M01/Fake/27.wav,1,MEN,MEN-S11M01,TG:329dcc685ab1bc7b,4.6171875,1,0.5191666666666667,0.99021614
mendeley/extracted/Bangla Audio Dataset Original and DeepFake Voices for AI-Based Voice Analysis and Detection/Dataset/S11M01/Fake/28.wav,1,MEN,MEN-S11M01,TG:449f908bd492908d,9.53125,1,0.4725,0.9999274
mendeley/extracted/Bangla Audio Dataset Original and DeepFake Voices for AI-Based Voice Analysis and Detection/Dataset/S11M01/Fake/29.wav,1,MEN,MEN-S11M01,TG:181c8cafbfc40722,-1.4160156,1,0.4125,0.19528697
mendeley/extracted/Bangla Audio Dataset Original and DeepFake Voices for AI-Based Voice Analysis and Detection/Dataset/S11M01/Fake/3.wav,1,MEN,MEN-S11M01,TG:017a83ba301f0b69,-9.6015625,1,0.3908333333333333,6.761842e-05
mendeley/extracted/Bangla Audio Dataset Original and DeepFake Voices for AI-Based Voice Analysis and Detection/Dataset/S11M01/Fake/30.wav,1,MEN,MEN-S11M01,TG:6a64af8cbace37e4,-6.625,1,0.3908333333333333,0.0013250225
mendeley/extracted/Bangla Audio Dataset Original and DeepFake Voices for AI-Based Voice Analysis and Detection/Dataset/S11M01/Fake/4.wav,1,MEN,MEN-S11M01,TG:eebedcc2c0031aad,5.875,1,0.5208333333333333,0.99719906
mendeley/extracted/Bangla Audio Dataset Original and DeepFake Voices for AI-Based Voice Analysis and Detection/Dataset/S11M01/Fake/5.wav,1,MEN,MEN-S11M01,TG:d6de9b7770d9f7f2,12.390625,1,0.4408333333333333,0.9999958
mendeley/extracted/Bangla Audio Dataset Original and DeepFake Voices for AI-Based Voice Analysis and Detection/Dataset/S11M01/Fake/6.wav,1,MEN,MEN-S11M01,TG:31de86c32ec8fe13,5.5117188,1,0.5458333333333334,0.9959771
mendeley/extracted/Bangla Audio Dataset Original and DeepFake Voices for AI-Based Voice Analysis and Detection/Dataset/S11M01/Fake/7.wav,1,MEN,MEN-S11M01,TG:5b3673d2432ab3fb,-10.3046875,1,0.4608333333333333,3.347469e-05
mendeley/extracted/Bangla Audio Dataset Original and DeepFake Voices for AI-Based Voice Analysis and Detection/Dataset/S11M01/Fake/8.wav,1,MEN,MEN-S11M01,TG:4f86653bb20c8a4c,1.6025391,1,0.5741666666666667,0.83237296
mendeley/extracted/Bangla Audio Dataset Original and DeepFake Voices for AI-Based Voice Analysis and Detection/Dataset/S11M01/Fake/9.wav,1,MEN,MEN-S11M01,TG:e90d11ccf74f6fd3,9.765625,1,0.4991666666666666,0.99994266
mendeley/extracted/Bangla Audio Dataset Original and DeepFake Voices for AI-Based Voice Analysis and Detection/Dataset/S11M01/Real/1.wav,0,MEN,MEN-S11M01,TG:2cc4f4d2a83c1413,-20.5625,1,0.3508333333333333,1.1744099e-09
mendeley/extracted/Bangla Audio Dataset Original and DeepFake Voices for AI-Based Voice Analysis and Detection/Dataset/S11M01/Real/10.wav,0,MEN,MEN-S11M01,TG:a274fcdc210bc630,-21.421875,1,0.3508333333333333,4.9727644e-10
mendeley/extracted/Bangla Audio Dataset Original and DeepFake Voices for AI-Based Voice Analysis and Detection/Dataset/S11M01/Real/11.wav,0,MEN,MEN-S11M01,TG:3ff090a90db76715,-24.046875,1,0.3275,3.6022584e-11
mendeley/extracted/Bangla Audio Dataset Original and DeepFake Voices for AI-Based Voice Analysis and Detection/Dataset/S11M01/Real/12.wav,0,MEN,MEN-S11M01,TG:71382ca3963bf670,-32.5625,1,0.3891666666666666,7.215824e-15
mendeley/extracted/Bangla Audio Dataset Original and DeepFake Voices for AI-Based Voice Analysis and Detection/Dataset/S11M01/Real/13.wav,0,MEN,MEN-S11M01,TG:452ffb045be62656,-23.53125,1,0.3891666666666666,6.032648e-11
mendeley/extracted/Bangla Audio Dataset Original and DeepFake Voices for AI-Based Voice Analysis and Detection/Dataset/S11M01/Real/14.wav,0,MEN,MEN-S11M01,TG:7eedeccecbd89970,-26.609375,1,0.3675,2.7777635e-12
mendeley/extracted/Bangla Audio Dataset Original and DeepFake Voices for AI-Based Voice Analysis and Detection/Dataset/S11M01/Real/15.wav,0,MEN,MEN-S11M01,TG:d87b618675761d08,-14.9921875,1,0.2841666666666667,3.0830145e-07
mendeley/extracted/Bangla Audio Dataset Original and DeepFake Voices for AI-Based Voice Analysis and Detection/Dataset/S11M01/Real/16.wav,0,MEN,MEN-S11M01,TG:bb75654add7236ae,-22.125,1,0.3874999999999999,2.461697e-10
mendeley/extracted/Bangla Audio Dataset Original and DeepFake Voices for AI-Based Voice Analysis and Detection/Dataset/S11M01/Real/17.wav,0,MEN,MEN-S11M01,TG:89ee3dc6d83890bd,-14.96875,1,0.3908333333333333,3.1561262e-07
mendeley/extracted/Bangla Audio Dataset Original and DeepFake Voices for AI-Based Voice Analysis and Detection/Dataset/S11M01/Real/18.wav,0,MEN,MEN-S11M01,TG:818304947fb7a25a,-22.328125,1,0.3908333333333333,2.0091785e-10
mendeley/extracted/Bangla Audio Dataset Original and DeepFake Voices for AI-Based Voice Analysis and Detection/Dataset/S11M01/Real/19.wav,0,MEN,MEN-S11M01,TG:bc0f2c6a0e07b2a6,-12.7578125,1,0.3208333333333333,2.8797258e-06
mendeley/extracted/Bangla Audio Dataset Original and DeepFake Voices for AI-Based Voice Analysis and Detection/Dataset/S11M01/Real/2.wav,0,MEN,MEN-S11M01,TG:ea8971d60c8a3d84,-15.484375,1,0.3675,1.8846092e-07
mendeley/extracted/Bangla Audio Dataset Original and DeepFake Voices for AI-Based Voice Analysis and Detection/Dataset/S11M01/Real/20.wav,0,MEN,MEN-S11M01,TG:39cfe8a6d823ad48,-24.25,1,0.3874999999999999,2.9400777e-11
mendeley/extracted/Bangla Audio Dataset Original and DeepFake Voices for AI-Based Voice Analysis and Detection/Dataset/S11M01/Real/21.wav,0,MEN,MEN-S11M01,TG:d51ff1fb9a1168b3,-30.28125,1,0.3675,7.0635046e-14
mendeley/extracted/Bangla Audio Dataset Original and DeepFake Voices for AI-Based Voice Analysis and Detection/Dataset/S11M01/Real/22.wav,0,MEN,MEN-S11M01,TG:6b10fe5360d0e7f0,-23.171875,1,0.2758333333333334,8.641369e-11
mendeley/extracted/Bangla Audio Dataset Original and DeepFake Voices for AI-Based Voice Analysis and Detection/Dataset/S11M01/Real/23.wav,0,MEN,MEN-S11M01,TG:e157bbeeb235cb6a,-21.53125,1,0.5041666666666667,4.457557e-10
mendeley/extracted/Bangla Audio Dataset Original and DeepFake Voices for AI-Based Voice Analysis and Detection/Dataset/S11M01/Real/24.wav,0,MEN,MEN-S11M01,TG:2a9e487decd776c5,-15.7578125,1,0.2908333333333334,1.4337351e-07
mendeley/extracted/Bangla Audio Dataset Original and DeepFake Voices for AI-Based Voice Analysis and Detection/Dataset/S11M01/Real/25.wav,0,MEN,MEN-S11M01,TG:4d4c34eabaac8b21,-23.75,1,0.3525,4.8473687e-11
mendeley/extracted/Bangla Audio Dataset Original and DeepFake Voices for AI-Based Voice Analysis and Detection/Dataset/S11M01/Real/26.wav,0,MEN,MEN-S11M01,TG:dbdf0c4b52c43061,-25.71875,1,0.3175,6.7684434e-12
mendeley/extracted/Bangla Audio Dataset Original and DeepFake Voices for AI-Based Voice Analysis and Detection/Dataset/S11M01/Real/27.wav,0,MEN,MEN-S11M01,TG:329dcc685ab1bc7b,-16.484375,1,0.3841666666666666,6.93309e-08
mendeley/extracted/Bangla Audio Dataset Original and DeepFake Voices for AI-Based Voice Analysis and Detection/Dataset/S11M01/Real/28.wav,0,MEN,MEN-S11M01,TG:449f908bd492908d,-23.296875,1,0.3125,7.625982e-11
mendeley/extracted/Bangla Audio Dataset Original and DeepFake Voices for AI-Based Voice Analysis and Detection/Dataset/S11M01/Real/29.wav,0,MEN,MEN-S11M01,TG:181c8cafbfc40722,-30.765625,1,0.3225,4.3516985e-14
mendeley/extracted/Bangla Audio Dataset Original and DeepFake Voices for AI-Based Voice Analysis and Detection/Dataset/S11M01/Real/3.wav,0,MEN,MEN-S11M01,TG:017a83ba301f0b69,-22.796875,1,0.2508333333333333,1.2573118e-10
mendeley/extracted/Bangla Audio Dataset Original and DeepFake Voices for AI-Based Voice Analysis and Detection/Dataset/S11M01/Real/30.wav,0,MEN,MEN-S11M01,TG:6a64af8cbace37e4,-25.453125,1,0.2508333333333333,8.827714e-12
mendeley/extracted/Bangla Audio Dataset Original and DeepFake Voices for AI-Based Voice Analysis and Detection/Dataset/S11M01/Real/4.wav,0,MEN,MEN-S11M01,TG:eebedcc2c0031aad,-23.4375,1,0.3008333333333333,6.6255675e-11
mendeley/extracted/Bangla Audio Dataset Original and DeepFake Voices for AI-Based Voice Analysis and Detection/Dataset/S11M01/Real/5.wav,0,MEN,MEN-S11M01,TG:d6de9b7770d9f7f2,-41.15625,1,0.2958333333333333,1.3368039e-18
mendeley/extracted/Bangla Audio Dataset Original and DeepFake Voices for AI-Based Voice Analysis and Detection/Dataset/S11M01/Real/6.wav,0,MEN,MEN-S11M01,TG:31de86c32ec8fe13,-14.28125,1,0.3341666666666666,6.2767043e-07
mendeley/extracted/Bangla Audio Dataset Original and DeepFake Voices for AI-Based Voice Analysis and Detection/Dataset/S11M01/Real/7.wav,0,MEN,MEN-S11M01,TG:5b3673d2432ab3fb,-18.0,1,0.4675,1.5229979e-08
mendeley/extracted/Bangla Audio Dataset Original and DeepFake Voices for AI-Based Voice Analysis and Detection/Dataset/S11M01/Real/8.wav,0,MEN,MEN-S11M01,TG:4f86653bb20c8a4c,-17.40625,1,0.4058333333333334,2.7577933e-08
mendeley/extracted/Bangla Audio Dataset Original and DeepFake Voices for AI-Based Voice Analysis and Detection/Dataset/S11M01/Real/9.wav,0,MEN,MEN-S11M01,TG:e90d11ccf74f6fd3,-28.203125,1,0.3558333333333333,5.643369e-13
mendeley/extracted/Bangla Audio Dataset Original and DeepFake Voices for AI-Based Voice Analysis and Detection/Dataset/S11M03/Fake/1.wav,1,MEN,MEN-S11M03,TG:2cc4f4d2a83c1413,-12.0859375,1,0.2708333333333333,5.638214e-06
mendeley/extracted/Bangla Audio Dataset Original and DeepFake Voices for AI-Based Voice Analysis and Detection/Dataset/S11M03/Fake/10.wav,1,MEN,MEN-S11M03,TG:a274fcdc210bc630,13.1640625,1,0.4558333333333333,0.9999981
mendeley/extracted/Bangla Audio Dataset Original and DeepFake Voices for AI-Based Voice Analysis and Detection/Dataset/S11M03/Fake/11.wav,1,MEN,MEN-S11M03,TG:3ff090a90db76715,-8.9921875,1,0.3525,0.00012436225
mendeley/extracted/Bangla Audio Dataset Original and DeepFake Voices for AI-Based Voice Analysis and Detection/Dataset/S11M03/Fake/12.wav,1,MEN,MEN-S11M03,TG:71382ca3963bf670,9.3359375,1,0.4775,0.9999118
mendeley/extracted/Bangla Audio Dataset Original and DeepFake Voices for AI-Based Voice Analysis and Detection/Dataset/S11M03/Fake/13.wav,1,MEN,MEN-S11M03,TG:452ffb045be62656,10.75,1,0.4458333333333333,0.99997854
mendeley/extracted/Bangla Audio Dataset Original and DeepFake Voices for AI-Based Voice Analysis and Detection/Dataset/S11M03/Fake/14.wav,1,MEN,MEN-S11M03,TG:7eedeccecbd89970,14.375,1,0.5391666666666667,0.9999994
mendeley/extracted/Bangla Audio Dataset Original and DeepFake Voices for AI-Based Voice Analysis and Detection/Dataset/S11M03/Fake/15.wav,1,MEN,MEN-S11M03,TG:d87b618675761d08,1.3417969,1,0.3041666666666667,0.7927853
mendeley/extracted/Bangla Audio Dataset Original and DeepFake Voices for AI-Based Voice Analysis and Detection/Dataset/S11M03/Fake/16.wav,1,MEN,MEN-S11M03,TG:bb75654add7236ae,2.65625,1,0.5591666666666666,0.93439513
mendeley/extracted/Bangla Audio Dataset Original and DeepFake Voices for AI-Based Voice Analysis and Detection/Dataset/S11M03/Fake/17.wav,1,MEN,MEN-S11M03,TG:89ee3dc6d83890bd,-1.1513672,1,0.4158333333333334,0.24023944
mendeley/extracted/Bangla Audio Dataset Original and DeepFake Voices for AI-Based Voice Analysis and Detection/Dataset/S11M03/Fake/18.wav,1,MEN,MEN-S11M03,TG:818304947fb7a25a,6.9648438,1,0.4691666666666666,0.9990564
mendeley/extracted/Bangla Audio Dataset Original and DeepFake Voices for AI-Based Voice Analysis and Detection/Dataset/S11M03/Fake/19.wav,1,MEN,MEN-S11M03,TG:bc0f2c6a0e07b2a6,-5.5976562,1,0.3924999999999999,0.003692853
mendeley/extracted/Bangla Audio Dataset Original and DeepFake Voices for AI-Based Voice Analysis and Detection/Dataset/S11M03/Fake/2.wav,1,MEN,MEN-S11M03,TG:ea8971d60c8a3d84,0.2541504,1,0.4841666666666666,0.5631978
mendeley/extracted/Bangla Audio Dataset Original and DeepFake Voices for AI-Based Voice Analysis and Detection/Dataset/S11M03/Fake/20.wav,1,MEN,MEN-S11M03,TG:39cfe8a6d823ad48,-11.1640625,1,0.5125,1.4174349e-05
mendeley/extracted/Bangla Audio Dataset Original and DeepFake Voices for AI-Based Voice Analysis and Detection/Dataset/S11M03/Fake/21.wav,1,MEN,MEN-S11M03,TG:d51ff1fb9a1168b3,-8.9609375,1,0.4841666666666666,0.00012830943
mendeley/extracted/Bangla Audio Dataset Original and DeepFake Voices for AI-Based Voice Analysis and Detection/Dataset/S11M03/Fake/22.wav,1,MEN,MEN-S11M03,TG:6b10fe5360d0e7f0,-3.9785156,1,0.2541666666666666,0.018369637
mendeley/extracted/Bangla Audio Dataset Original and DeepFake Voices for AI-Based Voice Analysis and Detection/Dataset/S11M03/Fake/23.wav,1,MEN,MEN-S11M03,TG:e157bbeeb235cb6a,-7.9648438,1,0.5391666666666667,0.0003473453
mendeley/extracted/Bangla Audio Dataset Original and DeepFake Voices for AI-Based Voice Analysis and Detection/Dataset/S11M03/Fake/24.wav,1,MEN,MEN-S11M03,TG:2a9e487decd776c5,1.1962891,1,0.2941666666666667,0.7678639
mendeley/extracted/Bangla Audio Dataset Original and DeepFake Voices for AI-Based Voice Analysis and Detection/Dataset/S11M03/Fake/25.wav,1,MEN,MEN-S11M03,TG:4d4c34eabaac8b21,3.8945312,1,0.4275,0.980053
mendeley/extracted/Bangla Audio Dataset Original and DeepFake Voices for AI-Based Voice Analysis and Detection/Dataset/S11M03/Fake/26.wav,1,MEN,MEN-S11M03,TG:dbdf0c4b52c43061,-8.65625,1,0.4625,0.00017400544
mendeley/extracted/Bangla Audio Dataset Original and DeepFake Voices for AI-Based Voice Analysis and Detection/Dataset/S11M03/Fake/27.wav,1,MEN,MEN-S11M03,TG:329dcc685ab1bc7b,8.65625,1,0.5258333333333334,0.999826
mendeley/extracted/Bangla Audio Dataset Original and DeepFake Voices for AI-Based Voice Analysis and Detection/Dataset/S11M03/Fake/28.wav,1,MEN,MEN-S11M03,TG:449f908bd492908d,5.609375,1,0.4508333333333333,0.99635005
mendeley/extracted/Bangla Audio Dataset Original and DeepFake Voices for AI-Based Voice Analysis and Detection/Dataset/S11M03/Fake/29.wav,1,MEN,MEN-S11M03,TG:181c8cafbfc40722,-11.21875,1,0.4308333333333333,1.3420014e-05
mendeley/extracted/Bangla Audio Dataset Original and DeepFake Voices for AI-Based Voice Analysis and Detection/Dataset/S11M03/Fake/3.wav,1,MEN,MEN-S11M03,TG:017a83ba301f0b69,-14.5859375,1,0.3974999999999999,4.6281522e-07
mendeley/extracted/Bangla Audio Dataset Original and DeepFake Voices for AI-Based Voice Analysis and Detection/Dataset/S11M03/Fake/30.wav,1,MEN,MEN-S11M03,TG:6a64af8cbace37e4,3.5097656,1,0.3558333333333333,0.9709644
mendeley/extracted/Bangla Audio Dataset Original and DeepFake Voices for AI-Based Voice Analysis and Detection/Dataset/S11M03/Fake/4.wav,1,MEN,MEN-S11M03,TG:eebedcc2c0031aad,1.9726562,1,0.4541666666666667,0.8778961
mendeley/extracted/Bangla Audio Dataset Original and DeepFake Voices for AI-Based Voice Analysis and Detection/Dataset/S11M03/Fake/5.wav,1,MEN,MEN-S11M03,TG:d6de9b7770d9f7f2,-13.375,1,0.4008333333333334,1.5534976e-06
mendeley/extracted/Bangla Audio Dataset Original and DeepFake Voices for AI-Based Voice Analysis and Detection/Dataset/S11M03/Fake/6.wav,1,MEN,MEN-S11M03,TG:31de86c32ec8fe13,-9.40625,1,0.5075000000000001,8.22019e-05
mendeley/extracted/Bangla Audio Dataset Original and DeepFake Voices for AI-Based Voice Analysis and Detection/Dataset/S11M03/Fake/7.wav,1,MEN,MEN-S11M03,TG:5b3673d2432ab3fb,10.1015625,1,0.5091666666666667,0.999959
mendeley/extracted/Bangla Audio Dataset Original and DeepFake Voices for AI-Based Voice Analysis and Detection/Dataset/S11M03/Fake/8.wav,1,MEN,MEN-S11M03,TG:4f86653bb20c8a4c,8.78125,1,0.5608333333333333,0.99984646
mendeley/extracted/Bangla Audio Dataset Original and DeepFake Voices for AI-Based Voice Analysis and Detection/Dataset/S11M03/Fake/9.wav,1,MEN,MEN-S11M03,TG:e90d11ccf74f6fd3,12.5234375,1,0.4075,0.9999963
mendeley/extracted/Bangla Audio Dataset Original and DeepFake Voices for AI-Based Voice Analysis and Detection/Dataset/S11M03/Real/1.wav,0,MEN,MEN-S11M03,TG:2cc4f4d2a83c1413,3.390625,1,0.4341666666666667,0.96741027
mendeley/extracted/Bangla Audio Dataset Original and DeepFake Voices for AI-Based Voice Analysis and Detection/Dataset/S11M03/Real/10.wav,0,MEN,MEN-S11M03,TG:a274fcdc210bc630,-13.4609375,1,0.3341666666666666,1.4255697e-06
mendeley/extracted/Bangla Audio Dataset Original and DeepFake Voices for AI-Based Voice Analysis and Detection/Dataset/S11M03/Real/11.wav,0,MEN,MEN-S11M03,TG:3ff090a90db76715,-6.1835938,1,0.4508333333333333,0.0020587535
mendeley/extracted/Bangla Audio Dataset Original and DeepFake Voices for AI-Based Voice Analysis and Detection/Dataset/S11M03/Real/12.wav,0,MEN,MEN-S11M03,TG:71382ca3963bf670,2.4960938,1,0.3841666666666666,0.9238675
mendeley/extracted/Bangla Audio Dataset Original and DeepFake Voices for AI-Based Voice Analysis and Detection/Dataset/S11M03/Real/13.wav,0,MEN,MEN-S11M03,TG:452ffb045be62656,-18.40625,1,0.4024999999999999,1.0145355e-08
mendeley/extracted/Bangla Audio Dataset Original and DeepFake Voices for AI-Based Voice Analysis and Detection/Dataset/S11M03/Real/14.wav,0,MEN,MEN-S11M03,TG:7eedeccecbd89970,1.5566406,1,0.4841666666666666,0.82587075
mendeley/extracted/Bangla Audio Dataset Original and DeepFake Voices for AI-Based Voice Analysis and Detection/Dataset/S11M03/Real/15.wav,0,MEN,MEN-S11M03,TG:d87b618675761d08,-23.125,1,0.3841666666666666,9.056077e-11
mendeley/extracted/Bangla Audio Dataset Original and DeepFake Voices for AI-Based Voice Analysis and Detection/Dataset/S11M03/Real/16.wav,0,MEN,MEN-S11M03,TG:bb75654add7236ae,-16.3125,1,0.3525,8.2332484e-08
mendeley/extracted/Bangla Audio Dataset Original and DeepFake Voices for AI-Based Voice Analysis and Detection/Dataset/S11M03/Real/17.wav,0,MEN,MEN-S11M03,TG:89ee3dc6d83890bd,-5.3359375,1,0.4525,0.004792317
mendeley/extracted/Bangla Audio Dataset Original and DeepFake Voices for AI-Based Voice Analysis and Detection/Dataset/S11M03/Real/18.wav,0,MEN,MEN-S11M03,TG:818304947fb7a25a,-22.328125,1,0.4508333333333333,2.0091785e-10
mendeley/extracted/Bangla Audio Dataset Original and DeepFake Voices for AI-Based Voice Analysis and Detection/Dataset/S11M03/Real/19.wav,0,MEN,MEN-S11M03,TG:bc0f2c6a0e07b2a6,-0.5957031,1,0.4675,0.35532737
mendeley/extracted/Bangla Audio Dataset Original and DeepFake Voices for AI-Based Voice Analysis and Detection/Dataset/S11M03/Real/2.wav,0,MEN,MEN-S11M03,TG:ea8971d60c8a3d84,3.5898438,1,0.5191666666666667,0.97313875
mendeley/extracted/Bangla Audio Dataset Original and DeepFake Voices for AI-Based Voice Analysis and Detection/Dataset/S11M03/Real/20.wav,0,MEN,MEN-S11M03,TG:39cfe8a6d823ad48,-3.0917969,1,0.4341666666666667,0.0434469
mendeley/extracted/Bangla Audio Dataset Original and DeepFake Voices for AI-Based Voice Analysis and Detection/Dataset/S11M03/Real/21.wav,0,MEN,MEN-S11M03,TG:d51ff1fb9a1168b3,-11.5625,1,0.4008333333333334,9.516251e-06
mendeley/extracted/Bangla Audio Dataset Original and DeepFake Voices for AI-Based Voice Analysis and Detection/Dataset/S11M03/Real/22.wav,0,MEN,MEN-S11M03,TG:6b10fe5360d0e7f0,-19.296875,1,0.3691666666666666,4.163645e-09
mendeley/extracted/Bangla Audio Dataset Original and DeepFake Voices for AI-Based Voice Analysis and Detection/Dataset/S11M03/Real/23.wav,0,MEN,MEN-S11M03,TG:e157bbeeb235cb6a,5.8554688,1,0.5258333333333334,0.9971439
mendeley/extracted/Bangla Audio Dataset Original and DeepFake Voices for AI-Based Voice Analysis and Detection/Dataset/S11M03/Real/24.wav,0,MEN,MEN-S11M03,TG:2a9e487decd776c5,-3.3671875,1,0.3691666666666666,0.033336826
mendeley/extracted/Bangla Audio Dataset Original and DeepFake Voices for AI-Based Voice Analysis and Detection/Dataset/S11M03/Real/25.wav,0,MEN,MEN-S11M03,TG:4d4c34eabaac8b21,1.0654297,1,0.3841666666666666,0.7437268
mendeley/extracted/Bangla Audio Dataset Original and DeepFake Voices for AI-Based Voice Analysis and Detection/Dataset/S11M03/Real/26.wav,0,MEN,MEN-S11M03,TG:dbdf0c4b52c43061,-17.890625,1,0.3575,1.699027e-08
mendeley/extracted/Bangla Audio Dataset Original and DeepFake Voices for AI-Based Voice Analysis and Detection/Dataset/S11M03/Real/27.wav,0,MEN,MEN-S11M03,TG:329dcc685ab1bc7b,-15.859375,1,0.4024999999999999,1.2952718e-07
mendeley/extracted/Bangla Audio Dataset Original and DeepFake Voices for AI-Based Voice Analysis and Detection/Dataset/S11M03/Real/28.wav,0,MEN,MEN-S11M03,TG:449f908bd492908d,9.8125,1,0.4008333333333334,0.9999453
mendeley/extracted/Bangla Audio Dataset Original and DeepFake Voices for AI-Based Voice Analysis and Detection/Dataset/S11M03/Real/29.wav,0,MEN,MEN-S11M03,TG:181c8cafbfc40722,-15.0,1,0.3675,3.0590226e-07
mendeley/extracted/Bangla Audio Dataset Original and DeepFake Voices for AI-Based Voice Analysis and Detection/Dataset/S11M03/Real/3.wav,0,MEN,MEN-S11M03,TG:017a83ba301f0b69,-13.390625,1,0.3691666666666666,1.529413e-06
mendeley/extracted/Bangla Audio Dataset Original and DeepFake Voices for AI-Based Voice Analysis and Detection/Dataset/S11M03/Real/30.wav,0,MEN,MEN-S11M03,TG:6a64af8cbace37e4,-4.4257812,1,0.4791666666666666,0.011823394
mendeley/extracted/Bangla Audio Dataset Original and DeepFake Voices for AI-Based Voice Analysis and Detection/Dataset/S11M03/Real/4.wav,0,MEN,MEN-S11M03,TG:eebedcc2c0031aad,-10.1015625,1,0.5025,4.1013736e-05
mendeley/extracted/Bangla Audio Dataset Original and DeepFake Voices for AI-Based Voice Analysis and Detection/Dataset/S11M03/Real/5.wav,0,MEN,MEN-S11M03,TG:d6de9b7770d9f7f2,-11.8125,1,0.4008333333333334,7.4112795e-06
mendeley/extracted/Bangla Audio Dataset Original and DeepFake Voices for AI-Based Voice Analysis and Detection/Dataset/S11M03/Real/6.wav,0,MEN,MEN-S11M03,TG:31de86c32ec8fe13,-7.7382812,1,0.5391666666666667,0.00043563018
mendeley/extracted/Bangla Audio Dataset Original and DeepFake Voices for AI-Based Voice Analysis and Detection/Dataset/S11M03/Real/7.wav,0,MEN,MEN-S11M03,TG:5b3673d2432ab3fb,-3.484375,1,0.5775,0.029760092
mendeley/extracted/Bangla Audio Dataset Original and DeepFake Voices for AI-Based Voice Analysis and Detection/Dataset/S11M03/Real/8.wav,0,MEN,MEN-S11M03,TG:4f86653bb20c8a4c,-13.109375,1,0.3841666666666666,2.026142e-06
mendeley/extracted/Bangla Audio Dataset Original and DeepFake Voices for AI-Based Voice Analysis and Detection/Dataset/S11M03/Real/9.wav,0,MEN,MEN-S11M03,TG:e90d11ccf74f6fd3,-16.21875,1,0.3375,9.042455e-08
mendeley/extracted/Bangla Audio Dataset Original and DeepFake Voices for AI-Based Voice Analysis and Detection/Dataset/S11M05/Fake/1.wav,1,MEN,MEN-S11M05,TG:2cc4f4d2a83c1413,-10.3828125,1,0.2741666666666666,3.0959105e-05
mendeley/extracted/Bangla Audio Dataset Original and DeepFake Voices for AI-Based Voice Analysis and Detection/Dataset/S11M05/Fake/10.wav,1,MEN,MEN-S11M05,TG:a274fcdc210bc630,15.1328125,1,0.5475,0.99999976
mendeley/extracted/Bangla Audio Dataset Original and DeepFake Voices for AI-Based Voice Analysis and Detection/Dataset/S11M05/Fake/11.wav,1,MEN,MEN-S11M05,TG:3ff090a90db76715,1.6640625,1,0.4308333333333333,0.8407826
mendeley/extracted/Bangla Audio Dataset Original and DeepFake Voices for AI-Based Voice Analysis and Detection/Dataset/S11M05/Fake/12.wav,1,MEN,MEN-S11M05,TG:71382ca3963bf670,5.2460938,1,0.4175,0.9947595
mendeley/extracted/Bangla Audio Dataset Original and DeepFake Voices for AI-Based Voice Analysis and Detection/Dataset/S11M05/Fake/13.wav,1,MEN,MEN-S11M05,TG:452ffb045be62656,1.1621094,1,0.5241666666666667,0.76171577
mendeley/extracted/Bangla Audio Dataset Original and DeepFake Voices for AI-Based Voice Analysis and Detection/Dataset/S11M05/Fake/14.wav,1,MEN,MEN-S11M05,TG:7eedeccecbd89970,5.0859375,1,0.5425,0.9938548
mendeley/extracted/Bangla Audio Dataset Original and DeepFake Voices for AI-Based Voice Analysis and Detection/Dataset/S11M05/Fake/15.wav,1,MEN,MEN-S11M05,TG:d87b618675761d08,-7.3632812,1,0.2908333333333334,0.0006337125
mendeley/extracted/Bangla Audio Dataset Original and DeepFake Voices for AI-Based Voice Analysis and Detection/Dataset/S11M05/Fake/16.wav,1,MEN,MEN-S11M05,TG:bb75654add7236ae,-4.75,1,0.5241666666666667,0.008577486
mendeley/extracted/Bangla Audio Dataset Original and DeepFake Voices for AI-Based Voice Analysis and Detection/Dataset/S11M05/Fake/17.wav,1,MEN,MEN-S11M05,TG:89ee3dc6d83890bd,-3.9609375,1,0.4241666666666667,0.01868931
mendeley/extracted/Bangla Audio Dataset Original and DeepFake Voices for AI-Based Voice Analysis and Detection/Dataset/S11M05/Fake/18.wav,1,MEN,MEN-S11M05,TG:818304947fb7a25a,6.3007812,1,0.5541666666666667,0.99816847
mendeley/extracted/Bangla Audio Dataset Original and DeepFake Voices for AI-Based Voice Analysis and Detection/Dataset/S11M05/Fake/19.wav,1,MEN,MEN-S11M05,TG:bc0f2c6a0e07b2a6,-16.671875,1,0.3625,5.7477344e-08
mendeley/extracted/Bangla Audio Dataset Original and DeepFake Voices for AI-Based Voice Analysis and Detection/Dataset/S11M05/Fake/2.wav,1,MEN,MEN-S11M05,TG:ea8971d60c8a3d84,-0.8779297,1,0.4591666666666666,0.29360697
mendeley/extracted/Bangla Audio Dataset Original and DeepFake Voices for AI-Based Voice Analysis and Detection/Dataset/S11M05/Fake/20.wav,1,MEN,MEN-S11M05,TG:39cfe8a6d823ad48,6.8164062,1,0.5208333333333333,0.99890554
mendeley/extracted/Bangla Audio Dataset Original and DeepFake Voices for AI-Based Voice Analysis and Detection/Dataset/S11M05/Fake/21.wav,1,MEN,MEN-S11M05,TG:d51ff1fb9a1168b3,10.4140625,1,0.5525,0.99996996
mendeley/extracted/Bangla Audio Dataset Original and DeepFake Voices for AI-Based Voice Analysis and Detection/Dataset/S11M05/Fake/22.wav,1,MEN,MEN-S11M05,TG:6b10fe5360d0e7f0,-19.015625,1,0.3175,5.515933e-09
mendeley/extracted/Bangla Audio Dataset Original and DeepFake Voices for AI-Based Voice Analysis and Detection/Dataset/S11M05/Fake/23.wav,1,MEN,MEN-S11M05,TG:e157bbeeb235cb6a,-11.953125,1,0.4341666666666667,6.439038e-06
mendeley/extracted/Bangla Audio Dataset Original and DeepFake Voices for AI-Based Voice Analysis and Detection/Dataset/S11M05/Fake/24.wav,1,MEN,MEN-S11M05,TG:2a9e487decd776c5,11.4296875,1,0.3425,0.99998915
mendeley/extracted/Bangla Audio Dataset Original and DeepFake Voices for AI-Based Voice Analysis and Detection/Dataset/S11M05/Fake/25.wav,1,MEN,MEN-S11M05,TG:4d4c34eabaac8b21,8.8671875,1,0.4741666666666666,0.9998591
mendeley/extracted/Bangla Audio Dataset Original and DeepFake Voices for AI-Based Voice Analysis and Detection/Dataset/S11M05/Fake/26.wav,1,MEN,MEN-S11M05,TG:dbdf0c4b52c43061,8.984375,1,0.4708333333333333,0.9998746
mendeley/extracted/Bangla Audio Dataset Original and DeepFake Voices for AI-Based Voice Analysis and Detection/Dataset/S11M05/Fake/27.wav,1,MEN,MEN-S11M05,TG:329dcc685ab1bc7b,8.6484375,1,0.5808333333333333,0.9998247
mendeley/extracted/Bangla Audio Dataset Original and DeepFake Voices for AI-Based Voice Analysis and Detection/Dataset/S11M05/Fake/28.wav,1,MEN,MEN-S11M05,TG:449f908bd492908d,-4.6796875,1,0.4575,0.009196552
mendeley/extracted/Bangla Audio Dataset Original and DeepFake Voices for AI-Based Voice Analysis and Detection/Dataset/S11M05/Fake/29.wav,1,MEN,MEN-S11M05,TG:181c8cafbfc40722,-17.078125,1,0.4091666666666667,3.8288164e-08
mendeley/extracted/Bangla Audio Dataset Original and DeepFake Voices for AI-Based Voice Analysis and Detection/Dataset/S11M05/Fake/3.wav,1,MEN,MEN-S11M05,TG:017a83ba301f0b69,0.013824463,1,0.3824999999999999,0.50345606
mendeley/extracted/Bangla Audio Dataset Original and DeepFake Voices for AI-Based Voice Analysis and Detection/Dataset/S11M05/Fake/30.wav,1,MEN,MEN-S11M05,TG:6a64af8cbace37e4,-6.9296875,1,0.4008333333333334,0.0009773503
mendeley/extracted/Bangla Audio Dataset Original and DeepFake Voices for AI-Based Voice Analysis and Detection/Dataset/S11M05/Fake/4.wav,1,MEN,MEN-S11M05,TG:eebedcc2c0031aad,0.36376953,1,0.5141666666666667,0.58995265
mendeley/extracted/Bangla Audio Dataset Original and DeepFake Voices for AI-Based Voice Analysis and Detection/Dataset/S11M05/Fake/5.wav,1,MEN,MEN-S11M05,TG:d6de9b7770d9f7f2,-6.4921875,1,0.4775,0.0015129384
mendeley/extracted/Bangla Audio Dataset Original and DeepFake Voices for AI-Based Voice Analysis and Detection/Dataset/S11M05/Fake/6.wav,1,MEN,MEN-S11M05,TG:31de86c32ec8fe13,13.3671875,1,0.5208333333333333,0.99999845
mendeley/extracted/Bangla Audio Dataset Original and DeepFake Voices for AI-Based Voice Analysis and Detection/Dataset/S11M05/Fake/7.wav,1,MEN,MEN-S11M05,TG:5b3673d2432ab3fb,-16.546875,1,0.4641666666666666,6.5130365e-08
mendeley/extracted/Bangla Audio Dataset Original and DeepFake Voices for AI-Based Voice Analysis and Detection/Dataset/S11M05/Fake/8.wav,1,MEN,MEN-S11M05,TG:4f86653bb20c8a4c,0.16918945,1,0.5341666666666667,0.54219675
mendeley/extracted/Bangla Audio Dataset Original and DeepFake Voices for AI-Based Voice Analysis and Detection/Dataset/S11M05/Fake/9.wav,1,MEN,MEN-S11M05,TG:e90d11ccf74f6fd3,-12.484375,1,0.4741666666666666,3.7853247e-06
mendeley/extracted/Bangla Audio Dataset Original and DeepFake Voices for AI-Based Voice Analysis and Detection/Dataset/S11M05/Real/1.wav,0,MEN,MEN-S11M05,TG:2cc4f4d2a83c1413,0.4243164,1,0.4175,0.6045157
mendeley/extracted/Bangla Audio Dataset Original and DeepFake Voices for AI-Based Voice Analysis and Detection/Dataset/S11M05/Real/10.wav,0,MEN,MEN-S11M05,TG:a274fcdc210bc630,-3.0585938,1,0.5008333333333334,0.044847906
mendeley/extracted/Bangla Audio Dataset Original and DeepFake Voices for AI-Based Voice Analysis and Detection/Dataset/S11M05/Real/11.wav,0,MEN,MEN-S11M05,TG:3ff090a90db76715,-10.8515625,1,0.4508333333333333,1.9373938e-05
mendeley/extracted/Bangla Audio Dataset Original and DeepFake Voices for AI-Based Voice Analysis and Detection/Dataset/S11M05/Real/12.wav,0,MEN,MEN-S11M05,TG:71382ca3963bf670,11.453125,1,0.5508333333333333,0.9999894
mendeley/extracted/Bangla Audio Dataset Original and DeepFake Voices for AI-Based Voice Analysis and Detection/Dataset/S11M05/Real/13.wav,0,MEN,MEN-S11M05,TG:452ffb045be62656,-14.828125,1,0.5341666666666667,3.6326787e-07
mendeley/extracted/Bangla Audio Dataset Original and DeepFake Voices for AI-Based Voice Analysis and Detection/Dataset/S11M05/Real/14.wav,0,MEN,MEN-S11M05,TG:7eedeccecbd89970,0.30566406,1,0.5841666666666667,0.5758266
mendeley/extracted/Bangla Audio Dataset Original and DeepFake Voices for AI-Based Voice Analysis and Detection/Dataset/S11M05/Real/15.wav,0,MEN,MEN-S11M05,TG:d87b618675761d08,-17.0,1,0.4508333333333333,4.1399378e-08
mendeley/extracted/Bangla Audio Dataset Original and DeepFake Voices for AI-Based Voice Analysis and Detection/Dataset/S11M05/Real/16.wav,0,MEN,MEN-S11M05,TG:bb75654add7236ae,6.5390625,1,0.5508333333333333,0.9985562
mendeley/extracted/Bangla Audio Dataset Original and DeepFake Voices for AI-Based Voice Analysis and Detection/Dataset/S11M05/Real/17.wav,0,MEN,MEN-S11M05,TG:89ee3dc6d83890bd,-9.25,1,0.4675,9.610241e-05
mendeley/extracted/Bangla Audio Dataset Original and DeepFake Voices for AI-Based Voice Analysis and Detection/Dataset/S11M05/Real/18.wav,0,MEN,MEN-S11M05,TG:818304947fb7a25a,-16.1875,1,0.4841666666666666,9.329492e-08
mendeley/extracted/Bangla Audio Dataset Original and DeepFake Voices for AI-Based Voice Analysis and Detection/Dataset/S11M05/Real/19.wav,0,MEN,MEN-S11M05,TG:bc0f2c6a0e07b2a6,-5.8320312,1,0.4841666666666666,0.002923543
mendeley/extracted/Bangla Audio Dataset Original and DeepFake Voices for AI-Based Voice Analysis and Detection/Dataset/S11M05/Real/2.wav,0,MEN,MEN-S11M05,TG:ea8971d60c8a3d84,-5.71875,1,0.5008333333333334,0.0032730652
mendeley/extracted/Bangla Audio Dataset Original and DeepFake Voices for AI-Based Voice Analysis and Detection/Dataset/S11M05/Real/20.wav,0,MEN,MEN-S11M05,TG:39cfe8a6d823ad48,-24.921875,1,0.5508333333333333,1.5016448e-11
mendeley/extracted/Bangla Audio Dataset Original and DeepFake Voices for AI-Based Voice Analysis and Detection/Dataset/S11M05/Real/21.wav,0,MEN,MEN-S11M05,TG:d51ff1fb9a1168b3,8.8203125,1,0.5508333333333333,0.9998523
mendeley/extracted/Bangla Audio Dataset Original and DeepFake Voices for AI-Based Voice Analysis and Detection/Dataset/S11M05/Real/22.wav,0,MEN,MEN-S11M05,TG:6b10fe5360d0e7f0,4.2851562,1,0.4341666666666667,0.9864157
mendeley/extracted/Bangla Audio Dataset Original and DeepFake Voices for AI-Based Voice Analysis and Detection/Dataset/S11M05/Real/23.wav,0,MEN,MEN-S11M05,TG:e157bbeeb235cb6a,2.7519531,1,0.5508333333333333,0.9400236
mendeley/extracted/Bangla Audio Dataset Original and DeepFake Voices for AI-Based Voice Analysis and Detection/Dataset/S11M05/Real/24.wav,0,MEN,MEN-S11M05,TG:2a9e487decd776c5,5.6367188,1,0.3841666666666666,0.99644804
mendeley/extracted/Bangla Audio Dataset Original and DeepFake Voices for AI-Based Voice Analysis and Detection/Dataset/S11M05/Real/25.wav,0,MEN,MEN-S11M05,TG:4d4c34eabaac8b21,8.7265625,1,0.5175000000000001,0.99983776
mendeley/extracted/Bangla Audio Dataset Original and DeepFake Voices for AI-Based Voice Analysis and Detection/Dataset/S11M05/Real/26.wav,0,MEN,MEN-S11M05,TG:dbdf0c4b52c43061,4.3398438,1,0.4508333333333333,0.9871293
mendeley/extracted/Bangla Audio Dataset Original and DeepFake Voices for AI-Based Voice Analysis and Detection/Dataset/S11M05/Real/27.wav,0,MEN,MEN-S11M05,TG:329dcc685ab1bc7b,-8.71875,1,0.5508333333333333,0.0001634647
mendeley/extracted/Bangla Audio Dataset Original and DeepFake Voices for AI-Based Voice Analysis and Detection/Dataset/S11M05/Real/28.wav,0,MEN,MEN-S11M05,TG:449f908bd492908d,-8.640625,1,0.5175000000000001,0.00017674513
mendeley/extracted/Bangla Audio Dataset Original and DeepFake Voices for AI-Based Voice Analysis and Detection/Dataset/S11M05/Real/29.wav,0,MEN,MEN-S11M05,TG:181c8cafbfc40722,-1.7832031,1,0.3841666666666666,0.14390808
mendeley/extracted/Bangla Audio Dataset Original and DeepFake Voices for AI-Based Voice Analysis and Detection/Dataset/S11M05/Real/3.wav,0,MEN,MEN-S11M05,TG:017a83ba301f0b69,3.5507812,1,0.4175,0.9720986
mendeley/extracted/Bangla Audio Dataset Original and DeepFake Voices for AI-Based Voice Analysis and Detection/Dataset/S11M05/Real/30.wav,0,MEN,MEN-S11M05,TG:6a64af8cbace37e4,6.34375,1,0.4508333333333333,0.99824536
mendeley/extracted/Bangla Audio Dataset Original and DeepFake Voices for AI-Based Voice Analysis and Detection/Dataset/S11M05/Real/4.wav,0,MEN,MEN-S11M05,TG:eebedcc2c0031aad,-13.2890625,1,0.5341666666666667,1.6929057e-06
mendeley/extracted/Bangla Audio Dataset Original and DeepFake Voices for AI-Based Voice Analysis and Detection/Dataset/S11M05/Real/5.wav,0,MEN,MEN-S11M05,TG:d6de9b7770d9f7f2,-18.40625,1,0.4341666666666667,1.0145355e-08
mendeley/extracted/Bangla Audio Dataset Original and DeepFake Voices for AI-Based Voice Analysis and Detection/Dataset/S11M05/Real/6.wav,0,MEN,MEN-S11M05,TG:31de86c32ec8fe13,6.9179688,1,0.5841666666666667,0.99901116
mendeley/extracted/Bangla Audio Dataset Original and DeepFake Voices for AI-Based Voice Analysis and Detection/Dataset/S11M05/Real/7.wav,0,MEN,MEN-S11M05,TG:5b3673d2432ab3fb,7.2851562,1,0.5175000000000001,0.9993148
mendeley/extracted/Bangla Audio Dataset Original and DeepFake Voices for AI-Based Voice Analysis and Detection/Dataset/S11M05/Real/8.wav,0,MEN,MEN-S11M05,TG:4f86653bb20c8a4c,-15.125,1,0.5508333333333333,2.6995778e-07
mendeley/extracted/Bangla Audio Dataset Original and DeepFake Voices for AI-Based Voice Analysis and Detection/Dataset/S11M05/Real/9.wav,0,MEN,MEN-S11M05,TG:e90d11ccf74f6fd3,-14.3984375,1,0.5675,5.5826166e-07
mendeley/extracted/Bangla Audio Dataset Original and DeepFake Voices for AI-Based Voice Analysis and Detection/Dataset/S12F01/Fake/1.wav,1,MEN,MEN-S12F01,TG:781f1e8a983ae061,-1.4208984,1,0.4675,0.19452077
mendeley/extracted/Bangla Audio Dataset Original and DeepFake Voices for AI-Based Voice Analysis and Detection/Dataset/S12F01/Fake/10.wav,1,MEN,MEN-S12F01,TG:81189a7902f36c5d,-1.1982422,1,0.5141666666666667,0.2317881
mendeley/extracted/Bangla Audio Dataset Original and DeepFake Voices for AI-Based Voice Analysis and Detection/Dataset/S12F01/Fake/11.wav,1,MEN,MEN-S12F01,TG:dfc527c4d05b0227,-1.7265625,1,0.2441666666666666,0.1510278
mendeley/extracted/Bangla Audio Dataset Original and DeepFake Voices for AI-Based Voice Analysis and Detection/Dataset/S12F01/Fake/12.wav,1,MEN,MEN-S12F01,TG:04a2b30e0f9c53b1,-15.5546875,1,0.4991666666666666,1.756649e-07
mendeley/extracted/Bangla Audio Dataset Original and DeepFake Voices for AI-Based Voice Analysis and Detection/Dataset/S12F01/Fake/13.wav,1,MEN,MEN-S12F01,TG:f665857f8f5852c9,7.7539062,1,0.3858333333333333,0.99957114
mendeley/extracted/Bangla Audio Dataset Original and DeepFake Voices for AI-Based Voice Analysis and Detection/Dataset/S12F01/Fake/14.wav,1,MEN,MEN-S12F01,TG:aa1dc341d60bbafe,-9.921875,1,0.4058333333333334,4.908662e-05
mendeley/extracted/Bangla Audio Dataset Original and DeepFake Voices for AI-Based Voice Analysis and Detection/Dataset/S12F01/Fake/15.wav,1,MEN,MEN-S12F01,TG:4d9f637d09e3ead5,-0.30419922,1,0.4241666666666667,0.42453128
mendeley/extracted/Bangla Audio Dataset Original and DeepFake Voices for AI-Based Voice Analysis and Detection/Dataset/S12F01/Fake/16.wav,1,MEN,MEN-S12F01,TG:8ba166c395040864,-2.1464844,1,0.4508333333333333,0.10466021
mendeley/extracted/Bangla Audio Dataset Original and DeepFake Voices for AI-Based Voice Analysis and Detection/Dataset/S12F01/Fake/17.wav,1,MEN,MEN-S12F01,TG:25903432a5ed835d,-8.3515625,1,0.4675,0.00023597172
mendeley/extracted/Bangla Audio Dataset Original and DeepFake Voices for AI-Based Voice Analysis and Detection/Dataset/S12F01/Fake/18.wav,1,MEN,MEN-S12F01,TG:5e9246a5aa906c2c,6.2226562,1,0.5225,0.99801993
mendeley/extracted/Bangla Audio Dataset Original and DeepFake Voices for AI-Based Voice Analysis and Detection/Dataset/S12F01/Fake/19.wav,1,MEN,MEN-S12F01,TG:9935a7fc35fba276,-22.25,1,0.4608333333333333,2.17244e-10
mendeley/extracted/Bangla Audio Dataset Original and DeepFake Voices for AI-Based Voice Analysis and Detection/Dataset/S12F01/Fake/2.wav,1,MEN,MEN-S12F01,TG:2e1a8037a5c7446d,-10.4453125,1,0.4041666666666667,2.908344e-05
mendeley/extracted/Bangla Audio Dataset Original and DeepFake Voices for AI-Based Voice Analysis and Detection/Dataset/S12F01/Fake/20.wav,1,MEN,MEN-S12F01,TG:d9a78a9fb8598e30,-10.234375,1,0.5908333333333333,3.5913014e-05
mendeley/extracted/Bangla Audio Dataset Original and DeepFake Voices for AI-Based Voice Analysis and Detection/Dataset/S12F01/Fake/21.wav,1,MEN,MEN-S12F01,TG:f2bac89ac84087eb,5.5664062,1,0.4991666666666666,0.9961903
mendeley/extracted/Bangla Audio Dataset Original and DeepFake Voices for AI-Based Voice Analysis and Detection/Dataset/S12F01/Fake/22.wav,1,MEN,MEN-S12F01,TG:6fc67c2677ba9080,7.84375,1,0.4541666666666667,0.999608
mendeley/extracted/Bangla Audio Dataset Original and DeepFake Voices for AI-Based Voice Analysis and Detection/Dataset/S12F01/Fake/23.wav,1,MEN,MEN-S12F01,TG:ea4c21803da05315,-9.3125,1,0.4675,9.028039e-05
mendeley/extracted/Bangla Audio Dataset Original and DeepFake Voices for AI-Based Voice Analysis and Detection/Dataset/S12F01/Fake/24.wav,1,MEN,MEN-S12F01,TG:3a260c6e53c12883,-14.1796875,1,0.5725,6.947678e-07
mendeley/extracted/Bangla Audio Dataset Original and DeepFake Voices for AI-Based Voice Analysis and Detection/Dataset/S12F01/Fake/25.wav,1,MEN,MEN-S12F01,TG:30420959ee16d7c0,-11.3125,1,0.3958333333333333,1.2219076e-05
mendeley/extracted/Bangla Audio Dataset Original and DeepFake Voices for AI-Based Voice Analysis and Detection/Dataset/S12F01/Fake/26.wav,1,MEN,MEN-S12F01,TG:66dffd8647175de0,-0.6123047,1,0.4958333333333333,0.35153365
mendeley/extracted/Bangla Audio Dataset Original and DeepFake Voices for AI-Based Voice Analysis and Detection/Dataset/S12F01/Fake/27.wav,1,MEN,MEN-S12F01,TG:aa8a2f8197d47eac,12.203125,1,0.5808333333333333,0.999995
mendeley/extracted/Bangla Audio Dataset Original and DeepFake Voices for AI-Based Voice Analysis and Detection/Dataset/S12F01/Fake/28.wav,1,MEN,MEN-S12F01,TG:4085c5d5ac867da6,-1.8056641,1,0.4391666666666667,0.14116298
mendeley/extracted/Bangla Audio Dataset Original and DeepFake Voices for AI-Based Voice Analysis and Detection/Dataset/S12F01/Fake/29.wav,1,MEN,MEN-S12F01,TG:ee81e3d281fac89c,-6.84375,1,0.3708333333333333,0.0010649627
mendeley/extracted/Bangla Audio Dataset Original and DeepFake Voices for AI-Based Voice Analysis and Detection/Dataset/S12F01/Fake/3.wav,1,MEN,MEN-S12F01,TG:098f61fd8fd691da,-9.203125,1,0.3991666666666666,0.000100713994
mendeley/extracted/Bangla Audio Dataset Original and DeepFake Voices for AI-Based Voice Analysis and Detection/Dataset/S12F01/Fake/30.wav,1,MEN,MEN-S12F01,TG:51ee2c8cc64ff845,1.3505859,1,0.4941666666666666,0.7942254
mendeley/extracted/Bangla Audio Dataset Original and DeepFake Voices for AI-Based Voice Analysis and Detection/Dataset/S12F01/Fake/4.wav,1,MEN,MEN-S12F01,TG:6da3c24672ce555f,6.9648438,1,0.5258333333333334,0.9990564
mendeley/extracted/Bangla Audio Dataset Original and DeepFake Voices for AI-Based Voice Analysis and Detection/Dataset/S12F01/Fake/5.wav,1,MEN,MEN-S12F01,TG:6a89c260f0594f99,-11.3671875,1,0.4108333333333334,1.1568795e-05
mendeley/extracted/Bangla Audio Dataset Original and DeepFake Voices for AI-Based Voice Analysis and Detection/Dataset/S12F01/Fake/6.wav,1,MEN,MEN-S12F01,TG:702bdb4b4754428b,-17.078125,1,0.4691666666666666,3.8288164e-08
mendeley/extracted/Bangla Audio Dataset Original and DeepFake Voices for AI-Based Voice Analysis and Detection/Dataset/S12F01/Fake/7.wav,1,MEN,MEN-S12F01,TG:eb1075bf1ced697e,7.1289062,1,0.4591666666666666,0.9991991
mendeley/extracted/Bangla Audio Dataset Original and DeepFake Voices for AI-Based Voice Analysis and Detection/Dataset/S12F01/Fake/8.wav,1,MEN,MEN-S12F01,TG:3bb8d4c65ccd17ea,-3.8574219,1,0.4275,0.020685462
mendeley/extracted/Bangla Audio Dataset Original and DeepFake Voices for AI-Based Voice Analysis and Detection/Dataset/S12F01/Fake/9.wav,1,MEN,MEN-S12F01,TG:313ef8a63b157972,-19.46875,1,0.3575,3.5061407e-09
mendeley/extracted/Bangla Audio Dataset Original and DeepFake Voices for AI-Based Voice Analysis and Detection/Dataset/S12F01/Real/1.wav,0,MEN,MEN-S12F01,TG:781f1e8a983ae061,-40.8125,1,0.4008333333333334,1.8851957e-18
mendeley/extracted/Bangla Audio Dataset Original and DeepFake Voices for AI-Based Voice Analysis and Detection/Dataset/S12F01/Real/10.wav,0,MEN,MEN-S12F01,TG:81189a7902f36c5d,-30.28125,1,0.3525,7.0635046e-14
mendeley/extracted/Bangla Audio Dataset Original and DeepFake Voices for AI-Based Voice Analysis and Detection/Dataset/S12F01/Real/11.wav,0,MEN,MEN-S12F01,TG:dfc527c4d05b0227,-28.90625,1,0.4108333333333334,2.7936702e-13
mendeley/extracted/Bangla Audio Dataset Original and DeepFake Voices for AI-Based Voice Analysis and Detection/Dataset/S12F01/Real/12.wav,0,MEN,MEN-S12F01,TG:04a2b30e0f9c53b1,-62.78125,1,0.4325,5.425622e-28
mendeley/extracted/Bangla Audio Dataset Original and DeepFake Voices for AI-Based Voice Analysis and Detection/Dataset/S12F01/Real/13.wav,0,MEN,MEN-S12F01,TG:f665857f8f5852c9,-49.90625,1,0.4024999999999999,2.1183172e-22
mendeley/extracted/Bangla Audio Dataset Original and DeepFake Voices for AI-Based Voice Analysis and Detection/Dataset/S12F01/Real/14.wav,0,MEN,MEN-S12F01,TG:aa1dc341d60bbafe,-44.21875,1,0.4108333333333334,6.252316e-20
mendeley/extracted/Bangla Audio Dataset Original and DeepFake Voices for AI-Based Voice Analysis and Detection/Dataset/S12F01/Real/15.wav,0,MEN,MEN-S12F01,TG:4d9f637d09e3ead5,-60.71875,1,0.5208333333333333,4.2675827e-27
mendeley/extracted/Bangla Audio Dataset Original and DeepFake Voices for AI-Based Voice Analysis and Detection/Dataset/S12F01/Real/16.wav,0,MEN,MEN-S12F01,TG:8ba166c395040864,-46.3125,1,0.4008333333333334,7.7043635e-21
mendeley/extracted/Bangla Audio Dataset Original and DeepFake Voices for AI-Based Voice Analysis and Detection/Dataset/S12F01/Real/17.wav,0,MEN,MEN-S12F01,TG:25903432a5ed835d,-39.78125,1,0.4725,5.287162e-18
mendeley/extracted/Bangla Audio Dataset Original and DeepFake Voices for AI-Based Voice Analysis and Detection/Dataset/S12F01/Real/18.wav,0,MEN,MEN-S12F01,TG:5e9246a5aa906c2c,-40.1875,1,0.3558333333333333,3.5220093e-18
mendeley/extracted/Bangla Audio Dataset Original and DeepFake Voices for AI-Based Voice Analysis and Detection/Dataset/S12F01/Real/19.wav,0,MEN,MEN-S12F01,TG:9935a7fc35fba276,-56.75,1,0.4908333333333333,2.258334e-25
mendeley/extracted/Bangla Audio Dataset Original and DeepFake Voices for AI-Based Voice Analysis and Detection/Dataset/S12F01/Real/2.wav,0,MEN,MEN-S12F01,TG:2e1a8037a5c7446d,-40.46875,1,0.3741666666666666,2.6585523e-18
mendeley/extracted/Bangla Audio Dataset Original and DeepFake Voices for AI-Based Voice Analysis and Detection/Dataset/S12F01/Real/20.wav,0,MEN,MEN-S12F01,TG:d9a78a9fb8598e30,-50.6875,1,0.4958333333333333,9.698363e-23
mendeley/extracted/Bangla Audio Dataset Original and DeepFake Voices for AI-Based Voice Analysis and Detection/Dataset/S12F01/Real/21.wav,0,MEN,MEN-S12F01,TG:f2bac89ac84087eb,-46.3125,1,0.5208333333333333,7.7043635e-21
mendeley/extracted/Bangla Audio Dataset Original and DeepFake Voices for AI-Based Voice Analysis and Detection/Dataset/S12F01/Real/22.wav,0,MEN,MEN-S12F01,TG:6fc67c2677ba9080,-43.9375,1,0.4408333333333333,8.282972e-20
mendeley/extracted/Bangla Audio Dataset Original and DeepFake Voices for AI-Based Voice Analysis and Detection/Dataset/S12F01/Real/23.wav,0,MEN,MEN-S12F01,TG:ea4c21803da05315,-49.21875,1,0.4675,4.212777e-22
mendeley/extracted/Bangla Audio Dataset Original and DeepFake Voices for AI-Based Voice Analysis and Detection/Dataset/S12F01/Real/24.wav,0,MEN,MEN-S12F01,TG:3a260c6e53c12883,-47.0,1,0.4675,3.873998e-21
mendeley/extracted/Bangla Audio Dataset Original and DeepFake Voices for AI-Based Voice Analysis and Detection/Dataset/S12F01/Real/25.wav,0,MEN,MEN-S12F01,TG:30420959ee16d7c0,-52.375,1,0.5041666666666667,1.7940169e-23
mendeley/extracted/Bangla Audio Dataset Original and DeepFake Voices for AI-Based Voice Analysis and Detection/Dataset/S12F01/Real/26.wav,0,MEN,MEN-S12F01,TG:66dffd8647175de0,-37.71875,1,0.4841666666666666,4.1586757e-17
mendeley/extracted/Bangla Audio Dataset Original and DeepFake Voices for AI-Based Voice Analysis and Detection/Dataset/S12F01/Real/27.wav,0,MEN,MEN-S12F01,TG:aa8a2f8197d47eac,-30.28125,1,0.6708333333333334,7.0635046e-14
mendeley/extracted/Bangla Audio Dataset Original and DeepFake Voices for AI-Based Voice Analysis and Detection/Dataset/S12F01/Real/28.wav,0,MEN,MEN-S12F01,TG:4085c5d5ac867da6,-47.21875,1,0.6174999999999999,3.1128446e-21
mendeley/extracted/Bangla Audio Dataset Original and DeepFake Voices for AI-Based Voice Analysis and Detection/Dataset/S12F01/Real/29.wav,0,MEN,MEN-S12F01,TG:ee81e3d281fac89c,-38.96875,1,0.4675,1.1914804e-17
mendeley/extracted/Bangla Audio Dataset Original and DeepFake Voices for AI-Based Voice Analysis and Detection/Dataset/S12F01/Real/3.wav,0,MEN,MEN-S12F01,TG:098f61fd8fd691da,-44.5625,1,0.3841666666666666,4.4335556e-20
mendeley/extracted/Bangla Audio Dataset Original and DeepFake Voices for AI-Based Voice Analysis and Detection/Dataset/S12F01/Real/30.wav,0,MEN,MEN-S12F01,TG:51ee2c8cc64ff845,-33.53125,1,0.5175000000000001,2.7388177e-15
mendeley/extracted/Bangla Audio Dataset Original and DeepFake Voices for AI-Based Voice Analysis and Detection/Dataset/S12F01/Real/4.wav,0,MEN,MEN-S12F01,TG:6da3c24672ce555f,-32.34375,1,0.4208333333333333,8.980238e-15
mendeley/extracted/Bangla Audio Dataset Original and DeepFake Voices for AI-Based Voice Analysis and Detection/Dataset/S12F01/Real/5.wav,0,MEN,MEN-S12F01,TG:6a89c260f0594f99,-60.46875,1,0.3791666666666666,5.479684e-27
mendeley/extracted/Bangla Audio Dataset Original and DeepFake Voices for AI-Based Voice Analysis and Detection/Dataset/S12F01/Real/6.wav,0,MEN,MEN-S12F01,TG:702bdb4b4754428b,-41.0625,1,0.3525,1.468192e-18
mendeley/extracted/Bangla Audio Dataset Original and DeepFake Voices for AI-Based Voice Analysis and Detection/Dataset/S12F01/Real/7.wav,0,MEN,MEN-S12F01,TG:eb1075bf1ced697e,-47.125,1,0.4008333333333334,3.418791e-21
mendeley/extracted/Bangla Audio Dataset Original and DeepFake Voices for AI-Based Voice Analysis and Detection/Dataset/S12F01/Real/8.wav,0,MEN,MEN-S12F01,TG:3bb8d4c65ccd17ea,-38.6875,1,0.3508333333333333,1.5784552e-17
mendeley/extracted/Bangla Audio Dataset Original and DeepFake Voices for AI-Based Voice Analysis and Detection/Dataset/S12F01/Real/9.wav,0,MEN,MEN-S12F01,TG:313ef8a63b157972,-54.75,1,0.3841666666666666,1.6686956e-24
mendeley/extracted/Bangla Audio Dataset Original and DeepFake Voices for AI-Based Voice Analysis and Detection/Dataset/S12F02/Fake/1.wav,1,MEN,MEN-S12F02,TG:781f1e8a983ae061,-10.65625,1,0.4108333333333334,2.3552619e-05
mendeley/extracted/Bangla Audio Dataset Original and DeepFake Voices for AI-Based Voice Analysis and Detection/Dataset/S12F02/Fake/10.wav,1,MEN,MEN-S12F02,TG:81189a7902f36c5d,7.9257812,1,0.4408333333333333,0.9996388
mendeley/extracted/Bangla Audio Dataset Original and DeepFake Voices for AI-Based Voice Analysis and Detection/Dataset/S12F02/Fake/11.wav,1,MEN,MEN-S12F02,TG:dfc527c4d05b0227,-9.046875,1,0.1708333333333332,0.000117744596
mendeley/extracted/Bangla Audio Dataset Original and DeepFake Voices for AI-Based Voice Analysis and Detection/Dataset/S12F02/Fake/12.wav,1,MEN,MEN-S12F02,TG:04a2b30e0f9c53b1,-2.3769531,1,0.4775,0.0849471
mendeley/extracted/Bangla Audio Dataset Original and DeepFake Voices for AI-Based Voice Analysis and Detection/Dataset/S12F02/Fake/13.wav,1,MEN,MEN-S12F02,TG:f665857f8f5852c9,-4.1875,1,0.3375,0.014957086
mendeley/extracted/Bangla Audio Dataset Original and DeepFake Voices for AI-Based Voice Analysis and Detection/Dataset/S12F02/Fake/14.wav,1,MEN,MEN-S12F02,TG:aa1dc341d60bbafe,-3.4199219,1,0.4391666666666667,0.03167863
mendeley/extracted/Bangla Audio Dataset Original and DeepFake Voices for AI-Based Voice Analysis and Detection/Dataset/S12F02/Fake/15.wav,1,MEN,MEN-S12F02,TG:4d9f637d09e3ead5,-17.40625,1,0.4375,2.7577933e-08
mendeley/extracted/Bangla Audio Dataset Original and DeepFake Voices for AI-Based Voice Analysis and Detection/Dataset/S12F02/Fake/16.wav,1,MEN,MEN-S12F02,TG:8ba166c395040864,-5.4101562,1,0.4208333333333333,0.004451041
mendeley/extracted/Bangla Audio Dataset Original and DeepFake Voices for AI-Based Voice Analysis and Detection/Dataset/S12F02/Fake/17.wav,1,MEN,MEN-S12F02,TG:25903432a5ed835d,-8.6484375,1,0.5291666666666667,0.00017536993
mendeley/extracted/Bangla Audio Dataset Original and DeepFake Voices for AI-Based Voice Analysis and Detection/Dataset/S12F02/Fake/18.wav,1,MEN,MEN-S12F02,TG:5e9246a5aa906c2c,9.984375,1,0.5175000000000001,0.99995387
mendeley/extracted/Bangla Audio Dataset Original and DeepFake Voices for AI-Based Voice Analysis and Detection/Dataset/S12F02/Fake/19.wav,1,MEN,MEN-S12F02,TG:9935a7fc35fba276,-14.015625,1,0.4841666666666666,8.1863635e-07
mendeley/extracted/Bangla Audio Dataset Original and DeepFake Voices for AI-Based Voice Analysis and Detection/Dataset/S12F02/Fake/2.wav,1,MEN,MEN-S12F02,TG:2e1a8037a5c7446d,-6.2773438,1,0.4408333333333333,0.0018748617
mendeley/extracted/Bangla Audio Dataset Original and DeepFake Voices for AI-Based Voice Analysis and Detection/Dataset/S12F02/Fake/20.wav,1,MEN,MEN-S12F02,TG:d9a78a9fb8598e30,-15.078125,1,0.5541666666666667,2.8291333e-07
mendeley/extracted/Bangla Audio Dataset Original and DeepFake Voices for AI-Based Voice Analysis and Detection/Dataset/S12F02/Fake/21.wav,1,MEN,MEN-S12F02,TG:f2bac89ac84087eb,5.3554688,1,0.4558333333333333,0.99529994
mendeley/extracted/Bangla Audio Dataset Original and DeepFake Voices for AI-Based Voice Analysis and Detection/Dataset/S12F02/Fake/22.wav,1,MEN,MEN-S12F02,TG:6fc67c2677ba9080,5.9765625,1,0.5391666666666667,0.99746895
mendeley/extracted/Bangla Audio Dataset Original and DeepFake Voices for AI-Based Voice Analysis and Detection/Dataset/S12F02/Fake/23.wav,1,MEN,MEN-S12F02,TG:ea4c21803da05315,-7.3632812,1,0.4608333333333333,0.0006337125
mendeley/extracted/Bangla Audio Dataset Original and DeepFake Voices for AI-Based Voice Analysis and Detection/Dataset/S12F02/Fake/24.wav,1,MEN,MEN-S12F02,TG:3a260c6e53c12883,-3.5507812,1,0.5141666666666667,0.027901376
mendeley/extracted/Bangla Audio Dataset Original and DeepFake Voices for AI-Based Voice Analysis and Detection/Dataset/S12F02/Fake/25.wav,1,MEN,MEN-S12F02,TG:30420959ee16d7c0,-2.1464844,1,0.4375,0.10466021
mendeley/extracted/Bangla Audio Dataset Original and DeepFake Voices for AI-Based Voice Analysis and Detection/Dataset/S12F02/Fake/26.wav,1,MEN,MEN-S12F02,TG:66dffd8647175de0,0.77734375,1,0.4575,0.68510735
mendeley/extracted/Bangla Audio Dataset Original and DeepFake Voices for AI-Based Voice Analysis and Detection/Dataset/S12F02/Fake/27.wav,1,MEN,MEN-S12F02,TG:aa8a2f8197d47eac,12.4140625,1,0.5708333333333333,0.99999595
mendeley/extracted/Bangla Audio Dataset Original and DeepFake Voices for AI-Based Voice Analysis and Detection/Dataset/S12F02/Fake/28.wav,1,MEN,MEN-S12F02,TG:4085c5d5ac867da6,-1.0673828,1,0.4675,0.25590113
mendeley/extracted/Bangla Audio Dataset Original and DeepFake Voices for AI-Based Voice Analysis and Detection/Dataset/S12F02/Fake/29.wav,1,MEN,MEN-S12F02,TG:ee81e3d281fac89c,-13.6875,1,0.4208333333333333,1.1365637e-06
mendeley/extracted/Bangla Audio Dataset Original and DeepFake Voices for AI-Based Voice Analysis and Detection/Dataset/S12F02/Fake/3.wav,1,MEN,MEN-S12F02,TG:098f61fd8fd691da,-2.5878906,1,0.3958333333333333,0.069921836
mendeley/extracted/Bangla Audio Dataset Original and DeepFake Voices for AI-Based Voice Analysis and Detection/Dataset/S12F02/Fake/30.wav,1,MEN,MEN-S12F02,TG:51ee2c8cc64ff845,-0.9169922,1,0.4941666666666666,0.28557116
mendeley/extracted/Bangla Audio Dataset Original and DeepFake Voices for AI-Based Voice Analysis and Detection/Dataset/S12F02/Fake/4.wav,1,MEN,MEN-S12F02,TG:6da3c24672ce555f,2.6640625,1,0.5241666666666667,0.9348725
mendeley/extracted/Bangla Audio Dataset Original and DeepFake Voices for AI-Based Voice Analysis and Detection/Dataset/S12F02/Fake/5.wav,1,MEN,MEN-S12F02,TG:6a89c260f0594f99,-21.75,1,0.3075,3.581748e-10
mendeley/extracted/Bangla Audio Dataset Original and DeepFake Voices for AI-Based Voice Analysis and Detection/Dataset/S12F02/Fake/6.wav,1,MEN,MEN-S12F02,TG:702bdb4b4754428b,-13.0390625,1,0.5025,2.1737328e-06
mendeley/extracted/Bangla Audio Dataset Original and DeepFake Voices for AI-Based Voice Analysis and Detection/Dataset/S12F02/Fake/7.wav,1,MEN,MEN-S12F02,TG:eb1075bf1ced697e,-8.09375,1,0.4608333333333333,0.00030534892
mendeley/extracted/Bangla Audio Dataset Original and DeepFake Voices for AI-Based Voice Analysis and Detection/Dataset/S12F02/Fake/8.wav,1,MEN,MEN-S12F02,TG:3bb8d4c65ccd17ea,-9.875,1,0.3591666666666666,5.1442217e-05
mendeley/extracted/Bangla Audio Dataset Original and DeepFake Voices for AI-Based Voice Analysis and Detection/Dataset/S12F02/Fake/9.wav,1,MEN,MEN-S12F02,TG:313ef8a63b157972,-11.1953125,1,0.4225,1.3738256e-05
mendeley/extracted/Bangla Audio Dataset Original and DeepFake Voices for AI-Based Voice Analysis and Detection/Dataset/S12F02/Real/1.wav,0,MEN,MEN-S12F02,TG:781f1e8a983ae061,-13.0703125,1,0.4675,2.106854e-06
mendeley/extracted/Bangla Audio Dataset Original and DeepFake Voices for AI-Based Voice Analysis and Detection/Dataset/S12F02/Real/10.wav,0,MEN,MEN-S12F02,TG:81189a7902f36c5d,4.3828125,1,0.4841666666666666,0.9876639
mendeley/extracted/Bangla Audio Dataset Original and DeepFake Voices for AI-Based Voice Analysis and Detection/Dataset/S12F02/Real/11.wav,0,MEN,MEN-S12F02,TG:dfc527c4d05b0227,-10.546875,1,0.4508333333333333,2.6274773e-05
mendeley/extracted/Bangla Audio Dataset Original and DeepFake Voices for AI-Based Voice Analysis and Detection/Dataset/S12F02/Real/12.wav,0,MEN,MEN-S12F02,TG:04a2b30e0f9c53b1,-15.3671875,1,0.4175,2.1189229e-07
mendeley/extracted/Bangla Audio Dataset Original and DeepFake Voices for AI-Based Voice Analysis and Detection/Dataset/S12F02/Real/13.wav,0,MEN,MEN-S12F02,TG:f665857f8f5852c9,-20.375,1,0.2674999999999999,1.4166088e-09
mendeley/extracted/Bangla Audio Dataset Original and DeepFake Voices for AI-Based Voice Analysis and Detection/Dataset/S12F02/Real/14.wav,0,MEN,MEN-S12F02,TG:aa1dc341d60bbafe,-8.6484375,1,0.2674999999999999,0.00017536993
mendeley/extracted/Bangla Audio Dataset Original and DeepFake Voices for AI-Based Voice Analysis and Detection/Dataset/S12F02/Real/15.wav,0,MEN,MEN-S12F02,TG:4d9f637d09e3ead5,0.90966797,1,0.3175,0.7129322
mendeley/extracted/Bangla Audio Dataset Original and DeepFake Voices for AI-Based Voice Analysis and Detection/Dataset/S12F02/Real/16.wav,0,MEN,MEN-S12F02,TG:8ba166c395040864,-1.2607422,1,0.4008333333333334,0.22084616
mendeley/extracted/Bangla Audio Dataset Original and DeepFake Voices for AI-Based Voice Analysis and Detection/Dataset/S12F02/Real/17.wav,0,MEN,MEN-S12F02,TG:25903432a5ed835d,-3.2636719,1,0.5175000000000001,0.036838703
mendeley/extracted/Bangla Audio Dataset Original and DeepFake Voices for AI-Based Voice Analysis and Detection/Dataset/S12F02/Real/18.wav,0,MEN,MEN-S12F02,TG:5e9246a5aa906c2c,-7.8554688,1,0.4841666666666666,0.00038747612
mendeley/extracted/Bangla Audio Dataset Original and DeepFake Voices for AI-Based Voice Analysis and Detection/Dataset/S12F02/Real/19.wav,0,MEN,MEN-S12F02,TG:9935a7fc35fba276,2.9414062,1,0.4008333333333334,0.9498557
mendeley/extracted/Bangla Audio Dataset Original and DeepFake Voices for AI-Based Voice Analysis and Detection/Dataset/S12F02/Real/2.wav,0,MEN,MEN-S12F02,TG:2e1a8037a5c7446d,-17.140625,1,0.4341666666666667,3.59684e-08
mendeley/extracted/Bangla Audio Dataset Original and DeepFake Voices for AI-Based Voice Analysis and Detection/Dataset/S12F02/Real/20.wav,0,MEN,MEN-S12F02,TG:d9a78a9fb8598e30,-7.9882812,1,0.5341666666666667,0.0003393018
mendeley/extracted/Bangla Audio Dataset Original and DeepFake Voices for AI-Based Voice Analysis and Detection/Dataset/S12F02/Real/21.wav,0,MEN,MEN-S12F02,TG:f2bac89ac84087eb,5.8242188,1,0.5341666666666667,0.9970536
mendeley/extracted/Bangla Audio Dataset Original and DeepFake Voices for AI-Based Voice Analysis and Detection/Dataset/S12F02/Real/22.wav,0,MEN,MEN-S12F02,TG:6fc67c2677ba9080,1.21875,1,0.4508333333333333,0.7718435
mendeley/extracted/Bangla Audio Dataset Original and DeepFake Voices for AI-Based Voice Analysis and Detection/Dataset/S12F02/Real/23.wav,0,MEN,MEN-S12F02,TG:ea4c21803da05315,-7.8789062,1,0.4841666666666666,0.00037850367
mendeley/extracted/Bangla Audio Dataset Original and DeepFake Voices for AI-Based Voice Analysis and Detection/Dataset/S12F02/Real/24.wav,0,MEN,MEN-S12F02,TG:3a260c6e53c12883,-9.5,1,0.5675,7.4846226e-05
mendeley/extracted/Bangla Audio Dataset Original and DeepFake Voices for AI-Based Voice Analysis and Detection/Dataset/S12F02/Real/25.wav,0,MEN,MEN-S12F02,TG:30420959ee16d7c0,-1.7871094,1,0.4341666666666667,0.14342749
mendeley/extracted/Bangla Audio Dataset Original and DeepFake Voices for AI-Based Voice Analysis and Detection/Dataset/S12F02/Real/26.wav,0,MEN,MEN-S12F02,TG:66dffd8647175de0,-4.6015625,1,0.5175000000000001,0.009936419
mendeley/extracted/Bangla Audio Dataset Original and DeepFake Voices for AI-Based Voice Analysis and Detection/Dataset/S12F02/Real/27.wav,0,MEN,MEN-S12F02,TG:aa8a2f8197d47eac,7.0429688,1,0.5841666666666667,0.9991272
mendeley/extracted/Bangla Audio Dataset Original and DeepFake Voices for AI-Based Voice Analysis and Detection/Dataset/S12F02/Real/28.wav,0,MEN,MEN-S12F02,TG:4085c5d5ac867da6,-3.1699219,1,0.5508333333333333,0.040313438
mendeley/extracted/Bangla Audio Dataset Original and DeepFake Voices for AI-Based Voice Analysis and Detection/Dataset/S12F02/Real/29.wav,0,MEN,MEN-S12F02,TG:ee81e3d281fac89c,-14.3046875,1,0.5008333333333334,6.1313045e-07
mendeley/extracted/Bangla Audio Dataset Original and DeepFake Voices for AI-Based Voice Analysis and Detection/Dataset/S12F02/Real/3.wav,0,MEN,MEN-S12F02,TG:098f61fd8fd691da,-13.3046875,1,0.4341666666666667,1.6666595e-06
mendeley/extracted/Bangla Audio Dataset Original and DeepFake Voices for AI-Based Voice Analysis and Detection/Dataset/S12F02/Real/30.wav,0,MEN,MEN-S12F02,TG:51ee2c8cc64ff845,-12.8515625,1,0.4341666666666667,2.6220212e-06
mendeley/extracted/Bangla Audio Dataset Original and DeepFake Voices for AI-Based Voice Analysis and Detection/Dataset/S12F02/Real/4.wav,0,MEN,MEN-S12F02,TG:6da3c24672ce555f,-13.390625,1,0.4341666666666667,1.529413e-06
mendeley/extracted/Bangla Audio Dataset Original and DeepFake Voices for AI-Based Voice Analysis and Detection/Dataset/S12F02/Real/5.wav,0,MEN,MEN-S12F02,TG:6a89c260f0594f99,-14.6484375,1,0.3841666666666666,4.3477468e-07
mendeley/extracted/Bangla Audio Dataset Original and DeepFake Voices for AI-Based Voice Analysis and Detection/Dataset/S12F02/Real/6.wav,0,MEN,MEN-S12F02,TG:702bdb4b4754428b,-5.8867188,1,0.4841666666666666,0.0027683855
mendeley/extracted/Bangla Audio Dataset Original and DeepFake Voices for AI-Based Voice Analysis and Detection/Dataset/S12F02/Real/7.wav,0,MEN,MEN-S12F02,TG:eb1075bf1ced697e,-11.6875,1,0.4841666666666666,8.398072e-06
mendeley/extracted/Bangla Audio Dataset Original and DeepFake Voices for AI-Based Voice Analysis and Detection/Dataset/S12F02/Real/8.wav,0,MEN,MEN-S12F02,TG:3bb8d4c65ccd17ea,-13.875,1,0.4008333333333334,9.422445e-07
mendeley/extracted/Bangla Audio Dataset Original and DeepFake Voices for AI-Based Voice Analysis and Detection/Dataset/S12F02/Real/9.wav,0,MEN,MEN-S12F02,TG:313ef8a63b157972,-15.4921875,1,0.5008333333333334,1.8699428e-07
mendeley/extracted/Bangla Audio Dataset Original and DeepFake Voices for AI-Based Voice Analysis and Detection/Dataset/S12F04/Fake/1.wav,1,MEN,MEN-S12F04,TG:781f1e8a983ae061,-15.0703125,1,0.4341666666666667,2.8513222e-07
mendeley/extracted/Bangla Audio Dataset Original and DeepFake Voices for AI-Based Voice Analysis and Detection/Dataset/S12F04/Fake/10.wav,1,MEN,MEN-S12F04,TG:81189a7902f36c5d,2.5410156,1,0.4108333333333334,0.92696756
mendeley/extracted/Bangla Audio Dataset Original and DeepFake Voices for AI-Based Voice Analysis and Detection/Dataset/S12F04/Fake/11.wav,1,MEN,MEN-S12F04,TG:dfc527c4d05b0227,-8.6796875,1,0.1541666666666666,0.00016997529
mendeley/extracted/Bangla Audio Dataset Original and DeepFake Voices for AI-Based Voice Analysis and Detection/Dataset/S12F04/Fake/12.wav,1,MEN,MEN-S12F04,TG:04a2b30e0f9c53b1,-12.6484375,1,0.4708333333333333,3.2125654e-06
mendeley/extracted/Bangla Audio Dataset Original and DeepFake Voices for AI-Based Voice Analysis and Detection/Dataset/S12F04/Fake/13.wav,1,MEN,MEN-S12F04,TG:f665857f8f5852c9,-11.8671875,1,0.2941666666666667,7.016861e-06
mendeley/extracted/Bangla Audio Dataset Original and DeepFake Voices for AI-Based Voice Analysis and Detection/Dataset/S12F04/Fake/14.wav,1,MEN,MEN-S12F04,TG:aa1dc341d60bbafe,-7.0820312,1,0.4641666666666666,0.00083935994
mendeley/extracted/Bangla Audio Dataset Original and DeepFake Voices for AI-Based Voice Analysis and Detection/Dataset/S12F04/Fake/15.wav,1,MEN,MEN-S12F04,TG:4d9f637d09e3ead5,-23.28125,1,0.4608333333333333,7.746074e-11
mendeley/extracted/Bangla Audio Dataset Original and DeepFake Voices for AI-Based Voice Analysis and Detection/Dataset/S12F04/Fake/16.wav,1,MEN,MEN-S12F04,TG:8ba166c395040864,-9.1484375,1,0.4541666666666667,0.00010637458
mendeley/extracted/Bangla Audio Dataset Original and DeepFake Voices for AI-Based Voice Analysis and Detection/Dataset/S12F04/Fake/17.wav,1,MEN,MEN-S12F04,TG:25903432a5ed835d,-13.53125,1,0.4941666666666666,1.3287774e-06
mendeley/extracted/Bangla Audio Dataset Original and DeepFake Voices for AI-Based Voice Analysis and Detection/Dataset/S12F04/Fake/18.wav,1,MEN,MEN-S12F04,TG:5e9246a5aa906c2c,5.2070312,1,0.4858333333333333,0.99455196
mendeley/extracted/Bangla Audio Dataset Original and DeepFake Voices for AI-Based Voice Analysis and Detection/Dataset/S12F04/Fake/19.wav,1,MEN,MEN-S12F04,TG:9935a7fc35fba276,-28.171875,1,0.4041666666666667,5.822509e-13
mendeley/extracted/Bangla Audio Dataset Original and DeepFake Voices for AI-Based Voice Analysis and Detection/Dataset/S12F04/Fake/2.wav,1,MEN,MEN-S12F04,TG:2e1a8037a5c7446d,-18.46875,1,0.4508333333333333,9.530678e-09
mendeley/extracted/Bangla Audio Dataset Original and DeepFake Voices for AI-Based Voice Analysis and Detection/Dataset/S12F04/Fake/20.wav,1,MEN,MEN-S12F04,TG:d9a78a9fb8598e30,0.6875,1,0.5275000000000001,0.6654106
mendeley/extracted/Bangla Audio Dataset Original and DeepFake Voices for AI-Based Voice Analysis and Detection/Dataset/S12F04/Fake/21.wav,1,MEN,MEN-S12F04,TG:f2bac89ac84087eb,-5.9257812,1,0.4541666666666667,0.0026626128
mendeley/extracted/Bangla Audio Dataset Original and DeepFake Voices for AI-Based Voice Analysis and Detection/Dataset/S12F04/Fake/22.wav,1,MEN,MEN-S12F04,TG:6fc67c2677ba9080,6.7890625,1,0.4791666666666666,0.9988752
mendeley/extracted/Bangla Audio Dataset Original and DeepFake Voices for AI-Based Voice Analysis and Detection/Dataset/S12F04/Fake/23.wav,1,MEN,MEN-S12F04,TG:ea4c21803da05315,-3.0351562,1,0.4508333333333333,0.045862664
mendeley/extracted/Bangla Audio Dataset Original and DeepFake Voices for AI-Based Voice Analysis and Detection/Dataset/S12F04/Fake/24.wav,1,MEN,MEN-S12F04,TG:3a260c6e53c12883,-4.0,1,0.5541666666666667,0.01798621
mendeley/extracted/Bangla Audio Dataset Original and DeepFake Voices for AI-Based Voice Analysis and Detection/Dataset/S12F04/Fake/25.wav,1,MEN,MEN-S12F04,TG:30420959ee16d7c0,-1.5419922,1,0.3874999999999999,0.17624587
mendeley/extracted/Bangla Audio Dataset Original and DeepFake Voices for AI-Based Voice Analysis and Detection/Dataset/S12F04/Fake/26.wav,1,MEN,MEN-S12F04,TG:66dffd8647175de0,4.3554688,1,0.4375,0.9873262
mendeley/extracted/Bangla Audio Dataset Original and DeepFake Voices for AI-Based Voice Analysis and Detection/Dataset/S12F04/Fake/27.wav,1,MEN,MEN-S12F04,TG:aa8a2f8197d47eac,7.8476562,1,0.5858333333333333,0.99960953
mendeley/extracted/Bangla Audio Dataset Original and DeepFake Voices for AI-Based Voice Analysis and Detection/Dataset/S12F04/Fake/28.wav,1,MEN,MEN-S12F04,TG:4085c5d5ac867da6,-9.5390625,1,0.4641666666666666,7.197912e-05
mendeley/extracted/Bangla Audio Dataset Original and DeepFake Voices for AI-Based Voice Analysis and Detection/Dataset/S12F04/Fake/29.wav,1,MEN,MEN-S12F04,TG:ee81e3d281fac89c,-16.90625,1,0.4541666666666667,4.546832e-08
mendeley/extracted/Bangla Audio Dataset Original and DeepFake Voices for AI-Based Voice Analysis and Detection/Dataset/S12F04/Fake/3.wav,1,MEN,MEN-S12F04,TG:098f61fd8fd691da,-9.15625,1,0.3874999999999999,0.00010554686
mendeley/extracted/Bangla Audio Dataset Original and DeepFake Voices for AI-Based Voice Analysis and Detection/Dataset/S12F04/Fake/30.wav,1,MEN,MEN-S12F04,TG:51ee2c8cc64ff845,7.8320312,1,0.4625,0.99960333
mendeley/extracted/Bangla Audio Dataset Original and DeepFake Voices for AI-Based Voice Analysis and Detection/Dataset/S12F04/Fake/4.wav,1,MEN,MEN-S12F04,TG:6da3c24672ce555f,-10.671875,1,0.4975,2.3187478e-05
mendeley/extracted/Bangla Audio Dataset Original and DeepFake Voices for AI-Based Voice Analysis and Detection/Dataset/S12F04/Fake/5.wav,1,MEN,MEN-S12F04,TG:6a89c260f0594f99,-15.6328125,1,0.3158333333333333,1.6246348e-07
mendeley/extracted/Bangla Audio Dataset Original and DeepFake Voices for AI-Based Voice Analysis and Detection/Dataset/S12F04/Fake/6.wav,1,MEN,MEN-S12F04,TG:702bdb4b4754428b,-12.203125,1,0.4591666666666666,5.014735e-06
mendeley/extracted/Bangla Audio Dataset Original and DeepFake Voices for AI-Based Voice Analysis and Detection/Dataset/S12F04/Fake/7.wav,1,MEN,MEN-S12F04,TG:eb1075bf1ced697e,-10.8984375,1,0.4675,1.8486755e-05
mendeley/extracted/Bangla Audio Dataset Original and DeepFake Voices for AI-Based Voice Analysis and Detection/Dataset/S12F04/Fake/8.wav,1,MEN,MEN-S12F04,TG:3bb8d4c65ccd17ea,-4.5429688,1,0.3908333333333333,0.010529713
mendeley/extracted/Bangla Audio Dataset Original and DeepFake Voices for AI-Based Voice Analysis and Detection/Dataset/S12F04/Fake/9.wav,1,MEN,MEN-S12F04,TG:313ef8a63b157972,-17.234375,1,0.3774999999999999,3.2749604e-08
mendeley/extracted/Bangla Audio Dataset Original and DeepFake Voices for AI-Based Voice Analysis and Detection/Dataset/S12F04/Real/1.wav,0,MEN,MEN-S12F04,TG:781f1e8a983ae061,4.9726562,1,0.3841666666666666,0.9931229
mendeley/extracted/Bangla Audio Dataset Original and DeepFake Voices for AI-Based Voice Analysis and Detection/Dataset/S12F04/Real/10.wav,0,MEN,MEN-S12F04,TG:81189a7902f36c5d,-12.6640625,1,0.4675,3.1627599e-06
mendeley/extracted/Bangla Audio Dataset Original and DeepFake Voices for AI-Based Voice Analysis and Detection/Dataset/S12F04/Real/11.wav,0,MEN,MEN-S12F04,TG:dfc527c4d05b0227,-8.59375,1,0.3508333333333333,0.00018522573
mendeley/extracted/Bangla Audio Dataset Original and DeepFake Voices for AI-Based Voice Analysis and Detection/Dataset/S12F04/Real/12.wav,0,MEN,MEN-S12F04,TG:04a2b30e0f9c53b1,3.3359375,1,0.4008333333333334,0.9656413
mendeley/extracted/Bangla Audio Dataset Original and DeepFake Voices for AI-Based Voice Analysis and Detection/Dataset/S12F04/Real/13.wav,0,MEN,MEN-S12F04,TG:f665857f8f5852c9,-20.421875,1,0.3841666666666666,1.3517376e-09
mendeley/extracted/Bangla Audio Dataset Original and DeepFake Voices for AI-Based Voice Analysis and Detection/Dataset/S12F04/Real/14.wav,0,MEN,MEN-S12F04,TG:aa1dc341d60bbafe,-13.96875,1,0.3675,8.5792345e-07
mendeley/extracted/Bangla Audio Dataset Original and DeepFake Voices for AI-Based Voice Analysis and Detection/Dataset/S12F04/Real/15.wav,0,MEN,MEN-S12F04,TG:4d9f637d09e3ead5,-7.0703125,1,0.4841666666666666,0.00084924564
mendeley/extracted/Bangla Audio Dataset Original and DeepFake Voices for AI-Based Voice Analysis and Detection/Dataset/S12F04/Real/16.wav,0,MEN,MEN-S12F04,TG:8ba166c395040864,-4.1132812,1,0.4675,0.016090874
mendeley/extracted/Bangla Audio Dataset Original and DeepFake Voices for AI-Based Voice Analysis and Detection/Dataset/S12F04/Real/17.wav,0,MEN,MEN-S12F04,TG:25903432a5ed835d,1.9921875,1,0.4341666666666667,0.87997437
mendeley/extracted/Bangla Audio Dataset Original and DeepFake Voices for AI-Based Voice Analysis and Detection/Dataset/S12F04/Real/18.wav,0,MEN,MEN-S12F04,TG:5e9246a5aa906c2c,-11.3515625,1,0.4841666666666666,1.1750976e-05
mendeley/extracted/Bangla Audio Dataset Original and DeepFake Voices for AI-Based Voice Analysis and Detection/Dataset/S12F04/Real/19.wav,0,MEN,MEN-S12F04,TG:9935a7fc35fba276,-3.375,1,0.4675,0.03308598
mendeley/extracted/Bangla Audio Dataset Original and DeepFake Voices for AI-Based Voice Analysis and Detection/Dataset/S12F04/Real/2.wav,0,MEN,MEN-S12F04,TG:2e1a8037a5c7446d,4.7382812,1,0.3341666666666666,0.9913223
mendeley/extracted/Bangla Audio Dataset Original and DeepFake Voices for AI-Based Voice Analysis and Detection/Dataset/S12F04/Real/20.wav,0,MEN,MEN-S12F04,TG:d9a78a9fb8598e30,3.6269531,1,0.4841666666666666,0.97409195
mendeley/extracted/Bangla Audio Dataset Original and DeepFake Voices for AI-Based Voice Analysis and Detection/Dataset/S12F04/Real/21.wav,0,MEN,MEN-S12F04,TG:f2bac89ac84087eb,5.0,1,0.4675,0.9933072
mendeley/extracted/Bangla Audio Dataset Original and DeepFake Voices for AI-Based Voice Analysis and Detection/Dataset/S12F04/Real/22.wav,0,MEN,MEN-S12F04,TG:6fc67c2677ba9080,-12.453125,1,0.4175,3.9054835e-06
mendeley/extracted/Bangla Audio Dataset Original and DeepFake Voices for AI-Based Voice Analysis and Detection/Dataset/S12F04/Real/23.wav,0,MEN,MEN-S12F04,TG:ea4c21803da05315,-8.6953125,1,0.4175,0.00016734052
mendeley/extracted/Bangla Audio Dataset Original and DeepFake Voices for AI-Based Voice Analysis and Detection/Dataset/S12F04/Real/24.wav,0,MEN,MEN-S12F04,TG:3a260c6e53c12883,-7.3007812,1,0.4841666666666666,0.0006745559
mendeley/extracted/Bangla Audio Dataset Original and DeepFake Voices for AI-Based Voice Analysis and Detection/Dataset/S12F04/Real/25.wav,0,MEN,MEN-S12F04,TG:30420959ee16d7c0,-4.9101562,1,0.4008333333333334,0.0073173973
mendeley/extracted/Bangla Audio Dataset Original and DeepFake Voices for AI-Based Voice Analysis and Detection/Dataset/S12F04/Real/26.wav,0,MEN,MEN-S12F04,TG:66dffd8647175de0,1.1416016,1,0.4508333333333333,0.75797355
mendeley/extracted/Bangla Audio Dataset Original and DeepFake Voices for AI-Based Voice Analysis and Detection/Dataset/S12F04/Real/27.wav,0,MEN,MEN-S12F04,TG:aa8a2f8197d47eac,-2.6308594,1,0.4675,0.06717858
mendeley/extracted/Bangla Audio Dataset Original and DeepFake Voices for AI-Based Voice Analysis and Detection/Dataset/S12F04/Real/28.wav,0,MEN,MEN-S12F04,TG:4085c5d5ac867da6,-3.7597656,1,0.5008333333333334,0.022759154
mendeley/extracted/Bangla Audio Dataset Original and DeepFake Voices for AI-Based Voice Analysis and Detection/Dataset/S12F04/Real/29.wav,0,MEN,MEN-S12F04,TG:ee81e3d281fac89c,-16.265625,1,0.3675,8.628371e-08
mendeley/extracted/Bangla Audio Dataset Original and DeepFake Voices for AI-Based Voice Analysis and Detection/Dataset/S12F04/Real/3.wav,0,MEN,MEN-S12F04,TG:098f61fd8fd691da,-9.3671875,1,0.3675,8.5476175e-05
mendeley/extracted/Bangla Audio Dataset Original and DeepFake Voices for AI-Based Voice Analysis and Detection/Dataset/S12F04/Real/30.wav,0,MEN,MEN-S12F04,TG:51ee2c8cc64ff845,-3.4433594,1,0.4008333333333334,0.030967517
mendeley/extracted/Bangla Audio Dataset Original and DeepFake Voices for AI-Based Voice Analysis and Detection/Dataset/S12F04/Real/4.wav,0,MEN,MEN-S12F04,TG:6da3c24672ce555f,-10.546875,1,0.3841666666666666,2.6274773e-05
mendeley/extracted/Bangla Audio Dataset Original and DeepFake Voices for AI-Based Voice Analysis and Detection/Dataset/S12F04/Real/5.wav,0,MEN,MEN-S12F04,TG:6a89c260f0594f99,-10.59375,1,0.3675,2.5071593e-05
mendeley/extracted/Bangla Audio Dataset Original and DeepFake Voices for AI-Based Voice Analysis and Detection/Dataset/S12F04/Real/6.wav,0,MEN,MEN-S12F04,TG:702bdb4b4754428b,-14.171875,1,0.3841666666666666,7.0021684e-07
mendeley/extracted/Bangla Audio Dataset Original and DeepFake Voices for AI-Based Voice Analysis and Detection/Dataset/S12F04/Real/7.wav,0,MEN,MEN-S12F04,TG:eb1075bf1ced697e,-11.1796875,1,0.3841666666666666,1.3954598e-05
mendeley/extracted/Bangla Audio Dataset Original and DeepFake Voices for AI-Based Voice Analysis and Detection/Dataset/S12F04/Real/8.wav,0,MEN,MEN-S12F04,TG:3bb8d4c65ccd17ea,0.24060059,1,0.4008333333333334,0.55986166
mendeley/extracted/Bangla Audio Dataset Original and DeepFake Voices for AI-Based Voice Analysis and Detection/Dataset/S12F04/Real/9.wav,0,MEN,MEN-S12F04,TG:313ef8a63b157972,-15.1171875,1,0.4341666666666667,2.720751e-07
mendeley/extracted/Bangla Audio Dataset Original and DeepFake Voices for AI-Based Voice Analysis and Detection/Dataset/S12M03/Fake/1.wav,1,MEN,MEN-S12M03,TG:781f1e8a983ae061,-2.0625,1,0.3808333333333333,0.112795405
mendeley/extracted/Bangla Audio Dataset Original and DeepFake Voices for AI-Based Voice Analysis and Detection/Dataset/S12M03/Fake/10.wav,1,MEN,MEN-S12M03,TG:81189a7902f36c5d,-4.046875,1,0.4808333333333333,0.017176708
mendeley/extracted/Bangla Audio Dataset Original and DeepFake Voices for AI-Based Voice Analysis and Detection/Dataset/S12M03/Fake/11.wav,1,MEN,MEN-S12M03,TG:dfc527c4d05b0227,10.296875,1,0.1374999999999999,0.99996626
mendeley/extracted/Bangla Audio Dataset Original and DeepFake Voices for AI-Based Voice Analysis and Detection/Dataset/S12M03/Fake/12.wav,1,MEN,MEN-S12M03,TG:04a2b30e0f9c53b1,-20.1875,1,0.4691666666666666,1.7087562e-09
mendeley/extracted/Bangla Audio Dataset Original and DeepFake Voices for AI-Based Voice Analysis and Detection/Dataset/S12M03/Fake/13.wav,1,MEN,MEN-S12M03,TG:f665857f8f5852c9,0.6489258,1,0.3575,0.6567684
mendeley/extracted/Bangla Audio Dataset Original and DeepFake Voices for AI-Based Voice Analysis and Detection/Dataset/S12M03/Fake/14.wav,1,MEN,MEN-S12M03,TG:aa1dc341d60bbafe,-9.09375,1,0.2541666666666666,0.00011235328
mendeley/extracted/Bangla Audio Dataset Original and DeepFake Voices for AI-Based Voice Analysis and Detection/Dataset/S12M03/Fake/15.wav,1,MEN,MEN-S12M03,TG:4d9f637d09e3ead5,5.9609375,1,0.3974999999999999,0.9974291
mendeley/extracted/Bangla Audio Dataset Original and DeepFake Voices for AI-Based Voice Analysis and Detection/Dataset/S12M03/Fake/16.wav,1,MEN,MEN-S12M03,TG:8ba166c395040864,0.89404297,1,0.3408333333333333,0.7097238
mendeley/extracted/Bangla Audio Dataset Original and DeepFake Voices for AI-Based Voice Analysis and Detection/Dataset/S12M03/Fake/17.wav,1,MEN,MEN-S12M03,TG:25903432a5ed835d,8.5390625,1,0.4541666666666667,0.99980444
mendeley/extracted/Bangla Audio Dataset Original and DeepFake Voices for AI-Based Voice Analysis and Detection/Dataset/S12M03/Fake/18.wav,1,MEN,MEN-S12M03,TG:5e9246a5aa906c2c,-5.6679688,1,0.5208333333333333,0.003442981
mendeley/extracted/Bangla Audio Dataset Original and DeepFake Voices for AI-Based Voice Analysis and Detection/Dataset/S12M03/Fake/19.wav,1,MEN,MEN-S12M03,TG:9935a7fc35fba276,-0.9199219,1,0.5375,0.28497383
mendeley/extracted/Bangla Audio Dataset Original and DeepFake Voices for AI-Based Voice Analysis and Detection/Dataset/S12M03/Fake/2.wav,1,MEN,MEN-S12M03,TG:2e1a8037a5c7446d,-2.625,1,0.3158333333333333,0.067546695
mendeley/extracted/Bangla Audio Dataset Original and DeepFake Voices for AI-Based Voice Analysis and Detection/Dataset/S12M03/Fake/20.wav,1,MEN,MEN-S12M03,TG:d9a78a9fb8598e30,-0.025283813,1,0.5075000000000001,0.49367937
mendeley/extracted/Bangla Audio Dataset Original and DeepFake Voices for AI-Based Voice Analysis and Detection/Dataset/S12M03/Fake/21.wav,1,MEN,MEN-S12M03,TG:f2bac89ac84087eb,-5.2460938,1,0.4341666666666667,0.0052404497
mendeley/extracted/Bangla Audio Dataset Original and DeepFake Voices for AI-Based Voice Analysis and Detection/Dataset/S12M03/Fake/22.wav,1,MEN,MEN-S12M03,TG:6fc67c2677ba9080,6.203125,1,0.4024999999999999,0.997981
mendeley/extracted/Bangla Audio Dataset Original and DeepFake Voices for AI-Based Voice Analysis and Detection/Dataset/S12M03/Fake/23.wav,1,MEN,MEN-S12M03,TG:ea4c21803da05315,11.71875,1,0.4441666666666667,0.9999919
mendeley/extracted/Bangla Audio Dataset Original and DeepFake Voices for AI-Based Voice Analysis and Detection/Dataset/S12M03/Fake/24.wav,1,MEN,MEN-S12M03,TG:3a260c6e53c12883,-7.4453125,1,0.4891666666666666,0.0005838325
mendeley/extracted/Bangla Audio Dataset Original and DeepFake Voices for AI-Based Voice Analysis and Detection/Dataset/S12M03/Fake/25.wav,1,MEN,MEN-S12M03,TG:30420959ee16d7c0,10.484375,1,0.3358333333333333,0.999972
mendeley/extracted/Bangla Audio Dataset Original and DeepFake Voices for AI-Based Voice Analysis and Detection/Dataset/S12M03/Fake/26.wav,1,MEN,MEN-S12M03,TG:66dffd8647175de0,2.0917969,1,0.4841666666666666,0.89010334
mendeley/extracted/Bangla Audio Dataset Original and DeepFake Voices for AI-Based Voice Analysis and Detection/Dataset/S12M03/Fake/27.wav,1,MEN,MEN-S12M03,TG:aa8a2f8197d47eac,-0.4519043,1,0.5158333333333334,0.38890812
mendeley/extracted/Bangla Audio Dataset Original and DeepFake Voices for AI-Based Voice Analysis and Detection/Dataset/S12M03/Fake/28.wav,1,MEN,MEN-S12M03,TG:4085c5d5ac867da6,5.3046875,1,0.4375,0.9950563
mendeley/extracted/Bangla Audio Dataset Original and DeepFake Voices for AI-Based Voice Analysis and Detection/Dataset/S12M03/Fake/29.wav,1,MEN,MEN-S12M03,TG:ee81e3d281fac89c,-12.5859375,1,0.3824999999999999,3.4197574e-06
mendeley/extracted/Bangla Audio Dataset Original and DeepFake Voices for AI-Based Voice Analysis and Detection/Dataset/S12M03/Fake/3.wav,1,MEN,MEN-S12M03,TG:098f61fd8fd691da,-1.0820312,1,0.2991666666666667,0.25312182
mendeley/extracted/Bangla Audio Dataset Original and DeepFake Voices for AI-Based Voice Analysis and Detection/Dataset/S12M03/Fake/30.wav,1,MEN,MEN-S12M03,TG:51ee2c8cc64ff845,-6.7539062,1,0.4625,0.0011649561
mendeley/extracted/Bangla Audio Dataset Original and DeepFake Voices for AI-Based Voice Analysis and Detection/Dataset/S12M03/Fake/4.wav,1,MEN,MEN-S12M03,TG:6da3c24672ce555f,-14.5625,1,0.4041666666666667,4.7379055e-07
mendeley/extracted/Bangla Audio Dataset Original and DeepFake Voices for AI-Based Voice Analysis and Detection/Dataset/S12M03/Fake/5.wav,1,MEN,MEN-S12M03,TG:6a89c260f0594f99,-15.828125,1,0.3308333333333333,1.336388e-07
mendeley/extracted/Bangla Audio Dataset Original and DeepFake Voices for AI-Based Voice Analysis and Detection/Dataset/S12M03/Fake/6.wav,1,MEN,MEN-S12M03,TG:702bdb4b4754428b,-1.3603516,1,0.4558333333333333,0.20418318
mendeley/extracted/Bangla Audio Dataset Original and DeepFake Voices for AI-Based Voice Analysis and Detection/Dataset/S12M03/Fake/7.wav,1,MEN,MEN-S12M03,TG:eb1075bf1ced697e,11.984375,1,0.4841666666666666,0.9999938
mendeley/extracted/Bangla Audio Dataset Original and DeepFake Voices for AI-Based Voice Analysis and Detection/Dataset/S12M03/Fake/8.wav,1,MEN,MEN-S12M03,TG:3bb8d4c65ccd17ea,9.6015625,1,0.3741666666666666,0.9999324
mendeley/extracted/Bangla Audio Dataset Original and DeepFake Voices for AI-Based Voice Analysis and Detection/Dataset/S12M03/Fake/9.wav,1,MEN,MEN-S12M03,TG:313ef8a63b157972,3.2890625,1,0.3808333333333333,0.96405166
mendeley/extracted/Bangla Audio Dataset Original and DeepFake Voices for AI-Based Voice Analysis and Detection/Dataset/S12M03/Real/1.wav,0,MEN,MEN-S12M03,TG:781f1e8a983ae061,-11.4921875,1,0.4508333333333333,1.0209441e-05
mendeley/extracted/Bangla Audio Dataset Original and DeepFake Voices for AI-Based Voice Analysis and Detection/Dataset/S12M03/Real/10.wav,0,MEN,MEN-S12M03,TG:81189a7902f36c5d,-32.40625,1,0.5175000000000001,8.436153e-15
mendeley/extracted/Bangla Audio Dataset Original and DeepFake Voices for AI-Based Voice Analysis and Detection/Dataset/S12M03/Real/11.wav,0,MEN,MEN-S12M03,TG:dfc527c4d05b0227,-27.6875,1,0.4341666666666667,9.450865e-13
mendeley/extracted/Bangla Audio Dataset Original and DeepFake Voices for AI-Based Voice Analysis and Detection/Dataset/S12M03/Real/12.wav,0,MEN,MEN-S12M03,TG:04a2b30e0f9c53b1,-11.515625,1,0.5008333333333334,9.972942e-06
mendeley/extracted/Bangla Audio Dataset Original and DeepFake Voices for AI-Based Voice Analysis and Detection/Dataset/S12M03/Real/13.wav,0,MEN,MEN-S12M03,TG:f665857f8f5852c9,-8.6875,1,0.4175,0.00016865275
mendeley/extracted/Bangla Audio Dataset Original and DeepFake Voices for AI-Based Voice Analysis and Detection/Dataset/S12M03/Real/14.wav,0,MEN,MEN-S12M03,TG:aa1dc341d60bbafe,-30.109375,1,0.4008333333333334,8.388119e-14
mendeley/extracted/Bangla Audio Dataset Original and DeepFake Voices for AI-Based Voice Analysis and Detection/Dataset/S12M03/Real/15.wav,0,MEN,MEN-S12M03,TG:4d9f637d09e3ead5,-10.2421875,1,0.5675,3.5633544e-05
mendeley/extracted/Bangla Audio Dataset Original and DeepFake Voices for AI-Based Voice Analysis and Detection/Dataset/S12M03/Real/16.wav,0,MEN,MEN-S12M03,TG:8ba166c395040864,-15.546875,1,0.4841666666666666,1.7704266e-07
mendeley/extracted/Bangla Audio Dataset Original and DeepFake Voices for AI-Based Voice Analysis and Detection/Dataset/S12M03/Real/17.wav,0,MEN,MEN-S12M03,TG:25903432a5ed835d,-1.4384766,1,0.5008333333333334,0.19178137
mendeley/extracted/Bangla Audio Dataset Original and DeepFake Voices for AI-Based Voice Analysis and Detection/Dataset/S12M03/Real/18.wav,0,MEN,MEN-S12M03,TG:5e9246a5aa906c2c,-18.3125,1,0.4675,1.1142491e-08
mendeley/extracted/Bangla Audio Dataset Original and DeepFake Voices for AI-Based Voice Analysis and Detection/Dataset/S12M03/Real/19.wav,0,MEN,MEN-S12M03,TG:9935a7fc35fba276,-31.21875,1,0.4841666666666666,2.7661079e-14
mendeley/extracted/Bangla Audio Dataset Original and DeepFake Voices for AI-Based Voice Analysis and Detection/Dataset/S12M03/Real/2.wav,0,MEN,MEN-S12M03,TG:2e1a8037a5c7446d,-13.3046875,1,0.5008333333333334,1.6666595e-06
mendeley/extracted/Bangla Audio Dataset Original and DeepFake Voices for AI-Based Voice Analysis and Detection/Dataset/S12M03/Real/20.wav,0,MEN,MEN-S12M03,TG:d9a78a9fb8598e30,-24.53125,1,0.6174999999999999,2.219287e-11
mendeley/extracted/Bangla Audio Dataset Original and DeepFake Voices for AI-Based Voice Analysis and Detection/Dataset/S12M03/Real/21.wav,0,MEN,MEN-S12M03,TG:f2bac89ac84087eb,3.7050781,1,0.5341666666666667,0.9759923
mendeley/extracted/Bangla Audio Dataset Original and DeepFake Voices for AI-Based Voice Analysis and Detection/Dataset/S12M03/Real/22.wav,0,MEN,MEN-S12M03,TG:6fc67c2677ba9080,-18.140625,1,0.3341666666666666,1.3232036e-08
mendeley/extracted/Bangla Audio Dataset Original and DeepFake Voices for AI-Based Voice Analysis and Detection/Dataset/S12M03/Real/23.wav,0,MEN,MEN-S12M03,TG:ea4c21803da05315,-17.625,1,0.4841666666666666,2.215949e-08
mendeley/extracted/Bangla Audio Dataset Original and DeepFake Voices for AI-Based Voice Analysis and Detection/Dataset/S12M03/Real/24.wav,0,MEN,MEN-S12M03,TG:3a260c6e53c12883,-21.109375,1,0.5508333333333333,6.7969635e-10
mendeley/extracted/Bangla Audio Dataset Original and DeepFake Voices for AI-Based Voice Analysis and Detection/Dataset/S12M03/Real/25.wav,0,MEN,MEN-S12M03,TG:30420959ee16d7c0,-11.1953125,1,0.4175,1.3738256e-05
mendeley/extracted/Bangla Audio Dataset Original and DeepFake Voices for AI-Based Voice Analysis and Detection/Dataset/S12M03/Real/26.wav,0,MEN,MEN-S12M03,TG:66dffd8647175de0,-14.484375,1,0.5175000000000001,5.122897e-07
mendeley/extracted/Bangla Audio Dataset Original and DeepFake Voices for AI-Based Voice Analysis and Detection/Dataset/S12M03/Real/27.wav,0,MEN,MEN-S12M03,TG:aa8a2f8197d47eac,-7.4296875,1,0.5675,0.00059302105
mendeley/extracted/Bangla Audio Dataset Original and DeepFake Voices for AI-Based Voice Analysis and Detection/Dataset/S12M03/Real/28.wav,0,MEN,MEN-S12M03,TG:4085c5d5ac867da6,-22.375,1,0.5508333333333333,1.9171713e-10
mendeley/extracted/Bangla Audio Dataset Original and DeepFake Voices for AI-Based Voice Analysis and Detection/Dataset/S12M03/Real/29.wav,0,MEN,MEN-S12M03,TG:ee81e3d281fac89c,-25.640625,1,0.5175000000000001,7.318432e-12
mendeley/extracted/Bangla Audio Dataset Original and DeepFake Voices for AI-Based Voice Analysis and Detection/Dataset/S12M03/Real/3.wav,0,MEN,MEN-S12M03,TG:098f61fd8fd691da,-22.828125,1,0.4175,1.2186284e-10
mendeley/extracted/Bangla Audio Dataset Original and DeepFake Voices for AI-Based Voice Analysis and Detection/Dataset/S12M03/Real/30.wav,0,MEN,MEN-S12M03,TG:51ee2c8cc64ff845,-9.390625,1,0.5175000000000001,8.3496285e-05
mendeley/extracted/Bangla Audio Dataset Original and DeepFake Voices for AI-Based Voice Analysis and Detection/Dataset/S12M03/Real/4.wav,0,MEN,MEN-S12M03,TG:6da3c24672ce555f,-16.640625,1,0.4008333333333334,5.9301865e-08
mendeley/extracted/Bangla Audio Dataset Original and DeepFake Voices for AI-Based Voice Analysis and Detection/Dataset/S12M03/Real/5.wav,0,MEN,MEN-S12M03,TG:6a89c260f0594f99,-19.140625,1,0.4008333333333334,4.8677937e-09
mendeley/extracted/Bangla Audio Dataset Original and DeepFake Voices for AI-Based Voice Analysis and Detection/Dataset/S12M03/Real/6.wav,0,MEN,MEN-S12M03,TG:702bdb4b4754428b,-20.578125,1,0.4341666666666667,1.1562024e-09
mendeley/extracted/Bangla Audio Dataset Original and DeepFake Voices for AI-Based Voice Analysis and Detection/Dataset/S12M03/Real/7.wav,0,MEN,MEN-S12M03,TG:eb1075bf1ced697e,-1.2714844,1,0.5341666666666667,0.21900326
mendeley/extracted/Bangla Audio Dataset Original and DeepFake Voices for AI-Based Voice Analysis and Detection/Dataset/S12M03/Real/8.wav,0,MEN,MEN-S12M03,TG:3bb8d4c65ccd17ea,-16.390625,1,0.4341666666666667,7.6145106e-08
mendeley/extracted/Bangla Audio Dataset Original and DeepFake Voices for AI-Based Voice Analysis and Detection/Dataset/S12M03/Real/9.wav,0,MEN,MEN-S12M03,TG:313ef8a63b157972,-19.046875,1,0.5008333333333334,5.3462252e-09
mendeley/extracted/Bangla Audio Dataset Original and DeepFake Voices for AI-Based Voice Analysis and Detection/Dataset/S12M05/Fake/1.wav,1,MEN,MEN-S12M05,TG:781f1e8a983ae061,-3.3359375,1,0.4091666666666667,0.034358688
mendeley/extracted/Bangla Audio Dataset Original and DeepFake Voices for AI-Based Voice Analysis and Detection/Dataset/S12M05/Fake/10.wav,1,MEN,MEN-S12M05,TG:81189a7902f36c5d,-4.6953125,1,0.4975,0.009055264
mendeley/extracted/Bangla Audio Dataset Original and DeepFake Voices for AI-Based Voice Analysis and Detection/Dataset/S12M05/Fake/11.wav,1,MEN,MEN-S12M05,TG:dfc527c4d05b0227,0.46020508,1,0.1991666666666667,0.61306286
mendeley/extracted/Bangla Audio Dataset Original and DeepFake Voices for AI-Based Voice Analysis and Detection/Dataset/S12M05/Fake/12.wav,1,MEN,MEN-S12M05,TG:04a2b30e0f9c53b1,-11.5390625,1,0.4775,9.7419215e-06
mendeley/extracted/Bangla Audio Dataset Original and DeepFake Voices for AI-Based Voice Analysis and Detection/Dataset/S12M05/Fake/13.wav,1,MEN,MEN-S12M05,TG:f665857f8f5852c9,-1.7626953,1,0.3791666666666666,0.14645311
mendeley/extracted/Bangla Audio Dataset Original and DeepFake Voices for AI-Based Voice Analysis and Detection/Dataset/S12M05/Fake/14.wav,1,MEN,MEN-S12M05,TG:aa1dc341d60bbafe,-17.109375,1,0.3258333333333333,3.7110162e-08
mendeley/extracted/Bangla Audio Dataset Original and DeepFake Voices for AI-Based Voice Analysis and Detection/Dataset/S12M05/Fake/15.wav,1,MEN,MEN-S12M05,TG:4d9f637d09e3ead5,-0.10070801,1,0.3641666666666666,0.47484425
mendeley/extracted/Bangla Audio Dataset Original and DeepFake Voices for AI-Based Voice Analysis and Detection/Dataset/S12M05/Fake/16.wav,1,MEN,MEN-S12M05,TG:8ba166c395040864,8.4765625,1,0.3625,0.9997918
mendeley/extracted/Bangla Audio Dataset Original and DeepFake Voices for AI-Based Voice Analysis and Detection/Dataset/S12M05/Fake/17.wav,1,MEN,MEN-S12M05,TG:25903432a5ed835d,-14.3359375,1,0.4508333333333333,5.9426645e-07
mendeley/extracted/Bangla Audio Dataset Original and DeepFake Voices for AI-Based Voice Analysis and Detection/Dataset/S12M05/Fake/18.wav,1,MEN,MEN-S12M05,TG:5e9246a5aa906c2c,4.3828125,1,0.5425,0.9876639
mendeley/extracted/Bangla Audio Dataset Original and DeepFake Voices for AI-Based Voice Analysis and Detection/Dataset/S12M05/Fake/19.wav,1,MEN,MEN-S12M05,TG:9935a7fc35fba276,-0.08721924,1,0.5191666666666667,0.478209
mendeley/extracted/Bangla Audio Dataset Original and DeepFake Voices for AI-Based Voice Analysis and Detection/Dataset/S12M05/Fake/2.wav,1,MEN,MEN-S12M05,TG:2e1a8037a5c7446d,-6.9140625,1,0.3541666666666666,0.0009927262
mendeley/extracted/Bangla Audio Dataset Original and DeepFake Voices for AI-Based Voice Analysis and Detection/Dataset/S12M05/Fake/20.wav,1,MEN,MEN-S12M05,TG:d9a78a9fb8598e30,-16.71875,1,0.5375,5.484526e-08
mendeley/extracted/Bangla Audio Dataset Original and DeepFake Voices for AI-Based Voice Analysis and Detection/Dataset/S12M05/Fake/21.wav,1,MEN,MEN-S12M05,TG:f2bac89ac84087eb,5.546875,1,0.4358333333333333,0.99611557
mendeley/extracted/Bangla Audio Dataset Original and DeepFake Voices for AI-Based Voice Analysis and Detection/Dataset/S12M05/Fake/22.wav,1,MEN,MEN-S12M05,TG:6fc67c2677ba9080,7.484375,1,0.4908333333333333,0.99943846
mendeley/extracted/Bangla Audio Dataset Original and DeepFake Voices for AI-Based Voice Analysis and Detection/Dataset/S12M05/Fake/23.wav,1,MEN,MEN-S12M05,TG:ea4c21803da05315,5.8320312,1,0.4408333333333333,0.9970765
mendeley/extracted/Bangla Audio Dataset Original and DeepFake Voices for AI-Based Voice Analysis and Detection/Dataset/S12M05/Fake/24.wav,1,MEN,MEN-S12M05,TG:3a260c6e53c12883,2.2578125,1,0.3575,0.9053223
mendeley/extracted/Bangla Audio Dataset Original and DeepFake Voices for AI-Based Voice Analysis and Detection/Dataset/S12M05/Fake/25.wav,1,MEN,MEN-S12M05,TG:30420959ee16d7c0,8.0703125,1,0.3641666666666666,0.99968743
mendeley/extracted/Bangla Audio Dataset Original and DeepFake Voices for AI-Based Voice Analysis and Detection/Dataset/S12M05/Fake/26.wav,1,MEN,MEN-S12M05,TG:66dffd8647175de0,8.8671875,1,0.3874999999999999,0.9998591
mendeley/extracted/Bangla Audio Dataset Original and DeepFake Voices for AI-Based Voice Analysis and Detection/Dataset/S12M05/Fake/27.wav,1,MEN,MEN-S12M05,TG:aa8a2f8197d47eac,5.5429688,1,0.4558333333333333,0.9961004
mendeley/extracted/Bangla Audio Dataset Original and DeepFake Voices for AI-Based Voice Analysis and Detection/Dataset/S12M05/Fake/28.wav,1,MEN,MEN-S12M05,TG:4085c5d5ac867da6,-9.1953125,1,0.4908333333333333,0.000101503836
mendeley/extracted/Bangla Audio Dataset Original and DeepFake Voices for AI-Based Voice Analysis and Detection/Dataset/S12M05/Fake/29.wav,1,MEN,MEN-S12M05,TG:ee81e3d281fac89c,-10.671875,1,0.3874999999999999,2.3187478e-05
mendeley/extracted/Bangla Audio Dataset Original and DeepFake Voices for AI-Based Voice Analysis and Detection/Dataset/S12M05/Fake/3.wav,1,MEN,MEN-S12M05,TG:098f61fd8fd691da,1.9814453,1,0.2508333333333333,0.87883514
mendeley/extracted/Bangla Audio Dataset Original and DeepFake Voices for AI-Based Voice Analysis and Detection/Dataset/S12M05/Fake/30.wav,1,MEN,MEN-S12M05,TG:51ee2c8cc64ff845,-22.828125,1,0.4208333333333333,1.2186284e-10
mendeley/extracted/Bangla Audio Dataset Original and DeepFake Voices for AI-Based Voice Analysis and Detection/Dataset/S12M05/Fake/4.wav,1,MEN,MEN-S12M05,TG:6da3c24672ce555f,-9.9296875,1,0.3541666666666666,4.870464e-05
mendeley/extracted/Bangla Audio Dataset Original and DeepFake Voices for AI-Based Voice Analysis and Detection/Dataset/S12M05/Fake/5.wav,1,MEN,MEN-S12M05,TG:6a89c260f0594f99,-12.6875,1,0.3208333333333333,3.0894944e-06
mendeley/extracted/Bangla Audio Dataset Original and DeepFake Voices for AI-Based Voice Analysis and Detection/Dataset/S12M05/Fake/6.wav,1,MEN,MEN-S12M05,TG:702bdb4b4754428b,-11.25,1,0.4708333333333333,1.30071285e-05
mendeley/extracted/Bangla Audio Dataset Original and DeepFake Voices for AI-Based Voice Analysis and Detection/Dataset/S12M05/Fake/7.wav,1,MEN,MEN-S12M05,TG:eb1075bf1ced697e,-1.4541016,1,0.5008333333333334,0.18937114
mendeley/extracted/Bangla Audio Dataset Original and DeepFake Voices for AI-Based Voice Analysis and Detection/Dataset/S12M05/Fake/8.wav,1,MEN,MEN-S12M05,TG:3bb8d4c65ccd17ea,4.5898438,1,0.3641666666666666,0.9899476
mendeley/extracted/Bangla Audio Dataset Original and DeepFake Voices for AI-Based Voice Analysis and Detection/Dataset/S12M05/Fake/9.wav,1,MEN,MEN-S12M05,TG:313ef8a63b157972,-17.6875,1,0.4241666666666667,2.0816916e-08
mendeley/extracted/Bangla Audio Dataset Original and DeepFake Voices for AI-Based Voice Analysis and Detection/Dataset/S12M05/Real/1.wav,0,MEN,MEN-S12M05,TG:781f1e8a983ae061,-10.703125,1,0.4341666666666667,2.247409e-05
mendeley/extracted/Bangla Audio Dataset Original and DeepFake Voices for AI-Based Voice Analysis and Detection/Dataset/S12M05/Real/10.wav,0,MEN,MEN-S12M05,TG:81189a7902f36c5d,-9.90625,1,0.5175000000000001,4.9859584e-05
mendeley/extracted/Bangla Audio Dataset Original and DeepFake Voices for AI-Based Voice Analysis and Detection/Dataset/S12M05/Real/11.wav,0,MEN,MEN-S12M05,TG:dfc527c4d05b0227,-21.125,1,0.4008333333333334,6.691586e-10
mendeley/extracted/Bangla Audio Dataset Original and DeepFake Voices for AI-Based Voice Analysis and Detection/Dataset/S12M05/Real/12.wav,0,MEN,MEN-S12M05,TG:04a2b30e0f9c53b1,-10.84375,1,0.5175000000000001,1.9525885e-05
mendeley/extracted/Bangla Audio Dataset Original and DeepFake Voices for AI-Based Voice Analysis and Detection/Dataset/S12M05/Real/13.wav,0,MEN,MEN-S12M05,TG:f665857f8f5852c9,-7.3046875,1,0.4175,0.0006719279
mendeley/extracted/Bangla Audio Dataset Original and DeepFake Voices for AI-Based Voice Analysis and Detection/Dataset/S12M05/Real/14.wav,0,MEN,MEN-S12M05,TG:aa1dc341d60bbafe,-14.203125,1,0.3841666666666666,6.786735e-07
mendeley/extracted/Bangla Audio Dataset Original and DeepFake Voices for AI-Based Voice Analysis and Detection/Dataset/S12M05/Real/15.wav,0,MEN,MEN-S12M05,TG:4d9f637d09e3ead5,-14.9453125,1,0.4508333333333333,3.2309717e-07
mendeley/extracted/Bangla Audio Dataset Original and DeepFake Voices for AI-Based Voice Analysis and Detection/Dataset/S12M05/Real/16.wav,0,MEN,MEN-S12M05,TG:8ba166c395040864,-7.2734375,1,0.3841666666666666,0.00069324224
mendeley/extracted/Bangla Audio Dataset Original and DeepFake Voices for AI-Based Voice Analysis and Detection/Dataset/S12M05/Real/17.wav,0,MEN,MEN-S12M05,TG:25903432a5ed835d,-15.6875,1,0.4008333333333334,1.5381733e-07
mendeley/extracted/Bangla Audio Dataset Original and DeepFake Voices for AI-Based Voice Analysis and Detection/Dataset/S12M05/Real/18.wav,0,MEN,MEN-S12M05,TG:5e9246a5aa906c2c,-0.23852539,1,0.4841666666666666,0.4406498
mendeley/extracted/Bangla Audio Dataset Original and DeepFake Voices for AI-Based Voice Analysis and Detection/Dataset/S12M05/Real/19.wav,0,MEN,MEN-S12M05,TG:9935a7fc35fba276,-28.359375,1,0.3675,4.8270296e-13
mendeley/extracted/Bangla Audio Dataset Original and DeepFake Voices for AI-Based Voice Analysis and Detection/Dataset/S12M05/Real/2.wav,0,MEN,MEN-S12M05,TG:2e1a8037a5c7446d,-21.0,1,0.3508333333333333,7.58256e-10
mendeley/extracted/Bangla Audio Dataset Original and DeepFake Voices for AI-Based Voice Analysis and Detection/Dataset/S12M05/Real/20.wav,0,MEN,MEN-S12M05,TG:d9a78a9fb8598e30,-12.4765625,1,0.5341666666666667,3.8150138e-06
mendeley/extracted/Bangla Audio Dataset Original and DeepFake Voices for AI-Based Voice Analysis and Detection/Dataset/S12M05/Real/21.wav,0,MEN,MEN-S12M05,TG:f2bac89ac84087eb,-14.03125,1,0.4508333333333333,8.059446e-07
mendeley/extracted/Bangla Audio Dataset Original and DeepFake Voices for AI-Based Voice Analysis and Detection/Dataset/S12M05/Real/22.wav,0,MEN,MEN-S12M05,TG:6fc67c2677ba9080,2.3417969,1,0.3841666666666666,0.91228
mendeley/extracted/Bangla Audio Dataset Original and DeepFake Voices for AI-Based Voice Analysis and Detection/Dataset/S12M05/Real/23.wav,0,MEN,MEN-S12M05,TG:ea4c21803da05315,-6.5859375,1,0.4508333333333333,0.0013777327
mendeley/extracted/Bangla Audio Dataset Original and DeepFake Voices for AI-Based Voice Analysis and Detection/Dataset/S12M05/Real/24.wav,0,MEN,MEN-S12M05,TG:3a260c6e53c12883,-3.4960938,1,0.4008333333333334,0.02942358
mendeley/extracted/Bangla Audio Dataset Original and DeepFake Voices for AI-Based Voice Analysis and Detection/Dataset/S12M05/Real/25.wav,0,MEN,MEN-S12M05,TG:30420959ee16d7c0,-10.1484375,1,0.3508333333333333,3.9135655e-05
mendeley/extracted/Bangla Audio Dataset Original and DeepFake Voices for AI-Based Voice Analysis and Detection/Dataset/S12M05/Real/26.wav,0,MEN,MEN-S12M05,TG:66dffd8647175de0,-15.21875,1,0.4508333333333333,2.4579936e-07
mendeley/extracted/Bangla Audio Dataset Original and DeepFake Voices for AI-Based Voice Analysis and Detection/Dataset/S12M05/Real/27.wav,0,MEN,MEN-S12M05,TG:aa8a2f8197d47eac,-2.1308594,1,0.5175000000000001,0.10613344
mendeley/extracted/Bangla Audio Dataset Original and DeepFake Voices for AI-Based Voice Analysis and Detection/Dataset/S12M05/Real/28.wav,0,MEN,MEN-S12M05,TG:4085c5d5ac867da6,-9.671875,1,0.4175,6.302758e-05
mendeley/extracted/Bangla Audio Dataset Original and DeepFake Voices for AI-Based Voice Analysis and Detection/Dataset/S12M05/Real/29.wav,0,MEN,MEN-S12M05,TG:ee81e3d281fac89c,-17.515625,1,0.3841666666666666,2.4720698e-08
mendeley/extracted/Bangla Audio Dataset Original and DeepFake Voices for AI-Based Voice Analysis and Detection/Dataset/S12M05/Real/3.wav,0,MEN,MEN-S12M05,TG:098f61fd8fd691da,-14.09375,1,0.4008333333333334,7.5711495e-07
mendeley/extracted/Bangla Audio Dataset Original and DeepFake Voices for AI-Based Voice Analysis and Detection/Dataset/S12M05/Real/30.wav,0,MEN,MEN-S12M05,TG:51ee2c8cc64ff845,-8.515625,1,0.4341666666666667,0.00020027377
mendeley/extracted/Bangla Audio Dataset Original and DeepFake Voices for AI-Based Voice Analysis and Detection/Dataset/S12M05/Real/4.wav,0,MEN,MEN-S12M05,TG:6da3c24672ce555f,-13.1015625,1,0.4175,2.0420332e-06
mendeley/extracted/Bangla Audio Dataset Original and DeepFake Voices for AI-Based Voice Analysis and Detection/Dataset/S12M05/Real/5.wav,0,MEN,MEN-S12M05,TG:6a89c260f0594f99,-12.71875,1,0.3675,2.9944408e-06
mendeley/extracted/Bangla Audio Dataset Original and DeepFake Voices for AI-Based Voice Analysis and Detection/Dataset/S12M05/Real/6.wav,0,MEN,MEN-S12M05,TG:702bdb4b4754428b,-10.4921875,1,0.3841666666666666,2.7751652e-05
mendeley/extracted/Bangla Audio Dataset Original and DeepFake Voices for AI-Based Voice Analysis and Detection/Dataset/S12M05/Real/7.wav,0,MEN,MEN-S12M05,TG:eb1075bf1ced697e,-9.875,1,0.3841666666666666,5.1442217e-05
mendeley/extracted/Bangla Audio Dataset Original and DeepFake Voices for AI-Based Voice Analysis and Detection/Dataset/S12M05/Real/8.wav,0,MEN,MEN-S12M05,TG:3bb8d4c65ccd17ea,-16.890625,1,0.3508333333333333,4.6184343e-08
mendeley/extracted/Bangla Audio Dataset Original and DeepFake Voices for AI-Based Voice Analysis and Detection/Dataset/S12M05/Real/9.wav,0,MEN,MEN-S12M05,TG:313ef8a63b157972,-5.640625,1,0.4841666666666666,0.0035380858
mendeley/extracted/Bangla Audio Dataset Original and DeepFake Voices for AI-Based Voice Analysis and Detection/Dataset/S13F02/Fake/1.wav,1,MEN,MEN-S13F02,TG:59a9f15bf4c1e1f9,-18.203125,1,0.4308333333333333,1.24303465e-08
mendeley/extracted/Bangla Audio Dataset Original and DeepFake Voices for AI-Based Voice Analysis and Detection/Dataset/S13F02/Fake/10.wav,1,MEN,MEN-S13F02,TG:af46530c8e94f66a,-7.2421875,1,0.5341666666666667,0.00071523245
mendeley/extracted/Bangla Audio Dataset Original and DeepFake Voices for AI-Based Voice Analysis and Detection/Dataset/S13F02/Fake/11.wav,1,MEN,MEN-S13F02,TG:206cd06074b026d5,-10.8984375,1,0.5258333333333334,1.8486755e-05
mendeley/extracted/Bangla Audio Dataset Original and DeepFake Voices for AI-Based Voice Analysis and Detection/Dataset/S13F02/Fake/12.wav,1,MEN,MEN-S13F02,TG:fc8142f1666481b5,-0.029891968,1,0.4441666666666667,0.4925276
mendeley/extracted/Bangla Audio Dataset Original and DeepFake Voices for AI-Based Voice Analysis and Detection/Dataset/S13F02/Fake/13.wav,1,MEN,MEN-S13F02,TG:8b9d7fe36d313ffb,-19.34375,1,0.5958333333333333,3.9729775e-09
mendeley/extracted/Bangla Audio Dataset Original and DeepFake Voices for AI-Based Voice Analysis and Detection/Dataset/S13F02/Fake/14.wav,1,MEN,MEN-S13F02,TG:373cb328e6d0029c,1.4970703,1,0.4775,0.8171371
mendeley/extracted/Bangla Audio Dataset Original and DeepFake Voices for AI-Based Voice Analysis and Detection/Dataset/S13F02/Fake/15.wav,1,MEN,MEN-S13F02,TG:725e597ccf136c7b,-21.484375,1,0.4008333333333334,4.67148e-10
mendeley/extracted/Bangla Audio Dataset Original and DeepFake Voices for AI-Based Voice Analysis and Detection/Dataset/S13F02/Fake/16.wav,1,MEN,MEN-S13F02,TG:19493fcae8d03fba,0.19934082,1,0.3858333333333333,0.5496708
mendeley/extracted/Bangla Audio Dataset Original and DeepFake Voices for AI-Based Voice Analysis and Detection/Dataset/S13F02/Fake/17.wav,1,MEN,MEN-S13F02,TG:6c80d161a68feef8,-17.609375,1,0.4508333333333333,2.250845e-08
mendeley/extracted/Bangla Audio Dataset Original and DeepFake Voices for AI-Based Voice Analysis and Detection/Dataset/S13F02/Fake/18.wav,1,MEN,MEN-S13F02,TG:c628bfabacea3ccb,-10.2890625,1,0.4775,3.400182e-05
mendeley/extracted/Bangla Audio Dataset Original and DeepFake Voices for AI-Based Voice Analysis and Detection/Dataset/S13F02/Fake/19.wav,1,MEN,MEN-S13F02,TG:8dee1cb04b557d42,-31.859375,1,0.3774999999999999,1.4576365e-14
mendeley/extracted/Bangla Audio Dataset Original and DeepFake Voices for AI-Based Voice Analysis and Detection/Dataset/S13F02/Fake/2.wav,1,MEN,MEN-S13F02,TG:b50c656187dba8e6,-12.2578125,1,0.5275000000000001,4.747857e-06
mendeley/extracted/Bangla Audio Dataset Original and DeepFake Voices for AI-Based Voice Analysis and Detection/Dataset/S13F02/Fake/20.wav,1,MEN,MEN-S13F02,TG:b2cf028254ed88e1,-5.8046875,1,0.3691666666666666,0.003004343
mendeley/extracted/Bangla Audio Dataset Original and DeepFake Voices for AI-Based Voice Analysis and Detection/Dataset/S13F02/Fake/21.wav,1,MEN,MEN-S13F02,TG:b16e2afabc8b744f,-16.890625,1,0.4641666666666666,4.6184343e-08
mendeley/extracted/Bangla Audio Dataset Original and DeepFake Voices for AI-Based Voice Analysis and Detection/Dataset/S13F02/Fake/22.wav,1,MEN,MEN-S13F02,TG:3ea4c2ab6bd8c696,5.6328125,1,0.5208333333333333,0.9964342
mendeley/extracted/Bangla Audio Dataset Original and DeepFake Voices for AI-Based Voice Analysis and Detection/Dataset/S13F02/Fake/23.wav,1,MEN,MEN-S13F02,TG:1aea278e72d15d0c,3.6367188,1,0.4608333333333333,0.97433734
mendeley/extracted/Bangla Audio Dataset Original and DeepFake Voices for AI-Based Voice Analysis and Detection/Dataset/S13F02/Fake/24.wav,1,MEN,MEN-S13F02,TG:308b7809dcd529fe,12.265625,1,0.5241666666666667,0.99999523
mendeley/extracted/Bangla Audio Dataset Original and DeepFake Voices for AI-Based Voice Analysis and Detection/Dataset/S13F02/Fake/25.wav,1,MEN,MEN-S13F02,TG:d1b72b1834bf1ba9,-6.296875,1,0.2774999999999999,0.0018386652
mendeley/extracted/Bangla Audio Dataset Original and DeepFake Voices for AI-Based Voice Analysis and Detection/Dataset/S13F02/Fake/26.wav,1,MEN,MEN-S13F02,TG:b30ab81ebf25d425,-2.0214844,1,0.4608333333333333,0.116965584
mendeley/extracted/Bangla Audio Dataset Original and DeepFake Voices for AI-Based Voice Analysis and Detection/Dataset/S13F02/Fake/27.wav,1,MEN,MEN-S13F02,TG:4801945c778274b7,-21.0,1,0.4775,7.58256e-10
mendeley/extracted/Bangla Audio Dataset Original and DeepFake Voices for AI-Based Voice Analysis and Detection/Dataset/S13F02/Fake/28.wav,1,MEN,MEN-S13F02,TG:20d29da1528cd788,8.625,1,0.4075,0.99982053
mendeley/extracted/Bangla Audio Dataset Original and DeepFake Voices for AI-Based Voice Analysis and Detection/Dataset/S13F02/Fake/29.wav,1,MEN,MEN-S13F02,TG:39ba0547eb0a9549,-11.6875,1,0.3708333333333333,8.398072e-06
mendeley/extracted/Bangla Audio Dataset Original and DeepFake Voices for AI-Based Voice Analysis and Detection/Dataset/S13F02/Fake/3.wav,1,MEN,MEN-S13F02,TG:e921a431e5a8d0f2,-14.6328125,1,0.5991666666666666,4.4162135e-07
mendeley/extracted/Bangla Audio Dataset Original and DeepFake Voices for AI-Based Voice Analysis and Detection/Dataset/S13F02/Fake/30.wav,1,MEN,MEN-S13F02,TG:83175214af1cd3cc,5.453125,1,0.5108333333333333,0.9957353
mendeley/extracted/Bangla Audio Dataset Original and DeepFake Voices for AI-Based Voice Analysis and Detection/Dataset/S13F02/Fake/4.wav,1,MEN,MEN-S13F02,TG:7b4edaf138d43c24,0.2915039,1,0.5291666666666667,0.5723643
mendeley/extracted/Bangla Audio Dataset Original and DeepFake Voices for AI-Based Voice Analysis and Detection/Dataset/S13F02/Fake/5.wav,1,MEN,MEN-S13F02,TG:4365e0fcdb4baa7c,-12.265625,1,0.3341666666666666,4.710909e-06
mendeley/extracted/Bangla Audio Dataset Original and DeepFake Voices for AI-Based Voice Analysis and Detection/Dataset/S13F02/Fake/6.wav,1,MEN,MEN-S13F02,TG:0d8af69205969b08,12.5625,1,0.4558333333333333,0.99999654
mendeley/extracted/Bangla Audio Dataset Original and DeepFake Voices for AI-Based Voice Analysis and Detection/Dataset/S13F02/Fake/7.wav,1,MEN,MEN-S13F02,TG:40a9df8903c6d06d,-16.0,1,0.4691666666666666,1.12535155e-07
mendeley/extracted/Bangla Audio Dataset Original and DeepFake Voices for AI-Based Voice Analysis and Detection/Dataset/S13F02/Fake/8.wav,1,MEN,MEN-S13F02,TG:ec3afa02296104d2,-9.3828125,1,0.5225,8.415109e-05
mendeley/extracted/Bangla Audio Dataset Original and DeepFake Voices for AI-Based Voice Analysis and Detection/Dataset/S13F02/Fake/9.wav,1,MEN,MEN-S13F02,TG:44ef37911c97b339,-16.59375,1,0.6291666666666667,6.2147826e-08
mendeley/extracted/Bangla Audio Dataset Original and DeepFake Voices for AI-Based Voice Analysis and Detection/Dataset/S13F02/Real/1.wav,0,MEN,MEN-S13F02,TG:59a9f15bf4c1e1f9,7.421875,1,0.5841666666666667,0.9994023
mendeley/extracted/Bangla Audio Dataset Original and DeepFake Voices for AI-Based Voice Analysis and Detection/Dataset/S13F02/Real/10.wav,0,MEN,MEN-S13F02,TG:af46530c8e94f66a,5.5625,1,0.6008333333333333,0.9961755
mendeley/extracted/Bangla Audio Dataset Original and DeepFake Voices for AI-Based Voice Analysis and Detection/Dataset/S13F02/Real/11.wav,0,MEN,MEN-S13F02,TG:206cd06074b026d5,7.2304688,1,0.5508333333333333,0.99927634
mendeley/extracted/Bangla Audio Dataset Original and DeepFake Voices for AI-Based Voice Analysis and Detection/Dataset/S13F02/Real/12.wav,0,MEN,MEN-S13F02,TG:fc8142f1666481b5,9.46875,1,0.5341666666666667,0.99992275
mendeley/extracted/Bangla Audio Dataset Original and DeepFake Voices for AI-Based Voice Analysis and Detection/Dataset/S13F02/Real/13.wav,0,MEN,MEN-S13F02,TG:8b9d7fe36d313ffb,3.046875,1,0.4841666666666666,0.9546474
mendeley/extracted/Bangla Audio Dataset Original and DeepFake Voices for AI-Based Voice Analysis and Detection/Dataset/S13F02/Real/14.wav,0,MEN,MEN-S13F02,TG:373cb328e6d0029c,8.6328125,1,0.5008333333333334,0.99982184
mendeley/extracted/Bangla Audio Dataset Original and DeepFake Voices for AI-Based Voice Analysis and Detection/Dataset/S13F02/Real/15.wav,0,MEN,MEN-S13F02,TG:725e597ccf136c7b,8.6640625,1,0.4508333333333333,0.9998273
mendeley/extracted/Bangla Audio Dataset Original and DeepFake Voices for AI-Based Voice Analysis and Detection/Dataset/S13F02/Real/16.wav,0,MEN,MEN-S13F02,TG:19493fcae8d03fba,4.6875,1,0.5341666666666667,0.9908744
mendeley/extracted/Bangla Audio Dataset Original and DeepFake Voices for AI-Based Voice Analysis and Detection/Dataset/S13F02/Real/17.wav,0,MEN,MEN-S13F02,TG:6c80d161a68feef8,6.3125,1,0.3841666666666666,0.99818975
mendeley/extracted/Bangla Audio Dataset Original and DeepFake Voices for AI-Based Voice Analysis and Detection/Dataset/S13F02/Real/18.wav,0,MEN,MEN-S13F02,TG:c628bfabacea3ccb,-1.5654297,1,0.4675,0.17286891
mendeley/extracted/Bangla Audio Dataset Original and DeepFake Voices for AI-Based Voice Analysis and Detection/Dataset/S13F02/Real/19.wav,0,MEN,MEN-S13F02,TG:8dee1cb04b557d42,2.5625,1,0.5508333333333333,0.9284088
mendeley/extracted/Bangla Audio Dataset Original and DeepFake Voices for AI-Based Voice Analysis and Detection/Dataset/S13F02/Real/2.wav,0,MEN,MEN-S13F02,TG:b50c656187dba8e6,-5.625,1,0.5341666666666667,0.0035936027
mendeley/extracted/Bangla Audio Dataset Original and DeepFake Voices for AI-Based Voice Analysis and Detection/Dataset/S13F02/Real/20.wav,0,MEN,MEN-S13F02,TG:b2cf028254ed88e1,0.9272461,1,0.4508333333333333,0.71651626
mendeley/extracted/Bangla Audio Dataset Original and DeepFake Voices for AI-Based Voice Analysis and Detection/Dataset/S13F02/Real/21.wav,0,MEN,MEN-S13F02,TG:b16e2afabc8b744f,9.859375,1,0.5175000000000001,0.9999478
mendeley/extracted/Bangla Audio Dataset Original and DeepFake Voices for AI-Based Voice Analysis and Detection/Dataset/S13F02/Real/22.wav,0,MEN,MEN-S13F02,TG:3ea4c2ab6bd8c696,17.609375,1,0.5341666666666667,1.0
mendeley/extracted/Bangla Audio Dataset Original and DeepFake Voices for AI-Based Voice Analysis and Detection/Dataset/S13F02/Real/23.wav,0,MEN,MEN-S13F02,TG:1aea278e72d15d0c,5.8125,1,0.4841666666666666,0.99701905
mendeley/extracted/Bangla Audio Dataset Original and DeepFake Voices for AI-Based Voice Analysis and Detection/Dataset/S13F02/Real/24.wav,0,MEN,MEN-S13F02,TG:308b7809dcd529fe,6.5234375,1,0.4341666666666667,0.9985335
mendeley/extracted/Bangla Audio Dataset Original and DeepFake Voices for AI-Based Voice Analysis and Detection/Dataset/S13F02/Real/25.wav,0,MEN,MEN-S13F02,TG:d1b72b1834bf1ba9,10.859375,1,0.3508333333333333,0.9999808
mendeley/extracted/Bangla Audio Dataset Original and DeepFake Voices for AI-Based Voice Analysis and Detection/Dataset/S13F02/Real/26.wav,0,MEN,MEN-S13F02,TG:b30ab81ebf25d425,10.6171875,1,0.3841666666666666,0.99997556
mendeley/extracted/Bangla Audio Dataset Original and DeepFake Voices for AI-Based Voice Analysis and Detection/Dataset/S13F02/Real/27.wav,0,MEN,MEN-S13F02,TG:4801945c778274b7,5.1992188,1,0.4841666666666666,0.9945095
mendeley/extracted/Bangla Audio Dataset Original and DeepFake Voices for AI-Based Voice Analysis and Detection/Dataset/S13F02/Real/28.wav,0,MEN,MEN-S13F02,TG:20d29da1528cd788,-2.7539062,1,0.4008333333333334,0.059866417
mendeley/extracted/Bangla Audio Dataset Original and DeepFake Voices for AI-Based Voice Analysis and Detection/Dataset/S13F02/Real/29.wav,0,MEN,MEN-S13F02,TG:39ba0547eb0a9549,-1.0068359,1,0.5175000000000001,0.26759952
mendeley/extracted/Bangla Audio Dataset Original and DeepFake Voices for AI-Based Voice Analysis and Detection/Dataset/S13F02/Real/3.wav,0,MEN,MEN-S13F02,TG:e921a431e5a8d0f2,-21.140625,1,0.6008333333333333,6.587843e-10
mendeley/extracted/Bangla Audio Dataset Original and DeepFake Voices for AI-Based Voice Analysis and Detection/Dataset/S13F02/Real/30.wav,0,MEN,MEN-S13F02,TG:83175214af1cd3cc,-4.3125,1,0.5841666666666667,0.013222822
mendeley/extracted/Bangla Audio Dataset Original and DeepFake Voices for AI-Based Voice Analysis and Detection/Dataset/S13F02/Real/4.wav,0,MEN,MEN-S13F02,TG:7b4edaf138d43c24,-12.4609375,1,0.6008333333333333,3.8750914e-06
mendeley/extracted/Bangla Audio Dataset Original and DeepFake Voices for AI-Based Voice Analysis and Detection/Dataset/S13F02/Real/5.wav,0,MEN,MEN-S13F02,TG:4365e0fcdb4baa7c,-18.96875,1,0.5008333333333334,5.7806484e-09
mendeley/extracted/Bangla Audio Dataset Original and DeepFake Voices for AI-Based Voice Analysis and Detection/Dataset/S13F02/Real/6.wav,0,MEN,MEN-S13F02,TG:0d8af69205969b08,9.5390625,1,0.4508333333333333,0.999928
mendeley/extracted/Bangla Audio Dataset Original and DeepFake Voices for AI-Based Voice Analysis and Detection/Dataset/S13F02/Real/7.wav,0,MEN,MEN-S13F02,TG:40a9df8903c6d06d,-14.59375,1,0.5175000000000001,4.592135e-07
mendeley/extracted/Bangla Audio Dataset Original and DeepFake Voices for AI-Based Voice Analysis and Detection/Dataset/S13F02/Real/8.wav,0,MEN,MEN-S13F02,TG:ec3afa02296104d2,3.4863281,1,0.6008333333333333,0.97029626
mendeley/extracted/Bangla Audio Dataset Original and DeepFake Voices for AI-Based Voice Analysis and Detection/Dataset/S13F02/Real/9.wav,0,MEN,MEN-S13F02,TG:44ef37911c97b339,5.5625,1,0.5841666666666667,0.9961755
mendeley/extracted/Bangla Audio Dataset Original and DeepFake Voices for AI-Based Voice Analysis and Detection/Dataset/S13F03/Fake/1.wav,1,MEN,MEN-S13F03,TG:59a9f15bf4c1e1f9,-27.625,1,0.4308333333333333,1.0060393e-12
mendeley/extracted/Bangla Audio Dataset Original and DeepFake Voices for AI-Based Voice Analysis and Detection/Dataset/S13F03/Fake/10.wav,1,MEN,MEN-S13F03,TG:af46530c8e94f66a,0.17529297,1,0.5508333333333333,0.54371136
mendeley/extracted/Bangla Audio Dataset Original and DeepFake Voices for AI-Based Voice Analysis and Detection/Dataset/S13F03/Fake/11.wav,1,MEN,MEN-S13F03,TG:206cd06074b026d5,-22.703125,1,0.5225,1.380887e-10
mendeley/extracted/Bangla Audio Dataset Original and DeepFake Voices for AI-Based Voice Analysis and Detection/Dataset/S13F03/Fake/12.wav,1,MEN,MEN-S13F03,TG:fc8142f1666481b5,-9.984375,1,0.4691666666666666,4.611275e-05
mendeley/extracted/Bangla Audio Dataset Original and DeepFake Voices for AI-Based Voice Analysis and Detection/Dataset/S13F03/Fake/13.wav,1,MEN,MEN-S13F03,TG:8b9d7fe36d313ffb,-21.453125,1,0.6041666666666667,4.8197685e-10
mendeley/extracted/Bangla Audio Dataset Original and DeepFake Voices for AI-Based Voice Analysis and Detection/Dataset/S13F03/Fake/14.wav,1,MEN,MEN-S13F03,TG:373cb328e6d0029c,-2.2773438,1,0.4258333333333333,0.0930168
mendeley/extracted/Bangla Audio Dataset Original and DeepFake Voices for AI-Based Voice Analysis and Detection/Dataset/S13F03/Fake/15.wav,1,MEN,MEN-S13F03,TG:725e597ccf136c7b,-6.6914062,1,0.5008333333333334,0.0012399962
mendeley/extracted/Bangla Audio Dataset Original and DeepFake Voices for AI-Based Voice Analysis and Detection/Dataset/S13F03/Fake/16.wav,1,MEN,MEN-S13F03,TG:19493fcae8d03fba,-17.5,1,0.4408333333333333,2.5109992e-08
mendeley/extracted/Bangla Audio Dataset Original and DeepFake Voices for AI-Based Voice Analysis and Detection/Dataset/S13F03/Fake/17.wav,1,MEN,MEN-S13F03,TG:6c80d161a68feef8,-15.6015625,1,0.4358333333333333,1.6762063e-07
mendeley/extracted/Bangla Audio Dataset Original and DeepFake Voices for AI-Based Voice Analysis and Detection/Dataset/S13F03/Fake/18.wav,1,MEN,MEN-S13F03,TG:c628bfabacea3ccb,6.9023438,1,0.4241666666666667,0.9989956
mendeley/extracted/Bangla Audio Dataset Original and DeepFake Voices for AI-Based Voice Analysis and Detection/Dataset/S13F03/Fake/19.wav,1,MEN,MEN-S13F03,TG:8dee1cb04b557d42,-16.21875,1,0.3708333333333333,9.042455e-08
mendeley/extracted/Bangla Audio Dataset Original and DeepFake Voices for AI-Based Voice Analysis and Detection/Dataset/S13F03/Fake/2.wav,1,MEN,MEN-S13F03,TG:b50c656187dba8e6,-0.54785156,1,0.5508333333333333,0.36636302
mendeley/extracted/Bangla Audio Dataset Original and DeepFake Voices for AI-Based Voice Analysis and Detection/Dataset/S13F03/Fake/20.wav,1,MEN,MEN-S13F03,TG:b2cf028254ed88e1,-24.75,1,0.3774999999999999,1.7832475e-11
mendeley/extracted/Bangla Audio Dataset Original and DeepFake Voices for AI-Based Voice Analysis and Detection/Dataset/S13F03/Fake/21.wav,1,MEN,MEN-S13F03,TG:b16e2afabc8b744f,-17.125,1,0.4308333333333333,3.653482e-08
mendeley/extracted/Bangla Audio Dataset Original and DeepFake Voices for AI-Based Voice Analysis and Detection/Dataset/S13F03/Fake/22.wav,1,MEN,MEN-S13F03,TG:3ea4c2ab6bd8c696,-5.5664062,1,0.5525,0.0038096302
mendeley/extracted/Bangla Audio Dataset Original and DeepFake Voices for AI-Based Voice Analysis and Detection/Dataset/S13F03/Fake/23.wav,1,MEN,MEN-S13F03,TG:1aea278e72d15d0c,9.65625,1,0.4841666666666666,0.999936
mendeley/extracted/Bangla Audio Dataset Original and DeepFake Voices for AI-Based Voice Analysis and Detection/Dataset/S13F03/Fake/24.wav,1,MEN,MEN-S13F03,TG:308b7809dcd529fe,10.1171875,1,0.5341666666666667,0.9999596
mendeley/extracted/Bangla Audio Dataset Original and DeepFake Voices for AI-Based Voice Analysis and Detection/Dataset/S13F03/Fake/25.wav,1,MEN,MEN-S13F03,TG:d1b72b1834bf1ba9,-13.4375,1,0.3808333333333333,1.4593761e-06
mendeley/extracted/Bangla Audio Dataset Original and DeepFake Voices for AI-Based Voice Analysis and Detection/Dataset/S13F03/Fake/26.wav,1,MEN,MEN-S13F03,TG:b30ab81ebf25d425,-14.328125,1,0.4375,5.989273e-07
mendeley/extracted/Bangla Audio Dataset Original and DeepFake Voices for AI-Based Voice Analysis and Detection/Dataset/S13F03/Fake/27.wav,1,MEN,MEN-S13F03,TG:4801945c778274b7,-22.390625,1,0.4708333333333333,1.8874485e-10
mendeley/extracted/Bangla Audio Dataset Original and DeepFake Voices for AI-Based Voice Analysis and Detection/Dataset/S13F03/Fake/28.wav,1,MEN,MEN-S13F03,TG:20d29da1528cd788,8.625,1,0.3908333333333333,0.99982053
mendeley/extracted/Bangla Audio Dataset Original and DeepFake Voices for AI-Based Voice Analysis and Detection/Dataset/S13F03/Fake/29.wav,1,MEN,MEN-S13F03,TG:39ba0547eb0a9549,-12.71875,1,0.3808333333333333,2.9944408e-06
mendeley/extracted/Bangla Audio Dataset Original and DeepFake Voices for AI-Based Voice Analysis and Detection/Dataset/S13F03/Fake/3.wav,1,MEN,MEN-S13F03,TG:e921a431e5a8d0f2,-13.9453125,1,0.5991666666666666,8.782687e-07
mendeley/extracted/Bangla Audio Dataset Original and DeepFake Voices for AI-Based Voice Analysis and Detection/Dataset/S13F03/Fake/30.wav,1,MEN,MEN-S13F03,TG:83175214af1cd3cc,-17.75,1,0.5408333333333333,1.9555682e-08
mendeley/extracted/Bangla Audio Dataset Original and DeepFake Voices for AI-Based Voice Analysis and Detection/Dataset/S13F03/Fake/4.wav,1,MEN,MEN-S13F03,TG:7b4edaf138d43c24,-4.34375,1,0.4508333333333333,0.012821215
mendeley/extracted/Bangla Audio Dataset Original and DeepFake Voices for AI-Based Voice Analysis and Detection/Dataset/S13F03/Fake/5.wav,1,MEN,MEN-S13F03,TG:4365e0fcdb4baa7c,-3.9199219,1,0.3325,0.019456575
mendeley/extracted/Bangla Audio Dataset Original and DeepFake Voices for AI-Based Voice Analysis and Detection/Dataset/S13F03/Fake/6.wav,1,MEN,MEN-S13F03,TG:0d8af69205969b08,10.0703125,1,0.4941666666666666,0.9999577
mendeley/extracted/Bangla Audio Dataset Original and DeepFake Voices for AI-Based Voice Analysis and Detection/Dataset/S13F03/Fake/7.wav,1,MEN,MEN-S13F03,TG:40a9df8903c6d06d,-16.53125,1,0.3841666666666666,6.615601e-08
mendeley/extracted/Bangla Audio Dataset Original and DeepFake Voices for AI-Based Voice Analysis and Detection/Dataset/S13F03/Fake/8.wav,1,MEN,MEN-S13F03,TG:ec3afa02296104d2,-19.1875,1,0.5175000000000001,4.6448814e-09
mendeley/extracted/Bangla Audio Dataset Original and DeepFake Voices for AI-Based Voice Analysis and Detection/Dataset/S13F03/Fake/9.wav,1,MEN,MEN-S13F03,TG:44ef37911c97b339,-5.9257812,1,0.5974999999999999,0.0026626128
mendeley/extracted/Bangla Audio Dataset Original and DeepFake Voices for AI-Based Voice Analysis and Detection/Dataset/S13F03/Real/1.wav,0,MEN,MEN-S13F03,TG:59a9f15bf4c1e1f9,-11.21875,1,0.5008333333333334,1.3420014e-05
mendeley/extracted/Bangla Audio Dataset Original and DeepFake Voices for AI-Based Voice Analysis and Detection/Dataset/S13F03/Real/10.wav,0,MEN,MEN-S13F03,TG:af46530c8e94f66a,-3.0136719,1,0.4508333333333333,0.04681203
mendeley/extracted/Bangla Audio Dataset Original and DeepFake Voices for AI-Based Voice Analysis and Detection/Dataset/S13F03/Real/11.wav,0,MEN,MEN-S13F03,TG:206cd06074b026d5,-6.8046875,1,0.4841666666666666,0.0011073389
mendeley/extracted/Bangla Audio Dataset Original and DeepFake Voices for AI-Based Voice Analysis and Detection/Dataset/S13F03/Real/12.wav,0,MEN,MEN-S13F03,TG:fc8142f1666481b5,-26.078125,1,0.4508333333333333,4.725135e-12
mendeley/extracted/Bangla Audio Dataset Original and DeepFake Voices for AI-Based Voice Analysis and Detection/Dataset/S13F03/Real/13.wav,0,MEN,MEN-S13F03,TG:8b9d7fe36d313ffb,1.4365234,1,0.5841666666666667,0.8079157
mendeley/extracted/Bangla Audio Dataset Original and DeepFake Voices for AI-Based Voice Analysis and Detection/Dataset/S13F03/Real/14.wav,0,MEN,MEN-S13F03,TG:373cb328e6d0029c,-1.0097656,1,0.4508333333333333,0.2670257
mendeley/extracted/Bangla Audio Dataset Original and DeepFake Voices for AI-Based Voice Analysis and Detection/Dataset/S13F03/Real/15.wav,0,MEN,MEN-S13F03,TG:725e597ccf136c7b,-18.359375,1,0.5008333333333334,1.063224e-08
mendeley/extracted/Bangla Audio Dataset Original and DeepFake Voices for AI-Based Voice Analysis and Detection/Dataset/S13F03/Real/16.wav,0,MEN,MEN-S13F03,TG:19493fcae8d03fba,-5.8359375,1,0.5341666666666667,0.0029121784
mendeley/extracted/Bangla Audio Dataset Original and DeepFake Voices for AI-Based Voice Analysis and Detection/Dataset/S13F03/Real/17.wav,0,MEN,MEN-S13F03,TG:6c80d161a68feef8,-16.515625,1,0.4341666666666667,6.719782e-08
mendeley/extracted/Bangla Audio Dataset Original and DeepFake Voices for AI-Based Voice Analysis and Detection/Dataset/S13F03/Real/18.wav,0,MEN,MEN-S13F03,TG:c628bfabacea3ccb,-9.4765625,1,0.5175000000000001,7.662102e-05
mendeley/extracted/Bangla Audio Dataset Original and DeepFake Voices for AI-Based Voice Analysis and Detection/Dataset/S13F03/Real/19.wav,0,MEN,MEN-S13F03,TG:8dee1cb04b557d42,-5.8164062,1,0.4841666666666666,0.0029694452
mendeley/extracted/Bangla Audio Dataset Original and DeepFake Voices for AI-Based Voice Analysis and Detection/Dataset/S13F03/Real/2.wav,0,MEN,MEN-S13F03,TG:b50c656187dba8e6,-8.9296875,1,0.4341666666666667,0.00013238186
mendeley/extracted/Bangla Audio Dataset Original and DeepFake Voices for AI-Based Voice Analysis and Detection/Dataset/S13F03/Real/20.wav,0,MEN,MEN-S13F03,TG:b2cf028254ed88e1,-21.0,1,0.4175,7.58256e-10
mendeley/extracted/Bangla Audio Dataset Original and DeepFake Voices for AI-Based Voice Analysis and Detection/Dataset/S13F03/Real/21.wav,0,MEN,MEN-S13F03,TG:b16e2afabc8b744f,-18.28125,1,0.4508333333333333,1.1496192e-08
mendeley/extracted/Bangla Audio Dataset Original and DeepFake Voices for AI-Based Voice Analysis and Detection/Dataset/S13F03/Real/22.wav,0,MEN,MEN-S13F03,TG:3ea4c2ab6bd8c696,-9.0234375,1,0.5008333333333334,0.00012053649
mendeley/extracted/Bangla Audio Dataset Original and DeepFake Voices for AI-Based Voice Analysis and Detection/Dataset/S13F03/Real/23.wav,0,MEN,MEN-S13F03,TG:1aea278e72d15d0c,-17.21875,1,0.4675,3.3265334e-08
mendeley/extracted/Bangla Audio Dataset Original and DeepFake Voices for AI-Based Voice Analysis and Detection/Dataset/S13F03/Real/24.wav,0,MEN,MEN-S13F03,TG:308b7809dcd529fe,-13.09375,1,0.5175000000000001,2.0580492e-06
mendeley/extracted/Bangla Audio Dataset Original and DeepFake Voices for AI-Based Voice Analysis and Detection/Dataset/S13F03/Real/25.wav,0,MEN,MEN-S13F03,TG:d1b72b1834bf1ba9,-21.65625,1,0.4175,3.9337805e-10
mendeley/extracted/Bangla Audio Dataset Original and DeepFake Voices for AI-Based Voice Analysis and Detection/Dataset/S13F03/Real/26.wav,0,MEN,MEN-S13F03,TG:b30ab81ebf25d425,-10.8515625,1,0.4675,1.9373938e-05
mendeley/extracted/Bangla Audio Dataset Original and DeepFake Voices for AI-Based Voice Analysis and Detection/Dataset/S13F03/Real/27.wav,0,MEN,MEN-S13F03,TG:4801945c778274b7,-10.984375,1,0.5341666666666667,1.6964426e-05
mendeley/extracted/Bangla Audio Dataset Original and DeepFake Voices for AI-Based Voice Analysis and Detection/Dataset/S13F03/Real/28.wav,0,MEN,MEN-S13F03,TG:20d29da1528cd788,-8.1953125,1,0.4341666666666667,0.0002758679
mendeley/extracted/Bangla Audio Dataset Original and DeepFake Voices for AI-Based Voice Analysis and Detection/Dataset/S13F03/Real/29.wav,0,MEN,MEN-S13F03,TG:39ba0547eb0a9549,-6.8828125,1,0.4675,0.0010242064
mendeley/extracted/Bangla Audio Dataset Original and DeepFake Voices for AI-Based Voice Analysis and Detection/Dataset/S13F03/Real/3.wav,0,MEN,MEN-S13F03,TG:e921a431e5a8d0f2,5.5390625,1,0.4508333333333333,0.99608517
mendeley/extracted/Bangla Audio Dataset Original and DeepFake Voices for AI-Based Voice Analysis and Detection/Dataset/S13F03/Real/30.wav,0,MEN,MEN-S13F03,TG:83175214af1cd3cc,-19.15625,1,0.5508333333333333,4.792326e-09
mendeley/extracted/Bangla Audio Dataset Original and DeepFake Voices for AI-Based Voice Analysis and Detection/Dataset/S13F03/Real/4.wav,0,MEN,MEN-S13F03,TG:7b4edaf138d43c24,-9.4453125,1,0.4841666666666666,7.905304e-05
mendeley/extracted/Bangla Audio Dataset Original and DeepFake Voices for AI-Based Voice Analysis and Detection/Dataset/S13F03/Real/5.wav,0,MEN,MEN-S13F03,TG:4365e0fcdb4baa7c,-14.3046875,1,0.5008333333333334,6.1313045e-07
mendeley/extracted/Bangla Audio Dataset Original and DeepFake Voices for AI-Based Voice Analysis and Detection/Dataset/S13F03/Real/6.wav,0,MEN,MEN-S13F03,TG:0d8af69205969b08,-0.19177246,1,0.4008333333333334,0.4522033
mendeley/extracted/Bangla Audio Dataset Original and DeepFake Voices for AI-Based Voice Analysis and Detection/Dataset/S13F03/Real/7.wav,0,MEN,MEN-S13F03,TG:40a9df8903c6d06d,-13.078125,1,0.5175000000000001,2.0904586e-06
mendeley/extracted/Bangla Audio Dataset Original and DeepFake Voices for AI-Based Voice Analysis and Detection/Dataset/S13F03/Real/8.wav,0,MEN,MEN-S13F03,TG:ec3afa02296104d2,-8.59375,1,0.5341666666666667,0.00018522573
mendeley/extracted/Bangla Audio Dataset Original and DeepFake Voices for AI-Based Voice Analysis and Detection/Dataset/S13F03/Real/9.wav,0,MEN,MEN-S13F03,TG:44ef37911c97b339,-1.2080078,1,0.5175000000000001,0.23005375
mendeley/extracted/Bangla Audio Dataset Original and DeepFake Voices for AI-Based Voice Analysis and Detection/Dataset/S13F05/Fake/1.wav,1,MEN,MEN-S13F05,TG:59a9f15bf4c1e1f9,-12.0,1,0.4641666666666666,6.144175e-06
mendeley/extracted/Bangla Audio Dataset Original and DeepFake Voices for AI-Based Voice Analysis and Detection/Dataset/S13F05/Fake/10.wav,1,MEN,MEN-S13F05,TG:af46530c8e94f66a,-1.4609375,1,0.5341666666666667,0.18832397
mendeley/extracted/Bangla Audio Dataset Original and DeepFake Voices for AI-Based Voice Analysis and Detection/Dataset/S13F05/Fake/11.wav,1,MEN,MEN-S13F05,TG:206cd06074b026d5,-22.765625,1,0.5208333333333333,1.2972232e-10
mendeley/extracted/Bangla Audio Dataset Original and DeepFake Voices for AI-Based Voice Analysis and Detection/Dataset/S13F05/Fake/12.wav,1,MEN,MEN-S13F05,TG:fc8142f1666481b5,0.80029297,1,0.4575,0.6900372
mendeley/extracted/Bangla Audio Dataset Original and DeepFake Voices for AI-Based Voice Analysis and Detection/Dataset/S13F05/Fake/13.wav,1,MEN,MEN-S13F05,TG:8b9d7fe36d313ffb,-12.09375,1,0.5841666666666667,5.594338e-06
mendeley/extracted/Bangla Audio Dataset Original and DeepFake Voices for AI-Based Voice Analysis and Detection/Dataset/S13F05/Fake/14.wav,1,MEN,MEN-S13F05,TG:373cb328e6d0029c,-4.4726562,1,0.4175,0.011288074
mendeley/extracted/Bangla Audio Dataset Original and DeepFake Voices for AI-Based Voice Analysis and Detection/Dataset/S13F05/Fake/15.wav,1,MEN,MEN-S13F05,TG:725e597ccf136c7b,-16.359375,1,0.4908333333333333,7.856221e-08
mendeley/extracted/Bangla Audio Dataset Original and DeepFake Voices for AI-Based Voice Analysis and Detection/Dataset/S13F05/Fake/16.wav,1,MEN,MEN-S13F05,TG:19493fcae8d03fba,0.12695312,1,0.4541666666666667,0.5316957
mendeley/extracted/Bangla Audio Dataset Original and DeepFake Voices for AI-Based Voice Analysis and Detection/Dataset/S13F05/Fake/17.wav,1,MEN,MEN-S13F05,TG:6c80d161a68feef8,-16.578125,1,0.4141666666666667,6.3126514e-08
mendeley/extracted/Bangla Audio Dataset Original and DeepFake Voices for AI-Based Voice Analysis and Detection/Dataset/S13F05/Fake/18.wav,1,MEN,MEN-S13F05,TG:c628bfabacea3ccb,-16.15625,1,0.4375,9.625642e-08
mendeley/extracted/Bangla Audio Dataset Original and DeepFake Voices for AI-Based Voice Analysis and Detection/Dataset/S13F05/Fake/19.wav,1,MEN,MEN-S13F05,TG:8dee1cb04b557d42,-18.171875,1,0.3941666666666666,1.282493e-08
mendeley/extracted/Bangla Audio Dataset Original and DeepFake Voices for AI-Based Voice Analysis and Detection/Dataset/S13F05/Fake/2.wav,1,MEN,MEN-S13F05,TG:b50c656187dba8e6,0.7841797,1,0.4808333333333333,0.68658024
mendeley/extracted/Bangla Audio Dataset Original and DeepFake Voices for AI-Based Voice Analysis and Detection/Dataset/S13F05/Fake/20.wav,1,MEN,MEN-S13F05,TG:b2cf028254ed88e1,-16.828125,1,0.3241666666666667,4.916298e-08
mendeley/extracted/Bangla Audio Dataset Original and DeepFake Voices for AI-Based Voice Analysis and Detection/Dataset/S13F05/Fake/21.wav,1,MEN,MEN-S13F05,TG:b16e2afabc8b744f,-15.2734375,1,0.3941666666666666,2.3271815e-07
mendeley/extracted/Bangla Audio Dataset Original and DeepFake Voices for AI-Based Voice Analysis and Detection/Dataset/S13F05/Fake/22.wav,1,MEN,MEN-S13F05,TG:3ea4c2ab6bd8c696,-2.7226562,1,0.4275,0.061649624
mendeley/extracted/Bangla Audio Dataset Original and DeepFake Voices for AI-Based Voice Analysis and Detection/Dataset/S13F05/Fake/23.wav,1,MEN,MEN-S13F05,TG:1aea278e72d15d0c,4.9140625,1,0.4608333333333333,0.99271095
mendeley/extracted/Bangla Audio Dataset Original and DeepFake Voices for AI-Based Voice Analysis and Detection/Dataset/S13F05/Fake/24.wav,1,MEN,MEN-S13F05,TG:308b7809dcd529fe,11.2578125,1,0.5325,0.9999871
mendeley/extracted/Bangla Audio Dataset Original and DeepFake Voices for AI-Based Voice Analysis and Detection/Dataset/S13F05/Fake/25.wav,1,MEN,MEN-S13F05,TG:d1b72b1834bf1ba9,-16.515625,1,0.3575,6.719782e-08
mendeley/extracted/Bangla Audio Dataset Original and DeepFake Voices for AI-Based Voice Analysis and Detection/Dataset/S13F05/Fake/26.wav,1,MEN,MEN-S13F05,TG:b30ab81ebf25d425,-15.6171875,1,0.3924999999999999,1.650219e-07
mendeley/extracted/Bangla Audio Dataset Original and DeepFake Voices for AI-Based Voice Analysis and Detection/Dataset/S13F05/Fake/27.wav,1,MEN,MEN-S13F05,TG:4801945c778274b7,-4.6210938,1,0.4375,0.009746104
mendeley/extracted/Bangla Audio Dataset Original and DeepFake Voices for AI-Based Voice Analysis and Detection/Dataset/S13F05/Fake/28.wav,1,MEN,MEN-S13F05,TG:20d29da1528cd788,4.75,1,0.3791666666666666,0.9914225
mendeley/extracted/Bangla Audio Dataset Original and DeepFake Voices for AI-Based Voice Analysis and Detection/Dataset/S13F05/Fake/29.wav,1,MEN,MEN-S13F05,TG:39ba0547eb0a9549,-15.90625,1,0.3908333333333333,1.235957e-07
mendeley/extracted/Bangla Audio Dataset Original and DeepFake Voices for AI-Based Voice Analysis and Detection/Dataset/S13F05/Fake/3.wav,1,MEN,MEN-S13F05,TG:e921a431e5a8d0f2,-10.2890625,1,0.6174999999999999,3.400182e-05
mendeley/extracted/Bangla Audio Dataset Original and DeepFake Voices for AI-Based Voice Analysis and Detection/Dataset/S13F05/Fake/30.wav,1,MEN,MEN-S13F05,TG:83175214af1cd3cc,-8.921875,1,0.5308333333333333,0.00013342
mendeley/extracted/Bangla Audio Dataset Original and DeepFake Voices for AI-Based Voice Analysis and Detection/Dataset/S13F05/Fake/4.wav,1,MEN,MEN-S13F05,TG:7b4edaf138d43c24,-30.25,1,0.4841666666666666,7.2877244e-14
mendeley/extracted/Bangla Audio Dataset Original and DeepFake Voices for AI-Based Voice Analysis and Detection/Dataset/S13F05/Fake/5.wav,1,MEN,MEN-S13F05,TG:4365e0fcdb4baa7c,-23.125,1,0.3958333333333333,9.056077e-11
mendeley/extracted/Bangla Audio Dataset Original and DeepFake Voices for AI-Based Voice Analysis and Detection/Dataset/S13F05/Fake/6.wav,1,MEN,MEN-S13F05,TG:0d8af69205969b08,12.125,1,0.4808333333333333,0.99999464
mendeley/extracted/Bangla Audio Dataset Original and DeepFake Voices for AI-Based Voice Analysis and Detection/Dataset/S13F05/Fake/7.wav,1,MEN,MEN-S13F05,TG:40a9df8903c6d06d,-17.25,1,0.4741666666666666,3.2241868e-08
mendeley/extracted/Bangla Audio Dataset Original and DeepFake Voices for AI-Based Voice Analysis and Detection/Dataset/S13F05/Fake/8.wav,1,MEN,MEN-S13F05,TG:ec3afa02296104d2,-15.6953125,1,0.5858333333333333,1.5262032e-07
mendeley/extracted/Bangla Audio Dataset Original and DeepFake Voices for AI-Based Voice Analysis and Detection/Dataset/S13F05/Fake/9.wav,1,MEN,MEN-S13F05,TG:44ef37911c97b339,-7.0585938,1,0.5491666666666667,0.00085924764
mendeley/extracted/Bangla Audio Dataset Original and DeepFake Voices for AI-Based Voice Analysis and Detection/Dataset/S13F05/Real/1.wav,0,MEN,MEN-S13F05,TG:59a9f15bf4c1e1f9,4.7617188,1,0.6341666666666667,0.9915216
mendeley/extracted/Bangla Audio Dataset Original and DeepFake Voices for AI-Based Voice Analysis and Detection/Dataset/S13F05/Real/10.wav,0,MEN,MEN-S13F05,TG:af46530c8e94f66a,8.078125,1,0.6508333333333334,0.9996898
mendeley/extracted/Bangla Audio Dataset Original and DeepFake Voices for AI-Based Voice Analysis and Detection/Dataset/S13F05/Real/11.wav,0,MEN,MEN-S13F05,TG:206cd06074b026d5,1.5107422,1,0.6341666666666667,0.8191712
mendeley/extracted/Bangla Audio Dataset Original and DeepFake Voices for AI-Based Voice Analysis and Detection/Dataset/S13F05/Real/12.wav,0,MEN,MEN-S13F05,TG:fc8142f1666481b5,5.3789062,1,0.5841666666666667,0.99540824
mendeley/extracted/Bangla Audio Dataset Original and DeepFake Voices for AI-Based Voice Analysis and Detection/Dataset/S13F05/Real/13.wav,0,MEN,MEN-S13F05,TG:8b9d7fe36d313ffb,-3.9902344,1,0.6508333333333334,0.018159512
mendeley/extracted/Bangla Audio Dataset Original and DeepFake Voices for AI-Based Voice Analysis and Detection/Dataset/S13F05/Real/14.wav,0,MEN,MEN-S13F05,TG:373cb328e6d0029c,6.75,1,0.6008333333333333,0.9988305
mendeley/extracted/Bangla Audio Dataset Original and DeepFake Voices for AI-Based Voice Analysis and Detection/Dataset/S13F05/Real/15.wav,0,MEN,MEN-S13F05,TG:725e597ccf136c7b,-0.84375,1,0.6675,0.30074558
mendeley/extracted/Bangla Audio Dataset Original and DeepFake Voices for AI-Based Voice Analysis and Detection/Dataset/S13F05/Real/16.wav,0,MEN,MEN-S13F05,TG:19493fcae8d03fba,-1.2265625,1,0.5841666666666667,0.22678363
mendeley/extracted/Bangla Audio Dataset Original and DeepFake Voices for AI-Based Voice Analysis and Detection/Dataset/S13F05/Real/17.wav,0,MEN,MEN-S13F05,TG:6c80d161a68feef8,-6.5,1,0.5841666666666667,0.0015011822
mendeley/extracted/Bangla Audio Dataset Original and DeepFake Voices for AI-Based Voice Analysis and Detection/Dataset/S13F05/Real/18.wav,0,MEN,MEN-S13F05,TG:c628bfabacea3ccb,1.8183594,1,0.6675,0.86036915
mendeley/extracted/Bangla Audio Dataset Original and DeepFake Voices for AI-Based Voice Analysis and Detection/Dataset/S13F05/Real/19.wav,0,MEN,MEN-S13F05,TG:8dee1cb04b557d42,-4.265625,1,0.6508333333333334,0.01384861
mendeley/extracted/Bangla Audio Dataset Original and DeepFake Voices for AI-Based Voice Analysis and Detection/Dataset/S13F05/Real/2.wav,0,MEN,MEN-S13F05,TG:b50c656187dba8e6,-9.4375,1,0.6174999999999999,7.967302e-05
mendeley/extracted/Bangla Audio Dataset Original and DeepFake Voices for AI-Based Voice Analysis and Detection/Dataset/S13F05/Real/20.wav,0,MEN,MEN-S13F05,TG:b2cf028254ed88e1,1.7509766,1,0.5508333333333333,0.8520759
mendeley/extracted/Bangla Audio Dataset Original and DeepFake Voices for AI-Based Voice Analysis and Detection/Dataset/S13F05/Real/21.wav,0,MEN,MEN-S13F05,TG:b16e2afabc8b744f,-16.125,1,0.5841666666666667,9.931194e-08
mendeley/extracted/Bangla Audio Dataset Original and DeepFake Voices for AI-Based Voice Analysis and Detection/Dataset/S13F05/Real/22.wav,0,MEN,MEN-S13F05,TG:3ea4c2ab6bd8c696,-2.671875,1,0.6174999999999999,0.064653486
mendeley/extracted/Bangla Audio Dataset Original and DeepFake Voices for AI-Based Voice Analysis and Detection/Dataset/S13F05/Real/23.wav,0,MEN,MEN-S13F05,TG:1aea278e72d15d0c,8.90625,1,0.5508333333333333,0.99986446
mendeley/extracted/Bangla Audio Dataset Original and DeepFake Voices for AI-Based Voice Analysis and Detection/Dataset/S13F05/Real/24.wav,0,MEN,MEN-S13F05,TG:308b7809dcd529fe,3.25,1,0.5675,0.96267307
mendeley/extracted/Bangla Audio Dataset Original and DeepFake Voices for AI-Based Voice Analysis and Detection/Dataset/S13F05/Real/25.wav,0,MEN,MEN-S13F05,TG:d1b72b1834bf1ba9,-1.1230469,1,0.5508333333333333,0.24544658
mendeley/extracted/Bangla Audio Dataset Original and DeepFake Voices for AI-Based Voice Analysis and Detection/Dataset/S13F05/Real/26.wav,0,MEN,MEN-S13F05,TG:b30ab81ebf25d425,-6.125,1,0.6174999999999999,0.0021827165
mendeley/extracted/Bangla Audio Dataset Original and DeepFake Voices for AI-Based Voice Analysis and Detection/Dataset/S13F05/Real/27.wav,0,MEN,MEN-S13F05,TG:4801945c778274b7,4.7109375,1,0.6508333333333334,0.99108386
mendeley/extracted/Bangla Audio Dataset Original and DeepFake Voices for AI-Based Voice Analysis and Detection/Dataset/S13F05/Real/28.wav,0,MEN,MEN-S13F05,TG:20d29da1528cd788,-8.1796875,1,0.5841666666666667,0.00028021098
mendeley/extracted/Bangla Audio Dataset Original and DeepFake Voices for AI-Based Voice Analysis and Detection/Dataset/S13F05/Real/29.wav,0,MEN,MEN-S13F05,TG:39ba0547eb0a9549,-9.5,1,0.6341666666666667,7.4846226e-05
mendeley/extracted/Bangla Audio Dataset Original and DeepFake Voices for AI-Based Voice Analysis and Detection/Dataset/S13F05/Real/3.wav,0,MEN,MEN-S13F05,TG:e921a431e5a8d0f2,4.1523438,1,0.6174999999999999,0.984516
mendeley/extracted/Bangla Audio Dataset Original and DeepFake Voices for AI-Based Voice Analysis and Detection/Dataset/S13F05/Real/30.wav,0,MEN,MEN-S13F05,TG:83175214af1cd3cc,1.203125,1,0.7008333333333333,0.7690802
mendeley/extracted/Bangla Audio Dataset Original and DeepFake Voices for AI-Based Voice Analysis and Detection/Dataset/S13F05/Real/4.wav,0,MEN,MEN-S13F05,TG:7b4edaf138d43c24,-5.8125,1,0.6008333333333333,0.0029810327
mendeley/extracted/Bangla Audio Dataset Original and DeepFake Voices for AI-Based Voice Analysis and Detection/Dataset/S13F05/Real/5.wav,0,MEN,MEN-S13F05,TG:4365e0fcdb4baa7c,0.17907715,1,0.5008333333333334,0.54465
mendeley/extracted/Bangla Audio Dataset Original and DeepFake Voices for AI-Based Voice Analysis and Detection/Dataset/S13F05/Real/6.wav,0,MEN,MEN-S13F05,TG:0d8af69205969b08,10.3515625,1,0.5008333333333334,0.99996805
mendeley/extracted/Bangla Audio Dataset Original and DeepFake Voices for AI-Based Voice Analysis and Detection/Dataset/S13F05/Real/7.wav,0,MEN,MEN-S13F05,TG:40a9df8903c6d06d,0.22521973,1,0.6174999999999999,0.5560681
mendeley/extracted/Bangla Audio Dataset Original and DeepFake Voices for AI-Based Voice Analysis and Detection/Dataset/S13F05/Real/8.wav,0,MEN,MEN-S13F05,TG:ec3afa02296104d2,4.6054688,1,0.6174999999999999,0.99010193
mendeley/extracted/Bangla Audio Dataset Original and DeepFake Voices for AI-Based Voice Analysis and Detection/Dataset/S13F05/Real/9.wav,0,MEN,MEN-S13F05,TG:44ef37911c97b339,1.5439453,1,0.6341666666666667,0.8240375
mendeley/extracted/Bangla Audio Dataset Original and DeepFake Voices for AI-Based Voice Analysis and Detection/Dataset/S13M01/Fake/1.wav,1,MEN,MEN-S13M01,TG:59a9f15bf4c1e1f9,1.2246094,1,0.5541666666666667,0.7728737
mendeley/extracted/Bangla Audio Dataset Original and DeepFake Voices for AI-Based Voice Analysis and Detection/Dataset/S13M01/Fake/10.wav,1,MEN,MEN-S13M01,TG:af46530c8e94f66a,11.5625,1,0.4541666666666667,0.99999046
mendeley/extracted/Bangla Audio Dataset Original and DeepFake Voices for AI-Based Voice Analysis and Detection/Dataset/S13M01/Fake/11.wav,1,MEN,MEN-S13M01,TG:206cd06074b026d5,-8.8125,1,0.5341666666666667,0.00014883849
mendeley/extracted/Bangla Audio Dataset Original and DeepFake Voices for AI-Based Voice Analysis and Detection/Dataset/S13M01/Fake/12.wav,1,MEN,MEN-S13M01,TG:fc8142f1666481b5,-11.703125,1,0.3225,8.267873e-06
mendeley/extracted/Bangla Audio Dataset Original and DeepFake Voices for AI-Based Voice Analysis and Detection/Dataset/S13M01/Fake/13.wav,1,MEN,MEN-S13M01,TG:8b9d7fe36d313ffb,-7.5351562,1,0.4541666666666667,0.00053369283
mendeley/extracted/Bangla Audio Dataset Original and DeepFake Voices for AI-Based Voice Analysis and Detection/Dataset/S13M01/Fake/14.wav,1,MEN,MEN-S13M01,TG:373cb328e6d0029c,-14.3984375,1,0.4875,5.5826166e-07
mendeley/extracted/Bangla Audio Dataset Original and DeepFake Voices for AI-Based Voice Analysis and Detection/Dataset/S13M01/Fake/15.wav,1,MEN,MEN-S13M01,TG:725e597ccf136c7b,-8.1875,1,0.5625,0.00027803096
mendeley/extracted/Bangla Audio Dataset Original and DeepFake Voices for AI-Based Voice Analysis and Detection/Dataset/S13M01/Fake/16.wav,1,MEN,MEN-S13M01,TG:19493fcae8d03fba,3.2617188,1,0.4675,0.96309197
mendeley/extracted/Bangla Audio Dataset Original and DeepFake Voices for AI-Based Voice Analysis and Detection/Dataset/S13M01/Fake/17.wav,1,MEN,MEN-S13M01,TG:6c80d161a68feef8,-23.640625,1,0.3874999999999999,5.4076306e-11
mendeley/extracted/Bangla Audio Dataset Original and DeepFake Voices for AI-Based Voice Analysis and Detection/Dataset/S13M01/Fake/18.wav,1,MEN,MEN-S13M01,TG:c628bfabacea3ccb,-14.734375,1,0.3508333333333333,3.9897168e-07
mendeley/extracted/Bangla Audio Dataset Original and DeepFake Voices for AI-Based Voice Analysis and Detection/Dataset/S13M01/Fake/19.wav,1,MEN,MEN-S13M01,TG:8dee1cb04b557d42,-3.2089844,1,0.5325,0.038829025
mendeley/extracted/Bangla Audio Dataset Original and DeepFake Voices for AI-Based Voice Analysis and Detection/Dataset/S13M01/Fake/2.wav,1,MEN,MEN-S13M01,TG:b50c656187dba8e6,-7.640625,1,0.5608333333333333,0.0004802972
mendeley/extracted/Bangla Audio Dataset Original and DeepFake Voices for AI-Based Voice Analysis and Detection/Dataset/S13M01/Fake/20.wav,1,MEN,MEN-S13M01,TG:b2cf028254ed88e1,-19.265625,1,0.3575,4.295813e-09
mendeley/extracted/Bangla Audio Dataset Original and DeepFake Voices for AI-Based Voice Analysis and Detection/Dataset/S13M01/Fake/21.wav,1,MEN,MEN-S13M01,TG:b16e2afabc8b744f,-13.1328125,1,0.3475,1.9792067e-06
mendeley/extracted/Bangla Audio Dataset Original and DeepFake Voices for AI-Based Voice Analysis and Detection/Dataset/S13M01/Fake/22.wav,1,MEN,MEN-S13M01,TG:3ea4c2ab6bd8c696,-10.0625,1,0.5925,4.2647473e-05
mendeley/extracted/Bangla Audio Dataset Original and DeepFake Voices for AI-Based Voice Analysis and Detection/Dataset/S13M01/Fake/23.wav,1,MEN,MEN-S13M01,TG:1aea278e72d15d0c,-11.5703125,1,0.4408333333333333,9.442197e-06
mendeley/extracted/Bangla Audio Dataset Original and DeepFake Voices for AI-Based Voice Analysis and Detection/Dataset/S13M01/Fake/24.wav,1,MEN,MEN-S13M01,TG:308b7809dcd529fe,-0.5595703,1,0.5341666666666667,0.3636469
mendeley/extracted/Bangla Audio Dataset Original and DeepFake Voices for AI-Based Voice Analysis and Detection/Dataset/S13M01/Fake/25.wav,1,MEN,MEN-S13M01,TG:d1b72b1834bf1ba9,-13.1796875,1,0.2925,1.8885723e-06
mendeley/extracted/Bangla Audio Dataset Original and DeepFake Voices for AI-Based Voice Analysis and Detection/Dataset/S13M01/Fake/26.wav,1,MEN,MEN-S13M01,TG:b30ab81ebf25d425,-7.9609375,1,0.4608333333333333,0.0003487043
mendeley/extracted/Bangla Audio Dataset Original and DeepFake Voices for AI-Based Voice Analysis and Detection/Dataset/S13M01/Fake/27.wav,1,MEN,MEN-S13M01,TG:4801945c778274b7,1.6289062,1,0.5308333333333333,0.83601975
mendeley/extracted/Bangla Audio Dataset Original and DeepFake Voices for AI-Based Voice Analysis and Detection/Dataset/S13M01/Fake/28.wav,1,MEN,MEN-S13M01,TG:20d29da1528cd788,5.3945312,1,0.3675,0.9954791
mendeley/extracted/Bangla Audio Dataset Original and DeepFake Voices for AI-Based Voice Analysis and Detection/Dataset/S13M01/Fake/29.wav,1,MEN,MEN-S13M01,TG:39ba0547eb0a9549,-11.296875,1,0.4041666666666667,1.2411497e-05
mendeley/extracted/Bangla Audio Dataset Original and DeepFake Voices for AI-Based Voice Analysis and Detection/Dataset/S13M01/Fake/3.wav,1,MEN,MEN-S13M01,TG:e921a431e5a8d0f2,-3.9707031,1,0.4075,0.018511046
mendeley/extracted/Bangla Audio Dataset Original and DeepFake Voices for AI-Based Voice Analysis and Detection/Dataset/S13M01/Fake/30.wav,1,MEN,MEN-S13M01,TG:83175214af1cd3cc,2.9296875,1,0.4225,0.9492946
mendeley/extracted/Bangla Audio Dataset Original and DeepFake Voices for AI-Based Voice Analysis and Detection/Dataset/S13M01/Fake/4.wav,1,MEN,MEN-S13M01,TG:7b4edaf138d43c24,-7.796875,1,0.4191666666666667,0.00041084853
mendeley/extracted/Bangla Audio Dataset Original and DeepFake Voices for AI-Based Voice Analysis and Detection/Dataset/S13M01/Fake/5.wav,1,MEN,MEN-S13M01,TG:4365e0fcdb4baa7c,-10.25,1,0.4141666666666667,3.5356254e-05
mendeley/extracted/Bangla Audio Dataset Original and DeepFake Voices for AI-Based Voice Analysis and Detection/Dataset/S13M01/Fake/6.wav,1,MEN,MEN-S13M01,TG:0d8af69205969b08,10.75,1,0.3675,0.99997854
mendeley/extracted/Bangla Audio Dataset Original and DeepFake Voices for AI-Based Voice Analysis and Detection/Dataset/S13M01/Fake/7.wav,1,MEN,MEN-S13M01,TG:40a9df8903c6d06d,7.0429688,1,0.4908333333333333,0.9991272
mendeley/extracted/Bangla Audio Dataset Original and DeepFake Voices for AI-Based Voice Analysis and Detection/Dataset/S13M01/Fake/8.wav,1,MEN,MEN-S13M01,TG:ec3afa02296104d2,-16.890625,1,0.5525,4.6184343e-08
mendeley/extracted/Bangla Audio Dataset Original and DeepFake Voices for AI-Based Voice Analysis and Detection/Dataset/S13M01/Fake/9.wav,1,MEN,MEN-S13M01,TG:44ef37911c97b339,5.8828125,1,0.5308333333333333,0.99722075
mendeley/extracted/Bangla Audio Dataset Original and DeepFake Voices for AI-Based Voice Analysis and Detection/Dataset/S13M01/Real/1.wav,0,MEN,MEN-S13M01,TG:59a9f15bf4c1e1f9,-16.625,1,0.5508333333333333,6.0235735e-08
mendeley/extracted/Bangla Audio Dataset Original and DeepFake Voices for AI-Based Voice Analysis and Detection/Dataset/S13M01/Real/10.wav,0,MEN,MEN-S13M01,TG:af46530c8e94f66a,-21.515625,1,0.5675,4.527754e-10
mendeley/extracted/Bangla Audio Dataset Original and DeepFake Voices for AI-Based Voice Analysis and Detection/Dataset/S13M01/Real/11.wav,0,MEN,MEN-S13M01,TG:206cd06074b026d5,-10.5625,1,0.5341666666666667,2.586743e-05
mendeley/extracted/Bangla Audio Dataset Original and DeepFake Voices for AI-Based Voice Analysis and Detection/Dataset/S13M01/Real/12.wav,0,MEN,MEN-S13M01,TG:fc8142f1666481b5,-13.40625,1,0.5341666666666667,1.5057017e-06
mendeley/extracted/Bangla Audio Dataset Original and DeepFake Voices for AI-Based Voice Analysis and Detection/Dataset/S13M01/Real/13.wav,0,MEN,MEN-S13M01,TG:8b9d7fe36d313ffb,-27.25,1,0.5841666666666667,1.4637784e-12
mendeley/extracted/Bangla Audio Dataset Original and DeepFake Voices for AI-Based Voice Analysis and Detection/Dataset/S13M01/Real/14.wav,0,MEN,MEN-S13M01,TG:373cb328e6d0029c,-18.96875,1,0.5175000000000001,5.7806484e-09
mendeley/extracted/Bangla Audio Dataset Original and DeepFake Voices for AI-Based Voice Analysis and Detection/Dataset/S13M01/Real/15.wav,0,MEN,MEN-S13M01,TG:725e597ccf136c7b,-19.546875,1,0.5841666666666667,3.24265e-09
mendeley/extracted/Bangla Audio Dataset Original and DeepFake Voices for AI-Based Voice Analysis and Detection/Dataset/S13M01/Real/16.wav,0,MEN,MEN-S13M01,TG:19493fcae8d03fba,-20.25,1,0.5341666666666667,1.605228e-09
mendeley/extracted/Bangla Audio Dataset Original and DeepFake Voices for AI-Based Voice Analysis and Detection/Dataset/S13M01/Real/17.wav,0,MEN,MEN-S13M01,TG:6c80d161a68feef8,-29.890625,1,0.4508333333333333,1.0439184e-13
mendeley/extracted/Bangla Audio Dataset Original and DeepFake Voices for AI-Based Voice Analysis and Detection/Dataset/S13M01/Real/18.wav,0,MEN,MEN-S13M01,TG:c628bfabacea3ccb,-18.21875,1,0.5508333333333333,1.2237632e-08
mendeley/extracted/Bangla Audio Dataset Original and DeepFake Voices for AI-Based Voice Analysis and Detection/Dataset/S13M01/Real/19.wav,0,MEN,MEN-S13M01,TG:8dee1cb04b557d42,-19.859375,1,0.5175000000000001,2.3723734e-09
mendeley/extracted/Bangla Audio Dataset Original and DeepFake Voices for AI-Based Voice Analysis and Detection/Dataset/S13M01/Real/2.wav,0,MEN,MEN-S13M01,TG:b50c656187dba8e6,-27.859375,1,0.5508333333333333,7.958425e-13
mendeley/extracted/Bangla Audio Dataset Original and DeepFake Voices for AI-Based Voice Analysis and Detection/Dataset/S13M01/Real/20.wav,0,MEN,MEN-S13M01,TG:b2cf028254ed88e1,-26.90625,1,0.4675,2.0642587e-12
mendeley/extracted/Bangla Audio Dataset Original and DeepFake Voices for AI-Based Voice Analysis and Detection/Dataset/S13M01/Real/21.wav,0,MEN,MEN-S13M01,TG:b16e2afabc8b744f,-18.671875,1,0.5008333333333334,7.778713e-09
mendeley/extracted/Bangla Audio Dataset Original and DeepFake Voices for AI-Based Voice Analysis and Detection/Dataset/S13M01/Real/22.wav,0,MEN,MEN-S13M01,TG:3ea4c2ab6bd8c696,-14.734375,1,0.5841666666666667,3.9897168e-07
mendeley/extracted/Bangla Audio Dataset Original and DeepFake Voices for AI-Based Voice Analysis and Detection/Dataset/S13M01/Real/23.wav,0,MEN,MEN-S13M01,TG:1aea278e72d15d0c,-17.125,1,0.5508333333333333,3.653482e-08
mendeley/extracted/Bangla Audio Dataset Original and DeepFake Voices for AI-Based Voice Analysis and Detection/Dataset/S13M01/Real/24.wav,0,MEN,MEN-S13M01,TG:308b7809dcd529fe,-15.71875,1,0.5675,1.4908488e-07
mendeley/extracted/Bangla Audio Dataset Original and DeepFake Voices for AI-Based Voice Analysis and Detection/Dataset/S13M01/Real/25.wav,0,MEN,MEN-S13M01,TG:d1b72b1834bf1ba9,-16.40625,1,0.4341666666666667,7.496459e-08
mendeley/extracted/Bangla Audio Dataset Original and DeepFake Voices for AI-Based Voice Analysis and Detection/Dataset/S13M01/Real/26.wav,0,MEN,MEN-S13M01,TG:b30ab81ebf25d425,-15.5,1,0.5508333333333333,1.8553911e-07
mendeley/extracted/Bangla Audio Dataset Original and DeepFake Voices for AI-Based Voice Analysis and Detection/Dataset/S13M01/Real/27.wav,0,MEN,MEN-S13M01,TG:4801945c778274b7,-12.8359375,1,0.5675,2.6633118e-06
mendeley/extracted/Bangla Audio Dataset Original and DeepFake Voices for AI-Based Voice Analysis and Detection/Dataset/S13M01/Real/28.wav,0,MEN,MEN-S13M01,TG:20d29da1528cd788,-20.46875,1,0.4841666666666666,1.2898371e-09
mendeley/extracted/Bangla Audio Dataset Original and DeepFake Voices for AI-Based Voice Analysis and Detection/Dataset/S13M01/Real/29.wav,0,MEN,MEN-S13M01,TG:39ba0547eb0a9549,-26.234375,1,0.5341666666666667,4.041622e-12
mendeley/extracted/Bangla Audio Dataset Original and DeepFake Voices for AI-Based Voice Analysis and Detection/Dataset/S13M01/Real/3.wav,0,MEN,MEN-S13M01,TG:e921a431e5a8d0f2,-27.40625,1,0.5008333333333334,1.2520362e-12
mendeley/extracted/Bangla Audio Dataset Original and DeepFake Voices for AI-Based Voice Analysis and Detection/Dataset/S13M01/Real/30.wav,0,MEN,MEN-S13M01,TG:83175214af1cd3cc,-21.21875,1,0.6174999999999999,6.092759e-10
mendeley/extracted/Bangla Audio Dataset Original and DeepFake Voices for AI-Based Voice Analysis and Detection/Dataset/S13M01/Real/4.wav,0,MEN,MEN-S13M01,TG:7b4edaf138d43c24,-20.953125,1,0.4675,7.946455e-10
mendeley/extracted/Bangla Audio Dataset Original and DeepFake Voices for AI-Based Voice Analysis and Detection/Dataset/S13M01/Real/5.wav,0,MEN,MEN-S13M01,TG:4365e0fcdb4baa7c,-23.171875,1,0.4841666666666666,8.641369e-11
mendeley/extracted/Bangla Audio Dataset Original and DeepFake Voices for AI-Based Voice Analysis and Detection/Dataset/S13M01/Real/6.wav,0,MEN,MEN-S13M01,TG:0d8af69205969b08,-10.9453125,1,0.4675,1.76402e-05
mendeley/extracted/Bangla Audio Dataset Original and DeepFake Voices for AI-Based Voice Analysis and Detection/Dataset/S13M01/Real/7.wav,0,MEN,MEN-S13M01,TG:40a9df8903c6d06d,-19.625,1,0.5341666666666667,2.9989609e-09
mendeley/extracted/Bangla Audio Dataset Original and DeepFake Voices for AI-Based Voice Analysis and Detection/Dataset/S13M01/Real/8.wav,0,MEN,MEN-S13M01,TG:ec3afa02296104d2,-19.9375,1,0.6008333333333333,2.1940867e-09
mendeley/extracted/Bangla Audio Dataset Original and DeepFake Voices for AI-Based Voice Analysis and Detection/Dataset/S13M01/Real/9.wav,0,MEN,MEN-S13M01,TG:44ef37911c97b339,-20.6875,1,0.6008333333333333,1.0364132e-09
mendeley/extracted/Bangla Audio Dataset Original and DeepFake Voices for AI-Based Voice Analysis and Detection/Dataset/S13M04/Fake/1.wav,1,MEN,MEN-S13M04,TG:59a9f15bf4c1e1f9,-10.359375,1,0.5541666666666667,3.1693253e-05
mendeley/extracted/Bangla Audio Dataset Original and DeepFake Voices for AI-Based Voice Analysis and Detection/Dataset/S13M04/Fake/10.wav,1,MEN,MEN-S13M04,TG:af46530c8e94f66a,7.1210938,1,0.4408333333333333,0.9991928
mendeley/extracted/Bangla Audio Dataset Original and DeepFake Voices for AI-Based Voice Analysis and Detection/Dataset/S13M04/Fake/11.wav,1,MEN,MEN-S13M04,TG:206cd06074b026d5,-14.2578125,1,0.5025,6.425552e-07
mendeley/extracted/Bangla Audio Dataset Original and DeepFake Voices for AI-Based Voice Analysis and Detection/Dataset/S13M04/Fake/12.wav,1,MEN,MEN-S13M04,TG:fc8142f1666481b5,-20.15625,1,0.2975,1.7629982e-09
mendeley/extracted/Bangla Audio Dataset Original and DeepFake Voices for AI-Based Voice Analysis and Detection/Dataset/S13M04/Fake/13.wav,1,MEN,MEN-S13M04,TG:8b9d7fe36d313ffb,-5.4921875,1,0.4658333333333333,0.0041019293
mendeley/extracted/Bangla Audio Dataset Original and DeepFake Voices for AI-Based Voice Analysis and Detection/Dataset/S13M04/Fake/14.wav,1,MEN,MEN-S13M04,TG:373cb328e6d0029c,-12.3671875,1,0.4375,4.255953e-06
mendeley/extracted/Bangla Audio Dataset Original and DeepFake Voices for AI-Based Voice Analysis and Detection/Dataset/S13M04/Fake/15.wav,1,MEN,MEN-S13M04,TG:725e597ccf136c7b,-3.0585938,1,0.5175000000000001,0.044847906
mendeley/extracted/Bangla Audio Dataset Original and DeepFake Voices for AI-Based Voice Analysis and Detection/Dataset/S13M04/Fake/16.wav,1,MEN,MEN-S13M04,TG:19493fcae8d03fba,-7.2304688,1,0.4975,0.00072365726
mendeley/extracted/Bangla Audio Dataset Original and DeepFake Voices for AI-Based Voice Analysis and Detection/Dataset/S13M04/Fake/17.wav,1,MEN,MEN-S13M04,TG:6c80d161a68feef8,-7.6914062,1,0.3541666666666666,0.0004565269
mendeley/extracted/Bangla Audio Dataset Original and DeepFake Voices for AI-Based Voice Analysis and Detection/Dataset/S13M04/Fake/18.wav,1,MEN,MEN-S13M04,TG:c628bfabacea3ccb,-14.734375,1,0.3575,3.9897168e-07
mendeley/extracted/Bangla Audio Dataset Original and DeepFake Voices for AI-Based Voice Analysis and Detection/Dataset/S13M04/Fake/19.wav,1,MEN,MEN-S13M04,TG:8dee1cb04b557d42,-13.5546875,1,0.5141666666666667,1.2979963e-06
mendeley/extracted/Bangla Audio Dataset Original and DeepFake Voices for AI-Based Voice Analysis and Detection/Dataset/S13M04/Fake/2.wav,1,MEN,MEN-S13M04,TG:b50c656187dba8e6,-8.4921875,1,0.4675,0.00020502214
mendeley/extracted/Bangla Audio Dataset Original and DeepFake Voices for AI-Based Voice Analysis and Detection/Dataset/S13M04/Fake/20.wav,1,MEN,MEN-S13M04,TG:b2cf028254ed88e1,-9.8671875,1,0.3974999999999999,5.1845658e-05
mendeley/extracted/Bangla Audio Dataset Original and DeepFake Voices for AI-Based Voice Analysis and Detection/Dataset/S13M04/Fake/21.wav,1,MEN,MEN-S13M04,TG:b16e2afabc8b744f,-6.90625,1,0.3941666666666666,0.0010005044
mendeley/extracted/Bangla Audio Dataset Original and DeepFake Voices for AI-Based Voice Analysis and Detection/Dataset/S13M04/Fake/22.wav,1,MEN,MEN-S13M04,TG:3ea4c2ab6bd8c696,10.0390625,1,0.4875,0.99995637
mendeley/extracted/Bangla Audio Dataset Original and DeepFake Voices for AI-Based Voice Analysis and Detection/Dataset/S13M04/Fake/23.wav,1,MEN,MEN-S13M04,TG:1aea278e72d15d0c,4.234375,1,0.4841666666666666,0.98571813
mendeley/extracted/Bangla Audio Dataset Original and DeepFake Voices for AI-Based Voice Analysis and Detection/Dataset/S13M04/Fake/24.wav,1,MEN,MEN-S13M04,TG:308b7809dcd529fe,-5.4257812,1,0.5108333333333333,0.0043823365
mendeley/extracted/Bangla Audio Dataset Original and DeepFake Voices for AI-Based Voice Analysis and Detection/Dataset/S13M04/Fake/25.wav,1,MEN,MEN-S13M04,TG:d1b72b1834bf1ba9,-13.1796875,1,0.3341666666666666,1.8885723e-06
mendeley/extracted/Bangla Audio Dataset Original and DeepFake Voices for AI-Based Voice Analysis and Detection/Dataset/S13M04/Fake/26.wav,1,MEN,MEN-S13M04,TG:b30ab81ebf25d425,-15.2734375,1,0.4575,2.3271815e-07
mendeley/extracted/Bangla Audio Dataset Original and DeepFake Voices for AI-Based Voice Analysis and Detection/Dataset/S13M04/Fake/27.wav,1,MEN,MEN-S13M04,TG:4801945c778274b7,-15.28125,1,0.5291666666666667,2.3090713e-07
mendeley/extracted/Bangla Audio Dataset Original and DeepFake Voices for AI-Based Voice Analysis and Detection/Dataset/S13M04/Fake/28.wav,1,MEN,MEN-S13M04,TG:20d29da1528cd788,6.5273438,1,0.3841666666666666,0.9985392
mendeley/extracted/Bangla Audio Dataset Original and DeepFake Voices for AI-Based Voice Analysis and Detection/Dataset/S13M04/Fake/29.wav,1,MEN,MEN-S13M04,TG:39ba0547eb0a9549,-15.796875,1,0.4175,1.3788097e-07
mendeley/extracted/Bangla Audio Dataset Original and DeepFake Voices for AI-Based Voice Analysis and Detection/Dataset/S13M04/Fake/3.wav,1,MEN,MEN-S13M04,TG:e921a431e5a8d0f2,-1.765625,1,0.3408333333333333,0.14608726
mendeley/extracted/Bangla Audio Dataset Original and DeepFake Voices for AI-Based Voice Analysis and Detection/Dataset/S13M04/Fake/30.wav,1,MEN,MEN-S13M04,TG:83175214af1cd3cc,-5.8710938,1,0.5691666666666666,0.0028118587
mendeley/extracted/Bangla Audio Dataset Original and DeepFake Voices for AI-Based Voice Analysis and Detection/Dataset/S13M04/Fake/4.wav,1,MEN,MEN-S13M04,TG:7b4edaf138d43c24,-1.3867188,1,0.4675,0.19993213
mendeley/extracted/Bangla Audio Dataset Original and DeepFake Voices for AI-Based Voice Analysis and Detection/Dataset/S13M04/Fake/5.wav,1,MEN,MEN-S13M04,TG:4365e0fcdb4baa7c,-10.1171875,1,0.4341666666666667,4.037791e-05
mendeley/extracted/Bangla Audio Dataset Original and DeepFake Voices for AI-Based Voice Analysis and Detection/Dataset/S13M04/Fake/6.wav,1,MEN,MEN-S13M04,TG:0d8af69205969b08,-2.3535156,1,0.3791666666666666,0.08678673
mendeley/extracted/Bangla Audio Dataset Original and DeepFake Voices for AI-Based Voice Analysis and Detection/Dataset/S13M04/Fake/7.wav,1,MEN,MEN-S13M04,TG:40a9df8903c6d06d,9.0625,1,0.5241666666666667,0.999884
mendeley/extracted/Bangla Audio Dataset Original and DeepFake Voices for AI-Based Voice Analysis and Detection/Dataset/S13M04/Fake/8.wav,1,MEN,MEN-S13M04,TG:ec3afa02296104d2,-7.625,1,0.5708333333333333,0.00048785712
mendeley/extracted/Bangla Audio Dataset Original and DeepFake Voices for AI-Based Voice Analysis and Detection/Dataset/S13M04/Fake/9.wav,1,MEN,MEN-S13M04,TG:44ef37911c97b339,11.5,1,0.5208333333333333,0.99998987
mendeley/extracted/Bangla Audio Dataset Original and DeepFake Voices for AI-Based Voice Analysis and Detection/Dataset/S13M04/Real/1.wav,0,MEN,MEN-S13M04,TG:59a9f15bf4c1e1f9,5.4765625,1,0.4675,0.99583375
mendeley/extracted/Bangla Audio Dataset Original and DeepFake Voices for AI-Based Voice Analysis and Detection/Dataset/S13M04/Real/10.wav,0,MEN,MEN-S13M04,TG:af46530c8e94f66a,-11.53125,1,0.5175000000000001,9.818326e-06
mendeley/extracted/Bangla Audio Dataset Original and DeepFake Voices for AI-Based Voice Analysis and Detection/Dataset/S13M04/Real/11.wav,0,MEN,MEN-S13M04,TG:206cd06074b026d5,-0.75634766,1,0.5508333333333333,0.31943974
mendeley/extracted/Bangla Audio Dataset Original and DeepFake Voices for AI-Based Voice Analysis and Detection/Dataset/S13M04/Real/12.wav,0,MEN,MEN-S13M04,TG:fc8142f1666481b5,-23.5625,1,0.5175000000000001,5.847043e-11
mendeley/extracted/Bangla Audio Dataset Original and DeepFake Voices for AI-Based Voice Analysis and Detection/Dataset/S13M04/Real/13.wav,0,MEN,MEN-S13M04,TG:8b9d7fe36d313ffb,1.7333984,1,0.5008333333333334,0.8498466
mendeley/extracted/Bangla Audio Dataset Original and DeepFake Voices for AI-Based Voice Analysis and Detection/Dataset/S13M04/Real/14.wav,0,MEN,MEN-S13M04,TG:373cb328e6d0029c,-23.84375,1,0.5175000000000001,4.4135792e-11
mendeley/extracted/Bangla Audio Dataset Original and DeepFake Voices for AI-Based Voice Analysis and Detection/Dataset/S13M04/Real/15.wav,0,MEN,MEN-S13M04,TG:725e597ccf136c7b,-18.53125,1,0.5675,8.9532435e-09
mendeley/extracted/Bangla Audio Dataset Original and DeepFake Voices for AI-Based Voice Analysis and Detection/Dataset/S13M04/Real/16.wav,0,MEN,MEN-S13M04,TG:19493fcae8d03fba,-14.125,1,0.5675,7.33821e-07
mendeley/extracted/Bangla Audio Dataset Original and DeepFake Voices for AI-Based Voice Analysis and Detection/Dataset/S13M04/Real/17.wav,0,MEN,MEN-S13M04,TG:6c80d161a68feef8,-10.203125,1,0.5341666666666667,3.705297e-05
mendeley/extracted/Bangla Audio Dataset Original and DeepFake Voices for AI-Based Voice Analysis and Detection/Dataset/S13M04/Real/18.wav,0,MEN,MEN-S13M04,TG:c628bfabacea3ccb,-8.8828125,1,0.6008333333333333,0.00013873413
mendeley/extracted/Bangla Audio Dataset Original and DeepFake Voices for AI-Based Voice Analysis and Detection/Dataset/S13M04/Real/19.wav,0,MEN,MEN-S13M04,TG:8dee1cb04b557d42,-1.3076172,1,0.5341666666666667,0.21288584
mendeley/extracted/Bangla Audio Dataset Original and DeepFake Voices for AI-Based Voice Analysis and Detection/Dataset/S13M04/Real/2.wav,0,MEN,MEN-S13M04,TG:b50c656187dba8e6,-2.1464844,1,0.5175000000000001,0.10466021
mendeley/extracted/Bangla Audio Dataset Original and DeepFake Voices for AI-Based Voice Analysis and Detection/Dataset/S13M04/Real/20.wav,0,MEN,MEN-S13M04,TG:b2cf028254ed88e1,-19.96875,1,0.4508333333333333,2.1265816e-09
mendeley/extracted/Bangla Audio Dataset Original and DeepFake Voices for AI-Based Voice Analysis and Detection/Dataset/S13M04/Real/21.wav,0,MEN,MEN-S13M04,TG:b16e2afabc8b744f,-9.7109375,1,0.5341666666666667,6.0613183e-05
mendeley/extracted/Bangla Audio Dataset Original and DeepFake Voices for AI-Based Voice Analysis and Detection/Dataset/S13M04/Real/22.wav,0,MEN,MEN-S13M04,TG:3ea4c2ab6bd8c696,6.8710938,1,0.5841666666666667,0.9989637
mendeley/extracted/Bangla Audio Dataset Original and DeepFake Voices for AI-Based Voice Analysis and Detection/Dataset/S13M04/Real/23.wav,0,MEN,MEN-S13M04,TG:1aea278e72d15d0c,-6.0429688,1,0.5008333333333334,0.0023688744
mendeley/extracted/Bangla Audio Dataset Original and DeepFake Voices for AI-Based Voice Analysis and Detection/Dataset/S13M04/Real/24.wav,0,MEN,MEN-S13M04,TG:308b7809dcd529fe,-21.515625,1,0.4841666666666666,4.527754e-10
mendeley/extracted/Bangla Audio Dataset Original and DeepFake Voices for AI-Based Voice Analysis and Detection/Dataset/S13M04/Real/25.wav,0,MEN,MEN-S13M04,TG:d1b72b1834bf1ba9,-13.4140625,1,0.5175000000000001,1.4939843e-06
mendeley/extracted/Bangla Audio Dataset Original and DeepFake Voices for AI-Based Voice Analysis and Detection/Dataset/S13M04/Real/26.wav,0,MEN,MEN-S13M04,TG:b30ab81ebf25d425,-12.28125,1,0.4675,4.637873e-06
mendeley/extracted/Bangla Audio Dataset Original and DeepFake Voices for AI-Based Voice Analysis and Detection/Dataset/S13M04/Real/27.wav,0,MEN,MEN-S13M04,TG:4801945c778274b7,-14.0703125,1,0.5508333333333333,7.7506934e-07
mendeley/extracted/Bangla Audio Dataset Original and DeepFake Voices for AI-Based Voice Analysis and Detection/Dataset/S13M04/Real/28.wav,0,MEN,MEN-S13M04,TG:20d29da1528cd788,-6.328125,1,0.5175000000000001,0.0017821961
mendeley/extracted/Bangla Audio Dataset Original and DeepFake Voices for AI-Based Voice Analysis and Detection/Dataset/S13M04/Real/29.wav,0,MEN,MEN-S13M04,TG:39ba0547eb0a9549,-19.421875,1,0.5008333333333334,3.6744034e-09
mendeley/extracted/Bangla Audio Dataset Original and DeepFake Voices for AI-Based Voice Analysis and Detection/Dataset/S13M04/Real/3.wav,0,MEN,MEN-S13M04,TG:e921a431e5a8d0f2,-6.6601562,1,0.5008333333333334,0.0012793075
mendeley/extracted/Bangla Audio Dataset Original and DeepFake Voices for AI-Based Voice Analysis and Detection/Dataset/S13M04/Real/30.wav,0,MEN,MEN-S13M04,TG:83175214af1cd3cc,-8.734375,1,0.5175000000000001,0.00016093084
mendeley/extracted/Bangla Audio Dataset Original and DeepFake Voices for AI-Based Voice Analysis and Detection/Dataset/S13M04/Real/4.wav,0,MEN,MEN-S13M04,TG:7b4edaf138d43c24,-0.88916016,1,0.4841666666666666,0.29128316
mendeley/extracted/Bangla Audio Dataset Original and DeepFake Voices for AI-Based Voice Analysis and Detection/Dataset/S13M04/Real/5.wav,0,MEN,MEN-S13M04,TG:4365e0fcdb4baa7c,-3.0449219,1,0.5175000000000001,0.045437217
mendeley/extracted/Bangla Audio Dataset Original and DeepFake Voices for AI-Based Voice Analysis and Detection/Dataset/S13M04/Real/6.wav,0,MEN,MEN-S13M04,TG:0d8af69205969b08,6.7265625,1,0.5508333333333333,0.9988028
mendeley/extracted/Bangla Audio Dataset Original and DeepFake Voices for AI-Based Voice Analysis and Detection/Dataset/S13M04/Real/7.wav,0,MEN,MEN-S13M04,TG:40a9df8903c6d06d,-9.234375,1,0.4841666666666666,9.761566e-05
mendeley/extracted/Bangla Audio Dataset Original and DeepFake Voices for AI-Based Voice Analysis and Detection/Dataset/S13M04/Real/8.wav,0,MEN,MEN-S13M04,TG:ec3afa02296104d2,-11.546875,1,0.5841666666666667,9.666109e-06
mendeley/extracted/Bangla Audio Dataset Original and DeepFake Voices for AI-Based Voice Analysis and Detection/Dataset/S13M04/Real/9.wav,0,MEN,MEN-S13M04,TG:44ef37911c97b339,-1.7529297,1,0.5341666666666667,0.14767806
mendeley/extracted/Bangla Audio Dataset Original and DeepFake Voices for AI-Based Voice Analysis and Detection/Dataset/S14F02/Fake/1.wav,1,MEN,MEN-S14F02,TG:554ac7bf8ebb78f9,3.9472656,1,0.4075,0.98105836
mendeley/extracted/Bangla Audio Dataset Original and DeepFake Voices for AI-Based Voice Analysis and Detection/Dataset/S14F02/Fake/10.wav,1,MEN,MEN-S14F02,TG:8b54a89dd6208789,-18.171875,1,0.5341666666666667,1.282493e-08
mendeley/extracted/Bangla Audio Dataset Original and DeepFake Voices for AI-Based Voice Analysis and Detection/Dataset/S14F02/Fake/11.wav,1,MEN,MEN-S14F02,TG:187c8b79a216637f,-10.0703125,1,0.5791666666666666,4.2315598e-05
mendeley/extracted/Bangla Audio Dataset Original and DeepFake Voices for AI-Based Voice Analysis and Detection/Dataset/S14F02/Fake/12.wav,1,MEN,MEN-S14F02,TG:a3f48c98819c7992,-6.6757812,1,0.5175000000000001,0.0012594988
mendeley/extracted/Bangla Audio Dataset Original and DeepFake Voices for AI-Based Voice Analysis and Detection/Dataset/S14F02/Fake/13.wav,1,MEN,MEN-S14F02,TG:1ca2e7b216e9ad9c,-26.09375,1,0.5141666666666667,4.6518787e-12
mendeley/extracted/Bangla Audio Dataset Original and DeepFake Voices for AI-Based Voice Analysis and Detection/Dataset/S14F02/Fake/14.wav,1,MEN,MEN-S14F02,TG:d596eeae600d9af9,-9.2890625,1,0.3774999999999999,9.2421134e-05
mendeley/extracted/Bangla Audio Dataset Original and DeepFake Voices for AI-Based Voice Analysis and Detection/Dataset/S14F02/Fake/15.wav,1,MEN,MEN-S14F02,TG:6ce41462058809da,-20.90625,1,0.6041666666666667,8.3278134e-10
mendeley/extracted/Bangla Audio Dataset Original and DeepFake Voices for AI-Based Voice Analysis and Detection/Dataset/S14F02/Fake/16.wav,1,MEN,MEN-S14F02,TG:0314a002a6d89cd5,-2.5507812,1,0.3924999999999999,0.072374016
mendeley/extracted/Bangla Audio Dataset Original and DeepFake Voices for AI-Based Voice Analysis and Detection/Dataset/S14F02/Fake/17.wav,1,MEN,MEN-S14F02,TG:ba557f5c9351a956,-12.828125,1,0.4575,2.6842006e-06
mendeley/extracted/Bangla Audio Dataset Original and DeepFake Voices for AI-Based Voice Analysis and Detection/Dataset/S14F02/Fake/18.wav,1,MEN,MEN-S14F02,TG:819cb431f0380259,-3.671875,1,0.4541666666666667,0.024798157
mendeley/extracted/Bangla Audio Dataset Original and DeepFake Voices for AI-Based Voice Analysis and Detection/Dataset/S14F02/Fake/19.wav,1,MEN,MEN-S14F02,TG:e146e568c1caae0e,-14.8046875,1,0.3924999999999999,3.718825e-07
mendeley/extracted/Bangla Audio Dataset Original and DeepFake Voices for AI-Based Voice Analysis and Detection/Dataset/S14F02/Fake/2.wav,1,MEN,MEN-S14F02,TG:11aa99bdc903f9ab,-16.328125,1,0.4841666666666666,8.1056044e-08
mendeley/extracted/Bangla Audio Dataset Original and DeepFake Voices for AI-Based Voice Analysis and Detection/Dataset/S14F02/Fake/20.wav,1,MEN,MEN-S14F02,TG:3c3b71398788e916,-11.3203125,1,0.5325,1.2123987e-05
mendeley/extracted/Bangla Audio Dataset Original and DeepFake Voices for AI-Based Voice Analysis and Detection/Dataset/S14F02/Fake/21.wav,1,MEN,MEN-S14F02,TG:cfaf18d164b6d815,-19.765625,1,0.5041666666666667,2.6055422e-09
mendeley/extracted/Bangla Audio Dataset Original and DeepFake Voices for AI-Based Voice Analysis and Detection/Dataset/S14F02/Fake/22.wav,1,MEN,MEN-S14F02,TG:3e4341aa023d4a7a,-12.046875,1,0.5175000000000001,5.862814e-06
mendeley/extracted/Bangla Audio Dataset Original and DeepFake Voices for AI-Based Voice Analysis and Detection/Dataset/S14F02/Fake/23.wav,1,MEN,MEN-S14F02,TG:7a8d04572a454b40,-18.03125,1,0.6041666666666667,1.4761403e-08
mendeley/extracted/Bangla Audio Dataset Original and DeepFake Voices for AI-Based Voice Analysis and Detection/Dataset/S14F02/Fake/24.wav,1,MEN,MEN-S14F02,TG:1b34ee3dbf78ac83,-11.6875,1,0.4741666666666666,8.398072e-06
mendeley/extracted/Bangla Audio Dataset Original and DeepFake Voices for AI-Based Voice Analysis and Detection/Dataset/S14F02/Fake/25.wav,1,MEN,MEN-S14F02,TG:bfab293024be8394,-16.703125,1,0.3891666666666666,5.570894e-08
mendeley/extracted/Bangla Audio Dataset Original and DeepFake Voices for AI-Based Voice Analysis and Detection/Dataset/S14F02/Fake/26.wav,1,MEN,MEN-S14F02,TG:e4f3081165f64146,-13.1484375,1,0.5974999999999999,1.9485221e-06
mendeley/extracted/Bangla Audio Dataset Original and DeepFake Voices for AI-Based Voice Analysis and Detection/Dataset/S14F02/Fake/27.wav,1,MEN,MEN-S14F02,TG:48f08dcc529ee60c,-16.6875,1,0.4175,5.658623e-08
mendeley/extracted/Bangla Audio Dataset Original and DeepFake Voices for AI-Based Voice Analysis and Detection/Dataset/S14F02/Fake/28.wav,1,MEN,MEN-S14F02,TG:c52489fd7002d612,-10.96875,1,0.5591666666666666,1.7231572e-05
mendeley/extracted/Bangla Audio Dataset Original and DeepFake Voices for AI-Based Voice Analysis and Detection/Dataset/S14F02/Fake/29.wav,1,MEN,MEN-S14F02,TG:f0d66e66e0df7a92,-18.859375,1,0.5025,6.4487793e-09
mendeley/extracted/Bangla Audio Dataset Original and DeepFake Voices for AI-Based Voice Analysis and Detection/Dataset/S14F02/Fake/3.wav,1,MEN,MEN-S14F02,TG:1713efff55beeeec,-18.765625,1,0.4925,7.0825985e-09
mendeley/extracted/Bangla Audio Dataset Original and DeepFake Voices for AI-Based Voice Analysis and Detection/Dataset/S14F02/Fake/30.wav,1,MEN,MEN-S14F02,TG:15ee6219b5d4aefc,-4.5820312,1,0.5341666666666667,0.010130413
mendeley/extracted/Bangla Audio Dataset Original and DeepFake Voices for AI-Based Voice Analysis and Detection/Dataset/S14F02/Fake/4.wav,1,MEN,MEN-S14F02,TG:6a90890ed8f3955f,-16.234375,1,0.5641666666666667,8.902264e-08
mendeley/extracted/Bangla Audio Dataset Original and DeepFake Voices for AI-Based Voice Analysis and Detection/Dataset/S14F02/Fake/5.wav,1,MEN,MEN-S14F02,TG:0f6bba26ba2da7d1,-13.3359375,1,0.4408333333333333,1.615382e-06
mendeley/extracted/Bangla Audio Dataset Original and DeepFake Voices for AI-Based Voice Analysis and Detection/Dataset/S14F02/Fake/6.wav,1,MEN,MEN-S14F02,TG:30600448e8f6a33e,-6.3125,1,0.3675,0.0018102111
mendeley/extracted/Bangla Audio Dataset Original and DeepFake Voices for AI-Based Voice Analysis and Detection/Dataset/S14F02/Fake/7.wav,1,MEN,MEN-S14F02,TG:5008d9f4bdd80229,-21.734375,1,0.5008333333333334,3.6381523e-10
mendeley/extracted/Bangla Audio Dataset Original and DeepFake Voices for AI-Based Voice Analysis and Detection/Dataset/S14F02/Fake/8.wav,1,MEN,MEN-S14F02,TG:33180cdc592d15ff,4.0351562,1,0.3741666666666666,0.98262435
mendeley/extracted/Bangla Audio Dataset Original and DeepFake Voices for AI-Based Voice Analysis and Detection/Dataset/S14F02/Fake/9.wav,1,MEN,MEN-S14F02,TG:c3296e2a9dc3f70a,-20.390625,1,0.4208333333333333,1.3946464e-09
mendeley/extracted/Bangla Audio Dataset Original and DeepFake Voices for AI-Based Voice Analysis and Detection/Dataset/S14F02/Real/1.wav,0,MEN,MEN-S14F02,TG:554ac7bf8ebb78f9,-0.70166016,1,0.3675,0.33144426
mendeley/extracted/Bangla Audio Dataset Original and DeepFake Voices for AI-Based Voice Analysis and Detection/Dataset/S14F02/Real/10.wav,0,MEN,MEN-S14F02,TG:8b54a89dd6208789,-12.4609375,1,0.3841666666666666,3.8750914e-06
mendeley/extracted/Bangla Audio Dataset Original and DeepFake Voices for AI-Based Voice Analysis and Detection/Dataset/S14F02/Real/11.wav,0,MEN,MEN-S14F02,TG:187c8b79a216637f,-20.96875,1,0.3675,7.823257e-10
mendeley/extracted/Bangla Audio Dataset Original and DeepFake Voices for AI-Based Voice Analysis and Detection/Dataset/S14F02/Real/12.wav,0,MEN,MEN-S14F02,TG:a3f48c98819c7992,-16.25,1,0.3508333333333333,8.764247e-08
mendeley/extracted/Bangla Audio Dataset Original and DeepFake Voices for AI-Based Voice Analysis and Detection/Dataset/S14F02/Real/13.wav,0,MEN,MEN-S14F02,TG:1ca2e7b216e9ad9c,-18.921875,1,0.2508333333333333,6.058068e-09
mendeley/extracted/Bangla Audio Dataset Original and DeepFake Voices for AI-Based Voice Analysis and Detection/Dataset/S14F02/Real/14.wav,0,MEN,MEN-S14F02,TG:d596eeae600d9af9,-24.109375,1,0.3508333333333333,3.384009e-11
mendeley/extracted/Bangla Audio Dataset Original and DeepFake Voices for AI-Based Voice Analysis and Detection/Dataset/S14F02/Real/15.wav,0,MEN,MEN-S14F02,TG:6ce41462058809da,-27.1875,1,0.3341666666666666,1.5581841e-12
mendeley/extracted/Bangla Audio Dataset Original and DeepFake Voices for AI-Based Voice Analysis and Detection/Dataset/S14F02/Real/16.wav,0,MEN,MEN-S14F02,TG:0314a002a6d89cd5,-26.5625,1,0.3508333333333333,2.911071e-12
mendeley/extracted/Bangla Audio Dataset Original and DeepFake Voices for AI-Based Voice Analysis and Detection/Dataset/S14F02/Real/17.wav,0,MEN,MEN-S14F02,TG:ba557f5c9351a956,-22.921875,1,0.3675,1.10957375e-10
mendeley/extracted/Bangla Audio Dataset Original and DeepFake Voices for AI-Based Voice Analysis and Detection/Dataset/S14F02/Real/18.wav,0,MEN,MEN-S14F02,TG:819cb431f0380259,-18.21875,1,0.3508333333333333,1.2237632e-08
mendeley/extracted/Bangla Audio Dataset Original and DeepFake Voices for AI-Based Voice Analysis and Detection/Dataset/S14F02/Real/19.wav,0,MEN,MEN-S14F02,TG:e146e568c1caae0e,-20.8125,1,0.2175,9.146314e-10
mendeley/extracted/Bangla Audio Dataset Original and DeepFake Voices for AI-Based Voice Analysis and Detection/Dataset/S14F02/Real/2.wav,0,MEN,MEN-S14F02,TG:11aa99bdc903f9ab,-26.34375,1,0.5175000000000001,3.6228867e-12
mendeley/extracted/Bangla Audio Dataset Original and DeepFake Voices for AI-Based Voice Analysis and Detection/Dataset/S14F02/Real/20.wav,0,MEN,MEN-S14F02,TG:3c3b71398788e916,-19.78125,1,0.3341666666666666,2.5651472e-09
mendeley/extracted/Bangla Audio Dataset Original and DeepFake Voices for AI-Based Voice Analysis and Detection/Dataset/S14F02/Real/21.wav,0,MEN,MEN-S14F02,TG:cfaf18d164b6d815,-20.75,1,0.3675,9.7362e-10
mendeley/extracted/Bangla Audio Dataset Original and DeepFake Voices for AI-Based Voice Analysis and Detection/Dataset/S14F02/Real/22.wav,0,MEN,MEN-S14F02,TG:3e4341aa023d4a7a,-19.53125,1,0.3675,3.293714e-09
mendeley/extracted/Bangla Audio Dataset Original and DeepFake Voices for AI-Based Voice Analysis and Detection/Dataset/S14F02/Real/23.wav,0,MEN,MEN-S14F02,TG:7a8d04572a454b40,-23.0,1,0.3175,1.02618795e-10
mendeley/extracted/Bangla Audio Dataset Original and DeepFake Voices for AI-Based Voice Analysis and Detection/Dataset/S14F02/Real/24.wav,0,MEN,MEN-S14F02,TG:1b34ee3dbf78ac83,-23.765625,1,0.3841666666666666,4.7722173e-11
mendeley/extracted/Bangla Audio Dataset Original and DeepFake Voices for AI-Based Voice Analysis and Detection/Dataset/S14F02/Real/25.wav,0,MEN,MEN-S14F02,TG:bfab293024be8394,-29.28125,1,0.2341666666666666,1.9200596e-13
mendeley/extracted/Bangla Audio Dataset Original and DeepFake Voices for AI-Based Voice Analysis and Detection/Dataset/S14F02/Real/26.wav,0,MEN,MEN-S14F02,TG:e4f3081165f64146,-23.953125,1,0.4508333333333333,3.956307e-11
mendeley/extracted/Bangla Audio Dataset Original and DeepFake Voices for AI-Based Voice Analysis and Detection/Dataset/S14F02/Real/27.wav,0,MEN,MEN-S14F02,TG:48f08dcc529ee60c,-21.765625,1,0.3841666666666666,3.526218e-10
mendeley/extracted/Bangla Audio Dataset Original and DeepFake Voices for AI-Based Voice Analysis and Detection/Dataset/S14F02/Real/28.wav,0,MEN,MEN-S14F02,TG:c52489fd7002d612,-22.640625,1,0.4508333333333333,1.4699465e-10
mendeley/extracted/Bangla Audio Dataset Original and DeepFake Voices for AI-Based Voice Analysis and Detection/Dataset/S14F02/Real/29.wav,0,MEN,MEN-S14F02,TG:f0d66e66e0df7a92,-27.453125,1,0.3508333333333333,1.1947012e-12
mendeley/extracted/Bangla Audio Dataset Original and DeepFake Voices for AI-Based Voice Analysis and Detection/Dataset/S14F02/Real/3.wav,0,MEN,MEN-S14F02,TG:1713efff55beeeec,-18.6875,1,0.3508333333333333,7.658115e-09
mendeley/extracted/Bangla Audio Dataset Original and DeepFake Voices for AI-Based Voice Analysis and Detection/Dataset/S14F02/Real/30.wav,0,MEN,MEN-S14F02,TG:15ee6219b5d4aefc,-11.3046875,1,0.3841666666666666,1.2314909e-05
mendeley/extracted/Bangla Audio Dataset Original and DeepFake Voices for AI-Based Voice Analysis and Detection/Dataset/S14F02/Real/4.wav,0,MEN,MEN-S14F02,TG:6a90890ed8f3955f,-41.5,1,0.2674999999999999,9.47936e-19
mendeley/extracted/Bangla Audio Dataset Original and DeepFake Voices for AI-Based Voice Analysis and Detection/Dataset/S14F02/Real/5.wav,0,MEN,MEN-S14F02,TG:0f6bba26ba2da7d1,-22.28125,1,0.2841666666666667,2.1056008e-10
mendeley/extracted/Bangla Audio Dataset Original and DeepFake Voices for AI-Based Voice Analysis and Detection/Dataset/S14F02/Real/6.wav,0,MEN,MEN-S14F02,TG:30600448e8f6a33e,-16.078125,1,0.3008333333333333,1.04078005e-07
mendeley/extracted/Bangla Audio Dataset Original and DeepFake Voices for AI-Based Voice Analysis and Detection/Dataset/S14F02/Real/7.wav,0,MEN,MEN-S14F02,TG:5008d9f4bdd80229,-38.34375,1,0.3341666666666666,2.2259784e-17
mendeley/extracted/Bangla Audio Dataset Original and DeepFake Voices for AI-Based Voice Analysis and Detection/Dataset/S14F02/Real/8.wav,0,MEN,MEN-S14F02,TG:33180cdc592d15ff,-19.6875,1,0.2508333333333333,2.8172629e-09
mendeley/extracted/Bangla Audio Dataset Original and DeepFake Voices for AI-Based Voice Analysis and Detection/Dataset/S14F02/Real/9.wav,0,MEN,MEN-S14F02,TG:c3296e2a9dc3f70a,-35.8125,1,0.3841666666666666,2.7978785e-16
mendeley/extracted/Bangla Audio Dataset Original and DeepFake Voices for AI-Based Voice Analysis and Detection/Dataset/S14M01/Fake/1.wav,1,MEN,MEN-S14M01,TG:554ac7bf8ebb78f9,-13.5703125,1,0.5508333333333333,1.2778727e-06
mendeley/extracted/Bangla Audio Dataset Original and DeepFake Voices for AI-Based Voice Analysis and Detection/Dataset/S14M01/Fake/10.wav,1,MEN,MEN-S14M01,TG:8b54a89dd6208789,-3.9609375,1,0.5208333333333333,0.01868931
mendeley/extracted/Bangla Audio Dataset Original and DeepFake Voices for AI-Based Voice Analysis and Detection/Dataset/S14M01/Fake/11.wav,1,MEN,MEN-S14M01,TG:187c8b79a216637f,-11.046875,1,0.5408333333333333,1.593662e-05
mendeley/extracted/Bangla Audio Dataset Original and DeepFake Voices for AI-Based Voice Analysis and Detection/Dataset/S14M01/Fake/12.wav,1,MEN,MEN-S14M01,TG:a3f48c98819c7992,-6.8125,1,0.5141666666666667,0.0010987311
mendeley/extracted/Bangla Audio Dataset Original and DeepFake Voices for AI-Based Voice Analysis and Detection/Dataset/S14M01/Fake/13.wav,1,MEN,MEN-S14M01,TG:1ca2e7b216e9ad9c,-11.375,1,0.5375,1.1478767e-05
mendeley/extracted/Bangla Audio Dataset Original and DeepFake Voices for AI-Based Voice Analysis and Detection/Dataset/S14M01/Fake/14.wav,1,MEN,MEN-S14M01,TG:d596eeae600d9af9,-8.71875,1,0.4791666666666666,0.0001634647
mendeley/extracted/Bangla Audio Dataset Original and DeepFake Voices for AI-Based Voice Analysis and Detection/Dataset/S14M01/Fake/15.wav,1,MEN,MEN-S14M01,TG:6ce41462058809da,-13.015625,1,0.4558333333333333,2.2252814e-06
mendeley/extracted/Bangla Audio Dataset Original and DeepFake Voices for AI-Based Voice Analysis and Detection/Dataset/S14M01/Fake/16.wav,1,MEN,MEN-S14M01,TG:0314a002a6d89cd5,-12.921875,1,0.4641666666666666,2.4439928e-06
mendeley/extracted/Bangla Audio Dataset Original and DeepFake Voices for AI-Based Voice Analysis and Detection/Dataset/S14M01/Fake/17.wav,1,MEN,MEN-S14M01,TG:ba557f5c9351a956,-12.2421875,1,0.5108333333333333,4.8226243e-06
mendeley/extracted/Bangla Audio Dataset Original and DeepFake Voices for AI-Based Voice Analysis and Detection/Dataset/S14M01/Fake/18.wav,1,MEN,MEN-S14M01,TG:819cb431f0380259,-17.765625,1,0.4775,1.92525e-08
mendeley/extracted/Bangla Audio Dataset Original and DeepFake Voices for AI-Based Voice Analysis and Detection/Dataset/S14M01/Fake/19.wav,1,MEN,MEN-S14M01,TG:e146e568c1caae0e,-19.203125,1,0.3874999999999999,4.572869e-09
mendeley/extracted/Bangla Audio Dataset Original and DeepFake Voices for AI-Based Voice Analysis and Detection/Dataset/S14M01/Fake/2.wav,1,MEN,MEN-S14M01,TG:11aa99bdc903f9ab,-10.7265625,1,0.4141666666666667,2.1953489e-05
mendeley/extracted/Bangla Audio Dataset Original and DeepFake Voices for AI-Based Voice Analysis and Detection/Dataset/S14M01/Fake/20.wav,1,MEN,MEN-S14M01,TG:3c3b71398788e916,0.5576172,1,0.4925,0.63590103
mendeley/extracted/Bangla Audio Dataset Original and DeepFake Voices for AI-Based Voice Analysis and Detection/Dataset/S14M01/Fake/21.wav,1,MEN,MEN-S14M01,TG:cfaf18d164b6d815,-13.5078125,1,0.5108333333333333,1.3602883e-06
mendeley/extracted/Bangla Audio Dataset Original and DeepFake Voices for AI-Based Voice Analysis and Detection/Dataset/S14M01/Fake/22.wav,1,MEN,MEN-S14M01,TG:3e4341aa023d4a7a,-19.390625,1,0.5441666666666667,3.7910417e-09
mendeley/extracted/Bangla Audio Dataset Original and DeepFake Voices for AI-Based Voice Analysis and Detection/Dataset/S14M01/Fake/23.wav,1,MEN,MEN-S14M01,TG:7a8d04572a454b40,-21.484375,1,0.4175,4.67148e-10
mendeley/extracted/Bangla Audio Dataset Original and DeepFake Voices for AI-Based Voice Analysis and Detection/Dataset/S14M01/Fake/24.wav,1,MEN,MEN-S14M01,TG:1b34ee3dbf78ac83,-8.109375,1,0.3441666666666666,0.00030061635
mendeley/extracted/Bangla Audio Dataset Original and DeepFake Voices for AI-Based Voice Analysis and Detection/Dataset/S14M01/Fake/25.wav,1,MEN,MEN-S14M01,TG:bfab293024be8394,-16.296875,1,0.3675,8.362904e-08
mendeley/extracted/Bangla Audio Dataset Original and DeepFake Voices for AI-Based Voice Analysis and Detection/Dataset/S14M01/Fake/26.wav,1,MEN,MEN-S14M01,TG:e4f3081165f64146,-10.1796875,1,0.5708333333333333,3.7931623e-05
mendeley/extracted/Bangla Audio Dataset Original and DeepFake Voices for AI-Based Voice Analysis and Detection/Dataset/S14M01/Fake/27.wav,1,MEN,MEN-S14M01,TG:48f08dcc529ee60c,-19.625,1,0.5325,2.9989609e-09
mendeley/extracted/Bangla Audio Dataset Original and DeepFake Voices for AI-Based Voice Analysis and Detection/Dataset/S14M01/Fake/28.wav,1,MEN,MEN-S14M01,TG:c52489fd7002d612,-6.0820312,1,0.5641666666666667,0.0022783307
mendeley/extracted/Bangla Audio Dataset Original and DeepFake Voices for AI-Based Voice Analysis and Detection/Dataset/S14M01/Fake/29.wav,1,MEN,MEN-S14M01,TG:f0d66e66e0df7a92,-9.71875,1,0.5075000000000001,6.0141523e-05
mendeley/extracted/Bangla Audio Dataset Original and DeepFake Voices for AI-Based Voice Analysis and Detection/Dataset/S14M01/Fake/3.wav,1,MEN,MEN-S14M01,TG:1713efff55beeeec,-14.4609375,1,0.4708333333333333,5.244383e-07
mendeley/extracted/Bangla Audio Dataset Original and DeepFake Voices for AI-Based Voice Analysis and Detection/Dataset/S14M01/Fake/30.wav,1,MEN,MEN-S14M01,TG:15ee6219b5d4aefc,-21.265625,1,0.4225,5.813751e-10
mendeley/extracted/Bangla Audio Dataset Original and DeepFake Voices for AI-Based Voice Analysis and Detection/Dataset/S14M01/Fake/4.wav,1,MEN,MEN-S14M01,TG:6a90890ed8f3955f,-12.7890625,1,0.5575,2.7911265e-06
mendeley/extracted/Bangla Audio Dataset Original and DeepFake Voices for AI-Based Voice Analysis and Detection/Dataset/S14M01/Fake/5.wav,1,MEN,MEN-S14M01,TG:0f6bba26ba2da7d1,-25.546875,1,0.3708333333333333,8.037725e-12
mendeley/extracted/Bangla Audio Dataset Original and DeepFake Voices for AI-Based Voice Analysis and Detection/Dataset/S14M01/Fake/6.wav,1,MEN,MEN-S14M01,TG:30600448e8f6a33e,-27.5,1,0.2708333333333333,1.1399919e-12
mendeley/extracted/Bangla Audio Dataset Original and DeepFake Voices for AI-Based Voice Analysis and Detection/Dataset/S14M01/Fake/7.wav,1,MEN,MEN-S14M01,TG:5008d9f4bdd80229,-21.828125,1,0.5525,3.3125752e-10
mendeley/extracted/Bangla Audio Dataset Original and DeepFake Voices for AI-Based Voice Analysis and Detection/Dataset/S14M01/Fake/8.wav,1,MEN,MEN-S14M01,TG:33180cdc592d15ff,-25.515625,1,0.4441666666666667,8.29287e-12
mendeley/extracted/Bangla Audio Dataset Original and DeepFake Voices for AI-Based Voice Analysis and Detection/Dataset/S14M01/Fake/9.wav,1,MEN,MEN-S14M01,TG:c3296e2a9dc3f70a,-27.8125,1,0.5108333333333333,8.3403586e-13
mendeley/extracted/Bangla Audio Dataset Original and DeepFake Voices for AI-Based Voice Analysis and Detection/Dataset/S14M01/Real/1.wav,0,MEN,MEN-S14M01,TG:554ac7bf8ebb78f9,-28.125,1,0.4841666666666666,6.101937e-13
mendeley/extracted/Bangla Audio Dataset Original and DeepFake Voices for AI-Based Voice Analysis and Detection/Dataset/S14M01/Real/10.wav,0,MEN,MEN-S14M01,TG:8b54a89dd6208789,-34.3125,1,0.6008333333333333,1.2539223e-15
mendeley/extracted/Bangla Audio Dataset Original and DeepFake Voices for AI-Based Voice Analysis and Detection/Dataset/S14M01/Real/11.wav,0,MEN,MEN-S14M01,TG:187c8b79a216637f,-28.34375,1,0.6675,4.903044e-13
mendeley/extracted/Bangla Audio Dataset Original and DeepFake Voices for AI-Based Voice Analysis and Detection/Dataset/S14M01/Real/12.wav,0,MEN,MEN-S14M01,TG:a3f48c98819c7992,-29.546875,1,0.6008333333333333,1.4721606e-13
mendeley/extracted/Bangla Audio Dataset Original and DeepFake Voices for AI-Based Voice Analysis and Detection/Dataset/S14M01/Real/13.wav,0,MEN,MEN-S14M01,TG:1ca2e7b216e9ad9c,-32.375,1,0.5675,8.703945e-15
mendeley/extracted/Bangla Audio Dataset Original and DeepFake Voices for AI-Based Voice Analysis and Detection/Dataset/S14M01/Real/14.wav,0,MEN,MEN-S14M01,TG:d596eeae600d9af9,-31.21875,1,0.5675,2.7661079e-14
mendeley/extracted/Bangla Audio Dataset Original and DeepFake Voices for AI-Based Voice Analysis and Detection/Dataset/S14M01/Real/15.wav,0,MEN,MEN-S14M01,TG:6ce41462058809da,-26.9375,1,0.5508333333333333,2.000748e-12
mendeley/extracted/Bangla Audio Dataset Original and DeepFake Voices for AI-Based Voice Analysis and Detection/Dataset/S14M01/Real/16.wav,0,MEN,MEN-S14M01,TG:0314a002a6d89cd5,-44.78125,1,0.6008333333333333,3.562462e-20
mendeley/extracted/Bangla Audio Dataset Original and DeepFake Voices for AI-Based Voice Analysis and Detection/Dataset/S14M01/Real/17.wav,0,MEN,MEN-S14M01,TG:ba557f5c9351a956,-26.65625,1,0.6341666666666667,2.6505603e-12
mendeley/extracted/Bangla Audio Dataset Original and DeepFake Voices for AI-Based Voice Analysis and Detection/Dataset/S14M01/Real/18.wav,0,MEN,MEN-S14M01,TG:819cb431f0380259,-33.875,1,0.5675,1.9421127e-15
mendeley/extracted/Bangla Audio Dataset Original and DeepFake Voices for AI-Based Voice Analysis and Detection/Dataset/S14M01/Real/19.wav,0,MEN,MEN-S14M01,TG:e146e568c1caae0e,-32.0625,1,0.4341666666666667,1.1896882e-14
mendeley/extracted/Bangla Audio Dataset Original and DeepFake Voices for AI-Based Voice Analysis and Detection/Dataset/S14M01/Real/2.wav,0,MEN,MEN-S14M01,TG:11aa99bdc903f9ab,-28.5,1,0.6174999999999999,4.1937954e-13
mendeley/extracted/Bangla Audio Dataset Original and DeepFake Voices for AI-Based Voice Analysis and Detection/Dataset/S14M01/Real/20.wav,0,MEN,MEN-S14M01,TG:3c3b71398788e916,-30.0,1,0.6291666666666667,9.3576236e-14
mendeley/extracted/Bangla Audio Dataset Original and DeepFake Voices for AI-Based Voice Analysis and Detection/Dataset/S14M01/Real/21.wav,0,MEN,MEN-S14M01,TG:cfaf18d164b6d815,-42.375,1,0.5841666666666667,3.951585e-19
mendeley/extracted/Bangla Audio Dataset Original and DeepFake Voices for AI-Based Voice Analysis and Detection/Dataset/S14M01/Real/22.wav,0,MEN,MEN-S14M01,TG:3e4341aa023d4a7a,-22.96875,1,0.5675,1.0587626e-10
mendeley/extracted/Bangla Audio Dataset Original and DeepFake Voices for AI-Based Voice Analysis and Detection/Dataset/S14M01/Real/23.wav,0,MEN,MEN-S14M01,TG:7a8d04572a454b40,-19.0,1,0.5541666666666667,5.6027964e-09
mendeley/extracted/Bangla Audio Dataset Original and DeepFake Voices for AI-Based Voice Analysis and Detection/Dataset/S14M01/Real/24.wav,0,MEN,MEN-S14M01,TG:1b34ee3dbf78ac83,-18.640625,1,0.5508333333333333,8.025634e-09
mendeley/extracted/Bangla Audio Dataset Original and DeepFake Voices for AI-Based Voice Analysis and Detection/Dataset/S14M01/Real/25.wav,0,MEN,MEN-S14M01,TG:bfab293024be8394,-27.578125,1,0.4841666666666666,1.0543202e-12
mendeley/extracted/Bangla Audio Dataset Original and DeepFake Voices for AI-Based Voice Analysis and Detection/Dataset/S14M01/Real/26.wav,0,MEN,MEN-S14M01,TG:e4f3081165f64146,-74.25,1,0.6508333333333334,5.6706747e-33
mendeley/extracted/Bangla Audio Dataset Original and DeepFake Voices for AI-Based Voice Analysis and Detection/Dataset/S14M01/Real/27.wav,0,MEN,MEN-S14M01,TG:48f08dcc529ee60c,-27.375,1,0.6008333333333333,1.2917799e-12
mendeley/extracted/Bangla Audio Dataset Original and DeepFake Voices for AI-Based Voice Analysis and Detection/Dataset/S14M01/Real/28.wav,0,MEN,MEN-S14M01,TG:c52489fd7002d612,-24.765625,1,0.6008333333333333,1.7556007e-11
mendeley/extracted/Bangla Audio Dataset Original and DeepFake Voices for AI-Based Voice Analysis and Detection/Dataset/S14M01/Real/29.wav,0,MEN,MEN-S14M01,TG:f0d66e66e0df7a92,-22.640625,1,0.5008333333333334,1.4699465e-10
mendeley/extracted/Bangla Audio Dataset Original and DeepFake Voices for AI-Based Voice Analysis and Detection/Dataset/S14M01/Real/3.wav,0,MEN,MEN-S14M01,TG:1713efff55beeeec,-33.9375,1,0.6675,1.824446e-15
mendeley/extracted/Bangla Audio Dataset Original and DeepFake Voices for AI-Based Voice Analysis and Detection/Dataset/S14M01/Real/30.wav,0,MEN,MEN-S14M01,TG:15ee6219b5d4aefc,-22.859375,1,0.5191666666666667,1.181135e-10
mendeley/extracted/Bangla Audio Dataset Original and DeepFake Voices for AI-Based Voice Analysis and Detection/Dataset/S14M01/Real/4.wav,0,MEN,MEN-S14M01,TG:6a90890ed8f3955f,-35.5625,1,0.6841666666666666,3.592547e-16
mendeley/extracted/Bangla Audio Dataset Original and DeepFake Voices for AI-Based Voice Analysis and Detection/Dataset/S14M01/Real/5.wav,0,MEN,MEN-S14M01,TG:0f6bba26ba2da7d1,-25.65625,1,0.5675,7.2049706e-12
mendeley/extracted/Bangla Audio Dataset Original and DeepFake Voices for AI-Based Voice Analysis and Detection/Dataset/S14M01/Real/6.wav,0,MEN,MEN-S14M01,TG:30600448e8f6a33e,-50.875,1,0.5841666666666667,8.040225e-23
mendeley/extracted/Bangla Audio Dataset Original and DeepFake Voices for AI-Based Voice Analysis and Detection/Dataset/S14M01/Real/7.wav,0,MEN,MEN-S14M01,TG:5008d9f4bdd80229,-31.1875,1,0.5841666666666667,2.853914e-14
mendeley/extracted/Bangla Audio Dataset Original and DeepFake Voices for AI-Based Voice Analysis and Detection/Dataset/S14M01/Real/8.wav,0,MEN,MEN-S14M01,TG:33180cdc592d15ff,-41.59375,1,0.4508333333333333,8.631055e-19
mendeley/extracted/Bangla Audio Dataset Original and DeepFake Voices for AI-Based Voice Analysis and Detection/Dataset/S14M01/Real/9.wav,0,MEN,MEN-S14M01,TG:c3296e2a9dc3f70a,-40.84375,1,0.6341666666666667,1.8271944e-18
mendeley/extracted/Bangla Audio Dataset Original and DeepFake Voices for AI-Based Voice Analysis and Detection/Dataset/S14M03/Fake/1.wav,1,MEN,MEN-S14M03,TG:554ac7bf8ebb78f9,2.2558594,1,0.5275000000000001,0.90515476
mendeley/extracted/Bangla Audio Dataset Original and DeepFake Voices for AI-Based Voice Analysis and Detection/Dataset/S14M03/Fake/10.wav,1,MEN,MEN-S14M03,TG:8b54a89dd6208789,8.1875,1,0.4925,0.99972194
mendeley/extracted/Bangla Audio Dataset Original and DeepFake Voices for AI-Based Voice Analysis and Detection/Dataset/S14M03/Fake/11.wav,1,MEN,MEN-S14M03,TG:187c8b79a216637f,2.875,1,0.4908333333333333,0.9465967
mendeley/extracted/Bangla Audio Dataset Original and DeepFake Voices for AI-Based Voice Analysis and Detection/Dataset/S14M03/Fake/12.wav,1,MEN,MEN-S14M03,TG:a3f48c98819c7992,9.4921875,1,0.4791666666666666,0.99992454
mendeley/extracted/Bangla Audio Dataset Original and DeepFake Voices for AI-Based Voice Analysis and Detection/Dataset/S14M03/Fake/13.wav,1,MEN,MEN-S14M03,TG:1ca2e7b216e9ad9c,-2.8125,1,0.5408333333333333,0.056652427
mendeley/extracted/Bangla Audio Dataset Original and DeepFake Voices for AI-Based Voice Analysis and Detection/Dataset/S14M03/Fake/14.wav,1,MEN,MEN-S14M03,TG:d596eeae600d9af9,-10.6484375,1,0.4058333333333334,2.3737339e-05
mendeley/extracted/Bangla Audio Dataset Original and DeepFake Voices for AI-Based Voice Analysis and Detection/Dataset/S14M03/Fake/15.wav,1,MEN,MEN-S14M03,TG:6ce41462058809da,-13.9609375,1,0.4741666666666666,8.646522e-07
mendeley/extracted/Bangla Audio Dataset Original and DeepFake Voices for AI-Based Voice Analysis and Detection/Dataset/S14M03/Fake/16.wav,1,MEN,MEN-S14M03,TG:0314a002a6d89cd5,-1.5546875,1,0.4508333333333333,0.17441027
mendeley/extracted/Bangla Audio Dataset Original and DeepFake Voices for AI-Based Voice Analysis and Detection/Dataset/S14M03/Fake/17.wav,1,MEN,MEN-S14M03,TG:ba557f5c9351a956,3.0761719,1,0.5041666666666667,0.95589906
mendeley/extracted/Bangla Audio Dataset Original and DeepFake Voices for AI-Based Voice Analysis and Detection/Dataset/S14M03/Fake/18.wav,1,MEN,MEN-S14M03,TG:819cb431f0380259,-7.453125,1,0.3958333333333333,0.00057929166
mendeley/extracted/Bangla Audio Dataset Original and DeepFake Voices for AI-Based Voice Analysis and Detection/Dataset/S14M03/Fake/19.wav,1,MEN,MEN-S14M03,TG:e146e568c1caae0e,-7.3554688,1,0.3358333333333333,0.0006386796
mendeley/extracted/Bangla Audio Dataset Original and DeepFake Voices for AI-Based Voice Analysis and Detection/Dataset/S14M03/Fake/2.wav,1,MEN,MEN-S14M03,TG:11aa99bdc903f9ab,5.0351562,1,0.4375,0.9935369
mendeley/extracted/Bangla Audio Dataset Original and DeepFake Voices for AI-Based Voice Analysis and Detection/Dataset/S14M03/Fake/20.wav,1,MEN,MEN-S14M03,TG:3c3b71398788e916,-4.0585938,1,0.5408333333333333,0.01697999
mendeley/extracted/Bangla Audio Dataset Original and DeepFake Voices for AI-Based Voice Analysis and Detection/Dataset/S14M03/Fake/21.wav,1,MEN,MEN-S14M03,TG:cfaf18d164b6d815,-14.7109375,1,0.5558333333333334,4.08433e-07
mendeley/extracted/Bangla Audio Dataset Original and DeepFake Voices for AI-Based Voice Analysis and Detection/Dataset/S14M03/Fake/22.wav,1,MEN,MEN-S14M03,TG:3e4341aa023d4a7a,-4.421875,1,0.5441666666666667,0.011869121
mendeley/extracted/Bangla Audio Dataset Original and DeepFake Voices for AI-Based Voice Analysis and Detection/Dataset/S14M03/Fake/23.wav,1,MEN,MEN-S14M03,TG:7a8d04572a454b40,-8.953125,1,0.3158333333333333,0.00012931564
mendeley/extracted/Bangla Audio Dataset Original and DeepFake Voices for AI-Based Voice Analysis and Detection/Dataset/S14M03/Fake/24.wav,1,MEN,MEN-S14M03,TG:1b34ee3dbf78ac83,-0.49926758,1,0.4375,0.3777128
mendeley/extracted/Bangla Audio Dataset Original and DeepFake Voices for AI-Based Voice Analysis and Detection/Dataset/S14M03/Fake/25.wav,1,MEN,MEN-S14M03,TG:bfab293024be8394,7.2851562,1,0.4125,0.9993148
mendeley/extracted/Bangla Audio Dataset Original and DeepFake Voices for AI-Based Voice Analysis and Detection/Dataset/S14M03/Fake/26.wav,1,MEN,MEN-S14M03,TG:e4f3081165f64146,9.484375,1,0.6091666666666666,0.99992394
mendeley/extracted/Bangla Audio Dataset Original and DeepFake Voices for AI-Based Voice Analysis and Detection/Dataset/S14M03/Fake/27.wav,1,MEN,MEN-S14M03,TG:48f08dcc529ee60c,-8.125,1,0.5575,0.0002959571
mendeley/extracted/Bangla Audio Dataset Original and DeepFake Voices for AI-Based Voice Analysis and Detection/Dataset/S14M03/Fake/28.wav,1,MEN,MEN-S14M03,TG:c52489fd7002d612,-17.578125,1,0.5691666666666666,2.3222947e-08
mendeley/extracted/Bangla Audio Dataset Original and DeepFake Voices for AI-Based Voice Analysis and Detection/Dataset/S14M03/Fake/29.wav,1,MEN,MEN-S14M03,TG:f0d66e66e0df7a92,-11.0703125,1,0.5325,1.5567455e-05
mendeley/extracted/Bangla Audio Dataset Original and DeepFake Voices for AI-Based Voice Analysis and Detection/Dataset/S14M03/Fake/3.wav,1,MEN,MEN-S14M03,TG:1713efff55beeeec,2.3925781,1,0.5275000000000001,0.91625965
mendeley/extracted/Bangla Audio Dataset Original and DeepFake Voices for AI-Based Voice Analysis and Detection/Dataset/S14M03/Fake/30.wav,1,MEN,MEN-S14M03,TG:15ee6219b5d4aefc,1.9677734,1,0.3641666666666666,0.8773717
mendeley/extracted/Bangla Audio Dataset Original and DeepFake Voices for AI-Based Voice Analysis and Detection/Dataset/S14M03/Fake/4.wav,1,MEN,MEN-S14M03,TG:6a90890ed8f3955f,-11.5078125,1,0.5341666666666667,1.005116e-05
mendeley/extracted/Bangla Audio Dataset Original and DeepFake Voices for AI-Based Voice Analysis and Detection/Dataset/S14M03/Fake/5.wav,1,MEN,MEN-S14M03,TG:0f6bba26ba2da7d1,-6.8867188,1,0.3691666666666666,0.0010202174
mendeley/extracted/Bangla Audio Dataset Original and DeepFake Voices for AI-Based Voice Analysis and Detection/Dataset/S14M03/Fake/6.wav,1,MEN,MEN-S14M03,TG:30600448e8f6a33e,-5.71875,1,0.3741666666666666,0.0032730652
mendeley/extracted/Bangla Audio Dataset Original and DeepFake Voices for AI-Based Voice Analysis and Detection/Dataset/S14M03/Fake/7.wav,1,MEN,MEN-S14M03,TG:5008d9f4bdd80229,5.8671875,1,0.5808333333333333,0.9971771
mendeley/extracted/Bangla Audio Dataset Original and DeepFake Voices for AI-Based Voice Analysis and Detection/Dataset/S14M03/Fake/8.wav,1,MEN,MEN-S14M03,TG:33180cdc592d15ff,8.6171875,1,0.4575,0.9998191
mendeley/extracted/Bangla Audio Dataset Original and DeepFake Voices for AI-Based Voice Analysis and Detection/Dataset/S14M03/Fake/9.wav,1,MEN,MEN-S14M03,TG:c3296e2a9dc3f70a,7.8046875,1,0.5058333333333334,0.99959236
mendeley/extracted/Bangla Audio Dataset Original and DeepFake Voices for AI-Based Voice Analysis and Detection/Dataset/S14M03/Real/1.wav,0,MEN,MEN-S14M03,TG:554ac7bf8ebb78f9,-7.6484375,1,0.3675,0.00047656134
mendeley/extracted/Bangla Audio Dataset Original and DeepFake Voices for AI-Based Voice Analysis and Detection/Dataset/S14M03/Real/10.wav,0,MEN,MEN-S14M03,TG:8b54a89dd6208789,-13.1484375,1,0.6008333333333333,1.9485221e-06
mendeley/extracted/Bangla Audio Dataset Original and DeepFake Voices for AI-Based Voice Analysis and Detection/Dataset/S14M03/Real/11.wav,0,MEN,MEN-S14M03,TG:187c8b79a216637f,-19.5625,1,0.5341666666666667,3.192377e-09
mendeley/extracted/Bangla Audio Dataset Original and DeepFake Voices for AI-Based Voice Analysis and Detection/Dataset/S14M03/Real/12.wav,0,MEN,MEN-S14M03,TG:a3f48c98819c7992,-28.515625,1,0.5841666666666667,4.128777e-13
mendeley/extracted/Bangla Audio Dataset Original and DeepFake Voices for AI-Based Voice Analysis and Detection/Dataset/S14M03/Real/13.wav,0,MEN,MEN-S14M03,TG:1ca2e7b216e9ad9c,-16.265625,1,0.5008333333333334,8.628371e-08
mendeley/extracted/Bangla Audio Dataset Original and DeepFake Voices for AI-Based Voice Analysis and Detection/Dataset/S14M03/Real/14.wav,0,MEN,MEN-S14M03,TG:d596eeae600d9af9,-15.71875,1,0.6174999999999999,1.4908488e-07
mendeley/extracted/Bangla Audio Dataset Original and DeepFake Voices for AI-Based Voice Analysis and Detection/Dataset/S14M03/Real/15.wav,0,MEN,MEN-S14M03,TG:6ce41462058809da,-18.921875,1,0.6008333333333333,6.058068e-09
mendeley/extracted/Bangla Audio Dataset Original and DeepFake Voices for AI-Based Voice Analysis and Detection/Dataset/S14M03/Real/16.wav,0,MEN,MEN-S14M03,TG:0314a002a6d89cd5,-3.7148438,1,0.6008333333333333,0.023779986
mendeley/extracted/Bangla Audio Dataset Original and DeepFake Voices for AI-Based Voice Analysis and Detection/Dataset/S14M03/Real/17.wav,0,MEN,MEN-S14M03,TG:ba557f5c9351a956,-19.265625,1,0.5508333333333333,4.295813e-09
mendeley/extracted/Bangla Audio Dataset Original and DeepFake Voices for AI-Based Voice Analysis and Detection/Dataset/S14M03/Real/18.wav,0,MEN,MEN-S14M03,TG:819cb431f0380259,-13.6796875,1,0.5175000000000001,1.1454779e-06
mendeley/extracted/Bangla Audio Dataset Original and DeepFake Voices for AI-Based Voice Analysis and Detection/Dataset/S14M03/Real/19.wav,0,MEN,MEN-S14M03,TG:e146e568c1caae0e,-11.984375,1,0.3508333333333333,6.2409304e-06
mendeley/extracted/Bangla Audio Dataset Original and DeepFake Voices for AI-Based Voice Analysis and Detection/Dataset/S14M03/Real/2.wav,0,MEN,MEN-S14M03,TG:11aa99bdc903f9ab,-8.5703125,1,0.5508333333333333,0.00018961739
mendeley/extracted/Bangla Audio Dataset Original and DeepFake Voices for AI-Based Voice Analysis and Detection/Dataset/S14M03/Real/20.wav,0,MEN,MEN-S14M03,TG:3c3b71398788e916,-11.9609375,1,0.5675,6.3889293e-06
mendeley/extracted/Bangla Audio Dataset Original and DeepFake Voices for AI-Based Voice Analysis and Detection/Dataset/S14M03/Real/21.wav,0,MEN,MEN-S14M03,TG:cfaf18d164b6d815,-16.15625,1,0.6174999999999999,9.625642e-08
mendeley/extracted/Bangla Audio Dataset Original and DeepFake Voices for AI-Based Voice Analysis and Detection/Dataset/S14M03/Real/22.wav,0,MEN,MEN-S14M03,TG:3e4341aa023d4a7a,-6.6484375,1,0.6008333333333333,0.0012943682
mendeley/extracted/Bangla Audio Dataset Original and DeepFake Voices for AI-Based Voice Analysis and Detection/Dataset/S14M03/Real/23.wav,0,MEN,MEN-S14M03,TG:7a8d04572a454b40,-15.90625,1,0.5675,1.235957e-07
mendeley/extracted/Bangla Audio Dataset Original and DeepFake Voices for AI-Based Voice Analysis and Detection/Dataset/S14M03/Real/24.wav,0,MEN,MEN-S14M03,TG:1b34ee3dbf78ac83,-18.03125,1,0.5175000000000001,1.4761403e-08
mendeley/extracted/Bangla Audio Dataset Original and DeepFake Voices for AI-Based Voice Analysis and Detection/Dataset/S14M03/Real/25.wav,0,MEN,MEN-S14M03,TG:bfab293024be8394,-17.75,1,0.4675,1.9555682e-08
mendeley/extracted/Bangla Audio Dataset Original and DeepFake Voices for AI-Based Voice Analysis and Detection/Dataset/S14M03/Real/26.wav,0,MEN,MEN-S14M03,TG:e4f3081165f64146,-24.6875,1,0.5508333333333333,1.8982569e-11
mendeley/extracted/Bangla Audio Dataset Original and DeepFake Voices for AI-Based Voice Analysis and Detection/Dataset/S14M03/Real/27.wav,0,MEN,MEN-S14M03,TG:48f08dcc529ee60c,-18.578125,1,0.5675,8.543244e-09
mendeley/extracted/Bangla Audio Dataset Original and DeepFake Voices for AI-Based Voice Analysis and Detection/Dataset/S14M03/Real/28.wav,0,MEN,MEN-S14M03,TG:c52489fd7002d612,-23.40625,1,0.6341666666666667,6.835885e-11
mendeley/extracted/Bangla Audio Dataset Original and DeepFake Voices for AI-Based Voice Analysis and Detection/Dataset/S14M03/Real/29.wav,0,MEN,MEN-S14M03,TG:f0d66e66e0df7a92,-21.140625,1,0.5008333333333334,6.587843e-10
mendeley/extracted/Bangla Audio Dataset Original and DeepFake Voices for AI-Based Voice Analysis and Detection/Dataset/S14M03/Real/3.wav,0,MEN,MEN-S14M03,TG:1713efff55beeeec,-4.5664062,1,0.4508333333333333,0.010288302
mendeley/extracted/Bangla Audio Dataset Original and DeepFake Voices for AI-Based Voice Analysis and Detection/Dataset/S14M03/Real/30.wav,0,MEN,MEN-S14M03,TG:15ee6219b5d4aefc,-16.25,1,0.4841666666666666,8.764247e-08
mendeley/extracted/Bangla Audio Dataset Original and DeepFake Voices for AI-Based Voice Analysis and Detection/Dataset/S14M03/Real/4.wav,0,MEN,MEN-S14M03,TG:6a90890ed8f3955f,-22.234375,1,0.4675,2.2066508e-10
mendeley/extracted/Bangla Audio Dataset Original and DeepFake Voices for AI-Based Voice Analysis and Detection/Dataset/S14M03/Real/5.wav,0,MEN,MEN-S14M03,TG:0f6bba26ba2da7d1,-8.0546875,1,0.3841666666666666,0.0003175088
mendeley/extracted/Bangla Audio Dataset Original and DeepFake Voices for AI-Based Voice Analysis and Detection/Dataset/S14M03/Real/6.wav,0,MEN,MEN-S14M03,TG:30600448e8f6a33e,-15.75,1,0.4841666666666666,1.4449802e-07
mendeley/extracted/Bangla Audio Dataset Original and DeepFake Voices for AI-Based Voice Analysis and Detection/Dataset/S14M03/Real/7.wav,0,MEN,MEN-S14M03,TG:5008d9f4bdd80229,-26.90625,1,0.5341666666666667,2.0642587e-12
mendeley/extracted/Bangla Audio Dataset Original and DeepFake Voices for AI-Based Voice Analysis and Detection/Dataset/S14M03/Real/8.wav,0,MEN,MEN-S14M03,TG:33180cdc592d15ff,-14.34375,1,0.3841666666666666,5.8964184e-07
mendeley/extracted/Bangla Audio Dataset Original and DeepFake Voices for AI-Based Voice Analysis and Detection/Dataset/S14M03/Real/9.wav,0,MEN,MEN-S14M03,TG:c3296e2a9dc3f70a,-21.6875,1,0.5675,3.8127507e-10
mendeley/extracted/Bangla Audio Dataset Original and DeepFake Voices for AI-Based Voice Analysis and Detection/Dataset/S14M04/Fake/1.wav,1,MEN,MEN-S14M04,TG:554ac7bf8ebb78f9,10.546875,1,0.4908333333333333,0.9999738
mendeley/extracted/Bangla Audio Dataset Original and DeepFake Voices for AI-Based Voice Analysis and Detection/Dataset/S14M04/Fake/10.wav,1,MEN,MEN-S14M04,TG:8b54a89dd6208789,-12.2734375,1,0.5308333333333333,4.674249e-06
mendeley/extracted/Bangla Audio Dataset Original and DeepFake Voices for AI-Based Voice Analysis and Detection/Dataset/S14M04/Fake/11.wav,1,MEN,MEN-S14M04,TG:187c8b79a216637f,7.5898438,1,0.5475,0.9994947
mendeley/extracted/Bangla Audio Dataset Original and DeepFake Voices for AI-Based Voice Analysis and Detection/Dataset/S14M04/Fake/12.wav,1,MEN,MEN-S14M04,TG:a3f48c98819c7992,5.0507812,1,0.4241666666666667,0.9936365
mendeley/extracted/Bangla Audio Dataset Original and DeepFake Voices for AI-Based Voice Analysis and Detection/Dataset/S14M04/Fake/13.wav,1,MEN,MEN-S14M04,TG:1ca2e7b216e9ad9c,-19.78125,1,0.5625,2.5651472e-09
mendeley/extracted/Bangla Audio Dataset Original and DeepFake Voices for AI-Based Voice Analysis and Detection/Dataset/S14M04/Fake/14.wav,1,MEN,MEN-S14M04,TG:d596eeae600d9af9,8.671875,1,0.4841666666666666,0.9998287
mendeley/extracted/Bangla Audio Dataset Original and DeepFake Voices for AI-Based Voice Analysis and Detection/Dataset/S14M04/Fake/15.wav,1,MEN,MEN-S14M04,TG:6ce41462058809da,-9.640625,1,0.4841666666666666,6.5028165e-05
mendeley/extracted/Bangla Audio Dataset Original and DeepFake Voices for AI-Based Voice Analysis and Detection/Dataset/S14M04/Fake/16.wav,1,MEN,MEN-S14M04,TG:0314a002a6d89cd5,-10.890625,1,0.4708333333333333,1.8631747e-05
mendeley/extracted/Bangla Audio Dataset Original and DeepFake Voices for AI-Based Voice Analysis and Detection/Dataset/S14M04/Fake/17.wav,1,MEN,MEN-S14M04,TG:ba557f5c9351a956,-8.3359375,1,0.4825,0.00023968688
mendeley/extracted/Bangla Audio Dataset Original and DeepFake Voices for AI-Based Voice Analysis and Detection/Dataset/S14M04/Fake/18.wav,1,MEN,MEN-S14M04,TG:819cb431f0380259,-5.859375,1,0.3558333333333333,0.0028449094
mendeley/extracted/Bangla Audio Dataset Original and DeepFake Voices for AI-Based Voice Analysis and Detection/Dataset/S14M04/Fake/19.wav,1,MEN,MEN-S14M04,TG:e146e568c1caae0e,-16.796875,1,0.3625,5.072357e-08
mendeley/extracted/Bangla Audio Dataset Original and DeepFake Voices for AI-Based Voice Analysis and Detection/Dataset/S14M04/Fake/2.wav,1,MEN,MEN-S14M04,TG:11aa99bdc903f9ab,6.2421875,1,0.4475,0.99805814
mendeley/extracted/Bangla Audio Dataset Original and DeepFake Voices for AI-Based Voice Analysis and Detection/Dataset/S14M04/Fake/20.wav,1,MEN,MEN-S14M04,TG:3c3b71398788e916,1.6074219,1,0.4708333333333333,0.8330532
mendeley/extracted/Bangla Audio Dataset Original and DeepFake Voices for AI-Based Voice Analysis and Detection/Dataset/S14M04/Fake/21.wav,1,MEN,MEN-S14M04,TG:cfaf18d164b6d815,-0.039123535,1,0.5275000000000001,0.49022037
mendeley/extracted/Bangla Audio Dataset Original and DeepFake Voices for AI-Based Voice Analysis and Detection/Dataset/S14M04/Fake/22.wav,1,MEN,MEN-S14M04,TG:3e4341aa023d4a7a,-1.8564453,1,0.4941666666666666,0.13511792
mendeley/extracted/Bangla Audio Dataset Original and DeepFake Voices for AI-Based Voice Analysis and Detection/Dataset/S14M04/Fake/23.wav,1,MEN,MEN-S14M04,TG:7a8d04572a454b40,-2.8320312,1,0.2441666666666666,0.05561761
mendeley/extracted/Bangla Audio Dataset Original and DeepFake Voices for AI-Based Voice Analysis and Detection/Dataset/S14M04/Fake/24.wav,1,MEN,MEN-S14M04,TG:1b34ee3dbf78ac83,-12.5625,1,0.4125,3.5008547e-06
mendeley/extracted/Bangla Audio Dataset Original and DeepFake Voices for AI-Based Voice Analysis and Detection/Dataset/S14M04/Fake/25.wav,1,MEN,MEN-S14M04,TG:bfab293024be8394,-4.3476562,1,0.4175,0.012771868
mendeley/extracted/Bangla Audio Dataset Original and DeepFake Voices for AI-Based Voice Analysis and Detection/Dataset/S14M04/Fake/26.wav,1,MEN,MEN-S14M04,TG:e4f3081165f64146,-12.2578125,1,0.5775,4.747857e-06
mendeley/extracted/Bangla Audio Dataset Original and DeepFake Voices for AI-Based Voice Analysis and Detection/Dataset/S14M04/Fake/27.wav,1,MEN,MEN-S14M04,TG:48f08dcc529ee60c,-9.8828125,1,0.4641666666666666,5.104191e-05
mendeley/extracted/Bangla Audio Dataset Original and DeepFake Voices for AI-Based Voice Analysis and Detection/Dataset/S14M04/Fake/28.wav,1,MEN,MEN-S14M04,TG:c52489fd7002d612,8.3671875,1,0.5974999999999999,0.9997677
mendeley/extracted/Bangla Audio Dataset Original and DeepFake Voices for AI-Based Voice Analysis and Detection/Dataset/S14M04/Fake/29.wav,1,MEN,MEN-S14M04,TG:f0d66e66e0df7a92,8.015625,1,0.5275000000000001,0.9996699
mendeley/extracted/Bangla Audio Dataset Original and DeepFake Voices for AI-Based Voice Analysis and Detection/Dataset/S14M04/Fake/3.wav,1,MEN,MEN-S14M04,TG:1713efff55beeeec,9.921875,1,0.4991666666666666,0.9999509
mendeley/extracted/Bangla Audio Dataset Original and DeepFake Voices for AI-Based Voice Analysis and Detection/Dataset/S14M04/Fake/30.wav,1,MEN,MEN-S14M04,TG:15ee6219b5d4aefc,8.7578125,1,0.3974999999999999,0.99984276
mendeley/extracted/Bangla Audio Dataset Original and DeepFake Voices for AI-Based Voice Analysis and Detection/Dataset/S14M04/Fake/4.wav,1,MEN,MEN-S14M04,TG:6a90890ed8f3955f,-0.06781006,1,0.4758333333333333,0.48305398
mendeley/extracted/Bangla Audio Dataset Original and DeepFake Voices for AI-Based Voice Analysis and Detection/Dataset/S14M04/Fake/5.wav,1,MEN,MEN-S14M04,TG:0f6bba26ba2da7d1,-6.3125,1,0.3874999999999999,0.0018102111
mendeley/extracted/Bangla Audio Dataset Original and DeepFake Voices for AI-Based Voice Analysis and Detection/Dataset/S14M04/Fake/6.wav,1,MEN,MEN-S14M04,TG:30600448e8f6a33e,-8.4921875,1,0.3808333333333333,0.00020502214
mendeley/extracted/Bangla Audio Dataset Original and DeepFake Voices for AI-Based Voice Analysis and Detection/Dataset/S14M04/Fake/7.wav,1,MEN,MEN-S14M04,TG:5008d9f4bdd80229,-12.34375,1,0.5241666666666667,4.35688e-06
mendeley/extracted/Bangla Audio Dataset Original and DeepFake Voices for AI-Based Voice Analysis and Detection/Dataset/S14M04/Fake/8.wav,1,MEN,MEN-S14M04,TG:33180cdc592d15ff,-2.3398438,1,0.3208333333333333,0.08787645
mendeley/extracted/Bangla Audio Dataset Original and DeepFake Voices for AI-Based Voice Analysis and Detection/Dataset/S14M04/Fake/9.wav,1,MEN,MEN-S14M04,TG:c3296e2a9dc3f70a,-2.390625,1,0.5108333333333333,0.083890386
mendeley/extracted/Bangla Audio Dataset Original and DeepFake Voices for AI-Based Voice Analysis and Detection/Dataset/S14M04/Real/1.wav,0,MEN,MEN-S14M04,TG:554ac7bf8ebb78f9,-24.4375,1,0.3841666666666666,2.4374098e-11
mendeley/extracted/Bangla Audio Dataset Original and DeepFake Voices for AI-Based Voice Analysis and Detection/Dataset/S14M04/Real/10.wav,0,MEN,MEN-S14M04,TG:8b54a89dd6208789,-9.1171875,1,0.4008333333333334,0.00010975091
mendeley/extracted/Bangla Audio Dataset Original and DeepFake Voices for AI-Based Voice Analysis and Detection/Dataset/S14M04/Real/11.wav,0,MEN,MEN-S14M04,TG:187c8b79a216637f,-28.359375,1,0.3508333333333333,4.8270296e-13
mendeley/extracted/Bangla Audio Dataset Original and DeepFake Voices for AI-Based Voice Analysis and Detection/Dataset/S14M04/Real/12.wav,0,MEN,MEN-S14M04,TG:a3f48c98819c7992,-16.53125,1,0.4175,6.615601e-08
mendeley/extracted/Bangla Audio Dataset Original and DeepFake Voices for AI-Based Voice Analysis and Detection/Dataset/S14M04/Real/13.wav,0,MEN,MEN-S14M04,TG:1ca2e7b216e9ad9c,-28.921875,1,0.3841666666666666,2.7503583e-13
mendeley/extracted/Bangla Audio Dataset Original and DeepFake Voices for AI-Based Voice Analysis and Detection/Dataset/S14M04/Real/14.wav,0,MEN,MEN-S14M04,TG:d596eeae600d9af9,-19.703125,1,0.4175,2.7735854e-09
mendeley/extracted/Bangla Audio Dataset Original and DeepFake Voices for AI-Based Voice Analysis and Detection/Dataset/S14M04/Real/15.wav,0,MEN,MEN-S14M04,TG:6ce41462058809da,-33.03125,1,0.4508333333333333,4.515547e-15
mendeley/extracted/Bangla Audio Dataset Original and DeepFake Voices for AI-Based Voice Analysis and Detection/Dataset/S14M04/Real/16.wav,0,MEN,MEN-S14M04,TG:0314a002a6d89cd5,-19.15625,1,0.3508333333333333,4.792326e-09
mendeley/extracted/Bangla Audio Dataset Original and DeepFake Voices for AI-Based Voice Analysis and Detection/Dataset/S14M04/Real/17.wav,0,MEN,MEN-S14M04,TG:ba557f5c9351a956,-26.015625,1,0.4008333333333334,5.02988e-12
mendeley/extracted/Bangla Audio Dataset Original and DeepFake Voices for AI-Based Voice Analysis and Detection/Dataset/S14M04/Real/18.wav,0,MEN,MEN-S14M04,TG:819cb431f0380259,-20.765625,1,0.3841666666666666,9.585255e-10
mendeley/extracted/Bangla Audio Dataset Original and DeepFake Voices for AI-Based Voice Analysis and Detection/Dataset/S14M04/Real/19.wav,0,MEN,MEN-S14M04,TG:e146e568c1caae0e,-20.265625,1,0.3508333333333333,1.5803413e-09
mendeley/extracted/Bangla Audio Dataset Original and DeepFake Voices for AI-Based Voice Analysis and Detection/Dataset/S14M04/Real/2.wav,0,MEN,MEN-S14M04,TG:11aa99bdc903f9ab,-13.0546875,1,0.3508333333333333,2.1400322e-06
mendeley/extracted/Bangla Audio Dataset Original and DeepFake Voices for AI-Based Voice Analysis and Detection/Dataset/S14M04/Real/20.wav,0,MEN,MEN-S14M04,TG:3c3b71398788e916,-14.6796875,1,0.3675,4.2139806e-07
mendeley/extracted/Bangla Audio Dataset Original and DeepFake Voices for AI-Based Voice Analysis and Detection/Dataset/S14M04/Real/21.wav,0,MEN,MEN-S14M04,TG:cfaf18d164b6d815,-41.84375,1,0.3341666666666666,6.721873e-19
mendeley/extracted/Bangla Audio Dataset Original and DeepFake Voices for AI-Based Voice Analysis and Detection/Dataset/S14M04/Real/22.wav,0,MEN,MEN-S14M04,TG:3e4341aa023d4a7a,-28.453125,1,0.3675,4.3950602e-13
mendeley/extracted/Bangla Audio Dataset Original and DeepFake Voices for AI-Based Voice Analysis and Detection/Dataset/S14M04/Real/23.wav,0,MEN,MEN-S14M04,TG:7a8d04572a454b40,-29.890625,1,0.4341666666666667,1.0439184e-13
mendeley/extracted/Bangla Audio Dataset Original and DeepFake Voices for AI-Based Voice Analysis and Detection/Dataset/S14M04/Real/24.wav,0,MEN,MEN-S14M04,TG:1b34ee3dbf78ac83,-33.875,1,0.3841666666666666,1.9421127e-15
mendeley/extracted/Bangla Audio Dataset Original and DeepFake Voices for AI-Based Voice Analysis and Detection/Dataset/S14M04/Real/25.wav,0,MEN,MEN-S14M04,TG:bfab293024be8394,-34.75,1,0.3341666666666666,8.09593e-16
mendeley/extracted/Bangla Audio Dataset Original and DeepFake Voices for AI-Based Voice Analysis and Detection/Dataset/S14M04/Real/26.wav,0,MEN,MEN-S14M04,TG:e4f3081165f64146,-36.65625,1,0.4675,1.2033526e-16
mendeley/extracted/Bangla Audio Dataset Original and DeepFake Voices for AI-Based Voice Analysis and Detection/Dataset/S14M04/Real/27.wav,0,MEN,MEN-S14M04,TG:48f08dcc529ee60c,-37.8125,1,0.3841666666666666,3.7865172e-17
mendeley/extracted/Bangla Audio Dataset Original and DeepFake Voices for AI-Based Voice Analysis and Detection/Dataset/S14M04/Real/28.wav,0,MEN,MEN-S14M04,TG:c52489fd7002d612,-31.375,1,0.3841666666666666,2.3659777e-14
mendeley/extracted/Bangla Audio Dataset Original and DeepFake Voices for AI-Based Voice Analysis and Detection/Dataset/S14M04/Real/29.wav,0,MEN,MEN-S14M04,TG:f0d66e66e0df7a92,-29.0625,1,0.3508333333333333,2.3895529e-13
mendeley/extracted/Bangla Audio Dataset Original and DeepFake Voices for AI-Based Voice Analysis and Detection/Dataset/S14M04/Real/3.wav,0,MEN,MEN-S14M04,TG:1713efff55beeeec,-14.4453125,1,0.3841666666666666,5.32697e-07
mendeley/extracted/Bangla Audio Dataset Original and DeepFake Voices for AI-Based Voice Analysis and Detection/Dataset/S14M04/Real/30.wav,0,MEN,MEN-S14M04,TG:15ee6219b5d4aefc,-31.59375,1,0.4508333333333333,1.9011165e-14
mendeley/extracted/Bangla Audio Dataset Original and DeepFake Voices for AI-Based Voice Analysis and Detection/Dataset/S14M04/Real/4.wav,0,MEN,MEN-S14M04,TG:6a90890ed8f3955f,-6.2109375,1,0.3675,0.0020033333
mendeley/extracted/Bangla Audio Dataset Original and DeepFake Voices for AI-Based Voice Analysis and Detection/Dataset/S14M04/Real/5.wav,0,MEN,MEN-S14M04,TG:0f6bba26ba2da7d1,-2.2695312,1,0.3675,0.09367801
mendeley/extracted/Bangla Audio Dataset Original and DeepFake Voices for AI-Based Voice Analysis and Detection/Dataset/S14M04/Real/6.wav,0,MEN,MEN-S14M04,TG:30600448e8f6a33e,1.7060547,1,0.3008333333333333,0.84632385
mendeley/extracted/Bangla Audio Dataset Original and DeepFake Voices for AI-Based Voice Analysis and Detection/Dataset/S14M04/Real/7.wav,0,MEN,MEN-S14M04,TG:5008d9f4bdd80229,6.6992188,1,0.4175,0.9987696
mendeley/extracted/Bangla Audio Dataset Original and DeepFake Voices for AI-Based Voice Analysis and Detection/Dataset/S14M04/Real/8.wav,0,MEN,MEN-S14M04,TG:33180cdc592d15ff,-15.859375,1,0.3341666666666666,1.2952718e-07
mendeley/extracted/Bangla Audio Dataset Original and DeepFake Voices for AI-Based Voice Analysis and Detection/Dataset/S14M04/Real/9.wav,0,MEN,MEN-S14M04,TG:c3296e2a9dc3f70a,-12.5625,1,0.3675,3.5008547e-06
mendeley/extracted/Bangla Audio Dataset Original and DeepFake Voices for AI-Based Voice Analysis and Detection/Dataset/S14M05/Fake/1.wav,1,MEN,MEN-S14M05,TG:554ac7bf8ebb78f9,-3.2832031,1,0.4941666666666666,0.03615194
mendeley/extracted/Bangla Audio Dataset Original and DeepFake Voices for AI-Based Voice Analysis and Detection/Dataset/S14M05/Fake/10.wav,1,MEN,MEN-S14M05,TG:8b54a89dd6208789,-13.171875,1,0.5375,1.9033845e-06
mendeley/extracted/Bangla Audio Dataset Original and DeepFake Voices for AI-Based Voice Analysis and Detection/Dataset/S14M05/Fake/11.wav,1,MEN,MEN-S14M05,TG:187c8b79a216637f,-1.6201172,1,0.5041666666666667,0.16518871
mendeley/extracted/Bangla Audio Dataset Original and DeepFake Voices for AI-Based Voice Analysis and Detection/Dataset/S14M05/Fake/12.wav,1,MEN,MEN-S14M05,TG:a3f48c98819c7992,4.25,1,0.4208333333333333,0.9859364
mendeley/extracted/Bangla Audio Dataset Original and DeepFake Voices for AI-Based Voice Analysis and Detection/Dataset/S14M05/Fake/13.wav,1,MEN,MEN-S14M05,TG:1ca2e7b216e9ad9c,-9.078125,1,0.5375,0.00011412239
mendeley/extracted/Bangla Audio Dataset Original and DeepFake Voices for AI-Based Voice Analysis and Detection/Dataset/S14M05/Fake/14.wav,1,MEN,MEN-S14M05,TG:d596eeae600d9af9,5.6953125,1,0.4358333333333333,0.99664956
mendeley/extracted/Bangla Audio Dataset Original and DeepFake Voices for AI-Based Voice Analysis and Detection/Dataset/S14M05/Fake/15.wav,1,MEN,MEN-S14M05,TG:6ce41462058809da,4.3554688,1,0.4591666666666666,0.9873262
mendeley/extracted/Bangla Audio Dataset Original and DeepFake Voices for AI-Based Voice Analysis and Detection/Dataset/S14M05/Fake/16.wav,1,MEN,MEN-S14M05,TG:0314a002a6d89cd5,-14.6953125,1,0.4041666666666667,4.148649e-07
mendeley/extracted/Bangla Audio Dataset Original and DeepFake Voices for AI-Based Voice Analysis and Detection/Dataset/S14M05/Fake/17.wav,1,MEN,MEN-S14M05,TG:ba557f5c9351a956,-0.34814453,1,0.4941666666666666,0.41383246
mendeley/extracted/Bangla Audio Dataset Original and DeepFake Voices for AI-Based Voice Analysis and Detection/Dataset/S14M05/Fake/18.wav,1,MEN,MEN-S14M05,TG:819cb431f0380259,-5.6289062,1,0.4441666666666667,0.0035796424
mendeley/extracted/Bangla Audio Dataset Original and DeepFake Voices for AI-Based Voice Analysis and Detection/Dataset/S14M05/Fake/19.wav,1,MEN,MEN-S14M05,TG:e146e568c1caae0e,2.1015625,1,0.3708333333333333,0.891055
mendeley/extracted/Bangla Audio Dataset Original and DeepFake Voices for AI-Based Voice Analysis and Detection/Dataset/S14M05/Fake/2.wav,1,MEN,MEN-S14M05,TG:11aa99bdc903f9ab,-8.1953125,1,0.4525,0.0002758679
mendeley/extracted/Bangla Audio Dataset Original and DeepFake Voices for AI-Based Voice Analysis and Detection/Dataset/S14M05/Fake/20.wav,1,MEN,MEN-S14M05,TG:3c3b71398788e916,-7.8046875,1,0.4691666666666666,0.0004076526
mendeley/extracted/Bangla Audio Dataset Original and DeepFake Voices for AI-Based Voice Analysis and Detection/Dataset/S14M05/Fake/21.wav,1,MEN,MEN-S14M05,TG:cfaf18d164b6d815,6.7421875,1,0.5341666666666667,0.9988213
mendeley/extracted/Bangla Audio Dataset Original and DeepFake Voices for AI-Based Voice Analysis and Detection/Dataset/S14M05/Fake/22.wav,1,MEN,MEN-S14M05,TG:3e4341aa023d4a7a,-2.3574219,1,0.5125,0.08647765
mendeley/extracted/Bangla Audio Dataset Original and DeepFake Voices for AI-Based Voice Analysis and Detection/Dataset/S14M05/Fake/23.wav,1,MEN,MEN-S14M05,TG:7a8d04572a454b40,-3.5644531,1,0.2925,0.027532939
mendeley/extracted/Bangla Audio Dataset Original and DeepFake Voices for AI-Based Voice Analysis and Detection/Dataset/S14M05/Fake/24.wav,1,MEN,MEN-S14M05,TG:1b34ee3dbf78ac83,-9.6015625,1,0.4325,6.761842e-05
mendeley/extracted/Bangla Audio Dataset Original and DeepFake Voices for AI-Based Voice Analysis and Detection/Dataset/S14M05/Fake/25.wav,1,MEN,MEN-S14M05,TG:bfab293024be8394,-11.0,1,0.4308333333333333,1.6701422e-05
mendeley/extracted/Bangla Audio Dataset Original and DeepFake Voices for AI-Based Voice Analysis and Detection/Dataset/S14M05/Fake/26.wav,1,MEN,MEN-S14M05,TG:e4f3081165f64146,-13.4453125,1,0.5508333333333333,1.4480192e-06
mendeley/extracted/Bangla Audio Dataset Original and DeepFake Voices for AI-Based Voice Analysis and Detection/Dataset/S14M05/Fake/27.wav,1,MEN,MEN-S14M05,TG:48f08dcc529ee60c,-20.328125,1,0.4758333333333333,1.4845933e-09
mendeley/extracted/Bangla Audio Dataset Original and DeepFake Voices for AI-Based Voice Analysis and Detection/Dataset/S14M05/Fake/28.wav,1,MEN,MEN-S14M05,TG:c52489fd7002d612,9.7421875,1,0.5525,0.99994123
mendeley/extracted/Bangla Audio Dataset Original and DeepFake Voices for AI-Based Voice Analysis and Detection/Dataset/S14M05/Fake/29.wav,1,MEN,MEN-S14M05,TG:f0d66e66e0df7a92,-1.6210938,1,0.5108333333333333,0.16505408
mendeley/extracted/Bangla Audio Dataset Original and DeepFake Voices for AI-Based Voice Analysis and Detection/Dataset/S14M05/Fake/3.wav,1,MEN,MEN-S14M05,TG:1713efff55beeeec,-5.6757812,1,0.5108333333333333,0.0034162789
mendeley/extracted/Bangla Audio Dataset Original and DeepFake Voices for AI-Based Voice Analysis and Detection/Dataset/S14M05/Fake/30.wav,1,MEN,MEN-S14M05,TG:15ee6219b5d4aefc,1.28125,1,0.3441666666666666,0.7826625
mendeley/extracted/Bangla Audio Dataset Original and DeepFake Voices for AI-Based Voice Analysis and Detection/Dataset/S14M05/Fake/4.wav,1,MEN,MEN-S14M05,TG:6a90890ed8f3955f,-12.421875,1,0.5441666666666667,4.0294567e-06
mendeley/extracted/Bangla Audio Dataset Original and DeepFake Voices for AI-Based Voice Analysis and Detection/Dataset/S14M05/Fake/5.wav,1,MEN,MEN-S14M05,TG:0f6bba26ba2da7d1,5.546875,1,0.3774999999999999,0.99611557
mendeley/extracted/Bangla Audio Dataset Original and DeepFake Voices for AI-Based Voice Analysis and Detection/Dataset/S14M05/Fake/6.wav,1,MEN,MEN-S14M05,TG:30600448e8f6a33e,-0.5361328,1,0.3874999999999999,0.36908767
mendeley/extracted/Bangla Audio Dataset Original and DeepFake Voices for AI-Based Voice Analysis and Detection/Dataset/S14M05/Fake/7.wav,1,MEN,MEN-S14M05,TG:5008d9f4bdd80229,-10.375,1,0.5708333333333333,3.120191e-05
mendeley/extracted/Bangla Audio Dataset Original and DeepFake Voices for AI-Based Voice Analysis and Detection/Dataset/S14M05/Fake/8.wav,1,MEN,MEN-S14M05,TG:33180cdc592d15ff,3.0390625,1,0.4041666666666667,0.95430803
mendeley/extracted/Bangla Audio Dataset Original and DeepFake Voices for AI-Based Voice Analysis and Detection/Dataset/S14M05/Fake/9.wav,1,MEN,MEN-S14M05,TG:c3296e2a9dc3f70a,-4.9921875,1,0.5358333333333334,0.0067449897
mendeley/extracted/Bangla Audio Dataset Original and DeepFake Voices for AI-Based Voice Analysis and Detection/Dataset/S14M05/Real/1.wav,0,MEN,MEN-S14M05,TG:554ac7bf8ebb78f9,9.1640625,1,0.4675,0.9998952
mendeley/extracted/Bangla Audio Dataset Original and DeepFake Voices for AI-Based Voice Analysis and Detection/Dataset/S14M05/Real/10.wav,0,MEN,MEN-S14M05,TG:8b54a89dd6208789,-13.703125,1,0.5008333333333334,1.1189429e-06
mendeley/extracted/Bangla Audio Dataset Original and DeepFake Voices for AI-Based Voice Analysis and Detection/Dataset/S14M05/Real/11.wav,0,MEN,MEN-S14M05,TG:187c8b79a216637f,-5.2539062,1,0.5175000000000001,0.0051998803
mendeley/extracted/Bangla Audio Dataset Original and DeepFake Voices for AI-Based Voice Analysis and Detection/Dataset/S14M05/Real/12.wav,0,MEN,MEN-S14M05,TG:a3f48c98819c7992,-29.09375,1,0.5175000000000001,2.316034e-13
mendeley/extracted/Bangla Audio Dataset Original and DeepFake Voices for AI-Based Voice Analysis and Detection/Dataset/S14M05/Real/13.wav,0,MEN,MEN-S14M05,TG:1ca2e7b216e9ad9c,-7.3867188,1,0.4508333333333333,0.0006190417
mendeley/extracted/Bangla Audio Dataset Original and DeepFake Voices for AI-Based Voice Analysis and Detection/Dataset/S14M05/Real/14.wav,0,MEN,MEN-S14M05,TG:d596eeae600d9af9,-10.8046875,1,0.4175,2.0303693e-05
mendeley/extracted/Bangla Audio Dataset Original and DeepFake Voices for AI-Based Voice Analysis and Detection/Dataset/S14M05/Real/15.wav,0,MEN,MEN-S14M05,TG:6ce41462058809da,-26.75,1,0.4675,2.413363e-12
mendeley/extracted/Bangla Audio Dataset Original and DeepFake Voices for AI-Based Voice Analysis and Detection/Dataset/S14M05/Real/16.wav,0,MEN,MEN-S14M05,TG:0314a002a6d89cd5,-8.7421875,1,0.4508333333333333,0.00015967865
mendeley/extracted/Bangla Audio Dataset Original and DeepFake Voices for AI-Based Voice Analysis and Detection/Dataset/S14M05/Real/17.wav,0,MEN,MEN-S14M05,TG:ba557f5c9351a956,-17.4375,1,0.5175000000000001,2.6729445e-08
mendeley/extracted/Bangla Audio Dataset Original and DeepFake Voices for AI-Based Voice Analysis and Detection/Dataset/S14M05/Real/18.wav,0,MEN,MEN-S14M05,TG:819cb431f0380259,-16.71875,1,0.4508333333333333,5.484526e-08
mendeley/extracted/Bangla Audio Dataset Original and DeepFake Voices for AI-Based Voice Analysis and Detection/Dataset/S14M05/Real/19.wav,0,MEN,MEN-S14M05,TG:e146e568c1caae0e,-20.203125,1,0.3841666666666666,1.6822647e-09
mendeley/extracted/Bangla Audio Dataset Original and DeepFake Voices for AI-Based Voice Analysis and Detection/Dataset/S14M05/Real/2.wav,0,MEN,MEN-S14M05,TG:11aa99bdc903f9ab,-9.8515625,1,0.5175000000000001,5.266206e-05
mendeley/extracted/Bangla Audio Dataset Original and DeepFake Voices for AI-Based Voice Analysis and Detection/Dataset/S14M05/Real/20.wav,0,MEN,MEN-S14M05,TG:3c3b71398788e916,-19.703125,1,0.5008333333333334,2.7735854e-09
mendeley/extracted/Bangla Audio Dataset Original and DeepFake Voices for AI-Based Voice Analysis and Detection/Dataset/S14M05/Real/21.wav,0,MEN,MEN-S14M05,TG:cfaf18d164b6d815,-0.13195801,1,0.5008333333333334,0.4670583
mendeley/extracted/Bangla Audio Dataset Original and DeepFake Voices for AI-Based Voice Analysis and Detection/Dataset/S14M05/Real/22.wav,0,MEN,MEN-S14M05,TG:3e4341aa023d4a7a,-16.671875,1,0.4675,5.7477344e-08
mendeley/extracted/Bangla Audio Dataset Original and DeepFake Voices for AI-Based Voice Analysis and Detection/Dataset/S14M05/Real/23.wav,0,MEN,MEN-S14M05,TG:7a8d04572a454b40,-18.0,1,0.5008333333333334,1.5229979e-08
mendeley/extracted/Bangla Audio Dataset Original and DeepFake Voices for AI-Based Voice Analysis and Detection/Dataset/S14M05/Real/24.wav,0,MEN,MEN-S14M05,TG:1b34ee3dbf78ac83,-22.203125,1,0.3675,2.2766974e-10
mendeley/extracted/Bangla Audio Dataset Original and DeepFake Voices for AI-Based Voice Analysis and Detection/Dataset/S14M05/Real/25.wav,0,MEN,MEN-S14M05,TG:bfab293024be8394,-27.078125,1,0.3508333333333333,1.7382801e-12
mendeley/extracted/Bangla Audio Dataset Original and DeepFake Voices for AI-Based Voice Analysis and Detection/Dataset/S14M05/Real/26.wav,0,MEN,MEN-S14M05,TG:e4f3081165f64146,-10.1328125,1,0.5008333333333334,3.9751925e-05
mendeley/extracted/Bangla Audio Dataset Original and DeepFake Voices for AI-Based Voice Analysis and Detection/Dataset/S14M05/Real/27.wav,0,MEN,MEN-S14M05,TG:48f08dcc529ee60c,-12.9140625,1,0.4341666666666667,2.463161e-06
mendeley/extracted/Bangla Audio Dataset Original and DeepFake Voices for AI-Based Voice Analysis and Detection/Dataset/S14M05/Real/28.wav,0,MEN,MEN-S14M05,TG:c52489fd7002d612,-14.21875,1,0.5008333333333334,6.681517e-07
mendeley/extracted/Bangla Audio Dataset Original and DeepFake Voices for AI-Based Voice Analysis and Detection/Dataset/S14M05/Real/29.wav,0,MEN,MEN-S14M05,TG:f0d66e66e0df7a92,-4.7773438,1,0.3675,0.008348054
mendeley/extracted/Bangla Audio Dataset Original and DeepFake Voices for AI-Based Voice Analysis and Detection/Dataset/S14M05/Real/3.wav,0,MEN,MEN-S14M05,TG:1713efff55beeeec,-24.03125,1,0.6008333333333333,3.658986e-11
mendeley/extracted/Bangla Audio Dataset Original and DeepFake Voices for AI-Based Voice Analysis and Detection/Dataset/S14M05/Real/30.wav,0,MEN,MEN-S14M05,TG:15ee6219b5d4aefc,-19.046875,1,0.3675,5.3462252e-09
mendeley/extracted/Bangla Audio Dataset Original and DeepFake Voices for AI-Based Voice Analysis and Detection/Dataset/S14M05/Real/4.wav,0,MEN,MEN-S14M05,TG:6a90890ed8f3955f,-27.203125,1,0.5008333333333334,1.5340267e-12
mendeley/extracted/Bangla Audio Dataset Original and DeepFake Voices for AI-Based Voice Analysis and Detection/Dataset/S14M05/Real/5.wav,0,MEN,MEN-S14M05,TG:0f6bba26ba2da7d1,-17.546875,1,0.4841666666666666,2.3960121e-08
mendeley/extracted/Bangla Audio Dataset Original and DeepFake Voices for AI-Based Voice Analysis and Detection/Dataset/S14M05/Real/6.wav,0,MEN,MEN-S14M05,TG:30600448e8f6a33e,-17.09375,1,0.3508333333333333,3.769456e-08
mendeley/extracted/Bangla Audio Dataset Original and DeepFake Voices for AI-Based Voice Analysis and Detection/Dataset/S14M05/Real/7.wav,0,MEN,MEN-S14M05,TG:5008d9f4bdd80229,-8.5703125,1,0.5008333333333334,0.00018961739
mendeley/extracted/Bangla Audio Dataset Original and DeepFake Voices for AI-Based Voice Analysis and Detection/Dataset/S14M05/Real/8.wav,0,MEN,MEN-S14M05,TG:33180cdc592d15ff,-11.5,1,0.4008333333333334,1.0129991e-05
mendeley/extracted/Bangla Audio Dataset Original and DeepFake Voices for AI-Based Voice Analysis and Detection/Dataset/S14M05/Real/9.wav,0,MEN,MEN-S14M05,TG:c3296e2a9dc3f70a,-18.625,1,0.4841666666666666,8.152021e-09
mendeley/extracted/Bangla Audio Dataset Original and DeepFake Voices for AI-Based Voice Analysis and Detection/Dataset/S15F01/Fake/1.wav,1,MEN,MEN-S15F01,TG:7cde72383f2577d5,-22.125,1,0.5408333333333333,2.461697e-10
mendeley/extracted/Bangla Audio Dataset Original and DeepFake Voices for AI-Based Voice Analysis and Detection/Dataset/S15F01/Fake/10.wav,1,MEN,MEN-S15F01,TG:e0e70a0638fc6f97,3.9941406,1,0.5275000000000001,0.98190993
mendeley/extracted/Bangla Audio Dataset Original and DeepFake Voices for AI-Based Voice Analysis and Detection/Dataset/S15F01/Fake/11.wav,1,MEN,MEN-S15F01,TG:57413348d842a70d,-0.29052734,1,0.4925,0.42787477
mendeley/extracted/Bangla Audio Dataset Original and DeepFake Voices for AI-Based Voice Analysis and Detection/Dataset/S15F01/Fake/12.wav,1,MEN,MEN-S15F01,TG:2a803e07ad46d5c2,-21.5,1,0.4775,4.5990553e-10
mendeley/extracted/Bangla Audio Dataset Original and DeepFake Voices for AI-Based Voice Analysis and Detection/Dataset/S15F01/Fake/13.wav,1,MEN,MEN-S15F01,TG:5c21d947a8657c9f,-19.71875,1,0.5458333333333334,2.7305849e-09
mendeley/extracted/Bangla Audio Dataset Original and DeepFake Voices for AI-Based Voice Analysis and Detection/Dataset/S15F01/Fake/14.wav,1,MEN,MEN-S15F01,TG:2d3ba8e149e931db,-15.6640625,1,0.5341666666666667,1.57465e-07
mendeley/extracted/Bangla Audio Dataset Original and DeepFake Voices for AI-Based Voice Analysis and Detection/Dataset/S15F01/Fake/15.wav,1,MEN,MEN-S15F01,TG:3d0c9b90dd636b05,-24.46875,1,0.3941666666666666,2.3624188e-11
mendeley/extracted/Bangla Audio Dataset Original and DeepFake Voices for AI-Based Voice Analysis and Detection/Dataset/S15F01/Fake/16.wav,1,MEN,MEN-S15F01,TG:835a2229be98dadf,-3.1328125,1,0.4558333333333333,0.04177388
mendeley/extracted/Bangla Audio Dataset Original and DeepFake Voices for AI-Based Voice Analysis and Detection/Dataset/S15F01/Fake/17.wav,1,MEN,MEN-S15F01,TG:feba50ba85a1ba08,-20.65625,1,0.5158333333333334,1.0693124e-09
mendeley/extracted/Bangla Audio Dataset Original and DeepFake Voices for AI-Based Voice Analysis and Detection/Dataset/S15F01/Fake/18.wav,1,MEN,MEN-S15F01,TG:d8eb3171b7a6a33b,-11.15625,1,0.6225,1.4285517e-05
mendeley/extracted/Bangla Audio Dataset Original and DeepFake Voices for AI-Based Voice Analysis and Detection/Dataset/S15F01/Fake/19.wav,1,MEN,MEN-S15F01,TG:a5e8c7f1e51636dc,-23.859375,1,0.4141666666666667,4.3451527e-11
mendeley/extracted/Bangla Audio Dataset Original and DeepFake Voices for AI-Based Voice Analysis and Detection/Dataset/S15F01/Fake/2.wav,1,MEN,MEN-S15F01,TG:a6f69864408b9071,-3.5527344,1,0.4008333333333334,0.02784845
mendeley/extracted/Bangla Audio Dataset Original and DeepFake Voices for AI-Based Voice Analysis and Detection/Dataset/S15F01/Fake/20.wav,1,MEN,MEN-S15F01,TG:9426037c3514ba5e,-8.5078125,1,0.4925,0.00020184422
mendeley/extracted/Bangla Audio Dataset Original and DeepFake Voices for AI-Based Voice Analysis and Detection/Dataset/S15F01/Fake/21.wav,1,MEN,MEN-S15F01,TG:e0ce6b84c16d1ca7,-20.4375,1,0.5875,1.3307808e-09
mendeley/extracted/Bangla Audio Dataset Original and DeepFake Voices for AI-Based Voice Analysis and Detection/Dataset/S15F01/Fake/22.wav,1,MEN,MEN-S15F01,TG:d8d1aa4cc233d982,-19.859375,1,0.5275000000000001,2.3723734e-09
mendeley/extracted/Bangla Audio Dataset Original and DeepFake Voices for AI-Based Voice Analysis and Detection/Dataset/S15F01/Fake/23.wav,1,MEN,MEN-S15F01,TG:6c85555d30e57a51,-17.25,1,0.4041666666666667,3.2241868e-08
mendeley/extracted/Bangla Audio Dataset Original and DeepFake Voices for AI-Based Voice Analysis and Detection/Dataset/S15F01/Fake/24.wav,1,MEN,MEN-S15F01,TG:64d212587b02f93b,5.0546875,1,0.4908333333333333,0.99366105
mendeley/extracted/Bangla Audio Dataset Original and DeepFake Voices for AI-Based Voice Analysis and Detection/Dataset/S15F01/Fake/25.wav,1,MEN,MEN-S15F01,TG:5797f71db21fe749,-1.3222656,1,0.4191666666666667,0.2104416
mendeley/extracted/Bangla Audio Dataset Original and DeepFake Voices for AI-Based Voice Analysis and Detection/Dataset/S15F01/Fake/26.wav,1,MEN,MEN-S15F01,TG:d3dc3aa303de9710,5.9882812,1,0.6425000000000001,0.99749833
mendeley/extracted/Bangla Audio Dataset Original and DeepFake Voices for AI-Based Voice Analysis and Detection/Dataset/S15F01/Fake/27.wav,1,MEN,MEN-S15F01,TG:3c2f522a40b2526e,10.03125,1,0.5791666666666666,0.999956
mendeley/extracted/Bangla Audio Dataset Original and DeepFake Voices for AI-Based Voice Analysis and Detection/Dataset/S15F01/Fake/28.wav,1,MEN,MEN-S15F01,TG:4f9d2742e8afd15d,-6.4609375,1,0.5458333333333334,0.0015608893
mendeley/extracted/Bangla Audio Dataset Original and DeepFake Voices for AI-Based Voice Analysis and Detection/Dataset/S15F01/Fake/29.wav,1,MEN,MEN-S15F01,TG:f7be3e37759f090e,-13.4453125,1,0.4641666666666666,1.4480192e-06
mendeley/extracted/Bangla Audio Dataset Original and DeepFake Voices for AI-Based Voice Analysis and Detection/Dataset/S15F01/Fake/3.wav,1,MEN,MEN-S15F01,TG:62cf48bac7954805,-20.515625,1,0.5825,1.2307712e-09
mendeley/extracted/Bangla Audio Dataset Original and DeepFake Voices for AI-Based Voice Analysis and Detection/Dataset/S15F01/Fake/30.wav,1,MEN,MEN-S15F01,TG:88f39ecf44831133,-4.03125,1,0.5225,0.017442483
mendeley/extracted/Bangla Audio Dataset Original and DeepFake Voices for AI-Based Voice Analysis and Detection/Dataset/S15F01/Fake/4.wav,1,MEN,MEN-S15F01,TG:439556f39c264ae7,-17.96875,1,0.3758333333333333,1.571343e-08
mendeley/extracted/Bangla Audio Dataset Original and DeepFake Voices for AI-Based Voice Analysis and Detection/Dataset/S15F01/Fake/5.wav,1,MEN,MEN-S15F01,TG:b27516115fd20a37,9.4453125,1,0.5341666666666667,0.99992096
mendeley/extracted/Bangla Audio Dataset Original and DeepFake Voices for AI-Based Voice Analysis and Detection/Dataset/S15F01/Fake/6.wav,1,MEN,MEN-S15F01,TG:b639ce41aa1cab36,-0.93652344,1,0.5158333333333334,0.28160313
mendeley/extracted/Bangla Audio Dataset Original and DeepFake Voices for AI-Based Voice Analysis and Detection/Dataset/S15F01/Fake/7.wav,1,MEN,MEN-S15F01,TG:88f1ee35a861b6a6,-6.9921875,1,0.5258333333333334,0.00091819005
mendeley/extracted/Bangla Audio Dataset Original and DeepFake Voices for AI-Based Voice Analysis and Detection/Dataset/S15F01/Fake/8.wav,1,MEN,MEN-S15F01,TG:be9f02f19ba8fc75,-13.9765625,1,0.4541666666666667,8.5124714e-07
mendeley/extracted/Bangla Audio Dataset Original and DeepFake Voices for AI-Based Voice Analysis and Detection/Dataset/S15F01/Fake/9.wav,1,MEN,MEN-S15F01,TG:c88f5e1ef15aa62a,-20.15625,1,0.3408333333333333,1.7629982e-09
mendeley/extracted/Bangla Audio Dataset Original and DeepFake Voices for AI-Based Voice Analysis and Detection/Dataset/S15F01/Real/1.wav,0,MEN,MEN-S15F01,TG:7cde72383f2577d5,-38.6875,1,0.6908333333333334,1.5784552e-17
mendeley/extracted/Bangla Audio Dataset Original and DeepFake Voices for AI-Based Voice Analysis and Detection/Dataset/S15F01/Real/10.wav,0,MEN,MEN-S15F01,TG:e0e70a0638fc6f97,-29.390625,1,0.6241666666666666,1.7211302e-13
mendeley/extracted/Bangla Audio Dataset Original and DeepFake Voices for AI-Based Voice Analysis and Detection/Dataset/S15F01/Real/11.wav,0,MEN,MEN-S15F01,TG:57413348d842a70d,-28.421875,1,0.6125,4.534574e-13
mendeley/extracted/Bangla Audio Dataset Original and DeepFake Voices for AI-Based Voice Analysis and Detection/Dataset/S15F01/Real/12.wav,0,MEN,MEN-S15F01,TG:2a803e07ad46d5c2,-39.1875,1,0.6141666666666667,9.573815e-18
mendeley/extracted/Bangla Audio Dataset Original and DeepFake Voices for AI-Based Voice Analysis and Detection/Dataset/S15F01/Real/13.wav,0,MEN,MEN-S15F01,TG:5c21d947a8657c9f,-18.953125,1,0.6675,5.87168e-09
mendeley/extracted/Bangla Audio Dataset Original and DeepFake Voices for AI-Based Voice Analysis and Detection/Dataset/S15F01/Real/14.wav,0,MEN,MEN-S15F01,TG:2d3ba8e149e931db,-42.28125,1,0.6408333333333334,4.339967e-19
mendeley/extracted/Bangla Audio Dataset Original and DeepFake Voices for AI-Based Voice Analysis and Detection/Dataset/S15F01/Real/15.wav,0,MEN,MEN-S15F01,TG:3d0c9b90dd636b05,-41.78125,1,0.5358333333333334,7.155396e-19
mendeley/extracted/Bangla Audio Dataset Original and DeepFake Voices for AI-Based Voice Analysis and Detection/Dataset/S15F01/Real/16.wav,0,MEN,MEN-S15F01,TG:835a2229be98dadf,-21.578125,1,0.5691666666666666,4.2534307e-10
mendeley/extracted/Bangla Audio Dataset Original and DeepFake Voices for AI-Based Voice Analysis and Detection/Dataset/S15F01/Real/17.wav,0,MEN,MEN-S15F01,TG:feba50ba85a1ba08,-19.5625,1,0.6491666666666667,3.192377e-09
mendeley/extracted/Bangla Audio Dataset Original and DeepFake Voices for AI-Based Voice Analysis and Detection/Dataset/S15F01/Real/18.wav,0,MEN,MEN-S15F01,TG:d8eb3171b7a6a33b,-19.546875,1,0.6725,3.24265e-09
mendeley/extracted/Bangla Audio Dataset Original and DeepFake Voices for AI-Based Voice Analysis and Detection/Dataset/S15F01/Real/19.wav,0,MEN,MEN-S15F01,TG:a5e8c7f1e51636dc,-30.125,1,0.5525,8.258073e-14
mendeley/extracted/Bangla Audio Dataset Original and DeepFake Voices for AI-Based Voice Analysis and Detection/Dataset/S15F01/Real/2.wav,0,MEN,MEN-S15F01,TG:a6f69864408b9071,-31.703125,1,0.6491666666666667,1.7041498e-14
mendeley/extracted/Bangla Audio Dataset Original and DeepFake Voices for AI-Based Voice Analysis and Detection/Dataset/S15F01/Real/20.wav,0,MEN,MEN-S15F01,TG:9426037c3514ba5e,-21.65625,1,0.6408333333333334,3.9337805e-10
mendeley/extracted/Bangla Audio Dataset Original and DeepFake Voices for AI-Based Voice Analysis and Detection/Dataset/S15F01/Real/21.wav,0,MEN,MEN-S15F01,TG:e0ce6b84c16d1ca7,-36.25,1,0.6708333333333334,1.8064463e-16
mendeley/extracted/Bangla Audio Dataset Original and DeepFake Voices for AI-Based Voice Analysis and Detection/Dataset/S15F01/Real/22.wav,0,MEN,MEN-S15F01,TG:d8d1aa4cc233d982,-29.265625,1,0.6308333333333334,1.950296e-13
mendeley/extracted/Bangla Audio Dataset Original and DeepFake Voices for AI-Based Voice Analysis and Detection/Dataset/S15F01/Real/23.wav,0,MEN,MEN-S15F01,TG:6c85555d30e57a51,-29.125,1,0.6341666666666667,2.244777e-13
mendeley/extracted/Bangla Audio Dataset Original and DeepFake Voices for AI-Based Voice Analysis and Detection/Dataset/S15F01/Real/24.wav,0,MEN,MEN-S15F01,TG:64d212587b02f93b,-16.96875,1,0.6358333333333333,4.2713534e-08
mendeley/extracted/Bangla Audio Dataset Original and DeepFake Voices for AI-Based Voice Analysis and Detection/Dataset/S15F01/Real/25.wav,0,MEN,MEN-S15F01,TG:5797f71db21fe749,-45.75,1,0.5608333333333333,1.35215806e-20
mendeley/extracted/Bangla Audio Dataset Original and DeepFake Voices for AI-Based Voice Analysis and Detection/Dataset/S15F01/Real/26.wav,0,MEN,MEN-S15F01,TG:d3dc3aa303de9710,-22.390625,1,0.6491666666666667,1.8874485e-10
mendeley/extracted/Bangla Audio Dataset Original and DeepFake Voices for AI-Based Voice Analysis and Detection/Dataset/S15F01/Real/27.wav,0,MEN,MEN-S15F01,TG:3c2f522a40b2526e,-17.609375,1,0.6441666666666667,2.250845e-08
mendeley/extracted/Bangla Audio Dataset Original and DeepFake Voices for AI-Based Voice Analysis and Detection/Dataset/S15F01/Real/28.wav,0,MEN,MEN-S15F01,TG:4f9d2742e8afd15d,-30.90625,1,0.6608333333333334,3.7808213e-14
mendeley/extracted/Bangla Audio Dataset Original and DeepFake Voices for AI-Based Voice Analysis and Detection/Dataset/S15F01/Real/29.wav,0,MEN,MEN-S15F01,TG:f7be3e37759f090e,-28.96875,1,0.6258333333333334,2.6244103e-13
mendeley/extracted/Bangla Audio Dataset Original and DeepFake Voices for AI-Based Voice Analysis and Detection/Dataset/S15F01/Real/3.wav,0,MEN,MEN-S15F01,TG:62cf48bac7954805,-30.453125,1,0.7241666666666666,5.948067e-14
mendeley/extracted/Bangla Audio Dataset Original and DeepFake Voices for AI-Based Voice Analysis and Detection/Dataset/S15F01/Real/30.wav,0,MEN,MEN-S15F01,TG:88f39ecf44831133,-33.625,1,0.6225,2.4937222e-15
mendeley/extracted/Bangla Audio Dataset Original and DeepFake Voices for AI-Based Voice Analysis and Detection/Dataset/S15F01/Real/4.wav,0,MEN,MEN-S15F01,TG:439556f39c264ae7,-34.8125,1,0.5925,7.6054225e-16
mendeley/extracted/Bangla Audio Dataset Original and DeepFake Voices for AI-Based Voice Analysis and Detection/Dataset/S15F01/Real/5.wav,0,MEN,MEN-S15F01,TG:b27516115fd20a37,-31.515625,1,0.7141666666666666,2.055597e-14
mendeley/extracted/Bangla Audio Dataset Original and DeepFake Voices for AI-Based Voice Analysis and Detection/Dataset/S15F01/Real/6.wav,0,MEN,MEN-S15F01,TG:b639ce41aa1cab36,-23.421875,1,0.6675,6.729905e-11
mendeley/extracted/Bangla Audio Dataset Original and DeepFake Voices for AI-Based Voice Analysis and Detection/Dataset/S15F01/Real/7.wav,0,MEN,MEN-S15F01,TG:88f1ee35a861b6a6,-15.78125,1,0.6825,1.4005226e-07
mendeley/extracted/Bangla Audio Dataset Original and DeepFake Voices for AI-Based Voice Analysis and Detection/Dataset/S15F01/Real/8.wav,0,MEN,MEN-S15F01,TG:be9f02f19ba8fc75,-25.25,1,0.6675,1.0815942e-11
mendeley/extracted/Bangla Audio Dataset Original and DeepFake Voices for AI-Based Voice Analysis and Detection/Dataset/S15F01/Real/9.wav,0,MEN,MEN-S15F01,TG:c88f5e1ef15aa62a,-44.8125,1,0.6525000000000001,3.4528564e-20
mendeley/extracted/Bangla Audio Dataset Original and DeepFake Voices for AI-Based Voice Analysis and Detection/Dataset/S15M02/Fake/1.wav,1,MEN,MEN-S15M02,TG:7cde72383f2577d5,1.1513672,1,0.5308333333333333,0.75976056
mendeley/extracted/Bangla Audio Dataset Original and DeepFake Voices for AI-Based Voice Analysis and Detection/Dataset/S15M02/Fake/10.wav,1,MEN,MEN-S15M02,TG:e0e70a0638fc6f97,3.234375,1,0.4375,0.96210754
mendeley/extracted/Bangla Audio Dataset Original and DeepFake Voices for AI-Based Voice Analysis and Detection/Dataset/S15M02/Fake/11.wav,1,MEN,MEN-S15M02,TG:57413348d842a70d,-6.7265625,1,0.4675,0.0011972112
mendeley/extracted/Bangla Audio Dataset Original and DeepFake Voices for AI-Based Voice Analysis and Detection/Dataset/S15M02/Fake/12.wav,1,MEN,MEN-S15M02,TG:2a803e07ad46d5c2,-7.2929688,1,0.4158333333333334,0.00067984295
mendeley/extracted/Bangla Audio Dataset Original and DeepFake Voices for AI-Based Voice Analysis and Detection/Dataset/S15M02/Fake/13.wav,1,MEN,MEN-S15M02,TG:5c21d947a8657c9f,-2.5410156,1,0.5208333333333333,0.07303239
mendeley/extracted/Bangla Audio Dataset Original and DeepFake Voices for AI-Based Voice Analysis and Detection/Dataset/S15M02/Fake/14.wav,1,MEN,MEN-S15M02,TG:2d3ba8e149e931db,-7.9492188,1,0.5241666666666667,0.00035281322
mendeley/extracted/Bangla Audio Dataset Original and DeepFake Voices for AI-Based Voice Analysis and Detection/Dataset/S15M02/Fake/15.wav,1,MEN,MEN-S15M02,TG:3d0c9b90dd636b05,-2.0878906,1,0.3008333333333333,0.110279374
mendeley/extracted/Bangla Audio Dataset Original and DeepFake Voices for AI-Based Voice Analysis and Detection/Dataset/S15M02/Fake/16.wav,1,MEN,MEN-S15M02,TG:835a2229be98dadf,-14.3125,1,0.4508333333333333,6.08359e-07
mendeley/extracted/Bangla Audio Dataset Original and DeepFake Voices for AI-Based Voice Analysis and Detection/Dataset/S15M02/Fake/17.wav,1,MEN,MEN-S15M02,TG:feba50ba85a1ba08,2.8320312,1,0.4875,0.9443824
mendeley/extracted/Bangla Audio Dataset Original and DeepFake Voices for AI-Based Voice Analysis and Detection/Dataset/S15M02/Fake/18.wav,1,MEN,MEN-S15M02,TG:d8eb3171b7a6a33b,3.765625,1,0.5575,0.97737074
mendeley/extracted/Bangla Audio Dataset Original and DeepFake Voices for AI-Based Voice Analysis and Detection/Dataset/S15M02/Fake/19.wav,1,MEN,MEN-S15M02,TG:a5e8c7f1e51636dc,10.59375,1,0.4024999999999999,0.99997497
mendeley/extracted/Bangla Audio Dataset Original and DeepFake Voices for AI-Based Voice Analysis and Detection/Dataset/S15M02/Fake/2.wav,1,MEN,MEN-S15M02,TG:a6f69864408b9071,0.5073242,1,0.3408333333333333,0.624179
mendeley/extracted/Bangla Audio Dataset Original and DeepFake Voices for AI-Based Voice Analysis and Detection/Dataset/S15M02/Fake/20.wav,1,MEN,MEN-S15M02,TG:9426037c3514ba5e,-4.8671875,1,0.4841666666666666,0.007636217
mendeley/extracted/Bangla Audio Dataset Original and DeepFake Voices for AI-Based Voice Analysis and Detection/Dataset/S15M02/Fake/21.wav,1,MEN,MEN-S15M02,TG:e0ce6b84c16d1ca7,1.5283203,1,0.3508333333333333,0.8217605
mendeley/extracted/Bangla Audio Dataset Original and DeepFake Voices for AI-Based Voice Analysis and Detection/Dataset/S15M02/Fake/22.wav,1,MEN,MEN-S15M02,TG:d8d1aa4cc233d982,5.1835938,1,0.4975,0.99442345
mendeley/extracted/Bangla Audio Dataset Original and DeepFake Voices for AI-Based Voice Analysis and Detection/Dataset/S15M02/Fake/23.wav,1,MEN,MEN-S15M02,TG:6c85555d30e57a51,-0.1932373,1,0.5341666666666667,0.45184046
mendeley/extracted/Bangla Audio Dataset Original and DeepFake Voices for AI-Based Voice Analysis and Detection/Dataset/S15M02/Fake/24.wav,1,MEN,MEN-S15M02,TG:64d212587b02f93b,3.5117188,1,0.5325,0.9710193
mendeley/extracted/Bangla Audio Dataset Original and DeepFake Voices for AI-Based Voice Analysis and Detection/Dataset/S15M02/Fake/25.wav,1,MEN,MEN-S15M02,TG:5797f71db21fe749,-7.1171875,1,0.3641666666666666,0.00081038737
mendeley/extracted/Bangla Audio Dataset Original and DeepFake Voices for AI-Based Voice Analysis and Detection/Dataset/S15M02/Fake/26.wav,1,MEN,MEN-S15M02,TG:d3dc3aa303de9710,1.4638672,1,0.5341666666666667,0.8121234
mendeley/extracted/Bangla Audio Dataset Original and DeepFake Voices for AI-Based Voice Analysis and Detection/Dataset/S15M02/Fake/27.wav,1,MEN,MEN-S15M02,TG:3c2f522a40b2526e,-11.8671875,1,0.5375,7.016861e-06
mendeley/extracted/Bangla Audio Dataset Original and DeepFake Voices for AI-Based Voice Analysis and Detection/Dataset/S15M02/Fake/28.wav,1,MEN,MEN-S15M02,TG:4f9d2742e8afd15d,6.9023438,1,0.4758333333333333,0.9989956
mendeley/extracted/Bangla Audio Dataset Original and DeepFake Voices for AI-Based Voice Analysis and Detection/Dataset/S15M02/Fake/29.wav,1,MEN,MEN-S15M02,TG:f7be3e37759f090e,3.7910156,1,0.5075000000000001,0.97792566
mendeley/extracted/Bangla Audio Dataset Original and DeepFake Voices for AI-Based Voice Analysis and Detection/Dataset/S15M02/Fake/3.wav,1,MEN,MEN-S15M02,TG:62cf48bac7954805,-7.0859375,1,0.4741666666666666,0.0008360903
mendeley/extracted/Bangla Audio Dataset Original and DeepFake Voices for AI-Based Voice Analysis and Detection/Dataset/S15M02/Fake/30.wav,1,MEN,MEN-S15M02,TG:88f39ecf44831133,8.09375,1,0.4024999999999999,0.9996947
mendeley/extracted/Bangla Audio Dataset Original and DeepFake Voices for AI-Based Voice Analysis and Detection/Dataset/S15M02/Fake/4.wav,1,MEN,MEN-S15M02,TG:439556f39c264ae7,-5.203125,1,0.3008333333333333,0.0054692747
mendeley/extracted/Bangla Audio Dataset Original and DeepFake Voices for AI-Based Voice Analysis and Detection/Dataset/S15M02/Fake/5.wav,1,MEN,MEN-S15M02,TG:b27516115fd20a37,14.6796875,1,0.5258333333333334,0.9999995
mendeley/extracted/Bangla Audio Dataset Original and DeepFake Voices for AI-Based Voice Analysis and Detection/Dataset/S15M02/Fake/6.wav,1,MEN,MEN-S15M02,TG:b639ce41aa1cab36,1.6494141,1,0.5241666666666667,0.8388118
mendeley/extracted/Bangla Audio Dataset Original and DeepFake Voices for AI-Based Voice Analysis and Detection/Dataset/S15M02/Fake/7.wav,1,MEN,MEN-S15M02,TG:88f1ee35a861b6a6,-14.015625,1,0.3874999999999999,8.1863635e-07
mendeley/extracted/Bangla Audio Dataset Original and DeepFake Voices for AI-Based Voice Analysis and Detection/Dataset/S15M02/Fake/8.wav,1,MEN,MEN-S15M02,TG:be9f02f19ba8fc75,7.7304688,1,0.4225,0.9995609
mendeley/extracted/Bangla Audio Dataset Original and DeepFake Voices for AI-Based Voice Analysis and Detection/Dataset/S15M02/Fake/9.wav,1,MEN,MEN-S15M02,TG:c88f5e1ef15aa62a,1.8779297,1,0.5275000000000001,0.86737317
mendeley/extracted/Bangla Audio Dataset Original and DeepFake Voices for AI-Based Voice Analysis and Detection/Dataset/S15M02/Real/1.wav,0,MEN,MEN-S15M02,TG:7cde72383f2577d5,-1.5410156,1,0.3175,0.17638768
mendeley/extracted/Bangla Audio Dataset Original and DeepFake Voices for AI-Based Voice Analysis and Detection/Dataset/S15M02/Real/10.wav,0,MEN,MEN-S15M02,TG:e0e70a0638fc6f97,1.6992188,1,0.3675,0.8454327
mendeley/extracted/Bangla Audio Dataset Original and DeepFake Voices for AI-Based Voice Analysis and Detection/Dataset/S15M02/Real/11.wav,0,MEN,MEN-S15M02,TG:57413348d842a70d,-14.4609375,1,0.3675,5.244383e-07
mendeley/extracted/Bangla Audio Dataset Original and DeepFake Voices for AI-Based Voice Analysis and Detection/Dataset/S15M02/Real/12.wav,0,MEN,MEN-S15M02,TG:2a803e07ad46d5c2,-4.6679688,1,0.3508333333333333,0.00930395
mendeley/extracted/Bangla Audio Dataset Original and DeepFake Voices for AI-Based Voice Analysis and Detection/Dataset/S15M02/Real/13.wav,0,MEN,MEN-S15M02,TG:5c21d947a8657c9f,-9.328125,1,0.4175,8.888084e-05
mendeley/extracted/Bangla Audio Dataset Original and DeepFake Voices for AI-Based Voice Analysis and Detection/Dataset/S15M02/Real/14.wav,0,MEN,MEN-S15M02,TG:2d3ba8e149e931db,-9.3828125,1,0.3675,8.415109e-05
mendeley/extracted/Bangla Audio Dataset Original and DeepFake Voices for AI-Based Voice Analysis and Detection/Dataset/S15M02/Real/15.wav,0,MEN,MEN-S15M02,TG:3d0c9b90dd636b05,-14.65625,1,0.2674999999999999,4.3139127e-07
mendeley/extracted/Bangla Audio Dataset Original and DeepFake Voices for AI-Based Voice Analysis and Detection/Dataset/S15M02/Real/16.wav,0,MEN,MEN-S15M02,TG:835a2229be98dadf,-9.8984375,1,0.3508333333333333,5.025062e-05
mendeley/extracted/Bangla Audio Dataset Original and DeepFake Voices for AI-Based Voice Analysis and Detection/Dataset/S15M02/Real/17.wav,0,MEN,MEN-S15M02,TG:feba50ba85a1ba08,1.4482422,1,0.3841666666666666,0.8097278
mendeley/extracted/Bangla Audio Dataset Original and DeepFake Voices for AI-Based Voice Analysis and Detection/Dataset/S15M02/Real/18.wav,0,MEN,MEN-S15M02,TG:d8eb3171b7a6a33b,-5.7929688,1,0.4175,0.0030396497
mendeley/extracted/Bangla Audio Dataset Original and DeepFake Voices for AI-Based Voice Analysis and Detection/Dataset/S15M02/Real/19.wav,0,MEN,MEN-S15M02,TG:a5e8c7f1e51636dc,-13.7578125,1,0.3508333333333333,1.059394e-06
mendeley/extracted/Bangla Audio Dataset Original and DeepFake Voices for AI-Based Voice Analysis and Detection/Dataset/S15M02/Real/2.wav,0,MEN,MEN-S15M02,TG:a6f69864408b9071,-5.6796875,1,0.3341666666666666,0.0034030057
mendeley/extracted/Bangla Audio Dataset Original and DeepFake Voices for AI-Based Voice Analysis and Detection/Dataset/S15M02/Real/20.wav,0,MEN,MEN-S15M02,TG:9426037c3514ba5e,-12.0859375,1,0.4008333333333334,5.638214e-06
mendeley/extracted/Bangla Audio Dataset Original and DeepFake Voices for AI-Based Voice Analysis and Detection/Dataset/S15M02/Real/21.wav,0,MEN,MEN-S15M02,TG:e0ce6b84c16d1ca7,-18.28125,1,0.4508333333333333,1.1496192e-08
mendeley/extracted/Bangla Audio Dataset Original and DeepFake Voices for AI-Based Voice Analysis and Detection/Dataset/S15M02/Real/22.wav,0,MEN,MEN-S15M02,TG:d8d1aa4cc233d982,-12.453125,1,0.2674999999999999,3.9054835e-06
mendeley/extracted/Bangla Audio Dataset Original and DeepFake Voices for AI-Based Voice Analysis and Detection/Dataset/S15M02/Real/23.wav,0,MEN,MEN-S15M02,TG:6c85555d30e57a51,-21.203125,1,0.4341666666666667,6.1887057e-10
mendeley/extracted/Bangla Audio Dataset Original and DeepFake Voices for AI-Based Voice Analysis and Detection/Dataset/S15M02/Real/24.wav,0,MEN,MEN-S15M02,TG:64d212587b02f93b,9.9921875,1,0.3841666666666666,0.9999542
mendeley/extracted/Bangla Audio Dataset Original and DeepFake Voices for AI-Based Voice Analysis and Detection/Dataset/S15M02/Real/25.wav,0,MEN,MEN-S15M02,TG:5797f71db21fe749,-16.328125,1,0.3841666666666666,8.1056044e-08
mendeley/extracted/Bangla Audio Dataset Original and DeepFake Voices for AI-Based Voice Analysis and Detection/Dataset/S15M02/Real/26.wav,0,MEN,MEN-S15M02,TG:d3dc3aa303de9710,-6.6054688,1,0.3675,0.0013511209
mendeley/extracted/Bangla Audio Dataset Original and DeepFake Voices for AI-Based Voice Analysis and Detection/Dataset/S15M02/Real/27.wav,0,MEN,MEN-S15M02,TG:3c2f522a40b2526e,-7.8085938,1,0.3841666666666666,0.00040606395
mendeley/extracted/Bangla Audio Dataset Original and DeepFake Voices for AI-Based Voice Analysis and Detection/Dataset/S15M02/Real/28.wav,0,MEN,MEN-S15M02,TG:4f9d2742e8afd15d,-4.7382812,1,0.3675,0.008677716
mendeley/extracted/Bangla Audio Dataset Original and DeepFake Voices for AI-Based Voice Analysis and Detection/Dataset/S15M02/Real/29.wav,0,MEN,MEN-S15M02,TG:f7be3e37759f090e,-13.9375,1,0.4341666666666667,8.8515685e-07
mendeley/extracted/Bangla Audio Dataset Original and DeepFake Voices for AI-Based Voice Analysis and Detection/Dataset/S15M02/Real/3.wav,0,MEN,MEN-S15M02,TG:62cf48bac7954805,-16.046875,1,0.3341666666666666,1.073818e-07
mendeley/extracted/Bangla Audio Dataset Original and DeepFake Voices for AI-Based Voice Analysis and Detection/Dataset/S15M02/Real/30.wav,0,MEN,MEN-S15M02,TG:88f39ecf44831133,-12.609375,1,0.4008333333333334,3.3405393e-06
mendeley/extracted/Bangla Audio Dataset Original and DeepFake Voices for AI-Based Voice Analysis and Detection/Dataset/S15M02/Real/4.wav,0,MEN,MEN-S15M02,TG:439556f39c264ae7,-16.59375,1,0.2674999999999999,6.2147826e-08
mendeley/extracted/Bangla Audio Dataset Original and DeepFake Voices for AI-Based Voice Analysis and Detection/Dataset/S15M02/Real/5.wav,0,MEN,MEN-S15M02,TG:b27516115fd20a37,0.95654297,1,0.3841666666666666,0.72242916
mendeley/extracted/Bangla Audio Dataset Original and DeepFake Voices for AI-Based Voice Analysis and Detection/Dataset/S15M02/Real/6.wav,0,MEN,MEN-S15M02,TG:b639ce41aa1cab36,-12.921875,1,0.3508333333333333,2.4439928e-06
mendeley/extracted/Bangla Audio Dataset Original and DeepFake Voices for AI-Based Voice Analysis and Detection/Dataset/S15M02/Real/7.wav,0,MEN,MEN-S15M02,TG:88f1ee35a861b6a6,-6.6328125,1,0.3675,0.0013147246
mendeley/extracted/Bangla Audio Dataset Original and DeepFake Voices for AI-Based Voice Analysis and Detection/Dataset/S15M02/Real/8.wav,0,MEN,MEN-S15M02,TG:be9f02f19ba8fc75,-26.078125,1,0.3675,4.725135e-12
mendeley/extracted/Bangla Audio Dataset Original and DeepFake Voices for AI-Based Voice Analysis and Detection/Dataset/S15M02/Real/9.wav,0,MEN,MEN-S15M02,TG:c88f5e1ef15aa62a,3.0917969,1,0.3341666666666666,0.9565531
mendeley/extracted/Bangla Audio Dataset Original and DeepFake Voices for AI-Based Voice Analysis and Detection/Dataset/S15M03/Fake/1.wav,1,MEN,MEN-S15M03,TG:7cde72383f2577d5,-8.515625,1,0.5158333333333334,0.00020027377
mendeley/extracted/Bangla Audio Dataset Original and DeepFake Voices for AI-Based Voice Analysis and Detection/Dataset/S15M03/Fake/10.wav,1,MEN,MEN-S15M03,TG:e0e70a0638fc6f97,-9.03125,1,0.4375,0.000119598575
mendeley/extracted/Bangla Audio Dataset Original and DeepFake Voices for AI-Based Voice Analysis and Detection/Dataset/S15M03/Fake/11.wav,1,MEN,MEN-S15M03,TG:57413348d842a70d,-22.75,1,0.4808333333333333,1.3176514e-10
mendeley/extracted/Bangla Audio Dataset Original and DeepFake Voices for AI-Based Voice Analysis and Detection/Dataset/S15M03/Fake/12.wav,1,MEN,MEN-S15M03,TG:2a803e07ad46d5c2,-3.9824219,1,0.3958333333333333,0.018299334
mendeley/extracted/Bangla Audio Dataset Original and DeepFake Voices for AI-Based Voice Analysis and Detection/Dataset/S15M03/Fake/13.wav,1,MEN,MEN-S15M03,TG:5c21d947a8657c9f,-2.1660156,1,0.5241666666666667,0.102844074
mendeley/extracted/Bangla Audio Dataset Original and DeepFake Voices for AI-Based Voice Analysis and Detection/Dataset/S15M03/Fake/14.wav,1,MEN,MEN-S15M03,TG:2d3ba8e149e931db,0.16296387,1,0.4091666666666667,0.540651
mendeley/extracted/Bangla Audio Dataset Original and DeepFake Voices for AI-Based Voice Analysis and Detection/Dataset/S15M03/Fake/15.wav,1,MEN,MEN-S15M03,TG:3d0c9b90dd636b05,-9.6328125,1,0.3208333333333333,6.553816e-05
mendeley/extracted/Bangla Audio Dataset Original and DeepFake Voices for AI-Based Voice Analysis and Detection/Dataset/S15M03/Fake/16.wav,1,MEN,MEN-S15M03,TG:835a2229be98dadf,-14.671875,1,0.4725,4.247031e-07
mendeley/extracted/Bangla Audio Dataset Original and DeepFake Voices for AI-Based Voice Analysis and Detection/Dataset/S15M03/Fake/17.wav,1,MEN,MEN-S15M03,TG:feba50ba85a1ba08,9.078125,1,0.5108333333333333,0.9998859
mendeley/extracted/Bangla Audio Dataset Original and DeepFake Voices for AI-Based Voice Analysis and Detection/Dataset/S15M03/Fake/18.wav,1,MEN,MEN-S15M03,TG:d8eb3171b7a6a33b,-14.78125,1,0.5675,3.8070144e-07
mendeley/extracted/Bangla Audio Dataset Original and DeepFake Voices for AI-Based Voice Analysis and Detection/Dataset/S15M03/Fake/19.wav,1,MEN,MEN-S15M03,TG:a5e8c7f1e51636dc,3.8359375,1,0.4275,0.97887486
mendeley/extracted/Bangla Audio Dataset Original and DeepFake Voices for AI-Based Voice Analysis and Detection/Dataset/S15M03/Fake/2.wav,1,MEN,MEN-S15M03,TG:a6f69864408b9071,-4.2773438,1,0.3725,0.013689476
mendeley/extracted/Bangla Audio Dataset Original and DeepFake Voices for AI-Based Voice Analysis and Detection/Dataset/S15M03/Fake/20.wav,1,MEN,MEN-S15M03,TG:9426037c3514ba5e,-2.0566406,1,0.5158333333333334,0.1133831
mendeley/extracted/Bangla Audio Dataset Original and DeepFake Voices for AI-Based Voice Analysis and Detection/Dataset/S15M03/Fake/21.wav,1,MEN,MEN-S15M03,TG:e0ce6b84c16d1ca7,-11.390625,1,0.3341666666666666,1.1300809e-05
mendeley/extracted/Bangla Audio Dataset Original and DeepFake Voices for AI-Based Voice Analysis and Detection/Dataset/S15M03/Fake/22.wav,1,MEN,MEN-S15M03,TG:d8d1aa4cc233d982,-15.3203125,1,0.4608333333333333,2.220612e-07
mendeley/extracted/Bangla Audio Dataset Original and DeepFake Voices for AI-Based Voice Analysis and Detection/Dataset/S15M03/Fake/23.wav,1,MEN,MEN-S15M03,TG:6c85555d30e57a51,2.1347656,1,0.4908333333333333,0.89423656
mendeley/extracted/Bangla Audio Dataset Original and DeepFake Voices for AI-Based Voice Analysis and Detection/Dataset/S15M03/Fake/24.wav,1,MEN,MEN-S15M03,TG:64d212587b02f93b,-1.7304688,1,0.5508333333333333,0.15052763
mendeley/extracted/Bangla Audio Dataset Original and DeepFake Voices for AI-Based Voice Analysis and Detection/Dataset/S15M03/Fake/25.wav,1,MEN,MEN-S15M03,TG:5797f71db21fe749,-3.3359375,1,0.3325,0.034358688
mendeley/extracted/Bangla Audio Dataset Original and DeepFake Voices for AI-Based Voice Analysis and Detection/Dataset/S15M03/Fake/26.wav,1,MEN,MEN-S15M03,TG:d3dc3aa303de9710,6.0273438,1,0.5441666666666667,0.99759394
mendeley/extracted/Bangla Audio Dataset Original and DeepFake Voices for AI-Based Voice Analysis and Detection/Dataset/S15M03/Fake/27.wav,1,MEN,MEN-S15M03,TG:3c2f522a40b2526e,1.6220703,1,0.5125,0.83508044
mendeley/extracted/Bangla Audio Dataset Original and DeepFake Voices for AI-Based Voice Analysis and Detection/Dataset/S15M03/Fake/28.wav,1,MEN,MEN-S15M03,TG:4f9d2742e8afd15d,-5.7578125,1,0.4641666666666666,0.0031480708
mendeley/extracted/Bangla Audio Dataset Original and DeepFake Voices for AI-Based Voice Analysis and Detection/Dataset/S15M03/Fake/29.wav,1,MEN,MEN-S15M03,TG:f7be3e37759f090e,-8.6796875,1,0.4875,0.00016997529
mendeley/extracted/Bangla Audio Dataset Original and DeepFake Voices for AI-Based Voice Analysis and Detection/Dataset/S15M03/Fake/3.wav,1,MEN,MEN-S15M03,TG:62cf48bac7954805,-19.078125,1,0.3991666666666666,5.18174e-09
mendeley/extracted/Bangla Audio Dataset Original and DeepFake Voices for AI-Based Voice Analysis and Detection/Dataset/S15M03/Fake/30.wav,1,MEN,MEN-S15M03,TG:88f39ecf44831133,-2.1074219,1,0.4341666666666667,0.10837755
mendeley/extracted/Bangla Audio Dataset Original and DeepFake Voices for AI-Based Voice Analysis and Detection/Dataset/S15M03/Fake/4.wav,1,MEN,MEN-S15M03,TG:439556f39c264ae7,4.4765625,1,0.2941666666666667,0.9887554
mendeley/extracted/Bangla Audio Dataset Original and DeepFake Voices for AI-Based Voice Analysis and Detection/Dataset/S15M03/Fake/5.wav,1,MEN,MEN-S15M03,TG:b27516115fd20a37,12.578125,1,0.5141666666666667,0.99999654
mendeley/extracted/Bangla Audio Dataset Original and DeepFake Voices for AI-Based Voice Analysis and Detection/Dataset/S15M03/Fake/6.wav,1,MEN,MEN-S15M03,TG:b639ce41aa1cab36,-6.9492188,1,0.3874999999999999,0.000958465
mendeley/extracted/Bangla Audio Dataset Original and DeepFake Voices for AI-Based Voice Analysis and Detection/Dataset/S15M03/Fake/7.wav,1,MEN,MEN-S15M03,TG:88f1ee35a861b6a6,-16.1875,1,0.4008333333333334,9.329492e-08
mendeley/extracted/Bangla Audio Dataset Original and DeepFake Voices for AI-Based Voice Analysis and Detection/Dataset/S15M03/Fake/8.wav,1,MEN,MEN-S15M03,TG:be9f02f19ba8fc75,-8.015625,1,0.3658333333333333,0.00033015275
mendeley/extracted/Bangla Audio Dataset Original and DeepFake Voices for AI-Based Voice Analysis and Detection/Dataset/S15M03/Fake/9.wav,1,MEN,MEN-S15M03,TG:c88f5e1ef15aa62a,-0.5307617,1,0.4841666666666666,0.37033927
mendeley/extracted/Bangla Audio Dataset Original and DeepFake Voices for AI-Based Voice Analysis and Detection/Dataset/S15M03/Real/1.wav,0,MEN,MEN-S15M03,TG:7cde72383f2577d5,-5.953125,1,0.4691666666666666,0.0025909794
mendeley/extracted/Bangla Audio Dataset Original and DeepFake Voices for AI-Based Voice Analysis and Detection/Dataset/S15M03/Real/10.wav,0,MEN,MEN-S15M03,TG:e0e70a0638fc6f97,-6.8046875,1,0.4858333333333333,0.0011073389
mendeley/extracted/Bangla Audio Dataset Original and DeepFake Voices for AI-Based Voice Analysis and Detection/Dataset/S15M03/Real/11.wav,0,MEN,MEN-S15M03,TG:57413348d842a70d,0.7988281,1,0.4858333333333333,0.6897238
mendeley/extracted/Bangla Audio Dataset Original and DeepFake Voices for AI-Based Voice Analysis and Detection/Dataset/S15M03/Real/12.wav,0,MEN,MEN-S15M03,TG:2a803e07ad46d5c2,11.40625,1,0.4541666666666667,0.9999889
mendeley/extracted/Bangla Audio Dataset Original and DeepFake Voices for AI-Based Voice Analysis and Detection/Dataset/S15M03/Real/13.wav,0,MEN,MEN-S15M03,TG:5c21d947a8657c9f,4.1289062,1,0.4875,0.9841546
mendeley/extracted/Bangla Audio Dataset Original and DeepFake Voices for AI-Based Voice Analysis and Detection/Dataset/S15M03/Real/14.wav,0,MEN,MEN-S15M03,TG:2d3ba8e149e931db,-9.5234375,1,0.4691666666666666,7.311254e-05
mendeley/extracted/Bangla Audio Dataset Original and DeepFake Voices for AI-Based Voice Analysis and Detection/Dataset/S15M03/Real/15.wav,0,MEN,MEN-S15M03,TG:3d0c9b90dd636b05,-4.9140625,1,0.3708333333333333,0.007289077
mendeley/extracted/Bangla Audio Dataset Original and DeepFake Voices for AI-Based Voice Analysis and Detection/Dataset/S15M03/Real/16.wav,0,MEN,MEN-S15M03,TG:835a2229be98dadf,7.9609375,1,0.4358333333333333,0.9996513
mendeley/extracted/Bangla Audio Dataset Original and DeepFake Voices for AI-Based Voice Analysis and Detection/Dataset/S15M03/Real/17.wav,0,MEN,MEN-S15M03,TG:feba50ba85a1ba08,11.0,1,0.5025,0.9999833
mendeley/extracted/Bangla Audio Dataset Original and DeepFake Voices for AI-Based Voice Analysis and Detection/Dataset/S15M03/Real/18.wav,0,MEN,MEN-S15M03,TG:d8eb3171b7a6a33b,10.1015625,1,0.5025,0.999959
mendeley/extracted/Bangla Audio Dataset Original and DeepFake Voices for AI-Based Voice Analysis and Detection/Dataset/S15M03/Real/19.wav,0,MEN,MEN-S15M03,TG:a5e8c7f1e51636dc,5.7578125,1,0.5025,0.996852
mendeley/extracted/Bangla Audio Dataset Original and DeepFake Voices for AI-Based Voice Analysis and Detection/Dataset/S15M03/Real/2.wav,0,MEN,MEN-S15M03,TG:a6f69864408b9071,10.046875,1,0.4875,0.9999567
mendeley/extracted/Bangla Audio Dataset Original and DeepFake Voices for AI-Based Voice Analysis and Detection/Dataset/S15M03/Real/20.wav,0,MEN,MEN-S15M03,TG:9426037c3514ba5e,9.5078125,1,0.5375,0.99992573
mendeley/extracted/Bangla Audio Dataset Original and DeepFake Voices for AI-Based Voice Analysis and Detection/Dataset/S15M03/Real/21.wav,0,MEN,MEN-S15M03,TG:e0ce6b84c16d1ca7,7.25,1,0.4691666666666666,0.99929035
mendeley/extracted/Bangla Audio Dataset Original and DeepFake Voices for AI-Based Voice Analysis and Detection/Dataset/S15M03/Real/22.wav,0,MEN,MEN-S15M03,TG:d8d1aa4cc233d982,10.453125,1,0.5025,0.99997115
mendeley/extracted/Bangla Audio Dataset Original and DeepFake Voices for AI-Based Voice Analysis and Detection/Dataset/S15M03/Real/23.wav,0,MEN,MEN-S15M03,TG:6c85555d30e57a51,7.7734375,1,0.5708333333333333,0.99957937
mendeley/extracted/Bangla Audio Dataset Original and DeepFake Voices for AI-Based Voice Analysis and Detection/Dataset/S15M03/Real/24.wav,0,MEN,MEN-S15M03,TG:64d212587b02f93b,10.6875,1,0.4708333333333333,0.99997723
mendeley/extracted/Bangla Audio Dataset Original and DeepFake Voices for AI-Based Voice Analysis and Detection/Dataset/S15M03/Real/25.wav,0,MEN,MEN-S15M03,TG:5797f71db21fe749,6.2226562,1,0.4375,0.99801993
mendeley/extracted/Bangla Audio Dataset Original and DeepFake Voices for AI-Based Voice Analysis and Detection/Dataset/S15M03/Real/26.wav,0,MEN,MEN-S15M03,TG:d3dc3aa303de9710,11.5546875,1,0.5525,0.99999046
mendeley/extracted/Bangla Audio Dataset Original and DeepFake Voices for AI-Based Voice Analysis and Detection/Dataset/S15M03/Real/27.wav,0,MEN,MEN-S15M03,TG:3c2f522a40b2526e,10.484375,1,0.5525,0.999972
mendeley/extracted/Bangla Audio Dataset Original and DeepFake Voices for AI-Based Voice Analysis and Detection/Dataset/S15M03/Real/28.wav,0,MEN,MEN-S15M03,TG:4f9d2742e8afd15d,-2.7832031,1,0.4858333333333333,0.05823862
mendeley/extracted/Bangla Audio Dataset Original and DeepFake Voices for AI-Based Voice Analysis and Detection/Dataset/S15M03/Real/29.wav,0,MEN,MEN-S15M03,TG:f7be3e37759f090e,11.1328125,1,0.4875,0.99998534
mendeley/extracted/Bangla Audio Dataset Original and DeepFake Voices for AI-Based Voice Analysis and Detection/Dataset/S15M03/Real/3.wav,0,MEN,MEN-S15M03,TG:62cf48bac7954805,10.671875,1,0.5208333333333333,0.99997675
mendeley/extracted/Bangla Audio Dataset Original and DeepFake Voices for AI-Based Voice Analysis and Detection/Dataset/S15M03/Real/30.wav,0,MEN,MEN-S15M03,TG:88f39ecf44831133,9.4765625,1,0.5041666666666667,0.99992335
mendeley/extracted/Bangla Audio Dataset Original and DeepFake Voices for AI-Based Voice Analysis and Detection/Dataset/S15M03/Real/4.wav,0,MEN,MEN-S15M03,TG:439556f39c264ae7,11.265625,1,0.3858333333333333,0.99998724
mendeley/extracted/Bangla Audio Dataset Original and DeepFake Voices for AI-Based Voice Analysis and Detection/Dataset/S15M03/Real/5.wav,0,MEN,MEN-S15M03,TG:b27516115fd20a37,2.5097656,1,0.5208333333333333,0.92482364
mendeley/extracted/Bangla Audio Dataset Original and DeepFake Voices for AI-Based Voice Analysis and Detection/Dataset/S15M03/Real/6.wav,0,MEN,MEN-S15M03,TG:b639ce41aa1cab36,11.5625,1,0.4875,0.99999046
mendeley/extracted/Bangla Audio Dataset Original and DeepFake Voices for AI-Based Voice Analysis and Detection/Dataset/S15M03/Real/7.wav,0,MEN,MEN-S15M03,TG:88f1ee35a861b6a6,-22.109375,1,0.4708333333333333,2.500463e-10
mendeley/extracted/Bangla Audio Dataset Original and DeepFake Voices for AI-Based Voice Analysis and Detection/Dataset/S15M03/Real/8.wav,0,MEN,MEN-S15M03,TG:be9f02f19ba8fc75,9.1328125,1,0.4691666666666666,0.999892
mendeley/extracted/Bangla Audio Dataset Original and DeepFake Voices for AI-Based Voice Analysis and Detection/Dataset/S15M03/Real/9.wav,0,MEN,MEN-S15M03,TG:c88f5e1ef15aa62a,3.9492188,1,0.4541666666666667,0.9810946
mendeley/extracted/Bangla Audio Dataset Original and DeepFake Voices for AI-Based Voice Analysis and Detection/Dataset/S15M04/Fake/1.wav,1,MEN,MEN-S15M04,TG:7cde72383f2577d5,-12.078125,1,0.5341666666666667,5.682435e-06
mendeley/extracted/Bangla Audio Dataset Original and DeepFake Voices for AI-Based Voice Analysis and Detection/Dataset/S15M04/Fake/10.wav,1,MEN,MEN-S15M04,TG:e0e70a0638fc6f97,-2.375,1,0.4775,0.08509905
mendeley/extracted/Bangla Audio Dataset Original and DeepFake Voices for AI-Based Voice Analysis and Detection/Dataset/S15M04/Fake/11.wav,1,MEN,MEN-S15M04,TG:57413348d842a70d,-17.78125,1,0.4441666666666667,1.8954015e-08
mendeley/extracted/Bangla Audio Dataset Original and DeepFake Voices for AI-Based Voice Analysis and Detection/Dataset/S15M04/Fake/12.wav,1,MEN,MEN-S15M04,TG:2a803e07ad46d5c2,-10.7265625,1,0.3941666666666666,2.1953489e-05
mendeley/extracted/Bangla Audio Dataset Original and DeepFake Voices for AI-Based Voice Analysis and Detection/Dataset/S15M04/Fake/13.wav,1,MEN,MEN-S15M04,TG:5c21d947a8657c9f,-14.4453125,1,0.5608333333333333,5.32697e-07
mendeley/extracted/Bangla Audio Dataset Original and DeepFake Voices for AI-Based Voice Analysis and Detection/Dataset/S15M04/Fake/14.wav,1,MEN,MEN-S15M04,TG:2d3ba8e149e931db,-16.703125,1,0.3725,5.570894e-08
mendeley/extracted/Bangla Audio Dataset Original and DeepFake Voices for AI-Based Voice Analysis and Detection/Dataset/S15M04/Fake/15.wav,1,MEN,MEN-S15M04,TG:3d0c9b90dd636b05,-13.8984375,1,0.2791666666666667,9.2041756e-07
mendeley/extracted/Bangla Audio Dataset Original and DeepFake Voices for AI-Based Voice Analysis and Detection/Dataset/S15M04/Fake/16.wav,1,MEN,MEN-S15M04,TG:835a2229be98dadf,1.4990234,1,0.3758333333333333,0.8174288
mendeley/extracted/Bangla Audio Dataset Original and DeepFake Voices for AI-Based Voice Analysis and Detection/Dataset/S15M04/Fake/17.wav,1,MEN,MEN-S15M04,TG:feba50ba85a1ba08,2.7832031,1,0.4858333333333333,0.94176143
mendeley/extracted/Bangla Audio Dataset Original and DeepFake Voices for AI-Based Voice Analysis and Detection/Dataset/S15M04/Fake/18.wav,1,MEN,MEN-S15M04,TG:d8eb3171b7a6a33b,-19.03125,1,0.5325,5.430416e-09
mendeley/extracted/Bangla Audio Dataset Original and DeepFake Voices for AI-Based Voice Analysis and Detection/Dataset/S15M04/Fake/19.wav,1,MEN,MEN-S15M04,TG:a5e8c7f1e51636dc,0.5083008,1,0.4075,0.62440807
mendeley/extracted/Bangla Audio Dataset Original and DeepFake Voices for AI-Based Voice Analysis and Detection/Dataset/S15M04/Fake/2.wav,1,MEN,MEN-S15M04,TG:a6f69864408b9071,-17.6875,1,0.3824999999999999,2.0816916e-08
mendeley/extracted/Bangla Audio Dataset Original and DeepFake Voices for AI-Based Voice Analysis and Detection/Dataset/S15M04/Fake/20.wav,1,MEN,MEN-S15M04,TG:9426037c3514ba5e,-3.1230469,1,0.5475,0.042166546
mendeley/extracted/Bangla Audio Dataset Original and DeepFake Voices for AI-Based Voice Analysis and Detection/Dataset/S15M04/Fake/21.wav,1,MEN,MEN-S15M04,TG:e0ce6b84c16d1ca7,9.6328125,1,0.3575,0.99993443
mendeley/extracted/Bangla Audio Dataset Original and DeepFake Voices for AI-Based Voice Analysis and Detection/Dataset/S15M04/Fake/22.wav,1,MEN,MEN-S15M04,TG:d8d1aa4cc233d982,-15.765625,1,0.4275,1.4225778e-07
mendeley/extracted/Bangla Audio Dataset Original and DeepFake Voices for AI-Based Voice Analysis and Detection/Dataset/S15M04/Fake/23.wav,1,MEN,MEN-S15M04,TG:6c85555d30e57a51,-4.4023438,1,0.5175000000000001,0.012100386
mendeley/extracted/Bangla Audio Dataset Original and DeepFake Voices for AI-Based Voice Analysis and Detection/Dataset/S15M04/Fake/24.wav,1,MEN,MEN-S15M04,TG:64d212587b02f93b,7.8710938,1,0.5575,0.99961853
mendeley/extracted/Bangla Audio Dataset Original and DeepFake Voices for AI-Based Voice Analysis and Detection/Dataset/S15M04/Fake/25.wav,1,MEN,MEN-S15M04,TG:5797f71db21fe749,-12.96875,1,0.4058333333333334,2.3320747e-06
mendeley/extracted/Bangla Audio Dataset Original and DeepFake Voices for AI-Based Voice Analysis and Detection/Dataset/S15M04/Fake/26.wav,1,MEN,MEN-S15M04,TG:d3dc3aa303de9710,-3.1738281,1,0.5341666666666667,0.040162586
mendeley/extracted/Bangla Audio Dataset Original and DeepFake Voices for AI-Based Voice Analysis and Detection/Dataset/S15M04/Fake/27.wav,1,MEN,MEN-S15M04,TG:3c2f522a40b2526e,9.1328125,1,0.5308333333333333,0.999892
mendeley/extracted/Bangla Audio Dataset Original and DeepFake Voices for AI-Based Voice Analysis and Detection/Dataset/S15M04/Fake/28.wav,1,MEN,MEN-S15M04,TG:4f9d2742e8afd15d,-15.625,1,0.4208333333333333,1.637377e-07
mendeley/extracted/Bangla Audio Dataset Original and DeepFake Voices for AI-Based Voice Analysis and Detection/Dataset/S15M04/Fake/29.wav,1,MEN,MEN-S15M04,TG:f7be3e37759f090e,-7.15625,1,0.5041666666666667,0.00077936606
mendeley/extracted/Bangla Audio Dataset Original and DeepFake Voices for AI-Based Voice Analysis and Detection/Dataset/S15M04/Fake/3.wav,1,MEN,MEN-S15M04,TG:62cf48bac7954805,-10.1796875,1,0.4641666666666666,3.7931623e-05
mendeley/extracted/Bangla Audio Dataset Original and DeepFake Voices for AI-Based Voice Analysis and Detection/Dataset/S15M04/Fake/30.wav,1,MEN,MEN-S15M04,TG:88f39ecf44831133,-10.2421875,1,0.4408333333333333,3.5633544e-05
mendeley/extracted/Bangla Audio Dataset Original and DeepFake Voices for AI-Based Voice Analysis and Detection/Dataset/S15M04/Fake/4.wav,1,MEN,MEN-S15M04,TG:439556f39c264ae7,-17.140625,1,0.2991666666666667,3.59684e-08
mendeley/extracted/Bangla Audio Dataset Original and DeepFake Voices for AI-Based Voice Analysis and Detection/Dataset/S15M04/Fake/5.wav,1,MEN,MEN-S15M04,TG:b27516115fd20a37,7.09375,1,0.5075000000000001,0.9991704
mendeley/extracted/Bangla Audio Dataset Original and DeepFake Voices for AI-Based Voice Analysis and Detection/Dataset/S15M04/Fake/6.wav,1,MEN,MEN-S15M04,TG:b639ce41aa1cab36,1.6923828,1,0.4391666666666667,0.84453726
mendeley/extracted/Bangla Audio Dataset Original and DeepFake Voices for AI-Based Voice Analysis and Detection/Dataset/S15M04/Fake/7.wav,1,MEN,MEN-S15M04,TG:88f1ee35a861b6a6,4.765625,1,0.3958333333333333,0.99155444
mendeley/extracted/Bangla Audio Dataset Original and DeepFake Voices for AI-Based Voice Analysis and Detection/Dataset/S15M04/Fake/8.wav,1,MEN,MEN-S15M04,TG:be9f02f19ba8fc75,-14.4375,1,0.3541666666666666,5.36875e-07
mendeley/extracted/Bangla Audio Dataset Original and DeepFake Voices for AI-Based Voice Analysis and Detection/Dataset/S15M04/Fake/9.wav,1,MEN,MEN-S15M04,TG:c88f5e1ef15aa62a,1.9980469,1,0.4825,0.88059187
mendeley/extracted/Bangla Audio Dataset Original and DeepFake Voices for AI-Based Voice Analysis and Detection/Dataset/S15M04/Real/1.wav,0,MEN,MEN-S15M04,TG:7cde72383f2577d5,2.1796875,1,0.4608333333333333,0.8984105
mendeley/extracted/Bangla Audio Dataset Original and DeepFake Voices for AI-Based Voice Analysis and Detection/Dataset/S15M04/Real/10.wav,0,MEN,MEN-S15M04,TG:e0e70a0638fc6f97,8.0,1,0.3941666666666666,0.99966466
mendeley/extracted/Bangla Audio Dataset Original and DeepFake Voices for AI-Based Voice Analysis and Detection/Dataset/S15M04/Real/11.wav,0,MEN,MEN-S15M04,TG:57413348d842a70d,3.2949219,1,0.3275,0.96425414
mendeley/extracted/Bangla Audio Dataset Original and DeepFake Voices for AI-Based Voice Analysis and Detection/Dataset/S15M04/Real/12.wav,0,MEN,MEN-S15M04,TG:2a803e07ad46d5c2,5.1171875,1,0.3941666666666666,0.9940428
mendeley/extracted/Bangla Audio Dataset Original and DeepFake Voices for AI-Based Voice Analysis and Detection/Dataset/S15M04/Real/13.wav,0,MEN,MEN-S15M04,TG:5c21d947a8657c9f,-3.1621094,1,0.3941666666666666,0.04061678
mendeley/extracted/Bangla Audio Dataset Original and DeepFake Voices for AI-Based Voice Analysis and Detection/Dataset/S15M04/Real/14.wav,0,MEN,MEN-S15M04,TG:2d3ba8e149e931db,-5.359375,1,0.4275,0.004681823
mendeley/extracted/Bangla Audio Dataset Original and DeepFake Voices for AI-Based Voice Analysis and Detection/Dataset/S15M04/Real/15.wav,0,MEN,MEN-S15M04,TG:3d0c9b90dd636b05,7.015625,1,0.2774999999999999,0.99910307
mendeley/extracted/Bangla Audio Dataset Original and DeepFake Voices for AI-Based Voice Analysis and Detection/Dataset/S15M04/Real/16.wav,0,MEN,MEN-S15M04,TG:835a2229be98dadf,5.6289062,1,0.3841666666666666,0.9964204
mendeley/extracted/Bangla Audio Dataset Original and DeepFake Voices for AI-Based Voice Analysis and Detection/Dataset/S15M04/Real/17.wav,0,MEN,MEN-S15M04,TG:feba50ba85a1ba08,8.296875,1,0.3774999999999999,0.9997508
mendeley/extracted/Bangla Audio Dataset Original and DeepFake Voices for AI-Based Voice Analysis and Detection/Dataset/S15M04/Real/18.wav,0,MEN,MEN-S15M04,TG:d8eb3171b7a6a33b,6.765625,1,0.4108333333333334,0.99884856
mendeley/extracted/Bangla Audio Dataset Original and DeepFake Voices for AI-Based Voice Analysis and Detection/Dataset/S15M04/Real/19.wav,0,MEN,MEN-S15M04,TG:a5e8c7f1e51636dc,-11.625,1,0.3941666666666666,8.939696e-06
mendeley/extracted/Bangla Audio Dataset Original and DeepFake Voices for AI-Based Voice Analysis and Detection/Dataset/S15M04/Real/2.wav,0,MEN,MEN-S15M04,TG:a6f69864408b9071,4.90625,1,0.3941666666666666,0.9926542
mendeley/extracted/Bangla Audio Dataset Original and DeepFake Voices for AI-Based Voice Analysis and Detection/Dataset/S15M04/Real/20.wav,0,MEN,MEN-S15M04,TG:9426037c3514ba5e,-2.0371094,1,0.4791666666666666,0.11536139
mendeley/extracted/Bangla Audio Dataset Original and DeepFake Voices for AI-Based Voice Analysis and Detection/Dataset/S15M04/Real/21.wav,0,MEN,MEN-S15M04,TG:e0ce6b84c16d1ca7,-22.15625,1,0.4625,2.3859587e-10
mendeley/extracted/Bangla Audio Dataset Original and DeepFake Voices for AI-Based Voice Analysis and Detection/Dataset/S15M04/Real/22.wav,0,MEN,MEN-S15M04,TG:d8d1aa4cc233d982,-14.8046875,1,0.3941666666666666,3.718825e-07
mendeley/extracted/Bangla Audio Dataset Original and DeepFake Voices for AI-Based Voice Analysis and Detection/Dataset/S15M04/Real/23.wav,0,MEN,MEN-S15M04,TG:6c85555d30e57a51,-20.171875,1,0.4825,1.7356654e-09
mendeley/extracted/Bangla Audio Dataset Original and DeepFake Voices for AI-Based Voice Analysis and Detection/Dataset/S15M04/Real/24.wav,0,MEN,MEN-S15M04,TG:64d212587b02f93b,-7.8046875,1,0.4425,0.0004076526
mendeley/extracted/Bangla Audio Dataset Original and DeepFake Voices for AI-Based Voice Analysis and Detection/Dataset/S15M04/Real/25.wav,0,MEN,MEN-S15M04,TG:5797f71db21fe749,-13.015625,1,0.3608333333333333,2.2252814e-06
mendeley/extracted/Bangla Audio Dataset Original and DeepFake Voices for AI-Based Voice Analysis and Detection/Dataset/S15M04/Real/26.wav,0,MEN,MEN-S15M04,TG:d3dc3aa303de9710,-22.0,1,0.4608333333333333,2.789468e-10
mendeley/extracted/Bangla Audio Dataset Original and DeepFake Voices for AI-Based Voice Analysis and Detection/Dataset/S15M04/Real/27.wav,0,MEN,MEN-S15M04,TG:3c2f522a40b2526e,0.11077881,1,0.5108333333333333,0.5276664
mendeley/extracted/Bangla Audio Dataset Original and DeepFake Voices for AI-Based Voice Analysis and Detection/Dataset/S15M04/Real/28.wav,0,MEN,MEN-S15M04,TG:4f9d2742e8afd15d,-27.03125,1,0.3791666666666666,1.8217019e-12
mendeley/extracted/Bangla Audio Dataset Original and DeepFake Voices for AI-Based Voice Analysis and Detection/Dataset/S15M04/Real/29.wav,0,MEN,MEN-S15M04,TG:f7be3e37759f090e,-17.125,1,0.4625,3.653482e-08
mendeley/extracted/Bangla Audio Dataset Original and DeepFake Voices for AI-Based Voice Analysis and Detection/Dataset/S15M04/Real/3.wav,0,MEN,MEN-S15M04,TG:62cf48bac7954805,-2.7753906,1,0.3941666666666666,0.0586686
mendeley/extracted/Bangla Audio Dataset Original and DeepFake Voices for AI-Based Voice Analysis and Detection/Dataset/S15M04/Real/30.wav,0,MEN,MEN-S15M04,TG:88f39ecf44831133,-17.703125,1,0.4775,2.0494179e-08
mendeley/extracted/Bangla Audio Dataset Original and DeepFake Voices for AI-Based Voice Analysis and Detection/Dataset/S15M04/Real/4.wav,0,MEN,MEN-S15M04,TG:439556f39c264ae7,-5.6835938,1,0.3774999999999999,0.0033897832
mendeley/extracted/Bangla Audio Dataset Original and DeepFake Voices for AI-Based Voice Analysis and Detection/Dataset/S15M04/Real/5.wav,0,MEN,MEN-S15M04,TG:b27516115fd20a37,-9.5,1,0.4108333333333334,7.4846226e-05
mendeley/extracted/Bangla Audio Dataset Original and DeepFake Voices for AI-Based Voice Analysis and Detection/Dataset/S15M04/Real/6.wav,0,MEN,MEN-S15M04,TG:b639ce41aa1cab36,-8.0859375,1,0.3774999999999999,0.00030774306
mendeley/extracted/Bangla Audio Dataset Original and DeepFake Voices for AI-Based Voice Analysis and Detection/Dataset/S15M04/Real/7.wav,0,MEN,MEN-S15M04,TG:88f1ee35a861b6a6,-18.484375,1,0.3458333333333333,9.382918e-09
mendeley/extracted/Bangla Audio Dataset Original and DeepFake Voices for AI-Based Voice Analysis and Detection/Dataset/S15M04/Real/8.wav,0,MEN,MEN-S15M04,TG:be9f02f19ba8fc75,-18.6875,1,0.3774999999999999,7.658115e-09
mendeley/extracted/Bangla Audio Dataset Original and DeepFake Voices for AI-Based Voice Analysis and Detection/Dataset/S15M04/Real/9.wav,0,MEN,MEN-S15M04,TG:c88f5e1ef15aa62a,6.1015625,1,0.3641666666666666,0.99776566
mendeley/extracted/Bangla Audio Dataset Original and DeepFake Voices for AI-Based Voice Analysis and Detection/Dataset/S15M05/Fake/1.wav,1,MEN,MEN-S15M05,TG:7cde72383f2577d5,-16.578125,1,0.5425,6.3126514e-08
mendeley/extracted/Bangla Audio Dataset Original and DeepFake Voices for AI-Based Voice Analysis and Detection/Dataset/S15M05/Fake/10.wav,1,MEN,MEN-S15M05,TG:e0e70a0638fc6f97,7.1367188,1,0.4791666666666666,0.9992053
mendeley/extracted/Bangla Audio Dataset Original and DeepFake Voices for AI-Based Voice Analysis and Detection/Dataset/S15M05/Fake/11.wav,1,MEN,MEN-S15M05,TG:57413348d842a70d,0.039794922,1,0.4558333333333333,0.5099475
mendeley/extracted/Bangla Audio Dataset Original and DeepFake Voices for AI-Based Voice Analysis and Detection/Dataset/S15M05/Fake/12.wav,1,MEN,MEN-S15M05,TG:2a803e07ad46d5c2,-1.1425781,1,0.3891666666666666,0.24184732
mendeley/extracted/Bangla Audio Dataset Original and DeepFake Voices for AI-Based Voice Analysis and Detection/Dataset/S15M05/Fake/13.wav,1,MEN,MEN-S15M05,TG:5c21d947a8657c9f,-9.0859375,1,0.5375,0.000113234375
mendeley/extracted/Bangla Audio Dataset Original and DeepFake Voices for AI-Based Voice Analysis and Detection/Dataset/S15M05/Fake/14.wav,1,MEN,MEN-S15M05,TG:2d3ba8e149e931db,-10.2265625,1,0.3858333333333333,3.619467e-05
mendeley/extracted/Bangla Audio Dataset Original and DeepFake Voices for AI-Based Voice Analysis and Detection/Dataset/S15M05/Fake/15.wav,1,MEN,MEN-S15M05,TG:3d0c9b90dd636b05,-10.5078125,1,0.3125,2.7321414e-05
mendeley/extracted/Bangla Audio Dataset Original and DeepFake Voices for AI-Based Voice Analysis and Detection/Dataset/S15M05/Fake/16.wav,1,MEN,MEN-S15M05,TG:835a2229be98dadf,-10.765625,1,0.4591666666666666,2.1112483e-05
mendeley/extracted/Bangla Audio Dataset Original and DeepFake Voices for AI-Based Voice Analysis and Detection/Dataset/S15M05/Fake/17.wav,1,MEN,MEN-S15M05,TG:feba50ba85a1ba08,-2.2929688,1,0.4908333333333333,0.09170696
mendeley/extracted/Bangla Audio Dataset Original and DeepFake Voices for AI-Based Voice Analysis and Detection/Dataset/S15M05/Fake/18.wav,1,MEN,MEN-S15M05,TG:d8eb3171b7a6a33b,-19.578125,1,0.5841666666666667,3.142884e-09
mendeley/extracted/Bangla Audio Dataset Original and DeepFake Voices for AI-Based Voice Analysis and Detection/Dataset/S15M05/Fake/19.wav,1,MEN,MEN-S15M05,TG:a5e8c7f1e51636dc,-1.4111328,1,0.3791666666666666,0.19605543
mendeley/extracted/Bangla Audio Dataset Original and DeepFake Voices for AI-Based Voice Analysis and Detection/Dataset/S15M05/Fake/2.wav,1,MEN,MEN-S15M05,TG:a6f69864408b9071,-12.40625,1,0.4075,4.0929112e-06
mendeley/extracted/Bangla Audio Dataset Original and DeepFake Voices for AI-Based Voice Analysis and Detection/Dataset/S15M05/Fake/20.wav,1,MEN,MEN-S15M05,TG:9426037c3514ba5e,-10.59375,1,0.5141666666666667,2.5071593e-05
mendeley/extracted/Bangla Audio Dataset Original and DeepFake Voices for AI-Based Voice Analysis and Detection/Dataset/S15M05/Fake/21.wav,1,MEN,MEN-S15M05,TG:e0ce6b84c16d1ca7,-4.5820312,1,0.4024999999999999,0.010130413
mendeley/extracted/Bangla Audio Dataset Original and DeepFake Voices for AI-Based Voice Analysis and Detection/Dataset/S15M05/Fake/22.wav,1,MEN,MEN-S15M05,TG:d8d1aa4cc233d982,-7.2382812,1,0.4991666666666666,0.00071802974
mendeley/extracted/Bangla Audio Dataset Original and DeepFake Voices for AI-Based Voice Analysis and Detection/Dataset/S15M05/Fake/23.wav,1,MEN,MEN-S15M05,TG:6c85555d30e57a51,-5.8046875,1,0.5375,0.003004343
mendeley/extracted/Bangla Audio Dataset Original and DeepFake Voices for AI-Based Voice Analysis and Detection/Dataset/S15M05/Fake/24.wav,1,MEN,MEN-S15M05,TG:64d212587b02f93b,-3.5351562,1,0.5425,0.028328313
mendeley/extracted/Bangla Audio Dataset Original and DeepFake Voices for AI-Based Voice Analysis and Detection/Dataset/S15M05/Fake/25.wav,1,MEN,MEN-S15M05,TG:5797f71db21fe749,-9.25,1,0.4175,9.610241e-05
mendeley/extracted/Bangla Audio Dataset Original and DeepFake Voices for AI-Based Voice Analysis and Detection/Dataset/S15M05/Fake/26.wav,1,MEN,MEN-S15M05,TG:d3dc3aa303de9710,-0.18798828,1,0.5141666666666667,0.45314083
mendeley/extracted/Bangla Audio Dataset Original and DeepFake Voices for AI-Based Voice Analysis and Detection/Dataset/S15M05/Fake/27.wav,1,MEN,MEN-S15M05,TG:3c2f522a40b2526e,-11.0703125,1,0.5258333333333334,1.5567455e-05
mendeley/extracted/Bangla Audio Dataset Original and DeepFake Voices for AI-Based Voice Analysis and Detection/Dataset/S15M05/Fake/28.wav,1,MEN,MEN-S15M05,TG:4f9d2742e8afd15d,-14.6796875,1,0.4908333333333333,4.2139806e-07
mendeley/extracted/Bangla Audio Dataset Original and DeepFake Voices for AI-Based Voice Analysis and Detection/Dataset/S15M05/Fake/29.wav,1,MEN,MEN-S15M05,TG:f7be3e37759f090e,-9.3671875,1,0.4875,8.5476175e-05
mendeley/extracted/Bangla Audio Dataset Original and DeepFake Voices for AI-Based Voice Analysis and Detection/Dataset/S15M05/Fake/3.wav,1,MEN,MEN-S15M05,TG:62cf48bac7954805,-0.66064453,1,0.4691666666666666,0.34059483
mendeley/extracted/Bangla Audio Dataset Original and DeepFake Voices for AI-Based Voice Analysis and Detection/Dataset/S15M05/Fake/30.wav,1,MEN,MEN-S15M05,TG:88f39ecf44831133,-7.3320312,1,0.4408333333333333,0.0006538155
mendeley/extracted/Bangla Audio Dataset Original and DeepFake Voices for AI-Based Voice Analysis and Detection/Dataset/S15M05/Fake/4.wav,1,MEN,MEN-S15M05,TG:439556f39c264ae7,3.2539062,1,0.3325,0.9628132
mendeley/extracted/Bangla Audio Dataset Original and DeepFake Voices for AI-Based Voice Analysis and Detection/Dataset/S15M05/Fake/5.wav,1,MEN,MEN-S15M05,TG:b27516115fd20a37,10.0625,1,0.5241666666666667,0.9999573
mendeley/extracted/Bangla Audio Dataset Original and DeepFake Voices for AI-Based Voice Analysis and Detection/Dataset/S15M05/Fake/6.wav,1,MEN,MEN-S15M05,TG:b639ce41aa1cab36,-8.0234375,1,0.4808333333333333,0.00032758433
mendeley/extracted/Bangla Audio Dataset Original and DeepFake Voices for AI-Based Voice Analysis and Detection/Dataset/S15M05/Fake/7.wav,1,MEN,MEN-S15M05,TG:88f1ee35a861b6a6,-7.2109375,1,0.4225,0.00073791965
mendeley/extracted/Bangla Audio Dataset Original and DeepFake Voices for AI-Based Voice Analysis and Detection/Dataset/S15M05/Fake/8.wav,1,MEN,MEN-S15M05,TG:be9f02f19ba8fc75,-4.671875,1,0.3158333333333333,0.009268013
mendeley/extracted/Bangla Audio Dataset Original and DeepFake Voices for AI-Based Voice Analysis and Detection/Dataset/S15M05/Fake/9.wav,1,MEN,MEN-S15M05,TG:c88f5e1ef15aa62a,3.8925781,1,0.5075000000000001,0.9800149
mendeley/extracted/Bangla Audio Dataset Original and DeepFake Voices for AI-Based Voice Analysis and Detection/Dataset/S15M05/Real/1.wav,0,MEN,MEN-S15M05,TG:7cde72383f2577d5,-8.4140625,1,0.4341666666666667,0.0002216781
mendeley/extracted/Bangla Audio Dataset Original and DeepFake Voices for AI-Based Voice Analysis and Detection/Dataset/S15M05/Real/10.wav,0,MEN,MEN-S15M05,TG:e0e70a0638fc6f97,-12.5859375,1,0.4008333333333334,3.4197574e-06
mendeley/extracted/Bangla Audio Dataset Original and DeepFake Voices for AI-Based Voice Analysis and Detection/Dataset/S15M05/Real/11.wav,0,MEN,MEN-S15M05,TG:57413348d842a70d,-7.5546875,1,0.3508333333333333,0.0005233757
mendeley/extracted/Bangla Audio Dataset Original and DeepFake Voices for AI-Based Voice Analysis and Detection/Dataset/S15M05/Real/12.wav,0,MEN,MEN-S15M05,TG:2a803e07ad46d5c2,-12.8359375,1,0.3675,2.6633118e-06
mendeley/extracted/Bangla Audio Dataset Original and DeepFake Voices for AI-Based Voice Analysis and Detection/Dataset/S15M05/Real/13.wav,0,MEN,MEN-S15M05,TG:5c21d947a8657c9f,-21.65625,1,0.4675,3.9337805e-10
mendeley/extracted/Bangla Audio Dataset Original and DeepFake Voices for AI-Based Voice Analysis and Detection/Dataset/S15M05/Real/14.wav,0,MEN,MEN-S15M05,TG:2d3ba8e149e931db,-18.765625,1,0.4341666666666667,7.0825985e-09
mendeley/extracted/Bangla Audio Dataset Original and DeepFake Voices for AI-Based Voice Analysis and Detection/Dataset/S15M05/Real/15.wav,0,MEN,MEN-S15M05,TG:3d0c9b90dd636b05,-23.109375,1,0.3008333333333333,9.19869e-11
mendeley/extracted/Bangla Audio Dataset Original and DeepFake Voices for AI-Based Voice Analysis and Detection/Dataset/S15M05/Real/16.wav,0,MEN,MEN-S15M05,TG:835a2229be98dadf,-15.71875,1,0.3675,1.4908488e-07
mendeley/extracted/Bangla Audio Dataset Original and DeepFake Voices for AI-Based Voice Analysis and Detection/Dataset/S15M05/Real/17.wav,0,MEN,MEN-S15M05,TG:feba50ba85a1ba08,-6.8242188,1,0.4175,0.0010859445
mendeley/extracted/Bangla Audio Dataset Original and DeepFake Voices for AI-Based Voice Analysis and Detection/Dataset/S15M05/Real/18.wav,0,MEN,MEN-S15M05,TG:d8eb3171b7a6a33b,-16.484375,1,0.5008333333333334,6.93309e-08
mendeley/extracted/Bangla Audio Dataset Original and DeepFake Voices for AI-Based Voice Analysis and Detection/Dataset/S15M05/Real/19.wav,0,MEN,MEN-S15M05,TG:a5e8c7f1e51636dc,-20.03125,1,0.3008333333333333,1.9977386e-09
mendeley/extracted/Bangla Audio Dataset Original and DeepFake Voices for AI-Based Voice Analysis and Detection/Dataset/S15M05/Real/2.wav,0,MEN,MEN-S15M05,TG:a6f69864408b9071,-1.8085938,1,0.3841666666666666,0.14080818
mendeley/extracted/Bangla Audio Dataset Original and DeepFake Voices for AI-Based Voice Analysis and Detection/Dataset/S15M05/Real/20.wav,0,MEN,MEN-S15M05,TG:9426037c3514ba5e,-27.9375,1,0.5008333333333334,7.36034e-13
mendeley/extracted/Bangla Audio Dataset Original and DeepFake Voices for AI-Based Voice Analysis and Detection/Dataset/S15M05/Real/21.wav,0,MEN,MEN-S15M05,TG:e0ce6b84c16d1ca7,-15.9609375,1,0.4508333333333333,1.17018054e-07
mendeley/extracted/Bangla Audio Dataset Original and DeepFake Voices for AI-Based Voice Analysis and Detection/Dataset/S15M05/Real/22.wav,0,MEN,MEN-S15M05,TG:d8d1aa4cc233d982,-13.859375,1,0.4341666666666667,9.570828e-07
mendeley/extracted/Bangla Audio Dataset Original and DeepFake Voices for AI-Based Voice Analysis and Detection/Dataset/S15M05/Real/23.wav,0,MEN,MEN-S15M05,TG:6c85555d30e57a51,-21.0,1,0.4675,7.58256e-10
mendeley/extracted/Bangla Audio Dataset Original and DeepFake Voices for AI-Based Voice Analysis and Detection/Dataset/S15M05/Real/24.wav,0,MEN,MEN-S15M05,TG:64d212587b02f93b,8.8125,1,0.4508333333333333,0.9998511
mendeley/extracted/Bangla Audio Dataset Original and DeepFake Voices for AI-Based Voice Analysis and Detection/Dataset/S15M05/Real/25.wav,0,MEN,MEN-S15M05,TG:5797f71db21fe749,-15.3984375,1,0.4008333333333334,2.0537306e-07
mendeley/extracted/Bangla Audio Dataset Original and DeepFake Voices for AI-Based Voice Analysis and Detection/Dataset/S15M05/Real/26.wav,0,MEN,MEN-S15M05,TG:d3dc3aa303de9710,-4.7890625,1,0.4841666666666666,0.008251599
mendeley/extracted/Bangla Audio Dataset Original and DeepFake Voices for AI-Based Voice Analysis and Detection/Dataset/S15M05/Real/27.wav,0,MEN,MEN-S15M05,TG:3c2f522a40b2526e,-9.5546875,1,0.4675,7.0863265e-05
mendeley/extracted/Bangla Audio Dataset Original and DeepFake Voices for AI-Based Voice Analysis and Detection/Dataset/S15M05/Real/28.wav,0,MEN,MEN-S15M05,TG:4f9d2742e8afd15d,-2.6289062,1,0.3341666666666666,0.06730107
mendeley/extracted/Bangla Audio Dataset Original and DeepFake Voices for AI-Based Voice Analysis and Detection/Dataset/S15M05/Real/29.wav,0,MEN,MEN-S15M05,TG:f7be3e37759f090e,-14.0078125,1,0.4341666666666667,8.25057e-07
mendeley/extracted/Bangla Audio Dataset Original and DeepFake Voices for AI-Based Voice Analysis and Detection/Dataset/S15M05/Real/3.wav,0,MEN,MEN-S15M05,TG:62cf48bac7954805,-14.1328125,1,0.4175,7.281103e-07
mendeley/extracted/Bangla Audio Dataset Original and DeepFake Voices for AI-Based Voice Analysis and Detection/Dataset/S15M05/Real/30.wav,0,MEN,MEN-S15M05,TG:88f39ecf44831133,-16.09375,1,0.3841666666666666,1.0246443e-07
mendeley/extracted/Bangla Audio Dataset Original and DeepFake Voices for AI-Based Voice Analysis and Detection/Dataset/S15M05/Real/4.wav,0,MEN,MEN-S15M05,TG:439556f39c264ae7,-22.0625,1,0.3675,2.6204627e-10
mendeley/extracted/Bangla Audio Dataset Original and DeepFake Voices for AI-Based Voice Analysis and Detection/Dataset/S15M05/Real/5.wav,0,MEN,MEN-S15M05,TG:b27516115fd20a37,-17.3125,1,0.4175,3.028843e-08
mendeley/extracted/Bangla Audio Dataset Original and DeepFake Voices for AI-Based Voice Analysis and Detection/Dataset/S15M05/Real/6.wav,0,MEN,MEN-S15M05,TG:b639ce41aa1cab36,-21.65625,1,0.3841666666666666,3.9337805e-10
mendeley/extracted/Bangla Audio Dataset Original and DeepFake Voices for AI-Based Voice Analysis and Detection/Dataset/S15M05/Real/7.wav,0,MEN,MEN-S15M05,TG:88f1ee35a861b6a6,-22.421875,1,0.3508333333333333,1.8293779e-10
mendeley/extracted/Bangla Audio Dataset Original and DeepFake Voices for AI-Based Voice Analysis and Detection/Dataset/S15M05/Real/8.wav,0,MEN,MEN-S15M05,TG:be9f02f19ba8fc75,-18.046875,1,0.4175,1.45325485e-08
mendeley/extracted/Bangla Audio Dataset Original and DeepFake Voices for AI-Based Voice Analysis and Detection/Dataset/S15M05/Real/9.wav,0,MEN,MEN-S15M05,TG:c88f5e1ef15aa62a,-15.3203125,1,0.4008333333333334,2.220612e-07
mendeley/extracted/Bangla Audio Dataset Original and DeepFake Voices for AI-Based Voice Analysis and Detection/Dataset/S1F03/Fake/1.wav,1,MEN,MEN-S1F03,TG:8388d9ee191bd954,-11.7421875,1,0.4841666666666666,7.951139e-06
mendeley/extracted/Bangla Audio Dataset Original and DeepFake Voices for AI-Based Voice Analysis and Detection/Dataset/S1F03/Fake/10.wav,1,MEN,MEN-S1F03,TG:388cb19343cb520a,-12.9375,1,0.4808333333333333,2.4061026e-06
mendeley/extracted/Bangla Audio Dataset Original and DeepFake Voices for AI-Based Voice Analysis and Detection/Dataset/S1F03/Fake/11.wav,1,MEN,MEN-S1F03,TG:6663f3ce55d8ec7f,-3.8867188,1,0.2458333333333333,0.020100238
mendeley/extracted/Bangla Audio Dataset Original and DeepFake Voices for AI-Based Voice Analysis and Detection/Dataset/S1F03/Fake/12.wav,1,MEN,MEN-S1F03,TG:d3ff909607e60de8,-0.19714355,1,0.2225,0.4508731
mendeley/extracted/Bangla Audio Dataset Original and DeepFake Voices for AI-Based Voice Analysis and Detection/Dataset/S1F03/Fake/13.wav,1,MEN,MEN-S1F03,TG:713c2af6f394806f,8.4140625,1,0.4341666666666667,0.99977833
mendeley/extracted/Bangla Audio Dataset Original and DeepFake Voices for AI-Based Voice Analysis and Detection/Dataset/S1F03/Fake/14.wav,1,MEN,MEN-S1F03,TG:40c1016845dcdc60,-3.9765625,1,0.3375,0.018404892
mendeley/extracted/Bangla Audio Dataset Original and DeepFake Voices for AI-Based Voice Analysis and Detection/Dataset/S1F03/Fake/15.wav,1,MEN,MEN-S1F03,TG:210364c8aadbef3a,-13.5078125,1,0.4875,1.3602883e-06
mendeley/extracted/Bangla Audio Dataset Original and DeepFake Voices for AI-Based Voice Analysis and Detection/Dataset/S1F03/Fake/16.wav,1,MEN,MEN-S1F03,TG:f263a794fb5b64e5,-5.828125,1,0.4608333333333333,0.0029349516
mendeley/extracted/Bangla Audio Dataset Original and DeepFake Voices for AI-Based Voice Analysis and Detection/Dataset/S1F03/Fake/17.wav,1,MEN,MEN-S1F03,TG:ba06269e11aa0648,-6.390625,1,0.4525,0.0016743992
mendeley/extracted/Bangla Audio Dataset Original and DeepFake Voices for AI-Based Voice Analysis and Detection/Dataset/S1F03/Fake/18.wav,1,MEN,MEN-S1F03,TG:a06e050050b3f438,7.8867188,1,0.5341666666666667,0.9996244
mendeley/extracted/Bangla Audio Dataset Original and DeepFake Voices for AI-Based Voice Analysis and Detection/Dataset/S1F03/Fake/19.wav,1,MEN,MEN-S1F03,TG:9a7eea3d42c2dfa3,-13.421875,1,0.4591666666666666,1.482358e-06
mendeley/extracted/Bangla Audio Dataset Original and DeepFake Voices for AI-Based Voice Analysis and Detection/Dataset/S1F03/Fake/2.wav,1,MEN,MEN-S1F03,TG:4ff8497e59c46949,0.15905762,1,0.4491666666666667,0.5396808
mendeley/extracted/Bangla Audio Dataset Original and DeepFake Voices for AI-Based Voice Analysis and Detection/Dataset/S1F03/Fake/20.wav,1,MEN,MEN-S1F03,TG:9f86ecadb4b2b5e8,-12.9296875,1,0.3041666666666667,2.4249737e-06
mendeley/extracted/Bangla Audio Dataset Original and DeepFake Voices for AI-Based Voice Analysis and Detection/Dataset/S1F03/Fake/21.wav,1,MEN,MEN-S1F03,TG:224581f07ca68840,-1.0146484,1,0.2141666666666666,0.26607114
mendeley/extracted/Bangla Audio Dataset Original and DeepFake Voices for AI-Based Voice Analysis and Detection/Dataset/S1F03/Fake/22.wav,1,MEN,MEN-S1F03,TG:cdf2b766d6b5e166,11.5390625,1,0.3525,0.9999902
mendeley/extracted/Bangla Audio Dataset Original and DeepFake Voices for AI-Based Voice Analysis and Detection/Dataset/S1F03/Fake/23.wav,1,MEN,MEN-S1F03,TG:33b99dc1f5f3c11d,-10.9609375,1,0.1741666666666667,1.736672e-05
mendeley/extracted/Bangla Audio Dataset Original and DeepFake Voices for AI-Based Voice Analysis and Detection/Dataset/S1F03/Fake/24.wav,1,MEN,MEN-S1F03,TG:eea9ea1fd2041b22,0.46899414,1,0.4225,0.6151456
mendeley/extracted/Bangla Audio Dataset Original and DeepFake Voices for AI-Based Voice Analysis and Detection/Dataset/S1F03/Fake/25.wav,1,MEN,MEN-S1F03,TG:a7e7a70438f10a1d,-26.890625,1,0.4024999999999999,2.0967657e-12
mendeley/extracted/Bangla Audio Dataset Original and DeepFake Voices for AI-Based Voice Analysis and Detection/Dataset/S1F03/Fake/26.wav,1,MEN,MEN-S1F03,TG:6fe89ab891f32c4e,-16.4375,1,0.1591666666666666,7.265816e-08
mendeley/extracted/Bangla Audio Dataset Original and DeepFake Voices for AI-Based Voice Analysis and Detection/Dataset/S1F03/Fake/27.wav,1,MEN,MEN-S1F03,TG:2c5f8f2f6f8c1b98,3.96875,1,0.4775,0.9814534
mendeley/extracted/Bangla Audio Dataset Original and DeepFake Voices for AI-Based Voice Analysis and Detection/Dataset/S1F03/Fake/28.wav,1,MEN,MEN-S1F03,TG:6283d6f65cda971a,-7.953125,1,0.4891666666666666,0.00035143827
mendeley/extracted/Bangla Audio Dataset Original and DeepFake Voices for AI-Based Voice Analysis and Detection/Dataset/S1F03/Fake/29.wav,1,MEN,MEN-S1F03,TG:8544d87f606d70e6,4.0234375,1,0.0991666666666666,0.98242307
mendeley/extracted/Bangla Audio Dataset Original and DeepFake Voices for AI-Based Voice Analysis and Detection/Dataset/S1F03/Fake/3.wav,1,MEN,MEN-S1F03,TG:79dd086d061de522,-8.0859375,1,0.5675,0.00030774306
mendeley/extracted/Bangla Audio Dataset Original and DeepFake Voices for AI-Based Voice Analysis and Detection/Dataset/S1F03/Fake/30.wav,1,MEN,MEN-S1F03,TG:c7b089fc1ba419ab,8.8359375,1,0.4758333333333333,0.99985456
mendeley/extracted/Bangla Audio Dataset Original and DeepFake Voices for AI-Based Voice Analysis and Detection/Dataset/S1F03/Fake/4.wav,1,MEN,MEN-S1F03,TG:4d5fe26cc7778810,0.24694824,1,0.6641666666666667,0.5614252
mendeley/extracted/Bangla Audio Dataset Original and DeepFake Voices for AI-Based Voice Analysis and Detection/Dataset/S1F03/Fake/5.wav,1,MEN,MEN-S1F03,TG:5adc5ae46d5a5744,-4.96875,1,0.3891666666666666,0.006903838
mendeley/extracted/Bangla Audio Dataset Original and DeepFake Voices for AI-Based Voice Analysis and Detection/Dataset/S1F03/Fake/6.wav,1,MEN,MEN-S1F03,TG:ceba938af43c06ae,11.9453125,1,0.5108333333333333,0.99999356
mendeley/extracted/Bangla Audio Dataset Original and DeepFake Voices for AI-Based Voice Analysis and Detection/Dataset/S1F03/Fake/7.wav,1,MEN,MEN-S1F03,TG:4c7966295caf20ad,6.6523438,1,0.4925,0.99871063
mendeley/extracted/Bangla Audio Dataset Original and DeepFake Voices for AI-Based Voice Analysis and Detection/Dataset/S1F03/Fake/8.wav,1,MEN,MEN-S1F03,TG:a108bfb385dd7acb,-14.203125,1,0.4325,6.786735e-07
mendeley/extracted/Bangla Audio Dataset Original and DeepFake Voices for AI-Based Voice Analysis and Detection/Dataset/S1F03/Fake/9.wav,1,MEN,MEN-S1F03,TG:2a9989c6f851b5a4,-11.0,1,0.3508333333333333,1.6701422e-05
mendeley/extracted/Bangla Audio Dataset Original and DeepFake Voices for AI-Based Voice Analysis and Detection/Dataset/S1F03/Real/1.wav,0,MEN,MEN-S1F03,TG:8388d9ee191bd954,9.6875,1,0.3675,0.9999379
mendeley/extracted/Bangla Audio Dataset Original and DeepFake Voices for AI-Based Voice Analysis and Detection/Dataset/S1F03/Real/10.wav,0,MEN,MEN-S1F03,TG:388cb19343cb520a,-5.7304688,1,0.3675,0.003235056
mendeley/extracted/Bangla Audio Dataset Original and DeepFake Voices for AI-Based Voice Analysis and Detection/Dataset/S1F03/Real/11.wav,0,MEN,MEN-S1F03,TG:6663f3ce55d8ec7f,-22.1875,1,0.3841666666666666,2.3125504e-10
mendeley/extracted/Bangla Audio Dataset Original and DeepFake Voices for AI-Based Voice Analysis and Detection/Dataset/S1F03/Real/12.wav,0,MEN,MEN-S1F03,TG:d3ff909607e60de8,-28.34375,1,0.3175,4.903044e-13
mendeley/extracted/Bangla Audio Dataset Original and DeepFake Voices for AI-Based Voice Analysis and Detection/Dataset/S1F03/Real/13.wav,0,MEN,MEN-S1F03,TG:713c2af6f394806f,1.5322266,1,0.3508333333333333,0.82233185
mendeley/extracted/Bangla Audio Dataset Original and DeepFake Voices for AI-Based Voice Analysis and Detection/Dataset/S1F03/Real/14.wav,0,MEN,MEN-S1F03,TG:40c1016845dcdc60,-14.015625,1,0.3175,8.1863635e-07
mendeley/extracted/Bangla Audio Dataset Original and DeepFake Voices for AI-Based Voice Analysis and Detection/Dataset/S1F03/Real/15.wav,0,MEN,MEN-S1F03,TG:210364c8aadbef3a,-20.953125,1,0.4008333333333334,7.946455e-10
mendeley/extracted/Bangla Audio Dataset Original and DeepFake Voices for AI-Based Voice Analysis and Detection/Dataset/S1F03/Real/16.wav,0,MEN,MEN-S1F03,TG:f263a794fb5b64e5,7.6953125,1,0.3341666666666666,0.9995453
mendeley/extracted/Bangla Audio Dataset Original and DeepFake Voices for AI-Based Voice Analysis and Detection/Dataset/S1F03/Real/17.wav,0,MEN,MEN-S1F03,TG:ba06269e11aa0648,-17.765625,1,0.4175,1.92525e-08
mendeley/extracted/Bangla Audio Dataset Original and DeepFake Voices for AI-Based Voice Analysis and Detection/Dataset/S1F03/Real/18.wav,0,MEN,MEN-S1F03,TG:a06e050050b3f438,6.2265625,1,0.4841666666666666,0.9980276
mendeley/extracted/Bangla Audio Dataset Original and DeepFake Voices for AI-Based Voice Analysis and Detection/Dataset/S1F03/Real/19.wav,0,MEN,MEN-S1F03,TG:9a7eea3d42c2dfa3,-13.859375,1,0.5175000000000001,9.570828e-07
mendeley/extracted/Bangla Audio Dataset Original and DeepFake Voices for AI-Based Voice Analysis and Detection/Dataset/S1F03/Real/2.wav,0,MEN,MEN-S1F03,TG:4ff8497e59c46949,-15.4609375,1,0.3341666666666666,1.9293013e-07
mendeley/extracted/Bangla Audio Dataset Original and DeepFake Voices for AI-Based Voice Analysis and Detection/Dataset/S1F03/Real/20.wav,0,MEN,MEN-S1F03,TG:9f86ecadb4b2b5e8,-19.15625,1,0.4341666666666667,4.792326e-09
mendeley/extracted/Bangla Audio Dataset Original and DeepFake Voices for AI-Based Voice Analysis and Detection/Dataset/S1F03/Real/21.wav,0,MEN,MEN-S1F03,TG:224581f07ca68840,-6.5390625,1,0.3675,0.0014437558
mendeley/extracted/Bangla Audio Dataset Original and DeepFake Voices for AI-Based Voice Analysis and Detection/Dataset/S1F03/Real/22.wav,0,MEN,MEN-S1F03,TG:cdf2b766d6b5e166,1.6777344,1,0.4341666666666667,0.84260434
mendeley/extracted/Bangla Audio Dataset Original and DeepFake Voices for AI-Based Voice Analysis and Detection/Dataset/S1F03/Real/23.wav,0,MEN,MEN-S1F03,TG:33b99dc1f5f3c11d,-6.0,1,0.4008333333333334,0.0024726233
mendeley/extracted/Bangla Audio Dataset Original and DeepFake Voices for AI-Based Voice Analysis and Detection/Dataset/S1F03/Real/24.wav,0,MEN,MEN-S1F03,TG:eea9ea1fd2041b22,-9.0,1,0.4508333333333333,0.00012339458
mendeley/extracted/Bangla Audio Dataset Original and DeepFake Voices for AI-Based Voice Analysis and Detection/Dataset/S1F03/Real/25.wav,0,MEN,MEN-S1F03,TG:a7e7a70438f10a1d,-6.265625,1,0.4341666666666667,0.00189692
mendeley/extracted/Bangla Audio Dataset Original and DeepFake Voices for AI-Based Voice Analysis and Detection/Dataset/S1F03/Real/26.wav,0,MEN,MEN-S1F03,TG:6fe89ab891f32c4e,-11.4140625,1,0.4675,1.1039027e-05
mendeley/extracted/Bangla Audio Dataset Original and DeepFake Voices for AI-Based Voice Analysis and Detection/Dataset/S1F03/Real/27.wav,0,MEN,MEN-S1F03,TG:2c5f8f2f6f8c1b98,-14.21875,1,0.5591666666666666,6.681517e-07
mendeley/extracted/Bangla Audio Dataset Original and DeepFake Voices for AI-Based Voice Analysis and Detection/Dataset/S1F03/Real/28.wav,0,MEN,MEN-S1F03,TG:6283d6f65cda971a,-30.5625,1,0.4508333333333333,5.3318125e-14
mendeley/extracted/Bangla Audio Dataset Original and DeepFake Voices for AI-Based Voice Analysis and Detection/Dataset/S1F03/Real/29.wav,0,MEN,MEN-S1F03,TG:8544d87f606d70e6,-17.421875,1,0.5008333333333334,2.7150374e-08
mendeley/extracted/Bangla Audio Dataset Original and DeepFake Voices for AI-Based Voice Analysis and Detection/Dataset/S1F03/Real/3.wav,0,MEN,MEN-S1F03,TG:79dd086d061de522,-0.123168945,1,0.2674999999999999,0.4692466
mendeley/extracted/Bangla Audio Dataset Original and DeepFake Voices for AI-Based Voice Analysis and Detection/Dataset/S1F03/Real/30.wav,0,MEN,MEN-S1F03,TG:c7b089fc1ba419ab,7.0273438,1,0.4508333333333333,0.9991135
mendeley/extracted/Bangla Audio Dataset Original and DeepFake Voices for AI-Based Voice Analysis and Detection/Dataset/S1F03/Real/4.wav,0,MEN,MEN-S1F03,TG:4d5fe26cc7778810,-5.796875,1,0.3675,0.0030278347
mendeley/extracted/Bangla Audio Dataset Original and DeepFake Voices for AI-Based Voice Analysis and Detection/Dataset/S1F03/Real/5.wav,0,MEN,MEN-S1F03,TG:5adc5ae46d5a5744,-14.03125,1,0.3841666666666666,8.059446e-07
mendeley/extracted/Bangla Audio Dataset Original and DeepFake Voices for AI-Based Voice Analysis and Detection/Dataset/S1F03/Real/6.wav,0,MEN,MEN-S1F03,TG:ceba938af43c06ae,-23.265625,1,0.4191666666666667,7.868057e-11
mendeley/extracted/Bangla Audio Dataset Original and DeepFake Voices for AI-Based Voice Analysis and Detection/Dataset/S1F03/Real/7.wav,0,MEN,MEN-S1F03,TG:4c7966295caf20ad,3.2421875,1,0.4341666666666667,0.9623913
mendeley/extracted/Bangla Audio Dataset Original and DeepFake Voices for AI-Based Voice Analysis and Detection/Dataset/S1F03/Real/8.wav,0,MEN,MEN-S1F03,TG:a108bfb385dd7acb,-6.328125,1,0.3841666666666666,0.0017821961
mendeley/extracted/Bangla Audio Dataset Original and DeepFake Voices for AI-Based Voice Analysis and Detection/Dataset/S1F03/Real/9.wav,0,MEN,MEN-S1F03,TG:2a9989c6f851b5a4,-4.7773438,1,0.4341666666666667,0.008348054
mendeley/extracted/Bangla Audio Dataset Original and DeepFake Voices for AI-Based Voice Analysis and Detection/Dataset/S1F04/Fake/1.wav,1,MEN,MEN-S1F04,TG:8388d9ee191bd954,6.3320312,1,0.5391666666666667,0.9982248
mendeley/extracted/Bangla Audio Dataset Original and DeepFake Voices for AI-Based Voice Analysis and Detection/Dataset/S1F04/Fake/10.wav,1,MEN,MEN-S1F04,TG:388cb19343cb520a,-11.34375,1,0.5091666666666667,1.184314e-05
mendeley/extracted/Bangla Audio Dataset Original and DeepFake Voices for AI-Based Voice Analysis and Detection/Dataset/S1F04/Fake/11.wav,1,MEN,MEN-S1F04,TG:6663f3ce55d8ec7f,8.453125,1,0.3108333333333333,0.9997868
mendeley/extracted/Bangla Audio Dataset Original and DeepFake Voices for AI-Based Voice Analysis and Detection/Dataset/S1F04/Fake/12.wav,1,MEN,MEN-S1F04,TG:d3ff909607e60de8,7.9101562,1,0.3758333333333333,0.9996331
mendeley/extracted/Bangla Audio Dataset Original and DeepFake Voices for AI-Based Voice Analysis and Detection/Dataset/S1F04/Fake/13.wav,1,MEN,MEN-S1F04,TG:713c2af6f394806f,11.4453125,1,0.4241666666666667,0.9999893
mendeley/extracted/Bangla Audio Dataset Original and DeepFake Voices for AI-Based Voice Analysis and Detection/Dataset/S1F04/Fake/14.wav,1,MEN,MEN-S1F04,TG:40c1016845dcdc60,-0.22546387,1,0.3158333333333333,0.44387156
mendeley/extracted/Bangla Audio Dataset Original and DeepFake Voices for AI-Based Voice Analysis and Detection/Dataset/S1F04/Fake/15.wav,1,MEN,MEN-S1F04,TG:210364c8aadbef3a,-1.5195312,1,0.4575,0.17953055
mendeley/extracted/Bangla Audio Dataset Original and DeepFake Voices for AI-Based Voice Analysis and Detection/Dataset/S1F04/Fake/16.wav,1,MEN,MEN-S1F04,TG:f263a794fb5b64e5,7.1484375,1,0.4675,0.99921453
mendeley/extracted/Bangla Audio Dataset Original and DeepFake Voices for AI-Based Voice Analysis and Detection/Dataset/S1F04/Fake/17.wav,1,MEN,MEN-S1F04,TG:ba06269e11aa0648,-2.6542969,1,0.3641666666666666,0.06572466
mendeley/extracted/Bangla Audio Dataset Original and DeepFake Voices for AI-Based Voice Analysis and Detection/Dataset/S1F04/Fake/18.wav,1,MEN,MEN-S1F04,TG:a06e050050b3f438,12.40625,1,0.5175000000000001,0.99999595
mendeley/extracted/Bangla Audio Dataset Original and DeepFake Voices for AI-Based Voice Analysis and Detection/Dataset/S1F04/Fake/19.wav,1,MEN,MEN-S1F04,TG:9a7eea3d42c2dfa3,4.3984375,1,0.5325,0.9878528
mendeley/extracted/Bangla Audio Dataset Original and DeepFake Voices for AI-Based Voice Analysis and Detection/Dataset/S1F04/Fake/2.wav,1,MEN,MEN-S1F04,TG:4ff8497e59c46949,7.0429688,1,0.4875,0.9991272
mendeley/extracted/Bangla Audio Dataset Original and DeepFake Voices for AI-Based Voice Analysis and Detection/Dataset/S1F04/Fake/20.wav,1,MEN,MEN-S1F04,TG:9f86ecadb4b2b5e8,0.6542969,1,0.2724999999999999,0.6579781
mendeley/extracted/Bangla Audio Dataset Original and DeepFake Voices for AI-Based Voice Analysis and Detection/Dataset/S1F04/Fake/21.wav,1,MEN,MEN-S1F04,TG:224581f07ca68840,9.8984375,1,0.2858333333333334,0.9999497
mendeley/extracted/Bangla Audio Dataset Original and DeepFake Voices for AI-Based Voice Analysis and Detection/Dataset/S1F04/Fake/22.wav,1,MEN,MEN-S1F04,TG:cdf2b766d6b5e166,5.9609375,1,0.3291666666666667,0.9974291
mendeley/extracted/Bangla Audio Dataset Original and DeepFake Voices for AI-Based Voice Analysis and Detection/Dataset/S1F04/Fake/23.wav,1,MEN,MEN-S1F04,TG:33b99dc1f5f3c11d,8.8203125,1,0.2808333333333334,0.9998523
mendeley/extracted/Bangla Audio Dataset Original and DeepFake Voices for AI-Based Voice Analysis and Detection/Dataset/S1F04/Fake/24.wav,1,MEN,MEN-S1F04,TG:eea9ea1fd2041b22,4.9335938,1,0.4291666666666667,0.9928509
mendeley/extracted/Bangla Audio Dataset Original and DeepFake Voices for AI-Based Voice Analysis and Detection/Dataset/S1F04/Fake/25.wav,1,MEN,MEN-S1F04,TG:a7e7a70438f10a1d,-0.22033691,1,0.3708333333333333,0.44513753
mendeley/extracted/Bangla Audio Dataset Original and DeepFake Voices for AI-Based Voice Analysis and Detection/Dataset/S1F04/Fake/26.wav,1,MEN,MEN-S1F04,TG:6fe89ab891f32c4e,-4.3320312,1,0.1758333333333332,0.012970387
mendeley/extracted/Bangla Audio Dataset Original and DeepFake Voices for AI-Based Voice Analysis and Detection/Dataset/S1F04/Fake/27.wav,1,MEN,MEN-S1F04,TG:2c5f8f2f6f8c1b98,9.65625,1,0.4258333333333333,0.999936
mendeley/extracted/Bangla Audio Dataset Original and DeepFake Voices for AI-Based Voice Analysis and Detection/Dataset/S1F04/Fake/28.wav,1,MEN,MEN-S1F04,TG:6283d6f65cda971a,-2.1699219,1,0.4641666666666666,0.10248422
mendeley/extracted/Bangla Audio Dataset Original and DeepFake Voices for AI-Based Voice Analysis and Detection/Dataset/S1F04/Fake/29.wav,1,MEN,MEN-S1F04,TG:8544d87f606d70e6,-2.5214844,1,0.0908333333333333,0.074365705
mendeley/extracted/Bangla Audio Dataset Original and DeepFake Voices for AI-Based Voice Analysis and Detection/Dataset/S1F04/Fake/3.wav,1,MEN,MEN-S1F04,TG:79dd086d061de522,-9.8125,1,0.5541666666666667,5.4759774e-05
mendeley/extracted/Bangla Audio Dataset Original and DeepFake Voices for AI-Based Voice Analysis and Detection/Dataset/S1F04/Fake/30.wav,1,MEN,MEN-S1F04,TG:c7b089fc1ba419ab,9.703125,1,0.3675,0.99993896
mendeley/extracted/Bangla Audio Dataset Original and DeepFake Voices for AI-Based Voice Analysis and Detection/Dataset/S1F04/Fake/4.wav,1,MEN,MEN-S1F04,TG:4d5fe26cc7778810,4.6289062,1,0.5541666666666667,0.990329
mendeley/extracted/Bangla Audio Dataset Original and DeepFake Voices for AI-Based Voice Analysis and Detection/Dataset/S1F04/Fake/5.wav,1,MEN,MEN-S1F04,TG:5adc5ae46d5a5744,-2.359375,1,0.3425,0.08632348
mendeley/extracted/Bangla Audio Dataset Original and DeepFake Voices for AI-Based Voice Analysis and Detection/Dataset/S1F04/Fake/6.wav,1,MEN,MEN-S1F04,TG:ceba938af43c06ae,13.1015625,1,0.5575,0.999998
mendeley/extracted/Bangla Audio Dataset Original and DeepFake Voices for AI-Based Voice Analysis and Detection/Dataset/S1F04/Fake/7.wav,1,MEN,MEN-S1F04,TG:4c7966295caf20ad,9.8359375,1,0.4675,0.9999465
mendeley/extracted/Bangla Audio Dataset Original and DeepFake Voices for AI-Based Voice Analysis and Detection/Dataset/S1F04/Fake/8.wav,1,MEN,MEN-S1F04,TG:a108bfb385dd7acb,4.9921875,1,0.4024999999999999,0.993255
mendeley/extracted/Bangla Audio Dataset Original and DeepFake Voices for AI-Based Voice Analysis and Detection/Dataset/S1F04/Fake/9.wav,1,MEN,MEN-S1F04,TG:2a9989c6f851b5a4,8.125,1,0.3708333333333333,0.99970406
mendeley/extracted/Bangla Audio Dataset Original and DeepFake Voices for AI-Based Voice Analysis and Detection/Dataset/S1F04/Real/1.wav,0,MEN,MEN-S1F04,TG:8388d9ee191bd954,-13.515625,1,0.5508333333333333,1.3497025e-06
mendeley/extracted/Bangla Audio Dataset Original and DeepFake Voices for AI-Based Voice Analysis and Detection/Dataset/S1F04/Real/10.wav,0,MEN,MEN-S1F04,TG:388cb19343cb520a,-11.15625,1,0.3175,1.4285517e-05
mendeley/extracted/Bangla Audio Dataset Original and DeepFake Voices for AI-Based Voice Analysis and Detection/Dataset/S1F04/Real/11.wav,0,MEN,MEN-S1F04,TG:6663f3ce55d8ec7f,-15.9921875,1,0.3341666666666666,1.1341779e-07
mendeley/extracted/Bangla Audio Dataset Original and DeepFake Voices for AI-Based Voice Analysis and Detection/Dataset/S1F04/Real/12.wav,0,MEN,MEN-S1F04,TG:d3ff909607e60de8,-18.21875,1,0.3508333333333333,1.2237632e-08
mendeley/extracted/Bangla Audio Dataset Original and DeepFake Voices for AI-Based Voice Analysis and Detection/Dataset/S1F04/Real/13.wav,0,MEN,MEN-S1F04,TG:713c2af6f394806f,-12.6171875,1,0.3508333333333333,3.314543e-06
mendeley/extracted/Bangla Audio Dataset Original and DeepFake Voices for AI-Based Voice Analysis and Detection/Dataset/S1F04/Real/14.wav,0,MEN,MEN-S1F04,TG:40c1016845dcdc60,-23.09375,1,0.3675,9.343548e-11
mendeley/extracted/Bangla Audio Dataset Original and DeepFake Voices for AI-Based Voice Analysis and Detection/Dataset/S1F04/Real/15.wav,0,MEN,MEN-S1F04,TG:210364c8aadbef3a,-21.4375,1,0.3675,4.895669e-10
mendeley/extracted/Bangla Audio Dataset Original and DeepFake Voices for AI-Based Voice Analysis and Detection/Dataset/S1F04/Real/16.wav,0,MEN,MEN-S1F04,TG:f263a794fb5b64e5,-0.9921875,1,0.3175,0.27048022
mendeley/extracted/Bangla Audio Dataset Original and DeepFake Voices for AI-Based Voice Analysis and Detection/Dataset/S1F04/Real/17.wav,0,MEN,MEN-S1F04,TG:ba06269e11aa0648,-26.21875,1,0.3675,4.105268e-12
mendeley/extracted/Bangla Audio Dataset Original and DeepFake Voices for AI-Based Voice Analysis and Detection/Dataset/S1F04/Real/18.wav,0,MEN,MEN-S1F04,TG:a06e050050b3f438,-11.7578125,1,0.5508333333333333,7.827869e-06
mendeley/extracted/Bangla Audio Dataset Original and DeepFake Voices for AI-Based Voice Analysis and Detection/Dataset/S1F04/Real/19.wav,0,MEN,MEN-S1F04,TG:9a7eea3d42c2dfa3,-16.671875,1,0.3508333333333333,5.7477344e-08
mendeley/extracted/Bangla Audio Dataset Original and DeepFake Voices for AI-Based Voice Analysis and Detection/Dataset/S1F04/Real/2.wav,0,MEN,MEN-S1F04,TG:4ff8497e59c46949,-8.2734375,1,0.5508333333333333,0.00025514138
mendeley/extracted/Bangla Audio Dataset Original and DeepFake Voices for AI-Based Voice Analysis and Detection/Dataset/S1F04/Real/20.wav,0,MEN,MEN-S1F04,TG:9f86ecadb4b2b5e8,-10.09375,1,0.3341666666666666,4.13354e-05
mendeley/extracted/Bangla Audio Dataset Original and DeepFake Voices for AI-Based Voice Analysis and Detection/Dataset/S1F04/Real/21.wav,0,MEN,MEN-S1F04,TG:224581f07ca68840,-20.265625,1,0.3341666666666666,1.5803413e-09
mendeley/extracted/Bangla Audio Dataset Original and DeepFake Voices for AI-Based Voice Analysis and Detection/Dataset/S1F04/Real/22.wav,0,MEN,MEN-S1F04,TG:cdf2b766d6b5e166,-22.890625,1,0.3341666666666666,1.14479544e-10
mendeley/extracted/Bangla Audio Dataset Original and DeepFake Voices for AI-Based Voice Analysis and Detection/Dataset/S1F04/Real/23.wav,0,MEN,MEN-S1F04,TG:33b99dc1f5f3c11d,-18.921875,1,0.4008333333333334,6.058068e-09
mendeley/extracted/Bangla Audio Dataset Original and DeepFake Voices for AI-Based Voice Analysis and Detection/Dataset/S1F04/Real/24.wav,0,MEN,MEN-S1F04,TG:eea9ea1fd2041b22,-28.015625,1,0.4008333333333334,6.8072024e-13
mendeley/extracted/Bangla Audio Dataset Original and DeepFake Voices for AI-Based Voice Analysis and Detection/Dataset/S1F04/Real/25.wav,0,MEN,MEN-S1F04,TG:a7e7a70438f10a1d,-16.046875,1,0.3841666666666666,1.073818e-07
mendeley/extracted/Bangla Audio Dataset Original and DeepFake Voices for AI-Based Voice Analysis and Detection/Dataset/S1F04/Real/26.wav,0,MEN,MEN-S1F04,TG:6fe89ab891f32c4e,-15.5546875,1,0.3841666666666666,1.756649e-07
mendeley/extracted/Bangla Audio Dataset Original and DeepFake Voices for AI-Based Voice Analysis and Detection/Dataset/S1F04/Real/27.wav,0,MEN,MEN-S1F04,TG:2c5f8f2f6f8c1b98,-17.421875,1,0.4341666666666667,2.7150374e-08
mendeley/extracted/Bangla Audio Dataset Original and DeepFake Voices for AI-Based Voice Analysis and Detection/Dataset/S1F04/Real/28.wav,0,MEN,MEN-S1F04,TG:6283d6f65cda971a,-26.4375,1,0.4675,3.2986756e-12
mendeley/extracted/Bangla Audio Dataset Original and DeepFake Voices for AI-Based Voice Analysis and Detection/Dataset/S1F04/Real/29.wav,0,MEN,MEN-S1F04,TG:8544d87f606d70e6,-23.1875,1,0.3675,8.507397e-11
mendeley/extracted/Bangla Audio Dataset Original and DeepFake Voices for AI-Based Voice Analysis and Detection/Dataset/S1F04/Real/3.wav,0,MEN,MEN-S1F04,TG:79dd086d061de522,-4.59375,1,0.4508333333333333,0.01001357
mendeley/extracted/Bangla Audio Dataset Original and DeepFake Voices for AI-Based Voice Analysis and Detection/Dataset/S1F04/Real/30.wav,0,MEN,MEN-S1F04,TG:c7b089fc1ba419ab,-10.0390625,1,0.3341666666666666,4.365878e-05
mendeley/extracted/Bangla Audio Dataset Original and DeepFake Voices for AI-Based Voice Analysis and Detection/Dataset/S1F04/Real/4.wav,0,MEN,MEN-S1F04,TG:4d5fe26cc7778810,-12.5,1,0.4341666666666667,3.7266393e-06
mendeley/extracted/Bangla Audio Dataset Original and DeepFake Voices for AI-Based Voice Analysis and Detection/Dataset/S1F04/Real/5.wav,0,MEN,MEN-S1F04,TG:5adc5ae46d5a5744,-23.515625,1,0.3508333333333333,6.1276484e-11
mendeley/extracted/Bangla Audio Dataset Original and DeepFake Voices for AI-Based Voice Analysis and Detection/Dataset/S1F04/Real/6.wav,0,MEN,MEN-S1F04,TG:ceba938af43c06ae,-25.390625,1,0.3675,9.3970534e-12
mendeley/extracted/Bangla Audio Dataset Original and DeepFake Voices for AI-Based Voice Analysis and Detection/Dataset/S1F04/Real/7.wav,0,MEN,MEN-S1F04,TG:4c7966295caf20ad,-15.703125,1,0.3675,1.514326e-07
mendeley/extracted/Bangla Audio Dataset Original and DeepFake Voices for AI-Based Voice Analysis and Detection/Dataset/S1F04/Real/8.wav,0,MEN,MEN-S1F04,TG:a108bfb385dd7acb,-5.7109375,1,0.3508333333333333,0.0032986512
mendeley/extracted/Bangla Audio Dataset Original and DeepFake Voices for AI-Based Voice Analysis and Detection/Dataset/S1F04/Real/9.wav,0,MEN,MEN-S1F04,TG:2a9989c6f851b5a4,-21.34375,1,0.3841666666666666,5.3768406e-10
mendeley/extracted/Bangla Audio Dataset Original and DeepFake Voices for AI-Based Voice Analysis and Detection/Dataset/S1F05/Fake/1.wav,1,MEN,MEN-S1F05,TG:8388d9ee191bd954,3.2910156,1,0.6258333333333334,0.96411926
mendeley/extracted/Bangla Audio Dataset Original and DeepFake Voices for AI-Based Voice Analysis and Detection/Dataset/S1F05/Fake/10.wav,1,MEN,MEN-S1F05,TG:388cb19343cb520a,-10.4921875,1,0.4508333333333333,2.7751652e-05
mendeley/extracted/Bangla Audio Dataset Original and DeepFake Voices for AI-Based Voice Analysis and Detection/Dataset/S1F05/Fake/11.wav,1,MEN,MEN-S1F05,TG:6663f3ce55d8ec7f,0.578125,1,0.2941666666666667,0.6406359
mendeley/extracted/Bangla Audio Dataset Original and DeepFake Voices for AI-Based Voice Analysis and Detection/Dataset/S1F05/Fake/12.wav,1,MEN,MEN-S1F05,TG:d3ff909607e60de8,2.5839844,1,0.3225,0.9298237
mendeley/extracted/Bangla Audio Dataset Original and DeepFake Voices for AI-Based Voice Analysis and Detection/Dataset/S1F05/Fake/13.wav,1,MEN,MEN-S1F05,TG:713c2af6f394806f,8.765625,1,0.4408333333333333,0.99984396
mendeley/extracted/Bangla Audio Dataset Original and DeepFake Voices for AI-Based Voice Analysis and Detection/Dataset/S1F05/Fake/14.wav,1,MEN,MEN-S1F05,TG:40c1016845dcdc60,-10.2421875,1,0.4091666666666667,3.5633544e-05
mendeley/extracted/Bangla Audio Dataset Original and DeepFake Voices for AI-Based Voice Analysis and Detection/Dataset/S1F05/Fake/15.wav,1,MEN,MEN-S1F05,TG:210364c8aadbef3a,-16.328125,1,0.4525,8.1056044e-08
mendeley/extracted/Bangla Audio Dataset Original and DeepFake Voices for AI-Based Voice Analysis and Detection/Dataset/S1F05/Fake/16.wav,1,MEN,MEN-S1F05,TG:f263a794fb5b64e5,10.078125,1,0.4775,0.99995804
mendeley/extracted/Bangla Audio Dataset Original and DeepFake Voices for AI-Based Voice Analysis and Detection/Dataset/S1F05/Fake/17.wav,1,MEN,MEN-S1F05,TG:ba06269e11aa0648,-7.5273438,1,0.4008333333333334,0.00053787645
mendeley/extracted/Bangla Audio Dataset Original and DeepFake Voices for AI-Based Voice Analysis and Detection/Dataset/S1F05/Fake/18.wav,1,MEN,MEN-S1F05,TG:a06e050050b3f438,11.1953125,1,0.4725,0.9999863
mendeley/extracted/Bangla Audio Dataset Original and DeepFake Voices for AI-Based Voice Analysis and Detection/Dataset/S1F05/Fake/19.wav,1,MEN,MEN-S1F05,TG:9a7eea3d42c2dfa3,-3.3847656,1,0.5275000000000001,0.032774985
mendeley/extracted/Bangla Audio Dataset Original and DeepFake Voices for AI-Based Voice Analysis and Detection/Dataset/S1F05/Fake/2.wav,1,MEN,MEN-S1F05,TG:4ff8497e59c46949,9.0625,1,0.5075000000000001,0.999884
mendeley/extracted/Bangla Audio Dataset Original and DeepFake Voices for AI-Based Voice Analysis and Detection/Dataset/S1F05/Fake/20.wav,1,MEN,MEN-S1F05,TG:9f86ecadb4b2b5e8,0.51416016,1,0.3508333333333333,0.6257812
mendeley/extracted/Bangla Audio Dataset Original and DeepFake Voices for AI-Based Voice Analysis and Detection/Dataset/S1F05/Fake/21.wav,1,MEN,MEN-S1F05,TG:224581f07ca68840,-10.9765625,1,0.3075,1.7097478e-05
mendeley/extracted/Bangla Audio Dataset Original and DeepFake Voices for AI-Based Voice Analysis and Detection/Dataset/S1F05/Fake/22.wav,1,MEN,MEN-S1F05,TG:cdf2b766d6b5e166,9.7109375,1,0.2991666666666667,0.99993944
mendeley/extracted/Bangla Audio Dataset Original and DeepFake Voices for AI-Based Voice Analysis and Detection/Dataset/S1F05/Fake/23.wav,1,MEN,MEN-S1F05,TG:33b99dc1f5f3c11d,7.40625,1,0.2008333333333333,0.99939287
mendeley/extracted/Bangla Audio Dataset Original and DeepFake Voices for AI-Based Voice Analysis and Detection/Dataset/S1F05/Fake/24.wav,1,MEN,MEN-S1F05,TG:eea9ea1fd2041b22,4.140625,1,0.4475,0.9843364
mendeley/extracted/Bangla Audio Dataset Original and DeepFake Voices for AI-Based Voice Analysis and Detection/Dataset/S1F05/Fake/25.wav,1,MEN,MEN-S1F05,TG:a7e7a70438f10a1d,-19.015625,1,0.4191666666666667,5.515933e-09
mendeley/extracted/Bangla Audio Dataset Original and DeepFake Voices for AI-Based Voice Analysis and Detection/Dataset/S1F05/Fake/26.wav,1,MEN,MEN-S1F05,TG:6fe89ab891f32c4e,-2.0078125,1,0.2141666666666666,0.1183851
mendeley/extracted/Bangla Audio Dataset Original and DeepFake Voices for AI-Based Voice Analysis and Detection/Dataset/S1F05/Fake/27.wav,1,MEN,MEN-S1F05,TG:2c5f8f2f6f8c1b98,4.7265625,1,0.4958333333333333,0.9912209
mendeley/extracted/Bangla Audio Dataset Original and DeepFake Voices for AI-Based Voice Analysis and Detection/Dataset/S1F05/Fake/28.wav,1,MEN,MEN-S1F05,TG:6283d6f65cda971a,-7.3476562,1,0.4708333333333333,0.0006436856
mendeley/extracted/Bangla Audio Dataset Original and DeepFake Voices for AI-Based Voice Analysis and Detection/Dataset/S1F05/Fake/29.wav,1,MEN,MEN-S1F05,TG:8544d87f606d70e6,-19.53125,1,0.2658333333333333,3.293714e-09
mendeley/extracted/Bangla Audio Dataset Original and DeepFake Voices for AI-Based Voice Analysis and Detection/Dataset/S1F05/Fake/3.wav,1,MEN,MEN-S1F05,TG:79dd086d061de522,-6.09375,1,0.5391666666666667,0.0022518472
mendeley/extracted/Bangla Audio Dataset Original and DeepFake Voices for AI-Based Voice Analysis and Detection/Dataset/S1F05/Fake/30.wav,1,MEN,MEN-S1F05,TG:c7b089fc1ba419ab,11.796875,1,0.3675,0.9999925
mendeley/extracted/Bangla Audio Dataset Original and DeepFake Voices for AI-Based Voice Analysis and Detection/Dataset/S1F05/Fake/4.wav,1,MEN,MEN-S1F05,TG:4d5fe26cc7778810,9.7265625,1,0.5441666666666667,0.9999403
mendeley/extracted/Bangla Audio Dataset Original and DeepFake Voices for AI-Based Voice Analysis and Detection/Dataset/S1F05/Fake/5.wav,1,MEN,MEN-S1F05,TG:5adc5ae46d5a5744,-11.5625,1,0.3791666666666666,9.516251e-06
mendeley/extracted/Bangla Audio Dataset Original and DeepFake Voices for AI-Based Voice Analysis and Detection/Dataset/S1F05/Fake/6.wav,1,MEN,MEN-S1F05,TG:ceba938af43c06ae,9.75,1,0.5125,0.9999417
mendeley/extracted/Bangla Audio Dataset Original and DeepFake Voices for AI-Based Voice Analysis and Detection/Dataset/S1F05/Fake/7.wav,1,MEN,MEN-S1F05,TG:4c7966295caf20ad,3.4902344,1,0.4158333333333334,0.9704086
mendeley/extracted/Bangla Audio Dataset Original and DeepFake Voices for AI-Based Voice Analysis and Detection/Dataset/S1F05/Fake/8.wav,1,MEN,MEN-S1F05,TG:a108bfb385dd7acb,7.9492188,1,0.4291666666666667,0.99964714
mendeley/extracted/Bangla Audio Dataset Original and DeepFake Voices for AI-Based Voice Analysis and Detection/Dataset/S1F05/Fake/9.wav,1,MEN,MEN-S1F05,TG:2a9989c6f851b5a4,4.4140625,1,0.4591666666666666,0.98803884
mendeley/extracted/Bangla Audio Dataset Original and DeepFake Voices for AI-Based Voice Analysis and Detection/Dataset/S1F05/Real/1.wav,0,MEN,MEN-S1F05,TG:8388d9ee191bd954,-8.7265625,1,0.5008333333333334,0.00016219284
mendeley/extracted/Bangla Audio Dataset Original and DeepFake Voices for AI-Based Voice Analysis and Detection/Dataset/S1F05/Real/10.wav,0,MEN,MEN-S1F05,TG:388cb19343cb520a,4.2617188,1,0.4508333333333333,0.98609793
mendeley/extracted/Bangla Audio Dataset Original and DeepFake Voices for AI-Based Voice Analysis and Detection/Dataset/S1F05/Real/11.wav,0,MEN,MEN-S1F05,TG:6663f3ce55d8ec7f,6.171875,1,0.3508333333333333,0.997917
mendeley/extracted/Bangla Audio Dataset Original and DeepFake Voices for AI-Based Voice Analysis and Detection/Dataset/S1F05/Real/12.wav,0,MEN,MEN-S1F05,TG:d3ff909607e60de8,-5.4335938,1,0.4008333333333334,0.0043483814
mendeley/extracted/Bangla Audio Dataset Original and DeepFake Voices for AI-Based Voice Analysis and Detection/Dataset/S1F05/Real/13.wav,0,MEN,MEN-S1F05,TG:713c2af6f394806f,-1.1044922,1,0.4008333333333334,0.24889915
mendeley/extracted/Bangla Audio Dataset Original and DeepFake Voices for AI-Based Voice Analysis and Detection/Dataset/S1F05/Real/14.wav,0,MEN,MEN-S1F05,TG:40c1016845dcdc60,-9.8203125,1,0.4341666666666667,5.433365e-05
mendeley/extracted/Bangla Audio Dataset Original and DeepFake Voices for AI-Based Voice Analysis and Detection/Dataset/S1F05/Real/15.wav,0,MEN,MEN-S1F05,TG:210364c8aadbef3a,-11.4453125,1,0.4675,1.0699397e-05
mendeley/extracted/Bangla Audio Dataset Original and DeepFake Voices for AI-Based Voice Analysis and Detection/Dataset/S1F05/Real/16.wav,0,MEN,MEN-S1F05,TG:f263a794fb5b64e5,10.328125,1,0.4508333333333333,0.99996734
mendeley/extracted/Bangla Audio Dataset Original and DeepFake Voices for AI-Based Voice Analysis and Detection/Dataset/S1F05/Real/17.wav,0,MEN,MEN-S1F05,TG:ba06269e11aa0648,-15.1015625,1,0.4175,2.7635966e-07
mendeley/extracted/Bangla Audio Dataset Original and DeepFake Voices for AI-Based Voice Analysis and Detection/Dataset/S1F05/Real/18.wav,0,MEN,MEN-S1F05,TG:a06e050050b3f438,-2.5800781,1,0.5341666666666667,0.07043161
mendeley/extracted/Bangla Audio Dataset Original and DeepFake Voices for AI-Based Voice Analysis and Detection/Dataset/S1F05/Real/19.wav,0,MEN,MEN-S1F05,TG:9a7eea3d42c2dfa3,-1.8027344,1,0.4508333333333333,0.14151853
mendeley/extracted/Bangla Audio Dataset Original and DeepFake Voices for AI-Based Voice Analysis and Detection/Dataset/S1F05/Real/2.wav,0,MEN,MEN-S1F05,TG:4ff8497e59c46949,-9.359375,1,0.4841666666666666,8.6146516e-05
mendeley/extracted/Bangla Audio Dataset Original and DeepFake Voices for AI-Based Voice Analysis and Detection/Dataset/S1F05/Real/20.wav,0,MEN,MEN-S1F05,TG:9f86ecadb4b2b5e8,-3.8945312,1,0.3508333333333333,0.019946935
mendeley/extracted/Bangla Audio Dataset Original and DeepFake Voices for AI-Based Voice Analysis and Detection/Dataset/S1F05/Real/21.wav,0,MEN,MEN-S1F05,TG:224581f07ca68840,1.734375,1,0.4008333333333334,0.8499712
mendeley/extracted/Bangla Audio Dataset Original and DeepFake Voices for AI-Based Voice Analysis and Detection/Dataset/S1F05/Real/22.wav,0,MEN,MEN-S1F05,TG:cdf2b766d6b5e166,-2.0683594,1,0.4008333333333334,0.11221038
mendeley/extracted/Bangla Audio Dataset Original and DeepFake Voices for AI-Based Voice Analysis and Detection/Dataset/S1F05/Real/23.wav,0,MEN,MEN-S1F05,TG:33b99dc1f5f3c11d,-10.40625,1,0.4508333333333333,3.024196e-05
mendeley/extracted/Bangla Audio Dataset Original and DeepFake Voices for AI-Based Voice Analysis and Detection/Dataset/S1F05/Real/24.wav,0,MEN,MEN-S1F05,TG:eea9ea1fd2041b22,7.2460938,1,0.4008333333333334,0.99928755
mendeley/extracted/Bangla Audio Dataset Original and DeepFake Voices for AI-Based Voice Analysis and Detection/Dataset/S1F05/Real/25.wav,0,MEN,MEN-S1F05,TG:a7e7a70438f10a1d,6.8476562,1,0.3841666666666666,0.9989392
mendeley/extracted/Bangla Audio Dataset Original and DeepFake Voices for AI-Based Voice Analysis and Detection/Dataset/S1F05/Real/26.wav,0,MEN,MEN-S1F05,TG:6fe89ab891f32c4e,-0.88134766,1,0.4675,0.2928986
mendeley/extracted/Bangla Audio Dataset Original and DeepFake Voices for AI-Based Voice Analysis and Detection/Dataset/S1F05/Real/27.wav,0,MEN,MEN-S1F05,TG:2c5f8f2f6f8c1b98,-2.2929688,1,0.5008333333333334,0.09170696
mendeley/extracted/Bangla Audio Dataset Original and DeepFake Voices for AI-Based Voice Analysis and Detection/Dataset/S1F05/Real/28.wav,0,MEN,MEN-S1F05,TG:6283d6f65cda971a,-4.6328125,1,0.5175000000000001,0.009633652
mendeley/extracted/Bangla Audio Dataset Original and DeepFake Voices for AI-Based Voice Analysis and Detection/Dataset/S1F05/Real/29.wav,0,MEN,MEN-S1F05,TG:8544d87f606d70e6,-2.6777344,1,0.4008333333333334,0.06430005
mendeley/extracted/Bangla Audio Dataset Original and DeepFake Voices for AI-Based Voice Analysis and Detection/Dataset/S1F05/Real/3.wav,0,MEN,MEN-S1F05,TG:79dd086d061de522,4.5390625,1,0.4175,0.98942953
mendeley/extracted/Bangla Audio Dataset Original and DeepFake Voices for AI-Based Voice Analysis and Detection/Dataset/S1F05/Real/30.wav,0,MEN,MEN-S1F05,TG:c7b089fc1ba419ab,8.859375,1,0.4175,0.9998579
mendeley/extracted/Bangla Audio Dataset Original and DeepFake Voices for AI-Based Voice Analysis and Detection/Dataset/S1F05/Real/4.wav,0,MEN,MEN-S1F05,TG:4d5fe26cc7778810,2.15625,1,0.4508333333333333,0.8962514
mendeley/extracted/Bangla Audio Dataset Original and DeepFake Voices for AI-Based Voice Analysis and Detection/Dataset/S1F05/Real/5.wav,0,MEN,MEN-S1F05,TG:5adc5ae46d5a5744,-6.859375,1,0.3675,0.0010484693
mendeley/extracted/Bangla Audio Dataset Original and DeepFake Voices for AI-Based Voice Analysis and Detection/Dataset/S1F05/Real/6.wav,0,MEN,MEN-S1F05,TG:ceba938af43c06ae,-13.7890625,1,0.4841666666666666,1.0268e-06
mendeley/extracted/Bangla Audio Dataset Original and DeepFake Voices for AI-Based Voice Analysis and Detection/Dataset/S1F05/Real/7.wav,0,MEN,MEN-S1F05,TG:4c7966295caf20ad,-5.046875,1,0.4175,0.0063883206
mendeley/extracted/Bangla Audio Dataset Original and DeepFake Voices for AI-Based Voice Analysis and Detection/Dataset/S1F05/Real/8.wav,0,MEN,MEN-S1F05,TG:a108bfb385dd7acb,5.8710938,1,0.4175,0.99718815
mendeley/extracted/Bangla Audio Dataset Original and DeepFake Voices for AI-Based Voice Analysis and Detection/Dataset/S1F05/Real/9.wav,0,MEN,MEN-S1F05,TG:2a9989c6f851b5a4,-1.65625,1,0.4341666666666667,0.16026603
mendeley/extracted/Bangla Audio Dataset Original and DeepFake Voices for AI-Based Voice Analysis and Detection/Dataset/S1M01/Fake/1.wav,1,MEN,MEN-S1M01,TG:8388d9ee191bd954,-15.2421875,1,0.5391666666666667,2.401054e-07
mendeley/extracted/Bangla Audio Dataset Original and DeepFake Voices for AI-Based Voice Analysis and Detection/Dataset/S1M01/Fake/10.wav,1,MEN,MEN-S1M01,TG:388cb19343cb520a,-18.265625,1,0.3508333333333333,1.1677231e-08
mendeley/extracted/Bangla Audio Dataset Original and DeepFake Voices for AI-Based Voice Analysis and Detection/Dataset/S1M01/Fake/11.wav,1,MEN,MEN-S1M01,TG:6663f3ce55d8ec7f,-9.890625,1,0.2658333333333333,5.0644718e-05
mendeley/extracted/Bangla Audio Dataset Original and DeepFake Voices for AI-Based Voice Analysis and Detection/Dataset/S1M01/Fake/12.wav,1,MEN,MEN-S1M01,TG:d3ff909607e60de8,-5.3164062,1,0.2891666666666667,0.004886375
mendeley/extracted/Bangla Audio Dataset Original and DeepFake Voices for AI-Based Voice Analysis and Detection/Dataset/S1M01/Fake/13.wav,1,MEN,MEN-S1M01,TG:713c2af6f394806f,-7.2304688,1,0.3458333333333333,0.00072365726
mendeley/extracted/Bangla Audio Dataset Original and DeepFake Voices for AI-Based Voice Analysis and Detection/Dataset/S1M01/Fake/14.wav,1,MEN,MEN-S1M01,TG:40c1016845dcdc60,-4.609375,1,0.2891666666666667,0.009859855
mendeley/extracted/Bangla Audio Dataset Original and DeepFake Voices for AI-Based Voice Analysis and Detection/Dataset/S1M01/Fake/15.wav,1,MEN,MEN-S1M01,TG:210364c8aadbef3a,-9.8828125,1,0.3708333333333333,5.104191e-05
mendeley/extracted/Bangla Audio Dataset Original and DeepFake Voices for AI-Based Voice Analysis and Detection/Dataset/S1M01/Fake/16.wav,1,MEN,MEN-S1M01,TG:f263a794fb5b64e5,-17.890625,1,0.3758333333333333,1.699027e-08
mendeley/extracted/Bangla Audio Dataset Original and DeepFake Voices for AI-Based Voice Analysis and Detection/Dataset/S1M01/Fake/17.wav,1,MEN,MEN-S1M01,TG:ba06269e11aa0648,-15.5859375,1,0.3891666666666666,1.7026026e-07
mendeley/extracted/Bangla Audio Dataset Original and DeepFake Voices for AI-Based Voice Analysis and Detection/Dataset/S1M01/Fake/18.wav,1,MEN,MEN-S1M01,TG:a06e050050b3f438,-10.890625,1,0.4408333333333333,1.8631747e-05
mendeley/extracted/Bangla Audio Dataset Original and DeepFake Voices for AI-Based Voice Analysis and Detection/Dataset/S1M01/Fake/19.wav,1,MEN,MEN-S1M01,TG:9a7eea3d42c2dfa3,-11.265625,1,0.4408333333333333,1.2805474e-05
mendeley/extracted/Bangla Audio Dataset Original and DeepFake Voices for AI-Based Voice Analysis and Detection/Dataset/S1M01/Fake/2.wav,1,MEN,MEN-S1M01,TG:4ff8497e59c46949,-19.0,1,0.4041666666666667,5.6027964e-09
mendeley/extracted/Bangla Audio Dataset Original and DeepFake Voices for AI-Based Voice Analysis and Detection/Dataset/S1M01/Fake/20.wav,1,MEN,MEN-S1M01,TG:9f86ecadb4b2b5e8,-13.078125,1,0.3175,2.0904586e-06
mendeley/extracted/Bangla Audio Dataset Original and DeepFake Voices for AI-Based Voice Analysis and Detection/Dataset/S1M01/Fake/21.wav,1,MEN,MEN-S1M01,TG:224581f07ca68840,-13.203125,1,0.2908333333333334,1.8448236e-06
mendeley/extracted/Bangla Audio Dataset Original and DeepFake Voices for AI-Based Voice Analysis and Detection/Dataset/S1M01/Fake/22.wav,1,MEN,MEN-S1M01,TG:cdf2b766d6b5e166,-14.3984375,1,0.3941666666666666,5.5826166e-07
mendeley/extracted/Bangla Audio Dataset Original and DeepFake Voices for AI-Based Voice Analysis and Detection/Dataset/S1M01/Fake/23.wav,1,MEN,MEN-S1M01,TG:33b99dc1f5f3c11d,-7.8867188,1,0.1308333333333333,0.00037555923
mendeley/extracted/Bangla Audio Dataset Original and DeepFake Voices for AI-Based Voice Analysis and Detection/Dataset/S1M01/Fake/24.wav,1,MEN,MEN-S1M01,TG:eea9ea1fd2041b22,-17.0,1,0.0891666666666666,4.1399378e-08
mendeley/extracted/Bangla Audio Dataset Original and DeepFake Voices for AI-Based Voice Analysis and Detection/Dataset/S1M01/Fake/25.wav,1,MEN,MEN-S1M01,TG:a7e7a70438f10a1d,-7.5390625,1,0.3241666666666667,0.00053161324
mendeley/extracted/Bangla Audio Dataset Original and DeepFake Voices for AI-Based Voice Analysis and Detection/Dataset/S1M01/Fake/26.wav,1,MEN,MEN-S1M01,TG:6fe89ab891f32c4e,-10.515625,1,0.0608333333333332,2.71088e-05
mendeley/extracted/Bangla Audio Dataset Original and DeepFake Voices for AI-Based Voice Analysis and Detection/Dataset/S1M01/Fake/27.wav,1,MEN,MEN-S1M01,TG:2c5f8f2f6f8c1b98,-17.421875,1,0.2708333333333333,2.7150374e-08
mendeley/extracted/Bangla Audio Dataset Original and DeepFake Voices for AI-Based Voice Analysis and Detection/Dataset/S1M01/Fake/28.wav,1,MEN,MEN-S1M01,TG:6283d6f65cda971a,-15.90625,1,0.4791666666666666,1.235957e-07
mendeley/extracted/Bangla Audio Dataset Original and DeepFake Voices for AI-Based Voice Analysis and Detection/Dataset/S1M01/Fake/29.wav,1,MEN,MEN-S1M01,TG:8544d87f606d70e6,-1.4462891,1,0.1825,0.19057335
mendeley/extracted/Bangla Audio Dataset Original and DeepFake Voices for AI-Based Voice Analysis and Detection/Dataset/S1M01/Fake/3.wav,1,MEN,MEN-S1M01,TG:79dd086d061de522,-13.1171875,1,0.5141666666666667,2.0103746e-06
mendeley/extracted/Bangla Audio Dataset Original and DeepFake Voices for AI-Based Voice Analysis and Detection/Dataset/S1M01/Fake/30.wav,1,MEN,MEN-S1M01,TG:c7b089fc1ba419ab,5.2421875,1,0.2441666666666666,0.9947391
mendeley/extracted/Bangla Audio Dataset Original and DeepFake Voices for AI-Based Voice Analysis and Detection/Dataset/S1M01/Fake/4.wav,1,MEN,MEN-S1M01,TG:4d5fe26cc7778810,0.7993164,1,0.5108333333333333,0.6898282
mendeley/extracted/Bangla Audio Dataset Original and DeepFake Voices for AI-Based Voice Analysis and Detection/Dataset/S1M01/Fake/5.wav,1,MEN,MEN-S1M01,TG:5adc5ae46d5a5744,-9.375,1,0.4675,8.481104e-05
mendeley/extracted/Bangla Audio Dataset Original and DeepFake Voices for AI-Based Voice Analysis and Detection/Dataset/S1M01/Fake/6.wav,1,MEN,MEN-S1M01,TG:ceba938af43c06ae,-13.2734375,1,0.4791666666666666,1.7195648e-06
mendeley/extracted/Bangla Audio Dataset Original and DeepFake Voices for AI-Based Voice Analysis and Detection/Dataset/S1M01/Fake/7.wav,1,MEN,MEN-S1M01,TG:4c7966295caf20ad,-5.4335938,1,0.3941666666666666,0.0043483814
mendeley/extracted/Bangla Audio Dataset Original and DeepFake Voices for AI-Based Voice Analysis and Detection/Dataset/S1M01/Fake/8.wav,1,MEN,MEN-S1M01,TG:a108bfb385dd7acb,-11.90625,1,0.2574999999999999,6.748052e-06
mendeley/extracted/Bangla Audio Dataset Original and DeepFake Voices for AI-Based Voice Analysis and Detection/Dataset/S1M01/Fake/9.wav,1,MEN,MEN-S1M01,TG:2a9989c6f851b5a4,-15.625,1,0.4558333333333333,1.637377e-07
mendeley/extracted/Bangla Audio Dataset Original and DeepFake Voices for AI-Based Voice Analysis and Detection/Dataset/S1M01/Real/1.wav,0,MEN,MEN-S1M01,TG:8388d9ee191bd954,-27.75,1,0.5008333333333334,8.8782654e-13
mendeley/extracted/Bangla Audio Dataset Original and DeepFake Voices for AI-Based Voice Analysis and Detection/Dataset/S1M01/Real/10.wav,0,MEN,MEN-S1M01,TG:388cb19343cb520a,-35.3125,1,0.5008333333333334,4.6129224e-16
mendeley/extracted/Bangla Audio Dataset Original and DeepFake Voices for AI-Based Voice Analysis and Detection/Dataset/S1M01/Real/11.wav,0,MEN,MEN-S1M01,TG:6663f3ce55d8ec7f,-26.796875,1,0.5341666666666667,2.3028471e-12
mendeley/extracted/Bangla Audio Dataset Original and DeepFake Voices for AI-Based Voice Analysis and Detection/Dataset/S1M01/Real/12.wav,0,MEN,MEN-S1M01,TG:d3ff909607e60de8,-46.5,1,0.5225,6.387142e-21
mendeley/extracted/Bangla Audio Dataset Original and DeepFake Voices for AI-Based Voice Analysis and Detection/Dataset/S1M01/Real/13.wav,0,MEN,MEN-S1M01,TG:713c2af6f394806f,-25.921875,1,0.4475,5.5242425e-12
mendeley/extracted/Bangla Audio Dataset Original and DeepFake Voices for AI-Based Voice Analysis and Detection/Dataset/S1M01/Real/14.wav,0,MEN,MEN-S1M01,TG:40c1016845dcdc60,-22.078125,1,0.5208333333333333,2.5798363e-10
mendeley/extracted/Bangla Audio Dataset Original and DeepFake Voices for AI-Based Voice Analysis and Detection/Dataset/S1M01/Real/15.wav,0,MEN,MEN-S1M01,TG:210364c8aadbef3a,-53.25,1,0.5308333333333333,7.478574e-24
mendeley/extracted/Bangla Audio Dataset Original and DeepFake Voices for AI-Based Voice Analysis and Detection/Dataset/S1M01/Real/16.wav,0,MEN,MEN-S1M01,TG:f263a794fb5b64e5,-29.890625,1,0.4991666666666666,1.0439184e-13
mendeley/extracted/Bangla Audio Dataset Original and DeepFake Voices for AI-Based Voice Analysis and Detection/Dataset/S1M01/Real/17.wav,0,MEN,MEN-S1M01,TG:ba06269e11aa0648,-34.4375,1,0.4891666666666666,1.1065826e-15
mendeley/extracted/Bangla Audio Dataset Original and DeepFake Voices for AI-Based Voice Analysis and Detection/Dataset/S1M01/Real/18.wav,0,MEN,MEN-S1M01,TG:a06e050050b3f438,-29.46875,1,0.6225,1.5917854e-13
mendeley/extracted/Bangla Audio Dataset Original and DeepFake Voices for AI-Based Voice Analysis and Detection/Dataset/S1M01/Real/19.wav,0,MEN,MEN-S1M01,TG:9a7eea3d42c2dfa3,-42.9375,1,0.5675,2.2515453e-19
mendeley/extracted/Bangla Audio Dataset Original and DeepFake Voices for AI-Based Voice Analysis and Detection/Dataset/S1M01/Real/2.wav,0,MEN,MEN-S1M01,TG:4ff8497e59c46949,-21.640625,1,0.4841666666666666,3.9957285e-10
mendeley/extracted/Bangla Audio Dataset Original and DeepFake Voices for AI-Based Voice Analysis and Detection/Dataset/S1M01/Real/20.wav,0,MEN,MEN-S1M01,TG:9f86ecadb4b2b5e8,-30.890625,1,0.4041666666666667,3.8403606e-14
mendeley/extracted/Bangla Audio Dataset Original and DeepFake Voices for AI-Based Voice Analysis and Detection/Dataset/S1M01/Real/21.wav,0,MEN,MEN-S1M01,TG:224581f07ca68840,-40.4375,1,0.4658333333333333,2.7429435e-18
mendeley/extracted/Bangla Audio Dataset Original and DeepFake Voices for AI-Based Voice Analysis and Detection/Dataset/S1M01/Real/22.wav,0,MEN,MEN-S1M01,TG:cdf2b766d6b5e166,-36.8125,1,0.4841666666666666,1.029282e-16
mendeley/extracted/Bangla Audio Dataset Original and DeepFake Voices for AI-Based Voice Analysis and Detection/Dataset/S1M01/Real/23.wav,0,MEN,MEN-S1M01,TG:33b99dc1f5f3c11d,-36.78125,1,0.4575,1.06195505e-16
mendeley/extracted/Bangla Audio Dataset Original and DeepFake Voices for AI-Based Voice Analysis and Detection/Dataset/S1M01/Real/24.wav,0,MEN,MEN-S1M01,TG:eea9ea1fd2041b22,-29.0,1,0.5558333333333334,2.5436654e-13
mendeley/extracted/Bangla Audio Dataset Original and DeepFake Voices for AI-Based Voice Analysis and Detection/Dataset/S1M01/Real/25.wav,0,MEN,MEN-S1M01,TG:a7e7a70438f10a1d,-36.8125,1,0.4175,1.029282e-16
mendeley/extracted/Bangla Audio Dataset Original and DeepFake Voices for AI-Based Voice Analysis and Detection/Dataset/S1M01/Real/26.wav,0,MEN,MEN-S1M01,TG:6fe89ab891f32c4e,-30.25,1,0.5008333333333334,7.2877244e-14
mendeley/extracted/Bangla Audio Dataset Original and DeepFake Voices for AI-Based Voice Analysis and Detection/Dataset/S1M01/Real/27.wav,0,MEN,MEN-S1M01,TG:2c5f8f2f6f8c1b98,-22.75,1,0.4675,1.3176514e-10
mendeley/extracted/Bangla Audio Dataset Original and DeepFake Voices for AI-Based Voice Analysis and Detection/Dataset/S1M01/Real/28.wav,0,MEN,MEN-S1M01,TG:6283d6f65cda971a,-26.484375,1,0.4175,3.1476185e-12
mendeley/extracted/Bangla Audio Dataset Original and DeepFake Voices for AI-Based Voice Analysis and Detection/Dataset/S1M01/Real/29.wav,0,MEN,MEN-S1M01,TG:8544d87f606d70e6,-36.0,1,0.3941666666666666,2.319523e-16
mendeley/extracted/Bangla Audio Dataset Original and DeepFake Voices for AI-Based Voice Analysis and Detection/Dataset/S1M01/Real/3.wav,0,MEN,MEN-S1M01,TG:79dd086d061de522,-28.421875,1,0.5341666666666667,4.534574e-13
mendeley/extracted/Bangla Audio Dataset Original and DeepFake Voices for AI-Based Voice Analysis and Detection/Dataset/S1M01/Real/30.wav,0,MEN,MEN-S1M01,TG:c7b089fc1ba419ab,-19.53125,1,0.4675,3.293714e-09
mendeley/extracted/Bangla Audio Dataset Original and DeepFake Voices for AI-Based Voice Analysis and Detection/Dataset/S1M01/Real/4.wav,0,MEN,MEN-S1M01,TG:4d5fe26cc7778810,-27.390625,1,0.5175000000000001,1.2717529e-12
mendeley/extracted/Bangla Audio Dataset Original and DeepFake Voices for AI-Based Voice Analysis and Detection/Dataset/S1M01/Real/5.wav,0,MEN,MEN-S1M01,TG:5adc5ae46d5a5744,-35.65625,1,0.5375,3.2710517e-16
mendeley/extracted/Bangla Audio Dataset Original and DeepFake Voices for AI-Based Voice Analysis and Detection/Dataset/S1M01/Real/6.wav,0,MEN,MEN-S1M01,TG:ceba938af43c06ae,-35.40625,1,0.5158333333333334,4.2001135e-16
mendeley/extracted/Bangla Audio Dataset Original and DeepFake Voices for AI-Based Voice Analysis and Detection/Dataset/S1M01/Real/7.wav,0,MEN,MEN-S1M01,TG:4c7966295caf20ad,-23.90625,1,0.5325,4.146174e-11
mendeley/extracted/Bangla Audio Dataset Original and DeepFake Voices for AI-Based Voice Analysis and Detection/Dataset/S1M01/Real/8.wav,0,MEN,MEN-S1M01,TG:a108bfb385dd7acb,-28.625,1,0.5441666666666667,3.701012e-13
mendeley/extracted/Bangla Audio Dataset Original and DeepFake Voices for AI-Based Voice Analysis and Detection/Dataset/S1M01/Real/9.wav,0,MEN,MEN-S1M01,TG:2a9989c6f851b5a4,-31.484375,1,0.5325,2.1208487e-14
mendeley/extracted/Bangla Audio Dataset Original and DeepFake Voices for AI-Based Voice Analysis and Detection/Dataset/S1M02/Fake/1.wav,1,MEN,MEN-S1M02,TG:8388d9ee191bd954,5.953125,1,0.4875,0.99740905
mendeley/extracted/Bangla Audio Dataset Original and DeepFake Voices for AI-Based Voice Analysis and Detection/Dataset/S1M02/Fake/10.wav,1,MEN,MEN-S1M02,TG:388cb19343cb520a,-12.40625,1,0.3575,4.0929112e-06
mendeley/extracted/Bangla Audio Dataset Original and DeepFake Voices for AI-Based Voice Analysis and Detection/Dataset/S1M02/Fake/11.wav,1,MEN,MEN-S1M02,TG:6663f3ce55d8ec7f,-6.15625,1,0.2875,0.0021157034
mendeley/extracted/Bangla Audio Dataset Original and DeepFake Voices for AI-Based Voice Analysis and Detection/Dataset/S1M02/Fake/12.wav,1,MEN,MEN-S1M02,TG:d3ff909607e60de8,-13.046875,1,0.2574999999999999,2.1568167e-06
mendeley/extracted/Bangla Audio Dataset Original and DeepFake Voices for AI-Based Voice Analysis and Detection/Dataset/S1M02/Fake/13.wav,1,MEN,MEN-S1M02,TG:713c2af6f394806f,-13.53125,1,0.2941666666666667,1.3287774e-06
mendeley/extracted/Bangla Audio Dataset Original and DeepFake Voices for AI-Based Voice Analysis and Detection/Dataset/S1M02/Fake/14.wav,1,MEN,MEN-S1M02,TG:40c1016845dcdc60,-5.0898438,1,0.3108333333333333,0.0061212815
mendeley/extracted/Bangla Audio Dataset Original and DeepFake Voices for AI-Based Voice Analysis and Detection/Dataset/S1M02/Fake/15.wav,1,MEN,MEN-S1M02,TG:210364c8aadbef3a,-2.3085938,1,0.4225,0.09041373
mendeley/extracted/Bangla Audio Dataset Original and DeepFake Voices for AI-Based Voice Analysis and Detection/Dataset/S1M02/Fake/16.wav,1,MEN,MEN-S1M02,TG:f263a794fb5b64e5,4.2695312,1,0.4358333333333333,0.9862046
mendeley/extracted/Bangla Audio Dataset Original and DeepFake Voices for AI-Based Voice Analysis and Detection/Dataset/S1M02/Fake/17.wav,1,MEN,MEN-S1M02,TG:ba06269e11aa0648,-20.09375,1,0.3708333333333333,1.8767017e-09
mendeley/extracted/Bangla Audio Dataset Original and DeepFake Voices for AI-Based Voice Analysis and Detection/Dataset/S1M02/Fake/18.wav,1,MEN,MEN-S1M02,TG:a06e050050b3f438,-9.015625,1,0.4525,0.00012148176
mendeley/extracted/Bangla Audio Dataset Original and DeepFake Voices for AI-Based Voice Analysis and Detection/Dataset/S1M02/Fake/19.wav,1,MEN,MEN-S1M02,TG:9a7eea3d42c2dfa3,-3.78125,1,0.3908333333333333,0.022286186
mendeley/extracted/Bangla Audio Dataset Original and DeepFake Voices for AI-Based Voice Analysis and Detection/Dataset/S1M02/Fake/2.wav,1,MEN,MEN-S1M02,TG:4ff8497e59c46949,-8.6484375,1,0.3641666666666666,0.00017536993
mendeley/extracted/Bangla Audio Dataset Original and DeepFake Voices for AI-Based Voice Analysis and Detection/Dataset/S1M02/Fake/20.wav,1,MEN,MEN-S1M02,TG:9f86ecadb4b2b5e8,-11.3046875,1,0.3441666666666666,1.2314909e-05
mendeley/extracted/Bangla Audio Dataset Original and DeepFake Voices for AI-Based Voice Analysis and Detection/Dataset/S1M02/Fake/21.wav,1,MEN,MEN-S1M02,TG:224581f07ca68840,-7.8554688,1,0.2341666666666666,0.00038747612
mendeley/extracted/Bangla Audio Dataset Original and DeepFake Voices for AI-Based Voice Analysis and Detection/Dataset/S1M02/Fake/22.wav,1,MEN,MEN-S1M02,TG:cdf2b766d6b5e166,0.50341797,1,0.4275,0.6232622
mendeley/extracted/Bangla Audio Dataset Original and DeepFake Voices for AI-Based Voice Analysis and Detection/Dataset/S1M02/Fake/23.wav,1,MEN,MEN-S1M02,TG:33b99dc1f5f3c11d,-3.7597656,1,0.1875,0.022759154
mendeley/extracted/Bangla Audio Dataset Original and DeepFake Voices for AI-Based Voice Analysis and Detection/Dataset/S1M02/Fake/24.wav,1,MEN,MEN-S1M02,TG:eea9ea1fd2041b22,-15.828125,1,0.2075,1.336388e-07
mendeley/extracted/Bangla Audio Dataset Original and DeepFake Voices for AI-Based Voice Analysis and Detection/Dataset/S1M02/Fake/25.wav,1,MEN,MEN-S1M02,TG:a7e7a70438f10a1d,-5.0,1,0.2941666666666667,0.006692851
mendeley/extracted/Bangla Audio Dataset Original and DeepFake Voices for AI-Based Voice Analysis and Detection/Dataset/S1M02/Fake/26.wav,1,MEN,MEN-S1M02,TG:6fe89ab891f32c4e,-7.9726562,1,0.0891666666666666,0.0003446432
mendeley/extracted/Bangla Audio Dataset Original and DeepFake Voices for AI-Based Voice Analysis and Detection/Dataset/S1M02/Fake/27.wav,1,MEN,MEN-S1M02,TG:2c5f8f2f6f8c1b98,-7.9804688,1,0.4125,0.00034196206
mendeley/extracted/Bangla Audio Dataset Original and DeepFake Voices for AI-Based Voice Analysis and Detection/Dataset/S1M02/Fake/28.wav,1,MEN,MEN-S1M02,TG:6283d6f65cda971a,-11.9921875,1,0.3808333333333333,6.192364e-06
mendeley/extracted/Bangla Audio Dataset Original and DeepFake Voices for AI-Based Voice Analysis and Detection/Dataset/S1M02/Fake/29.wav,1,MEN,MEN-S1M02,TG:8544d87f606d70e6,-7.203125,1,0.1391666666666666,0.00074370287
mendeley/extracted/Bangla Audio Dataset Original and DeepFake Voices for AI-Based Voice Analysis and Detection/Dataset/S1M02/Fake/3.wav,1,MEN,MEN-S1M02,TG:79dd086d061de522,-19.53125,1,0.5175000000000001,3.293714e-09
mendeley/extracted/Bangla Audio Dataset Original and DeepFake Voices for AI-Based Voice Analysis and Detection/Dataset/S1M02/Fake/30.wav,1,MEN,MEN-S1M02,TG:c7b089fc1ba419ab,-8.34375,1,0.2758333333333334,0.00023782204
mendeley/extracted/Bangla Audio Dataset Original and DeepFake Voices for AI-Based Voice Analysis and Detection/Dataset/S1M02/Fake/4.wav,1,MEN,MEN-S1M02,TG:4d5fe26cc7778810,0.41064453,1,0.5241666666666667,0.6012424
mendeley/extracted/Bangla Audio Dataset Original and DeepFake Voices for AI-Based Voice Analysis and Detection/Dataset/S1M02/Fake/5.wav,1,MEN,MEN-S1M02,TG:5adc5ae46d5a5744,-12.78125,1,0.4375,2.8130173e-06
mendeley/extracted/Bangla Audio Dataset Original and DeepFake Voices for AI-Based Voice Analysis and Detection/Dataset/S1M02/Fake/6.wav,1,MEN,MEN-S1M02,TG:ceba938af43c06ae,-9.0625,1,0.4225,0.000115919334
mendeley/extracted/Bangla Audio Dataset Original and DeepFake Voices for AI-Based Voice Analysis and Detection/Dataset/S1M02/Fake/7.wav,1,MEN,MEN-S1M02,TG:4c7966295caf20ad,-1.6474609,1,0.2925,0.16145241
mendeley/extracted/Bangla Audio Dataset Original and DeepFake Voices for AI-Based Voice Analysis and Detection/Dataset/S1M02/Fake/8.wav,1,MEN,MEN-S1M02,TG:a108bfb385dd7acb,-13.5234375,1,0.2624999999999999,1.3391991e-06
mendeley/extracted/Bangla Audio Dataset Original and DeepFake Voices for AI-Based Voice Analysis and Detection/Dataset/S1M02/Fake/9.wav,1,MEN,MEN-S1M02,TG:2a9989c6f851b5a4,-6.78125,1,0.4225,0.001133569
mendeley/extracted/Bangla Audio Dataset Original and DeepFake Voices for AI-Based Voice Analysis and Detection/Dataset/S1M02/Real/1.wav,0,MEN,MEN-S1M02,TG:8388d9ee191bd954,-17.046875,1,0.6174999999999999,3.9503565e-08
mendeley/extracted/Bangla Audio Dataset Original and DeepFake Voices for AI-Based Voice Analysis and Detection/Dataset/S1M02/Real/10.wav,0,MEN,MEN-S1M02,TG:388cb19343cb520a,-3.4101562,1,0.3675,0.03197956
mendeley/extracted/Bangla Audio Dataset Original and DeepFake Voices for AI-Based Voice Analysis and Detection/Dataset/S1M02/Real/11.wav,0,MEN,MEN-S1M02,TG:6663f3ce55d8ec7f,-0.43115234,1,0.3508333333333333,0.3938512
mendeley/extracted/Bangla Audio Dataset Original and DeepFake Voices for AI-Based Voice Analysis and Detection/Dataset/S1M02/Real/12.wav,0,MEN,MEN-S1M02,TG:d3ff909607e60de8,-0.6899414,1,0.4008333333333334,0.33404613
mendeley/extracted/Bangla Audio Dataset Original and DeepFake Voices for AI-Based Voice Analysis and Detection/Dataset/S1M02/Real/13.wav,0,MEN,MEN-S1M02,TG:713c2af6f394806f,5.7265625,1,0.3675,0.9967524
mendeley/extracted/Bangla Audio Dataset Original and DeepFake Voices for AI-Based Voice Analysis and Detection/Dataset/S1M02/Real/14.wav,0,MEN,MEN-S1M02,TG:40c1016845dcdc60,-16.140625,1,0.4008333333333334,9.777224e-08
mendeley/extracted/Bangla Audio Dataset Original and DeepFake Voices for AI-Based Voice Analysis and Detection/Dataset/S1M02/Real/15.wav,0,MEN,MEN-S1M02,TG:210364c8aadbef3a,-3.5644531,1,0.5008333333333334,0.027532939
mendeley/extracted/Bangla Audio Dataset Original and DeepFake Voices for AI-Based Voice Analysis and Detection/Dataset/S1M02/Real/16.wav,0,MEN,MEN-S1M02,TG:f263a794fb5b64e5,4.9609375,1,0.4508333333333333,0.99304235
mendeley/extracted/Bangla Audio Dataset Original and DeepFake Voices for AI-Based Voice Analysis and Detection/Dataset/S1M02/Real/17.wav,0,MEN,MEN-S1M02,TG:ba06269e11aa0648,-10.671875,1,0.5341666666666667,2.3187478e-05
mendeley/extracted/Bangla Audio Dataset Original and DeepFake Voices for AI-Based Voice Analysis and Detection/Dataset/S1M02/Real/18.wav,0,MEN,MEN-S1M02,TG:a06e050050b3f438,-1.1845703,1,0.4675,0.23423146
mendeley/extracted/Bangla Audio Dataset Original and DeepFake Voices for AI-Based Voice Analysis and Detection/Dataset/S1M02/Real/19.wav,0,MEN,MEN-S1M02,TG:9a7eea3d42c2dfa3,-10.2578125,1,0.4008333333333334,3.5081117e-05
mendeley/extracted/Bangla Audio Dataset Original and DeepFake Voices for AI-Based Voice Analysis and Detection/Dataset/S1M02/Real/2.wav,0,MEN,MEN-S1M02,TG:4ff8497e59c46949,-13.609375,1,0.5508333333333333,1.2289183e-06
mendeley/extracted/Bangla Audio Dataset Original and DeepFake Voices for AI-Based Voice Analysis and Detection/Dataset/S1M02/Real/20.wav,0,MEN,MEN-S1M02,TG:9f86ecadb4b2b5e8,0.7866211,1,0.3675,0.68710536
mendeley/extracted/Bangla Audio Dataset Original and DeepFake Voices for AI-Based Voice Analysis and Detection/Dataset/S1M02/Real/21.wav,0,MEN,MEN-S1M02,TG:224581f07ca68840,-5.84375,1,0.4508333333333333,0.002889581
mendeley/extracted/Bangla Audio Dataset Original and DeepFake Voices for AI-Based Voice Analysis and Detection/Dataset/S1M02/Real/22.wav,0,MEN,MEN-S1M02,TG:cdf2b766d6b5e166,6.2304688,1,0.4675,0.9980354
mendeley/extracted/Bangla Audio Dataset Original and DeepFake Voices for AI-Based Voice Analysis and Detection/Dataset/S1M02/Real/23.wav,0,MEN,MEN-S1M02,TG:33b99dc1f5f3c11d,-5.7890625,1,0.3508333333333333,0.00305151
mendeley/extracted/Bangla Audio Dataset Original and DeepFake Voices for AI-Based Voice Analysis and Detection/Dataset/S1M02/Real/24.wav,0,MEN,MEN-S1M02,TG:eea9ea1fd2041b22,5.0976562,1,0.3508333333333333,0.9939261
mendeley/extracted/Bangla Audio Dataset Original and DeepFake Voices for AI-Based Voice Analysis and Detection/Dataset/S1M02/Real/25.wav,0,MEN,MEN-S1M02,TG:a7e7a70438f10a1d,3.1757812,1,0.3841666666666666,0.9599126
mendeley/extracted/Bangla Audio Dataset Original and DeepFake Voices for AI-Based Voice Analysis and Detection/Dataset/S1M02/Real/26.wav,0,MEN,MEN-S1M02,TG:6fe89ab891f32c4e,-7.2851562,1,0.4341666666666667,0.00068517134
mendeley/extracted/Bangla Audio Dataset Original and DeepFake Voices for AI-Based Voice Analysis and Detection/Dataset/S1M02/Real/27.wav,0,MEN,MEN-S1M02,TG:2c5f8f2f6f8c1b98,-5.1484375,1,0.4341666666666667,0.0057749297
mendeley/extracted/Bangla Audio Dataset Original and DeepFake Voices for AI-Based Voice Analysis and Detection/Dataset/S1M02/Real/28.wav,0,MEN,MEN-S1M02,TG:6283d6f65cda971a,-1.8417969,1,0.4508333333333333,0.13683891
mendeley/extracted/Bangla Audio Dataset Original and DeepFake Voices for AI-Based Voice Analysis and Detection/Dataset/S1M02/Real/29.wav,0,MEN,MEN-S1M02,TG:8544d87f606d70e6,-3.6816406,1,0.3508333333333333,0.024563087
mendeley/extracted/Bangla Audio Dataset Original and DeepFake Voices for AI-Based Voice Analysis and Detection/Dataset/S1M02/Real/3.wav,0,MEN,MEN-S1M02,TG:79dd086d061de522,-11.34375,1,0.4675,1.184314e-05
mendeley/extracted/Bangla Audio Dataset Original and DeepFake Voices for AI-Based Voice Analysis and Detection/Dataset/S1M02/Real/30.wav,0,MEN,MEN-S1M02,TG:c7b089fc1ba419ab,6.2382812,1,0.3508333333333333,0.9980506
mendeley/extracted/Bangla Audio Dataset Original and DeepFake Voices for AI-Based Voice Analysis and Detection/Dataset/S1M02/Real/4.wav,0,MEN,MEN-S1M02,TG:4d5fe26cc7778810,5.671875,1,0.5008333333333334,0.99657035
mendeley/extracted/Bangla Audio Dataset Original and DeepFake Voices for AI-Based Voice Analysis and Detection/Dataset/S1M02/Real/5.wav,0,MEN,MEN-S1M02,TG:5adc5ae46d5a5744,-8.4375,1,0.4008333333333334,0.00021654405
mendeley/extracted/Bangla Audio Dataset Original and DeepFake Voices for AI-Based Voice Analysis and Detection/Dataset/S1M02/Real/6.wav,0,MEN,MEN-S1M02,TG:ceba938af43c06ae,-12.953125,1,0.4508333333333333,2.3687994e-06
mendeley/extracted/Bangla Audio Dataset Original and DeepFake Voices for AI-Based Voice Analysis and Detection/Dataset/S1M02/Real/7.wav,0,MEN,MEN-S1M02,TG:4c7966295caf20ad,-17.578125,1,0.4175,2.3222947e-08
mendeley/extracted/Bangla Audio Dataset Original and DeepFake Voices for AI-Based Voice Analysis and Detection/Dataset/S1M02/Real/8.wav,0,MEN,MEN-S1M02,TG:a108bfb385dd7acb,-5.3515625,1,0.4341666666666667,0.0047183693
mendeley/extracted/Bangla Audio Dataset Original and DeepFake Voices for AI-Based Voice Analysis and Detection/Dataset/S1M02/Real/9.wav,0,MEN,MEN-S1M02,TG:2a9989c6f851b5a4,-14.03125,1,0.4675,8.059446e-07
mendeley/extracted/Bangla Audio Dataset Original and DeepFake Voices for AI-Based Voice Analysis and Detection/Dataset/S2F01/Fake/1.wav,1,MEN,MEN-S2F01,TG:b20a3f0d02492dde,-7.0351562,1,0.3675,0.0008796062
mendeley/extracted/Bangla Audio Dataset Original and DeepFake Voices for AI-Based Voice Analysis and Detection/Dataset/S2F01/Fake/10.wav,1,MEN,MEN-S2F01,TG:33b1f33dae6afa07,-6.9023438,1,0.4375,0.0010044164
mendeley/extracted/Bangla Audio Dataset Original and DeepFake Voices for AI-Based Voice Analysis and Detection/Dataset/S2F01/Fake/11.wav,1,MEN,MEN-S2F01,TG:bbe30dd5ada268b4,-1.8798828,1,0.3375,0.13240235
mendeley/extracted/Bangla Audio Dataset Original and DeepFake Voices for AI-Based Voice Analysis and Detection/Dataset/S2F01/Fake/12.wav,1,MEN,MEN-S2F01,TG:6074856ccebe1d75,-2.0429688,1,0.5208333333333333,0.11476479
mendeley/extracted/Bangla Audio Dataset Original and DeepFake Voices for AI-Based Voice Analysis and Detection/Dataset/S2F01/Fake/13.wav,1,MEN,MEN-S2F01,TG:2cd01584e8b49dae,-18.890625,1,0.4541666666666667,6.2503704e-09
mendeley/extracted/Bangla Audio Dataset Original and DeepFake Voices for AI-Based Voice Analysis and Detection/Dataset/S2F01/Fake/14.wav,1,MEN,MEN-S2F01,TG:9f0e2d6c08097dec,-16.828125,1,0.4475,4.916298e-08
mendeley/extracted/Bangla Audio Dataset Original and DeepFake Voices for AI-Based Voice Analysis and Detection/Dataset/S2F01/Fake/15.wav,1,MEN,MEN-S2F01,TG:1c625cb144c83a4e,-1.1650391,1,0.5241666666666667,0.23775287
mendeley/extracted/Bangla Audio Dataset Original and DeepFake Voices for AI-Based Voice Analysis and Detection/Dataset/S2F01/Fake/16.wav,1,MEN,MEN-S2F01,TG:8e996bc7105e9806,-6.015625,1,0.4741666666666666,0.002434382
mendeley/extracted/Bangla Audio Dataset Original and DeepFake Voices for AI-Based Voice Analysis and Detection/Dataset/S2F01/Fake/17.wav,1,MEN,MEN-S2F01,TG:b14e52bf5954d16c,6.7148438,1,0.4975,0.9987888
mendeley/extracted/Bangla Audio Dataset Original and DeepFake Voices for AI-Based Voice Analysis and Detection/Dataset/S2F01/Fake/18.wav,1,MEN,MEN-S2F01,TG:22a136bd91a94101,-24.359375,1,0.4675,2.6354684e-11
mendeley/extracted/Bangla Audio Dataset Original and DeepFake Voices for AI-Based Voice Analysis and Detection/Dataset/S2F01/Fake/19.wav,1,MEN,MEN-S2F01,TG:bdf52a53172256ba,-4.5742188,1,0.4675,0.010209055
mendeley/extracted/Bangla Audio Dataset Original and DeepFake Voices for AI-Based Voice Analysis and Detection/Dataset/S2F01/Fake/2.wav,1,MEN,MEN-S2F01,TG:96efe46367590bfc,2.4707031,1,0.4208333333333333,0.92206234
mendeley/extracted/Bangla Audio Dataset Original and DeepFake Voices for AI-Based Voice Analysis and Detection/Dataset/S2F01/Fake/20.wav,1,MEN,MEN-S2F01,TG:8679fd3194015daa,-21.203125,1,0.4208333333333333,6.1887057e-10
mendeley/extracted/Bangla Audio Dataset Original and DeepFake Voices for AI-Based Voice Analysis and Detection/Dataset/S2F01/Fake/21.wav,1,MEN,MEN-S2F01,TG:8d69e5e5f763c90d,-14.984375,1,0.4841666666666666,3.107195e-07
mendeley/extracted/Bangla Audio Dataset Original and DeepFake Voices for AI-Based Voice Analysis and Detection/Dataset/S2F01/Fake/22.wav,1,MEN,MEN-S2F01,TG:fd6d9ea4183989da,-13.9765625,1,0.5241666666666667,8.5124714e-07
mendeley/extracted/Bangla Audio Dataset Original and DeepFake Voices for AI-Based Voice Analysis and Detection/Dataset/S2F01/Fake/23.wav,1,MEN,MEN-S2F01,TG:0853bab98c8f314f,-13.8046875,1,0.5258333333333334,1.0108807e-06
mendeley/extracted/Bangla Audio Dataset Original and DeepFake Voices for AI-Based Voice Analysis and Detection/Dataset/S2F01/Fake/24.wav,1,MEN,MEN-S2F01,TG:289fcb521c3b150a,-27.109375,1,0.4975,1.6847987e-12
mendeley/extracted/Bangla Audio Dataset Original and DeepFake Voices for AI-Based Voice Analysis and Detection/Dataset/S2F01/Fake/25.wav,1,MEN,MEN-S2F01,TG:40b84a5f1cb3b6f7,-6.6445312,1,0.3874999999999999,0.0012994275
mendeley/extracted/Bangla Audio Dataset Original and DeepFake Voices for AI-Based Voice Analysis and Detection/Dataset/S2F01/Fake/26.wav,1,MEN,MEN-S2F01,TG:0927b5e32fe2f3c3,-26.609375,1,0.4241666666666667,2.7777635e-12
mendeley/extracted/Bangla Audio Dataset Original and DeepFake Voices for AI-Based Voice Analysis and Detection/Dataset/S2F01/Fake/27.wav,1,MEN,MEN-S2F01,TG:cc2b4377cdecc854,-3.5722656,1,0.2475,0.02732453
mendeley/extracted/Bangla Audio Dataset Original and DeepFake Voices for AI-Based Voice Analysis and Detection/Dataset/S2F01/Fake/28.wav,1,MEN,MEN-S2F01,TG:9324b178591cabbc,-29.984375,1,0.5108333333333333,9.504983e-14
mendeley/extracted/Bangla Audio Dataset Original and DeepFake Voices for AI-Based Voice Analysis and Detection/Dataset/S2F01/Fake/29.wav,1,MEN,MEN-S2F01,TG:7fb328868f0ac39d,-10.2265625,1,0.4891666666666666,3.619467e-05
mendeley/extracted/Bangla Audio Dataset Original and DeepFake Voices for AI-Based Voice Analysis and Detection/Dataset/S2F01/Fake/3.wav,1,MEN,MEN-S2F01,TG:f50e8049e973348f,-18.9375,1,0.4741666666666666,5.964146e-09
mendeley/extracted/Bangla Audio Dataset Original and DeepFake Voices for AI-Based Voice Analysis and Detection/Dataset/S2F01/Fake/30.wav,1,MEN,MEN-S2F01,TG:889385251133086d,-24.34375,1,0.4391666666666667,2.6769715e-11
mendeley/extracted/Bangla Audio Dataset Original and DeepFake Voices for AI-Based Voice Analysis and Detection/Dataset/S2F01/Fake/4.wav,1,MEN,MEN-S2F01,TG:8ce64b152c444b3e,-4.6171875,1,0.4725,0.009783876
mendeley/extracted/Bangla Audio Dataset Original and DeepFake Voices for AI-Based Voice Analysis and Detection/Dataset/S2F01/Fake/5.wav,1,MEN,MEN-S2F01,TG:df1971069cd078a3,-15.09375,1,0.4208333333333333,2.7852715e-07
mendeley/extracted/Bangla Audio Dataset Original and DeepFake Voices for AI-Based Voice Analysis and Detection/Dataset/S2F01/Fake/6.wav,1,MEN,MEN-S2F01,TG:97bbdf40bcf80ca3,1.8837891,1,0.4841666666666666,0.8680457
mendeley/extracted/Bangla Audio Dataset Original and DeepFake Voices for AI-Based Voice Analysis and Detection/Dataset/S2F01/Fake/7.wav,1,MEN,MEN-S2F01,TG:ad21867e01875176,-5.515625,1,0.4691666666666666,0.0040072887
mendeley/extracted/Bangla Audio Dataset Original and DeepFake Voices for AI-Based Voice Analysis and Detection/Dataset/S2F01/Fake/8.wav,1,MEN,MEN-S2F01,TG:8a0169787fba87e5,-2.6894531,1,0.2441666666666666,0.06359857
mendeley/extracted/Bangla Audio Dataset Original and DeepFake Voices for AI-Based Voice Analysis and Detection/Dataset/S2F01/Fake/9.wav,1,MEN,MEN-S2F01,TG:579044776182eb17,-19.890625,1,0.4541666666666667,2.299383e-09
mendeley/extracted/Bangla Audio Dataset Original and DeepFake Voices for AI-Based Voice Analysis and Detection/Dataset/S2F01/Real/1.wav,0,MEN,MEN-S2F01,TG:b20a3f0d02492dde,-37.96875,1,0.5208333333333333,3.2387794e-17
mendeley/extracted/Bangla Audio Dataset Original and DeepFake Voices for AI-Based Voice Analysis and Detection/Dataset/S2F01/Real/10.wav,0,MEN,MEN-S2F01,TG:33b1f33dae6afa07,-29.375,1,0.5375,1.748234e-13
mendeley/extracted/Bangla Audio Dataset Original and DeepFake Voices for AI-Based Voice Analysis and Detection/Dataset/S2F01/Real/11.wav,0,MEN,MEN-S2F01,TG:bbe30dd5ada268b4,-24.09375,1,0.4191666666666667,3.4372994e-11
mendeley/extracted/Bangla Audio Dataset Original and DeepFake Voices for AI-Based Voice Analysis and Detection/Dataset/S2F01/Real/12.wav,0,MEN,MEN-S2F01,TG:6074856ccebe1d75,-14.5703125,1,0.6041666666666667,4.701035e-07
mendeley/extracted/Bangla Audio Dataset Original and DeepFake Voices for AI-Based Voice Analysis and Detection/Dataset/S2F01/Real/13.wav,0,MEN,MEN-S2F01,TG:2cd01584e8b49dae,-24.484375,1,0.4891666666666666,2.3257929e-11
mendeley/extracted/Bangla Audio Dataset Original and DeepFake Voices for AI-Based Voice Analysis and Detection/Dataset/S2F01/Real/14.wav,0,MEN,MEN-S2F01,TG:9f0e2d6c08097dec,-42.5625,1,0.5541666666666667,3.2759788e-19
mendeley/extracted/Bangla Audio Dataset Original and DeepFake Voices for AI-Based Voice Analysis and Detection/Dataset/S2F01/Real/15.wav,0,MEN,MEN-S2F01,TG:1c625cb144c83a4e,-36.4375,1,0.5725,1.4975966e-16
mendeley/extracted/Bangla Audio Dataset Original and DeepFake Voices for AI-Based Voice Analysis and Detection/Dataset/S2F01/Real/16.wav,0,MEN,MEN-S2F01,TG:8e996bc7105e9806,-12.8203125,1,0.6041666666666667,2.7052529e-06
mendeley/extracted/Bangla Audio Dataset Original and DeepFake Voices for AI-Based Voice Analysis and Detection/Dataset/S2F01/Real/17.wav,0,MEN,MEN-S2F01,TG:b14e52bf5954d16c,-35.71875,1,0.5875,3.0728688e-16
mendeley/extracted/Bangla Audio Dataset Original and DeepFake Voices for AI-Based Voice Analysis and Detection/Dataset/S2F01/Real/18.wav,0,MEN,MEN-S2F01,TG:22a136bd91a94101,-24.71875,1,0.6375,1.8398536e-11
mendeley/extracted/Bangla Audio Dataset Original and DeepFake Voices for AI-Based Voice Analysis and Detection/Dataset/S2F01/Real/19.wav,0,MEN,MEN-S2F01,TG:bdf52a53172256ba,-31.390625,1,0.5358333333333334,2.3292966e-14
mendeley/extracted/Bangla Audio Dataset Original and DeepFake Voices for AI-Based Voice Analysis and Detection/Dataset/S2F01/Real/2.wav,0,MEN,MEN-S2F01,TG:96efe46367590bfc,-23.859375,1,0.6041666666666667,4.3451527e-11
mendeley/extracted/Bangla Audio Dataset Original and DeepFake Voices for AI-Based Voice Analysis and Detection/Dataset/S2F01/Real/20.wav,0,MEN,MEN-S2F01,TG:8679fd3194015daa,-23.453125,1,0.6041666666666667,6.5228475e-11
mendeley/extracted/Bangla Audio Dataset Original and DeepFake Voices for AI-Based Voice Analysis and Detection/Dataset/S2F01/Real/21.wav,0,MEN,MEN-S2F01,TG:8d69e5e5f763c90d,-22.0625,1,0.6208333333333333,2.6204627e-10
mendeley/extracted/Bangla Audio Dataset Original and DeepFake Voices for AI-Based Voice Analysis and Detection/Dataset/S2F01/Real/22.wav,0,MEN,MEN-S2F01,TG:fd6d9ea4183989da,-29.734375,1,0.6458333333333333,1.2204642e-13
mendeley/extracted/Bangla Audio Dataset Original and DeepFake Voices for AI-Based Voice Analysis and Detection/Dataset/S2F01/Real/23.wav,0,MEN,MEN-S2F01,TG:0853bab98c8f314f,-40.5625,1,0.6025,2.4206392e-18
mendeley/extracted/Bangla Audio Dataset Original and DeepFake Voices for AI-Based Voice Analysis and Detection/Dataset/S2F01/Real/24.wav,0,MEN,MEN-S2F01,TG:289fcb521c3b150a,-25.890625,1,0.5225,5.6996005e-12
mendeley/extracted/Bangla Audio Dataset Original and DeepFake Voices for AI-Based Voice Analysis and Detection/Dataset/S2F01/Real/25.wav,0,MEN,MEN-S2F01,TG:40b84a5f1cb3b6f7,-18.390625,1,0.4708333333333333,1.030512e-08
mendeley/extracted/Bangla Audio Dataset Original and DeepFake Voices for AI-Based Voice Analysis and Detection/Dataset/S2F01/Real/26.wav,0,MEN,MEN-S2F01,TG:0927b5e32fe2f3c3,-7.171875,1,0.5191666666666667,0.00076729245
mendeley/extracted/Bangla Audio Dataset Original and DeepFake Voices for AI-Based Voice Analysis and Detection/Dataset/S2F01/Real/27.wav,0,MEN,MEN-S2F01,TG:cc2b4377cdecc854,-10.125,1,0.4541666666666667,4.0063696e-05
mendeley/extracted/Bangla Audio Dataset Original and DeepFake Voices for AI-Based Voice Analysis and Detection/Dataset/S2F01/Real/28.wav,0,MEN,MEN-S2F01,TG:9324b178591cabbc,-31.890625,1,0.5691666666666666,1.4127897e-14
mendeley/extracted/Bangla Audio Dataset Original and DeepFake Voices for AI-Based Voice Analysis and Detection/Dataset/S2F01/Real/29.wav,0,MEN,MEN-S2F01,TG:7fb328868f0ac39d,-15.671875,1,0.5375,1.5623961e-07
mendeley/extracted/Bangla Audio Dataset Original and DeepFake Voices for AI-Based Voice Analysis and Detection/Dataset/S2F01/Real/3.wav,0,MEN,MEN-S2F01,TG:f50e8049e973348f,-36.46875,1,0.4858333333333333,1.4515204e-16
mendeley/extracted/Bangla Audio Dataset Original and DeepFake Voices for AI-Based Voice Analysis and Detection/Dataset/S2F01/Real/30.wav,0,MEN,MEN-S2F01,TG:889385251133086d,-28.1875,1,0.5375,5.732239e-13
mendeley/extracted/Bangla Audio Dataset Original and DeepFake Voices for AI-Based Voice Analysis and Detection/Dataset/S2F01/Real/4.wav,0,MEN,MEN-S2F01,TG:8ce64b152c444b3e,-24.625,1,0.5358333333333334,2.0206841e-11
mendeley/extracted/Bangla Audio Dataset Original and DeepFake Voices for AI-Based Voice Analysis and Detection/Dataset/S2F01/Real/5.wav,0,MEN,MEN-S2F01,TG:df1971069cd078a3,-30.3125,1,0.5708333333333333,6.846184e-14
mendeley/extracted/Bangla Audio Dataset Original and DeepFake Voices for AI-Based Voice Analysis and Detection/Dataset/S2F01/Real/6.wav,0,MEN,MEN-S2F01,TG:97bbdf40bcf80ca3,-26.328125,1,0.5708333333333333,3.6799387e-12
mendeley/extracted/Bangla Audio Dataset Original and DeepFake Voices for AI-Based Voice Analysis and Detection/Dataset/S2F01/Real/7.wav,0,MEN,MEN-S2F01,TG:ad21867e01875176,-37.78125,1,0.5691666666666666,3.906714e-17
mendeley/extracted/Bangla Audio Dataset Original and DeepFake Voices for AI-Based Voice Analysis and Detection/Dataset/S2F01/Real/8.wav,0,MEN,MEN-S2F01,TG:8a0169787fba87e5,-24.03125,1,0.2691666666666666,3.658986e-11
mendeley/extracted/Bangla Audio Dataset Original and DeepFake Voices for AI-Based Voice Analysis and Detection/Dataset/S2F01/Real/9.wav,0,MEN,MEN-S2F01,TG:579044776182eb17,-28.734375,1,0.5541666666666667,3.3175654e-13
mendeley/extracted/Bangla Audio Dataset Original and DeepFake Voices for AI-Based Voice Analysis and Detection/Dataset/S2M02/Fake/1.wav,1,MEN,MEN-S2M02,TG:b20a3f0d02492dde,-17.21875,1,0.3308333333333333,3.3265334e-08
mendeley/extracted/Bangla Audio Dataset Original and DeepFake Voices for AI-Based Voice Analysis and Detection/Dataset/S2M02/Fake/10.wav,1,MEN,MEN-S2M02,TG:33b1f33dae6afa07,10.3046875,1,0.4691666666666666,0.9999665
mendeley/extracted/Bangla Audio Dataset Original and DeepFake Voices for AI-Based Voice Analysis and Detection/Dataset/S2M02/Fake/11.wav,1,MEN,MEN-S2M02,TG:bbe30dd5ada268b4,-6.5117188,1,0.4675,0.0014837187
mendeley/extracted/Bangla Audio Dataset Original and DeepFake Voices for AI-Based Voice Analysis and Detection/Dataset/S2M02/Fake/12.wav,1,MEN,MEN-S2M02,TG:6074856ccebe1d75,2.6992188,1,0.4675,0.93698055
mendeley/extracted/Bangla Audio Dataset Original and DeepFake Voices for AI-Based Voice Analysis and Detection/Dataset/S2M02/Fake/13.wav,1,MEN,MEN-S2M02,TG:2cd01584e8b49dae,-10.1171875,1,0.4075,4.037791e-05
mendeley/extracted/Bangla Audio Dataset Original and DeepFake Voices for AI-Based Voice Analysis and Detection/Dataset/S2M02/Fake/14.wav,1,MEN,MEN-S2M02,TG:9f0e2d6c08097dec,-1.6777344,1,0.3158333333333333,0.15739572
mendeley/extracted/Bangla Audio Dataset Original and DeepFake Voices for AI-Based Voice Analysis and Detection/Dataset/S2M02/Fake/15.wav,1,MEN,MEN-S2M02,TG:1c625cb144c83a4e,11.125,1,0.4725,0.9999852
mendeley/extracted/Bangla Audio Dataset Original and DeepFake Voices for AI-Based Voice Analysis and Detection/Dataset/S2M02/Fake/16.wav,1,MEN,MEN-S2M02,TG:8e996bc7105e9806,-11.2421875,1,0.4975,1.3109143e-05
mendeley/extracted/Bangla Audio Dataset Original and DeepFake Voices for AI-Based Voice Analysis and Detection/Dataset/S2M02/Fake/17.wav,1,MEN,MEN-S2M02,TG:b14e52bf5954d16c,-20.0,1,0.3908333333333333,2.0611535e-09
mendeley/extracted/Bangla Audio Dataset Original and DeepFake Voices for AI-Based Voice Analysis and Detection/Dataset/S2M02/Fake/18.wav,1,MEN,MEN-S2M02,TG:22a136bd91a94101,1.7666016,1,0.5275000000000001,0.85403454
mendeley/extracted/Bangla Audio Dataset Original and DeepFake Voices for AI-Based Voice Analysis and Detection/Dataset/S2M02/Fake/19.wav,1,MEN,MEN-S2M02,TG:bdf52a53172256ba,-20.09375,1,0.4024999999999999,1.8767017e-09
mendeley/extracted/Bangla Audio Dataset Original and DeepFake Voices for AI-Based Voice Analysis and Detection/Dataset/S2M02/Fake/2.wav,1,MEN,MEN-S2M02,TG:96efe46367590bfc,7.4960938,1,0.4591666666666666,0.999445
mendeley/extracted/Bangla Audio Dataset Original and DeepFake Voices for AI-Based Voice Analysis and Detection/Dataset/S2M02/Fake/20.wav,1,MEN,MEN-S2M02,TG:8679fd3194015daa,-13.75,1,0.5041666666666667,1.0677029e-06
mendeley/extracted/Bangla Audio Dataset Original and DeepFake Voices for AI-Based Voice Analysis and Detection/Dataset/S2M02/Fake/21.wav,1,MEN,MEN-S2M02,TG:8d69e5e5f763c90d,2.28125,1,0.4641666666666666,0.9073123
mendeley/extracted/Bangla Audio Dataset Original and DeepFake Voices for AI-Based Voice Analysis and Detection/Dataset/S2M02/Fake/22.wav,1,MEN,MEN-S2M02,TG:fd6d9ea4183989da,7.6601562,1,0.5541666666666667,0.999529
mendeley/extracted/Bangla Audio Dataset Original and DeepFake Voices for AI-Based Voice Analysis and Detection/Dataset/S2M02/Fake/23.wav,1,MEN,MEN-S2M02,TG:0853bab98c8f314f,-5.5585938,1,0.4608333333333333,0.003839395
mendeley/extracted/Bangla Audio Dataset Original and DeepFake Voices for AI-Based Voice Analysis and Detection/Dataset/S2M02/Fake/24.wav,1,MEN,MEN-S2M02,TG:289fcb521c3b150a,5.0585938,1,0.4908333333333333,0.99368566
mendeley/extracted/Bangla Audio Dataset Original and DeepFake Voices for AI-Based Voice Analysis and Detection/Dataset/S2M02/Fake/25.wav,1,MEN,MEN-S2M02,TG:40b84a5f1cb3b6f7,-2.7109375,1,0.2441666666666666,0.062331032
mendeley/extracted/Bangla Audio Dataset Original and DeepFake Voices for AI-Based Voice Analysis and Detection/Dataset/S2M02/Fake/26.wav,1,MEN,MEN-S2M02,TG:0927b5e32fe2f3c3,-1.2607422,1,0.3758333333333333,0.22084616
mendeley/extracted/Bangla Audio Dataset Original and DeepFake Voices for AI-Based Voice Analysis and Detection/Dataset/S2M02/Fake/27.wav,1,MEN,MEN-S2M02,TG:cc2b4377cdecc854,5.03125,1,0.3341666666666666,0.99351174
mendeley/extracted/Bangla Audio Dataset Original and DeepFake Voices for AI-Based Voice Analysis and Detection/Dataset/S2M02/Fake/28.wav,1,MEN,MEN-S2M02,TG:9324b178591cabbc,-6.9921875,1,0.5191666666666667,0.00091819005
mendeley/extracted/Bangla Audio Dataset Original and DeepFake Voices for AI-Based Voice Analysis and Detection/Dataset/S2M02/Fake/29.wav,1,MEN,MEN-S2M02,TG:7fb328868f0ac39d,5.3398438,1,0.3625,0.99522626
mendeley/extracted/Bangla Audio Dataset Original and DeepFake Voices for AI-Based Voice Analysis and Detection/Dataset/S2M02/Fake/3.wav,1,MEN,MEN-S2M02,TG:f50e8049e973348f,-6.8515625,1,0.3841666666666666,0.0010566838
mendeley/extracted/Bangla Audio Dataset Original and DeepFake Voices for AI-Based Voice Analysis and Detection/Dataset/S2M02/Fake/30.wav,1,MEN,MEN-S2M02,TG:889385251133086d,1.5800781,1,0.5075000000000001,0.8292156
mendeley/extracted/Bangla Audio Dataset Original and DeepFake Voices for AI-Based Voice Analysis and Detection/Dataset/S2M02/Fake/4.wav,1,MEN,MEN-S2M02,TG:8ce64b152c444b3e,7.6835938,1,0.4341666666666667,0.99954
mendeley/extracted/Bangla Audio Dataset Original and DeepFake Voices for AI-Based Voice Analysis and Detection/Dataset/S2M02/Fake/5.wav,1,MEN,MEN-S2M02,TG:df1971069cd078a3,1.3662109,1,0.5258333333333334,0.7967673
mendeley/extracted/Bangla Audio Dataset Original and DeepFake Voices for AI-Based Voice Analysis and Detection/Dataset/S2M02/Fake/6.wav,1,MEN,MEN-S2M02,TG:97bbdf40bcf80ca3,-4.8125,1,0.3241666666666667,0.008061992
mendeley/extracted/Bangla Audio Dataset Original and DeepFake Voices for AI-Based Voice Analysis and Detection/Dataset/S2M02/Fake/7.wav,1,MEN,MEN-S2M02,TG:ad21867e01875176,3.75,1,0.4641666666666666,0.97702265
mendeley/extracted/Bangla Audio Dataset Original and DeepFake Voices for AI-Based Voice Analysis and Detection/Dataset/S2M02/Fake/8.wav,1,MEN,MEN-S2M02,TG:8a0169787fba87e5,-12.953125,1,0.2774999999999999,2.3687994e-06
mendeley/extracted/Bangla Audio Dataset Original and DeepFake Voices for AI-Based Voice Analysis and Detection/Dataset/S2M02/Fake/9.wav,1,MEN,MEN-S2M02,TG:579044776182eb17,-6.3164062,1,0.5158333333333334,0.0018031665
mendeley/extracted/Bangla Audio Dataset Original and DeepFake Voices for AI-Based Voice Analysis and Detection/Dataset/S2M02/Real/1.wav,0,MEN,MEN-S2M02,TG:b20a3f0d02492dde,-28.0,1,0.4008333333333334,6.9144e-13
mendeley/extracted/Bangla Audio Dataset Original and DeepFake Voices for AI-Based Voice Analysis and Detection/Dataset/S2M02/Real/10.wav,0,MEN,MEN-S2M02,TG:33b1f33dae6afa07,-20.96875,1,0.5008333333333334,7.823257e-10
mendeley/extracted/Bangla Audio Dataset Original and DeepFake Voices for AI-Based Voice Analysis and Detection/Dataset/S2M02/Real/11.wav,0,MEN,MEN-S2M02,TG:bbe30dd5ada268b4,-21.75,1,0.4508333333333333,3.581748e-10
mendeley/extracted/Bangla Audio Dataset Original and DeepFake Voices for AI-Based Voice Analysis and Detection/Dataset/S2M02/Real/12.wav,0,MEN,MEN-S2M02,TG:6074856ccebe1d75,-19.828125,1,0.5341666666666667,2.4476803e-09
mendeley/extracted/Bangla Audio Dataset Original and DeepFake Voices for AI-Based Voice Analysis and Detection/Dataset/S2M02/Real/13.wav,0,MEN,MEN-S2M02,TG:2cd01584e8b49dae,-31.5,1,0.5175000000000001,2.0879679e-14
mendeley/extracted/Bangla Audio Dataset Original and DeepFake Voices for AI-Based Voice Analysis and Detection/Dataset/S2M02/Real/14.wav,0,MEN,MEN-S2M02,TG:9f0e2d6c08097dec,-30.546875,1,0.4675,5.415777e-14
mendeley/extracted/Bangla Audio Dataset Original and DeepFake Voices for AI-Based Voice Analysis and Detection/Dataset/S2M02/Real/15.wav,0,MEN,MEN-S2M02,TG:1c625cb144c83a4e,-22.3125,1,0.5508333333333333,2.0408183e-10
mendeley/extracted/Bangla Audio Dataset Original and DeepFake Voices for AI-Based Voice Analysis and Detection/Dataset/S2M02/Real/16.wav,0,MEN,MEN-S2M02,TG:8e996bc7105e9806,-29.328125,1,0.4841666666666666,1.8321336e-13
mendeley/extracted/Bangla Audio Dataset Original and DeepFake Voices for AI-Based Voice Analysis and Detection/Dataset/S2M02/Real/17.wav,0,MEN,MEN-S2M02,TG:b14e52bf5954d16c,-25.875,1,0.5175000000000001,5.7893564e-12
mendeley/extracted/Bangla Audio Dataset Original and DeepFake Voices for AI-Based Voice Analysis and Detection/Dataset/S2M02/Real/18.wav,0,MEN,MEN-S2M02,TG:22a136bd91a94101,-34.1875,1,0.4841666666666666,1.4208801e-15
mendeley/extracted/Bangla Audio Dataset Original and DeepFake Voices for AI-Based Voice Analysis and Detection/Dataset/S2M02/Real/19.wav,0,MEN,MEN-S2M02,TG:bdf52a53172256ba,-27.625,1,0.4508333333333333,1.0060393e-12
mendeley/extracted/Bangla Audio Dataset Original and DeepFake Voices for AI-Based Voice Analysis and Detection/Dataset/S2M02/Real/2.wav,0,MEN,MEN-S2M02,TG:96efe46367590bfc,-23.8125,1,0.4008333333333334,4.5536814e-11
mendeley/extracted/Bangla Audio Dataset Original and DeepFake Voices for AI-Based Voice Analysis and Detection/Dataset/S2M02/Real/20.wav,0,MEN,MEN-S2M02,TG:8679fd3194015daa,-33.1875,1,0.5841666666666667,3.862352e-15
mendeley/extracted/Bangla Audio Dataset Original and DeepFake Voices for AI-Based Voice Analysis and Detection/Dataset/S2M02/Real/21.wav,0,MEN,MEN-S2M02,TG:8d69e5e5f763c90d,-22.71875,1,0.5508333333333333,1.3594781e-10
mendeley/extracted/Bangla Audio Dataset Original and DeepFake Voices for AI-Based Voice Analysis and Detection/Dataset/S2M02/Real/22.wav,0,MEN,MEN-S2M02,TG:fd6d9ea4183989da,-24.71875,1,0.5341666666666667,1.8398536e-11
mendeley/extracted/Bangla Audio Dataset Original and DeepFake Voices for AI-Based Voice Analysis and Detection/Dataset/S2M02/Real/23.wav,0,MEN,MEN-S2M02,TG:0853bab98c8f314f,-37.21875,1,0.4675,6.856496e-17
mendeley/extracted/Bangla Audio Dataset Original and DeepFake Voices for AI-Based Voice Analysis and Detection/Dataset/S2M02/Real/24.wav,0,MEN,MEN-S2M02,TG:289fcb521c3b150a,-26.015625,1,0.5841666666666667,5.02988e-12
mendeley/extracted/Bangla Audio Dataset Original and DeepFake Voices for AI-Based Voice Analysis and Detection/Dataset/S2M02/Real/25.wav,0,MEN,MEN-S2M02,TG:40b84a5f1cb3b6f7,-34.59375,1,0.4175,9.465102e-16
mendeley/extracted/Bangla Audio Dataset Original and DeepFake Voices for AI-Based Voice Analysis and Detection/Dataset/S2M02/Real/26.wav,0,MEN,MEN-S2M02,TG:0927b5e32fe2f3c3,-33.625,1,0.4675,2.4937222e-15
mendeley/extracted/Bangla Audio Dataset Original and DeepFake Voices for AI-Based Voice Analysis and Detection/Dataset/S2M02/Real/27.wav,0,MEN,MEN-S2M02,TG:cc2b4377cdecc854,-38.9375,1,0.4508333333333333,1.2293021e-17
mendeley/extracted/Bangla Audio Dataset Original and DeepFake Voices for AI-Based Voice Analysis and Detection/Dataset/S2M02/Real/28.wav,0,MEN,MEN-S2M02,TG:9324b178591cabbc,-26.328125,1,0.5175000000000001,3.6799387e-12
mendeley/extracted/Bangla Audio Dataset Original and DeepFake Voices for AI-Based Voice Analysis and Detection/Dataset/S2M02/Real/29.wav,0,MEN,MEN-S2M02,TG:7fb328868f0ac39d,-33.46875,1,0.5841666666666667,2.9154563e-15
mendeley/extracted/Bangla Audio Dataset Original and DeepFake Voices for AI-Based Voice Analysis and Detection/Dataset/S2M02/Real/3.wav,0,MEN,MEN-S2M02,TG:f50e8049e973348f,-25.25,1,0.4341666666666667,1.0815942e-11
mendeley/extracted/Bangla Audio Dataset Original and DeepFake Voices for AI-Based Voice Analysis and Detection/Dataset/S2M02/Real/30.wav,0,MEN,MEN-S2M02,TG:889385251133086d,-16.734375,1,0.4341666666666667,5.399497e-08
mendeley/extracted/Bangla Audio Dataset Original and DeepFake Voices for AI-Based Voice Analysis and Detection/Dataset/S2M02/Real/4.wav,0,MEN,MEN-S2M02,TG:8ce64b152c444b3e,-30.0625,1,0.4841666666666666,8.790673e-14
mendeley/extracted/Bangla Audio Dataset Original and DeepFake Voices for AI-Based Voice Analysis and Detection/Dataset/S2M02/Real/5.wav,0,MEN,MEN-S2M02,TG:df1971069cd078a3,-34.1875,1,0.4508333333333333,1.4208801e-15
mendeley/extracted/Bangla Audio Dataset Original and DeepFake Voices for AI-Based Voice Analysis and Detection/Dataset/S2M02/Real/6.wav,0,MEN,MEN-S2M02,TG:97bbdf40bcf80ca3,0.4519043,1,0.4508333333333333,0.6110919
mendeley/extracted/Bangla Audio Dataset Original and DeepFake Voices for AI-Based Voice Analysis and Detection/Dataset/S2M02/Real/7.wav,0,MEN,MEN-S2M02,TG:ad21867e01875176,-23.578125,1,0.5508333333333333,5.756393e-11
mendeley/extracted/Bangla Audio Dataset Original and DeepFake Voices for AI-Based Voice Analysis and Detection/Dataset/S2M02/Real/8.wav,0,MEN,MEN-S2M02,TG:8a0169787fba87e5,-29.953125,1,0.4841666666666666,9.806705e-14
mendeley/extracted/Bangla Audio Dataset Original and DeepFake Voices for AI-Based Voice Analysis and Detection/Dataset/S2M02/Real/9.wav,0,MEN,MEN-S2M02,TG:579044776182eb17,-21.640625,1,0.5175000000000001,3.9957285e-10
mendeley/extracted/Bangla Audio Dataset Original and DeepFake Voices for AI-Based Voice Analysis and Detection/Dataset/S2M03/Fake/1.wav,1,MEN,MEN-S2M03,TG:b20a3f0d02492dde,-17.203125,1,0.3175,3.3789185e-08
mendeley/extracted/Bangla Audio Dataset Original and DeepFake Voices for AI-Based Voice Analysis and Detection/Dataset/S2M03/Fake/10.wav,1,MEN,MEN-S2M03,TG:33b1f33dae6afa07,-7.2773438,1,0.5041666666666667,0.0006905414
mendeley/extracted/Bangla Audio Dataset Original and DeepFake Voices for AI-Based Voice Analysis and Detection/Dataset/S2M03/Fake/11.wav,1,MEN,MEN-S2M03,TG:bbe30dd5ada268b4,-16.59375,1,0.4541666666666667,6.2147826e-08
mendeley/extracted/Bangla Audio Dataset Original and DeepFake Voices for AI-Based Voice Analysis and Detection/Dataset/S2M03/Fake/12.wav,1,MEN,MEN-S2M03,TG:6074856ccebe1d75,-14.2734375,1,0.4425,6.325933e-07
mendeley/extracted/Bangla Audio Dataset Original and DeepFake Voices for AI-Based Voice Analysis and Detection/Dataset/S2M03/Fake/13.wav,1,MEN,MEN-S2M03,TG:2cd01584e8b49dae,-22.4375,1,0.4775,1.801016e-10
mendeley/extracted/Bangla Audio Dataset Original and DeepFake Voices for AI-Based Voice Analysis and Detection/Dataset/S2M03/Fake/14.wav,1,MEN,MEN-S2M03,TG:9f0e2d6c08097dec,-11.40625,1,0.3575,1.1125608e-05
mendeley/extracted/Bangla Audio Dataset Original and DeepFake Voices for AI-Based Voice Analysis and Detection/Dataset/S2M03/Fake/15.wav,1,MEN,MEN-S2M03,TG:1c625cb144c83a4e,-17.5625,1,0.4491666666666667,2.3588655e-08
mendeley/extracted/Bangla Audio Dataset Original and DeepFake Voices for AI-Based Voice Analysis and Detection/Dataset/S2M03/Fake/16.wav,1,MEN,MEN-S2M03,TG:8e996bc7105e9806,-3.8339844,1,0.5141666666666667,0.02116562
mendeley/extracted/Bangla Audio Dataset Original and DeepFake Voices for AI-Based Voice Analysis and Detection/Dataset/S2M03/Fake/17.wav,1,MEN,MEN-S2M03,TG:b14e52bf5954d16c,-3.1054688,1,0.4758333333333333,0.042882238
mendeley/extracted/Bangla Audio Dataset Original and DeepFake Voices for AI-Based Voice Analysis and Detection/Dataset/S2M03/Fake/18.wav,1,MEN,MEN-S2M03,TG:22a136bd91a94101,-17.515625,1,0.5341666666666667,2.4720698e-08
mendeley/extracted/Bangla Audio Dataset Original and DeepFake Voices for AI-Based Voice Analysis and Detection/Dataset/S2M03/Fake/19.wav,1,MEN,MEN-S2M03,TG:bdf52a53172256ba,-16.515625,1,0.3874999999999999,6.719782e-08
mendeley/extracted/Bangla Audio Dataset Original and DeepFake Voices for AI-Based Voice Analysis and Detection/Dataset/S2M03/Fake/2.wav,1,MEN,MEN-S2M03,TG:96efe46367590bfc,-14.6875,1,0.4175,4.181187e-07
mendeley/extracted/Bangla Audio Dataset Original and DeepFake Voices for AI-Based Voice Analysis and Detection/Dataset/S2M03/Fake/20.wav,1,MEN,MEN-S2M03,TG:8679fd3194015daa,-9.015625,1,0.5025,0.00012148176
mendeley/extracted/Bangla Audio Dataset Original and DeepFake Voices for AI-Based Voice Analysis and Detection/Dataset/S2M03/Fake/21.wav,1,MEN,MEN-S2M03,TG:8d69e5e5f763c90d,-15.1875,1,0.4441666666666667,2.5360188e-07
mendeley/extracted/Bangla Audio Dataset Original and DeepFake Voices for AI-Based Voice Analysis and Detection/Dataset/S2M03/Fake/22.wav,1,MEN,MEN-S2M03,TG:fd6d9ea4183989da,-6.8007812,1,0.5491666666666667,0.0011116682
mendeley/extracted/Bangla Audio Dataset Original and DeepFake Voices for AI-Based Voice Analysis and Detection/Dataset/S2M03/Fake/23.wav,1,MEN,MEN-S2M03,TG:0853bab98c8f314f,11.5078125,1,0.4975,0.99999
mendeley/extracted/Bangla Audio Dataset Original and DeepFake Voices for AI-Based Voice Analysis and Detection/Dataset/S2M03/Fake/24.wav,1,MEN,MEN-S2M03,TG:289fcb521c3b150a,-7.0039062,1,0.4641666666666666,0.00090750254
mendeley/extracted/Bangla Audio Dataset Original and DeepFake Voices for AI-Based Voice Analysis and Detection/Dataset/S2M03/Fake/25.wav,1,MEN,MEN-S2M03,TG:40b84a5f1cb3b6f7,-9.8515625,1,0.2308333333333333,5.266206e-05
mendeley/extracted/Bangla Audio Dataset Original and DeepFake Voices for AI-Based Voice Analysis and Detection/Dataset/S2M03/Fake/26.wav,1,MEN,MEN-S2M03,TG:0927b5e32fe2f3c3,-12.890625,1,0.3924999999999999,2.5215734e-06
mendeley/extracted/Bangla Audio Dataset Original and DeepFake Voices for AI-Based Voice Analysis and Detection/Dataset/S2M03/Fake/27.wav,1,MEN,MEN-S2M03,TG:cc2b4377cdecc854,-22.03125,1,0.3175,2.7036454e-10
mendeley/extracted/Bangla Audio Dataset Original and DeepFake Voices for AI-Based Voice Analysis and Detection/Dataset/S2M03/Fake/28.wav,1,MEN,MEN-S2M03,TG:9324b178591cabbc,-22.390625,1,0.4908333333333333,1.8874485e-10
mendeley/extracted/Bangla Audio Dataset Original and DeepFake Voices for AI-Based Voice Analysis and Detection/Dataset/S2M03/Fake/29.wav,1,MEN,MEN-S2M03,TG:7fb328868f0ac39d,-7.0742188,1,0.4908333333333333,0.0008459375
mendeley/extracted/Bangla Audio Dataset Original and DeepFake Voices for AI-Based Voice Analysis and Detection/Dataset/S2M03/Fake/3.wav,1,MEN,MEN-S2M03,TG:f50e8049e973348f,-0.4807129,1,0.3874999999999999,0.3820838
mendeley/extracted/Bangla Audio Dataset Original and DeepFake Voices for AI-Based Voice Analysis and Detection/Dataset/S2M03/Fake/30.wav,1,MEN,MEN-S2M03,TG:889385251133086d,5.2265625,1,0.5041666666666667,0.9946568
mendeley/extracted/Bangla Audio Dataset Original and DeepFake Voices for AI-Based Voice Analysis and Detection/Dataset/S2M03/Fake/4.wav,1,MEN,MEN-S2M03,TG:8ce64b152c444b3e,0.8251953,1,0.4425,0.695338
mendeley/extracted/Bangla Audio Dataset Original and DeepFake Voices for AI-Based Voice Analysis and Detection/Dataset/S2M03/Fake/5.wav,1,MEN,MEN-S2M03,TG:df1971069cd078a3,2.5449219,1,0.4241666666666667,0.9272316
mendeley/extracted/Bangla Audio Dataset Original and DeepFake Voices for AI-Based Voice Analysis and Detection/Dataset/S2M03/Fake/6.wav,1,MEN,MEN-S2M03,TG:97bbdf40bcf80ca3,3.8027344,1,0.3275,0.9781772
mendeley/extracted/Bangla Audio Dataset Original and DeepFake Voices for AI-Based Voice Analysis and Detection/Dataset/S2M03/Fake/7.wav,1,MEN,MEN-S2M03,TG:ad21867e01875176,-14.6484375,1,0.4308333333333333,4.3477468e-07
mendeley/extracted/Bangla Audio Dataset Original and DeepFake Voices for AI-Based Voice Analysis and Detection/Dataset/S2M03/Fake/8.wav,1,MEN,MEN-S2M03,TG:8a0169787fba87e5,-22.40625,1,0.2658333333333333,1.8581862e-10
mendeley/extracted/Bangla Audio Dataset Original and DeepFake Voices for AI-Based Voice Analysis and Detection/Dataset/S2M03/Fake/9.wav,1,MEN,MEN-S2M03,TG:579044776182eb17,-12.2734375,1,0.4991666666666666,4.674249e-06
mendeley/extracted/Bangla Audio Dataset Original and DeepFake Voices for AI-Based Voice Analysis and Detection/Dataset/S2M03/Real/1.wav,0,MEN,MEN-S2M03,TG:b20a3f0d02492dde,-12.0390625,1,0.4175,5.9087965e-06
mendeley/extracted/Bangla Audio Dataset Original and DeepFake Voices for AI-Based Voice Analysis and Detection/Dataset/S2M03/Real/10.wav,0,MEN,MEN-S2M03,TG:33b1f33dae6afa07,-14.3125,1,0.3508333333333333,6.08359e-07
mendeley/extracted/Bangla Audio Dataset Original and DeepFake Voices for AI-Based Voice Analysis and Detection/Dataset/S2M03/Real/11.wav,0,MEN,MEN-S2M03,TG:bbe30dd5ada268b4,-6.0976562,1,0.3008333333333333,0.0022430876
mendeley/extracted/Bangla Audio Dataset Original and DeepFake Voices for AI-Based Voice Analysis and Detection/Dataset/S2M03/Real/12.wav,0,MEN,MEN-S2M03,TG:6074856ccebe1d75,-21.625,1,0.3841666666666666,4.058652e-10
mendeley/extracted/Bangla Audio Dataset Original and DeepFake Voices for AI-Based Voice Analysis and Detection/Dataset/S2M03/Real/13.wav,0,MEN,MEN-S2M03,TG:2cd01584e8b49dae,-17.5625,1,0.3508333333333333,2.3588655e-08
mendeley/extracted/Bangla Audio Dataset Original and DeepFake Voices for AI-Based Voice Analysis and Detection/Dataset/S2M03/Real/14.wav,0,MEN,MEN-S2M03,TG:9f0e2d6c08097dec,-21.203125,1,0.3175,6.1887057e-10
mendeley/extracted/Bangla Audio Dataset Original and DeepFake Voices for AI-Based Voice Analysis and Detection/Dataset/S2M03/Real/15.wav,0,MEN,MEN-S2M03,TG:1c625cb144c83a4e,-4.4414062,1,0.3841666666666666,0.011642224
mendeley/extracted/Bangla Audio Dataset Original and DeepFake Voices for AI-Based Voice Analysis and Detection/Dataset/S2M03/Real/16.wav,0,MEN,MEN-S2M03,TG:8e996bc7105e9806,-19.390625,1,0.3341666666666666,3.7910417e-09
mendeley/extracted/Bangla Audio Dataset Original and DeepFake Voices for AI-Based Voice Analysis and Detection/Dataset/S2M03/Real/17.wav,0,MEN,MEN-S2M03,TG:b14e52bf5954d16c,7.1992188,1,0.3341666666666666,0.99925333
mendeley/extracted/Bangla Audio Dataset Original and DeepFake Voices for AI-Based Voice Analysis and Detection/Dataset/S2M03/Real/18.wav,0,MEN,MEN-S2M03,TG:22a136bd91a94101,-6.8632812,1,0.3341666666666666,0.0010443858
mendeley/extracted/Bangla Audio Dataset Original and DeepFake Voices for AI-Based Voice Analysis and Detection/Dataset/S2M03/Real/19.wav,0,MEN,MEN-S2M03,TG:bdf52a53172256ba,-22.234375,1,0.3008333333333333,2.2066508e-10
mendeley/extracted/Bangla Audio Dataset Original and DeepFake Voices for AI-Based Voice Analysis and Detection/Dataset/S2M03/Real/2.wav,0,MEN,MEN-S2M03,TG:96efe46367590bfc,9.5859375,1,0.3675,0.99993134
mendeley/extracted/Bangla Audio Dataset Original and DeepFake Voices for AI-Based Voice Analysis and Detection/Dataset/S2M03/Real/20.wav,0,MEN,MEN-S2M03,TG:8679fd3194015daa,-16.203125,1,0.3175,9.184853e-08
mendeley/extracted/Bangla Audio Dataset Original and DeepFake Voices for AI-Based Voice Analysis and Detection/Dataset/S2M03/Real/21.wav,0,MEN,MEN-S2M03,TG:8d69e5e5f763c90d,-6.7460938,1,0.3841666666666666,0.0011740823
mendeley/extracted/Bangla Audio Dataset Original and DeepFake Voices for AI-Based Voice Analysis and Detection/Dataset/S2M03/Real/22.wav,0,MEN,MEN-S2M03,TG:fd6d9ea4183989da,-24.5625,1,0.3341666666666666,2.1510068e-11
mendeley/extracted/Bangla Audio Dataset Original and DeepFake Voices for AI-Based Voice Analysis and Detection/Dataset/S2M03/Real/23.wav,0,MEN,MEN-S2M03,TG:0853bab98c8f314f,-16.46875,1,0.3841666666666666,7.04227e-08
mendeley/extracted/Bangla Audio Dataset Original and DeepFake Voices for AI-Based Voice Analysis and Detection/Dataset/S2M03/Real/24.wav,0,MEN,MEN-S2M03,TG:289fcb521c3b150a,-11.3203125,1,0.3508333333333333,1.2123987e-05
mendeley/extracted/Bangla Audio Dataset Original and DeepFake Voices for AI-Based Voice Analysis and Detection/Dataset/S2M03/Real/25.wav,0,MEN,MEN-S2M03,TG:40b84a5f1cb3b6f7,-3.484375,1,0.3341666666666666,0.029760092
mendeley/extracted/Bangla Audio Dataset Original and DeepFake Voices for AI-Based Voice Analysis and Detection/Dataset/S2M03/Real/26.wav,0,MEN,MEN-S2M03,TG:0927b5e32fe2f3c3,-6.1875,1,0.4175,0.0020507437
mendeley/extracted/Bangla Audio Dataset Original and DeepFake Voices for AI-Based Voice Analysis and Detection/Dataset/S2M03/Real/27.wav,0,MEN,MEN-S2M03,TG:cc2b4377cdecc854,-18.625,1,0.3508333333333333,8.152021e-09
mendeley/extracted/Bangla Audio Dataset Original and DeepFake Voices for AI-Based Voice Analysis and Detection/Dataset/S2M03/Real/28.wav,0,MEN,MEN-S2M03,TG:9324b178591cabbc,-29.546875,1,0.4175,1.4721606e-13
mendeley/extracted/Bangla Audio Dataset Original and DeepFake Voices for AI-Based Voice Analysis and Detection/Dataset/S2M03/Real/29.wav,0,MEN,MEN-S2M03,TG:7fb328868f0ac39d,-15.578125,1,0.3675,1.715956e-07
mendeley/extracted/Bangla Audio Dataset Original and DeepFake Voices for AI-Based Voice Analysis and Detection/Dataset/S2M03/Real/3.wav,0,MEN,MEN-S2M03,TG:f50e8049e973348f,-21.953125,1,0.3341666666666666,2.9233374e-10
mendeley/extracted/Bangla Audio Dataset Original and DeepFake Voices for AI-Based Voice Analysis and Detection/Dataset/S2M03/Real/30.wav,0,MEN,MEN-S2M03,TG:889385251133086d,-17.15625,1,0.4008333333333334,3.541076e-08
mendeley/extracted/Bangla Audio Dataset Original and DeepFake Voices for AI-Based Voice Analysis and Detection/Dataset/S2M03/Real/4.wav,0,MEN,MEN-S2M03,TG:8ce64b152c444b3e,-16.375,1,0.3841666666666666,7.734422e-08
mendeley/extracted/Bangla Audio Dataset Original and DeepFake Voices for AI-Based Voice Analysis and Detection/Dataset/S2M03/Real/5.wav,0,MEN,MEN-S2M03,TG:df1971069cd078a3,-19.640625,1,0.3341666666666666,2.9524665e-09
mendeley/extracted/Bangla Audio Dataset Original and DeepFake Voices for AI-Based Voice Analysis and Detection/Dataset/S2M03/Real/6.wav,0,MEN,MEN-S2M03,TG:97bbdf40bcf80ca3,-17.546875,1,0.3508333333333333,2.3960121e-08
mendeley/extracted/Bangla Audio Dataset Original and DeepFake Voices for AI-Based Voice Analysis and Detection/Dataset/S2M03/Real/7.wav,0,MEN,MEN-S2M03,TG:ad21867e01875176,-13.09375,1,0.3341666666666666,2.0580492e-06
mendeley/extracted/Bangla Audio Dataset Original and DeepFake Voices for AI-Based Voice Analysis and Detection/Dataset/S2M03/Real/8.wav,0,MEN,MEN-S2M03,TG:8a0169787fba87e5,-11.53125,1,0.3175,9.818326e-06
mendeley/extracted/Bangla Audio Dataset Original and DeepFake Voices for AI-Based Voice Analysis and Detection/Dataset/S2M03/Real/9.wav,0,MEN,MEN-S2M03,TG:579044776182eb17,-6.0429688,1,0.3508333333333333,0.0023688744
mendeley/extracted/Bangla Audio Dataset Original and DeepFake Voices for AI-Based Voice Analysis and Detection/Dataset/S2M04/Fake/1.wav,1,MEN,MEN-S2M04,TG:b20a3f0d02492dde,-10.828125,1,0.2691666666666666,1.9833367e-05
mendeley/extracted/Bangla Audio Dataset Original and DeepFake Voices for AI-Based Voice Analysis and Detection/Dataset/S2M04/Fake/10.wav,1,MEN,MEN-S2M04,TG:33b1f33dae6afa07,-5.6210938,1,0.4575,0.003607617
mendeley/extracted/Bangla Audio Dataset Original and DeepFake Voices for AI-Based Voice Analysis and Detection/Dataset/S2M04/Fake/11.wav,1,MEN,MEN-S2M04,TG:bbe30dd5ada268b4,-8.9453125,1,0.4441666666666667,0.00013032975
mendeley/extracted/Bangla Audio Dataset Original and DeepFake Voices for AI-Based Voice Analysis and Detection/Dataset/S2M04/Fake/12.wav,1,MEN,MEN-S2M04,TG:6074856ccebe1d75,-12.7265625,1,0.4808333333333333,2.9711382e-06
mendeley/extracted/Bangla Audio Dataset Original and DeepFake Voices for AI-Based Voice Analysis and Detection/Dataset/S2M04/Fake/13.wav,1,MEN,MEN-S2M04,TG:2cd01584e8b49dae,-21.546875,1,0.4341666666666667,4.3884493e-10
mendeley/extracted/Bangla Audio Dataset Original and DeepFake Voices for AI-Based Voice Analysis and Detection/Dataset/S2M04/Fake/14.wav,1,MEN,MEN-S2M04,TG:9f0e2d6c08097dec,-4.796875,1,0.3375,0.00818791
mendeley/extracted/Bangla Audio Dataset Original and DeepFake Voices for AI-Based Voice Analysis and Detection/Dataset/S2M04/Fake/15.wav,1,MEN,MEN-S2M04,TG:1c625cb144c83a4e,-10.6015625,1,0.4525,2.487649e-05
mendeley/extracted/Bangla Audio Dataset Original and DeepFake Voices for AI-Based Voice Analysis and Detection/Dataset/S2M04/Fake/16.wav,1,MEN,MEN-S2M04,TG:8e996bc7105e9806,-4.0,1,0.5058333333333334,0.01798621
mendeley/extracted/Bangla Audio Dataset Original and DeepFake Voices for AI-Based Voice Analysis and Detection/Dataset/S2M04/Fake/17.wav,1,MEN,MEN-S2M04,TG:b14e52bf5954d16c,-16.5625,1,0.5058333333333334,6.412061e-08
mendeley/extracted/Bangla Audio Dataset Original and DeepFake Voices for AI-Based Voice Analysis and Detection/Dataset/S2M04/Fake/18.wav,1,MEN,MEN-S2M04,TG:22a136bd91a94101,-13.171875,1,0.5141666666666667,1.9033845e-06
mendeley/extracted/Bangla Audio Dataset Original and DeepFake Voices for AI-Based Voice Analysis and Detection/Dataset/S2M04/Fake/19.wav,1,MEN,MEN-S2M04,TG:bdf52a53172256ba,-16.359375,1,0.3408333333333333,7.856221e-08
mendeley/extracted/Bangla Audio Dataset Original and DeepFake Voices for AI-Based Voice Analysis and Detection/Dataset/S2M04/Fake/2.wav,1,MEN,MEN-S2M04,TG:96efe46367590bfc,-0.8647461,1,0.4575,0.29634872
mendeley/extracted/Bangla Audio Dataset Original and DeepFake Voices for AI-Based Voice Analysis and Detection/Dataset/S2M04/Fake/20.wav,1,MEN,MEN-S2M04,TG:8679fd3194015daa,-13.9296875,1,0.5141666666666667,8.9209925e-07
mendeley/extracted/Bangla Audio Dataset Original and DeepFake Voices for AI-Based Voice Analysis and Detection/Dataset/S2M04/Fake/21.wav,1,MEN,MEN-S2M04,TG:8d69e5e5f763c90d,-29.21875,1,0.4841666666666666,2.0438927e-13
mendeley/extracted/Bangla Audio Dataset Original and DeepFake Voices for AI-Based Voice Analysis and Detection/Dataset/S2M04/Fake/22.wav,1,MEN,MEN-S2M04,TG:fd6d9ea4183989da,-15.3125,1,0.5375,2.2380287e-07
mendeley/extracted/Bangla Audio Dataset Original and DeepFake Voices for AI-Based Voice Analysis and Detection/Dataset/S2M04/Fake/23.wav,1,MEN,MEN-S2M04,TG:0853bab98c8f314f,-24.859375,1,0.5508333333333333,1.5984925e-11
mendeley/extracted/Bangla Audio Dataset Original and DeepFake Voices for AI-Based Voice Analysis and Detection/Dataset/S2M04/Fake/24.wav,1,MEN,MEN-S2M04,TG:289fcb521c3b150a,-21.984375,1,0.5175000000000001,2.8333957e-10
mendeley/extracted/Bangla Audio Dataset Original and DeepFake Voices for AI-Based Voice Analysis and Detection/Dataset/S2M04/Fake/25.wav,1,MEN,MEN-S2M04,TG:40b84a5f1cb3b6f7,-25.03125,1,0.2674999999999999,1.3460656e-11
mendeley/extracted/Bangla Audio Dataset Original and DeepFake Voices for AI-Based Voice Analysis and Detection/Dataset/S2M04/Fake/26.wav,1,MEN,MEN-S2M04,TG:0927b5e32fe2f3c3,-8.0546875,1,0.3874999999999999,0.0003175088
mendeley/extracted/Bangla Audio Dataset Original and DeepFake Voices for AI-Based Voice Analysis and Detection/Dataset/S2M04/Fake/27.wav,1,MEN,MEN-S2M04,TG:cc2b4377cdecc854,-19.34375,1,0.3008333333333333,3.9729775e-09
mendeley/extracted/Bangla Audio Dataset Original and DeepFake Voices for AI-Based Voice Analysis and Detection/Dataset/S2M04/Fake/28.wav,1,MEN,MEN-S2M04,TG:9324b178591cabbc,-7.9335938,1,0.5208333333333333,0.00035836728
mendeley/extracted/Bangla Audio Dataset Original and DeepFake Voices for AI-Based Voice Analysis and Detection/Dataset/S2M04/Fake/29.wav,1,MEN,MEN-S2M04,TG:7fb328868f0ac39d,-5.1367188,1,0.3841666666666666,0.005842605
mendeley/extracted/Bangla Audio Dataset Original and DeepFake Voices for AI-Based Voice Analysis and Detection/Dataset/S2M04/Fake/3.wav,1,MEN,MEN-S2M04,TG:f50e8049e973348f,-14.859375,1,0.3675,3.520913e-07
mendeley/extracted/Bangla Audio Dataset Original and DeepFake Voices for AI-Based Voice Analysis and Detection/Dataset/S2M04/Fake/30.wav,1,MEN,MEN-S2M04,TG:889385251133086d,-16.0625,1,0.5241666666666667,1.0571699e-07
mendeley/extracted/Bangla Audio Dataset Original and DeepFake Voices for AI-Based Voice Analysis and Detection/Dataset/S2M04/Fake/4.wav,1,MEN,MEN-S2M04,TG:8ce64b152c444b3e,-9.40625,1,0.4075,8.22019e-05
mendeley/extracted/Bangla Audio Dataset Original and DeepFake Voices for AI-Based Voice Analysis and Detection/Dataset/S2M04/Fake/5.wav,1,MEN,MEN-S2M04,TG:df1971069cd078a3,3.1289062,1,0.4375,0.95806944
mendeley/extracted/Bangla Audio Dataset Original and DeepFake Voices for AI-Based Voice Analysis and Detection/Dataset/S2M04/Fake/6.wav,1,MEN,MEN-S2M04,TG:97bbdf40bcf80ca3,-16.28125,1,0.3375,8.4945995e-08
mendeley/extracted/Bangla Audio Dataset Original and DeepFake Voices for AI-Based Voice Analysis and Detection/Dataset/S2M04/Fake/7.wav,1,MEN,MEN-S2M04,TG:ad21867e01875176,-1.2255859,1,0.4158333333333334,0.22695492
mendeley/extracted/Bangla Audio Dataset Original and DeepFake Voices for AI-Based Voice Analysis and Detection/Dataset/S2M04/Fake/8.wav,1,MEN,MEN-S2M04,TG:8a0169787fba87e5,-20.171875,1,0.2724999999999999,1.7356654e-09
mendeley/extracted/Bangla Audio Dataset Original and DeepFake Voices for AI-Based Voice Analysis and Detection/Dataset/S2M04/Fake/9.wav,1,MEN,MEN-S2M04,TG:579044776182eb17,-6.140625,1,0.4841666666666666,0.0021489493
mendeley/extracted/Bangla Audio Dataset Original and DeepFake Voices for AI-Based Voice Analysis and Detection/Dataset/S2M04/Real/1.wav,0,MEN,MEN-S2M04,TG:b20a3f0d02492dde,-11.8125,1,0.3841666666666666,7.4112795e-06
mendeley/extracted/Bangla Audio Dataset Original and DeepFake Voices for AI-Based Voice Analysis and Detection/Dataset/S2M04/Real/10.wav,0,MEN,MEN-S2M04,TG:33b1f33dae6afa07,-2.9121094,1,0.4175,0.05155819
mendeley/extracted/Bangla Audio Dataset Original and DeepFake Voices for AI-Based Voice Analysis and Detection/Dataset/S2M04/Real/11.wav,0,MEN,MEN-S2M04,TG:bbe30dd5ada268b4,-4.8125,1,0.4008333333333334,0.008061992
mendeley/extracted/Bangla Audio Dataset Original and DeepFake Voices for AI-Based Voice Analysis and Detection/Dataset/S2M04/Real/12.wav,0,MEN,MEN-S2M04,TG:6074856ccebe1d75,-8.1875,1,0.4841666666666666,0.00027803096
mendeley/extracted/Bangla Audio Dataset Original and DeepFake Voices for AI-Based Voice Analysis and Detection/Dataset/S2M04/Real/13.wav,0,MEN,MEN-S2M04,TG:2cd01584e8b49dae,-2.2089844,1,0.4175,0.09894659
mendeley/extracted/Bangla Audio Dataset Original and DeepFake Voices for AI-Based Voice Analysis and Detection/Dataset/S2M04/Real/14.wav,0,MEN,MEN-S2M04,TG:9f0e2d6c08097dec,-19.234375,1,0.4008333333333334,4.4321773e-09
mendeley/extracted/Bangla Audio Dataset Original and DeepFake Voices for AI-Based Voice Analysis and Detection/Dataset/S2M04/Real/15.wav,0,MEN,MEN-S2M04,TG:1c625cb144c83a4e,-14.9453125,1,0.4675,3.2309717e-07
mendeley/extracted/Bangla Audio Dataset Original and DeepFake Voices for AI-Based Voice Analysis and Detection/Dataset/S2M04/Real/16.wav,0,MEN,MEN-S2M04,TG:8e996bc7105e9806,-11.3203125,1,0.4341666666666667,1.2123987e-05
mendeley/extracted/Bangla Audio Dataset Original and DeepFake Voices for AI-Based Voice Analysis and Detection/Dataset/S2M04/Real/17.wav,0,MEN,MEN-S2M04,TG:b14e52bf5954d16c,-15.484375,1,0.4841666666666666,1.8846092e-07
mendeley/extracted/Bangla Audio Dataset Original and DeepFake Voices for AI-Based Voice Analysis and Detection/Dataset/S2M04/Real/18.wav,0,MEN,MEN-S2M04,TG:22a136bd91a94101,-16.609375,1,0.4008333333333334,6.11843e-08
mendeley/extracted/Bangla Audio Dataset Original and DeepFake Voices for AI-Based Voice Analysis and Detection/Dataset/S2M04/Real/19.wav,0,MEN,MEN-S2M04,TG:bdf52a53172256ba,-20.59375,1,0.3841666666666666,1.1382771e-09
mendeley/extracted/Bangla Audio Dataset Original and DeepFake Voices for AI-Based Voice Analysis and Detection/Dataset/S2M04/Real/2.wav,0,MEN,MEN-S2M04,TG:96efe46367590bfc,7.484375,1,0.4341666666666667,0.99943846
mendeley/extracted/Bangla Audio Dataset Original and DeepFake Voices for AI-Based Voice Analysis and Detection/Dataset/S2M04/Real/20.wav,0,MEN,MEN-S2M04,TG:8679fd3194015daa,-23.203125,1,0.4675,8.375502e-11
mendeley/extracted/Bangla Audio Dataset Original and DeepFake Voices for AI-Based Voice Analysis and Detection/Dataset/S2M04/Real/21.wav,0,MEN,MEN-S2M04,TG:8d69e5e5f763c90d,-20.8125,1,0.4508333333333333,9.146314e-10
mendeley/extracted/Bangla Audio Dataset Original and DeepFake Voices for AI-Based Voice Analysis and Detection/Dataset/S2M04/Real/22.wav,0,MEN,MEN-S2M04,TG:fd6d9ea4183989da,-13.2734375,1,0.4175,1.7195648e-06
mendeley/extracted/Bangla Audio Dataset Original and DeepFake Voices for AI-Based Voice Analysis and Detection/Dataset/S2M04/Real/23.wav,0,MEN,MEN-S2M04,TG:0853bab98c8f314f,-24.4375,1,0.4008333333333334,2.4374098e-11
mendeley/extracted/Bangla Audio Dataset Original and DeepFake Voices for AI-Based Voice Analysis and Detection/Dataset/S2M04/Real/24.wav,0,MEN,MEN-S2M04,TG:289fcb521c3b150a,-18.171875,1,0.4175,1.282493e-08
mendeley/extracted/Bangla Audio Dataset Original and DeepFake Voices for AI-Based Voice Analysis and Detection/Dataset/S2M04/Real/25.wav,0,MEN,MEN-S2M04,TG:40b84a5f1cb3b6f7,-9.046875,1,0.4008333333333334,0.000117744596
mendeley/extracted/Bangla Audio Dataset Original and DeepFake Voices for AI-Based Voice Analysis and Detection/Dataset/S2M04/Real/26.wav,0,MEN,MEN-S2M04,TG:0927b5e32fe2f3c3,-2.1425781,1,0.4008333333333334,0.10502681
mendeley/extracted/Bangla Audio Dataset Original and DeepFake Voices for AI-Based Voice Analysis and Detection/Dataset/S2M04/Real/27.wav,0,MEN,MEN-S2M04,TG:cc2b4377cdecc854,-7.6875,1,0.3341666666666666,0.0004583129
mendeley/extracted/Bangla Audio Dataset Original and DeepFake Voices for AI-Based Voice Analysis and Detection/Dataset/S2M04/Real/28.wav,0,MEN,MEN-S2M04,TG:9324b178591cabbc,-18.328125,1,0.4675,1.0969743e-08
mendeley/extracted/Bangla Audio Dataset Original and DeepFake Voices for AI-Based Voice Analysis and Detection/Dataset/S2M04/Real/29.wav,0,MEN,MEN-S2M04,TG:7fb328868f0ac39d,-13.8203125,1,0.4841666666666666,9.952086e-07
mendeley/extracted/Bangla Audio Dataset Original and DeepFake Voices for AI-Based Voice Analysis and Detection/Dataset/S2M04/Real/3.wav,0,MEN,MEN-S2M04,TG:f50e8049e973348f,-6.0039062,1,0.4008333333333334,0.002463007
mendeley/extracted/Bangla Audio Dataset Original and DeepFake Voices for AI-Based Voice Analysis and Detection/Dataset/S2M04/Real/30.wav,0,MEN,MEN-S2M04,TG:889385251133086d,-12.9609375,1,0.4175,2.350365e-06
mendeley/extracted/Bangla Audio Dataset Original and DeepFake Voices for AI-Based Voice Analysis and Detection/Dataset/S2M04/Real/4.wav,0,MEN,MEN-S2M04,TG:8ce64b152c444b3e,-4.5039062,1,0.5175000000000001,0.010944578
mendeley/extracted/Bangla Audio Dataset Original and DeepFake Voices for AI-Based Voice Analysis and Detection/Dataset/S2M04/Real/5.wav,0,MEN,MEN-S2M04,TG:df1971069cd078a3,-16.890625,1,0.4841666666666666,4.6184343e-08
mendeley/extracted/Bangla Audio Dataset Original and DeepFake Voices for AI-Based Voice Analysis and Detection/Dataset/S2M04/Real/6.wav,0,MEN,MEN-S2M04,TG:97bbdf40bcf80ca3,-9.3203125,1,0.5008333333333334,8.957789e-05
mendeley/extracted/Bangla Audio Dataset Original and DeepFake Voices for AI-Based Voice Analysis and Detection/Dataset/S2M04/Real/7.wav,0,MEN,MEN-S2M04,TG:ad21867e01875176,-18.46875,1,0.4841666666666666,9.530678e-09
mendeley/extracted/Bangla Audio Dataset Original and DeepFake Voices for AI-Based Voice Analysis and Detection/Dataset/S2M04/Real/8.wav,0,MEN,MEN-S2M04,TG:8a0169787fba87e5,-14.75,1,0.4008333333333334,3.927862e-07
mendeley/extracted/Bangla Audio Dataset Original and DeepFake Voices for AI-Based Voice Analysis and Detection/Dataset/S2M04/Real/9.wav,0,MEN,MEN-S2M04,TG:579044776182eb17,-10.703125,1,0.4175,2.247409e-05
mendeley/extracted/Bangla Audio Dataset Original and DeepFake Voices for AI-Based Voice Analysis and Detection/Dataset/S2M05/Fake/1.wav,1,MEN,MEN-S2M05,TG:b20a3f0d02492dde,8.203125,1,0.2958333333333333,0.99972624
mendeley/extracted/Bangla Audio Dataset Original and DeepFake Voices for AI-Based Voice Analysis and Detection/Dataset/S2M05/Fake/10.wav,1,MEN,MEN-S2M05,TG:33b1f33dae6afa07,-9.8203125,1,0.4775,5.433365e-05
mendeley/extracted/Bangla Audio Dataset Original and DeepFake Voices for AI-Based Voice Analysis and Detection/Dataset/S2M05/Fake/11.wav,1,MEN,MEN-S2M05,TG:bbe30dd5ada268b4,-7.890625,1,0.4675,0.0003740956
mendeley/extracted/Bangla Audio Dataset Original and DeepFake Voices for AI-Based Voice Analysis and Detection/Dataset/S2M05/Fake/12.wav,1,MEN,MEN-S2M05,TG:6074856ccebe1d75,-12.0078125,1,0.4608333333333333,6.0963603e-06
mendeley/extracted/Bangla Audio Dataset Original and DeepFake Voices for AI-Based Voice Analysis and Detection/Dataset/S2M05/Fake/13.wav,1,MEN,MEN-S2M05,TG:2cd01584e8b49dae,-13.7578125,1,0.4675,1.059394e-06
mendeley/extracted/Bangla Audio Dataset Original and DeepFake Voices for AI-Based Voice Analysis and Detection/Dataset/S2M05/Fake/14.wav,1,MEN,MEN-S2M05,TG:9f0e2d6c08097dec,-0.6723633,1,0.3308333333333333,0.33796784
mendeley/extracted/Bangla Audio Dataset Original and DeepFake Voices for AI-Based Voice Analysis and Detection/Dataset/S2M05/Fake/15.wav,1,MEN,MEN-S2M05,TG:1c625cb144c83a4e,-17.0625,1,0.4958333333333333,3.8891113e-08
mendeley/extracted/Bangla Audio Dataset Original and DeepFake Voices for AI-Based Voice Analysis and Detection/Dataset/S2M05/Fake/16.wav,1,MEN,MEN-S2M05,TG:8e996bc7105e9806,-13.5390625,1,0.5375,1.3184367e-06
mendeley/extracted/Bangla Audio Dataset Original and DeepFake Voices for AI-Based Voice Analysis and Detection/Dataset/S2M05/Fake/17.wav,1,MEN,MEN-S2M05,TG:b14e52bf5954d16c,2.3847656,1,0.4541666666666667,0.91565824
mendeley/extracted/Bangla Audio Dataset Original and DeepFake Voices for AI-Based Voice Analysis and Detection/Dataset/S2M05/Fake/18.wav,1,MEN,MEN-S2M05,TG:22a136bd91a94101,0.036743164,1,0.5175000000000001,0.5091848
mendeley/extracted/Bangla Audio Dataset Original and DeepFake Voices for AI-Based Voice Analysis and Detection/Dataset/S2M05/Fake/19.wav,1,MEN,MEN-S2M05,TG:bdf52a53172256ba,-18.171875,1,0.3774999999999999,1.282493e-08
mendeley/extracted/Bangla Audio Dataset Original and DeepFake Voices for AI-Based Voice Analysis and Detection/Dataset/S2M05/Fake/2.wav,1,MEN,MEN-S2M05,TG:96efe46367590bfc,0.5541992,1,0.3941666666666666,0.6351093
mendeley/extracted/Bangla Audio Dataset Original and DeepFake Voices for AI-Based Voice Analysis and Detection/Dataset/S2M05/Fake/20.wav,1,MEN,MEN-S2M05,TG:8679fd3194015daa,-19.921875,1,0.5175000000000001,2.2286384e-09
mendeley/extracted/Bangla Audio Dataset Original and DeepFake Voices for AI-Based Voice Analysis and Detection/Dataset/S2M05/Fake/21.wav,1,MEN,MEN-S2M05,TG:8d69e5e5f763c90d,-13.25,1,0.4358333333333333,1.7603434e-06
mendeley/extracted/Bangla Audio Dataset Original and DeepFake Voices for AI-Based Voice Analysis and Detection/Dataset/S2M05/Fake/22.wav,1,MEN,MEN-S2M05,TG:fd6d9ea4183989da,-13.171875,1,0.5425,1.9033845e-06
mendeley/extracted/Bangla Audio Dataset Original and DeepFake Voices for AI-Based Voice Analysis and Detection/Dataset/S2M05/Fake/23.wav,1,MEN,MEN-S2M05,TG:0853bab98c8f314f,-14.5390625,1,0.4758333333333333,4.8502613e-07
mendeley/extracted/Bangla Audio Dataset Original and DeepFake Voices for AI-Based Voice Analysis and Detection/Dataset/S2M05/Fake/24.wav,1,MEN,MEN-S2M05,TG:289fcb521c3b150a,-17.890625,1,0.5075000000000001,1.699027e-08
mendeley/extracted/Bangla Audio Dataset Original and DeepFake Voices for AI-Based Voice Analysis and Detection/Dataset/S2M05/Fake/25.wav,1,MEN,MEN-S2M05,TG:40b84a5f1cb3b6f7,-4.3242188,1,0.2341666666666666,0.0130707845
mendeley/extracted/Bangla Audio Dataset Original and DeepFake Voices for AI-Based Voice Analysis and Detection/Dataset/S2M05/Fake/26.wav,1,MEN,MEN-S2M05,TG:0927b5e32fe2f3c3,-7.6640625,1,0.3575,0.00046917633
mendeley/extracted/Bangla Audio Dataset Original and DeepFake Voices for AI-Based Voice Analysis and Detection/Dataset/S2M05/Fake/27.wav,1,MEN,MEN-S2M05,TG:cc2b4377cdecc854,-15.3671875,1,0.2991666666666667,2.1189229e-07
mendeley/extracted/Bangla Audio Dataset Original and DeepFake Voices for AI-Based Voice Analysis and Detection/Dataset/S2M05/Fake/28.wav,1,MEN,MEN-S2M05,TG:9324b178591cabbc,-6.6367188,1,0.5225,0.0013096055
mendeley/extracted/Bangla Audio Dataset Original and DeepFake Voices for AI-Based Voice Analysis and Detection/Dataset/S2M05/Fake/29.wav,1,MEN,MEN-S2M05,TG:7fb328868f0ac39d,1.0214844,1,0.4091666666666667,0.7352617
mendeley/extracted/Bangla Audio Dataset Original and DeepFake Voices for AI-Based Voice Analysis and Detection/Dataset/S2M05/Fake/3.wav,1,MEN,MEN-S2M05,TG:f50e8049e973348f,3.390625,1,0.4041666666666667,0.96741027
mendeley/extracted/Bangla Audio Dataset Original and DeepFake Voices for AI-Based Voice Analysis and Detection/Dataset/S2M05/Fake/30.wav,1,MEN,MEN-S2M05,TG:889385251133086d,-4.1484375,1,0.5958333333333333,0.015543648
mendeley/extracted/Bangla Audio Dataset Original and DeepFake Voices for AI-Based Voice Analysis and Detection/Dataset/S2M05/Fake/4.wav,1,MEN,MEN-S2M05,TG:8ce64b152c444b3e,-17.40625,1,0.3841666666666666,2.7577933e-08
mendeley/extracted/Bangla Audio Dataset Original and DeepFake Voices for AI-Based Voice Analysis and Detection/Dataset/S2M05/Fake/5.wav,1,MEN,MEN-S2M05,TG:df1971069cd078a3,-8.671875,1,0.3824999999999999,0.00017130822
mendeley/extracted/Bangla Audio Dataset Original and DeepFake Voices for AI-Based Voice Analysis and Detection/Dataset/S2M05/Fake/6.wav,1,MEN,MEN-S2M05,TG:97bbdf40bcf80ca3,-13.546875,1,0.3508333333333333,1.3081766e-06
mendeley/extracted/Bangla Audio Dataset Original and DeepFake Voices for AI-Based Voice Analysis and Detection/Dataset/S2M05/Fake/7.wav,1,MEN,MEN-S2M05,TG:ad21867e01875176,-16.171875,1,0.4091666666666667,9.4764104e-08
mendeley/extracted/Bangla Audio Dataset Original and DeepFake Voices for AI-Based Voice Analysis and Detection/Dataset/S2M05/Fake/8.wav,1,MEN,MEN-S2M05,TG:8a0169787fba87e5,-11.6875,1,0.2624999999999999,8.398072e-06
mendeley/extracted/Bangla Audio Dataset Original and DeepFake Voices for AI-Based Voice Analysis and Detection/Dataset/S2M05/Fake/9.wav,1,MEN,MEN-S2M05,TG:579044776182eb17,-19.171875,1,0.5041666666666667,4.7180277e-09
mendeley/extracted/Bangla Audio Dataset Original and DeepFake Voices for AI-Based Voice Analysis and Detection/Dataset/S2M05/Real/1.wav,0,MEN,MEN-S2M05,TG:b20a3f0d02492dde,-43.90625,1,0.6508333333333334,8.545902e-20
mendeley/extracted/Bangla Audio Dataset Original and DeepFake Voices for AI-Based Voice Analysis and Detection/Dataset/S2M05/Real/10.wav,0,MEN,MEN-S2M05,TG:33b1f33dae6afa07,-36.875,1,0.7008333333333333,9.669209e-17
mendeley/extracted/Bangla Audio Dataset Original and DeepFake Voices for AI-Based Voice Analysis and Detection/Dataset/S2M05/Real/11.wav,0,MEN,MEN-S2M05,TG:bbe30dd5ada268b4,-38.40625,1,0.5841666666666667,2.0911131e-17
mendeley/extracted/Bangla Audio Dataset Original and DeepFake Voices for AI-Based Voice Analysis and Detection/Dataset/S2M05/Real/12.wav,0,MEN,MEN-S2M05,TG:6074856ccebe1d75,-43.1875,1,0.6841666666666666,1.7535052e-19
mendeley/extracted/Bangla Audio Dataset Original and DeepFake Voices for AI-Based Voice Analysis and Detection/Dataset/S2M05/Real/13.wav,0,MEN,MEN-S2M05,TG:2cd01584e8b49dae,-46.21875,1,0.6341666666666667,8.461589e-21
mendeley/extracted/Bangla Audio Dataset Original and DeepFake Voices for AI-Based Voice Analysis and Detection/Dataset/S2M05/Real/14.wav,0,MEN,MEN-S2M05,TG:9f0e2d6c08097dec,-33.875,1,0.5341666666666667,1.9421127e-15
mendeley/extracted/Bangla Audio Dataset Original and DeepFake Voices for AI-Based Voice Analysis and Detection/Dataset/S2M05/Real/15.wav,0,MEN,MEN-S2M05,TG:1c625cb144c83a4e,-30.375,1,0.7341666666666666,6.4313945e-14
mendeley/extracted/Bangla Audio Dataset Original and DeepFake Voices for AI-Based Voice Analysis and Detection/Dataset/S2M05/Real/16.wav,0,MEN,MEN-S2M05,TG:8e996bc7105e9806,-42.28125,1,0.7008333333333333,4.339967e-19
mendeley/extracted/Bangla Audio Dataset Original and DeepFake Voices for AI-Based Voice Analysis and Detection/Dataset/S2M05/Real/17.wav,0,MEN,MEN-S2M05,TG:b14e52bf5954d16c,-39.71875,1,0.6675,5.6281555e-18
mendeley/extracted/Bangla Audio Dataset Original and DeepFake Voices for AI-Based Voice Analysis and Detection/Dataset/S2M05/Real/18.wav,0,MEN,MEN-S2M05,TG:22a136bd91a94101,-44.21875,1,0.6841666666666666,6.252316e-20
mendeley/extracted/Bangla Audio Dataset Original and DeepFake Voices for AI-Based Voice Analysis and Detection/Dataset/S2M05/Real/19.wav,0,MEN,MEN-S2M05,TG:bdf52a53172256ba,-37.125,1,0.6008333333333333,7.530388e-17
mendeley/extracted/Bangla Audio Dataset Original and DeepFake Voices for AI-Based Voice Analysis and Detection/Dataset/S2M05/Real/2.wav,0,MEN,MEN-S2M05,TG:96efe46367590bfc,-21.265625,1,0.6008333333333333,5.813751e-10
mendeley/extracted/Bangla Audio Dataset Original and DeepFake Voices for AI-Based Voice Analysis and Detection/Dataset/S2M05/Real/20.wav,0,MEN,MEN-S2M05,TG:8679fd3194015daa,-44.59375,1,0.7175,4.2971496e-20
mendeley/extracted/Bangla Audio Dataset Original and DeepFake Voices for AI-Based Voice Analysis and Detection/Dataset/S2M05/Real/21.wav,0,MEN,MEN-S2M05,TG:8d69e5e5f763c90d,-40.15625,1,0.6675,3.63381e-18
mendeley/extracted/Bangla Audio Dataset Original and DeepFake Voices for AI-Based Voice Analysis and Detection/Dataset/S2M05/Real/22.wav,0,MEN,MEN-S2M05,TG:fd6d9ea4183989da,-44.03125,1,0.7175,7.5417326e-20
mendeley/extracted/Bangla Audio Dataset Original and DeepFake Voices for AI-Based Voice Analysis and Detection/Dataset/S2M05/Real/23.wav,0,MEN,MEN-S2M05,TG:0853bab98c8f314f,-37.5,1,0.6675,5.175555e-17
mendeley/extracted/Bangla Audio Dataset Original and DeepFake Voices for AI-Based Voice Analysis and Detection/Dataset/S2M05/Real/24.wav,0,MEN,MEN-S2M05,TG:289fcb521c3b150a,-44.1875,1,0.6675,6.4507855e-20
mendeley/extracted/Bangla Audio Dataset Original and DeepFake Voices for AI-Based Voice Analysis and Detection/Dataset/S2M05/Real/25.wav,0,MEN,MEN-S2M05,TG:40b84a5f1cb3b6f7,-27.09375,1,0.4841666666666666,1.7113305e-12
mendeley/extracted/Bangla Audio Dataset Original and DeepFake Voices for AI-Based Voice Analysis and Detection/Dataset/S2M05/Real/26.wav,0,MEN,MEN-S2M05,TG:0927b5e32fe2f3c3,-37.84375,1,0.5841666666666667,3.670018e-17
mendeley/extracted/Bangla Audio Dataset Original and DeepFake Voices for AI-Based Voice Analysis and Detection/Dataset/S2M05/Real/27.wav,0,MEN,MEN-S2M05,TG:cc2b4377cdecc854,-45.5,1,0.5675,1.7362053e-20
mendeley/extracted/Bangla Audio Dataset Original and DeepFake Voices for AI-Based Voice Analysis and Detection/Dataset/S2M05/Real/28.wav,0,MEN,MEN-S2M05,TG:9324b178591cabbc,-53.5,1,0.7008333333333333,5.8243194e-24
mendeley/extracted/Bangla Audio Dataset Original and DeepFake Voices for AI-Based Voice Analysis and Detection/Dataset/S2M05/Real/29.wav,0,MEN,MEN-S2M05,TG:7fb328868f0ac39d,-54.5625,1,0.7008333333333333,2.0128313e-24
mendeley/extracted/Bangla Audio Dataset Original and DeepFake Voices for AI-Based Voice Analysis and Detection/Dataset/S2M05/Real/3.wav,0,MEN,MEN-S2M05,TG:f50e8049e973348f,-28.828125,1,0.6341666666666667,3.0206778e-13
mendeley/extracted/Bangla Audio Dataset Original and DeepFake Voices for AI-Based Voice Analysis and Detection/Dataset/S2M05/Real/30.wav,0,MEN,MEN-S2M05,TG:889385251133086d,-49.5625,1,0.7175,2.9873064e-22
mendeley/extracted/Bangla Audio Dataset Original and DeepFake Voices for AI-Based Voice Analysis and Detection/Dataset/S2M05/Real/4.wav,0,MEN,MEN-S2M05,TG:8ce64b152c444b3e,-28.46875,1,0.6675,4.3269208e-13
mendeley/extracted/Bangla Audio Dataset Original and DeepFake Voices for AI-Based Voice Analysis and Detection/Dataset/S2M05/Real/5.wav,0,MEN,MEN-S2M05,TG:df1971069cd078a3,-36.4375,1,0.7008333333333333,1.4975966e-16
mendeley/extracted/Bangla Audio Dataset Original and DeepFake Voices for AI-Based Voice Analysis and Detection/Dataset/S2M05/Real/6.wav,0,MEN,MEN-S2M05,TG:97bbdf40bcf80ca3,-40.75,1,0.6508333333333334,2.0067805e-18
mendeley/extracted/Bangla Audio Dataset Original and DeepFake Voices for AI-Based Voice Analysis and Detection/Dataset/S2M05/Real/7.wav,0,MEN,MEN-S2M05,TG:ad21867e01875176,-34.5625,1,0.7341666666666666,9.765555e-16
mendeley/extracted/Bangla Audio Dataset Original and DeepFake Voices for AI-Based Voice Analysis and Detection/Dataset/S2M05/Real/8.wav,0,MEN,MEN-S2M05,TG:8a0169787fba87e5,-37.125,1,0.5508333333333333,7.530388e-17
mendeley/extracted/Bangla Audio Dataset Original and DeepFake Voices for AI-Based Voice Analysis and Detection/Dataset/S2M05/Real/9.wav,0,MEN,MEN-S2M05,TG:579044776182eb17,-42.8125,1,0.6174999999999999,2.5513352e-19
mendeley/extracted/Bangla Audio Dataset Original and DeepFake Voices for AI-Based Voice Analysis and Detection/Dataset/S3F01/Fake/1.wav,1,MEN,MEN-S3F01,TG:c64a37b6788eff47,-11.0078125,1,0.4958333333333333,1.6571452e-05
mendeley/extracted/Bangla Audio Dataset Original and DeepFake Voices for AI-Based Voice Analysis and Detection/Dataset/S3F01/Fake/10.wav,1,MEN,MEN-S3F01,TG:e4f6f434932f766c,-20.734375,1,0.4825,9.889524e-10
mendeley/extracted/Bangla Audio Dataset Original and DeepFake Voices for AI-Based Voice Analysis and Detection/Dataset/S3F01/Fake/11.wav,1,MEN,MEN-S3F01,TG:279416c756e06369,-3.6328125,1,0.4675,0.025760558
mendeley/extracted/Bangla Audio Dataset Original and DeepFake Voices for AI-Based Voice Analysis and Detection/Dataset/S3F01/Fake/12.wav,1,MEN,MEN-S3F01,TG:29d9398f6eb46b4c,-8.7734375,1,0.5075000000000001,0.00015476662
mendeley/extracted/Bangla Audio Dataset Original and DeepFake Voices for AI-Based Voice Analysis and Detection/Dataset/S3F01/Fake/13.wav,1,MEN,MEN-S3F01,TG:a654883aa77ef593,3.6328125,1,0.3641666666666666,0.97423947
mendeley/extracted/Bangla Audio Dataset Original and DeepFake Voices for AI-Based Voice Analysis and Detection/Dataset/S3F01/Fake/14.wav,1,MEN,MEN-S3F01,TG:da1b8fe7ea374f0b,-7.3046875,1,0.1274999999999999,0.0006719279
mendeley/extracted/Bangla Audio Dataset Original and DeepFake Voices for AI-Based Voice Analysis and Detection/Dataset/S3F01/Fake/15.wav,1,MEN,MEN-S3F01,TG:0024a0b4f77f02d4,10.4921875,1,0.4741666666666666,0.9999722
mendeley/extracted/Bangla Audio Dataset Original and DeepFake Voices for AI-Based Voice Analysis and Detection/Dataset/S3F01/Fake/16.wav,1,MEN,MEN-S3F01,TG:8f6e37cf38ec1a44,-9.1640625,1,0.4775,0.000104725565
mendeley/extracted/Bangla Audio Dataset Original and DeepFake Voices for AI-Based Voice Analysis and Detection/Dataset/S3F01/Fake/17.wav,1,MEN,MEN-S3F01,TG:3669c591dfbe7a55,7.0859375,1,0.2808333333333334,0.99916387
mendeley/extracted/Bangla Audio Dataset Original and DeepFake Voices for AI-Based Voice Analysis and Detection/Dataset/S3F01/Fake/18.wav,1,MEN,MEN-S3F01,TG:8be6babbf81be123,-17.796875,1,0.3641666666666666,1.866016e-08
mendeley/extracted/Bangla Audio Dataset Original and DeepFake Voices for AI-Based Voice Analysis and Detection/Dataset/S3F01/Fake/19.wav,1,MEN,MEN-S3F01,TG:7f247b87b49d5fb0,8.015625,1,0.0224999999999999,0.9996699
mendeley/extracted/Bangla Audio Dataset Original and DeepFake Voices for AI-Based Voice Analysis and Detection/Dataset/S3F01/Fake/2.wav,1,MEN,MEN-S3F01,TG:e77eed1a0aa1b7cf,-18.015625,1,0.4775,1.4993862e-08
mendeley/extracted/Bangla Audio Dataset Original and DeepFake Voices for AI-Based Voice Analysis and Detection/Dataset/S3F01/Fake/20.wav,1,MEN,MEN-S3F01,TG:567b144e9ae8bc8b,-1.1445312,1,0.3308333333333333,0.24148938
mendeley/extracted/Bangla Audio Dataset Original and DeepFake Voices for AI-Based Voice Analysis and Detection/Dataset/S3F01/Fake/21.wav,1,MEN,MEN-S3F01,TG:9e58a2d9515bce87,-9.21875,1,0.4425,9.915273e-05
mendeley/extracted/Bangla Audio Dataset Original and DeepFake Voices for AI-Based Voice Analysis and Detection/Dataset/S3F01/Fake/22.wav,1,MEN,MEN-S3F01,TG:39deb4923c5e7c69,2.8574219,1,0.2325,0.9457011
mendeley/extracted/Bangla Audio Dataset Original and DeepFake Voices for AI-Based Voice Analysis and Detection/Dataset/S3F01/Fake/23.wav,1,MEN,MEN-S3F01,TG:7b7d4f0518a452ce,-3.734375,1,0.4008333333333334,0.02333077
mendeley/extracted/Bangla Audio Dataset Original and DeepFake Voices for AI-Based Voice Analysis and Detection/Dataset/S3F01/Fake/24.wav,1,MEN,MEN-S3F01,TG:ff2ff224c96a1888,2.2324219,1,0.4491666666666667,0.90312344
mendeley/extracted/Bangla Audio Dataset Original and DeepFake Voices for AI-Based Voice Analysis and Detection/Dataset/S3F01/Fake/25.wav,1,MEN,MEN-S3F01,TG:9c6ff62d512d4446,-3.4394531,1,0.1674999999999999,0.031084951
mendeley/extracted/Bangla Audio Dataset Original and DeepFake Voices for AI-Based Voice Analysis and Detection/Dataset/S3F01/Fake/26.wav,1,MEN,MEN-S3F01,TG:527411d819e34baa,5.8515625,1,0.5241666666666667,0.9971328
mendeley/extracted/Bangla Audio Dataset Original and DeepFake Voices for AI-Based Voice Analysis and Detection/Dataset/S3F01/Fake/27.wav,1,MEN,MEN-S3F01,TG:b6a6a3b4c18cb76d,-5.234375,1,0.4541666666666667,0.005301895
mendeley/extracted/Bangla Audio Dataset Original and DeepFake Voices for AI-Based Voice Analysis and Detection/Dataset/S3F01/Fake/28.wav,1,MEN,MEN-S3F01,TG:143353d18a45fba7,-12.40625,1,0.4125,4.0929112e-06
mendeley/extracted/Bangla Audio Dataset Original and DeepFake Voices for AI-Based Voice Analysis and Detection/Dataset/S3F01/Fake/29.wav,1,MEN,MEN-S3F01,TG:2939ab8429b75898,-2.6855469,1,0.4558333333333333,0.06383161
mendeley/extracted/Bangla Audio Dataset Original and DeepFake Voices for AI-Based Voice Analysis and Detection/Dataset/S3F01/Fake/3.wav,1,MEN,MEN-S3F01,TG:60894dee2b546c5f,11.1640625,1,0.3658333333333333,0.9999858
mendeley/extracted/Bangla Audio Dataset Original and DeepFake Voices for AI-Based Voice Analysis and Detection/Dataset/S3F01/Fake/30.wav,1,MEN,MEN-S3F01,TG:12ec84bfce694bf7,-14.4921875,1,0.2741666666666666,5.0830306e-07
mendeley/extracted/Bangla Audio Dataset Original and DeepFake Voices for AI-Based Voice Analysis and Detection/Dataset/S3F01/Fake/4.wav,1,MEN,MEN-S3F01,TG:ba3a3390e238eabe,6.7226562,1,0.4891666666666666,0.99879813
mendeley/extracted/Bangla Audio Dataset Original and DeepFake Voices for AI-Based Voice Analysis and Detection/Dataset/S3F01/Fake/5.wav,1,MEN,MEN-S3F01,TG:4d2279fbc9b21903,-2.6777344,1,0.4908333333333333,0.06430005
mendeley/extracted/Bangla Audio Dataset Original and DeepFake Voices for AI-Based Voice Analysis and Detection/Dataset/S3F01/Fake/6.wav,1,MEN,MEN-S3F01,TG:e1a6cf0ea369c47c,-16.34375,1,0.5008333333333334,7.979938e-08
mendeley/extracted/Bangla Audio Dataset Original and DeepFake Voices for AI-Based Voice Analysis and Detection/Dataset/S3F01/Fake/7.wav,1,MEN,MEN-S3F01,TG:b94c02a58d6767fd,13.6328125,1,0.4858333333333333,0.9999988
mendeley/extracted/Bangla Audio Dataset Original and DeepFake Voices for AI-Based Voice Analysis and Detection/Dataset/S3F01/Fake/8.wav,1,MEN,MEN-S3F01,TG:2c5c04ca3a814a2b,-10.75,1,0.4275,2.1444948e-05
mendeley/extracted/Bangla Audio Dataset Original and DeepFake Voices for AI-Based Voice Analysis and Detection/Dataset/S3F01/Fake/9.wav,1,MEN,MEN-S3F01,TG:3183698e613eeb91,-3.4140625,1,0.3841666666666666,0.031858854
mendeley/extracted/Bangla Audio Dataset Original and DeepFake Voices for AI-Based Voice Analysis and Detection/Dataset/S3F01/Real/1.wav,0,MEN,MEN-S3F01,TG:c64a37b6788eff47,-51.09375,1,0.5908333333333333,6.4605026e-23
mendeley/extracted/Bangla Audio Dataset Original and DeepFake Voices for AI-Based Voice Analysis and Detection/Dataset/S3F01/Real/10.wav,0,MEN,MEN-S3F01,TG:e4f6f434932f766c,-43.5,1,0.6775,1.282892e-19
mendeley/extracted/Bangla Audio Dataset Original and DeepFake Voices for AI-Based Voice Analysis and Detection/Dataset/S3F01/Real/11.wav,0,MEN,MEN-S3F01,TG:279416c756e06369,-39.90625,1,0.5858333333333333,4.6659046e-18
mendeley/extracted/Bangla Audio Dataset Original and DeepFake Voices for AI-Based Voice Analysis and Detection/Dataset/S3F01/Real/12.wav,0,MEN,MEN-S3F01,TG:29d9398f6eb46b4c,-38.875,1,0.7224999999999999,1.3085852e-17
mendeley/extracted/Bangla Audio Dataset Original and DeepFake Voices for AI-Based Voice Analysis and Detection/Dataset/S3F01/Real/13.wav,0,MEN,MEN-S3F01,TG:a654883aa77ef593,-42.71875,1,0.5958333333333333,2.8020935e-19
mendeley/extracted/Bangla Audio Dataset Original and DeepFake Voices for AI-Based Voice Analysis and Detection/Dataset/S3F01/Real/14.wav,0,MEN,MEN-S3F01,TG:da1b8fe7ea374f0b,-39.3125,1,0.4458333333333333,8.448862e-18
mendeley/extracted/Bangla Audio Dataset Original and DeepFake Voices for AI-Based Voice Analysis and Detection/Dataset/S3F01/Real/15.wav,0,MEN,MEN-S3F01,TG:0024a0b4f77f02d4,-30.640625,1,0.4325,4.931121e-14
mendeley/extracted/Bangla Audio Dataset Original and DeepFake Voices for AI-Based Voice Analysis and Detection/Dataset/S3F01/Real/16.wav,0,MEN,MEN-S3F01,TG:8f6e37cf38ec1a44,-40.21875,1,0.6775,3.4136487e-18
mendeley/extracted/Bangla Audio Dataset Original and DeepFake Voices for AI-Based Voice Analysis and Detection/Dataset/S3F01/Real/17.wav,0,MEN,MEN-S3F01,TG:3669c591dfbe7a55,-32.4375,1,0.3974999999999999,8.1766e-15
mendeley/extracted/Bangla Audio Dataset Original and DeepFake Voices for AI-Based Voice Analysis and Detection/Dataset/S3F01/Real/18.wav,0,MEN,MEN-S3F01,TG:8be6babbf81be123,-36.4375,1,0.6091666666666666,1.4975966e-16
mendeley/extracted/Bangla Audio Dataset Original and DeepFake Voices for AI-Based Voice Analysis and Detection/Dataset/S3F01/Real/19.wav,0,MEN,MEN-S3F01,TG:7f247b87b49d5fb0,-34.1875,1,0.4658333333333333,1.4208801e-15
mendeley/extracted/Bangla Audio Dataset Original and DeepFake Voices for AI-Based Voice Analysis and Detection/Dataset/S3F01/Real/2.wav,0,MEN,MEN-S3F01,TG:e77eed1a0aa1b7cf,-43.84375,1,0.6208333333333333,9.0970655e-20
mendeley/extracted/Bangla Audio Dataset Original and DeepFake Voices for AI-Based Voice Analysis and Detection/Dataset/S3F01/Real/20.wav,0,MEN,MEN-S3F01,TG:567b144e9ae8bc8b,-56.4375,1,0.4891666666666666,3.0867765e-25
mendeley/extracted/Bangla Audio Dataset Original and DeepFake Voices for AI-Based Voice Analysis and Detection/Dataset/S3F01/Real/21.wav,0,MEN,MEN-S3F01,TG:9e58a2d9515bce87,-44.625,1,0.5658333333333334,4.1649397e-20
mendeley/extracted/Bangla Audio Dataset Original and DeepFake Voices for AI-Based Voice Analysis and Detection/Dataset/S3F01/Real/22.wav,0,MEN,MEN-S3F01,TG:39deb4923c5e7c69,-49.5625,1,0.4408333333333333,2.9873064e-22
mendeley/extracted/Bangla Audio Dataset Original and DeepFake Voices for AI-Based Voice Analysis and Detection/Dataset/S3F01/Real/23.wav,0,MEN,MEN-S3F01,TG:7b7d4f0518a452ce,-35.625,1,0.5441666666666667,3.3748858e-16
mendeley/extracted/Bangla Audio Dataset Original and DeepFake Voices for AI-Based Voice Analysis and Detection/Dataset/S3F01/Real/24.wav,0,MEN,MEN-S3F01,TG:ff2ff224c96a1888,-42.0,1,0.5875,5.7495225e-19
mendeley/extracted/Bangla Audio Dataset Original and DeepFake Voices for AI-Based Voice Analysis and Detection/Dataset/S3F01/Real/25.wav,0,MEN,MEN-S3F01,TG:9c6ff62d512d4446,-36.53125,1,0.4608333333333333,1.363577e-16
mendeley/extracted/Bangla Audio Dataset Original and DeepFake Voices for AI-Based Voice Analysis and Detection/Dataset/S3F01/Real/26.wav,0,MEN,MEN-S3F01,TG:527411d819e34baa,-34.09375,1,0.6608333333333334,1.5605315e-15
mendeley/extracted/Bangla Audio Dataset Original and DeepFake Voices for AI-Based Voice Analysis and Detection/Dataset/S3F01/Real/27.wav,0,MEN,MEN-S3F01,TG:b6a6a3b4c18cb76d,-35.84375,1,0.6725,2.711797e-16
mendeley/extracted/Bangla Audio Dataset Original and DeepFake Voices for AI-Based Voice Analysis and Detection/Dataset/S3F01/Real/28.wav,0,MEN,MEN-S3F01,TG:143353d18a45fba7,-31.90625,1,0.4775,1.3908865e-14
mendeley/extracted/Bangla Audio Dataset Original and DeepFake Voices for AI-Based Voice Analysis and Detection/Dataset/S3F01/Real/29.wav,0,MEN,MEN-S3F01,TG:2939ab8429b75898,-40.5625,1,0.5058333333333334,2.4206392e-18
mendeley/extracted/Bangla Audio Dataset Original and DeepFake Voices for AI-Based Voice Analysis and Detection/Dataset/S3F01/Real/3.wav,0,MEN,MEN-S3F01,TG:60894dee2b546c5f,-46.1875,1,0.5491666666666667,8.7301886e-21
mendeley/extracted/Bangla Audio Dataset Original and DeepFake Voices for AI-Based Voice Analysis and Detection/Dataset/S3F01/Real/30.wav,0,MEN,MEN-S3F01,TG:12ec84bfce694bf7,-42.40625,1,0.6141666666666667,3.8300073e-19
mendeley/extracted/Bangla Audio Dataset Original and DeepFake Voices for AI-Based Voice Analysis and Detection/Dataset/S3F01/Real/4.wav,0,MEN,MEN-S3F01,TG:ba3a3390e238eabe,-45.0,1,0.6708333333333334,2.8625186e-20
mendeley/extracted/Bangla Audio Dataset Original and DeepFake Voices for AI-Based Voice Analysis and Detection/Dataset/S3F01/Real/5.wav,0,MEN,MEN-S3F01,TG:4d2279fbc9b21903,-41.65625,1,0.6391666666666667,8.108126e-19
mendeley/extracted/Bangla Audio Dataset Original and DeepFake Voices for AI-Based Voice Analysis and Detection/Dataset/S3F01/Real/6.wav,0,MEN,MEN-S3F01,TG:e1a6cf0ea369c47c,-51.0625,1,0.7258333333333333,6.665582e-23
mendeley/extracted/Bangla Audio Dataset Original and DeepFake Voices for AI-Based Voice Analysis and Detection/Dataset/S3F01/Real/7.wav,0,MEN,MEN-S3F01,TG:b94c02a58d6767fd,-64.875,1,0.6558333333333333,6.685679e-29
mendeley/extracted/Bangla Audio Dataset Original and DeepFake Voices for AI-Based Voice Analysis and Detection/Dataset/S3F01/Real/8.wav,0,MEN,MEN-S3F01,TG:2c5c04ca3a814a2b,-39.90625,1,0.5941666666666667,4.6659046e-18
mendeley/extracted/Bangla Audio Dataset Original and DeepFake Voices for AI-Based Voice Analysis and Detection/Dataset/S3F01/Real/9.wav,0,MEN,MEN-S3F01,TG:3183698e613eeb91,-53.0,1,0.5508333333333333,9.602681e-24
mendeley/extracted/Bangla Audio Dataset Original and DeepFake Voices for AI-Based Voice Analysis and Detection/Dataset/S3F02/Fake/1.wav,1,MEN,MEN-S3F02,TG:c64a37b6788eff47,-9.84375,1,0.3891666666666666,5.307508e-05
mendeley/extracted/Bangla Audio Dataset Original and DeepFake Voices for AI-Based Voice Analysis and Detection/Dataset/S3F02/Fake/10.wav,1,MEN,MEN-S3F02,TG:e4f6f434932f766c,-16.21875,1,0.5025,9.042455e-08
mendeley/extracted/Bangla Audio Dataset Original and DeepFake Voices for AI-Based Voice Analysis and Detection/Dataset/S3F02/Fake/11.wav,1,MEN,MEN-S3F02,TG:279416c756e06369,-21.9375,1,0.5408333333333333,2.9693734e-10
mendeley/extracted/Bangla Audio Dataset Original and DeepFake Voices for AI-Based Voice Analysis and Detection/Dataset/S3F02/Fake/12.wav,1,MEN,MEN-S3F02,TG:29d9398f6eb46b4c,-23.46875,1,0.4908333333333333,6.42172e-11
mendeley/extracted/Bangla Audio Dataset Original and DeepFake Voices for AI-Based Voice Analysis and Detection/Dataset/S3F02/Fake/13.wav,1,MEN,MEN-S3F02,TG:a654883aa77ef593,2.5898438,1,0.3375,0.9302051
mendeley/extracted/Bangla Audio Dataset Original and DeepFake Voices for AI-Based Voice Analysis and Detection/Dataset/S3F02/Fake/14.wav,1,MEN,MEN-S3F02,TG:da1b8fe7ea374f0b,-7.4179688,1,0.1125,0.0006000072
mendeley/extracted/Bangla Audio Dataset Original and DeepFake Voices for AI-Based Voice Analysis and Detection/Dataset/S3F02/Fake/15.wav,1,MEN,MEN-S3F02,TG:0024a0b4f77f02d4,4.8671875,1,0.4508333333333333,0.9923638
mendeley/extracted/Bangla Audio Dataset Original and DeepFake Voices for AI-Based Voice Analysis and Detection/Dataset/S3F02/Fake/16.wav,1,MEN,MEN-S3F02,TG:8f6e37cf38ec1a44,-14.765625,1,0.4541666666666667,3.866966e-07
mendeley/extracted/Bangla Audio Dataset Original and DeepFake Voices for AI-Based Voice Analysis and Detection/Dataset/S3F02/Fake/17.wav,1,MEN,MEN-S3F02,TG:3669c591dfbe7a55,8.2890625,1,0.2891666666666667,0.99974877
mendeley/extracted/Bangla Audio Dataset Original and DeepFake Voices for AI-Based Voice Analysis and Detection/Dataset/S3F02/Fake/18.wav,1,MEN,MEN-S3F02,TG:8be6babbf81be123,-9.046875,1,0.3874999999999999,0.000117744596
mendeley/extracted/Bangla Audio Dataset Original and DeepFake Voices for AI-Based Voice Analysis and Detection/Dataset/S3F02/Fake/19.wav,1,MEN,MEN-S3F02,TG:7f247b87b49d5fb0,-5.6484375,1,0.0158333333333333,0.0035106489
mendeley/extracted/Bangla Audio Dataset Original and DeepFake Voices for AI-Based Voice Analysis and Detection/Dataset/S3F02/Fake/2.wav,1,MEN,MEN-S3F02,TG:e77eed1a0aa1b7cf,-19.71875,1,0.4341666666666667,2.7305849e-09
mendeley/extracted/Bangla Audio Dataset Original and DeepFake Voices for AI-Based Voice Analysis and Detection/Dataset/S3F02/Fake/20.wav,1,MEN,MEN-S3F02,TG:567b144e9ae8bc8b,-9.3359375,1,0.3258333333333333,8.818924e-05
mendeley/extracted/Bangla Audio Dataset Original and DeepFake Voices for AI-Based Voice Analysis and Detection/Dataset/S3F02/Fake/21.wav,1,MEN,MEN-S3F02,TG:9e58a2d9515bce87,-9.7890625,1,0.4408333333333333,5.6058285e-05
mendeley/extracted/Bangla Audio Dataset Original and DeepFake Voices for AI-Based Voice Analysis and Detection/Dataset/S3F02/Fake/22.wav,1,MEN,MEN-S3F02,TG:39deb4923c5e7c69,-1.5820312,1,0.1991666666666667,0.170508
mendeley/extracted/Bangla Audio Dataset Original and DeepFake Voices for AI-Based Voice Analysis and Detection/Dataset/S3F02/Fake/23.wav,1,MEN,MEN-S3F02,TG:7b7d4f0518a452ce,-12.4140625,1,0.3525,4.0610603e-06
mendeley/extracted/Bangla Audio Dataset Original and DeepFake Voices for AI-Based Voice Analysis and Detection/Dataset/S3F02/Fake/24.wav,1,MEN,MEN-S3F02,TG:ff2ff224c96a1888,-12.671875,1,0.4275,3.138147e-06
mendeley/extracted/Bangla Audio Dataset Original and DeepFake Voices for AI-Based Voice Analysis and Detection/Dataset/S3F02/Fake/25.wav,1,MEN,MEN-S3F02,TG:9c6ff62d512d4446,-19.984375,1,0.1408333333333333,2.0936122e-09
mendeley/extracted/Bangla Audio Dataset Original and DeepFake Voices for AI-Based Voice Analysis and Detection/Dataset/S3F02/Fake/26.wav,1,MEN,MEN-S3F02,TG:527411d819e34baa,-5.53125,1,0.5558333333333334,0.003945407
mendeley/extracted/Bangla Audio Dataset Original and DeepFake Voices for AI-Based Voice Analysis and Detection/Dataset/S3F02/Fake/27.wav,1,MEN,MEN-S3F02,TG:b6a6a3b4c18cb76d,2.1816406,1,0.4575,0.89858866
mendeley/extracted/Bangla Audio Dataset Original and DeepFake Voices for AI-Based Voice Analysis and Detection/Dataset/S3F02/Fake/28.wav,1,MEN,MEN-S3F02,TG:143353d18a45fba7,-7.5195312,1,0.4075,0.00054209266
mendeley/extracted/Bangla Audio Dataset Original and DeepFake Voices for AI-Based Voice Analysis and Detection/Dataset/S3F02/Fake/29.wav,1,MEN,MEN-S3F02,TG:2939ab8429b75898,-16.34375,1,0.4875,7.979938e-08
mendeley/extracted/Bangla Audio Dataset Original and DeepFake Voices for AI-Based Voice Analysis and Detection/Dataset/S3F02/Fake/3.wav,1,MEN,MEN-S3F02,TG:60894dee2b546c5f,6.15625,1,0.2891666666666667,0.99788433
mendeley/extracted/Bangla Audio Dataset Original and DeepFake Voices for AI-Based Voice Analysis and Detection/Dataset/S3F02/Fake/30.wav,1,MEN,MEN-S3F02,TG:12ec84bfce694bf7,-10.9296875,1,0.2241666666666666,1.791799e-05
mendeley/extracted/Bangla Audio Dataset Original and DeepFake Voices for AI-Based Voice Analysis and Detection/Dataset/S3F02/Fake/4.wav,1,MEN,MEN-S3F02,TG:ba3a3390e238eabe,-16.03125,1,0.4908333333333333,1.0907282e-07
mendeley/extracted/Bangla Audio Dataset Original and DeepFake Voices for AI-Based Voice Analysis and Detection/Dataset/S3F02/Fake/5.wav,1,MEN,MEN-S3F02,TG:4d2279fbc9b21903,-12.4765625,1,0.4941666666666666,3.8150138e-06
mendeley/extracted/Bangla Audio Dataset Original and DeepFake Voices for AI-Based Voice Analysis and Detection/Dataset/S3F02/Fake/6.wav,1,MEN,MEN-S3F02,TG:e1a6cf0ea369c47c,-17.546875,1,0.5075000000000001,2.3960121e-08
mendeley/extracted/Bangla Audio Dataset Original and DeepFake Voices for AI-Based Voice Analysis and Detection/Dataset/S3F02/Fake/7.wav,1,MEN,MEN-S3F02,TG:b94c02a58d6767fd,-2.1777344,1,0.4608333333333333,0.101767845
mendeley/extracted/Bangla Audio Dataset Original and DeepFake Voices for AI-Based Voice Analysis and Detection/Dataset/S3F02/Fake/8.wav,1,MEN,MEN-S3F02,TG:2c5c04ca3a814a2b,-19.84375,1,0.4408333333333333,2.4097329e-09
mendeley/extracted/Bangla Audio Dataset Original and DeepFake Voices for AI-Based Voice Analysis and Detection/Dataset/S3F02/Fake/9.wav,1,MEN,MEN-S3F02,TG:3183698e613eeb91,-14.3125,1,0.3508333333333333,6.08359e-07
mendeley/extracted/Bangla Audio Dataset Original and DeepFake Voices for AI-Based Voice Analysis and Detection/Dataset/S3F02/Real/1.wav,0,MEN,MEN-S3F02,TG:c64a37b6788eff47,-40.21875,1,0.5175000000000001,3.4136487e-18
mendeley/extracted/Bangla Audio Dataset Original and DeepFake Voices for AI-Based Voice Analysis and Detection/Dataset/S3F02/Real/10.wav,0,MEN,MEN-S3F02,TG:e4f6f434932f766c,-33.28125,1,0.6675,3.5167116e-15
mendeley/extracted/Bangla Audio Dataset Original and DeepFake Voices for AI-Based Voice Analysis and Detection/Dataset/S3F02/Real/11.wav,0,MEN,MEN-S3F02,TG:279416c756e06369,-40.9375,1,0.5675,1.6636795e-18
mendeley/extracted/Bangla Audio Dataset Original and DeepFake Voices for AI-Based Voice Analysis and Detection/Dataset/S3F02/Real/12.wav,0,MEN,MEN-S3F02,TG:29d9398f6eb46b4c,-30.890625,1,0.7008333333333333,3.8403606e-14
mendeley/extracted/Bangla Audio Dataset Original and DeepFake Voices for AI-Based Voice Analysis and Detection/Dataset/S3F02/Real/13.wav,0,MEN,MEN-S3F02,TG:a654883aa77ef593,-8.125,1,0.5675,0.0002959571
mendeley/extracted/Bangla Audio Dataset Original and DeepFake Voices for AI-Based Voice Analysis and Detection/Dataset/S3F02/Real/14.wav,0,MEN,MEN-S3F02,TG:da1b8fe7ea374f0b,-19.03125,1,0.5175000000000001,5.430416e-09
mendeley/extracted/Bangla Audio Dataset Original and DeepFake Voices for AI-Based Voice Analysis and Detection/Dataset/S3F02/Real/15.wav,0,MEN,MEN-S3F02,TG:0024a0b4f77f02d4,-11.453125,1,0.5341666666666667,1.0616136e-05
mendeley/extracted/Bangla Audio Dataset Original and DeepFake Voices for AI-Based Voice Analysis and Detection/Dataset/S3F02/Real/16.wav,0,MEN,MEN-S3F02,TG:8f6e37cf38ec1a44,-18.078125,1,0.6675,1.4085428e-08
mendeley/extracted/Bangla Audio Dataset Original and DeepFake Voices for AI-Based Voice Analysis and Detection/Dataset/S3F02/Real/17.wav,0,MEN,MEN-S3F02,TG:3669c591dfbe7a55,-20.0,1,0.4841666666666666,2.0611535e-09
mendeley/extracted/Bangla Audio Dataset Original and DeepFake Voices for AI-Based Voice Analysis and Detection/Dataset/S3F02/Real/18.wav,0,MEN,MEN-S3F02,TG:8be6babbf81be123,-23.296875,1,0.5341666666666667,7.625982e-11
mendeley/extracted/Bangla Audio Dataset Original and DeepFake Voices for AI-Based Voice Analysis and Detection/Dataset/S3F02/Real/19.wav,0,MEN,MEN-S3F02,TG:7f247b87b49d5fb0,-15.40625,1,0.5008333333333334,2.0377483e-07
mendeley/extracted/Bangla Audio Dataset Original and DeepFake Voices for AI-Based Voice Analysis and Detection/Dataset/S3F02/Real/2.wav,0,MEN,MEN-S3F02,TG:e77eed1a0aa1b7cf,-29.375,1,0.6675,1.748234e-13
mendeley/extracted/Bangla Audio Dataset Original and DeepFake Voices for AI-Based Voice Analysis and Detection/Dataset/S3F02/Real/20.wav,0,MEN,MEN-S3F02,TG:567b144e9ae8bc8b,-10.9765625,1,0.4175,1.7097478e-05
mendeley/extracted/Bangla Audio Dataset Original and DeepFake Voices for AI-Based Voice Analysis and Detection/Dataset/S3F02/Real/21.wav,0,MEN,MEN-S3F02,TG:9e58a2d9515bce87,-9.6796875,1,0.5841666666666667,6.253713e-05
mendeley/extracted/Bangla Audio Dataset Original and DeepFake Voices for AI-Based Voice Analysis and Detection/Dataset/S3F02/Real/22.wav,0,MEN,MEN-S3F02,TG:39deb4923c5e7c69,-25.765625,1,0.5175000000000001,6.458494e-12
mendeley/extracted/Bangla Audio Dataset Original and DeepFake Voices for AI-Based Voice Analysis and Detection/Dataset/S3F02/Real/23.wav,0,MEN,MEN-S3F02,TG:7b7d4f0518a452ce,3.84375,1,0.4675,0.97903574
mendeley/extracted/Bangla Audio Dataset Original and DeepFake Voices for AI-Based Voice Analysis and Detection/Dataset/S3F02/Real/24.wav,0,MEN,MEN-S3F02,TG:ff2ff224c96a1888,-19.453125,1,0.6008333333333333,3.5613539e-09
mendeley/extracted/Bangla Audio Dataset Original and DeepFake Voices for AI-Based Voice Analysis and Detection/Dataset/S3F02/Real/25.wav,0,MEN,MEN-S3F02,TG:9c6ff62d512d4446,-30.953125,1,0.4841666666666666,3.6076848e-14
mendeley/extracted/Bangla Audio Dataset Original and DeepFake Voices for AI-Based Voice Analysis and Detection/Dataset/S3F02/Real/26.wav,0,MEN,MEN-S3F02,TG:527411d819e34baa,-22.453125,1,0.6174999999999999,1.7730938e-10
mendeley/extracted/Bangla Audio Dataset Original and DeepFake Voices for AI-Based Voice Analysis and Detection/Dataset/S3F02/Real/27.wav,0,MEN,MEN-S3F02,TG:b6a6a3b4c18cb76d,-15.3828125,1,0.5841666666666667,2.0860722e-07
mendeley/extracted/Bangla Audio Dataset Original and DeepFake Voices for AI-Based Voice Analysis and Detection/Dataset/S3F02/Real/28.wav,0,MEN,MEN-S3F02,TG:143353d18a45fba7,-21.765625,1,0.3841666666666666,3.526218e-10
mendeley/extracted/Bangla Audio Dataset Original and DeepFake Voices for AI-Based Voice Analysis and Detection/Dataset/S3F02/Real/29.wav,0,MEN,MEN-S3F02,TG:2939ab8429b75898,-24.34375,1,0.4841666666666666,2.6769715e-11
mendeley/extracted/Bangla Audio Dataset Original and DeepFake Voices for AI-Based Voice Analysis and Detection/Dataset/S3F02/Real/3.wav,0,MEN,MEN-S3F02,TG:60894dee2b546c5f,-19.859375,1,0.6008333333333333,2.3723734e-09
mendeley/extracted/Bangla Audio Dataset Original and DeepFake Voices for AI-Based Voice Analysis and Detection/Dataset/S3F02/Real/30.wav,0,MEN,MEN-S3F02,TG:12ec84bfce694bf7,-20.484375,1,0.5008333333333334,1.26984e-09
mendeley/extracted/Bangla Audio Dataset Original and DeepFake Voices for AI-Based Voice Analysis and Detection/Dataset/S3F02/Real/4.wav,0,MEN,MEN-S3F02,TG:ba3a3390e238eabe,-19.6875,1,0.7341666666666666,2.8172629e-09
mendeley/extracted/Bangla Audio Dataset Original and DeepFake Voices for AI-Based Voice Analysis and Detection/Dataset/S3F02/Real/5.wav,0,MEN,MEN-S3F02,TG:4d2279fbc9b21903,-28.296875,1,0.6841666666666666,5.138346e-13
mendeley/extracted/Bangla Audio Dataset Original and DeepFake Voices for AI-Based Voice Analysis and Detection/Dataset/S3F02/Real/6.wav,0,MEN,MEN-S3F02,TG:e1a6cf0ea369c47c,-35.78125,1,0.6841666666666666,2.886693e-16
mendeley/extracted/Bangla Audio Dataset Original and DeepFake Voices for AI-Based Voice Analysis and Detection/Dataset/S3F02/Real/7.wav,0,MEN,MEN-S3F02,TG:b94c02a58d6767fd,-32.65625,1,0.6174999999999999,6.5700826e-15
mendeley/extracted/Bangla Audio Dataset Original and DeepFake Voices for AI-Based Voice Analysis and Detection/Dataset/S3F02/Real/8.wav,0,MEN,MEN-S3F02,TG:2c5c04ca3a814a2b,-23.578125,1,0.6508333333333334,5.756393e-11
mendeley/extracted/Bangla Audio Dataset Original and DeepFake Voices for AI-Based Voice Analysis and Detection/Dataset/S3F02/Real/9.wav,0,MEN,MEN-S3F02,TG:3183698e613eeb91,-23.6875,1,0.6174999999999999,5.159997e-11
mendeley/extracted/Bangla Audio Dataset Original and DeepFake Voices for AI-Based Voice Analysis and Detection/Dataset/S3M03/Fake/1.wav,1,MEN,MEN-S3M03,TG:c64a37b6788eff47,1.0791016,1,0.3758333333333333,0.74632394
mendeley/extracted/Bangla Audio Dataset Original and DeepFake Voices for AI-Based Voice Analysis and Detection/Dataset/S3M03/Fake/10.wav,1,MEN,MEN-S3M03,TG:e4f6f434932f766c,9.6953125,1,0.5341666666666667,0.9999385
mendeley/extracted/Bangla Audio Dataset Original and DeepFake Voices for AI-Based Voice Analysis and Detection/Dataset/S3M03/Fake/11.wav,1,MEN,MEN-S3M03,TG:279416c756e06369,12.7578125,1,0.4291666666666667,0.99999714
mendeley/extracted/Bangla Audio Dataset Original and DeepFake Voices for AI-Based Voice Analysis and Detection/Dataset/S3M03/Fake/12.wav,1,MEN,MEN-S3M03,TG:29d9398f6eb46b4c,12.859375,1,0.5025,0.9999974
mendeley/extracted/Bangla Audio Dataset Original and DeepFake Voices for AI-Based Voice Analysis and Detection/Dataset/S3M03/Fake/13.wav,1,MEN,MEN-S3M03,TG:a654883aa77ef593,8.890625,1,0.2275,0.9998623
mendeley/extracted/Bangla Audio Dataset Original and DeepFake Voices for AI-Based Voice Analysis and Detection/Dataset/S3M03/Fake/14.wav,1,MEN,MEN-S3M03,TG:da1b8fe7ea374f0b,7.0390625,1,0.1925,0.9991239
mendeley/extracted/Bangla Audio Dataset Original and DeepFake Voices for AI-Based Voice Analysis and Detection/Dataset/S3M03/Fake/15.wav,1,MEN,MEN-S3M03,TG:0024a0b4f77f02d4,15.1796875,1,0.4341666666666667,0.99999976
mendeley/extracted/Bangla Audio Dataset Original and DeepFake Voices for AI-Based Voice Analysis and Detection/Dataset/S3M03/Fake/16.wav,1,MEN,MEN-S3M03,TG:8f6e37cf38ec1a44,4.2382812,1,0.4408333333333333,0.9857729
mendeley/extracted/Bangla Audio Dataset Original and DeepFake Voices for AI-Based Voice Analysis and Detection/Dataset/S3M03/Fake/17.wav,1,MEN,MEN-S3M03,TG:3669c591dfbe7a55,15.0234375,1,0.0524999999999999,0.99999964
mendeley/extracted/Bangla Audio Dataset Original and DeepFake Voices for AI-Based Voice Analysis and Detection/Dataset/S3M03/Fake/18.wav,1,MEN,MEN-S3M03,TG:8be6babbf81be123,7.9804688,1,0.2608333333333333,0.999658
mendeley/extracted/Bangla Audio Dataset Original and DeepFake Voices for AI-Based Voice Analysis and Detection/Dataset/S3M03/Fake/19.wav,1,MEN,MEN-S3M03,TG:7f247b87b49d5fb0,9.839844,2,0.0,0.9999467
mendeley/extracted/Bangla Audio Dataset Original and DeepFake Voices for AI-Based Voice Analysis and Detection/Dataset/S3M03/Fake/2.wav,1,MEN,MEN-S3M03,TG:e77eed1a0aa1b7cf,-8.2734375,1,0.5491666666666667,0.00025514138
mendeley/extracted/Bangla Audio Dataset Original and DeepFake Voices for AI-Based Voice Analysis and Detection/Dataset/S3M03/Fake/20.wav,1,MEN,MEN-S3M03,TG:567b144e9ae8bc8b,13.640625,1,0.1841666666666667,0.9999988
mendeley/extracted/Bangla Audio Dataset Original and DeepFake Voices for AI-Based Voice Analysis and Detection/Dataset/S3M03/Fake/21.wav,1,MEN,MEN-S3M03,TG:9e58a2d9515bce87,10.8515625,1,0.3508333333333333,0.99998057
mendeley/extracted/Bangla Audio Dataset Original and DeepFake Voices for AI-Based Voice Analysis and Detection/Dataset/S3M03/Fake/22.wav,1,MEN,MEN-S3M03,TG:39deb4923c5e7c69,6.3359375,1,0.3091666666666667,0.9982317
mendeley/extracted/Bangla Audio Dataset Original and DeepFake Voices for AI-Based Voice Analysis and Detection/Dataset/S3M03/Fake/23.wav,1,MEN,MEN-S3M03,TG:7b7d4f0518a452ce,14.796875,1,0.0741666666666667,0.99999964
mendeley/extracted/Bangla Audio Dataset Original and DeepFake Voices for AI-Based Voice Analysis and Detection/Dataset/S3M03/Fake/24.wav,1,MEN,MEN-S3M03,TG:ff2ff224c96a1888,8.8203125,1,0.5858333333333333,0.9998523
mendeley/extracted/Bangla Audio Dataset Original and DeepFake Voices for AI-Based Voice Analysis and Detection/Dataset/S3M03/Fake/25.wav,1,MEN,MEN-S3M03,TG:9c6ff62d512d4446,9.546875,1,0.1591666666666666,0.9999286
mendeley/extracted/Bangla Audio Dataset Original and DeepFake Voices for AI-Based Voice Analysis and Detection/Dataset/S3M03/Fake/26.wav,1,MEN,MEN-S3M03,TG:527411d819e34baa,7.7265625,1,0.4925,0.9995592
mendeley/extracted/Bangla Audio Dataset Original and DeepFake Voices for AI-Based Voice Analysis and Detection/Dataset/S3M03/Fake/27.wav,1,MEN,MEN-S3M03,TG:b6a6a3b4c18cb76d,12.53125,1,0.5091666666666667,0.9999964
mendeley/extracted/Bangla Audio Dataset Original and DeepFake Voices for AI-Based Voice Analysis and Detection/Dataset/S3M03/Fake/28.wav,1,MEN,MEN-S3M03,TG:143353d18a45fba7,13.6796875,1,0.3008333333333333,0.9999988
mendeley/extracted/Bangla Audio Dataset Original and DeepFake Voices for AI-Based Voice Analysis and Detection/Dataset/S3M03/Fake/29.wav,1,MEN,MEN-S3M03,TG:2939ab8429b75898,13.421875,1,0.5008333333333334,0.99999857
mendeley/extracted/Bangla Audio Dataset Original and DeepFake Voices for AI-Based Voice Analysis and Detection/Dataset/S3M03/Fake/3.wav,1,MEN,MEN-S3M03,TG:60894dee2b546c5f,7.828125,1,0.1524999999999999,0.9996018
mendeley/extracted/Bangla Audio Dataset Original and DeepFake Voices for AI-Based Voice Analysis and Detection/Dataset/S3M03/Fake/30.wav,1,MEN,MEN-S3M03,TG:12ec84bfce694bf7,3.2421875,1,0.2075,0.9623913
mendeley/extracted/Bangla Audio Dataset Original and DeepFake Voices for AI-Based Voice Analysis and Detection/Dataset/S3M03/Fake/4.wav,1,MEN,MEN-S3M03,TG:ba3a3390e238eabe,12.5078125,1,0.5375,0.9999963
mendeley/extracted/Bangla Audio Dataset Original and DeepFake Voices for AI-Based Voice Analysis and Detection/Dataset/S3M03/Fake/5.wav,1,MEN,MEN-S3M03,TG:4d2279fbc9b21903,8.5234375,1,0.4858333333333333,0.99980134
mendeley/extracted/Bangla Audio Dataset Original and DeepFake Voices for AI-Based Voice Analysis and Detection/Dataset/S3M03/Fake/6.wav,1,MEN,MEN-S3M03,TG:e1a6cf0ea369c47c,7.1679688,1,0.4825,0.99922967
mendeley/extracted/Bangla Audio Dataset Original and DeepFake Voices for AI-Based Voice Analysis and Detection/Dataset/S3M03/Fake/7.wav,1,MEN,MEN-S3M03,TG:b94c02a58d6767fd,-1.4355469,1,0.5141666666666667,0.19223589
mendeley/extracted/Bangla Audio Dataset Original and DeepFake Voices for AI-Based Voice Analysis and Detection/Dataset/S3M03/Fake/8.wav,1,MEN,MEN-S3M03,TG:2c5c04ca3a814a2b,8.625,1,0.4941666666666666,0.99982053
mendeley/extracted/Bangla Audio Dataset Original and DeepFake Voices for AI-Based Voice Analysis and Detection/Dataset/S3M03/Fake/9.wav,1,MEN,MEN-S3M03,TG:3183698e613eeb91,12.4609375,1,0.3858333333333333,0.99999607
mendeley/extracted/Bangla Audio Dataset Original and DeepFake Voices for AI-Based Voice Analysis and Detection/Dataset/S3M03/Real/1.wav,0,MEN,MEN-S3M03,TG:c64a37b6788eff47,-36.28125,1,0.3508333333333333,1.7508677e-16
mendeley/extracted/Bangla Audio Dataset Original and DeepFake Voices for AI-Based Voice Analysis and Detection/Dataset/S3M03/Real/10.wav,0,MEN,MEN-S3M03,TG:e4f6f434932f766c,-48.71875,1,0.4675,6.9456943e-22
mendeley/extracted/Bangla Audio Dataset Original and DeepFake Voices for AI-Based Voice Analysis and Detection/Dataset/S3M03/Real/11.wav,0,MEN,MEN-S3M03,TG:279416c756e06369,-45.9375,1,0.4675,1.1209784e-20
mendeley/extracted/Bangla Audio Dataset Original and DeepFake Voices for AI-Based Voice Analysis and Detection/Dataset/S3M03/Real/12.wav,0,MEN,MEN-S3M03,TG:29d9398f6eb46b4c,-24.96875,1,0.6008333333333333,1.4328795e-11
mendeley/extracted/Bangla Audio Dataset Original and DeepFake Voices for AI-Based Voice Analysis and Detection/Dataset/S3M03/Real/13.wav,0,MEN,MEN-S3M03,TG:a654883aa77ef593,-13.953125,1,0.4508333333333333,8.7143377e-07
mendeley/extracted/Bangla Audio Dataset Original and DeepFake Voices for AI-Based Voice Analysis and Detection/Dataset/S3M03/Real/14.wav,0,MEN,MEN-S3M03,TG:da1b8fe7ea374f0b,-24.75,1,0.4008333333333334,1.7832475e-11
mendeley/extracted/Bangla Audio Dataset Original and DeepFake Voices for AI-Based Voice Analysis and Detection/Dataset/S3M03/Real/15.wav,0,MEN,MEN-S3M03,TG:0024a0b4f77f02d4,-32.8125,1,0.4008333333333334,5.619689e-15
mendeley/extracted/Bangla Audio Dataset Original and DeepFake Voices for AI-Based Voice Analysis and Detection/Dataset/S3M03/Real/16.wav,0,MEN,MEN-S3M03,TG:8f6e37cf38ec1a44,-25.75,1,0.5341666666666667,6.5602e-12
mendeley/extracted/Bangla Audio Dataset Original and DeepFake Voices for AI-Based Voice Analysis and Detection/Dataset/S3M03/Real/17.wav,0,MEN,MEN-S3M03,TG:3669c591dfbe7a55,-13.1484375,1,0.4175,1.9485221e-06
mendeley/extracted/Bangla Audio Dataset Original and DeepFake Voices for AI-Based Voice Analysis and Detection/Dataset/S3M03/Real/18.wav,0,MEN,MEN-S3M03,TG:8be6babbf81be123,-23.421875,1,0.4341666666666667,6.729905e-11
mendeley/extracted/Bangla Audio Dataset Original and DeepFake Voices for AI-Based Voice Analysis and Detection/Dataset/S3M03/Real/19.wav,0,MEN,MEN-S3M03,TG:7f247b87b49d5fb0,-24.6875,1,0.4175,1.8982569e-11
mendeley/extracted/Bangla Audio Dataset Original and DeepFake Voices for AI-Based Voice Analysis and Detection/Dataset/S3M03/Real/2.wav,0,MEN,MEN-S3M03,TG:e77eed1a0aa1b7cf,-30.359375,1,0.5175000000000001,6.532674e-14
mendeley/extracted/Bangla Audio Dataset Original and DeepFake Voices for AI-Based Voice Analysis and Detection/Dataset/S3M03/Real/20.wav,0,MEN,MEN-S3M03,TG:567b144e9ae8bc8b,-26.25,1,0.3675,3.9789626e-12
mendeley/extracted/Bangla Audio Dataset Original and DeepFake Voices for AI-Based Voice Analysis and Detection/Dataset/S3M03/Real/21.wav,0,MEN,MEN-S3M03,TG:9e58a2d9515bce87,-11.328125,1,0.5341666666666667,1.2029639e-05
mendeley/extracted/Bangla Audio Dataset Original and DeepFake Voices for AI-Based Voice Analysis and Detection/Dataset/S3M03/Real/22.wav,0,MEN,MEN-S3M03,TG:39deb4923c5e7c69,-31.1875,1,0.4508333333333333,2.853914e-14
mendeley/extracted/Bangla Audio Dataset Original and DeepFake Voices for AI-Based Voice Analysis and Detection/Dataset/S3M03/Real/23.wav,0,MEN,MEN-S3M03,TG:7b7d4f0518a452ce,-27.109375,1,0.4175,1.6847987e-12
mendeley/extracted/Bangla Audio Dataset Original and DeepFake Voices for AI-Based Voice Analysis and Detection/Dataset/S3M03/Real/24.wav,0,MEN,MEN-S3M03,TG:ff2ff224c96a1888,-19.734375,1,0.5175000000000001,2.6882512e-09
mendeley/extracted/Bangla Audio Dataset Original and DeepFake Voices for AI-Based Voice Analysis and Detection/Dataset/S3M03/Real/25.wav,0,MEN,MEN-S3M03,TG:9c6ff62d512d4446,-32.15625,1,0.4841666666666666,1.0832234e-14
mendeley/extracted/Bangla Audio Dataset Original and DeepFake Voices for AI-Based Voice Analysis and Detection/Dataset/S3M03/Real/26.wav,0,MEN,MEN-S3M03,TG:527411d819e34baa,-34.59375,1,0.6174999999999999,9.465102e-16
mendeley/extracted/Bangla Audio Dataset Original and DeepFake Voices for AI-Based Voice Analysis and Detection/Dataset/S3M03/Real/27.wav,0,MEN,MEN-S3M03,TG:b6a6a3b4c18cb76d,-25.609375,1,0.4841666666666666,7.550745e-12
mendeley/extracted/Bangla Audio Dataset Original and DeepFake Voices for AI-Based Voice Analysis and Detection/Dataset/S3M03/Real/28.wav,0,MEN,MEN-S3M03,TG:143353d18a45fba7,-15.7890625,1,0.4175,1.3896238e-07
mendeley/extracted/Bangla Audio Dataset Original and DeepFake Voices for AI-Based Voice Analysis and Detection/Dataset/S3M03/Real/29.wav,0,MEN,MEN-S3M03,TG:2939ab8429b75898,-32.09375,1,0.3508333333333333,1.1530854e-14
mendeley/extracted/Bangla Audio Dataset Original and DeepFake Voices for AI-Based Voice Analysis and Detection/Dataset/S3M03/Real/3.wav,0,MEN,MEN-S3M03,TG:60894dee2b546c5f,-18.421875,1,0.4675,9.988065e-09
mendeley/extracted/Bangla Audio Dataset Original and DeepFake Voices for AI-Based Voice Analysis and Detection/Dataset/S3M03/Real/30.wav,0,MEN,MEN-S3M03,TG:12ec84bfce694bf7,-22.859375,1,0.4175,1.181135e-10
mendeley/extracted/Bangla Audio Dataset Original and DeepFake Voices for AI-Based Voice Analysis and Detection/Dataset/S3M03/Real/4.wav,0,MEN,MEN-S3M03,TG:ba3a3390e238eabe,-21.75,1,0.5675,3.581748e-10
mendeley/extracted/Bangla Audio Dataset Original and DeepFake Voices for AI-Based Voice Analysis and Detection/Dataset/S3M03/Real/5.wav,0,MEN,MEN-S3M03,TG:4d2279fbc9b21903,-17.515625,1,0.5175000000000001,2.4720698e-08
mendeley/extracted/Bangla Audio Dataset Original and DeepFake Voices for AI-Based Voice Analysis and Detection/Dataset/S3M03/Real/6.wav,0,MEN,MEN-S3M03,TG:e1a6cf0ea369c47c,-16.03125,1,0.4341666666666667,1.0907282e-07
mendeley/extracted/Bangla Audio Dataset Original and DeepFake Voices for AI-Based Voice Analysis and Detection/Dataset/S3M03/Real/7.wav,0,MEN,MEN-S3M03,TG:b94c02a58d6767fd,-23.5625,1,0.5341666666666667,5.847043e-11
mendeley/extracted/Bangla Audio Dataset Original and DeepFake Voices for AI-Based Voice Analysis and Detection/Dataset/S3M03/Real/8.wav,0,MEN,MEN-S3M03,TG:2c5c04ca3a814a2b,-23.625,1,0.5175000000000001,5.492789e-11
mendeley/extracted/Bangla Audio Dataset Original and DeepFake Voices for AI-Based Voice Analysis and Detection/Dataset/S3M03/Real/9.wav,0,MEN,MEN-S3M03,TG:3183698e613eeb91,-29.03125,1,0.5008333333333334,2.4654053e-13
mendeley/extracted/Bangla Audio Dataset Original and DeepFake Voices for AI-Based Voice Analysis and Detection/Dataset/S3M04/Fake/1.wav,1,MEN,MEN-S3M04,TG:c64a37b6788eff47,-4.40625,1,0.3508333333333333,0.012053778
mendeley/extracted/Bangla Audio Dataset Original and DeepFake Voices for AI-Based Voice Analysis and Detection/Dataset/S3M04/Fake/10.wav,1,MEN,MEN-S3M04,TG:e4f6f434932f766c,-11.2421875,1,0.5425,1.3109143e-05
mendeley/extracted/Bangla Audio Dataset Original and DeepFake Voices for AI-Based Voice Analysis and Detection/Dataset/S3M04/Fake/11.wav,1,MEN,MEN-S3M04,TG:279416c756e06369,-10.9609375,1,0.3375,1.736672e-05
mendeley/extracted/Bangla Audio Dataset Original and DeepFake Voices for AI-Based Voice Analysis and Detection/Dataset/S3M04/Fake/12.wav,1,MEN,MEN-S3M04,TG:29d9398f6eb46b4c,-1.2207031,1,0.4891666666666666,0.22781274
mendeley/extracted/Bangla Audio Dataset Original and DeepFake Voices for AI-Based Voice Analysis and Detection/Dataset/S3M04/Fake/13.wav,1,MEN,MEN-S3M04,TG:a654883aa77ef593,-11.1953125,1,0.2541666666666666,1.3738256e-05
mendeley/extracted/Bangla Audio Dataset Original and DeepFake Voices for AI-Based Voice Analysis and Detection/Dataset/S3M04/Fake/14.wav,1,MEN,MEN-S3M04,TG:da1b8fe7ea374f0b,-2.0390625,1,0.2308333333333333,0.11516222
mendeley/extracted/Bangla Audio Dataset Original and DeepFake Voices for AI-Based Voice Analysis and Detection/Dataset/S3M04/Fake/15.wav,1,MEN,MEN-S3M04,TG:0024a0b4f77f02d4,-13.859375,1,0.4941666666666666,9.570828e-07
mendeley/extracted/Bangla Audio Dataset Original and DeepFake Voices for AI-Based Voice Analysis and Detection/Dataset/S3M04/Fake/16.wav,1,MEN,MEN-S3M04,TG:8f6e37cf38ec1a44,-4.8945312,1,0.4975,0.0074317735
mendeley/extracted/Bangla Audio Dataset Original and DeepFake Voices for AI-Based Voice Analysis and Detection/Dataset/S3M04/Fake/17.wav,1,MEN,MEN-S3M04,TG:3669c591dfbe7a55,-6.6679688,1,0.0291666666666666,0.0012693644
mendeley/extracted/Bangla Audio Dataset Original and DeepFake Voices for AI-Based Voice Analysis and Detection/Dataset/S3M04/Fake/18.wav,1,MEN,MEN-S3M04,TG:8be6babbf81be123,-20.296875,1,0.2508333333333333,1.5317193e-09
mendeley/extracted/Bangla Audio Dataset Original and DeepFake Voices for AI-Based Voice Analysis and Detection/Dataset/S3M04/Fake/19.wav,1,MEN,MEN-S3M04,TG:7f247b87b49d5fb0,-11.0390625,1,0.0108333333333333,1.6061611e-05
mendeley/extracted/Bangla Audio Dataset Original and DeepFake Voices for AI-Based Voice Analysis and Detection/Dataset/S3M04/Fake/2.wav,1,MEN,MEN-S3M04,TG:e77eed1a0aa1b7cf,8.765625,1,0.5675,0.99984396
mendeley/extracted/Bangla Audio Dataset Original and DeepFake Voices for AI-Based Voice Analysis and Detection/Dataset/S3M04/Fake/20.wav,1,MEN,MEN-S3M04,TG:567b144e9ae8bc8b,-14.9921875,1,0.0358333333333333,3.0830145e-07
mendeley/extracted/Bangla Audio Dataset Original and DeepFake Voices for AI-Based Voice Analysis and Detection/Dataset/S3M04/Fake/21.wav,1,MEN,MEN-S3M04,TG:9e58a2d9515bce87,-14.1328125,1,0.2508333333333333,7.281103e-07
mendeley/extracted/Bangla Audio Dataset Original and DeepFake Voices for AI-Based Voice Analysis and Detection/Dataset/S3M04/Fake/22.wav,1,MEN,MEN-S3M04,TG:39deb4923c5e7c69,-6.578125,1,0.2008333333333333,0.0013885231
mendeley/extracted/Bangla Audio Dataset Original and DeepFake Voices for AI-Based Voice Analysis and Detection/Dataset/S3M04/Fake/23.wav,1,MEN,MEN-S3M04,TG:7b7d4f0518a452ce,4.28125,1,0.1208333333333333,0.9863631
mendeley/extracted/Bangla Audio Dataset Original and DeepFake Voices for AI-Based Voice Analysis and Detection/Dataset/S3M04/Fake/24.wav,1,MEN,MEN-S3M04,TG:ff2ff224c96a1888,-15.3359375,1,0.4275,2.186185e-07
mendeley/extracted/Bangla Audio Dataset Original and DeepFake Voices for AI-Based Voice Analysis and Detection/Dataset/S3M04/Fake/25.wav,1,MEN,MEN-S3M04,TG:9c6ff62d512d4446,-5.6132812,1,0.1541666666666666,0.0036358084
mendeley/extracted/Bangla Audio Dataset Original and DeepFake Voices for AI-Based Voice Analysis and Detection/Dataset/S3M04/Fake/26.wav,1,MEN,MEN-S3M04,TG:527411d819e34baa,-13.2890625,1,0.4775,1.6929057e-06
mendeley/extracted/Bangla Audio Dataset Original and DeepFake Voices for AI-Based Voice Analysis and Detection/Dataset/S3M04/Fake/27.wav,1,MEN,MEN-S3M04,TG:b6a6a3b4c18cb76d,-20.96875,1,0.4341666666666667,7.823257e-10
mendeley/extracted/Bangla Audio Dataset Original and DeepFake Voices for AI-Based Voice Analysis and Detection/Dataset/S3M04/Fake/28.wav,1,MEN,MEN-S3M04,TG:143353d18a45fba7,-1.8974609,1,0.2841666666666667,0.13039611
mendeley/extracted/Bangla Audio Dataset Original and DeepFake Voices for AI-Based Voice Analysis and Detection/Dataset/S3M04/Fake/29.wav,1,MEN,MEN-S3M04,TG:2939ab8429b75898,-11.3359375,1,0.4941666666666666,1.1936024e-05
mendeley/extracted/Bangla Audio Dataset Original and DeepFake Voices for AI-Based Voice Analysis and Detection/Dataset/S3M04/Fake/3.wav,1,MEN,MEN-S3M04,TG:60894dee2b546c5f,-11.4140625,1,0.1958333333333333,1.1039027e-05
mendeley/extracted/Bangla Audio Dataset Original and DeepFake Voices for AI-Based Voice Analysis and Detection/Dataset/S3M04/Fake/30.wav,1,MEN,MEN-S3M04,TG:12ec84bfce694bf7,-12.40625,1,0.1841666666666667,4.0929112e-06
mendeley/extracted/Bangla Audio Dataset Original and DeepFake Voices for AI-Based Voice Analysis and Detection/Dataset/S3M04/Fake/4.wav,1,MEN,MEN-S3M04,TG:ba3a3390e238eabe,0.90185547,1,0.5608333333333333,0.71133065
mendeley/extracted/Bangla Audio Dataset Original and DeepFake Voices for AI-Based Voice Analysis and Detection/Dataset/S3M04/Fake/5.wav,1,MEN,MEN-S3M04,TG:4d2279fbc9b21903,-6.125,1,0.4325,0.0021827165
mendeley/extracted/Bangla Audio Dataset Original and DeepFake Voices for AI-Based Voice Analysis and Detection/Dataset/S3M04/Fake/6.wav,1,MEN,MEN-S3M04,TG:e1a6cf0ea369c47c,-2.9863281,1,0.5275000000000001,0.048047356
mendeley/extracted/Bangla Audio Dataset Original and DeepFake Voices for AI-Based Voice Analysis and Detection/Dataset/S3M04/Fake/7.wav,1,MEN,MEN-S3M04,TG:b94c02a58d6767fd,-8.921875,1,0.3375,0.00013342
mendeley/extracted/Bangla Audio Dataset Original and DeepFake Voices for AI-Based Voice Analysis and Detection/Dataset/S3M04/Fake/8.wav,1,MEN,MEN-S3M04,TG:2c5c04ca3a814a2b,-15.421875,1,0.4408333333333333,2.006156e-07
mendeley/extracted/Bangla Audio Dataset Original and DeepFake Voices for AI-Based Voice Analysis and Detection/Dataset/S3M04/Fake/9.wav,1,MEN,MEN-S3M04,TG:3183698e613eeb91,-6.8515625,1,0.2674999999999999,0.0010566838
mendeley/extracted/Bangla Audio Dataset Original and DeepFake Voices for AI-Based Voice Analysis and Detection/Dataset/S3M04/Real/1.wav,0,MEN,MEN-S3M04,TG:c64a37b6788eff47,-26.09375,1,0.3675,4.6518787e-12
mendeley/extracted/Bangla Audio Dataset Original and DeepFake Voices for AI-Based Voice Analysis and Detection/Dataset/S3M04/Real/10.wav,0,MEN,MEN-S3M04,TG:e4f6f434932f766c,-12.46875,1,0.5508333333333333,3.844935e-06
mendeley/extracted/Bangla Audio Dataset Original and DeepFake Voices for AI-Based Voice Analysis and Detection/Dataset/S3M04/Real/11.wav,0,MEN,MEN-S3M04,TG:279416c756e06369,-24.671875,1,0.5008333333333334,1.92815e-11
mendeley/extracted/Bangla Audio Dataset Original and DeepFake Voices for AI-Based Voice Analysis and Detection/Dataset/S3M04/Real/12.wav,0,MEN,MEN-S3M04,TG:29d9398f6eb46b4c,-37.71875,1,0.5341666666666667,4.1586757e-17
mendeley/extracted/Bangla Audio Dataset Original and DeepFake Voices for AI-Based Voice Analysis and Detection/Dataset/S3M04/Real/13.wav,0,MEN,MEN-S3M04,TG:a654883aa77ef593,-22.875,1,0.4508333333333333,1.1628232e-10
mendeley/extracted/Bangla Audio Dataset Original and DeepFake Voices for AI-Based Voice Analysis and Detection/Dataset/S3M04/Real/14.wav,0,MEN,MEN-S3M04,TG:da1b8fe7ea374f0b,-22.0,1,0.4841666666666666,2.789468e-10
mendeley/extracted/Bangla Audio Dataset Original and DeepFake Voices for AI-Based Voice Analysis and Detection/Dataset/S3M04/Real/15.wav,0,MEN,MEN-S3M04,TG:0024a0b4f77f02d4,0.3647461,1,0.4841666666666666,0.59018886
mendeley/extracted/Bangla Audio Dataset Original and DeepFake Voices for AI-Based Voice Analysis and Detection/Dataset/S3M04/Real/16.wav,0,MEN,MEN-S3M04,TG:8f6e37cf38ec1a44,-21.390625,1,0.5841666666666667,5.130617e-10
mendeley/extracted/Bangla Audio Dataset Original and DeepFake Voices for AI-Based Voice Analysis and Detection/Dataset/S3M04/Real/17.wav,0,MEN,MEN-S3M04,TG:3669c591dfbe7a55,-13.765625,1,0.4508333333333333,1.0511496e-06
mendeley/extracted/Bangla Audio Dataset Original and DeepFake Voices for AI-Based Voice Analysis and Detection/Dataset/S3M04/Real/18.wav,0,MEN,MEN-S3M04,TG:8be6babbf81be123,-3.6054688,1,0.5008333333333334,0.026455777
mendeley/extracted/Bangla Audio Dataset Original and DeepFake Voices for AI-Based Voice Analysis and Detection/Dataset/S3M04/Real/19.wav,0,MEN,MEN-S3M04,TG:7f247b87b49d5fb0,-19.953125,1,0.4675,2.1600706e-09
mendeley/extracted/Bangla Audio Dataset Original and DeepFake Voices for AI-Based Voice Analysis and Detection/Dataset/S3M04/Real/2.wav,0,MEN,MEN-S3M04,TG:e77eed1a0aa1b7cf,-24.71875,1,0.5675,1.8398536e-11
mendeley/extracted/Bangla Audio Dataset Original and DeepFake Voices for AI-Based Voice Analysis and Detection/Dataset/S3M04/Real/20.wav,0,MEN,MEN-S3M04,TG:567b144e9ae8bc8b,-20.84375,1,0.4175,8.864911e-10
mendeley/extracted/Bangla Audio Dataset Original and DeepFake Voices for AI-Based Voice Analysis and Detection/Dataset/S3M04/Real/21.wav,0,MEN,MEN-S3M04,TG:9e58a2d9515bce87,-13.9609375,1,0.5341666666666667,8.646522e-07
mendeley/extracted/Bangla Audio Dataset Original and DeepFake Voices for AI-Based Voice Analysis and Detection/Dataset/S3M04/Real/22.wav,0,MEN,MEN-S3M04,TG:39deb4923c5e7c69,-32.84375,1,0.5341666666666667,5.44679e-15
mendeley/extracted/Bangla Audio Dataset Original and DeepFake Voices for AI-Based Voice Analysis and Detection/Dataset/S3M04/Real/23.wav,0,MEN,MEN-S3M04,TG:7b7d4f0518a452ce,-14.9609375,1,0.5341666666666667,3.1808798e-07
mendeley/extracted/Bangla Audio Dataset Original and DeepFake Voices for AI-Based Voice Analysis and Detection/Dataset/S3M04/Real/24.wav,0,MEN,MEN-S3M04,TG:ff2ff224c96a1888,-7.3125,1,0.6341666666666667,0.00066670234
mendeley/extracted/Bangla Audio Dataset Original and DeepFake Voices for AI-Based Voice Analysis and Detection/Dataset/S3M04/Real/25.wav,0,MEN,MEN-S3M04,TG:9c6ff62d512d4446,-27.3125,1,0.5008333333333334,1.3750927e-12
mendeley/extracted/Bangla Audio Dataset Original and DeepFake Voices for AI-Based Voice Analysis and Detection/Dataset/S3M04/Real/26.wav,0,MEN,MEN-S3M04,TG:527411d819e34baa,-26.609375,1,0.5675,2.7777635e-12
mendeley/extracted/Bangla Audio Dataset Original and DeepFake Voices for AI-Based Voice Analysis and Detection/Dataset/S3M04/Real/27.wav,0,MEN,MEN-S3M04,TG:b6a6a3b4c18cb76d,-18.53125,1,0.6174999999999999,8.9532435e-09
mendeley/extracted/Bangla Audio Dataset Original and DeepFake Voices for AI-Based Voice Analysis and Detection/Dataset/S3M04/Real/28.wav,0,MEN,MEN-S3M04,TG:143353d18a45fba7,-11.3828125,1,0.5508333333333333,1.138944e-05
mendeley/extracted/Bangla Audio Dataset Original and DeepFake Voices for AI-Based Voice Analysis and Detection/Dataset/S3M04/Real/29.wav,0,MEN,MEN-S3M04,TG:2939ab8429b75898,-27.015625,1,0.5841666666666667,1.8503894e-12
mendeley/extracted/Bangla Audio Dataset Original and DeepFake Voices for AI-Based Voice Analysis and Detection/Dataset/S3M04/Real/3.wav,0,MEN,MEN-S3M04,TG:60894dee2b546c5f,-15.0234375,1,0.4175,2.98816e-07
mendeley/extracted/Bangla Audio Dataset Original and DeepFake Voices for AI-Based Voice Analysis and Detection/Dataset/S3M04/Real/30.wav,0,MEN,MEN-S3M04,TG:12ec84bfce694bf7,-24.9375,1,0.5841666666666667,1.478364e-11
mendeley/extracted/Bangla Audio Dataset Original and DeepFake Voices for AI-Based Voice Analysis and Detection/Dataset/S3M04/Real/4.wav,0,MEN,MEN-S3M04,TG:ba3a3390e238eabe,-32.0,1,0.6508333333333334,1.2664166e-14
mendeley/extracted/Bangla Audio Dataset Original and DeepFake Voices for AI-Based Voice Analysis and Detection/Dataset/S3M04/Real/5.wav,0,MEN,MEN-S3M04,TG:4d2279fbc9b21903,-31.9375,1,0.5841666666666667,1.3480934e-14
mendeley/extracted/Bangla Audio Dataset Original and DeepFake Voices for AI-Based Voice Analysis and Detection/Dataset/S3M04/Real/6.wav,0,MEN,MEN-S3M04,TG:e1a6cf0ea369c47c,-24.59375,1,0.5841666666666667,2.0848274e-11
mendeley/extracted/Bangla Audio Dataset Original and DeepFake Voices for AI-Based Voice Analysis and Detection/Dataset/S3M04/Real/7.wav,0,MEN,MEN-S3M04,TG:b94c02a58d6767fd,-21.578125,1,0.5341666666666667,4.2534307e-10
mendeley/extracted/Bangla Audio Dataset Original and DeepFake Voices for AI-Based Voice Analysis and Detection/Dataset/S3M04/Real/8.wav,0,MEN,MEN-S3M04,TG:2c5c04ca3a814a2b,-15.4375,1,0.6008333333333333,1.9750534e-07
mendeley/extracted/Bangla Audio Dataset Original and DeepFake Voices for AI-Based Voice Analysis and Detection/Dataset/S3M04/Real/9.wav,0,MEN,MEN-S3M04,TG:3183698e613eeb91,-27.0625,1,0.5175000000000001,1.7656538e-12
mendeley/extracted/Bangla Audio Dataset Original and DeepFake Voices for AI-Based Voice Analysis and Detection/Dataset/S3M05/Fake/1.wav,1,MEN,MEN-S3M05,TG:c64a37b6788eff47,10.015625,1,0.3858333333333333,0.9999553
mendeley/extracted/Bangla Audio Dataset Original and DeepFake Voices for AI-Based Voice Analysis and Detection/Dataset/S3M05/Fake/10.wav,1,MEN,MEN-S3M05,TG:e4f6f434932f766c,-13.4375,1,0.5475,1.4593761e-06
mendeley/extracted/Bangla Audio Dataset Original and DeepFake Voices for AI-Based Voice Analysis and Detection/Dataset/S3M05/Fake/11.wav,1,MEN,MEN-S3M05,TG:279416c756e06369,6.4375,1,0.3441666666666666,0.9984022
mendeley/extracted/Bangla Audio Dataset Original and DeepFake Voices for AI-Based Voice Analysis and Detection/Dataset/S3M05/Fake/12.wav,1,MEN,MEN-S3M05,TG:29d9398f6eb46b4c,-10.53125,1,0.4775,2.6688529e-05
mendeley/extracted/Bangla Audio Dataset Original and DeepFake Voices for AI-Based Voice Analysis and Detection/Dataset/S3M05/Fake/13.wav,1,MEN,MEN-S3M05,TG:a654883aa77ef593,-11.7890625,1,0.2875,7.587032e-06
mendeley/extracted/Bangla Audio Dataset Original and DeepFake Voices for AI-Based Voice Analysis and Detection/Dataset/S3M05/Fake/14.wav,1,MEN,MEN-S3M05,TG:da1b8fe7ea374f0b,4.65625,1,0.2075,0.9905874
mendeley/extracted/Bangla Audio Dataset Original and DeepFake Voices for AI-Based Voice Analysis and Detection/Dataset/S3M05/Fake/15.wav,1,MEN,MEN-S3M05,TG:0024a0b4f77f02d4,10.7890625,1,0.4275,0.9999794
mendeley/extracted/Bangla Audio Dataset Original and DeepFake Voices for AI-Based Voice Analysis and Detection/Dataset/S3M05/Fake/16.wav,1,MEN,MEN-S3M05,TG:8f6e37cf38ec1a44,-4.75,1,0.4741666666666666,0.008577486
mendeley/extracted/Bangla Audio Dataset Original and DeepFake Voices for AI-Based Voice Analysis and Detection/Dataset/S3M05/Fake/17.wav,1,MEN,MEN-S3M05,TG:3669c591dfbe7a55,0.17614746,1,0.0474999999999999,0.5439234
mendeley/extracted/Bangla Audio Dataset Original and DeepFake Voices for AI-Based Voice Analysis and Detection/Dataset/S3M05/Fake/18.wav,1,MEN,MEN-S3M05,TG:8be6babbf81be123,-14.4765625,1,0.1558333333333333,5.163077e-07
mendeley/extracted/Bangla Audio Dataset Original and DeepFake Voices for AI-Based Voice Analysis and Detection/Dataset/S3M05/Fake/19.wav,1,MEN,MEN-S3M05,TG:7f247b87b49d5fb0,0.62280273,2,0.0,0.6508557
mendeley/extracted/Bangla Audio Dataset Original and DeepFake Voices for AI-Based Voice Analysis and Detection/Dataset/S3M05/Fake/2.wav,1,MEN,MEN-S3M05,TG:e77eed1a0aa1b7cf,-11.375,1,0.4908333333333333,1.1478767e-05
mendeley/extracted/Bangla Audio Dataset Original and DeepFake Voices for AI-Based Voice Analysis and Detection/Dataset/S3M05/Fake/20.wav,1,MEN,MEN-S3M05,TG:567b144e9ae8bc8b,-14.71875,1,0.1508333333333333,4.0525453e-07
mendeley/extracted/Bangla Audio Dataset Original and DeepFake Voices for AI-Based Voice Analysis and Detection/Dataset/S3M05/Fake/21.wav,1,MEN,MEN-S3M05,TG:9e58a2d9515bce87,1.4863281,1,0.3241666666666667,0.8155265
mendeley/extracted/Bangla Audio Dataset Original and DeepFake Voices for AI-Based Voice Analysis and Detection/Dataset/S3M05/Fake/22.wav,1,MEN,MEN-S3M05,TG:39deb4923c5e7c69,-14.3984375,1,0.2008333333333333,5.5826166e-07
mendeley/extracted/Bangla Audio Dataset Original and DeepFake Voices for AI-Based Voice Analysis and Detection/Dataset/S3M05/Fake/23.wav,1,MEN,MEN-S3M05,TG:7b7d4f0518a452ce,8.390625,1,0.0558333333333332,0.9997731
mendeley/extracted/Bangla Audio Dataset Original and DeepFake Voices for AI-Based Voice Analysis and Detection/Dataset/S3M05/Fake/24.wav,1,MEN,MEN-S3M05,TG:ff2ff224c96a1888,-4.9375,1,0.5141666666666667,0.0071214293
mendeley/extracted/Bangla Audio Dataset Original and DeepFake Voices for AI-Based Voice Analysis and Detection/Dataset/S3M05/Fake/25.wav,1,MEN,MEN-S3M05,TG:9c6ff62d512d4446,-16.421875,1,0.1274999999999999,7.380237e-08
mendeley/extracted/Bangla Audio Dataset Original and DeepFake Voices for AI-Based Voice Analysis and Detection/Dataset/S3M05/Fake/26.wav,1,MEN,MEN-S3M05,TG:527411d819e34baa,-0.05999756,1,0.4958333333333333,0.48500514
mendeley/extracted/Bangla Audio Dataset Original and DeepFake Voices for AI-Based Voice Analysis and Detection/Dataset/S3M05/Fake/27.wav,1,MEN,MEN-S3M05,TG:b6a6a3b4c18cb76d,5.2890625,1,0.4475,0.99497885
mendeley/extracted/Bangla Audio Dataset Original and DeepFake Voices for AI-Based Voice Analysis and Detection/Dataset/S3M05/Fake/28.wav,1,MEN,MEN-S3M05,TG:143353d18a45fba7,-0.78515625,1,0.2808333333333334,0.31320965
mendeley/extracted/Bangla Audio Dataset Original and DeepFake Voices for AI-Based Voice Analysis and Detection/Dataset/S3M05/Fake/29.wav,1,MEN,MEN-S3M05,TG:2939ab8429b75898,2.5996094,1,0.4141666666666667,0.9308365
mendeley/extracted/Bangla Audio Dataset Original and DeepFake Voices for AI-Based Voice Analysis and Detection/Dataset/S3M05/Fake/3.wav,1,MEN,MEN-S3M05,TG:60894dee2b546c5f,-5.734375,1,0.1658333333333334,0.0032224844
mendeley/extracted/Bangla Audio Dataset Original and DeepFake Voices for AI-Based Voice Analysis and Detection/Dataset/S3M05/Fake/30.wav,1,MEN,MEN-S3M05,TG:12ec84bfce694bf7,-0.89208984,1,0.2208333333333333,0.29067874
mendeley/extracted/Bangla Audio Dataset Original and DeepFake Voices for AI-Based Voice Analysis and Detection/Dataset/S3M05/Fake/4.wav,1,MEN,MEN-S3M05,TG:ba3a3390e238eabe,8.75,1,0.5575,0.9998416
mendeley/extracted/Bangla Audio Dataset Original and DeepFake Voices for AI-Based Voice Analysis and Detection/Dataset/S3M05/Fake/5.wav,1,MEN,MEN-S3M05,TG:4d2279fbc9b21903,-7.7617188,1,0.4675,0.0004255431
mendeley/extracted/Bangla Audio Dataset Original and DeepFake Voices for AI-Based Voice Analysis and Detection/Dataset/S3M05/Fake/6.wav,1,MEN,MEN-S3M05,TG:e1a6cf0ea369c47c,-15.890625,1,0.5175000000000001,1.2554203e-07
mendeley/extracted/Bangla Audio Dataset Original and DeepFake Voices for AI-Based Voice Analysis and Detection/Dataset/S3M05/Fake/7.wav,1,MEN,MEN-S3M05,TG:b94c02a58d6767fd,1.5332031,1,0.3541666666666666,0.8224745
mendeley/extracted/Bangla Audio Dataset Original and DeepFake Voices for AI-Based Voice Analysis and Detection/Dataset/S3M05/Fake/8.wav,1,MEN,MEN-S3M05,TG:2c5c04ca3a814a2b,-8.4609375,1,0.5108333333333333,0.00021152887
mendeley/extracted/Bangla Audio Dataset Original and DeepFake Voices for AI-Based Voice Analysis and Detection/Dataset/S3M05/Fake/9.wav,1,MEN,MEN-S3M05,TG:3183698e613eeb91,-8.5859375,1,0.2941666666666667,0.00018667821
mendeley/extracted/Bangla Audio Dataset Original and DeepFake Voices for AI-Based Voice Analysis and Detection/Dataset/S3M05/Real/1.wav,0,MEN,MEN-S3M05,TG:c64a37b6788eff47,-37.5625,1,0.4341666666666667,4.8619837e-17
mendeley/extracted/Bangla Audio Dataset Original and DeepFake Voices for AI-Based Voice Analysis and Detection/Dataset/S3M05/Real/10.wav,0,MEN,MEN-S3M05,TG:e4f6f434932f766c,-7.640625,1,0.5341666666666667,0.0004802972
mendeley/extracted/Bangla Audio Dataset Original and DeepFake Voices for AI-Based Voice Analysis and Detection/Dataset/S3M05/Real/11.wav,0,MEN,MEN-S3M05,TG:279416c756e06369,-18.109375,1,0.5841666666666667,1.3652065e-08
mendeley/extracted/Bangla Audio Dataset Original and DeepFake Voices for AI-Based Voice Analysis and Detection/Dataset/S3M05/Real/12.wav,0,MEN,MEN-S3M05,TG:29d9398f6eb46b4c,-26.5,1,0.5008333333333334,3.098819e-12
mendeley/extracted/Bangla Audio Dataset Original and DeepFake Voices for AI-Based Voice Analysis and Detection/Dataset/S3M05/Real/13.wav,0,MEN,MEN-S3M05,TG:a654883aa77ef593,-15.4765625,1,0.4341666666666667,1.8993904e-07
mendeley/extracted/Bangla Audio Dataset Original and DeepFake Voices for AI-Based Voice Analysis and Detection/Dataset/S3M05/Real/14.wav,0,MEN,MEN-S3M05,TG:da1b8fe7ea374f0b,-19.875,1,0.4008333333333334,2.335593e-09
mendeley/extracted/Bangla Audio Dataset Original and DeepFake Voices for AI-Based Voice Analysis and Detection/Dataset/S3M05/Real/15.wav,0,MEN,MEN-S3M05,TG:0024a0b4f77f02d4,7.984375,1,0.3841666666666666,0.9996594
mendeley/extracted/Bangla Audio Dataset Original and DeepFake Voices for AI-Based Voice Analysis and Detection/Dataset/S3M05/Real/16.wav,0,MEN,MEN-S3M05,TG:8f6e37cf38ec1a44,-24.90625,1,0.5175000000000001,1.5252922e-11
mendeley/extracted/Bangla Audio Dataset Original and DeepFake Voices for AI-Based Voice Analysis and Detection/Dataset/S3M05/Real/17.wav,0,MEN,MEN-S3M05,TG:3669c591dfbe7a55,-17.8125,1,0.4008333333333334,1.8370862e-08
mendeley/extracted/Bangla Audio Dataset Original and DeepFake Voices for AI-Based Voice Analysis and Detection/Dataset/S3M05/Real/18.wav,0,MEN,MEN-S3M05,TG:8be6babbf81be123,-17.765625,1,0.4841666666666666,1.92525e-08
mendeley/extracted/Bangla Audio Dataset Original and DeepFake Voices for AI-Based Voice Analysis and Detection/Dataset/S3M05/Real/19.wav,0,MEN,MEN-S3M05,TG:7f247b87b49d5fb0,-20.984375,1,0.4341666666666667,7.7019685e-10
mendeley/extracted/Bangla Audio Dataset Original and DeepFake Voices for AI-Based Voice Analysis and Detection/Dataset/S3M05/Real/2.wav,0,MEN,MEN-S3M05,TG:e77eed1a0aa1b7cf,-17.140625,1,0.6341666666666667,3.59684e-08
mendeley/extracted/Bangla Audio Dataset Original and DeepFake Voices for AI-Based Voice Analysis and Detection/Dataset/S3M05/Real/20.wav,0,MEN,MEN-S3M05,TG:567b144e9ae8bc8b,-19.34375,1,0.5175000000000001,3.9729775e-09
mendeley/extracted/Bangla Audio Dataset Original and DeepFake Voices for AI-Based Voice Analysis and Detection/Dataset/S3M05/Real/21.wav,0,MEN,MEN-S3M05,TG:9e58a2d9515bce87,-12.015625,1,0.5341666666666667,6.0489183e-06
mendeley/extracted/Bangla Audio Dataset Original and DeepFake Voices for AI-Based Voice Analysis and Detection/Dataset/S3M05/Real/22.wav,0,MEN,MEN-S3M05,TG:39deb4923c5e7c69,-27.71875,1,0.5508333333333333,9.160091e-13
mendeley/extracted/Bangla Audio Dataset Original and DeepFake Voices for AI-Based Voice Analysis and Detection/Dataset/S3M05/Real/23.wav,0,MEN,MEN-S3M05,TG:7b7d4f0518a452ce,-22.03125,1,0.4341666666666667,2.7036454e-10
mendeley/extracted/Bangla Audio Dataset Original and DeepFake Voices for AI-Based Voice Analysis and Detection/Dataset/S3M05/Real/24.wav,0,MEN,MEN-S3M05,TG:ff2ff224c96a1888,-19.609375,1,0.5675,3.0461875e-09
mendeley/extracted/Bangla Audio Dataset Original and DeepFake Voices for AI-Based Voice Analysis and Detection/Dataset/S3M05/Real/25.wav,0,MEN,MEN-S3M05,TG:9c6ff62d512d4446,-22.859375,1,0.4008333333333334,1.181135e-10
mendeley/extracted/Bangla Audio Dataset Original and DeepFake Voices for AI-Based Voice Analysis and Detection/Dataset/S3M05/Real/26.wav,0,MEN,MEN-S3M05,TG:527411d819e34baa,-16.484375,1,0.5008333333333334,6.93309e-08
mendeley/extracted/Bangla Audio Dataset Original and DeepFake Voices for AI-Based Voice Analysis and Detection/Dataset/S3M05/Real/27.wav,0,MEN,MEN-S3M05,TG:b6a6a3b4c18cb76d,-24.28125,1,0.4008333333333334,2.849621e-11
mendeley/extracted/Bangla Audio Dataset Original and DeepFake Voices for AI-Based Voice Analysis and Detection/Dataset/S3M05/Real/28.wav,0,MEN,MEN-S3M05,TG:143353d18a45fba7,-25.984375,1,0.4341666666666667,5.1895454e-12
mendeley/extracted/Bangla Audio Dataset Original and DeepFake Voices for AI-Based Voice Analysis and Detection/Dataset/S3M05/Real/29.wav,0,MEN,MEN-S3M05,TG:2939ab8429b75898,-23.609375,1,0.4175,5.579287e-11
mendeley/extracted/Bangla Audio Dataset Original and DeepFake Voices for AI-Based Voice Analysis and Detection/Dataset/S3M05/Real/3.wav,0,MEN,MEN-S3M05,TG:60894dee2b546c5f,-25.0,1,0.4841666666666666,1.3887945e-11
mendeley/extracted/Bangla Audio Dataset Original and DeepFake Voices for AI-Based Voice Analysis and Detection/Dataset/S3M05/Real/30.wav,0,MEN,MEN-S3M05,TG:12ec84bfce694bf7,-27.109375,1,0.4508333333333333,1.6847987e-12
mendeley/extracted/Bangla Audio Dataset Original and DeepFake Voices for AI-Based Voice Analysis and Detection/Dataset/S3M05/Real/4.wav,0,MEN,MEN-S3M05,TG:ba3a3390e238eabe,-38.34375,1,0.4341666666666667,2.2259784e-17
mendeley/extracted/Bangla Audio Dataset Original and DeepFake Voices for AI-Based Voice Analysis and Detection/Dataset/S3M05/Real/5.wav,0,MEN,MEN-S3M05,TG:4d2279fbc9b21903,-25.5,1,0.6174999999999999,8.423464e-12
mendeley/extracted/Bangla Audio Dataset Original and DeepFake Voices for AI-Based Voice Analysis and Detection/Dataset/S3M05/Real/6.wav,0,MEN,MEN-S3M05,TG:e1a6cf0ea369c47c,-24.109375,1,0.3675,3.384009e-11
mendeley/extracted/Bangla Audio Dataset Original and DeepFake Voices for AI-Based Voice Analysis and Detection/Dataset/S3M05/Real/7.wav,0,MEN,MEN-S3M05,TG:b94c02a58d6767fd,-24.984375,1,0.4008333333333334,1.4106646e-11
mendeley/extracted/Bangla Audio Dataset Original and DeepFake Voices for AI-Based Voice Analysis and Detection/Dataset/S3M05/Real/8.wav,0,MEN,MEN-S3M05,TG:2c5c04ca3a814a2b,-23.1875,1,0.4508333333333333,8.507397e-11
mendeley/extracted/Bangla Audio Dataset Original and DeepFake Voices for AI-Based Voice Analysis and Detection/Dataset/S3M05/Real/9.wav,0,MEN,MEN-S3M05,TG:3183698e613eeb91,-4.8632812,1,0.4508333333333333,0.007665875
mendeley/extracted/Bangla Audio Dataset Original and DeepFake Voices for AI-Based Voice Analysis and Detection/Dataset/S4F02/Fake/1.wav,1,MEN,MEN-S4F02,TG:b308cb94d5dfc4a0,7.6992188,1,0.4375,0.99954695
mendeley/extracted/Bangla Audio Dataset Original and DeepFake Voices for AI-Based Voice Analysis and Detection/Dataset/S4F02/Fake/10.wav,1,MEN,MEN-S4F02,TG:2020febfe4c8e0a6,-16.125,1,0.3675,9.931194e-08
mendeley/extracted/Bangla Audio Dataset Original and DeepFake Voices for AI-Based Voice Analysis and Detection/Dataset/S4F02/Fake/11.wav,1,MEN,MEN-S4F02,TG:a8be821a302d38cd,-12.6328125,1,0.3725,3.2631558e-06
mendeley/extracted/Bangla Audio Dataset Original and DeepFake Voices for AI-Based Voice Analysis and Detection/Dataset/S4F02/Fake/12.wav,1,MEN,MEN-S4F02,TG:0ff6798b7b8f0a2b,-2.7402344,1,0.3408333333333333,0.060640547
mendeley/extracted/Bangla Audio Dataset Original and DeepFake Voices for AI-Based Voice Analysis and Detection/Dataset/S4F02/Fake/13.wav,1,MEN,MEN-S4F02,TG:5d124e03b8cfc083,-12.75,1,0.3908333333333333,2.902312e-06
mendeley/extracted/Bangla Audio Dataset Original and DeepFake Voices for AI-Based Voice Analysis and Detection/Dataset/S4F02/Fake/14.wav,1,MEN,MEN-S4F02,TG:f328dd5c0d5f4a2c,-2.421875,1,0.3908333333333333,0.08151976
mendeley/extracted/Bangla Audio Dataset Original and DeepFake Voices for AI-Based Voice Analysis and Detection/Dataset/S4F02/Fake/15.wav,1,MEN,MEN-S4F02,TG:49d1daab6645e1e5,-20.8125,1,0.2875,9.146314e-10
mendeley/extracted/Bangla Audio Dataset Original and DeepFake Voices for AI-Based Voice Analysis and Detection/Dataset/S4F02/Fake/16.wav,1,MEN,MEN-S4F02,TG:ce2c79da90b91549,4.359375,1,0.3091666666666667,0.987375
mendeley/extracted/Bangla Audio Dataset Original and DeepFake Voices for AI-Based Voice Analysis and Detection/Dataset/S4F02/Fake/17.wav,1,MEN,MEN-S4F02,TG:32f1c06cf5c594b1,-3.9550781,1,0.3941666666666666,0.018797074
mendeley/extracted/Bangla Audio Dataset Original and DeepFake Voices for AI-Based Voice Analysis and Detection/Dataset/S4F02/Fake/18.wav,1,MEN,MEN-S4F02,TG:6b67e0c353d9fbd4,-16.96875,1,0.4508333333333333,4.2713534e-08
mendeley/extracted/Bangla Audio Dataset Original and DeepFake Voices for AI-Based Voice Analysis and Detection/Dataset/S4F02/Fake/19.wav,1,MEN,MEN-S4F02,TG:f47297bbbcd1f91c,-12.8203125,1,0.3475,2.7052529e-06
mendeley/extracted/Bangla Audio Dataset Original and DeepFake Voices for AI-Based Voice Analysis and Detection/Dataset/S4F02/Fake/2.wav,1,MEN,MEN-S4F02,TG:c92a6147c79f3f53,-8.8515625,1,0.5708333333333333,0.00014313738
mendeley/extracted/Bangla Audio Dataset Original and DeepFake Voices for AI-Based Voice Analysis and Detection/Dataset/S4F02/Fake/20.wav,1,MEN,MEN-S4F02,TG:47a50d8c770d6a39,-24.796875,1,0.1674999999999999,1.7015864e-11
mendeley/extracted/Bangla Audio Dataset Original and DeepFake Voices for AI-Based Voice Analysis and Detection/Dataset/S4F02/Fake/21.wav,1,MEN,MEN-S4F02,TG:893de1314b339a8c,-5.6523438,1,0.5058333333333334,0.0034970103
mendeley/extracted/Bangla Audio Dataset Original and DeepFake Voices for AI-Based Voice Analysis and Detection/Dataset/S4F02/Fake/22.wav,1,MEN,MEN-S4F02,TG:864f70acdceec2a3,-5.0976562,1,0.3325,0.0060739345
mendeley/extracted/Bangla Audio Dataset Original and DeepFake Voices for AI-Based Voice Analysis and Detection/Dataset/S4F02/Fake/23.wav,1,MEN,MEN-S4F02,TG:31716f0cd84a61b8,-17.625,1,0.1175,2.215949e-08
mendeley/extracted/Bangla Audio Dataset Original and DeepFake Voices for AI-Based Voice Analysis and Detection/Dataset/S4F02/Fake/24.wav,1,MEN,MEN-S4F02,TG:0c684130198edb2b,-18.765625,1,0.5475,7.0825985e-09
mendeley/extracted/Bangla Audio Dataset Original and DeepFake Voices for AI-Based Voice Analysis and Detection/Dataset/S4F02/Fake/25.wav,1,MEN,MEN-S4F02,TG:e59cd170ce121cab,-20.78125,1,0.2524999999999999,9.436649e-10
mendeley/extracted/Bangla Audio Dataset Original and DeepFake Voices for AI-Based Voice Analysis and Detection/Dataset/S4F02/Fake/26.wav,1,MEN,MEN-S4F02,TG:50530451ab5ea7d4,-11.296875,1,0.0224999999999999,1.2411497e-05
mendeley/extracted/Bangla Audio Dataset Original and DeepFake Voices for AI-Based Voice Analysis and Detection/Dataset/S4F02/Fake/27.wav,1,MEN,MEN-S4F02,TG:35816fd76b78f5ab,-10.7265625,1,0.4808333333333333,2.1953489e-05
mendeley/extracted/Bangla Audio Dataset Original and DeepFake Voices for AI-Based Voice Analysis and Detection/Dataset/S4F02/Fake/28.wav,1,MEN,MEN-S4F02,TG:83303193a7470159,-30.5625,1,0.1975,5.3318125e-14
mendeley/extracted/Bangla Audio Dataset Original and DeepFake Voices for AI-Based Voice Analysis and Detection/Dataset/S4F02/Fake/29.wav,1,MEN,MEN-S4F02,TG:b6465a64cf8af192,8.3515625,1,0.4108333333333334,0.999764
mendeley/extracted/Bangla Audio Dataset Original and DeepFake Voices for AI-Based Voice Analysis and Detection/Dataset/S4F02/Fake/3.wav,1,MEN,MEN-S4F02,TG:4ade37a77542fb47,-7.46875,1,0.3991666666666666,0.0005703157
mendeley/extracted/Bangla Audio Dataset Original and DeepFake Voices for AI-Based Voice Analysis and Detection/Dataset/S4F02/Fake/30.wav,1,MEN,MEN-S4F02,TG:145a60ed6795d62b,-13.5859375,1,0.4341666666666667,1.2580613e-06
mendeley/extracted/Bangla Audio Dataset Original and DeepFake Voices for AI-Based Voice Analysis and Detection/Dataset/S4F02/Fake/4.wav,1,MEN,MEN-S4F02,TG:0ca6d8c18f157003,3.3828125,1,0.3525,0.967163
mendeley/extracted/Bangla Audio Dataset Original and DeepFake Voices for AI-Based Voice Analysis and Detection/Dataset/S4F02/Fake/5.wav,1,MEN,MEN-S4F02,TG:20ce12eea7577a2b,8.0390625,1,0.1041666666666666,0.99967754
mendeley/extracted/Bangla Audio Dataset Original and DeepFake Voices for AI-Based Voice Analysis and Detection/Dataset/S4F02/Fake/6.wav,1,MEN,MEN-S4F02,TG:cb4be92369f4fdeb,-6.4882812,1,0.4024999999999999,0.0015188508
mendeley/extracted/Bangla Audio Dataset Original and DeepFake Voices for AI-Based Voice Analysis and Detection/Dataset/S4F02/Fake/7.wav,1,MEN,MEN-S4F02,TG:fd0ac6bb3657230d,4.0429688,1,0.2808333333333334,0.9827572
mendeley/extracted/Bangla Audio Dataset Original and DeepFake Voices for AI-Based Voice Analysis and Detection/Dataset/S4F02/Fake/8.wav,1,MEN,MEN-S4F02,TG:1afa540d605472d1,-10.890625,1,0.0208333333333333,1.8631747e-05
mendeley/extracted/Bangla Audio Dataset Original and DeepFake Voices for AI-Based Voice Analysis and Detection/Dataset/S4F02/Fake/9.wav,1,MEN,MEN-S4F02,TG:e2452da62ea9a450,-5.4023438,1,0.2875,0.004485795
mendeley/extracted/Bangla Audio Dataset Original and DeepFake Voices for AI-Based Voice Analysis and Detection/Dataset/S4F02/Real/1.wav,0,MEN,MEN-S4F02,TG:b308cb94d5dfc4a0,5.4296875,1,0.4841666666666666,0.9956346
mendeley/extracted/Bangla Audio Dataset Original and DeepFake Voices for AI-Based Voice Analysis and Detection/Dataset/S4F02/Real/10.wav,0,MEN,MEN-S4F02,TG:2020febfe4c8e0a6,-9.8984375,1,0.5675,5.025062e-05
mendeley/extracted/Bangla Audio Dataset Original and DeepFake Voices for AI-Based Voice Analysis and Detection/Dataset/S4F02/Real/11.wav,0,MEN,MEN-S4F02,TG:a8be821a302d38cd,-7.8242188,1,0.3675,0.00039977106
mendeley/extracted/Bangla Audio Dataset Original and DeepFake Voices for AI-Based Voice Analysis and Detection/Dataset/S4F02/Real/12.wav,0,MEN,MEN-S4F02,TG:0ff6798b7b8f0a2b,3.3632812,1,0.4008333333333334,0.96653706
mendeley/extracted/Bangla Audio Dataset Original and DeepFake Voices for AI-Based Voice Analysis and Detection/Dataset/S4F02/Real/13.wav,0,MEN,MEN-S4F02,TG:5d124e03b8cfc083,-11.5,1,0.5675,1.0129991e-05
mendeley/extracted/Bangla Audio Dataset Original and DeepFake Voices for AI-Based Voice Analysis and Detection/Dataset/S4F02/Real/14.wav,0,MEN,MEN-S4F02,TG:f328dd5c0d5f4a2c,-16.484375,1,0.4508333333333333,6.93309e-08
mendeley/extracted/Bangla Audio Dataset Original and DeepFake Voices for AI-Based Voice Analysis and Detection/Dataset/S4F02/Real/15.wav,0,MEN,MEN-S4F02,TG:49d1daab6645e1e5,-16.890625,1,0.5675,4.6184343e-08
mendeley/extracted/Bangla Audio Dataset Original and DeepFake Voices for AI-Based Voice Analysis and Detection/Dataset/S4F02/Real/16.wav,0,MEN,MEN-S4F02,TG:ce2c79da90b91549,-15.7734375,1,0.3508333333333333,1.4115071e-07
mendeley/extracted/Bangla Audio Dataset Original and DeepFake Voices for AI-Based Voice Analysis and Detection/Dataset/S4F02/Real/17.wav,0,MEN,MEN-S4F02,TG:32f1c06cf5c594b1,-19.71875,1,0.4841666666666666,2.7305849e-09
mendeley/extracted/Bangla Audio Dataset Original and DeepFake Voices for AI-Based Voice Analysis and Detection/Dataset/S4F02/Real/18.wav,0,MEN,MEN-S4F02,TG:6b67e0c353d9fbd4,-33.625,1,0.4675,2.4937222e-15
mendeley/extracted/Bangla Audio Dataset Original and DeepFake Voices for AI-Based Voice Analysis and Detection/Dataset/S4F02/Real/19.wav,0,MEN,MEN-S4F02,TG:f47297bbbcd1f91c,-6.1523438,1,0.3341666666666666,0.0021239666
mendeley/extracted/Bangla Audio Dataset Original and DeepFake Voices for AI-Based Voice Analysis and Detection/Dataset/S4F02/Real/2.wav,0,MEN,MEN-S4F02,TG:c92a6147c79f3f53,-5.9765625,1,0.5675,0.0025311112
mendeley/extracted/Bangla Audio Dataset Original and DeepFake Voices for AI-Based Voice Analysis and Detection/Dataset/S4F02/Real/20.wav,0,MEN,MEN-S4F02,TG:47a50d8c770d6a39,-20.4375,1,0.4175,1.3307808e-09
mendeley/extracted/Bangla Audio Dataset Original and DeepFake Voices for AI-Based Voice Analysis and Detection/Dataset/S4F02/Real/21.wav,0,MEN,MEN-S4F02,TG:893de1314b339a8c,-19.5625,1,0.5508333333333333,3.192377e-09
mendeley/extracted/Bangla Audio Dataset Original and DeepFake Voices for AI-Based Voice Analysis and Detection/Dataset/S4F02/Real/22.wav,0,MEN,MEN-S4F02,TG:864f70acdceec2a3,-21.5625,1,0.3175,4.3204126e-10
mendeley/extracted/Bangla Audio Dataset Original and DeepFake Voices for AI-Based Voice Analysis and Detection/Dataset/S4F02/Real/23.wav,0,MEN,MEN-S4F02,TG:31716f0cd84a61b8,-20.34375,1,0.4341666666666667,1.4615766e-09
mendeley/extracted/Bangla Audio Dataset Original and DeepFake Voices for AI-Based Voice Analysis and Detection/Dataset/S4F02/Real/24.wav,0,MEN,MEN-S4F02,TG:0c684130198edb2b,-20.515625,1,0.5841666666666667,1.2307712e-09
mendeley/extracted/Bangla Audio Dataset Original and DeepFake Voices for AI-Based Voice Analysis and Detection/Dataset/S4F02/Real/25.wav,0,MEN,MEN-S4F02,TG:e59cd170ce121cab,-15.90625,1,0.3508333333333333,1.235957e-07
mendeley/extracted/Bangla Audio Dataset Original and DeepFake Voices for AI-Based Voice Analysis and Detection/Dataset/S4F02/Real/26.wav,0,MEN,MEN-S4F02,TG:50530451ab5ea7d4,-23.484375,1,0.3508333333333333,6.322161e-11
mendeley/extracted/Bangla Audio Dataset Original and DeepFake Voices for AI-Based Voice Analysis and Detection/Dataset/S4F02/Real/27.wav,0,MEN,MEN-S4F02,TG:35816fd76b78f5ab,-40.1875,1,0.5008333333333334,3.5220093e-18
mendeley/extracted/Bangla Audio Dataset Original and DeepFake Voices for AI-Based Voice Analysis and Detection/Dataset/S4F02/Real/28.wav,0,MEN,MEN-S4F02,TG:83303193a7470159,-19.890625,1,0.4008333333333334,2.299383e-09
mendeley/extracted/Bangla Audio Dataset Original and DeepFake Voices for AI-Based Voice Analysis and Detection/Dataset/S4F02/Real/29.wav,0,MEN,MEN-S4F02,TG:b6465a64cf8af192,-27.109375,1,0.4675,1.6847987e-12
mendeley/extracted/Bangla Audio Dataset Original and DeepFake Voices for AI-Based Voice Analysis and Detection/Dataset/S4F02/Real/3.wav,0,MEN,MEN-S4F02,TG:4ade37a77542fb47,-10.609375,1,0.4841666666666666,2.4682904e-05
mendeley/extracted/Bangla Audio Dataset Original and DeepFake Voices for AI-Based Voice Analysis and Detection/Dataset/S4F02/Real/30.wav,0,MEN,MEN-S4F02,TG:145a60ed6795d62b,-16.8125,1,0.3675,4.9937178e-08
mendeley/extracted/Bangla Audio Dataset Original and DeepFake Voices for AI-Based Voice Analysis and Detection/Dataset/S4F02/Real/4.wav,0,MEN,MEN-S4F02,TG:0ca6d8c18f157003,-8.3046875,1,0.4341666666666667,0.00024729347
mendeley/extracted/Bangla Audio Dataset Original and DeepFake Voices for AI-Based Voice Analysis and Detection/Dataset/S4F02/Real/5.wav,0,MEN,MEN-S4F02,TG:20ce12eea7577a2b,-2.328125,1,0.4508333333333333,0.08882029
mendeley/extracted/Bangla Audio Dataset Original and DeepFake Voices for AI-Based Voice Analysis and Detection/Dataset/S4F02/Real/6.wav,0,MEN,MEN-S4F02,TG:cb4be92369f4fdeb,-5.5859375,1,0.4175,0.0037362205
mendeley/extracted/Bangla Audio Dataset Original and DeepFake Voices for AI-Based Voice Analysis and Detection/Dataset/S4F02/Real/7.wav,0,MEN,MEN-S4F02,TG:fd0ac6bb3657230d,8.359375,1,0.4175,0.9997658
mendeley/extracted/Bangla Audio Dataset Original and DeepFake Voices for AI-Based Voice Analysis and Detection/Dataset/S4F02/Real/8.wav,0,MEN,MEN-S4F02,TG:1afa540d605472d1,-3.1621094,1,0.4175,0.04061678
mendeley/extracted/Bangla Audio Dataset Original and DeepFake Voices for AI-Based Voice Analysis and Detection/Dataset/S4F02/Real/9.wav,0,MEN,MEN-S4F02,TG:e2452da62ea9a450,7.1953125,1,0.4008333333333334,0.9992505
mendeley/extracted/Bangla Audio Dataset Original and DeepFake Voices for AI-Based Voice Analysis and Detection/Dataset/S4F03/Fake/1.wav,1,MEN,MEN-S4F03,TG:b308cb94d5dfc4a0,-4.5234375,1,0.4491666666666667,0.0107351625
mendeley/extracted/Bangla Audio Dataset Original and DeepFake Voices for AI-Based Voice Analysis and Detection/Dataset/S4F03/Fake/10.wav,1,MEN,MEN-S4F03,TG:2020febfe4c8e0a6,-10.328125,1,0.3908333333333333,3.2699274e-05
mendeley/extracted/Bangla Audio Dataset Original and DeepFake Voices for AI-Based Voice Analysis and Detection/Dataset/S4F03/Fake/11.wav,1,MEN,MEN-S4F03,TG:a8be821a302d38cd,4.09375,1,0.3974999999999999,0.983597
mendeley/extracted/Bangla Audio Dataset Original and DeepFake Voices for AI-Based Voice Analysis and Detection/Dataset/S4F03/Fake/12.wav,1,MEN,MEN-S4F03,TG:0ff6798b7b8f0a2b,0.7348633,1,0.4175,0.6758716
mendeley/extracted/Bangla Audio Dataset Original and DeepFake Voices for AI-Based Voice Analysis and Detection/Dataset/S4F03/Fake/13.wav,1,MEN,MEN-S4F03,TG:5d124e03b8cfc083,-12.7578125,1,0.4141666666666667,2.8797258e-06
mendeley/extracted/Bangla Audio Dataset Original and DeepFake Voices for AI-Based Voice Analysis and Detection/Dataset/S4F03/Fake/14.wav,1,MEN,MEN-S4F03,TG:f328dd5c0d5f4a2c,-14.6015625,1,0.3725,4.5563993e-07
mendeley/extracted/Bangla Audio Dataset Original and DeepFake Voices for AI-Based Voice Analysis and Detection/Dataset/S4F03/Fake/15.wav,1,MEN,MEN-S4F03,TG:49d1daab6645e1e5,-16.53125,1,0.2641666666666666,6.615601e-08
mendeley/extracted/Bangla Audio Dataset Original and DeepFake Voices for AI-Based Voice Analysis and Detection/Dataset/S4F03/Fake/16.wav,1,MEN,MEN-S4F03,TG:ce2c79da90b91549,2.7109375,1,0.2624999999999999,0.937669
mendeley/extracted/Bangla Audio Dataset Original and DeepFake Voices for AI-Based Voice Analysis and Detection/Dataset/S4F03/Fake/17.wav,1,MEN,MEN-S4F03,TG:32f1c06cf5c594b1,-1.9023438,1,0.4008333333333334,0.12984344
mendeley/extracted/Bangla Audio Dataset Original and DeepFake Voices for AI-Based Voice Analysis and Detection/Dataset/S4F03/Fake/18.wav,1,MEN,MEN-S4F03,TG:6b67e0c353d9fbd4,-20.328125,1,0.4008333333333334,1.4845933e-09
mendeley/extracted/Bangla Audio Dataset Original and DeepFake Voices for AI-Based Voice Analysis and Detection/Dataset/S4F03/Fake/19.wav,1,MEN,MEN-S4F03,TG:f47297bbbcd1f91c,10.9609375,1,0.2408333333333333,0.9999826
mendeley/extracted/Bangla Audio Dataset Original and DeepFake Voices for AI-Based Voice Analysis and Detection/Dataset/S4F03/Fake/2.wav,1,MEN,MEN-S4F03,TG:c92a6147c79f3f53,-7.0625,1,0.5208333333333333,0.0008559006
mendeley/extracted/Bangla Audio Dataset Original and DeepFake Voices for AI-Based Voice Analysis and Detection/Dataset/S4F03/Fake/20.wav,1,MEN,MEN-S4F03,TG:47a50d8c770d6a39,-10.125,1,0.1791666666666667,4.0063696e-05
mendeley/extracted/Bangla Audio Dataset Original and DeepFake Voices for AI-Based Voice Analysis and Detection/Dataset/S4F03/Fake/21.wav,1,MEN,MEN-S4F03,TG:893de1314b339a8c,1.9658203,1,0.2875,0.87716144
mendeley/extracted/Bangla Audio Dataset Original and DeepFake Voices for AI-Based Voice Analysis and Detection/Dataset/S4F03/Fake/22.wav,1,MEN,MEN-S4F03,TG:864f70acdceec2a3,-4.8945312,1,0.2941666666666667,0.0074317735
mendeley/extracted/Bangla Audio Dataset Original and DeepFake Voices for AI-Based Voice Analysis and Detection/Dataset/S4F03/Fake/23.wav,1,MEN,MEN-S4F03,TG:31716f0cd84a61b8,-10.0546875,1,0.0541666666666666,4.298194e-05
mendeley/extracted/Bangla Audio Dataset Original and DeepFake Voices for AI-Based Voice Analysis and Detection/Dataset/S4F03/Fake/24.wav,1,MEN,MEN-S4F03,TG:0c684130198edb2b,-8.2734375,1,0.3341666666666666,0.00025514138
mendeley/extracted/Bangla Audio Dataset Original and DeepFake Voices for AI-Based Voice Analysis and Detection/Dataset/S4F03/Fake/25.wav,1,MEN,MEN-S4F03,TG:e59cd170ce121cab,0.2939453,1,0.2508333333333333,0.57296175
mendeley/extracted/Bangla Audio Dataset Original and DeepFake Voices for AI-Based Voice Analysis and Detection/Dataset/S4F03/Fake/26.wav,1,MEN,MEN-S4F03,TG:50530451ab5ea7d4,-4.5859375,1,0.0124999999999999,0.010091316
mendeley/extracted/Bangla Audio Dataset Original and DeepFake Voices for AI-Based Voice Analysis and Detection/Dataset/S4F03/Fake/27.wav,1,MEN,MEN-S4F03,TG:35816fd76b78f5ab,-10.5390625,1,0.5175000000000001,2.6480842e-05
mendeley/extracted/Bangla Audio Dataset Original and DeepFake Voices for AI-Based Voice Analysis and Detection/Dataset/S4F03/Fake/28.wav,1,MEN,MEN-S4F03,TG:83303193a7470159,-18.4375,1,0.2308333333333333,9.833214e-09
mendeley/extracted/Bangla Audio Dataset Original and DeepFake Voices for AI-Based Voice Analysis and Detection/Dataset/S4F03/Fake/29.wav,1,MEN,MEN-S4F03,TG:b6465a64cf8af192,6.25,1,0.5841666666666667,0.9980732
mendeley/extracted/Bangla Audio Dataset Original and DeepFake Voices for AI-Based Voice Analysis and Detection/Dataset/S4F03/Fake/3.wav,1,MEN,MEN-S4F03,TG:4ade37a77542fb47,6.8085938,1,0.3741666666666666,0.99889696
mendeley/extracted/Bangla Audio Dataset Original and DeepFake Voices for AI-Based Voice Analysis and Detection/Dataset/S4F03/Fake/30.wav,1,MEN,MEN-S4F03,TG:145a60ed6795d62b,-13.8671875,1,0.4108333333333334,9.496347e-07
mendeley/extracted/Bangla Audio Dataset Original and DeepFake Voices for AI-Based Voice Analysis and Detection/Dataset/S4F03/Fake/4.wav,1,MEN,MEN-S4F03,TG:0ca6d8c18f157003,7.0078125,1,0.3641666666666666,0.99909604
mendeley/extracted/Bangla Audio Dataset Original and DeepFake Voices for AI-Based Voice Analysis and Detection/Dataset/S4F03/Fake/5.wav,1,MEN,MEN-S4F03,TG:20ce12eea7577a2b,10.5625,1,0.1274999999999999,0.99997413
mendeley/extracted/Bangla Audio Dataset Original and DeepFake Voices for AI-Based Voice Analysis and Detection/Dataset/S4F03/Fake/6.wav,1,MEN,MEN-S4F03,TG:cb4be92369f4fdeb,2.1640625,1,0.3891666666666666,0.8969756
mendeley/extracted/Bangla Audio Dataset Original and DeepFake Voices for AI-Based Voice Analysis and Detection/Dataset/S4F03/Fake/7.wav,1,MEN,MEN-S4F03,TG:fd0ac6bb3657230d,5.2695312,1,0.3508333333333333,0.9948803
mendeley/extracted/Bangla Audio Dataset Original and DeepFake Voices for AI-Based Voice Analysis and Detection/Dataset/S4F03/Fake/8.wav,1,MEN,MEN-S4F03,TG:1afa540d605472d1,5.5351562,2,0.0,0.9960699
mendeley/extracted/Bangla Audio Dataset Original and DeepFake Voices for AI-Based Voice Analysis and Detection/Dataset/S4F03/Fake/9.wav,1,MEN,MEN-S4F03,TG:e2452da62ea9a450,7.40625,1,0.3375,0.99939287
mendeley/extracted/Bangla Audio Dataset Original and DeepFake Voices for AI-Based Voice Analysis and Detection/Dataset/S4F03/Real/1.wav,0,MEN,MEN-S4F03,TG:b308cb94d5dfc4a0,-19.4375,1,0.5508333333333333,3.6174375e-09
mendeley/extracted/Bangla Audio Dataset Original and DeepFake Voices for AI-Based Voice Analysis and Detection/Dataset/S4F03/Real/10.wav,0,MEN,MEN-S4F03,TG:2020febfe4c8e0a6,-24.484375,1,0.5341666666666667,2.3257929e-11
mendeley/extracted/Bangla Audio Dataset Original and DeepFake Voices for AI-Based Voice Analysis and Detection/Dataset/S4F03/Real/11.wav,0,MEN,MEN-S4F03,TG:a8be821a302d38cd,-25.34375,1,0.5008333333333334,9.848028e-12
mendeley/extracted/Bangla Audio Dataset Original and DeepFake Voices for AI-Based Voice Analysis and Detection/Dataset/S4F03/Real/12.wav,0,MEN,MEN-S4F03,TG:0ff6798b7b8f0a2b,-36.71875,1,0.5175000000000001,1.1304451e-16
mendeley/extracted/Bangla Audio Dataset Original and DeepFake Voices for AI-Based Voice Analysis and Detection/Dataset/S4F03/Real/13.wav,0,MEN,MEN-S4F03,TG:5d124e03b8cfc083,-21.609375,1,0.5008333333333334,4.1225667e-10
mendeley/extracted/Bangla Audio Dataset Original and DeepFake Voices for AI-Based Voice Analysis and Detection/Dataset/S4F03/Real/14.wav,0,MEN,MEN-S4F03,TG:f328dd5c0d5f4a2c,-24.875,1,0.5341666666666667,1.57371e-11
mendeley/extracted/Bangla Audio Dataset Original and DeepFake Voices for AI-Based Voice Analysis and Detection/Dataset/S4F03/Real/15.wav,0,MEN,MEN-S4F03,TG:49d1daab6645e1e5,-19.84375,1,0.3675,2.4097329e-09
mendeley/extracted/Bangla Audio Dataset Original and DeepFake Voices for AI-Based Voice Analysis and Detection/Dataset/S4F03/Real/16.wav,0,MEN,MEN-S4F03,TG:ce2c79da90b91549,-16.578125,1,0.4008333333333334,6.3126514e-08
mendeley/extracted/Bangla Audio Dataset Original and DeepFake Voices for AI-Based Voice Analysis and Detection/Dataset/S4F03/Real/17.wav,0,MEN,MEN-S4F03,TG:32f1c06cf5c594b1,-20.9375,1,0.4675,8.071594e-10
mendeley/extracted/Bangla Audio Dataset Original and DeepFake Voices for AI-Based Voice Analysis and Detection/Dataset/S4F03/Real/18.wav,0,MEN,MEN-S4F03,TG:6b67e0c353d9fbd4,-21.359375,1,0.4508333333333333,5.29348e-10
mendeley/extracted/Bangla Audio Dataset Original and DeepFake Voices for AI-Based Voice Analysis and Detection/Dataset/S4F03/Real/19.wav,0,MEN,MEN-S4F03,TG:f47297bbbcd1f91c,0.5449219,1,0.4175,0.6329566
mendeley/extracted/Bangla Audio Dataset Original and DeepFake Voices for AI-Based Voice Analysis and Detection/Dataset/S4F03/Real/2.wav,0,MEN,MEN-S4F03,TG:c92a6147c79f3f53,-18.9375,1,0.5341666666666667,5.964146e-09
mendeley/extracted/Bangla Audio Dataset Original and DeepFake Voices for AI-Based Voice Analysis and Detection/Dataset/S4F03/Real/20.wav,0,MEN,MEN-S4F03,TG:47a50d8c770d6a39,-33.6875,1,0.3675,2.342635e-15
mendeley/extracted/Bangla Audio Dataset Original and DeepFake Voices for AI-Based Voice Analysis and Detection/Dataset/S4F03/Real/21.wav,0,MEN,MEN-S4F03,TG:893de1314b339a8c,-18.1875,1,0.4175,1.2626097e-08
mendeley/extracted/Bangla Audio Dataset Original and DeepFake Voices for AI-Based Voice Analysis and Detection/Dataset/S4F03/Real/22.wav,0,MEN,MEN-S4F03,TG:864f70acdceec2a3,-19.515625,1,0.4175,3.3455827e-09
mendeley/extracted/Bangla Audio Dataset Original and DeepFake Voices for AI-Based Voice Analysis and Detection/Dataset/S4F03/Real/23.wav,0,MEN,MEN-S4F03,TG:31716f0cd84a61b8,-28.578125,1,0.3675,3.878627e-13
mendeley/extracted/Bangla Audio Dataset Original and DeepFake Voices for AI-Based Voice Analysis and Detection/Dataset/S4F03/Real/24.wav,0,MEN,MEN-S4F03,TG:0c684130198edb2b,-18.578125,1,0.3675,8.543244e-09
mendeley/extracted/Bangla Audio Dataset Original and DeepFake Voices for AI-Based Voice Analysis and Detection/Dataset/S4F03/Real/25.wav,0,MEN,MEN-S4F03,TG:e59cd170ce121cab,-25.90625,1,0.4175,5.6112367e-12
mendeley/extracted/Bangla Audio Dataset Original and DeepFake Voices for AI-Based Voice Analysis and Detection/Dataset/S4F03/Real/26.wav,0,MEN,MEN-S4F03,TG:50530451ab5ea7d4,-29.015625,1,0.4341666666666667,2.5042297e-13
mendeley/extracted/Bangla Audio Dataset Original and DeepFake Voices for AI-Based Voice Analysis and Detection/Dataset/S4F03/Real/27.wav,0,MEN,MEN-S4F03,TG:35816fd76b78f5ab,-44.5625,1,0.4341666666666667,4.4335556e-20
mendeley/extracted/Bangla Audio Dataset Original and DeepFake Voices for AI-Based Voice Analysis and Detection/Dataset/S4F03/Real/28.wav,0,MEN,MEN-S4F03,TG:83303193a7470159,-30.6875,1,0.4175,4.7053083e-14
mendeley/extracted/Bangla Audio Dataset Original and DeepFake Voices for AI-Based Voice Analysis and Detection/Dataset/S4F03/Real/29.wav,0,MEN,MEN-S4F03,TG:b6465a64cf8af192,-17.953125,1,0.4341666666666667,1.5960882e-08
mendeley/extracted/Bangla Audio Dataset Original and DeepFake Voices for AI-Based Voice Analysis and Detection/Dataset/S4F03/Real/3.wav,0,MEN,MEN-S4F03,TG:4ade37a77542fb47,-19.453125,1,0.5341666666666667,3.5613539e-09
mendeley/extracted/Bangla Audio Dataset Original and DeepFake Voices for AI-Based Voice Analysis and Detection/Dataset/S4F03/Real/30.wav,0,MEN,MEN-S4F03,TG:145a60ed6795d62b,-24.765625,1,0.4175,1.7556007e-11
mendeley/extracted/Bangla Audio Dataset Original and DeepFake Voices for AI-Based Voice Analysis and Detection/Dataset/S4F03/Real/4.wav,0,MEN,MEN-S4F03,TG:0ca6d8c18f157003,-26.546875,1,0.4175,2.956914e-12
mendeley/extracted/Bangla Audio Dataset Original and DeepFake Voices for AI-Based Voice Analysis and Detection/Dataset/S4F03/Real/5.wav,0,MEN,MEN-S4F03,TG:20ce12eea7577a2b,-30.296875,1,0.4841666666666666,6.953995e-14
mendeley/extracted/Bangla Audio Dataset Original and DeepFake Voices for AI-Based Voice Analysis and Detection/Dataset/S4F03/Real/6.wav,0,MEN,MEN-S4F03,TG:cb4be92369f4fdeb,-25.1875,1,0.5008333333333334,1.1513511e-11
mendeley/extracted/Bangla Audio Dataset Original and DeepFake Voices for AI-Based Voice Analysis and Detection/Dataset/S4F03/Real/7.wav,0,MEN,MEN-S4F03,TG:fd0ac6bb3657230d,-28.140625,1,0.4841666666666666,6.007335e-13
mendeley/extracted/Bangla Audio Dataset Original and DeepFake Voices for AI-Based Voice Analysis and Detection/Dataset/S4F03/Real/8.wav,0,MEN,MEN-S4F03,TG:1afa540d605472d1,-26.59375,1,0.4675,2.8215071e-12
mendeley/extracted/Bangla Audio Dataset Original and DeepFake Voices for AI-Based Voice Analysis and Detection/Dataset/S4F03/Real/9.wav,0,MEN,MEN-S4F03,TG:e2452da62ea9a450,-22.6875,1,0.4675,1.4026326e-10
mendeley/extracted/Bangla Audio Dataset Original and DeepFake Voices for AI-Based Voice Analysis and Detection/Dataset/S4F04/Fake/1.wav,1,MEN,MEN-S4F04,TG:b308cb94d5dfc4a0,5.6640625,1,0.4491666666666667,0.9965436
mendeley/extracted/Bangla Audio Dataset Original and DeepFake Voices for AI-Based Voice Analysis and Detection/Dataset/S4F04/Fake/10.wav,1,MEN,MEN-S4F04,TG:2020febfe4c8e0a6,-14.6875,1,0.3175,4.181187e-07
mendeley/extracted/Bangla Audio Dataset Original and DeepFake Voices for AI-Based Voice Analysis and Detection/Dataset/S4F04/Fake/11.wav,1,MEN,MEN-S4F04,TG:a8be821a302d38cd,-14.3671875,1,0.3841666666666666,5.759828e-07
mendeley/extracted/Bangla Audio Dataset Original and DeepFake Voices for AI-Based Voice Analysis and Detection/Dataset/S4F04/Fake/12.wav,1,MEN,MEN-S4F04,TG:0ff6798b7b8f0a2b,-9.3828125,1,0.3941666666666666,8.415109e-05
mendeley/extracted/Bangla Audio Dataset Original and DeepFake Voices for AI-Based Voice Analysis and Detection/Dataset/S4F04/Fake/13.wav,1,MEN,MEN-S4F04,TG:5d124e03b8cfc083,-9.0625,1,0.3741666666666666,0.000115919334
mendeley/extracted/Bangla Audio Dataset Original and DeepFake Voices for AI-Based Voice Analysis and Detection/Dataset/S4F04/Fake/14.wav,1,MEN,MEN-S4F04,TG:f328dd5c0d5f4a2c,-1.9746094,1,0.3591666666666666,0.12189466
mendeley/extracted/Bangla Audio Dataset Original and DeepFake Voices for AI-Based Voice Analysis and Detection/Dataset/S4F04/Fake/15.wav,1,MEN,MEN-S4F04,TG:49d1daab6645e1e5,-11.75,1,0.2358333333333333,7.889263e-06
mendeley/extracted/Bangla Audio Dataset Original and DeepFake Voices for AI-Based Voice Analysis and Detection/Dataset/S4F04/Fake/16.wav,1,MEN,MEN-S4F04,TG:ce2c79da90b91549,2.0371094,1,0.2875,0.88463855
mendeley/extracted/Bangla Audio Dataset Original and DeepFake Voices for AI-Based Voice Analysis and Detection/Dataset/S4F04/Fake/17.wav,1,MEN,MEN-S4F04,TG:32f1c06cf5c594b1,-6.0742188,1,0.3924999999999999,0.002296159
mendeley/extracted/Bangla Audio Dataset Original and DeepFake Voices for AI-Based Voice Analysis and Detection/Dataset/S4F04/Fake/18.wav,1,MEN,MEN-S4F04,TG:6b67e0c353d9fbd4,-22.234375,1,0.3808333333333333,2.2066508e-10
mendeley/extracted/Bangla Audio Dataset Original and DeepFake Voices for AI-Based Voice Analysis and Detection/Dataset/S4F04/Fake/19.wav,1,MEN,MEN-S4F04,TG:f47297bbbcd1f91c,-14.21875,1,0.3625,6.681517e-07
mendeley/extracted/Bangla Audio Dataset Original and DeepFake Voices for AI-Based Voice Analysis and Detection/Dataset/S4F04/Fake/2.wav,1,MEN,MEN-S4F04,TG:c92a6147c79f3f53,-13.9609375,1,0.4925,8.646522e-07
mendeley/extracted/Bangla Audio Dataset Original and DeepFake Voices for AI-Based Voice Analysis and Detection/Dataset/S4F04/Fake/20.wav,1,MEN,MEN-S4F04,TG:47a50d8c770d6a39,-0.6430664,1,0.1274999999999999,0.3445537
mendeley/extracted/Bangla Audio Dataset Original and DeepFake Voices for AI-Based Voice Analysis and Detection/Dataset/S4F04/Fake/21.wav,1,MEN,MEN-S4F04,TG:893de1314b339a8c,9.3046875,1,0.5358333333333334,0.99990904
mendeley/extracted/Bangla Audio Dataset Original and DeepFake Voices for AI-Based Voice Analysis and Detection/Dataset/S4F04/Fake/22.wav,1,MEN,MEN-S4F04,TG:864f70acdceec2a3,-3.7773438,1,0.3758333333333333,0.02237146
mendeley/extracted/Bangla Audio Dataset Original and DeepFake Voices for AI-Based Voice Analysis and Detection/Dataset/S4F04/Fake/23.wav,1,MEN,MEN-S4F04,TG:31716f0cd84a61b8,-6.7460938,1,0.0675,0.0011740823
mendeley/extracted/Bangla Audio Dataset Original and DeepFake Voices for AI-Based Voice Analysis and Detection/Dataset/S4F04/Fake/24.wav,1,MEN,MEN-S4F04,TG:0c684130198edb2b,-6.7695312,1,0.5608333333333333,0.001146916
mendeley/extracted/Bangla Audio Dataset Original and DeepFake Voices for AI-Based Voice Analysis and Detection/Dataset/S4F04/Fake/25.wav,1,MEN,MEN-S4F04,TG:e59cd170ce121cab,-9.59375,1,0.2975,6.814872e-05
mendeley/extracted/Bangla Audio Dataset Original and DeepFake Voices for AI-Based Voice Analysis and Detection/Dataset/S4F04/Fake/26.wav,1,MEN,MEN-S4F04,TG:50530451ab5ea7d4,-12.191406,2,0.0,5.0738468e-06
mendeley/extracted/Bangla Audio Dataset Original and DeepFake Voices for AI-Based Voice Analysis and Detection/Dataset/S4F04/Fake/27.wav,1,MEN,MEN-S4F04,TG:35816fd76b78f5ab,-15.6171875,1,0.4125,1.650219e-07
mendeley/extracted/Bangla Audio Dataset Original and DeepFake Voices for AI-Based Voice Analysis and Detection/Dataset/S4F04/Fake/28.wav,1,MEN,MEN-S4F04,TG:83303193a7470159,-10.015625,1,0.1725,4.4694076e-05
mendeley/extracted/Bangla Audio Dataset Original and DeepFake Voices for AI-Based Voice Analysis and Detection/Dataset/S4F04/Fake/29.wav,1,MEN,MEN-S4F04,TG:b6465a64cf8af192,0.95947266,1,0.4175,0.72301626
mendeley/extracted/Bangla Audio Dataset Original and DeepFake Voices for AI-Based Voice Analysis and Detection/Dataset/S4F04/Fake/3.wav,1,MEN,MEN-S4F04,TG:4ade37a77542fb47,3.2597656,1,0.3541666666666666,0.9630224
mendeley/extracted/Bangla Audio Dataset Original and DeepFake Voices for AI-Based Voice Analysis and Detection/Dataset/S4F04/Fake/30.wav,1,MEN,MEN-S4F04,TG:145a60ed6795d62b,-17.140625,1,0.4058333333333334,3.59684e-08
mendeley/extracted/Bangla Audio Dataset Original and DeepFake Voices for AI-Based Voice Analysis and Detection/Dataset/S4F04/Fake/4.wav,1,MEN,MEN-S4F04,TG:0ca6d8c18f157003,-4.2304688,1,0.4275,0.01433703
mendeley/extracted/Bangla Audio Dataset Original and DeepFake Voices for AI-Based Voice Analysis and Detection/Dataset/S4F04/Fake/5.wav,1,MEN,MEN-S4F04,TG:20ce12eea7577a2b,10.3203125,1,0.1474999999999999,0.9999671
mendeley/extracted/Bangla Audio Dataset Original and DeepFake Voices for AI-Based Voice Analysis and Detection/Dataset/S4F04/Fake/6.wav,1,MEN,MEN-S4F04,TG:cb4be92369f4fdeb,4.7109375,1,0.3941666666666666,0.99108386
mendeley/extracted/Bangla Audio Dataset Original and DeepFake Voices for AI-Based Voice Analysis and Detection/Dataset/S4F04/Fake/7.wav,1,MEN,MEN-S4F04,TG:fd0ac6bb3657230d,7.8007812,1,0.2608333333333333,0.9995908
mendeley/extracted/Bangla Audio Dataset Original and DeepFake Voices for AI-Based Voice Analysis and Detection/Dataset/S4F04/Fake/8.wav,1,MEN,MEN-S4F04,TG:1afa540d605472d1,7.4453125,1,0.0708333333333333,0.99941623
mendeley/extracted/Bangla Audio Dataset Original and DeepFake Voices for AI-Based Voice Analysis and Detection/Dataset/S4F04/Fake/9.wav,1,MEN,MEN-S4F04,TG:e2452da62ea9a450,-9.96875,1,0.3191666666666667,4.6838883e-05
mendeley/extracted/Bangla Audio Dataset Original and DeepFake Voices for AI-Based Voice Analysis and Detection/Dataset/S4F04/Real/1.wav,0,MEN,MEN-S4F04,TG:b308cb94d5dfc4a0,-22.890625,1,0.3874999999999999,1.14479544e-10
mendeley/extracted/Bangla Audio Dataset Original and DeepFake Voices for AI-Based Voice Analysis and Detection/Dataset/S4F04/Real/10.wav,0,MEN,MEN-S4F04,TG:2020febfe4c8e0a6,-22.015625,1,0.3708333333333333,2.7462213e-10
mendeley/extracted/Bangla Audio Dataset Original and DeepFake Voices for AI-Based Voice Analysis and Detection/Dataset/S4F04/Real/11.wav,0,MEN,MEN-S4F04,TG:a8be821a302d38cd,-15.5859375,1,0.3525,1.7026026e-07
mendeley/extracted/Bangla Audio Dataset Original and DeepFake Voices for AI-Based Voice Analysis and Detection/Dataset/S4F04/Real/12.wav,0,MEN,MEN-S4F04,TG:0ff6798b7b8f0a2b,-7.8710938,1,0.3874999999999999,0.00038147118
mendeley/extracted/Bangla Audio Dataset Original and DeepFake Voices for AI-Based Voice Analysis and Detection/Dataset/S4F04/Real/13.wav,0,MEN,MEN-S4F04,TG:5d124e03b8cfc083,-24.78125,1,0.4691666666666666,1.7283825e-11
mendeley/extracted/Bangla Audio Dataset Original and DeepFake Voices for AI-Based Voice Analysis and Detection/Dataset/S4F04/Real/14.wav,0,MEN,MEN-S4F04,TG:f328dd5c0d5f4a2c,-29.625,1,0.3858333333333333,1.3615262e-13
mendeley/extracted/Bangla Audio Dataset Original and DeepFake Voices for AI-Based Voice Analysis and Detection/Dataset/S4F04/Real/15.wav,0,MEN,MEN-S4F04,TG:49d1daab6645e1e5,-22.84375,1,0.3525,1.1997352e-10
mendeley/extracted/Bangla Audio Dataset Original and DeepFake Voices for AI-Based Voice Analysis and Detection/Dataset/S4F04/Real/16.wav,0,MEN,MEN-S4F04,TG:ce2c79da90b91549,-16.875,1,0.4191666666666667,4.6911637e-08
mendeley/extracted/Bangla Audio Dataset Original and DeepFake Voices for AI-Based Voice Analysis and Detection/Dataset/S4F04/Real/17.wav,0,MEN,MEN-S4F04,TG:32f1c06cf5c594b1,2.9140625,1,0.4191666666666667,0.94853723
mendeley/extracted/Bangla Audio Dataset Original and DeepFake Voices for AI-Based Voice Analysis and Detection/Dataset/S4F04/Real/18.wav,0,MEN,MEN-S4F04,TG:6b67e0c353d9fbd4,-23.046875,1,0.4358333333333333,9.7919534e-11
mendeley/extracted/Bangla Audio Dataset Original and DeepFake Voices for AI-Based Voice Analysis and Detection/Dataset/S4F04/Real/19.wav,0,MEN,MEN-S4F04,TG:f47297bbbcd1f91c,-18.84375,1,0.4691666666666666,6.5503323e-09
mendeley/extracted/Bangla Audio Dataset Original and DeepFake Voices for AI-Based Voice Analysis and Detection/Dataset/S4F04/Real/2.wav,0,MEN,MEN-S4F04,TG:c92a6147c79f3f53,-13.9375,1,0.5208333333333333,8.8515685e-07
mendeley/extracted/Bangla Audio Dataset Original and DeepFake Voices for AI-Based Voice Analysis and Detection/Dataset/S4F04/Real/20.wav,0,MEN,MEN-S4F04,TG:47a50d8c770d6a39,-18.015625,1,0.4525,1.4993862e-08
mendeley/extracted/Bangla Audio Dataset Original and DeepFake Voices for AI-Based Voice Analysis and Detection/Dataset/S4F04/Real/21.wav,0,MEN,MEN-S4F04,TG:893de1314b339a8c,-3.7792969,1,0.5525,0.022328783
mendeley/extracted/Bangla Audio Dataset Original and DeepFake Voices for AI-Based Voice Analysis and Detection/Dataset/S4F04/Real/22.wav,0,MEN,MEN-S4F04,TG:864f70acdceec2a3,-11.203125,1,0.4558333333333333,1.3631346e-05
mendeley/extracted/Bangla Audio Dataset Original and DeepFake Voices for AI-Based Voice Analysis and Detection/Dataset/S4F04/Real/23.wav,0,MEN,MEN-S4F04,TG:31716f0cd84a61b8,-25.453125,1,0.4375,8.827714e-12
mendeley/extracted/Bangla Audio Dataset Original and DeepFake Voices for AI-Based Voice Analysis and Detection/Dataset/S4F04/Real/24.wav,0,MEN,MEN-S4F04,TG:0c684130198edb2b,-5.78125,1,0.5708333333333333,0.0030753696
mendeley/extracted/Bangla Audio Dataset Original and DeepFake Voices for AI-Based Voice Analysis and Detection/Dataset/S4F04/Real/25.wav,0,MEN,MEN-S4F04,TG:e59cd170ce121cab,-7.7929688,1,0.4375,0.00041245588
mendeley/extracted/Bangla Audio Dataset Original and DeepFake Voices for AI-Based Voice Analysis and Detection/Dataset/S4F04/Real/26.wav,0,MEN,MEN-S4F04,TG:50530451ab5ea7d4,-10.78125,1,0.4675,2.0785172e-05
mendeley/extracted/Bangla Audio Dataset Original and DeepFake Voices for AI-Based Voice Analysis and Detection/Dataset/S4F04/Real/27.wav,0,MEN,MEN-S4F04,TG:35816fd76b78f5ab,-18.25,1,0.5041666666666667,1.186112e-08
mendeley/extracted/Bangla Audio Dataset Original and DeepFake Voices for AI-Based Voice Analysis and Detection/Dataset/S4F04/Real/28.wav,0,MEN,MEN-S4F04,TG:83303193a7470159,-19.40625,1,0.4858333333333333,3.732267e-09
mendeley/extracted/Bangla Audio Dataset Original and DeepFake Voices for AI-Based Voice Analysis and Detection/Dataset/S4F04/Real/29.wav,0,MEN,MEN-S4F04,TG:b6465a64cf8af192,7.7382812,1,0.4858333333333333,0.99956435
mendeley/extracted/Bangla Audio Dataset Original and DeepFake Voices for AI-Based Voice Analysis and Detection/Dataset/S4F04/Real/3.wav,0,MEN,MEN-S4F04,TG:4ade37a77542fb47,-8.3515625,1,0.5375,0.00023597172
mendeley/extracted/Bangla Audio Dataset Original and DeepFake Voices for AI-Based Voice Analysis and Detection/Dataset/S4F04/Real/30.wav,0,MEN,MEN-S4F04,TG:145a60ed6795d62b,-7.4179688,1,0.4375,0.0006000072
mendeley/extracted/Bangla Audio Dataset Original and DeepFake Voices for AI-Based Voice Analysis and Detection/Dataset/S4F04/Real/4.wav,0,MEN,MEN-S4F04,TG:0ca6d8c18f157003,4.9882812,1,0.4375,0.9932288
mendeley/extracted/Bangla Audio Dataset Original and DeepFake Voices for AI-Based Voice Analysis and Detection/Dataset/S4F04/Real/5.wav,0,MEN,MEN-S4F04,TG:20ce12eea7577a2b,-3.5644531,1,0.4708333333333333,0.027532939
mendeley/extracted/Bangla Audio Dataset Original and DeepFake Voices for AI-Based Voice Analysis and Detection/Dataset/S4F04/Real/6.wav,0,MEN,MEN-S4F04,TG:cb4be92369f4fdeb,-9.34375,1,0.3708333333333333,8.7502995e-05
mendeley/extracted/Bangla Audio Dataset Original and DeepFake Voices for AI-Based Voice Analysis and Detection/Dataset/S4F04/Real/7.wav,0,MEN,MEN-S4F04,TG:fd0ac6bb3657230d,-18.828125,1,0.3874999999999999,6.6534853e-09
mendeley/extracted/Bangla Audio Dataset Original and DeepFake Voices for AI-Based Voice Analysis and Detection/Dataset/S4F04/Real/8.wav,0,MEN,MEN-S4F04,TG:1afa540d605472d1,-22.609375,1,0.4375,1.5166075e-10
mendeley/extracted/Bangla Audio Dataset Original and DeepFake Voices for AI-Based Voice Analysis and Detection/Dataset/S4F04/Real/9.wav,0,MEN,MEN-S4F04,TG:e2452da62ea9a450,7.78125,1,0.3874999999999999,0.9995827
mendeley/extracted/Bangla Audio Dataset Original and DeepFake Voices for AI-Based Voice Analysis and Detection/Dataset/S4F05/Fake/1.wav,1,MEN,MEN-S4F05,TG:b308cb94d5dfc4a0,10.78125,1,0.4508333333333333,0.99997926
mendeley/extracted/Bangla Audio Dataset Original and DeepFake Voices for AI-Based Voice Analysis and Detection/Dataset/S4F05/Fake/10.wav,1,MEN,MEN-S4F05,TG:2020febfe4c8e0a6,-16.53125,1,0.4508333333333333,6.615601e-08
mendeley/extracted/Bangla Audio Dataset Original and DeepFake Voices for AI-Based Voice Analysis and Detection/Dataset/S4F05/Fake/11.wav,1,MEN,MEN-S4F05,TG:a8be821a302d38cd,2.7304688,1,0.2941666666666667,0.93880075
mendeley/extracted/Bangla Audio Dataset Original and DeepFake Voices for AI-Based Voice Analysis and Detection/Dataset/S4F05/Fake/12.wav,1,MEN,MEN-S4F05,TG:0ff6798b7b8f0a2b,9.0,1,0.4308333333333333,0.9998766
mendeley/extracted/Bangla Audio Dataset Original and DeepFake Voices for AI-Based Voice Analysis and Detection/Dataset/S4F05/Fake/13.wav,1,MEN,MEN-S4F05,TG:5d124e03b8cfc083,-12.328125,1,0.3908333333333333,4.4254903e-06
mendeley/extracted/Bangla Audio Dataset Original and DeepFake Voices for AI-Based Voice Analysis and Detection/Dataset/S4F05/Fake/14.wav,1,MEN,MEN-S4F05,TG:f328dd5c0d5f4a2c,-4.5429688,1,0.3675,0.010529713
mendeley/extracted/Bangla Audio Dataset Original and DeepFake Voices for AI-Based Voice Analysis and Detection/Dataset/S4F05/Fake/15.wav,1,MEN,MEN-S4F05,TG:49d1daab6645e1e5,-3.5136719,1,0.2375,0.028925717
mendeley/extracted/Bangla Audio Dataset Original and DeepFake Voices for AI-Based Voice Analysis and Detection/Dataset/S4F05/Fake/16.wav,1,MEN,MEN-S4F05,TG:ce2c79da90b91549,9.828125,1,0.2341666666666666,0.9999461
mendeley/extracted/Bangla Audio Dataset Original and DeepFake Voices for AI-Based Voice Analysis and Detection/Dataset/S4F05/Fake/17.wav,1,MEN,MEN-S4F05,TG:32f1c06cf5c594b1,0.16674805,1,0.4191666666666667,0.5415907
mendeley/extracted/Bangla Audio Dataset Original and DeepFake Voices for AI-Based Voice Analysis and Detection/Dataset/S4F05/Fake/18.wav,1,MEN,MEN-S4F05,TG:6b67e0c353d9fbd4,-11.3828125,1,0.4041666666666667,1.138944e-05
mendeley/extracted/Bangla Audio Dataset Original and DeepFake Voices for AI-Based Voice Analysis and Detection/Dataset/S4F05/Fake/19.wav,1,MEN,MEN-S4F05,TG:f47297bbbcd1f91c,-6.5390625,1,0.3874999999999999,0.0014437558
mendeley/extracted/Bangla Audio Dataset Original and DeepFake Voices for AI-Based Voice Analysis and Detection/Dataset/S4F05/Fake/2.wav,1,MEN,MEN-S4F05,TG:c92a6147c79f3f53,6.359375,1,0.5141666666666667,0.99827254
mendeley/extracted/Bangla Audio Dataset Original and DeepFake Voices for AI-Based Voice Analysis and Detection/Dataset/S4F05/Fake/20.wav,1,MEN,MEN-S4F05,TG:47a50d8c770d6a39,-8.5234375,1,0.2175,0.00019871553
mendeley/extracted/Bangla Audio Dataset Original and DeepFake Voices for AI-Based Voice Analysis and Detection/Dataset/S4F05/Fake/21.wav,1,MEN,MEN-S4F05,TG:893de1314b339a8c,2.2597656,1,0.5075000000000001,0.9054896
mendeley/extracted/Bangla Audio Dataset Original and DeepFake Voices for AI-Based Voice Analysis and Detection/Dataset/S4F05/Fake/22.wav,1,MEN,MEN-S4F05,TG:864f70acdceec2a3,6.4179688,1,0.3958333333333333,0.9983707
mendeley/extracted/Bangla Audio Dataset Original and DeepFake Voices for AI-Based Voice Analysis and Detection/Dataset/S4F05/Fake/23.wav,1,MEN,MEN-S4F05,TG:31716f0cd84a61b8,-2.5332031,1,0.0808333333333333,0.073563054
mendeley/extracted/Bangla Audio Dataset Original and DeepFake Voices for AI-Based Voice Analysis and Detection/Dataset/S4F05/Fake/24.wav,1,MEN,MEN-S4F05,TG:0c684130198edb2b,-3.4335938,1,0.5475,0.031261913
mendeley/extracted/Bangla Audio Dataset Original and DeepFake Voices for AI-Based Voice Analysis and Detection/Dataset/S4F05/Fake/25.wav,1,MEN,MEN-S4F05,TG:e59cd170ce121cab,-10.6484375,1,0.2908333333333334,2.3737339e-05
mendeley/extracted/Bangla Audio Dataset Original and DeepFake Voices for AI-Based Voice Analysis and Detection/Dataset/S4F05/Fake/26.wav,1,MEN,MEN-S4F05,TG:50530451ab5ea7d4,-13.7421875,1,0.0591666666666667,1.076077e-06
mendeley/extracted/Bangla Audio Dataset Original and DeepFake Voices for AI-Based Voice Analysis and Detection/Dataset/S4F05/Fake/27.wav,1,MEN,MEN-S4F05,TG:35816fd76b78f5ab,-3.1464844,1,0.4558333333333333,0.04123003
mendeley/extracted/Bangla Audio Dataset Original and DeepFake Voices for AI-Based Voice Analysis and Detection/Dataset/S4F05/Fake/28.wav,1,MEN,MEN-S4F05,TG:83303193a7470159,-17.03125,1,0.1474999999999999,4.0125656e-08
mendeley/extracted/Bangla Audio Dataset Original and DeepFake Voices for AI-Based Voice Analysis and Detection/Dataset/S4F05/Fake/29.wav,1,MEN,MEN-S4F05,TG:b6465a64cf8af192,6.8242188,1,0.4508333333333333,0.9989141
mendeley/extracted/Bangla Audio Dataset Original and DeepFake Voices for AI-Based Voice Analysis and Detection/Dataset/S4F05/Fake/3.wav,1,MEN,MEN-S4F05,TG:4ade37a77542fb47,6.2890625,1,0.4008333333333334,0.998147
mendeley/extracted/Bangla Audio Dataset Original and DeepFake Voices for AI-Based Voice Analysis and Detection/Dataset/S4F05/Fake/30.wav,1,MEN,MEN-S4F05,TG:145a60ed6795d62b,-9.1015625,1,0.4408333333333333,0.00011147904
mendeley/extracted/Bangla Audio Dataset Original and DeepFake Voices for AI-Based Voice Analysis and Detection/Dataset/S4F05/Fake/4.wav,1,MEN,MEN-S4F05,TG:0ca6d8c18f157003,11.3671875,1,0.3974999999999999,0.99998844
mendeley/extracted/Bangla Audio Dataset Original and DeepFake Voices for AI-Based Voice Analysis and Detection/Dataset/S4F05/Fake/5.wav,1,MEN,MEN-S4F05,TG:20ce12eea7577a2b,6.9921875,1,0.1641666666666666,0.99908185
mendeley/extracted/Bangla Audio Dataset Original and DeepFake Voices for AI-Based Voice Analysis and Detection/Dataset/S4F05/Fake/6.wav,1,MEN,MEN-S4F05,TG:cb4be92369f4fdeb,10.734375,1,0.3958333333333333,0.9999782
mendeley/extracted/Bangla Audio Dataset Original and DeepFake Voices for AI-Based Voice Analysis and Detection/Dataset/S4F05/Fake/7.wav,1,MEN,MEN-S4F05,TG:fd0ac6bb3657230d,7.9765625,1,0.3108333333333333,0.9996567
mendeley/extracted/Bangla Audio Dataset Original and DeepFake Voices for AI-Based Voice Analysis and Detection/Dataset/S4F05/Fake/8.wav,1,MEN,MEN-S4F05,TG:1afa540d605472d1,4.2851562,1,0.0474999999999999,0.9864157
mendeley/extracted/Bangla Audio Dataset Original and DeepFake Voices for AI-Based Voice Analysis and Detection/Dataset/S4F05/Fake/9.wav,1,MEN,MEN-S4F05,TG:e2452da62ea9a450,5.390625,1,0.2841666666666667,0.9954615
mendeley/extracted/Bangla Audio Dataset Original and DeepFake Voices for AI-Based Voice Analysis and Detection/Dataset/S4F05/Real/1.wav,0,MEN,MEN-S4F05,TG:b308cb94d5dfc4a0,10.921875,1,0.5175000000000001,0.999982
mendeley/extracted/Bangla Audio Dataset Original and DeepFake Voices for AI-Based Voice Analysis and Detection/Dataset/S4F05/Real/10.wav,0,MEN,MEN-S4F05,TG:2020febfe4c8e0a6,-9.7421875,1,0.5508333333333333,5.874842e-05
mendeley/extracted/Bangla Audio Dataset Original and DeepFake Voices for AI-Based Voice Analysis and Detection/Dataset/S4F05/Real/11.wav,0,MEN,MEN-S4F05,TG:a8be821a302d38cd,-10.5703125,1,0.4008333333333334,2.5666133e-05
mendeley/extracted/Bangla Audio Dataset Original and DeepFake Voices for AI-Based Voice Analysis and Detection/Dataset/S4F05/Real/12.wav,0,MEN,MEN-S4F05,TG:0ff6798b7b8f0a2b,3.3203125,1,0.4008333333333334,0.9651191
mendeley/extracted/Bangla Audio Dataset Original and DeepFake Voices for AI-Based Voice Analysis and Detection/Dataset/S4F05/Real/13.wav,0,MEN,MEN-S4F05,TG:5d124e03b8cfc083,-2.8847656,1,0.4175,0.05291181
mendeley/extracted/Bangla Audio Dataset Original and DeepFake Voices for AI-Based Voice Analysis and Detection/Dataset/S4F05/Real/14.wav,0,MEN,MEN-S4F05,TG:f328dd5c0d5f4a2c,-3.4511719,1,0.4508333333333333,0.030733928
mendeley/extracted/Bangla Audio Dataset Original and DeepFake Voices for AI-Based Voice Analysis and Detection/Dataset/S4F05/Real/15.wav,0,MEN,MEN-S4F05,TG:49d1daab6645e1e5,5.359375,1,0.4508333333333333,0.9953181
mendeley/extracted/Bangla Audio Dataset Original and DeepFake Voices for AI-Based Voice Analysis and Detection/Dataset/S4F05/Real/16.wav,0,MEN,MEN-S4F05,TG:ce2c79da90b91549,5.78125,1,0.3508333333333333,0.9969246
mendeley/extracted/Bangla Audio Dataset Original and DeepFake Voices for AI-Based Voice Analysis and Detection/Dataset/S4F05/Real/17.wav,0,MEN,MEN-S4F05,TG:32f1c06cf5c594b1,6.2578125,1,0.5175000000000001,0.9980882
mendeley/extracted/Bangla Audio Dataset Original and DeepFake Voices for AI-Based Voice Analysis and Detection/Dataset/S4F05/Real/18.wav,0,MEN,MEN-S4F05,TG:6b67e0c353d9fbd4,1.1240234,1,0.4841666666666666,0.7547343
mendeley/extracted/Bangla Audio Dataset Original and DeepFake Voices for AI-Based Voice Analysis and Detection/Dataset/S4F05/Real/19.wav,0,MEN,MEN-S4F05,TG:f47297bbbcd1f91c,4.734375,1,0.4841666666666666,0.99128854
mendeley/extracted/Bangla Audio Dataset Original and DeepFake Voices for AI-Based Voice Analysis and Detection/Dataset/S4F05/Real/2.wav,0,MEN,MEN-S4F05,TG:c92a6147c79f3f53,-8.7734375,1,0.4008333333333334,0.00015476662
mendeley/extracted/Bangla Audio Dataset Original and DeepFake Voices for AI-Based Voice Analysis and Detection/Dataset/S4F05/Real/20.wav,0,MEN,MEN-S4F05,TG:47a50d8c770d6a39,-11.53125,1,0.3508333333333333,9.818326e-06
mendeley/extracted/Bangla Audio Dataset Original and DeepFake Voices for AI-Based Voice Analysis and Detection/Dataset/S4F05/Real/21.wav,0,MEN,MEN-S4F05,TG:893de1314b339a8c,-3.7246094,1,0.4841666666666666,0.02355433
mendeley/extracted/Bangla Audio Dataset Original and DeepFake Voices for AI-Based Voice Analysis and Detection/Dataset/S4F05/Real/22.wav,0,MEN,MEN-S4F05,TG:864f70acdceec2a3,-3.2851562,1,0.3841666666666666,0.036083944
mendeley/extracted/Bangla Audio Dataset Original and DeepFake Voices for AI-Based Voice Analysis and Detection/Dataset/S4F05/Real/23.wav,0,MEN,MEN-S4F05,TG:31716f0cd84a61b8,3.859375,1,0.4341666666666667,0.979354
mendeley/extracted/Bangla Audio Dataset Original and DeepFake Voices for AI-Based Voice Analysis and Detection/Dataset/S4F05/Real/24.wav,0,MEN,MEN-S4F05,TG:0c684130198edb2b,4.203125,1,0.5675,0.98527133
mendeley/extracted/Bangla Audio Dataset Original and DeepFake Voices for AI-Based Voice Analysis and Detection/Dataset/S4F05/Real/25.wav,0,MEN,MEN-S4F05,TG:e59cd170ce121cab,8.046875,1,0.4008333333333334,0.99968004
mendeley/extracted/Bangla Audio Dataset Original and DeepFake Voices for AI-Based Voice Analysis and Detection/Dataset/S4F05/Real/26.wav,0,MEN,MEN-S4F05,TG:50530451ab5ea7d4,0.85253906,1,0.4675,0.7010995
mendeley/extracted/Bangla Audio Dataset Original and DeepFake Voices for AI-Based Voice Analysis and Detection/Dataset/S4F05/Real/27.wav,0,MEN,MEN-S4F05,TG:35816fd76b78f5ab,1.5224609,1,0.4841666666666666,0.82090056
mendeley/extracted/Bangla Audio Dataset Original and DeepFake Voices for AI-Based Voice Analysis and Detection/Dataset/S4F05/Real/28.wav,0,MEN,MEN-S4F05,TG:83303193a7470159,-0.89501953,1,0.4841666666666666,0.29007506
mendeley/extracted/Bangla Audio Dataset Original and DeepFake Voices for AI-Based Voice Analysis and Detection/Dataset/S4F05/Real/29.wav,0,MEN,MEN-S4F05,TG:b6465a64cf8af192,-1.9560547,1,0.5008333333333334,0.12389466
mendeley/extracted/Bangla Audio Dataset Original and DeepFake Voices for AI-Based Voice Analysis and Detection/Dataset/S4F05/Real/3.wav,0,MEN,MEN-S4F05,TG:4ade37a77542fb47,3.5644531,1,0.5341666666666667,0.97246706
mendeley/extracted/Bangla Audio Dataset Original and DeepFake Voices for AI-Based Voice Analysis and Detection/Dataset/S4F05/Real/30.wav,0,MEN,MEN-S4F05,TG:145a60ed6795d62b,2.6621094,1,0.5008333333333334,0.9347534
mendeley/extracted/Bangla Audio Dataset Original and DeepFake Voices for AI-Based Voice Analysis and Detection/Dataset/S4F05/Real/4.wav,0,MEN,MEN-S4F05,TG:0ca6d8c18f157003,8.5703125,1,0.3841666666666666,0.9998104
mendeley/extracted/Bangla Audio Dataset Original and DeepFake Voices for AI-Based Voice Analysis and Detection/Dataset/S4F05/Real/5.wav,0,MEN,MEN-S4F05,TG:20ce12eea7577a2b,-1.3486328,1,0.3675,0.20609398
mendeley/extracted/Bangla Audio Dataset Original and DeepFake Voices for AI-Based Voice Analysis and Detection/Dataset/S4F05/Real/6.wav,0,MEN,MEN-S4F05,TG:cb4be92369f4fdeb,19.5,1,0.4508333333333333,1.0
mendeley/extracted/Bangla Audio Dataset Original and DeepFake Voices for AI-Based Voice Analysis and Detection/Dataset/S4F05/Real/7.wav,0,MEN,MEN-S4F05,TG:fd0ac6bb3657230d,5.8007812,1,0.4008333333333334,0.99698395
mendeley/extracted/Bangla Audio Dataset Original and DeepFake Voices for AI-Based Voice Analysis and Detection/Dataset/S4F05/Real/8.wav,0,MEN,MEN-S4F05,TG:1afa540d605472d1,4.734375,1,0.4341666666666667,0.99128854
mendeley/extracted/Bangla Audio Dataset Original and DeepFake Voices for AI-Based Voice Analysis and Detection/Dataset/S4F05/Real/9.wav,0,MEN,MEN-S4F05,TG:e2452da62ea9a450,11.34375,1,0.4508333333333333,0.9999882
mendeley/extracted/Bangla Audio Dataset Original and DeepFake Voices for AI-Based Voice Analysis and Detection/Dataset/S4M01/Fake/1.wav,1,MEN,MEN-S4M01,TG:b308cb94d5dfc4a0,-0.38208008,1,0.2591666666666666,0.4056253
mendeley/extracted/Bangla Audio Dataset Original and DeepFake Voices for AI-Based Voice Analysis and Detection/Dataset/S4M01/Fake/10.wav,1,MEN,MEN-S4M01,TG:2020febfe4c8e0a6,-13.7578125,1,0.4675,1.059394e-06
mendeley/extracted/Bangla Audio Dataset Original and DeepFake Voices for AI-Based Voice Analysis and Detection/Dataset/S4M01/Fake/11.wav,1,MEN,MEN-S4M01,TG:a8be821a302d38cd,-7.1328125,1,0.2108333333333333,0.00079783355
mendeley/extracted/Bangla Audio Dataset Original and DeepFake Voices for AI-Based Voice Analysis and Detection/Dataset/S4M01/Fake/12.wav,1,MEN,MEN-S4M01,TG:0ff6798b7b8f0a2b,-11.3671875,1,0.3958333333333333,1.1568795e-05
mendeley/extracted/Bangla Audio Dataset Original and DeepFake Voices for AI-Based Voice Analysis and Detection/Dataset/S4M01/Fake/13.wav,1,MEN,MEN-S4M01,TG:5d124e03b8cfc083,2.5488281,1,0.4741666666666666,0.9274948
mendeley/extracted/Bangla Audio Dataset Original and DeepFake Voices for AI-Based Voice Analysis and Detection/Dataset/S4M01/Fake/14.wav,1,MEN,MEN-S4M01,TG:f328dd5c0d5f4a2c,-19.78125,1,0.2658333333333333,2.5651472e-09
mendeley/extracted/Bangla Audio Dataset Original and DeepFake Voices for AI-Based Voice Analysis and Detection/Dataset/S4M01/Fake/15.wav,1,MEN,MEN-S4M01,TG:49d1daab6645e1e5,-17.625,1,0.2241666666666666,2.215949e-08
mendeley/extracted/Bangla Audio Dataset Original and DeepFake Voices for AI-Based Voice Analysis and Detection/Dataset/S4M01/Fake/16.wav,1,MEN,MEN-S4M01,TG:ce2c79da90b91549,0.22277832,1,0.1041666666666666,0.55546534
mendeley/extracted/Bangla Audio Dataset Original and DeepFake Voices for AI-Based Voice Analysis and Detection/Dataset/S4M01/Fake/17.wav,1,MEN,MEN-S4M01,TG:32f1c06cf5c594b1,-14.9140625,1,0.3974999999999999,3.3335337e-07
mendeley/extracted/Bangla Audio Dataset Original and DeepFake Voices for AI-Based Voice Analysis and Detection/Dataset/S4M01/Fake/18.wav,1,MEN,MEN-S4M01,TG:6b67e0c353d9fbd4,-2.3652344,1,0.4308333333333333,0.08586246
mendeley/extracted/Bangla Audio Dataset Original and DeepFake Voices for AI-Based Voice Analysis and Detection/Dataset/S4M01/Fake/19.wav,1,MEN,MEN-S4M01,TG:f47297bbbcd1f91c,1.4589844,1,0.2075,0.8113773
mendeley/extracted/Bangla Audio Dataset Original and DeepFake Voices for AI-Based Voice Analysis and Detection/Dataset/S4M01/Fake/2.wav,1,MEN,MEN-S4M01,TG:c92a6147c79f3f53,-11.71875,1,0.4975,8.139693e-06
mendeley/extracted/Bangla Audio Dataset Original and DeepFake Voices for AI-Based Voice Analysis and Detection/Dataset/S4M01/Fake/20.wav,1,MEN,MEN-S4M01,TG:47a50d8c770d6a39,-12.1015625,1,0.1775,5.550802e-06
mendeley/extracted/Bangla Audio Dataset Original and DeepFake Voices for AI-Based Voice Analysis and Detection/Dataset/S4M01/Fake/21.wav,1,MEN,MEN-S4M01,TG:893de1314b339a8c,7.3164062,1,0.4291666666666667,0.9993358
mendeley/extracted/Bangla Audio Dataset Original and DeepFake Voices for AI-Based Voice Analysis and Detection/Dataset/S4M01/Fake/22.wav,1,MEN,MEN-S4M01,TG:864f70acdceec2a3,-6.5,1,0.1808333333333333,0.0015011822
mendeley/extracted/Bangla Audio Dataset Original and DeepFake Voices for AI-Based Voice Analysis and Detection/Dataset/S4M01/Fake/23.wav,1,MEN,MEN-S4M01,TG:31716f0cd84a61b8,-10.65625,1,0.1374999999999999,2.3552619e-05
mendeley/extracted/Bangla Audio Dataset Original and DeepFake Voices for AI-Based Voice Analysis and Detection/Dataset/S4M01/Fake/24.wav,1,MEN,MEN-S4M01,TG:0c684130198edb2b,-2.6582031,1,0.4775,0.06548521
mendeley/extracted/Bangla Audio Dataset Original and DeepFake Voices for AI-Based Voice Analysis and Detection/Dataset/S4M01/Fake/25.wav,1,MEN,MEN-S4M01,TG:e59cd170ce121cab,-15.828125,1,0.2341666666666666,1.336388e-07
mendeley/extracted/Bangla Audio Dataset Original and DeepFake Voices for AI-Based Voice Analysis and Detection/Dataset/S4M01/Fake/26.wav,1,MEN,MEN-S4M01,TG:50530451ab5ea7d4,-11.265625,1,0.1975,1.2805474e-05
mendeley/extracted/Bangla Audio Dataset Original and DeepFake Voices for AI-Based Voice Analysis and Detection/Dataset/S4M01/Fake/27.wav,1,MEN,MEN-S4M01,TG:35816fd76b78f5ab,-8.9453125,1,0.4575,0.00013032975
mendeley/extracted/Bangla Audio Dataset Original and DeepFake Voices for AI-Based Voice Analysis and Detection/Dataset/S4M01/Fake/28.wav,1,MEN,MEN-S4M01,TG:83303193a7470159,-20.765625,1,0.1458333333333333,9.585255e-10
mendeley/extracted/Bangla Audio Dataset Original and DeepFake Voices for AI-Based Voice Analysis and Detection/Dataset/S4M01/Fake/29.wav,1,MEN,MEN-S4M01,TG:b6465a64cf8af192,1.1640625,1,0.3874999999999999,0.7620701
mendeley/extracted/Bangla Audio Dataset Original and DeepFake Voices for AI-Based Voice Analysis and Detection/Dataset/S4M01/Fake/3.wav,1,MEN,MEN-S4M01,TG:4ade37a77542fb47,-11.890625,1,0.4208333333333333,6.8543172e-06
mendeley/extracted/Bangla Audio Dataset Original and DeepFake Voices for AI-Based Voice Analysis and Detection/Dataset/S4M01/Fake/30.wav,1,MEN,MEN-S4M01,TG:145a60ed6795d62b,-3.0410156,1,0.2674999999999999,0.045606945
mendeley/extracted/Bangla Audio Dataset Original and DeepFake Voices for AI-Based Voice Analysis and Detection/Dataset/S4M01/Fake/4.wav,1,MEN,MEN-S4M01,TG:0ca6d8c18f157003,3.4902344,1,0.0174999999999999,0.9704086
mendeley/extracted/Bangla Audio Dataset Original and DeepFake Voices for AI-Based Voice Analysis and Detection/Dataset/S4M01/Fake/5.wav,1,MEN,MEN-S4M01,TG:20ce12eea7577a2b,-4.286133,2,0.0,0.013571312
mendeley/extracted/Bangla Audio Dataset Original and DeepFake Voices for AI-Based Voice Analysis and Detection/Dataset/S4M01/Fake/6.wav,1,MEN,MEN-S4M01,TG:cb4be92369f4fdeb,-3.2382812,1,0.1591666666666666,0.037750274
mendeley/extracted/Bangla Audio Dataset Original and DeepFake Voices for AI-Based Voice Analysis and Detection/Dataset/S4M01/Fake/7.wav,1,MEN,MEN-S4M01,TG:fd0ac6bb3657230d,6.0585938,1,0.2108333333333333,0.99766773
mendeley/extracted/Bangla Audio Dataset Original and DeepFake Voices for AI-Based Voice Analysis and Detection/Dataset/S4M01/Fake/8.wav,1,MEN,MEN-S4M01,TG:1afa540d605472d1,-24.125,1,0.0808333333333333,3.3315444e-11
mendeley/extracted/Bangla Audio Dataset Original and DeepFake Voices for AI-Based Voice Analysis and Detection/Dataset/S4M01/Fake/9.wav,1,MEN,MEN-S4M01,TG:e2452da62ea9a450,-10.7265625,1,0.2208333333333333,2.1953489e-05
mendeley/extracted/Bangla Audio Dataset Original and DeepFake Voices for AI-Based Voice Analysis and Detection/Dataset/S4M01/Real/1.wav,0,MEN,MEN-S4M01,TG:b308cb94d5dfc4a0,-25.640625,1,0.5125,7.318432e-12
mendeley/extracted/Bangla Audio Dataset Original and DeepFake Voices for AI-Based Voice Analysis and Detection/Dataset/S4M01/Real/10.wav,0,MEN,MEN-S4M01,TG:2020febfe4c8e0a6,-28.984375,1,0.6375,2.5837224e-13
mendeley/extracted/Bangla Audio Dataset Original and DeepFake Voices for AI-Based Voice Analysis and Detection/Dataset/S4M01/Real/11.wav,0,MEN,MEN-S4M01,TG:a8be821a302d38cd,-35.9375,1,0.3974999999999999,2.4691193e-16
mendeley/extracted/Bangla Audio Dataset Original and DeepFake Voices for AI-Based Voice Analysis and Detection/Dataset/S4M01/Real/12.wav,0,MEN,MEN-S4M01,TG:0ff6798b7b8f0a2b,-46.6875,1,0.3725,5.295127e-21
mendeley/extracted/Bangla Audio Dataset Original and DeepFake Voices for AI-Based Voice Analysis and Detection/Dataset/S4M01/Real/13.wav,0,MEN,MEN-S4M01,TG:5d124e03b8cfc083,-32.15625,1,0.6825,1.0832234e-14
mendeley/extracted/Bangla Audio Dataset Original and DeepFake Voices for AI-Based Voice Analysis and Detection/Dataset/S4M01/Real/14.wav,0,MEN,MEN-S4M01,TG:f328dd5c0d5f4a2c,-35.6875,1,0.5325,3.1704118e-16
mendeley/extracted/Bangla Audio Dataset Original and DeepFake Voices for AI-Based Voice Analysis and Detection/Dataset/S4M01/Real/15.wav,0,MEN,MEN-S4M01,TG:49d1daab6645e1e5,-39.5,1,0.5808333333333333,7.004352e-18
mendeley/extracted/Bangla Audio Dataset Original and DeepFake Voices for AI-Based Voice Analysis and Detection/Dataset/S4M01/Real/16.wav,0,MEN,MEN-S4M01,TG:ce2c79da90b91549,-29.984375,1,0.4375,9.504983e-14
mendeley/extracted/Bangla Audio Dataset Original and DeepFake Voices for AI-Based Voice Analysis and Detection/Dataset/S4M01/Real/17.wav,0,MEN,MEN-S4M01,TG:32f1c06cf5c594b1,-26.15625,1,0.6375,4.370035e-12
mendeley/extracted/Bangla Audio Dataset Original and DeepFake Voices for AI-Based Voice Analysis and Detection/Dataset/S4M01/Real/18.wav,0,MEN,MEN-S4M01,TG:6b67e0c353d9fbd4,-22.609375,1,0.6191666666666666,1.5166075e-10
mendeley/extracted/Bangla Audio Dataset Original and DeepFake Voices for AI-Based Voice Analysis and Detection/Dataset/S4M01/Real/19.wav,0,MEN,MEN-S4M01,TG:f47297bbbcd1f91c,-33.28125,1,0.4875,3.5167116e-15
mendeley/extracted/Bangla Audio Dataset Original and DeepFake Voices for AI-Based Voice Analysis and Detection/Dataset/S4M01/Real/2.wav,0,MEN,MEN-S4M01,TG:c92a6147c79f3f53,-26.75,1,0.4825,2.413363e-12
mendeley/extracted/Bangla Audio Dataset Original and DeepFake Voices for AI-Based Voice Analysis and Detection/Dataset/S4M01/Real/20.wav,0,MEN,MEN-S4M01,TG:47a50d8c770d6a39,-38.78125,1,0.4675,1.4371997e-17
mendeley/extracted/Bangla Audio Dataset Original and DeepFake Voices for AI-Based Voice Analysis and Detection/Dataset/S4M01/Real/21.wav,0,MEN,MEN-S4M01,TG:893de1314b339a8c,-27.203125,1,0.6591666666666667,1.5340267e-12
mendeley/extracted/Bangla Audio Dataset Original and DeepFake Voices for AI-Based Voice Analysis and Detection/Dataset/S4M01/Real/22.wav,0,MEN,MEN-S4M01,TG:864f70acdceec2a3,-45.84375,1,0.4508333333333333,1.2311538e-20
mendeley/extracted/Bangla Audio Dataset Original and DeepFake Voices for AI-Based Voice Analysis and Detection/Dataset/S4M01/Real/23.wav,0,MEN,MEN-S4M01,TG:31716f0cd84a61b8,-36.40625,1,0.5008333333333334,1.5451354e-16
mendeley/extracted/Bangla Audio Dataset Original and DeepFake Voices for AI-Based Voice Analysis and Detection/Dataset/S4M01/Real/24.wav,0,MEN,MEN-S4M01,TG:0c684130198edb2b,-31.078125,1,0.5675,3.183771e-14
mendeley/extracted/Bangla Audio Dataset Original and DeepFake Voices for AI-Based Voice Analysis and Detection/Dataset/S4M01/Real/25.wav,0,MEN,MEN-S4M01,TG:e59cd170ce121cab,-29.53125,1,0.4908333333333333,1.4953438e-13
mendeley/extracted/Bangla Audio Dataset Original and DeepFake Voices for AI-Based Voice Analysis and Detection/Dataset/S4M01/Real/26.wav,0,MEN,MEN-S4M01,TG:50530451ab5ea7d4,-40.03125,1,0.5275000000000001,4.1176464e-18
mendeley/extracted/Bangla Audio Dataset Original and DeepFake Voices for AI-Based Voice Analysis and Detection/Dataset/S4M01/Real/27.wav,0,MEN,MEN-S4M01,TG:35816fd76b78f5ab,-38.8125,1,0.5841666666666667,1.3929817e-17
mendeley/extracted/Bangla Audio Dataset Original and DeepFake Voices for AI-Based Voice Analysis and Detection/Dataset/S4M01/Real/28.wav,0,MEN,MEN-S4M01,TG:83303193a7470159,-37.03125,1,0.4975,8.270513e-17
mendeley/extracted/Bangla Audio Dataset Original and DeepFake Voices for AI-Based Voice Analysis and Detection/Dataset/S4M01/Real/29.wav,0,MEN,MEN-S4M01,TG:b6465a64cf8af192,-25.84375,1,0.6158333333333333,5.9731304e-12
mendeley/extracted/Bangla Audio Dataset Original and DeepFake Voices for AI-Based Voice Analysis and Detection/Dataset/S4M01/Real/3.wav,0,MEN,MEN-S4M01,TG:4ade37a77542fb47,-50.28125,1,0.4558333333333333,1.455897e-22
mendeley/extracted/Bangla Audio Dataset Original and DeepFake Voices for AI-Based Voice Analysis and Detection/Dataset/S4M01/Real/30.wav,0,MEN,MEN-S4M01,TG:145a60ed6795d62b,-47.78125,1,0.5358333333333334,1.7736453e-21
mendeley/extracted/Bangla Audio Dataset Original and DeepFake Voices for AI-Based Voice Analysis and Detection/Dataset/S4M01/Real/4.wav,0,MEN,MEN-S4M01,TG:0ca6d8c18f157003,-36.5625,1,0.4241666666666667,1.3216243e-16
mendeley/extracted/Bangla Audio Dataset Original and DeepFake Voices for AI-Based Voice Analysis and Detection/Dataset/S4M01/Real/5.wav,0,MEN,MEN-S4M01,TG:20ce12eea7577a2b,-37.9375,1,0.4608333333333333,3.3415893e-17
mendeley/extracted/Bangla Audio Dataset Original and DeepFake Voices for AI-Based Voice Analysis and Detection/Dataset/S4M01/Real/6.wav,0,MEN,MEN-S4M01,TG:cb4be92369f4fdeb,-15.2265625,1,0.3591666666666666,2.4388655e-07
mendeley/extracted/Bangla Audio Dataset Original and DeepFake Voices for AI-Based Voice Analysis and Detection/Dataset/S4M01/Real/7.wav,0,MEN,MEN-S4M01,TG:fd0ac6bb3657230d,-35.03125,1,0.5091666666666667,6.1111294e-16
mendeley/extracted/Bangla Audio Dataset Original and DeepFake Voices for AI-Based Voice Analysis and Detection/Dataset/S4M01/Real/8.wav,0,MEN,MEN-S4M01,TG:1afa540d605472d1,-31.453125,1,0.5125,2.1881716e-14
mendeley/extracted/Bangla Audio Dataset Original and DeepFake Voices for AI-Based Voice Analysis and Detection/Dataset/S4M01/Real/9.wav,0,MEN,MEN-S4M01,TG:e2452da62ea9a450,-32.09375,1,0.4858333333333333,1.1530854e-14
mendeley/extracted/Bangla Audio Dataset Original and DeepFake Voices for AI-Based Voice Analysis and Detection/Dataset/S5F01/Fake/1.wav,1,MEN,MEN-S5F01,TG:4947df796a9b11a7,-6.5585938,1,0.2275,0.0014158706
mendeley/extracted/Bangla Audio Dataset Original and DeepFake Voices for AI-Based Voice Analysis and Detection/Dataset/S5F01/Fake/10.wav,1,MEN,MEN-S5F01,TG:036cd5375cd345fc,-9.34375,1,0.3808333333333333,8.7502995e-05
mendeley/extracted/Bangla Audio Dataset Original and DeepFake Voices for AI-Based Voice Analysis and Detection/Dataset/S5F01/Fake/11.wav,1,MEN,MEN-S5F01,TG:18828ca74cb29a2e,-2.6640625,1,0.2975,0.065127544
mendeley/extracted/Bangla Audio Dataset Original and DeepFake Voices for AI-Based Voice Analysis and Detection/Dataset/S5F01/Fake/12.wav,1,MEN,MEN-S5F01,TG:61fa72b6eaa43ed3,4.3984375,1,0.2141666666666666,0.9878528
mendeley/extracted/Bangla Audio Dataset Original and DeepFake Voices for AI-Based Voice Analysis and Detection/Dataset/S5F01/Fake/13.wav,1,MEN,MEN-S5F01,TG:52639be95d4890ca,10.2421875,1,0.4125,0.99996436
mendeley/extracted/Bangla Audio Dataset Original and DeepFake Voices for AI-Based Voice Analysis and Detection/Dataset/S5F01/Fake/14.wav,1,MEN,MEN-S5F01,TG:8f5971aea28f10b7,-13.671875,1,0.4308333333333333,1.1544621e-06
mendeley/extracted/Bangla Audio Dataset Original and DeepFake Voices for AI-Based Voice Analysis and Detection/Dataset/S5F01/Fake/15.wav,1,MEN,MEN-S5F01,TG:9ee45c5ef51f9754,-10.8203125,1,0.3408333333333333,1.998892e-05
mendeley/extracted/Bangla Audio Dataset Original and DeepFake Voices for AI-Based Voice Analysis and Detection/Dataset/S5F01/Fake/16.wav,1,MEN,MEN-S5F01,TG:26a0237539c16b7f,-10.8828125,1,0.2341666666666666,1.8777875e-05
mendeley/extracted/Bangla Audio Dataset Original and DeepFake Voices for AI-Based Voice Analysis and Detection/Dataset/S5F01/Fake/17.wav,1,MEN,MEN-S5F01,TG:bcd6cfadd3d9fac9,4.4257812,1,0.3125,0.9881765
mendeley/extracted/Bangla Audio Dataset Original and DeepFake Voices for AI-Based Voice Analysis and Detection/Dataset/S5F01/Fake/18.wav,1,MEN,MEN-S5F01,TG:1a16fd08ceff4f12,-6.765625,1,0.4875,0.0011513996
mendeley/extracted/Bangla Audio Dataset Original and DeepFake Voices for AI-Based Voice Analysis and Detection/Dataset/S5F01/Fake/19.wav,1,MEN,MEN-S5F01,TG:c6a569cb1c42dd72,1.828125,1,0.3891666666666666,0.86153823
mendeley/extracted/Bangla Audio Dataset Original and DeepFake Voices for AI-Based Voice Analysis and Detection/Dataset/S5F01/Fake/2.wav,1,MEN,MEN-S5F01,TG:0248b16eb662828b,-8.8203125,1,0.4024999999999999,0.00014768037
mendeley/extracted/Bangla Audio Dataset Original and DeepFake Voices for AI-Based Voice Analysis and Detection/Dataset/S5F01/Fake/20.wav,1,MEN,MEN-S5F01,TG:f279b4c95db0b6cc,-11.75,1,0.0558333333333332,7.889263e-06
mendeley/extracted/Bangla Audio Dataset Original and DeepFake Voices for AI-Based Voice Analysis and Detection/Dataset/S5F01/Fake/21.wav,1,MEN,MEN-S5F01,TG:96c0436f4a426d67,9.875,1,0.3658333333333333,0.9999485
mendeley/extracted/Bangla Audio Dataset Original and DeepFake Voices for AI-Based Voice Analysis and Detection/Dataset/S5F01/Fake/22.wav,1,MEN,MEN-S5F01,TG:22d08af6ef894e28,-0.515625,1,0.2258333333333333,0.37387583
mendeley/extracted/Bangla Audio Dataset Original and DeepFake Voices for AI-Based Voice Analysis and Detection/Dataset/S5F01/Fake/23.wav,1,MEN,MEN-S5F01,TG:bb2d38b4a96c681d,1.0009766,1,0.2941666666666667,0.7312505
mendeley/extracted/Bangla Audio Dataset Original and DeepFake Voices for AI-Based Voice Analysis and Detection/Dataset/S5F01/Fake/24.wav,1,MEN,MEN-S5F01,TG:fe8586f872b894ef,6.8007812,1,0.5025,0.9988883
mendeley/extracted/Bangla Audio Dataset Original and DeepFake Voices for AI-Based Voice Analysis and Detection/Dataset/S5F01/Fake/25.wav,1,MEN,MEN-S5F01,TG:5dd170d234240c99,3.453125,1,0.4541666666666667,0.9693242
mendeley/extracted/Bangla Audio Dataset Original and DeepFake Voices for AI-Based Voice Analysis and Detection/Dataset/S5F01/Fake/26.wav,1,MEN,MEN-S5F01,TG:2f3da6ae155e03e8,-14.8984375,1,0.1225,3.386029e-07
mendeley/extracted/Bangla Audio Dataset Original and DeepFake Voices for AI-Based Voice Analysis and Detection/Dataset/S5F01/Fake/27.wav,1,MEN,MEN-S5F01,TG:63c78e03d9938d12,-4.8242188,1,0.3991666666666666,0.007968815
mendeley/extracted/Bangla Audio Dataset Original and DeepFake Voices for AI-Based Voice Analysis and Detection/Dataset/S5F01/Fake/28.wav,1,MEN,MEN-S5F01,TG:152e03b810936dfc,-17.046875,1,0.3525,3.9503565e-08
mendeley/extracted/Bangla Audio Dataset Original and DeepFake Voices for AI-Based Voice Analysis and Detection/Dataset/S5F01/Fake/29.wav,1,MEN,MEN-S5F01,TG:d4b270a54076f01c,10.984375,1,0.3175,0.9999831
mendeley/extracted/Bangla Audio Dataset Original and DeepFake Voices for AI-Based Voice Analysis and Detection/Dataset/S5F01/Fake/3.wav,1,MEN,MEN-S5F01,TG:d71a97a6a92d9631,6.15625,1,0.5091666666666667,0.99788433
mendeley/extracted/Bangla Audio Dataset Original and DeepFake Voices for AI-Based Voice Analysis and Detection/Dataset/S5F01/Fake/30.wav,1,MEN,MEN-S5F01,TG:4d146ddad8824512,7.1132812,1,0.5341666666666667,0.99918646
mendeley/extracted/Bangla Audio Dataset Original and DeepFake Voices for AI-Based Voice Analysis and Detection/Dataset/S5F01/Fake/4.wav,1,MEN,MEN-S5F01,TG:d0f5a20088e8ff8d,-18.265625,1,0.3708333333333333,1.1677231e-08
mendeley/extracted/Bangla Audio Dataset Original and DeepFake Voices for AI-Based Voice Analysis and Detection/Dataset/S5F01/Fake/5.wav,1,MEN,MEN-S5F01,TG:c6a1ce68ac716363,-10.421875,1,0.3491666666666666,2.9773113e-05
mendeley/extracted/Bangla Audio Dataset Original and DeepFake Voices for AI-Based Voice Analysis and Detection/Dataset/S5F01/Fake/6.wav,1,MEN,MEN-S5F01,TG:5755dcb7f67d4970,-0.9248047,1,0.4358333333333333,0.2839799
mendeley/extracted/Bangla Audio Dataset Original and DeepFake Voices for AI-Based Voice Analysis and Detection/Dataset/S5F01/Fake/7.wav,1,MEN,MEN-S5F01,TG:5f5a81604cedcad9,8.6796875,1,0.3391666666666666,0.99983
mendeley/extracted/Bangla Audio Dataset Original and DeepFake Voices for AI-Based Voice Analysis and Detection/Dataset/S5F01/Fake/8.wav,1,MEN,MEN-S5F01,TG:24597b348972aafa,1.0322266,1,0.0658333333333333,0.7373473
mendeley/extracted/Bangla Audio Dataset Original and DeepFake Voices for AI-Based Voice Analysis and Detection/Dataset/S5F01/Fake/9.wav,1,MEN,MEN-S5F01,TG:f35afca6bb05cddb,5.0507812,1,0.4091666666666667,0.9936365
mendeley/extracted/Bangla Audio Dataset Original and DeepFake Voices for AI-Based Voice Analysis and Detection/Dataset/S5F01/Real/1.wav,0,MEN,MEN-S5F01,TG:4947df796a9b11a7,-12.6640625,1,0.3924999999999999,3.1627599e-06
mendeley/extracted/Bangla Audio Dataset Original and DeepFake Voices for AI-Based Voice Analysis and Detection/Dataset/S5F01/Real/10.wav,0,MEN,MEN-S5F01,TG:036cd5375cd345fc,-24.640625,1,0.4991666666666666,1.989356e-11
mendeley/extracted/Bangla Audio Dataset Original and DeepFake Voices for AI-Based Voice Analysis and Detection/Dataset/S5F01/Real/11.wav,0,MEN,MEN-S5F01,TG:18828ca74cb29a2e,-17.640625,1,0.3458333333333333,2.181594e-08
mendeley/extracted/Bangla Audio Dataset Original and DeepFake Voices for AI-Based Voice Analysis and Detection/Dataset/S5F01/Real/12.wav,0,MEN,MEN-S5F01,TG:61fa72b6eaa43ed3,-23.875,1,0.3625,4.2777875e-11
mendeley/extracted/Bangla Audio Dataset Original and DeepFake Voices for AI-Based Voice Analysis and Detection/Dataset/S5F01/Real/13.wav,0,MEN,MEN-S5F01,TG:52639be95d4890ca,-26.671875,1,0.5358333333333334,2.6094671e-12
mendeley/extracted/Bangla Audio Dataset Original and DeepFake Voices for AI-Based Voice Analysis and Detection/Dataset/S5F01/Real/14.wav,0,MEN,MEN-S5F01,TG:8f5971aea28f10b7,-20.0,1,0.6525000000000001,2.0611535e-09
mendeley/extracted/Bangla Audio Dataset Original and DeepFake Voices for AI-Based Voice Analysis and Detection/Dataset/S5F01/Real/15.wav,0,MEN,MEN-S5F01,TG:9ee45c5ef51f9754,-12.2421875,1,0.3458333333333333,4.8226243e-06
mendeley/extracted/Bangla Audio Dataset Original and DeepFake Voices for AI-Based Voice Analysis and Detection/Dataset/S5F01/Real/16.wav,0,MEN,MEN-S5F01,TG:26a0237539c16b7f,-30.625,1,0.4225,5.008775e-14
mendeley/extracted/Bangla Audio Dataset Original and DeepFake Voices for AI-Based Voice Analysis and Detection/Dataset/S5F01/Real/17.wav,0,MEN,MEN-S5F01,TG:bcd6cfadd3d9fac9,-20.0625,1,0.3641666666666666,1.9362747e-09
mendeley/extracted/Bangla Audio Dataset Original and DeepFake Voices for AI-Based Voice Analysis and Detection/Dataset/S5F01/Real/18.wav,0,MEN,MEN-S5F01,TG:1a16fd08ceff4f12,-14.9375,1,0.4725,3.2563122e-07
mendeley/extracted/Bangla Audio Dataset Original and DeepFake Voices for AI-Based Voice Analysis and Detection/Dataset/S5F01/Real/19.wav,0,MEN,MEN-S5F01,TG:c6a569cb1c42dd72,-11.796875,1,0.3325,7.5279895e-06
mendeley/extracted/Bangla Audio Dataset Original and DeepFake Voices for AI-Based Voice Analysis and Detection/Dataset/S5F01/Real/2.wav,0,MEN,MEN-S5F01,TG:0248b16eb662828b,-13.046875,1,0.5358333333333334,2.1568167e-06
mendeley/extracted/Bangla Audio Dataset Original and DeepFake Voices for AI-Based Voice Analysis and Detection/Dataset/S5F01/Real/20.wav,0,MEN,MEN-S5F01,TG:f279b4c95db0b6cc,-32.0625,1,0.3091666666666667,1.1896882e-14
mendeley/extracted/Bangla Audio Dataset Original and DeepFake Voices for AI-Based Voice Analysis and Detection/Dataset/S5F01/Real/21.wav,0,MEN,MEN-S5F01,TG:96c0436f4a426d67,-22.703125,1,0.3191666666666667,1.380887e-10
mendeley/extracted/Bangla Audio Dataset Original and DeepFake Voices for AI-Based Voice Analysis and Detection/Dataset/S5F01/Real/22.wav,0,MEN,MEN-S5F01,TG:22d08af6ef894e28,-19.453125,1,0.3491666666666666,3.5613539e-09
mendeley/extracted/Bangla Audio Dataset Original and DeepFake Voices for AI-Based Voice Analysis and Detection/Dataset/S5F01/Real/23.wav,0,MEN,MEN-S5F01,TG:bb2d38b4a96c681d,-27.640625,1,0.4908333333333333,9.904421e-13
mendeley/extracted/Bangla Audio Dataset Original and DeepFake Voices for AI-Based Voice Analysis and Detection/Dataset/S5F01/Real/24.wav,0,MEN,MEN-S5F01,TG:fe8586f872b894ef,-18.09375,1,0.5158333333333334,1.3867053e-08
mendeley/extracted/Bangla Audio Dataset Original and DeepFake Voices for AI-Based Voice Analysis and Detection/Dataset/S5F01/Real/25.wav,0,MEN,MEN-S5F01,TG:5dd170d234240c99,-26.984375,1,0.5225,1.9091272e-12
mendeley/extracted/Bangla Audio Dataset Original and DeepFake Voices for AI-Based Voice Analysis and Detection/Dataset/S5F01/Real/26.wav,0,MEN,MEN-S5F01,TG:2f3da6ae155e03e8,-13.78125,1,0.5008333333333334,1.0348532e-06
mendeley/extracted/Bangla Audio Dataset Original and DeepFake Voices for AI-Based Voice Analysis and Detection/Dataset/S5F01/Real/27.wav,0,MEN,MEN-S5F01,TG:63c78e03d9938d12,-21.828125,1,0.5258333333333334,3.3125752e-10
mendeley/extracted/Bangla Audio Dataset Original and DeepFake Voices for AI-Based Voice Analysis and Detection/Dataset/S5F01/Real/28.wav,0,MEN,MEN-S5F01,TG:152e03b810936dfc,-21.9375,1,0.5691666666666666,2.9693734e-10
mendeley/extracted/Bangla Audio Dataset Original and DeepFake Voices for AI-Based Voice Analysis and Detection/Dataset/S5F01/Real/29.wav,0,MEN,MEN-S5F01,TG:d4b270a54076f01c,-11.8125,1,0.3991666666666666,7.4112795e-06
mendeley/extracted/Bangla Audio Dataset Original and DeepFake Voices for AI-Based Voice Analysis and Detection/Dataset/S5F01/Real/3.wav,0,MEN,MEN-S5F01,TG:d71a97a6a92d9631,-19.46875,1,0.5708333333333333,3.5061407e-09
mendeley/extracted/Bangla Audio Dataset Original and DeepFake Voices for AI-Based Voice Analysis and Detection/Dataset/S5F01/Real/30.wav,0,MEN,MEN-S5F01,TG:4d146ddad8824512,-12.1015625,1,0.6825,5.550802e-06
mendeley/extracted/Bangla Audio Dataset Original and DeepFake Voices for AI-Based Voice Analysis and Detection/Dataset/S5F01/Real/4.wav,0,MEN,MEN-S5F01,TG:d0f5a20088e8ff8d,-24.625,1,0.6025,2.0206841e-11
mendeley/extracted/Bangla Audio Dataset Original and DeepFake Voices for AI-Based Voice Analysis and Detection/Dataset/S5F01/Real/5.wav,0,MEN,MEN-S5F01,TG:c6a1ce68ac716363,-17.71875,1,0.4658333333333333,2.0176445e-08
mendeley/extracted/Bangla Audio Dataset Original and DeepFake Voices for AI-Based Voice Analysis and Detection/Dataset/S5F01/Real/6.wav,0,MEN,MEN-S5F01,TG:5755dcb7f67d4970,-9.7578125,1,0.5658333333333334,5.7837664e-05
mendeley/extracted/Bangla Audio Dataset Original and DeepFake Voices for AI-Based Voice Analysis and Detection/Dataset/S5F01/Real/7.wav,0,MEN,MEN-S5F01,TG:5f5a81604cedcad9,-1.1728516,1,0.3408333333333333,0.23633993
mendeley/extracted/Bangla Audio Dataset Original and DeepFake Voices for AI-Based Voice Analysis and Detection/Dataset/S5F01/Real/8.wav,0,MEN,MEN-S5F01,TG:24597b348972aafa,-18.6875,1,0.3491666666666666,7.658115e-09
mendeley/extracted/Bangla Audio Dataset Original and DeepFake Voices for AI-Based Voice Analysis and Detection/Dataset/S5F01/Real/9.wav,0,MEN,MEN-S5F01,TG:f35afca6bb05cddb,-5.1757812,1,0.3058333333333333,0.0056200367
mendeley/extracted/Bangla Audio Dataset Original and DeepFake Voices for AI-Based Voice Analysis and Detection/Dataset/S5F03/Fake/1.wav,1,MEN,MEN-S5F03,TG:4947df796a9b11a7,-13.4140625,1,0.2408333333333333,1.4939843e-06
mendeley/extracted/Bangla Audio Dataset Original and DeepFake Voices for AI-Based Voice Analysis and Detection/Dataset/S5F03/Fake/10.wav,1,MEN,MEN-S5F03,TG:036cd5375cd345fc,-6.3984375,1,0.4591666666666666,0.0016613906
mendeley/extracted/Bangla Audio Dataset Original and DeepFake Voices for AI-Based Voice Analysis and Detection/Dataset/S5F03/Fake/11.wav,1,MEN,MEN-S5F03,TG:18828ca74cb29a2e,-6.6015625,1,0.3708333333333333,0.0013564017
mendeley/extracted/Bangla Audio Dataset Original and DeepFake Voices for AI-Based Voice Analysis and Detection/Dataset/S5F03/Fake/12.wav,1,MEN,MEN-S5F03,TG:61fa72b6eaa43ed3,7.2226562,1,0.1558333333333333,0.9992706
mendeley/extracted/Bangla Audio Dataset Original and DeepFake Voices for AI-Based Voice Analysis and Detection/Dataset/S5F03/Fake/13.wav,1,MEN,MEN-S5F03,TG:52639be95d4890ca,13.53125,1,0.4508333333333333,0.9999987
mendeley/extracted/Bangla Audio Dataset Original and DeepFake Voices for AI-Based Voice Analysis and Detection/Dataset/S5F03/Fake/14.wav,1,MEN,MEN-S5F03,TG:8f5971aea28f10b7,6.1601562,1,0.4275,0.99789256
mendeley/extracted/Bangla Audio Dataset Original and DeepFake Voices for AI-Based Voice Analysis and Detection/Dataset/S5F03/Fake/15.wav,1,MEN,MEN-S5F03,TG:9ee45c5ef51f9754,-14.2734375,1,0.4125,6.325933e-07
mendeley/extracted/Bangla Audio Dataset Original and DeepFake Voices for AI-Based Voice Analysis and Detection/Dataset/S5F03/Fake/16.wav,1,MEN,MEN-S5F03,TG:26a0237539c16b7f,6.1328125,1,0.3108333333333333,0.99783427
mendeley/extracted/Bangla Audio Dataset Original and DeepFake Voices for AI-Based Voice Analysis and Detection/Dataset/S5F03/Fake/17.wav,1,MEN,MEN-S5F03,TG:bcd6cfadd3d9fac9,-26.5625,1,0.2791666666666667,2.911071e-12
mendeley/extracted/Bangla Audio Dataset Original and DeepFake Voices for AI-Based Voice Analysis and Detection/Dataset/S5F03/Fake/18.wav,1,MEN,MEN-S5F03,TG:1a16fd08ceff4f12,3.46875,1,0.4591666666666666,0.9697854
mendeley/extracted/Bangla Audio Dataset Original and DeepFake Voices for AI-Based Voice Analysis and Detection/Dataset/S5F03/Fake/19.wav,1,MEN,MEN-S5F03,TG:c6a569cb1c42dd72,-12.4453125,1,0.3508333333333333,3.936115e-06
mendeley/extracted/Bangla Audio Dataset Original and DeepFake Voices for AI-Based Voice Analysis and Detection/Dataset/S5F03/Fake/2.wav,1,MEN,MEN-S5F03,TG:0248b16eb662828b,5.125,1,0.3341666666666666,0.994089
mendeley/extracted/Bangla Audio Dataset Original and DeepFake Voices for AI-Based Voice Analysis and Detection/Dataset/S5F03/Fake/20.wav,1,MEN,MEN-S5F03,TG:f279b4c95db0b6cc,-20.828125,1,0.0841666666666666,9.0045127e-10
mendeley/extracted/Bangla Audio Dataset Original and DeepFake Voices for AI-Based Voice Analysis and Detection/Dataset/S5F03/Fake/21.wav,1,MEN,MEN-S5F03,TG:96c0436f4a426d67,5.75,1,0.4658333333333333,0.9968273
mendeley/extracted/Bangla Audio Dataset Original and DeepFake Voices for AI-Based Voice Analysis and Detection/Dataset/S5F03/Fake/22.wav,1,MEN,MEN-S5F03,TG:22d08af6ef894e28,-7.1757812,1,0.2441666666666666,0.0007643034
mendeley/extracted/Bangla Audio Dataset Original and DeepFake Voices for AI-Based Voice Analysis and Detection/Dataset/S5F03/Fake/23.wav,1,MEN,MEN-S5F03,TG:bb2d38b4a96c681d,-7.3085938,1,0.3291666666666667,0.00066931
mendeley/extracted/Bangla Audio Dataset Original and DeepFake Voices for AI-Based Voice Analysis and Detection/Dataset/S5F03/Fake/24.wav,1,MEN,MEN-S5F03,TG:fe8586f872b894ef,7.2617188,1,0.3641666666666666,0.9992986
mendeley/extracted/Bangla Audio Dataset Original and DeepFake Voices for AI-Based Voice Analysis and Detection/Dataset/S5F03/Fake/25.wav,1,MEN,MEN-S5F03,TG:5dd170d234240c99,4.4804688,1,0.4708333333333333,0.9887988
mendeley/extracted/Bangla Audio Dataset Original and DeepFake Voices for AI-Based Voice Analysis and Detection/Dataset/S5F03/Fake/26.wav,1,MEN,MEN-S5F03,TG:2f3da6ae155e03e8,-15.4140625,1,0.1524999999999999,2.0218904e-07
mendeley/extracted/Bangla Audio Dataset Original and DeepFake Voices for AI-Based Voice Analysis and Detection/Dataset/S5F03/Fake/27.wav,1,MEN,MEN-S5F03,TG:63c78e03d9938d12,-11.015625,1,0.3658333333333333,1.6442495e-05
mendeley/extracted/Bangla Audio Dataset Original and DeepFake Voices for AI-Based Voice Analysis and Detection/Dataset/S5F03/Fake/28.wav,1,MEN,MEN-S5F03,TG:152e03b810936dfc,-15.265625,1,0.4041666666666667,2.3454339e-07
mendeley/extracted/Bangla Audio Dataset Original and DeepFake Voices for AI-Based Voice Analysis and Detection/Dataset/S5F03/Fake/29.wav,1,MEN,MEN-S5F03,TG:d4b270a54076f01c,9.6640625,1,0.1541666666666666,0.99993646
mendeley/extracted/Bangla Audio Dataset Original and DeepFake Voices for AI-Based Voice Analysis and Detection/Dataset/S5F03/Fake/3.wav,1,MEN,MEN-S5F03,TG:d71a97a6a92d9631,0.37231445,1,0.4491666666666667,0.5920181
mendeley/extracted/Bangla Audio Dataset Original and DeepFake Voices for AI-Based Voice Analysis and Detection/Dataset/S5F03/Fake/30.wav,1,MEN,MEN-S5F03,TG:4d146ddad8824512,-9.671875,1,0.5558333333333334,6.302758e-05
mendeley/extracted/Bangla Audio Dataset Original and DeepFake Voices for AI-Based Voice Analysis and Detection/Dataset/S5F03/Fake/4.wav,1,MEN,MEN-S5F03,TG:d0f5a20088e8ff8d,-25.96875,1,0.4441666666666667,5.2712687e-12
mendeley/extracted/Bangla Audio Dataset Original and DeepFake Voices for AI-Based Voice Analysis and Detection/Dataset/S5F03/Fake/5.wav,1,MEN,MEN-S5F03,TG:c6a1ce68ac716363,7.0273438,1,0.3741666666666666,0.9991135
mendeley/extracted/Bangla Audio Dataset Original and DeepFake Voices for AI-Based Voice Analysis and Detection/Dataset/S5F03/Fake/6.wav,1,MEN,MEN-S5F03,TG:5755dcb7f67d4970,-9.640625,1,0.3958333333333333,6.5028165e-05
mendeley/extracted/Bangla Audio Dataset Original and DeepFake Voices for AI-Based Voice Analysis and Detection/Dataset/S5F03/Fake/7.wav,1,MEN,MEN-S5F03,TG:5f5a81604cedcad9,9.6875,1,0.3558333333333333,0.9999379
mendeley/extracted/Bangla Audio Dataset Original and DeepFake Voices for AI-Based Voice Analysis and Detection/Dataset/S5F03/Fake/8.wav,1,MEN,MEN-S5F03,TG:24597b348972aafa,-6.0625,1,0.2008333333333333,0.0023231625
mendeley/extracted/Bangla Audio Dataset Original and DeepFake Voices for AI-Based Voice Analysis and Detection/Dataset/S5F03/Fake/9.wav,1,MEN,MEN-S5F03,TG:f35afca6bb05cddb,3.8554688,1,0.3841666666666666,0.9792749
mendeley/extracted/Bangla Audio Dataset Original and DeepFake Voices for AI-Based Voice Analysis and Detection/Dataset/S5F03/Real/1.wav,0,MEN,MEN-S5F03,TG:4947df796a9b11a7,-16.703125,1,0.4008333333333334,5.570894e-08
mendeley/extracted/Bangla Audio Dataset Original and DeepFake Voices for AI-Based Voice Analysis and Detection/Dataset/S5F03/Real/10.wav,0,MEN,MEN-S5F03,TG:036cd5375cd345fc,-14.1171875,1,0.5175000000000001,7.395765e-07
mendeley/extracted/Bangla Audio Dataset Original and DeepFake Voices for AI-Based Voice Analysis and Detection/Dataset/S5F03/Real/11.wav,0,MEN,MEN-S5F03,TG:18828ca74cb29a2e,-7.3828125,1,0.4341666666666667,0.000621463
mendeley/extracted/Bangla Audio Dataset Original and DeepFake Voices for AI-Based Voice Analysis and Detection/Dataset/S5F03/Real/12.wav,0,MEN,MEN-S5F03,TG:61fa72b6eaa43ed3,-3.3183594,1,0.4341666666666667,0.034946695
mendeley/extracted/Bangla Audio Dataset Original and DeepFake Voices for AI-Based Voice Analysis and Detection/Dataset/S5F03/Real/13.wav,0,MEN,MEN-S5F03,TG:52639be95d4890ca,-5.7304688,1,0.5341666666666667,0.003235056
mendeley/extracted/Bangla Audio Dataset Original and DeepFake Voices for AI-Based Voice Analysis and Detection/Dataset/S5F03/Real/14.wav,0,MEN,MEN-S5F03,TG:8f5971aea28f10b7,0.98339844,1,0.5508333333333333,0.7277821
mendeley/extracted/Bangla Audio Dataset Original and DeepFake Voices for AI-Based Voice Analysis and Detection/Dataset/S5F03/Real/15.wav,0,MEN,MEN-S5F03,TG:9ee45c5ef51f9754,-14.734375,1,0.4841666666666666,3.9897168e-07
mendeley/extracted/Bangla Audio Dataset Original and DeepFake Voices for AI-Based Voice Analysis and Detection/Dataset/S5F03/Real/16.wav,0,MEN,MEN-S5F03,TG:26a0237539c16b7f,-13.90625,1,0.4008333333333334,9.1325484e-07
mendeley/extracted/Bangla Audio Dataset Original and DeepFake Voices for AI-Based Voice Analysis and Detection/Dataset/S5F03/Real/17.wav,0,MEN,MEN-S5F03,TG:bcd6cfadd3d9fac9,-15.7890625,1,0.4341666666666667,1.3896238e-07
mendeley/extracted/Bangla Audio Dataset Original and DeepFake Voices for AI-Based Voice Analysis and Detection/Dataset/S5F03/Real/18.wav,0,MEN,MEN-S5F03,TG:1a16fd08ceff4f12,-10.4921875,1,0.5675,2.7751652e-05
mendeley/extracted/Bangla Audio Dataset Original and DeepFake Voices for AI-Based Voice Analysis and Detection/Dataset/S5F03/Real/19.wav,0,MEN,MEN-S5F03,TG:c6a569cb1c42dd72,-17.953125,1,0.3508333333333333,1.5960882e-08
mendeley/extracted/Bangla Audio Dataset Original and DeepFake Voices for AI-Based Voice Analysis and Detection/Dataset/S5F03/Real/2.wav,0,MEN,MEN-S5F03,TG:0248b16eb662828b,-13.2109375,1,0.3508333333333333,1.8304671e-06
mendeley/extracted/Bangla Audio Dataset Original and DeepFake Voices for AI-Based Voice Analysis and Detection/Dataset/S5F03/Real/20.wav,0,MEN,MEN-S5F03,TG:f279b4c95db0b6cc,-19.5625,1,0.3675,3.192377e-09
mendeley/extracted/Bangla Audio Dataset Original and DeepFake Voices for AI-Based Voice Analysis and Detection/Dataset/S5F03/Real/21.wav,0,MEN,MEN-S5F03,TG:96c0436f4a426d67,-4.2539062,1,0.3675,0.014009568
mendeley/extracted/Bangla Audio Dataset Original and DeepFake Voices for AI-Based Voice Analysis and Detection/Dataset/S5F03/Real/22.wav,0,MEN,MEN-S5F03,TG:22d08af6ef894e28,-14.140625,1,0.4841666666666666,7.2244416e-07
mendeley/extracted/Bangla Audio Dataset Original and DeepFake Voices for AI-Based Voice Analysis and Detection/Dataset/S5F03/Real/23.wav,0,MEN,MEN-S5F03,TG:bb2d38b4a96c681d,-15.828125,1,0.3508333333333333,1.336388e-07
mendeley/extracted/Bangla Audio Dataset Original and DeepFake Voices for AI-Based Voice Analysis and Detection/Dataset/S5F03/Real/24.wav,0,MEN,MEN-S5F03,TG:fe8586f872b894ef,-16.34375,1,0.3508333333333333,7.979938e-08
mendeley/extracted/Bangla Audio Dataset Original and DeepFake Voices for AI-Based Voice Analysis and Detection/Dataset/S5F03/Real/25.wav,0,MEN,MEN-S5F03,TG:5dd170d234240c99,-10.53125,1,0.4675,2.6688529e-05
mendeley/extracted/Bangla Audio Dataset Original and DeepFake Voices for AI-Based Voice Analysis and Detection/Dataset/S5F03/Real/26.wav,0,MEN,MEN-S5F03,TG:2f3da6ae155e03e8,0.95703125,1,0.4341666666666667,0.722527
mendeley/extracted/Bangla Audio Dataset Original and DeepFake Voices for AI-Based Voice Analysis and Detection/Dataset/S5F03/Real/27.wav,0,MEN,MEN-S5F03,TG:63c78e03d9938d12,-14.265625,1,0.4841666666666666,6.3755476e-07
mendeley/extracted/Bangla Audio Dataset Original and DeepFake Voices for AI-Based Voice Analysis and Detection/Dataset/S5F03/Real/28.wav,0,MEN,MEN-S5F03,TG:152e03b810936dfc,-17.96875,1,0.5508333333333333,1.571343e-08
mendeley/extracted/Bangla Audio Dataset Original and DeepFake Voices for AI-Based Voice Analysis and Detection/Dataset/S5F03/Real/29.wav,0,MEN,MEN-S5F03,TG:d4b270a54076f01c,-17.90625,1,0.4508333333333333,1.6726862e-08
mendeley/extracted/Bangla Audio Dataset Original and DeepFake Voices for AI-Based Voice Analysis and Detection/Dataset/S5F03/Real/3.wav,0,MEN,MEN-S5F03,TG:d71a97a6a92d9631,-17.046875,1,0.4675,3.9503565e-08
mendeley/extracted/Bangla Audio Dataset Original and DeepFake Voices for AI-Based Voice Analysis and Detection/Dataset/S5F03/Real/30.wav,0,MEN,MEN-S5F03,TG:4d146ddad8824512,-21.15625,1,0.5175000000000001,6.485708e-10
mendeley/extracted/Bangla Audio Dataset Original and DeepFake Voices for AI-Based Voice Analysis and Detection/Dataset/S5F03/Real/4.wav,0,MEN,MEN-S5F03,TG:d0f5a20088e8ff8d,-1.1894531,1,0.4508333333333333,0.23335676
mendeley/extracted/Bangla Audio Dataset Original and DeepFake Voices for AI-Based Voice Analysis and Detection/Dataset/S5F03/Real/5.wav,0,MEN,MEN-S5F03,TG:c6a1ce68ac716363,-15.6015625,1,0.3675,1.6762063e-07
mendeley/extracted/Bangla Audio Dataset Original and DeepFake Voices for AI-Based Voice Analysis and Detection/Dataset/S5F03/Real/6.wav,0,MEN,MEN-S5F03,TG:5755dcb7f67d4970,-3.0429688,1,0.4341666666666667,0.045522004
mendeley/extracted/Bangla Audio Dataset Original and DeepFake Voices for AI-Based Voice Analysis and Detection/Dataset/S5F03/Real/7.wav,0,MEN,MEN-S5F03,TG:5f5a81604cedcad9,-9.2734375,1,0.4008333333333334,9.387641e-05
mendeley/extracted/Bangla Audio Dataset Original and DeepFake Voices for AI-Based Voice Analysis and Detection/Dataset/S5F03/Real/8.wav,0,MEN,MEN-S5F03,TG:24597b348972aafa,-7.9453125,1,0.3508333333333333,0.00035419367
mendeley/extracted/Bangla Audio Dataset Original and DeepFake Voices for AI-Based Voice Analysis and Detection/Dataset/S5F03/Real/9.wav,0,MEN,MEN-S5F03,TG:f35afca6bb05cddb,-8.375,1,0.3675,0.0002305067
mendeley/extracted/Bangla Audio Dataset Original and DeepFake Voices for AI-Based Voice Analysis and Detection/Dataset/S5F05/Fake/1.wav,1,MEN,MEN-S5F05,TG:4947df796a9b11a7,-19.015625,1,0.2091666666666666,5.515933e-09
mendeley/extracted/Bangla Audio Dataset Original and DeepFake Voices for AI-Based Voice Analysis and Detection/Dataset/S5F05/Fake/10.wav,1,MEN,MEN-S5F05,TG:036cd5375cd345fc,-18.234375,1,0.3941666666666666,1.2047906e-08
mendeley/extracted/Bangla Audio Dataset Original and DeepFake Voices for AI-Based Voice Analysis and Detection/Dataset/S5F05/Fake/11.wav,1,MEN,MEN-S5F05,TG:18828ca74cb29a2e,-18.03125,1,0.3125,1.4761403e-08
mendeley/extracted/Bangla Audio Dataset Original and DeepFake Voices for AI-Based Voice Analysis and Detection/Dataset/S5F05/Fake/12.wav,1,MEN,MEN-S5F05,TG:61fa72b6eaa43ed3,-3.0195312,1,0.2108333333333333,0.046551272
mendeley/extracted/Bangla Audio Dataset Original and DeepFake Voices for AI-Based Voice Analysis and Detection/Dataset/S5F05/Fake/13.wav,1,MEN,MEN-S5F05,TG:52639be95d4890ca,4.7851562,1,0.4375,0.9917163
mendeley/extracted/Bangla Audio Dataset Original and DeepFake Voices for AI-Based Voice Analysis and Detection/Dataset/S5F05/Fake/14.wav,1,MEN,MEN-S5F05,TG:8f5971aea28f10b7,-6.1835938,1,0.4108333333333334,0.0020587535
mendeley/extracted/Bangla Audio Dataset Original and DeepFake Voices for AI-Based Voice Analysis and Detection/Dataset/S5F05/Fake/15.wav,1,MEN,MEN-S5F05,TG:9ee45c5ef51f9754,-12.546875,1,0.3941666666666666,3.5559847e-06
mendeley/extracted/Bangla Audio Dataset Original and DeepFake Voices for AI-Based Voice Analysis and Detection/Dataset/S5F05/Fake/16.wav,1,MEN,MEN-S5F05,TG:26a0237539c16b7f,-3.7460938,1,0.2475,0.023065226
mendeley/extracted/Bangla Audio Dataset Original and DeepFake Voices for AI-Based Voice Analysis and Detection/Dataset/S5F05/Fake/17.wav,1,MEN,MEN-S5F05,TG:bcd6cfadd3d9fac9,-10.6953125,1,0.2308333333333333,2.2650353e-05
mendeley/extracted/Bangla Audio Dataset Original and DeepFake Voices for AI-Based Voice Analysis and Detection/Dataset/S5F05/Fake/18.wav,1,MEN,MEN-S5F05,TG:1a16fd08ceff4f12,5.8476562,1,0.4875,0.99712163
mendeley/extracted/Bangla Audio Dataset Original and DeepFake Voices for AI-Based Voice Analysis and Detection/Dataset/S5F05/Fake/19.wav,1,MEN,MEN-S5F05,TG:c6a569cb1c42dd72,-3.4140625,1,0.3858333333333333,0.031858854
mendeley/extracted/Bangla Audio Dataset Original and DeepFake Voices for AI-Based Voice Analysis and Detection/Dataset/S5F05/Fake/2.wav,1,MEN,MEN-S5F05,TG:0248b16eb662828b,-13.6875,1,0.3774999999999999,1.1365637e-06
mendeley/extracted/Bangla Audio Dataset Original and DeepFake Voices for AI-Based Voice Analysis and Detection/Dataset/S5F05/Fake/20.wav,1,MEN,MEN-S5F05,TG:f279b4c95db0b6cc,-24.125,1,0.1808333333333333,3.3315444e-11
mendeley/extracted/Bangla Audio Dataset Original and DeepFake Voices for AI-Based Voice Analysis and Detection/Dataset/S5F05/Fake/21.wav,1,MEN,MEN-S5F05,TG:96c0436f4a426d67,-3.3847656,1,0.3991666666666666,0.032774985
mendeley/extracted/Bangla Audio Dataset Original and DeepFake Voices for AI-Based Voice Analysis and Detection/Dataset/S5F05/Fake/22.wav,1,MEN,MEN-S5F05,TG:22d08af6ef894e28,-26.140625,1,0.2125,4.438854e-12
mendeley/extracted/Bangla Audio Dataset Original and DeepFake Voices for AI-Based Voice Analysis and Detection/Dataset/S5F05/Fake/23.wav,1,MEN,MEN-S5F05,TG:bb2d38b4a96c681d,-4.5,1,0.3341666666666666,0.010986943
mendeley/extracted/Bangla Audio Dataset Original and DeepFake Voices for AI-Based Voice Analysis and Detection/Dataset/S5F05/Fake/24.wav,1,MEN,MEN-S5F05,TG:fe8586f872b894ef,-10.203125,1,0.3341666666666666,3.705297e-05
mendeley/extracted/Bangla Audio Dataset Original and DeepFake Voices for AI-Based Voice Analysis and Detection/Dataset/S5F05/Fake/25.wav,1,MEN,MEN-S5F05,TG:5dd170d234240c99,-11.0,1,0.3841666666666666,1.6701422e-05
mendeley/extracted/Bangla Audio Dataset Original and DeepFake Voices for AI-Based Voice Analysis and Detection/Dataset/S5F05/Fake/26.wav,1,MEN,MEN-S5F05,TG:2f3da6ae155e03e8,-8.0546875,1,0.1274999999999999,0.0003175088
mendeley/extracted/Bangla Audio Dataset Original and DeepFake Voices for AI-Based Voice Analysis and Detection/Dataset/S5F05/Fake/27.wav,1,MEN,MEN-S5F05,TG:63c78e03d9938d12,-9.5703125,1,0.2875,6.976471e-05
mendeley/extracted/Bangla Audio Dataset Original and DeepFake Voices for AI-Based Voice Analysis and Detection/Dataset/S5F05/Fake/28.wav,1,MEN,MEN-S5F05,TG:152e03b810936dfc,-18.15625,1,0.3508333333333333,1.30268925e-08
mendeley/extracted/Bangla Audio Dataset Original and DeepFake Voices for AI-Based Voice Analysis and Detection/Dataset/S5F05/Fake/29.wav,1,MEN,MEN-S5F05,TG:d4b270a54076f01c,10.4609375,1,0.3141666666666667,0.9999714
mendeley/extracted/Bangla Audio Dataset Original and DeepFake Voices for AI-Based Voice Analysis and Detection/Dataset/S5F05/Fake/3.wav,1,MEN,MEN-S5F05,TG:d71a97a6a92d9631,-13.1640625,1,0.4358333333333333,1.918313e-06
mendeley/extracted/Bangla Audio Dataset Original and DeepFake Voices for AI-Based Voice Analysis and Detection/Dataset/S5F05/Fake/30.wav,1,MEN,MEN-S5F05,TG:4d146ddad8824512,-10.0546875,1,0.5108333333333333,4.298194e-05
mendeley/extracted/Bangla Audio Dataset Original and DeepFake Voices for AI-Based Voice Analysis and Detection/Dataset/S5F05/Fake/4.wav,1,MEN,MEN-S5F05,TG:d0f5a20088e8ff8d,-14.484375,1,0.4408333333333333,5.122897e-07
mendeley/extracted/Bangla Audio Dataset Original and DeepFake Voices for AI-Based Voice Analysis and Detection/Dataset/S5F05/Fake/5.wav,1,MEN,MEN-S5F05,TG:c6a1ce68ac716363,-18.828125,1,0.3858333333333333,6.6534853e-09
mendeley/extracted/Bangla Audio Dataset Original and DeepFake Voices for AI-Based Voice Analysis and Detection/Dataset/S5F05/Fake/6.wav,1,MEN,MEN-S5F05,TG:5755dcb7f67d4970,-19.28125,1,0.3741666666666666,4.2292125e-09
mendeley/extracted/Bangla Audio Dataset Original and DeepFake Voices for AI-Based Voice Analysis and Detection/Dataset/S5F05/Fake/7.wav,1,MEN,MEN-S5F05,TG:5f5a81604cedcad9,1.2402344,1,0.2341666666666666,0.7756048
mendeley/extracted/Bangla Audio Dataset Original and DeepFake Voices for AI-Based Voice Analysis and Detection/Dataset/S5F05/Fake/8.wav,1,MEN,MEN-S5F05,TG:24597b348972aafa,-6.3632812,1,0.1541666666666666,0.0017207355
mendeley/extracted/Bangla Audio Dataset Original and DeepFake Voices for AI-Based Voice Analysis and Detection/Dataset/S5F05/Fake/9.wav,1,MEN,MEN-S5F05,TG:f35afca6bb05cddb,7.3085938,1,0.2958333333333333,0.99933076
mendeley/extracted/Bangla Audio Dataset Original and DeepFake Voices for AI-Based Voice Analysis and Detection/Dataset/S5F05/Real/1.wav,0,MEN,MEN-S5F05,TG:4947df796a9b11a7,-24.078125,1,0.3508333333333333,3.4914283e-11
mendeley/extracted/Bangla Audio Dataset Original and DeepFake Voices for AI-Based Voice Analysis and Detection/Dataset/S5F05/Real/10.wav,0,MEN,MEN-S5F05,TG:036cd5375cd345fc,-19.640625,1,0.3841666666666666,2.9524665e-09
mendeley/extracted/Bangla Audio Dataset Original and DeepFake Voices for AI-Based Voice Analysis and Detection/Dataset/S5F05/Real/11.wav,0,MEN,MEN-S5F05,TG:18828ca74cb29a2e,-22.90625,1,0.3508333333333333,1.1270471e-10
mendeley/extracted/Bangla Audio Dataset Original and DeepFake Voices for AI-Based Voice Analysis and Detection/Dataset/S5F05/Real/12.wav,0,MEN,MEN-S5F05,TG:61fa72b6eaa43ed3,-18.046875,1,0.3675,1.45325485e-08
mendeley/extracted/Bangla Audio Dataset Original and DeepFake Voices for AI-Based Voice Analysis and Detection/Dataset/S5F05/Real/13.wav,0,MEN,MEN-S5F05,TG:52639be95d4890ca,-31.9375,1,0.3508333333333333,1.3480934e-14
mendeley/extracted/Bangla Audio Dataset Original and DeepFake Voices for AI-Based Voice Analysis and Detection/Dataset/S5F05/Real/14.wav,0,MEN,MEN-S5F05,TG:8f5971aea28f10b7,-12.125,1,0.3508333333333333,5.4222187e-06
mendeley/extracted/Bangla Audio Dataset Original and DeepFake Voices for AI-Based Voice Analysis and Detection/Dataset/S5F05/Real/15.wav,0,MEN,MEN-S5F05,TG:9ee45c5ef51f9754,-23.234375,1,0.3675,8.1178154e-11
mendeley/extracted/Bangla Audio Dataset Original and DeepFake Voices for AI-Based Voice Analysis and Detection/Dataset/S5F05/Real/16.wav,0,MEN,MEN-S5F05,TG:26a0237539c16b7f,-15.4375,1,0.3841666666666666,1.9750534e-07
mendeley/extracted/Bangla Audio Dataset Original and DeepFake Voices for AI-Based Voice Analysis and Detection/Dataset/S5F05/Real/17.wav,0,MEN,MEN-S5F05,TG:bcd6cfadd3d9fac9,-14.390625,1,0.3675,5.6264014e-07
mendeley/extracted/Bangla Audio Dataset Original and DeepFake Voices for AI-Based Voice Analysis and Detection/Dataset/S5F05/Real/18.wav,0,MEN,MEN-S5F05,TG:1a16fd08ceff4f12,-11.5546875,1,0.3508333333333333,9.590887e-06
mendeley/extracted/Bangla Audio Dataset Original and DeepFake Voices for AI-Based Voice Analysis and Detection/Dataset/S5F05/Real/19.wav,0,MEN,MEN-S5F05,TG:c6a569cb1c42dd72,-21.28125,1,0.3675,5.723617e-10
mendeley/extracted/Bangla Audio Dataset Original and DeepFake Voices for AI-Based Voice Analysis and Detection/Dataset/S5F05/Real/2.wav,0,MEN,MEN-S5F05,TG:0248b16eb662828b,-22.0,1,0.3675,2.789468e-10
mendeley/extracted/Bangla Audio Dataset Original and DeepFake Voices for AI-Based Voice Analysis and Detection/Dataset/S5F05/Real/20.wav,0,MEN,MEN-S5F05,TG:f279b4c95db0b6cc,-21.65625,1,0.3508333333333333,3.9337805e-10
mendeley/extracted/Bangla Audio Dataset Original and DeepFake Voices for AI-Based Voice Analysis and Detection/Dataset/S5F05/Real/21.wav,0,MEN,MEN-S5F05,TG:96c0436f4a426d67,-24.4375,1,0.3841666666666666,2.4374098e-11
mendeley/extracted/Bangla Audio Dataset Original and DeepFake Voices for AI-Based Voice Analysis and Detection/Dataset/S5F05/Real/22.wav,0,MEN,MEN-S5F05,TG:22d08af6ef894e28,-17.890625,1,0.3841666666666666,1.699027e-08
mendeley/extracted/Bangla Audio Dataset Original and DeepFake Voices for AI-Based Voice Analysis and Detection/Dataset/S5F05/Real/23.wav,0,MEN,MEN-S5F05,TG:bb2d38b4a96c681d,-20.984375,1,0.3841666666666666,7.7019685e-10
mendeley/extracted/Bangla Audio Dataset Original and DeepFake Voices for AI-Based Voice Analysis and Detection/Dataset/S5F05/Real/24.wav,0,MEN,MEN-S5F05,TG:fe8586f872b894ef,-19.71875,1,0.4008333333333334,2.7305849e-09
mendeley/extracted/Bangla Audio Dataset Original and DeepFake Voices for AI-Based Voice Analysis and Detection/Dataset/S5F05/Real/25.wav,0,MEN,MEN-S5F05,TG:5dd170d234240c99,-23.921875,1,0.4175,4.081894e-11
mendeley/extracted/Bangla Audio Dataset Original and DeepFake Voices for AI-Based Voice Analysis and Detection/Dataset/S5F05/Real/26.wav,0,MEN,MEN-S5F05,TG:2f3da6ae155e03e8,-21.234375,1,0.3675,5.9982996e-10
mendeley/extracted/Bangla Audio Dataset Original and DeepFake Voices for AI-Based Voice Analysis and Detection/Dataset/S5F05/Real/27.wav,0,MEN,MEN-S5F05,TG:63c78e03d9938d12,-20.15625,1,0.3675,1.7629982e-09
mendeley/extracted/Bangla Audio Dataset Original and DeepFake Voices for AI-Based Voice Analysis and Detection/Dataset/S5F05/Real/28.wav,0,MEN,MEN-S5F05,TG:152e03b810936dfc,-31.046875,1,0.3675,3.2848348e-14
mendeley/extracted/Bangla Audio Dataset Original and DeepFake Voices for AI-Based Voice Analysis and Detection/Dataset/S5F05/Real/29.wav,0,MEN,MEN-S5F05,TG:d4b270a54076f01c,-10.9296875,1,0.3675,1.791799e-05
mendeley/extracted/Bangla Audio Dataset Original and DeepFake Voices for AI-Based Voice Analysis and Detection/Dataset/S5F05/Real/3.wav,0,MEN,MEN-S5F05,TG:d71a97a6a92d9631,-37.375,1,0.3508333333333333,5.864672e-17
mendeley/extracted/Bangla Audio Dataset Original and DeepFake Voices for AI-Based Voice Analysis and Detection/Dataset/S5F05/Real/30.wav,0,MEN,MEN-S5F05,TG:4d146ddad8824512,-16.34375,1,0.3675,7.979938e-08
mendeley/extracted/Bangla Audio Dataset Original and DeepFake Voices for AI-Based Voice Analysis and Detection/Dataset/S5F05/Real/4.wav,0,MEN,MEN-S5F05,TG:d0f5a20088e8ff8d,-21.421875,1,0.3508333333333333,4.9727644e-10
mendeley/extracted/Bangla Audio Dataset Original and DeepFake Voices for AI-Based Voice Analysis and Detection/Dataset/S5F05/Real/5.wav,0,MEN,MEN-S5F05,TG:c6a1ce68ac716363,-32.625,1,0.4175,6.7786395e-15
mendeley/extracted/Bangla Audio Dataset Original and DeepFake Voices for AI-Based Voice Analysis and Detection/Dataset/S5F05/Real/6.wav,0,MEN,MEN-S5F05,TG:5755dcb7f67d4970,-8.609375,1,0.3675,0.0001823546
mendeley/extracted/Bangla Audio Dataset Original and DeepFake Voices for AI-Based Voice Analysis and Detection/Dataset/S5F05/Real/7.wav,0,MEN,MEN-S5F05,TG:5f5a81604cedcad9,-23.375,1,0.3675,7.05288e-11
mendeley/extracted/Bangla Audio Dataset Original and DeepFake Voices for AI-Based Voice Analysis and Detection/Dataset/S5F05/Real/8.wav,0,MEN,MEN-S5F05,TG:24597b348972aafa,-15.484375,1,0.3508333333333333,1.8846092e-07
mendeley/extracted/Bangla Audio Dataset Original and DeepFake Voices for AI-Based Voice Analysis and Detection/Dataset/S5F05/Real/9.wav,0,MEN,MEN-S5F05,TG:f35afca6bb05cddb,-17.125,1,0.3508333333333333,3.653482e-08
mendeley/extracted/Bangla Audio Dataset Original and DeepFake Voices for AI-Based Voice Analysis and Detection/Dataset/S5M02/Fake/1.wav,1,MEN,MEN-S5M02,TG:4947df796a9b11a7,-22.53125,1,0.2408333333333333,1.6398438e-10
mendeley/extracted/Bangla Audio Dataset Original and DeepFake Voices for AI-Based Voice Analysis and Detection/Dataset/S5M02/Fake/10.wav,1,MEN,MEN-S5M02,TG:036cd5375cd345fc,-4.2421875,1,0.4691666666666666,0.014172367
mendeley/extracted/Bangla Audio Dataset Original and DeepFake Voices for AI-Based Voice Analysis and Detection/Dataset/S5M02/Fake/11.wav,1,MEN,MEN-S5M02,TG:18828ca74cb29a2e,-6.0585938,1,0.1725,0.002332234
mendeley/extracted/Bangla Audio Dataset Original and DeepFake Voices for AI-Based Voice Analysis and Detection/Dataset/S5M02/Fake/12.wav,1,MEN,MEN-S5M02,TG:61fa72b6eaa43ed3,0.42749023,1,0.1858333333333333,0.6052742
mendeley/extracted/Bangla Audio Dataset Original and DeepFake Voices for AI-Based Voice Analysis and Detection/Dataset/S5M02/Fake/13.wav,1,MEN,MEN-S5M02,TG:52639be95d4890ca,-17.015625,1,0.4175,4.0757534e-08
mendeley/extracted/Bangla Audio Dataset Original and DeepFake Voices for AI-Based Voice Analysis and Detection/Dataset/S5M02/Fake/14.wav,1,MEN,MEN-S5M02,TG:8f5971aea28f10b7,8.53125,1,0.4241666666666667,0.9998029
mendeley/extracted/Bangla Audio Dataset Original and DeepFake Voices for AI-Based Voice Analysis and Detection/Dataset/S5M02/Fake/15.wav,1,MEN,MEN-S5M02,TG:9ee45c5ef51f9754,-25.453125,1,0.4441666666666667,8.827714e-12
mendeley/extracted/Bangla Audio Dataset Original and DeepFake Voices for AI-Based Voice Analysis and Detection/Dataset/S5M02/Fake/16.wav,1,MEN,MEN-S5M02,TG:26a0237539c16b7f,-1.4785156,1,0.2425,0.18565173
mendeley/extracted/Bangla Audio Dataset Original and DeepFake Voices for AI-Based Voice Analysis and Detection/Dataset/S5M02/Fake/17.wav,1,MEN,MEN-S5M02,TG:bcd6cfadd3d9fac9,-26.984375,1,0.2558333333333333,1.9091272e-12
mendeley/extracted/Bangla Audio Dataset Original and DeepFake Voices for AI-Based Voice Analysis and Detection/Dataset/S5M02/Fake/18.wav,1,MEN,MEN-S5M02,TG:1a16fd08ceff4f12,-5.6445312,1,0.5008333333333334,0.003524341
mendeley/extracted/Bangla Audio Dataset Original and DeepFake Voices for AI-Based Voice Analysis and Detection/Dataset/S5M02/Fake/19.wav,1,MEN,MEN-S5M02,TG:c6a569cb1c42dd72,-20.375,1,0.2408333333333333,1.4166088e-09
mendeley/extracted/Bangla Audio Dataset Original and DeepFake Voices for AI-Based Voice Analysis and Detection/Dataset/S5M02/Fake/2.wav,1,MEN,MEN-S5M02,TG:0248b16eb662828b,-5.3320312,1,0.2941666666666667,0.0048109833
mendeley/extracted/Bangla Audio Dataset Original and DeepFake Voices for AI-Based Voice Analysis and Detection/Dataset/S5M02/Fake/20.wav,1,MEN,MEN-S5M02,TG:f279b4c95db0b6cc,-19.828125,1,0.1791666666666667,2.4476803e-09
mendeley/extracted/Bangla Audio Dataset Original and DeepFake Voices for AI-Based Voice Analysis and Detection/Dataset/S5M02/Fake/21.wav,1,MEN,MEN-S5M02,TG:96c0436f4a426d67,-6.3242188,1,0.2091666666666666,0.0017891593
mendeley/extracted/Bangla Audio Dataset Original and DeepFake Voices for AI-Based Voice Analysis and Detection/Dataset/S5M02/Fake/22.wav,1,MEN,MEN-S5M02,TG:22d08af6ef894e28,-19.015625,1,0.1825,5.515933e-09
mendeley/extracted/Bangla Audio Dataset Original and DeepFake Voices for AI-Based Voice Analysis and Detection/Dataset/S5M02/Fake/23.wav,1,MEN,MEN-S5M02,TG:bb2d38b4a96c681d,6.0273438,1,0.1541666666666666,0.99759394
mendeley/extracted/Bangla Audio Dataset Original and DeepFake Voices for AI-Based Voice Analysis and Detection/Dataset/S5M02/Fake/24.wav,1,MEN,MEN-S5M02,TG:fe8586f872b894ef,4.6640625,1,0.3291666666666667,0.99066
mendeley/extracted/Bangla Audio Dataset Original and DeepFake Voices for AI-Based Voice Analysis and Detection/Dataset/S5M02/Fake/25.wav,1,MEN,MEN-S5M02,TG:5dd170d234240c99,-14.078125,1,0.3958333333333333,7.690378e-07
mendeley/extracted/Bangla Audio Dataset Original and DeepFake Voices for AI-Based Voice Analysis and Detection/Dataset/S5M02/Fake/26.wav,1,MEN,MEN-S5M02,TG:2f3da6ae155e03e8,1.2900391,1,0.2708333333333333,0.7841538
mendeley/extracted/Bangla Audio Dataset Original and DeepFake Voices for AI-Based Voice Analysis and Detection/Dataset/S5M02/Fake/27.wav,1,MEN,MEN-S5M02,TG:63c78e03d9938d12,5.40625,1,0.3075,0.99553156
mendeley/extracted/Bangla Audio Dataset Original and DeepFake Voices for AI-Based Voice Analysis and Detection/Dataset/S5M02/Fake/28.wav,1,MEN,MEN-S5M02,TG:152e03b810936dfc,-1.9462891,1,0.4541666666666667,0.12495856
mendeley/extracted/Bangla Audio Dataset Original and DeepFake Voices for AI-Based Voice Analysis and Detection/Dataset/S5M02/Fake/29.wav,1,MEN,MEN-S5M02,TG:d4b270a54076f01c,6.703125,1,0.2708333333333333,0.99877447
mendeley/extracted/Bangla Audio Dataset Original and DeepFake Voices for AI-Based Voice Analysis and Detection/Dataset/S5M02/Fake/3.wav,1,MEN,MEN-S5M02,TG:d71a97a6a92d9631,-4.7851562,1,0.2391666666666666,0.008283627
mendeley/extracted/Bangla Audio Dataset Original and DeepFake Voices for AI-Based Voice Analysis and Detection/Dataset/S5M02/Fake/30.wav,1,MEN,MEN-S5M02,TG:4d146ddad8824512,6.8359375,1,0.4875,0.9989267
mendeley/extracted/Bangla Audio Dataset Original and DeepFake Voices for AI-Based Voice Analysis and Detection/Dataset/S5M02/Fake/4.wav,1,MEN,MEN-S5M02,TG:d0f5a20088e8ff8d,-17.28125,1,0.5175000000000001,3.1249886e-08
mendeley/extracted/Bangla Audio Dataset Original and DeepFake Voices for AI-Based Voice Analysis and Detection/Dataset/S5M02/Fake/5.wav,1,MEN,MEN-S5M02,TG:c6a1ce68ac716363,-27.765625,1,0.2491666666666666,8.740621e-13
mendeley/extracted/Bangla Audio Dataset Original and DeepFake Voices for AI-Based Voice Analysis and Detection/Dataset/S5M02/Fake/6.wav,1,MEN,MEN-S5M02,TG:5755dcb7f67d4970,-17.890625,1,0.4391666666666667,1.699027e-08
mendeley/extracted/Bangla Audio Dataset Original and DeepFake Voices for AI-Based Voice Analysis and Detection/Dataset/S5M02/Fake/7.wav,1,MEN,MEN-S5M02,TG:5f5a81604cedcad9,-15.6640625,1,0.2674999999999999,1.57465e-07
mendeley/extracted/Bangla Audio Dataset Original and DeepFake Voices for AI-Based Voice Analysis and Detection/Dataset/S5M02/Fake/8.wav,1,MEN,MEN-S5M02,TG:24597b348972aafa,6.7148438,1,0.0591666666666667,0.9987888
mendeley/extracted/Bangla Audio Dataset Original and DeepFake Voices for AI-Based Voice Analysis and Detection/Dataset/S5M02/Fake/9.wav,1,MEN,MEN-S5M02,TG:f35afca6bb05cddb,2.0546875,1,0.2558333333333333,0.8864204
mendeley/extracted/Bangla Audio Dataset Original and DeepFake Voices for AI-Based Voice Analysis and Detection/Dataset/S5M02/Real/1.wav,0,MEN,MEN-S5M02,TG:4947df796a9b11a7,-18.859375,1,0.4175,6.4487793e-09
mendeley/extracted/Bangla Audio Dataset Original and DeepFake Voices for AI-Based Voice Analysis and Detection/Dataset/S5M02/Real/10.wav,0,MEN,MEN-S5M02,TG:036cd5375cd345fc,-1.3710938,1,0.4841666666666666,0.2024432
mendeley/extracted/Bangla Audio Dataset Original and DeepFake Voices for AI-Based Voice Analysis and Detection/Dataset/S5M02/Real/11.wav,0,MEN,MEN-S5M02,TG:18828ca74cb29a2e,1.1142578,1,0.3841666666666666,0.75292206
mendeley/extracted/Bangla Audio Dataset Original and DeepFake Voices for AI-Based Voice Analysis and Detection/Dataset/S5M02/Real/12.wav,0,MEN,MEN-S5M02,TG:61fa72b6eaa43ed3,-11.3515625,1,0.4508333333333333,1.1750976e-05
mendeley/extracted/Bangla Audio Dataset Original and DeepFake Voices for AI-Based Voice Analysis and Detection/Dataset/S5M02/Real/13.wav,0,MEN,MEN-S5M02,TG:52639be95d4890ca,-14.828125,1,0.5008333333333334,3.6326787e-07
mendeley/extracted/Bangla Audio Dataset Original and DeepFake Voices for AI-Based Voice Analysis and Detection/Dataset/S5M02/Real/14.wav,0,MEN,MEN-S5M02,TG:8f5971aea28f10b7,-14.875,1,0.5008333333333334,3.4663262e-07
mendeley/extracted/Bangla Audio Dataset Original and DeepFake Voices for AI-Based Voice Analysis and Detection/Dataset/S5M02/Real/15.wav,0,MEN,MEN-S5M02,TG:9ee45c5ef51f9754,-5.9726562,1,0.5341666666666667,0.0025409926
mendeley/extracted/Bangla Audio Dataset Original and DeepFake Voices for AI-Based Voice Analysis and Detection/Dataset/S5M02/Real/16.wav,0,MEN,MEN-S5M02,TG:26a0237539c16b7f,-24.578125,1,0.4841666666666666,2.1176585e-11
mendeley/extracted/Bangla Audio Dataset Original and DeepFake Voices for AI-Based Voice Analysis and Detection/Dataset/S5M02/Real/17.wav,0,MEN,MEN-S5M02,TG:bcd6cfadd3d9fac9,-25.3125,1,0.5341666666666667,1.0160637e-11
mendeley/extracted/Bangla Audio Dataset Original and DeepFake Voices for AI-Based Voice Analysis and Detection/Dataset/S5M02/Real/18.wav,0,MEN,MEN-S5M02,TG:1a16fd08ceff4f12,-8.9140625,1,0.5341666666666667,0.0001344663
mendeley/extracted/Bangla Audio Dataset Original and DeepFake Voices for AI-Based Voice Analysis and Detection/Dataset/S5M02/Real/19.wav,0,MEN,MEN-S5M02,TG:c6a569cb1c42dd72,-7.96875,1,0.5008333333333334,0.0003459916
mendeley/extracted/Bangla Audio Dataset Original and DeepFake Voices for AI-Based Voice Analysis and Detection/Dataset/S5M02/Real/2.wav,0,MEN,MEN-S5M02,TG:0248b16eb662828b,-17.640625,1,0.5341666666666667,2.181594e-08
mendeley/extracted/Bangla Audio Dataset Original and DeepFake Voices for AI-Based Voice Analysis and Detection/Dataset/S5M02/Real/20.wav,0,MEN,MEN-S5M02,TG:f279b4c95db0b6cc,-21.875,1,0.5008333333333334,3.1608818e-10
mendeley/extracted/Bangla Audio Dataset Original and DeepFake Voices for AI-Based Voice Analysis and Detection/Dataset/S5M02/Real/21.wav,0,MEN,MEN-S5M02,TG:96c0436f4a426d67,-1.5234375,1,0.4841666666666666,0.17895588
mendeley/extracted/Bangla Audio Dataset Original and DeepFake Voices for AI-Based Voice Analysis and Detection/Dataset/S5M02/Real/22.wav,0,MEN,MEN-S5M02,TG:22d08af6ef894e28,-27.9375,1,0.4341666666666667,7.36034e-13
mendeley/extracted/Bangla Audio Dataset Original and DeepFake Voices for AI-Based Voice Analysis and Detection/Dataset/S5M02/Real/23.wav,0,MEN,MEN-S5M02,TG:bb2d38b4a96c681d,-22.96875,1,0.4341666666666667,1.0587626e-10
mendeley/extracted/Bangla Audio Dataset Original and DeepFake Voices for AI-Based Voice Analysis and Detection/Dataset/S5M02/Real/24.wav,0,MEN,MEN-S5M02,TG:fe8586f872b894ef,-12.6640625,1,0.5008333333333334,3.1627599e-06
mendeley/extracted/Bangla Audio Dataset Original and DeepFake Voices for AI-Based Voice Analysis and Detection/Dataset/S5M02/Real/25.wav,0,MEN,MEN-S5M02,TG:5dd170d234240c99,-17.703125,1,0.5675,2.0494179e-08
mendeley/extracted/Bangla Audio Dataset Original and DeepFake Voices for AI-Based Voice Analysis and Detection/Dataset/S5M02/Real/26.wav,0,MEN,MEN-S5M02,TG:2f3da6ae155e03e8,-21.5625,1,0.4341666666666667,4.3204126e-10
mendeley/extracted/Bangla Audio Dataset Original and DeepFake Voices for AI-Based Voice Analysis and Detection/Dataset/S5M02/Real/27.wav,0,MEN,MEN-S5M02,TG:63c78e03d9938d12,-15.90625,1,0.4675,1.235957e-07
mendeley/extracted/Bangla Audio Dataset Original and DeepFake Voices for AI-Based Voice Analysis and Detection/Dataset/S5M02/Real/28.wav,0,MEN,MEN-S5M02,TG:152e03b810936dfc,-6.828125,1,0.4675,0.0010817152
mendeley/extracted/Bangla Audio Dataset Original and DeepFake Voices for AI-Based Voice Analysis and Detection/Dataset/S5M02/Real/29.wav,0,MEN,MEN-S5M02,TG:d4b270a54076f01c,-13.078125,1,0.4675,2.0904586e-06
mendeley/extracted/Bangla Audio Dataset Original and DeepFake Voices for AI-Based Voice Analysis and Detection/Dataset/S5M02/Real/3.wav,0,MEN,MEN-S5M02,TG:d71a97a6a92d9631,4.5546875,1,0.4675,0.98959166
mendeley/extracted/Bangla Audio Dataset Original and DeepFake Voices for AI-Based Voice Analysis and Detection/Dataset/S5M02/Real/30.wav,0,MEN,MEN-S5M02,TG:4d146ddad8824512,-18.28125,1,0.4675,1.1496192e-08
mendeley/extracted/Bangla Audio Dataset Original and DeepFake Voices for AI-Based Voice Analysis and Detection/Dataset/S5M02/Real/4.wav,0,MEN,MEN-S5M02,TG:d0f5a20088e8ff8d,-18.984375,1,0.5675,5.691027e-09
mendeley/extracted/Bangla Audio Dataset Original and DeepFake Voices for AI-Based Voice Analysis and Detection/Dataset/S5M02/Real/5.wav,0,MEN,MEN-S5M02,TG:c6a1ce68ac716363,-0.63427734,1,0.4008333333333334,0.34654126
mendeley/extracted/Bangla Audio Dataset Original and DeepFake Voices for AI-Based Voice Analysis and Detection/Dataset/S5M02/Real/6.wav,0,MEN,MEN-S5M02,TG:5755dcb7f67d4970,-6.171875,1,0.5341666666666667,0.0020829707
mendeley/extracted/Bangla Audio Dataset Original and DeepFake Voices for AI-Based Voice Analysis and Detection/Dataset/S5M02/Real/7.wav,0,MEN,MEN-S5M02,TG:5f5a81604cedcad9,-17.484375,1,0.3841666666666666,2.5505418e-08
mendeley/extracted/Bangla Audio Dataset Original and DeepFake Voices for AI-Based Voice Analysis and Detection/Dataset/S5M02/Real/8.wav,0,MEN,MEN-S5M02,TG:24597b348972aafa,2.7226562,1,0.3175,0.9383503
mendeley/extracted/Bangla Audio Dataset Original and DeepFake Voices for AI-Based Voice Analysis and Detection/Dataset/S5M02/Real/9.wav,0,MEN,MEN-S5M02,TG:f35afca6bb05cddb,-2.8027344,1,0.4175,0.057176597
mendeley/extracted/Bangla Audio Dataset Original and DeepFake Voices for AI-Based Voice Analysis and Detection/Dataset/S5M04/Fake/1.wav,1,MEN,MEN-S5M04,TG:4947df796a9b11a7,-3.6347656,1,0.2125,0.025711587
mendeley/extracted/Bangla Audio Dataset Original and DeepFake Voices for AI-Based Voice Analysis and Detection/Dataset/S5M04/Fake/10.wav,1,MEN,MEN-S5M04,TG:036cd5375cd345fc,8.6640625,1,0.4708333333333333,0.9998273
mendeley/extracted/Bangla Audio Dataset Original and DeepFake Voices for AI-Based Voice Analysis and Detection/Dataset/S5M04/Fake/11.wav,1,MEN,MEN-S5M04,TG:18828ca74cb29a2e,11.3984375,1,0.2574999999999999,0.9999888
mendeley/extracted/Bangla Audio Dataset Original and DeepFake Voices for AI-Based Voice Analysis and Detection/Dataset/S5M04/Fake/12.wav,1,MEN,MEN-S5M04,TG:61fa72b6eaa43ed3,7.296875,1,0.1741666666666667,0.9993228
mendeley/extracted/Bangla Audio Dataset Original and DeepFake Voices for AI-Based Voice Analysis and Detection/Dataset/S5M04/Fake/13.wav,1,MEN,MEN-S5M04,TG:52639be95d4890ca,11.53125,1,0.4491666666666667,0.9999902
mendeley/extracted/Bangla Audio Dataset Original and DeepFake Voices for AI-Based Voice Analysis and Detection/Dataset/S5M04/Fake/14.wav,1,MEN,MEN-S5M04,TG:8f5971aea28f10b7,-8.2421875,1,0.3874999999999999,0.00026323833
mendeley/extracted/Bangla Audio Dataset Original and DeepFake Voices for AI-Based Voice Analysis and Detection/Dataset/S5M04/Fake/15.wav,1,MEN,MEN-S5M04,TG:9ee45c5ef51f9754,0.19396973,1,0.4341666666666667,0.548341
mendeley/extracted/Bangla Audio Dataset Original and DeepFake Voices for AI-Based Voice Analysis and Detection/Dataset/S5M04/Fake/16.wav,1,MEN,MEN-S5M04,TG:26a0237539c16b7f,1.5527344,1,0.2308333333333333,0.8253083
mendeley/extracted/Bangla Audio Dataset Original and DeepFake Voices for AI-Based Voice Analysis and Detection/Dataset/S5M04/Fake/17.wav,1,MEN,MEN-S5M04,TG:bcd6cfadd3d9fac9,7.9804688,1,0.2341666666666666,0.999658
mendeley/extracted/Bangla Audio Dataset Original and DeepFake Voices for AI-Based Voice Analysis and Detection/Dataset/S5M04/Fake/18.wav,1,MEN,MEN-S5M04,TG:1a16fd08ceff4f12,8.734375,1,0.5308333333333333,0.99983907
mendeley/extracted/Bangla Audio Dataset Original and DeepFake Voices for AI-Based Voice Analysis and Detection/Dataset/S5M04/Fake/19.wav,1,MEN,MEN-S5M04,TG:c6a569cb1c42dd72,3.3476562,1,0.2524999999999999,0.96602803
mendeley/extracted/Bangla Audio Dataset Original and DeepFake Voices for AI-Based Voice Analysis and Detection/Dataset/S5M04/Fake/2.wav,1,MEN,MEN-S5M04,TG:0248b16eb662828b,1.5830078,1,0.2624999999999999,0.8296301
mendeley/extracted/Bangla Audio Dataset Original and DeepFake Voices for AI-Based Voice Analysis and Detection/Dataset/S5M04/Fake/20.wav,1,MEN,MEN-S5M04,TG:f279b4c95db0b6cc,9.2734375,1,0.1608333333333333,0.99990606
mendeley/extracted/Bangla Audio Dataset Original and DeepFake Voices for AI-Based Voice Analysis and Detection/Dataset/S5M04/Fake/21.wav,1,MEN,MEN-S5M04,TG:96c0436f4a426d67,9.546875,1,0.2908333333333334,0.9999286
mendeley/extracted/Bangla Audio Dataset Original and DeepFake Voices for AI-Based Voice Analysis and Detection/Dataset/S5M04/Fake/22.wav,1,MEN,MEN-S5M04,TG:22d08af6ef894e28,-6.4101562,1,0.1875,0.0016420668
mendeley/extracted/Bangla Audio Dataset Original and DeepFake Voices for AI-Based Voice Analysis and Detection/Dataset/S5M04/Fake/23.wav,1,MEN,MEN-S5M04,TG:bb2d38b4a96c681d,12.78125,1,0.1374999999999999,0.99999714
mendeley/extracted/Bangla Audio Dataset Original and DeepFake Voices for AI-Based Voice Analysis and Detection/Dataset/S5M04/Fake/24.wav,1,MEN,MEN-S5M04,TG:fe8586f872b894ef,16.46875,1,0.4841666666666666,0.9999999
mendeley/extracted/Bangla Audio Dataset Original and DeepFake Voices for AI-Based Voice Analysis and Detection/Dataset/S5M04/Fake/25.wav,1,MEN,MEN-S5M04,TG:5dd170d234240c99,7.8632812,1,0.3141666666666667,0.99961555
mendeley/extracted/Bangla Audio Dataset Original and DeepFake Voices for AI-Based Voice Analysis and Detection/Dataset/S5M04/Fake/26.wav,1,MEN,MEN-S5M04,TG:2f3da6ae155e03e8,9.2421875,1,0.1908333333333333,0.9999031
mendeley/extracted/Bangla Audio Dataset Original and DeepFake Voices for AI-Based Voice Analysis and Detection/Dataset/S5M04/Fake/27.wav,1,MEN,MEN-S5M04,TG:63c78e03d9938d12,-5.5078125,1,0.2341666666666666,0.004038592
mendeley/extracted/Bangla Audio Dataset Original and DeepFake Voices for AI-Based Voice Analysis and Detection/Dataset/S5M04/Fake/28.wav,1,MEN,MEN-S5M04,TG:152e03b810936dfc,3.328125,1,0.3841666666666666,0.96538115
mendeley/extracted/Bangla Audio Dataset Original and DeepFake Voices for AI-Based Voice Analysis and Detection/Dataset/S5M04/Fake/29.wav,1,MEN,MEN-S5M04,TG:d4b270a54076f01c,9.1640625,1,0.3758333333333333,0.9998952
mendeley/extracted/Bangla Audio Dataset Original and DeepFake Voices for AI-Based Voice Analysis and Detection/Dataset/S5M04/Fake/3.wav,1,MEN,MEN-S5M04,TG:d71a97a6a92d9631,-6.21875,1,0.2891666666666667,0.0019877744
mendeley/extracted/Bangla Audio Dataset Original and DeepFake Voices for AI-Based Voice Analysis and Detection/Dataset/S5M04/Fake/30.wav,1,MEN,MEN-S5M04,TG:4d146ddad8824512,-5.9296875,1,0.4825,0.00265226
mendeley/extracted/Bangla Audio Dataset Original and DeepFake Voices for AI-Based Voice Analysis and Detection/Dataset/S5M04/Fake/4.wav,1,MEN,MEN-S5M04,TG:d0f5a20088e8ff8d,12.671875,1,0.4791666666666666,0.9999969
mendeley/extracted/Bangla Audio Dataset Original and DeepFake Voices for AI-Based Voice Analysis and Detection/Dataset/S5M04/Fake/5.wav,1,MEN,MEN-S5M04,TG:c6a1ce68ac716363,-1.4990234,1,0.3108333333333333,0.18257122
mendeley/extracted/Bangla Audio Dataset Original and DeepFake Voices for AI-Based Voice Analysis and Detection/Dataset/S5M04/Fake/6.wav,1,MEN,MEN-S5M04,TG:5755dcb7f67d4970,5.8359375,1,0.3941666666666666,0.9970879
mendeley/extracted/Bangla Audio Dataset Original and DeepFake Voices for AI-Based Voice Analysis and Detection/Dataset/S5M04/Fake/7.wav,1,MEN,MEN-S5M04,TG:5f5a81604cedcad9,10.7421875,1,0.2975,0.9999784
mendeley/extracted/Bangla Audio Dataset Original and DeepFake Voices for AI-Based Voice Analysis and Detection/Dataset/S5M04/Fake/8.wav,1,MEN,MEN-S5M04,TG:24597b348972aafa,12.6015625,1,0.1841666666666667,0.99999666
mendeley/extracted/Bangla Audio Dataset Original and DeepFake Voices for AI-Based Voice Analysis and Detection/Dataset/S5M04/Fake/9.wav,1,MEN,MEN-S5M04,TG:f35afca6bb05cddb,8.15625,1,0.2475,0.9997131
mendeley/extracted/Bangla Audio Dataset Original and DeepFake Voices for AI-Based Voice Analysis and Detection/Dataset/S5M04/Real/1.wav,0,MEN,MEN-S5M04,TG:4947df796a9b11a7,9.765625,1,0.4341666666666667,0.99994266
mendeley/extracted/Bangla Audio Dataset Original and DeepFake Voices for AI-Based Voice Analysis and Detection/Dataset/S5M04/Real/10.wav,0,MEN,MEN-S5M04,TG:036cd5375cd345fc,-1.8662109,1,0.4341666666666667,0.13398075
mendeley/extracted/Bangla Audio Dataset Original and DeepFake Voices for AI-Based Voice Analysis and Detection/Dataset/S5M04/Real/11.wav,0,MEN,MEN-S5M04,TG:18828ca74cb29a2e,7.6054688,1,0.4008333333333334,0.99950254
mendeley/extracted/Bangla Audio Dataset Original and DeepFake Voices for AI-Based Voice Analysis and Detection/Dataset/S5M04/Real/12.wav,0,MEN,MEN-S5M04,TG:61fa72b6eaa43ed3,7.8320312,1,0.4175,0.99960333
mendeley/extracted/Bangla Audio Dataset Original and DeepFake Voices for AI-Based Voice Analysis and Detection/Dataset/S5M04/Real/13.wav,0,MEN,MEN-S5M04,TG:52639be95d4890ca,11.390625,1,0.4341666666666667,0.9999887
mendeley/extracted/Bangla Audio Dataset Original and DeepFake Voices for AI-Based Voice Analysis and Detection/Dataset/S5M04/Real/14.wav,0,MEN,MEN-S5M04,TG:8f5971aea28f10b7,9.8125,1,0.4341666666666667,0.9999453
mendeley/extracted/Bangla Audio Dataset Original and DeepFake Voices for AI-Based Voice Analysis and Detection/Dataset/S5M04/Real/15.wav,0,MEN,MEN-S5M04,TG:9ee45c5ef51f9754,10.8359375,1,0.4341666666666667,0.99998033
mendeley/extracted/Bangla Audio Dataset Original and DeepFake Voices for AI-Based Voice Analysis and Detection/Dataset/S5M04/Real/16.wav,0,MEN,MEN-S5M04,TG:26a0237539c16b7f,-6.6640625,1,0.3675,0.0012743262
mendeley/extracted/Bangla Audio Dataset Original and DeepFake Voices for AI-Based Voice Analysis and Detection/Dataset/S5M04/Real/17.wav,0,MEN,MEN-S5M04,TG:bcd6cfadd3d9fac9,11.4921875,1,0.3675,0.99998975
mendeley/extracted/Bangla Audio Dataset Original and DeepFake Voices for AI-Based Voice Analysis and Detection/Dataset/S5M04/Real/18.wav,0,MEN,MEN-S5M04,TG:1a16fd08ceff4f12,10.03125,1,0.4841666666666666,0.999956
mendeley/extracted/Bangla Audio Dataset Original and DeepFake Voices for AI-Based Voice Analysis and Detection/Dataset/S5M04/Real/19.wav,0,MEN,MEN-S5M04,TG:c6a569cb1c42dd72,11.1171875,1,0.4175,0.9999851
mendeley/extracted/Bangla Audio Dataset Original and DeepFake Voices for AI-Based Voice Analysis and Detection/Dataset/S5M04/Real/2.wav,0,MEN,MEN-S5M04,TG:0248b16eb662828b,10.4296875,1,0.3508333333333333,0.99997044
mendeley/extracted/Bangla Audio Dataset Original and DeepFake Voices for AI-Based Voice Analysis and Detection/Dataset/S5M04/Real/20.wav,0,MEN,MEN-S5M04,TG:f279b4c95db0b6cc,9.46875,1,0.4008333333333334,0.99992275
mendeley/extracted/Bangla Audio Dataset Original and DeepFake Voices for AI-Based Voice Analysis and Detection/Dataset/S5M04/Real/21.wav,0,MEN,MEN-S5M04,TG:96c0436f4a426d67,11.34375,1,0.3508333333333333,0.9999882
mendeley/extracted/Bangla Audio Dataset Original and DeepFake Voices for AI-Based Voice Analysis and Detection/Dataset/S5M04/Real/22.wav,0,MEN,MEN-S5M04,TG:22d08af6ef894e28,4.2617188,1,0.4008333333333334,0.98609793
mendeley/extracted/Bangla Audio Dataset Original and DeepFake Voices for AI-Based Voice Analysis and Detection/Dataset/S5M04/Real/23.wav,0,MEN,MEN-S5M04,TG:bb2d38b4a96c681d,8.5390625,1,0.4341666666666667,0.99980444
mendeley/extracted/Bangla Audio Dataset Original and DeepFake Voices for AI-Based Voice Analysis and Detection/Dataset/S5M04/Real/24.wav,0,MEN,MEN-S5M04,TG:fe8586f872b894ef,9.828125,1,0.4841666666666666,0.9999461
mendeley/extracted/Bangla Audio Dataset Original and DeepFake Voices for AI-Based Voice Analysis and Detection/Dataset/S5M04/Real/25.wav,0,MEN,MEN-S5M04,TG:5dd170d234240c99,5.6796875,1,0.3508333333333333,0.996597
mendeley/extracted/Bangla Audio Dataset Original and DeepFake Voices for AI-Based Voice Analysis and Detection/Dataset/S5M04/Real/26.wav,0,MEN,MEN-S5M04,TG:2f3da6ae155e03e8,10.28125,1,0.4341666666666667,0.9999658
mendeley/extracted/Bangla Audio Dataset Original and DeepFake Voices for AI-Based Voice Analysis and Detection/Dataset/S5M04/Real/27.wav,0,MEN,MEN-S5M04,TG:63c78e03d9938d12,10.5546875,1,0.3841666666666666,0.9999739
mendeley/extracted/Bangla Audio Dataset Original and DeepFake Voices for AI-Based Voice Analysis and Detection/Dataset/S5M04/Real/28.wav,0,MEN,MEN-S5M04,TG:152e03b810936dfc,8.171875,1,0.4175,0.99971753
mendeley/extracted/Bangla Audio Dataset Original and DeepFake Voices for AI-Based Voice Analysis and Detection/Dataset/S5M04/Real/29.wav,0,MEN,MEN-S5M04,TG:d4b270a54076f01c,10.859375,1,0.4508333333333333,0.9999808
mendeley/extracted/Bangla Audio Dataset Original and DeepFake Voices for AI-Based Voice Analysis and Detection/Dataset/S5M04/Real/3.wav,0,MEN,MEN-S5M04,TG:d71a97a6a92d9631,-5.1054688,1,0.3508333333333333,0.006026951
mendeley/extracted/Bangla Audio Dataset Original and DeepFake Voices for AI-Based Voice Analysis and Detection/Dataset/S5M04/Real/30.wav,0,MEN,MEN-S5M04,TG:4d146ddad8824512,7.3476562,1,0.5008333333333334,0.9993563
mendeley/extracted/Bangla Audio Dataset Original and DeepFake Voices for AI-Based Voice Analysis and Detection/Dataset/S5M04/Real/4.wav,0,MEN,MEN-S5M04,TG:d0f5a20088e8ff8d,8.1171875,1,0.5008333333333334,0.9997017
mendeley/extracted/Bangla Audio Dataset Original and DeepFake Voices for AI-Based Voice Analysis and Detection/Dataset/S5M04/Real/5.wav,0,MEN,MEN-S5M04,TG:c6a1ce68ac716363,10.46875,1,0.4175,0.9999716
mendeley/extracted/Bangla Audio Dataset Original and DeepFake Voices for AI-Based Voice Analysis and Detection/Dataset/S5M04/Real/6.wav,0,MEN,MEN-S5M04,TG:5755dcb7f67d4970,8.859375,1,0.4675,0.9998579
mendeley/extracted/Bangla Audio Dataset Original and DeepFake Voices for AI-Based Voice Analysis and Detection/Dataset/S5M04/Real/7.wav,0,MEN,MEN-S5M04,TG:5f5a81604cedcad9,10.65625,1,0.4675,0.9999764
mendeley/extracted/Bangla Audio Dataset Original and DeepFake Voices for AI-Based Voice Analysis and Detection/Dataset/S5M04/Real/8.wav,0,MEN,MEN-S5M04,TG:24597b348972aafa,10.15625,1,0.3841666666666666,0.99996114
mendeley/extracted/Bangla Audio Dataset Original and DeepFake Voices for AI-Based Voice Analysis and Detection/Dataset/S5M04/Real/9.wav,0,MEN,MEN-S5M04,TG:f35afca6bb05cddb,10.359375,1,0.3508333333333333,0.9999683
mendeley/extracted/Bangla Audio Dataset Original and DeepFake Voices for AI-Based Voice Analysis and Detection/Dataset/S6F03/Fake/1.wav,1,MEN,MEN-S6F03,TG:68335bcc60eb3cac,-13.0390625,1,0.5175000000000001,2.1737328e-06
mendeley/extracted/Bangla Audio Dataset Original and DeepFake Voices for AI-Based Voice Analysis and Detection/Dataset/S6F03/Fake/10.wav,1,MEN,MEN-S6F03,TG:e15f93590e7860a4,-11.8046875,1,0.3608333333333333,7.469407e-06
mendeley/extracted/Bangla Audio Dataset Original and DeepFake Voices for AI-Based Voice Analysis and Detection/Dataset/S6F03/Fake/11.wav,1,MEN,MEN-S6F03,TG:d013e21519294471,3.5117188,1,0.4175,0.9710193
mendeley/extracted/Bangla Audio Dataset Original and DeepFake Voices for AI-Based Voice Analysis and Detection/Dataset/S6F03/Fake/12.wav,1,MEN,MEN-S6F03,TG:36bbea584b595983,-9.578125,1,0.3874999999999999,6.922184e-05
mendeley/extracted/Bangla Audio Dataset Original and DeepFake Voices for AI-Based Voice Analysis and Detection/Dataset/S6F03/Fake/13.wav,1,MEN,MEN-S6F03,TG:448ba8616f75dbd9,-9.90625,1,0.4875,4.9859584e-05
mendeley/extracted/Bangla Audio Dataset Original and DeepFake Voices for AI-Based Voice Analysis and Detection/Dataset/S6F03/Fake/14.wav,1,MEN,MEN-S6F03,TG:fccde5258a724e5b,-21.046875,1,0.2041666666666667,7.2353296e-10
mendeley/extracted/Bangla Audio Dataset Original and DeepFake Voices for AI-Based Voice Analysis and Detection/Dataset/S6F03/Fake/15.wav,1,MEN,MEN-S6F03,TG:153cebedfe6b30fd,9.75,1,0.3874999999999999,0.9999417
mendeley/extracted/Bangla Audio Dataset Original and DeepFake Voices for AI-Based Voice Analysis and Detection/Dataset/S6F03/Fake/16.wav,1,MEN,MEN-S6F03,TG:5c7003922e4c7b58,-15.5234375,1,0.4325,1.8124108e-07
mendeley/extracted/Bangla Audio Dataset Original and DeepFake Voices for AI-Based Voice Analysis and Detection/Dataset/S6F03/Fake/17.wav,1,MEN,MEN-S6F03,TG:80ca3c12226c16f7,-17.0625,1,0.3841666666666666,3.8891113e-08
mendeley/extracted/Bangla Audio Dataset Original and DeepFake Voices for AI-Based Voice Analysis and Detection/Dataset/S6F03/Fake/18.wav,1,MEN,MEN-S6F03,TG:8a448ea3072baf86,-8.5234375,1,0.3991666666666666,0.00019871553
mendeley/extracted/Bangla Audio Dataset Original and DeepFake Voices for AI-Based Voice Analysis and Detection/Dataset/S6F03/Fake/19.wav,1,MEN,MEN-S6F03,TG:17da6e6a5329ede6,-11.9609375,1,0.4208333333333333,6.3889293e-06
mendeley/extracted/Bangla Audio Dataset Original and DeepFake Voices for AI-Based Voice Analysis and Detection/Dataset/S6F03/Fake/2.wav,1,MEN,MEN-S6F03,TG:992df96e94bc9811,2.5371094,1,0.4508333333333333,0.9267028
mendeley/extracted/Bangla Audio Dataset Original and DeepFake Voices for AI-Based Voice Analysis and Detection/Dataset/S6F03/Fake/20.wav,1,MEN,MEN-S6F03,TG:b9777a1fd57cb1c6,-17.78125,1,0.4325,1.8954015e-08
mendeley/extracted/Bangla Audio Dataset Original and DeepFake Voices for AI-Based Voice Analysis and Detection/Dataset/S6F03/Fake/21.wav,1,MEN,MEN-S6F03,TG:258e34608251b4c7,-20.203125,1,0.3058333333333333,1.6822647e-09
mendeley/extracted/Bangla Audio Dataset Original and DeepFake Voices for AI-Based Voice Analysis and Detection/Dataset/S6F03/Fake/22.wav,1,MEN,MEN-S6F03,TG:29664288ed9e8509,-5.0546875,1,0.4308333333333333,0.006338922
mendeley/extracted/Bangla Audio Dataset Original and DeepFake Voices for AI-Based Voice Analysis and Detection/Dataset/S6F03/Fake/23.wav,1,MEN,MEN-S6F03,TG:fcbf9ed932b2fbe3,4.0546875,1,0.4875,0.9829547
mendeley/extracted/Bangla Audio Dataset Original and DeepFake Voices for AI-Based Voice Analysis and Detection/Dataset/S6F03/Fake/24.wav,1,MEN,MEN-S6F03,TG:836191849433d6d5,-13.109375,1,0.3858333333333333,2.026142e-06
mendeley/extracted/Bangla Audio Dataset Original and DeepFake Voices for AI-Based Voice Analysis and Detection/Dataset/S6F03/Fake/25.wav,1,MEN,MEN-S6F03,TG:ea4035e74b42874c,8.2421875,1,0.3241666666666667,0.9997367
mendeley/extracted/Bangla Audio Dataset Original and DeepFake Voices for AI-Based Voice Analysis and Detection/Dataset/S6F03/Fake/26.wav,1,MEN,MEN-S6F03,TG:0417b85de8b01bab,-17.34375,1,0.4341666666666667,2.9356556e-08
mendeley/extracted/Bangla Audio Dataset Original and DeepFake Voices for AI-Based Voice Analysis and Detection/Dataset/S6F03/Fake/27.wav,1,MEN,MEN-S6F03,TG:3bf9109f0212e1a8,-11.0859375,1,0.3108333333333333,1.5326106e-05
mendeley/extracted/Bangla Audio Dataset Original and DeepFake Voices for AI-Based Voice Analysis and Detection/Dataset/S6F03/Fake/28.wav,1,MEN,MEN-S6F03,TG:f961d28234037075,0.34765625,1,0.2458333333333333,0.58604914
mendeley/extracted/Bangla Audio Dataset Original and DeepFake Voices for AI-Based Voice Analysis and Detection/Dataset/S6F03/Fake/29.wav,1,MEN,MEN-S6F03,TG:b9495a9ec9da5af9,-0.36328125,1,0.4808333333333333,0.4101655
mendeley/extracted/Bangla Audio Dataset Original and DeepFake Voices for AI-Based Voice Analysis and Detection/Dataset/S6F03/Fake/3.wav,1,MEN,MEN-S6F03,TG:e7e6ed6b7a4edc68,-7.3085938,1,0.1708333333333332,0.00066931
mendeley/extracted/Bangla Audio Dataset Original and DeepFake Voices for AI-Based Voice Analysis and Detection/Dataset/S6F03/Fake/30.wav,1,MEN,MEN-S6F03,TG:0279e708e7bea563,-9.6640625,1,0.5241666666666667,6.352189e-05
mendeley/extracted/Bangla Audio Dataset Original and DeepFake Voices for AI-Based Voice Analysis and Detection/Dataset/S6F03/Fake/4.wav,1,MEN,MEN-S6F03,TG:bdf706ddf2da8f1f,0.76904297,1,0.3541666666666666,0.68331385
mendeley/extracted/Bangla Audio Dataset Original and DeepFake Voices for AI-Based Voice Analysis and Detection/Dataset/S6F03/Fake/5.wav,1,MEN,MEN-S6F03,TG:45be873ef4d69213,10.0625,1,0.4158333333333334,0.9999573
mendeley/extracted/Bangla Audio Dataset Original and DeepFake Voices for AI-Based Voice Analysis and Detection/Dataset/S6F03/Fake/6.wav,1,MEN,MEN-S6F03,TG:a9fde75db394091a,-7.875,1,0.4758333333333333,0.0003799845
mendeley/extracted/Bangla Audio Dataset Original and DeepFake Voices for AI-Based Voice Analysis and Detection/Dataset/S6F03/Fake/7.wav,1,MEN,MEN-S6F03,TG:5be625d46c6a6e73,-5.4765625,1,0.3974999999999999,0.0041662557
mendeley/extracted/Bangla Audio Dataset Original and DeepFake Voices for AI-Based Voice Analysis and Detection/Dataset/S6F03/Fake/8.wav,1,MEN,MEN-S6F03,TG:78ae5535499f2f6b,-21.828125,1,0.3008333333333333,3.3125752e-10
mendeley/extracted/Bangla Audio Dataset Original and DeepFake Voices for AI-Based Voice Analysis and Detection/Dataset/S6F03/Fake/9.wav,1,MEN,MEN-S6F03,TG:ea1c20689c6cd1cb,-10.8203125,1,0.0808333333333333,1.998892e-05
mendeley/extracted/Bangla Audio Dataset Original and DeepFake Voices for AI-Based Voice Analysis and Detection/Dataset/S6F03/Real/1.wav,0,MEN,MEN-S6F03,TG:68335bcc60eb3cac,7.5273438,1,0.6508333333333334,0.9994622
mendeley/extracted/Bangla Audio Dataset Original and DeepFake Voices for AI-Based Voice Analysis and Detection/Dataset/S6F03/Real/10.wav,0,MEN,MEN-S6F03,TG:e15f93590e7860a4,-10.6015625,1,0.4841666666666666,2.487649e-05
mendeley/extracted/Bangla Audio Dataset Original and DeepFake Voices for AI-Based Voice Analysis and Detection/Dataset/S6F03/Real/11.wav,0,MEN,MEN-S6F03,TG:d013e21519294471,-29.3125,1,0.5841666666666667,1.8609856e-13
mendeley/extracted/Bangla Audio Dataset Original and DeepFake Voices for AI-Based Voice Analysis and Detection/Dataset/S6F03/Real/12.wav,0,MEN,MEN-S6F03,TG:36bbea584b595983,9.453125,1,0.6008333333333333,0.99992156
mendeley/extracted/Bangla Audio Dataset Original and DeepFake Voices for AI-Based Voice Analysis and Detection/Dataset/S6F03/Real/13.wav,0,MEN,MEN-S6F03,TG:448ba8616f75dbd9,3.4394531,1,0.4008333333333334,0.96891505
mendeley/extracted/Bangla Audio Dataset Original and DeepFake Voices for AI-Based Voice Analysis and Detection/Dataset/S6F03/Real/14.wav,0,MEN,MEN-S6F03,TG:fccde5258a724e5b,-6.2734375,1,0.5508333333333333,0.001882186
mendeley/extracted/Bangla Audio Dataset Original and DeepFake Voices for AI-Based Voice Analysis and Detection/Dataset/S6F03/Real/15.wav,0,MEN,MEN-S6F03,TG:153cebedfe6b30fd,6.7109375,1,0.4508333333333333,0.998784
mendeley/extracted/Bangla Audio Dataset Original and DeepFake Voices for AI-Based Voice Analysis and Detection/Dataset/S6F03/Real/16.wav,0,MEN,MEN-S6F03,TG:5c7003922e4c7b58,-1.6757812,1,0.6008333333333333,0.1576549
mendeley/extracted/Bangla Audio Dataset Original and DeepFake Voices for AI-Based Voice Analysis and Detection/Dataset/S6F03/Real/17.wav,0,MEN,MEN-S6F03,TG:80ca3c12226c16f7,-11.8203125,1,0.5675,7.353606e-06
mendeley/extracted/Bangla Audio Dataset Original and DeepFake Voices for AI-Based Voice Analysis and Detection/Dataset/S6F03/Real/18.wav,0,MEN,MEN-S6F03,TG:8a448ea3072baf86,9.234375,1,0.6008333333333333,0.99990237
mendeley/extracted/Bangla Audio Dataset Original and DeepFake Voices for AI-Based Voice Analysis and Detection/Dataset/S6F03/Real/19.wav,0,MEN,MEN-S6F03,TG:17da6e6a5329ede6,-1.2246094,1,0.6174999999999999,0.22712632
mendeley/extracted/Bangla Audio Dataset Original and DeepFake Voices for AI-Based Voice Analysis and Detection/Dataset/S6F03/Real/2.wav,0,MEN,MEN-S6F03,TG:992df96e94bc9811,-12.546875,1,0.5341666666666667,3.5559847e-06
mendeley/extracted/Bangla Audio Dataset Original and DeepFake Voices for AI-Based Voice Analysis and Detection/Dataset/S6F03/Real/20.wav,0,MEN,MEN-S6F03,TG:b9777a1fd57cb1c6,9.484375,1,0.5008333333333334,0.99992394
mendeley/extracted/Bangla Audio Dataset Original and DeepFake Voices for AI-Based Voice Analysis and Detection/Dataset/S6F03/Real/21.wav,0,MEN,MEN-S6F03,TG:258e34608251b4c7,7.5078125,1,0.5675,0.99945146
mendeley/extracted/Bangla Audio Dataset Original and DeepFake Voices for AI-Based Voice Analysis and Detection/Dataset/S6F03/Real/22.wav,0,MEN,MEN-S6F03,TG:29664288ed9e8509,-20.296875,1,0.5841666666666667,1.5317193e-09
mendeley/extracted/Bangla Audio Dataset Original and DeepFake Voices for AI-Based Voice Analysis and Detection/Dataset/S6F03/Real/23.wav,0,MEN,MEN-S6F03,TG:fcbf9ed932b2fbe3,-1.4667969,1,0.5675,0.18742996
mendeley/extracted/Bangla Audio Dataset Original and DeepFake Voices for AI-Based Voice Analysis and Detection/Dataset/S6F03/Real/24.wav,0,MEN,MEN-S6F03,TG:836191849433d6d5,-4.6289062,1,0.5175000000000001,0.009670992
mendeley/extracted/Bangla Audio Dataset Original and DeepFake Voices for AI-Based Voice Analysis and Detection/Dataset/S6F03/Real/25.wav,0,MEN,MEN-S6F03,TG:ea4035e74b42874c,3.8457031,1,0.4175,0.9790758
mendeley/extracted/Bangla Audio Dataset Original and DeepFake Voices for AI-Based Voice Analysis and Detection/Dataset/S6F03/Real/26.wav,0,MEN,MEN-S6F03,TG:0417b85de8b01bab,6.6914062,1,0.5841666666666667,0.99876
mendeley/extracted/Bangla Audio Dataset Original and DeepFake Voices for AI-Based Voice Analysis and Detection/Dataset/S6F03/Real/27.wav,0,MEN,MEN-S6F03,TG:3bf9109f0212e1a8,1.0722656,1,0.5508333333333333,0.74502754
mendeley/extracted/Bangla Audio Dataset Original and DeepFake Voices for AI-Based Voice Analysis and Detection/Dataset/S6F03/Real/28.wav,0,MEN,MEN-S6F03,TG:f961d28234037075,-6.625,1,0.5175000000000001,0.0013250225
mendeley/extracted/Bangla Audio Dataset Original and DeepFake Voices for AI-Based Voice Analysis and Detection/Dataset/S6F03/Real/29.wav,0,MEN,MEN-S6F03,TG:b9495a9ec9da5af9,-7.109375,1,0.5841666666666667,0.000816738
mendeley/extracted/Bangla Audio Dataset Original and DeepFake Voices for AI-Based Voice Analysis and Detection/Dataset/S6F03/Real/3.wav,0,MEN,MEN-S6F03,TG:e7e6ed6b7a4edc68,-15.375,1,0.4841666666666666,2.1024336e-07
mendeley/extracted/Bangla Audio Dataset Original and DeepFake Voices for AI-Based Voice Analysis and Detection/Dataset/S6F03/Real/30.wav,0,MEN,MEN-S6F03,TG:0279e708e7bea563,-21.296875,1,0.6675,5.6348803e-10
mendeley/extracted/Bangla Audio Dataset Original and DeepFake Voices for AI-Based Voice Analysis and Detection/Dataset/S6F03/Real/4.wav,0,MEN,MEN-S6F03,TG:bdf706ddf2da8f1f,-12.828125,1,0.5341666666666667,2.6842006e-06
mendeley/extracted/Bangla Audio Dataset Original and DeepFake Voices for AI-Based Voice Analysis and Detection/Dataset/S6F03/Real/5.wav,0,MEN,MEN-S6F03,TG:45be873ef4d69213,8.1015625,1,0.5175000000000001,0.9996971
mendeley/extracted/Bangla Audio Dataset Original and DeepFake Voices for AI-Based Voice Analysis and Detection/Dataset/S6F03/Real/6.wav,0,MEN,MEN-S6F03,TG:a9fde75db394091a,-6.8515625,1,0.5175000000000001,0.0010566838
mendeley/extracted/Bangla Audio Dataset Original and DeepFake Voices for AI-Based Voice Analysis and Detection/Dataset/S6F03/Real/7.wav,0,MEN,MEN-S6F03,TG:5be625d46c6a6e73,-1.3691406,1,0.4675,0.20275871
mendeley/extracted/Bangla Audio Dataset Original and DeepFake Voices for AI-Based Voice Analysis and Detection/Dataset/S6F03/Real/8.wav,0,MEN,MEN-S6F03,TG:78ae5535499f2f6b,-21.109375,1,0.4508333333333333,6.7969635e-10
mendeley/extracted/Bangla Audio Dataset Original and DeepFake Voices for AI-Based Voice Analysis and Detection/Dataset/S6F03/Real/9.wav,0,MEN,MEN-S6F03,TG:ea1c20689c6cd1cb,-9.8046875,1,0.4841666666666666,5.5189234e-05
mendeley/extracted/Bangla Audio Dataset Original and DeepFake Voices for AI-Based Voice Analysis and Detection/Dataset/S6F04/Fake/1.wav,1,MEN,MEN-S6F04,TG:68335bcc60eb3cac,-17.578125,1,0.4975,2.3222947e-08
mendeley/extracted/Bangla Audio Dataset Original and DeepFake Voices for AI-Based Voice Analysis and Detection/Dataset/S6F04/Fake/10.wav,1,MEN,MEN-S6F04,TG:e15f93590e7860a4,2.1347656,1,0.3558333333333333,0.89423656
mendeley/extracted/Bangla Audio Dataset Original and DeepFake Voices for AI-Based Voice Analysis and Detection/Dataset/S6F04/Fake/11.wav,1,MEN,MEN-S6F04,TG:d013e21519294471,-3.4746094,1,0.4341666666666667,0.030043371
mendeley/extracted/Bangla Audio Dataset Original and DeepFake Voices for AI-Based Voice Analysis and Detection/Dataset/S6F04/Fake/12.wav,1,MEN,MEN-S6F04,TG:36bbea584b595983,-17.734375,1,0.4125,1.9863638e-08
mendeley/extracted/Bangla Audio Dataset Original and DeepFake Voices for AI-Based Voice Analysis and Detection/Dataset/S6F04/Fake/13.wav,1,MEN,MEN-S6F04,TG:448ba8616f75dbd9,-7.921875,1,0.4508333333333333,0.00036259004
mendeley/extracted/Bangla Audio Dataset Original and DeepFake Voices for AI-Based Voice Analysis and Detection/Dataset/S6F04/Fake/14.wav,1,MEN,MEN-S6F04,TG:fccde5258a724e5b,-10.734375,1,0.2025,2.178265e-05
mendeley/extracted/Bangla Audio Dataset Original and DeepFake Voices for AI-Based Voice Analysis and Detection/Dataset/S6F04/Fake/15.wav,1,MEN,MEN-S6F04,TG:153cebedfe6b30fd,12.109375,1,0.4275,0.9999945
mendeley/extracted/Bangla Audio Dataset Original and DeepFake Voices for AI-Based Voice Analysis and Detection/Dataset/S6F04/Fake/16.wav,1,MEN,MEN-S6F04,TG:5c7003922e4c7b58,-1.09375,1,0.4641666666666666,0.25091282
mendeley/extracted/Bangla Audio Dataset Original and DeepFake Voices for AI-Based Voice Analysis and Detection/Dataset/S6F04/Fake/17.wav,1,MEN,MEN-S6F04,TG:80ca3c12226c16f7,-15.0,1,0.3741666666666666,3.0590226e-07
mendeley/extracted/Bangla Audio Dataset Original and DeepFake Voices for AI-Based Voice Analysis and Detection/Dataset/S6F04/Fake/18.wav,1,MEN,MEN-S6F04,TG:8a448ea3072baf86,-10.921875,1,0.5058333333333334,1.805852e-05
mendeley/extracted/Bangla Audio Dataset Original and DeepFake Voices for AI-Based Voice Analysis and Detection/Dataset/S6F04/Fake/19.wav,1,MEN,MEN-S6F04,TG:17da6e6a5329ede6,-14.5390625,1,0.4241666666666667,4.8502613e-07
mendeley/extracted/Bangla Audio Dataset Original and DeepFake Voices for AI-Based Voice Analysis and Detection/Dataset/S6F04/Fake/2.wav,1,MEN,MEN-S6F04,TG:992df96e94bc9811,5.0859375,1,0.4191666666666667,0.9938548
mendeley/extracted/Bangla Audio Dataset Original and DeepFake Voices for AI-Based Voice Analysis and Detection/Dataset/S6F04/Fake/20.wav,1,MEN,MEN-S6F04,TG:b9777a1fd57cb1c6,-0.7319336,1,0.4191666666666667,0.32477057
mendeley/extracted/Bangla Audio Dataset Original and DeepFake Voices for AI-Based Voice Analysis and Detection/Dataset/S6F04/Fake/21.wav,1,MEN,MEN-S6F04,TG:258e34608251b4c7,-14.5078125,1,0.3675,5.004225e-07
mendeley/extracted/Bangla Audio Dataset Original and DeepFake Voices for AI-Based Voice Analysis and Detection/Dataset/S6F04/Fake/22.wav,1,MEN,MEN-S6F04,TG:29664288ed9e8509,-0.26464844,1,0.4241666666666667,0.43422136
mendeley/extracted/Bangla Audio Dataset Original and DeepFake Voices for AI-Based Voice Analysis and Detection/Dataset/S6F04/Fake/23.wav,1,MEN,MEN-S6F04,TG:fcbf9ed932b2fbe3,10.25,1,0.5341666666666667,0.9999646
mendeley/extracted/Bangla Audio Dataset Original and DeepFake Voices for AI-Based Voice Analysis and Detection/Dataset/S6F04/Fake/24.wav,1,MEN,MEN-S6F04,TG:836191849433d6d5,-22.734375,1,0.4341666666666667,1.3384013e-10
mendeley/extracted/Bangla Audio Dataset Original and DeepFake Voices for AI-Based Voice Analysis and Detection/Dataset/S6F04/Fake/25.wav,1,MEN,MEN-S6F04,TG:ea4035e74b42874c,6.390625,1,0.2708333333333333,0.99832565
mendeley/extracted/Bangla Audio Dataset Original and DeepFake Voices for AI-Based Voice Analysis and Detection/Dataset/S6F04/Fake/26.wav,1,MEN,MEN-S6F04,TG:0417b85de8b01bab,-1.3447266,1,0.4508333333333333,0.20673385
mendeley/extracted/Bangla Audio Dataset Original and DeepFake Voices for AI-Based Voice Analysis and Detection/Dataset/S6F04/Fake/27.wav,1,MEN,MEN-S6F04,TG:3bf9109f0212e1a8,-7.4453125,1,0.3208333333333333,0.0005838325
mendeley/extracted/Bangla Audio Dataset Original and DeepFake Voices for AI-Based Voice Analysis and Detection/Dataset/S6F04/Fake/28.wav,1,MEN,MEN-S6F04,TG:f961d28234037075,1.4912109,1,0.2341666666666666,0.8162599
mendeley/extracted/Bangla Audio Dataset Original and DeepFake Voices for AI-Based Voice Analysis and Detection/Dataset/S6F04/Fake/29.wav,1,MEN,MEN-S6F04,TG:b9495a9ec9da5af9,-0.72753906,1,0.4775,0.32573497
mendeley/extracted/Bangla Audio Dataset Original and DeepFake Voices for AI-Based Voice Analysis and Detection/Dataset/S6F04/Fake/3.wav,1,MEN,MEN-S6F04,TG:e7e6ed6b7a4edc68,-6.3242188,1,0.2141666666666666,0.0017891593
mendeley/extracted/Bangla Audio Dataset Original and DeepFake Voices for AI-Based Voice Analysis and Detection/Dataset/S6F04/Fake/30.wav,1,MEN,MEN-S6F04,TG:0279e708e7bea563,-16.3125,1,0.5241666666666667,8.2332484e-08
mendeley/extracted/Bangla Audio Dataset Original and DeepFake Voices for AI-Based Voice Analysis and Detection/Dataset/S6F04/Fake/4.wav,1,MEN,MEN-S6F04,TG:bdf706ddf2da8f1f,7.8789062,1,0.3241666666666667,0.9996215
mendeley/extracted/Bangla Audio Dataset Original and DeepFake Voices for AI-Based Voice Analysis and Detection/Dataset/S6F04/Fake/5.wav,1,MEN,MEN-S6F04,TG:45be873ef4d69213,12.0,1,0.4291666666666667,0.9999938
mendeley/extracted/Bangla Audio Dataset Original and DeepFake Voices for AI-Based Voice Analysis and Detection/Dataset/S6F04/Fake/6.wav,1,MEN,MEN-S6F04,TG:a9fde75db394091a,-2.390625,1,0.4775,0.083890386
mendeley/extracted/Bangla Audio Dataset Original and DeepFake Voices for AI-Based Voice Analysis and Detection/Dataset/S6F04/Fake/7.wav,1,MEN,MEN-S6F04,TG:5be625d46c6a6e73,5.9296875,1,0.3991666666666666,0.9973477
mendeley/extracted/Bangla Audio Dataset Original and DeepFake Voices for AI-Based Voice Analysis and Detection/Dataset/S6F04/Fake/8.wav,1,MEN,MEN-S6F04,TG:78ae5535499f2f6b,6.65625,1,0.3241666666666667,0.99871576
mendeley/extracted/Bangla Audio Dataset Original and DeepFake Voices for AI-Based Voice Analysis and Detection/Dataset/S6F04/Fake/9.wav,1,MEN,MEN-S6F04,TG:ea1c20689c6cd1cb,-6.8789062,1,0.2508333333333333,0.0010282109
mendeley/extracted/Bangla Audio Dataset Original and DeepFake Voices for AI-Based Voice Analysis and Detection/Dataset/S6F04/Real/1.wav,0,MEN,MEN-S6F04,TG:68335bcc60eb3cac,4.125,1,0.3841666666666666,0.9840936
mendeley/extracted/Bangla Audio Dataset Original and DeepFake Voices for AI-Based Voice Analysis and Detection/Dataset/S6F04/Real/10.wav,0,MEN,MEN-S6F04,TG:e15f93590e7860a4,9.59375,1,0.2674999999999999,0.9999318
mendeley/extracted/Bangla Audio Dataset Original and DeepFake Voices for AI-Based Voice Analysis and Detection/Dataset/S6F04/Real/11.wav,0,MEN,MEN-S6F04,TG:d013e21519294471,4.875,1,0.3341666666666666,0.99242276
mendeley/extracted/Bangla Audio Dataset Original and DeepFake Voices for AI-Based Voice Analysis and Detection/Dataset/S6F04/Real/12.wav,0,MEN,MEN-S6F04,TG:36bbea584b595983,8.453125,1,0.2841666666666667,0.9997868
mendeley/extracted/Bangla Audio Dataset Original and DeepFake Voices for AI-Based Voice Analysis and Detection/Dataset/S6F04/Real/13.wav,0,MEN,MEN-S6F04,TG:448ba8616f75dbd9,-11.0625,1,0.3175,1.568955e-05
mendeley/extracted/Bangla Audio Dataset Original and DeepFake Voices for AI-Based Voice Analysis and Detection/Dataset/S6F04/Real/14.wav,0,MEN,MEN-S6F04,TG:fccde5258a724e5b,-8.1640625,1,0.2175,0.0002846224
mendeley/extracted/Bangla Audio Dataset Original and DeepFake Voices for AI-Based Voice Analysis and Detection/Dataset/S6F04/Real/15.wav,0,MEN,MEN-S6F04,TG:153cebedfe6b30fd,8.7890625,1,0.2341666666666666,0.99984765
mendeley/extracted/Bangla Audio Dataset Original and DeepFake Voices for AI-Based Voice Analysis and Detection/Dataset/S6F04/Real/16.wav,0,MEN,MEN-S6F04,TG:5c7003922e4c7b58,9.2109375,1,0.2674999999999999,0.9999001
mendeley/extracted/Bangla Audio Dataset Original and DeepFake Voices for AI-Based Voice Analysis and Detection/Dataset/S6F04/Real/17.wav,0,MEN,MEN-S6F04,TG:80ca3c12226c16f7,-4.0273438,1,0.3675,0.017509557
mendeley/extracted/Bangla Audio Dataset Original and DeepFake Voices for AI-Based Voice Analysis and Detection/Dataset/S6F04/Real/18.wav,0,MEN,MEN-S6F04,TG:8a448ea3072baf86,4.109375,1,0.3675,0.9838472
mendeley/extracted/Bangla Audio Dataset Original and DeepFake Voices for AI-Based Voice Analysis and Detection/Dataset/S6F04/Real/19.wav,0,MEN,MEN-S6F04,TG:17da6e6a5329ede6,4.65625,1,0.3175,0.9905874
mendeley/extracted/Bangla Audio Dataset Original and DeepFake Voices for AI-Based Voice Analysis and Detection/Dataset/S6F04/Real/2.wav,0,MEN,MEN-S6F04,TG:992df96e94bc9811,9.078125,1,0.3175,0.9998859
mendeley/extracted/Bangla Audio Dataset Original and DeepFake Voices for AI-Based Voice Analysis and Detection/Dataset/S6F04/Real/20.wav,0,MEN,MEN-S6F04,TG:b9777a1fd57cb1c6,10.625,1,0.2008333333333333,0.9999757
mendeley/extracted/Bangla Audio Dataset Original and DeepFake Voices for AI-Based Voice Analysis and Detection/Dataset/S6F04/Real/21.wav,0,MEN,MEN-S6F04,TG:258e34608251b4c7,-14.296875,1,0.4175,6.179393e-07
mendeley/extracted/Bangla Audio Dataset Original and DeepFake Voices for AI-Based Voice Analysis and Detection/Dataset/S6F04/Real/22.wav,0,MEN,MEN-S6F04,TG:29664288ed9e8509,5.6601562,1,0.2674999999999999,0.9965301
mendeley/extracted/Bangla Audio Dataset Original and DeepFake Voices for AI-Based Voice Analysis and Detection/Dataset/S6F04/Real/23.wav,0,MEN,MEN-S6F04,TG:fcbf9ed932b2fbe3,8.640625,1,0.1674999999999999,0.9998233
mendeley/extracted/Bangla Audio Dataset Original and DeepFake Voices for AI-Based Voice Analysis and Detection/Dataset/S6F04/Real/24.wav,0,MEN,MEN-S6F04,TG:836191849433d6d5,9.7578125,1,0.2508333333333333,0.9999422
mendeley/extracted/Bangla Audio Dataset Original and DeepFake Voices for AI-Based Voice Analysis and Detection/Dataset/S6F04/Real/25.wav,0,MEN,MEN-S6F04,TG:ea4035e74b42874c,4.8710938,1,0.1841666666666667,0.9923934
mendeley/extracted/Bangla Audio Dataset Original and DeepFake Voices for AI-Based Voice Analysis and Detection/Dataset/S6F04/Real/26.wav,0,MEN,MEN-S6F04,TG:0417b85de8b01bab,7.7304688,1,0.3508333333333333,0.9995609
mendeley/extracted/Bangla Audio Dataset Original and DeepFake Voices for AI-Based Voice Analysis and Detection/Dataset/S6F04/Real/27.wav,0,MEN,MEN-S6F04,TG:3bf9109f0212e1a8,5.953125,1,0.3341666666666666,0.99740905
mendeley/extracted/Bangla Audio Dataset Original and DeepFake Voices for AI-Based Voice Analysis and Detection/Dataset/S6F04/Real/28.wav,0,MEN,MEN-S6F04,TG:f961d28234037075,7.1445312,1,0.2674999999999999,0.99921143
mendeley/extracted/Bangla Audio Dataset Original and DeepFake Voices for AI-Based Voice Analysis and Detection/Dataset/S6F04/Real/29.wav,0,MEN,MEN-S6F04,TG:b9495a9ec9da5af9,-9.75,1,0.4175,5.8291265e-05
mendeley/extracted/Bangla Audio Dataset Original and DeepFake Voices for AI-Based Voice Analysis and Detection/Dataset/S6F04/Real/3.wav,0,MEN,MEN-S6F04,TG:e7e6ed6b7a4edc68,9.703125,1,0.3341666666666666,0.99993896
mendeley/extracted/Bangla Audio Dataset Original and DeepFake Voices for AI-Based Voice Analysis and Detection/Dataset/S6F04/Real/30.wav,0,MEN,MEN-S6F04,TG:0279e708e7bea563,8.65625,1,0.3508333333333333,0.999826
mendeley/extracted/Bangla Audio Dataset Original and DeepFake Voices for AI-Based Voice Analysis and Detection/Dataset/S6F04/Real/4.wav,0,MEN,MEN-S6F04,TG:bdf706ddf2da8f1f,8.109375,1,0.4175,0.99969935
mendeley/extracted/Bangla Audio Dataset Original and DeepFake Voices for AI-Based Voice Analysis and Detection/Dataset/S6F04/Real/5.wav,0,MEN,MEN-S6F04,TG:45be873ef4d69213,11.5546875,1,0.4175,0.99999046
mendeley/extracted/Bangla Audio Dataset Original and DeepFake Voices for AI-Based Voice Analysis and Detection/Dataset/S6F04/Real/6.wav,0,MEN,MEN-S6F04,TG:a9fde75db394091a,4.609375,1,0.3841666666666666,0.99014014
mendeley/extracted/Bangla Audio Dataset Original and DeepFake Voices for AI-Based Voice Analysis and Detection/Dataset/S6F04/Real/7.wav,0,MEN,MEN-S6F04,TG:5be625d46c6a6e73,9.578125,1,0.3508333333333333,0.99993074
mendeley/extracted/Bangla Audio Dataset Original and DeepFake Voices for AI-Based Voice Analysis and Detection/Dataset/S6F04/Real/8.wav,0,MEN,MEN-S6F04,TG:78ae5535499f2f6b,-10.8046875,1,0.3341666666666666,2.0303693e-05
mendeley/extracted/Bangla Audio Dataset Original and DeepFake Voices for AI-Based Voice Analysis and Detection/Dataset/S6F04/Real/9.wav,0,MEN,MEN-S6F04,TG:ea1c20689c6cd1cb,-21.203125,1,0.2008333333333333,6.1887057e-10
mendeley/extracted/Bangla Audio Dataset Original and DeepFake Voices for AI-Based Voice Analysis and Detection/Dataset/S6M01/Fake/1.wav,1,MEN,MEN-S6M01,TG:68335bcc60eb3cac,-10.96875,1,0.5525,1.7231572e-05
mendeley/extracted/Bangla Audio Dataset Original and DeepFake Voices for AI-Based Voice Analysis and Detection/Dataset/S6M01/Fake/10.wav,1,MEN,MEN-S6M01,TG:e15f93590e7860a4,8.96875,1,0.2325,0.9998727
mendeley/extracted/Bangla Audio Dataset Original and DeepFake Voices for AI-Based Voice Analysis and Detection/Dataset/S6M01/Fake/11.wav,1,MEN,MEN-S6M01,TG:d013e21519294471,-9.5,1,0.3808333333333333,7.4846226e-05
mendeley/extracted/Bangla Audio Dataset Original and DeepFake Voices for AI-Based Voice Analysis and Detection/Dataset/S6M01/Fake/12.wav,1,MEN,MEN-S6M01,TG:36bbea584b595983,6.8085938,1,0.4775,0.99889696
mendeley/extracted/Bangla Audio Dataset Original and DeepFake Voices for AI-Based Voice Analysis and Detection/Dataset/S6M01/Fake/13.wav,1,MEN,MEN-S6M01,TG:448ba8616f75dbd9,8.1328125,1,0.3741666666666666,0.9997063
mendeley/extracted/Bangla Audio Dataset Original and DeepFake Voices for AI-Based Voice Analysis and Detection/Dataset/S6M01/Fake/14.wav,1,MEN,MEN-S6M01,TG:fccde5258a724e5b,-7.1757812,1,0.3041666666666667,0.0007643034
mendeley/extracted/Bangla Audio Dataset Original and DeepFake Voices for AI-Based Voice Analysis and Detection/Dataset/S6M01/Fake/15.wav,1,MEN,MEN-S6M01,TG:153cebedfe6b30fd,11.1953125,1,0.2758333333333334,0.9999863
mendeley/extracted/Bangla Audio Dataset Original and DeepFake Voices for AI-Based Voice Analysis and Detection/Dataset/S6M01/Fake/16.wav,1,MEN,MEN-S6M01,TG:5c7003922e4c7b58,10.2578125,1,0.3625,0.99996495
mendeley/extracted/Bangla Audio Dataset Original and DeepFake Voices for AI-Based Voice Analysis and Detection/Dataset/S6M01/Fake/17.wav,1,MEN,MEN-S6M01,TG:80ca3c12226c16f7,-11.0625,1,0.4308333333333333,1.568955e-05
mendeley/extracted/Bangla Audio Dataset Original and DeepFake Voices for AI-Based Voice Analysis and Detection/Dataset/S6M01/Fake/18.wav,1,MEN,MEN-S6M01,TG:8a448ea3072baf86,11.2265625,1,0.4341666666666667,0.99998665
mendeley/extracted/Bangla Audio Dataset Original and DeepFake Voices for AI-Based Voice Analysis and Detection/Dataset/S6M01/Fake/19.wav,1,MEN,MEN-S6M01,TG:17da6e6a5329ede6,-4.4921875,1,0.4708333333333333,0.01107216
mendeley/extracted/Bangla Audio Dataset Original and DeepFake Voices for AI-Based Voice Analysis and Detection/Dataset/S6M01/Fake/2.wav,1,MEN,MEN-S6M01,TG:992df96e94bc9811,1.4208984,1,0.3941666666666666,0.8054792
mendeley/extracted/Bangla Audio Dataset Original and DeepFake Voices for AI-Based Voice Analysis and Detection/Dataset/S6M01/Fake/20.wav,1,MEN,MEN-S6M01,TG:b9777a1fd57cb1c6,10.8125,1,0.3175,0.99997985
mendeley/extracted/Bangla Audio Dataset Original and DeepFake Voices for AI-Based Voice Analysis and Detection/Dataset/S6M01/Fake/21.wav,1,MEN,MEN-S6M01,TG:258e34608251b4c7,13.546875,1,0.3541666666666666,0.9999987
mendeley/extracted/Bangla Audio Dataset Original and DeepFake Voices for AI-Based Voice Analysis and Detection/Dataset/S6M01/Fake/22.wav,1,MEN,MEN-S6M01,TG:29664288ed9e8509,-2.2734375,1,0.3824999999999999,0.09334689
mendeley/extracted/Bangla Audio Dataset Original and DeepFake Voices for AI-Based Voice Analysis and Detection/Dataset/S6M01/Fake/23.wav,1,MEN,MEN-S6M01,TG:fcbf9ed932b2fbe3,8.890625,1,0.5108333333333333,0.9998623
mendeley/extracted/Bangla Audio Dataset Original and DeepFake Voices for AI-Based Voice Analysis and Detection/Dataset/S6M01/Fake/24.wav,1,MEN,MEN-S6M01,TG:836191849433d6d5,13.2578125,1,0.4441666666666667,0.9999982
mendeley/extracted/Bangla Audio Dataset Original and DeepFake Voices for AI-Based Voice Analysis and Detection/Dataset/S6M01/Fake/25.wav,1,MEN,MEN-S6M01,TG:ea4035e74b42874c,8.828125,1,0.3708333333333333,0.9998535
mendeley/extracted/Bangla Audio Dataset Original and DeepFake Voices for AI-Based Voice Analysis and Detection/Dataset/S6M01/Fake/26.wav,1,MEN,MEN-S6M01,TG:0417b85de8b01bab,7.4179688,1,0.4775,0.9994
mendeley/extracted/Bangla Audio Dataset Original and DeepFake Voices for AI-Based Voice Analysis and Detection/Dataset/S6M01/Fake/27.wav,1,MEN,MEN-S6M01,TG:3bf9109f0212e1a8,-10.2734375,1,0.3941666666666666,3.4537254e-05
mendeley/extracted/Bangla Audio Dataset Original and DeepFake Voices for AI-Based Voice Analysis and Detection/Dataset/S6M01/Fake/28.wav,1,MEN,MEN-S6M01,TG:f961d28234037075,1.8896484,1,0.3275,0.8687154
mendeley/extracted/Bangla Audio Dataset Original and DeepFake Voices for AI-Based Voice Analysis and Detection/Dataset/S6M01/Fake/29.wav,1,MEN,MEN-S6M01,TG:b9495a9ec9da5af9,-5.0742188,1,0.4408333333333333,0.0062170783
mendeley/extracted/Bangla Audio Dataset Original and DeepFake Voices for AI-Based Voice Analysis and Detection/Dataset/S6M01/Fake/3.wav,1,MEN,MEN-S6M01,TG:e7e6ed6b7a4edc68,-19.171875,1,0.1691666666666667,4.7180277e-09
mendeley/extracted/Bangla Audio Dataset Original and DeepFake Voices for AI-Based Voice Analysis and Detection/Dataset/S6M01/Fake/30.wav,1,MEN,MEN-S6M01,TG:0279e708e7bea563,-4.6367188,1,0.5308333333333333,0.009596455
mendeley/extracted/Bangla Audio Dataset Original and DeepFake Voices for AI-Based Voice Analysis and Detection/Dataset/S6M01/Fake/4.wav,1,MEN,MEN-S6M01,TG:bdf706ddf2da8f1f,5.6835938,1,0.2908333333333334,0.9966102
mendeley/extracted/Bangla Audio Dataset Original and DeepFake Voices for AI-Based Voice Analysis and Detection/Dataset/S6M01/Fake/5.wav,1,MEN,MEN-S6M01,TG:45be873ef4d69213,10.4453125,1,0.3358333333333333,0.9999709
mendeley/extracted/Bangla Audio Dataset Original and DeepFake Voices for AI-Based Voice Analysis and Detection/Dataset/S6M01/Fake/6.wav,1,MEN,MEN-S6M01,TG:a9fde75db394091a,-15.1953125,1,0.2225,2.516283e-07
mendeley/extracted/Bangla Audio Dataset Original and DeepFake Voices for AI-Based Voice Analysis and Detection/Dataset/S6M01/Fake/7.wav,1,MEN,MEN-S6M01,TG:5be625d46c6a6e73,12.984375,1,0.0308333333333333,0.99999774
mendeley/extracted/Bangla Audio Dataset Original and DeepFake Voices for AI-Based Voice Analysis and Detection/Dataset/S6M01/Fake/8.wav,1,MEN,MEN-S6M01,TG:78ae5535499f2f6b,10.7421875,1,0.2674999999999999,0.9999784
mendeley/extracted/Bangla Audio Dataset Original and DeepFake Voices for AI-Based Voice Analysis and Detection/Dataset/S6M01/Fake/9.wav,1,MEN,MEN-S6M01,TG:ea1c20689c6cd1cb,-7.328125,1,0.1541666666666666,0.00065637287
mendeley/extracted/Bangla Audio Dataset Original and DeepFake Voices for AI-Based Voice Analysis and Detection/Dataset/S6M01/Real/1.wav,0,MEN,MEN-S6M01,TG:68335bcc60eb3cac,9.7890625,1,0.4508333333333333,0.999944
mendeley/extracted/Bangla Audio Dataset Original and DeepFake Voices for AI-Based Voice Analysis and Detection/Dataset/S6M01/Real/10.wav,0,MEN,MEN-S6M01,TG:e15f93590e7860a4,5.6523438,1,0.3008333333333333,0.996503
mendeley/extracted/Bangla Audio Dataset Original and DeepFake Voices for AI-Based Voice Analysis and Detection/Dataset/S6M01/Real/11.wav,0,MEN,MEN-S6M01,TG:d013e21519294471,-15.6796875,1,0.3175,1.5502374e-07
mendeley/extracted/Bangla Audio Dataset Original and DeepFake Voices for AI-Based Voice Analysis and Detection/Dataset/S6M01/Real/12.wav,0,MEN,MEN-S6M01,TG:36bbea584b595983,7.6953125,1,0.3841666666666666,0.9995453
mendeley/extracted/Bangla Audio Dataset Original and DeepFake Voices for AI-Based Voice Analysis and Detection/Dataset/S6M01/Real/13.wav,0,MEN,MEN-S6M01,TG:448ba8616f75dbd9,-8.8125,1,0.3508333333333333,0.00014883849
mendeley/extracted/Bangla Audio Dataset Original and DeepFake Voices for AI-Based Voice Analysis and Detection/Dataset/S6M01/Real/14.wav,0,MEN,MEN-S6M01,TG:fccde5258a724e5b,7.7734375,1,0.2175,0.99957937
mendeley/extracted/Bangla Audio Dataset Original and DeepFake Voices for AI-Based Voice Analysis and Detection/Dataset/S6M01/Real/15.wav,0,MEN,MEN-S6M01,TG:153cebedfe6b30fd,8.3359375,1,0.3175,0.9997603
mendeley/extracted/Bangla Audio Dataset Original and DeepFake Voices for AI-Based Voice Analysis and Detection/Dataset/S6M01/Real/16.wav,0,MEN,MEN-S6M01,TG:5c7003922e4c7b58,6.890625,1,0.3341666666666666,0.9989837
mendeley/extracted/Bangla Audio Dataset Original and DeepFake Voices for AI-Based Voice Analysis and Detection/Dataset/S6M01/Real/17.wav,0,MEN,MEN-S6M01,TG:80ca3c12226c16f7,7.0859375,1,0.3508333333333333,0.99916387
mendeley/extracted/Bangla Audio Dataset Original and DeepFake Voices for AI-Based Voice Analysis and Detection/Dataset/S6M01/Real/18.wav,0,MEN,MEN-S6M01,TG:8a448ea3072baf86,2.0136719,1,0.3675,0.8822251
mendeley/extracted/Bangla Audio Dataset Original and DeepFake Voices for AI-Based Voice Analysis and Detection/Dataset/S6M01/Real/19.wav,0,MEN,MEN-S6M01,TG:17da6e6a5329ede6,7.75,1,0.3841666666666666,0.9995695
mendeley/extracted/Bangla Audio Dataset Original and DeepFake Voices for AI-Based Voice Analysis and Detection/Dataset/S6M01/Real/2.wav,0,MEN,MEN-S6M01,TG:992df96e94bc9811,10.1953125,1,0.3175,0.9999627
mendeley/extracted/Bangla Audio Dataset Original and DeepFake Voices for AI-Based Voice Analysis and Detection/Dataset/S6M01/Real/20.wav,0,MEN,MEN-S6M01,TG:b9777a1fd57cb1c6,11.6484375,1,0.3675,0.9999913
mendeley/extracted/Bangla Audio Dataset Original and DeepFake Voices for AI-Based Voice Analysis and Detection/Dataset/S6M01/Real/21.wav,0,MEN,MEN-S6M01,TG:258e34608251b4c7,-14.7421875,1,0.4341666666666667,3.9586683e-07
mendeley/extracted/Bangla Audio Dataset Original and DeepFake Voices for AI-Based Voice Analysis and Detection/Dataset/S6M01/Real/22.wav,0,MEN,MEN-S6M01,TG:29664288ed9e8509,5.5390625,1,0.4008333333333334,0.99608517
mendeley/extracted/Bangla Audio Dataset Original and DeepFake Voices for AI-Based Voice Analysis and Detection/Dataset/S6M01/Real/23.wav,0,MEN,MEN-S6M01,TG:fcbf9ed932b2fbe3,10.453125,1,0.2841666666666667,0.99997115
mendeley/extracted/Bangla Audio Dataset Original and DeepFake Voices for AI-Based Voice Analysis and Detection/Dataset/S6M01/Real/24.wav,0,MEN,MEN-S6M01,TG:836191849433d6d5,10.21875,1,0.2841666666666667,0.9999635
mendeley/extracted/Bangla Audio Dataset Original and DeepFake Voices for AI-Based Voice Analysis and Detection/Dataset/S6M01/Real/25.wav,0,MEN,MEN-S6M01,TG:ea4035e74b42874c,7.7226562,1,0.2674999999999999,0.99955755
mendeley/extracted/Bangla Audio Dataset Original and DeepFake Voices for AI-Based Voice Analysis and Detection/Dataset/S6M01/Real/26.wav,0,MEN,MEN-S6M01,TG:0417b85de8b01bab,9.28125,1,0.3508333333333333,0.9999069
mendeley/extracted/Bangla Audio Dataset Original and DeepFake Voices for AI-Based Voice Analysis and Detection/Dataset/S6M01/Real/27.wav,0,MEN,MEN-S6M01,TG:3bf9109f0212e1a8,-21.0,1,0.4008333333333334,7.58256e-10
mendeley/extracted/Bangla Audio Dataset Original and DeepFake Voices for AI-Based Voice Analysis and Detection/Dataset/S6M01/Real/28.wav,0,MEN,MEN-S6M01,TG:f961d28234037075,-2.2148438,1,0.3508333333333333,0.09842541
mendeley/extracted/Bangla Audio Dataset Original and DeepFake Voices for AI-Based Voice Analysis and Detection/Dataset/S6M01/Real/29.wav,0,MEN,MEN-S6M01,TG:b9495a9ec9da5af9,-7.3632812,1,0.3841666666666666,0.0006337125
mendeley/extracted/Bangla Audio Dataset Original and DeepFake Voices for AI-Based Voice Analysis and Detection/Dataset/S6M01/Real/3.wav,0,MEN,MEN-S6M01,TG:e7e6ed6b7a4edc68,-4.0976562,1,0.3175,0.01634013
mendeley/extracted/Bangla Audio Dataset Original and DeepFake Voices for AI-Based Voice Analysis and Detection/Dataset/S6M01/Real/30.wav,0,MEN,MEN-S6M01,TG:0279e708e7bea563,6.9335938,1,0.4841666666666666,0.9990264
mendeley/extracted/Bangla Audio Dataset Original and DeepFake Voices for AI-Based Voice Analysis and Detection/Dataset/S6M01/Real/4.wav,0,MEN,MEN-S6M01,TG:bdf706ddf2da8f1f,-4.2226562,1,0.2674999999999999,0.014447852
mendeley/extracted/Bangla Audio Dataset Original and DeepFake Voices for AI-Based Voice Analysis and Detection/Dataset/S6M01/Real/5.wav,0,MEN,MEN-S6M01,TG:45be873ef4d69213,6.8320312,1,0.3175,0.9989225
mendeley/extracted/Bangla Audio Dataset Original and DeepFake Voices for AI-Based Voice Analysis and Detection/Dataset/S6M01/Real/6.wav,0,MEN,MEN-S6M01,TG:a9fde75db394091a,1.6308594,1,0.3675,0.8362874
mendeley/extracted/Bangla Audio Dataset Original and DeepFake Voices for AI-Based Voice Analysis and Detection/Dataset/S6M01/Real/7.wav,0,MEN,MEN-S6M01,TG:5be625d46c6a6e73,6.2617188,1,0.2341666666666666,0.9980957
mendeley/extracted/Bangla Audio Dataset Original and DeepFake Voices for AI-Based Voice Analysis and Detection/Dataset/S6M01/Real/8.wav,0,MEN,MEN-S6M01,TG:78ae5535499f2f6b,5.4609375,1,0.1841666666666667,0.9957684
mendeley/extracted/Bangla Audio Dataset Original and DeepFake Voices for AI-Based Voice Analysis and Detection/Dataset/S6M01/Real/9.wav,0,MEN,MEN-S6M01,TG:ea1c20689c6cd1cb,6.8867188,1,0.2841666666666667,0.99897975
mendeley/extracted/Bangla Audio Dataset Original and DeepFake Voices for AI-Based Voice Analysis and Detection/Dataset/S6M02/Fake/1.wav,1,MEN,MEN-S6M02,TG:68335bcc60eb3cac,-18.28125,1,0.5441666666666667,1.1496192e-08
mendeley/extracted/Bangla Audio Dataset Original and DeepFake Voices for AI-Based Voice Analysis and Detection/Dataset/S6M02/Fake/10.wav,1,MEN,MEN-S6M02,TG:e15f93590e7860a4,-4.8046875,1,0.1658333333333334,0.008124708
mendeley/extracted/Bangla Audio Dataset Original and DeepFake Voices for AI-Based Voice Analysis and Detection/Dataset/S6M02/Fake/11.wav,1,MEN,MEN-S6M02,TG:d013e21519294471,0.05456543,1,0.3675,0.51363796
mendeley/extracted/Bangla Audio Dataset Original and DeepFake Voices for AI-Based Voice Analysis and Detection/Dataset/S6M02/Fake/12.wav,1,MEN,MEN-S6M02,TG:36bbea584b595983,-6.65625,1,0.4441666666666667,0.0012843081
mendeley/extracted/Bangla Audio Dataset Original and DeepFake Voices for AI-Based Voice Analysis and Detection/Dataset/S6M02/Fake/13.wav,1,MEN,MEN-S6M02,TG:448ba8616f75dbd9,-17.03125,1,0.3924999999999999,4.0125656e-08
mendeley/extracted/Bangla Audio Dataset Original and DeepFake Voices for AI-Based Voice Analysis and Detection/Dataset/S6M02/Fake/14.wav,1,MEN,MEN-S6M02,TG:fccde5258a724e5b,-15.78125,1,0.2341666666666666,1.4005226e-07
mendeley/extracted/Bangla Audio Dataset Original and DeepFake Voices for AI-Based Voice Analysis and Detection/Dataset/S6M02/Fake/15.wav,1,MEN,MEN-S6M02,TG:153cebedfe6b30fd,1.0634766,1,0.2941666666666667,0.7433543
mendeley/extracted/Bangla Audio Dataset Original and DeepFake Voices for AI-Based Voice Analysis and Detection/Dataset/S6M02/Fake/16.wav,1,MEN,MEN-S6M02,TG:5c7003922e4c7b58,10.578125,1,0.3325,0.9999745
mendeley/extracted/Bangla Audio Dataset Original and DeepFake Voices for AI-Based Voice Analysis and Detection/Dataset/S6M02/Fake/17.wav,1,MEN,MEN-S6M02,TG:80ca3c12226c16f7,-16.453125,1,0.4691666666666666,7.15317e-08
mendeley/extracted/Bangla Audio Dataset Original and DeepFake Voices for AI-Based Voice Analysis and Detection/Dataset/S6M02/Fake/18.wav,1,MEN,MEN-S6M02,TG:8a448ea3072baf86,-11.6875,1,0.4041666666666667,8.398072e-06
mendeley/extracted/Bangla Audio Dataset Original and DeepFake Voices for AI-Based Voice Analysis and Detection/Dataset/S6M02/Fake/19.wav,1,MEN,MEN-S6M02,TG:17da6e6a5329ede6,-17.515625,1,0.4941666666666666,2.4720698e-08
mendeley/extracted/Bangla Audio Dataset Original and DeepFake Voices for AI-Based Voice Analysis and Detection/Dataset/S6M02/Fake/2.wav,1,MEN,MEN-S6M02,TG:992df96e94bc9811,-2.7304688,1,0.3641666666666666,0.061199225
mendeley/extracted/Bangla Audio Dataset Original and DeepFake Voices for AI-Based Voice Analysis and Detection/Dataset/S6M02/Fake/20.wav,1,MEN,MEN-S6M02,TG:b9777a1fd57cb1c6,-5.5195312,1,0.3308333333333333,0.0039917286
mendeley/extracted/Bangla Audio Dataset Original and DeepFake Voices for AI-Based Voice Analysis and Detection/Dataset/S6M02/Fake/21.wav,1,MEN,MEN-S6M02,TG:258e34608251b4c7,7.7890625,1,0.3275,0.9995859
mendeley/extracted/Bangla Audio Dataset Original and DeepFake Voices for AI-Based Voice Analysis and Detection/Dataset/S6M02/Fake/22.wav,1,MEN,MEN-S6M02,TG:29664288ed9e8509,3.7304688,1,0.3508333333333333,0.9765801
mendeley/extracted/Bangla Audio Dataset Original and DeepFake Voices for AI-Based Voice Analysis and Detection/Dataset/S6M02/Fake/23.wav,1,MEN,MEN-S6M02,TG:fcbf9ed932b2fbe3,9.7734375,1,0.4875,0.999943
mendeley/extracted/Bangla Audio Dataset Original and DeepFake Voices for AI-Based Voice Analysis and Detection/Dataset/S6M02/Fake/24.wav,1,MEN,MEN-S6M02,TG:836191849433d6d5,-21.03125,1,0.4041666666666667,7.34927e-10
mendeley/extracted/Bangla Audio Dataset Original and DeepFake Voices for AI-Based Voice Analysis and Detection/Dataset/S6M02/Fake/25.wav,1,MEN,MEN-S6M02,TG:ea4035e74b42874c,-12.4609375,1,0.3275,3.8750914e-06
mendeley/extracted/Bangla Audio Dataset Original and DeepFake Voices for AI-Based Voice Analysis and Detection/Dataset/S6M02/Fake/26.wav,1,MEN,MEN-S6M02,TG:0417b85de8b01bab,-5.5195312,1,0.4308333333333333,0.0039917286
mendeley/extracted/Bangla Audio Dataset Original and DeepFake Voices for AI-Based Voice Analysis and Detection/Dataset/S6M02/Fake/27.wav,1,MEN,MEN-S6M02,TG:3bf9109f0212e1a8,-18.109375,1,0.3991666666666666,1.3652065e-08
mendeley/extracted/Bangla Audio Dataset Original and DeepFake Voices for AI-Based Voice Analysis and Detection/Dataset/S6M02/Fake/28.wav,1,MEN,MEN-S6M02,TG:f961d28234037075,-22.28125,1,0.3675,2.1056008e-10
mendeley/extracted/Bangla Audio Dataset Original and DeepFake Voices for AI-Based Voice Analysis and Detection/Dataset/S6M02/Fake/29.wav,1,MEN,MEN-S6M02,TG:b9495a9ec9da5af9,-7.6679688,1,0.5208333333333333,0.00046734812
mendeley/extracted/Bangla Audio Dataset Original and DeepFake Voices for AI-Based Voice Analysis and Detection/Dataset/S6M02/Fake/3.wav,1,MEN,MEN-S6M02,TG:e7e6ed6b7a4edc68,-7.0429688,1,0.1541666666666666,0.00087276695
mendeley/extracted/Bangla Audio Dataset Original and DeepFake Voices for AI-Based Voice Analysis and Detection/Dataset/S6M02/Fake/30.wav,1,MEN,MEN-S6M02,TG:0279e708e7bea563,-16.328125,1,0.5341666666666667,8.1056044e-08
mendeley/extracted/Bangla Audio Dataset Original and DeepFake Voices for AI-Based Voice Analysis and Detection/Dataset/S6M02/Fake/4.wav,1,MEN,MEN-S6M02,TG:bdf706ddf2da8f1f,6.6992188,1,0.3774999999999999,0.9987696
mendeley/extracted/Bangla Audio Dataset Original and DeepFake Voices for AI-Based Voice Analysis and Detection/Dataset/S6M02/Fake/5.wav,1,MEN,MEN-S6M02,TG:45be873ef4d69213,1.0107422,1,0.3525,0.7331654
mendeley/extracted/Bangla Audio Dataset Original and DeepFake Voices for AI-Based Voice Analysis and Detection/Dataset/S6M02/Fake/6.wav,1,MEN,MEN-S6M02,TG:a9fde75db394091a,-7.7890625,1,0.4408333333333333,0.0004140695
mendeley/extracted/Bangla Audio Dataset Original and DeepFake Voices for AI-Based Voice Analysis and Detection/Dataset/S6M02/Fake/7.wav,1,MEN,MEN-S6M02,TG:5be625d46c6a6e73,-6.7890625,1,0.0725,0.0011247575
mendeley/extracted/Bangla Audio Dataset Original and DeepFake Voices for AI-Based Voice Analysis and Detection/Dataset/S6M02/Fake/8.wav,1,MEN,MEN-S6M02,TG:78ae5535499f2f6b,-12.953125,1,0.2008333333333333,2.3687994e-06
mendeley/extracted/Bangla Audio Dataset Original and DeepFake Voices for AI-Based Voice Analysis and Detection/Dataset/S6M02/Fake/9.wav,1,MEN,MEN-S6M02,TG:ea1c20689c6cd1cb,-2.7597656,1,0.1474999999999999,0.059537493
mendeley/extracted/Bangla Audio Dataset Original and DeepFake Voices for AI-Based Voice Analysis and Detection/Dataset/S6M02/Real/1.wav,0,MEN,MEN-S6M02,TG:68335bcc60eb3cac,-29.578125,1,0.5008333333333334,1.426867e-13
mendeley/extracted/Bangla Audio Dataset Original and DeepFake Voices for AI-Based Voice Analysis and Detection/Dataset/S6M02/Real/10.wav,0,MEN,MEN-S6M02,TG:e15f93590e7860a4,-25.875,1,0.3841666666666666,5.7893564e-12
mendeley/extracted/Bangla Audio Dataset Original and DeepFake Voices for AI-Based Voice Analysis and Detection/Dataset/S6M02/Real/11.wav,0,MEN,MEN-S6M02,TG:d013e21519294471,-44.9375,1,0.4341666666666667,3.047135e-20
mendeley/extracted/Bangla Audio Dataset Original and DeepFake Voices for AI-Based Voice Analysis and Detection/Dataset/S6M02/Real/12.wav,0,MEN,MEN-S6M02,TG:36bbea584b595983,-30.015625,1,0.5341666666666667,9.2125465e-14
mendeley/extracted/Bangla Audio Dataset Original and DeepFake Voices for AI-Based Voice Analysis and Detection/Dataset/S6M02/Real/13.wav,0,MEN,MEN-S6M02,TG:448ba8616f75dbd9,-34.65625,1,0.4008333333333334,8.891639e-16
mendeley/extracted/Bangla Audio Dataset Original and DeepFake Voices for AI-Based Voice Analysis and Detection/Dataset/S6M02/Real/14.wav,0,MEN,MEN-S6M02,TG:fccde5258a724e5b,-27.9375,1,0.3675,7.36034e-13
mendeley/extracted/Bangla Audio Dataset Original and DeepFake Voices for AI-Based Voice Analysis and Detection/Dataset/S6M02/Real/15.wav,0,MEN,MEN-S6M02,TG:153cebedfe6b30fd,-42.125,1,0.3675,5.0739357e-19
mendeley/extracted/Bangla Audio Dataset Original and DeepFake Voices for AI-Based Voice Analysis and Detection/Dataset/S6M02/Real/16.wav,0,MEN,MEN-S6M02,TG:5c7003922e4c7b58,-37.84375,1,0.4841666666666666,3.670018e-17
mendeley/extracted/Bangla Audio Dataset Original and DeepFake Voices for AI-Based Voice Analysis and Detection/Dataset/S6M02/Real/17.wav,0,MEN,MEN-S6M02,TG:80ca3c12226c16f7,-42.28125,1,0.4341666666666667,4.339967e-19
mendeley/extracted/Bangla Audio Dataset Original and DeepFake Voices for AI-Based Voice Analysis and Detection/Dataset/S6M02/Real/18.wav,0,MEN,MEN-S6M02,TG:8a448ea3072baf86,-32.5,1,0.4841666666666666,7.681205e-15
mendeley/extracted/Bangla Audio Dataset Original and DeepFake Voices for AI-Based Voice Analysis and Detection/Dataset/S6M02/Real/19.wav,0,MEN,MEN-S6M02,TG:17da6e6a5329ede6,-25.609375,1,0.5008333333333334,7.550745e-12
mendeley/extracted/Bangla Audio Dataset Original and DeepFake Voices for AI-Based Voice Analysis and Detection/Dataset/S6M02/Real/2.wav,0,MEN,MEN-S6M02,TG:992df96e94bc9811,-30.390625,1,0.4341666666666667,6.331685e-14
mendeley/extracted/Bangla Audio Dataset Original and DeepFake Voices for AI-Based Voice Analysis and Detection/Dataset/S6M02/Real/20.wav,0,MEN,MEN-S6M02,TG:b9777a1fd57cb1c6,-35.875,1,0.4508333333333333,2.6283636e-16
mendeley/extracted/Bangla Audio Dataset Original and DeepFake Voices for AI-Based Voice Analysis and Detection/Dataset/S6M02/Real/21.wav,0,MEN,MEN-S6M02,TG:258e34608251b4c7,-43.4375,1,0.5341666666666667,1.3656312e-19
mendeley/extracted/Bangla Audio Dataset Original and DeepFake Voices for AI-Based Voice Analysis and Detection/Dataset/S6M02/Real/22.wav,0,MEN,MEN-S6M02,TG:29664288ed9e8509,-37.21875,1,0.6025,6.856496e-17
mendeley/extracted/Bangla Audio Dataset Original and DeepFake Voices for AI-Based Voice Analysis and Detection/Dataset/S6M02/Real/23.wav,0,MEN,MEN-S6M02,TG:fcbf9ed932b2fbe3,-41.28125,1,0.4508333333333333,1.1797255e-18
mendeley/extracted/Bangla Audio Dataset Original and DeepFake Voices for AI-Based Voice Analysis and Detection/Dataset/S6M02/Real/24.wav,0,MEN,MEN-S6M02,TG:836191849433d6d5,-22.109375,1,0.4341666666666667,2.500463e-10
mendeley/extracted/Bangla Audio Dataset Original and DeepFake Voices for AI-Based Voice Analysis and Detection/Dataset/S6M02/Real/25.wav,0,MEN,MEN-S6M02,TG:ea4035e74b42874c,-36.46875,1,0.4175,1.4515204e-16
mendeley/extracted/Bangla Audio Dataset Original and DeepFake Voices for AI-Based Voice Analysis and Detection/Dataset/S6M02/Real/26.wav,0,MEN,MEN-S6M02,TG:0417b85de8b01bab,-31.25,1,0.4508333333333333,2.6810038e-14
mendeley/extracted/Bangla Audio Dataset Original and DeepFake Voices for AI-Based Voice Analysis and Detection/Dataset/S6M02/Real/27.wav,0,MEN,MEN-S6M02,TG:3bf9109f0212e1a8,-44.3125,1,0.4341666666666667,5.692798e-20
mendeley/extracted/Bangla Audio Dataset Original and DeepFake Voices for AI-Based Voice Analysis and Detection/Dataset/S6M02/Real/28.wav,0,MEN,MEN-S6M02,TG:f961d28234037075,-32.75,1,0.3508333333333333,5.9821283e-15
mendeley/extracted/Bangla Audio Dataset Original and DeepFake Voices for AI-Based Voice Analysis and Detection/Dataset/S6M02/Real/29.wav,0,MEN,MEN-S6M02,TG:b9495a9ec9da5af9,-22.234375,1,0.4908333333333333,2.2066508e-10
mendeley/extracted/Bangla Audio Dataset Original and DeepFake Voices for AI-Based Voice Analysis and Detection/Dataset/S6M02/Real/3.wav,0,MEN,MEN-S6M02,TG:e7e6ed6b7a4edc68,-46.53125,1,0.3924999999999999,6.1906302e-21
mendeley/extracted/Bangla Audio Dataset Original and DeepFake Voices for AI-Based Voice Analysis and Detection/Dataset/S6M02/Real/30.wav,0,MEN,MEN-S6M02,TG:0279e708e7bea563,-45.0625,1,0.5508333333333333,2.6890873e-20
mendeley/extracted/Bangla Audio Dataset Original and DeepFake Voices for AI-Based Voice Analysis and Detection/Dataset/S6M02/Real/4.wav,0,MEN,MEN-S6M02,TG:bdf706ddf2da8f1f,-4.2890625,1,0.3508333333333333,0.013532149
mendeley/extracted/Bangla Audio Dataset Original and DeepFake Voices for AI-Based Voice Analysis and Detection/Dataset/S6M02/Real/5.wav,0,MEN,MEN-S6M02,TG:45be873ef4d69213,-40.8125,1,0.4508333333333333,1.8851957e-18
mendeley/extracted/Bangla Audio Dataset Original and DeepFake Voices for AI-Based Voice Analysis and Detection/Dataset/S6M02/Real/6.wav,0,MEN,MEN-S6M02,TG:a9fde75db394091a,-21.5,1,0.5825,4.5990553e-10
mendeley/extracted/Bangla Audio Dataset Original and DeepFake Voices for AI-Based Voice Analysis and Detection/Dataset/S6M02/Real/7.wav,0,MEN,MEN-S6M02,TG:5be625d46c6a6e73,-36.78125,1,0.5341666666666667,1.06195505e-16
mendeley/extracted/Bangla Audio Dataset Original and DeepFake Voices for AI-Based Voice Analysis and Detection/Dataset/S6M02/Real/8.wav,0,MEN,MEN-S6M02,TG:78ae5535499f2f6b,-31.890625,1,0.5041666666666667,1.4127897e-14
mendeley/extracted/Bangla Audio Dataset Original and DeepFake Voices for AI-Based Voice Analysis and Detection/Dataset/S6M02/Real/9.wav,0,MEN,MEN-S6M02,TG:ea1c20689c6cd1cb,-47.84375,1,0.4508333333333333,1.6661855e-21
mendeley/extracted/Bangla Audio Dataset Original and DeepFake Voices for AI-Based Voice Analysis and Detection/Dataset/S6M05/Fake/1.wav,1,MEN,MEN-S6M05,TG:68335bcc60eb3cac,-6.6523438,1,0.5291666666666667,0.0012893284
mendeley/extracted/Bangla Audio Dataset Original and DeepFake Voices for AI-Based Voice Analysis and Detection/Dataset/S6M05/Fake/10.wav,1,MEN,MEN-S6M05,TG:e15f93590e7860a4,-4.078125,1,0.2225,0.01665704
mendeley/extracted/Bangla Audio Dataset Original and DeepFake Voices for AI-Based Voice Analysis and Detection/Dataset/S6M05/Fake/11.wav,1,MEN,MEN-S6M05,TG:d013e21519294471,11.21875,1,0.3625,0.9999865
mendeley/extracted/Bangla Audio Dataset Original and DeepFake Voices for AI-Based Voice Analysis and Detection/Dataset/S6M05/Fake/12.wav,1,MEN,MEN-S6M05,TG:36bbea584b595983,-9.390625,1,0.4741666666666666,8.3496285e-05
mendeley/extracted/Bangla Audio Dataset Original and DeepFake Voices for AI-Based Voice Analysis and Detection/Dataset/S6M05/Fake/13.wav,1,MEN,MEN-S6M05,TG:448ba8616f75dbd9,-5.96875,1,0.4225,0.0025509123
mendeley/extracted/Bangla Audio Dataset Original and DeepFake Voices for AI-Based Voice Analysis and Detection/Dataset/S6M05/Fake/14.wav,1,MEN,MEN-S6M05,TG:fccde5258a724e5b,-3.8691406,1,0.2674999999999999,0.020449394
mendeley/extracted/Bangla Audio Dataset Original and DeepFake Voices for AI-Based Voice Analysis and Detection/Dataset/S6M05/Fake/15.wav,1,MEN,MEN-S6M05,TG:153cebedfe6b30fd,-17.71875,1,0.2508333333333333,2.0176445e-08
mendeley/extracted/Bangla Audio Dataset Original and DeepFake Voices for AI-Based Voice Analysis and Detection/Dataset/S6M05/Fake/16.wav,1,MEN,MEN-S6M05,TG:5c7003922e4c7b58,-7.8632812,1,0.3475,0.0003844619
mendeley/extracted/Bangla Audio Dataset Original and DeepFake Voices for AI-Based Voice Analysis and Detection/Dataset/S6M05/Fake/17.wav,1,MEN,MEN-S6M05,TG:80ca3c12226c16f7,-4.1132812,1,0.4108333333333334,0.016090874
mendeley/extracted/Bangla Audio Dataset Original and DeepFake Voices for AI-Based Voice Analysis and Detection/Dataset/S6M05/Fake/18.wav,1,MEN,MEN-S6M05,TG:8a448ea3072baf86,-12.9296875,1,0.3774999999999999,2.4249737e-06
mendeley/extracted/Bangla Audio Dataset Original and DeepFake Voices for AI-Based Voice Analysis and Detection/Dataset/S6M05/Fake/19.wav,1,MEN,MEN-S6M05,TG:17da6e6a5329ede6,0.85058594,1,0.5175000000000001,0.70069003
mendeley/extracted/Bangla Audio Dataset Original and DeepFake Voices for AI-Based Voice Analysis and Detection/Dataset/S6M05/Fake/2.wav,1,MEN,MEN-S6M05,TG:992df96e94bc9811,-7.1523438,1,0.3675,0.00078241405
mendeley/extracted/Bangla Audio Dataset Original and DeepFake Voices for AI-Based Voice Analysis and Detection/Dataset/S6M05/Fake/20.wav,1,MEN,MEN-S6M05,TG:b9777a1fd57cb1c6,4.0234375,1,0.3558333333333333,0.98242307
mendeley/extracted/Bangla Audio Dataset Original and DeepFake Voices for AI-Based Voice Analysis and Detection/Dataset/S6M05/Fake/21.wav,1,MEN,MEN-S6M05,TG:258e34608251b4c7,5.3828125,1,0.3858333333333333,0.9954261
mendeley/extracted/Bangla Audio Dataset Original and DeepFake Voices for AI-Based Voice Analysis and Detection/Dataset/S6M05/Fake/22.wav,1,MEN,MEN-S6M05,TG:29664288ed9e8509,-18.25,1,0.3441666666666666,1.186112e-08
mendeley/extracted/Bangla Audio Dataset Original and DeepFake Voices for AI-Based Voice Analysis and Detection/Dataset/S6M05/Fake/23.wav,1,MEN,MEN-S6M05,TG:fcbf9ed932b2fbe3,3.8691406,1,0.4925,0.9795506
mendeley/extracted/Bangla Audio Dataset Original and DeepFake Voices for AI-Based Voice Analysis and Detection/Dataset/S6M05/Fake/24.wav,1,MEN,MEN-S6M05,TG:836191849433d6d5,-16.4375,1,0.4441666666666667,7.265816e-08
mendeley/extracted/Bangla Audio Dataset Original and DeepFake Voices for AI-Based Voice Analysis and Detection/Dataset/S6M05/Fake/25.wav,1,MEN,MEN-S6M05,TG:ea4035e74b42874c,-5.5625,1,0.3075,0.0038244836
mendeley/extracted/Bangla Audio Dataset Original and DeepFake Voices for AI-Based Voice Analysis and Detection/Dataset/S6M05/Fake/26.wav,1,MEN,MEN-S6M05,TG:0417b85de8b01bab,-0.18640137,1,0.4408333333333333,0.45353413
mendeley/extracted/Bangla Audio Dataset Original and DeepFake Voices for AI-Based Voice Analysis and Detection/Dataset/S6M05/Fake/27.wav,1,MEN,MEN-S6M05,TG:3bf9109f0212e1a8,-7.5351562,1,0.4008333333333334,0.00053369283
mendeley/extracted/Bangla Audio Dataset Original and DeepFake Voices for AI-Based Voice Analysis and Detection/Dataset/S6M05/Fake/28.wav,1,MEN,MEN-S6M05,TG:f961d28234037075,-15.9453125,1,0.3391666666666666,1.18860825e-07
mendeley/extracted/Bangla Audio Dataset Original and DeepFake Voices for AI-Based Voice Analysis and Detection/Dataset/S6M05/Fake/29.wav,1,MEN,MEN-S6M05,TG:b9495a9ec9da5af9,-10.9140625,1,0.3874999999999999,1.8200151e-05
mendeley/extracted/Bangla Audio Dataset Original and DeepFake Voices for AI-Based Voice Analysis and Detection/Dataset/S6M05/Fake/3.wav,1,MEN,MEN-S6M05,TG:e7e6ed6b7a4edc68,-15.1328125,1,0.1308333333333333,2.6785693e-07
mendeley/extracted/Bangla Audio Dataset Original and DeepFake Voices for AI-Based Voice Analysis and Detection/Dataset/S6M05/Fake/30.wav,1,MEN,MEN-S6M05,TG:0279e708e7bea563,-11.2421875,1,0.5208333333333333,1.3109143e-05
mendeley/extracted/Bangla Audio Dataset Original and DeepFake Voices for AI-Based Voice Analysis and Detection/Dataset/S6M05/Fake/4.wav,1,MEN,MEN-S6M05,TG:bdf706ddf2da8f1f,-18.96875,1,0.3325,5.7806484e-09
mendeley/extracted/Bangla Audio Dataset Original and DeepFake Voices for AI-Based Voice Analysis and Detection/Dataset/S6M05/Fake/5.wav,1,MEN,MEN-S6M05,TG:45be873ef4d69213,7.6601562,1,0.3625,0.999529
mendeley/extracted/Bangla Audio Dataset Original and DeepFake Voices for AI-Based Voice Analysis and Detection/Dataset/S6M05/Fake/6.wav,1,MEN,MEN-S6M05,TG:a9fde75db394091a,-9.0859375,1,0.4408333333333333,0.000113234375
mendeley/extracted/Bangla Audio Dataset Original and DeepFake Voices for AI-Based Voice Analysis and Detection/Dataset/S6M05/Fake/7.wav,1,MEN,MEN-S6M05,TG:5be625d46c6a6e73,-3.6308594,1,0.2041666666666667,0.025809623
mendeley/extracted/Bangla Audio Dataset Original and DeepFake Voices for AI-Based Voice Analysis and Detection/Dataset/S6M05/Fake/8.wav,1,MEN,MEN-S6M05,TG:78ae5535499f2f6b,1.1787109,1,0.2458333333333333,0.7647159
mendeley/extracted/Bangla Audio Dataset Original and DeepFake Voices for AI-Based Voice Analysis and Detection/Dataset/S6M05/Fake/9.wav,1,MEN,MEN-S6M05,TG:ea1c20689c6cd1cb,-5.0898438,1,0.0875,0.0061212815
mendeley/extracted/Bangla Audio Dataset Original and DeepFake Voices for AI-Based Voice Analysis and Detection/Dataset/S6M05/Real/1.wav,0,MEN,MEN-S6M05,TG:68335bcc60eb3cac,-27.53125,1,0.6008333333333333,1.104918e-12
mendeley/extracted/Bangla Audio Dataset Original and DeepFake Voices for AI-Based Voice Analysis and Detection/Dataset/S6M05/Real/10.wav,0,MEN,MEN-S6M05,TG:e15f93590e7860a4,-10.8046875,1,0.4508333333333333,2.0303693e-05
mendeley/extracted/Bangla Audio Dataset Original and DeepFake Voices for AI-Based Voice Analysis and Detection/Dataset/S6M05/Real/11.wav,0,MEN,MEN-S6M05,TG:d013e21519294471,-11.515625,1,0.5675,9.972942e-06
mendeley/extracted/Bangla Audio Dataset Original and DeepFake Voices for AI-Based Voice Analysis and Detection/Dataset/S6M05/Real/12.wav,0,MEN,MEN-S6M05,TG:36bbea584b595983,-13.9453125,1,0.5008333333333334,8.782687e-07
mendeley/extracted/Bangla Audio Dataset Original and DeepFake Voices for AI-Based Voice Analysis and Detection/Dataset/S6M05/Real/13.wav,0,MEN,MEN-S6M05,TG:448ba8616f75dbd9,-14.59375,1,0.4508333333333333,4.592135e-07
mendeley/extracted/Bangla Audio Dataset Original and DeepFake Voices for AI-Based Voice Analysis and Detection/Dataset/S6M05/Real/14.wav,0,MEN,MEN-S6M05,TG:fccde5258a724e5b,-19.203125,1,0.4675,4.572869e-09
mendeley/extracted/Bangla Audio Dataset Original and DeepFake Voices for AI-Based Voice Analysis and Detection/Dataset/S6M05/Real/15.wav,0,MEN,MEN-S6M05,TG:153cebedfe6b30fd,-8.4375,1,0.3508333333333333,0.00021654405
mendeley/extracted/Bangla Audio Dataset Original and DeepFake Voices for AI-Based Voice Analysis and Detection/Dataset/S6M05/Real/16.wav,0,MEN,MEN-S6M05,TG:5c7003922e4c7b58,-14.859375,1,0.4675,3.520913e-07
mendeley/extracted/Bangla Audio Dataset Original and DeepFake Voices for AI-Based Voice Analysis and Detection/Dataset/S6M05/Real/17.wav,0,MEN,MEN-S6M05,TG:80ca3c12226c16f7,-15.640625,1,0.3841666666666666,1.6119918e-07
mendeley/extracted/Bangla Audio Dataset Original and DeepFake Voices for AI-Based Voice Analysis and Detection/Dataset/S6M05/Real/18.wav,0,MEN,MEN-S6M05,TG:8a448ea3072baf86,-17.0,1,0.4675,4.1399378e-08
mendeley/extracted/Bangla Audio Dataset Original and DeepFake Voices for AI-Based Voice Analysis and Detection/Dataset/S6M05/Real/19.wav,0,MEN,MEN-S6M05,TG:17da6e6a5329ede6,-18.84375,1,0.4175,6.5503323e-09
mendeley/extracted/Bangla Audio Dataset Original and DeepFake Voices for AI-Based Voice Analysis and Detection/Dataset/S6M05/Real/2.wav,0,MEN,MEN-S6M05,TG:992df96e94bc9811,-16.625,1,0.5175000000000001,6.0235735e-08
mendeley/extracted/Bangla Audio Dataset Original and DeepFake Voices for AI-Based Voice Analysis and Detection/Dataset/S6M05/Real/20.wav,0,MEN,MEN-S6M05,TG:b9777a1fd57cb1c6,-11.6484375,1,0.3675,8.73261e-06
mendeley/extracted/Bangla Audio Dataset Original and DeepFake Voices for AI-Based Voice Analysis and Detection/Dataset/S6M05/Real/21.wav,0,MEN,MEN-S6M05,TG:258e34608251b4c7,-12.3203125,1,0.3841666666666666,4.4602e-06
mendeley/extracted/Bangla Audio Dataset Original and DeepFake Voices for AI-Based Voice Analysis and Detection/Dataset/S6M05/Real/22.wav,0,MEN,MEN-S6M05,TG:29664288ed9e8509,-9.7421875,1,0.3841666666666666,5.874842e-05
mendeley/extracted/Bangla Audio Dataset Original and DeepFake Voices for AI-Based Voice Analysis and Detection/Dataset/S6M05/Real/23.wav,0,MEN,MEN-S6M05,TG:fcbf9ed932b2fbe3,-7.1953125,1,0.4675,0.00074953143
mendeley/extracted/Bangla Audio Dataset Original and DeepFake Voices for AI-Based Voice Analysis and Detection/Dataset/S6M05/Real/24.wav,0,MEN,MEN-S6M05,TG:836191849433d6d5,-23.578125,1,0.3341666666666666,5.756393e-11
mendeley/extracted/Bangla Audio Dataset Original and DeepFake Voices for AI-Based Voice Analysis and Detection/Dataset/S6M05/Real/25.wav,0,MEN,MEN-S6M05,TG:ea4035e74b42874c,-22.15625,1,0.3341666666666666,2.3859587e-10
mendeley/extracted/Bangla Audio Dataset Original and DeepFake Voices for AI-Based Voice Analysis and Detection/Dataset/S6M05/Real/26.wav,0,MEN,MEN-S6M05,TG:0417b85de8b01bab,-14.7265625,1,0.3675,4.0210085e-07
mendeley/extracted/Bangla Audio Dataset Original and DeepFake Voices for AI-Based Voice Analysis and Detection/Dataset/S6M05/Real/27.wav,0,MEN,MEN-S6M05,TG:3bf9109f0212e1a8,-12.453125,1,0.4341666666666667,3.9054835e-06
mendeley/extracted/Bangla Audio Dataset Original and DeepFake Voices for AI-Based Voice Analysis and Detection/Dataset/S6M05/Real/28.wav,0,MEN,MEN-S6M05,TG:f961d28234037075,-22.75,1,0.3508333333333333,1.3176514e-10
mendeley/extracted/Bangla Audio Dataset Original and DeepFake Voices for AI-Based Voice Analysis and Detection/Dataset/S6M05/Real/29.wav,0,MEN,MEN-S6M05,TG:b9495a9ec9da5af9,-12.5625,1,0.5008333333333334,3.5008547e-06
mendeley/extracted/Bangla Audio Dataset Original and DeepFake Voices for AI-Based Voice Analysis and Detection/Dataset/S6M05/Real/3.wav,0,MEN,MEN-S6M05,TG:e7e6ed6b7a4edc68,-14.1875,1,0.4175,6.8936106e-07
mendeley/extracted/Bangla Audio Dataset Original and DeepFake Voices for AI-Based Voice Analysis and Detection/Dataset/S6M05/Real/30.wav,0,MEN,MEN-S6M05,TG:0279e708e7bea563,-26.359375,1,0.5675,3.5667194e-12
mendeley/extracted/Bangla Audio Dataset Original and DeepFake Voices for AI-Based Voice Analysis and Detection/Dataset/S6M05/Real/4.wav,0,MEN,MEN-S6M05,TG:bdf706ddf2da8f1f,-18.90625,1,0.5508333333333333,6.153468e-09
mendeley/extracted/Bangla Audio Dataset Original and DeepFake Voices for AI-Based Voice Analysis and Detection/Dataset/S6M05/Real/5.wav,0,MEN,MEN-S6M05,TG:45be873ef4d69213,-21.96875,1,0.5341666666666667,2.8780153e-10
mendeley/extracted/Bangla Audio Dataset Original and DeepFake Voices for AI-Based Voice Analysis and Detection/Dataset/S6M05/Real/6.wav,0,MEN,MEN-S6M05,TG:a9fde75db394091a,-15.5625,1,0.4675,1.7429785e-07
mendeley/extracted/Bangla Audio Dataset Original and DeepFake Voices for AI-Based Voice Analysis and Detection/Dataset/S6M05/Real/7.wav,0,MEN,MEN-S6M05,TG:5be625d46c6a6e73,-7.5742188,1,0.4008333333333334,0.0005132579
mendeley/extracted/Bangla Audio Dataset Original and DeepFake Voices for AI-Based Voice Analysis and Detection/Dataset/S6M05/Real/8.wav,0,MEN,MEN-S6M05,TG:78ae5535499f2f6b,-21.328125,1,0.4175,5.461513e-10
mendeley/extracted/Bangla Audio Dataset Original and DeepFake Voices for AI-Based Voice Analysis and Detection/Dataset/S6M05/Real/9.wav,0,MEN,MEN-S6M05,TG:ea1c20689c6cd1cb,-16.1875,1,0.4841666666666666,9.329492e-08
mendeley/extracted/Bangla Audio Dataset Original and DeepFake Voices for AI-Based Voice Analysis and Detection/Dataset/S7F04/Fake/1.wav,1,MEN,MEN-S7F04,TG:e7a787eae2aadd63,-8.4765625,1,0.4975,0.0002082501
mendeley/extracted/Bangla Audio Dataset Original and DeepFake Voices for AI-Based Voice Analysis and Detection/Dataset/S7F04/Fake/10.wav,1,MEN,MEN-S7F04,TG:b6cccc89a145b946,-13.8828125,1,0.4008333333333334,9.34912e-07
mendeley/extracted/Bangla Audio Dataset Original and DeepFake Voices for AI-Based Voice Analysis and Detection/Dataset/S7F04/Fake/11.wav,1,MEN,MEN-S7F04,TG:e3a0955d69b2e8ce,-17.546875,1,0.6125,2.3960121e-08
mendeley/extracted/Bangla Audio Dataset Original and DeepFake Voices for AI-Based Voice Analysis and Detection/Dataset/S7F04/Fake/12.wav,1,MEN,MEN-S7F04,TG:fbaa8ee664289e26,-15.7890625,1,0.4458333333333333,1.3896238e-07
mendeley/extracted/Bangla Audio Dataset Original and DeepFake Voices for AI-Based Voice Analysis and Detection/Dataset/S7F04/Fake/13.wav,1,MEN,MEN-S7F04,TG:b315345b73c7782e,-2.0761719,1,0.5291666666666667,0.11143446
mendeley/extracted/Bangla Audio Dataset Original and DeepFake Voices for AI-Based Voice Analysis and Detection/Dataset/S7F04/Fake/14.wav,1,MEN,MEN-S7F04,TG:571ef3400a5435e2,-20.296875,1,0.4608333333333333,1.5317193e-09
mendeley/extracted/Bangla Audio Dataset Original and DeepFake Voices for AI-Based Voice Analysis and Detection/Dataset/S7F04/Fake/15.wav,1,MEN,MEN-S7F04,TG:68cc478016d585cf,-30.21875,1,0.4608333333333333,7.519061e-14
mendeley/extracted/Bangla Audio Dataset Original and DeepFake Voices for AI-Based Voice Analysis and Detection/Dataset/S7F04/Fake/16.wav,1,MEN,MEN-S7F04,TG:8a409d6261087b5b,-18.203125,1,0.5241666666666667,1.24303465e-08
mendeley/extracted/Bangla Audio Dataset Original and DeepFake Voices for AI-Based Voice Analysis and Detection/Dataset/S7F04/Fake/17.wav,1,MEN,MEN-S7F04,TG:3895276c9cd52a4f,-10.9453125,1,0.5141666666666667,1.76402e-05
mendeley/extracted/Bangla Audio Dataset Original and DeepFake Voices for AI-Based Voice Analysis and Detection/Dataset/S7F04/Fake/18.wav,1,MEN,MEN-S7F04,TG:71e5c9ea38e22419,-18.984375,1,0.4841666666666666,5.691027e-09
mendeley/extracted/Bangla Audio Dataset Original and DeepFake Voices for AI-Based Voice Analysis and Detection/Dataset/S7F04/Fake/19.wav,1,MEN,MEN-S7F04,TG:b1cbde63bd64a611,-12.2734375,1,0.1975,4.674249e-06
mendeley/extracted/Bangla Audio Dataset Original and DeepFake Voices for AI-Based Voice Analysis and Detection/Dataset/S7F04/Fake/2.wav,1,MEN,MEN-S7F04,TG:35e8d8c301bdd724,-26.65625,1,0.3974999999999999,2.6505603e-12
mendeley/extracted/Bangla Audio Dataset Original and DeepFake Voices for AI-Based Voice Analysis and Detection/Dataset/S7F04/Fake/20.wav,1,MEN,MEN-S7F04,TG:4eede860135e46e0,-25.4375,1,0.4941666666666666,8.96673e-12
mendeley/extracted/Bangla Audio Dataset Original and DeepFake Voices for AI-Based Voice Analysis and Detection/Dataset/S7F04/Fake/21.wav,1,MEN,MEN-S7F04,TG:4e327253a4899166,-22.828125,1,0.4291666666666667,1.2186284e-10
mendeley/extracted/Bangla Audio Dataset Original and DeepFake Voices for AI-Based Voice Analysis and Detection/Dataset/S7F04/Fake/22.wav,1,MEN,MEN-S7F04,TG:8e687e6d6eee3110,-15.8203125,1,0.4841666666666666,1.3468694e-07
mendeley/extracted/Bangla Audio Dataset Original and DeepFake Voices for AI-Based Voice Analysis and Detection/Dataset/S7F04/Fake/23.wav,1,MEN,MEN-S7F04,TG:79f5ecabaa235f39,-13.125,1,0.4541666666666667,1.9947297e-06
mendeley/extracted/Bangla Audio Dataset Original and DeepFake Voices for AI-Based Voice Analysis and Detection/Dataset/S7F04/Fake/24.wav,1,MEN,MEN-S7F04,TG:56c4a127e94b529e,-23.171875,1,0.4841666666666666,8.641369e-11
mendeley/extracted/Bangla Audio Dataset Original and DeepFake Voices for AI-Based Voice Analysis and Detection/Dataset/S7F04/Fake/25.wav,1,MEN,MEN-S7F04,TG:0c4b996c57ad3a91,-1.4355469,1,0.4941666666666666,0.19223589
mendeley/extracted/Bangla Audio Dataset Original and DeepFake Voices for AI-Based Voice Analysis and Detection/Dataset/S7F04/Fake/26.wav,1,MEN,MEN-S7F04,TG:623c9bc53763d833,-27.125,1,0.3974999999999999,1.6586783e-12
mendeley/extracted/Bangla Audio Dataset Original and DeepFake Voices for AI-Based Voice Analysis and Detection/Dataset/S7F04/Fake/27.wav,1,MEN,MEN-S7F04,TG:3b9d2469ed9fecdf,-19.859375,1,0.5258333333333334,2.3723734e-09
mendeley/extracted/Bangla Audio Dataset Original and DeepFake Voices for AI-Based Voice Analysis and Detection/Dataset/S7F04/Fake/28.wav,1,MEN,MEN-S7F04,TG:299dcf88a7bd7e02,-19.828125,1,0.5341666666666667,2.4476803e-09
mendeley/extracted/Bangla Audio Dataset Original and DeepFake Voices for AI-Based Voice Analysis and Detection/Dataset/S7F04/Fake/29.wav,1,MEN,MEN-S7F04,TG:50986d508a0b6329,-13.203125,1,0.5041666666666667,1.8448236e-06
mendeley/extracted/Bangla Audio Dataset Original and DeepFake Voices for AI-Based Voice Analysis and Detection/Dataset/S7F04/Fake/3.wav,1,MEN,MEN-S7F04,TG:0482b7506606c32f,-27.296875,1,0.5691666666666666,1.3967471e-12
mendeley/extracted/Bangla Audio Dataset Original and DeepFake Voices for AI-Based Voice Analysis and Detection/Dataset/S7F04/Fake/30.wav,1,MEN,MEN-S7F04,TG:39761131a871177e,-37.5,1,0.4658333333333333,5.175555e-17
mendeley/extracted/Bangla Audio Dataset Original and DeepFake Voices for AI-Based Voice Analysis and Detection/Dataset/S7F04/Fake/4.wav,1,MEN,MEN-S7F04,TG:b56423de78c5c27e,-19.0625,1,0.5141666666666667,5.2633404e-09
mendeley/extracted/Bangla Audio Dataset Original and DeepFake Voices for AI-Based Voice Analysis and Detection/Dataset/S7F04/Fake/5.wav,1,MEN,MEN-S7F04,TG:538c010dab2f3679,-4.4882812,1,0.4508333333333333,0.011115014
mendeley/extracted/Bangla Audio Dataset Original and DeepFake Voices for AI-Based Voice Analysis and Detection/Dataset/S7F04/Fake/6.wav,1,MEN,MEN-S7F04,TG:2c57d29c7fa122ba,-13.171875,1,0.5941666666666667,1.9033845e-06
mendeley/extracted/Bangla Audio Dataset Original and DeepFake Voices for AI-Based Voice Analysis and Detection/Dataset/S7F04/Fake/7.wav,1,MEN,MEN-S7F04,TG:5403d84ab3fbd6ab,-34.34375,1,0.5075000000000001,1.2153432e-15
mendeley/extracted/Bangla Audio Dataset Original and DeepFake Voices for AI-Based Voice Analysis and Detection/Dataset/S7F04/Fake/8.wav,1,MEN,MEN-S7F04,TG:350a439fb9ac1017,-20.109375,1,0.4808333333333333,1.8476062e-09
mendeley/extracted/Bangla Audio Dataset Original and DeepFake Voices for AI-Based Voice Analysis and Detection/Dataset/S7F04/Fake/9.wav,1,MEN,MEN-S7F04,TG:fe872bec1d5fec5d,-18.953125,1,0.4575,5.87168e-09
mendeley/extracted/Bangla Audio Dataset Original and DeepFake Voices for AI-Based Voice Analysis and Detection/Dataset/S7F04/Real/1.wav,0,MEN,MEN-S7F04,TG:e7a787eae2aadd63,-9.265625,1,0.4675,9.4612624e-05
mendeley/extracted/Bangla Audio Dataset Original and DeepFake Voices for AI-Based Voice Analysis and Detection/Dataset/S7F04/Real/10.wav,0,MEN,MEN-S7F04,TG:b6cccc89a145b946,-2.84375,1,0.5175000000000001,0.055005286
mendeley/extracted/Bangla Audio Dataset Original and DeepFake Voices for AI-Based Voice Analysis and Detection/Dataset/S7F04/Real/11.wav,0,MEN,MEN-S7F04,TG:e3a0955d69b2e8ce,-21.1875,1,0.4341666666666667,6.286164e-10
mendeley/extracted/Bangla Audio Dataset Original and DeepFake Voices for AI-Based Voice Analysis and Detection/Dataset/S7F04/Real/12.wav,0,MEN,MEN-S7F04,TG:fbaa8ee664289e26,-10.34375,1,0.4508333333333333,3.2192336e-05
mendeley/extracted/Bangla Audio Dataset Original and DeepFake Voices for AI-Based Voice Analysis and Detection/Dataset/S7F04/Real/13.wav,0,MEN,MEN-S7F04,TG:b315345b73c7782e,-5.7304688,1,0.4341666666666667,0.003235056
mendeley/extracted/Bangla Audio Dataset Original and DeepFake Voices for AI-Based Voice Analysis and Detection/Dataset/S7F04/Real/14.wav,0,MEN,MEN-S7F04,TG:571ef3400a5435e2,-16.140625,1,0.4841666666666666,9.777224e-08
mendeley/extracted/Bangla Audio Dataset Original and DeepFake Voices for AI-Based Voice Analysis and Detection/Dataset/S7F04/Real/15.wav,0,MEN,MEN-S7F04,TG:68cc478016d585cf,-10.484375,1,0.5008333333333334,2.7969301e-05
mendeley/extracted/Bangla Audio Dataset Original and DeepFake Voices for AI-Based Voice Analysis and Detection/Dataset/S7F04/Real/16.wav,0,MEN,MEN-S7F04,TG:8a409d6261087b5b,-4.8671875,1,0.3675,0.007636217
mendeley/extracted/Bangla Audio Dataset Original and DeepFake Voices for AI-Based Voice Analysis and Detection/Dataset/S7F04/Real/17.wav,0,MEN,MEN-S7F04,TG:3895276c9cd52a4f,-1.5322266,1,0.3841666666666666,0.17766817
mendeley/extracted/Bangla Audio Dataset Original and DeepFake Voices for AI-Based Voice Analysis and Detection/Dataset/S7F04/Real/18.wav,0,MEN,MEN-S7F04,TG:71e5c9ea38e22419,-10.796875,1,0.5175000000000001,2.0462934e-05
mendeley/extracted/Bangla Audio Dataset Original and DeepFake Voices for AI-Based Voice Analysis and Detection/Dataset/S7F04/Real/19.wav,0,MEN,MEN-S7F04,TG:b1cbde63bd64a611,-16.3125,1,0.3508333333333333,8.2332484e-08
mendeley/extracted/Bangla Audio Dataset Original and DeepFake Voices for AI-Based Voice Analysis and Detection/Dataset/S7F04/Real/2.wav,0,MEN,MEN-S7F04,TG:35e8d8c301bdd724,-10.8515625,1,0.5008333333333334,1.9373938e-05
mendeley/extracted/Bangla Audio Dataset Original and DeepFake Voices for AI-Based Voice Analysis and Detection/Dataset/S7F04/Real/20.wav,0,MEN,MEN-S7F04,TG:4eede860135e46e0,1.0644531,1,0.5841666666666667,0.7435406
mendeley/extracted/Bangla Audio Dataset Original and DeepFake Voices for AI-Based Voice Analysis and Detection/Dataset/S7F04/Real/21.wav,0,MEN,MEN-S7F04,TG:4e327253a4899166,-21.125,1,0.4341666666666667,6.691586e-10
mendeley/extracted/Bangla Audio Dataset Original and DeepFake Voices for AI-Based Voice Analysis and Detection/Dataset/S7F04/Real/22.wav,0,MEN,MEN-S7F04,TG:8e687e6d6eee3110,-18.015625,1,0.4675,1.4993862e-08
mendeley/extracted/Bangla Audio Dataset Original and DeepFake Voices for AI-Based Voice Analysis and Detection/Dataset/S7F04/Real/23.wav,0,MEN,MEN-S7F04,TG:79f5ecabaa235f39,-7.1210938,1,0.4508333333333333,0.0008072305
mendeley/extracted/Bangla Audio Dataset Original and DeepFake Voices for AI-Based Voice Analysis and Detection/Dataset/S7F04/Real/24.wav,0,MEN,MEN-S7F04,TG:56c4a127e94b529e,-10.828125,1,0.5508333333333333,1.9833367e-05
mendeley/extracted/Bangla Audio Dataset Original and DeepFake Voices for AI-Based Voice Analysis and Detection/Dataset/S7F04/Real/25.wav,0,MEN,MEN-S7F04,TG:0c4b996c57ad3a91,-9.2890625,1,0.5341666666666667,9.2421134e-05
mendeley/extracted/Bangla Audio Dataset Original and DeepFake Voices for AI-Based Voice Analysis and Detection/Dataset/S7F04/Real/26.wav,0,MEN,MEN-S7F04,TG:623c9bc53763d833,-15.3125,1,0.4508333333333333,2.2380287e-07
mendeley/extracted/Bangla Audio Dataset Original and DeepFake Voices for AI-Based Voice Analysis and Detection/Dataset/S7F04/Real/27.wav,0,MEN,MEN-S7F04,TG:3b9d2469ed9fecdf,-13.8828125,1,0.3341666666666666,9.34912e-07
mendeley/extracted/Bangla Audio Dataset Original and DeepFake Voices for AI-Based Voice Analysis and Detection/Dataset/S7F04/Real/28.wav,0,MEN,MEN-S7F04,TG:299dcf88a7bd7e02,-0.92041016,1,0.5008333333333334,0.28487435
mendeley/extracted/Bangla Audio Dataset Original and DeepFake Voices for AI-Based Voice Analysis and Detection/Dataset/S7F04/Real/29.wav,0,MEN,MEN-S7F04,TG:50986d508a0b6329,-6.6796875,1,0.5508333333333333,0.0012545944
mendeley/extracted/Bangla Audio Dataset Original and DeepFake Voices for AI-Based Voice Analysis and Detection/Dataset/S7F04/Real/3.wav,0,MEN,MEN-S7F04,TG:0482b7506606c32f,-8.4765625,1,0.6008333333333333,0.0002082501
mendeley/extracted/Bangla Audio Dataset Original and DeepFake Voices for AI-Based Voice Analysis and Detection/Dataset/S7F04/Real/30.wav,0,MEN,MEN-S7F04,TG:39761131a871177e,-17.96875,1,0.3841666666666666,1.571343e-08
mendeley/extracted/Bangla Audio Dataset Original and DeepFake Voices for AI-Based Voice Analysis and Detection/Dataset/S7F04/Real/4.wav,0,MEN,MEN-S7F04,TG:b56423de78c5c27e,-8.21875,1,0.6008333333333333,0.00026947918
mendeley/extracted/Bangla Audio Dataset Original and DeepFake Voices for AI-Based Voice Analysis and Detection/Dataset/S7F04/Real/5.wav,0,MEN,MEN-S7F04,TG:538c010dab2f3679,-13.515625,1,0.6008333333333333,1.3497025e-06
mendeley/extracted/Bangla Audio Dataset Original and DeepFake Voices for AI-Based Voice Analysis and Detection/Dataset/S7F04/Real/6.wav,0,MEN,MEN-S7F04,TG:2c57d29c7fa122ba,-14.1640625,1,0.5508333333333333,7.0570877e-07
mendeley/extracted/Bangla Audio Dataset Original and DeepFake Voices for AI-Based Voice Analysis and Detection/Dataset/S7F04/Real/7.wav,0,MEN,MEN-S7F04,TG:5403d84ab3fbd6ab,-15.59375,1,0.5841666666666667,1.6893529e-07
mendeley/extracted/Bangla Audio Dataset Original and DeepFake Voices for AI-Based Voice Analysis and Detection/Dataset/S7F04/Real/8.wav,0,MEN,MEN-S7F04,TG:350a439fb9ac1017,-13.1328125,1,0.4341666666666667,1.9792067e-06
mendeley/extracted/Bangla Audio Dataset Original and DeepFake Voices for AI-Based Voice Analysis and Detection/Dataset/S7F04/Real/9.wav,0,MEN,MEN-S7F04,TG:fe872bec1d5fec5d,-11.234375,1,0.5175000000000001,1.32119585e-05
mendeley/extracted/Bangla Audio Dataset Original and DeepFake Voices for AI-Based Voice Analysis and Detection/Dataset/S7F05/Fake/1.wav,1,MEN,MEN-S7F05,TG:e7a787eae2aadd63,-6.7304688,1,0.5241666666666667,0.0011925492
mendeley/extracted/Bangla Audio Dataset Original and DeepFake Voices for AI-Based Voice Analysis and Detection/Dataset/S7F05/Fake/10.wav,1,MEN,MEN-S7F05,TG:b6cccc89a145b946,-20.015625,1,0.3941666666666666,2.0291986e-09
mendeley/extracted/Bangla Audio Dataset Original and DeepFake Voices for AI-Based Voice Analysis and Detection/Dataset/S7F05/Fake/11.wav,1,MEN,MEN-S7F05,TG:e3a0955d69b2e8ce,-10.1328125,1,0.5974999999999999,3.9751925e-05
mendeley/extracted/Bangla Audio Dataset Original and DeepFake Voices for AI-Based Voice Analysis and Detection/Dataset/S7F05/Fake/12.wav,1,MEN,MEN-S7F05,TG:fbaa8ee664289e26,-12.8671875,1,0.3641666666666666,2.5813706e-06
mendeley/extracted/Bangla Audio Dataset Original and DeepFake Voices for AI-Based Voice Analysis and Detection/Dataset/S7F05/Fake/13.wav,1,MEN,MEN-S7F05,TG:b315345b73c7782e,8.1484375,1,0.4791666666666666,0.99971086
mendeley/extracted/Bangla Audio Dataset Original and DeepFake Voices for AI-Based Voice Analysis and Detection/Dataset/S7F05/Fake/14.wav,1,MEN,MEN-S7F05,TG:571ef3400a5435e2,-7.6679688,1,0.4508333333333333,0.00046734812
mendeley/extracted/Bangla Audio Dataset Original and DeepFake Voices for AI-Based Voice Analysis and Detection/Dataset/S7F05/Fake/15.wav,1,MEN,MEN-S7F05,TG:68cc478016d585cf,5.6914062,1,0.5241666666666667,0.9966365
mendeley/extracted/Bangla Audio Dataset Original and DeepFake Voices for AI-Based Voice Analysis and Detection/Dataset/S7F05/Fake/16.wav,1,MEN,MEN-S7F05,TG:8a409d6261087b5b,8.40625,1,0.5208333333333333,0.99977654
mendeley/extracted/Bangla Audio Dataset Original and DeepFake Voices for AI-Based Voice Analysis and Detection/Dataset/S7F05/Fake/17.wav,1,MEN,MEN-S7F05,TG:3895276c9cd52a4f,8.2421875,1,0.5225,0.9997367
mendeley/extracted/Bangla Audio Dataset Original and DeepFake Voices for AI-Based Voice Analysis and Detection/Dataset/S7F05/Fake/18.wav,1,MEN,MEN-S7F05,TG:71e5c9ea38e22419,-17.75,1,0.4975,1.9555682e-08
mendeley/extracted/Bangla Audio Dataset Original and DeepFake Voices for AI-Based Voice Analysis and Detection/Dataset/S7F05/Fake/19.wav,1,MEN,MEN-S7F05,TG:b1cbde63bd64a611,7.109375,1,0.2641666666666666,0.99918324
mendeley/extracted/Bangla Audio Dataset Original and DeepFake Voices for AI-Based Voice Analysis and Detection/Dataset/S7F05/Fake/2.wav,1,MEN,MEN-S7F05,TG:35e8d8c301bdd724,-8.3828125,1,0.3408333333333333,0.0002287133
mendeley/extracted/Bangla Audio Dataset Original and DeepFake Voices for AI-Based Voice Analysis and Detection/Dataset/S7F05/Fake/20.wav,1,MEN,MEN-S7F05,TG:4eede860135e46e0,-13.4140625,1,0.4541666666666667,1.4939843e-06
mendeley/extracted/Bangla Audio Dataset Original and DeepFake Voices for AI-Based Voice Analysis and Detection/Dataset/S7F05/Fake/21.wav,1,MEN,MEN-S7F05,TG:4e327253a4899166,-9.3671875,1,0.3691666666666666,8.5476175e-05
mendeley/extracted/Bangla Audio Dataset Original and DeepFake Voices for AI-Based Voice Analysis and Detection/Dataset/S7F05/Fake/22.wav,1,MEN,MEN-S7F05,TG:8e687e6d6eee3110,-15.9296875,1,0.4775,1.207326e-07
mendeley/extracted/Bangla Audio Dataset Original and DeepFake Voices for AI-Based Voice Analysis and Detection/Dataset/S7F05/Fake/23.wav,1,MEN,MEN-S7F05,TG:79f5ecabaa235f39,-4.6796875,1,0.4558333333333333,0.009196552
mendeley/extracted/Bangla Audio Dataset Original and DeepFake Voices for AI-Based Voice Analysis and Detection/Dataset/S7F05/Fake/24.wav,1,MEN,MEN-S7F05,TG:56c4a127e94b529e,-8.390625,1,0.4941666666666666,0.00022693386
mendeley/extracted/Bangla Audio Dataset Original and DeepFake Voices for AI-Based Voice Analysis and Detection/Dataset/S7F05/Fake/25.wav,1,MEN,MEN-S7F05,TG:0c4b996c57ad3a91,4.0625,1,0.4691666666666666,0.9830851
mendeley/extracted/Bangla Audio Dataset Original and DeepFake Voices for AI-Based Voice Analysis and Detection/Dataset/S7F05/Fake/26.wav,1,MEN,MEN-S7F05,TG:623c9bc53763d833,-14.21875,1,0.4691666666666666,6.681517e-07
mendeley/extracted/Bangla Audio Dataset Original and DeepFake Voices for AI-Based Voice Analysis and Detection/Dataset/S7F05/Fake/27.wav,1,MEN,MEN-S7F05,TG:3b9d2469ed9fecdf,-1.1757812,1,0.4008333333333334,0.23581158
mendeley/extracted/Bangla Audio Dataset Original and DeepFake Voices for AI-Based Voice Analysis and Detection/Dataset/S7F05/Fake/28.wav,1,MEN,MEN-S7F05,TG:299dcf88a7bd7e02,-9.296875,1,0.5008333333333334,9.1701964e-05
mendeley/extracted/Bangla Audio Dataset Original and DeepFake Voices for AI-Based Voice Analysis and Detection/Dataset/S7F05/Fake/29.wav,1,MEN,MEN-S7F05,TG:50986d508a0b6329,-15.265625,1,0.4341666666666667,2.3454339e-07
mendeley/extracted/Bangla Audio Dataset Original and DeepFake Voices for AI-Based Voice Analysis and Detection/Dataset/S7F05/Fake/3.wav,1,MEN,MEN-S7F05,TG:0482b7506606c32f,-17.09375,1,0.5691666666666666,3.769456e-08
mendeley/extracted/Bangla Audio Dataset Original and DeepFake Voices for AI-Based Voice Analysis and Detection/Dataset/S7F05/Fake/30.wav,1,MEN,MEN-S7F05,TG:39761131a871177e,-20.1875,1,0.3941666666666666,1.7087562e-09
mendeley/extracted/Bangla Audio Dataset Original and DeepFake Voices for AI-Based Voice Analysis and Detection/Dataset/S7F05/Fake/4.wav,1,MEN,MEN-S7F05,TG:b56423de78c5c27e,-10.4296875,1,0.4841666666666666,2.9541427e-05
mendeley/extracted/Bangla Audio Dataset Original and DeepFake Voices for AI-Based Voice Analysis and Detection/Dataset/S7F05/Fake/5.wav,1,MEN,MEN-S7F05,TG:538c010dab2f3679,9.8359375,1,0.5141666666666667,0.9999465
mendeley/extracted/Bangla Audio Dataset Original and DeepFake Voices for AI-Based Voice Analysis and Detection/Dataset/S7F05/Fake/6.wav,1,MEN,MEN-S7F05,TG:2c57d29c7fa122ba,7.6679688,1,0.5575,0.9995327
mendeley/extracted/Bangla Audio Dataset Original and DeepFake Voices for AI-Based Voice Analysis and Detection/Dataset/S7F05/Fake/7.wav,1,MEN,MEN-S7F05,TG:5403d84ab3fbd6ab,-15.9453125,1,0.5275000000000001,1.18860825e-07
mendeley/extracted/Bangla Audio Dataset Original and DeepFake Voices for AI-Based Voice Analysis and Detection/Dataset/S7F05/Fake/8.wav,1,MEN,MEN-S7F05,TG:350a439fb9ac1017,-9.71875,1,0.4508333333333333,6.0141523e-05
mendeley/extracted/Bangla Audio Dataset Original and DeepFake Voices for AI-Based Voice Analysis and Detection/Dataset/S7F05/Fake/9.wav,1,MEN,MEN-S7F05,TG:fe872bec1d5fec5d,7.0546875,1,0.4508333333333333,0.9991374
mendeley/extracted/Bangla Audio Dataset Original and DeepFake Voices for AI-Based Voice Analysis and Detection/Dataset/S7F05/Real/1.wav,0,MEN,MEN-S7F05,TG:e7a787eae2aadd63,-8.109375,1,0.5675,0.00030061635
mendeley/extracted/Bangla Audio Dataset Original and DeepFake Voices for AI-Based Voice Analysis and Detection/Dataset/S7F05/Real/10.wav,0,MEN,MEN-S7F05,TG:b6cccc89a145b946,-22.125,1,0.5508333333333333,2.461697e-10
mendeley/extracted/Bangla Audio Dataset Original and DeepFake Voices for AI-Based Voice Analysis and Detection/Dataset/S7F05/Real/11.wav,0,MEN,MEN-S7F05,TG:e3a0955d69b2e8ce,-30.5,1,0.5841666666666667,5.675685e-14
mendeley/extracted/Bangla Audio Dataset Original and DeepFake Voices for AI-Based Voice Analysis and Detection/Dataset/S7F05/Real/12.wav,0,MEN,MEN-S7F05,TG:fbaa8ee664289e26,-11.6953125,1,0.5008333333333334,8.332719e-06
mendeley/extracted/Bangla Audio Dataset Original and DeepFake Voices for AI-Based Voice Analysis and Detection/Dataset/S7F05/Real/13.wav,0,MEN,MEN-S7F05,TG:b315345b73c7782e,-4.2773438,1,0.5008333333333334,0.013689476
mendeley/extracted/Bangla Audio Dataset Original and DeepFake Voices for AI-Based Voice Analysis and Detection/Dataset/S7F05/Real/14.wav,0,MEN,MEN-S7F05,TG:571ef3400a5435e2,-1.5009766,1,0.5341666666666667,0.18227991
mendeley/extracted/Bangla Audio Dataset Original and DeepFake Voices for AI-Based Voice Analysis and Detection/Dataset/S7F05/Real/15.wav,0,MEN,MEN-S7F05,TG:68cc478016d585cf,-13.890625,1,0.5341666666666667,9.2763645e-07
mendeley/extracted/Bangla Audio Dataset Original and DeepFake Voices for AI-Based Voice Analysis and Detection/Dataset/S7F05/Real/16.wav,0,MEN,MEN-S7F05,TG:8a409d6261087b5b,1.9150391,1,0.5175000000000001,0.8715842
mendeley/extracted/Bangla Audio Dataset Original and DeepFake Voices for AI-Based Voice Analysis and Detection/Dataset/S7F05/Real/17.wav,0,MEN,MEN-S7F05,TG:3895276c9cd52a4f,1.7998047,1,0.4675,0.8581252
mendeley/extracted/Bangla Audio Dataset Original and DeepFake Voices for AI-Based Voice Analysis and Detection/Dataset/S7F05/Real/18.wav,0,MEN,MEN-S7F05,TG:71e5c9ea38e22419,-24.71875,1,0.5508333333333333,1.8398536e-11
mendeley/extracted/Bangla Audio Dataset Original and DeepFake Voices for AI-Based Voice Analysis and Detection/Dataset/S7F05/Real/19.wav,0,MEN,MEN-S7F05,TG:b1cbde63bd64a611,-18.28125,1,0.4175,1.1496192e-08
mendeley/extracted/Bangla Audio Dataset Original and DeepFake Voices for AI-Based Voice Analysis and Detection/Dataset/S7F05/Real/2.wav,0,MEN,MEN-S7F05,TG:35e8d8c301bdd724,-20.671875,1,0.5008333333333334,1.0527342e-09
mendeley/extracted/Bangla Audio Dataset Original and DeepFake Voices for AI-Based Voice Analysis and Detection/Dataset/S7F05/Real/20.wav,0,MEN,MEN-S7F05,TG:4eede860135e46e0,-24.859375,1,0.5508333333333333,1.5984925e-11
mendeley/extracted/Bangla Audio Dataset Original and DeepFake Voices for AI-Based Voice Analysis and Detection/Dataset/S7F05/Real/21.wav,0,MEN,MEN-S7F05,TG:4e327253a4899166,-15.1015625,1,0.5008333333333334,2.7635966e-07
mendeley/extracted/Bangla Audio Dataset Original and DeepFake Voices for AI-Based Voice Analysis and Detection/Dataset/S7F05/Real/22.wav,0,MEN,MEN-S7F05,TG:8e687e6d6eee3110,-15.7890625,1,0.4841666666666666,1.3896238e-07
mendeley/extracted/Bangla Audio Dataset Original and DeepFake Voices for AI-Based Voice Analysis and Detection/Dataset/S7F05/Real/23.wav,0,MEN,MEN-S7F05,TG:79f5ecabaa235f39,-13.375,1,0.4341666666666667,1.5534976e-06
mendeley/extracted/Bangla Audio Dataset Original and DeepFake Voices for AI-Based Voice Analysis and Detection/Dataset/S7F05/Real/24.wav,0,MEN,MEN-S7F05,TG:56c4a127e94b529e,1.5322266,1,0.5008333333333334,0.82233185
mendeley/extracted/Bangla Audio Dataset Original and DeepFake Voices for AI-Based Voice Analysis and Detection/Dataset/S7F05/Real/25.wav,0,MEN,MEN-S7F05,TG:0c4b996c57ad3a91,2.3203125,1,0.5008333333333334,0.9105454
mendeley/extracted/Bangla Audio Dataset Original and DeepFake Voices for AI-Based Voice Analysis and Detection/Dataset/S7F05/Real/26.wav,0,MEN,MEN-S7F05,TG:623c9bc53763d833,-3.8691406,1,0.5008333333333334,0.020449394
mendeley/extracted/Bangla Audio Dataset Original and DeepFake Voices for AI-Based Voice Analysis and Detection/Dataset/S7F05/Real/27.wav,0,MEN,MEN-S7F05,TG:3b9d2469ed9fecdf,-5.9570312,1,0.3675,0.0025809044
mendeley/extracted/Bangla Audio Dataset Original and DeepFake Voices for AI-Based Voice Analysis and Detection/Dataset/S7F05/Real/28.wav,0,MEN,MEN-S7F05,TG:299dcf88a7bd7e02,-15.1875,1,0.6341666666666667,2.5360188e-07
mendeley/extracted/Bangla Audio Dataset Original and DeepFake Voices for AI-Based Voice Analysis and Detection/Dataset/S7F05/Real/29.wav,0,MEN,MEN-S7F05,TG:50986d508a0b6329,-17.671875,1,0.5175000000000001,2.1144734e-08
mendeley/extracted/Bangla Audio Dataset Original and DeepFake Voices for AI-Based Voice Analysis and Detection/Dataset/S7F05/Real/3.wav,0,MEN,MEN-S7F05,TG:0482b7506606c32f,-10.4375,1,0.6174999999999999,2.9311539e-05
mendeley/extracted/Bangla Audio Dataset Original and DeepFake Voices for AI-Based Voice Analysis and Detection/Dataset/S7F05/Real/30.wav,0,MEN,MEN-S7F05,TG:39761131a871177e,-0.80615234,1,0.5008333333333334,0.30871102
mendeley/extracted/Bangla Audio Dataset Original and DeepFake Voices for AI-Based Voice Analysis and Detection/Dataset/S7F05/Real/4.wav,0,MEN,MEN-S7F05,TG:b56423de78c5c27e,-24.375,1,0.6008333333333333,2.5946094e-11
mendeley/extracted/Bangla Audio Dataset Original and DeepFake Voices for AI-Based Voice Analysis and Detection/Dataset/S7F05/Real/5.wav,0,MEN,MEN-S7F05,TG:538c010dab2f3679,1.5371094,1,0.5841666666666667,0.8230441
mendeley/extracted/Bangla Audio Dataset Original and DeepFake Voices for AI-Based Voice Analysis and Detection/Dataset/S7F05/Real/6.wav,0,MEN,MEN-S7F05,TG:2c57d29c7fa122ba,-18.15625,1,0.5341666666666667,1.30268925e-08
mendeley/extracted/Bangla Audio Dataset Original and DeepFake Voices for AI-Based Voice Analysis and Detection/Dataset/S7F05/Real/7.wav,0,MEN,MEN-S7F05,TG:5403d84ab3fbd6ab,-21.1875,1,0.5508333333333333,6.286164e-10
mendeley/extracted/Bangla Audio Dataset Original and DeepFake Voices for AI-Based Voice Analysis and Detection/Dataset/S7F05/Real/8.wav,0,MEN,MEN-S7F05,TG:350a439fb9ac1017,-8.7890625,1,0.4841666666666666,0.00015236755
mendeley/extracted/Bangla Audio Dataset Original and DeepFake Voices for AI-Based Voice Analysis and Detection/Dataset/S7F05/Real/9.wav,0,MEN,MEN-S7F05,TG:fe872bec1d5fec5d,-11.1953125,1,0.5175000000000001,1.3738256e-05
mendeley/extracted/Bangla Audio Dataset Original and DeepFake Voices for AI-Based Voice Analysis and Detection/Dataset/S7M01/Fake/1.wav,1,MEN,MEN-S7M01,TG:e7a787eae2aadd63,-5.2734375,1,0.4675,0.0050998186
mendeley/extracted/Bangla Audio Dataset Original and DeepFake Voices for AI-Based Voice Analysis and Detection/Dataset/S7M01/Fake/10.wav,1,MEN,MEN-S7M01,TG:b6cccc89a145b946,-2.1484375,1,0.4408333333333333,0.10447732
mendeley/extracted/Bangla Audio Dataset Original and DeepFake Voices for AI-Based Voice Analysis and Detection/Dataset/S7M01/Fake/11.wav,1,MEN,MEN-S7M01,TG:e3a0955d69b2e8ce,-13.4296875,1,0.4108333333333334,1.4708222e-06
mendeley/extracted/Bangla Audio Dataset Original and DeepFake Voices for AI-Based Voice Analysis and Detection/Dataset/S7M01/Fake/12.wav,1,MEN,MEN-S7M01,TG:fbaa8ee664289e26,-6.859375,1,0.4925,0.0010484693
mendeley/extracted/Bangla Audio Dataset Original and DeepFake Voices for AI-Based Voice Analysis and Detection/Dataset/S7M01/Fake/13.wav,1,MEN,MEN-S7M01,TG:b315345b73c7782e,0.8310547,1,0.5258333333333334,0.69657785
mendeley/extracted/Bangla Audio Dataset Original and DeepFake Voices for AI-Based Voice Analysis and Detection/Dataset/S7M01/Fake/14.wav,1,MEN,MEN-S7M01,TG:571ef3400a5435e2,-11.828125,1,0.5141666666666667,7.29638e-06
mendeley/extracted/Bangla Audio Dataset Original and DeepFake Voices for AI-Based Voice Analysis and Detection/Dataset/S7M01/Fake/15.wav,1,MEN,MEN-S7M01,TG:68cc478016d585cf,7.8320312,1,0.4775,0.99960333
mendeley/extracted/Bangla Audio Dataset Original and DeepFake Voices for AI-Based Voice Analysis and Detection/Dataset/S7M01/Fake/16.wav,1,MEN,MEN-S7M01,TG:8a409d6261087b5b,-7.8359375,1,0.4475,0.00039511538
mendeley/extracted/Bangla Audio Dataset Original and DeepFake Voices for AI-Based Voice Analysis and Detection/Dataset/S7M01/Fake/17.wav,1,MEN,MEN-S7M01,TG:3895276c9cd52a4f,-2.9824219,1,0.4858333333333333,0.048226338
mendeley/extracted/Bangla Audio Dataset Original and DeepFake Voices for AI-Based Voice Analysis and Detection/Dataset/S7M01/Fake/18.wav,1,MEN,MEN-S7M01,TG:71e5c9ea38e22419,-14.890625,1,0.5358333333333334,3.4125858e-07
mendeley/extracted/Bangla Audio Dataset Original and DeepFake Voices for AI-Based Voice Analysis and Detection/Dataset/S7M01/Fake/19.wav,1,MEN,MEN-S7M01,TG:b1cbde63bd64a611,-18.609375,1,0.4091666666666667,8.280397e-09
mendeley/extracted/Bangla Audio Dataset Original and DeepFake Voices for AI-Based Voice Analysis and Detection/Dataset/S7M01/Fake/2.wav,1,MEN,MEN-S7M01,TG:35e8d8c301bdd724,-9.8125,1,0.2075,5.4759774e-05
mendeley/extracted/Bangla Audio Dataset Original and DeepFake Voices for AI-Based Voice Analysis and Detection/Dataset/S7M01/Fake/20.wav,1,MEN,MEN-S7M01,TG:4eede860135e46e0,-2.6074219,1,0.5758333333333333,0.068662286
mendeley/extracted/Bangla Audio Dataset Original and DeepFake Voices for AI-Based Voice Analysis and Detection/Dataset/S7M01/Fake/21.wav,1,MEN,MEN-S7M01,TG:4e327253a4899166,-13.28125,1,0.4641666666666666,1.7061831e-06
mendeley/extracted/Bangla Audio Dataset Original and DeepFake Voices for AI-Based Voice Analysis and Detection/Dataset/S7M01/Fake/22.wav,1,MEN,MEN-S7M01,TG:8e687e6d6eee3110,-16.84375,1,0.4908333333333333,4.840077e-08
mendeley/extracted/Bangla Audio Dataset Original and DeepFake Voices for AI-Based Voice Analysis and Detection/Dataset/S7M01/Fake/23.wav,1,MEN,MEN-S7M01,TG:79f5ecabaa235f39,-3.4707031,1,0.4175,0.03015741
mendeley/extracted/Bangla Audio Dataset Original and DeepFake Voices for AI-Based Voice Analysis and Detection/Dataset/S7M01/Fake/24.wav,1,MEN,MEN-S7M01,TG:56c4a127e94b529e,-19.703125,1,0.5508333333333333,2.7735854e-09
mendeley/extracted/Bangla Audio Dataset Original and DeepFake Voices for AI-Based Voice Analysis and Detection/Dataset/S7M01/Fake/25.wav,1,MEN,MEN-S7M01,TG:0c4b996c57ad3a91,-4.5117188,1,0.4024999999999999,0.010860332
mendeley/extracted/Bangla Audio Dataset Original and DeepFake Voices for AI-Based Voice Analysis and Detection/Dataset/S7M01/Fake/26.wav,1,MEN,MEN-S7M01,TG:623c9bc53763d833,-15.8984375,1,0.4541666666666667,1.2456508e-07
mendeley/extracted/Bangla Audio Dataset Original and DeepFake Voices for AI-Based Voice Analysis and Detection/Dataset/S7M01/Fake/27.wav,1,MEN,MEN-S7M01,TG:3b9d2469ed9fecdf,-2.6035156,1,0.4024999999999999,0.0689125
mendeley/extracted/Bangla Audio Dataset Original and DeepFake Voices for AI-Based Voice Analysis and Detection/Dataset/S7M01/Fake/28.wav,1,MEN,MEN-S7M01,TG:299dcf88a7bd7e02,-20.40625,1,0.5658333333333334,1.3730242e-09
mendeley/extracted/Bangla Audio Dataset Original and DeepFake Voices for AI-Based Voice Analysis and Detection/Dataset/S7M01/Fake/29.wav,1,MEN,MEN-S7M01,TG:50986d508a0b6329,-20.0,1,0.4875,2.0611535e-09
mendeley/extracted/Bangla Audio Dataset Original and DeepFake Voices for AI-Based Voice Analysis and Detection/Dataset/S7M01/Fake/3.wav,1,MEN,MEN-S7M01,TG:0482b7506606c32f,-14.4453125,1,0.5408333333333333,5.32697e-07
mendeley/extracted/Bangla Audio Dataset Original and DeepFake Voices for AI-Based Voice Analysis and Detection/Dataset/S7M01/Fake/30.wav,1,MEN,MEN-S7M01,TG:39761131a871177e,-14.0625,1,0.5341666666666667,7.811483e-07
mendeley/extracted/Bangla Audio Dataset Original and DeepFake Voices for AI-Based Voice Analysis and Detection/Dataset/S7M01/Fake/4.wav,1,MEN,MEN-S7M01,TG:b56423de78c5c27e,-2.0996094,1,0.5458333333333334,0.109134786
mendeley/extracted/Bangla Audio Dataset Original and DeepFake Voices for AI-Based Voice Analysis and Detection/Dataset/S7M01/Fake/5.wav,1,MEN,MEN-S7M01,TG:538c010dab2f3679,-0.3552246,1,0.4291666666666667,0.41211608
mendeley/extracted/Bangla Audio Dataset Original and DeepFake Voices for AI-Based Voice Analysis and Detection/Dataset/S7M01/Fake/6.wav,1,MEN,MEN-S7M01,TG:2c57d29c7fa122ba,-10.15625,1,0.5808333333333333,3.883111e-05
mendeley/extracted/Bangla Audio Dataset Original and DeepFake Voices for AI-Based Voice Analysis and Detection/Dataset/S7M01/Fake/7.wav,1,MEN,MEN-S7M01,TG:5403d84ab3fbd6ab,-14.1484375,1,0.5425,7.1682206e-07
mendeley/extracted/Bangla Audio Dataset Original and DeepFake Voices for AI-Based Voice Analysis and Detection/Dataset/S7M01/Fake/8.wav,1,MEN,MEN-S7M01,TG:350a439fb9ac1017,-12.0546875,1,0.3508333333333333,5.8171895e-06
mendeley/extracted/Bangla Audio Dataset Original and DeepFake Voices for AI-Based Voice Analysis and Detection/Dataset/S7M01/Fake/9.wav,1,MEN,MEN-S7M01,TG:fe872bec1d5fec5d,-7.0664062,1,0.4258333333333333,0.0008525666
mendeley/extracted/Bangla Audio Dataset Original and DeepFake Voices for AI-Based Voice Analysis and Detection/Dataset/S7M01/Real/1.wav,0,MEN,MEN-S7M01,TG:e7a787eae2aadd63,-28.6875,1,0.5925,3.4767786e-13
mendeley/extracted/Bangla Audio Dataset Original and DeepFake Voices for AI-Based Voice Analysis and Detection/Dataset/S7M01/Real/10.wav,0,MEN,MEN-S7M01,TG:b6cccc89a145b946,7.703125,1,0.6241666666666666,0.99954873
mendeley/extracted/Bangla Audio Dataset Original and DeepFake Voices for AI-Based Voice Analysis and Detection/Dataset/S7M01/Real/11.wav,0,MEN,MEN-S7M01,TG:e3a0955d69b2e8ce,-37.65625,1,0.4691666666666666,4.4268867e-17
mendeley/extracted/Bangla Audio Dataset Original and DeepFake Voices for AI-Based Voice Analysis and Detection/Dataset/S7M01/Real/12.wav,0,MEN,MEN-S7M01,TG:fbaa8ee664289e26,-18.203125,1,0.5075000000000001,1.24303465e-08
mendeley/extracted/Bangla Audio Dataset Original and DeepFake Voices for AI-Based Voice Analysis and Detection/Dataset/S7M01/Real/13.wav,0,MEN,MEN-S7M01,TG:b315345b73c7782e,-21.875,1,0.5358333333333334,3.1608818e-10
mendeley/extracted/Bangla Audio Dataset Original and DeepFake Voices for AI-Based Voice Analysis and Detection/Dataset/S7M01/Real/14.wav,0,MEN,MEN-S7M01,TG:571ef3400a5435e2,-25.796875,1,0.6074999999999999,6.259787e-12
mendeley/extracted/Bangla Audio Dataset Original and DeepFake Voices for AI-Based Voice Analysis and Detection/Dataset/S7M01/Real/15.wav,0,MEN,MEN-S7M01,TG:68cc478016d585cf,-16.71875,1,0.5808333333333333,5.484526e-08
mendeley/extracted/Bangla Audio Dataset Original and DeepFake Voices for AI-Based Voice Analysis and Detection/Dataset/S7M01/Real/16.wav,0,MEN,MEN-S7M01,TG:8a409d6261087b5b,-14.484375,1,0.6074999999999999,5.122897e-07
mendeley/extracted/Bangla Audio Dataset Original and DeepFake Voices for AI-Based Voice Analysis and Detection/Dataset/S7M01/Real/17.wav,0,MEN,MEN-S7M01,TG:3895276c9cd52a4f,-15.46875,1,0.5525,1.9142874e-07
mendeley/extracted/Bangla Audio Dataset Original and DeepFake Voices for AI-Based Voice Analysis and Detection/Dataset/S7M01/Real/18.wav,0,MEN,MEN-S7M01,TG:71e5c9ea38e22419,-26.890625,1,0.6074999999999999,2.0967657e-12
mendeley/extracted/Bangla Audio Dataset Original and DeepFake Voices for AI-Based Voice Analysis and Detection/Dataset/S7M01/Real/19.wav,0,MEN,MEN-S7M01,TG:b1cbde63bd64a611,-30.671875,1,0.3908333333333333,4.7794058e-14
mendeley/extracted/Bangla Audio Dataset Original and DeepFake Voices for AI-Based Voice Analysis and Detection/Dataset/S7M01/Real/2.wav,0,MEN,MEN-S7M01,TG:35e8d8c301bdd724,-19.4375,1,0.5041666666666667,3.6174375e-09
mendeley/extracted/Bangla Audio Dataset Original and DeepFake Voices for AI-Based Voice Analysis and Detection/Dataset/S7M01/Real/20.wav,0,MEN,MEN-S7M01,TG:4eede860135e46e0,-18.59375,1,0.5575,8.410794e-09
mendeley/extracted/Bangla Audio Dataset Original and DeepFake Voices for AI-Based Voice Analysis and Detection/Dataset/S7M01/Real/21.wav,0,MEN,MEN-S7M01,TG:4e327253a4899166,-6.8046875,1,0.4225,0.0011073389
mendeley/extracted/Bangla Audio Dataset Original and DeepFake Voices for AI-Based Voice Analysis and Detection/Dataset/S7M01/Real/22.wav,0,MEN,MEN-S7M01,TG:8e687e6d6eee3110,-24.375,1,0.4091666666666667,2.5946094e-11
mendeley/extracted/Bangla Audio Dataset Original and DeepFake Voices for AI-Based Voice Analysis and Detection/Dataset/S7M01/Real/23.wav,0,MEN,MEN-S7M01,TG:79f5ecabaa235f39,-17.53125,1,0.5541666666666667,2.4337437e-08
mendeley/extracted/Bangla Audio Dataset Original and DeepFake Voices for AI-Based Voice Analysis and Detection/Dataset/S7M01/Real/24.wav,0,MEN,MEN-S7M01,TG:56c4a127e94b529e,-11.921875,1,0.4825,6.643434e-06
mendeley/extracted/Bangla Audio Dataset Original and DeepFake Voices for AI-Based Voice Analysis and Detection/Dataset/S7M01/Real/25.wav,0,MEN,MEN-S7M01,TG:0c4b996c57ad3a91,-12.4375,1,0.6408333333333334,3.966986e-06
mendeley/extracted/Bangla Audio Dataset Original and DeepFake Voices for AI-Based Voice Analysis and Detection/Dataset/S7M01/Real/26.wav,0,MEN,MEN-S7M01,TG:623c9bc53763d833,-31.296875,1,0.5725,2.5582318e-14
mendeley/extracted/Bangla Audio Dataset Original and DeepFake Voices for AI-Based Voice Analysis and Detection/Dataset/S7M01/Real/27.wav,0,MEN,MEN-S7M01,TG:3b9d2469ed9fecdf,-15.9609375,1,0.4308333333333333,1.17018054e-07
mendeley/extracted/Bangla Audio Dataset Original and DeepFake Voices for AI-Based Voice Analysis and Detection/Dataset/S7M01/Real/28.wav,0,MEN,MEN-S7M01,TG:299dcf88a7bd7e02,-24.15625,1,0.6725,3.2290438e-11
mendeley/extracted/Bangla Audio Dataset Original and DeepFake Voices for AI-Based Voice Analysis and Detection/Dataset/S7M01/Real/29.wav,0,MEN,MEN-S7M01,TG:50986d508a0b6329,-22.90625,1,0.5875,1.1270471e-10
mendeley/extracted/Bangla Audio Dataset Original and DeepFake Voices for AI-Based Voice Analysis and Detection/Dataset/S7M01/Real/3.wav,0,MEN,MEN-S7M01,TG:0482b7506606c32f,-30.15625,1,0.5541666666666667,8.004e-14
mendeley/extracted/Bangla Audio Dataset Original and DeepFake Voices for AI-Based Voice Analysis and Detection/Dataset/S7M01/Real/30.wav,0,MEN,MEN-S7M01,TG:39761131a871177e,-30.796875,1,0.5075000000000001,4.217811e-14
mendeley/extracted/Bangla Audio Dataset Original and DeepFake Voices for AI-Based Voice Analysis and Detection/Dataset/S7M01/Real/4.wav,0,MEN,MEN-S7M01,TG:b56423de78c5c27e,-33.78125,1,0.3791666666666666,2.1329935e-15
mendeley/extracted/Bangla Audio Dataset Original and DeepFake Voices for AI-Based Voice Analysis and Detection/Dataset/S7M01/Real/5.wav,0,MEN,MEN-S7M01,TG:538c010dab2f3679,-19.234375,1,0.5225,4.4321773e-09
mendeley/extracted/Bangla Audio Dataset Original and DeepFake Voices for AI-Based Voice Analysis and Detection/Dataset/S7M01/Real/6.wav,0,MEN,MEN-S7M01,TG:2c57d29c7fa122ba,-35.84375,1,0.5475,2.711797e-16
mendeley/extracted/Bangla Audio Dataset Original and DeepFake Voices for AI-Based Voice Analysis and Detection/Dataset/S7M01/Real/7.wav,0,MEN,MEN-S7M01,TG:5403d84ab3fbd6ab,-39.40625,1,0.6541666666666667,7.692776e-18
mendeley/extracted/Bangla Audio Dataset Original and DeepFake Voices for AI-Based Voice Analysis and Detection/Dataset/S7M01/Real/8.wav,0,MEN,MEN-S7M01,TG:350a439fb9ac1017,-19.671875,1,0.5025,2.8616283e-09
mendeley/extracted/Bangla Audio Dataset Original and DeepFake Voices for AI-Based Voice Analysis and Detection/Dataset/S7M01/Real/9.wav,0,MEN,MEN-S7M01,TG:fe872bec1d5fec5d,-4.7695312,1,0.6458333333333333,0.008412978
mendeley/extracted/Bangla Audio Dataset Original and DeepFake Voices for AI-Based Voice Analysis and Detection/Dataset/S7M02/Fake/1.wav,1,MEN,MEN-S7M02,TG:e7a787eae2aadd63,-6.671875,1,0.4441666666666667,0.001264422
mendeley/extracted/Bangla Audio Dataset Original and DeepFake Voices for AI-Based Voice Analysis and Detection/Dataset/S7M02/Fake/10.wav,1,MEN,MEN-S7M02,TG:b6cccc89a145b946,7.4570312,1,0.5008333333333334,0.999423
mendeley/extracted/Bangla Audio Dataset Original and DeepFake Voices for AI-Based Voice Analysis and Detection/Dataset/S7M02/Fake/11.wav,1,MEN,MEN-S7M02,TG:e3a0955d69b2e8ce,-1.9199219,1,0.4308333333333333,0.12787029
mendeley/extracted/Bangla Audio Dataset Original and DeepFake Voices for AI-Based Voice Analysis and Detection/Dataset/S7M02/Fake/12.wav,1,MEN,MEN-S7M02,TG:fbaa8ee664289e26,6.046875,1,0.4475,0.9976404
mendeley/extracted/Bangla Audio Dataset Original and DeepFake Voices for AI-Based Voice Analysis and Detection/Dataset/S7M02/Fake/13.wav,1,MEN,MEN-S7M02,TG:b315345b73c7782e,5.6601562,1,0.4441666666666667,0.9965301
mendeley/extracted/Bangla Audio Dataset Original and DeepFake Voices for AI-Based Voice Analysis and Detection/Dataset/S7M02/Fake/14.wav,1,MEN,MEN-S7M02,TG:571ef3400a5435e2,7.921875,1,0.4891666666666666,0.99963737
mendeley/extracted/Bangla Audio Dataset Original and DeepFake Voices for AI-Based Voice Analysis and Detection/Dataset/S7M02/Fake/15.wav,1,MEN,MEN-S7M02,TG:68cc478016d585cf,4.2382812,1,0.4741666666666666,0.9857729
mendeley/extracted/Bangla Audio Dataset Original and DeepFake Voices for AI-Based Voice Analysis and Detection/Dataset/S7M02/Fake/16.wav,1,MEN,MEN-S7M02,TG:8a409d6261087b5b,7.1484375,1,0.4441666666666667,0.99921453
mendeley/extracted/Bangla Audio Dataset Original and DeepFake Voices for AI-Based Voice Analysis and Detection/Dataset/S7M02/Fake/17.wav,1,MEN,MEN-S7M02,TG:3895276c9cd52a4f,8.703125,1,0.3425,0.99983394
mendeley/extracted/Bangla Audio Dataset Original and DeepFake Voices for AI-Based Voice Analysis and Detection/Dataset/S7M02/Fake/18.wav,1,MEN,MEN-S7M02,TG:71e5c9ea38e22419,0.8442383,1,0.4691666666666666,0.6993571
mendeley/extracted/Bangla Audio Dataset Original and DeepFake Voices for AI-Based Voice Analysis and Detection/Dataset/S7M02/Fake/19.wav,1,MEN,MEN-S7M02,TG:b1cbde63bd64a611,-1.8642578,1,0.4108333333333334,0.13420755
mendeley/extracted/Bangla Audio Dataset Original and DeepFake Voices for AI-Based Voice Analysis and Detection/Dataset/S7M02/Fake/2.wav,1,MEN,MEN-S7M02,TG:35e8d8c301bdd724,0.35473633,1,0.2658333333333333,0.58776563
mendeley/extracted/Bangla Audio Dataset Original and DeepFake Voices for AI-Based Voice Analysis and Detection/Dataset/S7M02/Fake/20.wav,1,MEN,MEN-S7M02,TG:4eede860135e46e0,-2.3066406,1,0.5191666666666667,0.09057447
mendeley/extracted/Bangla Audio Dataset Original and DeepFake Voices for AI-Based Voice Analysis and Detection/Dataset/S7M02/Fake/21.wav,1,MEN,MEN-S7M02,TG:4e327253a4899166,-14.875,1,0.3608333333333333,3.4663262e-07
mendeley/extracted/Bangla Audio Dataset Original and DeepFake Voices for AI-Based Voice Analysis and Detection/Dataset/S7M02/Fake/22.wav,1,MEN,MEN-S7M02,TG:8e687e6d6eee3110,1.0810547,1,0.4908333333333333,0.7466935
mendeley/extracted/Bangla Audio Dataset Original and DeepFake Voices for AI-Based Voice Analysis and Detection/Dataset/S7M02/Fake/23.wav,1,MEN,MEN-S7M02,TG:79f5ecabaa235f39,0.32226562,1,0.4275,0.5798763
mendeley/extracted/Bangla Audio Dataset Original and DeepFake Voices for AI-Based Voice Analysis and Detection/Dataset/S7M02/Fake/24.wav,1,MEN,MEN-S7M02,TG:56c4a127e94b529e,6.0546875,1,0.5041666666666667,0.9976586
mendeley/extracted/Bangla Audio Dataset Original and DeepFake Voices for AI-Based Voice Analysis and Detection/Dataset/S7M02/Fake/25.wav,1,MEN,MEN-S7M02,TG:0c4b996c57ad3a91,8.296875,1,0.4275,0.9997508
mendeley/extracted/Bangla Audio Dataset Original and DeepFake Voices for AI-Based Voice Analysis and Detection/Dataset/S7M02/Fake/26.wav,1,MEN,MEN-S7M02,TG:623c9bc53763d833,-6.09375,1,0.4741666666666666,0.0022518472
mendeley/extracted/Bangla Audio Dataset Original and DeepFake Voices for AI-Based Voice Analysis and Detection/Dataset/S7M02/Fake/27.wav,1,MEN,MEN-S7M02,TG:3b9d2469ed9fecdf,14.921875,1,0.3525,0.99999964
mendeley/extracted/Bangla Audio Dataset Original and DeepFake Voices for AI-Based Voice Analysis and Detection/Dataset/S7M02/Fake/28.wav,1,MEN,MEN-S7M02,TG:299dcf88a7bd7e02,8.265625,1,0.5558333333333334,0.9997428
mendeley/extracted/Bangla Audio Dataset Original and DeepFake Voices for AI-Based Voice Analysis and Detection/Dataset/S7M02/Fake/29.wav,1,MEN,MEN-S7M02,TG:50986d508a0b6329,10.2578125,1,0.4725,0.99996495
mendeley/extracted/Bangla Audio Dataset Original and DeepFake Voices for AI-Based Voice Analysis and Detection/Dataset/S7M02/Fake/3.wav,1,MEN,MEN-S7M02,TG:0482b7506606c32f,4.65625,1,0.5041666666666667,0.9905874
mendeley/extracted/Bangla Audio Dataset Original and DeepFake Voices for AI-Based Voice Analysis and Detection/Dataset/S7M02/Fake/30.wav,1,MEN,MEN-S7M02,TG:39761131a871177e,9.296875,1,0.5491666666666667,0.9999083
mendeley/extracted/Bangla Audio Dataset Original and DeepFake Voices for AI-Based Voice Analysis and Detection/Dataset/S7M02/Fake/4.wav,1,MEN,MEN-S7M02,TG:b56423de78c5c27e,9.765625,1,0.5391666666666667,0.99994266
mendeley/extracted/Bangla Audio Dataset Original and DeepFake Voices for AI-Based Voice Analysis and Detection/Dataset/S7M02/Fake/5.wav,1,MEN,MEN-S7M02,TG:538c010dab2f3679,11.421875,1,0.4675,0.99998903
mendeley/extracted/Bangla Audio Dataset Original and DeepFake Voices for AI-Based Voice Analysis and Detection/Dataset/S7M02/Fake/6.wav,1,MEN,MEN-S7M02,TG:2c57d29c7fa122ba,6.3632812,1,0.5691666666666666,0.99827933
mendeley/extracted/Bangla Audio Dataset Original and DeepFake Voices for AI-Based Voice Analysis and Detection/Dataset/S7M02/Fake/7.wav,1,MEN,MEN-S7M02,TG:5403d84ab3fbd6ab,0.3864746,1,0.5941666666666667,0.5954337
mendeley/extracted/Bangla Audio Dataset Original and DeepFake Voices for AI-Based Voice Analysis and Detection/Dataset/S7M02/Fake/8.wav,1,MEN,MEN-S7M02,TG:350a439fb9ac1017,2.0039062,1,0.3275,0.8812066
mendeley/extracted/Bangla Audio Dataset Original and DeepFake Voices for AI-Based Voice Analysis and Detection/Dataset/S7M02/Fake/9.wav,1,MEN,MEN-S7M02,TG:fe872bec1d5fec5d,0.27929688,1,0.4341666666666667,0.56937385
mendeley/extracted/Bangla Audio Dataset Original and DeepFake Voices for AI-Based Voice Analysis and Detection/Dataset/S7M02/Real/1.wav,0,MEN,MEN-S7M02,TG:e7a787eae2aadd63,-3.6074219,1,0.3675,0.026405517
mendeley/extracted/Bangla Audio Dataset Original and DeepFake Voices for AI-Based Voice Analysis and Detection/Dataset/S7M02/Real/10.wav,0,MEN,MEN-S7M02,TG:b6cccc89a145b946,-28.359375,1,0.5675,4.8270296e-13
mendeley/extracted/Bangla Audio Dataset Original and DeepFake Voices for AI-Based Voice Analysis and Detection/Dataset/S7M02/Real/11.wav,0,MEN,MEN-S7M02,TG:e3a0955d69b2e8ce,-26.453125,1,0.6008333333333333,3.2475348e-12
mendeley/extracted/Bangla Audio Dataset Original and DeepFake Voices for AI-Based Voice Analysis and Detection/Dataset/S7M02/Real/12.wav,0,MEN,MEN-S7M02,TG:fbaa8ee664289e26,-11.0625,1,0.3841666666666666,1.568955e-05
mendeley/extracted/Bangla Audio Dataset Original and DeepFake Voices for AI-Based Voice Analysis and Detection/Dataset/S7M02/Real/13.wav,0,MEN,MEN-S7M02,TG:b315345b73c7782e,-12.6796875,1,0.5341666666666667,3.1137256e-06
mendeley/extracted/Bangla Audio Dataset Original and DeepFake Voices for AI-Based Voice Analysis and Detection/Dataset/S7M02/Real/14.wav,0,MEN,MEN-S7M02,TG:571ef3400a5435e2,5.1132812,1,0.5675,0.99401975
mendeley/extracted/Bangla Audio Dataset Original and DeepFake Voices for AI-Based Voice Analysis and Detection/Dataset/S7M02/Real/15.wav,0,MEN,MEN-S7M02,TG:68cc478016d585cf,-9.8515625,1,0.5675,5.266206e-05
mendeley/extracted/Bangla Audio Dataset Original and DeepFake Voices for AI-Based Voice Analysis and Detection/Dataset/S7M02/Real/16.wav,0,MEN,MEN-S7M02,TG:8a409d6261087b5b,-8.5234375,1,0.5341666666666667,0.00019871553
mendeley/extracted/Bangla Audio Dataset Original and DeepFake Voices for AI-Based Voice Analysis and Detection/Dataset/S7M02/Real/17.wav,0,MEN,MEN-S7M02,TG:3895276c9cd52a4f,4.265625,1,0.4675,0.9861514
mendeley/extracted/Bangla Audio Dataset Original and DeepFake Voices for AI-Based Voice Analysis and Detection/Dataset/S7M02/Real/18.wav,0,MEN,MEN-S7M02,TG:71e5c9ea38e22419,-13.0546875,1,0.5341666666666667,2.1400322e-06
mendeley/extracted/Bangla Audio Dataset Original and DeepFake Voices for AI-Based Voice Analysis and Detection/Dataset/S7M02/Real/19.wav,0,MEN,MEN-S7M02,TG:b1cbde63bd64a611,-4.8085938,1,0.4175,0.00809329
mendeley/extracted/Bangla Audio Dataset Original and DeepFake Voices for AI-Based Voice Analysis and Detection/Dataset/S7M02/Real/2.wav,0,MEN,MEN-S7M02,TG:35e8d8c301bdd724,-22.921875,1,0.4508333333333333,1.10957375e-10
mendeley/extracted/Bangla Audio Dataset Original and DeepFake Voices for AI-Based Voice Analysis and Detection/Dataset/S7M02/Real/20.wav,0,MEN,MEN-S7M02,TG:4eede860135e46e0,-15.5859375,1,0.6008333333333333,1.7026026e-07
mendeley/extracted/Bangla Audio Dataset Original and DeepFake Voices for AI-Based Voice Analysis and Detection/Dataset/S7M02/Real/21.wav,0,MEN,MEN-S7M02,TG:4e327253a4899166,-17.40625,1,0.5508333333333333,2.7577933e-08
mendeley/extracted/Bangla Audio Dataset Original and DeepFake Voices for AI-Based Voice Analysis and Detection/Dataset/S7M02/Real/22.wav,0,MEN,MEN-S7M02,TG:8e687e6d6eee3110,-10.5234375,1,0.6008333333333333,2.6897846e-05
mendeley/extracted/Bangla Audio Dataset Original and DeepFake Voices for AI-Based Voice Analysis and Detection/Dataset/S7M02/Real/23.wav,0,MEN,MEN-S7M02,TG:79f5ecabaa235f39,-10.65625,1,0.5008333333333334,2.3552619e-05
mendeley/extracted/Bangla Audio Dataset Original and DeepFake Voices for AI-Based Voice Analysis and Detection/Dataset/S7M02/Real/24.wav,0,MEN,MEN-S7M02,TG:56c4a127e94b529e,5.4296875,1,0.6008333333333333,0.9956346
mendeley/extracted/Bangla Audio Dataset Original and DeepFake Voices for AI-Based Voice Analysis and Detection/Dataset/S7M02/Real/25.wav,0,MEN,MEN-S7M02,TG:0c4b996c57ad3a91,7.9492188,1,0.5341666666666667,0.99964714
mendeley/extracted/Bangla Audio Dataset Original and DeepFake Voices for AI-Based Voice Analysis and Detection/Dataset/S7M02/Real/26.wav,0,MEN,MEN-S7M02,TG:623c9bc53763d833,-10.6171875,1,0.5175000000000001,2.4490826e-05
mendeley/extracted/Bangla Audio Dataset Original and DeepFake Voices for AI-Based Voice Analysis and Detection/Dataset/S7M02/Real/27.wav,0,MEN,MEN-S7M02,TG:3b9d2469ed9fecdf,5.546875,1,0.4508333333333333,0.99611557
mendeley/extracted/Bangla Audio Dataset Original and DeepFake Voices for AI-Based Voice Analysis and Detection/Dataset/S7M02/Real/28.wav,0,MEN,MEN-S7M02,TG:299dcf88a7bd7e02,-10.9296875,1,0.6008333333333333,1.791799e-05
mendeley/extracted/Bangla Audio Dataset Original and DeepFake Voices for AI-Based Voice Analysis and Detection/Dataset/S7M02/Real/29.wav,0,MEN,MEN-S7M02,TG:50986d508a0b6329,-14.3515625,1,0.5508333333333333,5.850533e-07
mendeley/extracted/Bangla Audio Dataset Original and DeepFake Voices for AI-Based Voice Analysis and Detection/Dataset/S7M02/Real/3.wav,0,MEN,MEN-S7M02,TG:0482b7506606c32f,-18.21875,1,0.5175000000000001,1.2237632e-08
mendeley/extracted/Bangla Audio Dataset Original and DeepFake Voices for AI-Based Voice Analysis and Detection/Dataset/S7M02/Real/30.wav,0,MEN,MEN-S7M02,TG:39761131a871177e,-17.0,1,0.5008333333333334,4.1399378e-08
mendeley/extracted/Bangla Audio Dataset Original and DeepFake Voices for AI-Based Voice Analysis and Detection/Dataset/S7M02/Real/4.wav,0,MEN,MEN-S7M02,TG:b56423de78c5c27e,-24.9375,1,0.4008333333333334,1.478364e-11
mendeley/extracted/Bangla Audio Dataset Original and DeepFake Voices for AI-Based Voice Analysis and Detection/Dataset/S7M02/Real/5.wav,0,MEN,MEN-S7M02,TG:538c010dab2f3679,-26.953125,1,0.6841666666666666,1.9697293e-12
mendeley/extracted/Bangla Audio Dataset Original and DeepFake Voices for AI-Based Voice Analysis and Detection/Dataset/S7M02/Real/6.wav,0,MEN,MEN-S7M02,TG:2c57d29c7fa122ba,-17.140625,1,0.6008333333333333,3.59684e-08
mendeley/extracted/Bangla Audio Dataset Original and DeepFake Voices for AI-Based Voice Analysis and Detection/Dataset/S7M02/Real/7.wav,0,MEN,MEN-S7M02,TG:5403d84ab3fbd6ab,-35.09375,1,0.5508333333333333,5.7408743e-16
mendeley/extracted/Bangla Audio Dataset Original and DeepFake Voices for AI-Based Voice Analysis and Detection/Dataset/S7M02/Real/8.wav,0,MEN,MEN-S7M02,TG:350a439fb9ac1017,-12.0546875,1,0.4508333333333333,5.8171895e-06
mendeley/extracted/Bangla Audio Dataset Original and DeepFake Voices for AI-Based Voice Analysis and Detection/Dataset/S7M02/Real/9.wav,0,MEN,MEN-S7M02,TG:fe872bec1d5fec5d,-12.0234375,1,0.5675,6.001846e-06
mendeley/extracted/Bangla Audio Dataset Original and DeepFake Voices for AI-Based Voice Analysis and Detection/Dataset/S7M03/Fake/1.wav,1,MEN,MEN-S7M03,TG:e7a787eae2aadd63,7.9648438,1,0.4608333333333333,0.9996526
mendeley/extracted/Bangla Audio Dataset Original and DeepFake Voices for AI-Based Voice Analysis and Detection/Dataset/S7M03/Fake/10.wav,1,MEN,MEN-S7M03,TG:b6cccc89a145b946,10.046875,1,0.4708333333333333,0.9999567
mendeley/extracted/Bangla Audio Dataset Original and DeepFake Voices for AI-Based Voice Analysis and Detection/Dataset/S7M03/Fake/11.wav,1,MEN,MEN-S7M03,TG:e3a0955d69b2e8ce,-4.3320312,1,0.4408333333333333,0.012970387
mendeley/extracted/Bangla Audio Dataset Original and DeepFake Voices for AI-Based Voice Analysis and Detection/Dataset/S7M03/Fake/12.wav,1,MEN,MEN-S7M03,TG:fbaa8ee664289e26,-21.828125,1,0.4408333333333333,3.3125752e-10
mendeley/extracted/Bangla Audio Dataset Original and DeepFake Voices for AI-Based Voice Analysis and Detection/Dataset/S7M03/Fake/13.wav,1,MEN,MEN-S7M03,TG:b315345b73c7782e,-19.1875,1,0.4291666666666667,4.6448814e-09
mendeley/extracted/Bangla Audio Dataset Original and DeepFake Voices for AI-Based Voice Analysis and Detection/Dataset/S7M03/Fake/14.wav,1,MEN,MEN-S7M03,TG:571ef3400a5435e2,-0.30004883,1,0.4475,0.42554557
mendeley/extracted/Bangla Audio Dataset Original and DeepFake Voices for AI-Based Voice Analysis and Detection/Dataset/S7M03/Fake/15.wav,1,MEN,MEN-S7M03,TG:68cc478016d585cf,0.6738281,1,0.4725,0.6623598
mendeley/extracted/Bangla Audio Dataset Original and DeepFake Voices for AI-Based Voice Analysis and Detection/Dataset/S7M03/Fake/16.wav,1,MEN,MEN-S7M03,TG:8a409d6261087b5b,2.7089844,1,0.4475,0.9375548
mendeley/extracted/Bangla Audio Dataset Original and DeepFake Voices for AI-Based Voice Analysis and Detection/Dataset/S7M03/Fake/17.wav,1,MEN,MEN-S7M03,TG:3895276c9cd52a4f,3.5722656,1,0.4641666666666666,0.97267544
mendeley/extracted/Bangla Audio Dataset Original and DeepFake Voices for AI-Based Voice Analysis and Detection/Dataset/S7M03/Fake/18.wav,1,MEN,MEN-S7M03,TG:71e5c9ea38e22419,4.9296875,1,0.5125,0.9928231
mendeley/extracted/Bangla Audio Dataset Original and DeepFake Voices for AI-Based Voice Analysis and Detection/Dataset/S7M03/Fake/19.wav,1,MEN,MEN-S7M03,TG:b1cbde63bd64a611,1.0917969,1,0.3108333333333333,0.74871993
mendeley/extracted/Bangla Audio Dataset Original and DeepFake Voices for AI-Based Voice Analysis and Detection/Dataset/S7M03/Fake/2.wav,1,MEN,MEN-S7M03,TG:35e8d8c301bdd724,-2.0449219,1,0.2275,0.11456649
mendeley/extracted/Bangla Audio Dataset Original and DeepFake Voices for AI-Based Voice Analysis and Detection/Dataset/S7M03/Fake/20.wav,1,MEN,MEN-S7M03,TG:4eede860135e46e0,-12.5703125,1,0.5508333333333333,3.4736104e-06
mendeley/extracted/Bangla Audio Dataset Original and DeepFake Voices for AI-Based Voice Analysis and Detection/Dataset/S7M03/Fake/21.wav,1,MEN,MEN-S7M03,TG:4e327253a4899166,-14.6796875,1,0.4058333333333334,4.2139806e-07
mendeley/extracted/Bangla Audio Dataset Original and DeepFake Voices for AI-Based Voice Analysis and Detection/Dataset/S7M03/Fake/22.wav,1,MEN,MEN-S7M03,TG:8e687e6d6eee3110,4.0351562,1,0.5275000000000001,0.98262435
mendeley/extracted/Bangla Audio Dataset Original and DeepFake Voices for AI-Based Voice Analysis and Detection/Dataset/S7M03/Fake/23.wav,1,MEN,MEN-S7M03,TG:79f5ecabaa235f39,-11.828125,1,0.4391666666666667,7.29638e-06
mendeley/extracted/Bangla Audio Dataset Original and DeepFake Voices for AI-Based Voice Analysis and Detection/Dataset/S7M03/Fake/24.wav,1,MEN,MEN-S7M03,TG:56c4a127e94b529e,-14.453125,1,0.5608333333333333,5.2855154e-07
mendeley/extracted/Bangla Audio Dataset Original and DeepFake Voices for AI-Based Voice Analysis and Detection/Dataset/S7M03/Fake/25.wav,1,MEN,MEN-S7M03,TG:0c4b996c57ad3a91,1.8417969,1,0.3891666666666666,0.8631611
mendeley/extracted/Bangla Audio Dataset Original and DeepFake Voices for AI-Based Voice Analysis and Detection/Dataset/S7M03/Fake/26.wav,1,MEN,MEN-S7M03,TG:623c9bc53763d833,6.0546875,1,0.4775,0.9976586
mendeley/extracted/Bangla Audio Dataset Original and DeepFake Voices for AI-Based Voice Analysis and Detection/Dataset/S7M03/Fake/27.wav,1,MEN,MEN-S7M03,TG:3b9d2469ed9fecdf,2.8554688,1,0.3125,0.9456007
mendeley/extracted/Bangla Audio Dataset Original and DeepFake Voices for AI-Based Voice Analysis and Detection/Dataset/S7M03/Fake/28.wav,1,MEN,MEN-S7M03,TG:299dcf88a7bd7e02,7.6132812,1,0.5708333333333333,0.99950635
mendeley/extracted/Bangla Audio Dataset Original and DeepFake Voices for AI-Based Voice Analysis and Detection/Dataset/S7M03/Fake/29.wav,1,MEN,MEN-S7M03,TG:50986d508a0b6329,-6.4257812,1,0.3391666666666666,0.0016166499
mendeley/extracted/Bangla Audio Dataset Original and DeepFake Voices for AI-Based Voice Analysis and Detection/Dataset/S7M03/Fake/3.wav,1,MEN,MEN-S7M03,TG:0482b7506606c32f,-8.234375,1,0.4641666666666666,0.00026530237
mendeley/extracted/Bangla Audio Dataset Original and DeepFake Voices for AI-Based Voice Analysis and Detection/Dataset/S7M03/Fake/30.wav,1,MEN,MEN-S7M03,TG:39761131a871177e,2.1777344,1,0.5275000000000001,0.89823216
mendeley/extracted/Bangla Audio Dataset Original and DeepFake Voices for AI-Based Voice Analysis and Detection/Dataset/S7M03/Fake/4.wav,1,MEN,MEN-S7M03,TG:b56423de78c5c27e,5.0429688,1,0.5375,0.9935868
mendeley/extracted/Bangla Audio Dataset Original and DeepFake Voices for AI-Based Voice Analysis and Detection/Dataset/S7M03/Fake/5.wav,1,MEN,MEN-S7M03,TG:538c010dab2f3679,11.390625,1,0.4024999999999999,0.9999887
mendeley/extracted/Bangla Audio Dataset Original and DeepFake Voices for AI-Based Voice Analysis and Detection/Dataset/S7M03/Fake/6.wav,1,MEN,MEN-S7M03,TG:2c57d29c7fa122ba,7.46875,1,0.5808333333333333,0.99942964
mendeley/extracted/Bangla Audio Dataset Original and DeepFake Voices for AI-Based Voice Analysis and Detection/Dataset/S7M03/Fake/7.wav,1,MEN,MEN-S7M03,TG:5403d84ab3fbd6ab,-15.390625,1,0.5675,2.0698383e-07
mendeley/extracted/Bangla Audio Dataset Original and DeepFake Voices for AI-Based Voice Analysis and Detection/Dataset/S7M03/Fake/8.wav,1,MEN,MEN-S7M03,TG:350a439fb9ac1017,1.1494141,1,0.3608333333333333,0.7594039
mendeley/extracted/Bangla Audio Dataset Original and DeepFake Voices for AI-Based Voice Analysis and Detection/Dataset/S7M03/Fake/9.wav,1,MEN,MEN-S7M03,TG:fe872bec1d5fec5d,3.0214844,1,0.4975,0.9535353
mendeley/extracted/Bangla Audio Dataset Original and DeepFake Voices for AI-Based Voice Analysis and Detection/Dataset/S7M03/Real/1.wav,0,MEN,MEN-S7M03,TG:e7a787eae2aadd63,-9.921875,1,0.4675,4.908662e-05
mendeley/extracted/Bangla Audio Dataset Original and DeepFake Voices for AI-Based Voice Analysis and Detection/Dataset/S7M03/Real/10.wav,0,MEN,MEN-S7M03,TG:b6cccc89a145b946,-13.8046875,1,0.5675,1.0108807e-06
mendeley/extracted/Bangla Audio Dataset Original and DeepFake Voices for AI-Based Voice Analysis and Detection/Dataset/S7M03/Real/11.wav,0,MEN,MEN-S7M03,TG:e3a0955d69b2e8ce,-19.03125,1,0.5841666666666667,5.430416e-09
mendeley/extracted/Bangla Audio Dataset Original and DeepFake Voices for AI-Based Voice Analysis and Detection/Dataset/S7M03/Real/12.wav,0,MEN,MEN-S7M03,TG:fbaa8ee664289e26,-0.88623047,1,0.5341666666666667,0.29188836
mendeley/extracted/Bangla Audio Dataset Original and DeepFake Voices for AI-Based Voice Analysis and Detection/Dataset/S7M03/Real/13.wav,0,MEN,MEN-S7M03,TG:b315345b73c7782e,-8.8828125,1,0.5175000000000001,0.00013873413
mendeley/extracted/Bangla Audio Dataset Original and DeepFake Voices for AI-Based Voice Analysis and Detection/Dataset/S7M03/Real/14.wav,0,MEN,MEN-S7M03,TG:571ef3400a5435e2,6.8710938,1,0.5341666666666667,0.9989637
mendeley/extracted/Bangla Audio Dataset Original and DeepFake Voices for AI-Based Voice Analysis and Detection/Dataset/S7M03/Real/15.wav,0,MEN,MEN-S7M03,TG:68cc478016d585cf,-9.3203125,1,0.5175000000000001,8.957789e-05
mendeley/extracted/Bangla Audio Dataset Original and DeepFake Voices for AI-Based Voice Analysis and Detection/Dataset/S7M03/Real/16.wav,0,MEN,MEN-S7M03,TG:8a409d6261087b5b,-0.77246094,1,0.5175000000000001,0.315947
mendeley/extracted/Bangla Audio Dataset Original and DeepFake Voices for AI-Based Voice Analysis and Detection/Dataset/S7M03/Real/17.wav,0,MEN,MEN-S7M03,TG:3895276c9cd52a4f,-16.28125,1,0.5175000000000001,8.4945995e-08
mendeley/extracted/Bangla Audio Dataset Original and DeepFake Voices for AI-Based Voice Analysis and Detection/Dataset/S7M03/Real/18.wav,0,MEN,MEN-S7M03,TG:71e5c9ea38e22419,-15.2421875,1,0.5341666666666667,2.401054e-07
mendeley/extracted/Bangla Audio Dataset Original and DeepFake Voices for AI-Based Voice Analysis and Detection/Dataset/S7M03/Real/19.wav,0,MEN,MEN-S7M03,TG:b1cbde63bd64a611,-9.3671875,1,0.4841666666666666,8.5476175e-05
mendeley/extracted/Bangla Audio Dataset Original and DeepFake Voices for AI-Based Voice Analysis and Detection/Dataset/S7M03/Real/2.wav,0,MEN,MEN-S7M03,TG:35e8d8c301bdd724,-3.5097656,1,0.5175000000000001,0.029035643
mendeley/extracted/Bangla Audio Dataset Original and DeepFake Voices for AI-Based Voice Analysis and Detection/Dataset/S7M03/Real/20.wav,0,MEN,MEN-S7M03,TG:4eede860135e46e0,-18.03125,1,0.5008333333333334,1.4761403e-08
mendeley/extracted/Bangla Audio Dataset Original and DeepFake Voices for AI-Based Voice Analysis and Detection/Dataset/S7M03/Real/21.wav,0,MEN,MEN-S7M03,TG:4e327253a4899166,-15.1953125,1,0.5508333333333333,2.516283e-07
mendeley/extracted/Bangla Audio Dataset Original and DeepFake Voices for AI-Based Voice Analysis and Detection/Dataset/S7M03/Real/22.wav,0,MEN,MEN-S7M03,TG:8e687e6d6eee3110,-10.9609375,1,0.5175000000000001,1.736672e-05
mendeley/extracted/Bangla Audio Dataset Original and DeepFake Voices for AI-Based Voice Analysis and Detection/Dataset/S7M03/Real/23.wav,0,MEN,MEN-S7M03,TG:79f5ecabaa235f39,-15.578125,1,0.4841666666666666,1.715956e-07
mendeley/extracted/Bangla Audio Dataset Original and DeepFake Voices for AI-Based Voice Analysis and Detection/Dataset/S7M03/Real/24.wav,0,MEN,MEN-S7M03,TG:56c4a127e94b529e,-10.84375,1,0.5008333333333334,1.9525885e-05
mendeley/extracted/Bangla Audio Dataset Original and DeepFake Voices for AI-Based Voice Analysis and Detection/Dataset/S7M03/Real/25.wav,0,MEN,MEN-S7M03,TG:0c4b996c57ad3a91,-12.8515625,1,0.5675,2.6220212e-06
mendeley/extracted/Bangla Audio Dataset Original and DeepFake Voices for AI-Based Voice Analysis and Detection/Dataset/S7M03/Real/26.wav,0,MEN,MEN-S7M03,TG:623c9bc53763d833,-13.1640625,1,0.5675,1.918313e-06
mendeley/extracted/Bangla Audio Dataset Original and DeepFake Voices for AI-Based Voice Analysis and Detection/Dataset/S7M03/Real/27.wav,0,MEN,MEN-S7M03,TG:3b9d2469ed9fecdf,-23.1875,1,0.4841666666666666,8.507397e-11
mendeley/extracted/Bangla Audio Dataset Original and DeepFake Voices for AI-Based Voice Analysis and Detection/Dataset/S7M03/Real/28.wav,0,MEN,MEN-S7M03,TG:299dcf88a7bd7e02,-11.46875,1,0.5341666666666667,1.0451548e-05
mendeley/extracted/Bangla Audio Dataset Original and DeepFake Voices for AI-Based Voice Analysis and Detection/Dataset/S7M03/Real/29.wav,0,MEN,MEN-S7M03,TG:50986d508a0b6329,-18.4375,1,0.5508333333333333,9.833214e-09
mendeley/extracted/Bangla Audio Dataset Original and DeepFake Voices for AI-Based Voice Analysis and Detection/Dataset/S7M03/Real/3.wav,0,MEN,MEN-S7M03,TG:0482b7506606c32f,-18.0,1,0.5508333333333333,1.5229979e-08
mendeley/extracted/Bangla Audio Dataset Original and DeepFake Voices for AI-Based Voice Analysis and Detection/Dataset/S7M03/Real/30.wav,0,MEN,MEN-S7M03,TG:39761131a871177e,-10.703125,1,0.5175000000000001,2.247409e-05
mendeley/extracted/Bangla Audio Dataset Original and DeepFake Voices for AI-Based Voice Analysis and Detection/Dataset/S7M03/Real/4.wav,0,MEN,MEN-S7M03,TG:b56423de78c5c27e,-20.171875,1,0.5341666666666667,1.7356654e-09
mendeley/extracted/Bangla Audio Dataset Original and DeepFake Voices for AI-Based Voice Analysis and Detection/Dataset/S7M03/Real/5.wav,0,MEN,MEN-S7M03,TG:538c010dab2f3679,-21.859375,1,0.5341666666666667,3.2106584e-10
mendeley/extracted/Bangla Audio Dataset Original and DeepFake Voices for AI-Based Voice Analysis and Detection/Dataset/S7M03/Real/6.wav,0,MEN,MEN-S7M03,TG:2c57d29c7fa122ba,-14.6796875,1,0.5675,4.2139806e-07
mendeley/extracted/Bangla Audio Dataset Original and DeepFake Voices for AI-Based Voice Analysis and Detection/Dataset/S7M03/Real/7.wav,0,MEN,MEN-S7M03,TG:5403d84ab3fbd6ab,-11.203125,1,0.5675,1.3631346e-05
mendeley/extracted/Bangla Audio Dataset Original and DeepFake Voices for AI-Based Voice Analysis and Detection/Dataset/S7M03/Real/8.wav,0,MEN,MEN-S7M03,TG:350a439fb9ac1017,-14.25,1,0.5175000000000001,6.475948e-07
mendeley/extracted/Bangla Audio Dataset Original and DeepFake Voices for AI-Based Voice Analysis and Detection/Dataset/S7M03/Real/9.wav,0,MEN,MEN-S7M03,TG:fe872bec1d5fec5d,-13.828125,1,0.5675,9.874639e-07
mendeley/extracted/Bangla Audio Dataset Original and DeepFake Voices for AI-Based Voice Analysis and Detection/Dataset/S8F01/Fake/1.wav,1,MEN,MEN-S8F01,TG:760e3ce681aa7630,-10.96875,1,0.5208333333333333,1.7231572e-05
mendeley/extracted/Bangla Audio Dataset Original and DeepFake Voices for AI-Based Voice Analysis and Detection/Dataset/S8F01/Fake/10.wav,1,MEN,MEN-S8F01,TG:7ccc8eca646a6e57,-6.6210938,1,0.5541666666666667,0.0013302016
mendeley/extracted/Bangla Audio Dataset Original and DeepFake Voices for AI-Based Voice Analysis and Detection/Dataset/S8F01/Fake/11.wav,1,MEN,MEN-S8F01,TG:872f6260af58529e,4.5273438,1,0.4541666666666667,0.9893063
mendeley/extracted/Bangla Audio Dataset Original and DeepFake Voices for AI-Based Voice Analysis and Detection/Dataset/S8F01/Fake/12.wav,1,MEN,MEN-S8F01,TG:bbd38849c3dc44fa,-15.0,1,0.4475,3.0590226e-07
mendeley/extracted/Bangla Audio Dataset Original and DeepFake Voices for AI-Based Voice Analysis and Detection/Dataset/S8F01/Fake/13.wav,1,MEN,MEN-S8F01,TG:08c5075532646c3a,-6.4570312,1,0.4425,0.0015669888
mendeley/extracted/Bangla Audio Dataset Original and DeepFake Voices for AI-Based Voice Analysis and Detection/Dataset/S8F01/Fake/14.wav,1,MEN,MEN-S8F01,TG:77bf98e46646f28d,-8.5546875,1,0.4075,0.00019260288
mendeley/extracted/Bangla Audio Dataset Original and DeepFake Voices for AI-Based Voice Analysis and Detection/Dataset/S8F01/Fake/15.wav,1,MEN,MEN-S8F01,TG:3eb14b84f28303c8,-2.5058594,1,0.4575,0.07544843
mendeley/extracted/Bangla Audio Dataset Original and DeepFake Voices for AI-Based Voice Analysis and Detection/Dataset/S8F01/Fake/16.wav,1,MEN,MEN-S8F01,TG:0ea8bc04161b1f2f,-22.859375,1,0.4058333333333334,1.181135e-10
mendeley/extracted/Bangla Audio Dataset Original and DeepFake Voices for AI-Based Voice Analysis and Detection/Dataset/S8F01/Fake/17.wav,1,MEN,MEN-S8F01,TG:66c39665bb32ee30,-11.359375,1,0.3991666666666666,1.1659531e-05
mendeley/extracted/Bangla Audio Dataset Original and DeepFake Voices for AI-Based Voice Analysis and Detection/Dataset/S8F01/Fake/18.wav,1,MEN,MEN-S8F01,TG:b494f4a3b1edf8db,4.53125,1,0.4808333333333333,0.98934746
mendeley/extracted/Bangla Audio Dataset Original and DeepFake Voices for AI-Based Voice Analysis and Detection/Dataset/S8F01/Fake/19.wav,1,MEN,MEN-S8F01,TG:2787a2a24a265664,-13.9921875,1,0.4075,8.380498e-07
mendeley/extracted/Bangla Audio Dataset Original and DeepFake Voices for AI-Based Voice Analysis and Detection/Dataset/S8F01/Fake/2.wav,1,MEN,MEN-S8F01,TG:bac6bd4d479b8a5b,5.765625,1,0.5141666666666667,0.99687636
mendeley/extracted/Bangla Audio Dataset Original and DeepFake Voices for AI-Based Voice Analysis and Detection/Dataset/S8F01/Fake/20.wav,1,MEN,MEN-S8F01,TG:c9b9b4cacb95876e,-12.3125,1,0.3841666666666666,4.4951817e-06
mendeley/extracted/Bangla Audio Dataset Original and DeepFake Voices for AI-Based Voice Analysis and Detection/Dataset/S8F01/Fake/21.wav,1,MEN,MEN-S8F01,TG:05910b36b882676c,-11.8515625,1,0.5008333333333334,7.12736e-06
mendeley/extracted/Bangla Audio Dataset Original and DeepFake Voices for AI-Based Voice Analysis and Detection/Dataset/S8F01/Fake/22.wav,1,MEN,MEN-S8F01,TG:63d69875a36d8c5d,-7.2304688,1,0.3291666666666667,0.00072365726
mendeley/extracted/Bangla Audio Dataset Original and DeepFake Voices for AI-Based Voice Analysis and Detection/Dataset/S8F01/Fake/23.wav,1,MEN,MEN-S8F01,TG:59cb211849ea18dc,-0.19787598,1,0.5508333333333333,0.4506918
mendeley/extracted/Bangla Audio Dataset Original and DeepFake Voices for AI-Based Voice Analysis and Detection/Dataset/S8F01/Fake/24.wav,1,MEN,MEN-S8F01,TG:e3ad4512efc8cbc6,-0.45214844,1,0.5208333333333333,0.38885006
mendeley/extracted/Bangla Audio Dataset Original and DeepFake Voices for AI-Based Voice Analysis and Detection/Dataset/S8F01/Fake/25.wav,1,MEN,MEN-S8F01,TG:3b026d0aca15da29,1.0634766,1,0.4841666666666666,0.7433543
mendeley/extracted/Bangla Audio Dataset Original and DeepFake Voices for AI-Based Voice Analysis and Detection/Dataset/S8F01/Fake/26.wav,1,MEN,MEN-S8F01,TG:bc8efbdca8f6081a,-20.03125,1,0.5041666666666667,1.9977386e-09
mendeley/extracted/Bangla Audio Dataset Original and DeepFake Voices for AI-Based Voice Analysis and Detection/Dataset/S8F01/Fake/27.wav,1,MEN,MEN-S8F01,TG:52999faeaa2ecc2d,-14.9375,1,0.4708333333333333,3.2563122e-07
mendeley/extracted/Bangla Audio Dataset Original and DeepFake Voices for AI-Based Voice Analysis and Detection/Dataset/S8F01/Fake/28.wav,1,MEN,MEN-S8F01,TG:352d26f1389a8b5b,-5.6601562,1,0.5208333333333333,0.0034698907
mendeley/extracted/Bangla Audio Dataset Original and DeepFake Voices for AI-Based Voice Analysis and Detection/Dataset/S8F01/Fake/29.wav,1,MEN,MEN-S8F01,TG:38d7ef05bbb12d77,-27.0625,1,0.4975,1.7656538e-12
mendeley/extracted/Bangla Audio Dataset Original and DeepFake Voices for AI-Based Voice Analysis and Detection/Dataset/S8F01/Fake/3.wav,1,MEN,MEN-S8F01,TG:515be6f37ee9bb6b,-0.5864258,1,0.5691666666666666,0.35745537
mendeley/extracted/Bangla Audio Dataset Original and DeepFake Voices for AI-Based Voice Analysis and Detection/Dataset/S8F01/Fake/30.wav,1,MEN,MEN-S8F01,TG:5d0a616d7540918c,3.2597656,1,0.3841666666666666,0.9630224
mendeley/extracted/Bangla Audio Dataset Original and DeepFake Voices for AI-Based Voice Analysis and Detection/Dataset/S8F01/Fake/4.wav,1,MEN,MEN-S8F01,TG:9171bfa0ce6f0284,-18.78125,1,0.5008333333333334,6.9727926e-09
mendeley/extracted/Bangla Audio Dataset Original and DeepFake Voices for AI-Based Voice Analysis and Detection/Dataset/S8F01/Fake/5.wav,1,MEN,MEN-S8F01,TG:c48f3edccc3e1864,-17.9375,1,0.5308333333333333,1.6212228e-08
mendeley/extracted/Bangla Audio Dataset Original and DeepFake Voices for AI-Based Voice Analysis and Detection/Dataset/S8F01/Fake/6.wav,1,MEN,MEN-S8F01,TG:2aa58a4fccd71627,-9.5703125,1,0.4758333333333333,6.976471e-05
mendeley/extracted/Bangla Audio Dataset Original and DeepFake Voices for AI-Based Voice Analysis and Detection/Dataset/S8F01/Fake/7.wav,1,MEN,MEN-S8F01,TG:ea527d337528d827,-19.453125,1,0.5541666666666667,3.5613539e-09
mendeley/extracted/Bangla Audio Dataset Original and DeepFake Voices for AI-Based Voice Analysis and Detection/Dataset/S8F01/Fake/8.wav,1,MEN,MEN-S8F01,TG:0a440d8d407106df,-12.9296875,1,0.4675,2.4249737e-06
mendeley/extracted/Bangla Audio Dataset Original and DeepFake Voices for AI-Based Voice Analysis and Detection/Dataset/S8F01/Fake/9.wav,1,MEN,MEN-S8F01,TG:bf935363bd6823d1,-11.25,1,0.4541666666666667,1.30071285e-05
mendeley/extracted/Bangla Audio Dataset Original and DeepFake Voices for AI-Based Voice Analysis and Detection/Dataset/S8F01/Real/1.wav,0,MEN,MEN-S8F01,TG:760e3ce681aa7630,0.58154297,1,0.5675,0.6414224
mendeley/extracted/Bangla Audio Dataset Original and DeepFake Voices for AI-Based Voice Analysis and Detection/Dataset/S8F01/Real/10.wav,0,MEN,MEN-S8F01,TG:7ccc8eca646a6e57,-14.5546875,1,0.5341666666666667,4.775066e-07
mendeley/extracted/Bangla Audio Dataset Original and DeepFake Voices for AI-Based Voice Analysis and Detection/Dataset/S8F01/Real/11.wav,0,MEN,MEN-S8F01,TG:872f6260af58529e,-17.984375,1,0.5841666666666667,1.5469816e-08
mendeley/extracted/Bangla Audio Dataset Original and DeepFake Voices for AI-Based Voice Analysis and Detection/Dataset/S8F01/Real/12.wav,0,MEN,MEN-S8F01,TG:bbd38849c3dc44fa,-19.96875,1,0.5841666666666667,2.1265816e-09
mendeley/extracted/Bangla Audio Dataset Original and DeepFake Voices for AI-Based Voice Analysis and Detection/Dataset/S8F01/Real/13.wav,0,MEN,MEN-S8F01,TG:08c5075532646c3a,-19.625,1,0.5341666666666667,2.9989609e-09
mendeley/extracted/Bangla Audio Dataset Original and DeepFake Voices for AI-Based Voice Analysis and Detection/Dataset/S8F01/Real/14.wav,0,MEN,MEN-S8F01,TG:77bf98e46646f28d,-25.078125,1,0.4841666666666666,1.2844247e-11
mendeley/extracted/Bangla Audio Dataset Original and DeepFake Voices for AI-Based Voice Analysis and Detection/Dataset/S8F01/Real/15.wav,0,MEN,MEN-S8F01,TG:3eb14b84f28303c8,-6.7539062,1,0.6008333333333333,0.0011649561
mendeley/extracted/Bangla Audio Dataset Original and DeepFake Voices for AI-Based Voice Analysis and Detection/Dataset/S8F01/Real/16.wav,0,MEN,MEN-S8F01,TG:0ea8bc04161b1f2f,-8.9453125,1,0.6174999999999999,0.00013032975
mendeley/extracted/Bangla Audio Dataset Original and DeepFake Voices for AI-Based Voice Analysis and Detection/Dataset/S8F01/Real/17.wav,0,MEN,MEN-S8F01,TG:66c39665bb32ee30,-11.421875,1,0.5341666666666667,1.0953124e-05
mendeley/extracted/Bangla Audio Dataset Original and DeepFake Voices for AI-Based Voice Analysis and Detection/Dataset/S8F01/Real/18.wav,0,MEN,MEN-S8F01,TG:b494f4a3b1edf8db,-9.4765625,1,0.5675,7.662102e-05
mendeley/extracted/Bangla Audio Dataset Original and DeepFake Voices for AI-Based Voice Analysis and Detection/Dataset/S8F01/Real/19.wav,0,MEN,MEN-S8F01,TG:2787a2a24a265664,-13.0859375,1,0.4008333333333334,2.0741907e-06
mendeley/extracted/Bangla Audio Dataset Original and DeepFake Voices for AI-Based Voice Analysis and Detection/Dataset/S8F01/Real/2.wav,0,MEN,MEN-S8F01,TG:bac6bd4d479b8a5b,-8.4609375,1,0.5008333333333334,0.00021152887
mendeley/extracted/Bangla Audio Dataset Original and DeepFake Voices for AI-Based Voice Analysis and Detection/Dataset/S8F01/Real/20.wav,0,MEN,MEN-S8F01,TG:c9b9b4cacb95876e,4.8007812,1,0.4841666666666666,0.99184376
mendeley/extracted/Bangla Audio Dataset Original and DeepFake Voices for AI-Based Voice Analysis and Detection/Dataset/S8F01/Real/21.wav,0,MEN,MEN-S8F01,TG:05910b36b882676c,-9.6171875,1,0.5508333333333333,6.657017e-05
mendeley/extracted/Bangla Audio Dataset Original and DeepFake Voices for AI-Based Voice Analysis and Detection/Dataset/S8F01/Real/22.wav,0,MEN,MEN-S8F01,TG:63d69875a36d8c5d,-8.4140625,1,0.3341666666666666,0.0002216781
mendeley/extracted/Bangla Audio Dataset Original and DeepFake Voices for AI-Based Voice Analysis and Detection/Dataset/S8F01/Real/23.wav,0,MEN,MEN-S8F01,TG:59cb211849ea18dc,-16.96875,1,0.6008333333333333,4.2713534e-08
mendeley/extracted/Bangla Audio Dataset Original and DeepFake Voices for AI-Based Voice Analysis and Detection/Dataset/S8F01/Real/24.wav,0,MEN,MEN-S8F01,TG:e3ad4512efc8cbc6,-14.4921875,1,0.6174999999999999,5.0830306e-07
mendeley/extracted/Bangla Audio Dataset Original and DeepFake Voices for AI-Based Voice Analysis and Detection/Dataset/S8F01/Real/25.wav,0,MEN,MEN-S8F01,TG:3b026d0aca15da29,-20.140625,1,0.5841666666666667,1.7907613e-09
mendeley/extracted/Bangla Audio Dataset Original and DeepFake Voices for AI-Based Voice Analysis and Detection/Dataset/S8F01/Real/26.wav,0,MEN,MEN-S8F01,TG:bc8efbdca8f6081a,-13.84375,1,0.6174999999999999,9.721546e-07
mendeley/extracted/Bangla Audio Dataset Original and DeepFake Voices for AI-Based Voice Analysis and Detection/Dataset/S8F01/Real/27.wav,0,MEN,MEN-S8F01,TG:52999faeaa2ecc2d,-18.46875,1,0.5008333333333334,9.530678e-09
mendeley/extracted/Bangla Audio Dataset Original and DeepFake Voices for AI-Based Voice Analysis and Detection/Dataset/S8F01/Real/28.wav,0,MEN,MEN-S8F01,TG:352d26f1389a8b5b,-9.9453125,1,0.5841666666666667,4.7949583e-05
mendeley/extracted/Bangla Audio Dataset Original and DeepFake Voices for AI-Based Voice Analysis and Detection/Dataset/S8F01/Real/29.wav,0,MEN,MEN-S8F01,TG:38d7ef05bbb12d77,-10.4453125,1,0.6675,2.908344e-05
mendeley/extracted/Bangla Audio Dataset Original and DeepFake Voices for AI-Based Voice Analysis and Detection/Dataset/S8F01/Real/3.wav,0,MEN,MEN-S8F01,TG:515be6f37ee9bb6b,-18.03125,1,0.5841666666666667,1.4761403e-08
mendeley/extracted/Bangla Audio Dataset Original and DeepFake Voices for AI-Based Voice Analysis and Detection/Dataset/S8F01/Real/30.wav,0,MEN,MEN-S8F01,TG:5d0a616d7540918c,-8.046875,1,0.5341666666666667,0.00031999825
mendeley/extracted/Bangla Audio Dataset Original and DeepFake Voices for AI-Based Voice Analysis and Detection/Dataset/S8F01/Real/4.wav,0,MEN,MEN-S8F01,TG:9171bfa0ce6f0284,-16.625,1,0.5675,6.0235735e-08
mendeley/extracted/Bangla Audio Dataset Original and DeepFake Voices for AI-Based Voice Analysis and Detection/Dataset/S8F01/Real/5.wav,0,MEN,MEN-S8F01,TG:c48f3edccc3e1864,-8.734375,1,0.4675,0.00016093084
mendeley/extracted/Bangla Audio Dataset Original and DeepFake Voices for AI-Based Voice Analysis and Detection/Dataset/S8F01/Real/6.wav,0,MEN,MEN-S8F01,TG:2aa58a4fccd71627,-19.765625,1,0.4675,2.6055422e-09
mendeley/extracted/Bangla Audio Dataset Original and DeepFake Voices for AI-Based Voice Analysis and Detection/Dataset/S8F01/Real/7.wav,0,MEN,MEN-S8F01,TG:ea527d337528d827,-19.6875,1,0.5175000000000001,2.8172629e-09
mendeley/extracted/Bangla Audio Dataset Original and DeepFake Voices for AI-Based Voice Analysis and Detection/Dataset/S8F01/Real/8.wav,0,MEN,MEN-S8F01,TG:0a440d8d407106df,-19.765625,1,0.5508333333333333,2.6055422e-09
mendeley/extracted/Bangla Audio Dataset Original and DeepFake Voices for AI-Based Voice Analysis and Detection/Dataset/S8F01/Real/9.wav,0,MEN,MEN-S8F01,TG:bf935363bd6823d1,-7.6992188,1,0.5175000000000001,0.00045297577
mendeley/extracted/Bangla Audio Dataset Original and DeepFake Voices for AI-Based Voice Analysis and Detection/Dataset/S8F02/Fake/1.wav,1,MEN,MEN-S8F02,TG:760e3ce681aa7630,-7.40625,1,0.4941666666666666,0.00060707564
mendeley/extracted/Bangla Audio Dataset Original and DeepFake Voices for AI-Based Voice Analysis and Detection/Dataset/S8F02/Fake/10.wav,1,MEN,MEN-S8F02,TG:7ccc8eca646a6e57,-14.5859375,1,0.5308333333333333,4.6281522e-07
mendeley/extracted/Bangla Audio Dataset Original and DeepFake Voices for AI-Based Voice Analysis and Detection/Dataset/S8F02/Fake/11.wav,1,MEN,MEN-S8F02,TG:872f6260af58529e,-6.6523438,1,0.4741666666666666,0.0012893284
mendeley/extracted/Bangla Audio Dataset Original and DeepFake Voices for AI-Based Voice Analysis and Detection/Dataset/S8F02/Fake/12.wav,1,MEN,MEN-S8F02,TG:bbd38849c3dc44fa,-17.9375,1,0.5441666666666667,1.6212228e-08
mendeley/extracted/Bangla Audio Dataset Original and DeepFake Voices for AI-Based Voice Analysis and Detection/Dataset/S8F02/Fake/13.wav,1,MEN,MEN-S8F02,TG:08c5075532646c3a,4.5117188,1,0.4275,0.98913974
mendeley/extracted/Bangla Audio Dataset Original and DeepFake Voices for AI-Based Voice Analysis and Detection/Dataset/S8F02/Fake/14.wav,1,MEN,MEN-S8F02,TG:77bf98e46646f28d,-8.9453125,1,0.4975,0.00013032975
mendeley/extracted/Bangla Audio Dataset Original and DeepFake Voices for AI-Based Voice Analysis and Detection/Dataset/S8F02/Fake/15.wav,1,MEN,MEN-S8F02,TG:3eb14b84f28303c8,-8.7578125,1,0.4575,0.00015720345
mendeley/extracted/Bangla Audio Dataset Original and DeepFake Voices for AI-Based Voice Analysis and Detection/Dataset/S8F02/Fake/16.wav,1,MEN,MEN-S8F02,TG:0ea8bc04161b1f2f,3.1835938,1,0.4191666666666667,0.96021223
mendeley/extracted/Bangla Audio Dataset Original and DeepFake Voices for AI-Based Voice Analysis and Detection/Dataset/S8F02/Fake/17.wav,1,MEN,MEN-S8F02,TG:66c39665bb32ee30,4.4453125,1,0.3341666666666666,0.98840266
mendeley/extracted/Bangla Audio Dataset Original and DeepFake Voices for AI-Based Voice Analysis and Detection/Dataset/S8F02/Fake/18.wav,1,MEN,MEN-S8F02,TG:b494f4a3b1edf8db,2.28125,1,0.4891666666666666,0.9073123
mendeley/extracted/Bangla Audio Dataset Original and DeepFake Voices for AI-Based Voice Analysis and Detection/Dataset/S8F02/Fake/19.wav,1,MEN,MEN-S8F02,TG:2787a2a24a265664,-7.34375,1,0.4591666666666666,0.00064620323
mendeley/extracted/Bangla Audio Dataset Original and DeepFake Voices for AI-Based Voice Analysis and Detection/Dataset/S8F02/Fake/2.wav,1,MEN,MEN-S8F02,TG:bac6bd4d479b8a5b,-18.9375,1,0.4775,5.964146e-09
mendeley/extracted/Bangla Audio Dataset Original and DeepFake Voices for AI-Based Voice Analysis and Detection/Dataset/S8F02/Fake/20.wav,1,MEN,MEN-S8F02,TG:c9b9b4cacb95876e,0.9873047,1,0.4758333333333333,0.7285552
mendeley/extracted/Bangla Audio Dataset Original and DeepFake Voices for AI-Based Voice Analysis and Detection/Dataset/S8F02/Fake/21.wav,1,MEN,MEN-S8F02,TG:05910b36b882676c,-12.84375,1,0.4775,2.642586e-06
mendeley/extracted/Bangla Audio Dataset Original and DeepFake Voices for AI-Based Voice Analysis and Detection/Dataset/S8F02/Fake/22.wav,1,MEN,MEN-S8F02,TG:63d69875a36d8c5d,6.828125,1,0.3175,0.9989183
mendeley/extracted/Bangla Audio Dataset Original and DeepFake Voices for AI-Based Voice Analysis and Detection/Dataset/S8F02/Fake/23.wav,1,MEN,MEN-S8F02,TG:59cb211849ea18dc,8.4765625,1,0.5075000000000001,0.9997918
mendeley/extracted/Bangla Audio Dataset Original and DeepFake Voices for AI-Based Voice Analysis and Detection/Dataset/S8F02/Fake/24.wav,1,MEN,MEN-S8F02,TG:e3ad4512efc8cbc6,1.0292969,1,0.5175000000000001,0.7367796
mendeley/extracted/Bangla Audio Dataset Original and DeepFake Voices for AI-Based Voice Analysis and Detection/Dataset/S8F02/Fake/25.wav,1,MEN,MEN-S8F02,TG:3b026d0aca15da29,-8.2109375,1,0.5025,0.00027159214
mendeley/extracted/Bangla Audio Dataset Original and DeepFake Voices for AI-Based Voice Analysis and Detection/Dataset/S8F02/Fake/26.wav,1,MEN,MEN-S8F02,TG:bc8efbdca8f6081a,-18.390625,1,0.5175000000000001,1.030512e-08
mendeley/extracted/Bangla Audio Dataset Original and DeepFake Voices for AI-Based Voice Analysis and Detection/Dataset/S8F02/Fake/27.wav,1,MEN,MEN-S8F02,TG:52999faeaa2ecc2d,-9.3828125,1,0.4308333333333333,8.415109e-05
mendeley/extracted/Bangla Audio Dataset Original and DeepFake Voices for AI-Based Voice Analysis and Detection/Dataset/S8F02/Fake/28.wav,1,MEN,MEN-S8F02,TG:352d26f1389a8b5b,-7.5195312,1,0.5358333333333334,0.00054209266
mendeley/extracted/Bangla Audio Dataset Original and DeepFake Voices for AI-Based Voice Analysis and Detection/Dataset/S8F02/Fake/29.wav,1,MEN,MEN-S8F02,TG:38d7ef05bbb12d77,-18.9375,1,0.4675,5.964146e-09
mendeley/extracted/Bangla Audio Dataset Original and DeepFake Voices for AI-Based Voice Analysis and Detection/Dataset/S8F02/Fake/3.wav,1,MEN,MEN-S8F02,TG:515be6f37ee9bb6b,-7.234375,1,0.6308333333333334,0.00072083797
mendeley/extracted/Bangla Audio Dataset Original and DeepFake Voices for AI-Based Voice Analysis and Detection/Dataset/S8F02/Fake/30.wav,1,MEN,MEN-S8F02,TG:5d0a616d7540918c,-1.6064453,1,0.3508333333333333,0.16708274
mendeley/extracted/Bangla Audio Dataset Original and DeepFake Voices for AI-Based Voice Analysis and Detection/Dataset/S8F02/Fake/4.wav,1,MEN,MEN-S8F02,TG:9171bfa0ce6f0284,-18.625,1,0.4841666666666666,8.152021e-09
mendeley/extracted/Bangla Audio Dataset Original and DeepFake Voices for AI-Based Voice Analysis and Detection/Dataset/S8F02/Fake/5.wav,1,MEN,MEN-S8F02,TG:c48f3edccc3e1864,2.0097656,1,0.5375,0.8818186
mendeley/extracted/Bangla Audio Dataset Original and DeepFake Voices for AI-Based Voice Analysis and Detection/Dataset/S8F02/Fake/6.wav,1,MEN,MEN-S8F02,TG:2aa58a4fccd71627,-17.703125,1,0.3458333333333333,2.0494179e-08
mendeley/extracted/Bangla Audio Dataset Original and DeepFake Voices for AI-Based Voice Analysis and Detection/Dataset/S8F02/Fake/7.wav,1,MEN,MEN-S8F02,TG:ea527d337528d827,-21.453125,1,0.5191666666666667,4.8197685e-10
mendeley/extracted/Bangla Audio Dataset Original and DeepFake Voices for AI-Based Voice Analysis and Detection/Dataset/S8F02/Fake/8.wav,1,MEN,MEN-S8F02,TG:0a440d8d407106df,-11.2890625,1,0.4908333333333333,1.2508841e-05
mendeley/extracted/Bangla Audio Dataset Original and DeepFake Voices for AI-Based Voice Analysis and Detection/Dataset/S8F02/Fake/9.wav,1,MEN,MEN-S8F02,TG:bf935363bd6823d1,-3.5996094,1,0.4691666666666666,0.026607107
mendeley/extracted/Bangla Audio Dataset Original and DeepFake Voices for AI-Based Voice Analysis and Detection/Dataset/S8F02/Real/1.wav,0,MEN,MEN-S8F02,TG:760e3ce681aa7630,-17.296875,1,0.5675,3.0765406e-08
mendeley/extracted/Bangla Audio Dataset Original and DeepFake Voices for AI-Based Voice Analysis and Detection/Dataset/S8F02/Real/10.wav,0,MEN,MEN-S8F02,TG:7ccc8eca646a6e57,-22.546875,1,0.4675,1.6144203e-10
mendeley/extracted/Bangla Audio Dataset Original and DeepFake Voices for AI-Based Voice Analysis and Detection/Dataset/S8F02/Real/11.wav,0,MEN,MEN-S8F02,TG:872f6260af58529e,-24.59375,1,0.5008333333333334,2.0848274e-11
mendeley/extracted/Bangla Audio Dataset Original and DeepFake Voices for AI-Based Voice Analysis and Detection/Dataset/S8F02/Real/12.wav,0,MEN,MEN-S8F02,TG:bbd38849c3dc44fa,-41.625,1,0.5675,8.3655055e-19
mendeley/extracted/Bangla Audio Dataset Original and DeepFake Voices for AI-Based Voice Analysis and Detection/Dataset/S8F02/Real/13.wav,0,MEN,MEN-S8F02,TG:08c5075532646c3a,-27.5625,1,0.4675,1.0709233e-12
mendeley/extracted/Bangla Audio Dataset Original and DeepFake Voices for AI-Based Voice Analysis and Detection/Dataset/S8F02/Real/14.wav,0,MEN,MEN-S8F02,TG:77bf98e46646f28d,-27.578125,1,0.4675,1.0543202e-12
mendeley/extracted/Bangla Audio Dataset Original and DeepFake Voices for AI-Based Voice Analysis and Detection/Dataset/S8F02/Real/15.wav,0,MEN,MEN-S8F02,TG:3eb14b84f28303c8,-24.71875,1,0.4841666666666666,1.8398536e-11
mendeley/extracted/Bangla Audio Dataset Original and DeepFake Voices for AI-Based Voice Analysis and Detection/Dataset/S8F02/Real/16.wav,0,MEN,MEN-S8F02,TG:0ea8bc04161b1f2f,-25.296875,1,0.4508333333333333,1.03206445e-11
mendeley/extracted/Bangla Audio Dataset Original and DeepFake Voices for AI-Based Voice Analysis and Detection/Dataset/S8F02/Real/17.wav,0,MEN,MEN-S8F02,TG:66c39665bb32ee30,-22.953125,1,0.4008333333333334,1.0754357e-10
mendeley/extracted/Bangla Audio Dataset Original and DeepFake Voices for AI-Based Voice Analysis and Detection/Dataset/S8F02/Real/18.wav,0,MEN,MEN-S8F02,TG:b494f4a3b1edf8db,-25.8125,1,0.4341666666666667,6.162738e-12
mendeley/extracted/Bangla Audio Dataset Original and DeepFake Voices for AI-Based Voice Analysis and Detection/Dataset/S8F02/Real/19.wav,0,MEN,MEN-S8F02,TG:2787a2a24a265664,-29.65625,1,0.5008333333333334,1.3196363e-13
mendeley/extracted/Bangla Audio Dataset Original and DeepFake Voices for AI-Based Voice Analysis and Detection/Dataset/S8F02/Real/2.wav,0,MEN,MEN-S8F02,TG:bac6bd4d479b8a5b,-24.21875,1,0.4841666666666666,3.033406e-11
mendeley/extracted/Bangla Audio Dataset Original and DeepFake Voices for AI-Based Voice Analysis and Detection/Dataset/S8F02/Real/20.wav,0,MEN,MEN-S8F02,TG:c9b9b4cacb95876e,-31.515625,1,0.4341666666666667,2.055597e-14
mendeley/extracted/Bangla Audio Dataset Original and DeepFake Voices for AI-Based Voice Analysis and Detection/Dataset/S8F02/Real/21.wav,0,MEN,MEN-S8F02,TG:05910b36b882676c,-31.203125,1,0.3675,2.809668e-14
mendeley/extracted/Bangla Audio Dataset Original and DeepFake Voices for AI-Based Voice Analysis and Detection/Dataset/S8F02/Real/22.wav,0,MEN,MEN-S8F02,TG:63d69875a36d8c5d,-21.71875,1,0.3675,3.6954448e-10
mendeley/extracted/Bangla Audio Dataset Original and DeepFake Voices for AI-Based Voice Analysis and Detection/Dataset/S8F02/Real/23.wav,0,MEN,MEN-S8F02,TG:59cb211849ea18dc,-23.328125,1,0.4841666666666666,7.391355e-11
mendeley/extracted/Bangla Audio Dataset Original and DeepFake Voices for AI-Based Voice Analysis and Detection/Dataset/S8F02/Real/24.wav,0,MEN,MEN-S8F02,TG:e3ad4512efc8cbc6,-14.9453125,1,0.5508333333333333,3.2309717e-07
mendeley/extracted/Bangla Audio Dataset Original and DeepFake Voices for AI-Based Voice Analysis and Detection/Dataset/S8F02/Real/25.wav,0,MEN,MEN-S8F02,TG:3b026d0aca15da29,-23.1875,1,0.4508333333333333,8.507397e-11
mendeley/extracted/Bangla Audio Dataset Original and DeepFake Voices for AI-Based Voice Analysis and Detection/Dataset/S8F02/Real/26.wav,0,MEN,MEN-S8F02,TG:bc8efbdca8f6081a,-32.53125,1,0.5175000000000001,7.444878e-15
mendeley/extracted/Bangla Audio Dataset Original and DeepFake Voices for AI-Based Voice Analysis and Detection/Dataset/S8F02/Real/27.wav,0,MEN,MEN-S8F02,TG:52999faeaa2ecc2d,-22.234375,1,0.4175,2.2066508e-10
mendeley/extracted/Bangla Audio Dataset Original and DeepFake Voices for AI-Based Voice Analysis and Detection/Dataset/S8F02/Real/28.wav,0,MEN,MEN-S8F02,TG:352d26f1389a8b5b,-31.140625,1,0.4341666666666667,2.9908757e-14
mendeley/extracted/Bangla Audio Dataset Original and DeepFake Voices for AI-Based Voice Analysis and Detection/Dataset/S8F02/Real/29.wav,0,MEN,MEN-S8F02,TG:38d7ef05bbb12d77,-30.15625,1,0.4008333333333334,8.004e-14
mendeley/extracted/Bangla Audio Dataset Original and DeepFake Voices for AI-Based Voice Analysis and Detection/Dataset/S8F02/Real/3.wav,0,MEN,MEN-S8F02,TG:515be6f37ee9bb6b,-25.03125,1,0.5008333333333334,1.3460656e-11
mendeley/extracted/Bangla Audio Dataset Original and DeepFake Voices for AI-Based Voice Analysis and Detection/Dataset/S8F02/Real/30.wav,0,MEN,MEN-S8F02,TG:5d0a616d7540918c,-22.84375,1,0.3841666666666666,1.1997352e-10
mendeley/extracted/Bangla Audio Dataset Original and DeepFake Voices for AI-Based Voice Analysis and Detection/Dataset/S8F02/Real/4.wav,0,MEN,MEN-S8F02,TG:9171bfa0ce6f0284,-25.546875,1,0.4341666666666667,8.037725e-12
mendeley/extracted/Bangla Audio Dataset Original and DeepFake Voices for AI-Based Voice Analysis and Detection/Dataset/S8F02/Real/5.wav,0,MEN,MEN-S8F02,TG:c48f3edccc3e1864,-25.15625,1,0.4341666666666667,1.1878988e-11
mendeley/extracted/Bangla Audio Dataset Original and DeepFake Voices for AI-Based Voice Analysis and Detection/Dataset/S8F02/Real/6.wav,0,MEN,MEN-S8F02,TG:2aa58a4fccd71627,-22.390625,1,0.5008333333333334,1.8874485e-10
mendeley/extracted/Bangla Audio Dataset Original and DeepFake Voices for AI-Based Voice Analysis and Detection/Dataset/S8F02/Real/7.wav,0,MEN,MEN-S8F02,TG:ea527d337528d827,-26.03125,1,0.4675,4.9518996e-12
mendeley/extracted/Bangla Audio Dataset Original and DeepFake Voices for AI-Based Voice Analysis and Detection/Dataset/S8F02/Real/8.wav,0,MEN,MEN-S8F02,TG:0a440d8d407106df,-19.171875,1,0.4675,4.7180277e-09
mendeley/extracted/Bangla Audio Dataset Original and DeepFake Voices for AI-Based Voice Analysis and Detection/Dataset/S8F02/Real/9.wav,0,MEN,MEN-S8F02,TG:bf935363bd6823d1,-27.5625,1,0.5008333333333334,1.0709233e-12
mendeley/extracted/Bangla Audio Dataset Original and DeepFake Voices for AI-Based Voice Analysis and Detection/Dataset/S8F03/Fake/1.wav,1,MEN,MEN-S8F03,TG:760e3ce681aa7630,-17.34375,1,0.4841666666666666,2.9356556e-08
mendeley/extracted/Bangla Audio Dataset Original and DeepFake Voices for AI-Based Voice Analysis and Detection/Dataset/S8F03/Fake/10.wav,1,MEN,MEN-S8F03,TG:7ccc8eca646a6e57,-21.5,1,0.5325,4.5990553e-10
mendeley/extracted/Bangla Audio Dataset Original and DeepFake Voices for AI-Based Voice Analysis and Detection/Dataset/S8F03/Fake/11.wav,1,MEN,MEN-S8F03,TG:872f6260af58529e,-8.234375,1,0.4841666666666666,0.00026530237
mendeley/extracted/Bangla Audio Dataset Original and DeepFake Voices for AI-Based Voice Analysis and Detection/Dataset/S8F03/Fake/12.wav,1,MEN,MEN-S8F03,TG:bbd38849c3dc44fa,-8.3203125,1,0.5141666666666667,0.00024346048
mendeley/extracted/Bangla Audio Dataset Original and DeepFake Voices for AI-Based Voice Analysis and Detection/Dataset/S8F03/Fake/13.wav,1,MEN,MEN-S8F03,TG:08c5075532646c3a,-13.8125,1,0.4425,1.0030141e-06
mendeley/extracted/Bangla Audio Dataset Original and DeepFake Voices for AI-Based Voice Analysis and Detection/Dataset/S8F03/Fake/14.wav,1,MEN,MEN-S8F03,TG:77bf98e46646f28d,-4.8867188,1,0.3908333333333333,0.007489626
mendeley/extracted/Bangla Audio Dataset Original and DeepFake Voices for AI-Based Voice Analysis and Detection/Dataset/S8F03/Fake/15.wav,1,MEN,MEN-S8F03,TG:3eb14b84f28303c8,4.234375,1,0.4625,0.98571813
mendeley/extracted/Bangla Audio Dataset Original and DeepFake Voices for AI-Based Voice Analysis and Detection/Dataset/S8F03/Fake/16.wav,1,MEN,MEN-S8F03,TG:0ea8bc04161b1f2f,-8.1171875,1,0.3675,0.00029827765
mendeley/extracted/Bangla Audio Dataset Original and DeepFake Voices for AI-Based Voice Analysis and Detection/Dataset/S8F03/Fake/17.wav,1,MEN,MEN-S8F03,TG:66c39665bb32ee30,-4.3320312,1,0.4475,0.012970387
mendeley/extracted/Bangla Audio Dataset Original and DeepFake Voices for AI-Based Voice Analysis and Detection/Dataset/S8F03/Fake/18.wav,1,MEN,MEN-S8F03,TG:b494f4a3b1edf8db,-7.6523438,1,0.4775,0.00047470425
mendeley/extracted/Bangla Audio Dataset Original and DeepFake Voices for AI-Based Voice Analysis and Detection/Dataset/S8F03/Fake/19.wav,1,MEN,MEN-S8F03,TG:2787a2a24a265664,-9.03125,1,0.4241666666666667,0.000119598575
mendeley/extracted/Bangla Audio Dataset Original and DeepFake Voices for AI-Based Voice Analysis and Detection/Dataset/S8F03/Fake/2.wav,1,MEN,MEN-S8F03,TG:bac6bd4d479b8a5b,-11.859375,1,0.4775,7.071895e-06
mendeley/extracted/Bangla Audio Dataset Original and DeepFake Voices for AI-Based Voice Analysis and Detection/Dataset/S8F03/Fake/20.wav,1,MEN,MEN-S8F03,TG:c9b9b4cacb95876e,-6.09375,1,0.3908333333333333,0.0022518472
mendeley/extracted/Bangla Audio Dataset Original and DeepFake Voices for AI-Based Voice Analysis and Detection/Dataset/S8F03/Fake/21.wav,1,MEN,MEN-S8F03,TG:05910b36b882676c,-1.9179688,1,0.4858333333333333,0.12808824
mendeley/extracted/Bangla Audio Dataset Original and DeepFake Voices for AI-Based Voice Analysis and Detection/Dataset/S8F03/Fake/22.wav,1,MEN,MEN-S8F03,TG:63d69875a36d8c5d,6.6992188,1,0.3558333333333333,0.9987696
mendeley/extracted/Bangla Audio Dataset Original and DeepFake Voices for AI-Based Voice Analysis and Detection/Dataset/S8F03/Fake/23.wav,1,MEN,MEN-S8F03,TG:59cb211849ea18dc,9.9453125,1,0.5008333333333334,0.9999521
mendeley/extracted/Bangla Audio Dataset Original and DeepFake Voices for AI-Based Voice Analysis and Detection/Dataset/S8F03/Fake/24.wav,1,MEN,MEN-S8F03,TG:e3ad4512efc8cbc6,3.9003906,1,0.4875,0.9801673
mendeley/extracted/Bangla Audio Dataset Original and DeepFake Voices for AI-Based Voice Analysis and Detection/Dataset/S8F03/Fake/25.wav,1,MEN,MEN-S8F03,TG:3b026d0aca15da29,8.421875,1,0.5075000000000001,0.99978
mendeley/extracted/Bangla Audio Dataset Original and DeepFake Voices for AI-Based Voice Analysis and Detection/Dataset/S8F03/Fake/26.wav,1,MEN,MEN-S8F03,TG:bc8efbdca8f6081a,-15.9921875,1,0.5441666666666667,1.1341779e-07
mendeley/extracted/Bangla Audio Dataset Original and DeepFake Voices for AI-Based Voice Analysis and Detection/Dataset/S8F03/Fake/27.wav,1,MEN,MEN-S8F03,TG:52999faeaa2ecc2d,-7.9609375,1,0.5208333333333333,0.0003487043
mendeley/extracted/Bangla Audio Dataset Original and DeepFake Voices for AI-Based Voice Analysis and Detection/Dataset/S8F03/Fake/28.wav,1,MEN,MEN-S8F03,TG:352d26f1389a8b5b,-6.0703125,1,0.4841666666666666,0.0023051251
mendeley/extracted/Bangla Audio Dataset Original and DeepFake Voices for AI-Based Voice Analysis and Detection/Dataset/S8F03/Fake/29.wav,1,MEN,MEN-S8F03,TG:38d7ef05bbb12d77,-16.25,1,0.4608333333333333,8.764247e-08
mendeley/extracted/Bangla Audio Dataset Original and DeepFake Voices for AI-Based Voice Analysis and Detection/Dataset/S8F03/Fake/3.wav,1,MEN,MEN-S8F03,TG:515be6f37ee9bb6b,-6.6523438,1,0.5708333333333333,0.0012893284
mendeley/extracted/Bangla Audio Dataset Original and DeepFake Voices for AI-Based Voice Analysis and Detection/Dataset/S8F03/Fake/30.wav,1,MEN,MEN-S8F03,TG:5d0a616d7540918c,3.3964844,1,0.3608333333333333,0.9675945
mendeley/extracted/Bangla Audio Dataset Original and DeepFake Voices for AI-Based Voice Analysis and Detection/Dataset/S8F03/Fake/4.wav,1,MEN,MEN-S8F03,TG:9171bfa0ce6f0284,-13.8359375,1,0.4708333333333333,9.797793e-07
mendeley/extracted/Bangla Audio Dataset Original and DeepFake Voices for AI-Based Voice Analysis and Detection/Dataset/S8F03/Fake/5.wav,1,MEN,MEN-S8F03,TG:c48f3edccc3e1864,1.1630859,1,0.4925,0.761893
mendeley/extracted/Bangla Audio Dataset Original and DeepFake Voices for AI-Based Voice Analysis and Detection/Dataset/S8F03/Fake/6.wav,1,MEN,MEN-S8F03,TG:2aa58a4fccd71627,4.5078125,1,0.4375,0.9890976
mendeley/extracted/Bangla Audio Dataset Original and DeepFake Voices for AI-Based Voice Analysis and Detection/Dataset/S8F03/Fake/7.wav,1,MEN,MEN-S8F03,TG:ea527d337528d827,-0.7348633,1,0.5458333333333334,0.32412842
mendeley/extracted/Bangla Audio Dataset Original and DeepFake Voices for AI-Based Voice Analysis and Detection/Dataset/S8F03/Fake/8.wav,1,MEN,MEN-S8F03,TG:0a440d8d407106df,-12.375,1,0.4575,4.2228335e-06
mendeley/extracted/Bangla Audio Dataset Original and DeepFake Voices for AI-Based Voice Analysis and Detection/Dataset/S8F03/Fake/9.wav,1,MEN,MEN-S8F03,TG:bf935363bd6823d1,-6.28125,1,0.4208333333333333,0.0018675658
mendeley/extracted/Bangla Audio Dataset Original and DeepFake Voices for AI-Based Voice Analysis and Detection/Dataset/S8F03/Real/1.wav,0,MEN,MEN-S8F03,TG:760e3ce681aa7630,-2.2304688,1,0.4008333333333334,0.09704755
mendeley/extracted/Bangla Audio Dataset Original and DeepFake Voices for AI-Based Voice Analysis and Detection/Dataset/S8F03/Real/10.wav,0,MEN,MEN-S8F03,TG:7ccc8eca646a6e57,-16.03125,1,0.4341666666666667,1.0907282e-07
mendeley/extracted/Bangla Audio Dataset Original and DeepFake Voices for AI-Based Voice Analysis and Detection/Dataset/S8F03/Real/11.wav,0,MEN,MEN-S8F03,TG:872f6260af58529e,-15.8046875,1,0.4841666666666666,1.3680797e-07
mendeley/extracted/Bangla Audio Dataset Original and DeepFake Voices for AI-Based Voice Analysis and Detection/Dataset/S8F03/Real/12.wav,0,MEN,MEN-S8F03,TG:bbd38849c3dc44fa,-16.484375,1,0.5841666666666667,6.93309e-08
mendeley/extracted/Bangla Audio Dataset Original and DeepFake Voices for AI-Based Voice Analysis and Detection/Dataset/S8F03/Real/13.wav,0,MEN,MEN-S8F03,TG:08c5075532646c3a,-15.3359375,1,0.4341666666666667,2.186185e-07
mendeley/extracted/Bangla Audio Dataset Original and DeepFake Voices for AI-Based Voice Analysis and Detection/Dataset/S8F03/Real/14.wav,0,MEN,MEN-S8F03,TG:77bf98e46646f28d,-25.0625,1,0.5341666666666667,1.3046516e-11
mendeley/extracted/Bangla Audio Dataset Original and DeepFake Voices for AI-Based Voice Analysis and Detection/Dataset/S8F03/Real/15.wav,0,MEN,MEN-S8F03,TG:3eb14b84f28303c8,-21.671875,1,0.4175,3.872793e-10
mendeley/extracted/Bangla Audio Dataset Original and DeepFake Voices for AI-Based Voice Analysis and Detection/Dataset/S8F03/Real/16.wav,0,MEN,MEN-S8F03,TG:0ea8bc04161b1f2f,-18.15625,1,0.5508333333333333,1.30268925e-08
mendeley/extracted/Bangla Audio Dataset Original and DeepFake Voices for AI-Based Voice Analysis and Detection/Dataset/S8F03/Real/17.wav,0,MEN,MEN-S8F03,TG:66c39665bb32ee30,-2.7148438,1,0.4008333333333334,0.062103126
mendeley/extracted/Bangla Audio Dataset Original and DeepFake Voices for AI-Based Voice Analysis and Detection/Dataset/S8F03/Real/18.wav,0,MEN,MEN-S8F03,TG:b494f4a3b1edf8db,-18.765625,1,0.5175000000000001,7.0825985e-09
mendeley/extracted/Bangla Audio Dataset Original and DeepFake Voices for AI-Based Voice Analysis and Detection/Dataset/S8F03/Real/19.wav,0,MEN,MEN-S8F03,TG:2787a2a24a265664,-20.90625,1,0.5508333333333333,8.3278134e-10
mendeley/extracted/Bangla Audio Dataset Original and DeepFake Voices for AI-Based Voice Analysis and Detection/Dataset/S8F03/Real/2.wav,0,MEN,MEN-S8F03,TG:bac6bd4d479b8a5b,-8.5546875,1,0.4675,0.00019260288
mendeley/extracted/Bangla Audio Dataset Original and DeepFake Voices for AI-Based Voice Analysis and Detection/Dataset/S8F03/Real/20.wav,0,MEN,MEN-S8F03,TG:c9b9b4cacb95876e,-15.0390625,1,0.4675,2.941833e-07
mendeley/extracted/Bangla Audio Dataset Original and DeepFake Voices for AI-Based Voice Analysis and Detection/Dataset/S8F03/Real/21.wav,0,MEN,MEN-S8F03,TG:05910b36b882676c,-20.765625,1,0.4508333333333333,9.585255e-10
mendeley/extracted/Bangla Audio Dataset Original and DeepFake Voices for AI-Based Voice Analysis and Detection/Dataset/S8F03/Real/22.wav,0,MEN,MEN-S8F03,TG:63d69875a36d8c5d,-0.97021484,1,0.4341666666666667,0.2748377
mendeley/extracted/Bangla Audio Dataset Original and DeepFake Voices for AI-Based Voice Analysis and Detection/Dataset/S8F03/Real/23.wav,0,MEN,MEN-S8F03,TG:59cb211849ea18dc,-18.53125,1,0.5675,8.9532435e-09
mendeley/extracted/Bangla Audio Dataset Original and DeepFake Voices for AI-Based Voice Analysis and Detection/Dataset/S8F03/Real/24.wav,0,MEN,MEN-S8F03,TG:e3ad4512efc8cbc6,-18.984375,1,0.4675,5.691027e-09
mendeley/extracted/Bangla Audio Dataset Original and DeepFake Voices for AI-Based Voice Analysis and Detection/Dataset/S8F03/Real/25.wav,0,MEN,MEN-S8F03,TG:3b026d0aca15da29,-13.8671875,1,0.4175,9.496347e-07
mendeley/extracted/Bangla Audio Dataset Original and DeepFake Voices for AI-Based Voice Analysis and Detection/Dataset/S8F03/Real/26.wav,0,MEN,MEN-S8F03,TG:bc8efbdca8f6081a,-13.421875,1,0.5341666666666667,1.482358e-06
mendeley/extracted/Bangla Audio Dataset Original and DeepFake Voices for AI-Based Voice Analysis and Detection/Dataset/S8F03/Real/27.wav,0,MEN,MEN-S8F03,TG:52999faeaa2ecc2d,-18.84375,1,0.4341666666666667,6.5503323e-09
mendeley/extracted/Bangla Audio Dataset Original and DeepFake Voices for AI-Based Voice Analysis and Detection/Dataset/S8F03/Real/28.wav,0,MEN,MEN-S8F03,TG:352d26f1389a8b5b,-15.46875,1,0.4508333333333333,1.9142874e-07
mendeley/extracted/Bangla Audio Dataset Original and DeepFake Voices for AI-Based Voice Analysis and Detection/Dataset/S8F03/Real/29.wav,0,MEN,MEN-S8F03,TG:38d7ef05bbb12d77,-17.046875,1,0.5175000000000001,3.9503565e-08
mendeley/extracted/Bangla Audio Dataset Original and DeepFake Voices for AI-Based Voice Analysis and Detection/Dataset/S8F03/Real/3.wav,0,MEN,MEN-S8F03,TG:515be6f37ee9bb6b,-18.90625,1,0.5675,6.153468e-09
mendeley/extracted/Bangla Audio Dataset Original and DeepFake Voices for AI-Based Voice Analysis and Detection/Dataset/S8F03/Real/30.wav,0,MEN,MEN-S8F03,TG:5d0a616d7540918c,-13.1015625,1,0.4841666666666666,2.0420332e-06
mendeley/extracted/Bangla Audio Dataset Original and DeepFake Voices for AI-Based Voice Analysis and Detection/Dataset/S8F03/Real/4.wav,0,MEN,MEN-S8F03,TG:9171bfa0ce6f0284,-10.953125,1,0.4008333333333334,1.7502925e-05
mendeley/extracted/Bangla Audio Dataset Original and DeepFake Voices for AI-Based Voice Analysis and Detection/Dataset/S8F03/Real/5.wav,0,MEN,MEN-S8F03,TG:c48f3edccc3e1864,-18.734375,1,0.3508333333333333,7.3074236e-09
mendeley/extracted/Bangla Audio Dataset Original and DeepFake Voices for AI-Based Voice Analysis and Detection/Dataset/S8F03/Real/6.wav,0,MEN,MEN-S8F03,TG:2aa58a4fccd71627,-14.75,1,0.4675,3.927862e-07
mendeley/extracted/Bangla Audio Dataset Original and DeepFake Voices for AI-Based Voice Analysis and Detection/Dataset/S8F03/Real/7.wav,0,MEN,MEN-S8F03,TG:ea527d337528d827,-21.5,1,0.4508333333333333,4.5990553e-10
mendeley/extracted/Bangla Audio Dataset Original and DeepFake Voices for AI-Based Voice Analysis and Detection/Dataset/S8F03/Real/8.wav,0,MEN,MEN-S8F03,TG:0a440d8d407106df,-23.515625,1,0.3508333333333333,6.1276484e-11
mendeley/extracted/Bangla Audio Dataset Original and DeepFake Voices for AI-Based Voice Analysis and Detection/Dataset/S8F03/Real/9.wav,0,MEN,MEN-S8F03,TG:bf935363bd6823d1,-11.328125,1,0.4341666666666667,1.2029639e-05
mendeley/extracted/Bangla Audio Dataset Original and DeepFake Voices for AI-Based Voice Analysis and Detection/Dataset/S8F04/Fake/1.wav,1,MEN,MEN-S8F04,TG:760e3ce681aa7630,-8.765625,1,0.4941666666666666,0.00015598028
mendeley/extracted/Bangla Audio Dataset Original and DeepFake Voices for AI-Based Voice Analysis and Detection/Dataset/S8F04/Fake/10.wav,1,MEN,MEN-S8F04,TG:7ccc8eca646a6e57,-9.8828125,1,0.5875,5.104191e-05
mendeley/extracted/Bangla Audio Dataset Original and DeepFake Voices for AI-Based Voice Analysis and Detection/Dataset/S8F04/Fake/11.wav,1,MEN,MEN-S8F04,TG:872f6260af58529e,6.7773438,1,0.4808333333333333,0.998862
mendeley/extracted/Bangla Audio Dataset Original and DeepFake Voices for AI-Based Voice Analysis and Detection/Dataset/S8F04/Fake/12.wav,1,MEN,MEN-S8F04,TG:bbd38849c3dc44fa,-15.5859375,1,0.5041666666666667,1.7026026e-07
mendeley/extracted/Bangla Audio Dataset Original and DeepFake Voices for AI-Based Voice Analysis and Detection/Dataset/S8F04/Fake/13.wav,1,MEN,MEN-S8F04,TG:08c5075532646c3a,8.4921875,1,0.4675,0.999795
mendeley/extracted/Bangla Audio Dataset Original and DeepFake Voices for AI-Based Voice Analysis and Detection/Dataset/S8F04/Fake/14.wav,1,MEN,MEN-S8F04,TG:77bf98e46646f28d,-15.4296875,1,0.3774999999999999,1.9905441e-07
mendeley/extracted/Bangla Audio Dataset Original and DeepFake Voices for AI-Based Voice Analysis and Detection/Dataset/S8F04/Fake/15.wav,1,MEN,MEN-S8F04,TG:3eb14b84f28303c8,-3.6230469,1,0.4425,0.026006786
mendeley/extracted/Bangla Audio Dataset Original and DeepFake Voices for AI-Based Voice Analysis and Detection/Dataset/S8F04/Fake/16.wav,1,MEN,MEN-S8F04,TG:0ea8bc04161b1f2f,-2.3417969,1,0.4841666666666666,0.08772001
mendeley/extracted/Bangla Audio Dataset Original and DeepFake Voices for AI-Based Voice Analysis and Detection/Dataset/S8F04/Fake/17.wav,1,MEN,MEN-S8F04,TG:66c39665bb32ee30,8.4296875,1,0.2891666666666667,0.9997818
mendeley/extracted/Bangla Audio Dataset Original and DeepFake Voices for AI-Based Voice Analysis and Detection/Dataset/S8F04/Fake/18.wav,1,MEN,MEN-S8F04,TG:b494f4a3b1edf8db,9.21875,1,0.4425,0.9999008
mendeley/extracted/Bangla Audio Dataset Original and DeepFake Voices for AI-Based Voice Analysis and Detection/Dataset/S8F04/Fake/19.wav,1,MEN,MEN-S8F04,TG:2787a2a24a265664,-5.15625,1,0.4408333333333333,0.0057302467
mendeley/extracted/Bangla Audio Dataset Original and DeepFake Voices for AI-Based Voice Analysis and Detection/Dataset/S8F04/Fake/2.wav,1,MEN,MEN-S8F04,TG:bac6bd4d479b8a5b,-18.875,1,0.4775,6.3488e-09
mendeley/extracted/Bangla Audio Dataset Original and DeepFake Voices for AI-Based Voice Analysis and Detection/Dataset/S8F04/Fake/20.wav,1,MEN,MEN-S8F04,TG:c9b9b4cacb95876e,7.390625,1,0.3608333333333333,0.99938333
mendeley/extracted/Bangla Audio Dataset Original and DeepFake Voices for AI-Based Voice Analysis and Detection/Dataset/S8F04/Fake/21.wav,1,MEN,MEN-S8F04,TG:05910b36b882676c,4.296875,1,0.3874999999999999,0.98657167
mendeley/extracted/Bangla Audio Dataset Original and DeepFake Voices for AI-Based Voice Analysis and Detection/Dataset/S8F04/Fake/22.wav,1,MEN,MEN-S8F04,TG:63d69875a36d8c5d,5.7109375,1,0.2774999999999999,0.9967013
mendeley/extracted/Bangla Audio Dataset Original and DeepFake Voices for AI-Based Voice Analysis and Detection/Dataset/S8F04/Fake/23.wav,1,MEN,MEN-S8F04,TG:59cb211849ea18dc,7.1523438,1,0.4875,0.9992175
mendeley/extracted/Bangla Audio Dataset Original and DeepFake Voices for AI-Based Voice Analysis and Detection/Dataset/S8F04/Fake/24.wav,1,MEN,MEN-S8F04,TG:e3ad4512efc8cbc6,-12.78125,1,0.4941666666666666,2.8130173e-06
mendeley/extracted/Bangla Audio Dataset Original and DeepFake Voices for AI-Based Voice Analysis and Detection/Dataset/S8F04/Fake/25.wav,1,MEN,MEN-S8F04,TG:3b026d0aca15da29,0.46777344,1,0.4841666666666666,0.6148566
mendeley/extracted/Bangla Audio Dataset Original and DeepFake Voices for AI-Based Voice Analysis and Detection/Dataset/S8F04/Fake/26.wav,1,MEN,MEN-S8F04,TG:bc8efbdca8f6081a,0.37939453,1,0.4875,0.59372705
mendeley/extracted/Bangla Audio Dataset Original and DeepFake Voices for AI-Based Voice Analysis and Detection/Dataset/S8F04/Fake/27.wav,1,MEN,MEN-S8F04,TG:52999faeaa2ecc2d,-16.046875,1,0.5308333333333333,1.073818e-07
mendeley/extracted/Bangla Audio Dataset Original and DeepFake Voices for AI-Based Voice Analysis and Detection/Dataset/S8F04/Fake/28.wav,1,MEN,MEN-S8F04,TG:352d26f1389a8b5b,-1.9775391,1,0.5058333333333334,0.12158141
mendeley/extracted/Bangla Audio Dataset Original and DeepFake Voices for AI-Based Voice Analysis and Detection/Dataset/S8F04/Fake/29.wav,1,MEN,MEN-S8F04,TG:38d7ef05bbb12d77,-17.734375,1,0.4775,1.9863638e-08
mendeley/extracted/Bangla Audio Dataset Original and DeepFake Voices for AI-Based Voice Analysis and Detection/Dataset/S8F04/Fake/3.wav,1,MEN,MEN-S8F04,TG:515be6f37ee9bb6b,-7.7929688,1,0.5475,0.00041245588
mendeley/extracted/Bangla Audio Dataset Original and DeepFake Voices for AI-Based Voice Analysis and Detection/Dataset/S8F04/Fake/30.wav,1,MEN,MEN-S8F04,TG:5d0a616d7540918c,9.5234375,1,0.3725,0.9999269
mendeley/extracted/Bangla Audio Dataset Original and DeepFake Voices for AI-Based Voice Analysis and Detection/Dataset/S8F04/Fake/4.wav,1,MEN,MEN-S8F04,TG:9171bfa0ce6f0284,-17.515625,1,0.4775,2.4720698e-08
mendeley/extracted/Bangla Audio Dataset Original and DeepFake Voices for AI-Based Voice Analysis and Detection/Dataset/S8F04/Fake/5.wav,1,MEN,MEN-S8F04,TG:c48f3edccc3e1864,8.5078125,1,0.4908333333333333,0.9997981
mendeley/extracted/Bangla Audio Dataset Original and DeepFake Voices for AI-Based Voice Analysis and Detection/Dataset/S8F04/Fake/6.wav,1,MEN,MEN-S8F04,TG:2aa58a4fccd71627,-6.53125,1,0.4875,0.001455063
mendeley/extracted/Bangla Audio Dataset Original and DeepFake Voices for AI-Based Voice Analysis and Detection/Dataset/S8F04/Fake/7.wav,1,MEN,MEN-S8F04,TG:ea527d337528d827,-12.7109375,1,0.5575,3.0179267e-06
mendeley/extracted/Bangla Audio Dataset Original and DeepFake Voices for AI-Based Voice Analysis and Detection/Dataset/S8F04/Fake/8.wav,1,MEN,MEN-S8F04,TG:0a440d8d407106df,-15.5,1,0.5208333333333333,1.8553911e-07
mendeley/extracted/Bangla Audio Dataset Original and DeepFake Voices for AI-Based Voice Analysis and Detection/Dataset/S8F04/Fake/9.wav,1,MEN,MEN-S8F04,TG:bf935363bd6823d1,-10.3046875,1,0.4708333333333333,3.347469e-05
mendeley/extracted/Bangla Audio Dataset Original and DeepFake Voices for AI-Based Voice Analysis and Detection/Dataset/S8F04/Real/1.wav,0,MEN,MEN-S8F04,TG:760e3ce681aa7630,7.0273438,1,0.5175000000000001,0.9991135
mendeley/extracted/Bangla Audio Dataset Original and DeepFake Voices for AI-Based Voice Analysis and Detection/Dataset/S8F04/Real/10.wav,0,MEN,MEN-S8F04,TG:7ccc8eca646a6e57,-15.0,1,0.3341666666666666,3.0590226e-07
mendeley/extracted/Bangla Audio Dataset Original and DeepFake Voices for AI-Based Voice Analysis and Detection/Dataset/S8F04/Real/11.wav,0,MEN,MEN-S8F04,TG:872f6260af58529e,-2.1308594,1,0.5175000000000001,0.10613344
mendeley/extracted/Bangla Audio Dataset Original and DeepFake Voices for AI-Based Voice Analysis and Detection/Dataset/S8F04/Real/12.wav,0,MEN,MEN-S8F04,TG:bbd38849c3dc44fa,-3.6289062,1,0.5841666666666667,0.025858777
mendeley/extracted/Bangla Audio Dataset Original and DeepFake Voices for AI-Based Voice Analysis and Detection/Dataset/S8F04/Real/13.wav,0,MEN,MEN-S8F04,TG:08c5075532646c3a,4.8710938,1,0.5508333333333333,0.9923934
mendeley/extracted/Bangla Audio Dataset Original and DeepFake Voices for AI-Based Voice Analysis and Detection/Dataset/S8F04/Real/14.wav,0,MEN,MEN-S8F04,TG:77bf98e46646f28d,-23.71875,1,0.4175,5.0012407e-11
mendeley/extracted/Bangla Audio Dataset Original and DeepFake Voices for AI-Based Voice Analysis and Detection/Dataset/S8F04/Real/15.wav,0,MEN,MEN-S8F04,TG:3eb14b84f28303c8,-8.640625,1,0.5175000000000001,0.00017674513
mendeley/extracted/Bangla Audio Dataset Original and DeepFake Voices for AI-Based Voice Analysis and Detection/Dataset/S8F04/Real/16.wav,0,MEN,MEN-S8F04,TG:0ea8bc04161b1f2f,-15.6953125,1,0.5341666666666667,1.5262032e-07
mendeley/extracted/Bangla Audio Dataset Original and DeepFake Voices for AI-Based Voice Analysis and Detection/Dataset/S8F04/Real/17.wav,0,MEN,MEN-S8F04,TG:66c39665bb32ee30,-9.25,1,0.5175000000000001,9.610241e-05
mendeley/extracted/Bangla Audio Dataset Original and DeepFake Voices for AI-Based Voice Analysis and Detection/Dataset/S8F04/Real/18.wav,0,MEN,MEN-S8F04,TG:b494f4a3b1edf8db,-14.109375,1,0.5841666666666667,7.453769e-07
mendeley/extracted/Bangla Audio Dataset Original and DeepFake Voices for AI-Based Voice Analysis and Detection/Dataset/S8F04/Real/19.wav,0,MEN,MEN-S8F04,TG:2787a2a24a265664,-11.2734375,1,0.5175000000000001,1.2705822e-05
mendeley/extracted/Bangla Audio Dataset Original and DeepFake Voices for AI-Based Voice Analysis and Detection/Dataset/S8F04/Real/2.wav,0,MEN,MEN-S8F04,TG:bac6bd4d479b8a5b,-14.1171875,1,0.5841666666666667,7.395765e-07
mendeley/extracted/Bangla Audio Dataset Original and DeepFake Voices for AI-Based Voice Analysis and Detection/Dataset/S8F04/Real/20.wav,0,MEN,MEN-S8F04,TG:c9b9b4cacb95876e,-14.7578125,1,0.5675,3.897295e-07
mendeley/extracted/Bangla Audio Dataset Original and DeepFake Voices for AI-Based Voice Analysis and Detection/Dataset/S8F04/Real/21.wav,0,MEN,MEN-S8F04,TG:05910b36b882676c,-17.8125,1,0.5008333333333334,1.8370862e-08
mendeley/extracted/Bangla Audio Dataset Original and DeepFake Voices for AI-Based Voice Analysis and Detection/Dataset/S8F04/Real/22.wav,0,MEN,MEN-S8F04,TG:63d69875a36d8c5d,-17.078125,1,0.4341666666666667,3.8288164e-08
mendeley/extracted/Bangla Audio Dataset Original and DeepFake Voices for AI-Based Voice Analysis and Detection/Dataset/S8F04/Real/23.wav,0,MEN,MEN-S8F04,TG:59cb211849ea18dc,-15.6640625,1,0.5341666666666667,1.57465e-07
mendeley/extracted/Bangla Audio Dataset Original and DeepFake Voices for AI-Based Voice Analysis and Detection/Dataset/S8F04/Real/24.wav,0,MEN,MEN-S8F04,TG:e3ad4512efc8cbc6,3.2421875,1,0.5508333333333333,0.9623913
mendeley/extracted/Bangla Audio Dataset Original and DeepFake Voices for AI-Based Voice Analysis and Detection/Dataset/S8F04/Real/25.wav,0,MEN,MEN-S8F04,TG:3b026d0aca15da29,-0.17687988,1,0.5175000000000001,0.45589498
mendeley/extracted/Bangla Audio Dataset Original and DeepFake Voices for AI-Based Voice Analysis and Detection/Dataset/S8F04/Real/26.wav,0,MEN,MEN-S8F04,TG:bc8efbdca8f6081a,-6.6210938,1,0.5008333333333334,0.0013302016
mendeley/extracted/Bangla Audio Dataset Original and DeepFake Voices for AI-Based Voice Analysis and Detection/Dataset/S8F04/Real/27.wav,0,MEN,MEN-S8F04,TG:52999faeaa2ecc2d,-18.375,1,0.5341666666666667,1.0467402e-08
mendeley/extracted/Bangla Audio Dataset Original and DeepFake Voices for AI-Based Voice Analysis and Detection/Dataset/S8F04/Real/28.wav,0,MEN,MEN-S8F04,TG:352d26f1389a8b5b,-12.890625,1,0.5508333333333333,2.5215734e-06
mendeley/extracted/Bangla Audio Dataset Original and DeepFake Voices for AI-Based Voice Analysis and Detection/Dataset/S8F04/Real/29.wav,0,MEN,MEN-S8F04,TG:38d7ef05bbb12d77,-14.734375,1,0.5008333333333334,3.9897168e-07
mendeley/extracted/Bangla Audio Dataset Original and DeepFake Voices for AI-Based Voice Analysis and Detection/Dataset/S8F04/Real/3.wav,0,MEN,MEN-S8F04,TG:515be6f37ee9bb6b,-3.375,1,0.5841666666666667,0.03308598
mendeley/extracted/Bangla Audio Dataset Original and DeepFake Voices for AI-Based Voice Analysis and Detection/Dataset/S8F04/Real/30.wav,0,MEN,MEN-S8F04,TG:5d0a616d7540918c,3.5253906,1,0.5175000000000001,0.97140163
mendeley/extracted/Bangla Audio Dataset Original and DeepFake Voices for AI-Based Voice Analysis and Detection/Dataset/S8F04/Real/4.wav,0,MEN,MEN-S8F04,TG:9171bfa0ce6f0284,-15.140625,1,0.3175,2.6577246e-07
mendeley/extracted/Bangla Audio Dataset Original and DeepFake Voices for AI-Based Voice Analysis and Detection/Dataset/S8F04/Real/5.wav,0,MEN,MEN-S8F04,TG:c48f3edccc3e1864,-2.0097656,1,0.5841666666666667,0.11818141
mendeley/extracted/Bangla Audio Dataset Original and DeepFake Voices for AI-Based Voice Analysis and Detection/Dataset/S8F04/Real/6.wav,0,MEN,MEN-S8F04,TG:2aa58a4fccd71627,4.09375,1,0.5341666666666667,0.983597
mendeley/extracted/Bangla Audio Dataset Original and DeepFake Voices for AI-Based Voice Analysis and Detection/Dataset/S8F04/Real/7.wav,0,MEN,MEN-S8F04,TG:ea527d337528d827,-11.6796875,1,0.5675,8.463938e-06
mendeley/extracted/Bangla Audio Dataset Original and DeepFake Voices for AI-Based Voice Analysis and Detection/Dataset/S8F04/Real/8.wav,0,MEN,MEN-S8F04,TG:0a440d8d407106df,-13.796875,1,0.5175000000000001,1.0188091e-06
mendeley/extracted/Bangla Audio Dataset Original and DeepFake Voices for AI-Based Voice Analysis and Detection/Dataset/S8F04/Real/9.wav,0,MEN,MEN-S8F04,TG:bf935363bd6823d1,-9.921875,1,0.5841666666666667,4.908662e-05
mendeley/extracted/Bangla Audio Dataset Original and DeepFake Voices for AI-Based Voice Analysis and Detection/Dataset/S8F05/Fake/1.wav,1,MEN,MEN-S8F05,TG:760e3ce681aa7630,1.1240234,1,0.4708333333333333,0.7547343
mendeley/extracted/Bangla Audio Dataset Original and DeepFake Voices for AI-Based Voice Analysis and Detection/Dataset/S8F05/Fake/10.wav,1,MEN,MEN-S8F05,TG:7ccc8eca646a6e57,-6.1171875,1,0.5441666666666667,0.0021997981
mendeley/extracted/Bangla Audio Dataset Original and DeepFake Voices for AI-Based Voice Analysis and Detection/Dataset/S8F05/Fake/11.wav,1,MEN,MEN-S8F05,TG:872f6260af58529e,5.265625,1,0.4441666666666667,0.99486035
mendeley/extracted/Bangla Audio Dataset Original and DeepFake Voices for AI-Based Voice Analysis and Detection/Dataset/S8F05/Fake/12.wav,1,MEN,MEN-S8F05,TG:bbd38849c3dc44fa,-15.96875,1,0.4875,1.1610741e-07
mendeley/extracted/Bangla Audio Dataset Original and DeepFake Voices for AI-Based Voice Analysis and Detection/Dataset/S8F05/Fake/13.wav,1,MEN,MEN-S8F05,TG:08c5075532646c3a,-6.2773438,1,0.3824999999999999,0.0018748617
mendeley/extracted/Bangla Audio Dataset Original and DeepFake Voices for AI-Based Voice Analysis and Detection/Dataset/S8F05/Fake/14.wav,1,MEN,MEN-S8F05,TG:77bf98e46646f28d,-14.3984375,1,0.3908333333333333,5.5826166e-07
mendeley/extracted/Bangla Audio Dataset Original and DeepFake Voices for AI-Based Voice Analysis and Detection/Dataset/S8F05/Fake/15.wav,1,MEN,MEN-S8F05,TG:3eb14b84f28303c8,-3.9101562,1,0.4508333333333333,0.019643761
mendeley/extracted/Bangla Audio Dataset Original and DeepFake Voices for AI-Based Voice Analysis and Detection/Dataset/S8F05/Fake/16.wav,1,MEN,MEN-S8F05,TG:0ea8bc04161b1f2f,-20.75,1,0.4575,9.7362e-10
mendeley/extracted/Bangla Audio Dataset Original and DeepFake Voices for AI-Based Voice Analysis and Detection/Dataset/S8F05/Fake/17.wav,1,MEN,MEN-S8F05,TG:66c39665bb32ee30,5.390625,1,0.2608333333333333,0.9954615
mendeley/extracted/Bangla Audio Dataset Original and DeepFake Voices for AI-Based Voice Analysis and Detection/Dataset/S8F05/Fake/18.wav,1,MEN,MEN-S8F05,TG:b494f4a3b1edf8db,7.328125,1,0.4708333333333333,0.9993436
mendeley/extracted/Bangla Audio Dataset Original and DeepFake Voices for AI-Based Voice Analysis and Detection/Dataset/S8F05/Fake/19.wav,1,MEN,MEN-S8F05,TG:2787a2a24a265664,-13.0078125,1,0.4558333333333333,2.2427344e-06
mendeley/extracted/Bangla Audio Dataset Original and DeepFake Voices for AI-Based Voice Analysis and Detection/Dataset/S8F05/Fake/2.wav,1,MEN,MEN-S8F05,TG:bac6bd4d479b8a5b,-20.6875,1,0.4508333333333333,1.0364132e-09
mendeley/extracted/Bangla Audio Dataset Original and DeepFake Voices for AI-Based Voice Analysis and Detection/Dataset/S8F05/Fake/20.wav,1,MEN,MEN-S8F05,TG:c9b9b4cacb95876e,-9.171875,1,0.4141666666666667,0.00010391067
mendeley/extracted/Bangla Audio Dataset Original and DeepFake Voices for AI-Based Voice Analysis and Detection/Dataset/S8F05/Fake/21.wav,1,MEN,MEN-S8F05,TG:05910b36b882676c,-4.2421875,1,0.4175,0.014172367
mendeley/extracted/Bangla Audio Dataset Original and DeepFake Voices for AI-Based Voice Analysis and Detection/Dataset/S8F05/Fake/22.wav,1,MEN,MEN-S8F05,TG:63d69875a36d8c5d,10.4453125,1,0.4341666666666667,0.9999709
mendeley/extracted/Bangla Audio Dataset Original and DeepFake Voices for AI-Based Voice Analysis and Detection/Dataset/S8F05/Fake/23.wav,1,MEN,MEN-S8F05,TG:59cb211849ea18dc,9.15625,1,0.5141666666666667,0.9998945
mendeley/extracted/Bangla Audio Dataset Original and DeepFake Voices for AI-Based Voice Analysis and Detection/Dataset/S8F05/Fake/24.wav,1,MEN,MEN-S8F05,TG:e3ad4512efc8cbc6,-9.53125,1,0.4741666666666666,7.254362e-05
mendeley/extracted/Bangla Audio Dataset Original and DeepFake Voices for AI-Based Voice Analysis and Detection/Dataset/S8F05/Fake/25.wav,1,MEN,MEN-S8F05,TG:3b026d0aca15da29,10.7890625,1,0.5041666666666667,0.9999794
mendeley/extracted/Bangla Audio Dataset Original and DeepFake Voices for AI-Based Voice Analysis and Detection/Dataset/S8F05/Fake/26.wav,1,MEN,MEN-S8F05,TG:bc8efbdca8f6081a,-15.828125,1,0.5441666666666667,1.336388e-07
mendeley/extracted/Bangla Audio Dataset Original and DeepFake Voices for AI-Based Voice Analysis and Detection/Dataset/S8F05/Fake/27.wav,1,MEN,MEN-S8F05,TG:52999faeaa2ecc2d,-10.40625,1,0.5475,3.024196e-05
mendeley/extracted/Bangla Audio Dataset Original and DeepFake Voices for AI-Based Voice Analysis and Detection/Dataset/S8F05/Fake/28.wav,1,MEN,MEN-S8F05,TG:352d26f1389a8b5b,-6.0195312,1,0.5341666666666667,0.0024249144
mendeley/extracted/Bangla Audio Dataset Original and DeepFake Voices for AI-Based Voice Analysis and Detection/Dataset/S8F05/Fake/29.wav,1,MEN,MEN-S8F05,TG:38d7ef05bbb12d77,-16.96875,1,0.4591666666666666,4.2713534e-08
mendeley/extracted/Bangla Audio Dataset Original and DeepFake Voices for AI-Based Voice Analysis and Detection/Dataset/S8F05/Fake/3.wav,1,MEN,MEN-S8F05,TG:515be6f37ee9bb6b,-20.984375,1,0.5491666666666667,7.7019685e-10
mendeley/extracted/Bangla Audio Dataset Original and DeepFake Voices for AI-Based Voice Analysis and Detection/Dataset/S8F05/Fake/30.wav,1,MEN,MEN-S8F05,TG:5d0a616d7540918c,2.4042969,1,0.3541666666666666,0.91715443
mendeley/extracted/Bangla Audio Dataset Original and DeepFake Voices for AI-Based Voice Analysis and Detection/Dataset/S8F05/Fake/4.wav,1,MEN,MEN-S8F05,TG:9171bfa0ce6f0284,-17.6875,1,0.5108333333333333,2.0816916e-08
mendeley/extracted/Bangla Audio Dataset Original and DeepFake Voices for AI-Based Voice Analysis and Detection/Dataset/S8F05/Fake/5.wav,1,MEN,MEN-S8F05,TG:c48f3edccc3e1864,8.8515625,1,0.5575,0.9998568
mendeley/extracted/Bangla Audio Dataset Original and DeepFake Voices for AI-Based Voice Analysis and Detection/Dataset/S8F05/Fake/6.wav,1,MEN,MEN-S8F05,TG:2aa58a4fccd71627,-17.4375,1,0.4675,2.6729445e-08
mendeley/extracted/Bangla Audio Dataset Original and DeepFake Voices for AI-Based Voice Analysis and Detection/Dataset/S8F05/Fake/7.wav,1,MEN,MEN-S8F05,TG:ea527d337528d827,-15.40625,1,0.5408333333333333,2.0377483e-07
mendeley/extracted/Bangla Audio Dataset Original and DeepFake Voices for AI-Based Voice Analysis and Detection/Dataset/S8F05/Fake/8.wav,1,MEN,MEN-S8F05,TG:0a440d8d407106df,-20.515625,1,0.4841666666666666,1.2307712e-09
mendeley/extracted/Bangla Audio Dataset Original and DeepFake Voices for AI-Based Voice Analysis and Detection/Dataset/S8F05/Fake/9.wav,1,MEN,MEN-S8F05,TG:bf935363bd6823d1,-11.96875,1,0.4408333333333333,6.339211e-06
mendeley/extracted/Bangla Audio Dataset Original and DeepFake Voices for AI-Based Voice Analysis and Detection/Dataset/S8F05/Real/1.wav,0,MEN,MEN-S8F05,TG:760e3ce681aa7630,-6.6328125,1,0.3675,0.0013147246
mendeley/extracted/Bangla Audio Dataset Original and DeepFake Voices for AI-Based Voice Analysis and Detection/Dataset/S8F05/Real/10.wav,0,MEN,MEN-S8F05,TG:7ccc8eca646a6e57,8.8046875,1,0.3841666666666666,0.9998499
mendeley/extracted/Bangla Audio Dataset Original and DeepFake Voices for AI-Based Voice Analysis and Detection/Dataset/S8F05/Real/11.wav,0,MEN,MEN-S8F05,TG:872f6260af58529e,-14.484375,1,0.3008333333333333,5.122897e-07
mendeley/extracted/Bangla Audio Dataset Original and DeepFake Voices for AI-Based Voice Analysis and Detection/Dataset/S8F05/Real/12.wav,0,MEN,MEN-S8F05,TG:bbd38849c3dc44fa,-8.3671875,1,0.3508333333333333,0.0002323142
mendeley/extracted/Bangla Audio Dataset Original and DeepFake Voices for AI-Based Voice Analysis and Detection/Dataset/S8F05/Real/13.wav,0,MEN,MEN-S8F05,TG:08c5075532646c3a,-2.046875,1,0.4341666666666667,0.11436852
mendeley/extracted/Bangla Audio Dataset Original and DeepFake Voices for AI-Based Voice Analysis and Detection/Dataset/S8F05/Real/14.wav,0,MEN,MEN-S8F05,TG:77bf98e46646f28d,-16.234375,1,0.3841666666666666,8.902264e-08
mendeley/extracted/Bangla Audio Dataset Original and DeepFake Voices for AI-Based Voice Analysis and Detection/Dataset/S8F05/Real/15.wav,0,MEN,MEN-S8F05,TG:3eb14b84f28303c8,-6.0976562,1,0.3841666666666666,0.0022430876
mendeley/extracted/Bangla Audio Dataset Original and DeepFake Voices for AI-Based Voice Analysis and Detection/Dataset/S8F05/Real/16.wav,0,MEN,MEN-S8F05,TG:0ea8bc04161b1f2f,-18.46875,1,0.3675,9.530678e-09
mendeley/extracted/Bangla Audio Dataset Original and DeepFake Voices for AI-Based Voice Analysis and Detection/Dataset/S8F05/Real/17.wav,0,MEN,MEN-S8F05,TG:66c39665bb32ee30,-5.3984375,1,0.3508333333333333,0.0045032725
mendeley/extracted/Bangla Audio Dataset Original and DeepFake Voices for AI-Based Voice Analysis and Detection/Dataset/S8F05/Real/18.wav,0,MEN,MEN-S8F05,TG:b494f4a3b1edf8db,3.8378906,1,0.3841666666666666,0.97891515
mendeley/extracted/Bangla Audio Dataset Original and DeepFake Voices for AI-Based Voice Analysis and Detection/Dataset/S8F05/Real/19.wav,0,MEN,MEN-S8F05,TG:2787a2a24a265664,-14.9609375,1,0.4008333333333334,3.1808798e-07
mendeley/extracted/Bangla Audio Dataset Original and DeepFake Voices for AI-Based Voice Analysis and Detection/Dataset/S8F05/Real/2.wav,0,MEN,MEN-S8F05,TG:bac6bd4d479b8a5b,-34.75,1,0.3008333333333333,8.09593e-16
mendeley/extracted/Bangla Audio Dataset Original and DeepFake Voices for AI-Based Voice Analysis and Detection/Dataset/S8F05/Real/20.wav,0,MEN,MEN-S8F05,TG:c9b9b4cacb95876e,6.8515625,1,0.3675,0.9989434
mendeley/extracted/Bangla Audio Dataset Original and DeepFake Voices for AI-Based Voice Analysis and Detection/Dataset/S8F05/Real/21.wav,0,MEN,MEN-S8F05,TG:05910b36b882676c,-13.46875,1,0.3675,1.414476e-06
mendeley/extracted/Bangla Audio Dataset Original and DeepFake Voices for AI-Based Voice Analysis and Detection/Dataset/S8F05/Real/22.wav,0,MEN,MEN-S8F05,TG:63d69875a36d8c5d,9.859375,1,0.4008333333333334,0.9999478
mendeley/extracted/Bangla Audio Dataset Original and DeepFake Voices for AI-Based Voice Analysis and Detection/Dataset/S8F05/Real/23.wav,0,MEN,MEN-S8F05,TG:59cb211849ea18dc,-5.0859375,1,0.3675,0.006145092
mendeley/extracted/Bangla Audio Dataset Original and DeepFake Voices for AI-Based Voice Analysis and Detection/Dataset/S8F05/Real/24.wav,0,MEN,MEN-S8F05,TG:e3ad4512efc8cbc6,-14.7734375,1,0.4175,3.836873e-07
mendeley/extracted/Bangla Audio Dataset Original and DeepFake Voices for AI-Based Voice Analysis and Detection/Dataset/S8F05/Real/25.wav,0,MEN,MEN-S8F05,TG:3b026d0aca15da29,-11.15625,1,0.3508333333333333,1.4285517e-05
mendeley/extracted/Bangla Audio Dataset Original and DeepFake Voices for AI-Based Voice Analysis and Detection/Dataset/S8F05/Real/26.wav,0,MEN,MEN-S8F05,TG:bc8efbdca8f6081a,-22.140625,1,0.4508333333333333,2.4235322e-10
mendeley/extracted/Bangla Audio Dataset Original and DeepFake Voices for AI-Based Voice Analysis and Detection/Dataset/S8F05/Real/27.wav,0,MEN,MEN-S8F05,TG:52999faeaa2ecc2d,-11.4609375,1,0.4508333333333333,1.053352e-05
mendeley/extracted/Bangla Audio Dataset Original and DeepFake Voices for AI-Based Voice Analysis and Detection/Dataset/S8F05/Real/28.wav,0,MEN,MEN-S8F05,TG:352d26f1389a8b5b,-20.8125,1,0.4675,9.146314e-10
mendeley/extracted/Bangla Audio Dataset Original and DeepFake Voices for AI-Based Voice Analysis and Detection/Dataset/S8F05/Real/29.wav,0,MEN,MEN-S8F05,TG:38d7ef05bbb12d77,-14.1484375,1,0.4508333333333333,7.1682206e-07
mendeley/extracted/Bangla Audio Dataset Original and DeepFake Voices for AI-Based Voice Analysis and Detection/Dataset/S8F05/Real/3.wav,0,MEN,MEN-S8F05,TG:515be6f37ee9bb6b,-7.7148438,1,0.4341666666666667,0.00044595622
mendeley/extracted/Bangla Audio Dataset Original and DeepFake Voices for AI-Based Voice Analysis and Detection/Dataset/S8F05/Real/30.wav,0,MEN,MEN-S8F05,TG:5d0a616d7540918c,-2.5878906,1,0.4341666666666667,0.069921836
mendeley/extracted/Bangla Audio Dataset Original and DeepFake Voices for AI-Based Voice Analysis and Detection/Dataset/S8F05/Real/4.wav,0,MEN,MEN-S8F05,TG:9171bfa0ce6f0284,-7.1640625,1,0.4341666666666667,0.0007733057
mendeley/extracted/Bangla Audio Dataset Original and DeepFake Voices for AI-Based Voice Analysis and Detection/Dataset/S8F05/Real/5.wav,0,MEN,MEN-S8F05,TG:c48f3edccc3e1864,-22.6875,1,0.4341666666666667,1.4026326e-10
mendeley/extracted/Bangla Audio Dataset Original and DeepFake Voices for AI-Based Voice Analysis and Detection/Dataset/S8F05/Real/6.wav,0,MEN,MEN-S8F05,TG:2aa58a4fccd71627,-26.515625,1,0.4675,3.0507764e-12
mendeley/extracted/Bangla Audio Dataset Original and DeepFake Voices for AI-Based Voice Analysis and Detection/Dataset/S8F05/Real/7.wav,0,MEN,MEN-S8F05,TG:ea527d337528d827,8.1484375,1,0.4508333333333333,0.99971086
mendeley/extracted/Bangla Audio Dataset Original and DeepFake Voices for AI-Based Voice Analysis and Detection/Dataset/S8F05/Real/8.wav,0,MEN,MEN-S8F05,TG:0a440d8d407106df,-10.8828125,1,0.4508333333333333,1.8777875e-05
mendeley/extracted/Bangla Audio Dataset Original and DeepFake Voices for AI-Based Voice Analysis and Detection/Dataset/S8F05/Real/9.wav,0,MEN,MEN-S8F05,TG:bf935363bd6823d1,-9.4140625,1,0.4675,8.156225e-05
mendeley/extracted/Bangla Audio Dataset Original and DeepFake Voices for AI-Based Voice Analysis and Detection/Dataset/S9F01/Fake/1.wav,1,MEN,MEN-S9F01,TG:263ccbb0d9d4fa76,-9.0625,1,0.5375,0.000115919334
mendeley/extracted/Bangla Audio Dataset Original and DeepFake Voices for AI-Based Voice Analysis and Detection/Dataset/S9F01/Fake/10.wav,1,MEN,MEN-S9F01,TG:3bfd340f76d8a679,-16.96875,1,0.2441666666666666,4.2713534e-08
mendeley/extracted/Bangla Audio Dataset Original and DeepFake Voices for AI-Based Voice Analysis and Detection/Dataset/S9F01/Fake/11.wav,1,MEN,MEN-S9F01,TG:de90edc1089c941d,-13.8828125,1,0.4658333333333333,9.34912e-07
mendeley/extracted/Bangla Audio Dataset Original and DeepFake Voices for AI-Based Voice Analysis and Detection/Dataset/S9F01/Fake/12.wav,1,MEN,MEN-S9F01,TG:a77af9be683053cc,-29.1875,1,0.4975,2.108773e-13
mendeley/extracted/Bangla Audio Dataset Original and DeepFake Voices for AI-Based Voice Analysis and Detection/Dataset/S9F01/Fake/13.wav,1,MEN,MEN-S9F01,TG:d028db732b574cac,-12.3203125,1,0.5508333333333333,4.4602e-06
mendeley/extracted/Bangla Audio Dataset Original and DeepFake Voices for AI-Based Voice Analysis and Detection/Dataset/S9F01/Fake/14.wav,1,MEN,MEN-S9F01,TG:4a3012311f6f989c,-26.640625,1,0.4641666666666666,2.6923006e-12
mendeley/extracted/Bangla Audio Dataset Original and DeepFake Voices for AI-Based Voice Analysis and Detection/Dataset/S9F01/Fake/15.wav,1,MEN,MEN-S9F01,TG:25961d92ff260806,8.875,1,0.4591666666666666,0.99986017
mendeley/extracted/Bangla Audio Dataset Original and DeepFake Voices for AI-Based Voice Analysis and Detection/Dataset/S9F01/Fake/16.wav,1,MEN,MEN-S9F01,TG:ad3b41d59e6fcb6e,-9.140625,1,0.4741666666666666,0.0001072088
mendeley/extracted/Bangla Audio Dataset Original and DeepFake Voices for AI-Based Voice Analysis and Detection/Dataset/S9F01/Fake/17.wav,1,MEN,MEN-S9F01,TG:007c8f7195b13372,-18.53125,1,0.3941666666666666,8.9532435e-09
mendeley/extracted/Bangla Audio Dataset Original and DeepFake Voices for AI-Based Voice Analysis and Detection/Dataset/S9F01/Fake/18.wav,1,MEN,MEN-S9F01,TG:128b166adf03cd84,-14.046875,1,0.4525,7.934496e-07
mendeley/extracted/Bangla Audio Dataset Original and DeepFake Voices for AI-Based Voice Analysis and Detection/Dataset/S9F01/Fake/19.wav,1,MEN,MEN-S9F01,TG:f8229cad7945af39,-15.078125,1,0.4808333333333333,2.8291333e-07
mendeley/extracted/Bangla Audio Dataset Original and DeepFake Voices for AI-Based Voice Analysis and Detection/Dataset/S9F01/Fake/2.wav,1,MEN,MEN-S9F01,TG:9f5c75cf1e6d9913,-20.140625,1,0.4308333333333333,1.7907613e-09
mendeley/extracted/Bangla Audio Dataset Original and DeepFake Voices for AI-Based Voice Analysis and Detection/Dataset/S9F01/Fake/20.wav,1,MEN,MEN-S9F01,TG:0bf1b90fb03791fa,-14.0078125,1,0.5591666666666666,8.25057e-07
mendeley/extracted/Bangla Audio Dataset Original and DeepFake Voices for AI-Based Voice Analysis and Detection/Dataset/S9F01/Fake/21.wav,1,MEN,MEN-S9F01,TG:70073d516c8e9f1d,-25.09375,1,0.5441666666666667,1.2645116e-11
mendeley/extracted/Bangla Audio Dataset Original and DeepFake Voices for AI-Based Voice Analysis and Detection/Dataset/S9F01/Fake/22.wav,1,MEN,MEN-S9F01,TG:287fc53eca67ab9a,-20.078125,1,0.5008333333333334,1.9062556e-09
mendeley/extracted/Bangla Audio Dataset Original and DeepFake Voices for AI-Based Voice Analysis and Detection/Dataset/S9F01/Fake/23.wav,1,MEN,MEN-S9F01,TG:b17d3c4f6988bf6a,1.6435547,1,0.3691666666666666,0.83801806
mendeley/extracted/Bangla Audio Dataset Original and DeepFake Voices for AI-Based Voice Analysis and Detection/Dataset/S9F01/Fake/24.wav,1,MEN,MEN-S9F01,TG:a6e0eae4bc3f847b,-22.28125,1,0.5075000000000001,2.1056008e-10
mendeley/extracted/Bangla Audio Dataset Original and DeepFake Voices for AI-Based Voice Analysis and Detection/Dataset/S9F01/Fake/25.wav,1,MEN,MEN-S9F01,TG:6bab2734c92514f5,-10.0546875,1,0.5258333333333334,4.298194e-05
mendeley/extracted/Bangla Audio Dataset Original and DeepFake Voices for AI-Based Voice Analysis and Detection/Dataset/S9F01/Fake/26.wav,1,MEN,MEN-S9F01,TG:ba75c4dd9af4fab6,-22.359375,1,0.4941666666666666,1.9473625e-10
mendeley/extracted/Bangla Audio Dataset Original and DeepFake Voices for AI-Based Voice Analysis and Detection/Dataset/S9F01/Fake/27.wav,1,MEN,MEN-S9F01,TG:caa343756463e508,-18.03125,1,0.5025,1.4761403e-08
mendeley/extracted/Bangla Audio Dataset Original and DeepFake Voices for AI-Based Voice Analysis and Detection/Dataset/S9F01/Fake/28.wav,1,MEN,MEN-S9F01,TG:b127dfcabbeceab8,-24.703125,1,0.4841666666666666,1.8688271e-11
mendeley/extracted/Bangla Audio Dataset Original and DeepFake Voices for AI-Based Voice Analysis and Detection/Dataset/S9F01/Fake/29.wav,1,MEN,MEN-S9F01,TG:eda0f06ce0d96a61,-13.234375,1,0.4908333333333333,1.7880645e-06
mendeley/extracted/Bangla Audio Dataset Original and DeepFake Voices for AI-Based Voice Analysis and Detection/Dataset/S9F01/Fake/3.wav,1,MEN,MEN-S9F01,TG:48c5e1f63ac9492d,-15.2578125,1,0.4975,2.3638293e-07
mendeley/extracted/Bangla Audio Dataset Original and DeepFake Voices for AI-Based Voice Analysis and Detection/Dataset/S9F01/Fake/30.wav,1,MEN,MEN-S9F01,TG:3ac4acc156291aa7,-9.2890625,1,0.3675,9.2421134e-05
mendeley/extracted/Bangla Audio Dataset Original and DeepFake Voices for AI-Based Voice Analysis and Detection/Dataset/S9F01/Fake/4.wav,1,MEN,MEN-S9F01,TG:2d816275c7480a59,-28.578125,1,0.3225,3.878627e-13
mendeley/extracted/Bangla Audio Dataset Original and DeepFake Voices for AI-Based Voice Analysis and Detection/Dataset/S9F01/Fake/5.wav,1,MEN,MEN-S9F01,TG:db854ce88524c221,-22.1875,1,0.4775,2.3125504e-10
mendeley/extracted/Bangla Audio Dataset Original and DeepFake Voices for AI-Based Voice Analysis and Detection/Dataset/S9F01/Fake/6.wav,1,MEN,MEN-S9F01,TG:d4d0daa8b1ec3a55,-21.65625,1,0.6058333333333333,3.9337805e-10
mendeley/extracted/Bangla Audio Dataset Original and DeepFake Voices for AI-Based Voice Analysis and Detection/Dataset/S9F01/Fake/7.wav,1,MEN,MEN-S9F01,TG:eb6e2f32cb4ca057,-33.15625,1,0.4725,3.9849567e-15
mendeley/extracted/Bangla Audio Dataset Original and DeepFake Voices for AI-Based Voice Analysis and Detection/Dataset/S9F01/Fake/8.wav,1,MEN,MEN-S9F01,TG:9e752019d89d3c25,-16.0625,1,0.5475,1.0571699e-07
mendeley/extracted/Bangla Audio Dataset Original and DeepFake Voices for AI-Based Voice Analysis and Detection/Dataset/S9F01/Fake/9.wav,1,MEN,MEN-S9F01,TG:9d764b1f65847a64,-19.84375,1,0.4741666666666666,2.4097329e-09
mendeley/extracted/Bangla Audio Dataset Original and DeepFake Voices for AI-Based Voice Analysis and Detection/Dataset/S9F01/Real/1.wav,0,MEN,MEN-S9F01,TG:263ccbb0d9d4fa76,-14.9296875,1,0.3441666666666666,3.281852e-07
mendeley/extracted/Bangla Audio Dataset Original and DeepFake Voices for AI-Based Voice Analysis and Detection/Dataset/S9F01/Real/10.wav,0,MEN,MEN-S9F01,TG:3bfd340f76d8a679,-28.078125,1,0.5441666666666667,6.394775e-13
mendeley/extracted/Bangla Audio Dataset Original and DeepFake Voices for AI-Based Voice Analysis and Detection/Dataset/S9F01/Real/11.wav,0,MEN,MEN-S9F01,TG:de90edc1089c941d,-32.9375,1,0.4608333333333333,4.959359e-15
mendeley/extracted/Bangla Audio Dataset Original and DeepFake Voices for AI-Based Voice Analysis and Detection/Dataset/S9F01/Real/12.wav,0,MEN,MEN-S9F01,TG:a77af9be683053cc,-31.5625,1,0.6608333333333334,1.9614645e-14
mendeley/extracted/Bangla Audio Dataset Original and DeepFake Voices for AI-Based Voice Analysis and Detection/Dataset/S9F01/Real/13.wav,0,MEN,MEN-S9F01,TG:d028db732b574cac,-35.78125,1,0.5608333333333333,2.886693e-16
mendeley/extracted/Bangla Audio Dataset Original and DeepFake Voices for AI-Based Voice Analysis and Detection/Dataset/S9F01/Real/14.wav,0,MEN,MEN-S9F01,TG:4a3012311f6f989c,-26.75,1,0.6441666666666667,2.413363e-12
mendeley/extracted/Bangla Audio Dataset Original and DeepFake Voices for AI-Based Voice Analysis and Detection/Dataset/S9F01/Real/15.wav,0,MEN,MEN-S9F01,TG:25961d92ff260806,-26.21875,1,0.5108333333333333,4.105268e-12
mendeley/extracted/Bangla Audio Dataset Original and DeepFake Voices for AI-Based Voice Analysis and Detection/Dataset/S9F01/Real/16.wav,0,MEN,MEN-S9F01,TG:ad3b41d59e6fcb6e,-18.5,1,0.4958333333333333,9.23745e-09
mendeley/extracted/Bangla Audio Dataset Original and DeepFake Voices for AI-Based Voice Analysis and Detection/Dataset/S9F01/Real/17.wav,0,MEN,MEN-S9F01,TG:007c8f7195b13372,-29.140625,1,0.5625,2.2099748e-13
mendeley/extracted/Bangla Audio Dataset Original and DeepFake Voices for AI-Based Voice Analysis and Detection/Dataset/S9F01/Real/18.wav,0,MEN,MEN-S9F01,TG:128b166adf03cd84,-35.3125,1,0.5625,4.6129224e-16
mendeley/extracted/Bangla Audio Dataset Original and DeepFake Voices for AI-Based Voice Analysis and Detection/Dataset/S9F01/Real/19.wav,0,MEN,MEN-S9F01,TG:f8229cad7945af39,-35.21875,1,0.5958333333333333,5.066304e-16
mendeley/extracted/Bangla Audio Dataset Original and DeepFake Voices for AI-Based Voice Analysis and Detection/Dataset/S9F01/Real/2.wav,0,MEN,MEN-S9F01,TG:9f5c75cf1e6d9913,-20.265625,1,0.4941666666666666,1.5803413e-09
mendeley/extracted/Bangla Audio Dataset Original and DeepFake Voices for AI-Based Voice Analysis and Detection/Dataset/S9F01/Real/20.wav,0,MEN,MEN-S9F01,TG:0bf1b90fb03791fa,-28.359375,1,0.6441666666666667,4.8270296e-13
mendeley/extracted/Bangla Audio Dataset Original and DeepFake Voices for AI-Based Voice Analysis and Detection/Dataset/S9F01/Real/21.wav,0,MEN,MEN-S9F01,TG:70073d516c8e9f1d,-45.0625,1,0.6775,2.6890873e-20
mendeley/extracted/Bangla Audio Dataset Original and DeepFake Voices for AI-Based Voice Analysis and Detection/Dataset/S9F01/Real/22.wav,0,MEN,MEN-S9F01,TG:287fc53eca67ab9a,-26.40625,1,0.4441666666666667,3.403387e-12
mendeley/extracted/Bangla Audio Dataset Original and DeepFake Voices for AI-Based Voice Analysis and Detection/Dataset/S9F01/Real/23.wav,0,MEN,MEN-S9F01,TG:b17d3c4f6988bf6a,-20.796875,1,0.4441666666666667,9.290347e-10
mendeley/extracted/Bangla Audio Dataset Original and DeepFake Voices for AI-Based Voice Analysis and Detection/Dataset/S9F01/Real/24.wav,0,MEN,MEN-S9F01,TG:a6e0eae4bc3f847b,-16.421875,1,0.5458333333333334,7.380237e-08
mendeley/extracted/Bangla Audio Dataset Original and DeepFake Voices for AI-Based Voice Analysis and Detection/Dataset/S9F01/Real/25.wav,0,MEN,MEN-S9F01,TG:6bab2734c92514f5,-39.375,1,0.5608333333333333,7.936971e-18
mendeley/extracted/Bangla Audio Dataset Original and DeepFake Voices for AI-Based Voice Analysis and Detection/Dataset/S9F01/Real/26.wav,0,MEN,MEN-S9F01,TG:ba75c4dd9af4fab6,-37.34375,1,0.6291666666666667,6.050837e-17
mendeley/extracted/Bangla Audio Dataset Original and DeepFake Voices for AI-Based Voice Analysis and Detection/Dataset/S9F01/Real/27.wav,0,MEN,MEN-S9F01,TG:caa343756463e508,-12.8828125,1,0.5941666666666667,2.54135e-06
mendeley/extracted/Bangla Audio Dataset Original and DeepFake Voices for AI-Based Voice Analysis and Detection/Dataset/S9F01/Real/28.wav,0,MEN,MEN-S9F01,TG:b127dfcabbeceab8,-33.375,1,0.6275,3.2020022e-15
mendeley/extracted/Bangla Audio Dataset Original and DeepFake Voices for AI-Based Voice Analysis and Detection/Dataset/S9F01/Real/29.wav,0,MEN,MEN-S9F01,TG:eda0f06ce0d96a61,-16.90625,1,0.5441666666666667,4.546832e-08
mendeley/extracted/Bangla Audio Dataset Original and DeepFake Voices for AI-Based Voice Analysis and Detection/Dataset/S9F01/Real/3.wav,0,MEN,MEN-S9F01,TG:48c5e1f63ac9492d,-31.171875,1,0.4608333333333333,2.8988564e-14
mendeley/extracted/Bangla Audio Dataset Original and DeepFake Voices for AI-Based Voice Analysis and Detection/Dataset/S9F01/Real/30.wav,0,MEN,MEN-S9F01,TG:3ac4acc156291aa7,-18.484375,1,0.5108333333333333,9.382918e-09
mendeley/extracted/Bangla Audio Dataset Original and DeepFake Voices for AI-Based Voice Analysis and Detection/Dataset/S9F01/Real/4.wav,0,MEN,MEN-S9F01,TG:2d816275c7480a59,-41.34375,1,0.4958333333333333,1.1082493e-18
mendeley/extracted/Bangla Audio Dataset Original and DeepFake Voices for AI-Based Voice Analysis and Detection/Dataset/S9F01/Real/5.wav,0,MEN,MEN-S9F01,TG:db854ce88524c221,-32.5625,1,0.5258333333333334,7.215824e-15
mendeley/extracted/Bangla Audio Dataset Original and DeepFake Voices for AI-Based Voice Analysis and Detection/Dataset/S9F01/Real/6.wav,0,MEN,MEN-S9F01,TG:d4d0daa8b1ec3a55,-39.78125,1,0.5608333333333333,5.287162e-18
mendeley/extracted/Bangla Audio Dataset Original and DeepFake Voices for AI-Based Voice Analysis and Detection/Dataset/S9F01/Real/7.wav,0,MEN,MEN-S9F01,TG:eb6e2f32cb4ca057,-24.90625,1,0.4941666666666666,1.5252922e-11
mendeley/extracted/Bangla Audio Dataset Original and DeepFake Voices for AI-Based Voice Analysis and Detection/Dataset/S9F01/Real/8.wav,0,MEN,MEN-S9F01,TG:9e752019d89d3c25,-27.015625,1,0.5425,1.8503894e-12
mendeley/extracted/Bangla Audio Dataset Original and DeepFake Voices for AI-Based Voice Analysis and Detection/Dataset/S9F01/Real/9.wav,0,MEN,MEN-S9F01,TG:9d764b1f65847a64,-38.03125,1,0.3791666666666666,3.042552e-17
mendeley/extracted/Bangla Audio Dataset Original and DeepFake Voices for AI-Based Voice Analysis and Detection/Dataset/S9F03/Fake/1.wav,1,MEN,MEN-S9F03,TG:263ccbb0d9d4fa76,-2.0566406,1,0.5341666666666667,0.1133831
mendeley/extracted/Bangla Audio Dataset Original and DeepFake Voices for AI-Based Voice Analysis and Detection/Dataset/S9F03/Fake/10.wav,1,MEN,MEN-S9F03,TG:3bfd340f76d8a679,9.7421875,1,0.2741666666666666,0.99994123
mendeley/extracted/Bangla Audio Dataset Original and DeepFake Voices for AI-Based Voice Analysis and Detection/Dataset/S9F03/Fake/11.wav,1,MEN,MEN-S9F03,TG:de90edc1089c941d,-2.0097656,1,0.4458333333333333,0.11818141
mendeley/extracted/Bangla Audio Dataset Original and DeepFake Voices for AI-Based Voice Analysis and Detection/Dataset/S9F03/Fake/12.wav,1,MEN,MEN-S9F03,TG:a77af9be683053cc,-9.8828125,1,0.5508333333333333,5.104191e-05
mendeley/extracted/Bangla Audio Dataset Original and DeepFake Voices for AI-Based Voice Analysis and Detection/Dataset/S9F03/Fake/13.wav,1,MEN,MEN-S9F03,TG:d028db732b574cac,-13.234375,1,0.5075000000000001,1.7880645e-06
mendeley/extracted/Bangla Audio Dataset Original and DeepFake Voices for AI-Based Voice Analysis and Detection/Dataset/S9F03/Fake/14.wav,1,MEN,MEN-S9F03,TG:4a3012311f6f989c,-6.3671875,1,0.4575,0.0017140384
mendeley/extracted/Bangla Audio Dataset Original and DeepFake Voices for AI-Based Voice Analysis and Detection/Dataset/S9F03/Fake/15.wav,1,MEN,MEN-S9F03,TG:25961d92ff260806,10.796875,1,0.4425,0.9999795
mendeley/extracted/Bangla Audio Dataset Original and DeepFake Voices for AI-Based Voice Analysis and Detection/Dataset/S9F03/Fake/16.wav,1,MEN,MEN-S9F03,TG:ad3b41d59e6fcb6e,10.046875,1,0.4275,0.9999567
mendeley/extracted/Bangla Audio Dataset Original and DeepFake Voices for AI-Based Voice Analysis and Detection/Dataset/S9F03/Fake/17.wav,1,MEN,MEN-S9F03,TG:007c8f7195b13372,-12.4765625,1,0.4508333333333333,3.8150138e-06
mendeley/extracted/Bangla Audio Dataset Original and DeepFake Voices for AI-Based Voice Analysis and Detection/Dataset/S9F03/Fake/18.wav,1,MEN,MEN-S9F03,TG:128b166adf03cd84,-4.0585938,1,0.4425,0.01697999
mendeley/extracted/Bangla Audio Dataset Original and DeepFake Voices for AI-Based Voice Analysis and Detection/Dataset/S9F03/Fake/19.wav,1,MEN,MEN-S9F03,TG:f8229cad7945af39,-8.875,1,0.4691666666666666,0.00013982209
mendeley/extracted/Bangla Audio Dataset Original and DeepFake Voices for AI-Based Voice Analysis and Detection/Dataset/S9F03/Fake/2.wav,1,MEN,MEN-S9F03,TG:9f5c75cf1e6d9913,-16.546875,1,0.3675,6.5130365e-08
mendeley/extracted/Bangla Audio Dataset Original and DeepFake Voices for AI-Based Voice Analysis and Detection/Dataset/S9F03/Fake/20.wav,1,MEN,MEN-S9F03,TG:0bf1b90fb03791fa,2.8613281,1,0.5275000000000001,0.9459013
mendeley/extracted/Bangla Audio Dataset Original and DeepFake Voices for AI-Based Voice Analysis and Detection/Dataset/S9F03/Fake/21.wav,1,MEN,MEN-S9F03,TG:70073d516c8e9f1d,-15.6328125,1,0.5341666666666667,1.6246348e-07
mendeley/extracted/Bangla Audio Dataset Original and DeepFake Voices for AI-Based Voice Analysis and Detection/Dataset/S9F03/Fake/22.wav,1,MEN,MEN-S9F03,TG:287fc53eca67ab9a,0.24658203,1,0.5591666666666666,0.5613351
mendeley/extracted/Bangla Audio Dataset Original and DeepFake Voices for AI-Based Voice Analysis and Detection/Dataset/S9F03/Fake/23.wav,1,MEN,MEN-S9F03,TG:b17d3c4f6988bf6a,-3.8730469,1,0.4041666666666667,0.020371296
mendeley/extracted/Bangla Audio Dataset Original and DeepFake Voices for AI-Based Voice Analysis and Detection/Dataset/S9F03/Fake/24.wav,1,MEN,MEN-S9F03,TG:a6e0eae4bc3f847b,-12.71875,1,0.4675,2.9944408e-06
mendeley/extracted/Bangla Audio Dataset Original and DeepFake Voices for AI-Based Voice Analysis and Detection/Dataset/S9F03/Fake/25.wav,1,MEN,MEN-S9F03,TG:6bab2734c92514f5,-6.6328125,1,0.4825,0.0013147246
mendeley/extracted/Bangla Audio Dataset Original and DeepFake Voices for AI-Based Voice Analysis and Detection/Dataset/S9F03/Fake/26.wav,1,MEN,MEN-S9F03,TG:ba75c4dd9af4fab6,-15.7890625,1,0.5625,1.3896238e-07
mendeley/extracted/Bangla Audio Dataset Original and DeepFake Voices for AI-Based Voice Analysis and Detection/Dataset/S9F03/Fake/27.wav,1,MEN,MEN-S9F03,TG:caa343756463e508,-1.7431641,1,0.5925,0.14891149
mendeley/extracted/Bangla Audio Dataset Original and DeepFake Voices for AI-Based Voice Analysis and Detection/Dataset/S9F03/Fake/28.wav,1,MEN,MEN-S9F03,TG:b127dfcabbeceab8,-18.40625,1,0.4591666666666666,1.0145355e-08
mendeley/extracted/Bangla Audio Dataset Original and DeepFake Voices for AI-Based Voice Analysis and Detection/Dataset/S9F03/Fake/29.wav,1,MEN,MEN-S9F03,TG:eda0f06ce0d96a61,-1.3583984,1,0.4791666666666666,0.20450072
mendeley/extracted/Bangla Audio Dataset Original and DeepFake Voices for AI-Based Voice Analysis and Detection/Dataset/S9F03/Fake/3.wav,1,MEN,MEN-S9F03,TG:48c5e1f63ac9492d,-8.796875,1,0.4525,0.00015118199
mendeley/extracted/Bangla Audio Dataset Original and DeepFake Voices for AI-Based Voice Analysis and Detection/Dataset/S9F03/Fake/30.wav,1,MEN,MEN-S9F03,TG:3ac4acc156291aa7,8.8515625,1,0.3725,0.9998568
mendeley/extracted/Bangla Audio Dataset Original and DeepFake Voices for AI-Based Voice Analysis and Detection/Dataset/S9F03/Fake/4.wav,1,MEN,MEN-S9F03,TG:2d816275c7480a59,7.8945312,1,0.3425,0.99962735
mendeley/extracted/Bangla Audio Dataset Original and DeepFake Voices for AI-Based Voice Analysis and Detection/Dataset/S9F03/Fake/5.wav,1,MEN,MEN-S9F03,TG:db854ce88524c221,-6.5039062,1,0.4675,0.0014953385
mendeley/extracted/Bangla Audio Dataset Original and DeepFake Voices for AI-Based Voice Analysis and Detection/Dataset/S9F03/Fake/6.wav,1,MEN,MEN-S9F03,TG:d4d0daa8b1ec3a55,-8.421875,1,0.5708333333333333,0.00021995336
mendeley/extracted/Bangla Audio Dataset Original and DeepFake Voices for AI-Based Voice Analysis and Detection/Dataset/S9F03/Fake/7.wav,1,MEN,MEN-S9F03,TG:eb6e2f32cb4ca057,-9.5546875,1,0.4175,7.0863265e-05
mendeley/extracted/Bangla Audio Dataset Original and DeepFake Voices for AI-Based Voice Analysis and Detection/Dataset/S9F03/Fake/8.wav,1,MEN,MEN-S9F03,TG:9e752019d89d3c25,-1.6679688,1,0.5625,0.15869519
mendeley/extracted/Bangla Audio Dataset Original and DeepFake Voices for AI-Based Voice Analysis and Detection/Dataset/S9F03/Fake/9.wav,1,MEN,MEN-S9F03,TG:9d764b1f65847a64,9.5546875,1,0.4741666666666666,0.9999292
mendeley/extracted/Bangla Audio Dataset Original and DeepFake Voices for AI-Based Voice Analysis and Detection/Dataset/S9F03/Real/1.wav,0,MEN,MEN-S9F03,TG:263ccbb0d9d4fa76,-13.4765625,1,0.4841666666666666,1.4034684e-06
mendeley/extracted/Bangla Audio Dataset Original and DeepFake Voices for AI-Based Voice Analysis and Detection/Dataset/S9F03/Real/10.wav,0,MEN,MEN-S9F03,TG:3bfd340f76d8a679,-4.40625,1,0.4175,0.012053778
mendeley/extracted/Bangla Audio Dataset Original and DeepFake Voices for AI-Based Voice Analysis and Detection/Dataset/S9F03/Real/11.wav,0,MEN,MEN-S9F03,TG:de90edc1089c941d,-10.3671875,1,0.4508333333333333,3.1446623e-05
mendeley/extracted/Bangla Audio Dataset Original and DeepFake Voices for AI-Based Voice Analysis and Detection/Dataset/S9F03/Real/12.wav,0,MEN,MEN-S9F03,TG:a77af9be683053cc,-19.328125,1,0.4341666666666667,4.0355426e-09
mendeley/extracted/Bangla Audio Dataset Original and DeepFake Voices for AI-Based Voice Analysis and Detection/Dataset/S9F03/Real/13.wav,0,MEN,MEN-S9F03,TG:d028db732b574cac,-2.46875,1,0.4675,0.07807817
mendeley/extracted/Bangla Audio Dataset Original and DeepFake Voices for AI-Based Voice Analysis and Detection/Dataset/S9F03/Real/14.wav,0,MEN,MEN-S9F03,TG:4a3012311f6f989c,-6.96875,1,0.4341666666666667,0.0009399439
mendeley/extracted/Bangla Audio Dataset Original and DeepFake Voices for AI-Based Voice Analysis and Detection/Dataset/S9F03/Real/15.wav,0,MEN,MEN-S9F03,TG:25961d92ff260806,-10.8125,1,0.4341666666666667,2.014569e-05
mendeley/extracted/Bangla Audio Dataset Original and DeepFake Voices for AI-Based Voice Analysis and Detection/Dataset/S9F03/Real/16.wav,0,MEN,MEN-S9F03,TG:ad3b41d59e6fcb6e,-17.8125,1,0.4008333333333334,1.8370862e-08
mendeley/extracted/Bangla Audio Dataset Original and DeepFake Voices for AI-Based Voice Analysis and Detection/Dataset/S9F03/Real/17.wav,0,MEN,MEN-S9F03,TG:007c8f7195b13372,-21.140625,1,0.4008333333333334,6.587843e-10
mendeley/extracted/Bangla Audio Dataset Original and DeepFake Voices for AI-Based Voice Analysis and Detection/Dataset/S9F03/Real/18.wav,0,MEN,MEN-S9F03,TG:128b166adf03cd84,-17.625,1,0.3841666666666666,2.215949e-08
mendeley/extracted/Bangla Audio Dataset Original and DeepFake Voices for AI-Based Voice Analysis and Detection/Dataset/S9F03/Real/19.wav,0,MEN,MEN-S9F03,TG:f8229cad7945af39,-25.96875,1,0.4508333333333333,5.2712687e-12
mendeley/extracted/Bangla Audio Dataset Original and DeepFake Voices for AI-Based Voice Analysis and Detection/Dataset/S9F03/Real/2.wav,0,MEN,MEN-S9F03,TG:9f5c75cf1e6d9913,-15.8515625,1,0.4675,1.3054306e-07
mendeley/extracted/Bangla Audio Dataset Original and DeepFake Voices for AI-Based Voice Analysis and Detection/Dataset/S9F03/Real/20.wav,0,MEN,MEN-S9F03,TG:0bf1b90fb03791fa,-21.671875,1,0.4008333333333334,3.872793e-10
mendeley/extracted/Bangla Audio Dataset Original and DeepFake Voices for AI-Based Voice Analysis and Detection/Dataset/S9F03/Real/21.wav,0,MEN,MEN-S9F03,TG:70073d516c8e9f1d,-20.609375,1,0.4675,1.1206299e-09
mendeley/extracted/Bangla Audio Dataset Original and DeepFake Voices for AI-Based Voice Analysis and Detection/Dataset/S9F03/Real/22.wav,0,MEN,MEN-S9F03,TG:287fc53eca67ab9a,-24.65625,1,0.3841666666666666,1.9585143e-11
mendeley/extracted/Bangla Audio Dataset Original and DeepFake Voices for AI-Based Voice Analysis and Detection/Dataset/S9F03/Real/23.wav,0,MEN,MEN-S9F03,TG:b17d3c4f6988bf6a,-21.875,1,0.3508333333333333,3.1608818e-10
mendeley/extracted/Bangla Audio Dataset Original and DeepFake Voices for AI-Based Voice Analysis and Detection/Dataset/S9F03/Real/24.wav,0,MEN,MEN-S9F03,TG:a6e0eae4bc3f847b,-20.03125,1,0.4508333333333333,1.9977386e-09
mendeley/extracted/Bangla Audio Dataset Original and DeepFake Voices for AI-Based Voice Analysis and Detection/Dataset/S9F03/Real/25.wav,0,MEN,MEN-S9F03,TG:6bab2734c92514f5,-20.5625,1,0.4675,1.1744099e-09
mendeley/extracted/Bangla Audio Dataset Original and DeepFake Voices for AI-Based Voice Analysis and Detection/Dataset/S9F03/Real/26.wav,0,MEN,MEN-S9F03,TG:ba75c4dd9af4fab6,-29.421875,1,0.4341666666666667,1.6681766e-13
mendeley/extracted/Bangla Audio Dataset Original and DeepFake Voices for AI-Based Voice Analysis and Detection/Dataset/S9F03/Real/27.wav,0,MEN,MEN-S9F03,TG:caa343756463e508,-44.0625,1,0.4508333333333333,7.309697e-20
mendeley/extracted/Bangla Audio Dataset Original and DeepFake Voices for AI-Based Voice Analysis and Detection/Dataset/S9F03/Real/28.wav,0,MEN,MEN-S9F03,TG:b127dfcabbeceab8,-31.171875,1,0.4341666666666667,2.8988564e-14
mendeley/extracted/Bangla Audio Dataset Original and DeepFake Voices for AI-Based Voice Analysis and Detection/Dataset/S9F03/Real/29.wav,0,MEN,MEN-S9F03,TG:eda0f06ce0d96a61,-10.4296875,1,0.3675,2.9541427e-05
mendeley/extracted/Bangla Audio Dataset Original and DeepFake Voices for AI-Based Voice Analysis and Detection/Dataset/S9F03/Real/3.wav,0,MEN,MEN-S9F03,TG:48c5e1f63ac9492d,-4.4414062,1,0.4675,0.011642224
mendeley/extracted/Bangla Audio Dataset Original and DeepFake Voices for AI-Based Voice Analysis and Detection/Dataset/S9F03/Real/30.wav,0,MEN,MEN-S9F03,TG:3ac4acc156291aa7,-5.6679688,1,0.3175,0.003442981
mendeley/extracted/Bangla Audio Dataset Original and DeepFake Voices for AI-Based Voice Analysis and Detection/Dataset/S9F03/Real/4.wav,0,MEN,MEN-S9F03,TG:2d816275c7480a59,-5.4179688,1,0.4675,0.0044165556
mendeley/extracted/Bangla Audio Dataset Original and DeepFake Voices for AI-Based Voice Analysis and Detection/Dataset/S9F03/Real/5.wav,0,MEN,MEN-S9F03,TG:db854ce88524c221,-13.5390625,1,0.5341666666666667,1.3184367e-06
mendeley/extracted/Bangla Audio Dataset Original and DeepFake Voices for AI-Based Voice Analysis and Detection/Dataset/S9F03/Real/6.wav,0,MEN,MEN-S9F03,TG:d4d0daa8b1ec3a55,-16.234375,1,0.5841666666666667,8.902264e-08
mendeley/extracted/Bangla Audio Dataset Original and DeepFake Voices for AI-Based Voice Analysis and Detection/Dataset/S9F03/Real/7.wav,0,MEN,MEN-S9F03,TG:eb6e2f32cb4ca057,3.9511719,1,0.5341666666666667,0.9811307
mendeley/extracted/Bangla Audio Dataset Original and DeepFake Voices for AI-Based Voice Analysis and Detection/Dataset/S9F03/Real/8.wav,0,MEN,MEN-S9F03,TG:9e752019d89d3c25,-12.6640625,1,0.4675,3.1627599e-06
mendeley/extracted/Bangla Audio Dataset Original and DeepFake Voices for AI-Based Voice Analysis and Detection/Dataset/S9F03/Real/9.wav,0,MEN,MEN-S9F03,TG:9d764b1f65847a64,4.234375,1,0.5008333333333334,0.98571813
mendeley/extracted/Bangla Audio Dataset Original and DeepFake Voices for AI-Based Voice Analysis and Detection/Dataset/S9M02/Fake/1.wav,1,MEN,MEN-S9M02,TG:263ccbb0d9d4fa76,-0.4970703,1,0.4358333333333333,0.3782294
mendeley/extracted/Bangla Audio Dataset Original and DeepFake Voices for AI-Based Voice Analysis and Detection/Dataset/S9M02/Fake/10.wav,1,MEN,MEN-S9M02,TG:3bfd340f76d8a679,11.2109375,1,0.1708333333333332,0.9999865
mendeley/extracted/Bangla Audio Dataset Original and DeepFake Voices for AI-Based Voice Analysis and Detection/Dataset/S9M02/Fake/11.wav,1,MEN,MEN-S9M02,TG:de90edc1089c941d,-3.40625,1,0.4441666666666667,0.032100707
mendeley/extracted/Bangla Audio Dataset Original and DeepFake Voices for AI-Based Voice Analysis and Detection/Dataset/S9M02/Fake/12.wav,1,MEN,MEN-S9M02,TG:a77af9be683053cc,-26.015625,1,0.4741666666666666,5.02988e-12
mendeley/extracted/Bangla Audio Dataset Original and DeepFake Voices for AI-Based Voice Analysis and Detection/Dataset/S9M02/Fake/13.wav,1,MEN,MEN-S9M02,TG:d028db732b574cac,9.296875,1,0.5125,0.9999083
mendeley/extracted/Bangla Audio Dataset Original and DeepFake Voices for AI-Based Voice Analysis and Detection/Dataset/S9M02/Fake/14.wav,1,MEN,MEN-S9M02,TG:4a3012311f6f989c,-1.3447266,1,0.5341666666666667,0.20673385
mendeley/extracted/Bangla Audio Dataset Original and DeepFake Voices for AI-Based Voice Analysis and Detection/Dataset/S9M02/Fake/15.wav,1,MEN,MEN-S9M02,TG:25961d92ff260806,10.5625,1,0.2524999999999999,0.99997413
mendeley/extracted/Bangla Audio Dataset Original and DeepFake Voices for AI-Based Voice Analysis and Detection/Dataset/S9M02/Fake/16.wav,1,MEN,MEN-S9M02,TG:ad3b41d59e6fcb6e,11.75,1,0.4841666666666666,0.99999213
mendeley/extracted/Bangla Audio Dataset Original and DeepFake Voices for AI-Based Voice Analysis and Detection/Dataset/S9M02/Fake/17.wav,1,MEN,MEN-S9M02,TG:007c8f7195b13372,-12.9921875,1,0.4141666666666667,2.2780523e-06
mendeley/extracted/Bangla Audio Dataset Original and DeepFake Voices for AI-Based Voice Analysis and Detection/Dataset/S9M02/Fake/18.wav,1,MEN,MEN-S9M02,TG:128b166adf03cd84,4.0976562,1,0.4975,0.98365986
mendeley/extracted/Bangla Audio Dataset Original and DeepFake Voices for AI-Based Voice Analysis and Detection/Dataset/S9M02/Fake/19.wav,1,MEN,MEN-S9M02,TG:f8229cad7945af39,2.9863281,1,0.5275000000000001,0.9519527
mendeley/extracted/Bangla Audio Dataset Original and DeepFake Voices for AI-Based Voice Analysis and Detection/Dataset/S9M02/Fake/2.wav,1,MEN,MEN-S9M02,TG:9f5c75cf1e6d9913,-4.3789062,1,0.4441666666666667,0.012383784
mendeley/extracted/Bangla Audio Dataset Original and DeepFake Voices for AI-Based Voice Analysis and Detection/Dataset/S9M02/Fake/20.wav,1,MEN,MEN-S9M02,TG:0bf1b90fb03791fa,5.8046875,1,0.5375,0.9969957
mendeley/extracted/Bangla Audio Dataset Original and DeepFake Voices for AI-Based Voice Analysis and Detection/Dataset/S9M02/Fake/21.wav,1,MEN,MEN-S9M02,TG:70073d516c8e9f1d,-6.34375,1,0.5341666666666667,0.0017546144
mendeley/extracted/Bangla Audio Dataset Original and DeepFake Voices for AI-Based Voice Analysis and Detection/Dataset/S9M02/Fake/22.wav,1,MEN,MEN-S9M02,TG:287fc53eca67ab9a,1.5048828,1,0.4191666666666667,0.8183016
mendeley/extracted/Bangla Audio Dataset Original and DeepFake Voices for AI-Based Voice Analysis and Detection/Dataset/S9M02/Fake/23.wav,1,MEN,MEN-S9M02,TG:b17d3c4f6988bf6a,7.4648438,1,0.3708333333333333,0.99942744
mendeley/extracted/Bangla Audio Dataset Original and DeepFake Voices for AI-Based Voice Analysis and Detection/Dataset/S9M02/Fake/24.wav,1,MEN,MEN-S9M02,TG:a6e0eae4bc3f847b,-2.7109375,1,0.4841666666666666,0.062331032
mendeley/extracted/Bangla Audio Dataset Original and DeepFake Voices for AI-Based Voice Analysis and Detection/Dataset/S9M02/Fake/25.wav,1,MEN,MEN-S9M02,TG:6bab2734c92514f5,5.5742188,1,0.3691666666666666,0.99621993
mendeley/extracted/Bangla Audio Dataset Original and DeepFake Voices for AI-Based Voice Analysis and Detection/Dataset/S9M02/Fake/26.wav,1,MEN,MEN-S9M02,TG:ba75c4dd9af4fab6,-1.6455078,1,0.5491666666666667,0.16171701
mendeley/extracted/Bangla Audio Dataset Original and DeepFake Voices for AI-Based Voice Analysis and Detection/Dataset/S9M02/Fake/27.wav,1,MEN,MEN-S9M02,TG:caa343756463e508,1.0664062,1,0.3808333333333333,0.7439129
mendeley/extracted/Bangla Audio Dataset Original and DeepFake Voices for AI-Based Voice Analysis and Detection/Dataset/S9M02/Fake/28.wav,1,MEN,MEN-S9M02,TG:b127dfcabbeceab8,0.8964844,1,0.5275000000000001,0.7102265
mendeley/extracted/Bangla Audio Dataset Original and DeepFake Voices for AI-Based Voice Analysis and Detection/Dataset/S9M02/Fake/29.wav,1,MEN,MEN-S9M02,TG:eda0f06ce0d96a61,8.4921875,1,0.2791666666666667,0.999795
mendeley/extracted/Bangla Audio Dataset Original and DeepFake Voices for AI-Based Voice Analysis and Detection/Dataset/S9M02/Fake/3.wav,1,MEN,MEN-S9M02,TG:48c5e1f63ac9492d,0.5209961,1,0.3908333333333333,0.62738067
mendeley/extracted/Bangla Audio Dataset Original and DeepFake Voices for AI-Based Voice Analysis and Detection/Dataset/S9M02/Fake/30.wav,1,MEN,MEN-S9M02,TG:3ac4acc156291aa7,3.3691406,1,0.3375,0.96672606
mendeley/extracted/Bangla Audio Dataset Original and DeepFake Voices for AI-Based Voice Analysis and Detection/Dataset/S9M02/Fake/4.wav,1,MEN,MEN-S9M02,TG:2d816275c7480a59,10.578125,1,0.3958333333333333,0.9999745
mendeley/extracted/Bangla Audio Dataset Original and DeepFake Voices for AI-Based Voice Analysis and Detection/Dataset/S9M02/Fake/5.wav,1,MEN,MEN-S9M02,TG:db854ce88524c221,10.015625,1,0.4458333333333333,0.9999553
mendeley/extracted/Bangla Audio Dataset Original and DeepFake Voices for AI-Based Voice Analysis and Detection/Dataset/S9M02/Fake/6.wav,1,MEN,MEN-S9M02,TG:d4d0daa8b1ec3a55,-5.3320312,1,0.5075000000000001,0.0048109833
mendeley/extracted/Bangla Audio Dataset Original and DeepFake Voices for AI-Based Voice Analysis and Detection/Dataset/S9M02/Fake/7.wav,1,MEN,MEN-S9M02,TG:eb6e2f32cb4ca057,11.8203125,1,0.4775,0.9999926
mendeley/extracted/Bangla Audio Dataset Original and DeepFake Voices for AI-Based Voice Analysis and Detection/Dataset/S9M02/Fake/8.wav,1,MEN,MEN-S9M02,TG:9e752019d89d3c25,5.109375,1,0.5091666666666667,0.9939964
mendeley/extracted/Bangla Audio Dataset Original and DeepFake Voices for AI-Based Voice Analysis and Detection/Dataset/S9M02/Fake/9.wav,1,MEN,MEN-S9M02,TG:9d764b1f65847a64,-5.9765625,1,0.4441666666666667,0.0025311112
mendeley/extracted/Bangla Audio Dataset Original and DeepFake Voices for AI-Based Voice Analysis and Detection/Dataset/S9M02/Real/1.wav,0,MEN,MEN-S9M02,TG:263ccbb0d9d4fa76,-1.9492188,1,0.4175,0.124638565
mendeley/extracted/Bangla Audio Dataset Original and DeepFake Voices for AI-Based Voice Analysis and Detection/Dataset/S9M02/Real/10.wav,0,MEN,MEN-S9M02,TG:3bfd340f76d8a679,1.7431641,1,0.3008333333333333,0.8510886
mendeley/extracted/Bangla Audio Dataset Original and DeepFake Voices for AI-Based Voice Analysis and Detection/Dataset/S9M02/Real/11.wav,0,MEN,MEN-S9M02,TG:de90edc1089c941d,-4.4921875,1,0.3175,0.01107216
mendeley/extracted/Bangla Audio Dataset Original and DeepFake Voices for AI-Based Voice Analysis and Detection/Dataset/S9M02/Real/12.wav,0,MEN,MEN-S9M02,TG:a77af9be683053cc,-18.6875,1,0.4341666666666667,7.658115e-09
mendeley/extracted/Bangla Audio Dataset Original and DeepFake Voices for AI-Based Voice Analysis and Detection/Dataset/S9M02/Real/13.wav,0,MEN,MEN-S9M02,TG:d028db732b574cac,-1.7939453,1,0.3841666666666666,0.1425897
mendeley/extracted/Bangla Audio Dataset Original and DeepFake Voices for AI-Based Voice Analysis and Detection/Dataset/S9M02/Real/14.wav,0,MEN,MEN-S9M02,TG:4a3012311f6f989c,-14.1875,1,0.4008333333333334,6.8936106e-07
mendeley/extracted/Bangla Audio Dataset Original and DeepFake Voices for AI-Based Voice Analysis and Detection/Dataset/S9M02/Real/15.wav,0,MEN,MEN-S9M02,TG:25961d92ff260806,8.453125,1,0.3175,0.9997868
mendeley/extracted/Bangla Audio Dataset Original and DeepFake Voices for AI-Based Voice Analysis and Detection/Dataset/S9M02/Real/16.wav,0,MEN,MEN-S9M02,TG:ad3b41d59e6fcb6e,6.4765625,1,0.3675,0.9984633
mendeley/extracted/Bangla Audio Dataset Original and DeepFake Voices for AI-Based Voice Analysis and Detection/Dataset/S9M02/Real/17.wav,0,MEN,MEN-S9M02,TG:007c8f7195b13372,-7.5820312,1,0.3841666666666666,0.0005092657
mendeley/extracted/Bangla Audio Dataset Original and DeepFake Voices for AI-Based Voice Analysis and Detection/Dataset/S9M02/Real/18.wav,0,MEN,MEN-S9M02,TG:128b166adf03cd84,-5.453125,1,0.4175,0.0042646346
mendeley/extracted/Bangla Audio Dataset Original and DeepFake Voices for AI-Based Voice Analysis and Detection/Dataset/S9M02/Real/19.wav,0,MEN,MEN-S9M02,TG:f8229cad7945af39,-19.828125,1,0.4008333333333334,2.4476803e-09
mendeley/extracted/Bangla Audio Dataset Original and DeepFake Voices for AI-Based Voice Analysis and Detection/Dataset/S9M02/Real/2.wav,0,MEN,MEN-S9M02,TG:9f5c75cf1e6d9913,-12.203125,1,0.3508333333333333,5.014735e-06
mendeley/extracted/Bangla Audio Dataset Original and DeepFake Voices for AI-Based Voice Analysis and Detection/Dataset/S9M02/Real/20.wav,0,MEN,MEN-S9M02,TG:0bf1b90fb03791fa,-8.8125,1,0.3508333333333333,0.00014883849
mendeley/extracted/Bangla Audio Dataset Original and DeepFake Voices for AI-Based Voice Analysis and Detection/Dataset/S9M02/Real/21.wav,0,MEN,MEN-S9M02,TG:70073d516c8e9f1d,0.58984375,1,0.4341666666666667,0.64332926
mendeley/extracted/Bangla Audio Dataset Original and DeepFake Voices for AI-Based Voice Analysis and Detection/Dataset/S9M02/Real/22.wav,0,MEN,MEN-S9M02,TG:287fc53eca67ab9a,3.7519531,1,0.3508333333333333,0.97706646
mendeley/extracted/Bangla Audio Dataset Original and DeepFake Voices for AI-Based Voice Analysis and Detection/Dataset/S9M02/Real/23.wav,0,MEN,MEN-S9M02,TG:b17d3c4f6988bf6a,1.4287109,1,0.3508333333333333,0.8067004
mendeley/extracted/Bangla Audio Dataset Original and DeepFake Voices for AI-Based Voice Analysis and Detection/Dataset/S9M02/Real/24.wav,0,MEN,MEN-S9M02,TG:a6e0eae4bc3f847b,-7.0078125,1,0.3841666666666666,0.00090396765
mendeley/extracted/Bangla Audio Dataset Original and DeepFake Voices for AI-Based Voice Analysis and Detection/Dataset/S9M02/Real/25.wav,0,MEN,MEN-S9M02,TG:6bab2734c92514f5,8.2890625,1,0.3008333333333333,0.99974877
mendeley/extracted/Bangla Audio Dataset Original and DeepFake Voices for AI-Based Voice Analysis and Detection/Dataset/S9M02/Real/26.wav,0,MEN,MEN-S9M02,TG:ba75c4dd9af4fab6,-8.1875,1,0.3841666666666666,0.00027803096
mendeley/extracted/Bangla Audio Dataset Original and DeepFake Voices for AI-Based Voice Analysis and Detection/Dataset/S9M02/Real/27.wav,0,MEN,MEN-S9M02,TG:caa343756463e508,-14.046875,1,0.3841666666666666,7.934496e-07
mendeley/extracted/Bangla Audio Dataset Original and DeepFake Voices for AI-Based Voice Analysis and Detection/Dataset/S9M02/Real/28.wav,0,MEN,MEN-S9M02,TG:b127dfcabbeceab8,-5.6445312,1,0.4175,0.003524341
mendeley/extracted/Bangla Audio Dataset Original and DeepFake Voices for AI-Based Voice Analysis and Detection/Dataset/S9M02/Real/29.wav,0,MEN,MEN-S9M02,TG:eda0f06ce0d96a61,-7.8085938,1,0.3341666666666666,0.00040606395
mendeley/extracted/Bangla Audio Dataset Original and DeepFake Voices for AI-Based Voice Analysis and Detection/Dataset/S9M02/Real/3.wav,0,MEN,MEN-S9M02,TG:48c5e1f63ac9492d,-15.359375,1,0.3675,2.1355417e-07
mendeley/extracted/Bangla Audio Dataset Original and DeepFake Voices for AI-Based Voice Analysis and Detection/Dataset/S9M02/Real/30.wav,0,MEN,MEN-S9M02,TG:3ac4acc156291aa7,1.0458984,1,0.2508333333333333,0.7399865
mendeley/extracted/Bangla Audio Dataset Original and DeepFake Voices for AI-Based Voice Analysis and Detection/Dataset/S9M02/Real/4.wav,0,MEN,MEN-S9M02,TG:2d816275c7480a59,1.0185547,1,0.3841666666666666,0.734691
mendeley/extracted/Bangla Audio Dataset Original and DeepFake Voices for AI-Based Voice Analysis and Detection/Dataset/S9M02/Real/5.wav,0,MEN,MEN-S9M02,TG:db854ce88524c221,-4.0078125,1,0.3841666666666666,0.01784874
mendeley/extracted/Bangla Audio Dataset Original and DeepFake Voices for AI-Based Voice Analysis and Detection/Dataset/S9M02/Real/6.wav,0,MEN,MEN-S9M02,TG:d4d0daa8b1ec3a55,-0.006980896,1,0.4508333333333333,0.4982548
mendeley/extracted/Bangla Audio Dataset Original and DeepFake Voices for AI-Based Voice Analysis and Detection/Dataset/S9M02/Real/7.wav,0,MEN,MEN-S9M02,TG:eb6e2f32cb4ca057,7.1875,1,0.4008333333333334,0.9992446
mendeley/extracted/Bangla Audio Dataset Original and DeepFake Voices for AI-Based Voice Analysis and Detection/Dataset/S9M02/Real/8.wav,0,MEN,MEN-S9M02,TG:9e752019d89d3c25,8.0078125,1,0.4008333333333334,0.9996673
mendeley/extracted/Bangla Audio Dataset Original and DeepFake Voices for AI-Based Voice Analysis and Detection/Dataset/S9M02/Real/9.wav,0,MEN,MEN-S9M02,TG:9d764b1f65847a64,-0.28149414,1,0.3841666666666666,0.4300875
mendeley/extracted/Bangla Audio Dataset Original and DeepFake Voices for AI-Based Voice Analysis and Detection/Dataset/S9M04/Fake/1.wav,1,MEN,MEN-S9M04,TG:263ccbb0d9d4fa76,10.0,1,0.5591666666666666,0.9999546
mendeley/extracted/Bangla Audio Dataset Original and DeepFake Voices for AI-Based Voice Analysis and Detection/Dataset/S9M04/Fake/10.wav,1,MEN,MEN-S9M04,TG:3bfd340f76d8a679,10.296875,1,0.3141666666666667,0.99996626
mendeley/extracted/Bangla Audio Dataset Original and DeepFake Voices for AI-Based Voice Analysis and Detection/Dataset/S9M04/Fake/11.wav,1,MEN,MEN-S9M04,TG:de90edc1089c941d,-0.22192383,1,0.4375,0.44474563
mendeley/extracted/Bangla Audio Dataset Original and DeepFake Voices for AI-Based Voice Analysis and Detection/Dataset/S9M04/Fake/12.wav,1,MEN,MEN-S9M04,TG:a77af9be683053cc,-25.4375,1,0.5475,8.96673e-12
mendeley/extracted/Bangla Audio Dataset Original and DeepFake Voices for AI-Based Voice Analysis and Detection/Dataset/S9M04/Fake/13.wav,1,MEN,MEN-S9M04,TG:d028db732b574cac,-0.07897949,1,0.5591666666666666,0.48026538
mendeley/extracted/Bangla Audio Dataset Original and DeepFake Voices for AI-Based Voice Analysis and Detection/Dataset/S9M04/Fake/14.wav,1,MEN,MEN-S9M04,TG:4a3012311f6f989c,-4.3632812,1,0.4875,0.012576347
mendeley/extracted/Bangla Audio Dataset Original and DeepFake Voices for AI-Based Voice Analysis and Detection/Dataset/S9M04/Fake/15.wav,1,MEN,MEN-S9M04,TG:25961d92ff260806,11.6875,1,0.4958333333333333,0.99999166
mendeley/extracted/Bangla Audio Dataset Original and DeepFake Voices for AI-Based Voice Analysis and Detection/Dataset/S9M04/Fake/16.wav,1,MEN,MEN-S9M04,TG:ad3b41d59e6fcb6e,-0.7553711,1,0.5608333333333333,0.31965208
mendeley/extracted/Bangla Audio Dataset Original and DeepFake Voices for AI-Based Voice Analysis and Detection/Dataset/S9M04/Fake/17.wav,1,MEN,MEN-S9M04,TG:007c8f7195b13372,-0.41796875,1,0.4008333333333334,0.3970029
mendeley/extracted/Bangla Audio Dataset Original and DeepFake Voices for AI-Based Voice Analysis and Detection/Dataset/S9M04/Fake/18.wav,1,MEN,MEN-S9M04,TG:128b166adf03cd84,6.234375,1,0.4625,0.99804294
mendeley/extracted/Bangla Audio Dataset Original and DeepFake Voices for AI-Based Voice Analysis and Detection/Dataset/S9M04/Fake/19.wav,1,MEN,MEN-S9M04,TG:f8229cad7945af39,-0.15478516,1,0.4841666666666666,0.4613808
mendeley/extracted/Bangla Audio Dataset Original and DeepFake Voices for AI-Based Voice Analysis and Detection/Dataset/S9M04/Fake/2.wav,1,MEN,MEN-S9M04,TG:9f5c75cf1e6d9913,-12.3671875,1,0.3641666666666666,4.255953e-06
mendeley/extracted/Bangla Audio Dataset Original and DeepFake Voices for AI-Based Voice Analysis and Detection/Dataset/S9M04/Fake/20.wav,1,MEN,MEN-S9M04,TG:0bf1b90fb03791fa,-4.0976562,1,0.6208333333333333,0.01634013
mendeley/extracted/Bangla Audio Dataset Original and DeepFake Voices for AI-Based Voice Analysis and Detection/Dataset/S9M04/Fake/21.wav,1,MEN,MEN-S9M04,TG:70073d516c8e9f1d,-2.0585938,1,0.5458333333333334,0.11318691
mendeley/extracted/Bangla Audio Dataset Original and DeepFake Voices for AI-Based Voice Analysis and Detection/Dataset/S9M04/Fake/22.wav,1,MEN,MEN-S9M04,TG:287fc53eca67ab9a,6.8671875,1,0.5325,0.99895966
mendeley/extracted/Bangla Audio Dataset Original and DeepFake Voices for AI-Based Voice Analysis and Detection/Dataset/S9M04/Fake/23.wav,1,MEN,MEN-S9M04,TG:b17d3c4f6988bf6a,-10.734375,1,0.3541666666666666,2.178265e-05
mendeley/extracted/Bangla Audio Dataset Original and DeepFake Voices for AI-Based Voice Analysis and Detection/Dataset/S9M04/Fake/24.wav,1,MEN,MEN-S9M04,TG:a6e0eae4bc3f847b,-14.3984375,1,0.5075000000000001,5.5826166e-07
mendeley/extracted/Bangla Audio Dataset Original and DeepFake Voices for AI-Based Voice Analysis and Detection/Dataset/S9M04/Fake/25.wav,1,MEN,MEN-S9M04,TG:6bab2734c92514f5,4.3007812,1,0.4825,0.98662347
mendeley/extracted/Bangla Audio Dataset Original and DeepFake Voices for AI-Based Voice Analysis and Detection/Dataset/S9M04/Fake/26.wav,1,MEN,MEN-S9M04,TG:ba75c4dd9af4fab6,-7.6171875,1,0.5008333333333334,0.00049168157
mendeley/extracted/Bangla Audio Dataset Original and DeepFake Voices for AI-Based Voice Analysis and Detection/Dataset/S9M04/Fake/27.wav,1,MEN,MEN-S9M04,TG:caa343756463e508,0.2775879,1,0.4625,0.56895477
mendeley/extracted/Bangla Audio Dataset Original and DeepFake Voices for AI-Based Voice Analysis and Detection/Dataset/S9M04/Fake/28.wav,1,MEN,MEN-S9M04,TG:b127dfcabbeceab8,-9.0859375,1,0.5191666666666667,0.000113234375
mendeley/extracted/Bangla Audio Dataset Original and DeepFake Voices for AI-Based Voice Analysis and Detection/Dataset/S9M04/Fake/29.wav,1,MEN,MEN-S9M04,TG:eda0f06ce0d96a61,12.265625,1,0.4975,0.99999523
mendeley/extracted/Bangla Audio Dataset Original and DeepFake Voices for AI-Based Voice Analysis and Detection/Dataset/S9M04/Fake/3.wav,1,MEN,MEN-S9M04,TG:48c5e1f63ac9492d,12.1171875,1,0.5075000000000001,0.9999945
mendeley/extracted/Bangla Audio Dataset Original and DeepFake Voices for AI-Based Voice Analysis and Detection/Dataset/S9M04/Fake/30.wav,1,MEN,MEN-S9M04,TG:3ac4acc156291aa7,8.625,1,0.3758333333333333,0.99982053
mendeley/extracted/Bangla Audio Dataset Original and DeepFake Voices for AI-Based Voice Analysis and Detection/Dataset/S9M04/Fake/4.wav,1,MEN,MEN-S9M04,TG:2d816275c7480a59,6.4414062,1,0.3791666666666666,0.9984084
mendeley/extracted/Bangla Audio Dataset Original and DeepFake Voices for AI-Based Voice Analysis and Detection/Dataset/S9M04/Fake/5.wav,1,MEN,MEN-S9M04,TG:db854ce88524c221,4.2226562,1,0.4575,0.98555213
mendeley/extracted/Bangla Audio Dataset Original and DeepFake Voices for AI-Based Voice Analysis and Detection/Dataset/S9M04/Fake/6.wav,1,MEN,MEN-S9M04,TG:d4d0daa8b1ec3a55,3.5683594,1,0.5341666666666667,0.9725715
mendeley/extracted/Bangla Audio Dataset Original and DeepFake Voices for AI-Based Voice Analysis and Detection/Dataset/S9M04/Fake/7.wav,1,MEN,MEN-S9M04,TG:eb6e2f32cb4ca057,2.4042969,1,0.4575,0.91715443
mendeley/extracted/Bangla Audio Dataset Original and DeepFake Voices for AI-Based Voice Analysis and Detection/Dataset/S9M04/Fake/8.wav,1,MEN,MEN-S9M04,TG:9e752019d89d3c25,4.5820312,1,0.5408333333333333,0.98986953
mendeley/extracted/Bangla Audio Dataset Original and DeepFake Voices for AI-Based Voice Analysis and Detection/Dataset/S9M04/Fake/9.wav,1,MEN,MEN-S9M04,TG:9d764b1f65847a64,4.0585938,1,0.4675,0.98302
mendeley/extracted/Bangla Audio Dataset Original and DeepFake Voices for AI-Based Voice Analysis and Detection/Dataset/S9M04/Real/1.wav,0,MEN,MEN-S9M04,TG:263ccbb0d9d4fa76,-19.734375,1,0.4341666666666667,2.6882512e-09
mendeley/extracted/Bangla Audio Dataset Original and DeepFake Voices for AI-Based Voice Analysis and Detection/Dataset/S9M04/Real/10.wav,0,MEN,MEN-S9M04,TG:3bfd340f76d8a679,-16.953125,1,0.3675,4.338617e-08
mendeley/extracted/Bangla Audio Dataset Original and DeepFake Voices for AI-Based Voice Analysis and Detection/Dataset/S9M04/Real/11.wav,0,MEN,MEN-S9M04,TG:de90edc1089c941d,-23.9375,1,0.4841666666666666,4.01861e-11
mendeley/extracted/Bangla Audio Dataset Original and DeepFake Voices for AI-Based Voice Analysis and Detection/Dataset/S9M04/Real/12.wav,0,MEN,MEN-S9M04,TG:a77af9be683053cc,-23.5625,1,0.5008333333333334,5.847043e-11
mendeley/extracted/Bangla Audio Dataset Original and DeepFake Voices for AI-Based Voice Analysis and Detection/Dataset/S9M04/Real/13.wav,0,MEN,MEN-S9M04,TG:d028db732b574cac,-22.046875,1,0.4841666666666666,2.661729e-10
mendeley/extracted/Bangla Audio Dataset Original and DeepFake Voices for AI-Based Voice Analysis and Detection/Dataset/S9M04/Real/14.wav,0,MEN,MEN-S9M04,TG:4a3012311f6f989c,-21.265625,1,0.4508333333333333,5.813751e-10
mendeley/extracted/Bangla Audio Dataset Original and DeepFake Voices for AI-Based Voice Analysis and Detection/Dataset/S9M04/Real/15.wav,0,MEN,MEN-S9M04,TG:25961d92ff260806,-11.4375,1,0.4175,1.0783312e-05
mendeley/extracted/Bangla Audio Dataset Original and DeepFake Voices for AI-Based Voice Analysis and Detection/Dataset/S9M04/Real/16.wav,0,MEN,MEN-S9M04,TG:ad3b41d59e6fcb6e,-21.015625,1,0.4008333333333334,7.4650036e-10
mendeley/extracted/Bangla Audio Dataset Original and DeepFake Voices for AI-Based Voice Analysis and Detection/Dataset/S9M04/Real/17.wav,0,MEN,MEN-S9M04,TG:007c8f7195b13372,-21.0,1,0.4175,7.58256e-10
mendeley/extracted/Bangla Audio Dataset Original and DeepFake Voices for AI-Based Voice Analysis and Detection/Dataset/S9M04/Real/18.wav,0,MEN,MEN-S9M04,TG:128b166adf03cd84,-20.90625,1,0.4508333333333333,8.3278134e-10
mendeley/extracted/Bangla Audio Dataset Original and DeepFake Voices for AI-Based Voice Analysis and Detection/Dataset/S9M04/Real/19.wav,0,MEN,MEN-S9M04,TG:f8229cad7945af39,-33.15625,1,0.4675,3.9849567e-15
mendeley/extracted/Bangla Audio Dataset Original and DeepFake Voices for AI-Based Voice Analysis and Detection/Dataset/S9M04/Real/2.wav,0,MEN,MEN-S9M04,TG:9f5c75cf1e6d9913,-24.203125,1,0.4508333333333333,3.0811752e-11
mendeley/extracted/Bangla Audio Dataset Original and DeepFake Voices for AI-Based Voice Analysis and Detection/Dataset/S9M04/Real/20.wav,0,MEN,MEN-S9M04,TG:0bf1b90fb03791fa,-25.15625,1,0.4508333333333333,1.1878988e-11
mendeley/extracted/Bangla Audio Dataset Original and DeepFake Voices for AI-Based Voice Analysis and Detection/Dataset/S9M04/Real/21.wav,0,MEN,MEN-S9M04,TG:70073d516c8e9f1d,-24.609375,1,0.4841666666666666,2.0525052e-11
mendeley/extracted/Bangla Audio Dataset Original and DeepFake Voices for AI-Based Voice Analysis and Detection/Dataset/S9M04/Real/22.wav,0,MEN,MEN-S9M04,TG:287fc53eca67ab9a,-13.3984375,1,0.3675,1.517511e-06
mendeley/extracted/Bangla Audio Dataset Original and DeepFake Voices for AI-Based Voice Analysis and Detection/Dataset/S9M04/Real/23.wav,0,MEN,MEN-S9M04,TG:b17d3c4f6988bf6a,-22.34375,1,0.4008333333333334,1.978029e-10
mendeley/extracted/Bangla Audio Dataset Original and DeepFake Voices for AI-Based Voice Analysis and Detection/Dataset/S9M04/Real/24.wav,0,MEN,MEN-S9M04,TG:a6e0eae4bc3f847b,-25.40625,1,0.4841666666666666,9.251366e-12
mendeley/extracted/Bangla Audio Dataset Original and DeepFake Voices for AI-Based Voice Analysis and Detection/Dataset/S9M04/Real/25.wav,0,MEN,MEN-S9M04,TG:6bab2734c92514f5,-18.015625,1,0.4508333333333333,1.4993862e-08
mendeley/extracted/Bangla Audio Dataset Original and DeepFake Voices for AI-Based Voice Analysis and Detection/Dataset/S9M04/Real/26.wav,0,MEN,MEN-S9M04,TG:ba75c4dd9af4fab6,-29.59375,1,0.5008333333333334,1.4047456e-13
mendeley/extracted/Bangla Audio Dataset Original and DeepFake Voices for AI-Based Voice Analysis and Detection/Dataset/S9M04/Real/27.wav,0,MEN,MEN-S9M04,TG:caa343756463e508,-36.75,1,0.4508333333333333,1.095665e-16
mendeley/extracted/Bangla Audio Dataset Original and DeepFake Voices for AI-Based Voice Analysis and Detection/Dataset/S9M04/Real/28.wav,0,MEN,MEN-S9M04,TG:b127dfcabbeceab8,-20.328125,1,0.4508333333333333,1.4845933e-09
mendeley/extracted/Bangla Audio Dataset Original and DeepFake Voices for AI-Based Voice Analysis and Detection/Dataset/S9M04/Real/29.wav,0,MEN,MEN-S9M04,TG:eda0f06ce0d96a61,-17.875,1,0.3841666666666666,1.7257827e-08
mendeley/extracted/Bangla Audio Dataset Original and DeepFake Voices for AI-Based Voice Analysis and Detection/Dataset/S9M04/Real/3.wav,0,MEN,MEN-S9M04,TG:48c5e1f63ac9492d,-10.9375,1,0.4675,1.7778553e-05
mendeley/extracted/Bangla Audio Dataset Original and DeepFake Voices for AI-Based Voice Analysis and Detection/Dataset/S9M04/Real/30.wav,0,MEN,MEN-S9M04,TG:3ac4acc156291aa7,-41.1875,1,0.4341666666666667,1.2956749e-18
mendeley/extracted/Bangla Audio Dataset Original and DeepFake Voices for AI-Based Voice Analysis and Detection/Dataset/S9M04/Real/4.wav,0,MEN,MEN-S9M04,TG:2d816275c7480a59,-25.828125,1,0.4508333333333333,6.067193e-12
mendeley/extracted/Bangla Audio Dataset Original and DeepFake Voices for AI-Based Voice Analysis and Detection/Dataset/S9M04/Real/5.wav,0,MEN,MEN-S9M04,TG:db854ce88524c221,-14.90625,1,0.4341666666666667,3.3596785e-07
mendeley/extracted/Bangla Audio Dataset Original and DeepFake Voices for AI-Based Voice Analysis and Detection/Dataset/S9M04/Real/6.wav,0,MEN,MEN-S9M04,TG:d4d0daa8b1ec3a55,-22.234375,1,0.5341666666666667,2.2066508e-10
mendeley/extracted/Bangla Audio Dataset Original and DeepFake Voices for AI-Based Voice Analysis and Detection/Dataset/S9M04/Real/7.wav,0,MEN,MEN-S9M04,TG:eb6e2f32cb4ca057,-29.609375,1,0.5175000000000001,1.382967e-13
mendeley/extracted/Bangla Audio Dataset Original and DeepFake Voices for AI-Based Voice Analysis and Detection/Dataset/S9M04/Real/8.wav,0,MEN,MEN-S9M04,TG:9e752019d89d3c25,-27.25,1,0.4841666666666666,1.4637784e-12
mendeley/extracted/Bangla Audio Dataset Original and DeepFake Voices for AI-Based Voice Analysis and Detection/Dataset/S9M04/Real/9.wav,0,MEN,MEN-S9M04,TG:9d764b1f65847a64,-16.28125,1,0.4841666666666666,8.4945995e-08
mendeley/extracted/Bangla Audio Dataset Original and DeepFake Voices for AI-Based Voice Analysis and Detection/Dataset/S9M05/Fake/1.wav,1,MEN,MEN-S9M05,TG:263ccbb0d9d4fa76,-6.7460938,1,0.3941666666666666,0.0011740823
mendeley/extracted/Bangla Audio Dataset Original and DeepFake Voices for AI-Based Voice Analysis and Detection/Dataset/S9M05/Fake/10.wav,1,MEN,MEN-S9M05,TG:3bfd340f76d8a679,6.703125,1,0.2841666666666667,0.99877447
mendeley/extracted/Bangla Audio Dataset Original and DeepFake Voices for AI-Based Voice Analysis and Detection/Dataset/S9M05/Fake/11.wav,1,MEN,MEN-S9M05,TG:de90edc1089c941d,-7.7734375,1,0.4375,0.00042058743
mendeley/extracted/Bangla Audio Dataset Original and DeepFake Voices for AI-Based Voice Analysis and Detection/Dataset/S9M05/Fake/12.wav,1,MEN,MEN-S9M05,TG:a77af9be683053cc,3.6699219,1,0.5241666666666667,0.9751545
mendeley/extracted/Bangla Audio Dataset Original and DeepFake Voices for AI-Based Voice Analysis and Detection/Dataset/S9M05/Fake/13.wav,1,MEN,MEN-S9M05,TG:d028db732b574cac,-10.3515625,1,0.4858333333333333,3.1941818e-05
mendeley/extracted/Bangla Audio Dataset Original and DeepFake Voices for AI-Based Voice Analysis and Detection/Dataset/S9M05/Fake/14.wav,1,MEN,MEN-S9M05,TG:4a3012311f6f989c,11.2421875,1,0.5541666666666667,0.9999869
mendeley/extracted/Bangla Audio Dataset Original and DeepFake Voices for AI-Based Voice Analysis and Detection/Dataset/S9M05/Fake/15.wav,1,MEN,MEN-S9M05,TG:25961d92ff260806,10.9375,1,0.3558333333333333,0.99998224
mendeley/extracted/Bangla Audio Dataset Original and DeepFake Voices for AI-Based Voice Analysis and Detection/Dataset/S9M05/Fake/16.wav,1,MEN,MEN-S9M05,TG:ad3b41d59e6fcb6e,12.34375,1,0.5058333333333334,0.9999956
mendeley/extracted/Bangla Audio Dataset Original and DeepFake Voices for AI-Based Voice Analysis and Detection/Dataset/S9M05/Fake/17.wav,1,MEN,MEN-S9M05,TG:007c8f7195b13372,3.7890625,1,0.4608333333333333,0.97788346
mendeley/extracted/Bangla Audio Dataset Original and DeepFake Voices for AI-Based Voice Analysis and Detection/Dataset/S9M05/Fake/18.wav,1,MEN,MEN-S9M05,TG:128b166adf03cd84,4.7382812,1,0.4875,0.9913223
mendeley/extracted/Bangla Audio Dataset Original and DeepFake Voices for AI-Based Voice Analysis and Detection/Dataset/S9M05/Fake/19.wav,1,MEN,MEN-S9M05,TG:f8229cad7945af39,6.1054688,1,0.5491666666666667,0.9977743
mendeley/extracted/Bangla Audio Dataset Original and DeepFake Voices for AI-Based Voice Analysis and Detection/Dataset/S9M05/Fake/2.wav,1,MEN,MEN-S9M05,TG:9f5c75cf1e6d9913,-3.8925781,1,0.4475,0.019985152
mendeley/extracted/Bangla Audio Dataset Original and DeepFake Voices for AI-Based Voice Analysis and Detection/Dataset/S9M05/Fake/20.wav,1,MEN,MEN-S9M05,TG:0bf1b90fb03791fa,0.7324219,1,0.4858333333333333,0.6753365
mendeley/extracted/Bangla Audio Dataset Original and DeepFake Voices for AI-Based Voice Analysis and Detection/Dataset/S9M05/Fake/21.wav,1,MEN,MEN-S9M05,TG:70073d516c8e9f1d,10.1796875,1,0.5375,0.9999621
mendeley/extracted/Bangla Audio Dataset Original and DeepFake Voices for AI-Based Voice Analysis and Detection/Dataset/S9M05/Fake/22.wav,1,MEN,MEN-S9M05,TG:287fc53eca67ab9a,1.4179688,1,0.4391666666666667,0.8050198
mendeley/extracted/Bangla Audio Dataset Original and DeepFake Voices for AI-Based Voice Analysis and Detection/Dataset/S9M05/Fake/23.wav,1,MEN,MEN-S9M05,TG:b17d3c4f6988bf6a,2.6230469,1,0.3991666666666666,0.9323302
mendeley/extracted/Bangla Audio Dataset Original and DeepFake Voices for AI-Based Voice Analysis and Detection/Dataset/S9M05/Fake/24.wav,1,MEN,MEN-S9M05,TG:a6e0eae4bc3f847b,-9.421875,1,0.4575,8.092757e-05
mendeley/extracted/Bangla Audio Dataset Original and DeepFake Voices for AI-Based Voice Analysis and Detection/Dataset/S9M05/Fake/25.wav,1,MEN,MEN-S9M05,TG:6bab2734c92514f5,2.7871094,1,0.4024999999999999,0.94197524
mendeley/extracted/Bangla Audio Dataset Original and DeepFake Voices for AI-Based Voice Analysis and Detection/Dataset/S9M05/Fake/26.wav,1,MEN,MEN-S9M05,TG:ba75c4dd9af4fab6,13.1640625,1,0.4975,0.9999981
mendeley/extracted/Bangla Audio Dataset Original and DeepFake Voices for AI-Based Voice Analysis and Detection/Dataset/S9M05/Fake/27.wav,1,MEN,MEN-S9M05,TG:caa343756463e508,-13.953125,1,0.3824999999999999,8.7143377e-07
mendeley/extracted/Bangla Audio Dataset Original and DeepFake Voices for AI-Based Voice Analysis and Detection/Dataset/S9M05/Fake/28.wav,1,MEN,MEN-S9M05,TG:b127dfcabbeceab8,-8.78125,1,0.5608333333333333,0.0001535624
mendeley/extracted/Bangla Audio Dataset Original and DeepFake Voices for AI-Based Voice Analysis and Detection/Dataset/S9M05/Fake/29.wav,1,MEN,MEN-S9M05,TG:eda0f06ce0d96a61,4.6601562,1,0.3558333333333333,0.9906238
mendeley/extracted/Bangla Audio Dataset Original and DeepFake Voices for AI-Based Voice Analysis and Detection/Dataset/S9M05/Fake/3.wav,1,MEN,MEN-S9M05,TG:48c5e1f63ac9492d,-17.96875,1,0.3808333333333333,1.571343e-08
mendeley/extracted/Bangla Audio Dataset Original and DeepFake Voices for AI-Based Voice Analysis and Detection/Dataset/S9M05/Fake/30.wav,1,MEN,MEN-S9M05,TG:3ac4acc156291aa7,2.265625,1,0.3341666666666666,0.9059898
mendeley/extracted/Bangla Audio Dataset Original and DeepFake Voices for AI-Based Voice Analysis and Detection/Dataset/S9M05/Fake/4.wav,1,MEN,MEN-S9M05,TG:2d816275c7480a59,-1.1318359,1,0.3508333333333333,0.24382246
mendeley/extracted/Bangla Audio Dataset Original and DeepFake Voices for AI-Based Voice Analysis and Detection/Dataset/S9M05/Fake/5.wav,1,MEN,MEN-S9M05,TG:db854ce88524c221,-1.9873047,1,0.4275,0.120542295
mendeley/extracted/Bangla Audio Dataset Original and DeepFake Voices for AI-Based Voice Analysis and Detection/Dataset/S9M05/Fake/6.wav,1,MEN,MEN-S9M05,TG:d4d0daa8b1ec3a55,0.23291016,1,0.5425,0.55796576
mendeley/extracted/Bangla Audio Dataset Original and DeepFake Voices for AI-Based Voice Analysis and Detection/Dataset/S9M05/Fake/7.wav,1,MEN,MEN-S9M05,TG:eb6e2f32cb4ca057,4.9101562,1,0.5308333333333333,0.99268264
mendeley/extracted/Bangla Audio Dataset Original and DeepFake Voices for AI-Based Voice Analysis and Detection/Dataset/S9M05/Fake/8.wav,1,MEN,MEN-S9M05,TG:9e752019d89d3c25,-2.3710938,1,0.4175,0.085403666
mendeley/extracted/Bangla Audio Dataset Original and DeepFake Voices for AI-Based Voice Analysis and Detection/Dataset/S9M05/Fake/9.wav,1,MEN,MEN-S9M05,TG:9d764b1f65847a64,7.59375,1,0.4358333333333333,0.9994967
mendeley/extracted/Bangla Audio Dataset Original and DeepFake Voices for AI-Based Voice Analysis and Detection/Dataset/S9M05/Real/1.wav,0,MEN,MEN-S9M05,TG:263ccbb0d9d4fa76,-0.9873047,1,0.4175,0.2714448
mendeley/extracted/Bangla Audio Dataset Original and DeepFake Voices for AI-Based Voice Analysis and Detection/Dataset/S9M05/Real/10.wav,0,MEN,MEN-S9M05,TG:3bfd340f76d8a679,0.05291748,1,0.4008333333333334,0.51322633
mendeley/extracted/Bangla Audio Dataset Original and DeepFake Voices for AI-Based Voice Analysis and Detection/Dataset/S9M05/Real/11.wav,0,MEN,MEN-S9M05,TG:de90edc1089c941d,-11.90625,1,0.4508333333333333,6.748052e-06
mendeley/extracted/Bangla Audio Dataset Original and DeepFake Voices for AI-Based Voice Analysis and Detection/Dataset/S9M05/Real/12.wav,0,MEN,MEN-S9M05,TG:a77af9be683053cc,-5.1132812,1,0.5175000000000001,0.0059803305
mendeley/extracted/Bangla Audio Dataset Original and DeepFake Voices for AI-Based Voice Analysis and Detection/Dataset/S9M05/Real/13.wav,0,MEN,MEN-S9M05,TG:d028db732b574cac,6.0625,1,0.4175,0.9976769
mendeley/extracted/Bangla Audio Dataset Original and DeepFake Voices for AI-Based Voice Analysis and Detection/Dataset/S9M05/Real/14.wav,0,MEN,MEN-S9M05,TG:4a3012311f6f989c,-15.96875,1,0.5341666666666667,1.1610741e-07
mendeley/extracted/Bangla Audio Dataset Original and DeepFake Voices for AI-Based Voice Analysis and Detection/Dataset/S9M05/Real/15.wav,0,MEN,MEN-S9M05,TG:25961d92ff260806,-10.2109375,1,0.3675,3.6764628e-05
mendeley/extracted/Bangla Audio Dataset Original and DeepFake Voices for AI-Based Voice Analysis and Detection/Dataset/S9M05/Real/16.wav,0,MEN,MEN-S9M05,TG:ad3b41d59e6fcb6e,-3.8183594,1,0.4841666666666666,0.021491766
mendeley/extracted/Bangla Audio Dataset Original and DeepFake Voices for AI-Based Voice Analysis and Detection/Dataset/S9M05/Real/17.wav,0,MEN,MEN-S9M05,TG:007c8f7195b13372,-6.671875,1,0.5008333333333334,0.001264422
mendeley/extracted/Bangla Audio Dataset Original and DeepFake Voices for AI-Based Voice Analysis and Detection/Dataset/S9M05/Real/18.wav,0,MEN,MEN-S9M05,TG:128b166adf03cd84,5.5820312,1,0.4841666666666666,0.99624926
mendeley/extracted/Bangla Audio Dataset Original and DeepFake Voices for AI-Based Voice Analysis and Detection/Dataset/S9M05/Real/19.wav,0,MEN,MEN-S9M05,TG:f8229cad7945af39,-16.359375,1,0.4175,7.856221e-08
mendeley/extracted/Bangla Audio Dataset Original and DeepFake Voices for AI-Based Voice Analysis and Detection/Dataset/S9M05/Real/2.wav,0,MEN,MEN-S9M05,TG:9f5c75cf1e6d9913,-5.546875,1,0.4341666666666667,0.0038844766
mendeley/extracted/Bangla Audio Dataset Original and DeepFake Voices for AI-Based Voice Analysis and Detection/Dataset/S9M05/Real/20.wav,0,MEN,MEN-S9M05,TG:0bf1b90fb03791fa,-25.515625,1,0.4175,8.29287e-12
mendeley/extracted/Bangla Audio Dataset Original and DeepFake Voices for AI-Based Voice Analysis and Detection/Dataset/S9M05/Real/21.wav,0,MEN,MEN-S9M05,TG:70073d516c8e9f1d,-20.515625,1,0.4841666666666666,1.2307712e-09
mendeley/extracted/Bangla Audio Dataset Original and DeepFake Voices for AI-Based Voice Analysis and Detection/Dataset/S9M05/Real/22.wav,0,MEN,MEN-S9M05,TG:287fc53eca67ab9a,-14.921875,1,0.3841666666666666,3.3075918e-07
mendeley/extracted/Bangla Audio Dataset Original and DeepFake Voices for AI-Based Voice Analysis and Detection/Dataset/S9M05/Real/23.wav,0,MEN,MEN-S9M05,TG:b17d3c4f6988bf6a,-17.609375,1,0.3675,2.250845e-08
mendeley/extracted/Bangla Audio Dataset Original and DeepFake Voices for AI-Based Voice Analysis and Detection/Dataset/S9M05/Real/24.wav,0,MEN,MEN-S9M05,TG:a6e0eae4bc3f847b,5.8046875,1,0.4508333333333333,0.9969957
mendeley/extracted/Bangla Audio Dataset Original and DeepFake Voices for AI-Based Voice Analysis and Detection/Dataset/S9M05/Real/25.wav,0,MEN,MEN-S9M05,TG:6bab2734c92514f5,-19.4375,1,0.3841666666666666,3.6174375e-09
mendeley/extracted/Bangla Audio Dataset Original and DeepFake Voices for AI-Based Voice Analysis and Detection/Dataset/S9M05/Real/26.wav,0,MEN,MEN-S9M05,TG:ba75c4dd9af4fab6,-17.859375,1,0.4508333333333333,1.7529599e-08
mendeley/extracted/Bangla Audio Dataset Original and DeepFake Voices for AI-Based Voice Analysis and Detection/Dataset/S9M05/Real/27.wav,0,MEN,MEN-S9M05,TG:caa343756463e508,-17.625,1,0.3841666666666666,2.215949e-08
mendeley/extracted/Bangla Audio Dataset Original and DeepFake Voices for AI-Based Voice Analysis and Detection/Dataset/S9M05/Real/28.wav,0,MEN,MEN-S9M05,TG:b127dfcabbeceab8,-8.9296875,1,0.4341666666666667,0.00013238186
mendeley/extracted/Bangla Audio Dataset Original and DeepFake Voices for AI-Based Voice Analysis and Detection/Dataset/S9M05/Real/29.wav,0,MEN,MEN-S9M05,TG:eda0f06ce0d96a61,-11.84375,1,0.4675,7.1832605e-06
mendeley/extracted/Bangla Audio Dataset Original and DeepFake Voices for AI-Based Voice Analysis and Detection/Dataset/S9M05/Real/3.wav,0,MEN,MEN-S9M05,TG:48c5e1f63ac9492d,-13.9453125,1,0.5008333333333334,8.782687e-07
mendeley/extracted/Bangla Audio Dataset Original and DeepFake Voices for AI-Based Voice Analysis and Detection/Dataset/S9M05/Real/30.wav,0,MEN,MEN-S9M05,TG:3ac4acc156291aa7,-6.7265625,1,0.3841666666666666,0.0011972112
mendeley/extracted/Bangla Audio Dataset Original and DeepFake Voices for AI-Based Voice Analysis and Detection/Dataset/S9M05/Real/4.wav,0,MEN,MEN-S9M05,TG:2d816275c7480a59,-10.984375,1,0.4341666666666667,1.6964426e-05
mendeley/extracted/Bangla Audio Dataset Original and DeepFake Voices for AI-Based Voice Analysis and Detection/Dataset/S9M05/Real/5.wav,0,MEN,MEN-S9M05,TG:db854ce88524c221,-15.3359375,1,0.4841666666666666,2.186185e-07
mendeley/extracted/Bangla Audio Dataset Original and DeepFake Voices for AI-Based Voice Analysis and Detection/Dataset/S9M05/Real/6.wav,0,MEN,MEN-S9M05,TG:d4d0daa8b1ec3a55,-17.09375,1,0.6008333333333333,3.769456e-08
mendeley/extracted/Bangla Audio Dataset Original and DeepFake Voices for AI-Based Voice Analysis and Detection/Dataset/S9M05/Real/7.wav,0,MEN,MEN-S9M05,TG:eb6e2f32cb4ca057,-20.890625,1,0.4175,8.4589574e-10
mendeley/extracted/Bangla Audio Dataset Original and DeepFake Voices for AI-Based Voice Analysis and Detection/Dataset/S9M05/Real/8.wav,0,MEN,MEN-S9M05,TG:9e752019d89d3c25,-19.34375,1,0.5341666666666667,3.9729775e-09
mendeley/extracted/Bangla Audio Dataset Original and DeepFake Voices for AI-Based Voice Analysis and Detection/Dataset/S9M05/Real/9.wav,0,MEN,MEN-S9M05,TG:9d764b1f65847a64,-14.7578125,1,0.4841666666666666,3.897295e-07
